window_id,subject_id,condition,scenario_id,scenario_name,event_id,source_file,initiator_prefix,sampling_rate_hz,segmentation_rule,source_row,scenario_segment_id,Messzeitpunkt,TimeMS,AV1.ID1,AV1.v1,AV1.v_kmh1,AV1.LaneID1,AV1.SLaneInfo1 (Lane position on the current lane [m]),AV1.LateralDistance1 (Abstand zur Idealspur),AV1.ax,AV1.ay,AV1.az,AV1.vx,AV1.vy,AV1.vz,AV1.X,AV1.Y,AV1.yaw,AV1.Active,AV1.IndicatorLeft,AV1.IndicatorRight,AV1.BrakePedal,AV1.PlannerMode,Ego.Global.X,Ego.Global.Y,Ego.ModuleID,Ego.NodeID,Ego.s,Ego.LaneIdx (Lane ID of Ego),Ego.LateralDistance,Ego.v,Ego.v_kmh,Ego.vx,Ego.vy,Ego.vz,Ego.ax,Ego.ay,Ego.az,Ego.SteeringWheel,Ego.AcceleratorPedal,Ego.Bremspedal,Ego.IndicatorLeft,Ego.IndicatorRight,Ego.StateLatAndLong,Ego.StateLong,Ego.THW,Ego.TTC,Ego.DistanceFront,Ego.TRFIDFront,Ego.DistanceFrontLeft,Ego.TRFIDFrontLeft,Ego.DistanceFrontRight,Ego.TRFIDFrontRight,Ego.DistanceRear,Ego.TRFIDRear,Ego.DistanceRearLeft,Ego.TRFIDRearLeft,Ego.DistanceRearRight,Ego.TRFIDRearRight,initiator_raw_lane_id,initiator_physical_lane_group,initiator_reference_spur,reconstruction_status,initiator_offset_to_spur1,initiator_offset_to_spur2,initiator_offset_to_spur3,initiator_offset_to_spur5,initiator_lateral_offset_lane_center_reconstructed,time_sec,ego_x_main,ego_y_main,initiator_x_main,initiator_y_main,initiator_y_main_smooth,initiator_v_y_main,initiator_a_y_main,initiator_reference_center_y_main,initiator_y_main_map_residual_m
P15_AV2_1_interaction,P15,AV2,1,on_ramp,P15_AV2_1,P15_AV2.1.asc,AV1,60,initiator_active,3416,1,56933.33,56933.334,1.0,22.3,80.28,212.0,35.095397,1179.370895,0.0,0.0,0.0,22.3,0.0,0.0,1179.53447,-21.535137,6.016237,1.0,0.0,0.0,0.0,0.0,1114.627154,-33.022712,1021.0,5006.0,0.0,175.0,0.037899,34.909037,125.672532,34.90903,-0.021182,-5.6e-05,0.118469,-0.021185,-0.000401,0.010833,0.0,0.0,0.0,0.0,0.0,0.0,-9999.0,-9999.0,-9999.0,-9999.0,-9999.0,-9999.0,-9999.0,-9999.0,-9999.0,-9999.0,-9999.0,-9999.0,-9999.0,-9999.0,212.0,ramp,spur5,stable_reference,11.181055679414865,5.685120100729254,3.084135195710184,-0.122239509732446,-0.122239509732446,0.0,9.207017613140226e-15,0.03789900000000009,64.81030223095836,12.060742858102865,12.059866462462155,-5.573597771868777,0.7324321083860976,12.179578145695512,-0.11883528759264728
P15_AV2_1_interaction,P15,AV2,1,on_ramp,P15_AV2_1,P15_AV2.1.asc,AV1,60,initiator_active,3417,1,56950.0,56950.0011,1.0,22.3,80.28,195.0,0.07904,1179.731041,0.0,0.0,0.0,22.3,0.0,0.0,1179.893234,-21.632217,6.019808,1.0,0.0,0.0,0.0,0.0,1115.208934,-33.027432,1021.0,5006.0,0.0,175.0,0.037111,34.911011,125.679639,34.911004,-0.021634,-6.2e-05,0.118408,-0.019772,-0.000339,0.011304,0.0,0.0,0.0,0.0,0.0,0.0,-9999.0,-9999.0,-9999.0,-9999.0,-9999.0,-9999.0,-9999.0,-9999.0,-9999.0,-9999.0,-9999.0,-9999.0,-9999.0,-9999.0,195.0,ramp,spur5,stable_reference,11.093961359788524,5.59634343924778,2.9945630405868995,-0.129947812507623,-0.129947812507623,0.016667099999998755,0.581799140745445,0.037980411608331675,65.16985518488801,11.966626932689872,11.966970751038648,-5.561390252675096,1.1116478727095966,12.09302824531586,-0.12640131262598864
P15_AV2_1_interaction,P15,AV2,1,on_ramp,P15_AV2_1,P15_AV2.1.asc,AV1,60,initiator_active,3418,1,56966.67,56966.6669,1.0,22.3,80.28,195.0,0.450654,1180.09152,0.0,0.0,0.0,22.3,0.0,0.0,1180.252331,-21.728059,6.02315,1.0,0.0,0.0,0.0,0.0,1115.790746,-33.032159,1021.0,5006.0,0.0,175.0,0.036316,34.912985,125.686747,34.912978,-0.022077,-6.7e-05,0.118586,-0.01841,-0.000247,0.011461,0.363636,0.0,0.0,0.0,0.0,1.0,-9999.0,-9999.0,-9999.0,-9999.0,-9999.0,-9999.0,-9999.0,-9999.0,-9999.0,-9999.0,-9999.0,-9999.0,-9999.0,-9999.0,195.0,ramp,spur5,stable_reference,11.008113798032143,5.508812131272876,2.9062355649351583,-0.136785807599038,-0.136785807599038,0.03333289999999397,1.1636303381699116,0.0380550875411659,65.52973091064574,11.873751713264262,11.874489165570484,-5.536544310415081,1.4953366519858946,12.006804400304382,-0.13305268704012008
P15_AV2_1_interaction,P15,AV2,1,on_ramp,P15_AV2_1,P15_AV2.1.asc,AV1,60,initiator_active,3419,1,56983.33,56983.334,1.0,22.3,80.28,195.0,0.822218,1180.452317,0.0,0.0,0.0,22.3,0.0,0.0,1180.611685,-21.82293,6.02564,1.0,0.0,0.0,0.0,0.0,1116.372592,-33.036891,1021.0,5006.0,0.0,175.0,0.035516,34.914966,125.693878,34.914959,-0.02251,-7e-05,0.118994,-0.017298,-0.000141,0.011932,0.363636,0.0,0.0,0.0,0.0,1.0,-9999.0,-9999.0,-9999.0,-9999.0,-9999.0,-9999.0,-9999.0,-9999.0,-9999.0,-9999.0,-9999.0,-9999.0,-9999.0,-9999.0,195.0,ramp,spur5,stable_reference,10.92324398937436,5.422257494388271,2.818884240925557,-0.1426587397804874,-0.1426587397804874,0.05,1.7454955757001398,0.038125044235788726,65.88985561428828,11.7818495817139,11.782421706057665,-5.511546333880915,1.4899091592700415,11.920634539863107,-0.13878495814920733
P15_AV2_1_interaction,P15,AV2,1,on_ramp,P15_AV2_1,P15_AV2.1.asc,AV1,60,initiator_active,3420,1,57000.0,57000.0007,1.0,22.3,80.28,195.0,1.193779,1180.81336,0.0,0.0,0.0,22.3,0.0,0.0,1180.971216,-21.91713,6.027307,1.0,0.0,0.0,0.0,0.0,1116.954471,-33.041629,1021.0,5006.0,0.0,175.0,0.03471,34.916952,125.701028,34.916945,-0.022935,-7.1e-05,0.119239,-0.01668,-3.2e-05,0.012246,0.363636,0.0,0.0,0.0,0.0,1.0,-9999.0,-9999.0,-9999.0,-9999.0,-9999.0,-9999.0,-9999.0,-9999.0,-9999.0,-9999.0,-9999.0,-9999.0,-9999.0,-9999.0,195.0,ramp,spur5,stable_reference,10.839049830815483,5.336377762673251,2.732207464442635,-0.1480191286134911,-0.1480191286134911,0.0666666999999943,2.3273938616227645,0.03818927347355008,66.25015177434689,11.690619888039674,11.69076837250019,-5.486879968537551,1.6199939714381628,11.834619678038637,-0.14399978999896312
P15_AV2_1_interaction,P15,AV2,1,on_ramp,P15_AV2_1,P15_AV2.1.asc,AV1,60,initiator_active,3421,1,57016.67,57016.6667,1.0,22.3,80.28,195.0,1.565422,1181.174573,0.0,0.0,0.0,22.3,0.0,0.0,1181.330857,-22.010909,6.028332,1.0,0.0,0.0,0.0,0.0,1117.536382,-33.046372,1021.0,5006.0,0.0,175.0,0.0339,34.918941,125.708186,34.918933,-0.023347,-7.1e-05,0.119333,-0.01546,7.3e-05,0.012246,0.363636,0.0,0.0,0.0,0.0,1.0,-9999.0,-9999.0,-9999.0,-9999.0,-9999.0,-9999.0,-9999.0,-9999.0,-9999.0,-9999.0,-9999.0,-9999.0,-9999.0,-9999.0,195.0,ramp,spur5,stable_reference,10.755279560612616,5.250921456836498,2.645953891767498,-0.1529444252318911,-0.1529444252318911,0.08333269999999902,2.9093241877190366,0.03824876696771515,66.61055445627662,11.599812087824766,11.599529164898096,-5.457547756846054,1.6078696000147374,11.74860343203281,-0.1487913442080444
P15_AV2_1_interaction,P15,AV2,1,on_ramp,P15_AV2_1,P15_AV2.1.asc,AV1,60,initiator_active,3422,1,57033.33,57033.3341,1.0,22.3,80.28,195.0,1.937003,1181.535896,0.0,0.0,0.0,22.3,0.0,0.0,1181.690562,-22.104443,6.028912,1.0,0.0,0.0,0.0,0.0,1118.118327,-33.051119,1021.0,5006.0,0.0,175.0,0.033085,34.92093,125.715347,34.920922,-0.023741,-6.8e-05,0.119343,-0.014621,0.000163,0.012403,0.363636,0.0,0.0,0.0,0.0,1.0,-9999.0,-9999.0,-9999.0,-9999.0,-9999.0,-9999.0,-9999.0,-9999.0,-9999.0,-9999.0,-9999.0,-9999.0,-9999.0,-9999.0,195.0,ramp,spur5,stable_reference,10.671755970886815,5.16571156240531,2.559946601295923,-0.1578937776444838,-0.1578937776444838,0.10000009999999747,3.4912885456681515,0.038304541189603275,66.97101911411752,11.509249807438879,11.508849797770432,-5.43328463400411,1.2649459306637425,11.662889353802557,-0.15363954636367794
P15_AV2_1_interaction,P15,AV2,1,on_ramp,P15_AV2_1,P15_AV2.1.asc,AV1,60,initiator_active,3423,1,57050.0,57050.0003,1.0,22.3,80.28,195.0,2.308576,1181.897284,0.0,0.0,0.0,22.3,0.0,0.0,1182.0503,-22.197847,6.029213,1.0,0.0,0.0,0.0,0.0,1118.700305,-33.055871,1021.0,5006.0,0.0,175.0,0.032265,34.922919,125.722507,34.92291,-0.024116,-6.5e-05,0.119316,-0.013525,0.000239,0.012403,0.353535,0.0,0.0,0.0,0.0,1.0,-9999.0,-9999.0,-9999.0,-9999.0,-9999.0,-9999.0,-9999.0,-9999.0,-9999.0,-9999.0,-9999.0,-9999.0,-9999.0,-9999.0,195.0,ramp,spur5,stable_reference,10.588363246245024,5.08063239475266,2.474069971160964,-0.1627704855209564,-0.1627704855209564,0.11666629999999714,4.073285943757199,0.03835558792058234,67.33151569798478,11.41881779496479,11.418418210851467,-5.415382097322436,1.3016382895563083,11.577202652999803,-0.15838485803501356
P15_AV2_1_interaction,P15,AV2,1,on_ramp,P15_AV2_1,P15_AV2.1.asc,AV1,60,initiator_active,3424,1,57066.67,57066.6675,1.0,22.3,80.28,195.0,2.680205,1182.25871,0.0,0.0,0.0,22.3,0.0,0.0,1182.410055,-22.291188,6.029352,1.0,0.0,0.0,0.0,0.0,1119.282316,-33.060627,1021.0,5006.0,0.0,175.0,0.031443,34.924907,125.729665,34.924898,-0.024467,-6e-05,0.119272,-0.012495,0.000295,0.012403,0.353535,0.0,0.0,0.0,0.0,1.0,-9999.0,-9999.0,-9999.0,-9999.0,-9999.0,-9999.0,-9999.0,-9999.0,-9999.0,-9999.0,-9999.0,-9999.0,-9999.0,-9999.0,195.0,ramp,spur5,stable_reference,10.505033968779063,4.995616602557801,2.38825668206386,-0.1677230124840891,-0.1677230124840891,0.13333350000000063,4.655316373733032,0.03840290712660624,67.6920287613534,11.328448920641048,11.328336721498264,-5.389896149317337,1.7792396787669986,11.491684843407448,-0.16323592276640042
P15_AV2_1_interaction,P15,AV2,1,on_ramp,P15_AV2_1,P15_AV2.1.asc,AV1,60,initiator_active,3425,1,57083.33,57083.3341,1.0,22.3,80.28,195.0,3.051773,1182.620157,0.0,0.0,0.0,22.3,0.0,0.0,1182.769883,-22.384247,6.030835,1.0,0.0,0.0,0.0,0.0,1119.86436,-33.065386,1021.0,5006.0,0.0,175.0,0.030616,34.926379,125.734966,34.926371,-0.024795,-5.7e-05,0.00823,-0.011489,0.000138,0.012403,0.353535,0.0,0.0,0.0,0.0,1.0,-9999.0,-9999.0,-9999.0,-9999.0,-9999.0,-9999.0,-9999.0,-9999.0,-9999.0,-9999.0,-9999.0,-9999.0,-9999.0,-9999.0,195.0,ramp,spur5,stable_reference,10.421988607127894,4.910884419569436,2.302726854925578,-0.1725510499218482,-0.1725510499218482,0.15000009999999747,5.237379827343187,0.03844749877360607,68.05261249497698,11.238362639160547,11.238752472805361,-5.35607357787103,2.2281712805148857,11.406297434995311,-0.16793479583476412
P15_AV2_1_interaction,P15,AV2,1,on_ramp,P15_AV2_1,P15_AV2.1.asc,AV1,60,initiator_active,3426,1,57100.0,57100.0009,1.0,22.3,80.28,195.0,3.42334,1182.981678,0.0,0.0,0.0,22.3,0.0,0.0,1183.129977,-22.476269,6.033707,1.0,0.0,0.0,0.0,0.0,1120.44642,-33.070149,1021.0,5006.0,0.0,175.0,0.029787,34.923452,125.724429,34.923443,-0.0251,-6.1e-05,-0.270339,-0.010306,-0.000643,0.012403,0.353535,0.0,0.0,0.0,0.0,1.0,-9999.0,-9999.0,-9999.0,-9999.0,-9999.0,-9999.0,-9999.0,-9999.0,-9999.0,-9999.0,-9999.0,-9999.0,-9999.0,-9999.0,195.0,ramp,spur5,stable_reference,10.33998722276147,4.827195097752489,2.218239352869632,-0.1763499648218679,-0.1763499648218679,0.16666689999999654,5.819459313419202,0.038488222599881945,68.41345366150134,11.149315517581956,11.149800586098863,-5.315623545231404,2.5058384655522445,11.320993883321993,-0.17167836574003736
P15_AV2_1_interaction,P15,AV2,1,on_ramp,P15_AV2_1,P15_AV2.1.asc,AV1,60,initiator_active,3427,1,57116.67,57116.6675,1.0,22.3,80.28,195.0,3.79496,1183.343452,0.0,0.0,0.0,22.3,0.0,0.0,1183.490326,-22.567292,6.036392,1.0,0.0,0.0,0.0,0.0,1121.028437,-33.074915,1021.0,5006.0,0.0,175.0,0.028955,34.918384,125.706181,34.918374,-0.025378,-8.7e-05,-0.240097,-0.008857,-0.002214,0.012403,0.363636,0.0,0.0,0.0,0.0,1.0,-9999.0,-9999.0,-9999.0,-9999.0,-9999.0,-9999.0,-9999.0,-9999.0,-9999.0,-9999.0,-9999.0,-9999.0,-9999.0,-9999.0,195.0,ramp,spur5,stable_reference,10.258991525267598,4.744510393427724,2.134755954622402,-0.1795021165207973,-0.1795021165207973,0.18333350000000065,6.40149582571761,0.038525591662592056,68.774541574903,11.061269466419716,11.061564658343997,-5.272545493505561,2.5100239441206327,11.23601648177806,-0.17474701535834392
P15_AV2_1_interaction,P15,AV2,1,on_ramp,P15_AV2_1,P15_AV2.1.asc,AV1,60,initiator_active,3428,1,57133.33,57133.3335,1.0,22.3,80.28,195.0,4.166535,1183.705467,0.0,0.0,0.0,22.3,0.0,0.0,1183.850871,-22.657532,6.038391,1.0,0.0,0.0,0.0,0.0,1121.610388,-33.079683,1021.0,5006.0,0.0,175.0,0.028121,34.917812,125.704123,34.917803,-0.025622,-0.000144,0.073965,-0.007141,-0.004023,0.012403,0.363636,0.0,0.0,0.0,0.0,1.0,-9999.0,-9999.0,-9999.0,-9999.0,-9999.0,-9999.0,-9999.0,-9999.0,-9999.0,-9999.0,-9999.0,-9999.0,-9999.0,-9999.0,195.0,ramp,spur5,stable_reference,10.178783961665197,4.662613002831075,2.052059476005492,-0.1818471258409342,-0.1818471258409342,0.19999949999999808,6.983466356769136,0.03856041611576205,69.13581901977257,10.974008006120702,10.97405291022488,-5.231957831509817,2.1507909045734834,11.151037910325275,-0.17702990420457354
P15_AV2_1_interaction,P15,AV2,1,on_ramp,P15_AV2_1,P15_AV2.1.asc,AV1,60,initiator_active,3429,1,57150.0,57150.0005,1.0,22.3,80.28,195.0,4.538118,1184.06767,0.0,0.0,0.0,22.3,0.0,0.0,1184.21155,-22.747233,6.03973,1.0,0.0,0.0,0.0,0.0,1122.192324,-33.084452,1021.0,5006.0,0.0,175.0,0.027286,34.920415,125.713494,34.920405,-0.025825,-0.000217,0.19484,-0.005366,-0.004387,0.012403,0.363636,0.0,0.0,0.0,0.0,1.0,-9999.0,-9999.0,-9999.0,-9999.0,-9999.0,-9999.0,-9999.0,-9999.0,-9999.0,-9999.0,-9999.0,-9999.0,-9999.0,-9999.0,195.0,ramp,spur5,stable_reference,10.09911890655166,4.581257560435291,1.9699046763336872,-0.1839155906945661,-0.1839155906945661,0.21666649999999937,7.565421896584088,0.03859411681262227,69.49722601187806,10.887286633327223,10.88716784586161,-5.200853749432952,1.4855400140887127,11.066373015424073,-0.17908638209685002
P15_AV2_1_interaction,P15,AV2,1,on_ramp,P15_AV2_1,P15_AV2.1.asc,AV1,60,initiator_active,3430,1,57166.67,57166.6674,1.0,22.3,80.28,195.0,4.909735,1184.430003,0.0,0.0,0.0,22.3,0.0,0.0,1184.572314,-22.836594,6.040552,1.0,0.0,0.0,0.0,0.0,1122.774297,-33.089224,1021.0,5006.0,0.0,175.0,0.026449,34.924123,125.726844,34.924114,-0.025986,-0.000279,0.235421,-0.003989,-0.003034,0.012403,0.353535,0.0,0.0,0.0,0.0,1.0,-9999.0,-9999.0,-9999.0,-9999.0,-9999.0,-9999.0,-9999.0,-9999.0,-9999.0,-9999.0,-9999.0,-9999.0,-9999.0,-9999.0,195.0,ramp,spur5,stable_reference,10.019796077703894,4.500243988673504,1.8880915764071229,-0.1857339102132147,-0.1857339102132147,0.2333333999999959,8.147414459896906,0.03862512296122255,69.85871519517396,10.800905950434155,10.800688168997505,-5.182438913100896,0.9178404964177105,10.981762907080245,-0.1808569566460907
P15_AV2_1_interaction,P15,AV2,1,on_ramp,P15_AV2_1,P15_AV2.1.asc,AV1,60,initiator_active,3431,1,57183.33,57183.3334,1.0,22.3,80.28,195.0,5.281305,1184.79242,0.0,0.0,0.0,22.3,0.0,0.0,1184.933127,-22.925758,6.041017,1.0,0.0,0.0,0.0,0.0,1123.356327,-33.093997,1021.0,5006.0,0.0,175.0,0.025612,34.9282,125.741519,34.92819,-0.026109,-0.000307,0.248838,-0.003195,-0.000744,0.012403,0.353535,0.0,0.0,0.0,0.0,1.0,-9999.0,-9999.0,-9999.0,-9999.0,-9999.0,-9999.0,-9999.0,-9999.0,-9999.0,-9999.0,-9999.0,-9999.0,-9999.0,-9999.0,195.0,ramp,spur5,stable_reference,9.940671531848311,4.419428495010999,1.806476456115948,-0.1875441746931795,-0.1875441746931795,0.2499994000000006,8.729464029521534,0.03865559954729773,70.22025175102098,10.714722665214326,10.714422116531104,-5.170259127297413,0.7706692477545687,10.89740224238442,-0.1826795771700933
P15_AV2_1_interaction,P15,AV2,1,on_ramp,P15_AV2_1,P15_AV2.1.asc,AV1,60,initiator_active,3432,1,57200.0,57200.0006,1.0,22.3,80.28,195.0,5.652884,1185.154887,0.0,0.0,0.0,22.3,0.0,0.0,1185.293966,-23.014817,6.041258,1.0,0.0,0.0,0.0,0.0,1123.938425,-33.098771,1021.0,5006.0,0.0,175.0,0.024775,34.932379,125.756563,34.932369,-0.026201,-0.000296,0.249286,-0.002986,0.001481,0.012403,0.353535,0.0,0.0,0.0,0.0,1.0,-9999.0,-9999.0,-9999.0,-9999.0,-9999.0,-9999.0,-9999.0,-9999.0,-9999.0,-9999.0,-9999.0,-9999.0,-9999.0,-9999.0,195.0,ramp,spur5,stable_reference,9.861652666583613,4.338718573276214,1.7249668555290778,-0.1895742402981109,-0.1895742402981109,0.2666665999999968,9.311581605083235,0.038685637350453383,70.58181343944992,10.628644590988797,10.628346901642542,-5.1567499452813195,0.9619289427480737,10.813301577091684,-0.18465698610288683
P15_AV2_1_interaction,P15,AV2,1,on_ramp,P15_AV2_1,P15_AV2.1.asc,AV1,60,initiator_active,3433,1,57216.67,57216.6669,1.0,22.3,80.28,195.0,6.024483,1185.517384,0.0,0.0,0.0,22.3,0.0,0.0,1185.654817,-23.103827,6.04137,1.0,0.0,0.0,0.0,0.0,1124.520591,-33.103546,1021.0,5006.0,0.0,175.0,0.023938,34.936441,125.771187,34.936431,-0.026271,-0.000254,0.240837,-0.003619,0.003055,0.01256,0.353535,0.0,0.0,0.0,0.0,1.0,-9999.0,-9999.0,-9999.0,-9999.0,-9999.0,-9999.0,-9999.0,-9999.0,-9999.0,-9999.0,-9999.0,-9999.0,-9999.0,-9999.0,195.0,ramp,spur5,stable_reference,9.78268311523071,4.258057915364743,1.6435064946884863,-0.1915589921226634,-0.1915589921226634,0.28333289999999395,9.89376718658178,0.03871523637068053,70.94338672308851,10.542615614126925,10.542529578554634,-5.138194941404095,1.2916271115616382,10.729269028001394,-0.18665341387446865
P15_AV2_1_interaction,P15,AV2,1,on_ramp,P15_AV2_1,P15_AV2.1.asc,AV1,60,initiator_active,3434,1,57233.33,57233.334,1.0,22.3,80.28,195.0,6.396039,1185.879898,0.0,0.0,0.0,22.3,0.0,0.0,1186.015719,-23.192629,6.042444,1.0,0.0,0.0,0.0,0.0,1125.102824,-33.108322,1021.0,5006.0,0.0,175.0,0.023101,34.940422,125.78552,34.940412,-0.026327,-0.000196,0.238636,-0.004293,0.003691,0.012403,0.353535,0.0,0.0,0.0,0.0,1.0,-9999.0,-9999.0,-9999.0,-9999.0,-9999.0,-9999.0,-9999.0,-9999.0,-9999.0,-9999.0,-9999.0,-9999.0,-9999.0,-9999.0,195.0,ramp,spur5,stable_reference,9.70392289809912,4.1776063787688535,1.5622551528239954,-0.1938676810962048,-0.1938676810962048,0.3,10.476019774051569,0.03874438835529758,71.30500928843028,10.456795051069076,10.457073411915509,-5.113695336830119,1.6106501680274903,10.645698031375833,-0.18890298030675723
P15_AV2_1_interaction,P15,AV2,1,on_ramp,P15_AV2_1,P15_AV2.1.asc,AV1,60,initiator_active,3435,1,57250.0,57250.0,1.0,22.3,80.28,195.0,6.767607,1186.242464,0.0,0.0,0.0,22.3,0.0,0.0,1186.376804,-23.280682,6.044516,1.0,0.0,0.0,0.0,0.0,1125.685125,-33.1131,1021.0,5006.0,0.0,175.0,0.022264,34.944486,125.800149,34.944476,-0.026373,-0.000133,0.2482,-0.005178,0.003743,0.01256,0.353535,0.0,0.0,0.0,0.0,1.0,-9999.0,-9999.0,-9999.0,-9999.0,-9999.0,-9999.0,-9999.0,-9999.0,-9999.0,-9999.0,-9999.0,-9999.0,-9999.0,-9999.0,195.0,ramp,spur5,stable_reference,9.625916467449624,4.097907865012525,1.4817564667090852,-0.1954053463798634,-0.1954053463798634,0.31666599999999745,11.058340375710895,0.03877210159104268,71.6668086662743,10.371724972747304,10.37207423073253,-5.0845072878446445,1.8138919916467273,10.562126240716843,-0.1904012679695395
P15_AV2_1_interaction,P15,AV2,1,on_ramp,P15_AV2_1,P15_AV2.1.asc,AV1,60,initiator_active,3436,1,57266.67,57266.6669,1.0,22.3,80.28,195.0,7.139189,1186.605205,0.0,0.0,0.0,22.3,0.0,0.0,1186.738065,-23.368012,6.046452,1.0,0.0,0.0,0.0,0.0,1126.267493,-33.117879,1021.0,5006.0,0.0,175.0,0.021428,34.948736,125.815449,34.948726,-0.026415,-7.3e-05,0.260372,-0.00616,0.003493,0.012403,0.353535,0.0,0.0,0.0,0.0,1.0,-9999.0,-9999.0,-9999.0,-9999.0,-9999.0,-9999.0,-9999.0,-9999.0,-9999.0,-9999.0,-9999.0,-9999.0,-9999.0,-9999.0,195.0,ramp,spur5,stable_reference,9.548637639173622,4.018936219511129,1.4019842959292086,-0.196575957751757,-0.196575957751757,0.333332899999994,11.640727983341462,0.0387993677911777,72.02877807142887,10.287379322278165,10.287592067106964,-5.053232943888531,1.8162187079045964,10.478990458484853,-0.19161113620668857
P15_AV2_1_interaction,P15,AV2,1,on_ramp,P15_AV2_1,P15_AV2.1.asc,AV1,60,initiator_active,3437,1,57283.33,57283.3334,1.0,22.3,80.28,195.0,7.510738,1186.968112,0.0,0.0,0.0,22.3,0.0,0.0,1187.099463,-23.454776,6.047893,1.0,0.0,0.0,0.0,0.0,1126.849932,-33.12266,1021.0,5006.0,0.0,175.0,0.02059,34.953114,125.831212,34.953104,-0.026458,-1.9e-05,0.261864,-0.007159,0.003129,0.012403,0.353535,0.0,0.0,0.0,0.0,1.0,-9999.0,-9999.0,-9999.0,-9999.0,-9999.0,-9999.0,-9999.0,-9999.0,-9999.0,-9999.0,-9999.0,-9999.0,-9999.0,-9999.0,195.0,ramp,spur5,stable_reference,9.471928392192527,3.94053358423998,1.322780860819023,-0.1973713139799568,-0.1973713139799568,0.3499994000000006,12.22318660505951,0.03882522000051621,72.39087980089462,10.203600783153183,10.203632783220122,-5.0239664949946246,1.537612225678231,10.395987187669986,-0.1923864045168031
P15_AV2_1_interaction,P15,AV2,1,on_ramp,P15_AV2_1,P15_AV2.1.asc,AV1,60,initiator_active,3438,1,57300.0,57300.0008,1.0,22.3,80.28,195.0,7.8823,1187.33115,0.0,0.0,0.0,22.3,0.0,0.0,1187.460954,-23.54115,6.048858,1.0,0.0,0.0,0.0,0.0,1127.432443,-33.127443,1021.0,5006.0,0.0,175.0,0.019753,34.957417,125.8467,34.957407,-0.026506,3e-05,0.255625,-0.008119,0.002739,0.01256,0.353535,0.0,0.0,0.0,0.0,1.0,-9999.0,-9999.0,-9999.0,-9999.0,-9999.0,-9999.0,-9999.0,-9999.0,-9999.0,-9999.0,-9999.0,-9999.0,-9999.0,-9999.0,195.0,ramp,spur5,stable_reference,9.395611574086429,3.862522990870896,1.2439692815104009,-0.197941366233689,-0.197941366233689,0.36666679999999907,12.80571724083087,0.03884966647175588,72.75307130864354,10.120212998247437,10.120123694913746,-5.001978724835681,1.0463867249286807,10.313229128990155,-0.19301613074271806
P15_AV2_1_interaction,P15,AV2,1,on_ramp,P15_AV2_1,P15_AV2.1.asc,AV1,60,initiator_active,3439,1,57316.67,57316.6673,1.0,22.3,80.28,195.0,8.25387,1187.69428,0.0,0.0,0.0,22.3,0.0,0.0,1187.822503,-23.62728,6.049451,1.0,0.0,0.0,0.0,0.0,1128.015026,-33.132228,1021.0,5006.0,0.0,175.0,0.018914,34.961611,125.861801,34.961601,-0.026561,7.2e-05,0.247289,-0.008995,0.002349,0.01256,0.343434,0.0,0.0,0.0,0.0,1.0,-9999.0,-9999.0,-9999.0,-9999.0,-9999.0,-9999.0,-9999.0,-9999.0,-9999.0,-9999.0,-9999.0,-9999.0,-9999.0,-9999.0,195.0,ramp,spur5,stable_reference,9.319540270464891,3.784757670740029,1.1654028594148127,-0.1987100502759892,-0.1987100502759892,0.38333329999999843,13.388319890655994,0.03887270720489336,73.1153188007609,10.037069683688612,10.036897309581724,-4.989085853479196,0.6573895839186719,10.23083537185046,-0.19376568816184836
P15_AV2_1_interaction,P15,AV2,1,on_ramp,P15_AV2_1,P15_AV2.1.asc,AV1,60,initiator_active,3440,1,57333.33,57333.3341,1.0,22.3,80.28,195.0,8.625409,1188.057468,0.0,0.0,0.0,22.3,0.0,0.0,1188.184086,-23.713267,6.049786,1.0,0.0,0.0,0.0,0.0,1128.597679,-33.137017,1021.0,5006.0,0.0,175.0,0.018074,34.965601,125.876163,34.965591,-0.026625,0.000107,0.235297,-0.009745,0.00196,0.01256,0.343434,0.0,0.0,0.0,0.0,1.0,-9999.0,-9999.0,-9999.0,-9999.0,-9999.0,-9999.0,-9999.0,-9999.0,-9999.0,-9999.0,-9999.0,-9999.0,-9999.0,-9999.0,195.0,ramp,spur5,stable_reference,9.243612854657885,3.707136096999347,1.0869801156929888,-0.1993317481198126,-0.1993317481198126,0.40000009999999747,13.970992571107926,0.038892325762647915,73.47759911158522,9.954069644851574,9.953821002162323,-4.980065830332933,0.6038822849685914,10.148441561587997,-0.19437191673642396
P15_AV2_1_interaction,P15,AV2,1,on_ramp,P15_AV2_1,P15_AV2.1.asc,AV1,60,initiator_active,3441,1,57350.0,57350.0007,1.0,22.3,80.28,195.0,8.996961,1188.420692,0.0,0.0,0.0,22.3,0.0,0.0,1188.545687,-23.799178,6.04996,1.0,0.0,0.0,0.0,0.0,1129.180399,-33.141808,1021.0,5006.0,0.0,175.0,0.017233,34.96947,125.890093,34.96946,-0.0267,0.000136,0.23067,-0.01035,0.00158,0.01256,0.343434,0.0,0.0,0.0,0.0,1.0,-9999.0,-9999.0,-9999.0,-9999.0,-9999.0,-9999.0,-9999.0,-9999.0,-9999.0,-9999.0,-9999.0,-9999.0,-9999.0,-9999.0,195.0,ramp,spur5,stable_reference,9.167761908757244,3.629590918328123,1.0086337310461655,-0.2005042318124866,-0.2005042318124866,0.4166666999999943,14.553732265783792,0.03891049731884894,73.83989679459219,9.871145751974872,9.87089478144384,-4.968956428795366,0.8197878791868618,10.066742757770333,-0.19559700579546124
P15_AV2_1_interaction,P15,AV2,1,on_ramp,P15_AV2_1,P15_AV2.1.asc,AV1,60,initiator_active,3442,1,57366.67,57366.6673,1.0,22.3,80.28,195.0,9.368514,1188.783938,0.0,0.0,0.0,22.3,0.0,0.0,1188.907297,-23.885053,6.05004,1.0,0.0,0.0,0.0,0.0,1129.763183,-33.146603,1021.0,5006.0,0.0,175.0,0.016391,34.973299,125.903876,34.973289,-0.026784,0.000158,0.229315,-0.0108,0.001221,0.01256,0.343434,0.0,0.0,0.0,0.0,1.0,-9999.0,-9999.0,-9999.0,-9999.0,-9999.0,-9999.0,-9999.0,-9999.0,-9999.0,-9999.0,-9999.0,-9999.0,-9999.0,-9999.0,195.0,ramp,spur5,stable_reference,9.091947198578865,3.55208193772403,0.9303235263723716,-0.2016973164307078,-0.2016973164307078,0.4333332999999984,15.136535991290803,0.03892519718351804,74.20220318019564,9.788257932146452,9.788189783729997,-4.952739676998419,1.1374466292809018,9.985018822498748,-0.19676089035229616
P15_AV2_1_interaction,P15,AV2,1,on_ramp,P15_AV2_1,P15_AV2.1.asc,AV1,60,initiator_active,3443,1,57383.33,57383.334,1.0,22.3,80.28,195.0,9.74004,1189.147197,0.0,0.0,0.0,22.3,0.0,0.0,1189.268949,-23.970748,6.050986,1.0,0.0,0.0,0.0,0.0,1130.346031,-33.151402,1021.0,5006.0,0.0,175.0,0.015547,34.977117,125.91762,34.977106,-0.026879,0.000175,0.228957,-0.011103,0.000901,0.01256,0.343434,0.0,0.0,0.0,0.0,1.0,-9999.0,-9999.0,-9999.0,-9999.0,-9999.0,-9999.0,-9999.0,-9999.0,-9999.0,-9999.0,-9999.0,-9999.0,-9999.0,-9999.0,195.0,ramp,spur5,stable_reference,9.01631358382324,3.4747538782388085,0.8521941589595668,-0.2031060810030444,-0.2031060810030444,0.45,15.719403747629189,0.0389364253566642,74.56455007888448,9.705550452801345,9.705803625884535,-4.931041546179927,1.4324496636645847,9.90377267665292,-0.19822222385157495
P15_AV2_1_interaction,P15,AV2,1,on_ramp,P15_AV2_1,P15_AV2.1.asc,AV1,60,initiator_active,3444,1,57400.0,57400.0001,1.0,22.3,80.28,195.0,10.111577,1189.5105,0.0,0.0,0.0,22.3,0.0,0.0,1189.630759,-24.055776,6.052825,1.0,0.0,0.0,0.0,0.0,1130.928943,-33.156203,1021.0,5006.0,0.0,175.0,0.014701,34.980929,125.931346,34.980919,-0.026982,0.000188,0.228576,-0.011279,0.000625,0.01256,0.343434,0.0,0.0,0.0,0.0,1.0,-9999.0,-9999.0,-9999.0,-9999.0,-9999.0,-9999.0,-9999.0,-9999.0,-9999.0,-9999.0,-9999.0,-9999.0,-9999.0,-9999.0,195.0,ramp,spur5,stable_reference,8.941351093844004,3.398096286615054,0.7747349434515627,-0.2041564530740008,-0.2041564530740008,0.4666660999999949,16.302335518293336,0.038946181770172415,74.92704946764735,9.623511254667457,9.623824347538122,-4.9049922755239095,1.62072317635932,9.82275859350696,-0.19924733883950196
P15_AV2_1_interaction,P15,AV2,1,on_ramp,P15_AV2_1,P15_AV2.1.asc,AV1,60,initiator_active,3445,1,57416.67,57416.6669,1.0,22.3,80.28,195.0,10.483113,1189.873952,0.0,0.0,0.0,22.3,0.0,0.0,1189.992719,-24.140162,6.054545,1.0,0.0,0.0,0.0,0.0,1131.511918,-33.161009,1021.0,5006.0,0.0,175.0,0.013854,34.984733,125.94504,34.984723,-0.027094,0.000196,0.227979,-0.01135,0.000392,0.01256,0.343434,0.0,0.0,0.0,0.0,1.0,-9999.0,-9999.0,-9999.0,-9999.0,-9999.0,-9999.0,-9999.0,-9999.0,-9999.0,-9999.0,-9999.0,-9999.0,-9999.0,-9999.0,195.0,ramp,spur5,stable_reference,8.867034516418506,3.322083984929726,0.697920718348013,-0.2046932344879664,-0.2046932344879664,0.48333289999999396,16.885330328075717,0.038951458273516565,75.28969355307447,9.542115272574609,9.542306028368499,-4.877018061813658,1.630658211982336,9.741980778011946,-0.19986550543733728
P15_AV2_1_interaction,P15,AV2,1,on_ramp,P15_AV2_1,P15_AV2.1.asc,AV1,60,initiator_active,3446,1,57433.33,57433.3341,1.0,22.3,80.28,195.0,10.854629,1190.237547,0.0,0.0,0.0,22.3,0.0,0.0,1190.354796,-24.224044,6.055825,1.0,0.0,0.0,0.0,0.0,1132.094957,-33.165818,1021.0,5006.0,0.0,175.0,0.013005,34.988527,125.958697,34.988516,-0.027212,0.0002,0.227437,-0.011337,0.000186,0.01256,0.343434,0.0,0.0,0.0,0.0,1.0,-9999.0,-9999.0,-9999.0,-9999.0,-9999.0,-9999.0,-9999.0,-9999.0,-9999.0,-9999.0,-9999.0,-9999.0,-9999.0,-9999.0,195.0,ramp,spur5,stable_reference,8.79322498953902,3.246578248533869,0.621612825054386,-0.2053561168910783,-0.2053561168910783,0.5000000999999975,17.468389160436782,0.03895426305128121,75.65245047516056,9.46122423888343,9.461253838699314,-4.850635952911091,1.3863528759351311,9.66173699251571,-0.20051275363227994
P15_AV2_1_interaction,P15,AV2,1,on_ramp,P15_AV2_1,P15_AV2.1.asc,AV1,60,initiator_active,3447,1,57450.0,57450.0008,1.0,22.3,80.28,195.0,11.226155,1190.601254,0.0,0.0,0.0,22.3,0.0,0.0,1190.716954,-24.307578,6.056683,1.0,0.0,0.0,0.0,0.0,1132.678059,-33.170631,1021.0,5006.0,0.0,175.0,0.012155,34.992316,125.972339,34.992306,-0.027337,0.000201,0.227347,-0.01126,8e-06,0.01256,0.343434,0.0,0.0,0.0,0.0,1.0,-9999.0,-9999.0,-9999.0,-9999.0,-9999.0,-9999.0,-9999.0,-9999.0,-9999.0,-9999.0,-9999.0,-9999.0,-9999.0,-9999.0,195.0,ramp,spur5,stable_reference,8.719765574930973,3.1714222883533663,0.5456545462917087,-0.2056616983193902,-0.2056616983193902,0.5166667999999991,18.051511023663164,0.03895358788483048,76.01528552255152,9.380681861809457,9.380615402238105,-4.830805317162458,0.9179933898609249,9.581492989673668,-0.2008111278642115
P15_AV2_1_interaction,P15,AV2,1,on_ramp,P15_AV2_1,P15_AV2.1.asc,AV1,60,initiator_active,3448,1,57466.67,57466.6669,1.0,22.3,80.28,195.0,11.597676,1190.965038,0.0,0.0,0.0,22.3,0.0,0.0,1191.079162,-24.390894,6.05721,1.0,0.0,0.0,0.0,0.0,1133.261224,-33.175448,1021.0,5006.0,0.0,175.0,0.011303,34.996106,125.985983,34.996096,-0.027467,0.0002,0.22746,-0.011134,-0.000151,0.01256,0.343434,0.0,0.0,0.0,0.0,1.0,-9999.0,-9999.0,-9999.0,-9999.0,-9999.0,-9999.0,-9999.0,-9999.0,-9999.0,-9999.0,-9999.0,-9999.0,-9999.0,-9999.0,195.0,ramp,spur5,stable_reference,8.646525462969345,3.096485423754201,0.4699152634594778,-0.2064269969940108,-0.2064269969940108,0.533332899999994,18.63469591775486,0.03894943277415725,76.37816876915315,9.30035788994628,9.300229562234145,-4.820036336640555,0.5032327577088154,9.502015882706374,-0.20165799276009366
P15_AV2_1_interaction,P15,AV2,1,on_ramp,P15_AV2_1,P15_AV2.1.asc,AV1,60,initiator_active,3449,1,57483.33,57483.334,1.0,22.3,80.28,195.0,11.969183,1191.328874,0.0,0.0,0.0,22.3,0.0,0.0,1191.441399,-24.474083,6.057509,1.0,0.0,0.0,0.0,0.0,1133.844453,-33.180268,1021.0,5006.0,0.0,175.0,0.01045,34.999816,125.999339,34.999806,-0.027602,0.000196,0.21817,-0.010964,-0.000287,0.01256,0.343434,0.0,0.0,0.0,0.0,1.0,-9999.0,-9999.0,-9999.0,-9999.0,-9999.0,-9999.0,-9999.0,-9999.0,-9999.0,-9999.0,-9999.0,-9999.0,-9999.0,-9999.0,195.0,ramp,spur5,stable_reference,8.573413106327314,3.021676194443143,0.3943035581449547,-0.2072136155354892,-0.2072136155354892,0.55,19.217944834425015,0.03894280593790974,76.74107996667541,9.220161153086295,9.219948173577901,-4.814031244867863,0.41071137921298373,9.422587591439518,-0.20242643835322305
P15_AV2_1_interaction,P15,AV2,1,on_ramp,P15_AV2_1,P15_AV2.1.asc,AV1,60,initiator_active,3450,1,57500.0,57500.0007,1.0,22.3,80.28,195.0,12.340693,1191.69274,0.0,0.0,0.0,22.3,0.0,0.0,1191.803651,-24.557205,6.057663,1.0,0.0,0.0,0.0,0.0,1134.427743,-33.185092,1021.0,5006.0,0.0,175.0,0.009596,35.003387,126.012193,35.003376,-0.02774,0.00019,0.212369,-0.010756,-0.000411,0.01256,0.321608,0.0,0.0,0.0,0.0,1.0,-9999.0,-9999.0,-9999.0,-9999.0,-9999.0,-9999.0,-9999.0,-9999.0,-9999.0,-9999.0,-9999.0,-9999.0,-9999.0,-9999.0,195.0,ramp,spur5,stable_reference,8.50036813986394,2.946934293380556,0.3187591512611411,-0.2083190599870034,-0.2083190599870034,0.5666666999999943,19.801254782028824,0.038932682652058626,77.10400561075639,9.140031537735062,9.139759605342523,-4.806345805999854,0.637415831325626,9.343640046662252,-0.2036085089271893
P15_AV2_1_interaction,P15,AV2,1,on_ramp,P15_AV2_1,P15_AV2.1.asc,AV1,60,initiator_active,3451,1,57516.67,57516.6668,1.0,22.3,80.28,195.0,12.712197,1192.056626,0.0,0.0,0.0,22.3,0.0,0.0,1192.165911,-24.640294,6.057735,1.0,0.0,0.0,0.0,0.0,1135.011092,-33.189919,1021.0,5006.0,0.0,175.0,0.00874,35.006904,126.024856,35.006893,-0.027882,0.000182,0.210409,-0.010508,-0.000534,0.01256,0.321608,0.0,0.0,0.0,0.0,1.0,-9999.0,-9999.0,-9999.0,-9999.0,-9999.0,-9999.0,-9999.0,-9999.0,-9999.0,-9999.0,-9999.0,-9999.0,-9999.0,-9999.0,195.0,ramp,spur5,stable_reference,8.427356382546941,2.87222556811145,0.2432479041355885,-0.2098604955594322,-0.2098604955594322,0.5833327999999965,20.384623752381483,0.03892004637716244,77.46693898222631,9.059934987281578,9.059739204145393,-4.792784601990149,1.0240169832581785,9.265050076540545,-0.2051150892589675
P15_AV2_1_interaction,P15,AV2,1,on_ramp,P15_AV2_1,P15_AV2.1.asc,AV1,60,initiator_active,3452,1,57533.33,57533.3335,1.0,22.3,80.28,195.0,13.08369,1192.420523,0.0,0.0,0.0,22.3,0.0,0.0,1192.528174,-24.723371,6.057762,1.0,0.0,0.0,0.0,0.0,1135.594501,-33.19475,1021.0,5006.0,0.0,175.0,0.007884,35.010403,126.037452,35.010392,-0.028025,0.000172,0.209707,-0.010221,-0.000642,0.01256,0.321608,0.0,0.0,0.0,0.0,1.0,-9999.0,-9999.0,-9999.0,-9999.0,-9999.0,-9999.0,-9999.0,-9999.0,-9999.0,-9999.0,-9999.0,-9999.0,-9999.0,-9999.0,195.0,ramp,spur5,stable_reference,8.354356703804015,2.797528908864714,0.1677487170010517,-0.2114697923804553,-0.2114697923804553,0.5999994999999981,20.968052753701745,0.03890390539998445,77.82987525456167,8.979850461177522,8.980002685084735,-4.772212200315266,1.4139657722478205,9.186650640633022,-0.20680017945550055
P15_AV2_1_interaction,P15,AV2,1,on_ramp,P15_AV2_1,P15_AV2.1.asc,AV1,60,initiator_active,3453,1,57550.0,57550.0002,1.0,22.3,80.28,195.0,13.455177,1192.784428,0.0,0.0,0.0,22.3,0.0,0.0,1192.890563,-24.805896,6.059782,1.0,0.0,0.0,0.0,0.0,1136.177967,-33.199585,1021.0,5006.0,0.0,175.0,0.007027,35.013895,126.050023,35.013884,-0.02817,0.00016,0.209412,-0.009901,-0.000727,0.01256,0.321608,0.0,0.0,0.0,0.0,1.0,-9999.0,-9999.0,-9999.0,-9999.0,-9999.0,-9999.0,-9999.0,-9999.0,-9999.0,-9999.0,-9999.0,-9999.0,-9999.0,-9999.0,195.0,ramp,spur5,stable_reference,8.281912306714926,2.7233870097801813,0.0928040390363223,-0.2133705591533925,-0.2133705591533925,0.6166661999999996,21.55153878609166,0.038884234962434934,78.19293296712038,8.900318956114766,8.90066514598739,-4.7456523153175,1.699391027263772,9.108977930177845,-0.20865897406307887
P15_AV2_1_interaction,P15,AV2,1,on_ramp,P15_AV2_1,P15_AV2.1.asc,AV1,60,initiator_active,3454,1,57566.67,57566.6674,1.0,22.3,80.28,195.0,13.82666,1193.148452,0.0,0.0,0.0,22.3,0.0,0.0,1193.253117,-24.887692,6.061793,1.0,0.0,0.0,0.0,0.0,1136.761492,-33.204422,1021.0,5006.0,0.0,175.0,0.006169,35.017384,126.062582,35.017372,-0.028314,0.000148,0.209259,-0.009558,-0.000781,0.01256,0.321608,0.0,0.0,0.0,0.0,1.0,-9999.0,-9999.0,-9999.0,-9999.0,-9999.0,-9999.0,-9999.0,-9999.0,-9999.0,-9999.0,-9999.0,-9999.0,-9999.0,-9999.0,195.0,ramp,spur5,stable_reference,8.210201204667511,2.6499777235585364,0.0185916455515314,-0.2145238916782058,-0.2145238916782058,0.6333333999999959,22.135083832977735,0.0388630515017909,78.55614965784824,8.821517787920717,8.821811599961912,-4.715564763948862,1.7973032135675453,9.031304626963548,-0.20978683904283102
P15_AV2_1_interaction,P15,AV2,1,on_ramp,P15_AV2_1,P15_AV2.1.asc,AV1,60,initiator_active,3455,1,57583.33,57583.3339,1.0,22.3,80.28,195.0,14.198139,1193.51263,0.0,0.0,0.0,22.3,0.0,0.0,1193.615816,-24.968846,6.063443,1.0,0.0,0.0,0.0,0.0,1137.345076,-33.209263,1021.0,5006.0,0.0,175.0,0.005311,35.020871,126.075134,35.020859,-0.028458,0.000134,0.209156,-0.009202,-0.000801,0.01256,0.321608,0.0,0.0,0.0,0.0,1.0,-9999.0,-9999.0,-9999.0,-9999.0,-9999.0,-9999.0,-9999.0,-9999.0,-9999.0,-9999.0,-9999.0,-9999.0,-9999.0,-9999.0,195.0,ramp,spur5,stable_reference,8.139135876526282,2.577213611914014,-0.0549758618690505,-0.215729368501493,-0.215729368501493,0.6499998999999953,22.718687910865352,0.0388383550861655,78.91950604541026,8.743359794504249,8.743477903120578,-4.6857415381387,1.626170568440159,8.954444607515622,-0.21108481301137338
P15_AV2_1_interaction,P15,AV2,1,on_ramp,P15_AV2_1,P15_AV2.1.asc,AV1,60,initiator_active,3456,1,57600.0,57600.0006,1.0,22.3,80.28,195.0,14.56961,1193.876944,0.0,0.0,0.0,22.3,0.0,0.0,1193.978618,-25.049532,6.064612,1.0,0.0,0.0,0.0,0.0,1137.928717,-33.214107,1021.0,5006.0,0.0,175.0,0.004452,35.024356,126.08768,35.024344,-0.0286,0.000121,0.209057,-0.008839,-0.000797,0.01256,0.321608,0.0,0.0,0.0,0.0,1.0,-9999.0,-9999.0,-9999.0,-9999.0,-9999.0,-9999.0,-9999.0,-9999.0,-9999.0,-9999.0,-9999.0,-9999.0,-9999.0,-9999.0,195.0,ramp,spur5,stable_reference,8.068541224561274,2.5049197521305464,-0.1280733217929778,-0.2167334400160122,-0.2167334400160122,0.6666665999999968,23.30234901156993,0.03881112917611913,79.28296156720518,8.665670635177715,8.665620845853766,-4.661359360453673,1.2218542171358422,8.877737902499181,-0.21206726732146564
P15_AV2_1_interaction,P15,AV2,1,on_ramp,P15_AV2_1,P15_AV2.1.asc,AV1,60,initiator_active,3457,1,57616.67,57616.6674,1.0,22.3,80.28,195.0,14.941078,1194.241358,0.0,0.0,0.0,22.3,0.0,0.0,1194.341489,-25.129911,6.065361,1.0,0.0,0.0,0.0,0.0,1138.512416,-33.218954,1021.0,5006.0,0.0,175.0,0.003593,35.027839,126.100219,35.027827,-0.02874,0.000108,0.208949,-0.008476,-0.000772,0.01256,0.321608,0.0,0.0,0.0,0.0,1.0,-9999.0,-9999.0,-9999.0,-9999.0,-9999.0,-9999.0,-9999.0,-9999.0,-9999.0,-9999.0,-9999.0,-9999.0,-9999.0,-9999.0,195.0,ramp,spur5,stable_reference,7.998255367879587,2.4329344026095288,-0.2008624086743142,-0.2177810314525856,-0.2177810314525856,0.6833333999999959,23.886068135057535,0.038781382024344266,79.64648355307376,8.588289034832306,8.588098482889844,-4.645012908806649,0.8670548011090204,8.801503698398784,-0.2132146635664789
P15_AV2_1_interaction,P15,AV2,1,on_ramp,P15_AV2_1,P15_AV2.1.asc,AV1,60,initiator_active,3458,1,57633.33,57633.3341,1.0,22.3,80.28,195.0,15.312545,1194.605837,0.0,0.0,0.0,22.3,0.0,0.0,1194.704401,-25.210104,6.065803,1.0,0.0,0.0,0.0,0.0,1139.096173,-33.223804,1021.0,5006.0,0.0,175.0,0.002734,35.031321,126.112757,35.031309,-0.028878,9.6e-05,0.209011,-0.008119,-0.000734,0.01256,0.321608,0.0,0.0,0.0,0.0,1.0,-9999.0,-9999.0,-9999.0,-9999.0,-9999.0,-9999.0,-9999.0,-9999.0,-9999.0,-9999.0,-9999.0,-9999.0,-9999.0,-9999.0,195.0,ramp,spur5,stable_reference,7.92815657658393,2.3611359495379087,-0.2734646804692794,-0.219298377386452,-0.219298377386452,0.7000000999999975,24.46984528132793,0.03874911363083191,80.01004500254577,8.511093766513197,8.51078630679973,-4.632457366496084,0.828199706914063,8.725793960755375,-0.21470019424217845
P15_AV2_1_interaction,P15,AV2,1,on_ramp,P15_AV2_1,P15_AV2.1.asc,AV1,60,initiator_active,3459,1,57650.0,57650.0009,1.0,22.3,80.28,195.0,15.683995,1194.970358,0.0,0.0,0.0,22.3,0.0,0.0,1195.067336,-25.290194,6.066043,1.0,0.0,0.0,0.0,0.0,1139.679989,-33.228657,1021.0,5006.0,0.0,175.0,0.001876,35.034769,126.125167,35.034757,-0.029012,8.4e-05,0.200913,-0.007766,-0.000694,0.01256,0.321608,0.0,0.0,0.0,0.0,1.0,-9999.0,-9999.0,-9999.0,-9999.0,-9999.0,-9999.0,-9999.0,-9999.0,-9999.0,-9999.0,-9999.0,-9999.0,-9999.0,-9999.0,195.0,ramp,spur5,stable_reference,7.858161383459701,2.2894409997096568,-0.3459634947285576,-0.2207101886932418,-0.2207101886932418,0.7166668999999966,25.053681450347405,0.03871433224829058,80.37362860120734,8.434001684498432,8.433682466516533,-4.61740609890245,1.1014301760050103,8.650084087607887,-0.21608240310945526
P15_AV2_1_interaction,P15,AV2,1,on_ramp,P15_AV2_1,P15_AV2.1.asc,AV1,60,initiator_active,3460,1,57666.67,57666.6667,1.0,22.3,80.28,195.0,16.055442,1195.334904,0.0,0.0,0.0,22.3,0.0,0.0,1195.430282,-25.370232,6.066161,1.0,0.0,0.0,0.0,0.0,1140.263861,-33.233512,1021.0,5006.0,0.0,175.0,0.001018,35.037888,126.136398,35.037876,-0.029143,7.2e-05,0.180134,-0.007405,-0.000686,0.01256,0.321608,0.0,0.0,0.0,0.0,1.0,-9999.0,-9999.0,-9999.0,-9999.0,-9999.0,-9999.0,-9999.0,-9999.0,-9999.0,-9999.0,-9999.0,-9999.0,-9999.0,-9999.0,195.0,ramp,spur5,stable_reference,7.788218475364147,2.217798289833841,-0.4184100907628998,-0.2231189843508661,-0.2231189843508661,0.7333326999999991,25.637573633965097,0.03867801308457929,80.73722277035424,8.356961691492458,8.356876138693357,-4.595744231722165,1.513252771918701,8.575531855050048,-0.2185701635575903
P15_AV2_1_interaction,P15,AV2,1,on_ramp,P15_AV2_1,P15_AV2.1.asc,AV1,60,initiator_active,3461,1,57683.33,57683.3341,1.0,22.3,80.28,195.0,16.426887,1195.699464,0.0,0.0,0.0,22.3,0.0,0.0,1195.793281,-25.450031,6.067399,1.0,0.0,0.0,0.0,0.0,1140.847785,-33.23837,1021.0,5006.0,0.0,175.0,0.000161,35.040803,126.14689,35.040791,-0.029269,6e-05,0.172401,-0.007027,-0.000756,0.01256,0.321608,0.0,0.0,0.0,0.0,1.0,-9999.0,-9999.0,-9999.0,-9999.0,-9999.0,-9999.0,-9999.0,-9999.0,-9999.0,-9999.0,-9999.0,-9999.0,-9999.0,-9999.0,195.0,ramp,spur5,stable_reference,7.71851594502828,2.146395739165945,-0.4906166328356376,-0.2252989235609273,-0.2252989235609273,0.7500000999999975,26.221517840570147,0.03863912316298338,81.10086796530297,8.280161127740223,8.280491646093939,-4.566963858458649,1.8814987064978936,8.500866787168182,-0.22070565942795817
P15_AV2_1_interaction,P15,AV2,1,on_ramp,P15_AV2_1,P15_AV2.1.asc,AV1,60,initiator_active,3462,1,57700.0,57700.0006,1.0,22.3,80.28,195.0,16.798308,1196.064077,0.0,0.0,0.0,22.3,0.0,0.0,1196.156471,-25.528958,6.069792,1.0,0.0,0.0,0.0,0.0,1141.431759,-33.24323,1021.0,5006.0,0.0,175.0,-0.000696,35.043647,126.157127,35.043634,-0.029391,4.6e-05,0.169773,-0.006614,-0.000889,0.01256,0.321608,0.0,0.0,0.0,0.0,1.0,-9999.0,-9999.0,-9999.0,-9999.0,-9999.0,-9999.0,-9999.0,-9999.0,-9999.0,-9999.0,-9999.0,-9999.0,-9999.0,-9999.0,195.0,ramp,spur5,stable_reference,7.649690375712567,2.075869363173068,-0.5619473789990695,-0.2272880380540599,-0.2272880380540599,0.7666665999999969,26.805512061977982,0.03859864594408463,81.46469695740045,8.204234110556946,8.204641393505373,-4.533026820536236,2.10959269651363,8.427026805109085,-0.22279269455213857
P15_AV2_1_interaction,P15,AV2,1,on_ramp,P15_AV2_1,P15_AV2.1.asc,AV1,60,initiator_active,3463,1,57716.67,57716.6667,1.0,22.3,80.28,195.0,17.169731,1196.428866,0.0,0.0,0.0,22.3,0.0,0.0,1196.519841,-25.607047,6.072027,1.0,0.0,0.0,0.0,0.0,1142.01578,-33.248092,1021.0,5006.0,0.0,175.0,-0.001552,35.046466,126.167276,35.046453,-0.029507,3e-05,0.168847,-0.006168,-0.001038,0.01256,0.321608,0.0,0.0,0.0,0.0,1.0,-9999.0,-9999.0,-9999.0,-9999.0,-9999.0,-9999.0,-9999.0,-9999.0,-9999.0,-9999.0,-9999.0,-9999.0,-9999.0,-9999.0,195.0,ramp,spur5,stable_reference,7.5817074754666365,2.0061849171111605,-0.6324365513978291,-0.2288537837420715,-0.2288537837420715,0.783332699999999,27.389553298290426,0.03855655666978435,81.82869902761271,8.129146550320858,8.129394061868823,-4.496645707622179,2.1103462969359725,8.353474022962521,-0.2243274726416633
P15_AV2_1_interaction,P15,AV2,1,on_ramp,P15_AV2_1,P15_AV2.1.asc,AV1,60,initiator_active,3464,1,57733.33,57733.3335,1.0,22.3,80.28,195.0,17.541162,1196.793822,0.0,0.0,0.0,22.3,0.0,0.0,1196.883353,-25.684479,6.073692,1.0,0.0,0.0,0.0,0.0,1142.599849,-33.252957,1021.0,5006.0,0.0,175.0,-0.002406,35.049276,126.177393,35.049263,-0.029616,1.2e-05,0.168484,-0.005702,-0.001146,0.01256,0.321608,0.0,0.0,0.0,0.0,1.0,-9999.0,-9999.0,-9999.0,-9999.0,-9999.0,-9999.0,-9999.0,-9999.0,-9999.0,-9999.0,-9999.0,-9999.0,-9999.0,-9999.0,195.0,ramp,spur5,stable_reference,7.514385260170324,1.937160572416596,-0.7022659036029523,-0.2300390259212065,-0.2300390259212065,0.7999994999999981,27.973642557726457,0.03851186362684058,82.19283767097085,8.054717139593464,8.054755177485088,-4.462682960089808,1.759596146718792,8.280347504786112,-0.22563036519264834
P15_AV2_1_interaction,P15,AV2,1,on_ramp,P15_AV2_1,P15_AV2.1.asc,AV1,60,initiator_active,3465,1,57750.0,57750.001,1.0,22.3,80.28,195.0,17.912563,1197.158909,0.0,0.0,0.0,22.3,0.0,0.0,1197.24696,-25.761457,6.074806,1.0,0.0,0.0,0.0,0.0,1143.183964,-33.257824,1021.0,5006.0,0.0,175.0,-0.003259,35.052082,126.187495,35.052069,-0.029716,-8e-06,0.168308,-0.005231,-0.001182,0.01256,0.321608,0.0,0.0,0.0,0.0,1.0,-9999.0,-9999.0,-9999.0,-9999.0,-9999.0,-9999.0,-9999.0,-9999.0,-9999.0,-9999.0,-9999.0,-9999.0,-9999.0,-9999.0,195.0,ramp,spur5,stable_reference,7.447519504597678,1.868592298731815,-0.7716393722071415,-0.2316296280177953,-0.2316296280177953,0.816666999999994,28.557777832101497,0.038465550275820805,82.55706756437199,7.98074249741123,7.980633671132769,-4.437991191210159,1.160498499567609,8.207932981068552,-0.22719048365732242
P15_AV2_1_interaction,P15,AV2,1,on_ramp,P15_AV2_1,P15_AV2.1.asc,AV1,60,initiator_active,3466,1,57766.67,57766.6676,1.0,22.3,80.28,195.0,18.28397,1197.524086,0.0,0.0,0.0,22.3,0.0,0.0,1197.610628,-25.83815,6.07549,1.0,0.0,0.0,0.0,0.0,1143.768126,-33.262692,1021.0,5006.0,0.0,175.0,-0.004111,35.054886,126.197589,35.054873,-0.029808,-2.7e-05,0.168194,-0.004769,-0.00114,0.01256,0.321608,0.0,0.0,0.0,0.0,1.0,-9999.0,-9999.0,-9999.0,-9999.0,-9999.0,-9999.0,-9999.0,-9999.0,-9999.0,-9999.0,-9999.0,-9999.0,-9999.0,-9999.0,195.0,ramp,spur5,stable_reference,7.380940330932096,1.8003103565878138,-0.8407266299223779,-0.2329287813142729,-0.2329287813142729,0.8333335999999981,29.141960113128455,0.03841862483535009,82.92135610367872,7.907053348937779,7.906818718980304,-4.423998209390561,0.8552129762400682,8.13551808782876,-0.22846473889098196
P15_AV2_1_interaction,P15,AV2,1,on_ramp,P15_AV2_1,P15_AV2.1.asc,AV1,60,initiator_active,3467,1,57783.33,57783.3341,1.0,22.3,80.28,195.0,18.655384,1197.889321,0.0,0.0,0.0,22.3,0.0,0.0,1197.97433,-25.914679,6.075877,1.0,0.0,0.0,0.0,0.0,1144.352334,-33.267562,1021.0,5006.0,0.0,175.0,-0.00496,35.057688,126.207677,35.057675,-0.029891,-4.5e-05,0.168096,-0.004331,-0.001031,0.01256,0.321608,0.0,0.0,0.0,0.0,1.0,-9999.0,-9999.0,-9999.0,-9999.0,-9999.0,-9999.0,-9999.0,-9999.0,-9999.0,-9999.0,-9999.0,-9999.0,-9999.0,-9999.0,195.0,ramp,spur5,stable_reference,7.314526037005791,1.732193155243817,-0.909649213836841,-0.2351606461531924,-0.2351606461531924,0.8500000999999975,29.726188409094423,0.038370079086803406,83.28567728838634,7.833528475470976,7.833168095435992,-4.409484294677981,0.8137530809839575,8.064334358784846,-0.2308058833138702
P15_AV2_1_interaction,P15,AV2,1,on_ramp,P15_AV2_1,P15_AV2.1.asc,AV1,60,initiator_active,3468,1,57800.03,57800.0274,1.0,22.3,80.28,195.0,19.026756,1198.254592,0.0,0.0,0.0,22.3,0.0,0.0,1198.338051,-25.99112,6.076078,1.0,0.0,0.0,0.0,0.0,1144.93659,-33.272434,1021.0,5006.0,0.0,175.0,-0.005808,35.060489,126.21776,35.060476,-0.029964,-6.1e-05,0.168064,-0.003925,-0.000874,0.01256,0.321608,0.0,0.0,0.0,0.0,1.0,-9999.0,-9999.0,-9999.0,-9999.0,-9999.0,-9999.0,-9999.0,-9999.0,-9999.0,-9999.0,-9999.0,-9999.0,-9999.0,-9999.0,195.0,ramp,spur5,stable_reference,7.248200236100912,1.6641643688471297,-0.9784834204213824,-0.2374461641786409,-0.2374461641786409,0.8666933999999965,30.310464719931286,0.03831992953555661,83.65001674620993,7.760091755808557,7.759719719636059,-4.396854631871207,1.024156437250781,7.993140833361409,-0.23304907755285154
P15_AV2_1_interaction,P15,AV2,1,on_ramp,P15_AV2_1,P15_AV2.1.asc,AV1,60,initiator_active,3469,1,57816.67,57816.6673,1.0,22.3,80.28,195.0,19.398134,1198.619883,0.0,0.0,0.0,22.3,0.0,0.0,1198.701781,-26.067518,6.076171,1.0,0.0,0.0,0.0,0.0,1145.520892,-33.277307,1021.0,5006.0,0.0,175.0,-0.006653,35.063295,126.227863,35.063283,-0.030027,-7.4e-05,0.168643,-0.003559,-0.00069,0.01256,0.321608,0.0,0.0,0.0,0.0,1.0,-9999.0,-9999.0,-9999.0,-9999.0,-9999.0,-9999.0,-9999.0,-9999.0,-9999.0,-9999.0,-9999.0,-9999.0,-9999.0,-9999.0,195.0,ramp,spur5,stable_reference,7.181917668226536,1.596178778654173,-1.0472744485572267,-0.2403277310829592,-0.2403277310829592,0.8833332999999984,30.89478703745424,0.038269159642168316,84.01436484886138,7.686698108956038,7.686606538929048,-4.3753744157640995,1.7816066322135384,7.922727163083669,-0.23602905412763153
P15_AV2_1_interaction,P15,AV2,1,on_ramp,P15_AV2_1,P15_AV2.1.asc,AV1,60,initiator_active,3470,1,57833.33,57833.3337,1.0,22.3,80.28,195.0,19.769517,1198.985186,0.0,0.0,0.0,22.3,0.0,0.0,1199.065569,-26.143638,6.077646,1.0,0.0,0.0,0.0,0.0,1146.105241,-33.282182,1021.0,5006.0,0.0,175.0,-0.007496,35.066112,126.238002,35.066099,-0.03008,-8.3e-05,0.169161,-0.003234,-0.000496,0.01256,0.321608,0.0,0.0,0.0,0.0,1.0,-9999.0,-9999.0,-9999.0,-9999.0,-9999.0,-9999.0,-9999.0,-9999.0,-9999.0,-9999.0,-9999.0,-9999.0,-9999.0,-9999.0,195.0,ramp,spur5,stable_reference,7.115914601762456,1.528472452648626,-1.1157863268839312,-0.2435211390790722,-0.2435211390790722,0.8999997000000003,31.47915636988203,0.03821677769339461,84.37876865528953,7.613582931292605,7.613993166578002,-4.337489878000298,2.372031784653018,7.852748273793486,-0.23916534250088084
P15_AV2_1_interaction,P15,AV2,1,on_ramp,P15_AV2_1,P15_AV2.1.asc,AV1,60,initiator_active,3471,1,57850.0,57850.0007,1.0,22.3,80.28,195.0,20.14085,1199.350545,0.0,0.0,0.0,22.3,0.0,0.0,1199.429576,-26.218705,6.080533,1.0,0.0,0.0,0.0,0.0,1146.689636,-33.287058,1021.0,5006.0,0.0,175.0,-0.008337,35.068934,126.248161,35.068921,-0.030123,-9e-05,0.169406,-0.002953,-0.000308,0.01256,0.321608,0.0,0.0,0.0,0.0,1.0,-9999.0,-9999.0,-9999.0,-9999.0,-9999.0,-9999.0,-9999.0,-9999.0,-9999.0,-9999.0,-9999.0,-9999.0,-9999.0,-9999.0,195.0,ramp,spur5,stable_reference,7.050970203143613,1.46182389915914,-1.18324086441078,-0.2458446054933563,-0.2458446054933563,0.9166666999999943,32.063571708996136,0.03816377540248126,84.74338276417546,7.541522525109712,7.542023277088756,-4.2963064127636414,2.559970088305377,7.783137108264925,-0.24161458315521323
P15_AV2_1_interaction,P15,AV2,1,on_ramp,P15_AV2_1,P15_AV2.1.asc,AV1,60,initiator_active,3472,1,57866.67,57866.6667,1.0,22.3,80.28,195.0,20.512198,1199.716103,0.0,0.0,0.0,22.3,0.0,0.0,1199.793791,-26.292755,6.083237,1.0,0.0,0.0,0.0,0.0,1147.274079,-33.291935,1021.0,5006.0,0.0,175.0,-0.009174,35.071758,126.258328,35.071745,-0.030157,-9.3e-05,0.169474,-0.002715,-0.000134,0.01256,0.321608,0.0,0.0,0.0,0.0,1.0,-9999.0,-9999.0,-9999.0,-9999.0,-9999.0,-9999.0,-9999.0,-9999.0,-9999.0,-9999.0,-9999.0,-9999.0,-9999.0,-9999.0,195.0,ramp,spur5,stable_reference,6.987048181188748,1.3961968739740775,-1.249674282846896,-0.2482808892688156,-0.2482808892688156,0.933332699999999,32.64803505472822,0.038110169274816495,85.10819647299104,7.470480800853698,7.470784341321478,-4.252158573064662,2.558565704399655,7.714489748886998,-0.24400894803329987
P15_AV2_1_interaction,P15,AV2,1,on_ramp,P15_AV2_1,P15_AV2.1.asc,AV1,60,initiator_active,3473,1,57883.33,57883.3341,1.0,22.3,80.28,195.0,20.883559,1200.081852,0.0,0.0,0.0,22.3,0.0,0.0,1200.158167,-26.366009,6.085253,1.0,0.0,0.0,0.0,0.0,1147.858569,-33.296813,1021.0,5006.0,0.0,175.0,-0.010009,35.074582,126.268496,35.074569,-0.030182,-9.4e-05,0.169456,-0.002519,1.5e-05,0.01256,0.321608,0.0,0.0,0.0,0.0,1.0,-9999.0,-9999.0,-9999.0,-9999.0,-9999.0,-9999.0,-9999.0,-9999.0,-9999.0,-9999.0,-9999.0,-9999.0,-9999.0,-9999.0,195.0,ramp,spur5,stable_reference,6.92392631759355,1.3313693515274705,-1.315308514865285,-0.249905066691164,-0.249905066691164,0.9500000999999975,33.232545407112454,0.03805595105770976,85.47316460718139,7.400236378174006,7.400284437087925,-4.211020971873012,2.138063901232826,7.645841557900407,-0.24560517972640028
P15_AV2_1_interaction,P15,AV2,1,on_ramp,P15_AV2_1,P15_AV2.1.asc,AV1,60,initiator_active,3474,1,57900.0,57900.0006,1.0,22.3,80.28,195.0,21.254872,1200.447747,0.0,0.0,0.0,22.3,0.0,0.0,1200.522654,-26.438711,6.086604,1.0,0.0,0.0,0.0,0.0,1148.443106,-33.301692,1021.0,5006.0,0.0,175.0,-0.010841,35.077406,126.278662,35.077393,-0.030199,-9.2e-05,0.1694,-0.00236,0.000136,0.01256,0.321608,0.0,0.0,0.0,0.0,1.0,-9999.0,-9999.0,-9999.0,-9999.0,-9999.0,-9999.0,-9999.0,-9999.0,-9999.0,-9999.0,-9999.0,-9999.0,-9999.0,-9999.0,195.0,ramp,spur5,stable_reference,6.861359319709536,1.2670962431591823,-1.3803885507345983,-0.2520606960813925,-0.2520606960813925,0.9666665999999968,33.81710276614883,0.03800112075115393,85.8382391821061,7.33054485274524,7.330414555531176,-4.180887970652975,1.4271258799359572,7.5784414536054125,-0.24789660086017218
P15_AV2_1_interaction,P15,AV2,1,on_ramp,P15_AV2_1,P15_AV2.1.asc,AV1,60,initiator_active,3475,1,57916.67,57916.6673,1.0,22.3,80.28,195.0,21.6262,1200.813744,0.0,0.0,0.0,22.3,0.0,0.0,1200.887209,-26.511068,6.087434,1.0,0.0,0.0,0.0,0.0,1149.02769,-33.306572,1021.0,5006.0,0.0,175.0,-0.011669,35.080229,126.288823,35.080216,-0.030207,-8.9e-05,0.169328,-0.002237,0.000229,0.01256,0.321608,0.0,0.0,0.0,0.0,1.0,-9999.0,-9999.0,-9999.0,-9999.0,-9999.0,-9999.0,-9999.0,-9999.0,-9999.0,-9999.0,-9999.0,-9999.0,-9999.0,-9999.0,195.0,ramp,spur5,stable_reference,6.799139074766952,1.2031696118654909,-1.4451222427042925,-0.2541642162975634,-0.2541642162975634,0.9833332999999984,34.401707131837355,0.03794567835515613,86.20337890753638,7.261198876750855,7.260922066723316,-4.163450451841754,0.9184293145848272,7.511164247234934,-0.24996537048407852
P15_AV2_1_interaction,P15,AV2,1,on_ramp,P15_AV2_1,P15_AV2.1.asc,AV1,60,initiator_active,3476,1,57933.33,57933.3342,1.0,22.3,80.28,195.0,21.997535,1201.179806,0.0,0.0,0.0,22.3,0.0,0.0,1201.251805,-26.583223,6.087904,1.0,0.0,0.0,0.0,0.0,1149.612321,-33.311452,1021.0,5006.0,0.0,175.0,-0.012494,35.08305,126.29898,35.083037,-0.030207,-8.5e-05,0.16925,-0.002144,0.000295,0.01256,0.321608,0.0,0.0,0.0,0.0,1.0,-9999.0,-9999.0,-9999.0,-9999.0,-9999.0,-9999.0,-9999.0,-9999.0,-9999.0,-9999.0,-9999.0,-9999.0,-9999.0,-9999.0,195.0,ramp,spur5,stable_reference,6.73712188905782,1.1394458727620131,-1.5096531230718022,-0.2566303762601751,-0.2566303762601751,1.000000199999995,34.986358495925565,0.03789062383566166,86.56855796452699,7.192055232237911,7.191631765985901,-4.150273466380526,0.9634757162436927,7.444614046512122,-0.25255881427421034
P15_AV2_1_interaction,P15,AV2,1,on_ramp,P15_AV2_1,P15_AV2.1.asc,AV1,60,initiator_active,3477,1,57950.0,57950.0001,1.0,22.3,80.28,195.0,22.368816,1201.545907,0.0,0.0,0.0,22.3,0.0,0.0,1201.616421,-26.655272,6.088147,1.0,0.0,0.0,0.0,0.0,1150.196999,-33.316334,1021.0,5006.0,0.0,175.0,-0.013316,35.08587,126.309132,35.085857,-0.0302,-7.9e-05,0.169171,-0.00208,0.000338,0.01256,0.321608,0.0,0.0,0.0,0.0,1.0,-9999.0,-9999.0,-9999.0,-9999.0,-9999.0,-9999.0,-9999.0,-9999.0,-9999.0,-9999.0,-9999.0,-9999.0,-9999.0,-9999.0,195.0,ramp,spur5,stable_reference,6.675211217177958,1.0758285668865,-1.5740776091610609,-0.2597776717191767,-0.2597776717191767,1.016666099999995,35.571056874918376,0.037833957260779934,86.93375614605094,7.123017749169065,7.122581817150836,-4.131335454212291,1.4471001184187031,7.3786739255750815,-0.2556561764060161
P15_AV2_1_interaction,P15,AV2,1,on_ramp,P15_AV2_1,P15_AV2.1.asc,AV1,60,initiator_active,3478,1,57966.67,57966.6668,1.0,22.3,80.28,195.0,22.740107,1201.91203,0.0,0.0,0.0,22.3,0.0,0.0,1201.981047,-26.727269,6.08826,1.0,0.0,0.0,0.0,0.0,1150.781723,-33.321217,1021.0,5006.0,0.0,175.0,-0.014135,35.088688,126.319278,35.088675,-0.030186,-7.3e-05,0.169077,-0.002041,0.000362,0.01256,0.321608,0.0,0.0,0.0,0.0,1.0,-9999.0,-9999.0,-9999.0,-9999.0,-9999.0,-9999.0,-9999.0,-9999.0,-9999.0,-9999.0,-9999.0,-9999.0,-9999.0,-9999.0,195.0,ramp,spur5,stable_reference,6.613352802597281,1.0122634778911854,-1.6384498978934212,-0.2629550495060887,-0.2629550495060887,1.0333327999999964,36.155801260597514,0.03777667034375856,87.2989638980946,7.054032346856327,7.053923632788573,-4.102037359733998,2.0760316126510077,7.313009656911282,-0.25897731005495483
P15_AV2_1_interaction,P15,AV2,1,on_ramp,P15_AV2_1,P15_AV2.1.asc,AV1,60,initiator_active,3479,1,57983.33,57983.3336,1.0,22.3,80.28,195.0,23.111397,1202.278165,0.0,0.0,0.0,22.3,0.0,0.0,1202.345738,-26.798942,6.089971,1.0,0.0,0.0,0.0,0.0,1151.366495,-33.3261,1021.0,5006.0,0.0,175.0,-0.014949,35.091505,126.329419,35.091492,-0.030166,-6.7e-05,0.168971,-0.002026,0.000371,0.01256,0.321608,0.0,0.0,0.0,0.0,1.0,-9999.0,-9999.0,-9999.0,-9999.0,-9999.0,-9999.0,-9999.0,-9999.0,-9999.0,-9999.0,-9999.0,-9999.0,-9999.0,-9999.0,195.0,ramp,spur5,stable_reference,6.551820065844766,0.9490238023438836,-1.7024969007573296,-0.2672839712507253,-0.2672839712507253,1.0499995999999956,36.74059364464193,0.03771977955592915,87.66423397405265,6.9853714699350276,6.985846558309243,-4.062133990821906,2.632932456379237,7.248612217832204,-0.2632407478971768
P15_AV2_1_interaction,P15,AV2,1,on_ramp,P15_AV2_1,P15_AV2.1.asc,AV1,60,initiator_active,3480,1,58000.0,58000.0007,1.0,22.3,80.28,195.0,23.482629,1202.64436,0.0,0.0,0.0,22.3,0.0,0.0,1202.710666,-26.869391,6.093316,1.0,0.0,0.0,0.0,0.0,1151.951314,-33.330984,1021.0,5006.0,0.0,175.0,-0.01576,35.09432,126.339553,35.094307,-0.030141,-6.1e-05,0.168869,-0.00203,0.000368,0.01256,0.321608,0.0,0.0,0.0,0.0,1.0,-9999.0,-9999.0,-9999.0,-9999.0,-9999.0,-9999.0,-9999.0,-9999.0,-9999.0,-9999.0,-9999.0,-9999.0,-9999.0,-9999.0,195.0,ramp,spur5,stable_reference,6.491517430312865,0.8870132690931053,-1.7653152244337107,-0.27036620809381,-0.27036620809381,1.0666666999999943,37.3254330353385,0.03766227667865072,88.02973094064542,6.917936507219475,6.918516878026725,-4.01427130927533,2.9684204803749594,7.184212866747123,-0.26627635952764717
P15_AV2_1_interaction,P15,AV2,1,on_ramp,P15_AV2_1,P15_AV2.1.asc,AV1,60,initiator_active,3481,1,58016.67,58016.6674,1.0,22.3,80.28,195.0,23.853883,1203.010769,0.0,0.0,0.0,22.3,0.0,0.0,1203.075821,-26.93866,6.096449,1.0,0.0,0.0,0.0,0.0,1152.53618,-33.33587,1021.0,5006.0,0.0,175.0,-0.016568,35.097134,126.349682,35.097121,-0.030109,-5.5e-05,0.168775,-0.002054,0.000357,0.01256,0.306533,0.0,0.0,0.0,0.0,1.0,-9999.0,-9999.0,-9999.0,-9999.0,-9999.0,-9999.0,-9999.0,-9999.0,-9999.0,-9999.0,-9999.0,-9999.0,-9999.0,-9999.0,195.0,ramp,spur5,stable_reference,6.432400635626108,0.8261876591290644,-1.8269490680215537,-0.2732264216119128,-0.2732264216119128,1.083333399999996,37.910319440940135,0.037603161745988746,88.39544516133195,6.851683377681135,6.852035621016782,-3.963185333599654,2.9624019189343187,7.120956270084649,-0.2692728924035146
P15_AV2_1_interaction,P15,AV2,1,on_ramp,P15_AV2_1,P15_AV2.1.asc,AV1,60,initiator_active,3482,1,58033.33,58033.3336,1.0,22.3,80.28,195.0,24.225143,1203.377382,0.0,0.0,0.0,22.3,0.0,0.0,1203.44115,-27.007004,6.098783,1.0,0.0,0.0,0.0,0.0,1153.121093,-33.340755,1021.0,5006.0,0.0,175.0,-0.017372,35.099946,126.359805,35.099933,-0.030073,-4.9e-05,0.168688,-0.002095,0.00034,0.01256,0.306533,0.0,0.0,0.0,0.0,1.0,-9999.0,-9999.0,-9999.0,-9999.0,-9999.0,-9999.0,-9999.0,-9999.0,-9999.0,-9999.0,-9999.0,-9999.0,-9999.0,-9999.0,195.0,ramp,spur5,stable_reference,6.374213310177407,0.7662908175030491,-1.8876544819982517,-0.2755911704539767,-0.2755911704539767,1.0999995999999956,38.4952528366883,0.03754543465576974,88.76132574235365,6.7863566526111345,6.786412391938651,-3.9155257596027297,2.488848903879699,7.0579600764352906,-0.27160342382415603
P15_AV2_1_interaction,P15,AV2,1,on_ramp,P15_AV2_1,P15_AV2.1.asc,AV1,60,initiator_active,3483,1,58050.0,58050.0,1.0,22.3,80.28,195.0,24.596354,1203.74415,0.0,0.0,0.0,22.3,0.0,0.0,1203.806598,-27.074707,6.100348,1.0,0.0,0.0,0.0,0.0,1153.706052,-33.345642,1021.0,5006.0,0.0,175.0,-0.018171,35.102756,126.369923,35.102744,-0.030033,-4.4e-05,0.168605,-0.002151,0.00032,0.012403,0.306533,0.0,0.0,0.0,0.0,1.0,-9999.0,-9999.0,-9999.0,-9999.0,-9999.0,-9999.0,-9999.0,-9999.0,-9999.0,-9999.0,-9999.0,-9999.0,-9999.0,-9999.0,195.0,ramp,spur5,stable_reference,6.31667003805218,0.7070375508416132,-1.9477165522622617,-0.2778258720236745,-0.2778258720236745,1.1166659999999975,39.08023224737548,0.037486087257474814,89.12732002934723,6.72167188778278,6.721520975873588,-3.8802256769493226,1.666234003228297,6.995680458298802,-0.27400857051602134
P15_AV2_1_interaction,P15,AV2,1,on_ramp,P15_AV2_1,P15_AV2.1.asc,AV1,60,initiator_active,3484,1,58066.67,58066.6676,1.0,22.3,80.28,195.0,24.967584,1204.111027,0.0,0.0,0.0,22.3,0.0,0.0,1204.17212,-27.142009,6.101309,1.0,0.0,0.0,0.0,0.0,1154.291058,-33.35053,1021.0,5006.0,0.0,175.0,-0.018967,35.105566,126.380037,35.105553,-0.029989,-3.8e-05,0.168524,-0.00222,0.000299,0.011932,0.306533,0.0,0.0,0.0,0.0,1.0,-9999.0,-9999.0,-9999.0,-9999.0,-9999.0,-9999.0,-9999.0,-9999.0,-9999.0,-9999.0,-9999.0,-9999.0,-9999.0,-9999.0,195.0,ramp,spur5,stable_reference,6.259529663711388,0.648186884781137,-2.007376165613003,-0.2807518745065837,-0.2807518745065837,1.133333599999998,39.665258664714806,0.037426127769730796,89.49338500449178,6.6573887199979325,6.657068981196164,-3.859984599709776,1.065502224139479,6.934283089996287,-0.27689436999835415
P15_AV2_1_interaction,P15,AV2,1,on_ramp,P15_AV2_1,P15_AV2.1.asc,AV1,60,initiator_active,3485,1,58083.33,58083.334,1.0,22.3,80.28,195.0,25.338809,1204.477972,0.0,0.0,0.0,22.3,0.0,0.0,1204.537686,-27.209077,6.101853,1.0,0.0,0.0,0.0,0.0,1154.876112,-33.355419,1021.0,5006.0,0.0,175.0,-0.019759,35.108374,126.390145,35.108361,-0.029928,-3.4e-05,0.168446,-0.00014,0.000275,0.010519,0.306533,0.0,0.0,0.0,0.0,1.0,-9999.0,-9999.0,-9999.0,-9999.0,-9999.0,-9999.0,-9999.0,-9999.0,-9999.0,-9999.0,-9999.0,-9999.0,-9999.0,-9999.0,195.0,ramp,spur5,stable_reference,6.202624419487379,0.5895711716092379,-2.0668009117257777,-0.2834397923292786,-0.2834397923292786,1.15,40.2503330886721,0.03736556444523532,89.85949204700805,6.593339907362868,6.592852232622969,-3.8447078684761493,1.1145018298382041,6.872885263444319,-0.27954535608145115
P15_AV2_1_interaction,P15,AV2,1,on_ramp,P15_AV2_1,P15_AV2.1.asc,AV1,60,initiator_active,3486,1,58100.0,58100.0007,1.0,22.3,80.28,195.0,25.70998,1204.844957,0.0,0.0,0.0,22.3,0.0,0.0,1204.903274,-27.276022,6.102136,1.0,0.0,0.0,0.0,0.0,1155.461212,-33.360308,1021.0,5006.0,0.0,175.0,-0.020547,35.11118,126.400249,35.111168,-0.029803,-2.9e-05,0.168371,0.007908,0.000251,0.006594,0.306533,0.0,0.0,0.0,0.0,1.0,-9999.0,-9999.0,-9999.0,-9999.0,-9999.0,-9999.0,-9999.0,-9999.0,-9999.0,-9999.0,-9999.0,-9999.0,-9999.0,-9999.0,195.0,ramp,spur5,stable_reference,6.145842738014546,0.5310789332844387,-2.1261022255261426,-0.2875776836732095,-0.2875776836732095,1.1666666999999944,40.83545351106303,0.03730538074454368,90.22562007369422,6.5294142720983706,6.528912954360738,-3.8228346800345605,1.6620814625442222,6.81324828805999,-0.2838340159616193
P15_AV2_1_interaction,P15,AV2,1,on_ramp,P15_AV2_1,P15_AV2.1.asc,AV1,60,initiator_active,3487,1,58116.67,58116.6674,1.0,22.3,80.28,195.0,26.081162,1205.211965,0.0,0.0,0.0,22.3,0.0,0.0,1205.268873,-27.342906,6.102266,1.0,0.0,0.0,0.0,0.0,1156.046358,-33.365197,1021.0,5006.0,0.0,175.0,-0.021329,35.113985,126.410347,35.113973,-0.029592,-2.5e-05,0.168294,0.017202,0.000224,0.002041,0.306533,0.0,0.0,0.0,0.0,1.0,-9999.0,-9999.0,-9999.0,-9999.0,-9999.0,-9999.0,-9999.0,-9999.0,-9999.0,-9999.0,-9999.0,-9999.0,-9999.0,-9999.0,195.0,ramp,spur5,stable_reference,6.089122338109576,0.4726479325162828,-2.185342323061415,-0.2917246558364072,-0.2917246558364072,1.183333399999996,41.42061993188758,0.037245576667670054,90.59175859659148,6.465549725536184,6.4654241550995195,-3.789305042252579,2.3762875396989216,6.753476728645248,-0.28792700310906394
P15_AV2_1_interaction,P15,AV2,1,on_ramp,P15_AV2_1,P15_AV2.1.asc,AV1,60,initiator_active,3488,1,58133.33,58133.3341,1.0,22.3,80.28,195.0,26.452328,1205.578985,0.0,0.0,0.0,22.3,0.0,0.0,1205.634539,-27.409418,6.104226,1.0,0.0,0.0,0.0,0.0,1156.631552,-33.370084,1021.0,5006.0,0.0,175.0,-0.022105,35.116789,126.420441,35.116777,-0.029352,-2.2e-05,0.168213,0.024155,0.000194,-0.001413,0.306533,0.0,0.0,0.0,0.0,1.0,-9999.0,-9999.0,-9999.0,-9999.0,-9999.0,-9999.0,-9999.0,-9999.0,-9999.0,-9999.0,-9999.0,-9999.0,-9999.0,-9999.0,195.0,ramp,spur5,stable_reference,6.032775653034018,0.4145903785630646,-2.24420910344469,-0.2964494604625515,-0.2964494604625515,1.2000000999999976,42.005834334572036,0.03718816865188243,90.95796104720581,6.4020577192362245,6.402602533665304,-3.743624936958753,3.0210885444736135,6.694852446248613,-0.29279472701238873
P15_AV2_1_interaction,P15,AV2,1,on_ramp,P15_AV2_1,P15_AV2.1.asc,AV1,60,initiator_active,3489,1,58150.0,58150.0001,1.0,22.3,80.28,195.0,26.823438,1205.946068,0.0,0.0,0.0,22.3,0.0,0.0,1206.000459,-27.474525,6.108056,1.0,0.0,0.0,0.0,0.0,1157.216792,-33.374969,1021.0,5006.0,0.0,175.0,-0.022873,35.119591,126.430529,35.119579,-0.029163,-1.9e-05,0.168132,0.028898,0.000161,-0.003768,0.306533,0.0,0.0,0.0,0.0,1.0,-9999.0,-9999.0,-9999.0,-9999.0,-9999.0,-9999.0,-9999.0,-9999.0,-9999.0,-9999.0,-9999.0,-9999.0,-9999.0,-9999.0,195.0,ramp,spur5,stable_reference,5.977840470979583,0.3579433109525678,-2.301665889298429,-0.3004058010428876,-0.3004058010428876,1.216666099999995,42.591094719184504,0.03713314019179065,91.32440589413912,6.339972761273989,6.340638992233377,-3.688604396520759,3.416191372191463,6.636675053705389,-0.2967022924313998
P15_AV2_1_interaction,P15,AV2,1,on_ramp,P15_AV2_1,P15_AV2.1.asc,AV1,60,initiator_active,3490,1,58166.67,58166.6674,1.0,22.3,80.28,195.0,27.194573,1206.313374,0.0,0.0,0.0,22.3,0.0,0.0,1206.366617,-27.538277,6.111642,1.0,0.0,0.0,0.0,0.0,1157.802079,-33.379848,1021.0,5006.0,0.0,175.0,-0.023631,35.122392,126.440612,35.12238,-0.02908,-1.7e-05,0.168052,0.032887,0.000121,-0.005652,0.306533,0.0,0.0,0.0,0.0,1.0,-9999.0,-9999.0,-9999.0,-9999.0,-9999.0,-9999.0,-9999.0,-9999.0,-9999.0,-9999.0,-9999.0,-9999.0,-9999.0,-9999.0,195.0,ramp,spur5,stable_reference,5.924266367500937,0.3026563738386495,-2.357763003623353,-0.3033852729555097,-0.3033852729555097,1.2333333999999958,43.1764020526805,0.03708449940387709,91.69107755057016,6.2792447213091105,6.279649253065443,-3.629751706530527,3.4036625460880856,6.579110667151234,-0.29986594584212334
P15_AV2_1_interaction,P15,AV2,1,on_ramp,P15_AV2_1,P15_AV2.1.asc,AV1,60,initiator_active,3491,1,58183.33,58183.3342,1.0,22.3,80.28,195.0,27.565702,1206.68089,0.0,0.0,0.0,22.3,0.0,0.0,1206.732958,-27.600966,6.114316,1.0,0.0,0.0,0.0,0.0,1158.387413,-33.384723,1021.0,5006.0,0.0,175.0,-0.024378,35.125066,126.450236,35.125054,-0.029118,-1.6e-05,0.15353,0.038185,5.4e-05,-0.008007,0.306533,0.0,0.0,0.0,0.0,1.0,-9999.0,-9999.0,-9999.0,-9999.0,-9999.0,-9999.0,-9999.0,-9999.0,-9999.0,-9999.0,-9999.0,-9999.0,-9999.0,-9999.0,195.0,ramp,spur5,stable_reference,5.871759929759854,0.2484363759774966,-2.4127935305757755,-0.3066422516514964,-0.3066422516514964,1.250000199999995,43.76175635156497,0.037040246356251035,92.05792342815856,6.219581155387342,6.219644456379568,-3.5751462414804394,2.849903102533517,6.522666298350483,-0.30308514296314115
P15_AV2_1_interaction,P15,AV2,1,on_ramp,P15_AV2_1,P15_AV2.1.asc,AV1,60,initiator_active,3492,1,58200.0,58200.0002,1.0,22.3,80.28,195.0,27.936789,1207.048568,0.0,0.0,0.0,22.3,0.0,0.0,1207.099425,-27.662921,6.116107,1.0,0.0,0.0,0.0,0.0,1158.972791,-33.389591,1021.0,5006.0,0.0,175.0,-0.025113,35.12752,126.459072,35.127508,-0.029281,-1.6e-05,0.144327,0.043862,-6.1e-05,-0.010362,0.306533,0.0,0.0,0.0,0.0,1.0,-9999.0,-9999.0,-9999.0,-9999.0,-9999.0,-9999.0,-9999.0,-9999.0,-9999.0,-9999.0,-9999.0,-9999.0,-9999.0,-9999.0,195.0,ramp,spur5,stable_reference,5.819990703686911,0.1949530898301364,-2.467087587990966,-0.3091545262755727,-0.3091545262755727,1.2666661999999997,44.347154591182324,0.0370033561886712,92.42488924398049,6.160652604309038,6.160479578247962,-3.5347557741730213,1.910653855855145,6.466220879030763,-0.30556827472172454
P15_AV2_1_interaction,P15,AV2,1,on_ramp,P15_AV2_1,P15_AV2.1.asc,AV1,60,initiator_active,3493,1,58216.67,58216.6676,1.0,22.3,80.28,195.0,28.307894,1207.416357,0.0,0.0,0.0,22.3,0.0,0.0,1207.465969,-27.724414,6.117207,1.0,0.0,0.0,0.0,0.0,1159.55821,-33.394451,1021.0,5006.0,0.0,175.0,-0.025835,35.129889,126.4676,35.129876,-0.029576,-1.8e-05,0.141145,0.051247,-0.000222,-0.013345,0.306533,0.0,0.0,0.0,0.0,1.0,-9999.0,-9999.0,-9999.0,-9999.0,-9999.0,-9999.0,-9999.0,-9999.0,-9999.0,-9999.0,-9999.0,-9999.0,-9999.0,-9999.0,195.0,ramp,spur5,stable_reference,5.768685435130166,0.141933457262303,-2.520918139172195,-0.3127249754148817,-0.3127249754148817,1.2833335999999982,44.93259376338195,0.036974804109019696,92.79192824443669,6.102186672955018,6.101819071039495,-3.5114590883411267,1.225434396193947,6.411506609480613,-0.3093199365255952
P15_AV2_1_interaction,P15,AV2,1,on_ramp,P15_AV2_1,P15_AV2.1.asc,AV1,60,initiator_active,3494,1,58233.33,58233.3342,1.0,22.3,80.28,195.0,28.678979,1207.784215,0.0,0.0,0.0,22.3,0.0,0.0,1207.832558,-27.78564,6.117831,1.0,0.0,0.0,0.0,0.0,1160.143669,-33.399301,1021.0,5006.0,0.0,175.0,-0.026542,35.132228,126.47602,35.132215,-0.03,-2.4e-05,0.140032,0.060372,-0.000398,-0.016956,0.306533,0.0,0.0,0.0,0.0,1.0,-9999.0,-9999.0,-9999.0,-9999.0,-9999.0,-9999.0,-9999.0,-9999.0,-9999.0,-9999.0,-9999.0,-9999.0,-9999.0,-9999.0,195.0,ramp,spur5,stable_reference,5.717648311730004,0.0891817918707091,-2.574480809433544,-0.3162676714167664,-0.3162676714167664,1.300000199999995,45.51807285169262,0.03695658179647868,93.15901003989184,6.043988103879684,6.043428588171143,-3.4939068683285086,1.2796583783400308,6.3568121625208285,-0.3128240586411444
P15_AV2_1_interaction,P15,AV2,1,on_ramp,P15_AV2_1,P15_AV2.1.asc,AV1,60,initiator_active,3495,1,58250.0,58250.0006,1.0,22.3,80.28,195.0,29.050018,1208.152114,0.0,0.0,0.0,22.3,0.0,0.0,1208.199171,-27.846723,6.118154,1.0,0.0,0.0,0.0,0.0,1160.729168,-33.404141,1021.0,5006.0,0.0,175.0,-0.027232,35.134556,126.484402,35.134543,-0.030558,-3.2e-05,0.139606,0.070919,-0.000546,-0.021038,0.306533,0.0,0.0,0.0,0.0,1.0,-9999.0,-9999.0,-9999.0,-9999.0,-9999.0,-9999.0,-9999.0,-9999.0,-9999.0,-9999.0,-9999.0,-9999.0,-9999.0,-9999.0,195.0,ramp,spur5,stable_reference,5.666754798849308,0.0365736421467281,-2.627900010001616,-0.3205843790086122,-0.3205843790086122,1.316666599999997,46.10359185611412,0.036948689251060415,93.52611465439472,5.985932727999221,5.985356669583082,-3.4688043262237613,1.9079644899374841,6.303256719139493,-0.3173239911402721
P15_AV2_1_interaction,P15,AV2,1,on_ramp,P15_AV2_1,P15_AV2.1.asc,AV1,60,initiator_active,3496,1,58266.67,58266.6674,1.0,22.3,80.28,195.0,29.421063,1208.520036,0.0,0.0,0.0,22.3,0.0,0.0,1208.565795,-27.907737,6.118304,1.0,0.0,0.0,0.0,0.0,1161.314705,-33.408967,1021.0,5006.0,0.0,175.0,-0.027904,35.13688,126.492766,35.136866,-0.031269,-4.2e-05,0.139406,0.081928,-0.000641,-0.02512,0.306533,0.0,0.0,0.0,0.0,1.0,-9999.0,-9999.0,-9999.0,-9999.0,-9999.0,-9999.0,-9999.0,-9999.0,-9999.0,-9999.0,-9999.0,-9999.0,-9999.0,-9999.0,195.0,ramp,spur5,stable_reference,5.615930564460165,-0.0159652721502072,-2.681249996046688,-0.325756519635726,-0.325756519635726,1.333333399999996,46.68914874370378,0.036955109831169994,93.89322969908739,5.927946440548636,5.927802252257639,-3.4303079849583753,2.733290344213927,6.2503899709241395,-0.32244353037550333
P15_AV2_1_interaction,P15,AV2,1,on_ramp,P15_AV2_1,P15_AV2.1.asc,AV1,60,initiator_active,3497,1,58283.33,58283.3335,1.0,22.3,80.28,195.0,29.792073,1208.88797,0.0,0.0,0.0,22.3,0.0,0.0,1208.93249,-27.968323,6.120549,1.0,0.0,0.0,0.0,0.0,1161.900281,-33.413777,1021.0,5006.0,0.0,175.0,-0.028554,35.1392,126.501121,35.139186,-0.032162,-5.4e-05,0.139279,0.093111,-0.000677,-0.029045,0.306533,0.0,0.0,0.0,0.0,1.0,-9999.0,-9999.0,-9999.0,-9999.0,-9999.0,-9999.0,-9999.0,-9999.0,-9999.0,-9999.0,-9999.0,-9999.0,-9999.0,-9999.0,195.0,ramp,spur5,stable_reference,5.565536134284425,-0.0680746622503726,-2.7341705936621987,-0.3307449944664739,-0.3307449944664739,1.349999499999998,47.27474449792229,0.036977851721372405,94.26041220921019,5.870388724464019,5.871014524450732,-3.3776964254363406,3.473294419728589,6.198001499737212,-0.32761277527319344
P15_AV2_1_interaction,P15,AV2,1,on_ramp,P15_AV2_1,P15_AV2.1.asc,AV1,60,initiator_active,3498,1,58300.0,58300.0007,1.0,22.3,80.28,195.0,30.163036,1209.255967,0.0,0.0,0.0,22.3,0.0,0.0,1209.299448,-28.027295,6.124937,1.0,0.0,0.0,0.0,0.0,1162.485896,-33.418569,1021.0,5006.0,0.0,175.0,-0.02918,35.141519,126.509469,35.141503,-0.033267,-6.5e-05,0.139175,0.104522,-0.00066,-0.032813,0.306533,0.0,0.0,0.0,0.0,1.0,-9999.0,-9999.0,-9999.0,-9999.0,-9999.0,-9999.0,-9999.0,-9999.0,-9999.0,-9999.0,-9999.0,-9999.0,-9999.0,-9999.0,195.0,ramp,spur5,stable_reference,5.516762376327196,-0.1185644139932772,-2.785472054447879,-0.3357091641938192,-0.3357091641938192,1.3666666999999943,47.86037910226426,0.037018914853582996,94.62784439053279,5.814447123874059,5.815212549304608,-3.3145309237685296,3.919986104541266,6.146977057225254,-0.33252993335119463
P15_AV2_1_interaction,P15,AV2,1,on_ramp,P15_AV2_1,P15_AV2.1.asc,AV1,60,initiator_active,3499,1,58316.67,58316.667,1.0,22.3,80.28,195.0,30.534022,1209.624192,0.0,0.0,0.0,22.3,0.0,0.0,1209.666654,-28.08471,6.129047,1.0,0.0,0.0,0.0,0.0,1163.07155,-33.42334,1021.0,5006.0,0.0,175.0,-0.029778,35.143836,126.517809,35.143819,-0.034609,-7.6e-05,0.139078,0.115554,-0.000603,-0.03611,0.306533,0.0,0.0,0.0,0.0,1.0,-9999.0,-9999.0,-9999.0,-9999.0,-9999.0,-9999.0,-9999.0,-9999.0,-9999.0,-9999.0,-9999.0,-9999.0,-9999.0,-9999.0,195.0,ramp,spur5,stable_reference,5.469551896564428,-0.1674918582894135,-2.835211679012065,-0.3390968197381259,-0.3390968197381259,1.3833329999999988,48.44605253197162,0.03708129912561782,94.99551171396934,5.760064516929454,5.760529547640111,-3.2470298029333833,3.9121239977064306,6.095950024070463,-0.3358855071410094
P15_AV2_1_interaction,P15,AV2,1,on_ramp,P15_AV2_1,P15_AV2.1.asc,AV1,60,initiator_active,3500,1,58333.33,58333.3341,1.0,22.3,80.28,195.0,30.90499,1209.99263,0.0,0.0,0.0,22.3,0.0,0.0,1210.034047,-28.140903,6.13211,1.0,0.0,0.0,0.0,0.0,1163.657243,-33.428086,1021.0,5006.0,0.0,175.0,-0.030347,35.146153,126.526149,35.146134,-0.036212,-8.5e-05,0.139226,0.126576,-0.000519,-0.039093,0.306533,0.0,0.0,0.0,0.0,1.0,-9999.0,-9999.0,-9999.0,-9999.0,-9999.0,-9999.0,-9999.0,-9999.0,-9999.0,-9999.0,-9999.0,-9999.0,-9999.0,-9999.0,195.0,ramp,spur5,stable_reference,5.423568132315912,-0.2151933133695641,-2.883725667355632,-0.3427078873849771,-0.3427078873849771,1.4000000999999975,49.031764754033816,0.03716900440128097,95.36335594624862,5.7069054116241285,5.7069780605087725,-3.184126750560438,3.2833280533375415,6.046603204241891,-0.3396977926177627
P15_AV2_1_interaction,P15,AV2,1,on_ramp,P15_AV2_1,P15_AV2.1.asc,AV1,60,initiator_active,3501,1,58350.0,58350.0,1.0,22.3,80.28,195.0,31.275928,1210.36123,0.0,0.0,0.0,22.3,0.0,0.0,1210.40157,-28.196253,6.134162,1.0,0.0,0.0,0.0,0.0,1164.242974,-33.432806,1021.0,5006.0,0.0,175.0,-0.030883,35.148475,126.534509,35.148454,-0.038099,-9.3e-05,0.139614,0.135979,-0.000422,-0.040977,0.306533,0.0,0.0,0.0,0.0,1.0,-9999.0,-9999.0,-9999.0,-9999.0,-9999.0,-9999.0,-9999.0,-9999.0,-9999.0,-9999.0,-9999.0,-9999.0,-9999.0,-9999.0,195.0,ramp,spur5,stable_reference,5.378430648739057,-0.2620489934626763,-2.9313941264257704,-0.3459007187908749,-0.3459007187908749,1.4166659999999975,49.617514760231664,0.037283022393812544,95.73132321708182,5.65459035046115,5.654392981356726,-3.137585451157179,2.2068082583350304,5.9974529309951095,-0.3428625805339598
P15_AV2_1_interaction,P15,AV2,1,on_ramp,P15_AV2_1,P15_AV2.1.asc,AV1,60,initiator_active,3502,1,58366.67,58366.6672,1.0,22.3,80.28,195.0,31.646879,1210.72994,0.0,0.0,0.0,22.3,0.0,0.0,1210.769171,-28.251072,6.135424,1.0,0.0,0.0,0.0,0.0,1164.828745,-33.437496,1021.0,5006.0,0.0,175.0,-0.031383,35.150801,126.542885,35.150778,-0.040299,-9.9e-05,0.139845,0.143449,-0.000322,-0.041605,0.291457,0.0,0.0,0.0,0.0,1.0,-9999.0,-9999.0,-9999.0,-9999.0,-9999.0,-9999.0,-9999.0,-9999.0,-9999.0,-9999.0,-9999.0,-9999.0,-9999.0,-9999.0,195.0,ramp,spur5,stable_reference,5.333826123874868,-0.3083720152718023,-2.978530073419436,-0.3493804052923178,-0.3493804052923178,1.433333200000001,50.20330451748673,0.037427369472380206,96.09936410307964,5.60280691492541,5.602392656836129,-3.1105685133391603,1.4137280431546344,5.94936510643901,-0.34655819151359957
P15_AV2_1_interaction,P15,AV2,1,on_ramp,P15_AV2_1,P15_AV2.1.asc,AV1,60,initiator_active,3503,1,58383.33,58383.3341,1.0,22.3,80.28,195.0,32.017796,1211.09872,0.0,0.0,0.0,22.3,0.0,0.0,1211.136819,-28.305584,6.136138,1.0,0.0,0.0,0.0,0.0,1165.414555,-33.442153,1021.0,5006.0,0.0,175.0,-0.031845,35.15313,126.551269,35.153104,-0.042816,-0.000103,0.139926,0.150315,-0.000222,-0.041291,0.291457,0.0,0.0,0.0,0.0,1.0,-9999.0,-9999.0,-9999.0,-9999.0,-9999.0,-9999.0,-9999.0,-9999.0,-9999.0,-9999.0,-9999.0,-9999.0,-9999.0,-9999.0,195.0,ramp,spur5,stable_reference,5.289529784244824,-0.3543870344081645,-3.025358106467575,-0.3537499496360152,-0.3537499496360152,1.4500000999999976,50.78913300107488,0.03760503728214309,96.46744945390084,5.551330856811587,5.550704973865606,-3.090459974853161,1.443896995404799,5.902223296504395,-0.3508924396928075
P15_AV2_1_interaction,P15,AV2,1,on_ramp,P15_AV2_1,P15_AV2.1.asc,AV1,60,initiator_active,3504,1,58400.0,58400.0007,1.0,22.3,80.28,195.0,32.388676,1211.46754,0.0,0.0,0.0,22.3,0.0,0.0,1211.50449,-28.359932,6.136508,1.0,0.0,0.0,0.0,0.0,1166.000403,-33.446776,1021.0,5006.0,0.0,175.0,-0.032265,35.155459,126.559653,35.155429,-0.045625,-0.000106,0.139924,0.157869,-0.000124,-0.04082,0.291457,0.0,0.0,0.0,0.0,1.0,-9999.0,-9999.0,-9999.0,-9999.0,-9999.0,-9999.0,-9999.0,-9999.0,-9999.0,-9999.0,-9999.0,-9999.0,-9999.0,-9999.0,195.0,ramp,spur5,stable_reference,5.24539801932945,-0.4002375665393846,-3.072021695263474,-0.3580424835572726,-0.3580424835572726,1.4666666999999942,51.37499920277737,0.037817017536337975,96.83555645049722,5.500018982924803,5.499376802809888,-3.0624385152825084,2.1237092165765716,5.855413886467039,-0.35539490354223613
P15_AV2_1_interaction,P15,AV2,1,on_ramp,P15_AV2_1,P15_AV2.1.asc,AV1,60,initiator_active,3505,1,58416.67,58416.6673,1.0,22.3,80.28,195.0,32.759553,1211.836382,0.0,0.0,0.0,22.3,0.0,0.0,1211.872173,-28.414201,6.13668,1.0,0.0,0.0,0.0,0.0,1166.586291,-33.451362,1021.0,5006.0,0.0,175.0,-0.032642,35.157787,126.568033,35.157753,-0.04869,-0.000107,0.139883,0.165509,-3.3e-05,-0.040349,0.291457,0.0,0.0,0.0,0.0,1.0,-9999.0,-9999.0,-9999.0,-9999.0,-9999.0,-9999.0,-9999.0,-9999.0,-9999.0,-9999.0,-9999.0,-9999.0,-9999.0,-9999.0,195.0,ramp,spur5,stable_reference,5.201345556789783,-0.4460088428332903,-3.118606050845938,-0.3642120721864622,-0.3642120721864622,1.4833332999999984,51.96090509776824,0.038066326638194335,97.20367479472229,5.448786205380052,5.448624098347987,-3.019669950795162,3.0296522531437233,5.8103050759274755,-0.3615188705474237
P15_AV2_1_interaction,P15,AV2,1,on_ramp,P15_AV2_1,P15_AV2.1.asc,AV1,60,initiator_active,3506,1,58433.33,58433.3341,1.0,22.3,80.28,195.0,33.130381,1212.205235,0.0,0.0,0.0,22.3,0.0,0.0,1212.239926,-28.467994,6.13916,1.0,0.0,0.0,0.0,0.0,1167.20477,-33.456159,1021.0,5006.0,0.0,175.0,-0.032991,35.160243,126.576875,35.160204,-0.052163,-0.000107,0.139821,0.174378,5.7e-05,-0.040192,0.291457,0.0,0.0,0.0,0.0,1.0,-9999.0,-9999.0,-9999.0,-9999.0,-9999.0,-9999.0,-9999.0,-9999.0,-9999.0,-9999.0,-9999.0,-9999.0,-9999.0,-9999.0,195.0,ramp,spur5,stable_reference,5.157770852276233,-0.4913026307802913,-3.16471304931945,-0.3699006034374971,-0.3699006034374971,1.5000000999999974,52.579402624221764,0.03837360639483002,97.57185920828246,5.39802998931398,5.398720946673903,-2.961449719455203,3.843069809373077,5.765195326714097,-0.3671653374001167
P15_AV2_1_interaction,P15,AV2,1,on_ramp,P15_AV2_1,P15_AV2.1.asc,AV1,60,initiator_active,3507,1,58450.0,58450.0007,1.0,22.3,80.28,195.0,33.50117,1212.574149,0.0,0.0,0.0,22.3,0.0,0.0,1212.607936,-28.52,6.144006,1.0,0.0,0.0,0.0,0.0,1167.758184,-33.460411,1021.0,5006.0,0.0,175.0,-0.033256,35.162439,126.58478,35.162395,-0.055443,-0.000105,0.13976,0.182368,0.000127,-0.039878,0.291457,0.0,0.0,0.0,0.0,1.0,-9999.0,-9999.0,-9999.0,-9999.0,-9999.0,-9999.0,-9999.0,-9999.0,-9999.0,-9999.0,-9999.0,-9999.0,-9999.0,-9999.0,195.0,ramp,spur5,stable_reference,5.115989587079282,-0.5348039648561754,-3.209028073844144,-0.3751445408168353,-0.3751445408168353,1.5166666999999943,53.13283286868442,0.03868890621817593,97.94028586553115,5.349062833335067,5.349908897183418,-2.891567507564133,4.337898158639547,5.7216731708516395,-0.3726103375165728
P15_AV2_1_interaction,P15,AV2,1,on_ramp,P15_AV2_1,P15_AV2.1.asc,AV1,60,initiator_active,3508,1,58466.67,58466.6675,1.0,22.3,80.28,195.0,33.871975,1212.943279,0.0,0.0,0.0,22.3,0.0,0.0,1212.976186,-28.570282,6.148543,1.0,0.0,0.0,0.0,0.0,1168.344189,-33.46487,1021.0,5006.0,0.0,175.0,-0.033487,35.164762,126.593144,35.164713,-0.059059,-0.000102,0.139692,0.191532,0.000191,-0.039721,0.291457,0.0,0.0,0.0,0.0,1.0,-9999.0,-9999.0,-9999.0,-9999.0,-9999.0,-9999.0,-9999.0,-9999.0,-9999.0,-9999.0,-9999.0,-9999.0,-9999.0,-9999.0,195.0,ramp,spur5,stable_reference,5.075938314023094,-0.5765762205187631,-3.251614465457896,-0.3792888112515831,-0.3792888112515831,1.5333335000000006,53.71885471159896,0.03906617656008208,98.30893828696654,5.301821599292956,5.302335185184217,-2.816852766994174,4.3301335383279,5.678548211571484,-0.376726612278528
P15_AV2_1_interaction,P15,AV2,1,on_ramp,P15_AV2_1,P15_AV2.1.asc,AV1,60,initiator_active,3509,1,58483.33,58483.3341,1.0,22.3,80.28,195.0,34.242755,1213.312609,0.0,0.0,0.0,22.3,0.0,0.0,1213.344617,-28.619213,6.151923,1.0,0.0,0.0,0.0,0.0,1168.930233,-33.46928,1021.0,5006.0,0.0,175.0,-0.033663,35.167084,126.601503,35.167028,-0.062795,-9.8e-05,0.139623,0.199983,0.000239,-0.039093,0.291457,0.0,0.0,0.0,0.0,1.0,-9999.0,-9999.0,-9999.0,-9999.0,-9999.0,-9999.0,-9999.0,-9999.0,-9999.0,-9999.0,-9999.0,-9999.0,-9999.0,-9999.0,195.0,ramp,spur5,stable_reference,5.037242540498837,-0.6169936597387242,-3.292846374150548,-0.3827579075990766,-0.3827579075990766,1.5500000999999974,54.30491514880375,0.03949276708830875,98.67776055285177,5.255932812981002,5.256013602141328,-2.7472293731919706,3.632888751314667,5.63635829282723,-0.3804254798462283
P15_AV2_1_interaction,P15,AV2,1,on_ramp,P15_AV2_1,P15_AV2.1.asc,AV1,60,initiator_active,3510,1,58500.0,58500.0006,1.0,22.3,80.28,195.0,34.613515,1213.682092,0.0,0.0,0.0,22.3,0.0,0.0,1213.713172,-28.667209,6.154189,1.0,0.0,0.0,0.0,0.0,1169.516317,-33.47364,1021.0,5006.0,0.0,175.0,-0.033782,35.169404,126.609855,35.169341,-0.06663,-9.4e-05,0.139547,0.207646,0.000273,-0.037994,0.291457,0.0,0.0,0.0,0.0,1.0,-9999.0,-9999.0,-9999.0,-9999.0,-9999.0,-9999.0,-9999.0,-9999.0,-9999.0,-9999.0,-9999.0,-9999.0,-9999.0,-9999.0,195.0,ramp,spur5,stable_reference,4.999484845891822,-0.6564734868955918,-3.333140898812108,-0.3867691838388089,-0.3867691838388089,1.566666599999997,54.891015172011706,0.03996968602148807,99.04669909824788,5.21098001816227,5.210761507349356,-2.6957572140517527,2.44032698861794,5.595392330567682,-0.38441231240541196
P15_AV2_1_interaction,P15,AV2,1,on_ramp,P15_AV2_1,P15_AV2.1.asc,AV1,60,initiator_active,3511,1,58516.67,58516.6668,1.0,22.3,80.28,195.0,34.984277,1214.051676,0.0,0.0,0.0,22.3,0.0,0.0,1214.081802,-28.714618,6.155581,1.0,0.0,0.0,0.0,0.0,1170.102439,-33.477946,1021.0,5006.0,0.0,175.0,-0.03384,35.171695,126.618104,35.171625,-0.070545,-8.9e-05,0.13374,0.214138,0.000282,-0.036267,0.291457,0.0,0.0,0.0,0.0,1.0,-9999.0,-9999.0,-9999.0,-9999.0,-9999.0,-9999.0,-9999.0,-9999.0,-9999.0,-9999.0,-9999.0,-9999.0,-9999.0,-9999.0,195.0,ramp,spur5,stable_reference,4.962316005274888,-0.6953647398924497,-3.372846986195992,-0.3901887089112319,-0.3901887089112319,1.5833327999999964,55.47715274828017,0.040500916718032055,99.41570779675993,5.1666148223056805,5.166156724015237,-2.665886296961901,1.5662694725204744,5.554425822081607,-0.3878109997759269
P15_AV2_1_interaction,P15,AV2,1,on_ramp,P15_AV2_1,P15_AV2.1.asc,AV1,60,initiator_active,3512,1,58533.33,58533.3342,1.0,22.3,80.28,195.0,35.354998,1214.421324,0.0,0.0,0.0,22.3,0.0,0.0,1214.450476,-28.761687,6.156369,1.0,0.0,0.0,0.0,0.0,1170.688599,-33.482196,1021.0,5006.0,0.0,175.0,-0.033836,35.173757,126.625526,35.173678,-0.074518,-8.5e-05,0.119245,0.219076,0.000247,-0.033755,0.291457,0.0,0.0,0.0,0.0,1.0,-9999.0,-9999.0,-9999.0,-9999.0,-9999.0,-9999.0,-9999.0,-9999.0,-9999.0,-9999.0,-9999.0,-9999.0,-9999.0,-9999.0,195.0,ramp,spur5,stable_reference,4.925488254013855,-0.7339150682179211,-3.412212229424613,-0.3953350590905909,-0.3953350590905909,1.6000001999999949,56.06332786110398,0.04108845910982956,99.78475768785862,5.1225899779891515,5.121897945023395,-2.6435483564678464,1.599337401594667,5.515763852792011,-0.3931738748028595
P15_AV2_1_interaction,P15,AV2,1,on_ramp,P15_AV2_1,P15_AV2.1.asc,AV1,60,initiator_active,3513,1,58550.0,58550.0008,1.0,22.3,80.28,195.0,35.725689,1214.791009,0.0,0.0,0.0,22.3,0.0,0.0,1214.819174,-28.808575,6.156778,1.0,0.0,0.0,0.0,0.0,1171.274795,-33.486388,1021.0,5006.0,0.0,175.0,-0.033766,35.175675,126.63243,35.175587,-0.078517,-8.2e-05,0.113825,0.223713,0.000152,-0.031086,0.291457,0.0,0.0,0.0,0.0,1.0,-9999.0,-9999.0,-9999.0,-9999.0,-9999.0,-9999.0,-9999.0,-9999.0,-9999.0,-9999.0,-9999.0,-9999.0,-9999.0,-9999.0,195.0,ramp,spur5,stable_reference,4.888842098659876,-0.7722838909913857,-3.451396011234893,-0.4004004741484815,-0.4004004741484815,1.616666799999999,56.64953849404565,0.04173429662338959,100.15383008440277,5.078746325573431,5.078036664122714,-2.6125743985990937,2.346323839198419,5.47695792425127,-0.39821159867783873
P15_AV2_1_interaction,P15,AV2,1,on_ramp,P15_AV2_1,P15_AV2.1.asc,AV1,60,initiator_active,3514,1,58566.67,58566.6678,1.0,22.3,80.28,195.0,36.096362,1215.160713,0.0,0.0,0.0,22.3,0.0,0.0,1215.187882,-28.855375,6.156967,1.0,0.0,0.0,0.0,0.0,1171.861024,-33.490519,1021.0,5006.0,0.0,175.0,-0.033629,35.177543,126.639153,35.177446,-0.082507,-8e-05,0.11199,0.226335,8e-06,-0.027475,0.291457,0.0,0.0,0.0,0.0,1.0,-9999.0,-9999.0,-9999.0,-9999.0,-9999.0,-9999.0,-9999.0,-9999.0,-9999.0,-9999.0,-9999.0,-9999.0,-9999.0,-9999.0,195.0,ramp,spur5,stable_reference,4.852284186761758,-0.8105645064678564,-3.4904916035276914,-0.4066984329968074,-0.4066984329968074,1.6333338000000004,57.23578162244939,0.04244140439846899,100.5229117543695,5.034990752687875,5.034811450340808,-2.565336545833702,3.3439042670392496,5.439714464620994,-0.4047237119331184
P15_AV2_1_interaction,P15,AV2,1,on_ramp,P15_AV2_1,P15_AV2.1.asc,AV1,60,initiator_active,3515,1,58583.33,58583.3344,1.0,22.3,80.28,195.0,36.466979,1215.530428,0.0,0.0,0.0,22.3,0.0,0.0,1215.556656,-28.901649,6.159701,1.0,0.0,0.0,0.0,0.0,1172.447284,-33.494587,1021.0,5006.0,0.0,175.0,-0.033422,35.179393,126.645813,35.179286,-0.08645,-8.2e-05,0.111361,0.228477,-0.000134,-0.023707,0.291457,0.0,0.0,0.0,0.0,1.0,-9999.0,-9999.0,-9999.0,-9999.0,-9999.0,-9999.0,-9999.0,-9999.0,-9999.0,-9999.0,-9999.0,-9999.0,-9999.0,-9999.0,195.0,ramp,spur5,stable_reference,4.816253902744876,-0.8483177391964505,-3.5290599330717995,-0.4133847840049121,-0.4133847840049121,1.6500003999999973,57.82205522987792,0.04321176586157858,100.892055081173,4.991761706567534,4.992524739339257,-2.50111043907026,4.243342882205482,5.403139303983682,-0.41137759741614843
P15_AV2_1_interaction,P15,AV2,1,on_ramp,P15_AV2_1,P15_AV2.1.asc,AV1,60,initiator_active,3516,1,58600.0,58600.0001,1.0,22.3,80.28,195.0,36.83756,1215.900198,0.0,0.0,0.0,22.3,0.0,0.0,1215.925673,-28.945949,6.165041,1.0,0.0,0.0,0.0,0.0,1173.033575,-33.498592,1021.0,5006.0,0.0,175.0,-0.033145,35.181236,126.652451,35.18112,-0.090298,-8.5e-05,0.111136,0.229384,-0.000238,-0.019468,0.291457,0.0,0.0,0.0,0.0,1.0,-9999.0,-9999.0,-9999.0,-9999.0,-9999.0,-9999.0,-9999.0,-9999.0,-9999.0,-9999.0,-9999.0,-9999.0,-9999.0,-9999.0,195.0,ramp,spur5,stable_reference,4.7822035979231,-0.8840918908449614,-3.5656496215411666,-0.4186023630714739,-0.4186023630714739,1.666666099999995,58.408359316331016,0.04404538101272376,101.26142510888825,4.95050859862856,4.951443621870088,-2.4238968694321557,4.797142218361202,5.367325321458614,-0.41681672283005344
P15_AV2_1_interaction,P15,AV2,1,on_ramp,P15_AV2_1,P15_AV2.1.asc,AV1,60,initiator_active,3517,1,58616.67,58616.6667,1.0,22.3,80.28,195.0,37.208147,1216.270164,0.0,0.0,0.0,22.3,0.0,0.0,1216.294914,-28.988343,6.170042,1.0,0.0,0.0,0.0,0.0,1173.619898,-33.502531,1021.0,5006.0,0.0,175.0,-0.032795,35.183077,126.659078,35.182952,-0.094003,-8.9e-05,0.111043,0.230232,-0.00028,-0.015386,0.291457,0.0,0.0,0.0,0.0,1.0,-9999.0,-9999.0,-9999.0,-9999.0,-9999.0,-9999.0,-9999.0,-9999.0,-9999.0,-9999.0,-9999.0,-9999.0,-9999.0,-9999.0,195.0,ramp,spur5,stable_reference,4.750064771584244,-0.9179553816847096,-3.600329050620944,-0.423679884462642,-0.423679884462642,1.6833326999999991,58.99469485701689,0.04494525800243615,101.63100339934546,4.911163274385489,4.911730755723948,-2.3412103601904164,4.788554595582951,5.333035859324947,-0.42187258493945823
P15_AV2_1_interaction,P15,AV2,1,on_ramp,P15_AV2_1,P15_AV2.1.asc,AV1,60,initiator_active,3518,1,58633.33,58633.3342,1.0,22.3,80.28,195.0,37.57871,1216.640309,0.0,0.0,0.0,22.3,0.0,0.0,1216.664323,-29.029244,6.173768,1.0,0.0,0.0,0.0,0.0,1174.206252,-33.506404,1021.0,5006.0,0.0,175.0,-0.032372,35.184917,126.6657,35.184782,-0.097509,-9.4e-05,0.110992,0.230571,-0.000259,-0.011304,0.291457,0.0,0.0,0.0,0.0,1.0,-9999.0,-9999.0,-9999.0,-9999.0,-9999.0,-9999.0,-9999.0,-9999.0,-9999.0,-9999.0,-9999.0,-9999.0,-9999.0,-9999.0,195.0,ramp,spur5,stable_reference,4.719423029689496,-0.9503223938215886,-3.633512298986371,-0.4272550811426363,-0.4272550811426363,1.700000199999995,59.58106085196948,0.04591138857800916,102.00073736281297,4.873312285751916,4.873401556432537,-2.264275022476369,4.017670464710648,5.298744816585365,-0.425432530833449
P15_AV2_1_interaction,P15,AV2,1,on_ramp,P15_AV2_1,P15_AV2.1.asc,AV1,60,initiator_active,3519,1,58650.0,58650.0001,1.0,22.3,80.28,195.0,37.949259,1217.010588,0.0,0.0,0.0,22.3,0.0,0.0,1217.033845,-29.069112,6.176265,1.0,0.0,0.0,0.0,0.0,1174.792637,-33.51021,1021.0,5006.0,0.0,175.0,-0.031874,35.186755,126.672319,35.186611,-0.100758,-9.7e-05,0.110951,0.232225,-0.000182,-0.008164,0.291457,0.0,0.0,0.0,0.0,1.0,-9999.0,-9999.0,-9999.0,-9999.0,-9999.0,-9999.0,-9999.0,-9999.0,-9999.0,-9999.0,-9999.0,-9999.0,-9999.0,-9999.0,195.0,ramp,spur5,stable_reference,4.689817024002776,-0.9816540737778228,-3.665660414209878,-0.4317944137894611,-0.4317944137894611,1.716666099999995,60.1674572929361,0.046944772705407485,102.37057579740208,4.836495194494659,4.836254657536925,-2.207285829313122,2.703036225881803,5.266688266938686,-0.4301930724440268
P15_AV2_1_interaction,P15,AV2,1,on_ramp,P15_AV2_1,P15_AV2.1.asc,AV1,60,initiator_active,3520,1,58666.67,58666.6674,1.0,22.3,80.28,195.0,38.319793,1217.380957,0.0,0.0,0.0,22.3,0.0,0.0,1217.403437,-29.108331,6.177799,1.0,0.0,0.0,0.0,0.0,1175.379053,-33.513948,1021.0,5006.0,0.0,175.0,-0.031301,35.188593,126.678934,35.18844,-0.103702,-9.9e-05,0.110954,0.232794,-7.1e-05,-0.004867,0.291457,0.0,0.0,0.0,0.0,1.0,-9999.0,-9999.0,-9999.0,-9999.0,-9999.0,-9999.0,-9999.0,-9999.0,-9999.0,-9999.0,-9999.0,-9999.0,-9999.0,-9999.0,195.0,ramp,spur5,stable_reference,4.660861709817316,-1.012335311439732,-3.697158209997143,-0.436000258244454,-0.436000258244454,1.7333333999999958,60.753884171664055,0.04804641035056751,102.74047887361067,4.800327658824741,4.799825716995194,-2.174176181559517,1.7288294778664977,5.234710978040225,-0.4343833192154838
P15_AV2_1_interaction,P15,AV2,1,on_ramp,P15_AV2_1,P15_AV2.1.asc,AV1,60,initiator_active,3521,1,58683.33,58683.3342,1.0,22.3,80.28,195.0,38.690293,1217.75138,0.0,0.0,0.0,22.3,0.0,0.0,1217.773068,-29.147174,6.178667,1.0,0.0,0.0,0.0,0.0,1175.9655,-33.517617,1021.0,5006.0,0.0,175.0,-0.030651,35.190434,126.685562,35.190273,-0.106313,-9.9e-05,0.111341,0.233478,6.1e-05,-0.002041,0.291457,0.0,0.0,0.0,0.0,1.0,-9999.0,-9999.0,-9999.0,-9999.0,-9999.0,-9999.0,-9999.0,-9999.0,-9999.0,-9999.0,-9999.0,-9999.0,-9999.0,-9999.0,195.0,ramp,spur5,stable_reference,4.632283332496882,-1.042639749374758,-3.7282792738088126,-0.4410170967364517,-0.4410170967364517,1.750000199999995,61.34034147990043,0.049217301479430806,103.11041784547915,4.764536432205473,4.763780439806177,-2.1496565969449364,1.7503236325216491,5.204152367966795,-0.4396159357613225
P15_AV2_1_interaction,P15,AV2,1,on_ramp,P15_AV2_1,P15_AV2.1.asc,AV1,60,initiator_active,3522,1,58700.0,58700.0006,1.0,22.3,80.28,195.0,39.060759,1218.121834,0.0,0.0,0.0,22.3,0.0,0.0,1218.14272,-29.185817,6.179118,1.0,0.0,0.0,0.0,0.0,1176.551978,-33.521216,1021.0,5006.0,0.0,175.0,-0.029924,35.192281,126.692212,35.192114,-0.108557,-9.6e-05,0.111683,0.234876,0.000196,0.0,0.291457,0.0,0.0,0.0,0.0,1.0,-9999.0,-9999.0,-9999.0,-9999.0,-9999.0,-9999.0,-9999.0,-9999.0,-9999.0,-9999.0,-9999.0,-9999.0,-9999.0,-9999.0,195.0,ramp,spur5,stable_reference,4.603905460588785,-1.072743756032345,-3.7591999429437504,-0.4470278797129057,-0.4470278797129057,1.7666665999999969,61.926829209392764,0.050458446057949725,103.48037616609425,4.7289453720819195,4.728170773283846,-2.115832517177523,2.5589890419104577,5.174552993885358,-0.4456076218034388
P15_AV2_1_interaction,P15,AV2,1,on_ramp,P15_AV2_1,P15_AV2.1.asc,AV1,60,initiator_active,3523,1,58716.67,58716.6668,1.0,22.3,80.28,195.0,39.431188,1218.492306,0.0,0.0,0.0,22.3,0.0,0.0,1218.512383,-29.224364,6.179326,1.0,0.0,0.0,0.0,0.0,1177.138488,-33.524745,1021.0,5006.0,0.0,193.0,-0.029123,35.194132,126.698875,35.193959,-0.110406,-9.2e-05,0.111849,0.236279,0.000322,0.00157,0.291457,0.0,0.0,0.0,0.0,1.0,-9999.0,-9999.0,-9999.0,-9999.0,-9999.0,-9999.0,-9999.0,-9999.0,-9999.0,-9999.0,-9999.0,-9999.0,-9999.0,-9999.0,195.0,ramp,spur5,stable_reference,4.575623856789763,-1.1027515344502927,-3.790024403435256,-0.4532660346405131,-0.4532660346405131,1.7833327999999964,62.5133483601071,0.051769852338816764,103.85034469407623,4.693450399468783,4.693254232531489,-2.064359050609994,3.6426723336507436,5.145500721016644,-0.45205032154786107
P15_AV2_1_interaction,P15,AV2,1,on_ramp,P15_AV2_1,P15_AV2.1.asc,AV1,60,initiator_active,3524,1,58733.33,58733.334,1.0,22.3,80.28,195.0,39.801569,1218.862786,0.0,0.0,0.0,22.3,0.0,0.0,1218.882104,-29.262337,6.182294,1.0,0.0,0.0,0.0,0.0,1177.725029,-33.528203,1021.0,5006.0,0.0,193.0,-0.028278,35.195984,126.705543,35.195806,-0.111854,-8.5e-05,0.111901,0.237326,0.00043,0.002826,0.276382,0.0,0.0,0.0,0.0,1.0,-9999.0,-9999.0,-9999.0,-9999.0,-9999.0,-9999.0,-9999.0,-9999.0,-9999.0,-9999.0,-9999.0,-9999.0,-9999.0,-9999.0,195.0,ramp,spur5,stable_reference,4.547917640578141,-1.1321841274760236,-3.820273778574998,-0.4610103185738158,-0.4610103185738158,1.8,63.09989792382448,0.053152512035288105,104.22036648303822,4.658529885964741,4.659358728692189,-1.9944087548220182,4.616982655796761,5.118303720360821,-0.45977383439607955
P15_AV2_1_interaction,P15,AV2,1,on_ramp,P15_AV2_1,P15_AV2.1.asc,AV1,60,initiator_active,3525,1,58750.0,58750.0,1.0,22.3,80.28,195.0,40.171907,1219.233312,0.0,0.0,0.0,22.3,0.0,0.0,1219.25204,-29.298163,6.188088,1.0,0.0,0.0,0.0,0.0,1178.3116,-33.53159,1021.0,5006.0,0.0,193.0,-0.027397,35.197836,126.712211,35.197655,-0.112903,-7.7e-05,0.111895,0.238022,0.000512,0.003768,0.276382,0.0,0.0,0.0,0.0,1.0,-9999.0,-9999.0,-9999.0,-9999.0,-9999.0,-9999.0,-9999.0,-9999.0,-9999.0,-9999.0,-9999.0,-9999.0,-9999.0,-9999.0,195.0,ramp,spur5,stable_reference,4.522363560610511,-1.1594653314975154,-3.848372134618097,-0.4665972255088532,-0.4665972255088532,1.8166659999999974,63.68647690057929,0.0546064168946609,104.59058554614992,4.625758073675353,4.626774112413289,-1.9104612525495952,5.212034449874253,5.0911038302615585,-0.46534575658620536
P15_AV2_1_interaction,P15,AV2,1,on_ramp,P15_AV2_1,P15_AV2.1.asc,AV1,60,initiator_active,3526,1,58766.67,58766.6672,1.0,22.3,80.28,195.0,40.542232,1219.604001,0.0,0.0,0.0,22.3,0.0,0.0,1219.62217,-29.331917,6.193513,1.0,0.0,0.0,0.0,0.0,1178.898204,-33.534906,1021.0,5006.0,0.0,193.0,-0.02648,35.199688,126.718877,35.199505,-0.113567,-6.8e-05,0.111864,0.237414,0.000566,0.004867,0.276382,0.0,0.0,0.0,0.0,1.0,-9999.0,-9999.0,-9999.0,-9999.0,-9999.0,-9999.0,-9999.0,-9999.0,-9999.0,-9999.0,-9999.0,-9999.0,-9999.0,-9999.0,195.0,ramp,spur5,stable_reference,4.498886063407432,-1.184670611067204,-3.874394893461456,-0.4720214853082247,-0.4720214853082247,1.8333332000000009,64.27308829026924,0.056131591675022866,104.96098150307829,4.595059791848151,4.595677048937997,-1.8206745481235487,5.212071734816497,5.066036300922665,-0.4709765090745144
P15_AV2_1_interaction,P15,AV2,1,on_ramp,P15_AV2_1,P15_AV2.1.asc,AV1,60,initiator_active,3527,1,58783.33,58783.3336,1.0,22.3,80.28,195.0,40.912556,1219.974836,0.0,0.0,0.0,22.3,0.0,0.0,1219.992445,-29.364046,6.197556,1.0,0.0,0.0,0.0,0.0,1179.484838,-33.53815,1021.0,5006.0,0.0,193.0,-0.025526,35.201539,126.725541,35.201355,-0.113869,-5.8e-05,0.111824,0.235541,0.000594,0.006123,0.276382,0.0,0.0,0.0,0.0,1.0,-9999.0,-9999.0,-9999.0,-9999.0,-9999.0,-9999.0,-9999.0,-9999.0,-9999.0,-9999.0,-9999.0,-9999.0,-9999.0,-9999.0,195.0,ramp,spur5,stable_reference,4.477036962110902,-1.208247977734365,-3.898789980300096,-0.4763877549222939,-0.4763877549222939,1.8499995999999956,64.85972908474372,0.057729011584234956,105.33150904444506,4.56598765132341,4.5660844031544014,-1.7367238582436073,4.415411964313179,5.041320763824931,-0.475333112501521
P15_AV2_1_interaction,P15,AV2,1,on_ramp,P15_AV2_1,P15_AV2.1.asc,AV1,60,initiator_active,3528,1,58800.0,58800.0007,1.0,22.3,80.28,195.0,41.282855,1220.345776,0.0,0.0,0.0,22.3,0.0,0.0,1220.362816,-29.395052,6.200265,1.0,0.0,0.0,0.0,0.0,1180.071504,-33.541323,1021.0,5006.0,0.0,193.0,-0.024536,35.20339,126.732204,35.203206,-0.113832,-4.8e-05,0.111781,0.232131,0.000599,0.007693,0.276382,0.0,0.0,0.0,0.0,1.0,-9999.0,-9999.0,-9999.0,-9999.0,-9999.0,-9999.0,-9999.0,-9999.0,-9999.0,-9999.0,-9999.0,-9999.0,-9999.0,-9999.0,195.0,ramp,spur5,stable_reference,4.456313091012436,-1.2307004284072849,-3.922060308352173,-0.4806611371790023,-0.4806611371790023,1.8666666999999943,65.44640129218728,0.05939769316174378,105.70212331477003,4.538039264814366,4.5377860186190055,-1.6734942838234588,3.0160816843876503,5.0178447075826105,-0.4798054427682441
P15_AV2_1_interaction,P15,AV2,1,on_ramp,P15_AV2_1,P15_AV2.1.asc,AV1,60,initiator_active,3529,1,58816.67,58816.6673,1.0,22.3,80.28,195.0,41.653119,1220.716786,0.0,0.0,0.0,22.3,0.0,0.0,1220.733246,-29.425353,6.201929,1.0,0.0,0.0,0.0,0.0,1180.658201,-33.544427,1021.0,5006.0,0.0,193.0,-0.02351,35.20524,126.738864,35.205057,-0.113475,-3.8e-05,0.111737,0.227559,0.000587,0.00942,0.276382,0.0,0.0,0.0,0.0,1.0,-9999.0,-9999.0,-9999.0,-9999.0,-9999.0,-9999.0,-9999.0,-9999.0,-9999.0,-9999.0,-9999.0,-9999.0,-9999.0,-9999.0,195.0,ramp,spur5,stable_reference,4.43629558485658,-1.2524467054879405,-3.9446245587111854,-0.4857477418425568,-0.4857477418425568,1.8833332999999983,66.03310392913949,0.06113562822295775,106.07279076493829,4.510796341206025,4.510300622381432,-1.6361859186182528,1.8968821321104201,4.995679333237164,-0.4848829920311388
P15_AV2_1_interaction,P15,AV2,1,on_ramp,P15_AV2_1,P15_AV2.1.asc,AV1,60,initiator_active,3530,1,58833.33,58833.3339,1.0,22.3,80.28,195.0,42.023374,1221.087838,0.0,0.0,0.0,22.3,0.0,0.0,1221.103708,-29.455245,6.202871,1.0,0.0,0.0,0.0,0.0,1181.244929,-33.547461,1021.0,5006.0,0.0,193.0,-0.022448,35.20709,126.745523,35.206909,-0.112821,-2.9e-05,0.111686,0.220889,0.000563,0.011775,0.276382,0.0,0.0,0.0,0.0,1.0,-9999.0,-9999.0,-9999.0,-9999.0,-9999.0,-9999.0,-9999.0,-9999.0,-9999.0,-9999.0,-9999.0,-9999.0,-9999.0,-9999.0,195.0,ramp,spur5,stable_reference,4.416687808769471,-1.2737833531321034,-3.966779230357076,-0.4905247579164202,-0.4905247579164202,1.8999998999999952,66.61983698734764,0.06294381673382739,106.44348683866612,4.483962667755713,4.4832467061565175,-1.610265132337389,1.7406181955888158,4.973804975227672,-0.48984230747195934
P15_AV2_1_interaction,P15,AV2,1,on_ramp,P15_AV2_1,P15_AV2.1.asc,AV1,60,initiator_active,3531,1,58850.0,58850.0005,1.0,22.3,80.28,195.0,42.393577,1221.458914,0.0,0.0,0.0,22.3,0.0,0.0,1221.474189,-29.484919,6.20336,1.0,0.0,0.0,0.0,0.0,1181.831688,-33.550427,1021.0,5006.0,0.0,193.0,-0.021352,35.208939,126.75218,35.208761,-0.11189,-2e-05,0.111628,0.212806,0.000536,0.014444,0.276382,0.0,0.0,0.0,0.0,1.0,-9999.0,-9999.0,-9999.0,-9999.0,-9999.0,-9999.0,-9999.0,-9999.0,-9999.0,-9999.0,-9999.0,-9999.0,-9999.0,-9999.0,195.0,ramp,spur5,stable_reference,4.397298475714016,-1.2949016204349566,-3.9887155529820304,-0.4975550370447274,-0.4975550370447274,1.9166664999999994,67.20660048331715,0.06482025876245869,106.81420011266,4.4573471436827585,4.456625332672202,-1.5781655441810472,2.362790852463327,4.954209949294327,-0.4968628056115687
P15_AV2_1_interaction,P15,AV2,1,on_ramp,P15_AV2_1,P15_AV2.1.asc,AV1,60,initiator_active,3532,1,58866.67,58866.6674,1.0,22.3,80.28,195.0,42.763716,1221.830002,0.0,0.0,0.0,22.3,0.0,0.0,1221.844677,-29.514489,6.203586,1.0,0.0,0.0,0.0,0.0,1182.418478,-33.553328,1021.0,5006.0,0.0,193.0,-0.020223,35.210788,126.758836,35.210614,-0.110695,-1.1e-05,0.111571,0.20269,0.000507,0.017741,0.276382,0.0,0.0,0.0,0.0,1.0,-9999.0,-9999.0,-9999.0,-9999.0,-9999.0,-9999.0,-9999.0,-9999.0,-9999.0,-9999.0,-9999.0,-9999.0,-9999.0,-9999.0,195.0,ramp,spur5,stable_reference,4.378013296773301,-1.3159157539167945,-4.010547752177832,-0.5044810828642317,-0.5044810828642317,1.933333399999996,67.79339444180606,0.06676195441101426,107.1849195281357,4.430835673837025,4.430640936463613,-1.5315047813697333,3.2769693416213954,4.934614889295662,-0.5037792154586365
P15_AV2_1_interaction,P15,AV2,1,on_ramp,P15_AV2_1,P15_AV2.1.asc,AV1,60,initiator_active,3533,1,58883.33,58883.3349,1.0,22.3,80.28,195.0,43.133839,1222.201096,0.0,0.0,0.0,22.3,0.0,0.0,1222.215206,-29.543539,6.206247,1.0,0.0,0.0,0.0,0.0,1183.0053,-33.556164,1021.0,5006.0,0.0,193.0,-0.019063,35.212636,126.765491,35.212467,-0.109237,-3e-06,0.111518,0.192513,0.000483,0.020724,0.276382,0.0,0.0,0.0,0.0,1.0,-9999.0,-9999.0,-9999.0,-9999.0,-9999.0,-9999.0,-9999.0,-9999.0,-9999.0,-9999.0,-9999.0,-9999.0,-9999.0,-9999.0,195.0,ramp,spur5,stable_reference,4.359249054783342,-1.3364090798600154,-4.031859209019587,-0.5126471554332052,-0.5126471554332052,1.9500008999999991,68.38021986278021,0.06876891193218464,107.55567565081559,4.404844524643547,4.405573572733303,-1.4689291645140656,4.122796233088522,4.916956204948648,-0.5121116803051011
P15_AV2_1_interaction,P15,AV2,1,on_ramp,P15_AV2_1,P15_AV2.1.asc,AV1,60,initiator_active,3534,1,58900.0,58900.0006,1.0,22.3,80.28,195.0,43.50389,1222.572219,0.0,0.0,0.0,22.3,0.0,0.0,1222.585881,-29.570668,6.211417,1.0,0.0,0.0,0.0,0.0,1183.592152,-33.55894,1021.0,5006.0,0.0,193.0,-0.017874,35.214359,126.771692,35.214195,-0.107514,5e-06,0.09704,0.180324,0.000438,0.024335,0.276382,0.0,0.0,0.0,0.0,1.0,-9999.0,-9999.0,-9999.0,-9999.0,-9999.0,-9999.0,-9999.0,-9999.0,-9999.0,-9999.0,-9999.0,-9999.0,-9999.0,-9999.0,195.0,ramp,spur5,stable_reference,4.342409122606542,-1.3549785486236596,-4.051247037445972,-0.5197436397643226,-0.5197436397643226,1.9666665999999968,68.96707478757116,0.07083611499086262,107.92656191510302,4.380775514925217,4.381676700708982,-1.394080116310306,4.647972587125999,4.899976267073496,-0.5192007521482793
P15_AV2_1_interaction,P15,AV2,1,on_ramp,P15_AV2_1,P15_AV2.1.asc,AV1,60,initiator_active,3535,1,58916.67,58916.6669,1.0,22.3,80.28,196.0,4.1e-05,1222.943442,0.0,0.0,0.0,22.3,0.0,0.0,1222.956687,-29.595946,6.216252,1.0,0.0,0.0,0.0,0.0,1184.179033,-33.561658,1021.0,5006.0,0.0,193.0,-0.016659,35.215864,126.777109,35.215705,-0.105532,1.2e-05,0.087841,0.167094,0.000352,0.028103,0.276382,0.0,0.0,0.0,0.0,1.0,-9999.0,-9999.0,-9999.0,-9999.0,-9999.0,-9999.0,-9999.0,-9999.0,-9999.0,-9999.0,-9999.0,-9999.0,-9999.0,-9999.0,196.0,ramp,spur5,stable_reference,4.327423111217865,-1.3716944876575936,-4.068781535234397,-0.5254468437875356,-0.5254468437875356,1.983332899999994,69.5539582327185,0.07296155540245639,108.29756389919763,4.358558523275455,4.359106142075761,-1.3140027541135737,4.654717776531754,4.883549253134811,-0.5249907298593559
P15_AV2_1_interaction,P15,AV2,1,on_ramp,P15_AV2_1,P15_AV2.1.asc,AV1,60,initiator_active,3536,1,58933.33,58933.334,1.0,22.3,80.28,196.0,0.371427,1223.31475,0.0,0.0,0.0,22.3,0.0,0.0,1223.327589,-29.619774,6.219853,1.0,0.0,0.0,0.0,0.0,1184.76594,-33.56432,1021.0,5006.0,0.0,193.0,-0.01542,35.217284,126.782221,35.217132,-0.103283,1.6e-05,0.08467,0.153499,0.000214,0.031714,0.276382,0.0,0.0,0.0,0.0,1.0,-9999.0,-9999.0,-9999.0,-9999.0,-9999.0,-9999.0,-9999.0,-9999.0,-9999.0,-9999.0,-9999.0,-9999.0,-9999.0,-9999.0,196.0,ramp,spur5,stable_reference,4.313889204283726,-1.3869585977446834,-4.084864345444237,-0.530736557881581,-0.530736557881581,2.0,70.14086721482985,0.07514320847700573,108.6686499136201,4.337792274505723,4.337876585723449,-1.2389227868312673,3.9719262254501757,4.868068126724864,-0.5302758522191411
P15_AV2_1_interaction,P15,AV2,1,on_ramp,P15_AV2_1,P15_AV2.1.asc,AV1,60,initiator_active,3537,1,58950.0,58950.0007,1.0,22.3,80.28,196.0,0.742829,1223.68612,0.0,0.0,0.0,22.3,0.0,0.0,1223.698554,-29.642601,6.222266,1.0,0.0,0.0,0.0,0.0,1185.352871,-33.566931,1021.0,5006.0,0.0,193.0,-0.014161,35.218675,126.787231,35.218531,-0.100758,1.8e-05,0.083576,0.138871,5.2e-05,0.035482,0.276382,0.0,0.0,0.0,0.0,1.0,-9999.0,-9999.0,-9999.0,-9999.0,-9999.0,-9999.0,-9999.0,-9999.0,-9999.0,-9999.0,-9999.0,-9999.0,-9999.0,-9999.0,196.0,ramp,spur5,stable_reference,4.30135765938736,-1.4012205207456645,-4.099945058946216,-0.5350496035601127,-0.5350496035601127,2.0166666999999943,70.72779977523659,0.07737605787940124,109.03979066495313,4.318027511567465,4.317808109830436,-1.1816029335010114,2.7524793754623147,4.852635167483215,-0.5346076559157504
P15_AV2_1_interaction,P15,AV2,1,on_ramp,P15_AV2_1,P15_AV2.1.asc,AV1,60,initiator_active,3538,1,58966.67,58966.6667,1.0,22.3,80.28,196.0,1.114241,1224.057529,0.0,0.0,0.0,22.3,0.0,0.0,1224.069557,-29.664798,6.223747,1.0,0.0,0.0,0.0,0.0,1185.939825,-33.569494,1021.0,5006.0,0.0,193.0,-0.012885,35.220058,126.792207,35.219921,-0.097948,1.8e-05,0.083178,0.124174,-9.1e-05,0.038936,0.276382,0.0,0.0,0.0,0.0,1.0,-9999.0,-9999.0,-9999.0,-9999.0,-9999.0,-9999.0,-9999.0,-9999.0,-9999.0,-9999.0,-9999.0,-9999.0,-9999.0,-9999.0,196.0,ramp,spur5,stable_reference,4.289456925954159,-1.4148517347068157,-4.114395116652057,-0.5390851660006372,-0.5390851660006372,2.033332699999999,71.31475493873072,0.07965709545909905,109.41096421579634,4.298893040777437,4.298490538118106,-1.1471742561860765,1.7072992581863389,4.83753292578424,-0.5386398850068028
P15_AV2_1_interaction,P15,AV2,1,on_ramp,P15_AV2_1,P15_AV2.1.asc,AV1,60,initiator_active,3539,1,58983.33,58983.3342,1.0,22.3,80.28,196.0,1.485658,1224.428961,0.0,0.0,0.0,22.3,0.0,0.0,1224.440582,-29.686631,6.224586,1.0,0.0,0.0,0.0,0.0,1186.526803,-33.572013,1021.0,5006.0,0.0,193.0,-0.011595,35.221437,126.797172,35.221309,-0.094841,1.5e-05,0.08301,0.109721,-0.000194,0.041919,0.276382,0.0,0.0,0.0,0.0,1.0,-9999.0,-9999.0,-9999.0,-9999.0,-9999.0,-9999.0,-9999.0,-9999.0,-9999.0,-9999.0,-9999.0,-9999.0,-9999.0,-9999.0,196.0,ramp,spur5,stable_reference,4.277920662598775,-1.4281185379750625,4.121952730959854,-0.5427560881823879,-0.5427560881823879,2.050000199999995,71.90173373828928,0.08198232960501958,109.78215676191061,4.280122739150957,4.279568812542697,-1.1246937492386877,1.4169481011742562,4.8224305141806205,-0.5423077750296637
P15_AV2_1_interaction,P15,AV2,1,on_ramp,P15_AV2_1,P15_AV2.1.asc,AV1,60,initiator_active,3540,1,59000.0,59000.001,1.0,22.3,80.28,196.0,1.857075,1224.800406,0.0,0.0,0.0,22.3,0.0,0.0,1224.811618,-29.70827,6.225021,1.0,0.0,0.0,0.0,0.0,1187.113804,-33.574492,1021.0,5006.0,0.0,193.0,-0.010295,35.222815,126.802133,35.222696,-0.091428,1.2e-05,0.082918,0.095163,-0.000252,0.044588,0.276382,0.0,0.0,0.0,0.0,1.0,-9999.0,-9999.0,-9999.0,-9999.0,-9999.0,-9999.0,-9999.0,-9999.0,-9999.0,-9999.0,-9999.0,-9999.0,-9999.0,-9999.0,196.0,ramp,spur5,stable_reference,4.266578629667856,-1.441191139091269,4.102428091443751,-0.5465145239042885,-0.5465145239042885,2.066666999999994,72.488735206957,0.08434775220068266,110.15335870662821,4.261546521697597,4.260999644498942,-1.099941378554277,1.7668920353401454,4.807629624342952,-0.5460831026453548
P15_AV2_1_interaction,P15,AV2,1,on_ramp,P15_AV2_1,P15_AV2.1.asc,AV1,60,initiator_active,3541,1,59016.67,59016.6667,1.0,22.3,80.28,196.0,2.22849,1225.171858,0.0,0.0,0.0,22.3,0.0,0.0,1225.18266,-29.729815,6.225222,1.0,0.0,0.0,0.0,0.0,1187.700828,-33.576934,1021.0,5006.0,0.0,193.0,-0.008989,35.224192,126.807092,35.224083,-0.087715,7e-06,0.082848,0.079501,-0.000275,0.047414,0.276382,0.0,0.0,0.0,0.0,1.0,-9999.0,-9999.0,-9999.0,-9999.0,-9999.0,-9999.0,-9999.0,-9999.0,-9999.0,-9999.0,-9999.0,-9999.0,-9999.0,-9999.0,196.0,ramp,spur5,stable_reference,4.255330726967534,-1.45416962679672,4.082997484587411,-0.5502353813999273,-0.5502353813999273,2.083332699999999,73.07575936949172,0.08675036334824872,110.52456587538846,4.243064350559307,4.2429049853035234,-1.0657994403259323,2.3772358704346033,4.792865373437048,-0.549801022877741
P15_AV2_1_interaction,P15,AV2,1,on_ramp,P15_AV2_1,P15_AV2.1.asc,AV1,60,initiator_active,3542,1,59033.33,59033.3339,1.0,22.3,80.28,194.0,48.241057,-1225.543313,0.0,0.0,0.0,22.3,0.0,0.0,1225.553723,-29.750981,6.227145,1.0,0.0,0.0,0.0,0.0,1188.287875,-33.579345,1021.0,5006.0,0.0,193.0,-0.007681,35.22557,126.81205,35.22547,-0.083712,2e-06,0.082785,0.064068,-0.000285,0.049769,0.276382,0.0,0.0,0.0,0.0,1.0,-9999.0,-9999.0,-9999.0,-9999.0,-9999.0,-9999.0,-9999.0,-9999.0,-9999.0,-9999.0,-9999.0,-9999.0,-9999.0,-9999.0,194.0,ramp,spur5,stable_reference,4.244462260847467,-1.4667687308745323,4.063945991228677,-0.5538024893733933,-0.5538024893733933,2.0999998999999954,73.66280627540982,0.08918416325204491,110.89579091566357,4.224961339821059,4.225473518166446,-1.0207002271620382,2.962990442218196,4.778348791880372,-0.5533874520593134
P15_AV2_1_interaction,P15,AV2,1,on_ramp,P15_AV2_1,P15_AV2.1.asc,AV1,60,initiator_active,3543,1,59050.0,59050.0,1.0,22.3,80.28,194.0,48.611974,-1225.914781,0.0,0.0,0.0,22.3,0.0,0.0,1225.924863,-29.770765,6.230855,1.0,0.0,0.0,0.0,0.0,1188.874945,-33.581729,1021.0,5006.0,0.0,193.0,-0.006374,35.226948,126.817013,35.226858,-0.079426,-3e-06,0.08294,0.047905,-0.000292,0.052124,0.276382,0.0,0.0,0.0,0.0,1.0,-9999.0,-9999.0,-9999.0,-9999.0,-9999.0,-9999.0,-9999.0,-9999.0,-9999.0,-9999.0,-9999.0,-9999.0,-9999.0,-9999.0,194.0,ramp,spur5,stable_reference,4.234977398469775,-1.4779844262768178,4.046274784242693,-0.556138496130194,-0.556138496130194,2.1166659999999973,74.24987595772205,0.09164515204829048,111.26708154809674,4.208240917477375,4.208881623083757,-0.9670337566730041,3.3301595123497982,4.763962625615248,-0.5557217081378729
P15_AV2_1_interaction,P15,AV2,1,on_ramp,P15_AV2_1,P15_AV2.1.asc,AV1,60,initiator_active,3544,1,59066.67,59066.6667,1.0,22.3,80.28,194.0,48.982976,-1226.286291,0.0,0.0,0.0,22.3,0.0,0.0,1226.296071,-29.78922,6.23432,1.0,0.0,0.0,0.0,0.0,1189.462038,-33.584089,1021.0,5006.0,0.0,193.0,-0.005073,35.228333,126.821998,35.228253,-0.074869,-8e-06,0.083311,0.032026,-0.000311,0.054008,0.276382,0.0,0.0,0.0,0.0,1.0,-9999.0,-9999.0,-9999.0,-9999.0,-9999.0,-9999.0,-9999.0,-9999.0,-9999.0,-9999.0,-9999.0,-9999.0,-9999.0,-9999.0,194.0,ramp,spur5,stable_reference,4.226822910649328,-1.4878699065452965,4.029924509737809,-0.5572651358297284,-0.5572651358297284,2.133332699999999,74.83696844118629,0.09413032983914596,111.63842921038726,4.1928500110588995,4.193239609579185,-0.9096965540922355,3.337974036230566,4.749716861185056,-0.5568668501261564
P15_AV2_1_interaction,P15,AV2,1,on_ramp,P15_AV2_1,P15_AV2.1.asc,AV1,60,initiator_active,3545,1,59083.33,59083.3342,1.0,22.3,80.28,194.0,49.354054,-1226.657838,0.0,0.0,0.0,22.3,0.0,0.0,1226.667329,-29.806636,6.236899,1.0,0.0,0.0,0.0,0.0,1190.049155,-33.586431,1021.0,5006.0,0.0,193.0,-0.003782,35.229723,126.827002,35.229653,-0.070058,-1.3e-05,0.083527,0.014824,-0.000327,0.056206,0.276382,0.0,0.0,0.0,0.0,1.0,-9999.0,-9999.0,-9999.0,-9999.0,-9999.0,-9999.0,-9999.0,-9999.0,-9999.0,-9999.0,-9999.0,-9999.0,-9999.0,-9999.0,194.0,ramp,spur5,stable_reference,4.219708409770624,-1.4967155097826303,4.01461350199336,-0.5575675121540519,-0.5575675121540519,2.150000199999995,75.42408477528494,0.09663370508162385,112.00981829642869,4.178498481892854,4.1785576623272505,-0.8557652261604005,2.8760675129776345,4.735667492230465,-0.5571690103376108
P15_AV2_1_interaction,P15,AV2,1,on_ramp,P15_AV2_1,P15_AV2.1.asc,AV1,60,initiator_active,3546,1,59100.0,59100.0009,1.0,22.3,80.28,194.0,49.725189,-1227.02941,0.0,0.0,0.0,22.3,0.0,0.0,1227.038621,-29.823334,6.238626,1.0,0.0,0.0,0.0,0.0,1190.636294,-33.588759,1021.0,5006.0,0.0,193.0,-0.002505,35.231116,126.832016,35.231056,-0.065016,-1.9e-05,0.083603,-0.002338,-0.00034,0.05809,0.276382,0.0,0.0,0.0,0.0,1.0,-9999.0,-9999.0,-9999.0,-9999.0,-9999.0,-9999.0,-9999.0,-9999.0,-9999.0,-9999.0,-9999.0,-9999.0,-9999.0,-9999.0,194.0,ramp,spur5,stable_reference,4.213312575597825,-1.504842519694776,4.000020675461526,-0.5571953263686744,-0.5571953263686744,2.1666668999999965,76.01122299309665,0.0991512614065513,112.38123545587946,4.16486520886752,4.16471332020617,-0.8138245689743542,2.0275168034875293,4.721682361435895,-0.5568171525683745
P15_AV2_1_interaction,P15,AV2,1,on_ramp,P15_AV2_1,P15_AV2.1.asc,AV1,60,initiator_active,3547,1,59116.67,59116.6674,1.0,22.3,80.28,194.0,50.096362,-1227.400997,0.0,0.0,0.0,22.3,0.0,0.0,1227.409932,-29.839581,6.239687,1.0,0.0,0.0,0.0,0.0,1191.223457,-33.591079,1021.0,5006.0,0.0,193.0,-0.001247,35.232509,126.837034,35.232459,-0.05976,-2.4e-05,0.083598,-0.020059,-0.000344,0.059974,0.276382,0.0,0.0,0.0,0.0,1.0,-9999.0,-9999.0,-9999.0,-9999.0,-9999.0,-9999.0,-9999.0,-9999.0,-9999.0,-9999.0,-9999.0,-9999.0,-9999.0,-9999.0,194.0,ramp,spur5,stable_reference,4.207368094859624,-1.5125182112901854,3.9858789493958713,-0.5566860850686748,-0.5566860850686748,2.183333399999996,76.59838514406972,0.10167701552365256,112.75266789271961,4.151683077284955,4.151430278471036,-0.788181407480522,1.2341008732333485,4.707991334180277,-0.5563082568953224
P15_AV2_1_interaction,P15,AV2,1,on_ramp,P15_AV2_1,P15_AV2.1.asc,AV1,60,initiator_active,3548,1,59133.33,59133.3339,1.0,22.3,80.28,194.0,50.467557,-1227.772594,0.0,0.0,0.0,22.3,0.0,0.0,1227.781255,-29.855567,6.240287,1.0,0.0,0.0,0.0,0.0,1191.810643,-33.593394,1021.0,5006.0,0.0,193.0,-1.3e-05,35.233903,126.842051,35.233861,-0.054309,-3e-05,0.083557,-0.037963,-0.000342,0.061701,0.276382,0.0,0.0,0.0,0.0,1.0,-9999.0,-9999.0,-9999.0,-9999.0,-9999.0,-9999.0,-9999.0,-9999.0,-9999.0,-9999.0,-9999.0,-9999.0,-9999.0,-9999.0,194.0,ramp,spur5,stable_reference,4.2016848465114185,-1.5199326954966936,3.9719926628967057,-0.5559155681458866,-0.5559155681458866,2.1999998999999955,77.1855702529959,0.10420795928238163,113.12411017519861,4.1387620358465815,4.138440869350623,-0.7726882845668683,0.8960512650900512,4.694300298776324,-0.5555382629297423
P15_AV2_1_interaction,P15,AV2,1,on_ramp,P15_AV2_1,P15_AV2.1.asc,AV1,60,initiator_active,3549,1,59150.0,59150.0006,1.0,22.3,80.28,194.0,50.838765,-1228.144195,0.0,0.0,0.0,22.3,0.0,0.0,1228.152583,-29.871415,6.240598,1.0,0.0,0.0,0.0,0.0,1192.397852,-33.595712,1021.0,5006.0,0.0,193.0,0.001193,35.235296,126.847067,35.235263,-0.048677,-3.6e-05,0.083502,-0.055335,-0.000334,0.062957,0.276382,0.0,0.0,0.0,0.0,1.0,-9999.0,-9999.0,-9999.0,-9999.0,-9999.0,-9999.0,-9999.0,-9999.0,-9999.0,-9999.0,-9999.0,-9999.0,-9999.0,-9999.0,194.0,ramp,spur5,stable_reference,4.196139683744698,-1.5272091010775146,3.958239278439099,-0.5553232251554332,-0.5553232251554332,2.216666599999997,77.77277838589698,0.10673609295518591,113.49555631863578,4.125979030972211,4.125674108017549,-0.7583131648692643,0.9639368960206234,4.680944724515448,-0.5549656935432372
P15_AV2_1_interaction,P15,AV2,1,on_ramp,P15_AV2_1,P15_AV2.1.asc,AV1,60,initiator_active,3550,1,59166.67,59166.6678,1.0,22.3,80.28,194.0,51.20998,-1228.515799,0.0,0.0,0.0,22.3,0.0,0.0,1228.523915,-29.887195,6.240741,1.0,0.0,0.0,0.0,0.0,1192.985085,-33.598036,1021.0,5006.0,0.0,193.0,0.002366,35.236689,126.85208,35.236663,-0.042885,-4.1e-05,0.083438,-0.073447,-0.000321,0.06437,0.261307,0.0,0.0,0.0,0.0,1.0,-9999.0,-9999.0,-9999.0,-9999.0,-9999.0,-9999.0,-9999.0,-9999.0,-9999.0,-9999.0,-9999.0,-9999.0,-9999.0,-9999.0,194.0,ramp,spur5,stable_reference,4.190662605747503,-1.534417432470894,3.9445539154606672,-0.5547031092909797,-0.5547031092909797,2.2333338000000005,78.36001056749684,0.10925842489690424,113.8670059007537,4.11326405679293,4.113163341835282,-0.7405564070356405,1.211481419304942,4.667610033718521,-0.5543459769255907
P15_AV2_1_interaction,P15,AV2,1,on_ramp,P15_AV2_1,P15_AV2.1.asc,AV1,60,initiator_active,3551,1,59183.33,59183.334,1.0,22.3,80.28,194.0,51.581198,-1228.887405,0.0,0.0,0.0,22.3,0.0,0.0,1228.895255,-29.902778,6.241717,1.0,0.0,0.0,0.0,0.0,1193.57234,-33.600372,1021.0,5006.0,0.0,193.0,0.003501,35.23808,126.857089,35.238061,-0.036956,-4.7e-05,0.083374,-0.090926,-0.000305,0.065312,0.261307,0.0,0.0,0.0,0.0,1.0,-9999.0,-9999.0,-9999.0,-9999.0,-9999.0,-9999.0,-9999.0,-9999.0,-9999.0,-9999.0,-9999.0,-9999.0,-9999.0,-9999.0,194.0,ramp,spur5,stable_reference,4.185382673832637,-1.5414286317276071,3.9310655944703297,-0.5541046183226764,-0.5541046183226764,2.25,78.94726484737977,0.11176893880648592,114.23846185681893,4.100746141926534,4.1009888249487805,-0.7179306623383184,1.4795364458362563,4.654511772418077,-0.5537656304915437
P15_AV2_1_interaction,P15,AV2,1,on_ramp,P15_AV2_1,P15_AV2.1.asc,AV1,60,initiator_active,3552,1,59200.0,59200.0006,1.0,22.3,80.28,194.0,51.952427,-1229.259014,0.0,0.0,0.0,22.3,0.0,0.0,1229.266623,-29.917669,6.24357,1.0,0.0,0.0,0.0,0.0,1194.159619,-33.602725,1021.0,5006.0,0.0,193.0,0.004592,35.239471,126.862095,35.239457,-0.030903,-5.1e-05,0.08331,-0.107704,-0.000285,0.065783,0.261307,0.0,0.0,0.0,0.0,1.0,-9999.0,-9999.0,-9999.0,-9999.0,-9999.0,-9999.0,-9999.0,-9999.0,-9999.0,-9999.0,-9999.0,-9999.0,-9999.0,-9999.0,194.0,ramp,spur5,stable_reference,4.18079525224458,-1.5477473691714632,3.918269420398562,-0.5529310279802673,-0.5529310279802673,2.2666665999999966,79.53454326674132,0.11426265135958445,114.60994010106828,4.08892043457011,4.089232712702458,-0.6912392170297039,1.6541200937097287,4.641513192693487,-0.5525927581233772
P15_AV2_1_interaction,P15,AV2,1,on_ramp,P15_AV2_1,P15_AV2.1.asc,AV1,60,initiator_active,3553,1,59216.67,59216.6668,1.0,22.3,80.28,194.0,52.323689,-1229.630634,0.0,0.0,0.0,22.3,0.0,0.0,1229.638017,-29.931898,6.245297,1.0,0.0,0.0,0.0,0.0,1194.746921,-33.6051,1021.0,5006.0,0.0,193.0,0.005636,35.24086,126.867097,35.240852,-0.024744,-5.6e-05,0.08324,-0.123733,-0.000262,0.065783,0.261307,0.0,0.0,0.0,0.0,1.0,-9999.0,-9999.0,-9999.0,-9999.0,-9999.0,-9999.0,-9999.0,-9999.0,-9999.0,-9999.0,-9999.0,-9999.0,-9999.0,-9999.0,194.0,ramp,spur5,stable_reference,4.176870297060419,-1.5534036829609918,3.906099309141444,-0.5512346711711624,-0.5512346711711624,2.2833327999999966,80.12184486687866,0.11673455447377408,114.98143888115035,4.0777569192398895,4.0779478750712395,-0.6627942501797861,1.6565106340651212,4.628671621777848,-0.5509147025379582
P15_AV2_1_interaction,P15,AV2,1,on_ramp,P15_AV2_1,P15_AV2.1.asc,AV1,60,initiator_active,3554,1,59233.33,59233.334,1.0,22.3,80.28,194.0,52.694981,-1230.002265,0.0,0.0,0.0,22.3,0.0,0.0,1230.009431,-29.945609,6.24658,1.0,0.0,0.0,0.0,0.0,1195.334245,-33.607503,1021.0,5006.0,0.0,193.0,0.006628,35.242248,126.872093,35.242243,-0.018506,-6e-05,0.083169,-0.139944,-0.000235,0.065783,0.261307,0.0,0.0,0.0,0.0,1.0,-9999.0,-9999.0,-9999.0,-9999.0,-9999.0,-9999.0,-9999.0,-9999.0,-9999.0,-9999.0,-9999.0,-9999.0,-9999.0,-9999.0,194.0,ramp,spur5,stable_reference,4.173463697276392,-1.5585416731969437,3.894440734380825,-0.5492173728086825,-0.5492173728086825,2.3,80.70916869734235,0.11917864010069129,115.3529533856571,4.0671115513235065,4.067139555474306,-0.6360221859334985,1.4265453856032373,4.6160101264561755,-0.5488985751326689
P15_AV2_1_interaction,P15,AV2,1,on_ramp,P15_AV2_1,P15_AV2.1.asc,AV1,60,initiator_active,3555,1,59250.0,59250.0008,1.0,22.3,80.28,194.0,53.066296,-1230.373902,0.0,0.0,0.0,22.3,0.0,0.0,1230.380857,-29.958963,6.247438,1.0,0.0,0.0,0.0,0.0,1195.921593,-33.609938,1021.0,5006.0,0.0,193.0,0.007562,35.243635,126.877085,35.243633,-0.012227,-6.4e-05,0.083101,-0.15626,-0.000203,0.065626,0.261307,0.0,0.0,0.0,0.0,1.0,-9999.0,-9999.0,-9999.0,-9999.0,-9999.0,-9999.0,-9999.0,-9999.0,-9999.0,-9999.0,-9999.0,-9999.0,-9999.0,-9999.0,194.0,ramp,spur5,stable_reference,4.1704142929668455,-1.5633224815991824,3.883139220475493,-0.546910818872212,-0.546910818872212,2.3166667999999992,81.29651679107482,0.12159092488193644,115.72447694354453,4.056823270282133,4.05674670156046,-0.6152416425161533,1.0047939554135503,4.603435483019117,-0.5466122127369841
P15_AV2_1_interaction,P15,AV2,1,on_ramp,P15_AV2_1,P15_AV2.1.asc,AV1,60,initiator_active,3556,1,59266.67,59266.6667,1.0,22.3,80.28,194.0,53.437626,-1230.745544,0.0,0.0,0.0,22.3,0.0,0.0,1230.752292,-29.972093,6.247964,1.0,0.0,0.0,0.0,0.0,1196.508964,-33.612411,1021.0,5006.0,0.0,193.0,0.008435,35.24502,126.882071,35.245019,-0.005941,-6.7e-05,0.083037,-0.172595,-0.000167,0.065312,0.261307,0.0,0.0,0.0,0.0,1.0,-9999.0,-9999.0,-9999.0,-9999.0,-9999.0,-9999.0,-9999.0,-9999.0,-9999.0,-9999.0,-9999.0,-9999.0,-9999.0,-9999.0,194.0,ramp,spur5,stable_reference,4.167589052086631,-1.567879141979903,3.872061752879467,-0.5446939721505042,-0.5446939721505042,2.333332699999999,81.88388819762638,0.12396540076913694,116.0960076525222,4.046759055886876,4.046631875392926,-0.6025292548160337,0.6122715433137031,4.591155632271386,-0.5443965763845098
P15_AV2_1_interaction,P15,AV2,1,on_ramp,P15_AV2_1,P15_AV2.1.asc,AV1,60,initiator_active,3557,1,59283.33,59283.3343,1.0,22.3,80.28,194.0,53.808967,-1231.117188,0.0,0.0,0.0,22.3,0.0,0.0,1231.123731,-29.985094,6.248262,1.0,0.0,0.0,0.0,0.0,1197.096358,-33.614925,1021.0,5006.0,0.0,193.0,0.009241,35.246403,126.887052,35.246403,0.000321,-6.9e-05,0.082975,-0.188876,-0.000127,0.065312,0.261307,0.0,0.0,0.0,0.0,1.0,-9999.0,-9999.0,-9999.0,-9999.0,-9999.0,-9999.0,-9999.0,-9999.0,-9999.0,-9999.0,-9999.0,-9999.0,-9999.0,-9999.0,194.0,ramp,spur5,stable_reference,4.164892872519219,-1.5723067444113734,3.861116917669233,-0.5423480702762,-0.5423480702762,2.3500002999999996,82.47128294175486,0.12629906786446063,116.46754129676667,4.036823870109416,4.036662307565805,-0.5948330007763474,0.4474937099770777,4.578875825451282,-0.5420519553418659
P15_AV2_1_interaction,P15,AV2,1,on_ramp,P15_AV2_1,P15_AV2.1.asc,AV1,60,initiator_active,3558,1,59300.0,59300.0001,1.0,22.3,80.28,194.0,54.180314,-1231.488834,0.0,0.0,0.0,22.3,0.0,0.0,1231.495173,-29.998025,6.248416,1.0,0.0,0.0,0.0,0.0,1197.683775,-33.617487,1021.0,5006.0,0.0,193.0,0.009976,35.247785,126.892027,35.247785,0.00653,-7.1e-05,0.082915,-0.205026,-8.6e-05,0.065312,0.261307,0.0,0.0,0.0,0.0,1.0,-9999.0,-9999.0,-9999.0,-9999.0,-9999.0,-9999.0,-9999.0,-9999.0,-9999.0,-9999.0,-9999.0,-9999.0,-9999.0,-9999.0,194.0,ramp,spur5,stable_reference,4.162266749222767,-1.576664296260073,3.850259808357351,-0.540246811035003,-0.540246811035003,2.366666099999995,83.05870108122936,0.12858492640628394,116.83907736322067,4.02695870670625,4.02680405713823,-0.5876127166662286,0.4874847815215446,4.566926389854225,-0.5399676831479754
P15_AV2_1_interaction,P15,AV2,1,on_ramp,P15_AV2_1,P15_AV2.1.asc,AV1,60,initiator_active,3559,1,59316.67,59316.6676,1.0,22.3,80.28,194.0,54.551665,-1231.86048,0.0,0.0,0.0,22.3,0.0,0.0,1231.866616,-30.010924,6.248487,1.0,0.0,0.0,0.0,0.0,1198.271214,-33.620102,1021.0,5006.0,0.0,193.0,0.010636,35.249166,126.896996,35.249163,0.012662,-7.2e-05,0.082856,-0.220974,-4.5e-05,0.064998,0.261307,0.0,0.0,0.0,0.0,1.0,-9999.0,-9999.0,-9999.0,-9999.0,-9999.0,-9999.0,-9999.0,-9999.0,-9999.0,-9999.0,-9999.0,-9999.0,-9999.0,-9999.0,194.0,ramp,spur5,stable_reference,4.159672641350633,-1.58098983355492,3.839434704129592,-0.5381331844805796,-0.5381331844805796,2.383333599999998,83.64614165734748,0.1308179683121779,117.21061416555438,4.017125550466043,4.017075249902466,-0.5785833398653466,0.6162684180673494,4.554980699101421,-0.5378551486353782
P15_AV2_1_interaction,P15,AV2,1,on_ramp,P15_AV2_1,P15_AV2.1.asc,AV1,60,initiator_active,3560,1,59333.33,59333.3341,1.0,22.3,80.28,194.0,54.923017,-1232.232127,0.0,0.0,0.0,22.3,0.0,0.0,1232.238062,-30.023722,6.248983,1.0,0.0,0.0,0.0,0.0,1198.858676,-33.622773,1021.0,5006.0,0.0,193.0,0.011216,35.250418,126.901506,35.250413,0.018702,-7.2e-05,0.068385,-0.235127,-7e-06,0.064056,0.261307,0.0,0.0,0.0,0.0,1.0,-9999.0,-9999.0,-9999.0,-9999.0,-9999.0,-9999.0,-9999.0,-9999.0,-9999.0,-9999.0,-9999.0,-9999.0,-9999.0,-9999.0,194.0,ramp,spur5,stable_reference,4.1571795778288285,-1.585214328519179,3.8287106150762686,-0.5361869715563926,-0.5361869715563926,2.4000000999999975,84.23360569483293,0.13299520193700812,117.58215313426396,4.007393415544452,4.0075175498556455,-0.5670701742796922,0.7535256216682562,4.543320737190967,-0.5359273216465157
P15_AV2_1_interaction,P15,AV2,1,on_ramp,P15_AV2_1,P15_AV2.1.asc,AV1,60,initiator_active,3561,1,59350.0,59350.0006,1.0,22.3,80.28,194.0,55.294374,-1232.603775,0.0,0.0,0.0,22.3,0.0,0.0,1232.60952,-30.036168,6.249928,1.0,0.0,0.0,0.0,0.0,1199.446159,-33.625506,1021.0,5006.0,0.0,193.0,0.011711,35.251452,126.905226,35.251443,0.024642,-7.2e-05,0.05918,-0.248185,1.4e-05,0.062957,0.261307,0.0,0.0,0.0,0.0,1.0,-9999.0,-9999.0,-9999.0,-9999.0,-9999.0,-9999.0,-9999.0,-9999.0,-9999.0,-9999.0,-9999.0,-9999.0,-9999.0,-9999.0,194.0,ramp,spur5,stable_reference,4.1550387117041705,-1.5890866403187365,3.818338587531072,-0.5340009986211279,-0.5340009986211279,2.416666599999997,84.82109124327017,0.13511061097971122,117.95370119761766,3.998013367668138,3.9981730997832017,-0.5534660703182794,0.8430723904960367,4.531755774942365,-0.533742407274227
P15_AV2_1_interaction,P15,AV2,1,on_ramp,P15_AV2_1,P15_AV2.1.asc,AV1,60,initiator_active,3562,1,59366.67,59366.6668,1.0,22.3,80.28,194.0,55.665747,-1232.975426,0.0,0.0,0.0,22.3,0.0,0.0,1232.98099,-30.048276,6.250808,1.0,0.0,0.0,0.0,0.0,1200.033659,-33.628305,1021.0,5006.0,0.0,193.0,0.012119,35.252399,126.908635,35.252385,0.030455,-7.2e-05,0.056009,-0.261208,6e-06,0.062015,0.261307,0.0,0.0,0.0,0.0,1.0,-9999.0,-9999.0,-9999.0,-9999.0,-9999.0,-9999.0,-9999.0,-9999.0,-9999.0,-9999.0,-9999.0,-9999.0,-9999.0,-9999.0,194.0,ramp,spur5,stable_reference,4.153236048360204,-1.592620765226789,3.808299297414074,-0.5316129345291754,-0.5316129345291754,2.4333327999999965,85.40859433580597,0.1371601625657388,118.32525847115296,3.9889714073138576,3.989069027049662,-0.5389683112996551,0.8425492528378431,4.520339678792334,-0.5313682714784767
P15_AV2_1_interaction,P15,AV2,1,on_ramp,P15_AV2_1,P15_AV2.1.asc,AV1,60,initiator_active,3563,1,59383.33,59383.3334,1.0,22.3,80.28,194.0,56.037134,-1233.34708,0.0,0.0,0.0,22.3,0.0,0.0,1233.352467,-30.06012,6.251462,1.0,0.0,0.0,0.0,0.0,1200.621174,-33.631174,1021.0,5006.0,0.0,193.0,0.012435,35.253315,126.911936,35.253297,0.03612,-7.2e-05,0.05493,-0.272479,-1.2e-05,0.060445,0.261307,0.0,0.0,0.0,0.0,1.0,-9999.0,-9999.0,-9999.0,-9999.0,-9999.0,-9999.0,-9999.0,-9999.0,-9999.0,-9999.0,-9999.0,-9999.0,-9999.0,-9999.0,194.0,ramp,spur5,stable_reference,4.151697477605095,-1.595890798905825,3.798518556107751,-0.5291152768261673,-0.5291152768261673,2.4499994000000007,85.99611300551967,0.13913984032591628,118.6968205657392,3.9801934957381513,3.980207782689458,-0.5253815664560619,0.7159043525877031,4.509065259005126,-0.528871763266975
P15_AV2_1_interaction,P15,AV2,1,on_ramp,P15_AV2_1,P15_AV2.1.asc,AV1,60,initiator_active,3564,1,59400.0,59400.0002,1.0,22.3,80.28,194.0,56.408532,-1233.718736,0.0,0.0,0.0,22.3,0.0,0.0,1233.723951,-30.071782,6.251899,1.0,0.0,0.0,0.0,0.0,1201.208705,-33.634117,1021.0,5006.0,0.0,193.0,0.012655,35.254221,126.915197,35.254197,0.041614,-7.2e-05,0.05455,-0.283919,-1.8e-05,0.059189,0.261307,0.0,0.0,0.0,0.0,1.0,-9999.0,-9999.0,-9999.0,-9999.0,-9999.0,-9999.0,-9999.0,-9999.0,-9999.0,-9999.0,-9999.0,-9999.0,-9999.0,-9999.0,194.0,ramp,spur5,stable_reference,4.150341030970852,-1.5989787195274443,3.788919850870604,-0.5265238820279206,-0.5265238820279206,2.4666661999999997,86.58364828538743,0.14104565264915675,119.06838815809728,3.971597635733454,3.971556275660457,-0.5151048248747827,0.4914016157907941,4.4978952891394455,-0.5262976534059916
P15_AV2_1_interaction,P15,AV2,1,on_ramp,P15_AV2_1,P15_AV2.1.asc,AV1,60,initiator_active,3565,1,59416.67,59416.6667,1.0,22.3,80.28,194.0,56.779938,-1234.090394,0.0,0.0,0.0,22.3,0.0,0.0,1234.095438,-30.08333,6.252168,1.0,0.0,0.0,0.0,0.0,1201.79625,-33.637137,1021.0,5006.0,0.0,193.0,0.012776,35.255123,126.918442,35.255092,0.046909,-7.2e-05,0.054407,-0.294167,-9e-06,0.057619,0.261307,0.0,0.0,0.0,0.0,1.0,-9999.0,-9999.0,-9999.0,-9999.0,-9999.0,-9999.0,-9999.0,-9999.0,-9999.0,-9999.0,-9999.0,-9999.0,-9999.0,-9999.0,194.0,ramp,spur5,stable_reference,4.149098623687955,-1.6019526012790954,3.779435160536489,-0.5241109374479641,-0.5241109374479641,2.483332699999999,87.17119820023585,0.14287458313224383,119.43995780954648,3.963115796604668,3.963037636641615,-0.5090014538583318,0.30731158508955225,4.487001542187338,-0.5238857455826698
P15_AV2_1_interaction,P15,AV2,1,on_ramp,P15_AV2_1,P15_AV2.1.asc,AV1,60,initiator_active,3566,1,59433.33,59433.3339,1.0,22.3,80.28,194.0,57.151348,-1234.462052,0.0,0.0,0.0,22.3,0.0,0.0,1234.466928,-30.094812,6.252319,1.0,0.0,0.0,0.0,0.0,1202.38381,-33.640239,1021.0,5006.0,0.0,193.0,0.012795,35.256022,126.921679,35.255984,0.051987,-7.2e-05,0.054347,-0.303497,1.6e-05,0.055892,0.261307,0.0,0.0,0.0,0.0,1.0,-9999.0,-9999.0,-9999.0,-9999.0,-9999.0,-9999.0,-9999.0,-9999.0,-9999.0,-9999.0,-9999.0,-9999.0,-9999.0,-9999.0,194.0,ramp,spur5,stable_reference,4.147922274214142,-1.6048604313831665,3.77001648584566,-0.5216319267596727,-0.5216319267596727,2.4999998999999953,87.75876379129403,0.1446216401981344,119.81152991621576,3.9546999799863896,3.9545893768688427,-0.5048610751446887,0.2715934978353314,4.476107780023663,-0.5214078000372737
P15_AV2_1_interaction,P15,AV2,1,on_ramp,P15_AV2_1,P15_AV2.1.asc,AV1,60,initiator_active,3567,1,59450.0,59450.0006,1.0,22.3,80.28,194.0,57.522763,-1234.833711,0.0,0.0,0.0,22.3,0.0,0.0,1234.838418,-30.106259,6.252398,1.0,0.0,0.0,0.0,0.0,1202.971385,-33.643425,1021.0,5006.0,0.0,193.0,0.01271,35.256919,126.92491,35.256874,0.056837,-7.2e-05,0.054321,-0.310885,5e-05,0.053537,0.261307,0.0,0.0,0.0,0.0,1.0,-9999.0,-9999.0,-9999.0,-9999.0,-9999.0,-9999.0,-9999.0,-9999.0,-9999.0,-9999.0,-9999.0,-9999.0,-9999.0,-9999.0,194.0,ramp,spur5,stable_reference,4.146780911281551,-1.6077332708042382,3.760597936033761,-0.5194312047535405,-0.5194312047535405,2.5166665999999966,88.34634507506755,0.1462848239149367,120.18310173404083,3.9463191621762204,3.9462086460305903,-0.4999482065392158,0.35907853788482846,4.465539888253017,-0.5192207260767963
P15_AV2_1_interaction,P15,AV2,1,on_ramp,P15_AV2_1,P15_AV2.1.asc,AV1,60,initiator_active,3568,1,59466.67,59466.6667,1.0,22.3,80.28,194.0,57.89418,-1235.20537,0.0,0.0,0.0,22.3,0.0,0.0,1235.209909,-30.117689,6.252434,1.0,0.0,0.0,0.0,0.0,1203.558974,-33.646698,1021.0,5006.0,0.0,193.0,0.012517,35.257816,126.928136,35.257762,0.061442,-7e-05,0.054306,-0.317613,9.1e-05,0.051182,0.261307,0.0,0.0,0.0,0.0,1.0,-9999.0,-9999.0,-9999.0,-9999.0,-9999.0,-9999.0,-9999.0,-9999.0,-9999.0,-9999.0,-9999.0,-9999.0,-9999.0,-9999.0,194.0,ramp,spur5,stable_reference,4.1456565695413445,-1.6105890916784522,3.751188558626956,-0.5172148133167134,-0.5172148133167134,2.533332699999999,88.93394107634845,0.1478611261321208,120.55467441153597,3.937955352039826,3.9379246998164072,-0.4928920592241042,0.4951714532060443,4.454960584783585,-0.5170052327437591
P15_AV2_1_interaction,P15,AV2,1,on_ramp,P15_AV2_1,P15_AV2.1.asc,AV1,60,initiator_active,3569,1,59483.33,59483.3336,1.0,22.3,80.28,194.0,58.2656,-1235.577029,0.0,0.0,0.0,22.3,0.0,0.0,1235.581402,-30.129041,6.252835,1.0,0.0,0.0,0.0,0.0,1204.146578,-33.650061,1021.0,5006.0,0.0,193.0,0.012215,35.258712,126.931364,35.258651,0.065782,-6.8e-05,0.05451,-0.322328,0.000132,0.048199,0.261307,0.0,0.0,0.0,0.0,1.0,-9999.0,-9999.0,-9999.0,-9999.0,-9999.0,-9999.0,-9999.0,-9999.0,-9999.0,-9999.0,-9999.0,-9999.0,-9999.0,-9999.0,194.0,ramp,spur5,stable_reference,4.144610253266281,-1.613366887171741,3.741857190944045,-0.5152252338095827,-0.5152252338095827,2.5499995999999956,89.52155281986084,0.14934755520454157,120.9262484452533,3.9296695557525965,3.9297790816792153,-0.4834425416255925,0.621194102108193,4.444701561213487,-0.5150320054608901
P15_AV2_1_interaction,P15,AV2,1,on_ramp,P15_AV2_1,P15_AV2.1.asc,AV1,60,initiator_active,3570,1,59500.0,59500.0006,1.0,22.3,80.28,194.0,58.637024,-1235.948688,0.0,0.0,0.0,22.3,0.0,0.0,1235.952904,-30.140102,6.253612,1.0,0.0,0.0,0.0,0.0,1204.734196,-33.653515,1021.0,5006.0,0.0,193.0,0.011802,35.259614,126.934612,35.259545,0.069848,-6.6e-05,0.054926,-0.324978,0.000172,0.044588,0.261307,0.0,0.0,0.0,0.0,1.0,-9999.0,-9999.0,-9999.0,-9999.0,-9999.0,-9999.0,-9999.0,-9999.0,-9999.0,-9999.0,-9999.0,-9999.0,-9999.0,-9999.0,194.0,ramp,spur5,stable_reference,4.143855074656611,-1.6158535524789062,3.73281686790611,-0.5130412695714897,-0.5130412695714897,2.566666599999997,90.10917931389137,0.1507431029135632,121.29782907713076,3.921674823829868,3.9218096755356586,-0.4721852262976114,0.6985147168799966,4.434523684119311,-0.5128488602894428
P15_AV2_1_interaction,P15,AV2,1,on_ramp,P15_AV2_1,P15_AV2.1.asc,AV1,60,initiator_active,3571,1,59516.67,59516.6669,1.0,22.3,80.28,194.0,59.008459,-1236.32035,0.0,0.0,0.0,22.3,0.0,0.0,1236.324414,-30.150886,6.254338,1.0,0.0,0.0,0.0,0.0,1205.321828,-33.657063,1021.0,5006.0,0.0,193.0,0.011276,35.260521,126.937877,35.260445,0.073617,-6.2e-05,0.055202,-0.326842,0.000213,0.040977,0.261307,0.0,0.0,0.0,0.0,1.0,-9999.0,-9999.0,-9999.0,-9999.0,-9999.0,-9999.0,-9999.0,-9999.0,-9999.0,-9999.0,-9999.0,-9999.0,-9999.0,-9999.0,194.0,ramp,spur5,stable_reference,4.143377011366312,-1.6180631069453997,3.724055096246858,-0.5107329422251756,-0.5107329422251756,2.583332899999994,90.69682058319812,0.15204476936134126,121.66941542274023,3.913957148495701,3.9140395815182347,-0.460158773337767,0.6980493562615635,4.4245093856294915,-0.5105522371337905
P15_AV2_1_interaction,P15,AV2,1,on_ramp,P15_AV2_1,P15_AV2.1.asc,AV1,60,initiator_active,3572,1,59533.33,59533.3336,1.0,22.3,80.28,194.0,59.379905,-1236.692012,0.0,0.0,0.0,22.3,0.0,0.0,1236.695931,-30.161451,6.254879,1.0,0.0,0.0,0.0,0.0,1205.909475,-33.660707,1021.0,5006.0,0.0,193.0,0.010637,35.261431,126.941152,35.261347,0.077063,-5.8e-05,0.055348,-0.326878,0.000253,0.036895,0.261307,0.0,0.0,0.0,0.0,1.0,-9999.0,-9999.0,-9999.0,-9999.0,-9999.0,-9999.0,-9999.0,-9999.0,-9999.0,-9999.0,-9999.0,-9999.0,-9999.0,-9999.0,194.0,ramp,spur5,stable_reference,4.143118057969041,-1.6200535582038766,3.715521598235464,-0.5083449615169187,-0.5083449615169187,2.5999995999999954,91.28447764425228,0.1532505628686793,122.04100696077197,3.906458523472542,3.9064712079897497,-0.4489171659485294,0.5873469498027237,4.41462362480201,-0.5081651013294679
P15_AV2_1_interaction,P15,AV2,1,on_ramp,P15_AV2_1,P15_AV2.1.asc,AV1,60,initiator_active,3573,1,59550.0,59550.0006,1.0,22.3,80.28,194.0,59.75136,-1237.063676,0.0,0.0,0.0,22.3,0.0,0.0,1237.067451,-30.171865,6.255241,1.0,0.0,0.0,0.0,0.0,1206.497137,-33.664446,1021.0,5006.0,0.0,193.0,0.009883,35.262342,126.944432,35.262251,0.08016,-5.3e-05,0.055421,-0.326002,0.000294,0.032813,0.261307,0.0,0.0,0.0,0.0,1.0,-9999.0,-9999.0,-9999.0,-9999.0,-9999.0,-9999.0,-9999.0,-9999.0,-9999.0,-9999.0,-9999.0,-9999.0,-9999.0,-9999.0,194.0,ramp,spur5,stable_reference,4.143010129695231,-1.621892980441782,3.7071391143700265,-0.5059079357972451,-0.5059079357972451,2.6166665999999967,91.87215048880164,0.15436148340153177,122.41260025254499,3.899110918065295,3.8990755144942852,-0.4405803786064837,0.39543267327697507,4.40485251981992,-0.5057416017546252
P15_AV2_1_interaction,P15,AV2,1,on_ramp,P15_AV2_1,P15_AV2.1.asc,AV1,60,initiator_active,3574,1,59566.67,59566.6668,1.0,22.3,80.28,194.0,60.122822,-1237.43534,0.0,0.0,0.0,22.3,0.0,0.0,1237.438975,-30.182185,6.255463,1.0,0.0,0.0,0.0,0.0,1207.084813,-33.668281,1021.0,5006.0,0.0,193.0,0.009016,35.263253,126.947712,35.263156,0.082878,-4.8e-05,0.055459,-0.324153,0.000333,0.028731,0.261307,0.0,0.0,0.0,0.0,1.0,-9999.0,-9999.0,-9999.0,-9999.0,-9999.0,-9999.0,-9999.0,-9999.0,-9999.0,-9999.0,-9999.0,-9999.0,-9999.0,-9999.0,194.0,ramp,spur5,stable_reference,4.1429962761930135,-1.6236383354134454,3.698850650970282,-0.5036310386072895,-0.5036310386072895,2.6333327999999967,92.45983812513236,0.15537652274124472,122.78419676842903,3.8918573424677376,3.891785249069934,-0.43573596194437414,0.25227715008118956,4.395322795638004,-0.503465453170266
P15_AV2_1_interaction,P15,AV2,1,on_ramp,P15_AV2_1,P15_AV2.1.asc,AV1,60,initiator_active,3575,1,59583.33,59583.3336,1.0,22.3,80.28,194.0,60.494289,-1237.807005,0.0,0.0,0.0,22.3,0.0,0.0,1237.8105,-30.192451,6.255589,1.0,0.0,0.0,0.0,0.0,1207.672504,-33.672213,1021.0,5006.0,0.0,193.0,0.008034,35.264165,126.950994,35.264062,0.085189,-4.2e-05,0.05548,-0.321589,0.000372,0.024806,0.261307,0.0,0.0,0.0,0.0,1.0,-9999.0,-9999.0,-9999.0,-9999.0,-9999.0,-9999.0,-9999.0,-9999.0,-9999.0,-9999.0,-9999.0,-9999.0,-9999.0,-9999.0,194.0,ramp,spur5,stable_reference,4.143036429655306,-1.6253296816876477,3.690616192231052,-0.5013181969034983,-0.5013181969034983,2.6499995999999957,93.04754156146342,0.15629468917457626,123.15579383863354,3.884657773283955,3.884551129705484,-0.4321712704388432,0.2507104456846445,4.385823384635762,-0.5011656113518068
P15_AV2_1_interaction,P15,AV2,1,on_ramp,P15_AV2_1,P15_AV2.1.asc,AV1,60,initiator_active,3576,1,59600.0,59600.0006,1.0,22.3,80.28,194.0,60.86576,-1238.178669,0.0,0.0,0.0,22.3,0.0,0.0,1238.182025,-30.202686,6.255655,1.0,0.0,0.0,0.0,0.0,1208.260209,-33.676241,1021.0,5006.0,0.0,193.0,0.006938,35.265077,126.954276,35.264969,0.087065,-3.5e-05,0.055492,-0.31825,0.000408,0.021038,0.261307,0.0,0.0,0.0,0.0,1.0,-9999.0,-9999.0,-9999.0,-9999.0,-9999.0,-9999.0,-9999.0,-9999.0,-9999.0,-9999.0,-9999.0,-9999.0,-9999.0,-9999.0,194.0,ramp,spur5,stable_reference,4.143107571196968,-1.626990036214052,3.682397792402599,-0.4993170222624364,-0.4993170222624364,2.666666599999997,93.63525978957631,0.15711697441477904,123.52739065300463,3.877489203044493,3.8773793391243507,-0.4273788153576561,0.36092053251330647,4.376654248850096,-0.4991650458056034
P15_AV2_1_interaction,P15,AV2,1,on_ramp,P15_AV2_1,P15_AV2.1.asc,AV1,60,initiator_active,3577,1,59616.67,59616.6668,1.0,22.3,80.28,194.0,61.237233,-1238.550334,0.0,0.0,0.0,22.3,0.0,0.0,1238.553551,-30.212908,6.255685,1.0,0.0,0.0,0.0,0.0,1208.847928,-33.680366,1021.0,5006.0,0.0,193.0,0.00573,35.265988,126.957557,35.265877,0.088481,-2.8e-05,0.055494,-0.315393,0.000442,0.018055,0.261307,0.0,0.0,0.0,0.0,1.0,-9999.0,-9999.0,-9999.0,-9999.0,-9999.0,-9999.0,-9999.0,-9999.0,-9999.0,-9999.0,-9999.0,-9999.0,-9999.0,-9999.0,194.0,ramp,spur5,stable_reference,4.143191735469156,-1.6286373711288,3.674175202450799,-0.4973028217474654,-0.4973028217474654,2.6833327999999965,94.22299281772325,0.15784237849589897,123.89898836005655,3.870333640615022,3.870305221505494,-0.42014075154801844,0.511974940484123,4.367485098965182,-0.49715145835016017
P15_AV2_1_interaction,P15,AV2,1,on_ramp,P15_AV2_1,P15_AV2.1.asc,AV1,60,initiator_active,3578,1,59633.33,59633.334,1.0,22.3,80.28,194.0,61.608708,-1238.921999,0.0,0.0,0.0,22.3,0.0,0.0,1238.92508,-30.22305,6.2561,1.0,0.0,0.0,0.0,0.0,1209.435663,-33.684586,1021.0,5006.0,0.0,193.0,0.004409,35.2669,126.960839,35.266786,0.089414,-2e-05,0.05549,-0.311666,0.000469,0.015229,0.261307,0.0,0.0,0.0,0.0,1.0,-9999.0,-9999.0,-9999.0,-9999.0,-9999.0,-9999.0,-9999.0,-9999.0,-9999.0,-9999.0,-9999.0,-9999.0,-9999.0,-9999.0,194.0,ramp,spur5,stable_reference,4.143355952166926,-1.6302046581227725,3.666032627484343,-0.4954983554993701,-0.4954983554993701,2.7,94.81074262933122,0.15847291785521675,124.27058840679109,3.8632581002193005,3.8633746280333385,-0.4103127945139562,0.6480974594706588,4.358617132028277,-0.49535903180897645
P15_AV2_1_interaction,P15,AV2,1,on_ramp,P15_AV2_1,P15_AV2.1.asc,AV1,60,initiator_active,3579,1,59650.0,59650.0006,1.0,22.3,80.28,194.0,61.980188,-1239.293664,0.0,0.0,0.0,22.3,0.0,0.0,1239.296616,-30.232889,6.25691,1.0,0.0,0.0,0.0,0.0,1210.023411,-33.688901,1021.0,5006.0,0.0,193.0,0.002977,35.267811,126.96412,35.267697,0.089862,-1.2e-05,0.055474,-0.307368,0.00049,0.012717,0.261307,0.0,0.0,0.0,0.0,1.0,-9999.0,-9999.0,-9999.0,-9999.0,-9999.0,-9999.0,-9999.0,-9999.0,-9999.0,-9999.0,-9999.0,-9999.0,-9999.0,-9999.0,194.0,ramp,spur5,stable_reference,4.143823246456635,-1.631468864269529,3.658193085799321,-0.4934573018176824,-0.4934573018176824,2.716666599999997,95.39850622450203,0.15900856773466207,124.64219295272183,3.8564856072740485,3.856627930264435,-0.3985372705789416,0.7309016235692933,4.3498041593026,-0.4933185520285517
P15_AV2_1_interaction,P15,AV2,1,on_ramp,P15_AV2_1,P15_AV2.1.asc,AV1,60,initiator_active,3580,1,59666.67,59666.6674,1.0,22.3,80.28,194.0,62.351679,-1239.66533,0.0,0.0,0.0,22.3,0.0,0.0,1239.66816,-30.242438,6.257669,1.0,0.0,0.0,0.0,0.0,1210.611175,-33.693311,1021.0,5006.0,0.0,193.0,0.001436,35.268722,126.967401,35.268608,0.089824,-4e-06,0.055453,-0.302832,0.000501,0.010676,0.261307,0.0,0.0,0.0,0.0,1.0,-9999.0,-9999.0,-9999.0,-9999.0,-9999.0,-9999.0,-9999.0,-9999.0,-9999.0,-9999.0,-9999.0,-9999.0,-9999.0,-9999.0,194.0,ramp,spur5,stable_reference,4.14458065106673,-1.6324429630362147,3.6506435829651633,-0.4912818341562288,-0.4912818341562288,2.733333399999996,95.98628660313385,0.15944935289230516,125.01380310509934,3.850003170474656,3.850090028284725,-0.38594934858787155,0.7297801224707552,4.341155191379287,-0.4911520209046314
P15_AV2_1_interaction,P15,AV2,1,on_ramp,P15_AV2_1,P15_AV2.1.asc,AV1,60,initiator_active,3581,1,59683.33,59683.3341,1.0,22.3,80.28,194.0,62.723181,-1240.036996,0.0,0.0,0.0,22.3,0.0,0.0,1240.03971,-30.251758,6.258234,1.0,0.0,0.0,0.0,0.0,1211.198952,-33.697813,1021.0,5006.0,0.0,193.0,-0.000213,35.269634,126.970681,35.269521,0.089306,5e-06,0.055433,-0.297423,0.000503,0.008792,0.261307,0.0,0.0,0.0,0.0,1.0,-9999.0,-9999.0,-9999.0,-9999.0,-9999.0,-9999.0,-9999.0,-9999.0,-9999.0,-9999.0,-9999.0,-9999.0,-9999.0,-9999.0,194.0,ramp,spur5,stable_reference,4.145567133994978,-1.6331879843291448,3.643323109102652,-0.4889913157758744,-0.4889913157758744,2.7500000999999976,96.57408074057044,0.15979824846791338,125.38541736740638,3.84374977539304,3.8437628863889586,-0.37421113976874665,0.6145409491801761,4.332611883149626,-0.48886210775658645
P15_AV2_1_interaction,P15,AV2,1,on_ramp,P15_AV2_1,P15_AV2.1.asc,AV1,60,initiator_active,3582,1,59700.0,59700.0002,1.0,22.3,80.28,194.0,63.094692,-1240.408663,0.0,0.0,0.0,22.3,0.0,0.0,1240.411264,-30.260921,6.258613,1.0,0.0,0.0,0.0,0.0,1211.786744,-33.702406,1021.0,5006.0,0.0,193.0,-0.001969,35.270545,126.973962,35.270434,0.088319,1.3e-05,0.055413,-0.292148,0.000497,0.007536,0.261307,0.0,0.0,0.0,0.0,1.0,-9999.0,-9999.0,-9999.0,-9999.0,-9999.0,-9999.0,-9999.0,-9999.0,-9999.0,-9999.0,-9999.0,-9999.0,-9999.0,-9999.0,194.0,ramp,spur5,stable_reference,4.146710667468979,-1.6337759551264377,3.636159654491823,-0.4866732994717772,-0.4866732994717772,2.7666661999999995,97.16189062849124,0.16005627093280067,125.75703433390463,3.837653407975704,3.8376165167052196,-0.3654648703387693,0.415427565738689,4.324209298522739,-0.48655589054703485
P15_AV2_1_interaction,P15,AV2,1,on_ramp,P15_AV2_1,P15_AV2.1.asc,AV1,60,initiator_active,3583,1,59716.67,59716.6668,1.0,22.3,80.28,194.0,63.466209,-1240.78033,0.0,0.0,0.0,22.3,0.0,0.0,1240.78282,-30.269986,6.258845,1.0,0.0,0.0,0.0,0.0,1212.374551,-33.707089,1021.0,5006.0,0.0,193.0,-0.003829,35.271456,126.977243,35.271349,0.086878,2.1e-05,0.055393,-0.286075,0.000482,0.006437,0.261307,0.0,0.0,0.0,0.0,1.0,-9999.0,-9999.0,-9999.0,-9999.0,-9999.0,-9999.0,-9999.0,-9999.0,-9999.0,-9999.0,-9999.0,-9999.0,-9999.0,-9999.0,194.0,ramp,spur5,stable_reference,4.1479522187173945,-1.6342659058668183,3.6290942092245073,-0.484507813195181,-0.484507813195181,2.7833327999999966,97.74971625864352,0.16022442025293174,126.12865249157076,3.8316550537264544,3.8315809588353176,-0.36036392671633166,0.26421059564836824,4.3160459804159705,-0.4843909266895161
P15_AV2_1_interaction,P15,AV2,1,on_ramp,P15_AV2_1,P15_AV2.1.asc,AV1,60,initiator_active,3584,1,59733.33,59733.3341,1.0,22.3,80.28,194.0,63.83773,-1241.151996,0.0,0.0,0.0,22.3,0.0,0.0,1241.154377,-30.278992,6.258977,1.0,0.0,0.0,0.0,0.0,1212.962372,-33.71186,1021.0,5006.0,0.0,193.0,-0.005792,35.272368,126.980524,35.272265,0.084997,2.9e-05,0.055369,-0.281211,0.00046,0.006437,0.261307,0.0,0.0,0.0,0.0,1.0,-9999.0,-9999.0,-9999.0,-9999.0,-9999.0,-9999.0,-9999.0,-9999.0,-9999.0,-9999.0,-9999.0,-9999.0,-9999.0,-9999.0,194.0,ramp,spur5,stable_reference,4.149252775007658,-1.634696849240734,3.622087768484149,-0.4823183372465894,-0.4823183372465894,2.8000000999999974,98.33755661455565,0.16030468810749934,126.50027116229438,3.8257157057207114,3.825604184087894,-0.3566577593518616,0.2605953182846523,4.307927048573605,-0.4822113428528936
P15_AV2_1_interaction,P15,AV2,1,on_ramp,P15_AV2_1,P15_AV2.1.asc,AV1,60,initiator_active,3585,1,59750.0,59750.0005,1.0,22.3,80.28,194.0,64.209256,-1241.523663,0.0,0.0,0.0,22.3,0.0,0.0,1241.525935,-30.287969,6.259045,1.0,0.0,0.0,0.0,0.0,1213.550207,-33.716717,1021.0,5006.0,0.0,193.0,-0.007854,35.273279,126.983806,35.273182,0.082735,3.6e-05,0.055355,-0.271415,0.000422,0.004553,0.261307,0.0,0.0,0.0,0.0,1.0,-9999.0,-9999.0,-9999.0,-9999.0,-9999.0,-9999.0,-9999.0,-9999.0,-9999.0,-9999.0,-9999.0,-9999.0,-9999.0,-9999.0,194.0,ramp,spur5,stable_reference,4.15058234787585,-1.635098777262199,3.615107905545473,-0.4804002296148931,-0.4804002296148931,2.8166664999999993,98.92541167972267,0.160299074428394,126.87189059365555,3.819805364980088,3.819692232599326,-0.3516773893740748,0.3740558276248329,4.300099025701926,-0.4802936607218382
P15_AV2_1_interaction,P15,AV2,1,on_ramp,P15_AV2_1,P15_AV2.1.asc,AV1,60,initiator_active,3586,1,59766.67,59766.6677,1.0,22.3,80.28,194.0,64.580785,-1241.89533,0.0,0.0,0.0,22.3,0.0,0.0,1241.897494,-30.29693,6.259077,1.0,0.0,0.0,0.0,0.0,1214.138057,-33.721658,1021.0,5006.0,0.0,193.0,-0.010013,35.274192,126.987089,35.274101,0.08011,4.3e-05,0.055335,-0.26367,0.000376,0.004082,0.261307,0.0,0.0,0.0,0.0,1.0,-9999.0,-9999.0,-9999.0,-9999.0,-9999.0,-9999.0,-9999.0,-9999.0,-9999.0,-9999.0,-9999.0,-9999.0,-9999.0,-9999.0,194.0,ramp,spur5,stable_reference,4.151927942320977,-1.6354846864705967,3.608125145313733,-0.4784660995459988,-0.4784660995459988,2.8333336999999954,99.51328243760483,0.1602095874002054,127.24351089293994,3.8139110319472964,3.8138815155341734,-0.3441890116471029,0.5292734185938706,4.292270991655201,-0.47835995970790446
P15_AV2_1_interaction,P15,AV2,1,on_ramp,P15_AV2_1,P15_AV2.1.asc,AV1,60,initiator_active,3587,1,59783.33,59783.334,1.0,22.3,80.28,194.0,64.952316,-1242.266996,0.0,0.0,0.0,22.3,0.0,0.0,1242.269055,-30.305808,6.259507,1.0,0.0,0.0,0.0,0.0,1214.725922,-33.72668,1021.0,5006.0,0.0,193.0,-0.012267,35.275104,126.990374,35.27502,0.077139,4.8e-05,0.055313,-0.255734,0.000307,0.003925,0.261307,0.0,0.0,0.0,0.0,1.0,-9999.0,-9999.0,-9999.0,-9999.0,-9999.0,-9999.0,-9999.0,-9999.0,-9999.0,-9999.0,-9999.0,-9999.0,-9999.0,-9999.0,194.0,ramp,spur5,stable_reference,4.153356560308565,-1.6357875716290775,3.6012253945533823,-0.476760626089136,-0.476760626089136,2.85,100.1011688634445,0.1600392269207607,127.61513250718258,3.8080997125934006,3.808219200182662,-0.334034997844725,0.6701275039741716,4.284764055589076,-0.47666434299567495
P15_AV2_1_interaction,P15,AV2,1,on_ramp,P15_AV2_1,P15_AV2.1.asc,AV1,60,initiator_active,3588,1,59800.0,59800.0006,1.0,22.3,80.28,194.0,65.323852,-1242.638663,0.0,0.0,0.0,22.3,0.0,0.0,1242.640623,-30.314375,6.260345,1.0,0.0,0.0,0.0,0.0,1215.3138,-33.73178,1021.0,5006.0,0.0,193.0,-0.014612,35.276017,126.99366,35.275939,0.073857,5.3e-05,0.05529,-0.24735,0.000224,0.004082,0.261307,0.0,0.0,0.0,0.0,1.0,-9999.0,-9999.0,-9999.0,-9999.0,-9999.0,-9999.0,-9999.0,-9999.0,-9999.0,-9999.0,-9999.0,-9999.0,-9999.0,-9999.0,194.0,ramp,spur5,stable_reference,4.155096252811782,-1.635779378069944,3.5946366766523967,-0.4747914481248569,-0.4747914481248569,2.8666665999999967,100.68906893255102,0.15979097638252265,127.98675855459989,3.80259944041754,3.802747163781384,-0.32185168204559034,0.7560945015715923,4.2772950031297325,-0.4746955627121925
P15_AV2_1_interaction,P15,AV2,1,on_ramp,P15_AV2_1,P15_AV2.1.asc,AV1,60,initiator_active,3589,1,59816.67,59816.6673,1.0,22.3,80.28,194.0,65.695398,-1243.010329,0.0,0.0,0.0,22.3,0.0,0.0,1243.012197,-30.32264,6.261129,1.0,0.0,0.0,0.0,0.0,1215.901694,-33.736956,1021.0,5006.0,0.0,193.0,-0.017046,35.27693,126.996946,35.27686,0.070302,5.6e-05,0.055268,-0.238278,0.000126,0.004082,0.261307,0.0,0.0,0.0,0.0,1.0,-9999.0,-9999.0,-9999.0,-9999.0,-9999.0,-9999.0,-9999.0,-9999.0,-9999.0,-9999.0,-9999.0,-9999.0,-9999.0,-9999.0,194.0,ramp,spur5,stable_reference,4.157137995561944,-1.6354691264696617,3.588349986414484,-0.4727175423581432,-0.4727175423581432,2.8833332999999985,101.27698562831742,0.15946686047545758,128.35838810950003,3.797401207473507,3.7974908228038995,-0.3088318679769486,0.7548990357925103,4.27003110192901,-0.4726298944555025
P15_AV2_1_interaction,P15,AV2,1,on_ramp,P15_AV2_1,P15_AV2.1.asc,AV1,60,initiator_active,3590,1,59833.33,59833.3342,1.0,22.3,80.28,194.0,66.066954,-1243.381995,0.0,0.0,0.0,22.3,0.0,0.0,1243.383777,-30.330669,6.261713,1.0,0.0,0.0,0.0,0.0,1216.489602,-33.742205,1021.0,5006.0,0.0,193.0,-0.019564,35.277843,127.000235,35.27778,0.066514,5.7e-05,0.055246,-0.22861,2.3e-05,0.004396,0.246231,0.0,0.0,0.0,0.0,1.0,-9999.0,-9999.0,-9999.0,-9999.0,-9999.0,-9999.0,-9999.0,-9999.0,-9999.0,-9999.0,-9999.0,-9999.0,-9999.0,-9999.0,194.0,ramp,spur5,stable_reference,4.15941581393848,-1.6349227992590194,3.582299274845581,-0.4705226585638996,-0.4705226585638996,2.900000199999995,101.86491692605374,0.15906986259201963,128.7300217165606,3.7924390160088706,3.792452688446188,-0.2966881900614595,0.6363058143421352,4.262874433629772,-0.4704354176209016
P15_AV2_1_interaction,P15,AV2,1,on_ramp,P15_AV2_1,P15_AV2.1.asc,AV1,60,initiator_active,3591,1,59850.0,59850.0,1.0,22.3,80.28,194.0,66.438518,-1243.75366,0.0,0.0,0.0,22.3,0.0,0.0,1243.755361,-30.338536,6.262105,1.0,0.0,0.0,0.0,0.0,1217.077525,-33.747525,1021.0,5006.0,0.0,193.0,-0.022164,35.278757,127.003524,35.278701,0.062526,5.6e-05,0.055224,-0.218973,-7.5e-05,0.005181,0.246231,0.0,0.0,0.0,0.0,1.0,-9999.0,-9999.0,-9999.0,-9999.0,-9999.0,-9999.0,-9999.0,-9999.0,-9999.0,-9999.0,-9999.0,-9999.0,-9999.0,-9999.0,194.0,ramp,spur5,stable_reference,4.161855680938108,-1.634214422883744,3.5764105183433426,-0.4683071630003133,-0.4683071630003133,2.9166659999999975,102.45286380921998,0.15860199091678273,129.10165798654893,3.7876388520382456,3.7876013920610374,-0.2876218740956773,0.43129904515518547,4.255867649132199,-0.4682287970939534
P15_AV2_1_interaction,P15,AV2,1,on_ramp,P15_AV2_1,P15_AV2.1.asc,AV1,60,initiator_active,3592,1,59866.67,59866.6673,1.0,22.3,80.28,194.0,66.810088,-1244.125325,0.0,0.0,0.0,22.3,0.0,0.0,1244.126946,-30.3463,6.262345,1.0,0.0,0.0,0.0,0.0,1217.665462,-33.752911,1021.0,5006.0,0.0,193.0,-0.024843,35.279671,127.006815,35.279622,0.058371,5.4e-05,0.0552,-0.209369,-0.00016,0.005652,0.246231,0.0,0.0,0.0,0.0,1.0,-9999.0,-9999.0,-9999.0,-9999.0,-9999.0,-9999.0,-9999.0,-9999.0,-9999.0,-9999.0,-9999.0,-9999.0,-9999.0,-9999.0,194.0,ramp,spur5,stable_reference,4.164398536059949,-1.633403050854806,3.5706247657051127,-0.4662050334773741,-0.4662050334773741,2.9333332999999984,103.04082523658728,0.15806823702680547,129.4732944064761,3.7829416928127504,3.7828653701683743,-0.28231199399921536,0.2736726579612707,4.249068712151363,-0.46612701933861267
P15_AV2_1_interaction,P15,AV2,1,on_ramp,P15_AV2_1,P15_AV2.1.asc,AV1,60,initiator_active,3593,1,59883.33,59883.3342,1.0,22.3,80.28,194.0,67.181664,-1244.496989,0.0,0.0,0.0,22.3,0.0,0.0,1244.498533,-30.354005,6.262482,1.0,0.0,0.0,0.0,0.0,1218.253414,-33.758361,1021.0,5006.0,0.0,193.0,-0.027596,35.280585,127.010106,35.280544,0.054075,5e-05,0.055174,-0.200409,-0.000233,0.006594,0.246231,0.0,0.0,0.0,0.0,1.0,-9999.0,-9999.0,-9999.0,-9999.0,-9999.0,-9999.0,-9999.0,-9999.0,-9999.0,-9999.0,-9999.0,-9999.0,-9999.0,-9999.0,194.0,ramp,spur5,stable_reference,4.167000423953134,-1.6325326483871565,3.5648980228778773,-0.4640902235861721,-0.4640902235861721,2.950000199999995,103.6288021916161,0.15747060910665134,129.84493233942612,3.7783035480834446,3.7781907461198694,-0.2784991790546627,0.2656071666985387,4.242322622952996,-0.46401907486955096
P15_AV2_1_interaction,P15,AV2,1,on_ramp,P15_AV2_1,P15_AV2.1.asc,AV1,60,initiator_active,3594,1,59900.0,59900.0005,1.0,22.3,80.28,194.0,67.553243,-1244.868653,0.0,0.0,0.0,22.3,0.0,0.0,1244.87012,-30.361679,6.262552,1.0,0.0,0.0,0.0,0.0,1218.84138,-33.763872,1021.0,5006.0,0.0,193.0,-0.030421,35.2815,127.013398,35.281465,0.049675,4.6e-05,0.055149,-0.19054,-0.00029,0.007222,0.246231,0.0,0.0,0.0,0.0,1.0,-9999.0,-9999.0,-9999.0,-9999.0,-9999.0,-9999.0,-9999.0,-9999.0,-9999.0,-9999.0,-9999.0,-9999.0,-9999.0,-9999.0,194.0,ramp,spur5,stable_reference,4.169633299925693,-1.6316312541717015,3.5592022796113736,-0.4621893692729913,-0.4621893692729913,2.966666499999999,104.21679364958233,0.15681209880147923,130.21657001654296,3.7736964022984685,3.7735820989639475,-0.27345850139919037,0.37740402960397557,4.235814914270901,-0.4621185119724327
P15_AV2_1_interaction,P15,AV2,1,on_ramp,P15_AV2_1,P15_AV2.1.asc,AV1,60,initiator_active,3595,1,59916.67,59916.6675,1.0,22.3,80.28,194.0,67.924825,-1245.240318,0.0,0.0,0.0,22.3,0.0,0.0,1245.241708,-30.369337,6.262585,1.0,0.0,0.0,0.0,0.0,1219.429361,-33.76944,1021.0,5006.0,0.0,193.0,-0.033313,35.282414,127.016692,35.282385,0.045206,4.1e-05,0.055122,-0.181804,-0.000335,0.008478,0.246231,0.0,0.0,0.0,0.0,1.0,-9999.0,-9999.0,-9999.0,-9999.0,-9999.0,-9999.0,-9999.0,-9999.0,-9999.0,-9999.0,-9999.0,-9999.0,-9999.0,-9999.0,194.0,ramp,spur5,stable_reference,4.172282197475168,-1.6307138411431854,3.5535227151730115,-0.4602724945089719,-0.4602724945089719,2.9833335000000005,104.804800577441,0.15609671422775356,130.58820856158255,3.769105264221314,3.7690754761482443,-0.2659189523730561,0.5322340262423637,4.229307195301848,-0.4602019310805341
P15_AV2_1_interaction,P15,AV2,1,on_ramp,P15_AV2_1,P15_AV2.1.asc,AV1,60,initiator_active,3596,1,59933.33,59933.334,1.0,22.3,80.28,194.0,68.296409,-1245.611982,0.0,0.0,0.0,22.3,0.0,0.0,1245.613298,-30.376911,6.263017,1.0,0.0,0.0,0.0,0.0,1220.017357,-33.775063,1021.0,5006.0,0.0,193.0,-0.03627,35.283329,127.019985,35.283306,0.040692,3.5e-05,0.055093,-0.173641,-0.000365,0.010048,0.246231,0.0,0.0,0.0,0.0,1.0,-9999.0,-9999.0,-9999.0,-9999.0,-9999.0,-9999.0,-9999.0,-9999.0,-9999.0,-9999.0,-9999.0,-9999.0,-9999.0,-9999.0,194.0,ramp,spur5,stable_reference,4.175015118182562,-1.6297124043309614,3.547927214200286,-0.4586229397038739,-0.4586229397038739,3.0,105.39282295868696,0.15532645531737743,130.9598484133279,3.764598139789007,3.7647180850920785,-0.25571735835437437,0.6729076561020939,4.223158754510896,-0.45856061472188925
P15_AV2_1_interaction,P15,AV2,1,on_ramp,P15_AV2_1,P15_AV2.1.asc,AV1,60,initiator_active,3597,1,59950.0,59950.0006,1.0,22.3,80.28,194.0,68.667997,-1245.983645,0.0,0.0,0.0,22.3,0.0,0.0,1245.984893,-30.384172,6.263858,1.0,0.0,0.0,0.0,0.0,1220.605368,-33.780738,1021.0,5006.0,0.0,193.0,-0.039288,35.284244,127.023279,35.284225,0.036173,2.9e-05,0.055065,-0.164814,-0.000381,0.011304,0.246231,0.0,0.0,0.0,0.0,1.0,-9999.0,-9999.0,-9999.0,-9999.0,-9999.0,-9999.0,-9999.0,-9999.0,-9999.0,-9999.0,-9999.0,-9999.0,-9999.0,-9999.0,194.0,ramp,spur5,stable_reference,4.178061057177511,-1.6283979354780307,3.54264473541196,-0.4566897364333882,-0.4566897364333882,3.0166665999999966,105.98086076856217,0.15450432196818809,131.3314906818107,3.7604040459612436,3.7605516250162303,-0.24348884202022703,0.7590433410257047,4.217031720127067,-0.4566276741658233
P15_AV2_1_interaction,P15,AV2,1,on_ramp,P15_AV2_1,P15_AV2.1.asc,AV1,60,initiator_active,3598,1,59966.67,59966.6673,1.0,22.3,80.28,194.0,69.039595,-1246.355308,0.0,0.0,0.0,22.3,0.0,0.0,1246.356495,-30.391131,6.264646,1.0,0.0,0.0,0.0,0.0,1221.193394,-33.786461,1021.0,5006.0,0.0,193.0,-0.042364,35.285159,127.026572,35.285145,0.031686,2.2e-05,0.055037,-0.156718,-0.000387,0.012874,0.246231,0.0,0.0,0.0,0.0,1.0,-9999.0,-9999.0,-9999.0,-9999.0,-9999.0,-9999.0,-9999.0,-9999.0,-9999.0,-9999.0,-9999.0,-9999.0,-9999.0,-9999.0,194.0,ramp,spur5,stable_reference,4.181409074148904,-1.6267813855116944,3.537664289612176,-0.4546693599782804,-0.4546693599782804,3.0333332999999985,106.56891397405559,0.1536343140439574,131.7031374577421,3.7565119996179974,3.756601799774323,-0.23041593388906279,0.7583984292407528,4.2111257245409615,-0.45461372492296404
P15_AV2_1_interaction,P15,AV2,1,on_ramp,P15_AV2_1,P15_AV2.1.asc,AV1,60,initiator_active,3599,1,59983.33,59983.334,1.0,22.3,80.28,194.0,69.411202,-1246.726968,0.0,0.0,0.0,22.3,0.0,0.0,1246.728101,-30.397853,6.265233,1.0,0.0,0.0,0.0,0.0,1221.781434,-33.79223,1021.0,5006.0,0.0,193.0,-0.045495,35.286047,127.02977,35.286037,0.027263,1.6e-05,0.04929,-0.148463,-0.000391,0.014287,0.246231,0.0,0.0,0.0,0.0,1.0,-9999.0,-9999.0,-9999.0,-9999.0,-9999.0,-9999.0,-9999.0,-9999.0,-9999.0,-9999.0,-9999.0,-9999.0,-9999.0,-9999.0,194.0,ramp,spur5,stable_reference,4.18499411090312,-1.624927806345716,3.5329189621927,-0.4525101234232798,-0.4525101234232798,3.05,107.15698155869626,0.15271842322389786,132.0747862776494,3.7528569782147128,3.7528710785255317,-0.21820884381897088,0.6396644795553703,4.205311730794992,-0.4524547525802789
P15_AV2_1_interaction,P15,AV2,1,on_ramp,P15_AV2_1,P15_AV2.1.asc,AV1,60,initiator_active,3600,1,60000.0,60000.0007,1.0,22.3,80.28,194.0,69.782817,-1247.098628,0.0,0.0,0.0,22.3,0.0,0.0,1247.09971,-30.404411,6.265626,1.0,0.0,0.0,0.0,0.0,1222.369488,-33.798042,1021.0,5006.0,0.0,193.0,-0.048677,35.286708,127.032148,35.2867,0.02294,9e-06,0.034807,-0.140437,-0.000417,0.0157,0.246231,0.0,0.0,0.0,0.0,1.0,-9999.0,-9999.0,-9999.0,-9999.0,-9999.0,-9999.0,-9999.0,-9999.0,-9999.0,-9999.0,-9999.0,-9999.0,-9999.0,-9999.0,194.0,ramp,spur5,stable_reference,4.18874316778184,-1.6229102016197623,3.528317988494631,-0.4503378731235223,-0.4503378731235223,3.0666666999999945,107.74506349772588,0.15175964940584497,132.44643674401323,3.749365975984643,3.7493281570997685,-0.20909374192625307,0.43349309331737995,4.199654919083386,-0.4502889430987431
P15_AV2_1_interaction,P15,AV2,1,on_ramp,P15_AV2_1,P15_AV2.1.asc,AV1,60,initiator_active,3601,1,60016.67,60016.6673,1.0,22.3,80.28,194.0,70.154436,-1247.470286,0.0,0.0,0.0,22.3,0.0,0.0,1247.47132,-30.410867,6.265867,1.0,0.0,0.0,0.0,0.0,1222.957553,-33.803894,1021.0,5006.0,0.0,193.0,-0.051907,35.287225,127.03401,35.28722,0.018749,2e-06,0.029373,-0.131731,-0.000489,0.016642,0.246231,0.0,0.0,0.0,0.0,1.0,-9999.0,-9999.0,-9999.0,-9999.0,-9999.0,-9999.0,-9999.0,-9999.0,-9999.0,-9999.0,-9999.0,-9999.0,-9999.0,-9999.0,194.0,ramp,spur5,stable_reference,4.192594213167314,-1.620790600973946,3.523819018648329,-0.4482480668974078,-0.4482480668974078,3.0833332999999983,108.33315676648841,0.15076096772956066,132.8180873685686,3.745976978533751,3.74590129340156,-0.20375906580918013,0.2749611628456021,4.194176342467609,-0.4481993639338575
P15_AV2_1_interaction,P15,AV2,1,on_ramp,P15_AV2_1,P15_AV2.1.asc,AV1,60,initiator_active,3602,1,60033.33,60033.3339,1.0,22.3,80.28,194.0,70.526059,-1247.841943,0.0,0.0,0.0,22.3,0.0,0.0,1247.842932,-30.417263,6.266004,1.0,0.0,0.0,0.0,0.0,1223.545627,-33.809784,1021.0,5006.0,0.0,193.0,-0.055183,35.287693,127.035694,35.28769,0.014715,-8e-06,0.027532,-0.124358,-0.000602,0.018055,0.246231,0.0,0.0,0.0,0.0,1.0,-9999.0,-9999.0,-9999.0,-9999.0,-9999.0,-9999.0,-9999.0,-9999.0,-9999.0,-9999.0,-9999.0,-9999.0,-9999.0,-9999.0,194.0,ramp,spur5,stable_reference,4.196505290939599,-1.6186109701556146,3.5193800585022963,-0.4461699958153515,-0.4461699958153515,3.0999998999999954,108.92125934854684,0.14972436162155078,133.18973949789412,3.7426479955449996,3.742536215407338,-0.19992840649288723,0.26539243694028425,4.188775268849703,-0.4461272733047035
P15_AV2_1_interaction,P15,AV2,1,on_ramp,P15_AV2_1,P15_AV2.1.asc,AV1,60,initiator_active,3603,1,60050.0,60050.0006,1.0,22.3,80.28,194.0,70.897686,-1248.2136,0.0,0.0,0.0,22.3,0.0,0.0,1248.214544,-30.423627,6.266075,1.0,0.0,0.0,0.0,0.0,1224.133708,-33.815709,1021.0,5006.0,0.0,193.0,-0.058501,35.288144,127.037318,35.288142,0.010858,-1.9e-05,0.026905,-0.11609,-0.00071,0.01884,0.246231,0.0,0.0,0.0,0.0,1.0,-9999.0,-9999.0,-9999.0,-9999.0,-9999.0,-9999.0,-9999.0,-9999.0,-9999.0,-9999.0,-9999.0,-9999.0,-9999.0,-9999.0,194.0,ramp,spur5,stable_reference,4.200448356406707,-1.6163993478556846,3.514973097912544,-0.4443236334481066,-0.4443236334481066,3.1166665999999967,109.50936921921118,0.14865281447427683,133.5613913631335,3.7393510114665167,3.739237020244828,-0.19491265298050564,0.3744750365999332,4.183632099200344,-0.44428108773382746
P15_AV2_1_interaction,P15,AV2,1,on_ramp,P15_AV2_1,P15_AV2.1.asc,AV1,60,initiator_active,3604,1,60066.67,60066.6675,1.0,22.3,80.28,194.0,71.269317,-1248.585257,0.0,0.0,0.0,22.3,0.0,0.0,1248.586156,-30.429976,6.266108,1.0,0.0,0.0,0.0,0.0,1224.721797,-33.821666,1021.0,5006.0,0.0,193.0,-0.061858,35.288589,127.038921,35.288589,0.007207,-3.1e-05,0.026687,-0.107949,-0.000781,0.019468,0.246231,0.0,0.0,0.0,0.0,1.0,-9999.0,-9999.0,-9999.0,-9999.0,-9999.0,-9999.0,-9999.0,-9999.0,-9999.0,-9999.0,-9999.0,-9999.0,-9999.0,-9999.0,194.0,ramp,spur5,stable_reference,4.204406416105768,-1.6141727295487505,3.510576694760248,-0.4424622747409685,-0.4424622747409685,3.1333335000000004,110.09748735368898,0.1475493344382576,133.93304310458277,3.736069026877226,3.7360390762134186,-0.18744577600052992,0.5268558262423344,4.178488934136244,-0.4424199072590178
P15_AV2_1_interaction,P15,AV2,1,on_ramp,P15_AV2_1,P15_AV2.1.asc,AV1,60,initiator_active,3605,1,60083.33,60083.3342,1.0,22.3,80.28,194.0,71.640949,-1248.956914,0.0,0.0,0.0,22.3,0.0,0.0,1248.95777,-30.436242,6.266535,1.0,0.0,0.0,0.0,0.0,1225.309893,-33.827654,1021.0,5006.0,0.0,193.0,-0.065252,35.289033,127.040518,35.289033,0.003768,-4.5e-05,0.026605,-0.100981,-0.000797,0.02041,0.246231,0.0,0.0,0.0,0.0,1.0,-9999.0,-9999.0,-9999.0,-9999.0,-9999.0,-9999.0,-9999.0,-9999.0,-9999.0,-9999.0,-9999.0,-9999.0,-9999.0,-9999.0,194.0,ramp,spur5,stable_reference,4.208447499347296,-1.6118630871919049,3.5062569929017475,-0.4408245135800053,-0.4408245135800053,3.150000199999995,110.68561274376215,0.14641491322675715,134.30469616099026,3.7328700559668313,3.7329887759546754,-0.17735068315047897,0.6657038830906963,4.173657349076397,-0.4407872931095653
P15_AV2_1_interaction,P15,AV2,1,on_ramp,P15_AV2_1,P15_AV2.1.asc,AV1,60,initiator_active,3606,1,60100.0,60100.0008,1.0,22.3,80.28,194.0,72.012586,-1249.32857,0.0,0.0,0.0,22.3,0.0,0.0,1249.329389,-30.442198,6.267368,1.0,0.0,0.0,0.0,0.0,1225.897996,-33.833669,1021.0,5006.0,0.0,193.0,-0.06868,35.289476,127.042113,35.289476,0.000549,-5.7e-05,0.026569,-0.093904,-0.000753,0.021038,0.246231,0.0,0.0,0.0,0.0,1.0,-9999.0,-9999.0,-9999.0,-9999.0,-9999.0,-9999.0,-9999.0,-9999.0,-9999.0,-9999.0,-9999.0,-9999.0,-9999.0,-9999.0,194.0,ramp,spur5,stable_reference,4.212798602029967,-1.6092434119957597,3.502247312977788,-0.4388836844809509,-0.4388836844809509,3.166666799999999,111.27374535641925,0.14525355070355764,134.67635165889325,3.729981115763142,3.730127391553369,-0.1652556807541714,0.7505390004937125,4.168827743645147,-0.43884662788200446
P15_AV2_1_interaction,P15,AV2,1,on_ramp,P15_AV2_1,P15_AV2.1.asc,AV1,60,initiator_active,3607,1,60116.67,60116.6673,1.0,22.3,80.28,194.0,72.38423,-1249.700224,0.0,0.0,0.0,22.3,0.0,0.0,1249.701013,-30.447855,6.268147,1.0,0.0,0.0,0.0,0.0,1226.486106,-33.839709,1021.0,5006.0,0.0,193.0,-0.07214,35.289918,127.043706,35.289918,-0.002439,-6.9e-05,0.026547,-0.08739,-0.000661,0.021666,0.246231,0.0,0.0,0.0,0.0,1.0,-9999.0,-9999.0,-9999.0,-9999.0,-9999.0,-9999.0,-9999.0,-9999.0,-9999.0,-9999.0,-9999.0,-9999.0,-9999.0,-9999.0,194.0,ramp,spur5,stable_reference,4.217448728383699,-1.606324701032112,3.4985366551392434,-0.4369091571279841,-0.4369091571279841,3.1833332999999984,111.86188517515559,0.1440672468005515,135.04800968907128,3.7273912066407555,3.7274802905369184,-0.1523328965602957,0.7498507229038198,4.164268737678672,-0.43687753103791627
P15_AV2_1_interaction,P15,AV2,1,on_ramp,P15_AV2_1,P15_AV2.1.asc,AV1,60,initiator_active,3608,1,60133.33,60133.3335,1.0,22.3,80.28,194.0,72.755881,-1250.071875,0.0,0.0,0.0,22.3,0.0,0.0,1250.07264,-30.453277,6.268727,1.0,0.0,0.0,0.0,0.0,1227.074223,-33.845773,1021.0,5006.0,0.0,193.0,-0.075628,35.290361,127.0453,35.290361,-0.005196,-7.9e-05,0.026565,-0.081794,-0.000535,0.022451,0.246231,0.0,0.0,0.0,0.0,1.0,-9999.0,-9999.0,-9999.0,-9999.0,-9999.0,-9999.0,-9999.0,-9999.0,-9999.0,-9999.0,-9999.0,-9999.0,-9999.0,-9999.0,194.0,ramp,spur5,stable_reference,4.222333847559799,-1.6031709834086918,3.495061009789424,-0.4347921129611666,-0.4347921129611666,3.199999499999998,112.45003219171802,0.14285700148367847,135.41966877976452,3.7250363142737433,3.7250497209153766,-0.14026111624852433,0.6327555227393793,4.159796954389126,-0.43476064011538273
P15_AV2_1_interaction,P15,AV2,1,on_ramp,P15_AV2_1,P15_AV2.1.asc,AV1,60,initiator_active,3609,1,60150.0,60150.0008,1.0,22.3,80.28,194.0,73.127538,-1250.443524,0.0,0.0,0.0,22.3,0.0,0.0,1250.444269,-30.458538,6.269116,1.0,0.0,0.0,0.0,0.0,1227.662347,-33.851859,1021.0,5006.0,0.0,193.0,-0.079143,35.290807,127.046906,35.290806,-0.007724,-8.6e-05,0.026911,-0.077121,-0.00039,0.023393,0.246231,0.0,0.0,0.0,0.0,1.0,-9999.0,-9999.0,-9999.0,-9999.0,-9999.0,-9999.0,-9999.0,-9999.0,-9999.0,-9999.0,-9999.0,-9999.0,-9999.0,-9999.0,194.0,ramp,spur5,stable_reference,4.22737996028451,-1.5998562624989554,3.491738519710452,-0.4326837866754766,-0.4326837866754766,3.216666799999999,113.03818638960117,0.14162481468483976,135.79132854170632,3.7228424329294127,3.7228049088885715,-0.13124114180718038,0.42903279216520707,4.155499427987349,-0.43265699505793664
P15_AV2_1_interaction,P15,AV2,1,on_ramp,P15_AV2_1,P15_AV2.1.asc,AV1,60,initiator_active,3610,1,60166.67,60166.6668,1.0,22.3,80.28,194.0,73.4992,-1250.815172,0.0,0.0,0.0,22.3,0.0,0.0,1250.8159,-30.463698,6.269355,1.0,0.0,0.0,0.0,0.0,1228.250479,-33.857964,1021.0,5006.0,0.0,193.0,-0.082683,35.291259,127.048534,35.291258,-0.010024,-9.1e-05,0.027225,-0.073045,-0.000237,0.024335,0.246231,0.0,0.0,0.0,0.0,1.0,-9999.0,-9999.0,-9999.0,-9999.0,-9999.0,-9999.0,-9999.0,-9999.0,-9999.0,-9999.0,-9999.0,-9999.0,-9999.0,-9999.0,194.0,ramp,spur5,stable_reference,4.23252708963002,-1.5964405223308984,3.488514252972287,-0.4306406319432791,-0.4306406319432791,3.2333327999999963,113.62634874401321,0.1403736945545527,136.16298947005816,3.720749564651008,3.720675011613124,-0.1259597459115298,0.27195669631986874,4.151363531488121,-0.43061396683711317
P15_AV2_1_interaction,P15,AV2,1,on_ramp,P15_AV2_1,P15_AV2.1.asc,AV1,60,initiator_active,3611,1,60183.33,60183.3342,1.0,22.3,80.28,194.0,73.870866,-1251.186818,0.0,0.0,0.0,22.3,0.0,0.0,1251.187532,-30.468798,6.26949,1.0,0.0,0.0,0.0,0.0,1228.838618,-33.864088,1021.0,5006.0,0.0,193.0,-0.086246,35.291715,127.050175,35.291713,-0.012094,-9.4e-05,0.027391,-0.069894,-8.9e-05,0.025434,0.246231,0.0,0.0,0.0,0.0,1.0,-9999.0,-9999.0,-9999.0,-9999.0,-9999.0,-9999.0,-9999.0,-9999.0,-9999.0,-9999.0,-9999.0,-9999.0,-9999.0,-9999.0,194.0,ramp,spur5,stable_reference,4.237734223632841,-1.5929647750625873,3.485349990628808,-0.4286275880294498,-0.4286275880294498,3.250000199999995,114.21451825498788,0.1391036328401374,136.53465090321436,3.7187167025820527,3.718606247444188,-0.12217602630261126,0.26127423539493,4.147321876101222,-0.42860517351916894
P15_AV2_1_interaction,P15,AV2,1,on_ramp,P15_AV2_1,P15_AV2.1.asc,AV1,60,initiator_active,3612,1,60200.0,60200.0007,1.0,22.3,80.28,194.0,74.242535,-1251.558464,0.0,0.0,0.0,22.3,0.0,0.0,1251.559164,-30.473868,6.26956,1.0,0.0,0.0,0.0,0.0,1229.426764,-33.87023,1021.0,5006.0,0.0,193.0,-0.089831,35.292173,127.051823,35.29217,-0.013938,-9.4e-05,0.027459,-0.067674,4.8e-05,0.02669,0.246231,0.0,0.0,0.0,0.0,1.0,-9999.0,-9999.0,-9999.0,-9999.0,-9999.0,-9999.0,-9999.0,-9999.0,-9999.0,-9999.0,-9999.0,-9999.0,-9999.0,-9999.0,194.0,ramp,spur5,stable_reference,4.24297134609955,-1.5894590357802687,3.4822157278783843,-0.4268294931923704,-0.4268294931923704,3.2666666999999943,114.80269491427272,0.13781562950753895,136.90631208879003,3.7167138394914767,3.7166024046701978,-0.1172505183445196,0.3677046554736636,4.143521012202547,-0.4268071727110705
P15_AV2_1_interaction,P15,AV2,1,on_ramp,P15_AV2_1,P15_AV2.1.asc,AV1,60,initiator_active,3613,1,60216.67,60216.6674,1.0,22.3,80.28,194.0,74.614206,-1251.930109,0.0,0.0,0.0,22.3,0.0,0.0,1251.930796,-30.478922,6.269593,1.0,0.0,0.0,0.0,0.0,1230.014918,-33.876388,1021.0,5006.0,0.0,193.0,-0.093435,35.292631,127.053473,35.292628,-0.015552,-9.2e-05,0.027479,-0.065726,0.00017,0.027789,0.246231,0.0,0.0,0.0,0.0,1.0,-9999.0,-9999.0,-9999.0,-9999.0,-9999.0,-9999.0,-9999.0,-9999.0,-9999.0,-9999.0,-9999.0,-9999.0,-9999.0,-9999.0,194.0,ramp,spur5,stable_reference,4.248224462413679,-1.585937300757151,3.479096787942727,-0.4250249865108555,-0.4250249865108555,3.283333399999996,115.39087970532817,0.13651169274133484,137.27797314232262,3.7147269758560357,3.7146979136586133,-0.10991922461211345,0.5173529355057163,4.139733011042326,-0.4250060351862901
P15_AV2_1_interaction,P15,AV2,1,on_ramp,P15_AV2_1,P15_AV2.1.asc,AV1,60,initiator_active,3614,1,60233.33,60233.334,1.0,22.3,80.28,194.0,74.985879,-1252.301754,0.0,0.0,0.0,22.3,0.0,0.0,1252.30243,-30.483894,6.270012,1.0,0.0,0.0,0.0,0.0,1230.603079,-33.882561,1021.0,5006.0,0.0,193.0,-0.097059,35.29309,127.055123,35.293086,-0.016935,-8.8e-05,0.027477,-0.064707,0.000273,0.029045,0.246231,0.0,0.0,0.0,0.0,1.0,-9999.0,-9999.0,-9999.0,-9999.0,-9999.0,-9999.0,-9999.0,-9999.0,-9999.0,-9999.0,-9999.0,-9999.0,-9999.0,-9999.0,194.0,ramp,spur5,stable_reference,4.253559602654798,-1.5823335414179185,3.4760498394661288,-0.4234200408764326,-0.4234200408764326,3.3,115.9790716199355,0.13519281425477617,137.64963551906618,3.7128221259335463,3.7129384333104354,-0.10000545323461552,0.653474951598231,4.136223287047903,-0.42340116111435666
P15_AV2_1_interaction,P15,AV2,1,on_ramp,P15_AV2_1,P15_AV2.1.asc,AV1,60,initiator_active,3615,1,60250.0,60250.0007,1.0,22.3,80.28,194.0,75.357556,-1252.673398,0.0,0.0,0.0,22.3,0.0,0.0,1252.674067,-30.488562,6.270829,1.0,0.0,0.0,0.0,0.0,1231.191248,-33.88875,1021.0,5006.0,0.0,193.0,-0.100701,35.293548,127.056773,35.293544,-0.018086,-8.2e-05,0.027466,-0.063968,0.000358,0.030144,0.246231,0.0,0.0,0.0,0.0,1.0,-9999.0,-9999.0,-9999.0,-9999.0,-9999.0,-9999.0,-9999.0,-9999.0,-9999.0,-9999.0,-9999.0,-9999.0,-9999.0,-9999.0,194.0,ramp,spur5,stable_reference,4.259198709185274,-1.5784257937867094,3.473306902450679,-0.4215110897545863,-0.4215110897545863,3.3166666999999945,116.56727166631364,0.13385800233462097,138.02129838688944,3.7112212904167015,3.7113644029970696,-0.0881367362787131,0.7365655133376405,4.132713585526918,-0.4214922951102169
P15_AV2_1_interaction,P15,AV2,1,on_ramp,P15_AV2_1,P15_AV2.1.asc,AV1,60,initiator_active,3616,1,60266.67,60266.6679,1.0,22.3,80.28,194.0,75.729238,-1253.045039,0.0,0.0,0.0,22.3,0.0,0.0,1253.045708,-30.492937,6.271593,1.0,0.0,0.0,0.0,0.0,1231.779424,-33.894954,1021.0,5006.0,0.0,193.0,-0.10436,35.294006,127.058423,35.294001,-0.019001,-7.6e-05,0.027453,-0.063503,0.000424,0.031086,0.246231,0.0,0.0,0.0,0.0,1.0,-9999.0,-9999.0,-9999.0,-9999.0,-9999.0,-9999.0,-9999.0,-9999.0,-9999.0,-9999.0,-9999.0,-9999.0,-9999.0,-9999.0,194.0,ramp,spur5,stable_reference,4.265130813964518,-1.5742250318630533,3.470856982223732,-0.4195767317735767,-0.4195767317735767,3.3333338999999977,117.15547883624366,0.13250824869411815,138.39296283653812,3.7099134779327936,3.7100004984619828,-0.07545282762528416,0.7356931112966085,4.129474910626087,-0.41956143269329305
P15_AV2_1_interaction,P15,AV2,1,on_ramp,P15_AV2_1,P15_AV2.1.asc,AV1,60,initiator_active,3617,1,60283.33,60283.334,1.0,22.3,80.28,194.0,76.100927,-1253.416677,0.0,0.0,0.0,22.3,0.0,0.0,1253.417351,-30.497082,6.272163,1.0,0.0,0.0,0.0,0.0,1232.367607,-33.901172,1021.0,5006.0,0.0,193.0,-0.108036,35.294464,127.060072,35.294459,-0.019681,-6.8e-05,0.027438,-0.063639,0.000472,0.032028,0.246231,0.0,0.0,0.0,0.0,1.0,-9999.0,-9999.0,-9999.0,-9999.0,-9999.0,-9999.0,-9999.0,-9999.0,-9999.0,-9999.0,-9999.0,-9999.0,-9999.0,-9999.0,194.0,ramp,spur5,stable_reference,4.271292885759321,-1.569794285020889,3.4686370692708635,-0.4174806262149682,-0.4174806262149682,3.35,117.74369312147286,0.13114455329920416,138.76462738799938,3.7088356741218402,3.7088492972250333,-0.06361360139624139,0.6203705814801894,4.126301077687092,-0.41746540356525186
P15_AV2_1_interaction,P15,AV2,1,on_ramp,P15_AV2_1,P15_AV2.1.asc,AV1,60,initiator_active,3618,1,60300.0,60300.0001,1.0,22.3,80.28,194.0,76.47262,-1253.788311,0.0,0.0,0.0,22.3,0.0,0.0,1253.788997,-30.501068,6.272544,1.0,0.0,0.0,0.0,0.0,1232.955799,-33.907405,1021.0,5006.0,0.0,193.0,-0.111729,35.294922,127.061719,35.294916,-0.020131,-6e-05,0.027417,-0.064042,0.000506,0.032813,0.246231,0.0,0.0,0.0,0.0,1.0,-9999.0,-9999.0,-9999.0,-9999.0,-9999.0,-9999.0,-9999.0,-9999.0,-9999.0,-9999.0,-9999.0,-9999.0,-9999.0,-9999.0,194.0,ramp,spur5,stable_reference,4.2776139796013055,-1.5652045112877362,3.466580343547359,-0.4154008031113835,-0.4154008031113835,3.366666099999995,118.33191653018625,0.12976593268933642,139.13629362718063,3.7079168896543666,3.707880117177523,-0.05477451132927058,0.4204232286729692,4.123305384073002,-0.41538849441863546
P15_AV2_1_interaction,P15,AV2,1,on_ramp,P15_AV2_1,P15_AV2.1.asc,AV1,60,initiator_active,3619,1,60316.67,60316.6675,1.0,22.3,80.28,194.0,76.844316,-1254.159943,0.0,0.0,0.0,22.3,0.0,0.0,1254.160643,-30.504955,6.272778,1.0,0.0,0.0,0.0,0.0,1233.543997,-33.913652,1021.0,5006.0,0.0,193.0,-0.115437,35.295379,127.063366,35.295374,-0.020349,-5.1e-05,0.027394,-0.06404,0.000528,0.033127,0.246231,0.0,0.0,0.0,0.0,1.0,-9999.0,-9999.0,-9999.0,-9999.0,-9999.0,-9999.0,-9999.0,-9999.0,-9999.0,-9999.0,-9999.0,-9999.0,-9999.0,-9999.0,194.0,ramp,spur5,stable_reference,4.28403403537414,-1.5605157639083913,3.464629193377743,-0.41335944556913,-0.41335944556913,3.3833335000000004,118.92014605423276,0.12837336207236516,139.50795904934523,3.7070971018155436,3.7070234798354798,-0.049599709558961536,0.266712793826688,4.120444299179153,-0.4133471973636089
P15_AV2_1_interaction,P15,AV2,1,on_ramp,P15_AV2_1,P15_AV2.1.asc,AV1,60,initiator_active,3620,1,60333.33,60333.3342,1.0,22.3,80.28,194.0,77.216015,-1254.531574,0.0,0.0,0.0,22.3,0.0,0.0,1254.53229,-30.508784,6.272911,1.0,0.0,0.0,0.0,0.0,1234.132203,-33.919914,1021.0,5006.0,0.0,193.0,-0.119162,35.295836,127.065011,35.295831,-0.020336,-4.2e-05,0.027373,-0.063947,0.000538,0.033127,0.246231,0.0,0.0,0.0,0.0,1.0,-9999.0,-9999.0,-9999.0,-9999.0,-9999.0,-9999.0,-9999.0,-9999.0,-9999.0,-9999.0,-9999.0,-9999.0,-9999.0,-9999.0,194.0,ramp,spur5,stable_reference,4.290512096573361,-1.5557690088963807,3.462736047630047,-0.411383420465208,-0.411383420465208,3.400000199999995,119.50838370179719,0.12696585798773888,139.87962499281997,3.7063353202542797,3.7062267529843895,-0.04588381912354578,0.2573703121349258,4.117709575830723,-0.41137425557644347
P15_AV2_1_interaction,P15,AV2,1,on_ramp,P15_AV2_1,P15_AV2.1.asc,AV1,60,initiator_active,3621,1,60350.0,60350.0008,1.0,22.3,80.28,194.0,77.587717,-1254.903205,0.0,0.0,0.0,22.3,0.0,0.0,1254.903937,-30.512582,6.27298,1.0,0.0,0.0,0.0,0.0,1234.720417,-33.926191,1021.0,5006.0,0.0,193.0,-0.122901,35.296293,127.066655,35.296287,-0.020102,-3.3e-05,0.027356,-0.064404,0.000537,0.033127,0.246231,0.0,0.0,0.0,0.0,1.0,-9999.0,-9999.0,-9999.0,-9999.0,-9999.0,-9999.0,-9999.0,-9999.0,-9999.0,-9999.0,-9999.0,-9999.0,-9999.0,-9999.0,194.0,ramp,spur5,stable_reference,4.297021145851939,-1.5509912621365791,3.460873901461811,-0.4096333096784532,-0.4096333096784532,3.416666799999999,120.09662947287977,0.12554342043545222,140.25129068046107,3.7056045376373388,3.7054940203435507,-0.04102071461691992,0.3630876309281281,4.115228721416374,-0.4096241837790351
P15_AV2_1_interaction,P15,AV2,1,on_ramp,P15_AV2_1,P15_AV2.1.asc,AV1,60,initiator_active,3622,1,60366.67,60366.6668,1.0,22.3,80.28,194.0,77.959421,-1255.274834,0.0,0.0,0.0,22.3,0.0,0.0,1255.275585,-30.516366,6.273012,1.0,0.0,0.0,0.0,0.0,1235.308638,-33.932482,1021.0,5006.0,0.0,193.0,-0.126656,35.296749,127.068298,35.296744,-0.019669,-2.4e-05,0.027342,-0.065376,0.000527,0.033127,0.246231,0.0,0.0,0.0,0.0,1.0,-9999.0,-9999.0,-9999.0,-9999.0,-9999.0,-9999.0,-9999.0,-9999.0,-9999.0,-9999.0,-9999.0,-9999.0,-9999.0,-9999.0,194.0,ramp,spur5,stable_reference,4.303544217476515,-1.5461994960313166,3.459025760312375,-0.4078948619824651,-0.4078948619824651,3.4333327999999965,120.68488235926152,0.12410704112876855,140.6229572525305,3.704887762796331,3.7048594223803097,-0.033781249915563194,0.5109522304203392,4.112775543015021,-0.40788778021868977
P15_AV2_1_interaction,P15,AV2,1,on_ramp,P15_AV2_1,P15_AV2.1.asc,AV1,60,initiator_active,3623,1,60383.33,60383.3342,1.0,22.3,80.28,194.0,78.331127,-1255.646464,0.0,0.0,0.0,22.3,0.0,0.0,1255.647233,-30.520068,6.273426,1.0,0.0,0.0,0.0,0.0,1235.896866,-33.938789,1021.0,5006.0,0.0,193.0,-0.130427,35.297206,127.06994,35.2972,-0.019054,-1.6e-05,0.027328,-0.066813,0.000508,0.033127,0.246231,0.0,0.0,0.0,0.0,1.0,-9999.0,-9999.0,-9999.0,-9999.0,-9999.0,-9999.0,-9999.0,-9999.0,-9999.0,-9999.0,-9999.0,-9999.0,-9999.0,-9999.0,194.0,ramp,spur5,stable_reference,4.31014925756907,-1.54132575175445,3.4572518698639927,-0.4063395362622739,-0.4063395362622739,3.450000199999995,121.27314237744805,0.12265472013578882,140.99462314787905,3.704252985162895,3.7043679884573435,-0.023988725142899625,0.6456458415352943,4.110585466664551,-0.4063324815016558
P15_AV2_1_interaction,P15,AV2,1,on_ramp,P15_AV2_1,P15_AV2.1.asc,AV1,60,initiator_active,3624,1,60400.0,60400.0002,1.0,22.3,80.28,194.0,78.702835,-1256.018092,0.0,0.0,0.0,22.3,0.0,0.0,1256.018884,-30.52347,6.274234,1.0,0.0,0.0,0.0,0.0,1236.485102,-33.945111,1021.0,5006.0,0.0,193.0,-0.134213,35.297661,127.071581,35.297657,-0.018277,-8e-06,0.027316,-0.06867,0.000483,0.033127,0.246231,0.0,0.0,0.0,0.0,1.0,-9999.0,-9999.0,-9999.0,-9999.0,-9999.0,-9999.0,-9999.0,-9999.0,-9999.0,-9999.0,-9999.0,-9999.0,-9999.0,-9999.0,194.0,ramp,spur5,stable_reference,4.317054265489121,-1.5361520181208042,3.455774877590468,-0.4044841981207183,-0.4044841981207183,3.4666661999999997,121.8614105191525,0.12118746567515393,141.3662895673183,3.7039182220713216,3.7040597812214417,-0.01225984155107085,0.7279359184289564,4.108395397643316,-0.4044771755719947
P15_AV2_1_interaction,P15,AV2,1,on_ramp,P15_AV2_1,P15_AV2.1.asc,AV1,60,initiator_active,3625,1,60416.67,60416.6677,1.0,22.3,80.28,194.0,79.074547,-1256.389716,0.0,0.0,0.0,22.3,0.0,0.0,1256.390538,-30.526582,6.274989,1.0,0.0,0.0,0.0,0.0,1237.073345,-33.95145,1021.0,5006.0,0.0,193.0,-0.138014,35.298117,127.073222,35.298113,-0.017353,0.0,0.027304,-0.070904,0.000453,0.033127,0.246231,0.0,0.0,0.0,0.0,1.0,-9999.0,-9999.0,-9999.0,-9999.0,-9999.0,-9999.0,-9999.0,-9999.0,-9999.0,-9999.0,-9999.0,-9999.0,-9999.0,-9999.0,194.0,ramp,spur5,stable_reference,4.324249245082045,-1.5306882924683822,3.454587896965449,-0.4026245799582353,-0.4026245799582353,3.4833336999999958,122.4496858009142,0.11970326956227048,141.73795659337472,3.7038734738621497,3.7039593437298386,0.00027599932157329476,0.7275781123543293,4.106493039775922,-0.4026195659137719
P15_AV2_1_interaction,P15,AV2,1,on_ramp,P15_AV2_1,P15_AV2.1.asc,AV1,60,initiator_active,3626,1,60433.33,60433.3341,1.0,22.3,80.28,194.0,79.446264,-1256.761336,0.0,0.0,0.0,22.3,0.0,0.0,1256.762193,-30.529467,6.275552,1.0,0.0,0.0,0.0,0.0,1237.661596,-33.957806,1021.0,5006.0,0.0,193.0,-0.141832,35.298573,127.074862,35.298569,-0.016299,7e-06,0.027291,-0.07347,0.00042,0.032813,0.246231,0.0,0.0,0.0,0.0,1.0,-9999.0,-9999.0,-9999.0,-9999.0,-9999.0,-9999.0,-9999.0,-9999.0,-9999.0,-9999.0,-9999.0,-9999.0,-9999.0,-9999.0,194.0,ramp,spur5,stable_reference,4.331671165114623,-1.5249976041711002,3.453627918475026,-0.4005874721780194,-0.4005874721780194,3.5000000999999976,123.0379692226992,0.11820214004984501,142.109622746036,3.704055726175404,3.7040689674914007,0.011993228462969796,0.6148250557134878,4.104638209677875,-0.4005824835024705
P15_AV2_1_interaction,P15,AV2,1,on_ramp,P15_AV2_1,P15_AV2.1.asc,AV1,60,initiator_active,3627,1,60450.0,60450.0002,1.0,22.3,80.28,194.0,79.817983,-1257.132952,0.0,0.0,0.0,22.3,0.0,0.0,1257.13385,-30.532195,6.275929,1.0,0.0,0.0,0.0,0.0,1238.249854,-33.96418,1021.0,5006.0,0.0,193.0,-0.145666,35.299028,127.076501,35.299025,-0.015132,1.4e-05,0.027279,-0.076334,0.000387,0.032656,0.246231,0.0,0.0,0.0,0.0,1.0,-9999.0,-9999.0,-9999.0,-9999.0,-9999.0,-9999.0,-9999.0,-9999.0,-9999.0,-9999.0,-9999.0,-9999.0,-9999.0,-9999.0,194.0,ramp,spur5,stable_reference,4.3392500802339455,-1.5191499115226983,3.452823712421728,-0.3985729938129522,-0.3985729938129522,3.5166661999999995,123.62625979279436,0.11668306891922947,142.48128960295656,3.7043949896475556,3.704359104768191,0.020769708422633926,0.4178548257762135,4.102964456841165,-0.3985694671936093
P15_AV2_1_interaction,P15,AV2,1,on_ramp,P15_AV2_1,P15_AV2.1.asc,AV1,60,initiator_active,3628,1,60466.67,60466.6675,1.0,22.3,80.28,194.0,80.189705,-1257.504565,0.0,0.0,0.0,22.3,0.0,0.0,1257.505507,-30.534825,6.276161,1.0,0.0,0.0,0.0,0.0,1238.83812,-33.970573,1021.0,5006.0,0.0,193.0,-0.149517,35.299483,127.078139,35.29948,-0.01386,2e-05,0.027269,-0.07859,0.000355,0.031714,0.246231,0.0,0.0,0.0,0.0,1.0,-9999.0,-9999.0,-9999.0,-9999.0,-9999.0,-9999.0,-9999.0,-9999.0,-9999.0,-9999.0,-9999.0,-9999.0,-9999.0,-9999.0,194.0,ramp,spur5,stable_reference,4.34692695766867,-1.513204244961896,3.452086766269096,-0.3965722577083519,-0.3965722577083519,3.533333500000001,124.21455851941822,0.11514506445717082,142.85295565111363,3.7048322497824144,3.7047613005565383,0.02592148949860018,0.2640891770494451,4.101400998574165,-0.3965687487917502
P15_AV2_1_interaction,P15,AV2,1,on_ramp,P15_AV2_1,P15_AV2.1.asc,AV1,60,initiator_active,3629,1,60483.33,60483.3341,1.0,22.3,80.28,194.0,80.561428,-1257.876177,0.0,0.0,0.0,22.3,0.0,0.0,1257.877165,-30.537397,6.276292,1.0,0.0,0.0,0.0,0.0,1239.426392,-33.976985,1021.0,5006.0,0.0,193.0,-0.153386,35.299938,127.079776,35.299936,-0.012488,2.6e-05,0.027261,-0.079972,0.000325,0.030772,0.246231,0.0,0.0,0.0,0.0,1.0,-9999.0,-9999.0,-9999.0,-9999.0,-9999.0,-9999.0,-9999.0,-9999.0,-9999.0,-9999.0,-9999.0,-9999.0,-9999.0,-9999.0,194.0,ramp,spur5,stable_reference,4.354661840529776,-1.5072005707684248,3.4514078244575725,-0.3946411782439289,-0.3946411782439289,3.5500000999999974,124.80286340263909,0.11358811015829516,143.22462222058041,3.7053275161948322,3.705223166600118,0.029572893648477816,0.24968172802700528,4.099966540518556,-0.3946390243237241
P15_AV2_1_interaction,P15,AV2,1,on_ramp,P15_AV2_1,P15_AV2.1.asc,AV1,60,initiator_active,3630,1,60500.0,60500.0002,1.0,22.3,80.28,194.0,80.933154,-1258.247787,0.0,0.0,0.0,22.3,0.0,0.0,1258.248823,-30.539939,6.27636,1.0,0.0,0.0,0.0,0.0,1240.014673,-33.983418,1021.0,5006.0,0.0,193.0,-0.157273,35.300393,127.081413,35.300391,-0.011025,3.1e-05,0.027255,-0.08123,0.000296,0.029673,0.246231,0.0,0.0,0.0,0.0,1.0,-9999.0,-9999.0,-9999.0,-9999.0,-9999.0,-9999.0,-9999.0,-9999.0,-9999.0,-9999.0,-9999.0,-9999.0,-9999.0,-9999.0,194.0,ramp,spur5,stable_reference,4.362426711854766,-1.501166904560974,3.450758882256884,-0.3928879642014918,-0.3928879642014918,3.5666662,125.39117745885964,0.1120102308487712,143.5962885424662,3.7058527815856226,3.7057470430878623,0.034244025038262293,0.34696537420707374,4.098738601435814,-0.39288581985019144
P15_AV2_1_interaction,P15,AV2,1,on_ramp,P15_AV2_1,P15_AV2.1.asc,AV1,60,initiator_active,3631,1,60516.67,60516.6676,1.0,22.3,80.28,194.0,81.304881,-1258.619398,0.0,0.0,0.0,22.3,0.0,0.0,1258.620481,-30.542466,6.276391,1.0,0.0,0.0,0.0,0.0,1240.60296,-33.989872,1021.0,5006.0,0.0,193.0,-0.161178,35.300847,127.08305,35.300846,-0.009495,3.5e-05,0.027249,-0.082325,0.000266,0.028417,0.246231,0.0,0.0,0.0,0.0,1.0,-9999.0,-9999.0,-9999.0,-9999.0,-9999.0,-9999.0,-9999.0,-9999.0,-9999.0,-9999.0,-9999.0,-9999.0,-9999.0,-9999.0,194.0,ramp,spur5,stable_reference,4.3702065774117145,-1.4951182423465093,3.4501249398616283,-0.3911714308173423,-0.3911714308173423,3.5833335999999982,125.9794976881826,0.11041140177053624,143.96795474056185,3.706393046465605,3.70636464711597,0.04113863734507106,0.4857995750223838,4.097563405481462,-0.39117035901585684
P15_AV2_1_interaction,P15,AV2,1,on_ramp,P15_AV2_1,P15_AV2.1.asc,AV1,60,initiator_active,3632,1,60533.33,60533.3335,1.0,22.3,80.28,194.0,81.676609,-1258.991008,0.0,0.0,0.0,22.3,0.0,0.0,1258.99214,-30.544917,6.276785,1.0,0.0,0.0,0.0,0.0,1241.191255,-33.996349,1021.0,5006.0,0.0,193.0,-0.165101,35.301302,127.084686,35.301301,-0.00792,3.9e-05,0.027241,-0.083857,0.000229,0.027318,0.246231,0.0,0.0,0.0,0.0,1.0,-9999.0,-9999.0,-9999.0,-9999.0,-9999.0,-9999.0,-9999.0,-9999.0,-9999.0,-9999.0,-9999.0,-9999.0,-9999.0,-9999.0,194.0,ramp,spur5,stable_reference,4.378062441473375,-1.4889935772909806,3.449567001573977,-0.3896851167635833,-0.3896851167635833,3.5999994999999982,126.56782610704502,0.10878963949707021,144.33962131141902,3.7070093170101734,3.7071183173765494,0.05043711159898123,0.6129098944249436,4.0966933660447395,-0.3896840490345661
P15_AV2_1_interaction,P15,AV2,1,on_ramp,P15_AV2_1,P15_AV2.1.asc,AV1,60,initiator_active,3633,1,60550.0,60550.0008,1.0,22.3,80.28,194.0,82.048338,-1259.362616,0.0,0.0,0.0,22.3,0.0,0.0,1259.3638,-30.547082,6.277552,1.0,0.0,0.0,0.0,0.0,1241.779557,-34.002847,1021.0,5006.0,0.0,193.0,-0.169044,35.301756,127.086321,35.301755,-0.006328,4.3e-05,0.027235,-0.085112,0.000186,0.026062,0.246231,0.0,0.0,0.0,0.0,1.0,-9999.0,-9999.0,-9999.0,-9999.0,-9999.0,-9999.0,-9999.0,-9999.0,-9999.0,-9999.0,-9999.0,-9999.0,-9999.0,-9999.0,194.0,ramp,spur5,stable_reference,4.386204223287037,-1.4825829652964009,3.449295064669864,-0.3879128081645907,-0.3879128081645907,3.616666799999999,127.15616169897568,0.10714693570758375,144.71128652197223,3.7079115860679797,3.7080458920464174,0.06156903937655045,0.6909337102664033,4.095823331359641,-0.3879117452916616
P15_AV2_1_interaction,P15,AV2,1,on_ramp,P15_AV2_1,P15_AV2.1.asc,AV1,60,initiator_active,3634,1,60566.67,60566.6674,1.0,22.3,80.28,194.0,82.42007,-1259.73422,0.0,0.0,0.0,22.3,0.0,0.0,1259.735462,-30.548972,6.278269,1.0,0.0,0.0,0.0,0.0,1242.367867,-34.009369,1021.0,5006.0,0.0,193.0,-0.173006,35.30221,127.087955,35.302209,-0.004738,4.5e-05,0.027228,-0.086687,0.000138,0.024963,0.246231,0.0,0.0,0.0,0.0,1.0,-9999.0,-9999.0,-9999.0,-9999.0,-9999.0,-9999.0,-9999.0,-9999.0,-9999.0,-9999.0,-9999.0,-9999.0,-9999.0,-9999.0,194.0,ramp,spur5,stable_reference,4.394620954812096,-1.4758973803622968,3.449298134385444,-0.386108945517332,-0.386108945517332,3.6333333999999957,127.74450548869825,0.10548029875692806,145.08295146296715,3.709088862266307,3.7091706452950532,0.07346859454351318,0.6956690161440731,4.09519730121305,-0.3861084389467426
P15_AV2_1_interaction,P15,AV2,1,on_ramp,P15_AV2_1,P15_AV2.1.asc,AV1,60,initiator_active,3635,1,60583.33,60583.334,1.0,22.3,80.28,194.0,82.791804,-1260.105818,0.0,0.0,0.0,22.3,0.0,0.0,1260.107125,-30.550646,6.278803,1.0,0.0,0.0,0.0,0.0,1242.956184,-34.015915,1021.0,5006.0,0.0,193.0,-0.176988,35.302664,127.089589,35.302664,-0.003172,4.7e-05,0.027221,-0.087877,8.8e-05,0.023707,0.246231,0.0,0.0,0.0,0.0,1.0,-9999.0,-9999.0,-9999.0,-9999.0,-9999.0,-9999.0,-9999.0,-9999.0,-9999.0,-9999.0,-9999.0,-9999.0,-9999.0,-9999.0,194.0,ramp,spur5,stable_reference,4.403253631006722,-1.4689958298551389,3.44951720639258,-0.3841136229805718,-0.3841136229805718,3.65,128.33285647624712,0.10378972039240736,145.45461562134653,3.710482139361651,3.7104948354020553,0.08475791382548437,0.5956087201192206,4.094595258389474,-0.3841131190278233
P15_AV2_1_interaction,P15,AV2,1,on_ramp,P15_AV2_1,P15_AV2.1.asc,AV1,60,initiator_active,3636,1,60600.0,60600.0001,1.0,22.3,80.28,194.0,83.163539,-1260.477413,0.0,0.0,0.0,22.3,0.0,0.0,1260.478788,-30.552171,6.279161,1.0,0.0,0.0,0.0,0.0,1243.544508,-34.022485,1021.0,5006.0,0.0,193.0,-0.180989,35.303117,127.091222,35.303117,-0.001644,4.8e-05,0.027215,-0.088633,4e-05,0.022294,0.246231,0.0,0.0,0.0,0.0,1.0,-9999.0,-9999.0,-9999.0,-9999.0,-9999.0,-9999.0,-9999.0,-9999.0,-9999.0,-9999.0,-9999.0,-9999.0,-9999.0,-9999.0,194.0,ramp,spur5,stable_reference,4.412035249905363,-1.4619453190117768,3.449885276466923,-0.3822254322601955,-0.3822254322601955,3.6666660999999947,128.92121466162232,0.10207520061402174,145.8262785500749,3.7120244113829433,3.711995850103113,0.09332192308055198,0.39530452387280146,4.094249775876159,-0.3822253644932161
P15_AV2_1_interaction,P15,AV2,1,on_ramp,P15_AV2_1,P15_AV2.1.asc,AV1,60,initiator_active,3637,1,60616.67,60616.6668,1.0,22.3,80.28,194.0,83.535276,-1260.849004,0.0,0.0,0.0,22.3,0.0,0.0,1260.850452,-30.553603,6.279381,1.0,0.0,0.0,0.0,0.0,1244.132839,-34.029081,1021.0,5006.0,0.0,193.0,-0.185011,35.303571,127.092855,35.303571,-0.000167,4.9e-05,0.02721,-0.08892,-3e-06,0.020724,0.246231,0.0,0.0,0.0,0.0,1.0,-9999.0,-9999.0,-9999.0,-9999.0,-9999.0,-9999.0,-9999.0,-9999.0,-9999.0,-9999.0,-9999.0,-9999.0,-9999.0,-9999.0,194.0,ramp,spur5,stable_reference,4.420909860771603,-1.4548018098527515,3.450353719487325,-0.380368838956041,-0.380368838956041,3.6833327999999965,129.50958006132922,0.10033473948989134,146.19794171126898,3.713659688489906,3.71360552030936,0.09793437819206474,0.2146161987042916,4.094028460008134,-0.3803687715182278
P15_AV2_1_interaction,P15,AV2,1,on_ramp,P15_AV2_1,P15_AV2.1.asc,AV1,60,initiator_active,3638,1,60633.33,60633.3344,1.0,22.3,80.28,194.0,83.907013,-1261.220593,0.0,0.0,0.0,22.3,0.0,0.0,1261.222116,-30.55498,6.279505,1.0,0.0,0.0,0.0,0.0,1244.721178,-34.035702,1021.0,5006.0,0.0,193.0,-0.189052,35.304024,127.094487,35.304024,0.001246,4.8e-05,0.027206,-0.088374,-4.3e-05,0.01884,0.246231,0.0,0.0,0.0,0.0,1.0,-9999.0,-9999.0,-9999.0,-9999.0,-9999.0,-9999.0,-9999.0,-9999.0,-9999.0,-9999.0,-9999.0,-9999.0,-9999.0,-9999.0,194.0,ramp,spur5,stable_reference,4.429839450488318,-1.4476033153347296,3.4508804878860584,-0.3785842596017703,-0.3785842596017703,3.7000003999999973,130.09795366708073,0.09856934523863413,146.56960441856506,3.715349963723892,3.7152604264839932,0.10047589199500351,0.17499631994220177,4.0939342167071775,-0.37858425298328546
P15_AV2_1_interaction,P15,AV2,1,on_ramp,P15_AV2_1,P15_AV2.1.asc,AV1,60,initiator_active,3639,1,60650.0,60650.0005,1.0,22.3,80.28,194.0,84.278751,-1261.592182,0.0,0.0,0.0,22.3,0.0,0.0,1261.59378,-30.556329,6.27957,1.0,0.0,0.0,0.0,0.0,1245.309524,-34.042349,1021.0,5006.0,0.0,193.0,-0.193114,35.304478,127.096119,35.304477,0.002574,4.7e-05,0.027199,-0.088593,-7.3e-05,0.017427,0.246231,0.0,0.0,0.0,0.0,1.0,-9999.0,-9999.0,-9999.0,-9999.0,-9999.0,-9999.0,-9999.0,-9999.0,-9999.0,-9999.0,-9999.0,-9999.0,-9999.0,-9999.0,194.0,ramp,spur5,stable_reference,4.4387970294380095,-1.4403768282703082,3.45143525591746,-0.3769354816578893,-0.3769354816578893,3.716666499999999,130.68633448716392,0.09677800964162502,146.94126689478577,3.717068238004366,3.7169547499892692,0.10376758548306952,0.2679069384657211,4.094003713072595,-0.3769354750682288
P15_AV2_1_interaction,P15,AV2,1,on_ramp,P15_AV2_1,P15_AV2.1.asc,AV1,60,initiator_active,3640,1,60666.67,60666.6668,1.0,22.3,80.28,194.0,84.650489,-1261.96377,0.0,0.0,0.0,22.3,0.0,0.0,1261.965445,-30.557664,6.2796,1.0,0.0,0.0,0.0,0.0,1245.897877,-34.049022,1021.0,5006.0,0.0,193.0,-0.197196,35.304931,127.09775,35.30493,0.003794,4.6e-05,0.027193,-0.088229,-9.8e-05,0.015857,0.246231,0.0,0.0,0.0,0.0,1.0,-9999.0,-9999.0,-9999.0,-9999.0,-9999.0,-9999.0,-9999.0,-9999.0,-9999.0,-9999.0,-9999.0,-9999.0,-9999.0,-9999.0,194.0,ramp,spur5,stable_reference,4.447768630733693,-1.4331363218604185,3.452004028887437,-0.3753356145995779,-0.3753356145995779,3.7333327999999963,131.27472252157884,0.09496073269886401,147.31293025543485,3.7188005200607797,3.7187192499922412,0.1094059013903319,0.42417006507959654,4.094135935698137,-0.3753354156373576
P15_AV2_1_interaction,P15,AV2,1,on_ramp,P15_AV2_1,P15_AV2.1.asc,AV1,60,initiator_active,3641,1,60683.33,60683.3338,1.0,22.3,80.28,194.0,85.022229,-1262.335357,0.0,0.0,0.0,22.3,0.0,0.0,1262.337109,-30.558993,6.279611,1.0,0.0,0.0,0.0,0.0,1246.486237,-34.055722,1021.0,5006.0,0.0,193.0,-0.201298,35.305384,127.099381,35.305383,0.004899,4.4e-05,0.027188,-0.086903,-0.000117,0.013973,0.246231,0.0,0.0,0.0,0.0,1.0,-9999.0,-9999.0,-9999.0,-9999.0,-9999.0,-9999.0,-9999.0,-9999.0,-9999.0,-9999.0,-9999.0,-9999.0,-9999.0,-9999.0,194.0,ramp,spur5,stable_reference,4.456746201992647,-1.4258898401199962,3.451577114216241,-0.3739800246699455,-0.3739800246699455,3.7499997999999977,131.8631177785779,0.09311651444439877,147.6845925666017,3.7205387936601717,3.720601614669188,0.11790669372504681,0.5847823310520615,4.094518620086484,-0.37397982642631256
P15_AV2_1_interaction,P15,AV2,1,on_ramp,P15_AV2_1,P15_AV2.1.asc,AV1,60,initiator_active,3642,1,60700.0,60700.0006,1.0,22.3,80.28,194.0,85.393969,-1262.706945,0.0,0.0,0.0,22.3,0.0,0.0,1262.708774,-30.560093,6.28043,1.0,0.0,0.0,0.0,0.0,1247.074605,-34.062448,1021.0,5006.0,0.0,193.0,-0.205419,35.305836,127.101011,35.305836,0.005875,4.2e-05,0.027181,-0.086228,-0.000128,0.01256,0.246231,0.0,0.0,0.0,0.0,1.0,-9999.0,-9999.0,-9999.0,-9999.0,-9999.0,-9999.0,-9999.0,-9999.0,-9999.0,-9999.0,-9999.0,-9999.0,-9999.0,-9999.0,194.0,ramp,spur5,stable_reference,4.465952712922189,-1.4184143962671152,3.4439680254817726,-0.3723954334910932,-0.3723954334910932,3.7666665999999966,132.45152124987447,0.09124636309687217,148.05625398786805,3.722506067713884,3.7226495261527166,0.12889888875933764,0.7043650745585017,4.094901303801323,-0.37239523608743896
P15_AV2_1_interaction,P15,AV2,1,on_ramp,P15_AV2_1,P15_AV2.1.asc,AV1,60,initiator_active,3643,1,60716.67,60716.6669,1.0,22.3,80.28,194.0,85.76571,-1263.078528,0.0,0.0,0.0,22.3,0.0,0.0,1263.08044,-30.56089,6.281245,1.0,0.0,0.0,0.0,0.0,1247.66298,-34.069201,1021.0,5006.0,0.0,193.0,-0.209559,35.306289,127.102641,35.306288,0.006707,4e-05,0.027174,-0.084216,-0.000136,0.010676,0.246231,0.0,0.0,0.0,0.0,1.0,-9999.0,-9999.0,-9999.0,-9999.0,-9999.0,-9999.0,-9999.0,-9999.0,-9999.0,-9999.0,-9999.0,-9999.0,-9999.0,-9999.0,194.0,ramp,spur5,stable_reference,4.475462135066596,-1.4106360100005686,3.436661872760003,-0.3708099468658012,-0.3708099468658012,3.783332899999994,133.03993194375545,0.08934927043765042,148.42791390853492,3.724776339701911,3.7248982081929993,0.14138532035383378,0.7497996518109153,4.095585636877694,-0.3708092971757835
P15_AV2_1_interaction,P15,AV2,1,on_ramp,P15_AV2_1,P15_AV2.1.asc,AV1,60,initiator_active,3644,1,60733.33,60733.3342,1.0,22.3,80.28,194.0,86.13745,-1263.450104,0.0,0.0,0.0,22.3,0.0,0.0,1263.452106,-30.56142,6.281914,1.0,0.0,0.0,0.0,0.0,1248.251362,-34.07598,1021.0,5006.0,0.0,193.0,-0.213718,35.306742,127.10427,35.306741,0.007395,3.8e-05,0.027169,-0.081487,-0.00014,0.008635,0.246231,0.0,0.0,0.0,0.0,1.0,-9999.0,-9999.0,-9999.0,-9999.0,-9999.0,-9999.0,-9999.0,-9999.0,-9999.0,-9999.0,-9999.0,-9999.0,-9999.0,-9999.0,194.0,ramp,spur5,stable_reference,4.485238454539688,-1.402590694809424,3.4296226790863296,-0.3689684098312278,-0.3689684098312278,3.800000199999995,133.6283498519679,0.0874262364326677,148.79957162573317,3.7273136025975133,3.72736242079051,0.15389241162752398,0.6938526186685827,4.09628136596525,-0.36896776336773707
P15_AV2_1_interaction,P15,AV2,1,on_ramp,P15_AV2_1,P15_AV2.1.asc,AV1,60,initiator_active,3645,1,60750.0,60750.0008,1.0,22.3,80.28,194.0,86.50919,-1263.821674,0.0,0.0,0.0,22.3,0.0,0.0,1263.823773,-30.561756,6.282388,1.0,0.0,0.0,0.0,0.0,1248.839752,-34.082784,1021.0,5006.0,0.0,193.0,-0.217895,35.307194,127.105899,35.307193,0.007929,3.5e-05,0.027162,-0.078685,-0.00014,0.006751,0.246231,0.0,0.0,0.0,0.0,1.0,-9999.0,-9999.0,-9999.0,-9999.0,-9999.0,-9999.0,-9999.0,-9999.0,-9999.0,-9999.0,-9999.0,-9999.0,-9999.0,-9999.0,194.0,ramp,spur5,stable_reference,4.495208727142165,-1.394351408188811,3.422777438143562,-0.3651152409991653,-0.3651152409991653,3.8166667999999992,134.2167759662254,0.0854782693005761,149.1712287418753,3.730044867139322,3.730028033989745,0.1645142133196913,0.5399238961452699,4.095155902578257,-0.36511103543893464
P15_AV2_1_interaction,P15,AV2,1,on_ramp,P15_AV2_1,P15_AV2.1.asc,AV1,60,initiator_active,3646,1,60766.67,60766.6675,1.0,22.3,80.28,194.0,86.880929,-1264.19324,0.0,0.0,0.0,22.3,0.0,0.0,1264.195439,-30.561964,6.282692,1.0,0.0,0.0,0.0,0.0,1249.428148,-34.089614,1021.0,5006.0,0.0,193.0,-0.222089,35.307646,127.107527,35.307645,0.008301,3.3e-05,0.027156,-0.074156,-0.00014,0.004239,0.246231,0.0,0.0,0.0,0.0,1.0,-9999.0,-9999.0,-9999.0,-9999.0,-9999.0,-9999.0,-9999.0,-9999.0,-9999.0,-9999.0,-9999.0,-9999.0,-9999.0,-9999.0,194.0,ramp,spur5,stable_reference,4.50530692279442,-1.385984178714057,3.416060195082193,-0.3604722031706716,-0.3604722031706716,3.8333335000000006,134.8052082948483,0.08350435257003132,149.54288380170686,3.7329041190695214,3.732846223332719,0.1718898373574973,0.3671449843095509,4.093372170160543,-0.36046805109102165
P15_AV2_1_interaction,P15,AV2,1,on_ramp,P15_AV2_1,P15_AV2.1.asc,AV1,60,initiator_active,3647,1,60783.33,60783.3336,1.0,22.3,80.28,131.0,0.071241,-1264.564803,0.0,0.0,0.0,22.3,0.0,0.0,1264.567106,-30.562095,6.28287,1.0,0.0,0.0,0.0,0.0,1250.016552,-34.096469,1021.0,5006.0,0.0,193.0,-0.226299,35.308099,127.109155,35.308098,0.008506,3.1e-05,0.027148,-0.069832,-0.000133,0.002041,0.246231,0.0,0.0,0.0,0.0,1.0,-9999.0,-9999.0,-9999.0,-9999.0,-9999.0,-9999.0,-9999.0,-9999.0,-9999.0,-9999.0,-9999.0,-9999.0,-9999.0,-9999.0,131.0,ramp,spur5,stable_reference,4.515482116566846,-1.377539946664455,3.403830760081969,-0.3592853654726463,-0.3592853654726463,3.8499995999999954,135.3936488295163,0.08150550271237034,149.914539226047,3.735840376630251,3.735757600201896,0.1767522741209433,0.274199702991627,4.095099576674706,-0.35925920004445455
P15_AV2_1_interaction,P15,AV2,1,on_ramp,P15_AV2_1,P15_AV2.1.asc,AV1,60,initiator_active,3648,1,60800.0,60800.0006,1.0,22.3,80.28,131.0,0.445061,-1264.936365,0.0,0.0,0.0,22.3,0.0,0.0,1264.938773,-30.562184,6.282968,1.0,0.0,0.0,0.0,0.0,1250.604963,-34.103348,1021.0,5006.0,0.0,193.0,-0.230524,35.308551,127.110782,35.30855,0.008532,2.9e-05,0.02714,-0.064074,-0.000131,-0.000628,0.246231,0.0,0.0,0.0,0.0,1.0,-9999.0,-9999.0,-9999.0,-9999.0,-9999.0,-9999.0,-9999.0,-9999.0,-9999.0,-9999.0,-9999.0,-9999.0,-9999.0,-9999.0,131.0,ramp,spur5,stable_reference,4.525699294188734,-1.3690537257952398,3.390091343112313,-0.3607926244244605,-0.3607926244244605,3.8666665999999967,135.98209656201038,0.0794827114408498,150.28619430377432,3.738818632760714,3.73873792827602,0.18102973187487237,0.2784465824559623,4.099584981988873,-0.36076634922815876
P15_AV2_1_interaction,P15,AV2,1,on_ramp,P15_AV2_1,P15_AV2.1.asc,AV1,60,initiator_active,3649,1,60816.67,60816.6673,1.0,22.3,80.28,131.0,0.818832,-1265.307925,0.0,0.0,0.0,22.3,0.0,0.0,1265.310439,-30.56225,6.283016,1.0,0.0,0.0,0.0,0.0,1251.193382,-34.110249,1021.0,5006.0,0.0,193.0,-0.234761,35.309003,127.11241,35.309002,0.008376,2.6e-05,0.027132,-0.057818,-0.000132,-0.003297,0.246231,0.0,0.0,0.0,0.0,1.0,-9999.0,-9999.0,-9999.0,-9999.0,-9999.0,-9999.0,-9999.0,-9999.0,-9999.0,-9999.0,-9999.0,-9999.0,-9999.0,-9999.0,131.0,ramp,spur5,stable_reference,4.535939435236774,-1.3605445341208882,3.3899665594721635,-0.360124767556868,-0.360124767556868,3.8833332999999985,136.5705524757912,0.07743798694004157,150.6578481917237,3.7418198798552402,3.741791989647132,0.1860339158841242,0.3354184080040419,4.101942196998478,-0.36012231714323795
P15_AV2_1_interaction,P15,AV2,1,on_ramp,P15_AV2_1,P15_AV2.1.asc,AV1,60,initiator_active,3650,1,60833.33,60833.3335,1.0,22.3,80.28,131.0,1.192555,-1265.679485,0.0,0.0,0.0,22.3,0.0,0.0,1265.682106,-30.562262,6.283281,1.0,0.0,0.0,0.0,0.0,1251.781807,-34.117171,1021.0,5006.0,0.0,193.0,-0.23901,35.309455,127.114036,35.309454,0.008021,2.4e-05,0.027122,-0.051378,-0.000137,-0.005809,0.246231,0.0,0.0,0.0,0.0,1.0,-9999.0,-9999.0,-9999.0,-9999.0,-9999.0,-9999.0,-9999.0,-9999.0,-9999.0,-9999.0,-9999.0,-9999.0,-9999.0,-9999.0,131.0,ramp,spur5,stable_reference,4.546233583249318,-1.351981333749082,3.391648228474746,-0.3584405643123629,-0.3584405643123629,3.899999499999998,137.15901456267446,0.07537231267052945,151.02950263399356,3.7448751333635375,3.744938975400237,0.1922101649595902,0.4007000224781736,4.103313258722173,-0.35843812535863506
P15_AV2_1_interaction,P15,AV2,1,on_ramp,P15_AV2_1,P15_AV2.1.asc,AV1,60,initiator_active,3651,1,60850.0,60850.0008,1.0,22.3,80.28,131.0,1.566228,-1266.051044,0.0,0.0,0.0,22.3,0.0,0.0,1266.053772,-30.562088,6.283777,1.0,0.0,0.0,0.0,0.0,1252.370241,-34.124113,1021.0,5006.0,0.0,193.0,-0.243269,35.309906,127.115662,35.309905,0.007456,2.2e-05,0.02711,-0.044398,-0.000148,-0.008321,0.246231,0.0,0.0,0.0,0.0,1.0,-9999.0,-9999.0,-9999.0,-9999.0,-9999.0,-9999.0,-9999.0,-9999.0,-9999.0,-9999.0,-9999.0,-9999.0,-9999.0,-9999.0,131.0,ramp,spur5,stable_reference,4.556713632008531,-1.3432322059627255,3.393490650814593,-0.3566205734208476,-0.3566205734208476,3.916666799999999,137.7474858143049,0.07328671335631452,151.40115454129696,3.748116372285096,3.7481990346296703,0.19939071633793048,0.44382250242502863,4.104734316938531,-0.356617944653435
P15_AV2_1_interaction,P15,AV2,1,on_ramp,P15_AV2_1,P15_AV2.1.asc,AV1,60,initiator_active,3652,1,60866.67,60866.6674,1.0,22.3,80.28,131.0,1.939853,-1266.422598,0.0,0.0,0.0,22.3,0.0,0.0,1266.425439,-30.561736,6.284239,1.0,0.0,0.0,0.0,0.0,1252.958681,-34.131073,1021.0,5006.0,0.0,193.0,-0.247535,35.310358,127.117288,35.310357,0.006675,1.9e-05,0.027098,-0.036525,-0.000165,-0.01099,0.246231,0.0,0.0,0.0,0.0,1.0,-9999.0,-9999.0,-9999.0,-9999.0,-9999.0,-9999.0,-9999.0,-9999.0,-9999.0,-9999.0,-9999.0,-9999.0,-9999.0,-9999.0,131.0,ramp,spur5,stable_reference,4.567371640049704,-1.3343051024877075,3.395497331702843,-0.3546365707087311,-0.3546365707087311,3.933333399999996,138.33596321427947,0.07118316417122396,151.77280597958733,3.7515356133977265,3.7515854402872524,0.20700448166545016,0.44067554713040114,4.1061692541288926,-0.3546336407311661
P15_AV2_1_interaction,P15,AV2,1,on_ramp,P15_AV2_1,P15_AV2.1.asc,AV1,60,initiator_active,3653,1,60883.33,60883.3334,1.0,22.3,80.28,131.0,2.313428,-1266.794148,0.0,0.0,0.0,22.3,0.0,0.0,1266.797105,-30.561247,6.284581,1.0,0.0,0.0,0.0,0.0,1253.547129,-34.138049,1021.0,5006.0,0.0,193.0,-0.251806,35.310809,127.118913,35.310809,0.00567,1.6e-05,0.027085,-0.029053,-0.000186,-0.013188,0.246231,0.0,0.0,0.0,0.0,1.0,-9999.0,-9999.0,-9999.0,-9999.0,-9999.0,-9999.0,-9999.0,-9999.0,-9999.0,-9999.0,-9999.0,-9999.0,-9999.0,-9999.0,131.0,ramp,spur5,stable_reference,4.578166567679833,-1.3252410585543586,3.397540588797068,-0.3525911052473281,-0.3525911052473281,3.9499994000000007,138.92444874602464,0.06906368155252755,152.1444552872929,3.7550918415922596,3.7550990276321192,0.21407959746250071,0.37066418304655624,4.107680033761486,-0.35258819216922666
P15_AV2_1_interaction,P15,AV2,1,on_ramp,P15_AV2_1,P15_AV2.1.asc,AV1,60,initiator_active,3654,1,60900.0,60900.0008,1.0,22.3,80.28,131.0,2.686954,-1267.165694,0.0,0.0,0.0,22.3,0.0,0.0,1267.168772,-30.560662,6.284809,1.0,0.0,0.0,0.0,0.0,1254.135584,-34.14504,1021.0,5006.0,0.0,193.0,-0.25608,35.31126,127.120538,35.31126,0.004431,1.3e-05,0.027071,-0.020337,-0.000204,-0.0157,0.246231,0.0,0.0,0.0,0.0,1.0,-9999.0,-9999.0,-9999.0,-9999.0,-9999.0,-9999.0,-9999.0,-9999.0,-9999.0,-9999.0,-9999.0,-9999.0,-9999.0,-9999.0,131.0,ramp,spur5,stable_reference,4.589057486123941,-1.3160810171039476,3.399629932778047,-0.3504912950901298,-0.3504912950901298,3.966666799999999,139.51294140132188,0.06692925721348587,152.5161048027059,3.758744074770299,3.758721450258279,0.21935982833099388,0.2510816038404844,4.109231915136294,-0.35048784036599523
P15_AV2_1_interaction,P15,AV2,1,on_ramp,P15_AV2_1,P15_AV2.1.asc,AV1,60,initiator_active,3655,1,60916.67,60916.6673,1.0,22.3,80.28,131.0,3.060431,-1267.537238,0.0,0.0,0.0,22.3,0.0,0.0,1267.540438,-30.560018,6.284949,1.0,0.0,0.0,0.0,0.0,1254.724046,-34.152042,1021.0,5006.0,0.0,193.0,-0.260355,35.311711,127.122161,35.311711,0.002964,9e-06,0.027055,-0.011344,-0.000222,-0.018055,0.246231,0.0,0.0,0.0,0.0,1.0,-9999.0,-9999.0,-9999.0,-9999.0,-9999.0,-9999.0,-9999.0,-9999.0,-9999.0,-9999.0,-9999.0,-9999.0,-9999.0,-9999.0,131.0,ramp,spur5,stable_reference,4.600007354150871,-1.3068620144315874,3.4016614568871875,-0.3484302223022935,-0.3484302223022935,3.9833332999999986,140.10144114716024,0.06478389101787724,152.8877528312443,3.7624552976864596,3.762411142570559,0.22244924482652095,0.15900073708095075,4.11088208558021,-0.34842678789375015
P15_AV2_1_interaction,P15,AV2,1,on_ramp,P15_AV2_1,P15_AV2.1.asc,AV1,60,initiator_active,3656,1,60933.33,60933.3341,1.0,22.3,80.28,131.0,3.433859,-1267.90878,0.0,0.0,0.0,22.3,0.0,0.0,1267.912104,-30.559339,6.285028,1.0,0.0,0.0,0.0,0.0,1255.312516,-34.159055,1021.0,5006.0,0.0,193.0,-0.264627,35.312162,127.123784,35.312162,0.001257,5e-06,0.027038,-0.003065,-0.000238,-0.019782,0.246231,0.0,0.0,0.0,0.0,1.0,-9999.0,-9999.0,-9999.0,-9999.0,-9999.0,-9999.0,-9999.0,-9999.0,-9999.0,-9999.0,-9999.0,-9999.0,-9999.0,-9999.0,131.0,ramp,spur5,stable_reference,4.610992208719008,-1.297608021076233,3.403727773761739,-0.3463481741387493,-0.3463481741387493,4.000000099999998,140.68994898350576,0.06262759121839455,153.25940057093848,3.7662015194107252,3.7661364183101558,0.22465983178052795,0.1535154907880667,4.112546162420499,-0.3463446430097741
P15_AV2_1_interaction,P15,AV2,1,on_ramp,P15_AV2_1,P15_AV2.1.asc,AV1,60,initiator_active,3657,1,60950.0,60950.0006,1.0,22.3,80.28,131.0,3.807239,-1268.280322,0.0,0.0,0.0,22.3,0.0,0.0,1268.28377,-30.558642,6.285069,1.0,0.0,0.0,0.0,0.0,1255.900993,-34.166075,1021.0,5006.0,0.0,193.0,-0.268895,35.312613,127.125406,35.312613,-0.000691,1e-06,0.027021,0.006469,-0.000248,-0.021823,0.246231,0.0,0.0,0.0,0.0,1.0,-9999.0,-9999.0,-9999.0,-9999.0,-9999.0,-9999.0,-9999.0,-9999.0,-9999.0,-9999.0,-9999.0,-9999.0,-9999.0,-9999.0,131.0,ramp,spur5,stable_reference,4.621995056365487,-1.2883360325124682,3.4058118832298234,-0.3442621984972204,-0.3442621984972204,4.016666599999997,141.27846387738182,0.06046434942613496,153.63104816208423,3.769965740522023,3.7698997954542093,0.2275664102069186,0.21670880675593018,4.1142244291574475,-0.34425868863542464
P15_AV2_1_interaction,P15,AV2,1,on_ramp,P15_AV2_1,P15_AV2.1.asc,AV1,60,initiator_active,3658,1,60966.67,60966.6667,1.0,22.3,80.28,131.0,4.180571,-1268.651864,0.0,0.0,0.0,22.3,0.0,0.0,1268.655436,-30.557936,6.285088,1.0,0.0,0.0,0.0,0.0,1256.489478,-34.1731,1021.0,5006.0,0.0,193.0,-0.273155,35.313063,127.127026,35.313063,-0.002867,-3e-06,0.027002,0.016274,-0.000256,-0.023707,0.246231,0.0,0.0,0.0,0.0,1.0,-9999.0,-9999.0,-9999.0,-9999.0,-9999.0,-9999.0,-9999.0,-9999.0,-9999.0,-9999.0,-9999.0,-9999.0,-9999.0,-9999.0,131.0,ramp,spur5,stable_reference,4.633006900551138,-1.2790550463445187,3.407846803992331,-0.3422256885416717,-0.3422256885416717,4.033332699999999,141.8669868122489,0.058296173825676034,154.00269567895575,3.7737389613268286,3.7737217970258174,0.23188326590312158,0.3045458558870777,4.115960804376421,-0.34222184304959224
P15_AV2_1_interaction,P15,AV2,1,on_ramp,P15_AV2_1,P15_AV2.1.asc,AV1,60,initiator_active,3659,1,60983.33,60983.3334,1.0,22.3,80.28,131.0,4.553853,-1269.023405,0.0,0.0,0.0,22.3,0.0,0.0,1269.027102,-30.557182,6.285336,1.0,0.0,0.0,0.0,0.0,1257.07797,-34.180128,1021.0,5006.0,0.0,193.0,-0.277404,35.313513,127.128645,35.313512,-0.005271,-8e-06,0.026984,0.025662,-0.000261,-0.02512,0.246231,0.0,0.0,0.0,0.0,1.0,-9999.0,-9999.0,-9999.0,-9999.0,-9999.0,-9999.0,-9999.0,-9999.0,-9999.0,-9999.0,-9999.0,-9999.0,-9999.0,-9999.0,131.0,ramp,spur5,stable_reference,4.644066726279018,-1.2697260729541564,3.4099045905546075,-0.3401663431501078,-0.3401663431501078,4.049999400000001,142.45551677163579,0.05612505609621397,154.37434279969807,3.7775601804970447,3.77762911704641,0.23771783094386478,0.38515448346894043,4.117722701295347,-0.3401625207983021
P15_AV2_1_interaction,P15,AV2,1,on_ramp,P15_AV2_1,P15_AV2.1.asc,AV1,60,initiator_active,3660,1,61000.0,61000.0006,1.0,22.3,80.28,131.0,4.927088,-1269.394945,0.0,0.0,0.0,22.3,0.0,0.0,1269.398767,-30.556248,6.285818,1.0,0.0,0.0,0.0,0.0,1257.66647,-34.187155,1021.0,5006.0,0.0,193.0,-0.28164,35.313962,127.130263,35.313961,-0.007892,-1.2e-05,0.026962,0.036912,-0.000258,-0.027161,0.246231,0.0,0.0,0.0,0.0,1.0,-9999.0,-9999.0,-9999.0,-9999.0,-9999.0,-9999.0,-9999.0,-9999.0,-9999.0,-9999.0,-9999.0,-9999.0,-9999.0,-9999.0,131.0,ramp,spur5,stable_reference,4.655306455060781,-1.260217170552058,3.4120425392637133,-0.3380520089826861,-0.3380520089826861,4.066666599999997,143.04405472249726,0.05395500435423985,154.74598743498984,3.781561385284841,3.781645862709865,0.24472200202143313,0.43470637998140216,4.1196089720902265,-0.3380475868053856
P15_AV2_1_interaction,P15,AV2,1,on_ramp,P15_AV2_1,P15_AV2.1.asc,AV1,60,initiator_active,3661,1,61016.67,61016.6672,1.0,22.3,80.28,131.0,5.300272,-1269.76648,0.0,0.0,0.0,22.3,0.0,0.0,1269.770432,-30.555141,6.286269,1.0,0.0,0.0,0.0,0.0,1258.254977,-34.194179,1021.0,5006.0,0.0,193.0,-0.285858,35.314411,127.13188,35.314409,-0.010707,-1.6e-05,0.026939,0.048364,-0.000254,-0.029045,0.246231,0.0,0.0,0.0,0.0,1.0,-9999.0,-9999.0,-9999.0,-9999.0,-9999.0,-9999.0,-9999.0,-9999.0,-9999.0,-9999.0,-9999.0,-9999.0,-9999.0,-9999.0,131.0,ramp,spur5,stable_reference,4.666719117317674,-1.2505353142025517,3.414334016418189,-0.3357815376969775,-0.3357815376969775,4.083333200000001,143.63259964836263,0.05178801027893919,155.11763064256624,3.785735584181291,3.7857866268475036,0.2522082291097263,0.4362134377101068,4.121512598555892,-0.33577701437460084
P15_AV2_1_interaction,P15,AV2,1,on_ramp,P15_AV2_1,P15_AV2.1.asc,AV1,60,initiator_active,3662,1,61033.33,61033.334,1.0,22.3,80.28,131.0,5.673408,-1270.138011,0.0,0.0,0.0,22.3,0.0,0.0,1270.142097,-30.553899,6.286605,1.0,0.0,0.0,0.0,0.0,1258.843492,-34.201196,1021.0,5006.0,0.0,193.0,-0.290055,35.314859,127.133494,35.314857,-0.01371,-2e-05,0.026915,0.060625,-0.000245,-0.031086,0.246231,0.0,0.0,0.0,0.0,1.0,-9999.0,-9999.0,-9999.0,-9999.0,-9999.0,-9999.0,-9999.0,-9999.0,-9999.0,-9999.0,-9999.0,-9999.0,-9999.0,-9999.0,131.0,ramp,spur5,stable_reference,4.678266727662105,-1.2407184937900564,3.416685288142321,-0.3334014306248934,-0.3334014306248934,4.1,144.2211525161865,0.04962808198678698,155.48927273602902,3.7900447784804405,3.7900528219986356,0.25926247384117573,0.37764747717676705,4.123441717845446,-0.33339693936500536
P15_AV2_1_interaction,P15,AV2,1,on_ramp,P15_AV2_1,P15_AV2.1.asc,AV1,60,initiator_active,3663,1,61050.0,61050.0008,1.0,22.3,80.28,131.0,6.046494,-1270.509538,0.0,0.0,0.0,22.3,0.0,0.0,1270.513761,-30.552563,6.28683,1.0,0.0,0.0,0.0,0.0,1259.432014,-34.208204,1021.0,5006.0,0.0,193.0,-0.294228,35.315307,127.135106,35.315303,-0.016893,-2.5e-05,0.02689,0.072694,-0.000236,-0.032813,0.246231,0.0,0.0,0.0,0.0,1.0,-9999.0,-9999.0,-9999.0,-9999.0,-9999.0,-9999.0,-9999.0,-9999.0,-9999.0,-9999.0,-9999.0,-9999.0,-9999.0,-9999.0,131.0,ramp,spur5,stable_reference,4.689908274130577,-1.23080772147261,3.419122219122982,-0.3309438450957105,-0.3309438450957105,4.116666799999999,144.80971230949783,0.04747721115699553,155.860913053773,3.7944479613258237,3.7944287784455355,0.2647965790549449,0.2679476176878053,4.1253870868287255,-0.3309391255029017
P15_AV2_1_interaction,P15,AV2,1,on_ramp,P15_AV2_1,P15_AV2.1.asc,AV1,60,initiator_active,3664,1,61066.67,61066.6667,1.0,22.3,80.28,131.0,6.419531,-1270.881063,0.0,0.0,0.0,22.3,0.0,0.0,1270.885425,-30.551168,6.286968,1.0,0.0,0.0,0.0,0.0,1260.020544,-34.215198,1021.0,5006.0,0.0,193.0,-0.298373,35.315755,127.136716,35.315749,-0.020249,-2.8e-05,0.026863,0.085533,-0.000225,-0.034697,0.246231,0.0,0.0,0.0,0.0,1.0,-9999.0,-9999.0,-9999.0,-9999.0,-9999.0,-9999.0,-9999.0,-9999.0,-9999.0,-9999.0,-9999.0,-9999.0,-9999.0,-9999.0,131.0,ramp,spur5,stable_reference,4.701608797911369,-1.2208379648609609,3.421598352526719,-0.3284665007619459,-0.3284665007619459,4.133332699999999,145.39827998699903,0.04534040587197986,156.23255288460817,3.7989101421620157,3.7988792028950824,0.26819400676703253,0.1616269506032566,4.12737195866058,-0.32846181649856465
P15_AV2_1_interaction,P15,AV2,1,on_ramp,P15_AV2_1,P15_AV2.1.asc,AV1,60,initiator_active,3665,1,61083.33,61083.334,1.0,22.3,80.28,131.0,6.79252,-1271.252586,0.0,0.0,0.0,22.3,0.0,0.0,1271.257089,-30.549739,6.287047,1.0,0.0,0.0,0.0,0.0,1260.609082,-34.222176,1021.0,5006.0,0.0,193.0,-0.302486,35.316201,127.138324,35.316193,-0.023772,-3.2e-05,0.026837,0.097811,-0.000217,-0.03611,0.246231,0.0,0.0,0.0,0.0,1.0,-9999.0,-9999.0,-9999.0,-9999.0,-9999.0,-9999.0,-9999.0,-9999.0,-9999.0,-9999.0,-9999.0,-9999.0,-9999.0,-9999.0,131.0,ramp,spur5,stable_reference,4.713343308617922,-1.210834217300119,3.4240674003120954,-0.3260101442986163,-0.3260101442986163,4.15,145.98685553218473,0.0432196660636336,156.60419243485183,3.8034063218403733,3.8033685461495566,0.2701840042811767,0.11044104559370105,4.129411281254804,-0.3260049594144303
P15_AV2_1_interaction,P15,AV2,1,on_ramp,P15_AV2_1,P15_AV2.1.asc,AV1,60,initiator_active,3666,1,61100.0,61100.0,1.0,22.3,80.28,131.0,7.16546,-1271.624108,0.0,0.0,0.0,22.3,0.0,0.0,1271.628753,-30.548292,6.287087,1.0,0.0,0.0,0.0,0.0,1261.197627,-34.229134,1021.0,5006.0,0.0,193.0,-0.306563,35.316647,127.139929,35.316636,-0.027455,-3.6e-05,0.02681,0.110484,-0.000208,-0.037523,0.246231,0.0,0.0,0.0,0.0,1.0,-9999.0,-9999.0,-9999.0,-9999.0,-9999.0,-9999.0,-9999.0,-9999.0,-9999.0,-9999.0,-9999.0,-9999.0,-9999.0,-9999.0,131.0,ramp,spur5,stable_reference,4.725095812402812,-1.200812474530877,3.4265123704640703,-0.3235920260134884,-0.3235920260134884,4.1666659999999975,146.57543791207829,0.04111898334304017,156.97583183654703,3.8079205009057557,3.807885325197597,0.27187539455231047,0.10926445801218598,4.131507380492952,-0.3235868795871961
P15_AV2_1_interaction,P15,AV2,1,on_ramp,P15_AV2_1,P15_AV2.1.asc,AV1,60,initiator_active,3667,1,61116.67,61116.6671,1.0,22.3,80.28,131.0,7.538351,-1271.99563,0.0,0.0,0.0,22.3,0.0,0.0,1272.000417,-30.546836,6.287106,1.0,0.0,0.0,0.0,0.0,1261.78618,-34.236067,1021.0,5006.0,0.0,193.0,-0.3106,35.317092,127.141531,35.317078,-0.031292,-3.9e-05,0.026786,0.122522,-0.0002,-0.038465,0.246231,0.0,0.0,0.0,0.0,1.0,-9999.0,-9999.0,-9999.0,-9999.0,-9999.0,-9999.0,-9999.0,-9999.0,-9999.0,-9999.0,-9999.0,-9999.0,-9999.0,-9999.0,131.0,ramp,spur5,stable_reference,4.736857312726859,-1.1907817341574225,3.428927824312674,-0.3212034567237415,-0.3212034567237415,4.183333099999996,147.16402808538214,0.03904336579263592,157.347471163968,3.8124436796646535,3.812430997750953,0.2738261444964678,0.13165833861473253,4.133641752866008,-0.3211980732013542
P15_AV2_1_interaction,P15,AV2,1,on_ramp,P15_AV2_1,P15_AV2.1.asc,AV1,60,initiator_active,3668,1,61133.33,61133.3341,1.0,22.3,80.28,131.0,7.911194,-1272.367152,0.0,0.0,0.0,22.3,0.0,0.0,1272.37208,-30.545359,6.287211,1.0,0.0,0.0,0.0,0.0,1262.374741,-34.242974,1021.0,5006.0,0.0,193.0,-0.314594,35.317536,127.14313,35.317518,-0.03527,-4.2e-05,0.026762,0.134633,-0.000191,-0.03925,0.246231,0.0,0.0,0.0,0.0,1.0,-9999.0,-9999.0,-9999.0,-9999.0,-9999.0,-9999.0,-9999.0,-9999.0,-9999.0,-9999.0,-9999.0,-9999.0,-9999.0,-9999.0,131.0,ramp,spur5,stable_reference,4.748639777246138,-1.1807300224464368,3.431347138833368,-0.3188110378723295,-0.3188110378723295,4.200000099999998,147.75262604384355,0.03699381337835689,157.71910931811667,3.816987849455723,3.817013073062281,0.2762641038542597,0.15843742260992144,4.13579354390374,-0.31880569444801754
P15_AV2_1_interaction,P15,AV2,1,on_ramp,P15_AV2_1,P15_AV2.1.asc,AV1,60,initiator_active,3669,1,61150.0,61150.0001,1.0,22.3,80.28,131.0,8.283989,-1272.738673,0.0,0.0,0.0,22.3,0.0,0.0,1272.743744,-30.543807,6.28741,1.0,0.0,0.0,0.0,0.0,1262.963309,-34.249849,1021.0,5006.0,0.0,193.0,-0.318539,35.317979,127.144725,35.317957,-0.039376,-4.5e-05,0.026739,0.146366,-0.000179,-0.039721,0.246231,0.0,0.0,0.0,0.0,1.0,-9999.0,-9999.0,-9999.0,-9999.0,-9999.0,-9999.0,-9999.0,-9999.0,-9999.0,-9999.0,-9999.0,-9999.0,-9999.0,-9999.0,131.0,ramp,spur5,stable_reference,4.760497240654667,-1.1706033076281936,3.433792039961905,-0.3163438598356583,-0.3163438598356583,4.216666099999995,148.3412307379803,0.03497631764318537,158.09074785327925,3.821607024945432,3.82163970643464,0.2791073147794805,0.17601392165583718,4.1379455813613575,-0.31633855641592534
P15_AV2_1_interaction,P15,AV2,1,on_ramp,P15_AV2_1,P15_AV2.1.asc,AV1,60,initiator_active,3670,1,61166.67,61166.6673,1.0,22.3,80.28,131.0,8.656734,-1273.110192,0.0,0.0,0.0,22.3,0.0,0.0,1273.115407,-30.542185,6.287594,1.0,0.0,0.0,0.0,0.0,1263.551886,-34.256689,1021.0,5006.0,0.0,193.0,-0.322432,35.318422,127.146318,35.318395,-0.043589,-4.8e-05,0.026716,0.158694,-0.000164,-0.040349,0.246231,0.0,0.0,0.0,0.0,1.0,-9999.0,-9999.0,-9999.0,-9999.0,-9999.0,-9999.0,-9999.0,-9999.0,-9999.0,-9999.0,-9999.0,-9999.0,-9999.0,-9999.0,131.0,ramp,spur5,stable_reference,4.772424649416108,-1.1604066345162036,3.436293559092473,-0.3138163206222431,-0.3138163206222431,4.233333299999998,148.92984414296646,0.03299389499034417,158.4623848107874,3.8262961897986676,3.8263166166031173,0.2821312241027272,0.17641744756479483,4.1401066921280645,-0.3138105023293969
P15_AV2_1_interaction,P15,AV2,1,on_ramp,P15_AV2_1,P15_AV2.1.asc,AV1,60,initiator_active,3671,1,61183.33,61183.3339,1.0,22.3,80.28,131.0,9.029431,-1273.481709,0.0,0.0,0.0,22.3,0.0,0.0,1273.48707,-30.540507,6.28773,1.0,0.0,0.0,0.0,0.0,1264.14047,-34.263492,1021.0,5006.0,0.0,130.0,-0.326242,35.318863,127.147907,35.318831,-0.04789,-5.1e-05,0.026695,0.170251,-0.000147,-0.040506,0.246231,0.0,0.0,0.0,0.0,1.0,-9999.0,-9999.0,-9999.0,-9999.0,-9999.0,-9999.0,-9999.0,-9999.0,-9999.0,-9999.0,-9999.0,-9999.0,-9999.0,-9999.0,131.0,ramp,spur5,stable_reference,4.784408036643487,-1.1501539763114177,3.438774939326951,-0.3113342811488213,-0.3113342811488213,4.249999899999995,149.51846424236476,0.03104852884635081,158.8340213061448,3.8310413527448737,3.8310442104019558,0.28498798470657505,0.1522706713843025,4.1423698616189535,-0.3113285088740798
P15_AV2_1_interaction,P15,AV2,1,on_ramp,P15_AV2_1,P15_AV2.1.asc,AV1,60,initiator_active,3672,1,61200.0,61200.0001,1.0,22.3,80.28,131.0,9.402079,-1273.853225,0.0,0.0,0.0,22.3,0.0,0.0,1273.858732,-30.538791,6.287822,1.0,0.0,0.0,0.0,0.0,1264.729062,-34.270252,1021.0,5006.0,0.0,130.0,-0.330112,35.319304,127.149493,35.319265,-0.052258,-5.3e-05,0.026672,0.182626,-0.000125,-0.040977,0.246231,0.0,0.0,0.0,0.0,1.0,-9999.0,-9999.0,-9999.0,-9999.0,-9999.0,-9999.0,-9999.0,-9999.0,-9999.0,-9999.0,-9999.0,-9999.0,-9999.0,-9999.0,131.0,ramp,spur5,stable_reference,4.796429381528967,-1.139863351294489,3.4412943173110557,-0.3088142948252149,-0.3088142948252149,4.266666099999995,150.10709198662488,0.029146227259563916,159.2056564879341,3.8358245061443395,3.8358160630347786,0.28720684724618195,0.1073706881673182,4.144633074506191,-0.3088085683618518
P15_AV2_1_interaction,P15,AV2,1,on_ramp,P15_AV2_1,P15_AV2.1.asc,AV1,60,initiator_active,3673,1,61216.67,61216.6673,1.0,22.3,80.28,131.0,9.774679,-1274.22474,0.0,0.0,0.0,22.3,0.0,0.0,1274.230395,-30.537052,6.287878,1.0,0.0,0.0,0.0,0.0,1265.317662,-34.276967,1021.0,5006.0,0.0,130.0,-0.334081,35.319743,127.151075,35.319698,-0.056664,-5.5e-05,0.026648,0.195114,-0.000101,-0.041448,0.231156,0.0,0.0,0.0,0.0,1.0,-9999.0,-9999.0,-9999.0,-9999.0,-9999.0,-9999.0,-9999.0,-9999.0,-9999.0,-9999.0,-9999.0,-9999.0,-9999.0,-9999.0,131.0,ramp,spur5,stable_reference,4.808473745299609,-1.129549709327894,3.4438366974030266,-0.3062714353941823,-0.3062714353941823,4.283333299999998,150.6957273592412,0.027288990161875488,159.57729247987754,3.8406306670132535,3.8406177928993506,0.2885669632724017,0.06511895556328717,4.146896423097303,-0.3062657560840494
P15_AV2_1_interaction,P15,AV2,1,on_ramp,P15_AV2_1,P15_AV2.1.asc,AV1,60,initiator_active,3674,1,61233.33,61233.3337,1.0,22.3,80.28,131.0,10.147229,-1274.596254,0.0,0.0,0.0,22.3,0.0,0.0,1274.602058,-30.535298,6.28791,1.0,0.0,0.0,0.0,0.0,1265.90627,-34.283632,1021.0,5006.0,0.0,130.0,-0.33814,35.320181,127.152653,35.320129,-0.061094,-5.6e-05,0.026627,0.206994,-7.7e-05,-0.041605,0.231156,0.0,0.0,0.0,0.0,1.0,-9999.0,-9999.0,-9999.0,-9999.0,-9999.0,-9999.0,-9999.0,-9999.0,-9999.0,-9999.0,-9999.0,-9999.0,-9999.0,-9999.0,131.0,ramp,spur5,stable_reference,4.8205331033022,-1.1192210713543045,3.4463674745130963,-0.3037401870233508,-0.3037401870233508,4.2999997,151.2843703189507,0.02548181738302062,159.94892834803042,3.845451827371353,3.8454350380059106,0.28937752283934515,0.045919178517339176,4.149186102160213,-0.30373427478886006
P15_AV2_1_interaction,P15,AV2,1,on_ramp,P15_AV2_1,P15_AV2.1.asc,AV1,60,initiator_active,3675,1,61250.0,61250.0007,1.0,22.3,80.28,131.0,10.519732,-1274.967768,0.0,0.0,0.0,22.3,0.0,0.0,1274.97372,-30.533538,6.287926,1.0,0.0,0.0,0.0,0.0,1266.494886,-34.290245,1021.0,5006.0,0.0,130.0,-0.342279,35.320619,127.154227,35.320558,-0.065527,-5.7e-05,0.026602,0.219869,-5e-05,-0.042233,0.231156,0.0,0.0,0.0,0.0,1.0,-9999.0,-9999.0,-9999.0,-9999.0,-9999.0,-9999.0,-9999.0,-9999.0,-9999.0,-9999.0,-9999.0,-9999.0,-9999.0,-9999.0,131.0,ramp,spur5,stable_reference,4.832598431268056,-1.1088864580501767,3.448875280301952,-0.3012318793558478,-0.3012318793558478,4.3166666999999945,151.8730208492478,0.023726708854884423,160.32056316670128,3.85027897927244,3.8502637300250004,0.29009760235932447,0.04822286397767428,4.151504995217442,-0.301226015945002
P15_AV2_1_interaction,P15,AV2,1,on_ramp,P15_AV2_1,P15_AV2.1.asc,AV1,60,initiator_active,3676,1,61266.67,61266.6676,1.0,22.3,80.28,131.0,10.892186,-1275.339282,0.0,0.0,0.0,22.3,0.0,0.0,1275.345383,-30.531774,6.287933,1.0,0.0,0.0,0.0,0.0,1267.08351,-34.296801,1021.0,5006.0,0.0,130.0,-0.346489,35.321054,127.155796,35.320985,-0.069938,-5.8e-05,0.026576,0.232381,-2.6e-05,-0.042704,0.231156,0.0,0.0,0.0,0.0,1.0,-9999.0,-9999.0,-9999.0,-9999.0,-9999.0,-9999.0,-9999.0,-9999.0,-9999.0,-9999.0,-9999.0,-9999.0,-9999.0,-9999.0,131.0,ramp,spur5,stable_reference,4.8446677854252895,-1.0985478227385854,3.4513308566865843,-0.2987571854524539,-0.2987571854524539,4.333333599999998,152.46167890886903,0.022028664407198018,160.69219895232746,3.855110139290004,3.8551051223968207,0.29098497796110223,0.05993186836717257,4.153861226580091,-0.2987510872900869
P15_AV2_1_interaction,P15,AV2,1,on_ramp,P15_AV2_1,P15_AV2.1.asc,AV1,60,initiator_active,3677,1,61283.33,61283.3335,1.0,22.3,80.28,131.0,11.264591,-1275.710796,0.0,0.0,0.0,22.3,0.0,0.0,1275.717045,-30.53,6.287981,1.0,0.0,0.0,0.0,0.0,1267.672141,-34.303297,1021.0,5006.0,0.0,130.0,-0.350763,35.321489,127.15736,35.321411,-0.074319,-5.8e-05,0.026551,0.244809,-3e-06,-0.043175,0.231156,0.0,0.0,0.0,0.0,1.0,-9999.0,-9999.0,-9999.0,-9999.0,-9999.0,-9999.0,-9999.0,-9999.0,-9999.0,-9999.0,-9999.0,-9999.0,-9999.0,-9999.0,131.0,ramp,spur5,stable_reference,4.8567471080076325,-1.0881992131612537,3.4537693754737293,-0.2962906174332226,-0.2962906174332226,4.349999499999998,153.0503434730905,0.02039067568511587,161.06383365546066,3.8599512907143314,3.8599630730874095,0.29209528596148004,0.07224562633902032,4.1562358603322025,-0.2962845696178711
P15_AV2_1_interaction,P15,AV2,1,on_ramp,P15_AV2_1,P15_AV2.1.asc,AV1,60,initiator_active,3678,1,61300.0,61300.0008,1.0,22.3,80.28,131.0,11.636948,-1276.082309,0.0,0.0,0.0,22.3,0.0,0.0,1276.088707,-30.528192,6.288072,1.0,0.0,0.0,0.0,0.0,1268.260781,-34.309729,1021.0,5006.0,0.0,130.0,-0.35509,35.321922,127.158919,35.321835,-0.078652,-5.8e-05,0.026525,0.257456,1.8e-05,-0.043803,0.231156,0.0,0.0,0.0,0.0,1.0,-9999.0,-9999.0,-9999.0,-9999.0,-9999.0,-9999.0,-9999.0,-9999.0,-9999.0,-9999.0,-9999.0,-9999.0,-9999.0,-9999.0,131.0,ramp,spur5,stable_reference,4.868860417515728,-1.07781661263472,3.4562659384653447,-0.2938141901463669,-0.2938141901463669,4.366666799999999,153.63901650883307,0.018816759057799514,161.43546807800234,3.8648264409808237,3.8648415946764447,0.2933931716210765,0.08088027186001945,4.158634492863752,-0.293808051882928
P15_AV2_1_interaction,P15,AV2,1,on_ramp,P15_AV2_1,P15_AV2.1.asc,AV1,60,initiator_active,3679,1,61316.67,61316.6675,1.0,22.3,80.28,131.0,12.009256,-1276.453822,0.0,0.0,0.0,22.3,0.0,0.0,1276.460369,-30.526352,6.288156,1.0,0.0,0.0,0.0,0.0,1268.849429,-34.316093,1021.0,5006.0,0.0,130.0,-0.359461,35.322354,127.160474,35.322256,-0.082926,-5.8e-05,0.026499,0.269632,3.5e-05,-0.044274,0.231156,0.0,0.0,0.0,0.0,1.0,-9999.0,-9999.0,-9999.0,-9999.0,-9999.0,-9999.0,-9999.0,-9999.0,-9999.0,-9999.0,-9999.0,-9999.0,-9999.0,-9999.0,131.0,ramp,spur5,stable_reference,4.881005714718641,-1.0674020206265944,3.4587945183483626,-0.291311181273127,-0.291311181273127,4.383333500000001,154.2276969831204,0.01731090613633424,161.80710223645767,3.8697335901575864,3.8697430402386432,0.29479134533161755,0.08161487545122803,4.161038543331136,-0.29130495317354965
P15_AV2_1_interaction,P15,AV2,1,on_ramp,P15_AV2_1,P15_AV2.1.asc,AV1,60,initiator_active,3680,1,61333.33,61333.334,1.0,22.3,80.28,131.0,12.381516,-1276.825334,0.0,0.0,0.0,22.3,0.0,0.0,1276.832031,-30.524486,6.288219,1.0,0.0,0.0,0.0,0.0,1269.438084,-34.322386,1021.0,5006.0,0.0,130.0,-0.363869,35.322784,127.162023,35.322677,-0.087138,-5.7e-05,0.026475,0.28131,4.9e-05,-0.044588,0.231156,0.0,0.0,0.0,0.0,1.0,-9999.0,-9999.0,-9999.0,-9999.0,-9999.0,-9999.0,-9999.0,-9999.0,-9999.0,-9999.0,-9999.0,-9999.0,-9999.0,-9999.0,131.0,ramp,spur5,stable_reference,4.893177001923603,-1.0569614355396626,3.461297159198903,-0.2888082558076205,-0.2888082558076205,4.4,154.81638387122788,0.015876108565875315,162.17873618034324,3.8746667384489446,3.874667933266575,0.29611365749761376,0.07079457253263755,4.163468819668388,-0.2888020812194436
P15_AV2_1_interaction,P15,AV2,1,on_ramp,P15_AV2_1,P15_AV2.1.asc,AV1,60,initiator_active,3681,1,61350.0,61350.0,1.0,22.3,80.28,131.0,12.753727,-1277.196845,0.0,0.0,0.0,22.3,0.0,0.0,1277.203693,-30.522603,6.288261,1.0,0.0,0.0,0.0,0.0,1270.026748,-34.328604,1021.0,5006.0,0.0,130.0,-0.368303,35.323213,127.163567,35.323095,-0.091269,-5.6e-05,0.026445,0.29412,6.4e-05,-0.04553,0.231156,0.0,0.0,0.0,0.0,1.0,-9999.0,-9999.0,-9999.0,-9999.0,-9999.0,-9999.0,-9999.0,-9999.0,-9999.0,-9999.0,-9999.0,-9999.0,-9999.0,-9999.0,131.0,ramp,spur5,stable_reference,4.905365282591442,-1.0465038549781316,3.4638024157775877,-0.2862955544297612,-0.2862955544297612,4.4166659999999975,155.40507914007736,0.014516382715592233,162.55036998393305,3.8796168861613833,3.8796132481100702,0.2971511139653842,0.05059032864720159,4.165906178514742,-0.28628929235335887
P15_AV2_1_interaction,P15,AV2,1,on_ramp,P15_AV2_1,P15_AV2.1.asc,AV1,60,initiator_active,3682,1,61366.67,61366.6674,1.0,22.3,80.28,131.0,13.12589,-1277.568356,0.0,0.0,0.0,22.3,0.0,0.0,1277.575355,-30.520709,6.288287,1.0,0.0,0.0,0.0,0.0,1270.61542,-34.334744,1021.0,5006.0,0.0,130.0,-0.372756,35.32364,127.165105,35.323512,-0.095306,-5.5e-05,0.026415,0.306392,7.6e-05,-0.046315,0.231156,0.0,0.0,0.0,0.0,1.0,-9999.0,-9999.0,-9999.0,-9999.0,-9999.0,-9999.0,-9999.0,-9999.0,-9999.0,-9999.0,-9999.0,-9999.0,-9999.0,-9999.0,131.0,ramp,spur5,stable_reference,4.917564559029376,-1.0360352773447967,3.466277610308684,-0.2837925027441123,-0.2837925027441123,4.433333399999996,155.99378176494443,0.013234720230621265,162.92200369674327,3.884578033499228,3.884572991385869,0.29779997251043255,0.030352967275590004,4.168364328915608,-0.2837862954163799
P15_AV2_1_interaction,P15,AV2,1,on_ramp,P15_AV2_1,P15_AV2.1.asc,AV1,60,initiator_active,3683,1,61383.33,61383.3341,1.0,22.3,80.28,131.0,13.498004,-1277.939866,0.0,0.0,0.0,22.3,0.0,0.0,1277.947017,-30.518809,6.288301,1.0,0.0,0.0,0.0,0.0,1271.204099,-34.340802,1021.0,5006.0,0.0,130.0,-0.377218,35.32394,127.166184,35.323801,-0.099251,-5.4e-05,0.011974,0.318101,6.3e-05,-0.046943,0.231156,0.0,0.0,0.0,0.0,1.0,-9999.0,-9999.0,-9999.0,-9999.0,-9999.0,-9999.0,-9999.0,-9999.0,-9999.0,-9999.0,-9999.0,-9999.0,-9999.0,-9999.0,131.0,ramp,spur5,stable_reference,4.9297698331600905,-1.025560701308665,3.4687713253167427,-0.2812834921667195,-0.2812834921667195,4.450000099999998,156.58249071285226,0.01203511272206482,163.29363736003734,3.8895451806327483,3.8895401418538795,0.2981629148191587,0.018086396766900492,4.170822519896619,-0.281277339263871
P15_AV2_1_interaction,P15,AV2,1,on_ramp,P15_AV2_1,P15_AV2.1.asc,AV1,60,initiator_active,3684,1,61400.0,61400.0008,1.0,22.3,80.28,131.0,13.870069,-1278.311377,0.0,0.0,0.0,22.3,0.0,0.0,1278.318679,-30.516905,6.288309,1.0,0.0,0.0,0.0,0.0,1271.792784,-34.346775,1021.0,5006.0,0.0,130.0,-0.381681,35.32402,127.166472,35.32387,-0.103097,-5.3e-05,0.002751,0.330574,6e-06,-0.048042,0.231156,0.0,0.0,0.0,0.0,1.0,-9999.0,-9999.0,-9999.0,-9999.0,-9999.0,-9999.0,-9999.0,-9999.0,-9999.0,-9999.0,-9999.0,-9999.0,-9999.0,-9999.0,131.0,ramp,spur5,stable_reference,4.941979105752655,-1.0150821263373375,3.4712841502400904,-0.2787705312143119,-0.2787705312143119,4.466666799999999,157.17120495907702,0.010920551835055378,163.66527099032064,3.8945163276300527,3.8945117750907023,0.29840285360842245,0.013142293409284633,4.173280760910986,-0.27876443328093314
P15_AV2_1_interaction,P15,AV2,1,on_ramp,P15_AV2_1,P15_AV2.1.asc,AV1,60,initiator_active,3685,1,61416.67,61416.6667,1.0,22.3,80.28,131.0,14.242086,-1278.682887,0.0,0.0,0.0,22.3,0.0,0.0,1278.69034,-30.515,6.288312,1.0,0.0,0.0,0.0,0.0,1272.381472,-34.352659,1021.0,5006.0,0.0,130.0,-0.386136,35.324013,127.166447,35.323852,-0.106833,-5.4e-05,-0.000436,0.34316,-0.000106,-0.049298,0.231156,0.0,0.0,0.0,0.0,1.0,-9999.0,-9999.0,-9999.0,-9999.0,-9999.0,-9999.0,-9999.0,-9999.0,-9999.0,-9999.0,-9999.0,-9999.0,-9999.0,-9999.0,131.0,ramp,spur5,stable_reference,4.95418935023118,-1.004602574704457,3.4737799461944463,-0.2762924752998312,-0.2762924752998312,4.483332699999999,157.75992147071014,0.009895012675314886,164.0369036123854,3.8994884663406135,3.8994866846433425,0.29860098363481313,0.012637196274567941,4.175774621811901,-0.27628615547128765
P15_AV2_1_interaction,P15,AV2,1,on_ramp,P15_AV2_1,P15_AV2.1.asc,AV1,60,initiator_active,3686,1,61433.33,61433.334,1.0,22.3,80.28,131.0,14.614054,-1279.054398,0.0,0.0,0.0,22.3,0.0,0.0,1279.062002,-30.513092,6.288322,1.0,0.0,0.0,0.0,0.0,1272.970161,-34.358451,1021.0,5006.0,0.0,130.0,-0.390575,35.323976,127.166312,35.323803,-0.110461,-5.7e-05,-0.001523,0.355191,-0.000243,-0.050397,0.231156,0.0,0.0,0.0,0.0,1.0,-9999.0,-9999.0,-9999.0,-9999.0,-9999.0,-9999.0,-9999.0,-9999.0,-9999.0,-9999.0,-9999.0,-9999.0,-9999.0,-9999.0,131.0,ramp,spur5,stable_reference,4.966402621285595,-0.9941200007979332,3.4762688811517046,-0.2738310389699252,-0.2738310389699252,4.5,158.3486382230615,0.008961478635295275,164.4085372096577,3.9044636132017,3.904465101657912,0.29882409389614395,0.014153180633849516,4.178288388645214,-0.27382477544351413
P15_AV2_1_interaction,P15,AV2,1,on_ramp,P15_AV2_1,P15_AV2.1.asc,AV1,60,initiator_active,3687,1,61450.0,61450.0001,1.0,22.3,80.28,131.0,14.985974,-1279.425908,0.0,0.0,0.0,22.3,0.0,0.0,1279.433664,-30.511178,6.28834,1.0,0.0,0.0,0.0,0.0,1273.55885,-34.364147,1021.0,5006.0,0.0,130.0,-0.394988,35.323927,127.166137,35.323743,-0.113983,-6.3e-05,-0.001911,0.367988,-0.000361,-0.051967,0.231156,0.0,0.0,0.0,0.0,1.0,-9999.0,-9999.0,-9999.0,-9999.0,-9999.0,-9999.0,-9999.0,-9999.0,-9999.0,-9999.0,-9999.0,-9999.0,-9999.0,-9999.0,131.0,ramp,spur5,stable_reference,4.978621890032785,-0.9836314284885972,3.4787405544540584,-0.2713637064201506,-0.2713637064201506,4.516666099999995,158.93735418315444,0.008123941326087507,164.78017075741408,3.909444759858464,3.909447507381814,0.29907275542524303,0.015359718727244953,4.180802258578853,-0.2713574987203895
P15_AV2_1_interaction,P15,AV2,1,on_ramp,P15_AV2_1,P15_AV2.1.asc,AV1,60,initiator_active,3688,1,61466.67,61466.6676,1.0,22.3,80.28,131.0,15.357846,-1279.797419,0.0,0.0,0.0,22.3,0.0,0.0,1279.805326,-30.509257,6.288357,1.0,0.0,0.0,0.0,0.0,1274.14754,-34.369744,1021.0,5006.0,0.0,130.0,-0.399367,35.323873,127.165943,35.323678,-0.117405,-7e-05,-0.002056,0.379247,-0.000435,-0.052909,0.231156,0.0,0.0,0.0,0.0,1.0,-9999.0,-9999.0,-9999.0,-9999.0,-9999.0,-9999.0,-9999.0,-9999.0,-9999.0,-9999.0,-9999.0,-9999.0,-9999.0,-9999.0,131.0,ramp,spur5,stable_reference,4.990848156088234,-0.9731358580426708,3.4812147821496726,-0.2688893976913412,-0.2688893976913412,4.533333599999998,159.52607032619701,0.007385408898227934,165.15180424740163,3.9144329062768493,3.9144342735892614,0.2993360898470172,0.015734510066485186,4.183316152266022,-0.26888324598917235
P15_AV2_1_interaction,P15,AV2,1,on_ramp,P15_AV2_1,P15_AV2.1.asc,AV1,60,initiator_active,3689,1,61483.33,61483.3336,1.0,22.3,80.28,131.0,15.729668,-1280.168929,0.0,0.0,0.0,22.3,0.0,0.0,1280.176987,-30.507332,6.288369,1.0,0.0,0.0,0.0,0.0,1274.736229,-34.375238,1021.0,5006.0,0.0,130.0,-0.403703,35.323816,127.165739,35.32361,-0.120735,-7.7e-05,-0.002126,0.391273,-0.000449,-0.054322,0.231156,0.0,0.0,0.0,0.0,1.0,-9999.0,-9999.0,-9999.0,-9999.0,-9999.0,-9999.0,-9999.0,-9999.0,-9999.0,-9999.0,-9999.0,-9999.0,-9999.0,-9999.0,131.0,ramp,spur5,stable_reference,5.003078392876026,-0.9626363117337928,3.4836929286831797,-0.2664112099921548,-0.2664112099921548,4.549999599999995,160.1147846192465,0.006749864710100646,165.52343670441257,3.9194250443063288,3.9194254264975177,0.29959724191083126,0.13506125836157246,4.185830159292758,-0.26640511498642905
P15_AV2_1_interaction,P15,AV2,1,on_ramp,P15_AV2_1,P15_AV2.1.asc,AV1,60,initiator_active,3690,1,61500.0,61500.0,1.0,22.3,80.28,131.0,16.101443,-1280.540439,0.0,0.0,0.0,22.3,0.0,0.0,1280.548649,-30.505403,6.288377,1.0,0.0,0.0,0.0,0.0,1275.324919,-34.380627,1021.0,5006.0,0.0,130.0,-0.407989,35.323758,127.165527,35.32354,-0.123977,-8.4e-05,-0.002167,0.402104,-0.000412,-0.055264,0.231156,0.0,0.0,0.0,0.0,1.0,-9999.0,-9999.0,-9999.0,-9999.0,-9999.0,-9999.0,-9999.0,-9999.0,-9999.0,-9999.0,-9999.0,-9999.0,-9999.0,-9999.0,131.0,ramp,spur5,stable_reference,5.015312655855161,-0.9521327434174564,3.486175039736842,-0.2639352599952032,-0.2639352599952032,4.566665999999997,160.703499045729,0.006219325199000077,165.8950701283786,3.924421190452283,3.9244205687884017,0.3038381012495819,0.3841675148543384,4.1883502779192945,-0.2639290874670115
P15_AV2_1_interaction,P15,AV2,1,on_ramp,P15_AV2_1,P15_AV2.1.asc,AV1,60,initiator_active,3691,1,61516.67,61516.6674,1.0,22.3,80.28,131.0,16.473168,-1280.911949,0.0,0.0,0.0,22.3,0.0,0.0,1280.920311,-30.503472,6.288382,1.0,0.0,0.0,0.0,0.0,1275.913609,-34.385908,1021.0,5006.0,0.0,130.0,-0.412215,35.323697,127.165309,35.323468,-0.127139,-9e-05,-0.002201,0.413051,-0.000331,-0.056363,0.231156,0.0,0.0,0.0,0.0,1.0,-9999.0,-9999.0,-9999.0,-9999.0,-9999.0,-9999.0,-9999.0,-9999.0,-9999.0,-9999.0,-9999.0,-9999.0,-9999.0,-9999.0,131.0,ramp,spur5,stable_reference,5.027548918065245,-0.9416271756335216,3.488659023150142,-0.2614788474200313,-0.2614788474200313,4.5833333999999955,161.29221258092105,0.005796782010055353,166.2667035358392,3.9294193365301306,3.929553513246735,0.3124032644490313,0.3444294213972938,4.190892068868922,-0.2614727323387913
P15_AV2_1_interaction,P15,AV2,1,on_ramp,P15_AV2_1,P15_AV2.1.asc,AV1,60,initiator_active,3692,1,61533.33,61533.3342,1.0,22.3,80.28,131.0,16.844846,-1281.28346,0.0,0.0,0.0,22.3,0.0,0.0,1281.291972,-30.50154,6.288384,1.0,0.0,0.0,0.0,0.0,1276.502298,-34.391076,1021.0,5006.0,0.0,130.0,-0.416373,35.323636,127.165089,35.323396,-0.130224,-9.5e-05,-0.002047,0.423471,-0.000223,-0.057305,0.231156,0.0,0.0,0.0,0.0,1.0,-9999.0,-9999.0,-9999.0,-9999.0,-9999.0,-9999.0,-9999.0,-9999.0,-9999.0,-9999.0,-9999.0,-9999.0,-9999.0,-9999.0,131.0,ramp,spur5,stable_reference,5.039786152161268,-0.9311206311880564,3.4911439879547013,-0.2590100042484151,-0.2590100042484151,4.600000199999995,161.8809241835931,0.005487226720319592,166.63833593508107,3.9344184743212303,3.9348342763581163,0.31531958381397374,-0.32042696143285276,4.193422551338337,-0.2590040770171065
P15_AV2_1_interaction,P15,AV2,1,on_ramp,P15_AV2_1,P15_AV2.1.asc,AV1,60,initiator_active,3693,1,61550.0,61550.0007,1.0,22.3,80.28,131.0,17.216474,-1281.65497,0.0,0.0,0.0,22.3,0.0,0.0,1281.663634,-30.499607,6.288386,1.0,0.0,0.0,0.0,0.0,1277.090988,-34.39613,1021.0,5006.0,0.0,130.0,-0.420456,35.323579,127.164883,35.323327,-0.133238,-9.7e-05,-0.001707,0.43336,-0.000101,-0.05809,0.231156,0.0,0.0,0.0,0.0,1.0,-9999.0,-9999.0,-9999.0,-9999.0,-9999.0,-9999.0,-9999.0,-9999.0,-9999.0,-9999.0,-9999.0,-9999.0,-9999.0,-9999.0,131.0,ramp,spur5,stable_reference,5.052024413602272,-0.9206130639365192,3.4936299302306164,-0.2565241442244795,-0.2565241442244795,4.616666699999994,162.46963584542394,0.005291675801108763,167.00996932603633,3.939418620330965,3.9400641564440737,0.30172267365566086,-1.4962034585871917,4.195936894211002,-0.2565182738800367
P15_AV2_1_interaction,P15,AV2,1,on_ramp,P15_AV2_1,P15_AV2.1.asc,AV1,60,initiator_active,3694,1,61566.67,61566.6674,1.0,22.3,80.28,131.0,17.588054,-1282.02648,0.0,0.0,0.0,22.3,0.0,0.0,1282.035296,-30.497674,6.288386,1.0,0.0,0.0,0.0,0.0,1277.679678,-34.401066,1021.0,5006.0,0.0,130.0,-0.424454,35.323525,127.164689,35.323262,-0.136186,-9.8e-05,-0.001491,0.442726,2.3e-05,-0.058718,0.231156,0.0,0.0,0.0,0.0,1.0,-9999.0,-9999.0,-9999.0,-9999.0,-9999.0,-9999.0,-9999.0,-9999.0,-9999.0,-9999.0,-9999.0,-9999.0,-9999.0,-9999.0,131.0,ramp,spur5,stable_reference,5.064262675043271,-0.9101054966849907,3.4961157975391504,-0.2540383341739884,-0.2540383341739884,4.633333399999996,163.0583465334374,0.005214120863523573,167.38160271699158,3.944418766340704,3.9448916537542784,0.2654460625342807,-2.869681387035736,4.19845128667573,-0.25403252033502577
P15_AV2_1_interaction,P15,AV2,1,on_ramp,P15_AV2_1,P15_AV2.1.asc,AV1,60,initiator_active,3695,1,61583.33,61583.3336,1.0,22.3,80.28,131.0,17.959586,-1282.397991,0.0,0.0,0.0,22.3,0.0,0.0,1282.406957,-30.495741,6.288387,1.0,1.0,0.0,0.0,1.0,1278.268368,-34.405881,1021.0,5006.0,0.0,130.0,-0.42836,35.323472,127.164499,35.323198,-0.139076,-9.6e-05,-0.001385,0.450914,0.000138,-0.058875,0.231156,0.0,0.0,0.0,0.0,1.0,-9999.0,-9999.0,-9999.0,-9999.0,-9999.0,-9999.0,-9999.0,-9999.0,-9999.0,-9999.0,-9999.0,-9999.0,-9999.0,-9999.0,131.0,ramp,spur5,stable_reference,5.076500908754752,-0.8995979525057174,3.4986016149588464,-0.2515525578648812,-0.2515525578648812,4.649999599999996,163.64705622287516,0.005257561805399845,167.75323510798074,3.94941890409775,3.948912267704758,0.20606856402841345,-4.124564407900194,4.20096570501234,-0.25154680091459003
P15_AV2_1_interaction,P15,AV2,1,on_ramp,P15_AV2_1,P15_AV2.1.asc,AV1,60,initiator_active,3696,1,61600.0,61600.0002,1.0,22.3,80.28,131.0,18.331069,-1282.769502,0.0,0.0,0.0,22.3,0.0,0.0,1282.778623,-30.495417,6.282614,1.0,1.0,0.0,0.0,1.0,1278.857058,-34.410574,1021.0,5006.0,0.0,130.0,-0.432166,35.323419,127.164309,35.323134,-0.141907,-9.3e-05,-0.001346,0.459248,0.000242,-0.059189,0.231156,0.0,0.0,0.0,0.0,1.0,-9999.0,-9999.0,-9999.0,-9999.0,-9999.0,-9999.0,-9999.0,-9999.0,-9999.0,-9999.0,-9999.0,-9999.0,-9999.0,-9999.0,131.0,ramp,spur5,stable_reference,5.087130899833453,-0.8906988646493665,3.499478375924793,-0.2506537653703689,-0.2506537653703689,4.6666662,164.2357649054846,0.005422998592688065,168.12488577738043,3.9528101379112006,3.9517604678449647,0.12796233258141854,-5.013929880713747,4.203458291926047,-0.25064815401484664
P15_AV2_1_interaction,P15,AV2,1,on_ramp,P15_AV2_1,P15_AV2.1.asc,AV1,60,initiator_active,3697,1,61616.67,61616.6674,1.0,22.3,80.28,131.0,18.70251,-1283.141055,0.0,0.0,0.0,22.3,0.0,0.0,1283.150285,-30.497239,6.276841,1.0,1.0,0.0,0.0,1.0,1279.445748,-34.415141,1021.0,5006.0,0.0,130.0,-0.435865,35.323365,127.164115,35.323069,-0.144675,-8.8e-05,-0.001333,0.466739,0.000328,-0.059189,0.231156,0.0,0.0,0.0,0.0,1.0,-9999.0,-9999.0,-9999.0,-9999.0,-9999.0,-9999.0,-9999.0,-9999.0,-9999.0,-9999.0,-9999.0,-9999.0,-9999.0,-9999.0,131.0,ramp,spur5,stable_reference,5.095615605210009,-0.8839452978168645,3.4982091167692717,-0.2518954305977174,-0.2518954305977174,4.683333399999996,164.82447254825487,0.005714431089161986,168.49655015719233,3.9540554117938522,3.9531776869892026,0.038934835118908495,-5.368175576603497,4.205945203239038,-0.25188979144518564
P15_AV2_1_interaction,P15,AV2,1,on_ramp,P15_AV2_1,P15_AV2.1.asc,AV1,60,initiator_active,3698,1,61633.33,61633.3335,1.0,22.3,80.28,131.0,19.073902,-1283.512655,0.0,0.0,0.0,22.3,0.0,0.0,1283.521933,-30.50095,6.272099,1.0,1.0,0.0,0.0,1.0,1280.034438,-34.419581,1021.0,5006.0,0.0,130.0,-0.439448,35.323311,127.163919,35.323003,-0.147376,-8.2e-05,-0.001335,0.474359,0.000398,-0.059346,0.231156,0.0,0.0,0.0,0.0,1.0,-9999.0,-9999.0,-9999.0,-9999.0,-9999.0,-9999.0,-9999.0,-9999.0,-9999.0,-9999.0,-9999.0,-9999.0,-9999.0,-9999.0,131.0,ramp,spur5,stable_reference,5.1022116487634,-0.879080551144191,3.4950507982116754,-0.2550536605106421,-0.2550536605106421,4.699999499999998,165.41317914293313,0.006132859260770217,168.86821612681533,3.953411634466903,3.9530583957913903,-0.05097661563546296,-5.010543148291145,4.208459456566786,-0.25504782209988264
P15_AV2_1_interaction,P15,AV2,1,on_ramp,P15_AV2_1,P15_AV2.1.asc,AV1,60,initiator_active,3699,1,61650.0,61650.0003,1.0,22.3,80.28,131.0,19.445234,-1283.884286,0.0,0.0,0.0,22.3,0.0,0.0,1283.893565,-30.506041,6.268732,1.0,1.0,0.0,0.0,1.0,1280.623128,-34.42389,1021.0,5006.0,0.0,130.0,-0.442909,35.323255,127.163717,35.322936,-0.150002,-7.5e-05,-0.00134,0.481442,0.000449,-0.059346,0.231156,0.0,0.0,0.0,0.0,1.0,-9999.0,-9999.0,-9999.0,-9999.0,-9999.0,-9999.0,-9999.0,-9999.0,-9999.0,-9999.0,-9999.0,-9999.0,-9999.0,-9999.0,131.0,ramp,spur5,stable_reference,5.107427779305389,-0.8755958062716728,3.490517388458767,-0.2595823287433162,-0.2595823287433162,4.716666299999997,166.001884656509,0.0066822829713044755,169.2398774856975,3.951387772091462,3.951478427210138,-0.12808056051922279,-3.8731140687377263,4.210964416149577,-0.25957664405811487
P15_AV2_1_interaction,P15,AV2,1,on_ramp,P15_AV2_1,P15_AV2.1.asc,AV1,60,initiator_active,3700,1,61666.67,61666.6667,1.0,22.3,80.28,131.0,19.816504,-1284.255934,0.0,0.0,0.0,22.3,0.0,0.0,1284.265183,-30.512038,6.266575,1.0,1.0,0.0,0.0,1.0,1281.211819,-34.428067,1021.0,5006.0,0.0,130.0,-0.44624,35.323198,127.163512,35.322868,-0.152544,-6.7e-05,-0.001353,0.489292,0.000487,-0.059817,0.231156,0.0,0.0,0.0,0.0,1.0,-9999.0,-9999.0,-9999.0,-9999.0,-9999.0,-9999.0,-9999.0,-9999.0,-9999.0,-9999.0,-9999.0,-9999.0,-9999.0,-9999.0,131.0,ramp,spur5,stable_reference,5.111737870024557,-0.8730171432335926,3.4851004439648827,-0.2649718318705815,-0.2649718318705815,4.733332699999999,166.59059008069565,0.007363710439398706,169.61153232199476,3.948457825031296,3.9487890874777345,-0.18008050397277486,-2.4741557599544866,4.213423854190042,-0.2649660291587459
P15_AV2_1_interaction,P15,AV2,1,on_ramp,P15_AV2_1,P15_AV2.1.asc,AV1,60,initiator_active,3701,1,61683.33,61683.3342,1.0,22.3,80.28,131.0,20.187714,-1284.62759,0.0,0.0,0.0,22.3,0.0,0.0,1284.636792,-30.518583,6.265302,1.0,1.0,0.0,0.0,1.0,1281.800509,-34.43211,1021.0,5006.0,0.0,130.0,-0.449434,35.323139,127.163301,35.322799,-0.15499,-5.8e-05,-0.00137,0.496906,0.000509,-0.060288,0.231156,0.0,0.0,0.0,0.0,1.0,-9999.0,-9999.0,-9999.0,-9999.0,-9999.0,-9999.0,-9999.0,-9999.0,-9999.0,-9999.0,-9999.0,-9999.0,-9999.0,-9999.0,131.0,ramp,spur5,stable_reference,5.115499921904295,-0.8709865419682379,3.4791456620995524,-0.2709093489780551,-0.2709093489780551,4.750000199999995,167.17929339905535,0.008179125091553139,169.9831826810736,3.9449798223585226,3.945475600518817,-0.21055240019938992,-1.622250740538818,4.215883238596955,-0.2709034162384327
P15_AV2_1_interaction,P15,AV2,1,on_ramp,P15_AV2_1,P15_AV2.1.asc,AV1,60,initiator_active,3702,1,61700.0,61700.0008,1.0,22.3,80.28,131.0,20.558867,-1284.99925,0.0,0.0,0.0,22.3,0.0,0.0,1285.008396,-30.525433,6.26461,1.0,1.0,0.0,0.0,1.0,1282.389199,-34.436016,1021.0,5006.0,0.0,130.0,-0.452483,35.323079,127.163085,35.322729,-0.157346,-5e-05,-0.001389,0.503606,0.000517,-0.060445,0.231156,0.0,0.0,0.0,0.0,1.0,-9999.0,-9999.0,-9999.0,-9999.0,-9999.0,-9999.0,-9999.0,-9999.0,-9999.0,-9999.0,-9999.0,-9999.0,-9999.0,-9999.0,131.0,ramp,spur5,stable_reference,5.118956952420197,-0.869260974873182,3.47290327267367,-0.2771518738515726,-0.2771518738515726,4.766666799999999,167.76799558679656,0.009131535078308549,170.35483055739354,3.941196788808772,3.9417705338692977,-0.23415714312187674,-1.5365287265952645,4.218342593213461,-0.2771458044046895
P15_AV2_1_interaction,P15,AV2,1,on_ramp,P15_AV2_1,P15_AV2.1.asc,AV1,60,initiator_active,3703,1,61716.67,61716.667,1.0,22.3,80.28,131.0,20.929968,-1285.370911,0.0,0.0,0.0,22.3,0.0,0.0,1285.379996,-30.532438,6.264268,1.0,1.0,0.0,0.0,1.0,1282.977889,-34.439783,1021.0,5006.0,0.0,130.0,-0.455379,35.323018,127.162865,35.322657,-0.159612,-4.1e-05,-0.001413,0.51072,0.000516,-0.060916,0.231156,0.0,0.0,0.0,0.0,1.0,-9999.0,-9999.0,-9999.0,-9999.0,-9999.0,-9999.0,-9999.0,-9999.0,-9999.0,-9999.0,-9999.0,-9999.0,-9999.0,-9999.0,131.0,ramp,spur5,stable_reference,5.122258931621272,-0.8676904588061595,3.466536596558551,-0.2835341280226007,-0.2835341280226007,4.783332999999999,168.3566966274136,0.010222940331556706,170.72647571301687,3.937258727526631,3.937670496780254,-0.2617691087476146,-1.9203549482567182,4.220786783803323,-0.2835280562766922
P15_AV2_1_interaction,P15,AV2,1,on_ramp,P15_AV2_1,P15_AV2.1.asc,AV1,60,initiator_active,3704,1,61733.33,61733.3334,1.0,22.3,80.28,131.0,21.301018,-1285.742573,0.0,0.0,0.0,22.3,0.0,0.0,1285.751596,-30.539512,6.264122,1.0,1.0,0.0,0.0,1.0,1283.566579,-34.44341,1021.0,5006.0,0.0,130.0,-0.458117,35.322955,127.162639,35.322585,-0.161786,-3.3e-05,-0.00143,0.516935,0.000503,-0.061073,0.231156,0.0,0.0,0.0,0.0,1.0,-9999.0,-9999.0,-9999.0,-9999.0,-9999.0,-9999.0,-9999.0,-9999.0,-9999.0,-9999.0,-9999.0,-9999.0,-9999.0,-9999.0,131.0,ramp,spur5,stable_reference,5.125491937355388,-0.8661889243713325,3.4601252906588043,-0.2899732824082235,-0.2899732824082235,4.799999400000001,168.94539651265387,0.011454340817234331,171.09812143807616,3.9332516685942207,3.93304508257102,-0.29816767190702365,-2.4487646642297705,4.223218741365167,-0.289967072770946
P15_AV2_1_interaction,P15,AV2,1,on_ramp,P15_AV2_1,P15_AV2.1.asc,AV1,60,initiator_active,3705,1,61750.0,61750.0014,1.0,22.3,80.28,131.0,21.67202,-1286.114236,0.0,0.0,0.0,22.3,0.0,0.0,1286.123175,-30.547542,6.260735,1.0,1.0,0.0,0.0,1.0,1284.155269,-34.446895,1021.0,5006.0,0.0,130.0,-0.460688,35.322891,127.162409,35.322511,-0.163877,-2.5e-05,-0.00144,0.522576,0.000483,-0.061073,0.231156,0.0,0.0,0.0,0.0,1.0,-9999.0,-9999.0,-9999.0,-9999.0,-9999.0,-9999.0,-9999.0,-9999.0,-9999.0,-9999.0,-9999.0,-9999.0,-9999.0,-9999.0,131.0,ramp,spur5,stable_reference,5.127768728386942,-0.8656436199667568,3.4527579120913288,-0.2973480103242509,-0.2973480103242509,4.816667399999998,169.53409522601194,0.0128277364672424,171.46975405342337,3.9282884689109454,3.9277311902918535,-0.34339805702256854,-2.881625581983471,4.2256302543729545,-0.29734178546200907
P15_AV2_1_interaction,P15,AV2,1,on_ramp,P15_AV2_1,P15_AV2.1.asc,AV1,60,initiator_active,3706,1,61766.67,61766.667,1.0,22.3,80.28,131.0,22.042956,-1286.485901,0.0,0.0,0.0,22.3,0.0,0.0,1286.494726,-30.556817,6.257393,1.0,1.0,0.0,0.0,1.0,1284.743959,-34.450235,1021.0,5006.0,0.0,130.0,-0.463086,35.322826,127.162175,35.322437,-0.165878,-1.7e-05,-0.001454,0.528978,0.000459,-0.061544,0.231156,0.0,0.0,0.0,0.0,1.0,-9999.0,-9999.0,-9999.0,-9999.0,-9999.0,-9999.0,-9999.0,-9999.0,-9999.0,-9999.0,-9999.0,-9999.0,-9999.0,-9999.0,131.0,ramp,spur5,stable_reference,5.128800221740548,-0.8663436301664296,3.444145473075916,-0.3059608429380064,-0.3059608429380064,4.833332999999999,170.1227927427295,0.014346127179409184,171.84136894432513,3.922080080549588,3.9215985071210753,-0.394221819970781,-3.061226004187832,4.22803451831913,-0.3059544377695418
P15_AV2_1_interaction,P15,AV2,1,on_ramp,P15_AV2_1,P15_AV2.1.asc,AV1,60,initiator_active,3707,1,61783.33,61783.334,1.0,22.3,80.28,131.0,22.413818,-1286.857568,0.0,0.0,0.0,22.3,0.0,0.0,1286.866248,-30.567182,6.254664,1.0,1.0,0.0,0.0,1.0,1285.332648,-34.453429,1021.0,5006.0,0.0,130.0,-0.465303,35.32276,127.161936,35.322362,-0.167779,-9e-06,-0.001472,0.535476,0.000432,-0.062172,0.231156,0.0,0.0,0.0,0.0,1.0,-9999.0,-9999.0,-9999.0,-9999.0,-9999.0,-9999.0,-9999.0,-9999.0,-9999.0,-9999.0,-9999.0,-9999.0,-9999.0,-9999.0,131.0,ramp,spur5,stable_reference,5.12874133008346,-0.8681340193036071,3.434468596448693,-0.3156380859165854,-0.3156380859165854,4.85,170.7114880545885,0.016010504666998583,172.2129638316484,3.9147814899790796,3.9145906785880284,-0.4454367114252733,-2.8512040314152713,4.230413118089948,-0.3156316281108684
P15_AV2_1_interaction,P15,AV2,1,on_ramp,P15_AV2_1,P15_AV2.1.asc,AV1,60,initiator_active,3708,1,61800.0,61800.0012,1.0,22.3,80.28,131.0,22.784606,-1287.229231,0.0,0.0,0.0,22.3,0.0,0.0,1287.237747,-30.578337,6.252732,1.0,1.0,0.0,0.0,1.0,1285.921337,-34.456476,1021.0,5006.0,0.0,130.0,-0.467333,35.322692,127.161693,35.322285,-0.169583,-3e-06,-0.001489,0.541727,0.000404,-0.0628,0.231156,0.0,0.0,0.0,0.0,1.0,-9999.0,-9999.0,-9999.0,-9999.0,-9999.0,-9999.0,-9999.0,-9999.0,-9999.0,-9999.0,-9999.0,-9999.0,-9999.0,-9999.0,131.0,ramp,spur5,stable_reference,5.127892104431705,-0.8707147288047556,3.424010180134755,-0.3260968655058001,-0.3260968655058001,4.866667199999997,171.30018215330162,0.01782187714864079,172.58454223938094,3.9066927364993513,3.9067502207048608,-0.48926433674304803,-2.193996626387131,4.232783235736087,-0.3260904992367357
P15_AV2_1_interaction,P15,AV2,1,on_ramp,P15_AV2_1,P15_AV2.1.asc,AV1,60,initiator_active,3709,1,61816.67,61816.6667,1.0,22.3,80.28,131.0,23.155326,-1287.60089,0.0,0.0,0.0,22.3,0.0,0.0,1287.609231,-30.590012,6.251498,1.0,1.0,0.0,0.0,1.0,1286.510026,-34.459373,1021.0,5006.0,0.0,130.0,-0.469169,35.322624,127.161445,35.322208,-0.171295,4e-06,-0.001506,0.547739,0.000374,-0.063428,0.231156,0.0,0.0,0.0,0.0,1.0,-9999.0,-9999.0,-9999.0,-9999.0,-9999.0,-9999.0,-9999.0,-9999.0,-9999.0,-9999.0,-9999.0,-9999.0,-9999.0,-9999.0,131.0,ramp,spur5,stable_reference,5.126522662796447,-0.8738156459657745,3.4130801013288883,-0.3370273313805294,-0.3370273313805294,4.883332699999999,171.88887501411102,0.019783244522182258,172.956109939024,3.898083876937354,3.8982822413239226,-0.518570023659052,-1.3952887680446597,4.235104628657357,-0.337020751720003
P15_AV2_1_interaction,P15,AV2,1,on_ramp,P15_AV2_1,P15_AV2.1.asc,AV1,60,initiator_active,3710,1,61833.33,61833.334,1.0,22.3,80.28,131.0,23.525984,-1287.972546,0.0,0.0,0.0,22.3,0.0,0.0,1287.980704,-30.601999,6.250772,1.0,1.0,0.0,0.0,1.0,1287.098714,-34.462119,1021.0,5006.0,0.0,130.0,-0.470804,35.322554,127.161193,35.32213,-0.172919,1e-05,-0.001528,0.554191,0.000345,-0.06437,0.231156,0.0,0.0,0.0,0.0,1.0,-9999.0,-9999.0,-9999.0,-9999.0,-9999.0,-9999.0,-9999.0,-9999.0,-9999.0,-9999.0,-9999.0,-9999.0,-9999.0,-9999.0,131.0,ramp,spur5,stable_reference,5.124841036112057,-0.8772287338672402,3.4018549942893253,-0.3482528599927447,-0.3482528599927447,4.9,172.47756562879815,0.021895598500868706,173.32766921388156,3.8891629372206133,3.889464792177709,-0.5357719106879841,-0.9352338393041144,4.237409316258301,-0.3482463790376875
P15_AV2_1_interaction,P15,AV2,1,on_ramp,P15_AV2_1,P15_AV2.1.asc,AV1,60,initiator_active,3711,1,61850.0,61850.0008,1.0,22.3,80.28,131.0,23.896587,-1288.344199,0.0,0.0,0.0,22.3,0.0,0.0,1288.352172,-30.61416,6.250377,1.0,1.0,0.0,0.0,1.0,1287.687402,-34.464712,1021.0,5006.0,0.0,130.0,-0.472232,35.322482,127.160937,35.322052,-0.174463,1.5e-05,-0.001541,0.55911,0.000311,-0.064684,0.231156,0.0,0.0,0.0,0.0,1.0,-9999.0,-9999.0,-9999.0,-9999.0,-9999.0,-9999.0,-9999.0,-9999.0,-9999.0,-9999.0,-9999.0,-9999.0,-9999.0,-9999.0,131.0,ramp,spur5,stable_reference,5.122985337689522,-0.880815890811206,3.3904940037031768,-0.3596144442520058,-0.3596144442520058,4.916666799999999,173.0662549808235,0.024160947269291667,173.69922492487763,3.880067962165816,3.880422773620822,-0.5497452988205112,-0.935552832521374,4.239675714024683,-0.3596077518588672
P15_AV2_1_interaction,P15,AV2,1,on_ramp,P15_AV2_1,P15_AV2.1.asc,AV1,60,initiator_active,3712,1,61866.67,61866.6675,1.0,22.3,80.28,131.0,24.267138,-1288.715851,0.0,0.0,0.0,22.3,0.0,0.0,1288.723636,-30.626409,6.250184,1.0,1.0,0.0,0.0,1.0,1288.27609,-34.467151,1021.0,5006.0,0.0,130.0,-0.473444,35.32241,127.160677,35.321972,-0.175944,2e-05,-0.001553,0.564168,0.000278,-0.065155,0.231156,0.0,0.0,0.0,0.0,1.0,-9999.0,-9999.0,-9999.0,-9999.0,-9999.0,-9999.0,-9999.0,-9999.0,-9999.0,-9999.0,-9999.0,-9999.0,-9999.0,-9999.0,131.0,ramp,spur5,stable_reference,5.12104156218818,-0.8844911166186177,3.379058595577056,-0.3710504780322282,-0.3710504780322282,4.933333500000001,173.65494306193435,0.026580290793387425,174.07077736224656,3.8708849570970045,3.8711398587051766,-0.5669571415996444,-1.2127368724347534,4.241928695761953,-0.3710437386649481
P15_AV2_1_interaction,P15,AV2,1,on_ramp,P15_AV2_1,P15_AV2.1.asc,AV1,60,initiator_active,3713,1,61883.33,61883.3341,1.0,22.3,80.28,131.0,24.63764,-1289.087502,0.0,0.0,0.0,22.3,0.0,0.0,1289.0951,-30.638697,6.250101,1.0,1.0,0.0,0.0,1.0,1288.864776,-34.469434,1021.0,5006.0,0.0,130.0,-0.474435,35.322337,127.160413,35.321892,-0.177367,2.4e-05,-0.001558,0.568069,0.000244,-0.064998,0.231156,0.0,0.0,0.0,0.0,1.0,-9999.0,-9999.0,-9999.0,-9999.0,-9999.0,-9999.0,-9999.0,-9999.0,-9999.0,-9999.0,-9999.0,-9999.0,-9999.0,-9999.0,131.0,ramp,spur5,stable_reference,5.119058801683779,-0.8882053320442226,3.3675980608967064,-0.3825116880155314,-0.3825116880155314,4.950000099999998,174.2436278556932,0.029155612499672516,174.44233012147066,3.861662953356301,3.8615242231294054,-0.5901697848048713,-1.5663928971459136,4.244167693835292,-0.3825047404789914
P15_AV2_1_interaction,P15,AV2,1,on_ramp,P15_AV2_1,P15_AV2.1.asc,AV1,60,initiator_active,3714,1,61900.0,61900.0004,1.0,22.3,80.28,131.0,25.008095,-1289.459153,0.0,0.0,0.0,22.3,0.0,0.0,1289.466543,-30.651597,6.24793,1.0,1.0,0.0,0.0,1.0,1289.453462,-34.47156,1021.0,5006.0,0.0,130.0,-0.475199,35.322263,127.160147,35.321811,-0.178739,2.8e-05,-0.00156,0.571811,0.000211,-0.064684,0.231156,0.0,0.0,0.0,0.0,1.0,-9999.0,-9999.0,-9999.0,-9999.0,-9999.0,-9999.0,-9999.0,-9999.0,-9999.0,-9999.0,-9999.0,-9999.0,-9999.0,-9999.0,131.0,ramp,spur5,stable_reference,5.116463694196191,-0.8925318690728603,3.3555628313899466,-0.3945663901448925,-0.3945663901448925,4.966666399999995,174.83231135377972,0.031887928859477076,174.81386693205707,3.85182879715015,3.8514677962227917,-0.6191694552246076,-1.8499794825547724,4.2463881941481185,-0.3945593969979684
P15_AV2_1_interaction,P15,AV2,1,on_ramp,P15_AV2_1,P15_AV2.1.asc,AV1,60,initiator_active,3715,1,61916.67,61916.6675,1.0,22.3,80.28,131.0,25.378485,-1289.830797,0.0,0.0,0.0,22.3,0.0,0.0,1289.837957,-30.665295,6.245784,1.0,1.0,0.0,0.0,1.0,1290.042148,-34.473527,1021.0,5006.0,0.0,130.0,-0.475728,35.322188,127.159879,35.32173,-0.180059,3.1e-05,-0.001563,0.575412,0.000182,-0.064527,0.231156,0.0,0.0,0.0,0.0,1.0,-9999.0,-9999.0,-9999.0,-9999.0,-9999.0,-9999.0,-9999.0,-9999.0,-9999.0,-9999.0,-9999.0,-9999.0,-9999.0,-9999.0,131.0,ramp,spur5,stable_reference,5.113070089413182,-0.8976568627694143,3.3427470205849907,-0.4074104675925465,-0.4074104675925465,4.9833335000000005,175.42099353968825,0.03477923980468578,175.1853813292788,3.8411964287910645,3.8408851747771084,-0.6518360668304553,-1.9688287647553082,4.248599675593067,-0.4074032468020028
P15_AV2_1_interaction,P15,AV2,1,on_ramp,P15_AV2_1,P15_AV2.1.asc,AV1,60,initiator_active,3716,1,61933.33,61933.3339,1.0,22.3,80.28,131.0,25.748803,-1290.202432,0.0,0.0,0.0,22.3,0.0,0.0,1290.209344,-30.679693,6.24403,1.0,1.0,0.0,0.0,1.0,1290.630833,-34.475336,1021.0,5006.0,0.0,130.0,-0.476017,35.322113,127.159608,35.321648,-0.181331,3.4e-05,-0.001556,0.577659,0.000154,-0.063585,0.231156,0.0,0.0,0.0,0.0,1.0,-9999.0,-9999.0,-9999.0,-9999.0,-9999.0,-9999.0,-9999.0,-9999.0,-9999.0,-9999.0,-9999.0,-9999.0,-9999.0,-9999.0,131.0,ramp,spur5,stable_reference,5.108976005109164,-0.9034822930769512,3.329278847908122,-0.4208830298588921,-0.4208830298588921,4.999999899999995,176.00967342170551,0.037828537116663015,175.5568745043043,3.8298638614471376,3.829739842342006,-0.6847973964186025,-1.8331904078429844,4.2507399788238445,-0.4208761173767068
P15_AV2_1_interaction,P15,AV2,1,on_ramp,P15_AV2_1,P15_AV2.1.asc,AV1,60,initiator_active,3717,1,61950.0,61950.0002,1.0,22.3,80.28,131.0,26.119051,-1290.574057,0.0,0.0,0.0,22.3,0.0,0.0,1290.580712,-30.6946,6.242788,1.0,1.0,0.0,0.0,1.0,1291.219517,-34.476984,1021.0,5006.0,0.0,130.0,-0.47606,35.322038,127.159336,35.321566,-0.182561,3.6e-05,-0.001542,0.579307,0.000132,-0.0628,0.231156,0.0,0.0,0.0,0.0,1.0,-9999.0,-9999.0,-9999.0,-9999.0,-9999.0,-9999.0,-9999.0,-9999.0,-9999.0,-9999.0,-9999.0,-9999.0,-9999.0,-9999.0,131.0,ramp,spur5,stable_reference,5.104372589673697,-0.909817026261614,3.3153117997853667,-0.4348507842644009,-0.4348507842644009,5.0166661999999995,176.59835097507357,0.04103882069324814,175.92835288059646,3.818022154635574,3.8180590318148475,-0.7129412816420739,-1.4082561031762282,4.2528661590046495,-0.43484400436907533
P15_AV2_1_interaction,P15,AV2,1,on_ramp,P15_AV2_1,P15_AV2.1.asc,AV1,60,initiator_active,3718,1,61966.67,61966.6668,1.0,22.3,80.28,131.0,26.489234,-1290.945674,0.0,0.0,0.0,22.3,0.0,0.0,1290.952066,-30.70984,6.241995,1.0,1.0,0.0,0.0,1.0,1291.8082,-34.478472,1021.0,5006.0,0.0,130.0,-0.47585,35.321962,127.159063,35.321484,-0.18375,3.8e-05,-0.00152,0.579818,0.000111,-0.061544,0.231156,0.0,0.0,0.0,0.0,1.0,-9999.0,-9999.0,-9999.0,-9999.0,-9999.0,-9999.0,-9999.0,-9999.0,-9999.0,-9999.0,-9999.0,-9999.0,-9999.0,-9999.0,131.0,ramp,spur5,stable_reference,5.099435914075851,-0.916484993813294,3.3010638915868182,-0.4490997221105927,-0.4490997221105927,5.033332799999997,177.18702620804495,0.044409090568502785,176.29982000551195,3.8058473436263287,3.805975434648754,-0.7317384880301603,-0.8959331456895292,4.254940063681925,-0.4490927200555963
P15_AV2_1_interaction,P15,AV2,1,on_ramp,P15_AV2_1,P15_AV2.1.asc,AV1,60,initiator_active,3719,1,61983.33,61983.3334,1.0,22.3,80.28,131.0,26.859361,-1291.317285,0.0,0.0,0.0,22.3,0.0,0.0,1291.323412,-30.725281,6.241527,1.0,1.0,0.0,0.0,1.0,1292.396882,-34.479798,1021.0,5006.0,0.0,130.0,-0.475382,35.321886,127.158791,35.321402,-0.184896,4e-05,-0.001488,0.579176,9.5e-05,-0.059817,0.231156,0.0,0.0,0.0,0.0,1.0,-9999.0,-9999.0,-9999.0,-9999.0,-9999.0,-9999.0,-9999.0,-9999.0,-9999.0,-9999.0,-9999.0,-9999.0,-9999.0,-9999.0,131.0,ramp,spur5,stable_reference,5.094298093933813,-0.9233540924368508,3.286627884840842,-0.463523813200083,-0.463523813200083,5.049999400000001,177.7756991041145,0.04794134667430137,176.67128078949065,3.7934714734404102,3.793667846445639,-0.7428056003739698,-0.6037884623614147,4.256988805728865,-0.4635173322884545
P15_AV2_1_interaction,P15,AV2,1,on_ramp,P15_AV2_1,P15_AV2.1.asc,AV1,60,initiator_active,3720,1,62000.0,62000.0001,1.0,22.3,80.28,131.0,27.229435,-1291.688893,0.0,0.0,0.0,22.3,0.0,0.0,1291.694753,-30.740834,6.241274,1.0,1.0,0.0,0.0,1.0,1292.985563,-34.480962,1021.0,5006.0,0.0,130.0,-0.474651,35.321811,127.15852,35.321321,-0.185992,4.2e-05,-0.001451,0.578028,8.3e-05,-0.057933,0.231156,0.0,0.0,0.0,0.0,1.0,-9999.0,-9999.0,-9999.0,-9999.0,-9999.0,-9999.0,-9999.0,-9999.0,-9999.0,-9999.0,-9999.0,-9999.0,-9999.0,-9999.0,131.0,ramp,spur5,stable_reference,5.089048178212358,-0.9303352766073064,3.2721218271223624,-0.477975827658902,-0.477975827658902,5.066666099999995,178.3643696632819,0.05163558901066356,177.04273749794118,3.7809835658050868,3.7812152718603365,-0.751864737934369,-0.6105115458372978,4.258952710486736,-0.4779691446816492
P15_AV2_1_interaction,P15,AV2,1,on_ramp,P15_AV2_1,P15_AV2.1.asc,AV1,60,initiator_active,3721,1,62016.67,62016.6672,1.0,22.3,80.28,131.0,27.599461,-1292.060499,0.0,0.0,0.0,22.3,0.0,0.0,1292.066091,-30.756444,6.241149,1.0,1.0,0.0,0.0,1.0,1293.574244,-34.481964,1021.0,5006.0,0.0,130.0,-0.473651,35.321736,127.158251,35.321241,-0.187014,4.3e-05,-0.001419,0.577334,7.7e-05,-0.056363,0.231156,0.0,0.0,0.0,0.0,1.0,-9999.0,-9999.0,-9999.0,-9999.0,-9999.0,-9999.0,-9999.0,-9999.0,-9999.0,-9999.0,-9999.0,-9999.0,-9999.0,-9999.0,131.0,ramp,spur5,stable_reference,5.083741201220972,-0.9373735148211336,3.257593297533186,-0.4924734567983589,-0.4924734567983589,5.083333200000001,178.95303888551334,0.055491825830267585,177.4141916768972,3.7684386353527692,3.7686053338748313,-0.7631563237127494,-0.7974960298334715,4.260905395823112,-0.492466760470343
P15_AV2_1_interaction,P15,AV2,1,on_ramp,P15_AV2_1,P15_AV2.1.asc,AV1,60,initiator_active,3722,1,62033.33,62033.3336,1.0,22.3,80.28,131.0,27.96944,-1292.432104,0.0,0.0,0.0,22.3,0.0,0.0,1292.437429,-30.772079,6.241096,1.0,1.0,0.0,0.0,1.0,1294.162923,-34.482804,1021.0,5006.0,0.0,130.0,-0.472376,35.321662,127.157982,35.321162,-0.187934,4.4e-05,-0.001395,0.577047,7.8e-05,-0.055107,0.231156,0.0,0.0,0.0,0.0,1.0,-9999.0,-9999.0,-9999.0,-9999.0,-9999.0,-9999.0,-9999.0,-9999.0,-9999.0,-9999.0,-9999.0,-9999.0,-9999.0,-9999.0,131.0,ramp,spur5,stable_reference,5.078409233843004,-0.944436746379955,3.2430876375654725,-0.5069802883447323,-0.5069802883447323,5.099999599999996,179.54170477087706,0.0595100406277321,177.78564606217074,3.7558687057518005,3.755776609755266,-0.7784479038224532,-1.031772610264273,4.2628421005142245,-0.506973394762424
P15_AV2_1_interaction,P15,AV2,1,on_ramp,P15_AV2_1,P15_AV2.1.asc,AV1,60,initiator_active,3723,1,62050.0,62050.0002,1.0,22.3,80.28,131.0,28.339374,-1292.803709,0.0,0.0,0.0,22.3,0.0,0.0,1292.80875,-30.788117,6.239665,1.0,1.0,0.0,0.0,1.0,1294.751601,-34.483482,1021.0,5006.0,0.0,130.0,-0.470822,35.321587,127.157714,35.321083,-0.188732,4.6e-05,-0.001374,0.576782,8.2e-05,-0.054008,0.231156,0.0,0.0,0.0,0.0,1.0,-9999.0,-9999.0,-9999.0,-9999.0,-9999.0,-9999.0,-9999.0,-9999.0,-9999.0,-9999.0,-9999.0,-9999.0,-9999.0,-9999.0,131.0,ramp,spur5,stable_reference,5.072673950031693,-0.9519032628885876,3.228212111604939,-0.5218571361124315,-0.5218571361124315,5.1166662,180.13036831933846,0.06369024165575124,178.15708677385757,3.742895649578856,3.7426573264118406,-0.7975484458362132,-1.219030339980403,4.264746086130829,-0.5218504365519734
P15_AV2_1_interaction,P15,AV2,1,on_ramp,P15_AV2_1,P15_AV2.1.asc,AV1,60,initiator_active,3724,1,62066.67,62066.6675,1.0,22.3,80.28,131.0,28.709249,-1293.175306,0.0,0.0,0.0,22.3,0.0,0.0,1293.180047,-30.804681,6.23825,1.0,1.0,0.0,0.0,1.0,1295.340279,-34.483997,1021.0,5006.0,0.0,130.0,-0.468984,35.321513,127.157447,35.321005,-0.1894,4.7e-05,-0.001354,0.576175,8.8e-05,-0.052909,0.231156,0.0,0.0,0.0,0.0,1.0,-9999.0,-9999.0,-9999.0,-9999.0,-9999.0,-9999.0,-9999.0,-9999.0,-9999.0,-9999.0,-9999.0,-9999.0,-9999.0,-9999.0,131.0,ramp,spur5,stable_reference,5.066412202978518,-0.9598961931102256,3.2128324185050805,-0.5372382331287524,-0.5372382331287524,5.133333500000001,180.7190305226114,0.06803343713296457,178.52850782727774,3.7293964132537405,3.729191195072681,-0.8190830414650065,-1.2982896787134806,4.266627749360733,-0.5372313361069927
P15_AV2_1_interaction,P15,AV2,1,on_ramp,P15_AV2_1,P15_AV2.1.asc,AV1,60,initiator_active,3725,1,62083.33,62083.3342,1.0,22.3,80.28,131.0,29.079058,-1293.546892,0.0,0.0,0.0,22.3,0.0,0.0,1293.551323,-30.821706,6.237093,1.0,1.0,0.0,0.0,1.0,1295.928955,-34.484351,1021.0,5006.0,0.0,130.0,-0.466855,35.321439,127.157181,35.320928,-0.189934,4.9e-05,-0.001331,0.574879,9.1e-05,-0.051653,0.231156,0.0,0.0,0.0,0.0,1.0,-9999.0,-9999.0,-9999.0,-9999.0,-9999.0,-9999.0,-9999.0,-9999.0,-9999.0,-9999.0,-9999.0,-9999.0,-9999.0,-9999.0,131.0,ramp,spur5,stable_reference,5.059689050877099,-0.968350485131106,3.197077785226111,-0.552994307858969,-0.552994307858969,5.150000199999995,181.3076893972691,0.07253761062210025,178.89991168590353,3.7154360193210114,3.7153540256824447,-0.8408256264709308,-1.2077883060929153,4.268424031242585,-0.5529880119215735
P15_AV2_1_interaction,P15,AV2,1,on_ramp,P15_AV2_1,P15_AV2.1.asc,AV1,60,initiator_active,3726,1,62100.0,62100.0006,1.0,22.3,80.28,131.0,29.448805,-1293.918469,0.0,0.0,0.0,22.3,0.0,0.0,1293.922584,-30.839067,6.236275,1.0,1.0,0.0,0.0,1.0,1296.51763,-34.484543,1021.0,5006.0,0.0,130.0,-0.464432,35.321366,127.156916,35.320853,-0.190333,5e-05,-0.001308,0.573217,9.1e-05,-0.050397,0.231156,0.0,0.0,0.0,0.0,1.0,-9999.0,-9999.0,-9999.0,-9999.0,-9999.0,-9999.0,-9999.0,-9999.0,-9999.0,-9999.0,-9999.0,-9999.0,-9999.0,-9999.0,131.0,ramp,spur5,stable_reference,5.052629612037396,-0.977141033792666,3.181010666948611,-0.5690628636694297,-0.5690628636694297,5.166666599999997,181.8963459350247,0.07720377034177821,179.27130331794464,3.701139513040067,3.701163876741183,-0.859342427908814,-0.9264533073989902,4.270195897828769,-0.569056384788702
P15_AV2_1_interaction,P15,AV2,1,on_ramp,P15_AV2_1,P15_AV2.1.asc,AV1,60,initiator_active,3727,1,62116.67,62116.6681,1.0,22.3,80.28,131.0,29.818495,-1294.290038,0.0,0.0,0.0,22.3,0.0,0.0,1294.293835,-30.856647,6.235751,1.0,1.0,0.0,0.0,1.0,1297.106303,-34.484572,1021.0,5006.0,0.0,130.0,-0.461709,35.321292,127.156653,35.320778,-0.190593,5.2e-05,-0.001282,0.570859,8.6e-05,-0.048984,0.231156,0.0,0.0,0.0,0.0,1.0,-9999.0,-9999.0,-9999.0,-9999.0,-9999.0,-9999.0,-9999.0,-9999.0,-9999.0,-9999.0,-9999.0,-9999.0,-9999.0,-9999.0,131.0,ramp,spur5,stable_reference,5.045350980116169,-0.9861507548790146,3.1647776726543038,-0.5853241374298592,-0.5853241374298592,5.1833341,182.48499912765973,0.08203290800527259,179.64268675766576,3.6866239316900438,3.686708773700485,-0.8717075223014206,-0.5903742523554136,4.271941608184816,-0.5853176764947725
P15_AV2_1_interaction,P15,AV2,1,on_ramp,P15_AV2_1,P15_AV2.1.asc,AV1,60,initiator_active,3728,1,62133.33,62133.3343,1.0,22.3,80.28,131.0,30.188132,-1294.661602,0.0,0.0,0.0,22.3,0.0,0.0,1294.665079,-30.87436,6.235443,1.0,1.0,0.0,0.0,1.0,1297.694976,-34.484441,1021.0,5006.0,0.0,130.0,-0.458682,35.32122,127.156392,35.320705,-0.190714,5.3e-05,-0.001256,0.568126,7.8e-05,-0.047571,0.231156,0.0,0.0,0.0,0.0,1.0,-9999.0,-9999.0,-9999.0,-9999.0,-9999.0,-9999.0,-9999.0,-9999.0,-9999.0,-9999.0,-9999.0,-9999.0,-9999.0,-9999.0,131.0,ramp,spur5,stable_reference,5.03793920523176,-0.9952936020665746,3.148425757333406,-0.6016971238551704,-0.6016971238551704,5.2000003,183.0736509998641,0.08702204022012183,180.01406429523337,3.671975297100367,3.672106651260818,-0.879022179994422,-0.3999963807879041,4.27366678170051,-0.6016914846001429
P15_AV2_1_interaction,P15,AV2,1,on_ramp,P15_AV2_1,P15_AV2.1.asc,AV1,60,initiator_active,3729,1,62150.0,62150.0006,1.0,22.3,80.28,131.0,30.557721,-1295.033163,0.0,0.0,0.0,22.3,0.0,0.0,1295.03632,-30.892147,6.235276,1.0,1.0,0.0,0.0,1.0,1298.283647,-34.484148,1021.0,5006.0,0.0,149.0,-0.455445,35.321148,127.156134,35.320634,-0.190689,5.4e-05,-0.001231,0.565345,7e-05,-0.046315,0.231156,0.0,0.0,0.0,0.0,1.0,-9999.0,-9999.0,-9999.0,-9999.0,-9999.0,-9999.0,-9999.0,-9999.0,-9999.0,-9999.0,-9999.0,-9999.0,-9999.0,-9999.0,131.0,ramp,spur5,stable_reference,5.030453375614547,-1.0045104987721172,3.132069904198968,-0.6180275045031868,-0.6180275045031868,5.216666599999997,183.66229953520056,0.09217315041282989,180.38543944360197,3.6572526402726098,3.657408766311761,-0.8850403938849354,-0.4092673623732779,4.275274352468381,-0.6180217121957714
P15_AV2_1_interaction,P15,AV2,1,on_ramp,P15_AV2_1,P15_AV2.1.asc,AV1,60,initiator_active,3730,1,62166.67,62166.6678,1.0,22.3,80.28,131.0,30.927265,-1295.404723,0.0,0.0,0.0,22.3,0.0,0.0,1295.407559,-30.909971,6.235193,1.0,1.0,0.0,0.0,1.0,1298.872317,-34.483696,1021.0,5006.0,0.0,149.0,-0.452106,35.321077,127.155878,35.320563,-0.19051,5.6e-05,-0.00121,0.562506,6.1e-05,-0.045216,0.231156,0.0,0.0,0.0,0.0,1.0,-9999.0,-9999.0,-9999.0,-9999.0,-9999.0,-9999.0,-9999.0,-9999.0,-9999.0,-9999.0,-9999.0,-9999.0,-9999.0,-9999.0,131.0,ramp,spur5,stable_reference,5.022930504766174,-1.0137644317727663,3.115713286373307,-0.6343768462635015,-0.6343768462635015,5.2333338000000005,184.25094575839321,0.09748324693825154,180.7568128973885,3.6424929681994755,3.642605151624889,-0.892664580320286,-0.5403949660623475,4.276864266190073,-0.6343712979905978
P15_AV2_1_interaction,P15,AV2,1,on_ramp,P15_AV2_1,P15_AV2.1.asc,AV1,60,initiator_active,3731,1,62183.33,62183.3338,1.0,22.3,80.28,131.0,31.296764,-1295.776281,0.0,0.0,0.0,22.3,0.0,0.0,1295.778797,-30.927812,6.235158,1.0,1.0,0.0,0.0,1.0,1299.460986,-34.483083,1021.0,5006.0,0.0,149.0,-0.448666,35.321007,127.155624,35.320495,-0.190176,5.6e-05,-0.001187,0.55894,5.2e-05,-0.04396,0.231156,0.0,0.0,0.0,0.0,1.0,-9999.0,-9999.0,-9999.0,-9999.0,-9999.0,-9999.0,-9999.0,-9999.0,-9999.0,-9999.0,-9999.0,-9999.0,-9999.0,-9999.0,131.0,ramp,spur5,stable_reference,5.015390612725422,-1.0230353833202837,3.099413061686377,-0.650706603079282,-0.650706603079282,5.249999799999998,184.8395896529365,0.10295432972828653,181.12818549150475,3.6277162884525644,3.627653410065333,-0.9030532882746485,-0.7003418264225196,4.278417200438555,-0.6507009119859903
P15_AV2_1_interaction,P15,AV2,1,on_ramp,P15_AV2_1,P15_AV2.1.asc,AV1,60,initiator_active,3732,1,62200.0,62200.0,1.0,22.3,80.28,131.0,31.666221,-1296.147839,0.0,0.0,0.0,22.3,0.0,0.0,1296.150022,-30.945926,6.234186,1.0,1.0,0.0,0.0,1.0,1300.049653,-34.482313,1021.0,5006.0,0.0,149.0,-0.445125,35.320937,127.155374,35.320428,-0.189694,5.7e-05,-0.001164,0.554979,4.3e-05,-0.042704,0.231156,0.0,0.0,0.0,0.0,1.0,-9999.0,-9999.0,-9999.0,-9999.0,-9999.0,-9999.0,-9999.0,-9999.0,-9999.0,-9999.0,-9999.0,-9999.0,-9999.0,-9999.0,131.0,ramp,spur5,stable_reference,5.007577465179593,-1.0325795621345697,3.0828959612403875,-0.6672252415424904,-0.6672252415424904,5.266665999999997,185.42823025187533,0.10858239066645566,181.4995473390486,3.612666510717417,3.6125043964442862,-0.9160085449449156,-0.8271960039409159,4.279887088374533,-0.6672205776571158
P15_AV2_1_interaction,P15,AV2,1,on_ramp,P15_AV2_1,P15_AV2.1.asc,AV1,60,initiator_active,3733,1,62216.67,62216.6673,1.0,22.3,80.28,131.0,32.035625,-1296.519391,0.0,0.0,0.0,22.3,0.0,0.0,1296.52123,-30.964397,6.233225,1.0,1.0,0.0,0.0,1.0,1300.638319,-34.481384,1021.0,5006.0,0.0,149.0,-0.441484,35.320869,127.155127,35.320363,-0.189062,5.8e-05,-0.00114,0.550631,3.2e-05,-0.041448,0.231156,0.0,0.0,0.0,0.0,1.0,-9999.0,-9999.0,-9999.0,-9999.0,-9999.0,-9999.0,-9999.0,-9999.0,-9999.0,-9999.0,-9999.0,-9999.0,-9999.0,-9999.0,131.0,ramp,spur5,stable_reference,4.99940698351173,-1.042481038143846,3.066075552091895,-0.684020497852581,-0.684020497852581,5.283333299999998,186.01686853867014,0.11436943793733692,181.8708951333822,3.5972596048438046,3.5971196237388914,-0.9306267359650775,-0.8822152162280013,4.281275321412649,-0.6840157165688447
P15_AV2_1_interaction,P15,AV2,1,on_ramp,P15_AV2_1,P15_AV2.1.asc,AV1,60,initiator_active,3734,1,62233.33,62233.3342,1.0,22.3,80.28,131.0,32.40497,-1296.890933,0.0,0.0,0.0,22.3,0.0,0.0,1296.892421,-30.983182,6.232439,1.0,1.0,0.0,0.0,1.0,1301.226983,-34.480299,1021.0,5006.0,0.0,149.0,-0.437743,35.320801,127.154883,35.320299,-0.188287,5.8e-05,-0.001113,0.545244,1.6e-05,-0.039878,0.231156,0.0,0.0,0.0,0.0,1.0,-9999.0,-9999.0,-9999.0,-9999.0,-9999.0,-9999.0,-9999.0,-9999.0,-9999.0,-9999.0,-9999.0,-9999.0,-9999.0,-9999.0,131.0,ramp,spur5,stable_reference,4.990922151186759,-1.05269682279473,3.048997963926679,-0.7010921645392643,-0.7010921645392643,5.300000199999995,186.60550353811342,0.12031246339040375,182.24222851963978,3.581538569367407,3.5814827047625677,-0.9454164792800839,-0.8354647042294729,4.28262621008104,-0.701087640713633
P15_AV2_1_interaction,P15,AV2,1,on_ramp,P15_AV2_1,P15_AV2.1.asc,AV1,60,initiator_active,3735,1,62250.0,62250.0006,1.0,22.3,80.28,131.0,32.77426,-1297.262468,0.0,0.0,0.0,22.3,0.0,0.0,1297.263602,-31.002195,6.231882,1.0,1.0,0.0,0.0,1.0,1301.815646,-34.479058,1021.0,5006.0,0.0,149.0,-0.433903,35.320734,127.154644,35.320238,-0.187372,5.8e-05,-0.001086,0.539811,-5e-06,-0.038465,0.231156,0.0,0.0,0.0,0.0,1.0,-9999.0,-9999.0,-9999.0,-9999.0,-9999.0,-9999.0,-9999.0,-9999.0,-9999.0,-9999.0,-9999.0,-9999.0,-9999.0,-9999.0,131.0,ramp,spur5,stable_reference,4.982209129241082,-1.063140777474603,3.0317177151860206,-0.718375105344444,-0.718375105344444,5.316666599999997,187.19413625017077,0.12641147527835234,182.61355378785157,3.5655894591284127,3.5656057798244722,-0.9584755834972611,-0.6591214017574138,4.283959929128349,-0.718370469999936
P15_AV2_1_interaction,P15,AV2,1,on_ramp,P15_AV2_1,P15_AV2.1.asc,AV1,60,initiator_active,3736,1,62266.67,62266.6675,1.0,22.3,80.28,131.0,33.143499,-1297.633996,0.0,0.0,0.0,22.3,0.0,0.0,1297.634774,-31.021357,6.231527,1.0,1.0,0.0,0.0,1.0,1302.404307,-34.477664,1021.0,5006.0,0.0,149.0,-0.429964,35.320669,127.154409,35.320178,-0.186316,5.8e-05,-0.001058,0.533685,-3.4e-05,-0.036895,0.231156,0.0,0.0,0.0,0.0,1.0,-9999.0,-9999.0,-9999.0,-9999.0,-9999.0,-9999.0,-9999.0,-9999.0,-9999.0,-9999.0,-9999.0,-9999.0,-9999.0,-9999.0,131.0,ramp,spur5,stable_reference,4.973346915025817,-1.0737339001409951,3.0143599103173,-0.735735614923626,-0.735735614923626,5.333333500000001,187.78276569963444,0.13266346545065444,182.98487128602105,3.54949127968925,3.5495335447502403,-0.9673870462620329,-0.3994168827725346,4.2852227129889915,-0.7357314332997413
P15_AV2_1_interaction,P15,AV2,1,on_ramp,P15_AV2_1,P15_AV2.1.asc,AV1,60,initiator_active,3737,1,62283.33,62283.3342,1.0,22.3,80.28,131.0,33.51269,-1298.00552,0.0,0.0,0.0,22.3,0.0,0.0,1298.005942,-31.04061,6.231317,1.0,1.0,0.0,0.0,1.0,1302.992967,-34.476117,1021.0,5006.0,0.0,149.0,-0.425928,35.320605,127.154179,35.32012,-0.185123,5.7e-05,-0.001028,0.526861,-6.6e-05,-0.035168,0.231156,0.0,0.0,0.0,0.0,1.0,-9999.0,-9999.0,-9999.0,-9999.0,-9999.0,-9999.0,-9999.0,-9999.0,-9999.0,-9999.0,-9999.0,-9999.0,-9999.0,-9999.0,131.0,ramp,spur5,stable_reference,4.96439362488535,-1.0844180908722385,2.9969213105114414,-0.7531770470107593,-0.7531770470107593,5.350000199999995,188.37139288647023,0.13906844215998662,183.35618553532143,3.533302070338232,3.5333592882057636,-0.9717896402058841,-0.1992311600175789,4.28647477992134,-0.753172709583108
P15_AV2_1_interaction,P15,AV2,1,on_ramp,P15_AV2_1,P15_AV2.1.asc,AV1,60,initiator_active,3738,1,62300.0,62300.0,1.0,22.3,80.28,150.0,0.279762,-1298.377042,0.0,0.0,0.0,22.3,0.0,0.0,1298.377107,-31.059912,6.231204,1.0,1.0,0.0,0.0,1.0,1303.581626,-34.474419,1021.0,5006.0,0.0,149.0,-0.421796,35.320543,127.153954,35.320065,-0.183796,5.6e-05,-0.000998,0.519677,-0.000103,-0.033441,0.231156,0.0,0.0,0.0,0.0,1.0,-9999.0,-9999.0,-9999.0,-9999.0,-9999.0,-9999.0,-9999.0,-9999.0,-9999.0,-9999.0,-9999.0,-9999.0,-9999.0,-9999.0,150.0,ramp,spur5,stable_reference,4.955391270398659,-1.0951513377764466,2.979428804104633,-0.7706753309830299,-0.7706753309830299,5.366665999999998,188.96001782718378,0.145624405474478,183.72749718910597,3.517063837897792,3.5171413689731548,-0.9740280357632685,-0.1423472044760885,4.287734730683317,-0.770670892785525
P15_AV2_1_interaction,P15,AV2,1,on_ramp,P15_AV2_1,P15_AV2.1.asc,AV1,60,initiator_active,3739,1,62316.67,62316.6676,1.0,22.3,80.28,150.0,0.651853,-1298.748563,0.0,0.0,0.0,22.3,0.0,0.0,1298.74827,-31.07924,6.231148,1.0,1.0,0.0,0.0,1.0,1304.170283,-34.472572,1021.0,5006.0,0.0,149.0,-0.417569,35.320482,127.153735,35.320011,-0.182337,5.4e-05,-0.000964,0.51148,-0.000141,-0.0314,0.231156,0.0,0.0,0.0,0.0,1.0,-9999.0,-9999.0,-9999.0,-9999.0,-9999.0,-9999.0,-9999.0,-9999.0,-9999.0,-9999.0,-9999.0,-9999.0,-9999.0,-9999.0,150.0,ramp,spur5,stable_reference,4.946362870450914,-1.105910623903975,2.96191028825761,-0.7881996243663563,-0.7881996243663563,5.3833335999999985,189.5486395383144,0.15232934720952782,184.09880705752863,3.500799589837375,3.5008916188300683,-0.9765345854444831,-0.20277207310770606,4.288994675086589,-0.7881950852492139
P15_AV2_1_interaction,P15,AV2,1,on_ramp,P15_AV2_1,P15_AV2.1.asc,AV1,60,initiator_active,3740,1,62333.33,62333.3342,1.0,22.3,80.28,150.0,1.023936,-1299.120083,0.0,0.0,0.0,22.3,0.0,0.0,1299.119434,-31.098579,6.231124,1.0,1.0,0.0,0.0,1.0,1304.758938,-34.470579,1021.0,5006.0,0.0,149.0,-0.413249,35.320423,127.153522,35.31996,-0.180752,5.1e-05,-0.000927,0.50227,-0.00018,-0.029045,0.231156,0.0,0.0,0.0,0.0,1.0,-9999.0,-9999.0,-9999.0,-9999.0,-9999.0,-9999.0,-9999.0,-9999.0,-9999.0,-9999.0,-9999.0,-9999.0,-9999.0,-9999.0,150.0,ramp,spur5,stable_reference,4.937323502462569,-1.1166808840310507,2.9443807774158284,-0.8057349127608403,-0.8057349127608403,5.400000199999995,190.13725804462018,0.15918026746730596,184.47011801669672,3.484524350404239,3.4845893730032844,-0.9807871758307698,-0.3182269296640783,4.290254623064982,-0.8057302726607429
P15_AV2_1_interaction,P15,AV2,1,on_ramp,P15_AV2_1,P15_AV2.1.asc,AV1,60,initiator_active,3741,1,62350.0,62350.0006,1.0,22.3,80.28,150.0,1.396012,-1299.491602,0.0,0.0,0.0,22.3,0.0,0.0,1299.490597,-31.117922,6.231116,1.0,1.0,0.0,0.0,1.0,1305.347592,-34.46844,1021.0,5006.0,0.0,149.0,-0.408837,35.320365,127.153315,35.319911,-0.179037,4.7e-05,-0.000892,0.493367,-0.000218,-0.027004,0.231156,0.0,0.0,0.0,0.0,1.0,-9999.0,-9999.0,-9999.0,-9999.0,-9999.0,-9999.0,-9999.0,-9999.0,-9999.0,-9999.0,-9999.0,-9999.0,-9999.0,-9999.0,150.0,ramp,spur5,stable_reference,4.928280108282864,-1.127455166165579,2.926847261747018,-0.8232742059670913,-0.8232742059670913,5.416666599999997,190.72587434606717,0.16617717450050482,184.84142800890976,3.468245102854632,3.4681990409575016,-0.9871420184629329,-0.43774203539141254,4.2915145677156055,-0.8232694648609735
P15_AV2_1_interaction,P15,AV2,1,on_ramp,P15_AV2_1,P15_AV2.1.asc,AV1,60,initiator_active,3742,1,62366.67,62366.6674,1.0,22.3,80.28,150.0,1.768081,-1299.863122,0.0,0.0,0.0,22.3,0.0,0.0,1299.861751,-31.137438,6.230497,1.0,1.0,0.0,0.0,1.0,1305.936244,-34.46616,1021.0,5006.0,0.0,149.0,-0.404335,35.32031,127.153114,35.319865,-0.177184,4.3e-05,-0.000857,0.483452,-0.00025,-0.024649,0.231156,0.0,0.0,0.0,0.0,1.0,-9999.0,-9999.0,-9999.0,-9999.0,-9999.0,-9999.0,-9999.0,-9999.0,-9999.0,-9999.0,-9999.0,-9999.0,-9999.0,-9999.0,150.0,ramp,spur5,stable_reference,4.91906353106244,-1.1384026098978397,2.909140704262569,-0.8409865408620221,-0.8409865408620221,5.433333399999996,191.31448748395252,0.17331506022669854,185.2127304291448,3.4517927869221485,3.45168476770833,-0.9953785638017223,-0.5297229248449575,4.292774484675514,-0.8409816977533651
P15_AV2_1_interaction,P15,AV2,1,on_ramp,P15_AV2_1,P15_AV2.1.asc,AV1,60,initiator_active,3743,1,62383.33,62383.3343,1.0,22.3,80.28,150.0,2.140134,-1300.234637,0.0,0.0,0.0,22.3,0.0,0.0,1300.232892,-31.157183,6.229881,1.0,1.0,0.0,0.0,1.0,1306.524895,-34.463739,1021.0,5006.0,0.0,149.0,-0.399746,35.320256,127.152921,35.319821,-0.175198,3.9e-05,-0.000821,0.472836,-0.000278,-0.022137,0.231156,0.0,0.0,0.0,0.0,1.0,-9999.0,-9999.0,-9999.0,-9999.0,-9999.0,-9999.0,-9999.0,-9999.0,-9999.0,-9999.0,-9999.0,-9999.0,-9999.0,-9999.0,150.0,ramp,spur5,stable_reference,4.909617681417328,-1.1495792926096586,2.8912050861295926,-0.8589279362205253,-0.8589279362205253,5.4500003,191.90309845824257,0.18059393289858877,185.58402173968906,3.4351113715030506,3.4350193896192787,-1.0047996506296926,-0.5685846428242911,4.294034361293257,-0.8589229897902069
P15_AV2_1_interaction,P15,AV2,1,on_ramp,P15_AV2_1,P15_AV2.1.asc,AV1,60,initiator_active,3744,1,62400.0,62400.0007,1.0,22.3,80.28,150.0,2.51217,-1300.606145,0.0,0.0,0.0,22.3,0.0,0.0,1300.604023,-31.177129,6.229375,1.0,1.0,0.0,0.0,1.0,1307.113544,-34.461182,1021.0,5006.0,0.0,149.0,-0.395071,35.320204,127.152734,35.31978,-0.173068,3.4e-05,-0.00079,0.462831,-0.000303,-0.020096,0.231156,0.0,0.0,0.0,0.0,1.0,-9999.0,-9999.0,-9999.0,-9999.0,-9999.0,-9999.0,-9999.0,-9999.0,-9999.0,-9999.0,-9999.0,-9999.0,-9999.0,-9999.0,150.0,ramp,spur5,stable_reference,4.899970631769014,-1.1609571525378752,2.873068421639081,-0.8770703777961585,-0.8770703777961585,5.466666699999994,192.49170631023466,0.18800878443373728,185.9553047093649,3.4182288804018985,3.418191484404888,-1.014331362949079,-0.5350770705174313,4.295294207288283,-0.8770653268863842
P15_AV2_1_interaction,P15,AV2,1,on_ramp,P15_AV2_1,P15_AV2.1.asc,AV1,60,initiator_active,3745,1,62416.67,62416.6673,1.0,22.3,80.28,150.0,2.88419,-1300.977647,0.0,0.0,0.0,22.3,0.0,0.0,1300.975146,-31.197223,6.229016,1.0,1.0,0.0,0.0,1.0,1307.702192,-34.45849,1021.0,5006.0,0.0,149.0,-0.390313,35.320154,127.152554,35.319741,-0.17078,2.9e-05,-0.000764,0.453097,-0.000324,-0.018369,0.231156,0.0,0.0,0.0,0.0,1.0,-9999.0,-9999.0,-9999.0,-9999.0,-9999.0,-9999.0,-9999.0,-9999.0,-9999.0,-9999.0,-9999.0,-9999.0,-9999.0,-9999.0,150.0,ramp,spur5,stable_reference,4.890175417196064,-1.1724831576465622,2.854642565355574,-0.895491258941274,-0.895491258941274,5.483333299999998,193.08031204814733,0.19555862311890546,186.3265809007113,3.4011983283192113,3.40120868044173,-1.0226353598872322,-0.4152443911025401,4.296682986915403,-0.895484658596192
P15_AV2_1_interaction,P15,AV2,1,on_ramp,P15_AV2_1,P15_AV2.1.asc,AV1,60,initiator_active,3746,1,62433.33,62433.3342,1.0,22.3,80.28,150.0,3.256195,-1301.349145,0.0,0.0,0.0,22.3,0.0,0.0,1301.346264,-31.217412,6.228787,1.0,1.0,0.0,0.0,1.0,1308.290839,-34.455666,1021.0,5006.0,0.0,149.0,-0.385473,35.320105,127.152379,35.319704,-0.168334,2.3e-05,-0.00074,0.442632,-0.000338,-0.016485,0.231156,0.0,0.0,0.0,0.0,1.0,-9999.0,-9999.0,-9999.0,-9999.0,-9999.0,-9999.0,-9999.0,-9999.0,-9999.0,-9999.0,-9999.0,-9999.0,-9999.0,-9999.0,150.0,ramp,spur5,stable_reference,4.880285100506568,-1.18410425282754,2.836083747439352,-0.9140421958792402,-0.9140421958792402,5.500000199999995,193.6689156967389,0.20324044905624372,186.69785287623375,3.3840727382082028,3.3841034664382383,-1.0281728620609982,-0.25007384444102243,4.2981081970100545,-0.9140354588018518
P15_AV2_1_interaction,P15,AV2,1,on_ramp,P15_AV2_1,P15_AV2.1.asc,AV1,60,initiator_active,3747,1,62450.0,62450.0001,1.0,22.3,80.28,150.0,3.628188,-1301.720641,0.0,0.0,0.0,22.3,0.0,0.0,1301.717379,-31.23766,6.228651,1.0,1.0,0.0,0.0,1.0,1308.879483,-34.452713,1021.0,5006.0,0.0,149.0,-0.380554,35.320059,127.152211,35.31967,-0.165726,1.7e-05,-0.000724,0.433729,-0.000351,-0.015543,0.231156,0.0,0.0,0.0,0.0,1.0,-9999.0,-9999.0,-9999.0,-9999.0,-9999.0,-9999.0,-9999.0,-9999.0,-9999.0,-9999.0,-9999.0,-9999.0,-9999.0,-9999.0,150.0,ramp,spur5,stable_reference,4.87033572331621,-1.1957844015195025,2.8174659169158933,-0.9326521454826134,-0.9326521454826134,5.516666099999995,194.25751528083532,0.2110512458425366,187.0691223387671,3.366888125348303,3.366936803813894,-1.0309711856675534,-0.14308656097938055,4.29953339658626,-0.9326452712379569
P15_AV2_1_interaction,P15,AV2,1,on_ramp,P15_AV2_1,P15_AV2.1.asc,AV1,60,initiator_active,3748,1,62466.67,62466.6674,1.0,22.3,80.28,150.0,4.000172,-1302.092134,0.0,0.0,0.0,22.3,0.0,0.0,1302.088492,-31.25794,6.228578,1.0,1.0,0.0,0.0,1.0,1309.468127,-34.449634,1021.0,5006.0,0.0,149.0,-0.375559,35.320014,127.152049,35.319638,-0.162952,1.1e-05,-0.000711,0.42411,-0.000354,-0.014444,0.231156,0.0,0.0,0.0,0.0,1.0,-9999.0,-9999.0,-9999.0,-9999.0,-9999.0,-9999.0,-9999.0,-9999.0,-9999.0,-9999.0,-9999.0,-9999.0,-9999.0,-9999.0,150.0,ramp,spur5,stable_reference,4.860354302972017,-1.207496587837565,2.798816077916892,-0.951294103601002,-0.951294103601002,5.533333399999996,194.84611382509286,0.21898803833802394,187.44039006545492,3.3496714970727544,3.349737895124706,-1.0329423255148953,-0.14125480881807917,4.3009585890259086,-0.9512870919531542
P15_AV2_1_interaction,P15,AV2,1,on_ramp,P15_AV2_1,P15_AV2.1.asc,AV1,60,initiator_active,3749,1,62483.33,62483.3344,1.0,22.3,80.28,150.0,4.372147,-1302.463627,0.0,0.0,0.0,22.3,0.0,0.0,1302.459604,-31.278236,6.228541,1.0,1.0,0.0,0.0,1.0,1310.056769,-34.446432,1021.0,5006.0,0.0,149.0,-0.370489,35.31997,127.151891,35.319607,-0.160026,5e-06,-0.000701,0.415086,-0.000352,-0.013816,0.231156,0.0,0.0,0.0,0.0,1.0,-9999.0,-9999.0,-9999.0,-9999.0,-9999.0,-9999.0,-9999.0,-9999.0,-9999.0,-9999.0,-9999.0,-9999.0,-9999.0,-9999.0,150.0,ramp,spur5,stable_reference,4.850356861050893,-1.2192247929687,2.780150234680113,-0.9699520659769028,-0.9699520659769028,5.550000399999997,195.4347093543372,0.22704781013948197,187.8116569242195,3.3324388610893774,3.3325043950806847,-1.0356798020467153,-0.20738368522271244,4.30238377789728,-0.9699449168079024
P15_AV2_1_interaction,P15,AV2,1,on_ramp,P15_AV2_1,P15_AV2.1.asc,AV1,60,initiator_active,3750,1,62500.0,62500.0008,1.0,22.3,80.28,150.0,4.744115,-1302.835119,0.0,0.0,0.0,22.3,0.0,0.0,1302.830716,-31.29854,6.228526,1.0,1.0,0.0,0.0,1.0,1310.64541,-34.443109,1021.0,5006.0,0.0,149.0,-0.365347,35.319928,127.151739,35.319579,-0.15696,-0.0,-0.000692,0.405393,-0.00034,-0.013031,0.231156,0.0,0.0,0.0,0.0,1.0,-9999.0,-9999.0,-9999.0,-9999.0,-9999.0,-9999.0,-9999.0,-9999.0,-9999.0,-9999.0,-9999.0,-9999.0,-9999.0,-9999.0,150.0,ramp,spur5,stable_reference,4.840351422206076,-1.2309609959702306,2.761476391520496,-0.9886180282748912,-0.9886180282748912,5.566666799999999,196.02330288504004,0.23522856956771088,188.18292384900585,3.3151982253784333,3.315215168039697,-1.0398550770827768,-0.2965136661561125,4.3038089669042074,-0.9886107415257741
P15_AV2_1_interaction,P15,AV2,1,on_ramp,P15_AV2_1,P15_AV2.1.asc,AV1,60,initiator_active,3751,1,62516.67,62516.6676,1.0,22.3,80.28,150.0,5.116075,-1303.206612,0.0,0.0,0.0,22.3,0.0,0.0,1303.201825,-31.318891,6.228283,1.0,1.0,0.0,0.0,1.0,1311.234049,-34.439668,1021.0,5006.0,0.0,149.0,-0.360135,35.319887,127.151593,35.319552,-0.153778,-6e-06,-0.00068,0.394734,-0.000321,-0.011932,0.231156,0.0,0.0,0.0,0.0,1.0,-9999.0,-9999.0,-9999.0,-9999.0,-9999.0,-9999.0,-9999.0,-9999.0,-9999.0,-9999.0,-9999.0,-9999.0,-9999.0,-9999.0,150.0,ramp,spur5,stable_reference,4.830298918245959,-1.2427442556771346,2.7427555356379063,-1.0073310033551506,-1.0073310033551506,5.583333599999998,196.61189344199317,0.2435273084721789,188.55418816177098,3.2979105665099535,3.29784269583736,-1.0455635881783962,-0.3787101793100476,4.305234145189355,-1.0073235786794017
P15_AV2_1_interaction,P15,AV2,1,on_ramp,P15_AV2_1,P15_AV2.1.asc,AV1,60,initiator_active,3752,1,62533.33,62533.3342,1.0,22.3,80.28,150.0,5.488027,-1303.578103,0.0,0.0,0.0,22.3,0.0,0.0,1303.572924,-31.339418,6.227808,1.0,1.0,0.0,0.0,1.0,1311.822687,-34.436112,1021.0,5006.0,0.0,149.0,-0.354855,35.319848,127.151452,35.319527,-0.150504,-1.1e-05,-0.000667,0.383492,-0.000295,-0.010676,0.231156,0.0,0.0,0.0,0.0,1.0,-9999.0,-9999.0,-9999.0,-9999.0,-9999.0,-9999.0,-9999.0,-9999.0,-9999.0,-9999.0,-9999.0,-9999.0,-9999.0,-9999.0,150.0,ramp,spur5,stable_reference,4.820070204669216,-1.2547036992554346,2.723779431804641,-1.0263065082146725,-1.0263065082146725,5.600000199999995,197.20048204992116,0.2519410352077374,188.92544392735016,3.2804468311080712,3.280362980018946,-1.0524787604929742,-0.4282379936650855,4.306743917890395,-1.0262970867823236
P15_AV2_1_interaction,P15,AV2,1,on_ramp,P15_AV2_1,P15_AV2.1.asc,AV1,60,initiator_active,3753,1,62550.0,62550.0,1.0,22.3,80.28,150.0,5.859962,-1303.949588,0.0,0.0,0.0,22.3,0.0,0.0,1303.944014,-31.360116,6.227362,1.0,1.0,0.0,0.0,1.0,1312.411323,-34.432445,1021.0,5006.0,0.0,149.0,-0.34951,35.31981,127.151317,35.319504,-0.147154,-1.6e-05,-0.000651,0.371384,-0.000264,-0.009106,0.231156,0.0,0.0,0.0,0.0,1.0,-9999.0,-9999.0,-9999.0,-9999.0,-9999.0,-9999.0,-9999.0,-9999.0,-9999.0,-9999.0,-9999.0,-9999.0,-9999.0,-9999.0,150.0,ramp,spur5,stable_reference,4.809670307282682,-1.2668343049638675,2.704560085357371,-1.0455318867187364,-1.0455318867187364,5.616665999999998,197.7890677418683,0.26046574165791697,189.29669210444598,3.2628120272552,3.2627610587075484,-1.059837766957358,-0.4306394969440568,4.308334316053764,-1.0455222887985638
P15_AV2_1_interaction,P15,AV2,1,on_ramp,P15_AV2_1,P15_AV2.1.asc,AV1,60,initiator_active,3754,1,62566.67,62566.6672,1.0,22.3,80.28,150.0,6.231883,-1304.321068,0.0,0.0,0.0,22.3,0.0,0.0,1304.315097,-31.380948,6.22703,1.0,1.0,0.0,0.0,1.0,1312.999958,-34.428669,1021.0,5006.0,0.0,149.0,-0.344104,35.319774,127.151188,35.319482,-0.143745,-2e-05,-0.000634,0.358445,-0.000232,-0.007222,0.231156,0.0,0.0,0.0,0.0,1.0,-9999.0,-9999.0,-9999.0,-9999.0,-9999.0,-9999.0,-9999.0,-9999.0,-9999.0,-9999.0,-9999.0,-9999.0,-9999.0,-9999.0,150.0,ramp,spur5,stable_reference,4.7991362673175,-1.2790990365073025,2.6852067120843803,-1.0648912919434057,-1.0648912919434057,5.633333200000001,198.37765153430624,0.2690994361435177,189.66793438764097,3.245043170196735,3.2450353974633304,-1.0668332362565422,-0.3809924117088954,4.309924686501786,-1.064881516305051
P15_AV2_1_interaction,P15,AV2,1,on_ramp,P15_AV2_1,P15_AV2.1.asc,AV1,60,initiator_active,3755,1,62583.33,62583.3334,1.0,22.3,80.28,150.0,6.603789,-1304.692544,0.0,0.0,0.0,22.3,0.0,0.0,1304.686174,-31.401872,6.226808,1.0,1.0,0.0,0.0,1.0,1313.588592,-34.424787,1021.0,5006.0,0.0,149.0,-0.338638,35.31974,127.151066,35.319462,-0.140282,-2.3e-05,-0.000618,0.345679,-0.000203,-0.005495,0.246231,0.0,0.0,0.0,0.0,1.0,-9999.0,-9999.0,-9999.0,-9999.0,-9999.0,-9999.0,-9999.0,-9999.0,-9999.0,-9999.0,-9999.0,-9999.0,-9999.0,-9999.0,150.0,ramp,spur5,stable_reference,4.788510096352667,-1.2914558819938942,2.6657613156365,-1.0843427202514042,-1.0843427202514042,5.6499994000000004,198.9662334519928,0.277839118766693,190.03917143028795,3.2271822667550896,3.2271998863650992,-1.072537616856124,-0.28111679122852706,4.311515032805191,-1.0843327660501019
P15_AV2_1_interaction,P15,AV2,1,on_ramp,P15_AV2_1,P15_AV2.1.asc,AV1,60,initiator_active,3756,1,62600.0,62600.0002,1.0,22.3,80.28,150.0,6.975684,-1305.064017,0.0,0.0,0.0,22.3,0.0,0.0,1305.057248,-31.422854,6.226671,1.0,1.0,0.0,0.0,1.0,1314.177224,-34.420805,1021.0,5006.0,0.0,149.0,-0.333115,35.319708,127.150949,35.319443,-0.13677,-2.7e-05,-0.000601,0.331794,-0.000176,-0.003297,0.246231,0.0,0.0,0.0,0.0,1.0,-9999.0,-9999.0,-9999.0,-9999.0,-9999.0,-9999.0,-9999.0,-9999.0,-9999.0,-9999.0,-9999.0,-9999.0,-9999.0,-9999.0,150.0,ramp,spur5,stable_reference,4.777825864502438,-1.3038707812576584,2.6462579076964263,-1.1038521600065945,-1.1038521600065945,5.6666662,199.55481254447832,0.2866787814790849,190.4104059516933,3.2092633405305064,3.2092844982282314,-1.0762036288704877,-0.15931912705307383,4.313105367240308,-1.1038420267098012
P15_AV2_1_interaction,P15,AV2,1,on_ramp,P15_AV2_1,P15_AV2.1.asc,AV1,60,initiator_active,3757,1,62616.67,62616.6667,1.0,22.3,80.28,150.0,7.347569,-1305.435489,0.0,0.0,0.0,22.3,0.0,0.0,1305.42832,-31.44387,6.226594,1.0,1.0,0.0,0.0,1.0,1314.765856,-34.416724,1021.0,5006.0,0.0,149.0,-0.32754,35.319678,127.150839,35.319426,-0.133219,-2.9e-05,-0.000583,0.317445,-0.000155,-0.000942,0.246231,0.0,0.0,0.0,0.0,1.0,-9999.0,-9999.0,-9999.0,-9999.0,-9999.0,-9999.0,-9999.0,-9999.0,-9999.0,-9999.0,-9999.0,-9999.0,-9999.0,-9999.0,150.0,ramp,spur5,stable_reference,4.767107590267433,-1.3163197176151469,2.6267204920578475,-1.123395607429985,-1.123395607429985,5.683332699999999,200.14339081994737,0.2956174408201256,190.78163875375805,3.1913103989583758,3.1913264687162286,-1.0778482854974953,-0.08124390255866842,4.314695693683889,-1.1233852947255136
P15_AV2_1_interaction,P15,AV2,1,on_ramp,P15_AV2_1,P15_AV2.1.asc,AV1,60,initiator_active,3758,1,62633.34,62633.3414,1.0,22.3,80.28,150.0,7.719445,-1305.806959,0.0,0.0,0.0,22.3,0.0,0.0,1305.799391,-31.464904,6.226553,1.0,1.0,0.0,0.0,1.0,1315.354486,-34.41255,1021.0,5006.0,0.0,149.0,-0.321915,35.319649,127.150736,35.319411,-0.129626,-3.2e-05,-0.000567,0.30297,-0.000138,0.001413,0.246231,0.0,0.0,0.0,0.0,1.0,-9999.0,-9999.0,-9999.0,-9999.0,-9999.0,-9999.0,-9999.0,-9999.0,-9999.0,-9999.0,-9999.0,-9999.0,-9999.0,-9999.0,150.0,ramp,spur5,stable_reference,4.756371295224584,-1.3287866722532922,2.6071650725779434,-1.1429570586796016,-1.1429570586796016,5.700007399999995,200.73196632798425,0.3046490804887575,191.1528707044054,3.1733394497465266,3.173347737136239,-1.0789121120458276,-0.04107994283577909,4.316286016148705,-1.1429465664021787
P15_AV2_1_interaction,P15,AV2,1,on_ramp,P15_AV2_1,P15_AV2.1.asc,AV1,60,initiator_active,3759,1,62650.0,62650.0,1.0,22.3,80.28,150.0,8.091314,-1306.178429,0.0,0.0,0.0,22.3,0.0,0.0,1306.170461,-31.485947,6.226535,1.0,1.0,0.0,0.0,1.0,1315.943115,-34.408285,1021.0,5006.0,0.0,149.0,-0.316244,35.319622,127.150638,35.319397,-0.125987,-3.4e-05,-0.000552,0.288358,-0.000126,0.003768,0.246231,0.0,0.0,0.0,0.0,1.0,-9999.0,-9999.0,-9999.0,-9999.0,-9999.0,-9999.0,-9999.0,-9999.0,-9999.0,-9999.0,-9999.0,-9999.0,-9999.0,-9999.0,150.0,ramp,spur5,stable_reference,4.745625975913054,-1.3412626475678946,2.587563600207762,-1.1625610906957973,-1.1625610906957973,5.716665999999997,201.32054008506037,0.3137717088057862,191.52410172936092,3.1553594925884725,3.1553627903955253,-1.0792183467514036,0.009714688437952645,4.317908082202305,-1.1625485896138321
P15_AV2_1_interaction,P15,AV2,1,on_ramp,P15_AV2_1,P15_AV2.1.asc,AV1,60,initiator_active,3760,1,62666.67,62666.6678,1.0,22.3,80.28,150.0,8.463175,-1306.549899,0.0,0.0,0.0,22.3,0.0,0.0,1306.541532,-31.506993,6.226528,1.0,1.0,0.0,0.0,1.0,1316.531743,-34.403935,1021.0,5006.0,0.0,149.0,-0.310529,35.319596,127.150546,35.319384,-0.122296,-3.6e-05,-0.00054,0.273597,-0.000117,0.006123,0.246231,0.0,0.0,0.0,0.0,1.0,-9999.0,-9999.0,-9999.0,-9999.0,-9999.0,-9999.0,-9999.0,-9999.0,-9999.0,-9999.0,-9999.0,-9999.0,-9999.0,-9999.0,150.0,ramp,spur5,stable_reference,4.734877685484645,-1.3537415990116366,2.567851674394225,-1.1822654181770111,-1.1822654181770111,5.7333338000000005,201.90911214069163,0.3229793259755276,191.89533377904058,3.1373765437852703,3.1373812822053746,-1.0785878393132151,0.040028145423534056,4.3196292489986226,-1.1822527052133522
P15_AV2_1_interaction,P15,AV2,1,on_ramp,P15_AV2_1,P15_AV2.1.asc,AV1,60,initiator_active,3761,1,62683.33,62683.3334,1.0,22.3,80.28,150.0,8.83503,-1306.921369,0.0,0.0,0.0,22.3,0.0,0.0,1306.912602,-31.528034,6.226555,1.0,1.0,0.0,0.0,1.0,1317.12037,-34.399501,1021.0,5006.0,0.0,149.0,-0.304776,35.319572,127.150459,35.319373,-0.118549,-3.8e-05,-0.000529,0.259004,-0.000111,0.008321,0.246231,0.0,0.0,0.0,0.0,1.0,-9999.0,-9999.0,-9999.0,-9999.0,-9999.0,-9999.0,-9999.0,-9999.0,-9999.0,-9999.0,-9999.0,-9999.0,-9999.0,-9999.0,150.0,ramp,spur5,stable_reference,4.724134365404046,-1.3662155748586384,2.548144744953551,-1.2019647493062036,-1.2019647493062036,5.749999400000001,202.497682503131,0.332270932032033,192.26656478749095,3.1193985865591087,3.119409789503737,-1.077884082249298,0.0495457820095595,4.321350411073684,-1.2019518245145755
P15_AV2_1_interaction,P15,AV2,1,on_ramp,P15_AV2_1,P15_AV2.1.asc,AV1,60,initiator_active,3762,1,62700.0,62700.0006,1.0,22.3,80.28,150.0,9.206878,-1307.292839,0.0,0.0,0.0,22.3,0.0,0.0,1307.283674,-31.549055,6.226612,1.0,1.0,0.0,0.0,1.0,1317.708995,-34.39499,1021.0,5006.0,0.0,149.0,-0.298986,35.319549,127.150378,35.319363,-0.114742,-4e-05,-0.000521,0.243917,-0.000105,0.010676,0.246231,0.0,0.0,0.0,0.0,1.0,-9999.0,-9999.0,-9999.0,-9999.0,-9999.0,-9999.0,-9999.0,-9999.0,-9999.0,-9999.0,-9999.0,-9999.0,-9999.0,-9999.0,150.0,ramp,spur5,stable_reference,4.713411093091731,-1.3786695098851258,2.5284578225733134,-1.2216440733354896,-1.2216440733354896,5.766666599999997,203.08625023018098,0.34163951896099737,192.63779763081916,3.1014406451572505,3.101452389187035,-1.0769363162530254,0.05646491754148286,4.323071582088282,-1.2216309369310316
P15_AV2_1_interaction,P15,AV2,1,on_ramp,P15_AV2_1,P15_AV2.1.asc,AV1,60,initiator_active,3763,1,62716.67,62716.6676,1.0,22.3,80.28,150.0,9.578721,-1307.66431,0.0,0.0,0.0,22.3,0.0,0.0,1307.654747,-31.570055,6.226667,1.0,1.0,0.0,0.0,1.0,1318.29762,-34.390405,1021.0,5006.0,0.0,149.0,-0.293163,35.319528,127.150302,35.319354,-0.110874,-4.2e-05,-0.000515,0.229311,-0.000101,0.012717,0.246231,0.0,0.0,0.0,0.0,1.0,-9999.0,-9999.0,-9999.0,-9999.0,-9999.0,-9999.0,-9999.0,-9999.0,-9999.0,-9999.0,-9999.0,-9999.0,-9999.0,-9999.0,150.0,ramp,spur5,stable_reference,4.702708840433644,-1.3911024274295538,2.508791903652213,-1.2413023938867118,-1.2413023938867118,5.783333599999998,203.67481734653202,0.3510821033699627,193.0090313008069,3.0835037112929466,3.0835109787612094,-1.0760018692352986,0.05365373377325966,4.324792757388222,-1.2412890460952752
P15_AV2_1_interaction,P15,AV2,1,on_ramp,P15_AV2_1,P15_AV2.1.asc,AV1,60,initiator_active,3764,1,62733.33,62733.3341,1.0,22.3,80.28,150.0,9.950559,-1308.035781,0.0,0.0,0.0,22.3,0.0,0.0,1308.025821,-31.591038,6.226708,1.0,1.0,0.0,0.0,1.0,1318.886244,-34.385749,1021.0,5006.0,0.0,149.0,-0.287312,35.319508,127.15023,35.319346,-0.106939,-4.3e-05,-0.00051,0.214207,-9.3e-05,0.014915,0.246231,0.0,0.0,0.0,0.0,1.0,-9999.0,-9999.0,-9999.0,-9999.0,-9999.0,-9999.0,-9999.0,-9999.0,-9999.0,-9999.0,-9999.0,-9999.0,-9999.0,-9999.0,150.0,ramp,spur5,stable_reference,4.692023608967945,-1.403518326427125,2.489142988216108,-1.2609437109337296,-1.2609437109337296,5.800000099999997,204.26338287697592,0.36059567710840423,193.3802658304647,3.065583785102414,3.06558548041766,-1.075147847106365,0.044477633013165985,4.326513937040569,-1.260930151938155
P15_AV2_1_interaction,P15,AV2,1,on_ramp,P15_AV2_1,P15_AV2.1.asc,AV1,60,initiator_active,3765,1,62750.0,62750.0006,1.0,22.3,80.28,150.0,10.32239,-1308.407254,0.0,0.0,0.0,22.3,0.0,0.0,1308.396895,-31.612009,6.226736,1.0,1.0,0.0,0.0,1.0,1319.474867,-34.381028,1021.0,5006.0,0.0,149.0,-0.281436,35.319616,127.150616,35.319466,-0.102937,-4.5e-05,0.013929,0.199899,-8.8e-05,0.016642,0.246231,0.0,0.0,0.0,0.0,1.0,-9999.0,-9999.0,-9999.0,-9999.0,-9999.0,-9999.0,-9999.0,-9999.0,-9999.0,-9999.0,-9999.0,-9999.0,-9999.0,-9999.0,150.0,ramp,spur5,stable_reference,4.681350372887811,-1.41592222861909,2.469506072702465,-1.280573028059164,-1.280573028059164,5.816666599999997,204.85194687102882,0.370174240380633,193.75150026109046,3.0476758585032364,3.047673075573614,-1.0745192962940706,0.029734361362393713,4.328235116491722,-1.280559257988486
P15_AV2_1_interaction,P15,AV2,1,on_ramp,P15_AV2_1,P15_AV2.1.asc,AV1,60,initiator_active,3766,1,62766.67,62766.6676,1.0,22.3,80.28,150.0,10.694216,-1308.778726,0.0,0.0,0.0,22.3,0.0,0.0,1308.76797,-31.632973,6.226753,1.0,1.0,0.0,0.0,1.0,1320.063492,-34.376245,1021.0,5006.0,0.0,149.0,-0.275538,35.319943,127.151793,35.319804,-0.098868,-4.6e-05,0.023149,0.184752,-6.4e-05,0.018683,0.231156,0.0,0.0,0.0,0.0,1.0,-9999.0,-9999.0,-9999.0,-9999.0,-9999.0,-9999.0,-9999.0,-9999.0,-9999.0,-9999.0,-9999.0,-9999.0,-9999.0,-9999.0,150.0,ramp,spur5,stable_reference,4.670684161845421,-1.4283191096021972,2.449876160738422,-1.3001953416150445,-1.3001953416150445,5.833333599999998,205.44051235334695,0.37981481804690315,194.12273563391318,3.0297749399183718,3.0297679916903864,-1.0741567047510756,0.018120979919068247,4.3299563004629436,-1.3001813605445718
P15_AV2_1_interaction,P15,AV2,1,on_ramp,P15_AV2_1,P15_AV2.1.asc,AV1,60,initiator_active,3767,1,62783.33,62783.3347,1.0,22.3,80.28,150.0,11.066035,-1309.150199,0.0,0.0,0.0,22.3,0.0,0.0,1309.139045,-31.653933,6.226763,1.0,1.0,0.0,0.0,1.0,1320.652121,-34.371404,1021.0,5006.0,0.0,149.0,-0.269621,35.320356,127.153282,35.320229,-0.094749,-4.7e-05,0.026308,0.168095,-1.2e-05,0.021352,0.231156,0.0,0.0,0.0,0.0,1.0,-9999.0,-9999.0,-9999.0,-9999.0,-9999.0,-9999.0,-9999.0,-9999.0,-9999.0,-9999.0,-9999.0,-9999.0,-9999.0,-9999.0,150.0,ramp,spur5,stable_reference,4.660021949264888,-1.4407119916501068,2.4301005483440354,-1.319977052413006,-1.319977052413006,5.850000699999997,206.02908135687272,0.3895134267488007,194.49397097372494,3.011878021197289,3.01186702858714,-1.073915250464168,0.0214444634561346,4.331838023840985,-1.3199600026436955
P15_AV2_1_interaction,P15,AV2,1,on_ramp,P15_AV2_1,P15_AV2.1.asc,AV1,60,initiator_active,3768,1,62800.0,62800.0,1.0,22.3,80.28,150.0,11.437848,-1309.521673,0.0,0.0,0.0,22.3,0.0,0.0,1309.510121,-31.674891,6.226768,1.0,1.0,0.0,0.0,1.0,1321.240757,-34.366509,1021.0,5006.0,0.0,149.0,-0.26369,35.3208,127.154879,35.320683,-0.09059,-4.7e-05,0.027361,0.151257,4.9e-05,0.024021,0.231156,0.0,0.0,0.0,0.0,1.0,-9999.0,-9999.0,-9999.0,-9999.0,-9999.0,-9999.0,-9999.0,-9999.0,-9999.0,-9999.0,-9999.0,-9999.0,-9999.0,-9999.0,150.0,ramp,spur5,stable_reference,4.64936176364479,-1.453102851158157,2.4103252515488487,-1.3397585937322805,-1.3397585937322805,5.866665999999998,206.61765691451467,0.39926609138061836,194.86520729699757,2.9939831106607917,2.993971818583237,-1.0734419343633164,0.039341376891592006,4.3337243991112,-1.3397412884504085
P15_AV2_1_interaction,P15,AV2,1,on_ramp,P15_AV2_1,P15_AV2.1.asc,AV1,60,initiator_active,3769,1,62816.67,62816.6669,1.0,22.3,80.28,150.0,11.809655,-1309.893146,0.0,0.0,0.0,22.3,0.0,0.0,1309.881196,-31.695848,6.22677,1.0,1.0,0.0,0.0,1.0,1321.862102,-34.36129,1021.0,5006.0,0.0,149.0,-0.257419,35.321279,127.156604,35.321174,-0.086157,-4.5e-05,0.027715,0.132919,0.000103,0.027004,0.231156,0.0,0.0,0.0,0.0,1.0,-9999.0,-9999.0,-9999.0,-9999.0,-9999.0,-9999.0,-9999.0,-9999.0,-9999.0,-9999.0,-9999.0,-9999.0,-9999.0,-9999.0,150.0,ramp,spur5,stable_reference,4.63870254991064,-1.4654927340046664,2.3905509515616417,-1.3595391382266968,-1.3595391382266968,5.883332899999994,207.23893768441107,0.409612682265905,195.23644261205146,2.976089191837545,2.9760868484905094,-1.0726038808113998,0.05705678965284022,4.335610769282686,-1.3595215774451415
P15_AV2_1_interaction,P15,AV2,1,on_ramp,P15_AV2_1,P15_AV2.1.asc,AV1,60,initiator_active,3770,1,62833.33,62833.3342,1.0,22.3,80.28,150.0,12.181455,-1310.26462,0.0,0.0,0.0,22.3,0.0,0.0,1310.252272,-31.716796,6.226815,1.0,1.0,0.0,0.0,1.0,1322.418048,-34.356578,1021.0,5006.0,0.0,149.0,-0.251802,35.321712,127.158162,35.321616,-0.082156,-4.3e-05,0.027807,0.114805,0.000139,0.030458,0.231156,0.0,0.0,0.0,0.0,1.0,-9999.0,-9999.0,-9999.0,-9999.0,-9999.0,-9999.0,-9999.0,-9999.0,-9999.0,-9999.0,-9999.0,-9999.0,-9999.0,-9999.0,150.0,ramp,spur5,stable_reference,4.628052360445177,-1.4778735961747136,2.370785654715676,-1.3793106795962158,-1.3793106795962158,5.900000199999995,207.79482586552209,0.4189125726437804,195.60767885279697,2.958204280960508,2.9582174266829426,-1.0715399865061812,0.06988285396553096,4.337497144391774,-1.379292863431266
P15_AV2_1_interaction,P15,AV2,1,on_ramp,P15_AV2_1,P15_AV2.1.asc,AV1,60,initiator_active,3771,1,62850.0,62850.0008,1.0,22.3,80.28,150.0,12.553249,-1310.636094,0.0,0.0,0.0,22.3,0.0,0.0,1310.62335,-31.737711,6.226904,1.0,1.0,0.0,0.0,1.0,1323.006705,-34.351551,1021.0,5006.0,0.0,149.0,-0.245853,35.322171,127.159817,35.322085,-0.077887,-4.1e-05,0.027825,0.094865,0.000158,0.034383,0.231156,0.0,0.0,0.0,0.0,1.0,-9999.0,-9999.0,-9999.0,-9999.0,-9999.0,-9999.0,-9999.0,-9999.0,-9999.0,-9999.0,-9999.0,-9999.0,-9999.0,-9999.0,150.0,ramp,spur5,stable_reference,4.61743521374901,-1.4902214209848468,2.351053364076002,-1.3990492147913312,-1.3990492147913312,5.916666799999999,208.38342133309368,0.42879740608698824,195.97891682113575,2.9403523854650677,2.9403682409159098,-1.0702744212176896,0.07971532915345847,4.339383529134388,-1.39903114366932
P15_AV2_1_interaction,P15,AV2,1,on_ramp,P15_AV2_1,P15_AV2.1.asc,AV1,60,initiator_active,3772,1,62866.67,62866.6672,1.0,22.3,80.28,150.0,12.925039,-1311.007569,0.0,0.0,0.0,22.3,0.0,0.0,1310.994429,-31.758594,6.226987,1.0,1.0,0.0,0.0,1.0,1323.595369,-34.34649,1021.0,5006.0,0.0,149.0,-0.239906,35.322632,127.161475,35.322555,-0.073587,-3.8e-05,0.02781,0.073124,0.000165,0.039093,0.231156,0.0,0.0,0.0,0.0,1.0,-9999.0,-9999.0,-9999.0,-9999.0,-9999.0,-9999.0,-9999.0,-9999.0,-9999.0,-9999.0,-9999.0,-9999.0,-9999.0,-9999.0,150.0,ramp,spur5,stable_reference,4.606850082477188,-1.50253723124112,2.331353076460764,-1.4187557469771233,-1.4187557469771233,5.933333200000001,208.97202351983523,0.43871629614119767,196.35015552535424,2.922532497132593,2.922541969128085,-1.0688828369519427,0.07459475930970427,4.341269918444016,-1.4187374213114232
P15_AV2_1_interaction,P15,AV2,1,on_ramp,P15_AV2_1,P15_AV2.1.asc,AV1,60,initiator_active,3773,1,62883.33,62883.334,1.0,22.3,80.28,150.0,13.296824,-1311.379046,0.0,0.0,0.0,22.3,0.0,0.0,1311.36551,-31.779452,6.227049,1.0,1.0,0.0,0.0,1.0,1324.184041,-34.3414,1021.0,5006.0,0.0,149.0,-0.233967,35.323093,127.163135,35.323025,-0.069247,-3.6e-05,0.02778,0.050881,0.000158,0.04396,0.231156,0.0,0.0,0.0,0.0,1.0,-9999.0,-9999.0,-9999.0,-9999.0,-9999.0,-9999.0,-9999.0,-9999.0,-9999.0,-9999.0,-9999.0,-9999.0,-9999.0,-9999.0,150.0,ramp,spur5,stable_reference,4.596289997050956,-1.5148280020078717,2.311677795092446,-1.4384372729483093,-1.4384372729483093,5.95,209.56063346697653,0.4486642512293788,196.72139602318734,2.9047376244541483,2.904738956103696,-1.0677879463080586,0.0499670165139392,4.3431563175160655,-1.4384186930619172
P15_AV2_1_interaction,P15,AV2,1,on_ramp,P15_AV2_1,P15_AV2.1.asc,AV1,60,initiator_active,3774,1,62900.0,62900.0008,1.0,22.3,80.28,150.0,13.668603,-1311.750523,0.0,0.0,0.0,22.3,0.0,0.0,1311.736592,-31.800293,6.227091,1.0,1.0,0.0,0.0,1.0,1324.77272,-34.336286,1021.0,5006.0,0.0,149.0,-0.228041,35.323553,127.164792,35.323494,-0.064844,-3.3e-05,0.02754,0.028107,0.000143,0.048984,0.231156,0.0,0.0,0.0,0.0,1.0,-9999.0,-9999.0,-9999.0,-9999.0,-9999.0,-9999.0,-9999.0,-9999.0,-9999.0,-9999.0,-9999.0,-9999.0,-9999.0,-9999.0,150.0,ramp,spur5,stable_reference,4.585746932817098,-1.5271017542277738,2.2919203507492947,-1.458196083895425,-1.458196083895425,5.966666799999999,210.1492502158147,0.4586362632690991,197.0926373806905,2.8869597594494745,2.8869487528410334,-1.0672172564102738,0.04404320758659708,4.3451343043092,-1.4581745448597254
P15_AV2_1_interaction,P15,AV2,1,on_ramp,P15_AV2_1,P15_AV2.1.asc,AV1,60,initiator_active,3775,1,62916.67,62916.6675,1.0,22.3,80.28,150.0,14.040378,-1312.122001,0.0,0.0,0.0,22.3,0.0,0.0,1312.107674,-31.821123,6.227116,1.0,1.0,0.0,0.0,1.0,1325.361406,-34.331155,1021.0,5006.0,0.0,149.0,-0.222132,35.323981,127.166331,35.323929,-0.060351,-3.1e-05,0.021385,0.005405,0.000124,0.053851,0.231156,0.0,0.0,0.0,0.0,1.0,-9999.0,-9999.0,-9999.0,-9999.0,-9999.0,-9999.0,-9999.0,-9999.0,-9999.0,-9999.0,-9999.0,-9999.0,-9999.0,-9999.0,150.0,ramp,spur5,stable_reference,4.575214864353357,-1.5393645093758668,2.272135440113951,-1.4779804714452025,-1.4779804714452025,5.9833335000000005,210.73787382411885,0.4686253324987416,197.46387864741428,2.869192894070209,2.869164869649864,-1.0663198340083824,0.049045306577632175,4.347151534244232,-1.4779586401740232
P15_AV2_1_interaction,P15,AV2,1,on_ramp,P15_AV2_1,P15_AV2.1.asc,AV1,60,initiator_active,3776,1,62933.35,62933.3464,1.0,22.3,80.28,150.0,14.412146,-1312.493479,0.0,0.0,0.0,22.3,0.0,0.0,1312.478757,-31.841947,6.227131,1.0,1.0,0.0,0.0,1.0,1325.950099,-34.326012,1021.0,5006.0,0.0,149.0,-0.216247,35.324175,127.167031,35.324131,-0.055732,-3e-05,0.006615,-0.01628,8.5e-05,0.05809,0.231156,0.0,0.0,0.0,0.0,1.0,-9999.0,-9999.0,-9999.0,-9999.0,-9999.0,-9999.0,-9999.0,-9999.0,-9999.0,-9999.0,-9999.0,-9999.0,-9999.0,-9999.0,150.0,ramp,spur5,stable_reference,4.564688821311887,-1.5516212430489065,2.2523565322709183,-1.4977588562012814,-1.4977588562012814,6.000012399999999,211.32650433315217,0.4786264590885805,197.83512086458774,2.851432036739309,2.8513916955394434,-1.065581928396412,0.07682048971382116,4.3491687695226,-1.4977367327832911
P15_AV2_1_interaction,P15,AV2,1,on_ramp,P15_AV2_1,P15_AV2.1.asc,AV1,60,initiator_active,3777,1,62950.0,62950.001,1.0,22.3,80.28,150.0,14.783908,-1312.864958,0.0,0.0,0.0,22.3,0.0,0.0,1312.84984,-31.862767,6.227138,1.0,1.0,0.0,0.0,1.0,1326.538796,-34.320863,1021.0,5006.0,0.0,149.0,-0.210391,35.324223,127.167202,35.324186,-0.050943,-2.9e-05,0.001019,-0.03568,1.9e-05,0.061073,0.231156,0.0,0.0,0.0,0.0,1.0,-9999.0,-9999.0,-9999.0,-9999.0,-9999.0,-9999.0,-9999.0,-9999.0,-9999.0,-9999.0,-9999.0,-9999.0,-9999.0,-9999.0,150.0,ramp,spur5,stable_reference,4.554166776732275,-1.5638739777867483,2.232581624412028,-1.517533240973234,-1.517533240973234,6.016666999999994,211.91513879253336,0.4886336184848551,198.20636304875043,2.8336751792721935,2.8336452931594227,-1.063760720382362,0.17096045936104076,4.351186004739711,-1.5175108254675176
P15_AV2_1_interaction,P15,AV2,1,on_ramp,P15_AV2_1,P15_AV2.1.asc,AV1,60,initiator_active,3778,1,62966.67,62966.6669,1.0,22.3,80.28,150.0,15.155665,-1313.236437,0.0,0.0,0.0,22.3,0.0,0.0,1313.220923,-31.883586,6.227142,1.0,1.0,0.0,0.0,1.0,1327.127493,-34.315715,1021.0,5006.0,0.0,149.0,-0.204568,35.324219,127.167189,35.324189,-0.045947,-3e-05,-0.000902,-0.053171,-6.7e-05,0.062957,0.231156,0.0,0.0,0.0,0.0,1.0,-9999.0,-9999.0,-9999.0,-9999.0,-9999.0,-9999.0,-9999.0,-9999.0,-9999.0,-9999.0,-9999.0,-9999.0,-9999.0,-9999.0,150.0,ramp,spur5,stable_reference,4.543645731768134,-1.5761257127907853,2.2128077165491744,-1.5373066257491566,-1.5373066257491566,6.033332899999994,212.503773260167,0.49863977791519126,198.57760522466046,2.8159193217710246,2.8159466970341036,-1.059884047578862,0.2515852839410684,4.353203239941509,-1.5372839181704845
P15_AV2_1_interaction,P15,AV2,1,on_ramp,P15_AV2_1,P15_AV2.1.asc,AV1,60,initiator_active,3779,1,62983.33,62983.3343,1.0,22.3,80.28,150.0,15.527415,-1313.607916,0.0,0.0,0.0,22.3,0.0,0.0,1313.592012,-31.904312,6.227475,1.0,1.0,0.0,0.0,1.0,1327.716191,-34.310571,1021.0,5006.0,0.0,149.0,-0.198784,35.324198,127.167113,35.324174,-0.040728,-3.2e-05,-0.001569,-0.069455,-0.000145,0.064056,0.231156,0.0,0.0,0.0,0.0,1.0,-9999.0,-9999.0,-9999.0,-9999.0,-9999.0,-9999.0,-9999.0,-9999.0,-9999.0,-9999.0,-9999.0,-9999.0,-9999.0,-9999.0,150.0,ramp,spur5,stable_reference,4.533217817419112,-1.5882843341178712,2.1931268252142018,-1.5569869939891148,-1.5569869939891148,6.0500003,213.0924087607775,0.5086419457344251,198.9488526328658,2.798256510618979,2.7983158664782484,-1.055374495711959,0.28770751941252115,4.355220506330413,-1.5569639957114343
P15_AV2_1_interaction,P15,AV2,1,on_ramp,P15_AV2_1,P15_AV2.1.asc,AV1,60,initiator_active,3780,1,63000.0,63000.0006,1.0,22.3,80.28,150.0,15.899163,-1313.979398,0.0,0.0,0.0,22.3,0.0,0.0,1313.963107,-31.924914,6.227807,1.0,1.0,0.0,0.0,1.0,1328.304889,-34.305438,1021.0,5006.0,0.0,149.0,-0.193044,35.324171,127.167014,35.324153,-0.035288,-3.5e-05,-0.001805,-0.083868,-0.000201,0.063585,0.231156,0.0,0.0,0.0,0.0,1.0,-9999.0,-9999.0,-9999.0,-9999.0,-9999.0,-9999.0,-9999.0,-9999.0,-9999.0,-9999.0,-9999.0,-9999.0,-9999.0,-9999.0,150.0,ramp,spur5,stable_reference,4.522914021764596,-1.600318850020203,2.173569950284178,-1.5765433458161506,-1.5765433458161506,6.066666599999997,213.68104435216756,0.5186331139282597,199.32010501753308,2.7807177447603815,2.780767154863216,-1.0502937291596623,0.30743644447469975,4.357237803431692,-1.5765200586713108
P15_AV2_1_interaction,P15,AV2,1,on_ramp,P15_AV2_1,P15_AV2.1.asc,AV1,60,initiator_active,3781,1,63016.67,63016.6674,1.0,22.3,80.28,150.0,16.270912,-1314.350884,0.0,0.0,0.0,22.3,0.0,0.0,1314.334208,-31.945409,6.228079,1.0,1.0,0.0,0.0,1.0,1328.893586,-34.30032,1021.0,5006.0,0.0,149.0,-0.18735,35.324141,127.166907,35.324128,-0.029646,-3.8e-05,-0.001898,-0.098702,-0.000223,0.063271,0.231156,0.0,0.0,0.0,0.0,1.0,-9999.0,-9999.0,-9999.0,-9999.0,-9999.0,-9999.0,-9999.0,-9999.0,-9999.0,-9999.0,-9999.0,-9999.0,-9999.0,-9999.0,150.0,ramp,spur5,stable_reference,4.512717351341694,-1.6122462559723882,2.1540642337259324,-1.5960485950932135,-1.5960485950932135,6.0833333999999955,214.26967906738196,0.5286092743802148,199.69136251895802,2.76328602477415,2.7633063232269732,-1.0451266833808575,0.2821289378659877,4.359308059675367,-1.596022034901217
P15_AV2_1_interaction,P15,AV2,1,on_ramp,P15_AV2_1,P15_AV2.1.asc,AV1,60,initiator_active,3782,1,63033.33,63033.3344,1.0,22.3,80.28,150.0,16.642661,-1314.722374,0.0,0.0,0.0,22.3,0.0,0.0,1314.705314,-31.965824,6.228272,1.0,1.0,0.0,0.0,1.0,1329.482283,-34.295222,1021.0,5006.0,0.0,149.0,-0.181709,35.32411,127.166796,35.324102,-0.023842,-4.2e-05,-0.00194,-0.113032,-0.000217,0.062643,0.231156,0.0,0.0,0.0,0.0,1.0,-9999.0,-9999.0,-9999.0,-9999.0,-9999.0,-9999.0,-9999.0,-9999.0,-9999.0,-9999.0,-9999.0,-9999.0,-9999.0,-9999.0,150.0,ramp,spur5,stable_reference,4.502600788803403,-1.6240935678592685,2.134570578861391,-1.6155418230030574,-1.6155418230030574,6.100000399999997,214.8583139476504,0.5385654355132461,200.06262435999744,2.7459343433270553,2.745929112030674,-1.0408893107272235,0.20775669828733,4.361449281747069,-1.6155149384200134
P15_AV2_1_interaction,P15,AV2,1,on_ramp,P15_AV2_1,P15_AV2.1.asc,AV1,60,initiator_active,3783,1,63050.0,63050.0001,1.0,22.3,80.28,150.0,17.014407,-1315.093866,0.0,0.0,0.0,22.3,0.0,0.0,1315.076422,-31.986187,6.228396,1.0,1.0,0.0,0.0,1.0,1330.07098,-34.290148,1021.0,5006.0,0.0,149.0,-0.176123,35.324079,127.166683,35.324074,-0.017907,-4.5e-05,-0.00196,-0.126519,-0.000187,0.061701,0.231156,0.0,0.0,0.0,0.0,1.0,-9999.0,-9999.0,-9999.0,-9999.0,-9999.0,-9999.0,-9999.0,-9999.0,-9999.0,-9999.0,-9999.0,-9999.0,-9999.0,-9999.0,150.0,ramp,spur5,stable_reference,4.492536261728214,-1.6358888474440345,2.1151289288016786,-1.6349830461059272,-1.6349830461059272,6.116666099999995,215.44694902598323,0.5484975974635761,200.43388777182884,2.7286346766145333,2.7286106676209476,-1.0382014708390699,0.13045520795891363,4.363590514611792,-1.6349558379972584
P15_AV2_1_interaction,P15,AV2,1,on_ramp,P15_AV2_1,P15_AV2.1.asc,AV1,60,initiator_active,3784,1,63066.67,63066.6674,1.0,22.3,80.28,150.0,17.38615,-1315.465359,0.0,0.0,0.0,22.3,0.0,0.0,1315.447532,-32.006519,6.228469,1.0,1.0,0.0,0.0,1.0,1330.659677,-34.285102,1021.0,5006.0,0.0,149.0,-0.170596,35.324047,127.166569,35.324045,-0.011881,-4.8e-05,-0.001934,-0.140521,-0.000138,0.060916,0.231156,0.0,0.0,0.0,0.0,1.0,-9999.0,-9999.0,-9999.0,-9999.0,-9999.0,-9999.0,-9999.0,-9999.0,-9999.0,-9999.0,-9999.0,-9999.0,-9999.0,-9999.0,150.0,ramp,spur5,stable_reference,4.482502778191403,-1.6476530891364818,2.0957182836115047,-1.6543932643370414,-1.6543932643370414,6.133333399999996,216.03558433539166,0.558401760367421,200.80515292775843,2.7113660253517207,2.7113227454928337,-1.0365409459235906,0.10464726728043772,4.365731758570427,-1.6543657332187065
P15_AV2_1_interaction,P15,AV2,1,on_ramp,P15_AV2_1,P15_AV2.1.asc,AV1,60,initiator_active,3785,1,63083.33,63083.3337,1.0,22.3,80.28,150.0,17.757889,-1315.836854,0.0,0.0,0.0,22.3,0.0,0.0,1315.818643,-32.026834,6.228508,1.0,1.0,0.0,0.0,1.0,1331.248373,-34.28009,1021.0,5006.0,0.0,149.0,-0.165133,35.324019,127.166467,35.324018,-0.005809,-5e-05,-0.001594,-0.153954,-8.2e-05,0.059817,0.231156,0.0,0.0,0.0,0.0,1.0,-9999.0,-9999.0,-9999.0,-9999.0,-9999.0,-9999.0,-9999.0,-9999.0,-9999.0,-9999.0,-9999.0,-9999.0,-9999.0,-9999.0,150.0,ramp,spur5,stable_reference,4.472486315846973,-1.6594003122820735,2.0763246408514617,-1.6737864801369169,-1.6737864801369169,6.1499997,216.62421892542528,0.5682719161764093,201.17641894335856,2.694114381762676,2.6940590249560117,-1.0347132107292651,0.14088207489952964,4.367873008054534,-1.6737586262918582
P15_AV2_1_interaction,P15,AV2,1,on_ramp,P15_AV2_1,P15_AV2.1.asc,AV1,60,initiator_active,3786,1,63100.0,63100.0008,1.0,22.3,80.28,150.0,18.129622,-1316.20835,0.0,0.0,0.0,22.3,0.0,0.0,1316.189755,-32.047139,6.228528,1.0,1.0,0.0,0.0,1.0,1331.837069,-34.275116,1021.0,5006.0,0.0,149.0,-0.159738,35.323995,127.166384,35.323995,0.000269,-5e-05,-0.001284,-0.16737,-2.2e-05,0.058718,0.231156,0.0,0.0,0.0,0.0,1.0,-9999.0,-9999.0,-9999.0,-9999.0,-9999.0,-9999.0,-9999.0,-9999.0,-9999.0,-9999.0,-9999.0,-9999.0,-9999.0,-9999.0,150.0,ramp,spur5,stable_reference,4.462479877386691,-1.6711375150174033,2.056941000543149,-1.6931696934839502,-1.6931696934839502,6.166666799999999,217.21285382906143,0.5781040732794565,201.5476858763976,2.6768727460857855,2.6768322379668477,-1.031844817422055,0.21107792343637755,4.370014263164405,-1.6931415170786197
P15_AV2_1_interaction,P15,AV2,1,on_ramp,P15_AV2_1,P15_AV2.1.asc,AV1,60,initiator_active,3787,1,63116.67,63116.6673,1.0,22.3,80.28,150.0,18.501349,-1316.579846,0.0,0.0,0.0,22.3,0.0,0.0,1316.560867,-32.067441,6.228536,1.0,1.0,0.0,0.0,1.0,1332.425765,-34.270184,1021.0,5006.0,0.0,149.0,-0.154414,35.323976,127.166312,35.323975,0.006315,-5e-05,-0.001112,-0.180021,3.5e-05,0.057305,0.231156,0.0,0.0,0.0,0.0,1.0,-9999.0,-9999.0,-9999.0,-9999.0,-9999.0,-9999.0,-9999.0,-9999.0,-9999.0,-9999.0,-9999.0,-9999.0,-9999.0,-9999.0,150.0,ramp,spur5,stable_reference,4.452476437772782,-1.6828717185513389,2.037560360225586,-1.7125499068402368,-1.7125499068402368,6.183333299999998,217.8014890793106,0.5878942318127656,201.91895278467834,2.6596341103067296,2.659663920467397,-1.0276772704343244,0.2855397317473205,4.3721555182312875,-1.7125214079245579
P15_AV2_1_interaction,P15,AV2,1,on_ramp,P15_AV2_1,P15_AV2.1.asc,AV1,60,initiator_active,3788,1,63133.33,63133.334,1.0,22.3,80.28,150.0,18.873071,-1316.951342,0.0,0.0,0.0,22.3,0.0,0.0,1316.931984,-32.087631,6.228935,1.0,1.0,0.0,0.0,1.0,1333.014462,-34.265298,1021.0,5006.0,0.0,149.0,-0.149165,35.323957,127.166245,35.323955,0.012294,-4.9e-05,-0.001033,-0.192475,8.9e-05,0.055892,0.231156,0.0,0.0,0.0,0.0,1.0,-9999.0,-9999.0,-9999.0,-9999.0,-9999.0,-9999.0,-9999.0,-9999.0,-9999.0,-9999.0,-9999.0,-9999.0,-9999.0,-9999.0,150.0,ramp,spur5,stable_reference,4.442585093738319,-1.6944938365383746,2.0182679836145745,-1.7318418705792953,-1.7318418705792953,6.2,218.3901257091497,0.5976384001652556,202.29022376848766,2.6425075119770836,2.6425764669488423,-1.0223268502419245,0.34262872606392136,4.374316934196378,-1.7318094222192948
P15_AV2_1_interaction,P15,AV2,1,on_ramp,P15_AV2_1,P15_AV2.1.asc,AV1,60,initiator_active,3789,1,63150.0,63150.0005,1.0,22.3,80.28,150.0,19.244793,-1317.322841,0.0,0.0,0.0,22.3,0.0,0.0,1317.30311,-32.107674,6.229331,1.0,1.0,0.0,0.0,1.0,1333.603158,-34.260462,1021.0,5006.0,0.0,149.0,-0.143994,35.323939,127.166179,35.323934,0.01817,-4.7e-05,-0.000997,-0.204318,0.000134,0.054322,0.231156,0.0,0.0,0.0,0.0,1.0,-9999.0,-9999.0,-9999.0,-9999.0,-9999.0,-9999.0,-9999.0,-9999.0,-9999.0,-9999.0,-9999.0,-9999.0,-9999.0,-9999.0,150.0,ramp,spur5,stable_reference,4.432840942742526,-1.7059687860064814,1.9990156517688211,-1.7510938507248062,-1.7510938507248062,6.2166665,218.97876175165703,0.6073325619677585,202.66150253884473,2.625527982915715,2.625586493935595,-1.016256367224301,0.3647894553233826,4.376589024569076,-1.7510610416533607
P15_AV2_1_interaction,P15,AV2,1,on_ramp,P15_AV2_1,P15_AV2.1.asc,AV1,60,initiator_active,3790,1,63166.67,63166.6676,1.0,22.3,80.28,150.0,19.616516,-1317.694345,0.0,0.0,0.0,22.3,0.0,0.0,1317.674243,-32.127588,6.229655,1.0,1.0,0.0,0.0,1.0,1334.191854,-34.255681,1021.0,5006.0,0.0,149.0,-0.138906,35.32392,127.166113,35.323912,0.023913,-4.4e-05,-0.000977,-0.214805,0.00017,0.052281,0.231156,0.0,0.0,0.0,0.0,1.0,-9999.0,-9999.0,-9999.0,-9999.0,-9999.0,-9999.0,-9999.0,-9999.0,-9999.0,-9999.0,-9999.0,-9999.0,-9999.0,-9999.0,150.0,ramp,spur5,stable_reference,4.423225936248051,-1.7173146083085815,1.9798923345426975,-1.770216816244324,-1.770216816244324,6.233333599999998,219.56739824806263,0.6169717256432249,203.0327872443661,2.608677507230216,2.608700987489053,-1.0101671037857471,0.3424648022777319,4.378861156108911,-1.770183648878695
P15_AV2_1_interaction,P15,AV2,1,on_ramp,P15_AV2_1,P15_AV2.1.asc,AV1,60,initiator_active,3791,1,63183.33,63183.3335,1.0,22.3,80.28,150.0,19.988239,-1318.065853,0.0,0.0,0.0,22.3,0.0,0.0,1318.045381,-32.147408,6.229885,1.0,1.0,0.0,0.0,1.0,1334.780551,-34.250957,1021.0,5006.0,0.0,149.0,-0.133903,35.323901,127.166044,35.323889,0.029495,-4.1e-05,-0.000965,-0.224852,0.000199,0.05024,0.231156,0.0,0.0,0.0,0.0,1.0,-9999.0,-9999.0,-9999.0,-9999.0,-9999.0,-9999.0,-9999.0,-9999.0,-9999.0,-9999.0,-9999.0,-9999.0,-9999.0,-9999.0,150.0,ramp,spur5,stable_reference,4.413705032254665,-1.7285663402721794,1.9608630277549464,-1.7892457713209122,-1.7892457713209122,6.249999499999998,220.1560362148377,0.6265538995124731,203.40407617396428,2.5919210696071002,2.591914586816699,-1.004840933056343,0.26466313251278706,4.381133317029611,-1.7892122474225105
P15_AV2_1_interaction,P15,AV2,1,on_ramp,P15_AV2_1,P15_AV2.1.asc,AV1,60,initiator_active,3792,1,63200.0,63200.0009,1.0,22.3,80.28,150.0,20.359962,-1318.437364,0.0,0.0,0.0,22.3,0.0,0.0,1318.416522,-32.167166,6.230032,1.0,1.0,0.0,0.0,1.0,1335.369248,-34.246296,1021.0,5006.0,0.0,149.0,-0.128988,35.323882,127.165974,35.323864,0.034887,-3.7e-05,-0.000949,-0.233071,0.00022,0.047571,0.231156,0.0,0.0,0.0,0.0,1.0,-9999.0,-9999.0,-9999.0,-9999.0,-9999.0,-9999.0,-9999.0,-9999.0,-9999.0,-9999.0,-9999.0,-9999.0,-9999.0,-9999.0,150.0,ramp,spur5,stable_reference,4.404246187608523,-1.7397560195234103,1.9418957272175,-1.808212720144477,-1.808212720144477,6.266666899999996,220.74467470153212,0.6360730755271193,203.77536759179353,2.575226654630702,2.57520633038385,-1.0013451729636103,0.1559628476144148,4.383405495505773,-1.8081788408750712
P15_AV2_1_interaction,P15,AV2,1,on_ramp,P15_AV2_1,P15_AV2.1.asc,AV1,60,initiator_active,3793,1,63216.67,63216.6675,1.0,22.3,80.28,150.0,20.731682,-1318.808876,0.0,0.0,0.0,22.3,0.0,0.0,1318.787665,-32.186887,6.230118,1.0,1.0,0.0,0.0,1.0,1335.957945,-34.241698,1021.0,5006.0,0.0,149.0,-0.124163,35.323862,127.165902,35.323839,0.040057,-3.4e-05,-0.000939,-0.242021,0.00024,0.04553,0.231156,0.0,0.0,0.0,0.0,1.0,-9999.0,-9999.0,-9999.0,-9999.0,-9999.0,-9999.0,-9999.0,-9999.0,-9999.0,-9999.0,-9999.0,-9999.0,-9999.0,-9999.0,150.0,ramp,spur5,stable_reference,4.394824384193546,-1.750908662479507,1.9229654308567756,-1.827142664789502,-1.827142664789502,6.2833335,221.33331370814633,0.6455292536871747,204.1466607042051,2.5585692548996932,2.558535745051401,-0.9996419814583817,0.09133602383819195,4.385677685742109,-1.8271084308424155
P15_AV2_1_interaction,P15,AV2,1,on_ramp,P15_AV2_1,P15_AV2.1.asc,AV1,60,initiator_active,3794,1,63233.33,63233.3341,1.0,22.3,80.28,150.0,21.103398,-1319.18039,0.0,0.0,0.0,22.3,0.0,0.0,1319.158809,-32.206587,6.230165,1.0,1.0,0.0,0.0,1.0,1336.546642,-34.237169,1021.0,5006.0,0.0,149.0,-0.119433,35.323841,127.165827,35.323812,0.044956,-2.9e-05,-0.000938,-0.250972,0.000257,0.043803,0.231156,0.0,0.0,0.0,0.0,1.0,-9999.0,-9999.0,-9999.0,-9999.0,-9999.0,-9999.0,-9999.0,-9999.0,-9999.0,-9999.0,-9999.0,-9999.0,-9999.0,-9999.0,150.0,ramp,spur5,stable_reference,4.385423600432803,-1.7620402879535588,1.9040561365787347,-1.846051607350944,-1.846051607350944,6.300000099999997,221.92195328419604,0.6549164341969533,204.51795464327594,2.541932862706237,2.5418850642875004,-0.9983006510138068,0.0996582138482296,4.387949881825915,-1.846017019119678
P15_AV2_1_interaction,P15,AV2,1,on_ramp,P15_AV2_1,P15_AV2.1.asc,AV1,60,initiator_active,3795,1,63250.0,63250.0013,1.0,22.3,80.28,150.0,21.475109,-1319.551904,0.0,0.0,0.0,22.3,0.0,0.0,1319.529954,-32.226277,6.230189,1.0,1.0,0.0,0.0,1.0,1337.13534,-34.23271,1021.0,5006.0,0.0,149.0,-0.114798,35.323819,127.16575,35.323785,0.049551,-2.5e-05,-0.000946,-0.26016,0.000274,0.042547,0.231156,0.0,0.0,0.0,0.0,1.0,-9999.0,-9999.0,-9999.0,-9999.0,-9999.0,-9999.0,-9999.0,-9999.0,-9999.0,-9999.0,-9999.0,-9999.0,-9999.0,-9999.0,150.0,ramp,spur5,stable_reference,4.376032840556195,-1.7731618930173505,1.8851568444083249,-1.8649505478038184,-1.8649505478038184,6.316667300000001,222.5105944379002,0.6642336253432135,204.88924949978593,2.525306478424929,2.5252585917036825,-0.9963199714755149,0.15220738660083555,4.3902220839007065,-1.8649156054757774
P15_AV2_1_interaction,P15,AV2,1,on_ramp,P15_AV2_1,P15_AV2.1.asc,AV1,60,initiator_active,3796,1,63266.67,63266.6681,1.0,22.3,80.28,149.0,21.846814,-1319.923419,0.0,0.0,0.0,22.3,0.0,0.0,1319.901099,-32.245961,6.230198,1.0,1.0,0.0,0.0,1.0,1337.724038,-34.228325,1021.0,5006.0,0.0,149.0,-0.110261,35.323797,127.165669,35.323756,0.053813,-2e-05,-0.000958,-0.269854,0.000291,0.041919,0.231156,0.0,0.0,0.0,0.0,1.0,-9999.0,-9999.0,-9999.0,-9999.0,-9999.0,-9999.0,-9999.0,-9999.0,-9999.0,-9999.0,-9999.0,-9999.0,-9999.0,-9999.0,149.0,lane7,spur3,stable_reference,4.366648078372366,-1.784277499678344,1.866163206329668,-1.8839438742604429,1.866163206329668,6.3333341,223.09923620230356,0.6734768190094674,205.26054430677956,2.508686093939301,2.5086737333691755,-0.9932269966848679,0.2230816219966094,0.6425613335047391,1.866124760434562
P15_AV2_1_interaction,P15,AV2,1,on_ramp,P15_AV2_1,P15_AV2.1.asc,AV1,60,initiator_active,3797,1,63283.33,63283.3338,1.0,22.3,80.28,149.0,22.218514,-1320.294934,0.0,0.0,0.0,22.3,0.0,0.0,1320.272246,-32.265611,6.230382,1.0,1.0,0.0,0.0,1.0,1338.312736,-34.224016,1021.0,5006.0,0.0,149.0,-0.105824,35.323774,127.165585,35.323726,0.05772,-1.5e-05,-0.000973,-0.28001,0.000306,0.041919,0.231156,0.0,0.0,0.0,0.0,1.0,-9999.0,-9999.0,-9999.0,-9999.0,-9999.0,-9999.0,-9999.0,-9999.0,-9999.0,-9999.0,-9999.0,-9999.0,-9999.0,-9999.0,149.0,lane7,spur3,stable_reference,4.357297358573314,-1.7953590692456098,1.84719385084702,-1.9029129270077008,1.84719385084702,6.349999799999998,223.68787859391145,0.6826440152638282,205.63184083311378,2.4920997248012204,2.4921518487524272,-0.9888841858177528,0.2876801038488459,0.644943929050769,1.8471557957504514
P15_AV2_1_interaction,P15,AV2,1,on_ramp,P15_AV2_1,P15_AV2.1.asc,AV1,60,initiator_active,3798,1,63300.0,63300.0008,1.0,22.3,80.28,149.0,22.59021,-1320.66645,0.0,0.0,0.0,22.3,0.0,0.0,1320.6434,-32.285127,6.230743,1.0,1.0,0.0,0.0,1.0,1338.901434,-34.219786,1021.0,5006.0,0.0,149.0,-0.101491,35.323749,127.165497,35.323696,0.061269,-1e-05,-0.000985,-0.289291,0.000314,0.042233,0.231156,0.0,0.0,0.0,0.0,1.0,-9999.0,-9999.0,-9999.0,-9999.0,-9999.0,-9999.0,-9999.0,-9999.0,-9999.0,-9999.0,-9999.0,-9999.0,-9999.0,-9999.0,149.0,lane7,spur3,stable_reference,4.348080781352894,-1.8063065129778737,1.8283585079757037,-1.9217479671381263,1.8283585079757037,6.366666799999999,224.27652163748198,0.6917322142084584,206.00314325334884,2.4756474088687335,2.475711559933437,-0.9836377716340792,0.3261177671818132,0.6473265679519311,1.8283208409168024
P15_AV2_1_interaction,P15,AV2,1,on_ramp,P15_AV2_1,P15_AV2.1.asc,AV1,60,initiator_active,3799,1,63316.67,63316.6668,1.0,22.3,80.28,149.0,22.961907,-1321.03797,0.0,0.0,0.0,22.3,0.0,0.0,1321.014561,-32.304513,6.231081,1.0,1.0,0.0,0.0,1.0,1339.490132,-34.215638,1021.0,5006.0,0.0,149.0,-0.097262,35.323724,127.165406,35.323665,0.064473,-5e-06,-0.000996,-0.297702,0.000314,0.042704,0.231156,0.0,0.0,0.0,0.0,1.0,-9999.0,-9999.0,-9999.0,-9999.0,-9999.0,-9999.0,-9999.0,-9999.0,-9999.0,-9999.0,-9999.0,-9999.0,-9999.0,-9999.0,149.0,lane7,spur3,stable_reference,4.338994348249252,-1.817123829810316,1.8096531777224456,-1.9404529946449771,1.8096531777224456,6.383332799999996,224.86516535777298,0.7007384159455191,206.37445160049572,2.4593251462780685,2.4593642453910567,-0.9780137249620253,0.32903427765301174,0.6497092502553212,1.8096158960227473
P15_AV2_1_interaction,P15,AV2,1,on_ramp,P15_AV2_1,P15_AV2.1.asc,AV1,60,initiator_active,3800,1,63333.33,63333.3342,1.0,22.3,80.28,149.0,23.333604,-1321.409494,0.0,0.0,0.0,22.3,0.0,0.0,1321.385727,-32.323797,6.231334,1.0,1.0,0.0,0.0,1.0,1340.07883,-34.211574,1021.0,5006.0,0.0,149.0,-0.09314,35.323698,127.165312,35.323634,0.067341,1e-06,-0.001009,-0.30614,0.000307,0.043332,0.231156,0.0,0.0,0.0,0.0,1.0,-9999.0,-9999.0,-9999.0,-9999.0,-9999.0,-9999.0,-9999.0,-9999.0,14.624047,1.0,-9999.0,-9999.0,-9999.0,-9999.0,149.0,lane7,spur3,stable_reference,4.330010014570419,-1.8278390584338688,1.7910498564667128,-1.9590560131503807,1.7910498564667128,6.400000199999995,225.45380977129028,0.7096606205431197,206.74576410569787,2.4431049214773486,2.4431110452544003,-0.9726699640260108,0.266343048096207,0.6520919634526783,1.7910129580246703
P15_AV2_1_interaction,P15,AV2,1,on_ramp,P15_AV2_1,P15_AV2.1.asc,AV1,60,initiator_active,3801,1,63350.0,63350.0008,1.0,22.3,80.28,149.0,23.705301,-1321.781021,0.0,0.0,0.0,22.3,0.0,0.0,1321.756896,-32.343011,6.231503,1.0,1.0,0.0,0.0,1.0,1340.667529,-34.207597,1021.0,5006.0,0.0,149.0,-0.089127,35.323671,127.165215,35.323602,0.069879,5e-06,-0.001023,-0.314224,0.000293,0.04396,0.231156,0.0,0.0,0.0,0.0,1.0,-9999.0,-9999.0,-9999.0,-9999.0,-9999.0,-9999.0,-9999.0,-9999.0,14.838236,1.0,-9999.0,-9999.0,-9999.0,-9999.0,149.0,lane7,spur3,stable_reference,4.321095737162534,-1.8384842364746403,1.7725165405946923,-1.977589026269725,1.7725165405946923,6.416666799999999,226.0424559027578,0.7184958363561136,207.11707903310935,2.4269547190509204,2.426941260843686,-0.9691353589692682,0.15407119874981845,0.654474695082834,1.7724800239680865
P15_AV2_1_interaction,P15,AV2,1,on_ramp,P15_AV2_1,P15_AV2.1.asc,AV1,60,initiator_active,3802,1,63366.67,63366.6673,1.0,22.3,80.28,149.0,24.076996,-1322.152549,0.0,0.0,0.0,22.3,0.0,0.0,1322.128068,-32.362181,6.231607,1.0,1.0,0.0,0.0,1.0,1341.256228,-34.203709,1021.0,5006.0,0.0,149.0,-0.085223,35.323643,127.165115,35.323569,0.0721,1e-05,-0.001041,-0.322194,0.000277,0.044902,0.231156,0.0,0.0,0.0,0.0,1.0,-9999.0,-9999.0,-9999.0,-9999.0,-9999.0,-9999.0,-9999.0,-9999.0,15.052538,1.0,-9999.0,-9999.0,-9999.0,-9999.0,149.0,lane7,spur3,stable_reference,4.3122255260235445,-1.8490853570114487,1.754027230150108,-1.9960780339592548,1.754027230150108,6.433333299999998,226.63110276871467,0.7272420551999124,207.48839659730012,2.4108485398841837,2.4108067592092213,-0.9675342817498063,0.09409494677093733,0.6568574454518272,1.7539910944323565
P15_AV2_1_interaction,P15,AV2,1,on_ramp,P15_AV2_1,P15_AV2.1.asc,AV1,60,initiator_active,3803,1,63383.33,63383.3343,1.0,22.3,80.28,149.0,24.448688,-1322.524079,0.0,0.0,0.0,22.3,0.0,0.0,1322.499242,-32.381325,6.231666,1.0,1.0,0.0,0.0,1.0,1341.844927,-34.199911,1021.0,5006.0,0.0,149.0,-0.081432,35.323614,127.165012,35.323537,0.074033,1.5e-05,-0.001052,-0.328118,0.000255,0.045216,0.231156,0.0,0.0,0.0,0.0,1.0,-9999.0,-9999.0,-9999.0,-9999.0,-9999.0,-9999.0,-9999.0,-9999.0,15.266947,1.0,-9999.0,-9999.0,-9999.0,-9999.0,149.0,lane7,spur3,stable_reference,4.303381360345624,-1.8596604383249205,1.7354889409852507,-2.014616085725516,1.7354889409852507,6.4500003,227.219750377414,0.7358982771085834,207.85971594685304,2.3947683763374323,2.3946899574084832,-0.9659988470317558,0.13868789822095806,0.6593187844435615,1.7354495918938708
P15_AV2_1_interaction,P15,AV2,1,on_ramp,P15_AV2_1,P15_AV2.1.asc,AV1,60,initiator_active,3804,1,63400.0,63400.0009,1.0,22.3,80.28,149.0,24.820375,-1322.89561,0.0,0.0,0.0,22.3,0.0,0.0,1322.870416,-32.400456,6.231696,1.0,1.0,0.0,0.0,1.0,1342.433626,-34.196207,1021.0,5006.0,0.0,149.0,-0.077754,35.323585,127.164906,35.323504,0.075702,1.9e-05,-0.001068,-0.334683,0.000236,0.046158,0.231156,0.0,0.0,0.0,0.0,1.0,-9999.0,-9999.0,-9999.0,-9999.0,-9999.0,-9999.0,-9999.0,-9999.0,15.481459,1.0,-9999.0,-9999.0,-9999.0,-9999.0,149.0,lane7,spur3,stable_reference,4.294550189668724,-1.8702225230990115,1.7169217013889548,-2.033183105947642,1.7169217013889548,6.466666899999996,227.80839876186607,0.7444605022183278,208.23103518912072,2.378701212347972,2.3786065392498776,-0.9629113520761479,0.2598210307193689,0.6618184390716226,1.7168827732763494
P15_AV2_1_interaction,P15,AV2,1,on_ramp,P15_AV2_1,P15_AV2.1.asc,AV1,60,initiator_active,3805,1,63416.67,63416.667,1.0,22.3,80.28,149.0,25.192057,-1323.267141,0.0,0.0,0.0,22.3,0.0,0.0,1323.24159,-32.41958,6.231711,1.0,1.0,0.0,0.0,1.0,1343.022325,-34.192596,1021.0,5006.0,0.0,149.0,-0.07419,35.323555,127.164798,35.323471,0.077122,2.2e-05,-0.001079,-0.339653,0.000213,0.046629,0.231156,0.0,0.0,0.0,0.0,1.0,-9999.0,-9999.0,-9999.0,-9999.0,-9999.0,-9999.0,-9999.0,-9999.0,15.696071,1.0,-9999.0,-9999.0,-9999.0,-9999.0,149.0,lane7,spur3,stable_reference,4.285726016300073,-1.8807776097364977,1.698361461784578,-2.051743126177849,1.698361461784578,6.483332999999999,228.39704791381848,0.7529297304950981,208.6023543736198,2.362641048120132,2.362593520085569,-0.9573383851305692,0.40992377718059103,0.6643180936280972,1.6983229544920346
P15_AV2_1_interaction,P15,AV2,1,on_ramp,P15_AV2_1,P15_AV2.1.asc,AV1,60,initiator_active,3806,1,63433.33,63433.3341,1.0,22.3,80.28,149.0,25.563733,-1323.638672,-1.7,0.0,0.0,22.13,0.0,0.0,1323.612764,-32.438701,6.231716,1.0,0.0,0.0,1.0,1.0,1343.611024,-34.189081,1021.0,5006.0,0.0,149.0,-0.070741,35.323524,127.164688,35.323437,0.078328,2.6e-05,-0.001086,-0.343388,0.000193,0.046786,0.231156,0.0,0.0,0.0,0.0,1.0,-9999.0,-9999.0,-9999.0,-9999.0,-9999.0,-9999.0,-9999.0,-9999.0,15.910778,1.0,-9999.0,-9999.0,-9999.0,-9999.0,149.0,lane7,spur3,stable_reference,4.276904841777801,-1.891329697172579,1.679804222176755,-2.0703001464115114,1.679804222176755,6.500000099999998,228.9856978580295,0.7613029620410589,208.97367353336057,2.3465838837901343,2.3466953943417153,-0.9492471297533172,0.5451353644502781,0.6668177481538793,1.679766135636255
P15_AV2_1_interaction,P15,AV2,1,on_ramp,P15_AV2_1,P15_AV2.1.asc,AV1,60,initiator_active,3807,1,63450.0,63450.0002,1.0,22.3,80.28,149.0,25.935404,-1324.010204,-1.7,0.0,0.0,22.13,0.0,0.0,1323.981118,-32.457498,6.23236,1.0,0.0,0.0,1.0,1.0,1344.199723,-34.185662,1021.0,5006.0,0.0,149.0,-0.067408,35.323493,127.164576,35.323404,0.079342,2.9e-05,-0.001089,-0.346284,0.000174,0.046629,0.231156,0.0,0.0,0.0,0.0,1.0,-9999.0,-9999.0,-9999.0,-9999.0,-9999.0,-9999.0,-9999.0,-9999.0,16.125577,1.0,-9999.0,-9999.0,-9999.0,-9999.0,149.0,lane7,spur3,stable_reference,4.268329345450424,-1.9016229346270204,1.6615666991847968,-2.0885374516961623,1.6615666991847968,6.5166661999999995,229.57434859449867,0.7695801968562064,209.34217011526175,2.3308274358365377,2.3309520664291234,-0.9391673983420219,0.6353552377754355,0.6692984096891985,1.6615290261473392
P15_AV2_1_interaction,P15,AV2,1,on_ramp,P15_AV2_1,P15_AV2.1.asc,AV1,60,initiator_active,3808,1,63466.67,63466.6673,1.0,22.13,79.668,149.0,26.304245,-1324.378908,-1.7,0.0,0.0,22.13,0.0,0.0,1324.349484,-32.476059,6.233003,1.0,0.0,0.0,1.0,1.0,1344.788422,-34.182341,1021.0,5006.0,0.0,149.0,-0.06419,35.323462,127.164463,35.323371,0.080177,3.1e-05,-0.001092,-0.348713,0.00016,0.046315,0.231156,0.0,0.0,0.0,0.0,1.0,-9999.0,-9999.0,-9999.0,-9999.0,-9999.0,-9999.0,-9999.0,-9999.0,16.343303,1.0,-9999.0,-9999.0,-9999.0,-9999.0,149.0,lane7,spur3,stable_reference,4.259990091126476,-1.911679958037546,1.643565194146224,-2.1065387390205514,1.643565194146224,6.533333299999998,230.16300013973185,0.7777594350086501,209.71067674911927,2.3153070788784893,2.3153899505484166,-0.9280686454380884,0.6586501968927756,0.6717791496179613,1.643527929260528
P15_AV2_1_interaction,P15,AV2,1,on_ramp,P15_AV2_1,P15_AV2.1.asc,AV1,60,initiator_active,3809,1,63483.33,63483.3334,1.0,22.13,79.668,149.0,26.673092,-1324.747618,-1.7,0.0,0.0,22.13,0.0,0.0,1324.717861,-32.494411,6.23353,1.0,0.0,0.0,1.0,1.0,1345.377122,-34.179119,1021.0,5006.0,0.0,149.0,-0.061089,35.323431,127.16435,35.323338,0.080846,3.4e-05,-0.001094,-0.350713,0.00015,0.046315,0.231156,0.0,0.0,0.0,0.0,1.0,-9999.0,-9999.0,-9999.0,-9999.0,-9999.0,-9999.0,-9999.0,-9999.0,16.561121,1.0,-9999.0,-9999.0,-9999.0,-9999.0,149.0,lane7,spur3,stable_reference,4.251860061458945,-1.9215277832890325,1.62577270557337,-2.124331009872906,1.62577270557337,6.549999400000001,230.75165350194732,0.7858396847851356,210.07919265778955,2.2999958055827503,2.3000165573892812,-0.917212465084063,0.5962570036110186,0.6742599614823881,1.6257358441003622
P15_AV2_1_interaction,P15,AV2,1,on_ramp,P15_AV2_1,P15_AV2.1.asc,AV1,60,initiator_active,3810,1,63500.0,63500.0005,1.0,22.13,79.668,149.0,27.041944,-1325.116334,-1.7,0.0,0.0,22.13,0.0,0.0,1325.086245,-32.512611,6.233904,1.0,0.0,0.0,1.0,1.0,1345.965821,-34.175995,1021.0,5006.0,0.0,149.0,-0.058105,35.323399,127.164236,35.323305,0.081357,3.6e-05,-0.001096,-0.352304,0.000145,0.046315,0.231156,0.0,0.0,0.0,0.0,1.0,-9999.0,-9999.0,-9999.0,-9999.0,-9999.0,-9999.0,-9999.0,-9999.0,16.779027,1.0,-9999.0,-9999.0,-9999.0,-9999.0,149.0,lane7,spur3,stable_reference,4.243882167448376,-1.931223487497103,1.608099488237481,-2.142004024931966,1.608099488237481,6.566666499999999,231.34030667296048,0.7938219296462228,210.44771431181218,2.284836584879637,2.284816334452563,-0.9081936017605585,0.44041564639285014,0.6767764205103228,1.6080601643693142
P15_AV2_1_interaction,P15,AV2,1,on_ramp,P15_AV2_1,P15_AV2.1.asc,AV1,60,initiator_active,3811,1,63516.67,63516.6669,1.0,22.13,79.668,149.0,27.410798,-1325.485053,-1.7,0.0,0.0,22.13,0.0,0.0,1325.454634,-32.530711,6.234144,1.0,0.0,0.0,1.0,1.0,1346.587226,-34.172806,1021.0,5006.0,0.0,149.0,-0.05508,35.323365,127.164115,35.323271,0.081738,3.9e-05,-0.001097,-0.353564,0.000143,0.046315,0.231156,0.0,0.0,0.0,0.0,1.0,-9999.0,-9999.0,-9999.0,-9999.0,-9999.0,-9999.0,-9999.0,-9999.0,17.029612,1.0,-9999.0,-9999.0,-9999.0,-9999.0,149.0,lane7,spur3,stable_reference,4.2360043736316895,-1.940819102963878,1.590463451032745,-2.1596398816111653,1.590463451032745,6.583332899999994,231.96166419377752,0.8021390848226947,210.8162401403955,2.2697774020345816,2.269743280650626,-0.9025317291550721,0.26759559316402104,0.6793528436048952,1.5904245584296863
P15_AV2_1_interaction,P15,AV2,1,on_ramp,P15_AV2_1,P15_AV2.1.asc,AV1,60,initiator_active,3812,1,63533.33,63533.334,1.0,22.13,79.668,149.0,27.779651,-1325.853775,-1.7,0.0,0.0,22.13,0.0,0.0,1325.823026,-32.548751,6.234285,1.0,0.0,0.0,1.0,1.0,1347.14322,-34.170046,1021.0,5006.0,0.0,149.0,-0.052484,35.323335,127.164006,35.32324,0.081949,4.1e-05,-0.001098,-0.354351,0.000144,0.046315,0.231156,0.0,0.0,0.0,0.0,1.0,-9999.0,-9999.0,-9999.0,-9999.0,-9999.0,-9999.0,-9999.0,-9999.0,17.215082,1.0,-9999.0,-9999.0,-9999.0,-9999.0,149.0,lane7,spur3,stable_reference,4.228186639931309,-1.950354665185885,1.5728874175586118,-2.1772157345583283,1.5728874175586118,6.6,232.51761648250766,0.8094874378032495,211.18476847371528,2.2547782419043503,2.2547317956711845,-0.8992738050290257,0.17324101273694126,0.6819292871509954,1.5728489547533548
P15_AV2_1_interaction,P15,AV2,1,on_ramp,P15_AV2_1,P15_AV2.1.asc,AV1,60,initiator_active,3813,1,63550.0,63550.0007,1.0,22.13,79.668,149.0,28.148502,-1326.222499,-1.7,0.0,0.0,22.13,0.0,0.0,1326.191419,-32.566757,6.234362,1.0,0.0,0.0,1.0,1.0,1347.731919,-34.167222,1021.0,5006.0,0.0,149.0,-0.049847,35.323303,127.163891,35.323208,0.082049,4.4e-05,-0.001099,-0.354855,0.000145,0.046158,0.231156,0.0,0.0,0.0,0.0,1.0,-9999.0,-9999.0,-9999.0,-9999.0,-9999.0,-9999.0,-9999.0,-9999.0,17.433222,1.0,-9999.0,-9999.0,-9999.0,-9999.0,149.0,lane7,spur3,stable_reference,4.2204029208861975,-1.9598562133864288,1.5553453853169212,-2.194757586272584,1.5553453853169212,6.616666699999994,233.10627212932852,0.8171696928805476,211.55329752640935,2.2398130888689782,2.2397670663750615,-0.8967569301014322,0.14327178375069494,0.6845057373909669,1.5553073514780114
P15_AV2_1_interaction,P15,AV2,1,on_ramp,P15_AV2_1,P15_AV2.1.asc,AV1,60,initiator_active,3814,1,63566.67,63566.6674,1.0,22.13,79.668,149.0,28.517349,-1326.591224,-1.7,0.0,0.0,22.13,0.0,0.0,1326.559814,-32.584747,6.2344,1.0,0.0,0.0,1.0,1.0,1348.320618,-34.164497,1021.0,5006.0,0.0,149.0,-0.047326,35.323271,127.163775,35.323176,0.082032,4.6e-05,-0.0011,-0.355047,0.000145,0.046158,0.231156,0.0,0.0,0.0,0.0,1.0,-9999.0,-9999.0,-9999.0,-9999.0,-9999.0,-9999.0,-9999.0,-9999.0,17.651433,1.0,-9999.0,-9999.0,-9999.0,-9999.0,149.0,lane7,spur3,stable_reference,4.212635251147514,-1.9693417197016532,1.5378193555813386,-2.2122834354797583,1.5378193555813386,6.633333399999996,233.69492859316563,0.824752951329202,211.9218284469923,2.224863951794127,2.2248398382173447,-0.8944980693525508,0.1363297353168278,0.6870822014766704,1.5377817503174567
P15_AV2_1_interaction,P15,AV2,1,on_ramp,P15_AV2_1,P15_AV2.1.asc,AV1,60,initiator_active,3815,1,63583.33,63583.3347,1.0,22.13,79.668,149.0,28.886192,-1326.959949,-1.7,0.0,0.0,22.13,0.0,0.0,1326.928208,-32.602729,6.234416,1.0,0.0,0.0,1.0,1.0,1348.909317,-34.161873,1021.0,5006.0,0.0,149.0,-0.044919,35.323239,127.16366,35.323144,0.081908,4.8e-05,-0.0011,-0.354951,0.000144,0.046158,0.231156,0.0,0.0,0.0,0.0,1.0,-9999.0,-9999.0,-9999.0,-9999.0,-9999.0,-9999.0,-9999.0,-9999.0,17.86971,1.0,-9999.0,-9999.0,-9999.0,-9999.0,149.0,lane7,spur3,stable_reference,4.204875550603033,-1.9788192512187257,1.520301324580016,-2.229801285953169,1.520301324580016,6.650000699999997,234.2835858905248,0.8322352132173081,212.29035830158784,2.2099228061941543,2.20994986909188,-0.8922125137463297,0.14334188549030813,0.6896586584985909,1.5202641476955634
P15_AV2_1_interaction,P15,AV2,1,on_ramp,P15_AV2_1,P15_AV2.1.asc,AV1,60,initiator_active,3816,1,63600.0,63600.0001,1.0,22.13,79.668,149.0,29.255029,-1327.328674,-1.9,0.0,0.0,21.94,0.0,0.0,1327.295022,-32.620623,6.23446,1.0,0.0,0.0,1.0,1.0,1349.498016,-34.159348,1021.0,5006.0,0.0,149.0,-0.042627,35.323207,127.163545,35.323112,0.081684,5.1e-05,-0.0011,-0.354589,0.000141,0.046158,0.231156,0.0,0.0,0.0,0.0,1.0,-9999.0,-9999.0,-9999.0,-9999.0,-9999.0,-9999.0,-9999.0,-9999.0,18.088053,1.0,-9999.0,-9999.0,-9999.0,-9999.0,149.0,lane7,spur3,stable_reference,4.197160003595184,-1.988245260330173,1.5028693036597465,-2.247233127119792,1.5028693036597465,6.666666099999995,234.87224400490018,0.8396184784767634,212.65730748375182,2.1950566183448124,2.195099981784236,-0.8897201208970102,0.15071492613808957,0.6922240652933469,1.5028325530514655
P15_AV2_1_interaction,P15,AV2,1,on_ramp,P15_AV2_1,P15_AV2.1.asc,AV1,60,initiator_active,3817,1,63616.67,63616.668,1.0,21.94,78.984,149.0,29.622278,-1327.695816,-1.9,0.0,0.0,21.94,0.0,0.0,1327.660256,-32.638412,6.234538,1.0,0.0,0.0,1.0,1.0,1350.086715,-34.156924,1021.0,5006.0,0.0,149.0,-0.040449,35.323175,127.16343,35.323081,0.081371,5.3e-05,-0.001099,-0.353985,0.000135,0.046158,0.231156,0.0,0.0,0.0,0.0,1.0,-9999.0,-9999.0,-9999.0,-9999.0,-9999.0,-9999.0,-9999.0,-9999.0,18.308042,1.0,-9999.0,-9999.0,-9999.0,-9999.0,149.0,lane7,spur3,stable_reference,4.18950560358685,-1.9976027515613823,1.4855399895427832,-2.264562277135787,1.4855399895427832,6.683333999999995,235.46090295279743,0.8469007471756832,213.02267585318845,2.1802823876671966,2.180292568090679,-0.8871886820985111,0.144252372411394,0.6947816687989603,1.4855007188682363
P15_AV2_1_interaction,P15,AV2,1,on_ramp,P15_AV2_1,P15_AV2.1.asc,AV1,60,initiator_active,3818,1,63633.33,63633.334,1.0,21.94,78.984,149.0,29.98794,-1328.061377,-1.9,0.0,0.0,21.94,0.0,0.0,1328.025491,-32.656173,6.23461,1.0,0.0,0.0,1.0,1.0,1350.675414,-34.154599,1021.0,5006.0,0.0,149.0,-0.038383,35.323143,127.163315,35.32305,0.080977,5.5e-05,-0.001099,-0.353161,0.000127,0.046158,0.231156,0.0,0.0,0.0,0.0,1.0,-9999.0,-9999.0,-9999.0,-9999.0,-9999.0,-9999.0,-9999.0,-9999.0,18.529675,1.0,-9999.0,-9999.0,-9999.0,-9999.0,149.0,lane7,spur3,stable_reference,4.1818792205410125,-2.006932227173916,1.4681374958702822,-2.2819646578986923,1.4681374958702822,6.7,236.04956271771135,0.8540840192459486,213.388044991516,2.1655361642887625,2.165526518450768,-0.8849115977756128,0.12316696644210623,0.6974374790531295,1.468098685235633
P15_AV2_1_interaction,P15,AV2,1,on_ramp,P15_AV2_1,P15_AV2.1.asc,AV1,60,initiator_active,3819,1,63650.0,63650.0004,1.0,21.94,78.984,149.0,30.353599,-1328.426938,-1.9,0.0,0.0,21.94,0.0,0.0,1328.390727,-32.673914,6.234663,1.0,0.0,0.0,1.0,1.0,1351.264112,-34.152374,1021.0,5006.0,0.0,149.0,-0.03643,35.323111,127.163201,35.32302,0.08051,5.7e-05,-0.001097,-0.352138,0.000117,0.046158,0.231156,0.0,0.0,0.0,0.0,1.0,-9999.0,-9999.0,-9999.0,-9999.0,-9999.0,-9999.0,-9999.0,-9999.0,18.751367,1.0,-9999.0,-9999.0,-9999.0,-9999.0,149.0,lane7,spur3,stable_reference,4.1742728575339365,-2.016241685038204,1.4507550031696892,-2.299347037689381,1.4507550031696892,6.716666399999995,236.63822230792837,0.8611672864689222,213.75341496475536,2.150809948481936,2.15079634161845,-0.8830832422772517,0.06751084998450452,0.7000932964357285,1.4507166520462074
P15_AV2_1_interaction,P15,AV2,1,on_ramp,P15_AV2_1,P15_AV2.1.asc,AV1,60,initiator_active,3820,1,63666.67,63666.6668,1.0,21.94,78.984,149.0,30.719253,-1328.7925,-1.9,0.0,0.0,21.94,0.0,0.0,1328.755964,-32.69164,6.234698,1.0,0.0,0.0,1.0,1.0,1351.852811,-34.150247,1021.0,5006.0,0.0,149.0,-0.034588,35.32308,127.163087,35.322989,0.079979,5.9e-05,-0.001096,-0.350939,0.000105,0.046158,0.231156,0.0,0.0,0.0,0.0,1.0,-9999.0,-9999.0,-9999.0,-9999.0,-9999.0,-9999.0,-9999.0,-9999.0,18.973116,1.0,-9999.0,-9999.0,-9999.0,-9999.0,149.0,lane7,spur3,stable_reference,4.166681516488323,-2.025536123823225,1.43338751144344,-2.316714416505431,1.43338751144344,6.733332799999997,237.226883706875,0.8681525652818879,214.11878581417037,2.1360987404169953,2.136090881352591,-0.88266127211525,-0.0036110057224618686,0.7027491209824255,1.4333496194345698
P15_AV2_1_interaction,P15,AV2,1,on_ramp,P15_AV2_1,P15_AV2.1.asc,AV1,60,initiator_active,3821,1,63683.33,63683.3341,1.0,21.94,78.984,149.0,31.084903,-1329.158062,-1.9,0.0,0.0,21.94,0.0,0.0,1329.121201,-32.709356,6.23472,1.0,0.0,0.0,1.0,1.0,1352.441509,-34.14822,1021.0,5006.0,0.0,149.0,-0.032857,35.323048,127.162974,35.322959,0.07939,6.1e-05,-0.001094,-0.349581,9.2e-05,0.046158,0.231156,0.0,0.0,0.0,0.0,1.0,-9999.0,-9999.0,-9999.0,-9999.0,-9999.0,-9999.0,-9999.0,-9999.0,19.19492,1.0,-9999.0,-9999.0,-9999.0,-9999.0,149.0,lane7,spur3,stable_reference,4.159100171597343,-2.0348205652702456,1.416030019712362,-2.334071795326303,1.416030019712362,6.750000099999998,237.81554493112495,0.8750378392475635,214.4841565810585,2.121397532011511,2.1213739749969545,-0.8832036625334254,-0.005554784595904749,0.70540494545776,1.4159925865537508
P15_AV2_1_interaction,P15,AV2,1,on_ramp,P15_AV2_1,P15_AV2.1.asc,AV1,60,initiator_active,3822,1,63700.0,63700.0006,1.0,21.94,78.984,149.0,31.450548,-1329.523625,-1.9,0.0,0.0,21.94,0.0,0.0,1329.486439,-32.727068,6.234732,1.0,0.0,0.0,1.0,1.0,1353.030207,-34.146291,1021.0,5006.0,0.0,149.0,-0.031235,35.323017,127.162861,35.322929,0.078752,6.2e-05,-0.001093,-0.348085,7.8e-05,0.046158,0.231156,0.0,0.0,0.0,0.0,1.0,-9999.0,-9999.0,-9999.0,-9999.0,-9999.0,-9999.0,-9999.0,-9999.0,19.416777,1.0,-9999.0,-9999.0,-9999.0,-9999.0,149.0,lane7,spur3,stable_reference,4.151522852897723,-2.044100984709816,1.3986765289609082,-2.351425173167244,1.3986765289609082,6.766666599999997,238.40420696413864,0.8818251165505407,214.84952831490187,2.1067003317224997,2.1066503474629608,-0.8828464773728228,0.07208383066943824,0.7080607771757106,1.3986395545467891
P15_AV2_1_interaction,P15,AV2,1,on_ramp,P15_AV2_1,P15_AV2.1.asc,AV1,60,initiator_active,3823,1,63716.67,63716.6676,1.0,21.94,78.984,149.0,31.816188,-1329.889188,-1.9,0.0,0.0,21.94,0.0,0.0,1329.851676,-32.744777,6.234738,1.0,0.0,0.0,1.0,1.0,1353.618905,-34.144459,1021.0,5006.0,0.0,149.0,-0.029721,35.322986,127.16275,35.3229,0.07807,6.3e-05,-0.00109,-0.346469,6.3e-05,0.046158,0.231156,0.0,0.0,0.0,0.0,1.0,-9999.0,-9999.0,-9999.0,-9999.0,-9999.0,-9999.0,-9999.0,-9999.0,19.638685,1.0,-9999.0,-9999.0,-9999.0,-9999.0,149.0,lane7,spur3,stable_reference,4.143948505314978,-2.053378428020235,1.3813260372264702,-2.368775551991488,1.3813260372264702,6.783333599999998,238.99286979766345,0.8885153971567561,215.21489902402115,2.0920061230786406,2.091945612523465,-0.880800805510539,0.1771001498439233,0.7107166016010782,1.3812895214775625
P15_AV2_1_interaction,P15,AV2,1,on_ramp,P15_AV2_1,P15_AV2.1.asc,AV1,60,initiator_active,3824,1,63733.33,63733.3345,1.0,21.94,78.984,149.0,32.181823,-1330.25475,-1.9,0.0,0.0,21.94,0.0,0.0,1330.216914,-32.762485,6.234741,1.0,0.0,0.0,1.0,1.0,1354.207602,-34.142725,1021.0,5006.0,0.0,149.0,-0.028315,35.322955,127.162639,35.322871,0.077353,6.4e-05,-0.001088,-0.344749,4.8e-05,0.046158,0.231156,0.0,0.0,0.0,0.0,1.0,-9999.0,-9999.0,-9999.0,-9999.0,-9999.0,-9999.0,-9999.0,-9999.0,19.860642,1.0,-9999.0,-9999.0,-9999.0,-9999.0,149.0,lane7,spur3,stable_reference,4.136375185077226,-2.062654848524593,1.3639765464730962,-2.386124929834355,1.3639765464730962,6.800000499999995,239.58153243998595,0.8951076728475735,215.5802707248538,2.0773129226534173,2.077289821199026,-0.8769430495603672,0.28488246343601276,0.7133724332904772,1.36394048936294
P15_AV2_1_interaction,P15,AV2,1,on_ramp,P15_AV2_1,P15_AV2.1.asc,AV1,60,initiator_active,3825,1,63750.0,63750.0006,1.0,21.94,78.984,149.0,32.547453,-1330.620313,-1.8,0.0,0.0,21.76,0.0,0.0,1330.582151,-32.780192,6.234742,1.0,0.0,0.0,1.0,1.0,1354.7963,-34.141088,1021.0,5006.0,0.0,149.0,-0.027016,35.322925,127.162529,35.322842,0.076605,6.5e-05,-0.001086,-0.342942,3.3e-05,0.046158,0.231156,0.0,0.0,0.0,0.0,1.0,-9999.0,-9999.0,-9999.0,-9999.0,-9999.0,-9999.0,-9999.0,-9999.0,20.082647,1.0,-9999.0,-9999.0,-9999.0,-9999.0,149.0,lane7,spur3,stable_reference,4.128802836725407,-2.07193029236742,1.3465783257756596,-2.403523042300061,1.3465783257756596,6.816666599999997,240.17019688278558,0.9016029600943211,215.94564141746767,2.062620713941445,2.062714466025171,-0.8713049038273297,0.3768070917378985,0.7160801954340261,1.3465405185074188
P15_AV2_1_interaction,P15,AV2,1,on_ramp,P15_AV2_1,P15_AV2.1.asc,AV1,60,initiator_active,3826,1,63766.67,63766.6681,1.0,21.94,78.984,149.0,32.913078,-1330.985876,-1.8,0.0,0.0,21.76,0.0,0.0,1330.944398,-32.797641,6.235157,1.0,0.0,0.0,1.0,1.0,1355.384997,-34.139547,1021.0,5006.0,0.0,149.0,-0.025822,35.322894,127.162419,35.322813,0.075833,6.5e-05,-0.001083,-0.341063,1.8e-05,0.046158,0.231156,0.0,0.0,0.0,0.0,1.0,-9999.0,-9999.0,-9999.0,-9999.0,-9999.0,-9999.0,-9999.0,-9999.0,20.304698,1.0,-9999.0,-9999.0,-9999.0,-9999.0,149.0,lane7,spur3,stable_reference,4.121405477931384,-2.081016790943381,1.3294043599280934,-2.420696916440779,1.3294043599280934,6.8333341,240.75886111787779,0.908002242357574,216.30802008270877,2.048161820895885,2.048246101146381,-0.8643826048635148,0.4324179739846379,0.7187947860503903,1.3293670348454947
P15_AV2_1_interaction,P15,AV2,1,on_ramp,P15_AV2_1,P15_AV2.1.asc,AV1,60,initiator_active,3827,1,63783.33,63783.3342,1.0,21.76,78.336,149.0,33.275704,-1331.348443,-1.8,0.0,0.0,21.76,0.0,0.0,1331.306652,-32.81494,6.235572,1.0,0.0,0.0,1.0,1.0,1355.973693,-34.138102,1021.0,5006.0,0.0,149.0,-0.024732,35.322864,127.162311,35.322784,0.075044,6.5e-05,-0.00108,-0.338915,3e-06,0.045687,0.231156,0.0,0.0,0.0,0.0,1.0,-9999.0,-9999.0,-9999.0,-9999.0,-9999.0,-9999.0,-9999.0,-9999.0,20.529794,1.0,-9999.0,-9999.0,-9999.0,-9999.0,149.0,lane7,spur3,stable_reference,4.114158255563413,-2.08995316794353,1.312380399351911,-2.4377207853083744,1.312380399351911,6.850000199999995,241.34752514526207,0.9143055196373137,216.6704045098076,2.0338529805110563,2.033901471735649,-0.8568909039299513,0.4425749055225765,0.721509428267733,1.3123435522433233
P15_AV2_1_interaction,P15,AV2,1,on_ramp,P15_AV2_1,P15_AV2.1.asc,AV1,60,initiator_active,3828,1,63800.0,63800.0006,1.0,21.76,78.336,149.0,33.638332,-1331.711013,-1.8,0.0,0.0,21.76,0.0,0.0,1331.668912,-32.832106,6.235913,1.0,0.0,0.0,1.0,1.0,1356.56239,-34.136752,1021.0,5006.0,0.0,149.0,-0.023745,35.322834,127.162204,35.322756,0.074248,6.5e-05,-0.001072,-0.335948,-1.2e-05,0.045216,0.231156,0.0,0.0,0.0,0.0,1.0,-9999.0,-9999.0,-9999.0,-9999.0,-9999.0,-9999.0,-9999.0,-9999.0,20.754934,1.0,-9999.0,-9999.0,-9999.0,-9999.0,149.0,lane7,spur3,stable_reference,4.107044148429097,-2.098756441914727,1.2954894432927748,-2.454611649657424,1.2954894432927748,6.866666599999997,241.93619095661836,0.920513808404887,217.03279383909438,2.01967718511319,2.0196837873808344,-0.8496304809906832,0.39142482279930135,0.7242241146892983,1.2954530704238916
P15_AV2_1_interaction,P15,AV2,1,on_ramp,P15_AV2_1,P15_AV2.1.asc,AV1,60,initiator_active,3829,1,63816.67,63816.6672,1.0,21.76,78.336,149.0,34.000962,-1332.073586,-1.8,0.0,0.0,21.76,0.0,0.0,1332.031177,-32.849176,6.236155,1.0,0.0,0.0,1.0,1.0,1357.151086,-34.135496,1021.0,5006.0,0.0,149.0,-0.022861,35.322805,127.162097,35.322728,0.073447,6.5e-05,-0.001068,-0.333942,-3e-05,0.045216,0.231156,0.0,0.0,0.0,0.0,1.0,-9999.0,-9999.0,-9999.0,-9999.0,-9999.0,-9999.0,-9999.0,-9999.0,20.980116,1.0,-9999.0,-9999.0,-9999.0,-9999.0,149.0,lane7,spur3,stable_reference,4.10002614302681,-2.107463626079824,1.2786944910021305,-2.471406510236734,1.2786944910021305,6.883333200000001,242.52485654376156,0.9266280921208431,217.39518737595236,2.0055974277095983,2.0055807402904815,-0.8438435579946955,0.2801947004834773,0.7269388380321016,1.2786585896774967
P15_AV2_1_interaction,P15,AV2,1,on_ramp,P15_AV2_1,P15_AV2.1.asc,AV1,60,initiator_active,3830,1,63833.33,63833.3341,1.0,21.76,78.336,149.0,34.363591,-1332.436162,-1.8,0.0,0.0,21.76,0.0,0.0,1332.393445,-32.866183,6.236309,1.0,0.0,0.0,1.0,1.0,1357.739782,-34.134334,1021.0,5006.0,0.0,149.0,-0.022077,35.322776,127.161993,35.322701,0.07266,6.4e-05,-0.00105,-0.329274,-5.1e-05,0.04396,0.231156,0.0,0.0,0.0,0.0,1.0,-9999.0,-9999.0,-9999.0,-9999.0,-9999.0,-9999.0,-9999.0,-9999.0,21.205337,1.0,-9999.0,-9999.0,-9999.0,-9999.0,149.0,lane7,spur3,stable_reference,4.09307119658722,-2.116107757798753,1.2619625409710202,-2.4881383685557656,1.2619625409710202,6.900000099999997,243.1135229066578,0.9326483790378816,217.7575833927885,1.991580692918673,1.9915555295460223,-0.8402906511557191,0.17465249394412652,0.7296535834969231,1.26192710942175
P15_AV2_1_interaction,P15,AV2,1,on_ramp,P15_AV2_1,P15_AV2.1.asc,AV1,60,initiator_active,3831,1,63850.0,63850.0,1.0,21.76,78.336,149.0,34.726218,-1332.798738,-1.8,0.0,0.0,21.76,0.0,0.0,1332.755714,-32.883151,6.236401,1.0,0.0,0.0,1.0,1.0,1358.328478,-34.133264,1021.0,5006.0,0.0,149.0,-0.021392,35.322747,127.16189,35.322674,0.071879,6.3e-05,-0.001032,-0.324624,-7.6e-05,0.042704,0.231156,0.0,0.0,0.0,0.0,1.0,-9999.0,-9999.0,-9999.0,-9999.0,-9999.0,-9999.0,-9999.0,-9999.0,21.430597,1.0,-9999.0,-9999.0,-9999.0,-9999.0,149.0,lane7,spur3,stable_reference,4.086155262880208,-2.1247128768272203,1.2452695916879066,-2.5048312261265595,1.2452695916879066,6.9166659999999975,243.7021900288014,0.9385766690878947,218.11998008773574,1.977602965052334,1.9775714976532885,-0.8380218243090027,0.12416834483316208,0.7323683362333397,1.2452346288189942
P15_AV2_1_interaction,P15,AV2,1,on_ramp,P15_AV2_1,P15_AV2.1.asc,AV1,60,initiator_active,3832,1,63866.67,63866.6668,1.0,21.76,78.336,149.0,35.088842,-1333.161316,-1.8,0.0,0.0,21.76,0.0,0.0,1333.117985,-32.900097,6.23645,1.0,0.0,0.0,1.0,1.0,1358.949878,-34.132235,1021.0,5006.0,0.0,149.0,-0.020775,35.322718,127.161784,35.322646,0.071073,6.2e-05,-0.001008,-0.318821,-0.000102,0.040977,0.231156,0.0,0.0,0.0,0.0,1.0,-9999.0,-9999.0,-9999.0,-9999.0,-9999.0,-9999.0,-9999.0,-9999.0,21.688559,1.0,-9999.0,-9999.0,-9999.0,-9999.0,149.0,lane7,spur3,stable_reference,4.079261376172413,-2.133295955567563,1.2285842464070875,-2.5215164841740934,1.2285842464070875,6.933332799999996,244.32356037560228,0.9447338565576278,218.48237860105584,1.963647252942185,1.9636220013885666,-0.8361518065100313,0.10080917718106974,0.7350997530760226,1.2285474998661623
P15_AV2_1_interaction,P15,AV2,1,on_ramp,P15_AV2_1,P15_AV2.1.asc,AV1,60,initiator_active,3833,1,63883.33,63883.3342,1.0,21.76,78.336,149.0,35.451462,-1333.523895,-1.8,0.0,0.0,21.76,0.0,0.0,1333.480256,-32.917033,6.236475,1.0,0.0,0.0,1.0,1.0,1359.505868,-34.131399,1021.0,5006.0,0.0,149.0,-0.020314,35.322692,127.161692,35.322622,0.07037,6e-05,-0.000977,-0.311642,-0.000126,0.038465,0.231156,0.0,0.0,0.0,0.0,1.0,-9999.0,-9999.0,-9999.0,-9999.0,-9999.0,-9999.0,-9999.0,-9999.0,21.881225,1.0,-9999.0,-9999.0,-9999.0,-9999.0,149.0,lane7,spur3,stable_reference,4.072377485619237,-2.141869036969912,1.2118360754889863,-2.5382645959469725,1.2118360754889863,6.9500001999999945,244.87952454264737,0.9501582420473861,218.84477703184885,1.949701540491497,1.94969904707827,-0.8346614447044516,0.08491284237729957,0.7379017106112862,1.2117998298802108
P15_AV2_1_interaction,P15,AV2,1,on_ramp,P15_AV2_1,P15_AV2.1.asc,AV1,60,initiator_active,3834,1,63900.0,63900.0007,1.0,21.76,78.336,149.0,35.814078,-1333.886473,-1.4,0.0,0.0,21.62,0.0,0.0,1333.842527,-32.933964,6.236485,1.0,0.0,0.0,0.0,1.0,1360.094563,-34.130601,1021.0,5006.0,0.0,149.0,-0.019917,35.322666,127.161598,35.322597,0.069641,5.7e-05,-0.000941,-0.303308,-0.00015,0.035482,0.231156,0.0,0.0,0.0,0.0,1.0,-9999.0,-9999.0,-9999.0,-9999.0,-9999.0,-9999.0,-9999.0,-9999.0,22.106591,1.0,-9999.0,-9999.0,-9999.0,-9999.0,149.0,lane7,spur3,stable_reference,4.06549859314339,-2.1504371197032577,1.1950929045702157,-2.55500770772052,1.1950929045702157,6.966666699999994,245.46819290955747,0.9558145331074065,219.20717542137837,1.9357608278705405,1.9357994790346615,-0.8333213222048528,0.07802959531694142,0.7407036681264971,1.1950571597440434
P15_AV2_1_interaction,P15,AV2,1,on_ramp,P15_AV2_1,P15_AV2.1.asc,AV1,60,initiator_active,3835,1,63916.67,63916.6674,1.0,21.76,78.336,149.0,36.176689,-1334.249052,-1.4,0.0,0.0,21.62,0.0,0.0,1334.202468,-32.950781,6.236501,1.0,0.0,0.0,0.0,1.0,1360.715962,-34.129853,1021.0,5006.0,0.0,149.0,-0.019598,35.322639,127.161502,35.322572,0.068872,5.4e-05,-0.000901,-0.294093,-0.000178,0.032185,0.231156,0.0,0.0,0.0,0.0,1.0,-9999.0,-9999.0,-9999.0,-9999.0,-9999.0,-9999.0,-9999.0,-9999.0,22.364661,1.0,-9999.0,-9999.0,-9999.0,-9999.0,149.0,lane7,spur3,stable_reference,4.058669047074525,-2.158944991146195,1.1784625255999943,-2.5716380279259226,1.1784625255999943,6.983333399999996,246.08956457539864,0.9616907218936379,219.56724294944695,1.921914882596182,1.9219217810453917,-0.8320604695492619,0.06992601476779825,0.7434876044133272,1.1784272781828549
P15_AV2_1_interaction,P15,AV2,1,on_ramp,P15_AV2_1,P15_AV2.1.asc,AV1,60,initiator_active,3836,1,63933.33,63933.3343,1.0,21.62,77.832,149.0,36.536963,-1334.609298,-1.4,0.0,0.0,21.62,0.0,0.0,1334.562408,-32.967594,6.236514,1.0,0.0,0.0,0.0,1.0,1361.271951,-34.129265,1021.0,5006.0,0.0,149.0,-0.019397,35.322617,127.16142,35.322551,0.068168,5.1e-05,-0.00086,-0.283478,-0.000201,0.028103,0.231156,0.0,0.0,0.0,0.0,1.0,-9999.0,-9999.0,-9999.0,-9999.0,-9999.0,-9999.0,-9999.0,-9999.0,22.559754,1.0,-9999.0,-9999.0,-9999.0,-9999.0,149.0,lane7,spur3,stable_reference,4.051843471738003,-2.167448886726192,1.161836146110759,-2.5882643486504957,1.161836146110759,7.0000003,246.64552978914514,0.9668671075761062,219.9273094445389,1.908072928932914,1.908063908406789,-0.8309904386889997,0.05771500645104055,0.7462715329498864,1.1618013959830276
P15_AV2_1_interaction,P15,AV2,1,on_ramp,P15_AV2_1,P15_AV2.1.asc,AV1,60,initiator_active,3837,1,63950.0,63950.0001,1.0,21.62,77.832,149.0,36.897232,-1334.969544,-1.4,0.0,0.0,21.62,0.0,0.0,1334.92235,-32.984402,6.236524,1.0,0.0,0.0,0.0,1.0,1361.860645,-34.128723,1021.0,5006.0,0.0,149.0,-0.019268,35.322594,127.161338,35.32253,0.067384,4.8e-05,-0.000819,-0.272532,-0.000224,0.024021,0.231156,0.0,0.0,0.0,0.0,1.0,-9999.0,-9999.0,-9999.0,-9999.0,-9999.0,-9999.0,-9999.0,-9999.0,22.787549,1.0,-9999.0,-9999.0,-9999.0,-9999.0,149.0,lane7,spur3,stable_reference,4.045022949937812,-2.175947737492669,1.1452147676577922,-2.6048856683384827,1.1452147676577922,7.016666099999995,247.23419926877824,0.9722673991012607,220.28737789829933,1.894235991604753,1.8942226250151233,-0.8301366582851202,0.03691420675511026,0.7490554769348614,1.1451805146698917
P15_AV2_1_interaction,P15,AV2,1,on_ramp,P15_AV2_1,P15_AV2.1.asc,AV1,60,initiator_active,3838,1,63966.67,63966.6673,1.0,21.62,77.832,149.0,37.257497,-1335.329791,-1.4,0.0,0.0,21.62,0.0,0.0,1335.282291,-33.001208,6.23653,1.0,0.0,0.0,0.0,1.0,1362.449338,-34.128261,1021.0,5006.0,0.0,149.0,-0.019222,35.322572,127.161259,35.322509,0.066516,4.4e-05,-0.000784,-0.262345,-0.000256,0.02041,0.231156,0.0,0.0,0.0,0.0,1.0,-9999.0,-9999.0,-9999.0,-9999.0,-9999.0,-9999.0,-9999.0,-9999.0,23.015374,1.0,-9999.0,-9999.0,-9999.0,-9999.0,149.0,lane7,spur3,stable_reference,4.038204399639049,-2.1844446118638,1.1285953886860944,-2.6215049885453614,1.1285953886860944,7.033333299999998,247.82286840866058,0.9775876850980488,220.6474453355883,1.880401045955801,1.8803929642501078,-0.8297600175197033,-0.0003972841048849318,0.7518394131775803,1.1285616327782206
P15_AV2_1_interaction,P15,AV2,1,on_ramp,P15_AV2_1,P15_AV2.1.asc,AV1,60,initiator_active,3839,1,63983.33,63983.3342,1.0,21.62,77.832,149.0,37.617758,-1335.690037,-1.4,0.0,0.0,21.62,0.0,0.0,1335.642232,-33.018012,6.236534,1.0,0.0,0.0,0.0,1.0,1363.038031,-34.127878,1021.0,5006.0,0.0,149.0,-0.019258,35.322551,127.161184,35.32249,0.065523,3.9e-05,-0.000754,-0.252169,-0.000291,0.016956,0.231156,0.0,0.0,0.0,0.0,1.0,-9999.0,-9999.0,-9999.0,-9999.0,-9999.0,-9999.0,-9999.0,-9999.0,23.243228,1.0,-9999.0,-9999.0,-9999.0,-9999.0,149.0,lane7,spur3,stable_reference,4.0313878485712005,-2.1929394867673446,1.1119780097141203,-2.638122308752512,1.1119780097141203,7.050000199999995,248.4115382005058,0.9828289737851085,221.00751275637188,1.8665681002387355,1.8665633216192736,-0.8301498875963205,-0.019821512862353785,0.7546233494122827,1.1119447508264528
P15_AV2_1_interaction,P15,AV2,1,on_ramp,P15_AV2_1,P15_AV2.1.asc,AV1,60,initiator_active,3840,1,64000.0,64000.0002,1.0,21.62,77.832,149.0,37.978014,-1336.050284,-1.4,0.0,0.0,21.62,0.0,0.0,1336.002173,-33.034816,6.236536,1.0,0.0,0.0,0.0,1.0,1363.626724,-34.127571,1021.0,5006.0,0.0,149.0,-0.019371,35.322531,127.161112,35.322472,0.064368,3.4e-05,-0.000732,-0.243227,-0.000328,0.014287,0.231156,0.0,0.0,0.0,0.0,1.0,-9999.0,-9999.0,-9999.0,-9999.0,-9999.0,-9999.0,-9999.0,-9999.0,23.47111,1.0,-9999.0,-9999.0,-9999.0,-9999.0,149.0,lane7,spur3,stable_reference,4.024571297503359,-2.201434361670876,1.0953244755562803,-2.6547758195497124,1.0953244755562803,7.066666199999999,249.0002086195553,0.9879942650602731,221.36758017715567,1.8527351545216721,1.8527216617511324,-0.830420732452275,0.007612377116899438,0.7574447068670538,1.0952904476546184
P15_AV2_1_interaction,P15,AV2,1,on_ramp,P15_AV2_1,P15_AV2.1.asc,AV1,60,initiator_active,3841,1,64016.67,64016.6667,1.0,21.62,77.832,149.0,38.338265,-1336.410531,-1.4,0.0,0.0,21.62,0.0,0.0,1336.362115,-33.051619,6.236537,1.0,0.0,0.0,0.0,1.0,1364.215416,-34.127338,1021.0,5006.0,0.0,149.0,-0.01956,35.322512,127.161043,35.322456,0.063011,2.8e-05,-0.000717,-0.235781,-0.000362,0.01256,0.231156,0.0,0.0,0.0,0.0,1.0,-9999.0,-9999.0,-9999.0,-9999.0,-9999.0,-9999.0,-9999.0,-9999.0,23.699018,1.0,-9999.0,-9999.0,-9999.0,-9999.0,149.0,lane7,spur3,stable_reference,4.017755773780482,-2.209928213768364,1.0786547688041388,-2.6714454942094963,1.0786547688041388,7.083332699999999,249.5888786493382,0.9930855506027481,221.7276485896524,1.8389032170232409,1.8388833226668877,-0.8298961241719951,0.05106628963352833,0.7602819582512603,1.0786212587719806
P15_AV2_1_interaction,P15,AV2,1,on_ramp,P15_AV2_1,P15_AV2.1.asc,AV1,60,initiator_active,3842,1,64033.33,64033.3334,1.0,21.62,77.832,149.0,38.698512,-1336.770777,-1.4,0.0,0.0,21.62,0.0,0.0,1336.722056,-33.068421,6.236537,1.0,0.0,0.0,0.0,1.0,1364.804108,-34.127176,1021.0,5006.0,0.0,149.0,-0.01982,35.322493,127.160975,35.32244,0.061429,2.1e-05,-0.000707,-0.229119,-0.000388,0.011461,0.231156,0.0,0.0,0.0,0.0,1.0,-9999.0,-9999.0,-9999.0,-9999.0,-9999.0,-9999.0,-9999.0,-9999.0,23.926953,1.0,-9999.0,-9999.0,-9999.0,-9999.0,149.0,lane7,spur3,stable_reference,4.010941221943559,-2.2184210892042926,1.0619860616816217,-2.688114169239744,1.0619860616816217,7.099999400000001,250.17754926506217,0.9981058385630616,222.08771599393083,1.8250722712380714,1.825058568429892,-0.8287185217708242,0.08792597903524779,0.7631192017501593,1.061953069487912
P15_AV2_1_interaction,P15,AV2,1,on_ramp,P15_AV2_1,P15_AV2.1.asc,AV1,60,initiator_active,3843,1,64050.0,64050.0011,1.0,21.62,77.832,149.0,39.058754,-1337.131024,-1.4,0.0,0.0,21.62,0.0,0.0,1337.081997,-33.085224,6.236537,1.0,0.0,0.0,0.0,1.0,1365.3928,-34.127083,1021.0,5006.0,0.0,149.0,-0.020151,35.322475,127.16091,35.322425,0.059609,1.5e-05,-0.000704,-0.223868,-0.000404,0.011304,0.231156,0.0,0.0,0.0,0.0,1.0,-9999.0,-9999.0,-9999.0,-9999.0,-9999.0,-9999.0,-9999.0,-9999.0,24.154913,1.0,-9999.0,-9999.0,-9999.0,-9999.0,149.0,lane7,spur3,stable_reference,4.004125670491185,-2.226914964374027,1.0453163545591733,-2.7047838442699232,1.0453163545591733,7.116667099999999,250.76622045022185,1.0030571288731,222.44778340646172,1.8112403254869567,1.8112584895049628,-0.8269651298754539,0.11874626536832622,0.7659564452519783,1.0452838802349784
P15_AV2_1_interaction,P15,AV2,1,on_ramp,P15_AV2_1,P15_AV2.1.asc,AV1,60,initiator_active,3844,1,64066.67,64066.6675,1.0,21.62,77.832,149.0,39.418991,-1337.491271,-1.1,0.0,0.0,21.51,0.0,0.0,1337.441024,-33.101974,6.236597,1.0,0.0,0.0,0.0,1.0,1366.014197,-34.127058,1021.0,5006.0,0.0,149.0,-0.020572,35.322456,127.160842,35.322409,0.057437,8e-06,-0.000703,-0.218085,-0.000403,0.011461,0.231156,0.0,0.0,0.0,0.0,1.0,-9999.0,-9999.0,-9999.0,-9999.0,-9999.0,-9999.0,-9999.0,-9999.0,24.415581,1.0,-9999.0,-9999.0,-9999.0,-9999.0,149.0,lane7,spur3,stable_reference,3.9973377538871855,-2.2353769416968268,1.0286993089647287,-2.721400857853589,1.0286993089647287,7.133333500000001,251.3875960828271,1.008210325775018,222.80693641272538,1.7974538349709217,1.797492427524702,-0.824760257113148,0.14014507092748474,0.7687864840968828,1.028667350874039
P15_AV2_1_interaction,P15,AV2,1,on_ramp,P15_AV2_1,P15_AV2.1.asc,AV1,60,initiator_active,3845,1,64083.33,64083.3342,1.0,21.51,77.436,149.0,39.778308,-1337.850602,-1.1,0.0,0.0,21.51,0.0,0.0,1337.799136,-33.118638,6.236716,1.0,0.0,0.0,0.0,1.0,1366.570183,-34.127098,1021.0,5006.0,0.0,149.0,-0.021011,35.32244,127.160783,35.322396,0.055299,1e-06,-0.000702,-0.212433,-0.000388,0.011618,0.231156,0.0,0.0,0.0,0.0,1.0,-9999.0,-9999.0,-9999.0,-9999.0,-9999.0,-9999.0,-9999.0,-9999.0,24.611822,1.0,-9999.0,-9999.0,-9999.0,-9999.0,149.0,lane7,spur3,stable_reference,3.990610431712346,-2.243774053029534,1.012167924525727,-2.7379322103633945,1.012167924525727,7.150000199999995,251.94356347936616,1.0127587080853497,223.16517374041717,1.7837457903135019,1.7837666741086013,-0.8222936555013263,0.1476601690146886,0.771609310306153,1.012136480007349
P15_AV2_1_interaction,P15,AV2,1,on_ramp,P15_AV2_1,P15_AV2.1.asc,AV1,60,initiator_active,3846,1,64100.0,64100.0001,1.0,21.51,77.436,149.0,40.136706,-1338.209017,-1.1,0.0,0.0,21.51,0.0,0.0,1338.15725,-33.13526,6.236828,1.0,0.0,0.0,0.0,1.0,1367.191579,-34.12721,1021.0,5006.0,0.0,149.0,-0.021567,35.322422,127.160718,35.322382,0.052724,-5e-06,-0.000702,-0.205657,-0.000355,0.011775,0.231156,0.0,0.0,0.0,0.0,1.0,-9999.0,-9999.0,-9999.0,-9999.0,-9999.0,-9999.0,-9999.0,-9999.0,24.874372,1.0,-9999.0,-9999.0,-9999.0,-9999.0,149.0,lane7,spur3,stable_reference,3.9839251488459753,-2.252129129398137,0.99567854082447,-2.7544215621352826,0.99567854082447,7.166666099999995,252.5649392426243,1.0177749013999777,223.52341272142758,1.7700797607311871,1.7700832400235473,-0.819838359226452,0.13471994255785447,0.7744321521575974,0.9956476085735897
P15_AV2_1_interaction,P15,AV2,1,on_ramp,P15_AV2_1,P15_AV2.1.asc,AV1,60,initiator_active,3847,1,64116.67,64116.6669,1.0,21.51,77.436,149.0,40.495101,-1338.567433,-1.1,0.0,0.0,21.51,0.0,0.0,1338.515366,-33.15185,6.236911,1.0,0.0,0.0,0.0,1.0,1367.747564,-34.127368,1021.0,5006.0,0.0,149.0,-0.022121,35.322406,127.160662,35.32237,0.050279,-1e-05,-0.000701,-0.199248,-0.000315,0.011932,0.231156,0.0,0.0,0.0,0.0,1.0,-9999.0,-9999.0,-9999.0,-9999.0,-9999.0,-9999.0,-9999.0,-9999.0,25.071571,1.0,-9999.0,-9999.0,-9999.0,-9999.0,149.0,lane7,spur3,stable_reference,3.9772719091334543,-2.260452168140611,0.9792063609877494,-2.770893714334561,0.9792063609877494,7.183332899999994,253.1209066130149,1.0222052794759933,223.881653438284,1.7564457465645322,1.7564392502018902,-0.8178030987609404,0.09353784584736502,0.7772718398503269,0.9791739067142053
P15_AV2_1_interaction,P15,AV2,1,on_ramp,P15_AV2_1,P15_AV2.1.asc,AV1,60,initiator_active,3848,1,64133.33,64133.3341,1.0,21.51,77.436,149.0,40.853494,-1338.92585,-1.1,0.0,0.0,21.51,0.0,0.0,1338.873483,-33.168418,6.236967,1.0,0.0,0.0,0.0,1.0,1368.336255,-34.127593,1021.0,5006.0,0.0,149.0,-0.022764,35.32239,127.160603,35.322358,0.047568,-1.5e-05,-0.000701,-0.192376,-0.000267,0.012403,0.231156,0.0,0.0,0.0,0.0,1.0,-9999.0,-9999.0,-9999.0,-9999.0,-9999.0,-9999.0,-9999.0,-9999.0,25.301477,1.0,-9999.0,-9999.0,-9999.0,-9999.0,149.0,lane7,spur3,stable_reference,3.970640688690636,-2.268753189667234,0.9626781430270764,-2.78742192271787,0.9626781430270764,7.200000099999998,253.70957942256445,1.0268385723625237,224.239894973547,1.7428337399013805,1.742822592193249,-0.8167203915346946,0.046626593789337534,0.7801875033457415,0.962646236555639
P15_AV2_1_interaction,P15,AV2,1,on_ramp,P15_AV2_1,P15_AV2.1.asc,AV1,60,initiator_active,3849,1,64150.0,64150.0007,1.0,21.51,77.436,149.0,41.211883,-1339.284267,-1.1,0.0,0.0,21.51,0.0,0.0,1339.231601,-33.184972,6.237002,1.0,0.0,0.0,0.0,1.0,1368.924945,-34.127876,1021.0,5006.0,0.0,149.0,-0.023461,35.322374,127.160546,35.322346,0.044747,-1.9e-05,-0.000703,-0.18636,-0.00022,0.013031,0.231156,0.0,0.0,0.0,0.0,1.0,-9999.0,-9999.0,-9999.0,-9999.0,-9999.0,-9999.0,-9999.0,-9999.0,25.531404,1.0,-9999.0,-9999.0,-9999.0,-9999.0,149.0,lane7,spur3,stable_reference,3.964023490593804,-2.2770401918483945,0.946163925177406,-2.803936130990156,0.946163925177406,7.216666699999994,254.29825171080427,1.031413858971495,224.59813739323815,1.729235741014163,1.7292148557110214,-0.8162488352087678,0.038582591833222324,0.7831031749701001,0.9461325660440629
P15_AV2_1_interaction,P15,AV2,1,on_ramp,P15_AV2_1,P15_AV2.1.asc,AV1,60,initiator_active,3850,1,64166.67,64166.6675,1.0,21.51,77.436,149.0,41.570269,-1339.642685,-1.1,0.0,0.0,21.51,0.0,0.0,1339.589719,-33.201517,6.237022,1.0,0.0,0.0,0.0,1.0,1369.546339,-34.128235,1021.0,5006.0,0.0,149.0,-0.024253,35.322358,127.160488,35.322333,0.041669,-2.2e-05,-0.000707,-0.180066,-0.000172,0.013816,0.231156,0.0,0.0,0.0,0.0,1.0,-9999.0,-9999.0,-9999.0,-9999.0,-9999.0,-9999.0,-9999.0,-9999.0,25.79404,1.0,-9999.0,-9999.0,-9999.0,-9999.0,149.0,lane7,spur3,stable_reference,3.957415289036141,-2.285318196425356,0.929658707327676,-2.8204413392624974,0.929658707327676,7.2333335000000005,254.91962751254533,1.036183044192093,224.9563797386553,1.7156467418204595,1.7156142433571473,-0.8154342984524163,0.07315752474112713,0.7860188465863234,0.9296278952341361
P15_AV2_1_interaction,P15,AV2,1,on_ramp,P15_AV2_1,P15_AV2.1.asc,AV1,60,initiator_active,3851,1,64183.33,64183.3343,1.0,21.51,77.436,149.0,41.92865,-1340.001103,-1.1,0.0,0.0,21.51,0.0,0.0,1339.947837,-33.218058,6.237032,1.0,0.0,0.0,0.0,1.0,1370.102324,-34.128606,1021.0,5006.0,0.0,149.0,-0.025009,35.322343,127.160436,35.322322,0.038854,-2.5e-05,-0.000709,-0.174119,-0.000134,0.014444,0.231156,0.0,0.0,0.0,0.0,1.0,-9999.0,-9999.0,-9999.0,-9999.0,-9999.0,-9999.0,-9999.0,-9999.0,25.991316,1.0,-9999.0,-9999.0,-9999.0,-9999.0,149.0,lane7,spur3,stable_reference,3.950811085940338,-2.2935922020671136,0.913157489477925,-2.8369425475348597,0.913157489477925,7.2500003,255.47559664075925,1.0404004295216165,225.31462205106146,1.7020617424905422,1.7020334949801228,-0.8138102315420568,0.12540718899776948,0.788934518198928,0.9131272242916142
P15_AV2_1_interaction,P15,AV2,1,on_ramp,P15_AV2_1,P15_AV2.1.asc,AV1,60,initiator_active,3852,1,64200.0,64200.0004,1.0,21.51,77.436,149.0,42.287027,-1340.359521,-1.1,0.0,0.0,21.51,0.0,0.0,1340.305956,-33.234597,6.237036,1.0,0.0,0.0,0.0,1.0,1370.691013,-34.129049,1021.0,5006.0,0.0,149.0,-0.025855,35.322329,127.160383,35.32231,0.035834,-2.7e-05,-0.000714,-0.168985,-0.0001,0.0157,0.231156,0.0,0.0,0.0,0.0,1.0,-9999.0,-9999.0,-9999.0,-9999.0,-9999.0,-9999.0,-9999.0,-9999.0,26.2213,1.0,-9999.0,-9999.0,-9999.0,-9999.0,149.0,lane7,spur3,stable_reference,3.944208909804968,-2.301864185169022,0.8966582717392462,-2.853441755696125,0.8966582717392462,7.266666399999995,256.06426924946385,1.0448157133265423,225.67286534692832,1.6884787513452042,1.6884875868508007,-0.8112541523109869,0.1772081327345454,0.7918501979513304,0.8966285533938738
P15_AV2_1_interaction,P15,AV2,1,on_ramp,P15_AV2_1,P15_AV2.1.asc,AV1,60,initiator_active,3853,1,64216.67,64216.6676,1.0,21.51,77.436,149.0,42.6454,-1340.717939,-0.8,0.0,0.0,21.43,0.0,0.0,1340.663409,-33.251083,6.237156,1.0,0.0,0.0,0.0,1.0,1371.279702,-34.12954,1021.0,5006.0,0.0,149.0,-0.026745,35.322314,127.16033,35.322299,0.032793,-2.8e-05,-0.000718,-0.163177,-6.8e-05,0.016642,0.231156,0.0,0.0,0.0,0.0,1.0,-9999.0,-9999.0,-9999.0,-9999.0,-9999.0,-9999.0,-9999.0,-9999.0,26.451302,1.0,-9999.0,-9999.0,-9999.0,-9999.0,149.0,lane7,spur3,stable_reference,3.937641245436196,-2.31009854850382,0.8802119800166844,-2.86988803785909,0.8802119800166844,7.283333599999998,256.65294225429744,1.0491829987660677,226.0304422280826,1.6749432621024507,1.6749917203065419,-0.8079032472454841,0.21723438596401934,0.7947604553443506,0.8801828067581001
P15_AV2_1_interaction,P15,AV2,1,on_ramp,P15_AV2_1,P15_AV2.1.asc,AV1,60,initiator_active,3854,1,64233.33,64233.3334,1.0,21.43,77.148,149.0,43.003103,-1341.075692,-0.8,0.0,0.0,21.43,0.0,0.0,1341.0202,-33.267454,6.237393,1.0,0.0,0.0,0.0,1.0,1371.86839,-34.13008,1021.0,5006.0,0.0,149.0,-0.027677,35.3223,127.160279,35.322287,0.029768,-2.9e-05,-0.00072,-0.157072,-4e-05,0.017427,0.231156,0.0,0.0,0.0,0.0,1.0,-9999.0,-9999.0,-9999.0,-9999.0,-9999.0,-9999.0,-9999.0,-9999.0,26.681989,1.0,-9999.0,-9999.0,-9999.0,-9999.0,149.0,lane7,spur3,stable_reference,3.931170179910779,-2.318233216286886,0.8638806147541925,-2.8862193935796774,0.8638806147541925,7.299999400000001,257.2416146635471,1.0535012776215462,226.38735618272096,1.6615173056616956,1.6615577428066406,-0.8040131238439869,0.23746402340479023,0.7976653228883581,0.8638519827733375
P15_AV2_1_interaction,P15,AV2,1,on_ramp,P15_AV2_1,P15_AV2.1.asc,AV1,60,initiator_active,3855,1,64250.0,64250.0006,1.0,21.43,77.148,149.0,43.360139,-1341.432779,-0.8,0.0,0.0,21.43,0.0,0.0,1341.376995,-33.283743,6.237614,1.0,0.0,0.0,0.0,1.0,1372.457078,-34.130664,1021.0,5006.0,0.0,149.0,-0.028649,35.322286,127.160228,35.322275,0.026782,-2.9e-05,-0.000723,-0.151399,-1.6e-05,0.018369,0.231156,0.0,0.0,0.0,0.0,1.0,-9999.0,-9999.0,-9999.0,-9999.0,-9999.0,-9999.0,-9999.0,-9999.0,26.913357,1.0,-9999.0,-9999.0,-9999.0,-9999.0,149.0,lane7,spur3,stable_reference,3.9247811937713832,-2.3262858136093127,0.8476069999999964,-2.9024970379247743,0.8476069999999964,7.316666599999997,257.83028743591495,1.0577755579753978,226.74427346050263,1.6481733794392763,1.6481915566385326,-0.7999878476283087,0.23043513893243528,0.8005952438807007,0.8475781355585756
P15_AV2_1_interaction,P15,AV2,1,on_ramp,P15_AV2_1,P15_AV2.1.asc,AV1,60,initiator_active,3856,1,64266.67,64266.6668,1.0,21.43,77.148,149.0,43.717175,-1341.789868,-0.8,0.0,0.0,21.43,0.0,0.0,1341.733793,-33.299968,6.23778,1.0,0.0,0.0,0.0,1.0,1373.045766,-34.131292,1021.0,5006.0,0.0,149.0,-0.029657,35.322272,127.160178,35.322264,0.023862,-2.9e-05,-0.000722,-0.144576,9e-06,0.018683,0.231156,0.0,0.0,0.0,0.0,1.0,-9999.0,-9999.0,-9999.0,-9999.0,-9999.0,-9999.0,-9999.0,-9999.0,27.14474,1.0,-9999.0,-9999.0,-9999.0,-9999.0,149.0,lane7,spur3,stable_reference,3.918456266210167,-2.334274358751765,0.8313819999999978,-2.918728644680624,0.8313819999999978,7.333332799999996,258.41896057140144,1.0620058398276335,227.10119321000974,1.6348934757954738,1.6348914239713075,-0.7963319150371504,0.17810337828088407,0.803539787710122,0.8313536880853518
P15_AV2_1_interaction,P15,AV2,1,on_ramp,P15_AV2_1,P15_AV2.1.asc,AV1,60,initiator_active,3857,1,64283.33,64283.3341,1.0,21.43,77.148,149.0,44.074209,-1342.146959,-0.8,0.0,0.0,21.43,0.0,0.0,1342.090593,-33.316149,6.237891,1.0,0.0,0.0,0.0,1.0,1373.667159,-34.131999,1021.0,5006.0,0.0,149.0,-0.030759,35.322258,127.160127,35.322251,0.020883,-2.9e-05,-0.000719,-0.136904,3e-05,0.018369,0.231156,0.0,0.0,0.0,0.0,1.0,-9999.0,-9999.0,-9999.0,-9999.0,-9999.0,-9999.0,-9999.0,-9999.0,27.408833,1.0,-9999.0,-9999.0,-9999.0,-9999.0,149.0,lane7,spur3,stable_reference,3.912175377188334,-2.342218869462508,0.8152009999999947,-2.9349162514735214,0.8152009999999947,7.350000099999997,259.04033824511333,1.066427028646344,227.45811459633012,1.6216575871586703,1.6216470304852224,-0.794051129440561,0.08819189499212499,0.8064843480449244,0.8151732391137458
P15_AV2_1_interaction,P15,AV2,1,on_ramp,P15_AV2_1,P15_AV2.1.asc,AV1,60,initiator_active,3858,1,64300.0,64300.0007,1.0,21.43,77.148,149.0,44.431241,-1342.504051,-0.8,0.0,0.0,21.43,0.0,0.0,1342.447394,-33.332302,6.237959,1.0,0.0,0.0,0.0,1.0,1374.223141,-34.13267,1021.0,5006.0,0.0,149.0,-0.031775,35.322245,127.160082,35.32224,0.01832,-2.8e-05,-0.000716,-0.130285,4.6e-05,0.018055,0.231156,0.0,0.0,0.0,0.0,1.0,-9999.0,-9999.0,-9999.0,-9999.0,-9999.0,-9999.0,-9999.0,-9999.0,27.607551,1.0,-9999.0,-9999.0,-9999.0,-9999.0,149.0,lane7,spur3,stable_reference,3.905922505128999,-2.350135364554576,0.7990479999999991,-2.95107585828493,0.7990479999999991,7.366666699999994,259.5963068492367,1.0703443994340076,227.81503675154138,1.6084497058210554,1.6084226022124706,-0.7933920671200454,0.039190721169834575,0.8094289166324211,0.7990207891886343
P15_AV2_1_interaction,P15,AV2,1,on_ramp,P15_AV2_1,P15_AV2.1.asc,AV1,60,initiator_active,3859,1,64316.67,64316.6667,1.0,21.43,77.148,149.0,44.78827,-1342.861143,-0.8,0.0,0.0,21.43,0.0,0.0,1342.804196,-33.348439,6.237998,1.0,0.0,0.0,0.0,1.0,1374.811828,-34.133415,1021.0,5006.0,0.0,149.0,-0.03288,35.322232,127.160036,35.322229,0.015715,-2.7e-05,-0.000713,-0.123548,5.9e-05,0.017741,0.231156,0.0,0.0,0.0,0.0,1.0,-9999.0,-9999.0,-9999.0,-9999.0,-9999.0,-9999.0,-9999.0,-9999.0,27.838978,1.0,-9999.0,-9999.0,-9999.0,-9999.0,149.0,lane7,spur3,stable_reference,3.899685654646584,-2.35803584083359,0.7829109999999986,-2.967219465114862,0.7829109999999986,7.383332699999999,260.1849799503223,1.0744576770178724,228.17195977467543,1.5952578321912618,1.5952012099765733,-0.7927448003842912,0.08126745572925387,0.8123734934726086,0.7828843387186533
P15_AV2_1_interaction,P15,AV2,1,on_ramp,P15_AV2_1,P15_AV2.1.asc,AV1,60,initiator_active,3860,1,64333.33,64333.334,1.0,21.43,77.148,149.0,45.145296,-1343.218235,-0.8,0.0,0.0,21.43,0.0,0.0,1343.160999,-33.364568,6.238018,1.0,0.0,0.0,0.0,1.0,1375.43322,-34.13424,1021.0,5006.0,0.0,149.0,-0.034074,35.322219,127.159988,35.322216,0.0131,-2.6e-05,-0.000707,-0.115224,6.8e-05,0.016956,0.231156,0.0,0.0,0.0,0.0,1.0,-9999.0,-9999.0,-9999.0,-9999.0,-9999.0,-9999.0,-9999.0,-9999.0,28.103115,1.0,-9999.0,-9999.0,-9999.0,-9999.0,149.0,lane7,spur3,stable_reference,3.8934568288173694,-2.3659282961699555,0.7667819999999992,-2.983355071963315,0.7667819999999992,7.4,260.8063575978855,1.0787608616022646,228.52888373175378,1.5820739665417274,1.5819978034410866,-0.7906830443159478,0.18820818324659783,0.8153180785654863,0.7667558879762411
P15_AV2_1_interaction,P15,AV2,1,on_ramp,P15_AV2_1,P15_AV2.1.asc,AV1,60,initiator_active,3861,1,64350.0,64350.0003,1.0,21.43,77.148,149.0,45.502318,-1343.575328,-0.8,0.0,0.0,21.43,0.0,0.0,1343.517801,-33.380692,6.238027,1.0,0.0,0.0,0.0,1.0,1375.989202,-34.13501,1021.0,5006.0,0.0,149.0,-0.035166,35.322207,127.159946,35.322205,0.010885,-2.5e-05,-0.000701,-0.108124,7.2e-05,0.016328,0.231156,0.0,0.0,0.0,0.0,1.0,-9999.0,-9999.0,-9999.0,-9999.0,-9999.0,-9999.0,-9999.0,-9999.0,28.301873,1.0,-9999.0,-9999.0,-9999.0,-9999.0,149.0,lane7,spur3,stable_reference,3.88723297333597,-2.3738157759095766,0.7506579999999943,-2.999485678793256,0.7506579999999943,7.4166662999999975,261.36232701902566,1.0825792357612742,228.88580664760283,1.5688950924692266,1.5688448946681632,-0.7864712730983925,0.3226829883472426,0.8182626554056738,0.7506324370635529
P15_AV2_1_interaction,P15,AV2,1,on_ramp,P15_AV2_1,P15_AV2.1.asc,AV1,60,initiator_active,3862,1,64366.67,64366.6668,1.0,21.43,77.148,149.0,45.859336,-1343.932421,-0.5,0.0,0.0,21.38,0.0,0.0,1343.874604,-33.396814,6.238031,1.0,0.0,0.0,0.0,1.0,1376.577888,-34.135855,1021.0,5006.0,0.0,149.0,-0.036343,35.322195,127.159902,35.322194,0.00866,-2.4e-05,-0.000695,-0.100971,7.2e-05,0.0157,0.231156,0.0,0.0,0.0,0.0,1.0,-9999.0,-9999.0,-9999.0,-9999.0,-9999.0,-9999.0,-9999.0,-9999.0,28.533341,1.0,-9999.0,-9999.0,-9999.0,-9999.0,149.0,lane7,spur3,stable_reference,3.881011144815004,-2.38170123310933,0.734533191412964,-3.015616533321724,0.734533191412964,7.433332799999996,261.9509999454143,1.086592508497854,229.24273054691255,1.5557182265813196,1.555782514877409,-0.7799270888133378,0.4497145245678027,0.8212111837290355,0.7345070428522842
P15_AV2_1_interaction,P15,AV2,1,on_ramp,P15_AV2_1,P15_AV2.1.asc,AV1,60,initiator_active,3863,1,64383.33,64383.3335,1.0,21.43,77.148,149.0,46.216349,-1344.289514,-0.5,0.0,0.0,21.38,0.0,0.0,1344.230581,-33.412733,6.238653,1.0,0.0,0.0,0.0,1.0,1377.166574,-34.136729,1021.0,5006.0,0.0,149.0,-0.037539,35.322183,127.159859,35.322183,0.006553,-2.3e-05,-0.000689,-0.093777,6.9e-05,0.014915,0.231156,0.0,0.0,0.0,0.0,1.0,-9999.0,-9999.0,-9999.0,-9999.0,-9999.0,-9999.0,-9999.0,-9999.0,28.764822,1.0,-9999.0,-9999.0,-9999.0,-9999.0,149.0,lane7,spur3,stable_reference,3.874969333658695,-2.3894028020333837,0.7185482944265745,-3.031594851614978,0.7185482944265745,7.449999499999998,262.53967311113104,1.0905767822219963,229.59882679905436,1.5427375370572365,1.5428474305607538,-0.7714808260841153,0.5379778095163772,0.8242148221468741,0.7185227149103623
P15_AV2_1_interaction,P15,AV2,1,on_ramp,P15_AV2_1,P15_AV2.1.asc,AV1,60,initiator_active,3864,1,64400.0,64400.0011,1.0,21.38,76.968,149.0,46.572533,-1344.645777,-0.5,0.0,0.0,21.38,0.0,0.0,1344.586569,-33.42843,6.239275,1.0,0.0,0.0,0.0,1.0,1377.75526,-34.13763,1021.0,5006.0,0.0,149.0,-0.038751,35.322171,127.159817,35.322171,0.004562,-2.2e-05,-0.000683,-0.086527,6.5e-05,0.013973,0.231156,0.0,0.0,0.0,0.0,1.0,-9999.0,-9999.0,-9999.0,-9999.0,-9999.0,-9999.0,-9999.0,-9999.0,28.997145,1.0,-9999.0,-9999.0,-9999.0,-9999.0,149.0,lane7,spur3,stable_reference,3.86914974215982,-2.396882176258984,0.7027853954001064,-3.047351171744304,0.7027853954001064,7.466667099999999,263.1283464996702,1.0945340568655995,229.95493221872414,1.5299789307527722,1.530065749897521,-0.7619939189505516,0.5680601147130595,0.8272185537272898,0.7027603770254824
P15_AV2_1_interaction,P15,AV2,1,on_ramp,P15_AV2_1,P15_AV2.1.asc,AV1,60,initiator_active,3865,1,64416.67,64416.6676,1.0,21.38,76.968,149.0,46.928723,-1345.002045,-0.5,0.0,0.0,21.38,0.0,0.0,1344.942565,-33.443932,6.239785,1.0,0.0,0.0,0.0,1.0,1378.343946,-34.138556,1021.0,5006.0,0.0,149.0,-0.039978,35.32216,127.159776,35.32216,0.002674,-2.1e-05,-0.000679,-0.080514,5.7e-05,0.013502,0.231156,0.0,0.0,0.0,0.0,1.0,-9999.0,-9999.0,-9999.0,-9999.0,-9999.0,-9999.0,-9999.0,-9999.0,29.229476,1.0,-9999.0,-9999.0,-9999.0,-9999.0,149.0,lane7,spur3,stable_reference,3.863525297512359,-2.4041664178155098,0.6872174948893637,-3.06291249320942,0.6872174948893637,7.483333599999998,263.7170200945269,1.0984663323605548,230.31104402884662,1.5174153838293003,1.5174470383666683,-0.752545050944974,0.5308714800877361,0.8302223531147008,0.6871930307145995
P15_AV2_1_interaction,P15,AV2,1,on_ramp,P15_AV2_1,P15_AV2.1.asc,AV1,60,initiator_active,3866,1,64433.33,64433.3334,1.0,21.38,76.968,149.0,47.284917,-1345.358316,-0.5,0.0,0.0,21.38,0.0,0.0,1345.298567,-33.459292,6.240147,1.0,0.0,0.0,0.0,1.0,1378.932631,-34.139506,1021.0,5006.0,0.0,149.0,-0.041216,35.322149,127.159735,35.322149,0.000872,-2e-05,-0.000675,-0.07475,5.1e-05,0.013031,0.231156,0.0,0.0,0.0,0.0,1.0,-9999.0,-9999.0,-9999.0,-9999.0,-9999.0,-9999.0,-9999.0,-9999.0,29.461813,1.0,-9999.0,-9999.0,-9999.0,-9999.0,149.0,lane7,spur3,stable_reference,3.858042964637712,-2.41130855873889,0.6717915932654773,-3.078331815676329,0.6717915932654773,7.499999400000001,264.3056928874821,1.1023746004201187,230.66716066688255,1.5049938815863007,1.5049816860767438,-0.744298701023105,0.4144734748113059,0.8332262033507303,0.6717676782355704
P15_AV2_1_interaction,P15,AV2,1,on_ramp,P15_AV2_1,P15_AV2.1.asc,AV1,60,initiator_active,3867,1,64450.0,64450.0008,1.0,21.38,76.968,149.0,47.641114,-1345.71459,-0.5,0.0,0.0,21.38,0.0,0.0,1345.654573,-33.474559,6.240379,1.0,0.0,0.0,0.0,1.0,1379.521317,-34.140477,1021.0,5006.0,0.0,149.0,-0.042465,35.322137,127.159695,35.322137,-0.00085,-1.9e-05,-0.000673,-0.070144,4.4e-05,0.013031,0.231156,0.0,0.0,0.0,0.0,1.0,-9999.0,-9999.0,-9999.0,-9999.0,-9999.0,-9999.0,-9999.0,-9999.0,29.694159,1.0,-9999.0,-9999.0,-9999.0,-9999.0,149.0,lane7,spur3,stable_reference,3.8526537069191873,-2.418357632129836,0.6564586908995372,-3.0936581388110738,0.6564586908995372,7.516666799999999,264.8943668537099,1.1062618774475057,231.02328053728195,1.4926654091870413,1.4926371926225432,-0.7387295807931338,0.25627102306385297,0.8362300874832242,0.656435321703817
P15_AV2_1_interaction,P15,AV2,1,on_ramp,P15_AV2_1,P15_AV2.1.asc,AV1,60,initiator_active,3868,1,64466.67,64466.667,1.0,21.38,76.968,149.0,47.99731,-1346.070866,-0.5,0.0,0.0,21.38,0.0,0.0,1346.010581,-33.489769,6.240516,1.0,0.0,0.0,0.0,1.0,1380.110002,-34.141469,1021.0,5006.0,0.0,149.0,-0.043721,35.322126,127.159655,35.322126,-0.002504,-1.8e-05,-0.000671,-0.065747,4e-05,0.013031,0.231156,0.0,0.0,0.0,0.0,1.0,-9999.0,-9999.0,-9999.0,-9999.0,-9999.0,-9999.0,-9999.0,-9999.0,29.926512,1.0,-9999.0,-9999.0,-9999.0,-9999.0,149.0,lane7,spur3,stable_reference,3.847321482741081,-2.425349674549666,0.6411827881623827,-3.108927462279879,0.6411827881623827,7.533332999999999,265.48303999327817,1.1101281469373314,231.37940193720982,1.4803939513520827,1.480357165144732,-0.7357560783878583,0.14401492715919773,0.8392339885803561,0.6411599627717266
P15_AV2_1_interaction,P15,AV2,1,on_ramp,P15_AV2_1,P15_AV2.1.asc,AV1,60,initiator_active,3869,1,64483.33,64483.3335,1.0,21.38,76.968,149.0,48.353505,-1346.427142,-0.5,0.0,0.0,21.38,0.0,0.0,1346.366591,-33.504949,6.24059,1.0,0.0,0.0,0.0,1.0,1380.698686,-34.142479,1021.0,5006.0,0.0,149.0,-0.044982,35.322115,127.159615,35.322115,-0.004086,-1.8e-05,-0.000669,-0.061532,4e-05,0.013031,0.231156,0.0,0.0,0.0,0.0,1.0,-9999.0,-9999.0,-9999.0,-9999.0,-9999.0,-9999.0,-9999.0,-9999.0,30.158875,1.0,-9999.0,-9999.0,-9999.0,-9999.0,149.0,lane7,spur3,stable_reference,3.842019302485892,-2.432311678810972,0.6259368850544859,-3.1241667860823727,0.6259368850544859,7.549999499999998,266.0717122814291,1.113976408787442,231.73552508948885,1.4681525090008887,1.4681124566281916,-0.7339291950709281,0.1041089188692581,0.8422379065999472,0.6259146024009414
P15_AV2_1_interaction,P15,AV2,1,on_ramp,P15_AV2_1,P15_AV2.1.asc,AV1,60,initiator_active,3870,1,64500.0,64500.0001,1.0,21.38,76.968,149.0,48.709697,-1346.78342,-0.5,0.0,0.0,21.38,0.0,0.0,1346.722602,-33.520112,6.240627,1.0,0.0,0.0,0.0,1.0,1381.320076,-34.143565,1021.0,5006.0,0.0,149.0,-0.046319,35.322104,127.159573,35.322103,-0.005677,-1.7e-05,-0.000667,-0.057287,4.5e-05,0.013188,0.231156,0.0,0.0,0.0,0.0,1.0,-9999.0,-9999.0,-9999.0,-9999.0,-9999.0,-9999.0,-9999.0,-9999.0,30.423948,1.0,-9999.0,-9999.0,-9999.0,-9999.0,149.0,lane7,spur3,stable_reference,3.836734143423104,-2.439256664525411,0.6106929681306144,-3.1394071316559367,0.6106929681306144,7.566666099999995,266.6930900830131,1.1180185857545553,232.09164910143815,1.455928074323475,1.4558930300446495,-0.7322858064853364,0.10777854490031302,0.8452573256329872,0.6106707486904879
P15_AV2_1_interaction,P15,AV2,1,on_ramp,P15_AV2_1,P15_AV2.1.asc,AV1,60,initiator_active,3871,1,64516.67,64516.6681,1.0,21.38,76.968,149.0,49.065886,-1347.139697,-0.5,0.0,0.0,21.38,0.0,0.0,1347.078613,-33.535268,6.240642,1.0,0.0,0.0,0.0,1.0,1381.876055,-34.144551,1021.0,5006.0,0.0,149.0,-0.047516,35.322093,127.159536,35.322093,-0.007029,-1.6e-05,-0.000666,-0.053671,5.3e-05,0.013188,0.231156,0.0,0.0,0.0,0.0,1.0,-9999.0,-9999.0,-9999.0,-9999.0,-9999.0,-9999.0,-9999.0,-9999.0,30.623629,1.0,-9999.0,-9999.0,-9999.0,-9999.0,149.0,lane7,spur3,stable_reference,3.83145598166853,-2.4461946521032667,0.5954381207066288,-3.1546619973801477,0.5954381207066288,7.5833341,267.24905828683666,1.121620942511167,232.4477730556184,1.4437106394076706,1.4437020046550473,-0.7303364146974758,0.13167761344470108,0.8482941831091197,0.5954164562985509
P15_AV2_1_interaction,P15,AV2,1,on_ramp,P15_AV2_1,P15_AV2.1.asc,AV1,60,initiator_active,3872,1,64533.33,64533.3343,1.0,21.38,76.968,149.0,49.422071,-1347.495975,-0.2,0.0,0.0,21.36,0.0,0.0,1347.434458,-33.550396,6.240749,1.0,0.0,0.0,0.0,1.0,1382.464739,-34.145611,1021.0,5006.0,0.0,149.0,-0.048785,35.322082,127.159497,35.322081,-0.008388,-1.5e-05,-0.000665,-0.050035,6.4e-05,0.013502,0.231156,0.0,0.0,0.0,0.0,1.0,-9999.0,-9999.0,-9999.0,-9999.0,-9999.0,-9999.0,-9999.0,-9999.0,30.85602,1.0,-9999.0,-9999.0,-9999.0,-9999.0,149.0,lane7,spur3,stable_reference,3.826201206048466,-2.4531084771296583,0.5802113193721983,-3.1698888170062727,0.5802113193721983,7.6000003,267.8377309876221,1.1254192060639778,232.80373078437643,1.4315198335915698,1.4315478460902975,-0.7278964915848505,0.16054673666779706,0.8513296246158304,0.5801902089757394
P15_AV2_1_interaction,P15,AV2,1,on_ramp,P15_AV2_1,P15_AV2.1.asc,AV1,60,initiator_active,3873,1,64550.0,64550.0008,1.0,21.36,76.896,149.0,49.778087,-1347.852087,-0.2,0.0,0.0,21.36,0.0,0.0,1347.79014,-33.565445,6.240951,1.0,0.0,0.0,0.0,1.0,1383.053423,-34.146685,1021.0,5006.0,0.0,149.0,-0.050053,35.322072,127.159457,35.32207,-0.00967,-1.4e-05,-0.000664,-0.046598,7.7e-05,0.013816,0.231156,0.0,0.0,0.0,0.0,1.0,-9999.0,-9999.0,-9999.0,-9999.0,-9999.0,-9999.0,-9999.0,-9999.0,31.088586,1.0,-9999.0,-9999.0,-9999.0,-9999.0,149.0,lane7,spur3,stable_reference,3.8210208801400287,-2.459947083964016,0.5650635632923819,-3.1850365913694056,0.5650635632923819,7.616666799999999,268.4264038039452,1.1292034700935523,233.15952486672273,1.419406679896482,1.4194392500940707,-0.7249849499997225,0.17985148513520244,0.8543636758649191,0.5650430040315628
P15_AV2_1_interaction,P15,AV2,1,on_ramp,P15_AV2_1,P15_AV2.1.asc,AV1,60,initiator_active,3874,1,64566.67,64566.6673,1.0,21.36,76.896,149.0,50.133935,-1348.208033,-0.2,0.0,0.0,21.36,0.0,0.0,1348.145824,-33.580424,6.241141,1.0,0.0,0.0,0.0,1.0,1383.642107,-34.147772,1021.0,5006.0,0.0,149.0,-0.051318,35.322061,127.159418,35.322059,-0.010883,-1.2e-05,-0.000664,-0.044546,8.7e-05,0.014601,0.231156,0.0,0.0,0.0,0.0,1.0,-9999.0,-9999.0,-9999.0,-9999.0,-9999.0,-9999.0,-9999.0,-9999.0,31.321326,1.0,-9999.0,-9999.0,-9999.0,-9999.0,149.0,lane7,spur3,stable_reference,3.8159105827730393,-2.466715663287868,0.5499858066545469,-3.200114366290652,0.5499858066545469,7.6333332999999985,269.01507672755315,1.1329747345658174,233.51532037131227,1.4073635403229865,1.4073819227519575,-0.721901502030839,0.17367502473363672,0.857397744340479,0.5499657959825075
P15_AV2_1_interaction,P15,AV2,1,on_ramp,P15_AV2_1,P15_AV2.1.asc,AV1,60,initiator_active,3875,1,64583.33,64583.3341,1.0,21.36,76.896,149.0,50.489781,-1348.56398,-0.2,0.0,0.0,21.36,0.0,0.0,1348.501511,-33.595349,6.241281,1.0,0.0,0.0,0.0,1.0,1384.263495,-34.148932,1021.0,5006.0,0.0,149.0,-0.05265,35.322049,127.159377,35.322047,-0.012103,-1.1e-05,-0.000666,-0.043642,9.6e-05,0.0157,0.231156,0.0,0.0,0.0,0.0,1.0,-9999.0,-9999.0,-9999.0,-9999.0,-9999.0,-9999.0,-9999.0,-9999.0,31.586775,1.0,-9999.0,-9999.0,-9999.0,-9999.0,149.0,lane7,spur3,stable_reference,3.8108543478295935,-2.473430187769732,0.5349620491816802,-3.215138142047096,0.5349620491816802,7.650000099999997,269.63645313990446,1.1369428975475486,233.87111843015444,1.3953744236686538,1.3953758916836598,-0.7191957950980523,0.1388041814429215,0.8604318385349354,0.5349425851337184
P15_AV2_1_interaction,P15,AV2,1,on_ramp,P15_AV2_1,P15_AV2.1.asc,AV1,60,initiator_active,3876,1,64600.0,64600.0006,1.0,21.36,76.896,149.0,50.845627,-1348.919929,-0.2,0.0,0.0,21.36,0.0,0.0,1348.8572,-33.610237,6.241375,1.0,0.0,0.0,0.0,1.0,1384.819474,-34.149982,1021.0,5006.0,0.0,149.0,-0.053836,35.322039,127.15934,35.322037,-0.01314,-9e-06,-0.000668,-0.043503,0.000102,0.016956,0.231156,0.0,0.0,0.0,0.0,1.0,-9999.0,-9999.0,-9999.0,-9999.0,-9999.0,-9999.0,-9999.0,-9999.0,31.786827,1.0,-9999.0,-9999.0,-9999.0,-9999.0,149.0,lane7,spur3,stable_reference,3.8058351541173,-2.480107675956482,0.5199752911520719,-3.230124918360377,0.5199752911520719,7.666666599999997,270.19242187190025,1.140481256483617,234.22691818357887,1.383422322259704,1.3834087528590397,-0.7172746864875137,0.09714704000030139,0.8634659498777042,0.5199563723819998
P15_AV2_1_interaction,P15,AV2,1,on_ramp,P15_AV2_1,P15_AV2.1.asc,AV1,60,initiator_active,3877,1,64616.67,64616.6677,1.0,21.36,76.896,149.0,51.20147,-1349.275878,-0.2,0.0,0.0,21.36,0.0,0.0,1349.21289,-33.625101,6.241433,1.0,0.0,0.0,0.0,1.0,1385.408157,-34.151104,1021.0,5006.0,0.0,149.0,-0.055087,35.322028,127.159301,35.322025,-0.014185,-7e-06,-0.000674,-0.045122,0.000107,0.018997,0.231156,0.0,0.0,0.0,0.0,1.0,-9999.0,-9999.0,-9999.0,-9999.0,-9999.0,-9999.0,-9999.0,-9999.0,32.019588,1.0,-9999.0,-9999.0,-9999.0,-9999.0,149.0,lane7,spur3,stable_reference,3.80083997890564,-2.486761147459779,0.5050125328438787,-3.2450876949522924,0.5050125328438787,7.683333699999996,270.7810940843868,1.144217513895095,234.5827187389048,1.3714942282861458,1.3714665451071653,-0.7159575562706451,0.07912847111463961,0.8665000698076553,0.5049941584784905
P15_AV2_1_interaction,P15,AV2,1,on_ramp,P15_AV2_1,P15_AV2.1.asc,AV1,60,initiator_active,3878,1,64633.33,64633.3348,1.0,21.36,76.896,149.0,51.55731,-1349.631827,-0.2,0.0,0.0,21.36,0.0,0.0,1349.56858,-33.639951,6.241465,1.0,0.0,0.0,0.0,1.0,1386.029544,-34.1523,1021.0,5006.0,0.0,149.0,-0.0564,35.322017,127.159259,35.322013,-0.015233,-5e-06,-0.000683,-0.048462,0.000113,0.021823,0.231156,0.0,0.0,0.0,0.0,1.0,-9999.0,-9999.0,-9999.0,-9999.0,-9999.0,-9999.0,-9999.0,-9999.0,32.285059,1.0,-9999.0,-9999.0,-9999.0,-9999.0,149.0,lane7,spur3,stable_reference,3.795858798310456,-2.4934006226898675,0.4900183151895563,-3.260081939051252,0.4900183151895563,7.700000799999994,271.40246979386893,1.1481496698500777,234.938519178693,1.3595801338358313,1.3595428804868044,-0.7146370022056843,0.09943348126326512,0.8695802716879542,0.48999986214787716
P15_AV2_1_interaction,P15,AV2,1,on_ramp,P15_AV2_1,P15_AV2.1.asc,AV1,60,initiator_active,3879,1,64650.0,64650.0007,1.0,21.36,76.896,149.0,51.913147,-1349.987777,-0.2,0.0,0.0,21.36,0.0,0.0,1349.92427,-33.654794,6.241482,1.0,0.0,0.0,0.0,1.0,1386.585523,-34.153382,1021.0,5006.0,0.0,149.0,-0.057568,35.322006,127.159222,35.322002,-0.016094,-3e-06,-0.000689,-0.050245,0.000123,0.023707,0.231156,0.0,0.0,0.0,0.0,1.0,-9999.0,-9999.0,-9999.0,-9999.0,-9999.0,-9999.0,-9999.0,-9999.0,32.485133,1.0,-9999.0,-9999.0,-9999.0,-9999.0,149.0,lane7,spur3,stable_reference,3.790884615023521,-2.5000330997833613,0.4750238974692445,-3.275076379195312,0.4750238974692445,7.716666699999994,271.95843878995083,1.151656029875871,235.29431956071218,1.3476730391471403,1.347645548078452,-0.7126431885234652,0.14510555389832547,0.8726670300618751,0.47500600908526525
P15_AV2_1_interaction,P15,AV2,1,on_ramp,P15_AV2_1,P15_AV2.1.asc,AV1,60,initiator_active,3880,1,64666.67,64666.6676,1.0,21.36,76.896,149.0,52.268981,-1350.343727,0.0,0.0,0.0,21.36,0.0,0.0,1350.279961,-33.669634,6.24149,1.0,0.0,0.0,0.0,1.0,1387.174205,-34.154538,1021.0,5006.0,0.0,149.0,-0.058798,35.321995,127.159182,35.321991,-0.016887,-1e-06,-0.000695,-0.051892,0.000137,0.025434,0.231156,0.0,0.0,0.0,0.0,1.0,-9999.0,-9999.0,-9999.0,-9999.0,-9999.0,-9999.0,-9999.0,-9999.0,32.717917,1.0,-9999.0,-9999.0,-9999.0,-9999.0,149.0,lane7,spur3,stable_reference,3.785913458312478,-2.506662554603193,0.4600324793229564,-3.2900678197654147,0.4600324793229564,7.733333599999998,272.5471102830628,1.1553582801924873,235.65012091793932,1.335768952608979,1.335788490071649,-0.7098001768547135,0.19266312928354878,0.8757537971252591,0.46001515548371996
P15_AV2_1_interaction,P15,AV2,1,on_ramp,P15_AV2_1,P15_AV2.1.asc,AV1,60,initiator_active,3881,1,64683.33,64683.3335,1.0,21.36,76.896,149.0,52.62481,-1350.699677,0.0,0.0,0.0,21.36,0.0,0.0,1350.635654,-33.684399,6.241768,1.0,0.0,0.0,0.0,1.0,1387.762887,-34.155706,1021.0,5006.0,0.0,149.0,-0.060021,35.321984,127.159142,35.321979,-0.01753,1e-06,-0.000696,-0.05161,0.00016,0.026062,0.231156,0.0,0.0,0.0,0.0,1.0,-9999.0,-9999.0,-9999.0,-9999.0,-9999.0,-9999.0,-9999.0,-9999.0,32.950708,1.0,-9999.0,-9999.0,-9999.0,-9999.0,149.0,lane7,spur3,stable_reference,3.781017328220204,-2.5132169832435016,0.445116060318459,-3.3049842611938463,0.445116060318459,7.749999499999998,273.13578187520704,1.1590485309177538,236.00592365614648,1.3239398800221505,1.3239859175167956,-0.7062212311359914,0.22909925143382992,0.8788405818224911,0.4450992981996593
P15_AV2_1_interaction,P15,AV2,1,on_ramp,P15_AV2_1,P15_AV2.1.asc,AV1,60,initiator_active,3882,1,64700.0,64700.0001,1.0,21.36,76.896,149.0,52.980639,-1351.055628,0.0,0.0,0.0,21.36,0.0,0.0,1350.991352,-33.699065,6.242044,1.0,0.0,0.0,0.0,1.0,1388.351569,-34.156886,1021.0,5006.0,0.0,149.0,-0.061236,35.321973,127.159101,35.321968,-0.017995,4e-06,-0.000697,-0.051076,0.000182,0.026376,0.231156,0.0,0.0,0.0,0.0,1.0,-9999.0,-9999.0,-9999.0,-9999.0,-9999.0,-9999.0,-9999.0,-9999.0,33.183504,1.0,-9999.0,-9999.0,-9999.0,-9999.0,149.0,lane7,spur3,stable_reference,3.7762202987063382,-2.51967232287632,0.4302986391764664,-3.319801704760097,0.4302986391764664,7.766666099999995,273.7244535663834,1.162726782051669,236.361730577167,1.3122098453274293,1.312248373636847,-0.7021637059621924,0.24314962133186668,0.8819274102773738,0.4302824350500556
P15_AV2_1_interaction,P15,AV2,1,on_ramp,P15_AV2_1,P15_AV2.1.asc,AV1,60,initiator_active,3883,1,64716.67,64716.6667,1.0,21.36,76.896,149.0,53.336468,-1351.411581,0.0,0.0,0.0,21.36,0.0,0.0,1351.347053,-33.713646,6.24227,1.0,0.0,0.0,0.0,1.0,1388.940251,-34.158078,1021.0,5006.0,0.0,149.0,-0.062442,35.321961,127.159061,35.321957,-0.01828,7e-06,-0.000696,-0.050326,0.000202,0.026062,0.231156,0.0,0.0,0.0,0.0,1.0,-9999.0,-9999.0,-9999.0,-9999.0,-9999.0,-9999.0,-9999.0,-9999.0,33.416305,1.0,-9999.0,-9999.0,-9999.0,-9999.0,149.0,lane7,spur3,stable_reference,3.7715083196953625,-2.5260426159193665,0.4155662167496546,-3.334534149611356,0.4155662167496546,7.783332699999999,274.31312535659225,1.1663930335942292,236.7175397966065,1.300564832496187,1.3005805542732158,-0.6981162761782116,0.22277761536233243,0.8850142650814252,0.4155505674147617
P15_AV2_1_interaction,P15,AV2,1,on_ramp,P15_AV2_1,P15_AV2.1.asc,AV1,60,initiator_active,3884,1,64733.33,64733.334,1.0,21.36,76.896,149.0,53.692297,-1351.767535,0.0,0.0,0.0,21.36,0.0,0.0,1351.702757,-33.728163,6.24243,1.0,0.0,0.0,0.0,1.0,1389.528933,-34.159281,1021.0,5006.0,0.0,149.0,-0.06364,35.32195,127.159021,35.321945,-0.018392,1.1e-05,-0.000696,-0.050009,0.000212,0.026376,0.231156,0.0,0.0,0.0,0.0,1.0,-9999.0,-9999.0,-9999.0,-9999.0,-9999.0,-9999.0,-9999.0,-9999.0,33.64911,1.0,-9999.0,-9999.0,-9999.0,-9999.0,149.0,lane7,spur3,stable_reference,3.7668603992625656,-2.532348856782443,0.4008977930399252,-3.3492025957457234,0.4008977930399252,7.8,274.9017972375807,1.1700482855113905,237.07335148777165,1.2889838422435562,1.2889774382363646,-0.6947376873068549,0.17054763607455214,0.8881011461570607,0.4008826960864955
P15_AV2_1_interaction,P15,AV2,1,on_ramp,P15_AV2_1,P15_AV2.1.asc,AV1,60,initiator_active,3885,1,64750.0,64750.0006,1.0,21.36,76.896,149.0,54.048125,-1352.12349,0.0,0.0,0.0,21.36,0.0,0.0,1352.058463,-33.74264,6.242532,1.0,0.0,0.0,0.0,1.0,1390.117614,-34.160496,1021.0,5006.0,0.0,149.0,-0.064828,35.321939,127.158981,35.321934,-0.018347,1.4e-05,-0.000695,-0.050095,0.000211,0.026376,0.231156,0.0,0.0,0.0,0.0,1.0,-9999.0,-9999.0,-9999.0,-9999.0,-9999.0,-9999.0,-9999.0,-9999.0,33.88192,1.0,-9999.0,-9999.0,-9999.0,-9999.0,149.0,lane7,spur3,stable_reference,3.762252518907313,-2.538615062148988,0.3862640669548636,-3.3638381130570743,0.3862640669548636,7.816666599999997,275.4904682176354,1.1736915295845023,237.42916484876105,1.2774428671341527,1.2774222356863922,-0.6924312133090211,0.11723426899286338,0.8911935326669855,0.38624933446716714
P15_AV2_1_interaction,P15,AV2,1,on_ramp,P15_AV2_1,P15_AV2.1.asc,AV1,60,initiator_active,3886,1,64766.67,64766.6673,1.0,21.36,76.896,149.0,54.403951,-1352.479446,0.0,0.0,0.0,21.36,0.0,0.0,1352.414169,-33.757092,6.242592,1.0,0.0,0.0,0.0,1.0,1390.706296,-34.161724,1021.0,5006.0,0.0,149.0,-0.066006,35.321928,127.158941,35.321923,-0.018156,1.8e-05,-0.000694,-0.050547,0.000201,0.026376,0.231156,0.0,0.0,0.0,0.0,1.0,-9999.0,-9999.0,-9999.0,-9999.0,-9999.0,-9999.0,-9999.0,-9999.0,34.114735,1.0,-9999.0,-9999.0,-9999.0,-9999.0,149.0,lane7,spur3,stable_reference,3.757669628938643,-2.5448562741705367,0.3716409042267783,-3.378467878638395,0.3716409042267783,7.833333299999999,276.0791403049412,1.1773217823530135,237.7849780034329,1.265926891173397,1.2658964210505148,-0.6908298864791931,0.09505763163471315,0.8943001616926456,0.37162672948075137
P15_AV2_1_interaction,P15,AV2,1,on_ramp,P15_AV2_1,P15_AV2.1.asc,AV1,60,initiator_active,3887,1,64783.33,64783.3342,1.0,21.36,76.896,149.0,54.759774,-1352.835403,0.0,0.0,0.0,21.36,0.0,0.0,1352.769877,-33.771529,6.242625,1.0,0.0,0.0,0.0,1.0,1391.294977,-34.162963,1021.0,5006.0,0.0,149.0,-0.067174,35.321917,127.158901,35.321912,-0.017834,2.1e-05,-0.000694,-0.051332,0.000182,0.026376,0.231156,0.0,0.0,0.0,0.0,1.0,-9999.0,-9999.0,-9999.0,-9999.0,-9999.0,-9999.0,-9999.0,-9999.0,34.347556,1.0,-9999.0,-9999.0,-9999.0,-9999.0,149.0,lane7,spur3,stable_reference,3.753101788660941,-2.5510824440405644,0.3570327405345582,-3.393082645221114,0.3570327405345582,7.850000199999995,276.66781148306046,1.1809410272434262,238.1407930342465,1.2544259312072132,1.254394388869496,-0.6892626006478793,0.10697028687144083,0.8974068082490929,0.3570191229581203
P15_AV2_1_interaction,P15,AV2,1,on_ramp,P15_AV2_1,P15_AV2.1.asc,AV1,60,initiator_active,3888,1,64800.0,64800.0006,1.0,21.36,76.896,149.0,55.115594,-1353.191359,0.0,0.0,0.0,21.36,0.0,0.0,1353.125584,-33.78596,6.242641,1.0,0.0,0.0,0.0,1.0,1391.883657,-34.164214,1021.0,5006.0,0.0,149.0,-0.068331,35.321906,127.158861,35.321901,-0.017393,2.4e-05,-0.000694,-0.052415,0.000158,0.026376,0.231156,0.0,0.0,0.0,0.0,1.0,-9999.0,-9999.0,-9999.0,-9999.0,-9999.0,-9999.0,-9999.0,-9999.0,34.580382,1.0,-9999.0,-9999.0,-9999.0,-9999.0,149.0,lane7,spur3,stable_reference,3.7485399183465,-2.557302638580061,0.3424305773228399,-3.40769141130482,0.3424305773228399,7.866666599999997,277.25648176024623,1.1845482642897915,238.49660701557792,1.242930962784012,1.2429210231546843,-0.6872642267500808,0.13677087773931973,0.9005134460968847,0.3424175166871273
P15_AV2_1_interaction,P15,AV2,1,on_ramp,P15_AV2_1,P15_AV2.1.asc,AV1,60,initiator_active,3889,1,64816.67,64816.6675,1.0,21.36,76.896,149.0,55.471411,-1353.547316,0.0,0.0,0.0,21.36,0.0,0.0,1353.481292,-33.800369,6.242755,1.0,0.0,0.0,0.0,0.0,1392.472338,-34.165478,1021.0,5006.0,0.0,149.0,-0.069477,35.321895,127.158821,35.321891,-0.016845,2.6e-05,-0.000693,-0.053768,0.000133,0.026376,0.231156,0.0,0.0,0.0,0.0,1.0,-9999.0,-9999.0,-9999.0,-9999.0,-9999.0,-9999.0,-9999.0,-9999.0,34.813214,1.0,-9999.0,-9999.0,-9999.0,-9999.0,149.0,lane7,spur3,stable_reference,3.744000067301768,-2.563500815903693,0.3278504136273816,-3.422278177891034,0.3278504136273816,7.883333500000001,277.84515314468285,1.1881425100315544,238.85242181531618,1.2314580018643158,1.2314856053687113,-0.684703559082152,0.16600365372312353,0.9036200927710023,0.32783790909331345
P15_AV2_1_interaction,P15,AV2,1,on_ramp,P15_AV2_1,P15_AV2.1.asc,AV1,60,initiator_active,3890,1,64833.33,64833.3343,1.0,21.36,76.896,149.0,55.827224,-1353.903273,0.0,0.0,0.0,21.36,0.0,0.0,1353.837004,-33.814701,6.242971,1.0,0.0,0.0,0.0,0.0,1393.061018,-34.166755,1021.0,5006.0,0.0,149.0,-0.070613,35.321883,127.15878,35.32188,-0.016202,2.8e-05,-0.000693,-0.055361,0.000109,0.026376,0.231156,0.0,0.0,0.0,0.0,1.0,-9999.0,-9999.0,-9999.0,-9999.0,-9999.0,-9999.0,-9999.0,-9999.0,35.046052,1.0,-9999.0,-9999.0,-9999.0,-9999.0,149.0,lane7,spur3,stable_reference,3.73953729756575,-2.569621921435685,0.3133472479982256,-3.436787946485896,0.3133472479982256,7.900000299999999,278.4338236364386,1.1917237479633263,239.20823997946096,1.2200620713332289,1.220097319844926,-0.6817307132311115,0.18492419386328862,0.9067267747042109,0.31333529662901793
P15_AV2_1_interaction,P15,AV2,1,on_ramp,P15_AV2_1,P15_AV2.1.asc,AV1,60,initiator_active,3891,1,64850.0,64850.0001,1.0,21.36,76.896,149.0,56.183038,-1354.259232,0.0,0.0,0.0,21.36,0.0,0.0,1354.192718,-33.828959,6.243171,1.0,0.0,0.0,0.0,0.0,1393.649699,-34.168046,1021.0,5006.0,0.0,149.0,-0.071738,35.321872,127.15874,35.321869,-0.015474,3e-05,-0.000693,-0.057168,8.8e-05,0.026376,0.231156,0.0,0.0,0.0,0.0,1.0,-9999.0,-9999.0,-9999.0,-9999.0,-9999.0,-9999.0,-9999.0,-9999.0,35.278893,1.0,-9999.0,-9999.0,-9999.0,-9999.0,149.0,lane7,spur3,stable_reference,3.735148554833014,-2.5756690005219567,0.2989180813981088,-3.4512237160895163,0.2989180813981088,7.916666099999995,279.02249524369785,1.1952909946245522,239.56405953283843,1.2087401547875243,1.2087617450750576,-0.6785395680071318,0.18702298689669306,0.9098334744161554,0.2989066803713689
P15_AV2_1_interaction,P15,AV2,1,on_ramp,P15_AV2_1,P15_AV2.1.asc,AV1,60,initiator_active,3892,1,64866.67,64866.6676,1.0,21.36,76.896,149.0,56.53885,-1354.615191,0.0,0.0,0.0,21.36,0.0,0.0,1354.548435,-33.843159,6.243321,1.0,0.0,0.0,0.0,0.0,1394.238378,-34.169351,1021.0,5006.0,0.0,149.0,-0.072852,35.321861,127.1587,35.321858,-0.014673,3.1e-05,-0.000693,-0.059164,6.9e-05,0.026376,0.231156,0.0,0.0,0.0,0.0,1.0,-9999.0,-9999.0,-9999.0,-9999.0,-9999.0,-9999.0,-9999.0,-9999.0,35.511737,1.0,-9999.0,-9999.0,-9999.0,-9999.0,149.0,lane7,spur3,stable_reference,3.730817872985676,-2.5816580258310613,0.284546913347685,-3.4656014871996645,0.284546913347685,7.933333599999998,279.6111649665629,1.1988442252571443,239.91988160745754,1.1974762610247545,1.1974793624059332,-0.6754966350520846,0.16607527130077315,0.9129402005734639,0.28453606045129054
P15_AV2_1_interaction,P15,AV2,1,on_ramp,P15_AV2_1,P15_AV2.1.asc,AV1,60,initiator_active,3893,1,64883.33,64883.3341,1.0,21.36,76.896,149.0,56.894661,-1354.971151,0.0,0.0,0.0,21.36,0.0,0.0,1354.904153,-33.857319,6.24342,1.0,0.0,0.0,0.0,0.0,1394.827058,-34.170671,1021.0,5006.0,0.0,149.0,-0.073955,35.32185,127.15866,35.321847,-0.013807,3.2e-05,-0.000694,-0.061322,5.5e-05,0.026062,0.231156,0.0,0.0,0.0,0.0,1.0,-9999.0,-9999.0,-9999.0,-9999.0,-9999.0,-9999.0,-9999.0,-9999.0,35.744585,1.0,-9999.0,-9999.0,-9999.0,-9999.0,149.0,lane7,spur3,stable_reference,3.726527203486384,-2.5876070387158987,0.270189146458159,-3.479956988295526,0.270189146458159,7.950000099999998,280.1998358131844,1.202382464653242,240.27570435193505,1.1862523741525213,1.1862447374173548,-0.6730035819314253,0.12338891065847335,0.9160737966030668,0.2701785775494545
P15_AV2_1_interaction,P15,AV2,1,on_ramp,P15_AV2_1,P15_AV2.1.asc,AV1,60,initiator_active,3894,1,64900.0,64900.0008,1.0,21.36,76.896,149.0,57.25047,-1355.327112,0.0,0.0,0.0,21.36,0.0,0.0,1355.259872,-33.871455,6.243482,1.0,0.0,0.0,0.0,0.0,1395.415738,-34.172006,1021.0,5006.0,0.0,149.0,-0.075048,35.321839,127.15862,35.321837,-0.012887,3.3e-05,-0.000694,-0.063622,4.2e-05,0.025748,0.231156,0.0,0.0,0.0,0.0,1.0,-9999.0,-9999.0,-9999.0,-9999.0,-9999.0,-9999.0,-9999.0,-9999.0,35.977437,1.0,-9999.0,-9999.0,-9999.0,-9999.0,149.0,lane7,spur3,stable_reference,3.7222605524877137,-2.593532034917282,0.255842489068304,-3.494297077826962,0.255842489068304,7.966666799999999,280.788506783596,1.2059057045601433,240.63152789831398,1.1750524947156797,1.1750459998409626,-0.6713836982936954,0.07093940065233895,0.9192200133621384,0.2558324813535413
P15_AV2_1_interaction,P15,AV2,1,on_ramp,P15_AV2_1,P15_AV2.1.asc,AV1,60,initiator_active,3895,1,64916.67,64916.6669,1.0,21.36,76.896,149.0,57.606277,-1355.683074,0.0,0.0,0.0,21.36,0.0,0.0,1355.615592,-33.885576,6.243516,1.0,0.0,0.0,0.0,0.0,1396.004417,-34.173357,1021.0,5006.0,0.0,149.0,-0.076131,35.321828,127.15858,35.321826,-0.011921,3.3e-05,-0.000695,-0.066042,2.7e-05,0.025434,0.231156,0.0,0.0,0.0,0.0,1.0,-9999.0,-9999.0,-9999.0,-9999.0,-9999.0,-9999.0,-9999.0,-9999.0,36.210293,1.0,-9999.0,-9999.0,-9999.0,-9999.0,149.0,lane7,spur3,stable_reference,3.7180089234504976,-2.5994420120394084,0.2415108310836099,-3.508622167934614,0.2415108310836099,7.983332899999994,281.3771768860851,1.2094129367592257,240.9873523208684,1.163867623020716,1.1638656382318295,-0.6706389415738201,0.02553040540832896,0.9223662390446541,0.2415013839760618
P15_AV2_1_interaction,P15,AV2,1,on_ramp,P15_AV2_1,P15_AV2.1.asc,AV1,60,initiator_active,3896,1,64933.33,64933.334,1.0,21.36,76.896,149.0,57.96208,-1356.039035,0.0,0.0,0.0,21.36,0.0,0.0,1355.971312,-33.899689,6.243534,1.0,0.0,0.0,0.0,0.0,1396.6258,-34.174802,1021.0,5006.0,0.0,149.0,-0.077263,35.321816,127.158537,35.321814,-0.010856,3.4e-05,-0.000694,-0.067836,9e-06,0.024963,0.231156,0.0,0.0,0.0,0.0,1.0,-9999.0,-9999.0,-9999.0,-9999.0,-9999.0,-9999.0,-9999.0,-9999.0,36.475858,1.0,-9999.0,-9999.0,-9999.0,-9999.0,149.0,lane7,spur3,stable_reference,3.713765291336983,-2.605343991291138,0.2271871730975202,-3.5229392580435834,0.2271871730975202,8.0,281.99855065062366,1.2130960681829015,241.34317667740106,1.152690751053319,1.152691458284833,-0.6705327264983225,-0.008947261542321172,0.9255124647690653,0.22717828628425374
P15_AV2_1_interaction,P15,AV2,1,on_ramp,P15_AV2_1,P15_AV2.1.asc,AV1,60,initiator_active,3897,1,64950.0,64950.0009,1.0,21.36,76.896,149.0,58.317881,-1356.394997,0.0,0.0,0.0,21.36,0.0,0.0,1356.327032,-33.913799,6.243542,1.0,0.0,0.0,0.0,0.0,1397.181775,-34.176111,1021.0,5006.0,0.0,149.0,-0.078267,35.321805,127.158499,35.321804,-0.009864,3.4e-05,-0.000692,-0.069013,-1e-05,0.024335,0.231156,0.0,0.0,0.0,0.0,1.0,-9999.0,-9999.0,-9999.0,-9999.0,-9999.0,-9999.0,-9999.0,-9999.0,36.67602,1.0,-9999.0,-9999.0,-9999.0,-9999.0,149.0,lane7,spur3,stable_reference,3.709524658069862,-2.6112429713414604,0.2128665151109045,-3.537253348153037,0.2128665151109045,8.016666899999997,282.5545175202028,1.2163754029282001,241.69900100917587,1.1415168789837684,1.1415141003664766,-0.6709371834621081,-0.03406610189726322,0.9286586905091994,0.21285818847456905
P15_AV2_1_interaction,P15,AV2,1,on_ramp,P15_AV2_1,P15_AV2.1.asc,AV1,60,initiator_active,3898,1,64966.67,64966.6674,1.0,21.36,76.896,149.0,58.673677,-1356.750959,0.0,0.0,0.0,21.36,0.0,0.0,1356.682753,-33.927913,6.243513,1.0,0.0,0.0,0.0,0.0,1397.770453,-34.177515,1021.0,5006.0,0.0,149.0,-0.07932,35.321794,127.158458,35.321793,-0.008778,3.3e-05,-0.000689,-0.069702,-3.5e-05,0.023393,0.231156,0.0,0.0,0.0,0.0,1.0,-9999.0,-9999.0,-9999.0,-9999.0,-9999.0,-9999.0,-9999.0,-9999.0,36.90889,1.0,-9999.0,-9999.0,-9999.0,-9999.0,149.0,lane7,spur3,stable_reference,3.705280054070413,-2.617145927254718,0.198541856532781,-3.551571438835583,0.198541856532781,8.033333399999997,283.14318706011846,1.2198296286794528,242.05482637392748,1.1303390153031225,1.1303268410176943,-0.6716682576601798,-0.04986339861217104,0.9318049250732554,0.19853409022986712
P15_AV2_1_interaction,P15,AV2,1,on_ramp,P15_AV2_1,P15_AV2.1.asc,AV1,60,initiator_active,3899,1,64983.33,64983.3341,1.0,21.36,76.896,149.0,59.02947,-1357.106921,0.0,0.0,0.0,21.36,0.0,0.0,1357.038472,-33.94205,6.243448,1.0,0.0,0.0,0.0,0.0,1398.359132,-34.178938,1021.0,5006.0,0.0,149.0,-0.080364,35.321783,127.158418,35.321782,-0.007665,3.2e-05,-0.000684,-0.06952,-6.2e-05,0.02198,0.231156,0.0,0.0,0.0,0.0,1.0,-9999.0,-9999.0,-9999.0,-9999.0,-9999.0,-9999.0,-9999.0,-9999.0,37.141765,1.0,-9999.0,-9999.0,-9999.0,-9999.0,149.0,lane7,spur3,stable_reference,3.701012403456269,-2.6230719231899084,0.1841941991431014,-3.565912528366859,0.1841941991431014,8.050000099999998,283.7318577568011,1.223264863330421,242.4106499285589,1.1191381359003285,1.1191252478298426,-0.6725992925001449,-0.058842135471692814,0.9349511418270837,0.1841869940732448
P15_AV2_1_interaction,P15,AV2,1,on_ramp,P15_AV2_1,P15_AV2.1.asc,AV1,60,initiator_active,3900,1,65000.0,65000.0008,1.0,21.36,76.896,149.0,59.385259,-1357.462882,0.0,0.0,0.0,21.36,0.0,0.0,1357.39419,-33.95621,6.243386,1.0,0.0,0.0,0.0,0.0,1398.980514,-34.180461,1021.0,5006.0,0.0,149.0,-0.081454,35.321771,127.158376,35.321771,-0.006453,3.1e-05,-0.000674,-0.067091,-9e-05,0.019468,0.231156,0.0,0.0,0.0,0.0,1.0,-9999.0,-9999.0,-9999.0,-9999.0,-9999.0,-9999.0,-9999.0,-9999.0,37.40735,1.0,-9999.0,-9999.0,-9999.0,-9999.0,149.0,lane7,spur3,stable_reference,3.6967217339569696,-2.629020936074746,0.1698225130661588,-3.580278674316014,0.1698225130661588,8.066666799999998,284.3532311650838,1.2268699891576191,242.76647267303642,1.1079142490280953,1.1079068197610686,-0.6736296660987122,-0.05938922460460461,0.938098434500658,0.16981581452743733
P15_AV2_1_interaction,P15,AV2,1,on_ramp,P15_AV2_1,P15_AV2.1.asc,AV1,60,initiator_active,3901,1,65016.67,65016.667,1.0,21.36,76.896,149.0,59.741043,-1357.818843,0.0,0.0,0.0,21.36,0.0,0.0,1357.749908,-33.970388,6.243339,1.0,0.0,0.0,0.0,0.0,1399.536488,-34.181841,1021.0,5006.0,0.0,149.0,-0.082421,35.321761,127.158339,35.32176,-0.005343,3e-05,-0.000663,-0.063166,-0.000113,0.016328,0.231156,0.0,0.0,0.0,0.0,1.0,-9999.0,-9999.0,-9999.0,-9999.0,-9999.0,-9999.0,-9999.0,-9999.0,37.607532,1.0,-9999.0,-9999.0,-9999.0,-9999.0,149.0,lane7,spur3,stable_reference,3.692413071379335,-2.634987944167992,0.155420706963927,-3.5946870799175192,0.155420706963927,8.083332999999998,284.90919762063794,1.2300783180680637,243.12229556606235,1.0966723627688306,1.0966712180580616,-0.6745789100179991,-0.04999205053171352,0.9412577862737386,0.15541457649509205
P15_AV2_1_interaction,P15,AV2,1,on_ramp,P15_AV2_1,P15_AV2.1.asc,AV1,60,initiator_active,3902,1,65033.33,65033.334,1.0,21.36,76.896,149.0,60.096823,-1358.174804,0.0,0.0,0.0,21.36,0.0,0.0,1358.105625,-33.984578,6.243307,1.0,0.0,0.0,0.0,0.0,1400.125166,-34.183321,1021.0,5006.0,0.0,149.0,-0.083433,35.32175,127.1583,35.32175,-0.004162,2.8e-05,-0.000652,-0.058007,-0.000129,0.01256,0.231156,0.0,0.0,0.0,0.0,1.0,-9999.0,-9999.0,-9999.0,-9999.0,-9999.0,-9999.0,-9999.0,-9999.0,37.840423,1.0,-9999.0,-9999.0,-9999.0,-9999.0,149.0,lane7,spur3,stable_reference,3.688092385686632,-2.640966972139095,0.1410069014932399,-3.609107484868775,0.1410069014932399,8.1,285.4978677877582,1.2334565464074236,243.47811755815454,1.0854184686655235,1.085420945359349,-0.6752960499745413,-0.03496881816203512,0.9444171290979246,0.14100133956759886
P15_AV2_1_interaction,P15,AV2,1,on_ramp,P15_AV2_1,P15_AV2.1.asc,AV1,60,initiator_active,3903,1,65050.0,65050.0008,1.0,21.36,76.896,149.0,60.452599,-1358.530765,0.0,0.0,0.0,21.36,0.0,0.0,1358.461341,-33.998776,6.243288,1.0,0.0,0.0,0.0,0.0,1400.746547,-34.184903,1021.0,5006.0,0.0,149.0,-0.084488,35.321739,127.158259,35.321739,-0.00294,2.5e-05,-0.000641,-0.050918,-0.000135,0.00785,0.231156,0.0,0.0,0.0,0.0,1.0,-9999.0,-9999.0,-9999.0,-9999.0,-9999.0,-9999.0,-9999.0,-9999.0,38.106023,1.0,-9999.0,-9999.0,-9999.0,-9999.0,149.0,lane7,spur3,stable_reference,3.683763675340709,-2.646954021052853,0.1265850966533157,-3.6235358891706255,0.1265850966533157,8.116666799999999,286.1192406829836,1.237002665991117,243.83393861630242,1.0741565665819572,1.074161034704694,-0.675744556832317,-0.022504286154561015,0.9475764629955574,0.12658010358639982
P15_AV2_1_interaction,P15,AV2,1,on_ramp,P15_AV2_1,P15_AV2.1.asc,AV1,60,initiator_active,3904,1,65066.67,65066.6675,1.0,21.36,76.896,149.0,60.80837,-1358.886726,0.0,0.0,0.0,21.36,0.0,0.0,1358.817058,-34.012979,6.243277,1.0,0.0,0.0,0.0,0.0,1401.30252,-34.186335,1021.0,5006.0,0.0,149.0,-0.085419,35.321729,127.158223,35.321729,-0.001886,2.3e-05,-0.000633,-0.04335,-0.000133,0.00314,0.231156,0.0,0.0,0.0,0.0,1.0,-9999.0,-9999.0,-9999.0,-9999.0,-9999.0,-9999.0,-9999.0,-9999.0,38.306219,1.0,-9999.0,-9999.0,-9999.0,-9999.0,149.0,lane7,spur3,stable_reference,3.6794299946469846,-2.652946045563356,0.1121582911852042,-3.6379692941191575,0.1121582911852042,8.1333335,286.67520656771194,1.2401589884196775,244.18976071567982,1.062889672921352,1.0628960142052426,-0.6760461974782537,-0.01761775649434938,0.9507358057470925,0.11215386717425946
P15_AV2_1_interaction,P15,AV2,1,on_ramp,P15_AV2_1,P15_AV2.1.asc,AV1,60,initiator_active,3905,1,65083.33,65083.3335,1.0,21.36,76.896,149.0,61.164139,-1359.242686,0.0,0.0,0.0,21.36,0.0,0.0,1359.172774,-34.027185,6.243271,1.0,0.0,0.0,0.0,0.0,1401.923902,-34.187953,1021.0,5006.0,0.0,149.0,-0.086444,35.321718,127.158183,35.321718,-0.000829,2.1e-05,-0.00063,-0.037005,-0.000124,-0.000942,0.231156,0.0,0.0,0.0,0.0,1.0,-9999.0,-9999.0,-9999.0,-9999.0,-9999.0,-9999.0,-9999.0,-9999.0,38.571829,1.0,-9999.0,-9999.0,-9999.0,-9999.0,149.0,lane7,spur3,stable_reference,3.675093287377354,-2.658941092347522,0.0977284863468645,-3.652405698419333,0.0977284863468645,8.149999499999998,287.29658076000027,1.2436691174820076,244.545581839849,1.051619771110215,1.0516265898228538,-0.6763318048971065,-0.020230090671052636,0.9538951396000157,0.09772463151019939
P15_AV2_1_interaction,P15,AV2,1,on_ramp,P15_AV2_1,P15_AV2.1.asc,AV1,60,initiator_active,3906,1,65100.0,65100.0008,1.0,21.36,76.896,149.0,61.519903,-1359.598647,0.0,0.0,0.0,21.36,0.0,0.0,1359.528491,-34.041391,6.243268,1.0,0.0,0.0,0.0,0.0,1402.479874,-34.189415,1021.0,5006.0,0.0,149.0,-0.087344,35.321708,127.158148,35.321708,-4e-05,1.9e-05,-0.000629,-0.029823,-0.000119,-0.005181,0.231156,0.0,0.0,0.0,0.0,1.0,-9999.0,-9999.0,-9999.0,-9999.0,-9999.0,-9999.0,-9999.0,-9999.0,38.772033,1.0,-9999.0,-9999.0,-9999.0,-9999.0,149.0,lane7,spur3,stable_reference,3.6707566078372422,-2.6649361160594145,0.0832986808793535,-3.66684210336723,0.0832986808793535,8.1666668,287.85254589234347,1.246795432679503,244.90140396398448,1.0403498775517794,1.0403516428908874,-0.6767205412016288,-0.027289070684393124,0.957054482334788,0.08329539521699147
P15_AV2_1_interaction,P15,AV2,1,on_ramp,P15_AV2_1,P15_AV2.1.asc,AV1,60,initiator_active,3907,1,65116.67,65116.6671,1.0,21.36,76.896,149.0,61.875665,-1359.954607,0.0,0.0,0.0,21.36,0.0,0.0,1359.884207,-34.055602,6.243245,1.0,0.0,0.0,0.0,0.0,1403.068551,-34.190976,1021.0,5006.0,0.0,149.0,-0.088279,35.321697,127.15811,35.321697,0.000588,1.8e-05,-0.000631,-0.024422,-0.000111,-0.008321,0.231156,0.0,0.0,0.0,0.0,1.0,-9999.0,-9999.0,-9999.0,-9999.0,-9999.0,-9999.0,-9999.0,-9999.0,39.004947,1.0,-9999.0,-9999.0,-9999.0,-9999.0,149.0,lane7,spur3,stable_reference,3.666414902490304,-2.6709361615125764,0.0688638760419978,-3.6812835076663566,0.0688638760419978,8.183333099999997,288.4412157279657,1.2500926555245457,245.25722512941735,1.0290749759109128,1.0290690584895035,-0.6772414399323523,-0.0339568004644093,0.9602138161597753,0.06886115975113749
P15_AV2_1_interaction,P15,AV2,1,on_ramp,P15_AV2_1,P15_AV2.1.asc,AV1,60,initiator_active,3908,1,65133.33,65133.3341,1.0,21.36,76.896,149.0,62.231422,-1360.310568,0.0,0.0,0.0,21.36,0.0,0.0,1360.239923,-34.069829,6.243201,1.0,0.0,0.0,0.0,0.0,1403.657227,-34.192549,1021.0,5006.0,0.0,149.0,-0.089194,35.321687,127.158072,35.321687,0.000949,1.6e-05,-0.000632,-0.020356,-0.000119,-0.010519,0.231156,0.0,0.0,0.0,0.0,1.0,-9999.0,-9999.0,-9999.0,-9999.0,-9999.0,-9999.0,-9999.0,-9999.0,39.237864,1.0,-9999.0,-9999.0,-9999.0,-9999.0,149.0,lane7,spur3,stable_reference,3.662057203295957,-2.676952202706531,0.0544067281304656,-3.695740901679301,0.0544067281304656,8.200000099999997,289.0298846626541,1.2533778705255465,245.6130464268933,1.0177840748149158,1.017776950421109,-0.6778524372016932,-0.03802411007575657,0.9633795106263767,0.05440456418853912
P15_AV2_1_interaction,P15,AV2,1,on_ramp,P15_AV2_1,P15_AV2.1.asc,AV1,60,initiator_active,3909,1,65150.0,65150.0002,1.0,21.36,76.896,149.0,62.587176,-1360.666528,0.0,0.0,0.0,21.36,0.0,0.0,1360.595638,-34.084071,6.24316,1.0,0.0,0.0,0.0,0.0,1404.245903,-34.194133,1021.0,5006.0,0.0,149.0,-0.090086,35.321676,127.158034,35.321676,0.001001,1.3e-05,-0.000632,-0.018189,-0.000141,-0.011461,0.231156,0.0,0.0,0.0,0.0,1.0,-9999.0,-9999.0,-9999.0,-9999.0,-9999.0,-9999.0,-9999.0,-9999.0,39.470786,1.0,-9999.0,-9999.0,-9999.0,-9999.0,149.0,lane7,spur3,stable_reference,3.657684482140136,-2.682983262979759,0.0399277723111476,-3.710213284006599,0.0399277723111476,8.216666199999999,289.6185536881224,1.256652085901143,245.96886684819356,1.0064781659770323,1.006474136026104,-0.678508898938972,-0.03915189625589832,0.9665519817301458,0.03992618424688654
P15_AV2_1_interaction,P15,AV2,1,on_ramp,P15_AV2_1,P15_AV2.1.asc,AV1,60,initiator_active,3910,1,65166.67,65166.6669,1.0,21.36,76.896,149.0,62.942925,-1361.022488,0.0,0.0,0.0,21.36,0.0,0.0,1360.951352,-34.098324,6.243129,1.0,0.0,0.0,0.0,0.0,1404.834579,-34.195729,1021.0,5006.0,0.0,149.0,-0.090954,35.321666,127.157996,35.321666,0.000721,1.1e-05,-0.000631,-0.017225,-0.000169,-0.011461,0.231156,0.0,0.0,0.0,0.0,1.0,-9999.0,-9999.0,-9999.0,-9999.0,-9999.0,-9999.0,-9999.0,-9999.0,39.703712,1.0,-9999.0,-9999.0,-9999.0,-9999.0,149.0,lane7,spur3,stable_reference,3.6533007374847273,-2.6890253433970317,0.0254378171604251,-3.7246966656839193,0.0254378171604251,8.233332899999994,290.207222812623,1.2599143016853898,246.3246863603076,0.9951612492610589,0.9951603486141793,-0.6791574792446298,-0.04199799958422901,0.9697244438497494,0.025436805411309438
P15_AV2_1_interaction,P15,AV2,1,on_ramp,P15_AV2_1,P15_AV2.1.asc,AV1,60,initiator_active,3911,1,65183.33,65183.3343,1.0,21.36,76.896,149.0,63.298671,-1361.378448,0.0,0.0,0.0,21.36,0.0,0.0,1361.307067,-34.112586,6.243109,1.0,0.0,0.0,0.0,0.0,1405.455959,-34.197423,1021.0,5006.0,0.0,149.0,-0.091844,35.321654,127.157956,35.321654,7.5e-05,7e-06,-0.00063,-0.015374,-0.000189,-0.011461,0.231156,0.0,0.0,0.0,0.0,1.0,-9999.0,-9999.0,-9999.0,-9999.0,-9999.0,-9999.0,-9999.0,-9999.0,39.969347,1.0,-9999.0,-9999.0,-9999.0,-9999.0,149.0,lane7,spur3,stable_reference,3.648908024019649,-2.695076398346252,0.0109388613455378,-3.739189048007024,0.0109388613455378,8.2500003,290.8285956321838,1.2633484168304419,246.68050694666167,0.9838353411042567,0.9838350322329761,-0.6799088687735662,-0.04060739856102913,0.9728969148347011,0.010938426269555657
P15_AV2_1_interaction,P15,AV2,1,on_ramp,P15_AV2_1,P15_AV2.1.asc,AV1,60,initiator_active,3912,1,65200.0,65200.0007,1.0,21.36,76.896,149.0,63.654412,-1361.734408,0.0,0.0,0.0,21.36,0.0,0.0,1361.662781,-34.126853,6.243096,1.0,0.0,0.0,0.0,0.0,1406.01193,-34.198947,1021.0,5006.0,0.0,149.0,-0.092615,35.321645,127.157921,35.321645,-0.000785,4e-06,-0.000629,-0.014219,-0.000197,-0.009891,0.231156,0.0,0.0,0.0,0.0,1.0,-9999.0,-9999.0,-9999.0,-9999.0,-9999.0,-9999.0,-9999.0,-9999.0,40.169577,1.0,-9999.0,-9999.0,-9999.0,-9999.0,149.0,lane7,spur3,stable_reference,3.644510284747752,-2.7011324750367263,-0.0035650938020808,-3.753686429681408,-0.0035650938020808,8.266666699999995,291.38456027622783,1.2664127258865956,247.0363265743134,0.9725044248650399,0.972496403203796,-0.6805110870944944,-0.01819616836463922,0.9760693768711304,-0.003564952006090527
P15_AV2_1_interaction,P15,AV2,1,on_ramp,P15_AV2_1,P15_AV2.1.asc,AV1,60,initiator_active,3913,1,65216.67,65216.6676,1.0,21.36,76.896,149.0,64.010151,-1362.090368,0.0,0.0,0.0,21.36,0.0,0.0,1362.018494,-34.141123,6.243089,1.0,0.0,0.0,0.0,0.0,1406.600606,-34.20057,1021.0,5006.0,0.0,149.0,-0.093406,35.321634,127.157883,35.321634,-0.001976,1e-06,-0.000628,-0.014368,-0.000192,-0.008321,0.231156,0.0,0.0,0.0,0.0,1.0,-9999.0,-9999.0,-9999.0,-9999.0,-9999.0,-9999.0,-9999.0,-9999.0,40.402516,1.0,-9999.0,-9999.0,-9999.0,-9999.0,149.0,lane7,spur3,stable_reference,3.640109518899948,-2.7071915740008694,-0.0180720482828951,-3.7681868107074994,-0.0180720482828951,8.283333599999999,291.97322962355105,1.2696479425902982,247.39214522675712,0.9611705004752858,0.961151351831067,-0.6805153891747366,0.02485651714285453,0.9792418299709231,-0.01807132949563728
P15_AV2_1_interaction,P15,AV2,1,on_ramp,P15_AV2_1,P15_AV2.1.asc,AV1,60,initiator_active,3914,1,65233.33,65233.334,1.0,21.36,76.896,149.0,64.365885,-1362.446328,0.0,0.0,0.0,21.36,0.0,0.0,1362.374208,-34.155395,6.243085,1.0,0.0,0.0,0.0,0.0,1407.189281,-34.2022,1021.0,5006.0,0.0,149.0,-0.094167,35.321624,127.157845,35.321624,-0.003432,-2e-06,-0.000627,-0.01425,-0.000174,-0.006594,0.231156,0.0,0.0,0.0,0.0,1.0,-9999.0,-9999.0,-9999.0,-9999.0,-9999.0,-9999.0,-9999.0,-9999.0,40.635458,1.0,-9999.0,-9999.0,-9999.0,-9999.0,149.0,lane7,spur3,stable_reference,3.635706781550737,-2.713252649360345,-0.0325810034294082,-3.7826891923808335,-0.0325810034294082,8.3,292.5618980286771,1.2728761512796904,247.74796489567228,0.9498345844063374,0.9498125794036529,-0.679682562465878,0.07902257794541612,0.9824142919776455,-0.032579707571308125
P15_AV2_1_interaction,P15,AV2,1,on_ramp,P15_AV2_1,P15_AV2.1.asc,AV1,60,initiator_active,3915,1,65250.0,65250.0,1.0,21.36,76.896,149.0,64.721617,-1362.802287,0.0,0.0,0.0,21.36,0.0,0.0,1362.729922,-34.169667,6.243083,1.0,0.0,0.0,0.0,0.0,1407.777956,-34.203837,1021.0,5006.0,0.0,149.0,-0.0949,35.321613,127.157808,35.321613,-0.005116,-4e-06,-0.000626,-0.014915,-0.00015,-0.004239,0.231156,0.0,0.0,0.0,0.0,1.0,-9999.0,-9999.0,-9999.0,-9999.0,-9999.0,-9999.0,-9999.0,-9999.0,40.868404,1.0,-9999.0,-9999.0,-9999.0,-9999.0,149.0,lane7,spur3,stable_reference,3.6313040442015256,-2.719313724719819,-0.047089958575914,-3.797191574054169,-0.047089958575914,8.316665999999998,293.15056649157196,1.2760973602074572,248.10378456458747,0.9384986683373892,0.9384959002622014,-0.6778814002390909,0.13388261622308306,0.9855867539843632,-0.04708808564697409
P15_AV2_1_interaction,P15,AV2,1,on_ramp,P15_AV2_1,P15_AV2.1.asc,AV1,60,initiator_active,3916,1,65266.67,65266.6667,1.0,21.36,76.896,149.0,65.077345,-1363.158247,0.0,0.0,0.0,21.36,0.0,0.0,1363.085637,-34.183919,6.243197,1.0,0.0,0.0,0.0,0.0,1408.366631,-34.205481,1021.0,5006.0,0.0,149.0,-0.095601,35.321603,127.15777,35.321602,-0.006986,-7e-06,-0.000626,-0.015734,-0.000119,-0.00157,0.231156,0.0,0.0,0.0,0.0,1.0,-9999.0,-9999.0,-9999.0,-9999.0,-9999.0,-9999.0,-9999.0,-9999.0,41.101353,1.0,-9999.0,-9999.0,-9999.0,-9999.0,149.0,lane7,spur3,stable_reference,3.6269213268910687,-2.725354782331048,-0.0615905509037052,-3.811685591936247,-0.0615905509037052,8.3333327,293.7392350122359,1.279311569373608,248.45960506841462,0.9271827598400426,0.9272169636590509,-0.6752198572513564,0.1762734303889495,0.9887708407482949,-0.061588080908252296
P15_AV2_1_interaction,P15,AV2,1,on_ramp,P15_AV2_1,P15_AV2.1.asc,AV1,60,initiator_active,3917,1,65283.33,65283.3342,1.0,21.36,76.896,149.0,65.43307,-1363.514207,0.0,0.0,0.0,21.36,0.0,0.0,1363.441354,-34.19809,6.243426,1.0,0.0,0.0,0.0,0.0,1408.955305,-34.207131,1021.0,5006.0,0.0,149.0,-0.096271,35.321592,127.157733,35.321591,-0.009011,-8e-06,-0.000628,-0.01705,-8.4e-05,0.001413,0.231156,0.0,0.0,0.0,0.0,1.0,-9999.0,-9999.0,-9999.0,-9999.0,-9999.0,-9999.0,-9999.0,-9999.0,41.334305,1.0,-9999.0,-9999.0,-9999.0,-9999.0,149.0,lane7,spur3,stable_reference,3.622619633892169,-2.731314815359941,-0.0760116444012558,-3.826100108624342,-0.0760116444012558,8.350000199999995,294.32790258244967,1.282519770491389,248.8154269037059,0.9159478650897127,0.91598798892065,-0.6720054399253108,0.19891386143797973,0.9919564611594751,-0.0760085960697624
P15_AV2_1_interaction,P15,AV2,1,on_ramp,P15_AV2_1,P15_AV2.1.asc,AV1,60,initiator_active,3918,1,65300.0,65300.0009,1.0,21.36,76.896,149.0,65.788796,-1363.870168,0.0,0.0,0.0,21.36,0.0,0.0,1363.797075,-34.212182,6.243641,1.0,0.0,0.0,0.0,0.0,1409.54398,-34.208787,1021.0,5006.0,0.0,149.0,-0.096909,35.321582,127.157695,35.32158,-0.011151,-9e-06,-0.000632,-0.020681,-5.4e-05,0.005652,0.231156,0.0,0.0,0.0,0.0,1.0,-9999.0,-9999.0,-9999.0,-9999.0,-9999.0,-9999.0,-9999.0,-9999.0,41.567257,1.0,-9999.0,-9999.0,-9999.0,-9999.0,149.0,lane7,spur3,stable_reference,3.618397021432903,-2.737195777129608,-0.0903537407306472,-3.840435628069306,-0.0903537407306472,8.366666899999997,294.9165712021457,1.2857219800661808,249.17125208689808,0.9047920006598771,0.9048161972045855,-0.668589232504722,0.20058916889480116,0.9951421178910522,-0.09035011723117514
P15_AV2_1_interaction,P15,AV2,1,on_ramp,P15_AV2_1,P15_AV2.1.asc,AV1,60,initiator_active,3919,1,65316.67,65316.6667,1.0,21.36,76.896,149.0,66.144521,-1364.226131,0.0,0.0,0.0,21.36,0.0,0.0,1364.152799,-34.226212,6.243802,1.0,0.0,0.0,0.0,0.0,1410.132654,-34.210448,1021.0,5006.0,0.0,149.0,-0.097513,35.321572,127.157658,35.321569,-0.013366,-1e-05,-0.000637,-0.023894,-2.1e-05,0.009734,0.231156,0.0,0.0,0.0,0.0,1.0,-9999.0,-9999.0,-9999.0,-9999.0,-9999.0,-9999.0,-9999.0,-9999.0,41.800209,1.0,-9999.0,-9999.0,-9999.0,-9999.0,149.0,lane7,spur3,stable_reference,3.614236468320876,-2.7430146861868945,-0.1046338391846004,-3.854709149582568,-0.1046338391846004,8.383332699999999,295.5052388631393,1.2889191815585577,249.52707975832135,0.8936981588767665,0.8937022352377937,-0.6653192935641776,0.15767339526725976,0.9983278018802446,-0.1046296430034781
P15_AV2_1_interaction,P15,AV2,1,on_ramp,P15_AV2_1,P15_AV2.1.asc,AV1,60,initiator_active,3920,1,65333.33,65333.3335,1.0,21.36,76.896,149.0,66.500245,-1364.582094,0.0,0.0,0.0,21.36,0.0,0.0,1364.508524,-34.240199,6.24391,1.0,0.0,0.0,0.0,0.0,1410.754032,-34.212208,1021.0,5006.0,0.0,149.0,-0.098114,35.321561,127.157618,35.321557,-0.015712,-1e-05,-0.000645,-0.026892,1.3e-05,0.013816,0.231156,0.0,0.0,0.0,0.0,1.0,-9999.0,-9999.0,-9999.0,-9999.0,-9999.0,-9999.0,-9999.0,-9999.0,42.065865,1.0,-9999.0,-9999.0,-9999.0,-9999.0,149.0,lane7,spur3,stable_reference,3.610118926403288,-2.7487905836185207,-0.1188709383522621,-3.868939671790496,-0.1188709383522621,8.399999499999998,296.1266102274461,1.2922872824457985,249.88290807484492,0.8826473238820227,0.882639378426224,-0.6633336453582359,0.06667185251929908,1.0015134950959346,-0.11886617121391185
P15_AV2_1_interaction,P15,AV2,1,on_ramp,P15_AV2_1,P15_AV2.1.asc,AV1,60,initiator_active,3921,1,65350.0,65350.0008,1.0,21.36,76.896,149.0,66.855968,-1364.938058,0.0,0.0,0.0,21.36,0.0,0.0,1364.86425,-34.254159,6.243976,1.0,0.0,0.0,0.0,0.0,1411.310002,-34.213788,1021.0,5006.0,0.0,149.0,-0.09862,35.321551,127.157582,35.321546,-0.017754,-9e-06,-0.000652,-0.028542,4.4e-05,0.016956,0.231156,0.0,0.0,0.0,0.0,1.0,-9999.0,-9999.0,-9999.0,-9999.0,-9999.0,-9999.0,-9999.0,-9999.0,42.266115,1.0,-9999.0,-9999.0,-9999.0,-9999.0,149.0,lane7,spur3,stable_reference,3.6060284018327033,-2.7545394651652964,-0.1330810382296809,-3.8831431946893424,-0.1330810382296809,8.4166668,296.6825743336748,1.295295585156278,250.23873716851168,0.8716234962205062,0.8715906056025167,-0.6630968998319879,0.018423334636597843,1.0046991974373758,-0.13307570121686962
P15_AV2_1_interaction,P15,AV2,1,on_ramp,P15_AV2_1,P15_AV2.1.asc,AV1,60,initiator_active,3922,1,65366.67,65366.6668,1.0,21.36,76.896,149.0,67.211689,-1365.294023,0.0,0.0,0.0,21.36,0.0,0.0,1365.219977,-34.268103,6.244014,1.0,0.0,0.0,0.0,0.0,1411.93138,-34.215559,1021.0,5006.0,0.0,149.0,-0.099149,35.321539,127.157541,35.321534,-0.019899,-8e-06,-0.000658,-0.028727,8e-05,0.019468,0.231156,0.0,0.0,0.0,0.0,1.0,-9999.0,-9999.0,-9999.0,-9999.0,-9999.0,-9999.0,-9999.0,-9999.0,42.531775,1.0,-9999.0,-9999.0,-9999.0,-9999.0,149.0,lane7,spur3,stable_reference,3.6019538988390387,-2.7602723278990124,-0.1472751388141335,-3.897330718276524,-0.1472751388141335,8.433332799999997,297.3039457887612,1.2986526864181125,250.59456713010118,0.8606156762668179,0.8605361710439089,-0.6627195457871373,0.09264690358171279,1.0078849088353052,-0.14726923256848734
P15_AV2_1_interaction,P15,AV2,1,on_ramp,P15_AV2_1,P15_AV2.1.asc,AV1,60,initiator_active,3923,1,65383.33,65383.3343,1.0,21.36,76.896,149.0,67.567408,-1365.649988,0.0,0.0,0.0,21.36,0.0,0.0,1365.575704,-34.282039,6.244034,1.0,0.0,0.0,0.0,0.0,1412.520053,-34.217243,1021.0,5006.0,0.0,149.0,-0.099613,35.321529,127.157503,35.321522,-0.021738,-6e-06,-0.00066,-0.02694,0.000113,0.020724,0.231156,0.0,0.0,0.0,0.0,1.0,-9999.0,-9999.0,-9999.0,-9999.0,-9999.0,-9999.0,-9999.0,-9999.0,42.764733,1.0,-9999.0,-9999.0,-9999.0,-9999.0,149.0,lane7,spur3,stable_reference,3.597887392769096,-2.7659971927623186,-0.1614574355208773,-3.911510235360236,-0.1614574355208773,8.4500003,297.89261263960066,1.301826880441034,250.95039702566936,0.8496158560407074,0.8494998453422772,-0.6600084442477296,0.26988894416908593,1.0110668700060896,-0.1614510139653822
P15_AV2_1_interaction,P15,AV2,1,on_ramp,P15_AV2_1,P15_AV2.1.asc,AV1,60,initiator_active,3924,1,65400.0,65400.0003,1.0,21.36,76.896,149.0,67.923123,-1366.005952,0.0,0.0,0.0,21.36,0.0,0.0,1365.931431,-34.295971,6.244043,1.0,0.0,0.0,0.0,0.0,1413.076022,-34.218838,1021.0,5006.0,0.0,149.0,-0.100019,35.321518,127.157466,35.321511,-0.023271,-4e-06,-0.000662,-0.025538,0.000134,0.021823,0.231156,0.0,0.0,0.0,0.0,1.0,-9999.0,-9999.0,-9999.0,-9999.0,-9999.0,-9999.0,-9999.0,-9999.0,42.96499,1.0,-9999.0,-9999.0,-9999.0,-9999.0,149.0,lane7,spur3,stable_reference,3.59382488516098,-2.771718058690434,-0.1756263599465816,-3.925685736423758,-0.1756263599465816,8.466666299999996,298.4485758696539,1.3048201754096431,251.30622688822658,0.8386200356783687,0.8385357731538945,-0.6537235243451569,0.4923007194719844,1.014239410536817,-0.17561937485844836
P15_AV2_1_interaction,P15,AV2,1,on_ramp,P15_AV2_1,P15_AV2.1.asc,AV1,60,initiator_active,3925,1,65416.67,65416.6668,1.0,21.36,76.896,149.0,68.278835,-1366.361917,0.0,0.0,0.0,21.36,0.0,0.0,1366.287159,-34.309901,6.244046,1.0,0.0,0.0,0.0,0.0,1413.664695,-34.220532,1021.0,5006.0,0.0,149.0,-0.100411,35.321508,127.157428,35.321499,-0.024664,-2e-06,-0.000661,-0.022853,0.000148,0.022137,0.231156,0.0,0.0,0.0,0.0,1.0,-9999.0,-9999.0,-9999.0,-9999.0,-9999.0,-9999.0,-9999.0,-9999.0,43.197954,1.0,-9999.0,-9999.0,-9999.0,-9999.0,149.0,lane7,spur3,stable_reference,3.589764404513317,-2.7774369020786933,-0.1897932850387629,-3.939859238172272,-0.1897932850387629,8.483332799999996,299.0372428030203,1.307984369773109,251.66205773424446,0.8276262235006164,0.8277096101142284,-0.6435987153237619,0.7004727123867127,1.0174119599981275,-0.18978573649751107
P15_AV2_1_interaction,P15,AV2,1,on_ramp,P15_AV2_1,P15_AV2.1.asc,AV1,60,initiator_active,3926,1,65433.33,65433.3342,1.0,21.36,76.896,149.0,68.634544,-1366.717882,0.0,0.0,0.0,21.36,0.0,0.0,1366.642897,-34.323558,6.245069,1.0,0.0,0.0,0.0,0.0,1414.253368,-34.222229,1021.0,5006.0,0.0,149.0,-0.100766,35.321497,127.157389,35.321488,-0.025813,1e-06,-0.000659,-0.020412,0.000147,0.022294,0.231156,0.0,0.0,0.0,0.0,1.0,-9999.0,-9999.0,-9999.0,-9999.0,-9999.0,-9999.0,-9999.0,-9999.0,43.43092,1.0,-9999.0,-9999.0,-9999.0,-9999.0,149.0,lane7,spur3,stable_reference,3.5859770961822037,-2.782882587416948,-0.2036872168518632,-3.953759746829999,-0.2036872168518632,8.500000199999995,299.6259097611448,1.3111455642387373,252.01789632693698,0.8169054845530338,0.817082128697068,-0.6303738696326384,0.8479676560048084,1.0205846002681331,-0.20367911571509933
P15_AV2_1_interaction,P15,AV2,1,on_ramp,P15_AV2_1,P15_AV2.1.asc,AV1,60,initiator_active,3927,1,65450.0,65450.0006,1.0,21.36,76.896,149.0,68.990261,-1367.073851,0.0,0.0,0.0,21.36,0.0,0.0,1366.998648,-34.336851,6.246091,1.0,0.0,0.0,0.0,0.0,1414.842041,-34.223929,1021.0,5006.0,0.0,149.0,-0.10108,35.321486,127.15735,35.321476,-0.026725,3e-06,-0.000657,-0.018217,0.000136,0.022294,0.231156,0.0,0.0,0.0,0.0,1.0,-9999.0,-9999.0,-9999.0,-9999.0,-9999.0,-9999.0,-9999.0,-9999.0,43.663877,1.0,-9999.0,-9999.0,-9999.0,-9999.0,149.0,lane7,spur3,stable_reference,3.582554008363329,-2.7879640697126518,-0.2172171574041912,-3.9672962644718535,-0.2172171574041912,8.516666599999997,300.21457674402757,1.31430375880653,252.37374491520717,0.8065488404947619,0.8066968391251821,-0.6153328400924103,0.8994184787481814,1.023757358643498,-0.2172085181487361
P15_AV2_1_interaction,P15,AV2,1,on_ramp,P15_AV2_1,P15_AV2.1.asc,AV1,60,initiator_active,3928,1,65466.67,65466.6667,1.0,21.36,76.896,149.0,69.345989,-1367.429824,0.0,0.0,0.0,21.36,0.0,0.0,1367.354412,-34.349824,6.246931,1.0,0.0,0.0,0.0,0.0,1415.430713,-34.225632,1021.0,5006.0,0.0,149.0,-0.101354,35.321476,127.157312,35.321465,-0.027413,5e-06,-0.000655,-0.016564,0.000118,0.022294,0.231156,0.0,0.0,0.0,0.0,1.0,-9999.0,-9999.0,-9999.0,-9999.0,-9999.0,-9999.0,-9999.0,-9999.0,43.896823,1.0,-9999.0,-9999.0,-9999.0,-9999.0,149.0,lane7,spur3,stable_reference,3.579451157976301,-2.792725337252983,-0.2304271066859836,-3.980512791087505,-0.2304271066859836,8.533332699999999,300.8032427517021,1.3174589452237913,252.72960386217324,0.7965122928241957,0.796571542128025,-0.6003940013551379,0.8114904899201782,1.0269302348628633,-0.2304179420386676
P15_AV2_1_interaction,P15,AV2,1,on_ramp,P15_AV2_1,P15_AV2.1.asc,AV1,60,initiator_active,3929,1,65483.33,65483.3335,1.0,21.36,76.896,149.0,69.701725,-1367.785801,0.0,0.0,0.0,21.36,0.0,0.0,1367.710184,-34.362564,6.247526,1.0,0.0,0.0,0.0,0.0,1416.019386,-34.227337,1021.0,5006.0,0.0,149.0,-0.101587,35.321465,127.157273,35.321454,-0.027893,7e-06,-0.000654,-0.015418,9.4e-05,0.022294,0.231156,0.0,0.0,0.0,0.0,1.0,-9999.0,-9999.0,-9999.0,-9999.0,-9999.0,-9999.0,-9999.0,-9999.0,44.129758,1.0,-9999.0,-9999.0,-9999.0,-9999.0,149.0,lane7,spur3,stable_reference,3.5765814398282725,-2.7972534822398405,-0.2434040613477542,-3.993496323233959,-0.2434040613477542,8.549999499999998,301.3919097758481,1.3206121399618507,253.08546888598994,0.7867088032405665,0.7866839759198851,-0.5882836275618786,0.6060680045660085,1.0301031838159078,-0.24339438057534135
P15_AV2_1_interaction,P15,AV2,1,on_ramp,P15_AV2_1,P15_AV2.1.asc,AV1,60,initiator_active,3930,1,65500.0,65500.0006,1.0,21.36,76.896,149.0,70.057467,-1368.141781,0.0,0.0,0.0,21.36,0.0,0.0,1368.065961,-34.37515,6.247908,1.0,0.0,0.0,0.0,0.0,1416.640762,-34.229139,1021.0,5006.0,0.0,149.0,-0.101786,35.321454,127.157233,35.321442,-0.028192,8e-06,-0.000652,-0.014715,6.3e-05,0.022294,0.231156,0.0,0.0,0.0,0.0,1.0,-9999.0,-9999.0,-9999.0,-9999.0,-9999.0,-9999.0,-9999.0,-9999.0,44.39539,1.0,-9999.0,-9999.0,-9999.0,-9999.0,149.0,lane7,spur3,stable_reference,3.573865801109134,-2.801627552860206,-0.2562270193738705,-4.006325858839118,-0.2562270193738705,8.566666599999996,302.01327948683604,1.3239382257739705,253.44133763872176,0.7770593496760743,0.7769617574946279,-0.5801914634275533,0.43168071612495496,1.0332761782772566,-0.25621682860118233
P15_AV2_1_interaction,P15,AV2,1,on_ramp,P15_AV2_1,P15_AV2.1.asc,AV1,60,initiator_active,3931,1,65516.67,65516.6675,1.0,21.36,76.896,149.0,70.413211,-1368.497762,0.0,0.0,0.0,21.36,0.0,0.0,1368.421742,-34.387643,6.248133,1.0,0.0,0.0,0.0,0.0,1417.19673,-34.230754,1021.0,5006.0,0.0,149.0,-0.101923,35.321443,127.157196,35.321432,-0.028293,9e-06,-0.000651,-0.014819,3.5e-05,0.022451,0.231156,0.0,0.0,0.0,0.0,1.0,-9999.0,-9999.0,-9999.0,-9999.0,-9999.0,-9999.0,-9999.0,-9999.0,44.595611,1.0,-9999.0,-9999.0,-9999.0,-9999.0,149.0,lane7,spur3,stable_reference,3.5712432375461054,-2.805908555948135,-0.2689615240328144,-4.019057831531641,-0.2689615240328144,8.5833335,302.56924188197706,1.3269115131709688,253.79720962381703,0.7675029259553219,0.7673438724274073,-0.5738939610360951,0.4241869740906843,1.0364537083983998,-0.2689507824430779
P15_AV2_1_interaction,P15,AV2,1,on_ramp,P15_AV2_1,P15_AV2.1.asc,AV1,60,initiator_active,3932,1,65533.33,65533.3335,1.0,21.36,76.896,149.0,70.768956,-1368.853745,0.0,0.0,0.0,21.36,0.0,0.0,1368.777525,-34.400085,6.248255,1.0,0.0,0.0,0.0,0.0,1417.785402,-34.232464,1021.0,5006.0,0.0,149.0,-0.102026,35.321433,127.157158,35.321422,-0.028245,9e-06,-0.00065,-0.014967,1e-05,0.022451,0.231156,0.0,0.0,0.0,0.0,1.0,-9999.0,-9999.0,-9999.0,-9999.0,-9999.0,-9999.0,-9999.0,-9999.0,44.828533,1.0,-9999.0,-9999.0,-9999.0,-9999.0,149.0,lane7,spur3,stable_reference,3.568671709830715,-2.8101385264677488,-0.2816470547680055,-4.031736771667989,-0.2816470547680055,8.599999499999997,303.1579079474207,1.3300596998266063,254.15308318795692,0.7579975170031956,0.757832201773046,-0.5660521648524508,0.5740619450676405,1.0396333235559643,-0.28163580655276865
P15_AV2_1_interaction,P15,AV2,1,on_ramp,P15_AV2_1,P15_AV2.1.asc,AV1,60,initiator_active,3933,1,65550.0,65550.0008,1.0,21.36,76.896,149.0,71.124699,-1369.209727,0.0,0.0,0.0,21.36,0.0,0.0,1369.133308,-34.4125,6.248316,1.0,0.0,0.0,0.0,0.0,1418.406777,-34.234272,1021.0,5006.0,0.0,149.0,-0.102087,35.321422,127.157118,35.32141,-0.028031,9e-06,-0.000649,-0.015515,-1e-05,0.022451,0.231156,0.0,0.0,0.0,0.0,1.0,-9999.0,-9999.0,-9999.0,-9999.0,-9999.0,-9999.0,-9999.0,-9999.0,45.09416,1.0,-9999.0,-9999.0,-9999.0,-9999.0,149.0,lane7,spur3,stable_reference,3.5661271717328424,-2.8143415041747657,-0.2943055855095159,-4.0443887118103286,-0.2943055855095159,8.616666799999992,303.77927670795873,1.3333797775903657,254.50895652927417,0.7485191071316063,0.7484754979455581,-0.5547583128001605,0.7895278019292284,1.0428129388786922,-0.2942938317470859
P15_AV2_1_interaction,P15,AV2,1,on_ramp,P15_AV2_1,P15_AV2.1.asc,AV1,60,initiator_active,3934,1,65566.67,65566.6676,1.0,21.36,76.896,149.0,71.480441,-1369.56571,0.0,0.0,0.0,21.36,0.0,0.0,1369.489096,-34.42479,6.248979,1.0,0.0,0.0,0.0,0.0,1418.962745,-34.235892,1021.0,5006.0,0.0,149.0,-0.1021,35.321412,127.157082,35.321401,-0.02771,9e-06,-0.000649,-0.016322,-2.2e-05,0.022294,0.231156,0.0,0.0,0.0,0.0,1.0,-9999.0,-9999.0,-9999.0,-9999.0,-9999.0,-9999.0,-9999.0,-9999.0,45.29438,1.0,-9999.0,-9999.0,-9999.0,-9999.0,149.0,lane7,spur3,stable_reference,3.563707724215416,-2.8184193997954807,-0.3068391197028161,-4.056915655310261,-0.3068391197028161,8.633333599999998,304.33523914436347,1.3363480651576274,254.86483383883478,0.7391657342667245,0.7393398260758488,-0.5397340780709072,0.9878008321494978,1.0459925996519372,-0.30682686538521275
P15_AV2_1_interaction,P15,AV2,1,on_ramp,P15_AV2_1,P15_AV2.1.asc,AV1,60,initiator_active,3935,1,65583.33,65583.3341,1.0,21.36,76.896,149.0,71.836183,-1369.921695,0.0,0.0,0.0,21.36,0.0,0.0,1369.844899,-34.436622,6.250263,1.0,0.0,0.0,0.0,0.0,1419.551416,-34.23761,1021.0,5006.0,0.0,149.0,-0.10207,35.321401,127.157044,35.32139,-0.027249,9e-06,-0.000649,-0.017476,-2.7e-05,0.022294,0.231156,0.0,0.0,0.0,0.0,1.0,-9999.0,-9999.0,-9999.0,-9999.0,-9999.0,-9999.0,-9999.0,-9999.0,45.5273,1.0,-9999.0,-9999.0,-9999.0,-9999.0,149.0,lane7,spur3,stable_reference,3.5617465165227875,-2.822039071251915,-0.3189146642709179,-4.068984608901399,-0.3189146642709179,8.65000009999999,304.9239042758625,1.339488243833011,255.2207223681517,0.7302704695954667,0.7304843749599335,-0.5218317031337847,1.1096456465237416,1.0491723972844644,-0.3189019276889977
P15_AV2_1_interaction,P15,AV2,1,on_ramp,P15_AV2_1,P15_AV2.1.asc,AV1,60,initiator_active,3936,1,65600.0,65600.0007,1.0,21.36,76.896,149.0,72.191938,-1370.277683,0.0,0.0,0.0,21.36,0.0,0.0,1370.200717,-34.448014,6.251463,1.0,0.0,0.0,0.0,0.0,1420.140087,-34.23933,1021.0,5006.0,0.0,149.0,-0.101996,35.32139,127.157006,35.32138,-0.026678,8e-06,-0.000649,-0.018908,-2.6e-05,0.022294,0.231156,0.0,0.0,0.0,0.0,1.0,-9999.0,-9999.0,-9999.0,-9999.0,-9999.0,-9999.0,-9999.0,-9999.0,45.760205,1.0,-9999.0,-9999.0,-9999.0,-9999.0,149.0,lane7,spur3,stable_reference,3.560225555576601,-2.825218513752465,-0.3305502192096085,-4.08061357257975,-0.3305502192096085,8.666666700000002,305.51256942386703,1.3426264225764932,255.57662226577366,0.7218153137308029,0.7219455596322595,-0.5027461416722581,1.1071894123360941,1.0523523316661596,-0.3305370179353567
P15_AV2_1_interaction,P15,AV2,1,on_ramp,P15_AV2_1,P15_AV2.1.asc,AV1,60,initiator_active,3937,1,65616.67,65616.6674,1.0,21.36,76.896,149.0,72.547705,-1370.633675,0.0,0.0,0.0,21.36,0.0,0.0,1370.556545,-34.45906,6.252356,1.0,0.0,0.0,0.0,0.0,1420.728758,-34.241054,1021.0,5006.0,0.0,149.0,-0.101877,35.32138,127.156967,35.32137,-0.026007,8e-06,-0.000649,-0.020588,-2.1e-05,0.022294,0.231156,0.0,0.0,0.0,0.0,1.0,-9999.0,-9999.0,-9999.0,-9999.0,-9999.0,-9999.0,-9999.0,-9999.0,45.993095,1.0,-9999.0,-9999.0,-9999.0,-9999.0,149.0,lane7,spur3,stable_reference,3.559050738875796,-2.828051817635626,-0.3418397810743663,-4.0918965429945935,-0.3418397810743663,8.683333400000004,306.1012346048823,1.3457606014562018,255.93252930762375,0.7137062286103574,0.7137261889126938,-0.4849254338853406,0.9363975079675964,1.0555323575361613,-0.3418261289258039
P15_AV2_1_interaction,P15,AV2,1,on_ramp,P15_AV2_1,P15_AV2.1.asc,AV1,60,initiator_active,3938,1,65633.33,65633.3343,1.0,21.36,76.896,149.0,72.90348,-1370.989668,0.0,0.0,0.0,21.36,0.0,0.0,1370.912381,-34.469868,6.252954,1.0,0.0,0.0,0.0,0.0,1421.317428,-34.242781,1021.0,5006.0,0.0,149.0,-0.101713,35.321369,127.156929,35.32136,-0.025249,8e-06,-0.00065,-0.022491,-1.2e-05,0.022294,0.231156,0.0,0.0,0.0,0.0,1.0,-9999.0,-9999.0,-9999.0,-9999.0,-9999.0,-9999.0,-9999.0,-9999.0,46.225974,1.0,-9999.0,-9999.0,-9999.0,-9999.0,149.0,lane7,spur3,stable_reference,3.558114052491317,-2.830647000296308,-0.3528888311311516,-4.102940257947521,-0.3528888311311516,8.7000003,306.6898988106898,1.3488917721853755,256.28844238506105,0.7058352014065873,0.7057812524836493,-0.47153269483811755,0.6387707277375245,1.0587101716433343,-0.35287497023674697
P15_AV2_1_interaction,P15,AV2,1,on_ramp,P15_AV2_1,P15_AV2.1.asc,AV1,60,initiator_active,3939,1,65650.0,65650.0007,1.0,21.36,76.896,149.0,73.259259,-1371.345664,0.0,0.0,0.0,21.36,0.0,0.0,1371.268222,-34.480526,6.253322,1.0,0.0,0.0,0.0,0.0,1421.906099,-34.244513,1021.0,5006.0,0.0,149.0,-0.101504,35.321359,127.156891,35.32135,-0.024413,7e-06,-0.000651,-0.024589,-2e-06,0.022294,0.231156,0.0,0.0,0.0,0.0,1.0,-9999.0,-9999.0,-9999.0,-9999.0,-9999.0,-9999.0,-9999.0,-9999.0,46.458845,1.0,-9999.0,-9999.0,-9999.0,-9999.0,149.0,lane7,spur3,stable_reference,3.5573274470738543,-2.833092107525703,-0.3637640581962305,-4.113822051026746,-0.3637640581962305,8.716666700000001,307.27856405772656,1.3520179513375152,256.644359224424,0.6981142103581642,0.698008442979108,-0.4636329328065578,0.40168385174445476,1.061863980498909,-0.3637497701407447
P15_AV2_1_interaction,P15,AV2,1,on_ramp,P15_AV2_1,P15_AV2.1.asc,AV1,60,initiator_active,3940,1,65666.67,65666.6676,1.0,21.36,76.896,149.0,73.61504,-1371.701659,0.0,0.0,0.0,21.36,0.0,0.0,1371.624065,-34.491097,6.25353,1.0,0.0,0.0,0.0,0.0,1422.494769,-34.24625,1021.0,5006.0,0.0,149.0,-0.101252,35.321348,127.156853,35.32134,-0.023512,8e-06,-0.000652,-0.026857,9e-06,0.022294,0.231156,0.0,0.0,0.0,0.0,1.0,-9999.0,-9999.0,-9999.0,-9999.0,-9999.0,-9999.0,-9999.0,-9999.0,46.691713,1.0,-9999.0,-9999.0,-9999.0,-9999.0,149.0,lane7,spur3,stable_reference,3.5566278636607094,-2.835450191769988,-0.3745522864984666,-4.124616845381021,-0.3745522864984666,8.733333599999998,307.86722834606076,1.3551391224072242,257.0002773457349,0.6904802328524179,0.6903268395876697,-0.4581433188133026,0.3701481974284615,1.06501780755149,-0.3745375746990721
P15_AV2_1_interaction,P15,AV2,1,on_ramp,P15_AV2_1,P15_AV2.1.asc,AV1,60,initiator_active,3941,1,65683.33,65683.3335,1.0,21.36,76.896,149.0,73.970821,-1372.057656,0.0,0.0,0.0,21.36,0.0,0.0,1371.979909,-34.501623,6.253637,1.0,0.0,0.0,0.0,0.0,1423.083439,-34.247993,1021.0,5006.0,0.0,149.0,-0.100955,35.321338,127.156815,35.32133,-0.022554,8e-06,-0.000653,-0.029272,1.4e-05,0.022294,0.231156,0.0,0.0,0.0,0.0,1.0,-9999.0,-9999.0,-9999.0,-9999.0,-9999.0,-9999.0,-9999.0,-9999.0,46.924579,1.0,-9999.0,-9999.0,-9999.0,-9999.0,149.0,lane7,spur3,stable_reference,3.55597329067293,-2.8377632649210014,-0.3852955154195423,-4.135366640373108,-0.3852955154195423,8.74999949999999,308.4558926839113,1.3582542936812672,257.3561960956405,0.6828912620669378,0.682737237869073,-0.45129493852081026,0.5049287328638155,1.0681716437106765,-0.3852803816437387
P15_AV2_1_interaction,P15,AV2,1,on_ramp,P15_AV2_1,P15_AV2.1.asc,AV1,60,initiator_active,3942,1,65700.0,65700.0007,1.0,21.36,76.896,149.0,74.3266,-1372.413652,0.0,0.0,0.0,21.36,0.0,0.0,1372.335754,-34.512126,6.253687,1.0,0.0,0.0,0.0,0.0,1423.672109,-34.249742,1021.0,5006.0,0.0,149.0,-0.100613,35.321327,127.156777,35.32132,-0.021548,8e-06,-0.000654,-0.03181,1.1e-05,0.022294,0.231156,0.0,0.0,0.0,0.0,1.0,-9999.0,-9999.0,-9999.0,-9999.0,-9999.0,-9999.0,-9999.0,-9999.0,47.157444,1.0,-9999.0,-9999.0,-9999.0,-9999.0,149.0,lane7,spur3,stable_reference,3.555341736570307,-2.840053321122357,-0.3960157449553657,-4.146093435998662,-0.3960157449553657,8.766666700000002,309.04455707127806,1.3613634651596354,257.71211565570025,0.675325298750906,0.6752837909383697,-0.44131223444010814,0.7010716032155795,1.0713254888574364,-0.3960001901065304
P15_AV2_1_interaction,P15,AV2,1,on_ramp,P15_AV2_1,P15_AV2.1.asc,AV1,60,initiator_active,3943,1,65716.67,65716.6675,1.0,21.36,76.896,149.0,74.682376,-1372.769649,0.0,0.0,0.0,21.36,0.0,0.0,1372.691602,-34.522518,6.254281,1.0,0.0,0.0,0.0,0.0,1424.260779,-34.251499,1021.0,5006.0,0.0,149.0,-0.100229,35.321316,127.156739,35.321311,-0.020504,8e-06,-0.000655,-0.03445,0.0,0.022294,0.231156,0.0,0.0,0.0,0.0,1.0,-9999.0,-9999.0,-9999.0,-9999.0,-9999.0,-9999.0,-9999.0,-9999.0,47.390309,1.0,-9999.0,-9999.0,-9999.0,-9999.0,149.0,lane7,spur3,stable_reference,3.554821222972637,-2.8422323376551337,-0.4066249763432796,-4.156709233532921,-0.4066249763432796,8.783333499999994,309.63322152466606,1.3644646369104256,258.0680372996092,0.6678703564129554,0.6680265311420842,-0.42792549940106284,0.8826157497184646,1.0744793611941945,-0.40660900478123907
P15_AV2_1_interaction,P15,AV2,1,on_ramp,P15_AV2_1,P15_AV2.1.asc,AV1,60,initiator_active,3944,1,65733.33,65733.3334,1.0,21.36,76.896,149.0,75.038153,-1373.125646,0.0,0.0,0.0,21.36,0.0,0.0,1373.047462,-34.532499,6.255434,1.0,0.0,0.0,0.0,0.0,1424.849448,-34.253264,1021.0,5006.0,0.0,149.0,-0.0998,35.321306,127.156701,35.321301,-0.019429,8e-06,-0.000655,-0.037171,-1.6e-05,0.022294,0.231156,0.0,0.0,0.0,0.0,1.0,-9999.0,-9999.0,-9999.0,-9999.0,-9999.0,-9999.0,-9999.0,-9999.0,47.623171,1.0,-9999.0,-9999.0,-9999.0,-9999.0,149.0,lane7,spur3,stable_reference,3.5547118840844543,-2.844000186729013,-0.4168232151333723,-4.1669140386955,-0.4168232151333723,8.7999994,310.2218850441098,1.3675578006809639,258.42396755125304,0.6608264991110837,0.6610198651329603,-0.4118924113881377,0.995574102352677,1.0776333421123254,-0.4168068430012417
P15_AV2_1_interaction,P15,AV2,1,on_ramp,P15_AV2_1,P15_AV2.1.asc,AV1,60,initiator_active,3945,1,65750.0,65750.0,1.0,21.36,76.896,149.0,75.393939,-1373.481644,0.0,0.0,0.0,21.36,0.0,0.0,1373.403333,-34.542083,6.256513,1.0,0.0,0.0,0.0,0.0,1425.438117,-34.255038,1021.0,5006.0,0.0,149.0,-0.099329,35.321295,127.156663,35.321291,-0.018332,7e-06,-0.000656,-0.039955,-3.3e-05,0.022294,0.231156,0.0,0.0,0.0,0.0,1.0,-9999.0,-9999.0,-9999.0,-9999.0,-9999.0,-9999.0,-9999.0,-9999.0,47.85602,1.0,-9999.0,-9999.0,-9999.0,-9999.0,149.0,lane7,spur3,stable_reference,3.554999697559772,-2.8453708876894312,-0.4266244607125745,-4.1767218508546975,-0.4266244607125745,8.816665999999998,310.8105486378277,1.37064196475799,258.7799055262038,0.6541797190693729,0.654297139277382,-0.39474047867100737,0.9961666834000571,1.080787422672968,-0.426607703603595
P15_AV2_1_interaction,P15,AV2,1,on_ramp,P15_AV2_1,P15_AV2.1.asc,AV1,60,initiator_active,3946,1,65766.67,65766.6674,1.0,21.36,76.896,149.0,75.749733,-1373.837644,0.0,0.0,0.0,21.36,0.0,0.0,1373.759213,-34.551356,6.257316,1.0,0.0,0.0,0.0,0.0,1426.026786,-34.256821,1021.0,5006.0,0.0,149.0,-0.098814,35.321285,127.156625,35.321281,-0.017219,7e-06,-0.000657,-0.042784,-4.9e-05,0.022294,0.231156,0.0,0.0,0.0,0.0,1.0,-9999.0,-9999.0,-9999.0,-9999.0,-9999.0,-9999.0,-9999.0,-9999.0,48.088856,1.0,-9999.0,-9999.0,-9999.0,-9999.0,149.0,lane7,spur3,stable_reference,3.5555986410097478,-2.8464304637877227,-0.4361081184361675,-4.186212075308357,-0.4361081184361675,8.833333400000003,311.3992123058199,1.3737171291414962,259.1358499342611,0.6478440027110767,0.6478615998167694,-0.3786862438903782,0.8473825992919117,1.0839351344491446,-0.4360911317380679
P15_AV2_1_interaction,P15,AV2,1,on_ramp,P15_AV2_1,P15_AV2.1.asc,AV1,60,initiator_active,3947,1,65783.33,65783.3339,1.0,21.36,76.896,149.0,76.105532,-1374.193644,0.0,0.0,0.0,21.36,0.0,0.0,1374.115097,-34.560416,6.257855,1.0,0.0,0.0,0.0,0.0,1426.648159,-34.258716,1021.0,5006.0,0.0,149.0,-0.098226,35.321274,127.156585,35.32127,-0.016034,6e-06,-0.000658,-0.045799,-6.2e-05,0.022294,0.231156,0.0,0.0,0.0,0.0,1.0,-9999.0,-9999.0,-9999.0,-9999.0,-9999.0,-9999.0,-9999.0,-9999.0,48.354386,1.0,-9999.0,-9999.0,-9999.0,-9999.0,149.0,lane7,spur3,stable_reference,3.5564106134714226,-2.847277004297576,-0.4453721863889136,-4.195482706566047,-0.4453721863889136,8.849999899999995,312.0205797844104,1.3769501933625754,259.49179658435895,0.6417213121100387,0.6416740365200841,-0.36649370335770826,0.5842043182456749,1.0870761509593119,-0.4453548388492732
P15_AV2_1_interaction,P15,AV2,1,on_ramp,P15_AV2_1,P15_AV2.1.asc,AV1,60,initiator_active,3948,1,65800.0,65800.0007,1.0,21.36,76.896,149.0,76.461335,-1374.549644,0.0,0.0,0.0,21.36,0.0,0.0,1374.470985,-34.56934,6.258185,1.0,0.0,0.0,0.0,0.0,1427.204124,-34.260422,1021.0,5006.0,0.0,149.0,-0.097659,35.321263,127.156549,35.32126,-0.014971,5e-06,-0.000658,-0.048508,-7.1e-05,0.022294,0.231156,0.0,0.0,0.0,0.0,1.0,-9999.0,-9999.0,-9999.0,-9999.0,-9999.0,-9999.0,-9999.0,-9999.0,48.554504,1.0,-9999.0,-9999.0,-9999.0,-9999.0,149.0,lane7,spur3,stable_reference,3.557358644554128,-2.847987488721602,-0.4545002566576855,-4.204617340214993,-0.4545002566576855,8.866666700000001,312.57653993064866,1.379832459100413,259.8477461119542,0.6357346498884132,0.6356451581129465,-0.35921287450305783,0.36398285356858295,1.0902172034621171,-0.45448255357370393
P15_AV2_1_interaction,P15,AV2,1,on_ramp,P15_AV2_1,P15_AV2.1.asc,AV1,60,initiator_active,3949,1,65816.67,65816.6673,1.0,21.36,76.896,149.0,76.817137,-1374.905644,0.0,0.0,0.0,21.36,0.0,0.0,1374.826875,-34.578187,6.258372,1.0,0.0,0.0,0.0,0.0,1427.792792,-34.26224,1021.0,5006.0,0.0,149.0,-0.097019,35.321253,127.15651,35.32125,-0.013849,3e-06,-0.000659,-0.051375,-7.7e-05,0.022294,0.231156,0.0,0.0,0.0,0.0,1.0,-9999.0,-9999.0,-9999.0,-9999.0,-9999.0,-9999.0,-9999.0,-9999.0,48.787321,1.0,-9999.0,-9999.0,-9999.0,-9999.0,149.0,lane7,spur3,stable_reference,3.5583837014865214,-2.8486209474985063,-0.4635513280859481,-4.213674975061142,-0.4635513280859481,8.883333299999999,313.16520288751894,1.3828726164231215,260.2036970040244,0.6298250015500092,0.6297002490823542,-0.3543608881613842,0.313019987298361,1.093358274006788,-0.4635332724567788
P15_AV2_1_interaction,P15,AV2,1,on_ramp,P15_AV2_1,P15_AV2.1.asc,AV1,60,initiator_active,3950,1,65833.33,65833.334,1.0,21.36,76.896,149.0,77.172939,-1375.261644,0.0,0.0,0.0,21.36,0.0,0.0,1375.182767,-34.586992,6.258469,1.0,0.0,0.0,0.0,0.0,1428.381461,-34.264072,1021.0,5006.0,0.0,149.0,-0.096337,35.321242,127.156472,35.32124,-0.012733,2e-06,-0.00066,-0.054226,-8e-05,0.022294,0.231156,0.0,0.0,0.0,0.0,1.0,-9999.0,-9999.0,-9999.0,-9999.0,-9999.0,-9999.0,-9999.0,-9999.0,49.020136,1.0,-9999.0,-9999.0,-9999.0,-9999.0,149.0,lane7,spur3,stable_reference,3.559450797727386,-2.8492123713112925,-0.4725604006679414,-4.222690611098364,-0.4725604006679414,8.9,313.753866959893,1.3858987824752789,260.5596495494134,0.6239573682867189,0.6238331407866146,-0.3487788809805039,0.4034728177667173,1.0964993624161878,-0.47254199412946896
P15_AV2_1_interaction,P15,AV2,1,on_ramp,P15_AV2_1,P15_AV2.1.asc,AV1,60,initiator_active,3951,1,65850.0,65850.0,1.0,21.36,76.896,149.0,77.528739,-1375.617644,0.0,0.0,0.0,21.36,0.0,0.0,1375.538658,-34.595777,6.258514,1.0,0.0,0.0,0.0,0.0,1429.002832,-34.266021,1021.0,5006.0,0.0,149.0,-0.095572,35.321231,127.156431,35.321229,-0.01157,1e-06,-0.000661,-0.057208,-8.1e-05,0.022451,0.231156,0.0,0.0,0.0,0.0,1.0,-9999.0,-9999.0,-9999.0,-9999.0,-9999.0,-9999.0,-9999.0,-9999.0,49.285653,1.0,-9999.0,-9999.0,-9999.0,-9999.0,149.0,lane7,spur3,stable_reference,3.5605378585480087,-2.849783823520333,-0.4815494726798117,-4.231686246547223,-0.4815494726798117,8.916665999999998,314.3752328841968,1.3890778320298853,260.91560092978256,0.6181097260896619,0.6180745027307135,-0.3409121457408766,0.549687841922367,1.099640442100734,-0.4815307160110721
P15_AV2_1_interaction,P15,AV2,1,on_ramp,P15_AV2_1,P15_AV2.1.asc,AV1,60,initiator_active,3952,1,65866.67,65866.6673,1.0,21.36,76.896,149.0,77.884536,-1375.973644,0.0,0.0,0.0,21.36,0.0,0.0,1375.894552,-34.604475,6.258979,1.0,0.0,0.0,0.0,0.0,1429.5915,-34.267883,1021.0,5006.0,0.0,149.0,-0.094807,35.32122,127.156393,35.321219,-0.010484,-1e-06,-0.000662,-0.059993,-8e-05,0.022451,0.231156,0.0,0.0,0.0,0.0,1.0,-9999.0,-9999.0,-9999.0,-9999.0,-9999.0,-9999.0,-9999.0,-9999.0,49.518467,1.0,-9999.0,-9999.0,-9999.0,-9999.0,149.0,lane7,spur3,stable_reference,3.561711969102467,-2.8502682296720057,-0.4904515464262305,-4.240594883786904,-0.4904515464262305,8.9333333,314.96389620418574,1.392073990850978,261.27155459206546,0.6123491056879724,0.6124694259713521,-0.33045576930287623,0.6876487492235555,1.1027815487038344,-0.490432443015862
P15_AV2_1_interaction,P15,AV2,1,on_ramp,P15_AV2_1,P15_AV2.1.asc,AV1,60,initiator_active,3953,1,65883.33,65883.3334,1.0,21.36,76.896,149.0,78.240332,-1376.329643,0.0,0.0,0.0,21.36,0.0,0.0,1376.250453,-34.612851,6.259877,1.0,0.0,0.0,0.0,0.0,1430.180168,-34.26976,1021.0,5006.0,0.0,149.0,-0.094,35.321209,127.156354,35.321208,-0.009424,-2e-06,-0.000665,-0.06339,-7.6e-05,0.022765,0.231156,0.0,0.0,0.0,0.0,1.0,-9999.0,-9999.0,-9999.0,-9999.0,-9999.0,-9999.0,-9999.0,-9999.0,49.751278,1.0,-9999.0,-9999.0,-9999.0,-9999.0,149.0,lane7,spur3,stable_reference,3.5632081499426467,-2.8504305600342508,-0.4990316242394917,-4.249181525225984,-0.4990316242394917,8.949999400000001,315.5525596479651,1.3950551501828765,261.6275125967434,0.6069105320897281,0.6070592743841989,-0.31799061961430297,0.7736132038341026,1.1059227187191774,-0.49901218662944924
P15_AV2_1_interaction,P15,AV2,1,on_ramp,P15_AV2_1,P15_AV2.1.asc,AV1,60,initiator_active,3954,1,65900.0,65900.0,1.0,21.36,76.896,149.0,78.596134,-1376.685643,0.0,0.0,0.0,21.36,0.0,0.0,1376.606362,-34.62092,6.260716,1.0,0.0,0.0,0.0,0.0,1430.736131,-34.271549,1021.0,5006.0,0.0,149.0,-0.093202,35.321199,127.156317,35.321198,-0.00845,-3e-06,-0.000667,-0.066561,-7.1e-05,0.023079,0.231156,0.0,0.0,0.0,0.0,1.0,-9999.0,-9999.0,-9999.0,-9999.0,-9999.0,-9999.0,-9999.0,-9999.0,49.951377,1.0,-9999.0,-9999.0,-9999.0,-9999.0,149.0,lane7,spur3,stable_reference,3.5650114345661037,-2.850285787541833,-0.5072868268037026,-4.257425428948299,-0.5072868268037026,8.966665999999998,316.1085184792446,1.3978544022418105,261.9834760675724,0.6017790140584235,0.601869946674547,-0.3046691267842583,0.7785673019766541,1.1090463295527047,-0.5072673154942812
P15_AV2_1_interaction,P15,AV2,1,on_ramp,P15_AV2_1,P15_AV2.1.asc,AV1,60,initiator_active,3955,1,65916.67,65916.6667,1.0,21.36,76.896,149.0,78.95194,-1377.041642,0.0,0.0,0.0,21.36,0.0,0.0,1376.962276,-34.628747,6.261341,1.0,0.0,0.0,0.0,0.0,1431.324798,-34.273461,1021.0,5006.0,0.0,149.0,-0.092319,35.321188,127.156278,35.321188,-0.007448,-4e-06,-0.000669,-0.069827,-6.5e-05,0.023393,0.231156,0.0,0.0,0.0,0.0,1.0,-9999.0,-9999.0,-9999.0,-9999.0,-9999.0,-9999.0,-9999.0,-9999.0,50.18417,1.0,-9999.0,-9999.0,-9999.0,-9999.0,149.0,lane7,spur3,stable_reference,3.56705676477921,-2.8498989641085184,-0.5152981484460447,-4.26542356900495,-0.5152981484460447,8.983332699999998,316.6971812119023,1.400800554512913,262.33944254107985,0.5968895290495002,0.5969036483187224,-0.2920384063124324,0.6817561938513474,1.1121678580539824,-0.5152783290044822
P15_AV2_1_interaction,P15,AV2,1,on_ramp,P15_AV2_1,P15_AV2.1.asc,AV1,60,initiator_active,3956,1,65933.33,65933.3335,1.0,21.36,76.896,149.0,79.307748,-1377.39764,0.0,0.0,0.0,21.36,0.0,0.0,1377.318193,-34.636407,6.261759,1.0,0.0,0.0,0.0,0.0,1431.946169,-34.275498,1021.0,5006.0,0.0,149.0,-0.091344,35.321177,127.156236,35.321176,-0.006426,-5e-06,-0.000673,-0.07383,-5.7e-05,0.024021,0.231156,0.0,0.0,0.0,0.0,1.0,-9999.0,-9999.0,-9999.0,-9999.0,-9999.0,-9999.0,-9999.0,-9999.0,50.449658,1.0,-9999.0,-9999.0,-9999.0,-9999.0,149.0,lane7,spur3,stable_reference,3.5692691139632062,-2.849345115913828,-0.5231424716644311,-4.273254710523459,-0.5231424716644311,8.99999949999999,317.3185478624429,1.4038916070642766,262.6954106362857,0.5921670631116253,0.592135285645517,-0.28194382191366785,0.47864488989391063,1.1152894136254616,-0.5231223505138364
P15_AV2_1_interaction,P15,AV2,1,on_ramp,P15_AV2_1,P15_AV2.1.asc,AV1,60,initiator_active,3957,1,65950.0,65950.0007,1.0,21.36,76.896,149.0,79.663557,-1377.753638,0.0,0.0,0.0,21.36,0.0,0.0,1377.674113,-34.643962,6.262016,1.0,0.0,0.0,0.0,0.0,1432.534835,-34.277449,1021.0,5006.0,0.0,149.0,-0.09038,35.321166,127.156197,35.321165,-0.005491,-6e-06,-0.000677,-0.077287,-5.2e-05,0.024492,0.231156,0.0,0.0,0.0,0.0,1.0,-9999.0,-9999.0,-9999.0,-9999.0,-9999.0,-9999.0,-9999.0,-9999.0,50.682439,1.0,-9999.0,-9999.0,-9999.0,-9999.0,149.0,lane7,spur3,stable_reference,3.571586505959354,-2.848686226453361,-0.5308817964505634,-4.280980853496659,-0.5308817964505634,9.016666700000002,317.90720991698936,1.4067987524107914,263.05138086485675,0.587549618356148,0.587505336283611,-0.27608335917419424,0.25273161711147374,1.118410995985544,-0.5308613776293959
P15_AV2_1_interaction,P15,AV2,1,on_ramp,P15_AV2_1,P15_AV2.1.asc,AV1,60,initiator_active,3958,1,65966.67,65966.6675,1.0,21.36,76.896,149.0,80.019366,-1378.109635,0.0,0.0,0.0,21.36,0.0,0.0,1378.030034,-34.651457,6.262162,1.0,0.0,0.0,0.0,0.0,1433.123502,-34.27942,1021.0,5006.0,0.0,161.0,-0.089417,35.321155,127.156157,35.321154,-0.004578,-7e-06,-0.000679,-0.080025,-4.7e-05,0.024649,0.231156,0.0,0.0,0.0,0.0,1.0,-9999.0,-9999.0,-9999.0,-9999.0,-9999.0,-9999.0,-9999.0,-9999.0,50.915217,1.0,-9999.0,-9999.0,-9999.0,-9999.0,149.0,lane7,spur3,stable_reference,3.573963902612816,-2.847967329892638,-0.5385611217626249,-4.288646996957636,-0.5385611217626249,9.033333499999994,318.49587313655564,1.4096859066910727,263.40735159823214,0.5829921798101237,0.5829323215870492,-0.27351918708190226,0.1348454679915001,1.1215325873887116,-0.5385404075785879
P15_AV2_1_interaction,P15,AV2,1,on_ramp,P15_AV2_1,P15_AV2.1.asc,AV1,60,initiator_active,3959,1,65983.33,65983.3341,1.0,21.36,76.896,149.0,80.375173,-1378.465632,0.0,0.0,0.0,21.36,0.0,0.0,1378.385956,-34.65892,6.262237,1.0,0.0,0.0,0.0,0.0,1433.712168,-34.281412,1021.0,5006.0,0.0,161.0,-0.088456,35.321143,127.156116,35.321143,-0.003677,-8e-06,-0.00068,-0.08238,-4.4e-05,0.024335,0.231156,0.0,0.0,0.0,0.0,1.0,-9999.0,-9999.0,-9999.0,-9999.0,-9999.0,-9999.0,-9999.0,-9999.0,51.147993,1.0,-9999.0,-9999.0,-9999.0,-9999.0,149.0,lane7,spur3,stable_reference,3.576373314690616,-2.847216418778045,-0.5462084475968604,-4.296281140903166,-0.5462084475968604,9.05000009999999,319.0845355294626,1.4125520534338014,263.76332306748765,0.5784667484270616,0.5783880114691407,-0.271588493650043,0.1474603315109082,1.1246541877077834,-0.5461874392807218
P15_AV2_1_interaction,P15,AV2,1,on_ramp,P15_AV2_1,P15_AV2.1.asc,AV1,60,initiator_active,3960,1,66000.0,66000.0005,1.0,21.36,76.896,149.0,80.730977,-1378.821629,0.0,0.0,0.0,21.36,0.0,0.0,1378.741878,-34.666367,6.262272,1.0,0.0,0.0,0.0,0.0,1434.26813,-34.283315,1021.0,5006.0,0.0,161.0,-0.087587,35.321133,127.156078,35.321133,-0.002839,-8e-06,-0.000681,-0.084572,-4.1e-05,0.024021,0.231156,0.0,0.0,0.0,0.0,1.0,-9999.0,-9999.0,-9999.0,-9999.0,-9999.0,-9999.0,-9999.0,-9999.0,51.348066,1.0,-9999.0,-9999.0,-9999.0,-9999.0,149.0,lane7,spur3,stable_reference,3.578798720615818,-2.8464495119226605,-0.5538397734332394,-4.303899284850542,-0.5538397734332394,9.066666499999991,319.64049430158315,1.415237301122209,264.1192944046999,0.5739573164991355,0.5738794618997343,-0.26860390449887817,0.23562531862623182,1.1277757880995274,-0.5538184716003919
P15_AV2_1_interaction,P15,AV2,1,on_ramp,P15_AV2_1,P15_AV2.1.asc,AV1,60,initiator_active,3961,1,66016.67,66016.6667,1.0,21.36,76.896,149.0,81.08678,-1379.177626,0.0,0.0,0.0,21.36,0.0,0.0,1379.0978,-34.673808,6.262285,1.0,0.0,0.0,0.0,0.0,1434.856796,-34.285351,1021.0,5006.0,0.0,161.0,-0.086708,35.321122,127.156038,35.321122,-0.001964,-9e-06,-0.000681,-0.08633,-3.8e-05,0.023393,0.231156,0.0,0.0,0.0,0.0,1.0,-9999.0,-9999.0,-9999.0,-9999.0,-9999.0,-9999.0,-9999.0,-9999.0,51.580841,1.0,-9999.0,-9999.0,-9999.0,-9999.0,149.0,lane7,spur3,stable_reference,3.581230124233808,-2.8456766066644685,-0.5614508361969862,-4.311503268056289,-0.5614508361969862,9.0833327,320.2291570576085,1.4180594493633203,264.47526569239596,0.5694538843668842,0.569434744196684,-0.26373451177310514,0.350495720371895,1.1308837589403526,-0.5614298745734685
P15_AV2_1_interaction,P15,AV2,1,on_ramp,P15_AV2_1,P15_AV2.1.asc,AV1,60,initiator_active,3962,1,66033.33,66033.3336,1.0,21.36,76.896,149.0,81.442579,-1379.533623,0.0,0.0,0.0,21.36,0.0,0.0,1379.453724,-34.681194,6.262586,1.0,0.0,0.0,0.0,1.0,1435.445461,-34.287411,1021.0,5006.0,0.0,161.0,-0.085871,35.32111,127.155997,35.32111,-0.001097,-1e-05,-0.000678,-0.086948,-3.5e-05,0.022608,0.231156,0.0,0.0,0.0,0.0,1.0,-9999.0,-9999.0,-9999.0,-9999.0,-9999.0,-9999.0,-9999.0,-9999.0,51.813615,1.0,-9999.0,-9999.0,-9999.0,-9999.0,149.0,lane7,spur3,stable_reference,3.58371656216129,-2.844848669902768,-0.5689750738805984,-4.319034064356068,-0.5689750738805984,9.099999599999995,320.81781901173247,1.4208575901690323,264.8312385261259,0.5650054668670469,0.5650883771838608,-0.2569207139468688,0.45224601499698736,1.1339592982086362,-0.5689538313415893
P15_AV2_1_interaction,P15,AV2,1,on_ramp,P15_AV2_1,P15_AV2.1.asc,AV1,60,initiator_active,3963,1,66050.0,66050.0007,1.0,21.36,76.896,149.0,81.798376,-1379.889619,0.0,0.0,0.0,21.36,0.0,0.0,1379.809651,-34.688368,6.263181,1.0,0.0,0.0,0.0,1.0,1436.034126,-34.289495,1021.0,5006.0,0.0,161.0,-0.085076,35.321099,127.155957,35.321099,-0.00023,-1e-05,-0.000673,-0.086537,-3e-05,0.021352,0.231156,0.0,0.0,0.0,0.0,1.0,-9999.0,-9999.0,-9999.0,-9999.0,-9999.0,-9999.0,-9999.0,-9999.0,52.046388,1.0,-9999.0,-9999.0,-9999.0,-9999.0,149.0,lane7,spur3,stable_reference,3.586415001755508,-2.843808720358682,-0.5762873127453738,-4.3263528618938505,-0.5762873127453738,9.116666700000001,321.406481163921,1.4236317317920382,265.18721261018317,0.5607690669058267,0.5608705506610503,-0.24865932573954197,0.5133385830541313,1.1370348641116215,-0.5762657972057947
P15_AV2_1_interaction,P15,AV2,1,on_ramp,P15_AV2_1,P15_AV2.1.asc,AV1,60,initiator_active,3964,1,66066.67,66066.6681,1.0,21.36,76.896,149.0,82.154175,-1380.245615,0.0,0.0,0.0,21.36,0.0,0.0,1380.165583,-34.695337,6.263739,1.0,0.0,0.0,0.0,1.0,1436.655494,-34.29172,1021.0,5006.0,0.0,161.0,-0.084283,35.321087,127.155914,35.321087,0.000684,-1.1e-05,-0.000666,-0.084833,-2.4e-05,0.019468,0.231156,0.0,0.0,0.0,0.0,1.0,-9999.0,-9999.0,-9999.0,-9999.0,-9999.0,-9999.0,-9999.0,-9999.0,52.311856,1.0,-9999.0,-9999.0,-9999.0,-9999.0,149.0,lane7,spur3,stable_reference,3.589318501167224,-2.8425637100243097,-0.5833945535675864,-4.333466661482703,-0.5833945535675864,9.133334099999992,322.0278463660699,1.4265347659874934,265.54319000226826,0.5567377012269792,0.556799445532232,-0.23980881834905077,0.5184211454900334,1.1401104739079662,-0.583372772680987
P15_AV2_1_interaction,P15,AV2,1,on_ramp,P15_AV2_1,P15_AV2.1.asc,AV1,60,initiator_active,3965,1,66083.33,66083.3334,1.0,21.36,76.896,149.0,82.509976,-1380.601609,0.0,0.0,0.0,21.36,0.0,0.0,1380.521518,-34.702145,6.264155,1.0,0.0,0.0,0.0,1.0,1437.211455,-34.293735,1021.0,5006.0,0.0,161.0,-0.083614,35.321077,127.155877,35.321077,0.001497,-1.1e-05,-0.000657,-0.081629,-1.8e-05,0.016956,0.231156,0.0,0.0,0.0,0.0,1.0,-9999.0,-9999.0,-9999.0,-9999.0,-9999.0,-9999.0,-9999.0,-9999.0,52.511915,1.0,-9999.0,-9999.0,-9999.0,-9999.0,149.0,lane7,spur3,stable_reference,3.5923830218570543,-2.8411576733313537,-0.5903407955671127,-4.340419462305332,-0.5903407955671127,9.1499994,322.5838050625258,1.4291080092372594,265.899169065568,0.5528673548235125,0.552877056586527,-0.2313788963656762,0.44251679302874347,1.1431861101678564,-0.590318755344344
P15_AV2_1_interaction,P15,AV2,1,on_ramp,P15_AV2_1,P15_AV2.1.asc,AV1,60,initiator_active,3966,1,66100.0,66100.0008,1.0,21.36,76.896,149.0,82.865776,-1380.957603,0.0,0.0,0.0,21.36,0.0,0.0,1380.877455,-34.708842,6.264434,1.0,0.0,0.0,0.0,1.0,1437.800119,-34.295892,1021.0,5006.0,0.0,161.0,-0.082945,35.321066,127.155837,35.321066,0.002341,-1.1e-05,-0.000648,-0.07805,-5e-06,0.014287,0.231156,0.0,0.0,0.0,0.0,1.0,-9999.0,-9999.0,-9999.0,-9999.0,-9999.0,-9999.0,-9999.0,-9999.0,52.744672,1.0,-9999.0,-9999.0,-9999.0,-9999.0,149.0,lane7,spur3,stable_reference,3.595558555322326,-2.8396406200420725,-0.5971760383517902,-4.347261263950777,-0.5971760383517902,9.166666799999991,323.172466817195,1.431809145093519,266.25514921275084,0.5491080211454343,0.5490869789261065,-0.2250588048028348,0.28726087310492865,1.1462617640824118,-0.5971537429369774
P15_AV2_1_interaction,P15,AV2,1,on_ramp,P15_AV2_1,P15_AV2.1.asc,AV1,60,initiator_active,3967,1,66116.67,66116.6674,1.0,21.36,76.896,149.0,83.221576,-1381.313596,0.0,0.0,0.0,21.36,0.0,0.0,1381.233393,-34.715469,6.264606,1.0,0.0,0.0,0.0,1.0,1438.421487,-34.298194,1021.0,5006.0,0.0,161.0,-0.082283,35.321054,127.155796,35.321054,0.003179,-1.1e-05,-0.00064,-0.07467,1.5e-05,0.011775,0.231156,0.0,0.0,0.0,0.0,1.0,-9999.0,-9999.0,-9999.0,-9999.0,-9999.0,-9999.0,-9999.0,-9999.0,53.010127,1.0,-9999.0,-9999.0,-9999.0,-9999.0,149.0,lane7,spur3,stable_reference,3.59880408959952,-2.8380535623145464,-0.6039412815301497,-4.354033066008847,-0.6039412815301497,9.183333400000004,323.7938326548012,1.4346351819111307,266.61112978221115,0.5454186933362579,0.5453749426499591,-0.22180319534043136,0.15284688680545688,1.14933742687297,-0.603918733536712
P15_AV2_1_interaction,P15,AV2,1,on_ramp,P15_AV2_1,P15_AV2.1.asc,AV1,60,initiator_active,3968,1,66133.33,66133.334,1.0,21.36,76.896,149.0,83.577375,-1381.669588,0.0,0.0,0.0,21.36,0.0,0.0,1381.589333,-34.722056,6.264703,1.0,0.0,0.0,0.0,1.0,1439.01015,-34.300399,1021.0,5006.0,0.0,161.0,-0.081697,35.321044,127.155757,35.321043,0.003895,-1e-05,-0.000632,-0.070065,3.7e-05,0.008792,0.231156,0.0,0.0,0.0,0.0,1.0,-9999.0,-9999.0,-9999.0,-9999.0,-9999.0,-9999.0,-9999.0,-9999.0,53.242878,1.0,-9999.0,-9999.0,-9999.0,-9999.0,149.0,lane7,spur3,stable_reference,3.6020896639542648,-2.836426469090503,-0.6106665254883058,-4.360764868883862,-0.6106665254883058,9.2,324.3824938056335,1.4372883111492993,266.9671120214956,0.5417693806703017,0.541693568655183,-0.21996392895556838,0.13821849837662548,1.1524131070799062,-0.6106437264096045
P15_AV2_1_interaction,P15,AV2,1,on_ramp,P15_AV2_1,P15_AV2.1.asc,AV1,60,initiator_active,3969,1,66150.0,66150.0006,1.0,21.36,76.896,149.0,83.933171,-1382.02558,0.0,0.0,0.0,21.36,0.0,0.0,1381.945272,-34.728621,6.264754,1.0,0.0,0.0,0.0,1.0,1439.598814,-34.302626,1021.0,5006.0,0.0,161.0,-0.08115,35.321033,127.155719,35.321033,0.004506,-9e-06,-0.000627,-0.066809,6.7e-05,0.006594,0.231156,0.0,0.0,0.0,0.0,1.0,-9999.0,-9999.0,-9999.0,-9999.0,-9999.0,-9999.0,-9999.0,-9999.0,53.475627,1.0,-9999.0,-9999.0,-9999.0,-9999.0,149.0,lane7,spur3,stable_reference,3.605397202119694,-2.8347774047951013,-0.6173462541084983,-4.367451167241307,-0.6173462541084983,9.216666599999996,324.9711561379909,1.439919449389346,267.3230930792551,0.5381420590024741,0.538042841013299,-0.21719593049034458,0.23432870421492513,1.15546575545897,-0.6173236964564959
P15_AV2_1_interaction,P15,AV2,1,on_ramp,P15_AV2_1,P15_AV2.1.asc,AV1,60,initiator_active,3970,1,66166.67,66166.6674,1.0,21.36,76.896,149.0,84.288965,-1382.381572,0.0,0.0,0.0,21.36,0.0,0.0,1382.301212,-34.735175,6.264777,1.0,0.0,0.0,0.0,1.0,1440.187477,-34.304875,1021.0,5006.0,0.0,161.0,-0.080641,35.321022,127.155681,35.321022,0.004977,-8e-06,-0.000623,-0.062889,9.5e-05,0.004239,0.231156,0.0,0.0,0.0,0.0,1.0,-9999.0,-9999.0,-9999.0,-9999.0,-9999.0,-9999.0,-9999.0,-9999.0,53.708376,1.0,-9999.0,-9999.0,-9999.0,-9999.0,149.0,lane7,spur3,stable_reference,3.608715763784731,-2.8331173203556506,-0.6240055731941354,-4.374117052197295,-0.6240055731941354,9.233333400000003,325.5598176519416,1.4425285801258825,267.679075046201,0.5345257452127382,0.5344536905652216,-0.21215292922707185,0.38243162953824683,1.1585085174252958,-0.6239827722125576
P15_AV2_1_interaction,P15,AV2,1,on_ramp,P15_AV2_1,P15_AV2.1.asc,AV1,60,initiator_active,3971,1,66183.33,66183.3338,1.0,21.36,76.896,149.0,84.644756,-1382.737564,0.0,0.0,0.0,21.36,0.0,0.0,1382.657151,-34.741726,6.264786,1.0,0.0,0.0,0.0,1.0,1440.77614,-34.307145,1021.0,5006.0,0.0,161.0,-0.080168,35.321012,127.155643,35.321012,0.005295,-6e-06,-0.00062,-0.058884,0.000124,0.002041,0.231156,0.0,0.0,0.0,0.0,1.0,-9999.0,-9999.0,-9999.0,-9999.0,-9999.0,-9999.0,-9999.0,-9999.0,53.941125,1.0,-9999.0,-9999.0,-9999.0,-9999.0,149.0,lane7,spur3,stable_reference,3.612037296566649,-2.83145425978706,-0.6306618919840132,-4.380779936839094,-0.6306618919840132,9.24999979999999,326.1484793391989,1.4451167115775643,268.03505598842276,0.5309124230681473,0.5309711024373192,-0.20444832437903848,0.5309319350027346,1.1615512708506361,-0.6306388477824888
P15_AV2_1_interaction,P15,AV2,1,on_ramp,P15_AV2_1,P15_AV2.1.asc,AV1,60,initiator_active,3972,1,66200.0,66200.0,1.0,21.36,76.896,149.0,85.000544,-1383.093556,0.0,0.0,0.0,21.36,0.0,0.0,1383.013095,-34.748068,6.265562,1.0,0.0,0.0,0.0,1.0,1441.364802,-34.309435,1021.0,5006.0,0.0,161.0,-0.07973,35.321002,127.155605,35.321001,0.005436,-4e-06,-0.000618,-0.055419,0.00014,0.000314,0.231156,0.0,0.0,0.0,0.0,1.0,-9999.0,-9999.0,-9999.0,-9999.0,-9999.0,-9999.0,-9999.0,-9999.0,54.173872,1.0,-9999.0,-9999.0,-9999.0,-9999.0,149.0,lane7,spur3,stable_reference,3.615567887627919,-2.829582139492976,-0.6371092122624898,-4.387233823062906,-0.6371092122624898,9.266665999999997,326.7371401915442,1.44768483545763,268.3910402056616,0.5275081350697173,0.5276388945439144,-0.19445561486953444,0.6405009673858828,1.1645940675474797,-0.6370859324777625
P15_AV2_1_interaction,P15,AV2,1,on_ramp,P15_AV2_1,P15_AV2.1.asc,AV1,60,initiator_active,3973,1,66216.67,66216.6673,1.0,21.36,76.896,149.0,85.356333,-1383.449547,0.0,0.0,0.0,21.36,0.0,0.0,1383.369043,-34.754136,6.266335,1.0,0.0,0.0,0.0,1.0,1441.953465,-34.311745,1021.0,5006.0,0.0,161.0,-0.079327,35.320991,127.155568,35.320991,0.005389,-1e-06,-0.000617,-0.050826,0.000141,-0.001727,0.231156,0.0,0.0,0.0,0.0,1.0,-9999.0,-9999.0,-9999.0,-9999.0,-9999.0,-9999.0,-9999.0,-9999.0,54.406615,1.0,-9999.0,-9999.0,-9999.0,-9999.0,149.0,lane7,spur3,stable_reference,3.6193724842441535,-2.827435999848656,-0.6432825337365276,-4.3934137105576,-0.6432825337365276,9.283333299999999,327.3258022089091,1.4502329682714674,268.7470261615268,0.524377870751251,0.5244892282608674,-0.18309809535216637,0.684587242226443,1.1676368991316868,-0.6432590283804358
P15_AV2_1_interaction,P15,AV2,1,on_ramp,P15_AV2_1,P15_AV2.1.asc,AV1,60,initiator_active,3974,1,66233.33,66233.3344,1.0,21.36,76.896,149.0,85.712124,-1383.805535,0.0,0.0,0.0,21.36,0.0,0.0,1383.724995,-34.759961,6.266969,1.0,0.0,0.0,0.0,1.0,1442.542127,-34.314073,1021.0,5006.0,0.0,161.0,-0.078957,35.320981,127.155531,35.32098,0.005156,1e-06,-0.000615,-0.045733,0.000128,-0.003768,0.231156,0.0,0.0,0.0,0.0,1.0,-9999.0,-9999.0,-9999.0,-9999.0,-9999.0,-9999.0,-9999.0,-9999.0,54.63935,1.0,-9999.0,-9999.0,-9999.0,-9999.0,149.0,lane7,spur3,stable_reference,3.623420098336,-2.8250468326018865,-0.6492128564047551,-4.399350599321645,-0.6492128564047551,9.300000400000004,327.91446337485644,1.4527630934455882,269.1030141118519,0.5214906311684259,0.52153542704434,-0.17163531116703545,0.636482643550198,1.1706797655248293,-0.6491891343564035
P15_AV2_1_interaction,P15,AV2,1,on_ramp,P15_AV2_1,P15_AV2.1.asc,AV1,60,initiator_active,3975,1,66250.0,66250.0007,1.0,21.36,76.896,149.0,86.067917,-1384.161522,0.0,0.0,0.0,21.36,0.0,0.0,1384.080951,-34.765609,6.267419,1.0,0.0,0.0,0.0,1.0,1443.130789,-34.316418,1021.0,5006.0,0.0,161.0,-0.078619,35.32097,127.155493,35.32097,0.004729,3e-06,-0.000614,-0.040467,9.8e-05,-0.005652,0.231156,0.0,0.0,0.0,0.0,1.0,-9999.0,-9999.0,-9999.0,-9999.0,-9999.0,-9999.0,-9999.0,-9999.0,54.872079,1.0,-9999.0,-9999.0,-9999.0,-9999.0,149.0,lane7,spur3,stable_reference,3.6276447552828617,-2.8224806201834896,-0.654966180264303,-4.405110489351793,-0.654966180264303,9.3166667,328.5031246810998,1.4552762191986297,269.4590046013141,0.5187804185687938,0.5187680308387799,-0.16188188277717508,0.48663654300202097,1.1737226665599703,-0.6549422479911765
P15_AV2_1_interaction,P15,AV2,1,on_ramp,P15_AV2_1,P15_AV2.1.asc,AV1,60,initiator_active,3976,1,66266.67,66266.6667,1.0,21.36,76.896,149.0,86.423709,-1384.517506,0.0,0.0,0.0,21.36,0.0,0.0,1384.436908,-34.771142,6.267707,1.0,0.0,0.0,0.0,1.0,1443.71945,-34.31878,1021.0,5006.0,0.0,161.0,-0.07831,35.32096,127.155456,35.32096,0.004104,4e-06,-0.000613,-0.034368,6.2e-05,-0.007693,0.231156,0.0,0.0,0.0,0.0,1.0,-9999.0,-9999.0,-9999.0,-9999.0,-9999.0,-9999.0,-9999.0,-9999.0,55.104803,1.0,-9999.0,-9999.0,-9999.0,-9999.0,149.0,lane7,spur3,stable_reference,3.6319843957375055,-2.819799415305837,-0.6605998217544371,-4.410749137006292,-0.6605998217544371,9.3333327,329.0917851276728,1.457772337277898,269.8149951416829,0.5161852103056406,0.5161395290637439,-0.15541453677604267,0.3090234036607491,1.1767615165132694,-0.6605763062076289
P15_AV2_1_interaction,P15,AV2,1,on_ramp,P15_AV2_1,P15_AV2.1.asc,AV1,60,initiator_active,3977,1,66283.33,66283.3341,1.0,21.36,76.896,149.0,86.779501,-1384.87349,0.0,0.0,0.0,21.36,0.0,0.0,1384.792866,-34.776605,6.267876,1.0,0.0,0.0,0.0,1.0,1444.308112,-34.321156,1021.0,5006.0,0.0,161.0,-0.078029,35.32095,127.155419,35.32095,0.003274,5e-06,-0.000613,-0.029058,2.4e-05,-0.009106,0.231156,0.0,0.0,0.0,0.0,1.0,-9999.0,-9999.0,-9999.0,-9999.0,-9999.0,-9999.0,-9999.0,-9999.0,55.337525,1.0,-9999.0,-9999.0,-9999.0,-9999.0,149.0,lane7,spur3,stable_reference,3.636394037004088,-2.8170482059899213,-0.6661286471647507,-4.416271367835606,-0.6661286471647507,9.35000009999999,329.6804466897493,1.4602544640866058,270.17098610432936,0.5136600079113909,0.5135875423641412,-0.15158130335494668,0.21413370158568945,1.179764942718271,-0.6661049348068802
P15_AV2_1_interaction,P15,AV2,1,on_ramp,P15_AV2_1,P15_AV2.1.asc,AV1,60,initiator_active,3978,1,66300.0,66300.0003,1.0,21.36,76.896,149.0,87.135291,-1385.229473,0.0,0.0,0.0,21.36,0.0,0.0,1385.148824,-34.782029,6.267969,1.0,0.0,0.0,0.0,1.0,1444.896773,-34.323545,1021.0,5006.0,0.0,161.0,-0.077775,35.32094,127.155382,35.320939,0.00223,5e-06,-0.000613,-0.023232,-1.1e-05,-0.010519,0.231156,0.0,0.0,0.0,0.0,1.0,-9999.0,-9999.0,-9999.0,-9999.0,-9999.0,-9999.0,-9999.0,-9999.0,55.570245,1.0,-9999.0,-9999.0,-9999.0,-9999.0,149.0,lane7,spur3,stable_reference,3.640842663273741,-2.814258007055804,-0.6716184725757252,-4.421754598665456,-0.6716184725757252,9.366666299999997,330.269107359145,1.46272358308533,270.52697674512086,0.511173804189042,0.5110867748555763,-0.14827665158179393,0.2283544653749825,1.1827683689841277,-0.6715945647950857
P15_AV2_1_interaction,P15,AV2,1,on_ramp,P15_AV2_1,P15_AV2.1.asc,AV1,60,initiator_active,3979,1,66316.67,66316.6674,1.0,21.36,76.896,149.0,87.491078,-1385.585456,0.0,0.0,0.0,21.36,0.0,0.0,1385.504783,-34.787433,6.268014,1.0,0.0,0.0,0.0,1.0,1445.485434,-34.325946,1021.0,5006.0,0.0,161.0,-0.077545,35.320929,127.155346,35.320929,0.000974,4e-06,-0.000613,-0.018187,-4.5e-05,-0.011304,0.231156,0.0,0.0,0.0,0.0,1.0,-9999.0,-9999.0,-9999.0,-9999.0,-9999.0,-9999.0,-9999.0,-9999.0,55.802963,1.0,-9999.0,-9999.0,-9999.0,-9999.0,149.0,lane7,spur3,stable_reference,3.645311309582164,-2.811447790373425,-0.6770882981719665,-4.4272178296619815,-0.6770882981719665,9.383333400000003,330.85776812757297,1.4651807024927044,270.8829682208243,0.5087076080383021,0.5086449954465346,-0.14396944132714573,0.3072486681756912,1.1857718037187988,-0.6770641956804967
P15_AV2_1_interaction,P15,AV2,1,on_ramp,P15_AV2_1,P15_AV2.1.asc,AV1,60,initiator_active,3980,1,66333.33,66333.3335,1.0,21.36,76.896,149.0,87.846863,-1385.941438,0.0,0.0,0.0,21.36,0.0,0.0,1385.860743,-34.792828,6.268034,1.0,0.0,0.0,0.0,1.0,1446.074095,-34.328356,1021.0,5006.0,0.0,161.0,-0.077338,35.320919,127.155309,35.320919,-0.000493,3e-06,-0.000614,-0.012307,-7.2e-05,-0.012246,0.231156,0.0,0.0,0.0,0.0,1.0,-9999.0,-9999.0,-9999.0,-9999.0,-9999.0,-9999.0,-9999.0,-9999.0,56.035681,1.0,-9999.0,-9999.0,-9999.0,-9999.0,149.0,lane7,spur3,stable_reference,3.649788980159259,-2.8086285530145934,-0.6825491239532936,-4.432672060825032,-0.6825491239532936,9.399999499999991,331.4464289702752,1.4676288222065668,271.2389606222194,0.506250419833765,0.5062878076070547,-0.13803516791837822,0.4020043959773649,1.1887752469051283,-0.6825248270713633
P15_AV2_1_interaction,P15,AV2,1,on_ramp,P15_AV2_1,P15_AV2.1.asc,AV1,60,initiator_active,3981,1,66350.0,66350.0005,1.0,21.36,76.896,149.0,88.202645,-1386.297421,0.0,0.0,0.0,21.36,0.0,0.0,1386.216704,-34.798066,6.268615,1.0,0.0,0.0,0.0,1.0,1446.662755,-34.330775,1021.0,5006.0,0.0,161.0,-0.077151,35.320909,127.155272,35.320909,-0.002159,2e-06,-0.000614,-0.007238,-9.6e-05,-0.01256,0.231156,0.0,0.0,0.0,0.0,1.0,-9999.0,-9999.0,-9999.0,-9999.0,-9999.0,-9999.0,-9999.0,-9999.0,56.268398,1.0,-9999.0,-9999.0,-9999.0,-9999.0,149.0,lane7,spur3,stable_reference,3.654423618093597,-2.805652334376898,-0.6878529499222253,-4.437969292156653,-0.6878529499222253,9.416666499999993,332.0350888872858,1.4700679339742193,271.594952727908,0.5039502345354379,0.5040438615126017,-0.1305693059087698,0.4764182955276972,1.191778698774035,-0.6878284642385972
P15_AV2_1_interaction,P15,AV2,1,on_ramp,P15_AV2_1,P15_AV2.1.asc,AV1,60,initiator_active,3982,1,66366.67,66366.6673,1.0,21.36,76.896,149.0,88.558427,-1386.653401,0.0,0.0,0.0,21.36,0.0,0.0,1386.572668,-34.803099,6.269191,1.0,0.0,0.0,0.0,1.0,1447.251415,-34.333201,1021.0,5006.0,0.0,161.0,-0.076982,35.320899,127.155235,35.320898,-0.004022,-0.0,-0.000615,-0.002367,-0.000114,-0.01256,0.231156,0.0,0.0,0.0,0.0,1.0,-9999.0,-9999.0,-9999.0,-9999.0,-9999.0,-9999.0,-9999.0,-9999.0,56.501112,1.0,-9999.0,-9999.0,-9999.0,-9999.0,149.0,lane7,spur3,stable_reference,3.659263260386424,-2.8024711010934302,-0.6929517764494414,-4.4430615239903135,-0.6929517764494414,9.4333333,332.623748862065,1.4725000459802515,271.9509461416927,0.501855067014102,0.5019354348518549,-0.12215434712905804,0.5067360210689524,1.194782176275636,-0.6929271092615341
P15_AV2_1_interaction,P15,AV2,1,on_ramp,P15_AV2_1,P15_AV2.1.asc,AV1,60,initiator_active,3983,1,66383.33,66383.3343,1.0,21.36,76.896,149.0,88.914209,-1387.00938,0.0,0.0,0.0,21.36,0.0,0.0,1386.928635,-34.807952,6.269662,1.0,0.0,0.0,0.0,1.0,1447.840076,-34.335631,1021.0,5006.0,0.0,161.0,-0.07683,35.320888,127.155198,35.320888,-0.006062,-2e-06,-0.000615,0.002935,-0.000126,-0.012403,0.231156,0.0,0.0,0.0,0.0,1.0,-9999.0,-9999.0,-9999.0,-9999.0,-9999.0,-9999.0,-9999.0,-9999.0,56.733821,1.0,-9999.0,-9999.0,-9999.0,-9999.0,149.0,lane7,spur3,stable_reference,3.664282916651153,-2.799109846509183,-0.697870603534503,-4.447973756325652,-0.697870603534503,9.4500003,333.212409869821,1.4749281663751954,272.3069410698907,0.4999399181211205,0.4999719946763769,-0.11367786799264046,0.47521088251523835,1.1977856793709263,-0.6978457612498058
P15_AV2_1_interaction,P15,AV2,1,on_ramp,P15_AV2_1,P15_AV2.1.asc,AV1,60,initiator_active,3984,1,66400.0,66400.0,1.0,21.36,76.896,149.0,89.26999,-1387.365357,0.0,0.0,0.0,21.36,0.0,0.0,1387.284604,-34.812674,6.269995,1.0,0.0,0.0,0.0,1.0,1448.428736,-34.338065,1021.0,5006.0,0.0,161.0,-0.076692,35.320878,127.155161,35.320877,-0.008255,-4e-06,-0.000616,0.008618,-0.000131,-0.011932,0.231156,0.0,0.0,0.0,0.0,1.0,-9999.0,-9999.0,-9999.0,-9999.0,-9999.0,-9999.0,-9999.0,-9999.0,56.966525,1.0,-9999.0,-9999.0,-9999.0,-9999.0,149.0,lane7,spur3,stable_reference,3.669433578000587,-2.795617580652611,-0.7026308874838803,-4.452730896333493,-0.7026308874838803,9.466665999999998,333.801069910622,1.4773522786536606,272.662936916918,0.4981557812724389,0.49814623385375034,-0.10631419859282154,0.3633397524693316,1.20076252641541,-0.7026067451429712
P15_AV2_1_interaction,P15,AV2,1,on_ramp,P15_AV2_1,P15_AV2.1.asc,AV1,60,initiator_active,3985,1,66416.67,66416.6673,1.0,21.36,76.896,149.0,89.625771,-1387.721332,0.0,0.0,0.0,21.36,0.0,0.0,1387.640574,-34.817311,6.270208,1.0,0.0,0.0,0.0,1.0,1449.017395,-34.340501,1021.0,5006.0,0.0,161.0,-0.076566,35.320868,127.155124,35.320866,-0.010578,-7e-06,-0.000616,0.014417,-0.000131,-0.011461,0.231156,0.0,0.0,0.0,0.0,1.0,-9999.0,-9999.0,-9999.0,-9999.0,-9999.0,-9999.0,-9999.0,-9999.0,57.199227,1.0,-9999.0,-9999.0,-9999.0,-9999.0,149.0,lane7,spur3,stable_reference,3.674669234393921,-2.7920403143507784,-0.7072810518082797,-4.457381057737513,-0.7072810518082797,9.483333299999998,334.3897289679623,1.4797743827475394,273.01893306243255,0.49645664978186227,0.4964282338561551,-0.10156691525496342,0.2117520580802359,1.203713399469959,-0.7072567496880966
P15_AV2_1_interaction,P15,AV2,1,on_ramp,P15_AV2_1,P15_AV2.1.asc,AV1,60,initiator_active,3986,1,66433.33,66433.334,1.0,21.36,76.896,149.0,89.98155,-1388.077306,0.0,0.0,0.0,21.36,0.0,0.0,1387.996544,-34.821895,6.270334,1.0,0.0,0.0,0.0,1.0,1449.606055,-34.342936,1021.0,5006.0,0.0,161.0,-0.076451,35.320857,127.155087,35.320855,-0.013017,-9e-06,-0.000616,0.019385,-0.000129,-0.010833,0.231156,0.0,0.0,0.0,0.0,1.0,-9999.0,-9999.0,-9999.0,-9999.0,-9999.0,-9999.0,-9999.0,-9999.0,57.431927,1.0,-9999.0,-9999.0,-9999.0,-9999.0,149.0,lane7,spur3,stable_reference,3.679957870406788,-2.7884100621575527,-0.7118782161327197,-4.461978219141578,-0.7118782161327197,9.5,334.97838901701573,1.4821974950600594,273.37492877055445,0.49481051648641544,0.49476060048967263,-0.09925556780141065,0.12579078450459447,1.2066642725407561,-0.7118537560543408
P15_AV2_1_interaction,P15,AV2,1,on_ramp,P15_AV2_1,P15_AV2.1.asc,AV1,60,initiator_active,3987,1,66450.0,66450.0009,1.0,21.36,76.896,149.0,90.337326,-1388.433279,0.0,0.0,0.0,21.36,0.0,0.0,1388.352515,-34.826451,6.270402,1.0,0.0,0.0,0.0,1.0,1450.194714,-34.345369,1021.0,5006.0,0.0,161.0,-0.076343,35.320847,127.155049,35.320844,-0.015556,-1.1e-05,-0.000616,0.024573,-0.000122,-0.010205,0.231156,0.0,0.0,0.0,0.0,1.0,-9999.0,-9999.0,-9999.0,-9999.0,-9999.0,-9999.0,-9999.0,-9999.0,57.664626,1.0,-9999.0,-9999.0,-9999.0,-9999.0,149.0,lane7,spur3,stable_reference,3.6852745233821382,-2.784751794345668,-0.7164473804941598,-4.466547380582637,-0.7164473804941598,9.516666899999997,335.56704804959793,1.484622599051783,273.73092524756686,0.49319239049014674,0.49311968878218576,-0.09737386071654619,0.14682997244649165,1.2096151539098068,-0.71642276341966
P15_AV2_1_interaction,P15,AV2,1,on_ramp,P15_AV2_1,P15_AV2.1.asc,AV1,60,initiator_active,3988,1,66466.67,66466.6676,1.0,21.36,76.896,149.0,90.6931,-1388.789253,0.0,0.0,0.0,21.36,0.0,0.0,1388.708486,-34.830993,6.270435,1.0,0.0,0.0,0.0,1.0,1450.783374,-34.347798,1021.0,5006.0,0.0,161.0,-0.076242,35.320836,127.155011,35.320832,-0.018167,-1.3e-05,-0.000615,0.02961,-0.000114,-0.00942,0.231156,0.0,0.0,0.0,0.0,1.0,-9999.0,-9999.0,-9999.0,-9999.0,-9999.0,-9999.0,-9999.0,-9999.0,57.897324,1.0,-9999.0,-9999.0,-9999.0,-9999.0,149.0,lane7,spur3,stable_reference,3.6906051709739702,-2.7810795302605853,-0.7210025448556112,-4.471102542023703,-0.7210025448556112,9.533333599999999,336.15570804913546,1.4870517111599797,274.08692160904155,0.4915882640171213,0.4915147787343088,-0.09436120980343787,0.2371330439352124,1.2125660352831515,-0.7209777712660302
P15_AV2_1_interaction,P15,AV2,1,on_ramp,P15_AV2_1,P15_AV2.1.asc,AV1,60,initiator_active,3989,1,66483.33,66483.3335,1.0,21.36,76.896,149.0,91.048872,-1389.145226,0.0,0.0,0.0,21.36,0.0,0.0,1389.064457,-34.835527,6.27045,1.0,0.0,0.0,0.0,1.0,1451.372033,-34.350222,1021.0,5006.0,0.0,161.0,-0.076144,35.320826,127.154973,35.32082,-0.020823,-1.4e-05,-0.000615,0.03574,-0.000102,-0.009106,0.231156,0.0,0.0,0.0,0.0,1.0,-9999.0,-9999.0,-9999.0,-9999.0,-9999.0,-9999.0,-9999.0,-9999.0,58.130021,1.0,-9999.0,-9999.0,-9999.0,-9999.0,149.0,lane7,spur3,stable_reference,3.695943815489511,-2.7773992683051003,-0.7255497092170633,-4.475649703464773,-0.7255497092170633,9.549999499999991,336.74436700744343,1.4894858148452081,274.4429179044947,0.48999213727166496,0.4899743812272457,-0.08946969001307004,0.35071407218388684,1.2155169166589446,-0.7255247793872797
P15_AV2_1_interaction,P15,AV2,1,on_ramp,P15_AV2_1,P15_AV2.1.asc,AV1,60,initiator_active,3990,1,66500.0,66500.0001,1.0,21.36,76.896,149.0,91.40464,-1389.501198,0.0,0.0,0.0,21.36,0.0,0.0,1389.420429,-34.840007,6.270749,1.0,0.0,0.0,0.0,1.0,1451.960692,-34.352638,1021.0,5006.0,0.0,161.0,-0.076047,35.320815,127.154935,35.320807,-0.023493,-1.6e-05,-0.000615,0.041596,-9e-05,-0.008635,0.231156,0.0,0.0,0.0,0.0,1.0,-9999.0,-9999.0,-9999.0,-9999.0,-9999.0,-9999.0,-9999.0,-9999.0,58.362718,1.0,-9999.0,-9999.0,-9999.0,-9999.0,149.0,lane7,spur3,stable_reference,3.701336466969572,-2.773664997652149,-0.7300428736155415,-4.480142864942855,-0.7300428736155415,9.566666100000003,337.33302589972993,1.4919279182580127,274.7989147542686,0.4884500169399816,0.48853253443381195,-0.082670952897546,0.4504646868833446,1.2184678063409695,-0.7300177894009879
P15_AV2_1_interaction,P15,AV2,1,on_ramp,P15_AV2_1,P15_AV2.1.asc,AV1,60,initiator_active,3991,1,66516.67,66516.6667,1.0,21.36,76.896,149.0,91.760407,-1389.857171,0.0,0.0,0.0,21.36,0.0,0.0,1389.776403,-34.844277,6.271339,1.0,0.0,0.0,0.0,1.0,1452.549351,-34.355044,1021.0,5006.0,0.0,161.0,-0.07595,35.320804,127.154896,35.320795,-0.026167,-1.7e-05,-0.000615,0.046788,-7.7e-05,-0.00785,0.231156,0.0,0.0,0.0,0.0,1.0,-9999.0,-9999.0,-9999.0,-9999.0,-9999.0,-9999.0,-9999.0,-9999.0,58.595415,1.0,-9999.0,-9999.0,-9999.0,-9999.0,149.0,lane7,spur3,stable_reference,3.7069390931559423,-2.7697207367566854,-0.7343260380881182,-4.484426026495026,-0.7343260380881182,9.5833327,337.9216847094892,1.4943800213302711,275.15491187090913,0.48711790596233595,0.4872186938201204,-0.07445426051224757,0.5106565988669176,1.2214187126667138,-0.7343008067043778
P15_AV2_1_interaction,P15,AV2,1,on_ramp,P15_AV2_1,P15_AV2.1.asc,AV1,60,initiator_active,3992,1,66533.33,66533.3334,1.0,21.36,76.896,149.0,92.116173,-1390.21314,0.0,0.0,0.0,21.36,0.0,0.0,1390.13238,-34.848343,6.271892,1.0,0.0,0.0,0.0,1.0,1453.13801,-34.35744,1021.0,5006.0,0.0,161.0,-0.07585,35.320794,127.154857,35.320782,-0.028832,-1.9e-05,-0.000614,0.051608,-6.6e-05,-0.006908,0.231156,0.0,0.0,0.0,0.0,1.0,-9999.0,-9999.0,-9999.0,-9999.0,-9999.0,-9999.0,-9999.0,-9999.0,58.828106,1.0,-9999.0,-9999.0,-9999.0,-9999.0,149.0,lane7,spur3,stable_reference,3.712745724085333,-2.7655724609492456,-0.7383319760087621,-4.488431971689675,-0.7383319760087621,9.5999994,338.5103434367219,1.496842124061994,275.51091030389836,0.48598981279573633,0.4860507291071802,-0.06564907975990941,0.5023949452467928,1.2242977596009494,-0.7383079468052132
P15_AV2_1_interaction,P15,AV2,1,on_ramp,P15_AV2_1,P15_AV2.1.asc,AV1,60,initiator_active,3993,1,66550.0,66550.0008,1.0,21.36,76.896,149.0,92.471938,-1390.569107,0.0,0.0,0.0,21.36,0.0,0.0,1390.488359,-34.85225,6.272305,1.0,0.0,0.0,0.0,1.0,1453.726668,-34.359822,1021.0,5006.0,0.0,161.0,-0.075745,35.320783,127.154817,35.320769,-0.03147,-2e-05,-0.000612,0.056022,-5.5e-05,-0.005809,0.231156,0.0,0.0,0.0,0.0,1.0,-9999.0,-9999.0,-9999.0,-9999.0,-9999.0,-9999.0,-9999.0,-9999.0,59.060794,1.0,-9999.0,-9999.0,-9999.0,-9999.0,149.0,lane7,spur3,stable_reference,3.718711349332386,-2.7612651813230813,-0.7421731575091561,-4.49227316779019,-0.7421731575091561,9.616666799999992,339.099001048451,1.499318218064263,275.8669094246415,0.4850207307199314,0.4850303470307542,-0.05770741344944241,0.41537704783533447,1.2271697340133005,-0.7421490032933691
P15_AV2_1_interaction,P15,AV2,1,on_ramp,P15_AV2_1,P15_AV2.1.asc,AV1,60,initiator_active,3994,1,66566.67,66566.6674,1.0,21.36,76.896,149.0,92.827703,-1390.925072,0.0,0.0,0.0,21.36,0.0,0.0,1390.844339,-34.856047,6.272582,1.0,0.0,0.0,0.0,1.0,1454.315327,-34.36219,1021.0,5006.0,0.0,161.0,-0.075633,35.320771,127.154777,35.320755,-0.034059,-2e-05,-0.000611,0.060963,-4.4e-05,-0.005024,0.231156,0.0,0.0,0.0,0.0,1.0,-9999.0,-9999.0,-9999.0,-9999.0,-9999.0,-9999.0,-9999.0,-9999.0,59.293479,1.0,-9999.0,-9999.0,-9999.0,-9999.0,149.0,lane7,spur3,stable_reference,3.724786960009916,-2.75684790790666,-0.745904338826532,-4.496004363707735,-0.745904338826532,9.633333400000003,339.68765954460827,1.5018083198424732,276.2229086375546,0.4841616531508739,0.48412710456688335,-0.051802803486568294,0.2977296642082541,1.2300417163293675,-0.7458800631784936
P15_AV2_1_interaction,P15,AV2,1,on_ramp,P15_AV2_1,P15_AV2.1.asc,AV1,60,initiator_active,3995,1,66583.33,66583.3343,1.0,21.36,76.896,149.0,93.183466,-1391.281035,0.0,0.0,0.0,21.36,0.0,0.0,1391.200319,-34.859774,6.272752,1.0,0.0,0.0,0.0,1.0,1454.903985,-34.364542,1021.0,5006.0,0.0,161.0,-0.075512,35.32076,127.154737,35.320741,-0.036577,-2.1e-05,-0.00061,0.065407,-3.3e-05,-0.004082,0.231156,0.0,0.0,0.0,0.0,1.0,-9999.0,-9999.0,-9999.0,-9999.0,-9999.0,-9999.0,-9999.0,-9999.0,59.526162,1.0,-9999.0,-9999.0,-9999.0,-9999.0,149.0,lane7,spur3,stable_reference,3.730932543769861,-2.7523606531242475,-0.749565520145119,-4.49966555962648,-0.749565520145119,9.6500003,340.2763169087564,1.5043144128231214,276.5789072727793,0.4833725731980277,0.48330357971592375,-0.04778307561686823,0.22787211353116388,1.2329136985410234,-0.7495411253429958
P15_AV2_1_interaction,P15,AV2,1,on_ramp,P15_AV2_1,P15_AV2.1.asc,AV1,60,initiator_active,3996,1,66600.0,66600.0005,1.0,21.36,76.896,149.0,93.539227,-1391.636997,0.0,0.0,0.0,21.36,0.0,0.0,1391.5563,-34.863462,6.272848,1.0,0.0,0.0,0.0,1.0,1455.492643,-34.366876,1021.0,5006.0,0.0,161.0,-0.07538,35.320749,127.154696,35.320727,-0.039,-2.1e-05,-0.000609,0.071259,-1.7e-05,-0.003925,0.231156,0.0,0.0,0.0,0.0,1.0,-9999.0,-9999.0,-9999.0,-9999.0,-9999.0,-9999.0,-9999.0,-9999.0,59.758844,1.0,-9999.0,-9999.0,-9999.0,-9999.0,149.0,lane7,spur3,stable_reference,3.737117140262385,-2.747834385651361,-0.7531877012794697,-4.503287755361028,-0.7531877012794697,9.666666499999993,340.86497412435637,1.5068385051908033,276.9349065861149,0.4826225001697725,0.48253434425027386,-0.044207100907961205,0.24896219120128005,1.2357856887623044,-0.753163188592532
P15_AV2_1_interaction,P15,AV2,1,on_ramp,P15_AV2_1,P15_AV2.1.asc,AV1,60,initiator_active,3997,1,66616.67,66616.6674,1.0,21.36,76.896,149.0,93.894985,-1391.992959,0.0,0.0,0.0,21.36,0.0,0.0,1391.912281,-34.867128,6.272898,1.0,0.0,0.0,0.0,1.0,1456.081302,-34.369191,1021.0,5006.0,0.0,161.0,-0.075236,35.320737,127.154654,35.320713,-0.04131,-2.1e-05,-0.000609,0.076201,-4e-06,-0.003454,0.231156,0.0,0.0,0.0,0.0,1.0,-9999.0,-9999.0,-9999.0,-9999.0,-9999.0,-9999.0,-9999.0,-9999.0,59.991525,1.0,-9999.0,-9999.0,-9999.0,-9999.0,149.0,lane7,spur3,stable_reference,3.7433237282951,-2.7432861240348827,-0.7567878824141963,-4.50688795109596,-0.7567878824141963,9.683333400000004,341.453632183121,1.5093816051641435,277.29090571789123,0.48189442639232255,0.48183002272835285,-0.0394843458435421,0.3353601435612783,1.238657678950762,-0.7567632525584393
P15_AV2_1_interaction,P15,AV2,1,on_ramp,P15_AV2_1,P15_AV2.1.asc,AV1,60,initiator_active,3998,1,66633.33,66633.3341,1.0,21.36,76.896,149.0,94.250741,-1392.34892,0.0,0.0,0.0,21.36,0.0,0.0,1392.268262,-34.870783,6.272921,1.0,0.0,0.0,0.0,1.0,1456.66996,-34.371485,1021.0,5006.0,0.0,161.0,-0.075077,35.320726,127.154612,35.320699,-0.04351,-2.1e-05,-0.000608,0.080519,9e-06,-0.002826,0.231156,0.0,0.0,0.0,0.0,1.0,-9999.0,-9999.0,-9999.0,-9999.0,-9999.0,-9999.0,-9999.0,-9999.0,60.224205,1.0,-9999.0,-9999.0,-9999.0,-9999.0,149.0,lane7,spur3,stable_reference,3.7495413120979153,-2.738726865346604,-0.7603770635491107,-4.51047714683108,-0.7603770635491107,9.70000009999999,342.042289068613,1.5119456961696602,277.64690475888824,0.4811773522402808,0.48121818774992864,-0.03302836082594851,0.43557094376582317,1.2415296691228137,-0.7603523168825329
P15_AV2_1_interaction,P15,AV2,1,on_ramp,P15_AV2_1,P15_AV2.1.asc,AV1,60,initiator_active,3999,1,66650.0,66650.001,1.0,21.36,76.896,149.0,94.606494,-1392.704881,0.0,0.0,0.0,21.36,0.0,0.0,1392.624245,-34.87427,6.273546,1.0,0.0,0.0,0.0,1.0,1457.258618,-34.373756,1021.0,5006.0,0.0,161.0,-0.074901,35.320714,127.154569,35.320684,-0.04559,-2.1e-05,-0.000607,0.08519,2e-05,-0.002512,0.231156,0.0,0.0,0.0,0.0,1.0,-9999.0,-9999.0,-9999.0,-9999.0,-9999.0,-9999.0,-9999.0,-9999.0,60.456886,1.0,-9999.0,-9999.0,-9999.0,-9999.0,149.0,lane7,spur3,stable_reference,3.755926886757568,-2.733999605235405,-0.7637808231472015,-4.513880908541054,-0.7637808231472015,9.716667000000001,342.63094576429336,1.514532786391935,278.0029044133647,0.48062828887254383,0.4807290700325999,-0.024965178947265798,0.5137629632809109,1.2443851575692915,-0.7637568686967476
P15_AV2_1_interaction,P15,AV2,1,on_ramp,P15_AV2_1,P15_AV2.1.asc,AV1,60,initiator_active,4000,1,66666.67,66666.6673,1.0,21.36,76.896,149.0,94.962245,-1393.06084,0.0,0.0,0.0,21.36,0.0,0.0,1392.98023,-34.877536,6.274164,1.0,0.0,0.0,0.0,1.0,1457.847276,-34.376004,1021.0,5006.0,0.0,161.0,-0.074707,35.320702,127.154526,35.32067,-0.047542,-2.1e-05,-0.000606,0.089226,2.9e-05,-0.002041,0.231156,0.0,0.0,0.0,0.0,1.0,-9999.0,-9999.0,-9999.0,-9999.0,-9999.0,-9999.0,-9999.0,-9999.0,60.689564,1.0,-9999.0,-9999.0,-9999.0,-9999.0,149.0,lane7,spur3,stable_reference,3.762533431893618,-2.7290513578098867,-0.7669283543661851,-4.517028470416308,-0.7669283543661851,9.733333299999998,343.2196022701616,1.5171428758309637,278.35890424392824,0.4803002344842509,0.48038601318937013,-0.015903033192250504,0.5454614663100472,1.2472045356839918,-0.766904301199741
P15_AV2_1_interaction,P15,AV2,1,on_ramp,P15_AV2_1,P15_AV2.1.asc,AV1,60,initiator_active,4001,1,66683.33,66683.3335,1.0,21.36,76.896,149.0,95.317996,-1393.416795,0.0,0.0,0.0,21.36,0.0,0.0,1393.336217,-34.88061,6.27467,1.0,0.0,0.0,0.0,1.0,1458.435933,-34.378226,1021.0,5006.0,0.0,161.0,-0.074493,35.320689,127.154482,35.320655,-0.049363,-2e-05,-0.000605,0.093584,3.8e-05,-0.001884,0.231156,0.0,0.0,0.0,0.0,1.0,-9999.0,-9999.0,-9999.0,-9999.0,-9999.0,-9999.0,-9999.0,-9999.0,60.922237,1.0,-9999.0,-9999.0,-9999.0,-9999.0,149.0,lane7,spur3,stable_reference,3.7693319586576286,-2.723911115350245,-0.7698838849302253,-4.519984031636781,-0.7698838849302253,9.74999949999999,343.80825756149403,1.5197789561319022,278.7149044899071,0.4801641900629657,0.4801989812425561,-0.006783584965642575,0.5024919280037703,1.250023929132471,-0.7698597390695054
P15_AV2_1_interaction,P15,AV2,1,on_ramp,P15_AV2_1,P15_AV2.1.asc,AV1,60,initiator_active,4002,1,66700.0,66700.0001,1.0,21.36,76.896,149.0,95.673746,-1393.772747,0.0,0.0,0.0,21.36,0.0,0.0,1393.692205,-34.883542,6.275027,1.0,0.0,0.0,0.0,1.0,1459.024591,-34.380423,1021.0,5006.0,0.0,161.0,-0.074258,35.320677,127.154437,35.32064,-0.051049,-1.9e-05,-0.000605,0.096959,4.4e-05,-0.001413,0.231156,0.0,0.0,0.0,0.0,1.0,-9999.0,-9999.0,-9999.0,-9999.0,-9999.0,-9999.0,-9999.0,-9999.0,61.154908,1.0,-9999.0,-9999.0,-9999.0,-9999.0,149.0,lane7,spur3,stable_reference,3.776272458546921,-2.718628887618749,-0.77269741516934,-4.522797592532408,-0.77269741516934,9.766666100000002,344.39691364647524,1.5224400438341759,279.07090456396963,0.4801701490586943,0.480159900859387,0.0008463939928553543,0.37587687067878306,1.252843330126593,-0.7726731810678988
P15_AV2_1_interaction,P15,AV2,1,on_ramp,P15_AV2_1,P15_AV2.1.asc,AV1,60,initiator_active,4003,1,66716.67,66716.6668,1.0,21.36,76.896,149.0,96.029494,-1394.128697,0.0,0.0,0.0,21.36,0.0,0.0,1394.048194,-34.886383,6.275256,1.0,0.0,0.0,0.0,1.0,1459.613249,-34.382591,1021.0,5006.0,0.0,161.0,-0.073999,35.320665,127.154392,35.320625,-0.052609,-1.9e-05,-0.000603,0.099342,5e-05,-0.000628,0.231156,0.0,0.0,0.0,0.0,1.0,-9999.0,-9999.0,-9999.0,-9999.0,-9999.0,-9999.0,-9999.0,-9999.0,61.387577,1.0,-9999.0,-9999.0,-9999.0,-9999.0,149.0,lane7,spur3,stable_reference,3.7833039511728703,-2.713255661039198,-0.7754199450807036,-4.52552015310037,-0.7754199450807036,9.783332800000004,344.98556949212815,1.5251301305488854,279.426904887003,0.4802671132081936,0.4802271949856852,0.005745615142972227,0.235723738418941,1.2556627388007768,-0.7753956255925832
P15_AV2_1_interaction,P15,AV2,1,on_ramp,P15_AV2_1,P15_AV2.1.asc,AV1,60,initiator_active,4004,1,66733.33,66733.3342,1.0,21.36,76.896,149.0,96.38524,-1394.484645,0.0,0.0,0.0,21.36,0.0,0.0,1394.404183,-34.889168,6.275391,1.0,0.0,0.0,0.0,1.0,1460.201906,-34.384731,1021.0,5006.0,0.0,161.0,-0.073717,35.320652,127.154347,35.320611,-0.054052,-1.8e-05,-0.000601,0.10042,5.3e-05,0.000628,0.231156,0.0,0.0,0.0,0.0,1.0,-9999.0,-9999.0,-9999.0,-9999.0,-9999.0,-9999.0,-9999.0,-9999.0,61.620244,1.0,-9999.0,-9999.0,-9999.0,-9999.0,149.0,lane7,spur3,stable_reference,3.79039142226477,-2.7078264493668347,-0.7780864749951614,-4.528186713671425,-0.7780864749951614,9.800000199999994,345.57422410673985,1.5278482080573847,279.78290474788594,0.4804200754506765,0.4803514281603404,0.008703951139453991,0.17803992252144565,1.2584821473273662,-0.7780620718766897
P15_AV2_1_interaction,P15,AV2,1,on_ramp,P15_AV2_1,P15_AV2.1.asc,AV1,60,initiator_active,4005,1,66750.0,66750.0007,1.0,21.36,76.896,149.0,96.740983,-1394.840593,0.0,0.0,0.0,21.36,0.0,0.0,1394.760172,-34.891922,6.275464,1.0,0.0,0.0,0.0,1.0,1460.790563,-34.386842,1021.0,5006.0,0.0,161.0,-0.073409,35.320639,127.154302,35.320596,-0.055384,-1.7e-05,-0.000597,0.09987,5.6e-05,0.002512,0.231156,0.0,0.0,0.0,0.0,1.0,-9999.0,-9999.0,-9999.0,-9999.0,-9999.0,-9999.0,-9999.0,-9999.0,61.852911,1.0,-9999.0,-9999.0,-9999.0,-9999.0,149.0,lane7,spur3,stable_reference,3.79750988143602,-2.7023662459466857,-0.7807220049113417,-4.530822274244203,-0.7807220049113417,9.8166667,346.16287848202353,1.5305952845783217,280.1389043529352,0.4806040366374752,0.48051732937211394,0.011680379130705631,0.22035692125373274,1.2613015557722458,-0.7806975191347706
P15_AV2_1_interaction,P15,AV2,1,on_ramp,P15_AV2_1,P15_AV2.1.asc,AV1,60,initiator_active,4006,1,66766.67,66766.6676,1.0,21.36,76.896,149.0,97.096724,-1395.196539,0.0,0.0,0.0,21.36,0.0,0.0,1395.116161,-34.894661,6.2755,1.0,0.0,0.0,0.0,1.0,1461.379221,-34.388924,1021.0,5006.0,0.0,161.0,-0.073074,35.320627,127.154257,35.320581,-0.05661,-1.6e-05,-0.000593,0.097687,6e-05,0.005024,0.231156,0.0,0.0,0.0,0.0,1.0,-9999.0,-9999.0,-9999.0,-9999.0,-9999.0,-9999.0,-9999.0,-9999.0,62.085577,1.0,-9999.0,-9999.0,-9999.0,-9999.0,149.0,lane7,spur3,stable_reference,3.804643334839232,-2.696891046519524,-0.7833425348283493,-4.533442834817806,-0.7833425348283493,9.833333599999998,346.751533617945,1.53337136836438,280.494903834194,0.48080299731346815,0.480740776291038,0.016049229954338884,0.3185407184816217,1.2641209641775928,-0.7833179668641246
P15_AV2_1_interaction,P15,AV2,1,on_ramp,P15_AV2_1,P15_AV2.1.asc,AV1,60,initiator_active,4007,1,66783.33,66783.3342,1.0,21.36,76.896,149.0,97.452462,-1395.552486,0.0,0.0,0.0,21.36,0.0,0.0,1395.472151,-34.897393,6.275515,1.0,0.0,0.0,0.0,1.0,1461.967878,-34.390976,1021.0,5006.0,0.0,161.0,-0.072714,35.320614,127.154212,35.320567,-0.057724,-1.5e-05,-0.000589,0.094183,6.7e-05,0.008007,0.231156,0.0,0.0,0.0,0.0,1.0,-9999.0,-9999.0,-9999.0,-9999.0,-9999.0,-9999.0,-9999.0,-9999.0,62.318244,1.0,-9999.0,-9999.0,-9999.0,-9999.0,149.0,lane7,spur3,stable_reference,3.8117838132801785,-2.6914088258835065,-0.7859174054096857,-4.5360129187925775,-0.7859174054096857,9.850000199999995,347.34018750631986,1.5361774428761292,280.85090425765014,0.48100896600377163,0.48105230479324956,0.022298422322512224,0.4273583359532265,1.2669026345667764,-0.7858936685630048
P15_AV2_1_interaction,P15,AV2,1,on_ramp,P15_AV2_1,P15_AV2.1.asc,AV1,60,initiator_active,4008,1,66800.02,66800.0217,1.0,21.36,76.896,149.0,97.808197,-1395.908433,0.0,0.0,0.0,21.36,0.0,0.0,1395.828142,-34.899957,6.276136,1.0,0.0,0.0,0.0,1.0,1462.556535,-34.392999,1021.0,5006.0,0.0,161.0,-0.072327,35.320602,127.154167,35.320553,-0.058713,-1.3e-05,-0.000586,0.089653,7.9e-05,0.011304,0.231156,0.0,0.0,0.0,0.0,1.0,-9999.0,-9999.0,-9999.0,-9999.0,-9999.0,-9999.0,-9999.0,-9999.0,62.55091,1.0,-9999.0,-9999.0,-9999.0,-9999.0,149.0,lane7,spur3,stable_reference,3.819092254848476,-2.685758626896832,-0.7883102904191588,-4.538399278275913,-0.7883102904191588,9.866687699999995,347.9288411553666,1.5390125164003088,281.2069042946201,0.48138293722569125,0.4814846709509949,0.030305574542321523,0.5112408090046733,1.269669418526524,-0.7882864813008328
P15_AV2_1_interaction,P15,AV2,1,on_ramp,P15_AV2_1,P15_AV2.1.asc,AV1,60,initiator_active,4009,1,66816.67,66816.6676,1.0,21.36,76.896,149.0,98.16393,-1396.264376,0.0,0.0,0.0,21.36,0.0,0.0,1396.184134,-34.902303,6.276751,1.0,0.0,0.0,0.0,1.0,1463.145192,-34.394993,1021.0,5006.0,0.0,161.0,-0.071913,35.32059,127.154123,35.32054,-0.05956,-1.2e-05,-0.000585,0.083394,9.5e-05,0.015229,0.231156,0.0,0.0,0.0,0.0,1.0,-9999.0,-9999.0,-9999.0,-9999.0,-9999.0,-9999.0,-9999.0,-9999.0,62.783574,1.0,-9999.0,-9999.0,-9999.0,-9999.0,149.0,lane7,spur3,stable_reference,3.8266186403172577,-2.6798904628694937,-0.7904851749731536,-4.540567637287386,-0.7904851749731536,9.883333599999998,348.5174945650854,1.5418765889369264,281.56290353246914,0.48197490927651765,0.4820621273410415,0.03933720652920414,0.5440651140217759,1.272436209443907,-0.7904613001673894
P15_AV2_1_interaction,P15,AV2,1,on_ramp,P15_AV2_1,P15_AV2.1.asc,AV1,60,initiator_active,4010,1,66833.33,66833.3342,1.0,21.36,76.896,149.0,98.519662,-1396.620316,0.0,0.0,0.0,21.36,0.0,0.0,1396.540127,-34.904455,6.277255,1.0,0.0,0.0,0.0,1.0,1463.733848,-34.396959,1021.0,5006.0,0.0,161.0,-0.071474,35.320578,127.15408,35.320526,-0.060242,-1e-05,-0.000586,0.076985,0.00012,0.018997,0.231156,0.0,0.0,0.0,0.0,1.0,-9999.0,-9999.0,-9999.0,-9999.0,-9999.0,-9999.0,-9999.0,-9999.0,63.016235,1.0,-9999.0,-9999.0,-9999.0,-9999.0,149.0,lane7,spur3,stable_reference,3.834338978915416,-2.673828327412694,-0.7924660590688754,-4.542541995824005,-0.7924660590688754,9.900000199999996,349.10614674376296,1.5447686522673336,281.91890216926186,0.48276088297355885,0.48279528413229256,0.04842980542506936,0.5021218311962405,1.2752030074085738,-0.792442124435015
P15_AV2_1_interaction,P15,AV2,1,on_ramp,P15_AV2_1,P15_AV2.1.asc,AV1,60,initiator_active,4011,1,66850.0,66850.0001,1.0,21.36,76.896,149.0,98.875392,-1396.976252,0.0,0.0,0.0,21.36,0.0,0.0,1396.896122,-34.906468,6.277613,1.0,0.0,0.0,0.0,1.0,1464.322505,-34.398899,1021.0,5006.0,0.0,161.0,-0.07101,35.320566,127.154037,35.320514,-0.060728,-7e-06,-0.00059,0.069386,0.000149,0.023079,0.231156,0.0,0.0,0.0,0.0,1.0,-9999.0,-9999.0,-9999.0,-9999.0,-9999.0,-9999.0,-9999.0,-9999.0,63.248893,1.0,-9999.0,-9999.0,-9999.0,-9999.0,149.0,lane7,spur3,stable_reference,3.8421983195219855,-2.667627182813181,-0.7943079422193158,-4.54437735337993,-0.7943079422193158,9.916666100000002,349.6947997078364,1.547686722965032,282.2749016588626,0.48368586844247097,0.4836764076141926,0.05607424327707555,0.3769060474888757,1.2779698203980374,-0.7942839519555664
P15_AV2_1_interaction,P15,AV2,1,on_ramp,P15_AV2_1,P15_AV2.1.asc,AV1,60,initiator_active,4012,1,66866.67,66866.6667,1.0,21.36,76.896,149.0,99.23112,-1397.332185,0.0,0.0,0.0,21.36,0.0,0.0,1397.252117,-34.908388,6.277841,1.0,0.0,0.0,0.0,1.0,1464.911162,-34.400814,1021.0,5006.0,0.0,161.0,-0.070523,35.320554,127.153995,35.320501,-0.060998,-4e-06,-0.000598,0.060519,0.00018,0.027475,0.231156,0.0,0.0,0.0,0.0,1.0,-9999.0,-9999.0,-9999.0,-9999.0,-9999.0,-9999.0,-9999.0,-9999.0,63.481549,1.0,-9999.0,-9999.0,-9999.0,-9999.0,149.0,lane7,spur3,stable_reference,3.850150624366629,-2.66133306297027,-0.7960568253805067,-4.546119710947439,-0.7960568253805067,9.9333327,350.2834524655925,1.55062979281138,282.63090038096277,0.48470385074434785,0.48466438333258327,0.060992911756738266,0.23658753455373116,1.2807366330400687,-0.7960327822957208
P15_AV2_1_interaction,P15,AV2,1,on_ramp,P15_AV2_1,P15_AV2.1.asc,AV1,60,initiator_active,4013,1,66883.33,66883.3335,1.0,21.36,76.896,149.0,99.586845,-1397.688117,0.0,0.0,0.0,21.36,0.0,0.0,1397.608112,-34.910253,6.277976,1.0,0.0,0.0,0.0,1.0,1465.499818,-34.402705,1021.0,5006.0,0.0,161.0,-0.070013,35.320542,127.153953,35.32049,-0.061021,-1e-06,-0.000607,0.05197,0.000215,0.0314,0.231156,0.0,0.0,0.0,0.0,1.0,-9999.0,-9999.0,-9999.0,-9999.0,-9999.0,-9999.0,-9999.0,-9999.0,63.714205,1.0,-9999.0,-9999.0,-9999.0,-9999.0,149.0,lane7,spur3,stable_reference,3.858157908061755,-2.654983957768349,-0.7977507085480382,-4.54780706852179,-0.7977507085480382,9.949999499999992,350.872104025318,1.553596853587735,282.9868986491649,0.4857768311732633,0.4857095094246008,0.06396048678772459,0.1773878261558406,1.2835034454766296,-0.7977266143033663
P15_AV2_1_interaction,P15,AV2,1,on_ramp,P15_AV2_1,P15_AV2.1.asc,AV1,60,initiator_active,4014,1,66900.0,66900.0002,1.0,21.36,76.896,149.0,99.942568,-1398.044048,0.0,0.0,0.0,21.36,0.0,0.0,1397.964107,-34.912086,6.278049,1.0,0.0,0.0,0.0,1.0,1466.088474,-34.404574,1021.0,5006.0,0.0,161.0,-0.069482,35.320531,127.153911,35.320479,-0.06076,3e-06,-0.000619,0.043352,0.000236,0.035011,0.231156,0.0,0.0,0.0,0.0,1.0,-9999.0,-9999.0,-9999.0,-9999.0,-9999.0,-9999.0,-9999.0,-9999.0,63.94686,1.0,-9999.0,-9999.0,-9999.0,-9999.0,149.0,lane7,spur3,stable_reference,3.8661971794516985,-2.6486028610848384,-0.7993980983499199,-4.549449760779887,-0.7993980983499199,9.966666199999992,351.46075540348426,1.556585913614902,283.3428966532811,0.48688181051244145,0.4867964099682376,0.06690586899295248,0.21698554703990935,1.286257567238423,-0.7993757567259816
P15_AV2_1_interaction,P15,AV2,1,on_ramp,P15_AV2_1,P15_AV2.1.asc,AV1,60,initiator_active,4015,1,66916.67,66916.6668,1.0,21.36,76.896,149.0,100.298288,-1398.399978,0.0,0.0,0.0,21.36,0.0,0.0,1398.320102,-34.913905,6.278085,1.0,0.0,0.0,0.0,1.0,1466.67713,-34.406424,1021.0,5006.0,0.0,161.0,-0.068931,35.320519,127.15387,35.320468,-0.060192,7e-06,-0.000634,0.034268,0.000244,0.038465,0.231156,0.0,0.0,0.0,0.0,1.0,-9999.0,-9999.0,-9999.0,-9999.0,-9999.0,-9999.0,-9999.0,-9999.0,64.179514,1.0,-9999.0,-9999.0,-9999.0,-9999.0,149.0,lane7,spur3,stable_reference,3.8742504454581375,-2.64220776812812,-0.8009407042514392,-4.550999037250607,-0.8009407042514392,9.983332800000003,352.0494066248496,1.5595939729950392,283.69889454185943,0.4880007893748686,0.487939702489112,0.0711933230703039,0.31267970917843746,1.2889191088895302,-0.8009183195146616
P15_AV2_1_interaction,P15,AV2,1,on_ramp,P15_AV2_1,P15_AV2.1.asc,AV1,60,initiator_active,4016,1,66933.33,66933.3345,1.0,21.36,76.896,149.0,100.654006,-1398.755908,0.0,0.0,0.0,21.36,0.0,0.0,1398.676098,-34.915716,6.2781,1.0,0.0,0.0,0.0,1.0,1467.265786,-34.408257,1021.0,5006.0,0.0,161.0,-0.068364,35.320508,127.153828,35.320458,-0.05929,1.1e-05,-0.000646,0.02632,0.000218,0.040977,0.231156,0.0,0.0,0.0,0.0,1.0,-9999.0,-9999.0,-9999.0,-9999.0,-9999.0,-9999.0,-9999.0,-9999.0,64.412168,1.0,-9999.0,-9999.0,-9999.0,-9999.0,149.0,lane7,spur3,stable_reference,3.8823117361177775,-2.635804654228747,-0.8024753093789816,-4.552540312965967,-0.8024753093789816,10.000000499999995,352.638057705919,1.562619031796263,284.05489336438234,0.4891277762175497,0.48916959526774295,0.07732895017580077,0.4179597336974967,1.291580657970522,-0.8024528817529724
P15_AV2_1_interaction,P15,AV2,1,on_ramp,P15_AV2_1,P15_AV2.1.asc,AV1,60,initiator_active,4017,1,66950.0,66950.0006,1.0,21.36,76.896,149.0,101.00972,-1399.111837,0.0,0.0,0.0,21.36,0.0,0.0,1399.032094,-34.917364,6.278707,1.0,0.0,0.0,0.0,1.0,1467.854442,-34.410074,1021.0,5006.0,0.0,161.0,-0.06778,35.320496,127.153787,35.320449,-0.058032,1.4e-05,-0.000656,0.018825,0.000163,0.042861,0.231156,0.0,0.0,0.0,0.0,1.0,-9999.0,-9999.0,-9999.0,-9999.0,-9999.0,-9999.0,-9999.0,-9999.0,64.644822,1.0,-9999.0,-9999.0,-9999.0,-9999.0,149.0,lane7,spur3,stable_reference,3.890535964097935,-2.629238583719968,-0.8038469145556426,-4.553918588728107,-0.8038469145556426,10.016666599999997,353.22670865494547,1.5656600900526187,284.4108908417164,0.49041775750943045,0.49051735892115855,0.08512534974530617,0.4982218556951037,1.2942422061053633,-0.8038244485959329
P15_AV2_1_interaction,P15,AV2,1,on_ramp,P15_AV2_1,P15_AV2.1.asc,AV1,60,initiator_active,4018,1,66966.67,66966.6668,1.0,21.36,76.896,149.0,101.365432,-1399.467764,0.0,0.0,0.0,21.36,0.0,0.0,1399.388091,-34.918798,6.279309,1.0,0.0,0.0,0.0,1.0,1468.443098,-34.411878,1021.0,5006.0,0.0,161.0,-0.067183,35.320485,127.153746,35.32044,-0.056403,1.6e-05,-0.000661,0.012748,8.7e-05,0.043646,0.231156,0.0,0.0,0.0,0.0,1.0,-9999.0,-9999.0,-9999.0,-9999.0,-9999.0,-9999.0,-9999.0,-9999.0,64.877475,1.0,-9999.0,-9999.0,-9999.0,-9999.0,149.0,lane7,spur3,stable_reference,3.8989741375167313,-2.6224585471057265,-0.8050045190204153,-4.555082863794016,-0.8050045190204153,10.033332800000004,353.8153594966868,1.568714147866273,284.76688755294066,0.49192173976643194,0.49200701981441797,0.09393583662080474,0.5311116176658994,1.2969037604743423,-0.8049820207079104
P15_AV2_1_interaction,P15,AV2,1,on_ramp,P15_AV2_1,P15_AV2.1.asc,AV1,60,initiator_active,4019,1,66983.33,66983.3342,1.0,21.36,76.896,149.0,101.721142,-1399.823686,0.0,0.0,0.0,21.36,0.0,0.0,1399.744089,-34.920043,6.279801,1.0,0.0,0.0,0.0,1.0,1469.031753,-34.413672,1021.0,5006.0,0.0,161.0,-0.066574,35.320474,127.153705,35.320432,-0.054401,1.7e-05,-0.000662,0.007444,9e-06,0.043332,0.231156,0.0,0.0,0.0,0.0,1.0,-9999.0,-9999.0,-9999.0,-9999.0,-9999.0,-9999.0,-9999.0,-9999.0,65.110124,1.0,-9999.0,-9999.0,-9999.0,-9999.0,149.0,lane7,spur3,stable_reference,3.907601265987588,-2.6154895377310274,-0.8059731227657431,-4.556058138156508,-0.8059731227657431,10.050000199999994,354.40400925593536,1.5717781970866993,285.122883704372,0.4936147238399166,0.4936485894539676,0.10282921788639321,0.49151988679848513,1.2995653212225604,-0.8059505973826437
P15_AV2_1_interaction,P15,AV2,1,on_ramp,P15_AV2_1,P15_AV2.1.asc,AV1,60,initiator_active,4020,1,67000.0,67000.0007,1.0,21.36,76.896,149.0,102.076849,-1400.179604,0.0,0.0,0.0,21.36,0.0,0.0,1400.100087,-34.921151,6.28015,1.0,0.0,0.0,0.0,1.0,1469.620409,-34.415456,1021.0,5006.0,0.0,161.0,-0.065954,35.320463,127.153665,35.320424,-0.052048,1.6e-05,-0.000664,0.001292,-5.7e-05,0.043175,0.231156,0.0,0.0,0.0,0.0,1.0,-9999.0,-9999.0,-9999.0,-9999.0,-9999.0,-9999.0,-9999.0,-9999.0,65.342772,1.0,-9999.0,-9999.0,-9999.0,-9999.0,149.0,lane7,spur3,stable_reference,3.916365341776905,-2.608383564825736,-0.806804726552371,-4.556896412558327,-0.806804726552371,10.0666667,354.9926599326231,1.574852254219274,285.4788787251846,0.49544470324799306,0.49543471086986046,0.1103201870804309,0.37016193338504166,1.3022268811755557,-0.8067821779275627
P15_AV2_1_interaction,P15,AV2,1,on_ramp,P15_AV2_1,P15_AV2.1.asc,AV1,60,initiator_active,4021,1,67016.67,67016.6668,1.0,21.36,76.896,149.0,102.432554,-1400.535519,0.0,0.0,0.0,21.36,0.0,0.0,1400.456086,-34.92217,6.280374,1.0,0.0,0.0,0.0,1.0,1470.209064,-34.417233,1021.0,5006.0,0.0,161.0,-0.065326,35.320452,127.153625,35.320417,-0.049386,1.5e-05,-0.000668,-0.005631,-0.000105,0.042704,0.231156,0.0,0.0,0.0,0.0,1.0,-9999.0,-9999.0,-9999.0,-9999.0,-9999.0,-9999.0,-9999.0,-9999.0,65.575418,1.0,-9999.0,-9999.0,-9999.0,-9999.0,149.0,lane7,spur3,stable_reference,3.9252184110719552,-2.601188592539978,-0.8075473295894217,-4.557645686228027,-0.8075473295894217,10.083332800000004,355.58130955157566,1.5779333028607725,285.8348740114735,0.49736368787795354,0.4973258456004117,0.1151677409869567,0.23278511239780597,1.3048884480882537,-0.8075247602103002
P15_AV2_1_interaction,P15,AV2,1,on_ramp,P15_AV2_1,P15_AV2.1.asc,AV1,60,initiator_active,4022,1,67033.33,67033.3339,1.0,21.36,76.896,149.0,102.788256,-1400.891433,0.0,0.0,0.0,21.36,0.0,0.0,1400.812084,-34.923134,6.280505,1.0,0.0,0.0,0.0,1.0,1470.797719,-34.419005,1021.0,5006.0,0.0,161.0,-0.06469,35.320441,127.153586,35.32041,-0.046455,1.2e-05,-0.000672,-0.013232,-0.000136,0.042704,0.231156,0.0,0.0,0.0,0.0,1.0,-9999.0,-9999.0,-9999.0,-9999.0,-9999.0,-9999.0,-9999.0,-9999.0,65.808063,1.0,-9999.0,-9999.0,-9999.0,-9999.0,149.0,lane7,spur3,stable_reference,3.934126431487989,-2.593938657967476,-0.8081922677107026,-4.558293753980869,-0.8081922677107026,10.099999899999995,356.169959129265,1.5810193513320112,286.1908678438985,0.4993376623822545,0.4992736236054261,0.11807954362950213,0.17162936510901572,1.3075086627223091,-0.8081710003400546
P15_AV2_1_interaction,P15,AV2,1,on_ramp,P15_AV2_1,P15_AV2.1.asc,AV1,60,initiator_active,4023,1,67050.0,67050.0006,1.0,21.36,76.896,149.0,103.143955,-1401.247345,0.0,0.0,0.0,21.36,0.0,0.0,1401.168083,-34.924068,6.280577,1.0,0.0,0.0,0.0,1.0,1471.386374,-34.420775,1021.0,5006.0,0.0,161.0,-0.06405,35.32043,127.153547,35.320403,-0.043291,1e-05,-0.000678,-0.021411,-0.000151,0.042704,0.231156,0.0,0.0,0.0,0.0,1.0,-9999.0,-9999.0,-9999.0,-9999.0,-9999.0,-9999.0,-9999.0,-9999.0,66.040707,1.0,-9999.0,-9999.0,-9999.0,-9999.0,149.0,lane7,spur3,stable_reference,3.943064468097419,-2.5866587083087142,-0.8087709264612587,-4.558872524356298,-0.8087709264612587,10.116666599999997,356.75860869044897,1.5841073997351371,286.54686242870883,0.501341644117622,0.5012618845191381,0.12088880237699762,0.20493579911265725,1.3100912879809776,-0.8087496438633556
P15_AV2_1_interaction,P15,AV2,1,on_ramp,P15_AV2_1,P15_AV2.1.asc,AV1,60,initiator_active,4024,1,67066.67,67066.6679,1.0,21.36,76.896,149.0,103.499652,-1401.603256,0.0,0.0,0.0,21.36,0.0,0.0,1401.524082,-34.924987,6.280612,1.0,0.0,0.0,0.0,1.0,1471.975028,-34.422545,1021.0,5006.0,0.0,161.0,-0.063407,35.320419,127.153508,35.320396,-0.03993,8e-06,-0.000685,-0.03008,-0.000155,0.042704,0.231156,0.0,0.0,0.0,0.0,1.0,-9999.0,-9999.0,-9999.0,-9999.0,-9999.0,-9999.0,-9999.0,-9999.0,66.273351,1.0,-9999.0,-9999.0,-9999.0,-9999.0,149.0,lane7,spur3,stable_reference,3.952017498938791,-2.579363762642961,-0.8093345852192944,-4.559436294739198,-0.8093345852192944,10.133333899999998,357.34725725166714,1.587195439885572,286.9028568897286,0.5033606253421748,0.5033033328559593,0.12491091721464365,0.2924251229684556,1.3126739131310317,-0.8093132877888568
P15_AV2_1_interaction,P15,AV2,1,on_ramp,P15_AV2_1,P15_AV2.1.asc,AV1,60,initiator_active,4025,1,67083.33,67083.3338,1.0,21.36,76.896,149.0,103.855345,-1401.959167,0.0,0.0,0.0,21.36,0.0,0.0,1401.880081,-34.925898,6.280627,1.0,0.0,0.0,0.0,1.0,1472.563683,-34.424318,1021.0,5006.0,0.0,161.0,-0.062763,35.320408,127.153469,35.320389,-0.036405,5e-06,-0.000692,-0.039157,-0.000154,0.042704,0.231156,0.0,0.0,0.0,0.0,1.0,-9999.0,-9999.0,-9999.0,-9999.0,-9999.0,-9999.0,-9999.0,-9999.0,66.505995,1.0,-9999.0,-9999.0,-9999.0,-9999.0,149.0,lane7,spur3,stable_reference,3.960978526703885,-2.572060819106791,-0.8098902439813019,-4.559992065126068,-0.8098902439813019,10.149999799999991,357.93590683760914,1.5902804883908606,287.25885128472703,0.5053876062943053,0.5054255583048425,0.1306361243912093,0.38930559530682984,1.315256538223154,-0.8098689319288487
P15_AV2_1_interaction,P15,AV2,1,on_ramp,P15_AV2_1,P15_AV2.1.asc,AV1,60,initiator_active,4026,1,67100.0,67100.0,1.0,21.36,76.896,149.0,104.211036,-1402.315078,0.0,0.0,0.0,21.36,0.0,0.0,1402.23608,-34.926658,6.281192,1.0,0.0,0.0,0.0,1.0,1473.152337,-34.426096,1021.0,5006.0,0.0,161.0,-0.062122,35.320397,127.15343,35.320382,-0.032746,2e-06,-0.0007,-0.048568,-0.00015,0.042704,0.231156,0.0,0.0,0.0,0.0,1.0,-9999.0,-9999.0,-9999.0,-9999.0,-9999.0,-9999.0,-9999.0,-9999.0,66.738639,1.0,-9999.0,-9999.0,-9999.0,-9999.0,149.0,lane7,spur3,stable_reference,3.9700904964039063,-2.5646069157668414,-0.8102949028185431,-4.560396835588127,-0.8102949028185431,10.166665999999998,358.5245554648486,1.5933605288137251,287.6148444335688,0.5075655821042625,0.5076577111958412,0.13788731771463603,0.46355461679530885,1.317839162221858,-0.8102735801175954
P15_AV2_1_interaction,P15,AV2,1,on_ramp,P15_AV2_1,P15_AV2.1.asc,AV1,60,initiator_active,4027,1,67116.67,67116.6673,1.0,21.36,76.896,149.0,104.566723,-1402.670986,0.0,0.0,0.0,21.36,0.0,0.0,1402.59208,-34.927219,6.281752,1.0,0.0,0.0,0.0,1.0,1473.740991,-34.427883,1021.0,5006.0,0.0,161.0,-0.061486,35.320386,127.15339,35.320374,-0.028976,-0.0,-0.000706,-0.057376,-0.000148,0.042233,0.231156,0.0,0.0,0.0,0.0,1.0,-9999.0,-9999.0,-9999.0,-9999.0,-9999.0,-9999.0,-9999.0,-9999.0,66.971281,1.0,-9999.0,-9999.0,-9999.0,-9999.0,149.0,lane7,spur3,stable_reference,3.979401417310633,-2.5569540423284214,-0.8105005607567561,-4.560602605151408,-0.8105005607567561,10.1833333,359.11320416636227,1.5964315695430773,287.97083694009103,0.5099425593901676,0.5100218339098387,0.14608808484806346,0.4945313634117001,1.3204217920341408,-0.8104792326439731
P15_AV2_1_interaction,P15,AV2,1,on_ramp,P15_AV2_1,P15_AV2.1.asc,AV1,60,initiator_active,4028,1,67133.33,67133.3339,1.0,21.36,76.896,149.0,104.922408,-1403.026889,0.0,0.0,0.0,21.36,0.0,0.0,1402.948079,-34.927604,6.28221,1.0,0.0,0.0,0.0,1.0,1474.329645,-34.429681,1021.0,5006.0,0.0,161.0,-0.060856,35.320375,127.15335,35.320366,-0.025121,-3e-06,-0.000712,-0.066593,-0.000146,0.041919,0.231156,0.0,0.0,0.0,0.0,1.0,-9999.0,-9999.0,-9999.0,-9999.0,-9999.0,-9999.0,-9999.0,-9999.0,67.203921,1.0,-9999.0,-9999.0,-9999.0,-9999.0,149.0,lane7,spur3,stable_reference,3.98888824280938,-2.549125238813463,-0.8105302197808025,-4.560632375800152,-0.8105302197808025,10.199999899999995,359.70185295865576,1.5994916106470252,288.3268269941737,0.5124955224298674,0.5125273908629255,0.15437197322389196,0.4575885366653596,1.3230044133174181,-0.8105088908875507
P15_AV2_1_interaction,P15,AV2,1,on_ramp,P15_AV2_1,P15_AV2.1.asc,AV1,60,initiator_active,4029,1,67150.0,67150.0001,1.0,21.36,76.896,149.0,105.27809,-1403.382788,0.0,0.0,0.0,21.36,0.0,0.0,1403.304079,-34.927861,6.282535,1.0,0.0,0.0,0.0,1.0,1474.918299,-34.431494,1021.0,5006.0,0.0,161.0,-0.060237,35.320364,127.15331,35.320358,-0.02121,-5e-06,-0.000718,-0.075955,-0.000145,0.041605,0.231156,0.0,0.0,0.0,0.0,1.0,-9999.0,-9999.0,-9999.0,-9999.0,-9999.0,-9999.0,-9999.0,-9999.0,67.436559,1.0,-9999.0,-9999.0,-9999.0,-9999.0,149.0,lane7,spur3,stable_reference,3.998503046816925,-2.5411684462998343,-0.8104318778704532,-4.560534145514778,-0.8104318778704532,10.216666100000003,360.29050187473945,1.602536652261784,288.6828169918777,0.5151764893633448,0.5151674807885918,0.16134082358004775,0.34455627095142116,1.3255870409283872,-0.8104105515650424
P15_AV2_1_interaction,P15,AV2,1,on_ramp,P15_AV2_1,P15_AV2.1.asc,AV1,60,initiator_active,4030,1,67166.67,67166.6669,1.0,21.36,76.896,149.0,105.633769,-1403.738684,0.0,0.0,0.0,21.36,0.0,0.0,1403.660079,-34.928035,6.282743,1.0,0.0,0.0,0.0,1.0,1475.506952,-34.433324,1021.0,5006.0,0.0,161.0,-0.059629,35.320353,127.15327,35.320348,-0.017273,-7e-06,-0.000725,-0.08572,-0.000143,0.041448,0.231156,0.0,0.0,0.0,0.0,1.0,-9999.0,-9999.0,-9999.0,-9999.0,-9999.0,-9999.0,-9999.0,-9999.0,67.669196,1.0,-9999.0,-9999.0,-9999.0,-9999.0,149.0,lane7,spur3,stable_reference,4.008200818907924,-2.5331286758808083,-0.8101637070053085,-4.560266132740462,-0.8101637070053085,10.233332899999994,360.879149931153,1.6055646862027715,289.03880630460833,0.5179404534703332,0.5179053680525734,0.16585697909817831,0.21703356077352964,1.328084334786485,-0.8101438813161518
P15_AV2_1_interaction,P15,AV2,1,on_ramp,P15_AV2_1,P15_AV2.1.asc,AV1,60,initiator_active,4031,1,67183.33,67183.3341,1.0,21.36,76.896,149.0,105.989445,-1404.094579,0.0,0.0,0.0,21.36,0.0,0.0,1404.016079,-34.928158,6.282865,1.0,0.0,0.0,0.0,1.0,1476.095605,-34.435174,1021.0,5006.0,0.0,161.0,-0.059037,35.320341,127.153228,35.320339,-0.013339,-1e-05,-0.000733,-0.095826,-0.000139,0.041605,0.231156,0.0,0.0,0.0,0.0,1.0,-9999.0,-9999.0,-9999.0,-9999.0,-9999.0,-9999.0,-9999.0,-9999.0,67.901833,1.0,-9999.0,-9999.0,-9999.0,-9999.0,149.0,lane7,spur3,stable_reference,4.017949571387542,-2.5250379190379872,-0.8098392561507253,-4.559941863762778,-0.8098392561507253,10.25000009999999,361.4677981526204,1.6085727208248333,289.3947951964517,0.520755415840565,0.5206961585979096,0.1685753771474694,0.15973071209785505,1.330574854241839,-0.809819438401274
P15_AV2_1_interaction,P15,AV2,1,on_ramp,P15_AV2_1,P15_AV2.1.asc,AV1,60,initiator_active,4032,1,67200.0,67200.0006,1.0,21.36,76.896,149.0,106.345117,-1404.450471,0.0,0.0,0.0,21.36,0.0,0.0,1404.372079,-34.928253,6.282932,1.0,0.0,0.0,0.0,1.0,1476.684258,-34.437047,1021.0,5006.0,0.0,161.0,-0.058462,35.320329,127.153186,35.320328,-0.009429,-1.2e-05,-0.000742,-0.105883,-0.000134,0.041605,0.231156,0.0,0.0,0.0,0.0,1.0,-9999.0,-9999.0,-9999.0,-9999.0,-9999.0,-9999.0,-9999.0,-9999.0,68.134468,1.0,-9999.0,-9999.0,-9999.0,-9999.0,149.0,lane7,spur3,stable_reference,4.027726313100133,-2.5169191696487605,-0.8094868053182493,-4.559589594807184,-0.8094868053182493,10.266666599999997,362.0564465638997,1.6115577562301462,289.75078385721963,0.5235983772572911,0.5235246075152044,0.17118139945106847,0.1889334679882051,1.3330653734509887,-0.8094669961936977
P15_AV2_1_interaction,P15,AV2,1,on_ramp,P15_AV2_1,P15_AV2.1.asc,AV1,60,initiator_active,4033,1,67216.67,67216.6668,1.0,21.36,76.896,149.0,106.700787,-1404.806364,0.0,0.0,0.0,21.36,0.0,0.0,1404.728079,-34.928334,6.282965,1.0,0.0,0.0,0.0,1.0,1477.272911,-34.438947,1021.0,5006.0,0.0,161.0,-0.057908,35.320317,127.153143,35.320317,-0.00556,-1.4e-05,-0.00075,-0.115842,-0.000128,0.041605,0.231156,0.0,0.0,0.0,0.0,1.0,-9999.0,-9999.0,-9999.0,-9999.0,-9999.0,-9999.0,-9999.0,-9999.0,68.367104,1.0,-9999.0,-9999.0,-9999.0,-9999.0,149.0,lane7,spur3,stable_reference,4.037517049429212,-2.5087864239863404,-0.809120354496834,-4.559223325862646,-0.809120354496834,10.283332800000004,362.6450951980017,1.6145157925549152,290.10677240244996,0.5264553381972537,0.526402095947742,0.17487302021371853,0.26813492501174263,1.3355558925370319,-0.8091005543397782
P15_AV2_1_interaction,P15,AV2,1,on_ramp,P15_AV2_1,P15_AV2.1.asc,AV1,60,initiator_active,4034,1,67233.33,67233.3336,1.0,21.36,76.896,149.0,107.056454,-1405.162256,0.0,0.0,0.0,21.36,0.0,0.0,1405.084079,-34.928409,6.282979,1.0,0.0,0.0,0.0,1.0,1477.861563,-34.440876,1021.0,5006.0,0.0,161.0,-0.057377,35.320305,127.153098,35.320305,-0.001748,-1.6e-05,-0.000759,-0.125668,-0.000121,0.041605,0.231156,0.0,0.0,0.0,0.0,1.0,-9999.0,-9999.0,-9999.0,-9999.0,-9999.0,-9999.0,-9999.0,-9999.0,68.599738,1.0,-9999.0,-9999.0,-9999.0,-9999.0,149.0,lane7,spur3,stable_reference,4.047313783451065,-2.50064767992112,-0.8087479036801664,-4.558851056922844,-0.8087479036801664,10.299999599999996,363.23374307146565,1.6174448216145543,290.4627608981641,0.529318298932891,0.5293536525606919,0.18011919686526312,0.3571903172641875,1.338046411570326,-0.8087281126374352
P15_AV2_1_interaction,P15,AV2,1,on_ramp,P15_AV2_1,P15_AV2.1.asc,AV1,60,initiator_active,4035,1,67250.0,67250.0005,1.0,21.36,76.896,149.0,107.412117,-1405.518148,0.0,0.0,0.0,21.36,0.0,0.0,1405.440079,-34.928344,6.283497,1.0,0.0,0.0,0.0,1.0,1478.450215,-34.442837,1021.0,5006.0,0.0,161.0,-0.056871,35.320292,127.153052,35.320292,0.001995,-1.8e-05,-0.000767,-0.135327,-0.000113,0.041605,0.231156,0.0,0.0,0.0,0.0,1.0,-9999.0,-9999.0,-9999.0,-9999.0,-9999.0,-9999.0,-9999.0,-9999.0,68.832373,1.0,-9999.0,-9999.0,-9999.0,-9999.0,149.0,lane7,spur3,stable_reference,4.057250463637773,-2.492368973123896,-0.8082354529740772,-4.558338788093536,-0.8082354529740772,10.316666499999991,363.822391209016,1.6203418517639339,290.8187482385014,0.5323212549009648,0.5324061358257326,0.1867795035767763,0.42570003860264904,1.3405369293726015,-0.8082156744716367
P15_AV2_1_interaction,P15,AV2,1,on_ramp,P15_AV2_1,P15_AV2.1.asc,AV1,60,initiator_active,4036,1,67266.67,67266.6674,1.0,21.36,76.896,149.0,107.767778,-1405.874036,0.0,0.0,0.0,21.36,0.0,0.0,1405.796079,-34.928096,6.284011,1.0,0.0,0.0,0.0,1.0,1479.038867,-34.444833,1021.0,5006.0,0.0,161.0,-0.056394,35.320279,127.153005,35.320279,0.005656,-2e-05,-0.000775,-0.144787,-0.000103,0.041605,0.231156,0.0,0.0,0.0,0.0,1.0,-9999.0,-9999.0,-9999.0,-9999.0,-9999.0,-9999.0,-9999.0,-9999.0,69.065006,1.0,-9999.0,-9999.0,-9999.0,-9999.0,149.0,lane7,spur3,stable_reference,4.067370073454263,-2.483907315041258,-0.8075400024125247,-4.557643519408649,-0.8075400024125247,10.333333400000003,364.4110396354103,1.6232038831051918,291.1747340685962,0.5355072046371566,0.5355797231770208,0.19430939681203974,0.45386085756859273,1.34302744556576,-0.8075202409286034
P15_AV2_1_interaction,P15,AV2,1,on_ramp,P15_AV2_1,P15_AV2.1.asc,AV1,60,initiator_active,4037,1,67283.33,67283.3341,1.0,21.36,76.896,149.0,108.123435,-1406.22992,0.0,0.0,0.0,21.36,0.0,0.0,1406.152079,-34.927687,6.284431,1.0,0.0,0.0,0.0,1.0,1479.627518,-34.446867,1021.0,5006.0,0.0,161.0,-0.055947,35.320266,127.152956,35.320264,0.009225,-2.2e-05,-0.000783,-0.154022,-9.3e-05,0.041605,0.231156,0.0,0.0,0.0,0.0,1.0,-9999.0,-9999.0,-9999.0,-9999.0,-9999.0,-9999.0,-9999.0,-9999.0,69.297637,1.0,-9999.0,-9999.0,-9999.0,-9999.0,149.0,lane7,spur3,stable_reference,4.077650621360316,-2.475284699816838,-0.8066518222208645,-4.5567555445519154,-0.8066518222208645,10.35000009999999,364.99968737544106,1.6260279074878237,291.53071857000765,0.5388541488906395,0.5388831659765868,0.2019083190291937,0.41996703102809896,1.3454876637355246,-0.8066335148448851
P15_AV2_1_interaction,P15,AV2,1,on_ramp,P15_AV2_1,P15_AV2.1.asc,AV1,60,initiator_active,4038,1,67300.0,67300.0005,1.0,21.36,76.896,149.0,108.479088,-1406.5858,0.0,0.0,0.0,21.36,0.0,0.0,1406.508078,-34.927161,6.28473,1.0,0.0,0.0,0.0,1.0,1480.216169,-34.448942,1021.0,5006.0,0.0,161.0,-0.055533,35.320252,127.152906,35.320249,0.012692,-2.3e-05,-0.000791,-0.163007,-8e-05,0.041605,0.231156,0.0,0.0,0.0,0.0,1.0,-9999.0,-9999.0,-9999.0,-9999.0,-9999.0,-9999.0,-9999.0,-9999.0,69.530267,1.0,-9999.0,-9999.0,-9999.0,-9999.0,149.0,lane7,spur3,stable_reference,4.08804809654607,-2.466545138810065,-0.8055863113944687,-4.555690243034552,-0.8055863113944687,10.366666499999992,365.5883354538322,1.6288109332666607,291.8867011058884,0.5423180809071124,0.5423099511447824,0.20830822143423688,0.3169038088118521,1.3478861091079155,-0.8055680282008031
P15_AV2_1_interaction,P15,AV2,1,on_ramp,P15_AV2_1,P15_AV2.1.asc,AV1,60,initiator_active,4039,1,67316.67,67316.6675,1.0,21.36,76.896,149.0,108.834738,-1406.941677,0.0,0.0,0.0,21.36,0.0,0.0,1406.864078,-34.926558,6.28492,1.0,0.0,0.0,0.0,1.0,1480.80482,-34.451061,1021.0,5006.0,0.0,161.0,-0.055155,35.320237,127.152854,35.320234,0.016049,-2.4e-05,-0.000799,-0.17172,-6.7e-05,0.041605,0.231156,0.0,0.0,0.0,0.0,1.0,-9999.0,-9999.0,-9999.0,-9999.0,-9999.0,-9999.0,-9999.0,-9999.0,69.762897,1.0,-9999.0,-9999.0,-9999.0,-9999.0,149.0,lane7,spur3,stable_reference,4.098522569851993,-2.457728575228437,-0.8044437991410165,-4.554547940090651,-0.8044437991410165,10.383333499999994,366.1769838953417,1.63154996054388,292.24268400627767,0.5458590185541125,0.5458267904823876,0.21247171993261915,0.1996279405364243,1.3502845604313631,-0.8044255418772507
P15_AV2_1_interaction,P15,AV2,1,on_ramp,P15_AV2_1,P15_AV2.1.asc,AV1,60,initiator_active,4040,1,67333.33,67333.3335,1.0,21.36,76.896,149.0,109.190385,-1407.297551,0.0,0.0,0.0,21.36,0.0,0.0,1407.220077,-34.925909,6.285032,1.0,0.0,0.0,0.0,1.0,1481.39347,-34.453226,1021.0,5006.0,0.0,161.0,-0.054815,35.320222,127.152801,35.320217,0.019289,-2.5e-05,-0.000806,-0.180145,-5.1e-05,0.041605,0.231156,0.0,0.0,0.0,0.0,1.0,-9999.0,-9999.0,-9999.0,-9999.0,-9999.0,-9999.0,-9999.0,-9999.0,69.995525,1.0,-9999.0,-9999.0,-9999.0,-9999.0,149.0,lane7,spur3,stable_reference,4.109042997739719,-2.4488660469642647,-0.8032552884558621,-4.553359638714425,-0.8032552884558621,10.399999499999991,366.765631716509,1.6342429811348949,292.5986655270771,0.5494459463819389,0.5493922680542245,0.21496251992707371,0.14547509001638215,1.3526830045478937,-0.8032370581659548
P15_AV2_1_interaction,P15,AV2,1,on_ramp,P15_AV2_1,P15_AV2.1.asc,AV1,60,initiator_active,4041,1,67350.0,67350.0008,1.0,21.36,76.896,149.0,109.546028,-1407.653425,0.0,0.0,0.0,21.36,0.0,0.0,1407.576077,-34.925234,6.285093,1.0,0.0,0.0,0.0,1.0,1481.98212,-34.455439,1021.0,5006.0,0.0,161.0,-0.054515,35.320207,127.152745,35.3202,0.022407,-2.6e-05,-0.000814,-0.188264,-3.5e-05,0.041605,0.231156,0.0,0.0,0.0,0.0,1.0,-9999.0,-9999.0,-9999.0,-9999.0,-9999.0,-9999.0,-9999.0,-9999.0,70.228153,1.0,-9999.0,-9999.0,-9999.0,-9999.0,149.0,lane7,spur3,stable_reference,4.1195894433589935,-2.4399775025490453,-0.802040776285091,-4.552145335853145,-0.802040776285091,10.416666799999991,367.3542799338055,1.6368880033605042,292.95464783327265,0.5530588815770439,0.5529922033137773,0.21732087440515002,0.17069314626119692,1.3550814551362036,-0.8020225735591597
P15_AV2_1_interaction,P15,AV2,1,on_ramp,P15_AV2_1,P15_AV2.1.asc,AV1,60,initiator_active,4042,1,67366.67,67366.6676,1.0,21.36,76.896,149.0,109.901669,-1408.009298,0.0,0.0,0.0,21.36,0.0,0.0,1407.932076,-34.924547,6.285123,1.0,0.0,0.0,0.0,1.0,1482.570769,-34.457704,1021.0,5006.0,0.0,161.0,-0.054257,35.320191,127.152688,35.320182,0.025397,-2.6e-05,-0.000821,-0.196065,-1.7e-05,0.041605,0.231156,0.0,0.0,0.0,0.0,1.0,-9999.0,-9999.0,-9999.0,-9999.0,-9999.0,-9999.0,-9999.0,-9999.0,70.46078,1.0,-9999.0,-9999.0,-9999.0,-9999.0,149.0,lane7,spur3,stable_reference,4.130147856634339,-2.4310769844004576,-0.8008142656435787,-4.550919034520519,-0.8008142656435787,10.433333599999997,367.9429275802761,1.6394810191042293,293.31062904047,0.5566838081108222,0.5566364624807881,0.2206523931370441,0.24114898453064715,1.3574798988647558,-0.8007960907539337
P15_AV2_1_interaction,P15,AV2,1,on_ramp,P15_AV2_1,P15_AV2.1.asc,AV1,60,initiator_active,4043,1,67383.33,67383.334,1.0,21.36,76.896,149.0,110.257306,-1408.365171,0.0,0.0,0.0,21.36,0.0,0.0,1408.288075,-34.923853,6.285136,1.0,0.0,0.0,0.0,1.0,1483.159418,-34.460022,1021.0,5006.0,0.0,161.0,-0.054042,35.320175,127.15263,35.320164,0.028256,-2.6e-05,-0.000828,-0.203535,1e-06,0.041448,0.231156,0.0,0.0,0.0,0.0,1.0,-9999.0,-9999.0,-9999.0,-9999.0,-9999.0,-9999.0,-9999.0,-9999.0,70.693406,1.0,-9999.0,-9999.0,-9999.0,-9999.0,149.0,lane7,spur3,stable_reference,4.140713267217904,-2.422169468115297,-0.7995807550101112,-4.549685733195935,-0.7995807550101112,10.45,368.5315756641394,1.642021036652817,293.66661018989834,0.5603157344062097,0.5603472520658401,0.2253591087291369,0.3203156363689903,1.359878342521831,-0.7995626081156213
P15_AV2_1_interaction,P15,AV2,1,on_ramp,P15_AV2_1,P15_AV2.1.asc,AV1,60,initiator_active,4044,1,67400.0,67400.0008,1.0,21.36,76.896,149.0,110.61294,-1408.721044,0.0,0.0,0.0,21.36,0.0,0.0,1408.644074,-34.923034,6.285601,1.0,0.0,0.0,0.0,1.0,1483.748066,-34.462395,1021.0,5006.0,0.0,161.0,-0.053874,35.320158,127.152569,35.320145,0.030983,-2.6e-05,-0.000833,-0.210342,1.8e-05,0.041291,0.231156,0.0,0.0,0.0,0.0,1.0,-9999.0,-9999.0,-9999.0,-9999.0,-9999.0,-9999.0,-9999.0,-9999.0,70.926032,1.0,-9999.0,-9999.0,-9999.0,-9999.0,149.0,lane7,spur3,stable_reference,4.151403629734381,-2.4131369851051216,-0.7982222445201838,-4.548327432014781,-0.7982222445201838,10.466666799999992,369.12022320193483,1.6445060478216904,294.0225903077404,0.5640726564448485,0.5641484048904398,0.2313295686341661,0.38176105074532707,1.3622767849026332,-0.7982041284577847
P15_AV2_1_interaction,P15,AV2,1,on_ramp,P15_AV2_1,P15_AV2.1.asc,AV1,60,initiator_active,4045,1,67416.67,67416.6672,1.0,21.36,76.896,149.0,110.96857,-1409.076913,0.0,0.0,0.0,21.36,0.0,0.0,1409.000073,-34.922051,6.286062,1.0,0.0,0.0,0.0,1.0,1484.336714,-34.464827,1021.0,5006.0,0.0,161.0,-0.053753,35.320141,127.152508,35.320125,0.033581,-2.6e-05,-0.000835,-0.216149,3.5e-05,0.04082,0.231156,0.0,0.0,0.0,0.0,1.0,-9999.0,-9999.0,-9999.0,-9999.0,-9999.0,-9999.0,-9999.0,-9999.0,71.158657,1.0,-9999.0,-9999.0,-9999.0,-9999.0,149.0,lane7,spur3,stable_reference,4.162257929186825,-2.4039405457517518,-0.7966163430619452,-4.546716872802107,-0.7966163430619452,10.483333199999993,369.70887122663885,1.6469320609997498,294.37856907214086,0.5679935728986213,0.5680582042332876,0.23808440735700742,0.4068740882473083,1.364593482743174,-0.7965999098445528
P15_AV2_1_interaction,P15,AV2,1,on_ramp,P15_AV2_1,P15_AV2.1.asc,AV1,60,initiator_active,4046,1,67433.33,67433.3335,1.0,21.36,76.896,149.0,111.324197,-1409.432778,0.0,0.0,0.0,21.36,0.0,0.0,1409.356071,-34.920924,6.286439,1.0,0.0,0.0,0.0,1.0,1484.925362,-34.467318,1021.0,5006.0,0.0,161.0,-0.053682,35.320123,127.152444,35.320105,0.036051,-2.5e-05,-0.000836,-0.221615,5.1e-05,0.040349,0.231156,0.0,0.0,0.0,0.0,1.0,-9999.0,-9999.0,-9999.0,-9999.0,-9999.0,-9999.0,-9999.0,-9999.0,71.39128,1.0,-9999.0,-9999.0,-9999.0,-9999.0,149.0,lane7,spur3,stable_reference,4.173256145536471,-2.3946001678034308,-0.7948380218712634,-4.54493224002427,-0.7948380218712634,10.49999949999999,370.2975197382517,1.6492990761869972,294.7345456481879,0.5720584761959278,0.5720844003170119,0.24489178024003166,0.3766121209293045,1.3668801015343817,-0.7948216253384539
P15_AV2_1_interaction,P15,AV2,1,on_ramp,P15_AV2_1,P15_AV2.1.asc,AV1,60,initiator_active,4047,1,67450.0,67450.0005,1.0,21.36,76.896,149.0,111.67982,-1409.788639,0.0,0.0,0.0,21.36,0.0,0.0,1409.712069,-34.919692,6.286707,1.0,0.0,0.0,0.0,1.0,1485.514008,-34.46987,1021.0,5006.0,0.0,161.0,-0.053661,35.320106,127.15238,35.320085,0.038388,-2.4e-05,-0.000836,-0.226408,6.7e-05,0.039721,0.231156,0.0,0.0,0.0,0.0,1.0,-9999.0,-9999.0,-9999.0,-9999.0,-9999.0,-9999.0,-9999.0,-9999.0,71.623903,1.0,-9999.0,-9999.0,-9999.0,-9999.0,149.0,lane7,spur3,stable_reference,4.184359321509753,-2.3851548178061126,-0.7929547008563266,-4.543042607425594,-0.7929547008563266,10.516666499999992,370.8861667533471,1.6516050769461577,295.09052135770236,0.5762283759175582,0.5762212600522406,0.25063808759171025,0.2848364734361519,1.369166719091676,-0.7929383431741179
P15_AV2_1_interaction,P15,AV2,1,on_ramp,P15_AV2_1,P15_AV2.1.asc,AV1,60,initiator_active,4048,1,67466.67,67466.6673,1.0,21.36,76.896,149.0,112.035439,-1410.144497,0.0,0.0,0.0,21.36,0.0,0.0,1410.068067,-34.918391,6.286877,1.0,0.0,0.0,0.0,1.0,1486.102655,-34.472486,1021.0,5006.0,0.0,161.0,-0.053693,35.320087,127.152314,35.320064,0.040588,-2.3e-05,-0.000835,-0.230842,8.3e-05,0.039093,0.231156,0.0,0.0,0.0,0.0,1.0,-9999.0,-9999.0,-9999.0,-9999.0,-9999.0,-9999.0,-9999.0,-9999.0,71.856524,1.0,-9999.0,-9999.0,-9999.0,-9999.0,149.0,lane7,spur3,stable_reference,4.195531470949999,-2.3756404861766063,-0.7910023799568726,-4.541083974944654,-0.7910023799568726,10.533333299999999,371.4748152965803,1.6538470881374632,295.4464964977811,0.5804672732894559,0.5804391192285975,0.25438648625214455,0.17978990851439214,1.3714533358381042,-0.7909860625486483
P15_AV2_1_interaction,P15,AV2,1,on_ramp,P15_AV2_1,P15_AV2.1.asc,AV1,60,initiator_active,4049,1,67483.33,67483.3341,1.0,21.36,76.896,149.0,112.391055,-1410.500353,0.0,0.0,0.0,21.36,0.0,0.0,1410.424064,-34.917048,6.286978,1.0,0.0,0.0,0.0,1.0,1486.6913,-34.475166,1021.0,5006.0,0.0,161.0,-0.053777,35.320069,127.152248,35.320043,0.042651,-2.1e-05,-0.00083,-0.233922,9.8e-05,0.037994,0.231156,0.0,0.0,0.0,0.0,1.0,-9999.0,-9999.0,-9999.0,-9999.0,-9999.0,-9999.0,-9999.0,-9999.0,72.089145,1.0,-9999.0,-9999.0,-9999.0,-9999.0,149.0,lane7,spur3,stable_reference,4.206745576510193,-2.36608418879974,-0.7890080609572777,-4.539083344382672,-0.7890080609572777,10.55000009999999,372.0634623680541,1.6560250850028515,295.80247029128094,0.5847481609783943,0.5847008774303745,0.25663113248616654,0.1303954347292775,1.3737399456678006,-0.7889917846894062
P15_AV2_1_interaction,P15,AV2,1,on_ramp,P15_AV2_1,P15_AV2.1.asc,AV1,60,initiator_active,4050,1,67500.0,67500.0006,1.0,21.36,76.896,149.0,112.746667,-1410.856209,0.0,0.0,0.0,21.36,0.0,0.0,1410.780062,-34.915682,6.287033,1.0,0.0,0.0,0.0,1.0,1487.279945,-34.477912,1021.0,5006.0,0.0,161.0,-0.053915,35.32005,127.152181,35.320022,0.044579,-1.9e-05,-0.000822,-0.236296,0.000114,0.036738,0.231156,0.0,0.0,0.0,0.0,1.0,-9999.0,-9999.0,-9999.0,-9999.0,-9999.0,-9999.0,-9999.0,-9999.0,72.321766,1.0,-9999.0,-9999.0,-9999.0,-9999.0,149.0,lane7,spur3,stable_reference,4.21798270095555,-2.356504874473216,-0.7869907401666051,-4.537059712012632,-0.7869907401666051,10.566666599999996,372.6521099842056,1.6581370841158025,296.15844489493475,0.5890520561367862,0.5889934812004913,0.2587329989659395,0.15027988816232352,1.3760265616503726,-0.7869745055135864
P15_AV2_1_interaction,P15,AV2,1,on_ramp,P15_AV2_1,P15_AV2.1.asc,AV1,60,initiator_active,4051,1,67516.67,67516.6667,1.0,21.36,76.896,149.0,113.102276,-1411.212063,0.0,0.0,0.0,21.36,0.0,0.0,1411.136059,-34.914305,6.28706,1.0,0.0,0.0,0.0,1.0,1487.86859,-34.480725,1021.0,5006.0,0.0,161.0,-0.054108,35.320031,127.152113,35.320001,0.046369,-1.7e-05,-0.00081,-0.237302,0.000128,0.035011,0.231156,0.0,0.0,0.0,0.0,1.0,-9999.0,-9999.0,-9999.0,-9999.0,-9999.0,-9999.0,-9999.0,-9999.0,72.554385,1.0,-9999.0,-9999.0,-9999.0,-9999.0,149.0,lane7,spur3,stable_reference,4.229230793441489,-2.3469145861471614,-0.7849624212239209,-4.535025081508667,-0.7849624212239209,10.5833327,373.24075815328735,1.6601820855103797,296.51441840784287,0.5933669426678848,0.5933251200523627,0.2616403325532488,0.21001381844139821,1.3783131710805168,-0.784946228412632
P15_AV2_1_interaction,P15,AV2,1,on_ramp,P15_AV2_1,P15_AV2.1.asc,AV1,60,initiator_active,4052,1,67533.33,67533.3335,1.0,21.36,76.896,149.0,113.457881,-1411.567917,0.0,0.0,0.0,21.36,0.0,0.0,1411.492056,-34.912922,6.287071,1.0,0.0,0.0,0.0,1.0,1488.457233,-34.483605,1021.0,5006.0,0.0,161.0,-0.054356,35.320013,127.152046,35.31998,0.048023,-1.5e-05,-0.000793,-0.236595,0.00014,0.032656,0.231156,0.0,0.0,0.0,0.0,1.0,-9999.0,-9999.0,-9999.0,-9999.0,-9999.0,-9999.0,-9999.0,-9999.0,72.787004,1.0,-9999.0,-9999.0,-9999.0,-9999.0,149.0,lane7,spur3,stable_reference,4.240484883620215,-2.337318299418308,-0.7829117210445616,-4.532969996948699,-0.7829117210445616,10.59999949999999,373.82940487536763,1.6621600726811931,296.87039187123503,0.5976878289946599,0.5977147146679354,0.26573341837072917,0.278671447032969,1.3805849402057067,-0.7828971112110468
P15_AV2_1_interaction,P15,AV2,1,on_ramp,P15_AV2_1,P15_AV2.1.asc,AV1,60,initiator_active,4053,1,67550.0,67550.0007,1.0,21.36,76.896,149.0,113.813484,-1411.923772,0.0,0.0,0.0,21.36,0.0,0.0,1411.848053,-34.911431,6.287476,1.0,0.0,0.0,0.0,1.0,1489.045877,-34.486553,1021.0,5006.0,0.0,161.0,-0.054659,35.319994,127.151979,35.319959,0.049539,-1.2e-05,-0.000771,-0.234493,0.000152,0.02983,0.231156,0.0,0.0,0.0,0.0,1.0,-9999.0,-9999.0,-9999.0,-9999.0,-9999.0,-9999.0,-9999.0,-9999.0,73.019622,1.0,-9999.0,-9999.0,-9999.0,-9999.0,149.0,lane7,spur3,stable_reference,4.251846932268965,-2.3276140414390483,-0.7806576029652145,-4.53072280676177,-0.7806576029652145,10.616666700000001,374.4180531585967,1.6640700704203657,297.2263644433363,0.6021167116436015,0.6021830797082345,0.2709295930395754,0.33204441726085054,1.3827597468391628,-0.7806430351955613
P15_AV2_1_interaction,P15,AV2,1,on_ramp,P15_AV2_1,P15_AV2.1.asc,AV1,60,initiator_active,4054,1,67566.67,67566.6674,1.0,21.36,76.896,149.0,114.169083,-1412.279623,0.0,0.0,0.0,21.36,0.0,0.0,1412.204049,-34.909796,6.287877,1.0,0.0,0.0,0.0,1.0,1489.634519,-34.489569,1021.0,5006.0,0.0,161.0,-0.055017,35.319976,127.151914,35.319939,0.050903,-1e-05,-0.000747,-0.231301,0.000166,0.02669,0.231156,0.0,0.0,0.0,0.0,1.0,-9999.0,-9999.0,-9999.0,-9999.0,-9999.0,-9999.0,-9999.0,-9999.0,73.25224,1.0,-9999.0,-9999.0,-9999.0,-9999.0,149.0,lane7,spur3,stable_reference,4.263352897814912,-2.317765844864845,-0.778259487360342,-4.528331619023866,-0.778259487360342,10.633333400000003,375.0067000030769,1.665912053969831,297.5823348270842,0.60668958113607,0.6067458517931337,0.27680173348765535,0.3538367721442821,1.3849345454777426,-0.7782449643416727
P15_AV2_1_interaction,P15,AV2,1,on_ramp,P15_AV2_1,P15_AV2.1.asc,AV1,60,initiator_active,4055,1,67583.33,67583.3342,1.0,21.36,76.896,149.0,114.524677,-1412.63547,0.0,0.0,0.0,21.36,0.0,0.0,1412.560045,-34.908036,6.288206,1.0,0.0,0.0,0.0,1.0,1490.223161,-34.492653,1021.0,5006.0,0.0,161.0,-0.055429,35.319958,127.151849,35.31992,0.052099,-7e-06,-0.000721,-0.226652,0.00018,0.023079,0.231156,0.0,0.0,0.0,0.0,1.0,-9999.0,-9999.0,-9999.0,-9999.0,-9999.0,-9999.0,-9999.0,-9999.0,73.484857,1.0,-9999.0,-9999.0,-9999.0,-9999.0,149.0,lane7,spur3,stable_reference,4.274983815293764,-2.3077926815656435,-0.7757363720426603,-4.5258154315679695,-0.7757363720426603,10.650000199999996,375.59534740874017,1.6676860398349793,297.9383041792456,0.6113874463717806,0.6114098508986366,0.2827242113856556,0.3284098846110126,1.3871093424793617,-0.7757218961075811
P15_AV2_1_interaction,P15,AV2,1,on_ramp,P15_AV2_1,P15_AV2.1.asc,AV1,60,initiator_active,4056,1,67600.0,67600.0016,1.0,21.36,76.896,149.0,114.880268,-1412.991313,0.0,0.0,0.0,21.36,0.0,0.0,1412.91604,-34.906185,6.288438,1.0,0.0,0.0,0.0,1.0,1490.811802,-34.495805,1021.0,5006.0,0.0,161.0,-0.055894,35.319941,127.151787,35.319901,0.053117,-3e-06,-0.000691,-0.219843,0.000195,0.018683,0.231156,0.0,0.0,0.0,0.0,1.0,-9999.0,-9999.0,-9999.0,-9999.0,-9999.0,-9999.0,-9999.0,-9999.0,73.717473,1.0,-9999.0,-9999.0,-9999.0,-9999.0,149.0,lane7,spur3,stable_reference,4.286705670050265,-2.297728565562895,-0.7731222590776642,-4.523208246441523,-0.7731222590776642,10.6666676,376.1839943756206,1.669392019763106,298.2942717804463,0.6161763002558878,0.6161702406641715,0.28774898193953646,0.24946811891331677,1.3892841321801597,-0.7731078319242719
P15_AV2_1_interaction,P15,AV2,1,on_ramp,P15_AV2_1,P15_AV2.1.asc,AV1,60,initiator_active,4057,1,67616.67,67616.6674,1.0,21.36,76.896,149.0,115.235854,-1413.347154,0.0,0.0,0.0,21.36,0.0,0.0,1413.272035,-34.904273,6.288587,1.0,0.0,0.0,0.0,1.0,1491.400443,-34.499023,1021.0,5006.0,0.0,161.0,-0.056412,35.319924,127.151726,35.319883,0.053924,0.0,-0.000667,-0.214099,0.000216,0.015072,0.231156,0.0,0.0,0.0,0.0,1.0,-9999.0,-9999.0,-9999.0,-9999.0,-9999.0,-9999.0,-9999.0,-9999.0,73.950089,1.0,-9999.0,-9999.0,-9999.0,-9999.0,149.0,lane7,spur3,stable_reference,4.298488501350015,-2.287603465798348,-0.7704471462528324,-4.520540061452699,-0.7704471462528324,10.683333400000004,376.7726418871787,1.671032001938795,298.6502388782326,0.621026152062692,0.6210014384216332,0.29103994849455006,0.15745877206184034,1.3914589210821324,-0.7704327690194405
P15_AV2_1_interaction,P15,AV2,1,on_ramp,P15_AV2_1,P15_AV2.1.asc,AV1,60,initiator_active,4058,1,67633.33,67633.3343,1.0,21.36,76.896,149.0,115.591437,-1413.702993,0.0,0.0,0.0,21.36,0.0,0.0,1413.62803,-34.902326,6.288675,1.0,0.0,0.0,0.0,1.0,1491.989083,-34.502306,1021.0,5006.0,0.0,161.0,-0.05698,35.319908,127.151667,35.319866,0.054478,4e-06,-0.000645,-0.207395,0.000238,0.011304,0.231156,0.0,0.0,0.0,0.0,1.0,-9999.0,-9999.0,-9999.0,-9999.0,-9999.0,-9999.0,-9999.0,-9999.0,74.182704,1.0,-9999.0,-9999.0,-9999.0,-9999.0,149.0,lane7,spur3,stable_reference,4.310306319190984,-2.277443375350802,-0.7677370335084066,-4.517836876542833,-0.7677370335084066,10.7000003,377.36128893519566,1.672606978075312,299.0062056871749,0.6259110026776108,0.6258713904920586,0.2929974199272607,0.11190262115638205,1.3936337095257558,-0.767722706848145
P15_AV2_1_interaction,P15,AV2,1,on_ramp,P15_AV2_1,P15_AV2.1.asc,AV1,60,initiator_active,4059,1,67650.0,67650.0001,1.0,21.36,76.896,149.0,115.947016,-1414.058831,0.0,0.0,0.0,21.36,0.0,0.0,1413.984024,-34.900358,6.288722,1.0,0.0,0.0,0.0,1.0,1492.577722,-34.505652,1021.0,5006.0,0.0,161.0,-0.057597,35.319892,127.15161,35.319849,0.054759,8e-06,-0.000626,-0.200294,0.000263,0.007693,0.231156,0.0,0.0,0.0,0.0,1.0,-9999.0,-9999.0,-9999.0,-9999.0,-9999.0,-9999.0,-9999.0,-9999.0,74.415319,1.0,-9999.0,-9999.0,-9999.0,-9999.0,149.0,lane7,spur3,stable_reference,4.322145101227177,-2.2672623135657126,-0.765005922955847,-4.515112693804495,-0.765005922955847,10.716666100000003,377.9499355031664,1.6741189481045382,299.3621713228446,0.6308168443247061,0.6307678317512508,0.294769977191212,0.12631216788980737,1.3958084915852593,-0.7649916472605532
P15_AV2_1_interaction,P15,AV2,1,on_ramp,P15_AV2_1,P15_AV2.1.asc,AV1,60,initiator_active,4060,1,67666.67,67666.6678,1.0,21.36,76.896,149.0,116.302592,-1414.414669,0.0,0.0,0.0,21.36,0.0,0.0,1414.340019,-34.89838,6.288745,1.0,0.0,0.0,0.0,1.0,1493.16636,-34.509062,1021.0,5006.0,0.0,161.0,-0.058261,35.319876,127.151554,35.319834,0.054733,1.3e-05,-0.000612,-0.194056,0.000288,0.004867,0.231156,0.0,0.0,0.0,0.0,1.0,-9999.0,-9999.0,-9999.0,-9999.0,-9999.0,-9999.0,-9999.0,-9999.0,74.647933,1.0,-9999.0,-9999.0,-9999.0,-9999.0,149.0,lane7,spur3,stable_reference,4.333993907147497,-2.257071231370367,-0.7622000972955452,-4.512310251800139,-0.7622000972955452,10.733333799999993,378.5385815993433,1.675566912060529,299.7181378759532,0.6357326938839405,0.6356971092062208,0.2972079224021016,0.17560807005499157,1.3979200739218387,-0.7621873800378982
P15_AV2_1_interaction,P15,AV2,1,on_ramp,P15_AV2_1,P15_AV2.1.asc,AV1,60,initiator_active,4061,1,67683.33,67683.3334,1.0,21.36,76.896,149.0,116.658164,-1414.770506,0.0,0.0,0.0,21.36,0.0,0.0,1414.696013,-34.896398,6.288755,1.0,0.0,0.0,0.0,1.0,1493.754998,-34.512532,1021.0,5006.0,0.0,161.0,-0.058971,35.319861,127.1515,35.319819,0.054376,1.8e-05,-0.0006,-0.187325,0.000309,0.002198,0.231156,0.0,0.0,0.0,0.0,1.0,-9999.0,-9999.0,-9999.0,-9999.0,-9999.0,-9999.0,-9999.0,-9999.0,74.880547,1.0,-9999.0,-9999.0,-9999.0,-9999.0,149.0,lane7,spur3,stable_reference,4.345846683800179,-2.246876173312075,-0.7593366234342562,-4.509447201225743,-0.7593366234342562,10.7499994,379.1272281906817,1.676954878059764,300.0741033960852,0.6406525350542794,0.6406747464190792,0.30062345045075034,0.23178971228084144,1.3999764890077584,-0.759323953953479
P15_AV2_1_interaction,P15,AV2,1,on_ramp,P15_AV2_1,P15_AV2.1.asc,AV1,60,initiator_active,4062,1,67700.0,67700.0006,1.0,21.36,76.896,149.0,117.013733,-1415.126344,0.0,0.0,0.0,21.36,0.0,0.0,1415.052007,-34.894325,6.289092,1.0,0.0,0.0,0.0,1.0,1494.343636,-34.516061,1021.0,5006.0,0.0,161.0,-0.059724,35.319847,127.151448,35.319806,0.053675,2.4e-05,-0.000593,-0.181364,0.000321,0.000314,0.231156,0.0,0.0,0.0,0.0,1.0,-9999.0,-9999.0,-9999.0,-9999.0,-9999.0,-9999.0,-9999.0,-9999.0,75.11316,1.0,-9999.0,-9999.0,-9999.0,-9999.0,149.0,lane7,spur3,stable_reference,4.357790425460001,-2.2365901394779897,-0.7563821498519437,-4.506493150930056,-0.7563821498519437,10.766666599999997,379.71587526892915,1.678283846068189,300.43006816522234,0.6456633731256914,0.6457177367832331,0.3049342084314617,0.27578282728415715,1.4020329027920515,-0.7563695296663601
P15_AV2_1_interaction,P15,AV2,1,on_ramp,P15_AV2_1,P15_AV2.1.asc,AV1,60,initiator_active,4063,1,67716.67,67716.6673,1.0,21.36,76.896,149.0,117.369299,-1415.482178,0.0,0.0,0.0,21.36,0.0,0.0,1415.408,-34.892134,6.289425,1.0,0.0,0.0,0.0,1.0,1494.932272,-34.519649,1021.0,5006.0,0.0,161.0,-0.060518,35.319832,127.151396,35.319793,0.052616,2.9e-05,-0.000588,-0.175842,0.000309,-0.000942,0.231156,0.0,0.0,0.0,0.0,1.0,-9999.0,-9999.0,-9999.0,-9999.0,-9999.0,-9999.0,-9999.0,-9999.0,75.345774,1.0,-9999.0,-9999.0,-9999.0,-9999.0,149.0,lane7,spur3,stable_reference,4.369852094014976,-2.226186160127761,-0.7533096791074704,-4.503421103470667,-0.7533096791074704,10.783333299999999,380.30452083415327,1.6795537995804173,300.7860309605758,0.650792198926042,0.6508393904650791,0.3098163504917899,0.29403885899568927,1.4040893091118987,-0.7532971101858567
P15_AV2_1_interaction,P15,AV2,1,on_ramp,P15_AV2_1,P15_AV2.1.asc,AV1,60,initiator_active,4064,1,67733.33,67733.3341,1.0,21.36,76.896,149.0,117.72486,-1415.838009,0.0,0.0,0.0,21.36,0.0,0.0,1415.763993,-34.889838,6.289698,1.0,0.0,0.0,0.0,1.0,1495.520909,-34.523292,1021.0,5006.0,0.0,161.0,-0.061351,35.319818,127.151345,35.319781,0.051204,3.4e-05,-0.000585,-0.169776,0.000267,-0.002041,0.231156,0.0,0.0,0.0,0.0,1.0,-9999.0,-9999.0,-9999.0,-9999.0,-9999.0,-9999.0,-9999.0,-9999.0,75.578387,1.0,-9999.0,-9999.0,-9999.0,-9999.0,149.0,lane7,spur3,stable_reference,4.382018722193595,-2.21567720872852,-0.7501322086848816,-4.500244056332858,-0.7501322086848816,10.80000009999999,380.89316785324144,1.680768763218314,301.1419928893968,0.6560260211507182,0.656045000605899,0.3147355529599771,0.27329938910222396,1.406145713929867,-0.7501196927791488
P15_AV2_1_interaction,P15,AV2,1,on_ramp,P15_AV2_1,P15_AV2.1.asc,AV1,60,initiator_active,4065,1,67750.0,67750.0007,1.0,21.36,76.896,149.0,118.080416,-1416.193837,0.0,0.0,0.0,21.36,0.0,0.0,1416.119985,-34.887466,6.289892,1.0,0.0,0.0,0.0,1.0,1496.109544,-34.526989,1021.0,5006.0,0.0,161.0,-0.062222,35.319805,127.151296,35.31977,0.049458,3.7e-05,-0.000582,-0.163524,0.000196,-0.002826,0.231156,0.0,0.0,0.0,0.0,1.0,-9999.0,-9999.0,-9999.0,-9999.0,-9999.0,-9999.0,-9999.0,-9999.0,75.811,1.0,-9999.0,-9999.0,-9999.0,-9999.0,149.0,lane7,spur3,stable_reference,4.394261293417912,-2.2050923006327565,-0.7468787409713985,-4.496991011902733,-0.7468787409713985,10.8166667,381.4818133180429,1.6819297121897379,301.49795319104726,0.6613358325345879,0.6613305955855444,0.3189263570885963,0.20903447891727822,1.4082021118841441,-0.7468662793495562
P15_AV2_1_interaction,P15,AV2,1,on_ramp,P15_AV2_1,P15_AV2.1.asc,AV1,60,initiator_active,4066,1,67766.67,67766.6673,1.0,21.36,76.896,149.0,118.435969,-1416.549663,0.0,0.0,0.0,21.36,0.0,0.0,1416.475977,-34.885044,6.290015,1.0,0.0,0.0,0.0,1.0,1496.698179,-34.530738,1021.0,5006.0,0.0,161.0,-0.063127,35.319791,127.151248,35.319759,0.047402,4e-05,-0.000578,-0.155838,0.000113,-0.003925,0.231156,0.0,0.0,0.0,0.0,1.0,-9999.0,-9999.0,-9999.0,-9999.0,-9999.0,-9999.0,-9999.0,-9999.0,76.043614,1.0,-9999.0,-9999.0,-9999.0,-9999.0,149.0,lane7,spur3,stable_reference,4.406553845415391,-2.1944574058469817,-0.7435752734111793,-4.493687967625732,-0.7435752734111793,10.833333299999998,382.07045921198454,1.6830386629319773,301.85391308006314,0.6666956422157645,0.6666758366520071,0.32170334105262555,0.13252594278058538,1.410258509123238,-0.7435628669074735
P15_AV2_1_interaction,P15,AV2,1,on_ramp,P15_AV2_1,P15_AV2.1.asc,AV1,60,initiator_active,4067,1,67783.33,67783.3337,1.0,21.36,76.896,149.0,118.791518,-1416.905487,0.0,0.0,0.0,21.36,0.0,0.0,1416.831969,-34.882592,6.290088,1.0,0.0,0.0,0.0,1.0,1497.286814,-34.534537,1021.0,5006.0,0.0,161.0,-0.064064,35.319778,127.151202,35.31975,0.045073,4.1e-05,-0.000572,-0.146452,3.4e-05,-0.005495,0.231156,0.0,0.0,0.0,0.0,1.0,-9999.0,-9999.0,-9999.0,-9999.0,-9999.0,-9999.0,-9999.0,-9999.0,76.276227,1.0,-9999.0,-9999.0,-9999.0,-9999.0,149.0,lane7,spur3,stable_reference,4.41887638587676,-2.18379251904721,-0.7402418059429283,-4.490354923440614,-0.7402418059429283,10.8499997,382.6591055185607,1.684097615376917,302.2098727214983,0.6720854508753153,0.672053932657816,0.3233438579767238,0.09171947801953628,1.4123149059332185,-0.7402294550579032
P15_AV2_1_interaction,P15,AV2,1,on_ramp,P15_AV2_1,P15_AV2.1.asc,AV1,60,initiator_active,4068,1,67800.0,67800.0008,1.0,21.36,76.896,149.0,119.147063,-1417.26131,0.0,0.0,0.0,21.36,0.0,0.0,1417.18796,-34.880124,6.290127,1.0,0.0,0.0,0.0,1.0,1497.875448,-34.538384,1021.0,5006.0,0.0,161.0,-0.065031,35.319766,127.151157,35.31974,0.042504,4.1e-05,-0.000567,-0.135441,-3.4e-05,-0.007536,0.231156,0.0,0.0,0.0,0.0,1.0,-9999.0,-9999.0,-9999.0,-9999.0,-9999.0,-9999.0,-9999.0,-9999.0,76.50884,1.0,-9999.0,-9999.0,-9999.0,-9999.0,149.0,lane7,spur3,stable_reference,4.431214892456033,-2.1731116595788973,-0.7367803867871846,-4.486893996863393,-0.7367803867871846,10.866666799999992,383.24775122130006,1.6851085612037582,302.5658312309243,0.6774912507373112,0.677454020056,0.3247606628746347,0.09780678623411987,1.4142607180181308,-0.7367694672808196
P15_AV2_1_interaction,P15,AV2,1,on_ramp,P15_AV2_1,P15_AV2.1.asc,AV1,60,initiator_active,4069,1,67816.67,67816.6672,1.0,21.36,76.896,149.0,119.502605,-1417.617133,0.0,0.0,0.0,21.36,0.0,0.0,1417.543951,-34.877647,6.290147,1.0,0.0,0.0,0.0,1.0,1498.464081,-34.542276,1021.0,5006.0,0.0,161.0,-0.066025,35.319754,127.151114,35.319732,0.03972,4e-05,-0.000563,-0.12352,-9.2e-05,-0.009734,0.231156,0.0,0.0,0.0,0.0,1.0,-9999.0,-9999.0,-9999.0,-9999.0,-9999.0,-9999.0,-9999.0,-9999.0,76.741453,1.0,-9999.0,-9999.0,-9999.0,-9999.0,149.0,lane7,spur3,stable_reference,4.443562395574482,-2.162421802506372,-0.7333036290146474,-4.483417719122683,-0.7333036290146474,10.883333199999994,383.8363962954447,1.6860745003103408,302.9217896660763,0.6829060502928211,0.6828793411443881,0.32660408256505136,0.13137574298092147,1.416198811328641,-0.7332927610358199
P15_AV2_1_interaction,P15,AV2,1,on_ramp,P15_AV2_1,P15_AV2.1.asc,AV1,60,initiator_active,4070,1,67833.33,67833.3341,1.0,21.36,76.896,149.0,119.858143,-1417.972956,0.0,0.0,0.0,21.36,0.0,0.0,1417.899943,-34.875166,6.290155,1.0,0.0,0.0,0.0,1.0,1499.052714,-34.546209,1021.0,5006.0,0.0,161.0,-0.067041,35.319682,127.150856,35.319663,0.036691,2.9e-05,-0.003671,-0.117306,-0.001053,-0.012717,0.246231,0.0,0.0,0.0,0.0,1.0,-9999.0,-9999.0,-9999.0,-9999.0,-9999.0,-9999.0,-9999.0,-9999.0,76.974066,1.0,-9999.0,-9999.0,-9999.0,-9999.0,149.0,lane7,spur3,stable_reference,4.455913924884289,-2.151727923426405,-0.7298228684494767,-4.479937438590667,-0.7298228684494767,10.90000009999999,384.4250417079494,1.686999440813141,303.27774906818314,0.6883248579648079,0.6883408130009904,0.3291398706972437,0.1720397663973383,1.4181369100223178,-0.7298120520575099
P15_AV2_1_interaction,P15,AV2,1,on_ramp,P15_AV2_1,P15_AV2.1.asc,AV1,60,initiator_active,4071,1,67850.0,67850.0006,1.0,21.36,76.896,149.0,120.213678,-1418.328779,0.0,0.0,0.0,21.36,0.0,0.0,1418.255934,-34.872618,6.290405,1.0,0.0,0.0,0.0,1.0,1499.641346,-34.550181,1021.0,5006.0,0.0,161.0,-0.068077,35.319662,127.150785,35.319647,0.033454,1.1e-05,-0.000714,-0.100973,-0.001442,-0.0157,0.246231,0.0,0.0,0.0,0.0,1.0,-9999.0,-9999.0,-9999.0,-9999.0,-9999.0,-9999.0,-9999.0,-9999.0,77.206679,1.0,-9999.0,-9999.0,-9999.0,-9999.0,149.0,lane7,spur3,stable_reference,4.468332400700621,-2.140967085254091,-0.7262751109569334,-4.476390161129684,-0.7262751109569334,10.916666599999997,385.01368644234356,1.687885374391352,303.633706917394,0.6938106551024796,0.6938506909453852,0.3323387369987856,0.20424574208139035,1.420075002247239,-0.7262643471447594
P15_AV2_1_interaction,P15,AV2,1,on_ramp,P15_AV2_1,P15_AV2.1.asc,AV1,60,initiator_active,4072,1,67866.67,67866.6674,1.0,21.36,76.896,149.0,120.569209,-1418.684599,0.0,0.0,0.0,21.36,0.0,0.0,1418.611924,-34.869982,6.290652,1.0,0.0,0.0,0.0,1.0,1500.229977,-34.554189,1021.0,5006.0,0.0,161.0,-0.069129,35.31965,127.150738,35.319637,0.030093,-2.2e-05,-0.000686,-0.085642,-0.00224,-0.018055,0.246231,0.0,0.0,0.0,0.0,1.0,-9999.0,-9999.0,-9999.0,-9999.0,-9999.0,-9999.0,-9999.0,-9999.0,77.439291,1.0,-9999.0,-9999.0,-9999.0,-9999.0,149.0,lane7,spur3,stable_reference,4.480838814948215,-2.130118293579625,-0.7226393566198335,-4.472754886822456,-0.7226393566198335,10.933333400000004,385.6023304738683,1.6887353009428197,303.98966304040204,0.6993844409907086,0.6994187608686584,0.3359480626789413,0.21738498274825346,1.4220130876823251,-0.7226286466916165
P15_AV2_1_interaction,P15,AV2,1,on_ramp,P15_AV2_1,P15_AV2.1.asc,AV1,60,initiator_active,4073,1,67883.33,67883.334,1.0,21.36,76.896,149.0,120.924736,-1419.040417,0.0,0.0,0.0,21.36,0.0,0.0,1418.967913,-34.867269,6.290853,1.0,0.0,0.0,0.0,1.0,1500.818607,-34.558228,1021.0,1.0,0.378061,7.0,-0.070268,35.319637,127.150693,35.319627,0.026584,-6.3e-05,-0.00069,-0.06992,-0.002533,-0.02041,0.0,0.0,0.0,0.0,0.0,0.0,-9999.0,-9999.0,-9999.0,-9999.0,-9999.0,-9999.0,-9999.0,-9999.0,-9999.0,-9999.0,77.671904,1.0,-9999.0,-9999.0,149.0,lane7,spur3,stable_reference,4.493422171856961,-2.119192545474833,-0.7189266053947919,-4.469042615625653,-0.7189266053947919,10.95,386.1909737612606,1.689554220297272,304.34561752798675,0.7050352160040816,0.7050489813512766,0.3395849172518588,0.20239242989739203,1.4239511664957507,-0.7189159504916691
P15_AV2_1_interaction,P15,AV2,1,on_ramp,P15_AV2_1,P15_AV2.1.asc,AV1,60,initiator_active,4074,1,67900.0,67900.0006,1.0,21.36,76.896,149.0,121.280258,-1419.396233,0.0,0.0,0.0,21.36,0.0,0.0,1419.323903,-34.8645,6.290996,1.0,0.0,0.0,0.0,1.0,1501.407237,-34.562295,1021.0,1.0,0.966704,7.0,-0.071362,35.319625,127.150649,35.319617,0.022887,-0.000105,-0.000695,-0.059521,-0.002551,-0.02041,0.0,0.0,0.0,0.0,0.0,0.0,-9999.0,-9999.0,-9999.0,-9999.0,-9999.0,-9999.0,-9999.0,-9999.0,-9999.0,-9999.0,-9999.0,-9999.0,-9999.0,-9999.0,149.0,lane7,spur3,stable_reference,4.506061534961169,-2.108210789204964,-0.715157851582181,-4.465274341842415,-0.715157851582181,10.966666599999996,386.77961727972826,1.6903451406052372,304.70157255338677,0.7107419973631217,0.7107382128323956,0.34269445002319543,0.15647727462338246,1.4258892498972657,-0.715147252534144
P15_AV2_1_interaction,P15,AV2,1,on_ramp,P15_AV2_1,P15_AV2.1.asc,AV1,60,initiator_active,4075,1,67916.67,67916.6677,1.0,21.36,76.896,149.0,121.635776,-1419.752047,0.0,0.0,0.0,21.36,0.0,0.0,1419.679892,-34.861694,6.291088,1.0,0.0,0.0,0.0,1.0,1501.995868,-34.566385,1021.0,1.0,1.555349,7.0,-0.07248,35.319943,127.151795,35.319938,0.018897,-0.000162,0.007082,-0.050384,-0.003301,-0.022137,0.0,0.0,0.0,0.0,0.0,0.0,-9999.0,-9999.0,-9999.0,-9999.0,-9999.0,-9999.0,-9999.0,-9999.0,-9999.0,-9999.0,-9999.0,-9999.0,-9999.0,-9999.0,149.0,lane7,spur3,stable_reference,4.518737856108003,-2.097192065856764,-0.7113044382963248,-4.46142144500728,-0.7113044382963248,10.983333700000003,387.36826198797394,1.6911130699491388,305.05752627347135,0.7164857692094707,0.7164722566792319,0.34480085368508284,0.10020483638751543,1.427781114172376,-0.7112953449629053
P15_AV2_1_interaction,P15,AV2,1,on_ramp,P15_AV2_1,P15_AV2.1.asc,AV1,60,initiator_active,4076,1,67933.33,67933.3335,1.0,21.36,76.896,149.0,121.991291,-1420.107859,0.0,0.0,0.0,21.36,0.0,0.0,1420.03588,-34.858865,6.291142,1.0,0.0,0.0,0.0,1.0,1502.584503,-34.570497,1021.0,1.0,2.143996,7.0,-0.073619,35.319996,127.151987,35.319993,0.014661,-0.000226,0.00164,-0.03741,-0.004087,-0.02198,0.0,0.0,0.0,0.0,0.0,0.0,-9999.0,-9999.0,-9999.0,-9999.0,-9999.0,-9999.0,-9999.0,-9999.0,-9999.0,-9999.0,-9999.0,-9999.0,-9999.0,-9999.0,149.0,lane7,spur3,stable_reference,4.531437140680976,-2.086150371703429,-0.7073376123886438,-4.4574552074030285,-0.7073376123886438,10.99999949999999,387.9569108776426,1.6918590330529868,305.4134788037778,0.7222525320198814,0.7222314232136348,0.34603463586921634,0.06564756452212706,1.4295811017871056,-0.7073285697672242
P15_AV2_1_interaction,P15,AV2,1,on_ramp,P15_AV2_1,P15_AV2.1.asc,AV1,60,initiator_active,4077,1,67950.0,67950.0001,1.0,21.36,76.896,149.0,122.346802,-1420.463672,0.0,0.0,0.0,21.36,0.0,0.0,1420.391869,-34.856025,6.291171,1.0,0.0,0.0,0.0,1.0,1503.173138,-34.574627,1021.0,1.0,2.732645,7.0,-0.074776,35.320006,127.152023,35.320005,0.01023,-0.000294,0.000148,-0.023888,-0.004008,-0.021666,0.0,0.0,0.0,0.0,0.0,0.0,-9999.0,-9999.0,-9999.0,-9999.0,-9999.0,-9999.0,-9999.0,-9999.0,-9999.0,-9999.0,-9999.0,-9999.0,-9999.0,-9999.0,149.0,lane7,spur3,stable_reference,4.544147448753555,-2.075097657406026,-0.7033597833408587,-4.453477966660275,-0.7033597833408587,11.016666100000002,388.54555991585966,1.6925869967698175,305.7694322432709,0.7280303027083925,0.7280064223225754,0.346989031151292,0.0634773501415129,1.4313810942804956,-0.7033507915721031
P15_AV2_1_interaction,P15,AV2,1,on_ramp,P15_AV2_1,P15_AV2.1.asc,AV1,60,initiator_active,4078,1,67966.67,67966.6676,1.0,21.36,76.896,149.0,122.702309,-1420.819483,0.0,0.0,0.0,21.36,0.0,0.0,1420.747858,-34.853178,6.291185,1.0,0.0,0.0,0.0,1.0,1503.761774,-34.578771,1021.0,1.0,3.321294,7.0,-0.075947,35.320003,127.152012,35.320003,0.005651,-0.000356,-0.00032,-0.009926,-0.003458,-0.021352,0.0,0.0,0.0,0.0,0.0,0.0,-9999.0,-9999.0,-9999.0,-9999.0,-9999.0,-9999.0,-9999.0,-9999.0,-9999.0,-9999.0,-9999.0,-9999.0,-9999.0,-9999.0,149.0,lane7,spur3,stable_reference,4.556864754134382,-2.064037944972022,-0.6993749543288296,-4.449493725953239,-0.6993749543288296,11.033333599999999,389.13421006958026,1.6933009692160883,306.1253856249949,0.7338150731585273,0.733797991154819,0.34815060739099835,0.08121101437572342,1.4331810866607537,-0.6993660135022264
P15_AV2_1_interaction,P15,AV2,1,on_ramp,P15_AV2_1,P15_AV2.1.asc,AV1,60,initiator_active,4079,1,67983.33,67983.3341,1.0,21.36,76.896,149.0,123.057813,-1421.175295,0.0,0.0,0.0,21.36,0.0,0.0,1421.103846,-34.850328,6.291192,1.0,0.0,0.0,0.0,1.0,1504.350409,-34.582924,1021.0,1.0,3.909943,7.0,-0.077128,35.319996,127.151987,35.319996,0.000963,-0.000406,-0.000477,0.004116,-0.002726,-0.021038,0.0,0.0,0.0,0.0,0.0,0.0,-9999.0,-9999.0,-9999.0,-9999.0,-9999.0,-9999.0,-9999.0,-9999.0,-9999.0,-9999.0,-9999.0,-9999.0,-9999.0,-9999.0,149.0,lane7,spur3,stable_reference,4.569585030632084,-2.052975256408883,-0.6953871285284157,-4.445506488456147,-0.6953871285284157,11.05000009999999,389.72285929760903,1.694005933716161,306.48133798199507,0.7396028352538087,0.7396116733216804,0.34969609606533325,0.10398586872624982,1.4349810739360849,-0.6953782386822762
P15_AV2_1_interaction,P15,AV2,1,on_ramp,P15_AV2_1,P15_AV2.1.asc,AV1,60,initiator_active,4080,1,68000.0,68000.0008,1.0,21.36,76.896,149.0,123.413314,-1421.531107,0.0,0.0,0.0,21.36,0.0,0.0,1421.459835,-34.847438,6.291341,1.0,0.0,0.0,0.0,1.0,1504.939045,-34.587082,1021.0,1.0,4.498592,7.0,-0.078313,35.320124,127.152448,35.320124,-0.003803,-0.000444,0.014864,0.017064,-0.001952,-0.02041,0.0,0.0,0.0,0.0,0.0,0.0,-9999.0,-9999.0,-9999.0,-9999.0,-9999.0,-9999.0,-9999.0,-9999.0,-9999.0,-9999.0,-9999.0,-9999.0,-9999.0,-9999.0,149.0,lane7,spur3,stable_reference,4.582345319477833,-2.041872555421476,-0.6913592997360463,-4.441479247968533,-0.6913592997360463,11.066666799999991,390.3115095668675,1.6947059066391899,306.8372910088536,0.7454306042396197,0.7454544814128545,0.35161679365269904,0.12209224702727717,1.4367810656213882,-0.6913504613817685
P15_AV2_1_interaction,P15,AV2,1,on_ramp,P15_AV2_1,P15_AV2.1.asc,AV1,60,initiator_active,4081,1,68016.67,68016.6668,1.0,21.36,76.896,149.0,123.76881,-1421.886917,0.0,0.0,0.0,21.36,0.0,0.0,1421.815822,-34.844495,6.291489,1.0,0.0,0.0,0.0,1.0,1505.527683,-34.591241,1021.0,1.0,5.087244,7.0,-0.079499,35.320473,127.153703,35.320472,-0.008612,-0.000469,0.023732,0.030884,-0.001197,-0.020096,0.0,0.0,0.0,0.0,0.0,0.0,-9999.0,-9999.0,-9999.0,-9999.0,-9999.0,-9999.0,-9999.0,-9999.0,-9999.0,-9999.0,-9999.0,-9999.0,-9999.0,-9999.0,149.0,lane7,spur3,stable_reference,4.595158532484103,-2.030716914687198,-0.6872784776069806,-4.43739901414065,-0.6872784776069806,11.083332800000004,390.9001618443104,1.6954048961016632,307.1932415983873,0.7513113549151759,0.751332008950891,0.35376575071715166,0.1294751440207076,1.438581046337209,-0.6872696914220332
P15_AV2_1_interaction,P15,AV2,1,on_ramp,P15_AV2_1,P15_AV2.1.asc,AV1,60,initiator_active,4082,1,68033.33,68033.3343,1.0,21.36,76.896,149.0,124.124303,-1422.242726,0.0,0.0,0.0,21.36,0.0,0.0,1422.17181,-34.841505,6.29161,1.0,0.0,0.0,0.0,1.0,1506.116326,-34.595396,1021.0,1.0,5.675901,7.0,-0.080682,35.3209,127.155241,35.320898,-0.013418,-0.000482,0.026535,0.044687,-0.00049,-0.019782,0.0,0.0,0.0,0.0,0.0,0.0,-9999.0,-9999.0,-9999.0,-9999.0,-9999.0,-9999.0,-9999.0,-9999.0,-9999.0,-9999.0,-9999.0,-9999.0,-9999.0,-9999.0,149.0,lane7,spur3,stable_reference,4.60801875514666,-2.019514263392053,-0.6831506525217081,-4.433271777357957,-0.6831506525217081,11.1000003,391.48881908857237,1.696107926691369,307.54919280001064,0.7572391122428938,0.7572467353645116,0.35593265496367366,0.12183826836181666,1.4403810313498722,-0.6831419191069784
P15_AV2_1_interaction,P15,AV2,1,on_ramp,P15_AV2_1,P15_AV2.1.asc,AV1,60,initiator_active,4083,1,68050.0,68050.0007,1.0,21.36,76.896,149.0,124.479791,-1422.598533,0.0,0.0,0.0,21.36,0.0,0.0,1422.527797,-34.838483,6.291695,1.0,0.0,0.0,0.0,1.0,1506.704973,-34.599544,1021.0,1.0,6.264561,7.0,-0.081857,35.319132,127.148874,35.319127,-0.01819,-0.000487,-0.222649,0.058515,-0.00027,-0.019468,0.0,0.0,0.0,0.0,0.0,0.0,-9999.0,-9999.0,-9999.0,-9999.0,-9999.0,-9999.0,-9999.0,-9999.0,-9999.0,-9999.0,-9999.0,-9999.0,-9999.0,-9999.0,149.0,lane7,spur3,stable_reference,4.620910937774536,-2.0082796436875685,-0.678893093273371,-4.429009998127402,-0.678893093273371,11.116666700000001,392.0774802749292,1.6968179900534661,307.9051427375818,0.7631988602281874,0.7631966301312716,0.3578271133431734,0.09621891143549455,1.4420844957877192,-0.6788856355595319
P15_AV2_1_interaction,P15,AV2,1,on_ramp,P15_AV2_1,P15_AV2.1.asc,AV1,60,initiator_active,4084,1,68066.67,68066.6675,1.0,21.36,76.896,149.0,124.835276,-1422.95434,0.0,0.0,0.0,21.36,0.0,0.0,1422.883784,-34.835438,6.29175,1.0,0.0,0.0,0.0,1.0,1507.293588,-34.603679,1021.0,1.0,6.85319,7.0,-0.08302,35.313778,127.129602,35.313771,-0.0229,-0.0005,-0.367041,0.071618,-0.001392,-0.01884,0.0,0.0,0.0,0.0,0.0,0.0,-9999.0,-9999.0,-9999.0,-9999.0,-9999.0,-9999.0,-9999.0,-9999.0,-9999.0,-9999.0,-9999.0,-9999.0,-9999.0,-9999.0,149.0,lane7,spur3,stable_reference,4.633826111558056,-1.997022030105688,-0.6745788289867787,-4.424689887769695,-0.6745788289867787,11.133333499999994,392.66610935509067,1.6975407888867335,308.26109248534124,0.7691816074302316,0.7691742587611803,0.35913992522183946,0.06193186018707664,1.4437530260958296,-0.674571418665598
P15_AV2_1_interaction,P15,AV2,1,on_ramp,P15_AV2_1,P15_AV2.1.asc,AV1,60,initiator_active,4085,1,68083.33,68083.3342,1.0,21.36,76.896,149.0,125.190757,-1423.310146,0.0,0.0,0.0,21.36,0.0,0.0,1423.239771,-34.83238,6.291782,1.0,0.0,0.0,0.0,1.0,1507.882122,-34.607798,1021.0,1.0,7.441736,7.0,-0.084167,35.307127,127.105657,35.307116,-0.027518,-0.000543,-0.413783,0.085356,-0.003542,-0.018369,0.0,0.0,0.0,0.0,0.0,0.0,-9999.0,-9999.0,-9999.0,-9999.0,-9999.0,-9999.0,-9999.0,-9999.0,-9999.0,-9999.0,-9999.0,-9999.0,-9999.0,-9999.0,149.0,lane7,spur3,stable_reference,4.646754280342612,-1.985751419984401,-0.670251564782822,-4.420356777495373,-0.670251564782822,11.150000199999996,393.2546573059675,1.698278918707119,308.6170421258155,0.7751773541895813,0.7751680207316367,0.359891522371953,0.03656541461167784,1.4454215561866868,-0.6702442019971054
P15_AV2_1_interaction,P15,AV2,1,on_ramp,P15_AV2_1,P15_AV2.1.asc,AV1,60,initiator_active,4086,1,68100.0,68100.0012,1.0,21.36,76.896,149.0,125.546234,-1423.665951,0.0,0.0,0.0,21.36,0.0,0.0,1423.595758,-34.829315,6.291799,1.0,0.0,0.0,0.0,1.0,1508.470549,-34.611896,1021.0,1.0,8.030176,7.0,-0.085293,35.300059,127.080211,35.300044,-0.032012,-0.000631,-0.428746,0.098222,-0.006401,-0.017427,0.0,0.0,0.0,0.0,0.0,0.0,-9999.0,-9999.0,-9999.0,-9999.0,-9999.0,-9999.0,-9999.0,-9999.0,-9999.0,-9999.0,-9999.0,-9999.0,-9999.0,-9999.0,149.0,lane7,spur3,stable_reference,4.659689446435393,-1.9744738117265128,-0.6659173006233545,-4.416016667265965,-0.6659173006233545,11.166667199999996,393.84309808718154,1.6990371647743803,308.97299170852085,0.7811801007105492,0.7811707749603863,0.3603587806646402,0.026726977169474253,1.447090086160547,-0.6659099854499977
P15_AV2_1_interaction,P15,AV2,1,on_ramp,P15_AV2_1,P15_AV2.1.asc,AV1,60,initiator_active,4087,1,68116.67,68116.6682,1.0,21.36,76.896,149.0,125.901708,-1424.021756,0.0,0.0,0.0,21.36,0.0,0.0,1423.951744,-34.826246,6.291808,1.0,0.0,0.0,0.0,1.0,1509.058859,-34.615968,1021.0,1.0,8.6185,7.0,-0.086394,35.292857,127.054285,35.292838,-0.03636,-0.00076,-0.433502,0.110454,-0.008605,-0.016171,0.0,0.0,0.0,0.0,0.0,0.0,-9999.0,-9999.0,-9999.0,-9999.0,-9999.0,-9999.0,-9999.0,-9999.0,-9999.0,-9999.0,-9999.0,-9999.0,-9999.0,-9999.0,149.0,lane7,spur3,stable_reference,4.672628583260533,-1.9631922276056872,-0.6615790400548502,-4.411672560644169,-0.6615790400548502,11.183334199999997,394.4314216578101,1.699820444391328,309.32894025824965,0.7871868388426148,0.7871802203263124,0.3607824394289203,0.027256485938858432,1.4487586113803679,-0.6615717725377531
P15_AV2_1_interaction,P15,AV2,1,on_ramp,P15_AV2_1,P15_AV2.1.asc,AV1,60,initiator_active,4088,1,68133.33,68133.335,1.0,21.36,76.896,149.0,126.257178,-1424.377562,0.0,0.0,0.0,21.36,0.0,0.0,1424.307731,-34.823175,6.291812,1.0,0.0,0.0,0.0,1.0,1509.647051,-34.620012,1021.0,1.0,9.206704,7.0,-0.087467,35.285613,127.028207,35.28559,-0.040537,-0.000916,-0.434975,0.121447,-0.009684,-0.014444,0.0,0.0,0.0,0.0,0.0,0.0,-9999.0,-9999.0,-9999.0,-9999.0,-9999.0,-9999.0,-9999.0,-9999.0,-9999.0,-9999.0,-9999.0,-9999.0,-9999.0,-9999.0,149.0,lane7,spur3,stable_reference,4.685569747046102,-1.9519086209449956,-0.6572387759335213,-4.407326450453251,-0.6572387759335213,11.200001000000004,395.01962700138154,1.7006307492371626,309.6848897914391,0.7931955851592595,0.7931970245506542,0.36126734218064627,0.03162149590798968,1.4504271412539531,-0.6572315560946936
P15_AV2_1_interaction,P15,AV2,1,on_ramp,P15_AV2_1,P15_AV2.1.asc,AV1,60,initiator_active,4089,1,68150.0,68150.0014,1.0,21.36,76.896,149.0,126.612644,-1424.733367,0.0,0.0,0.0,21.36,0.0,0.0,1424.663718,-34.820092,6.291856,1.0,0.0,0.0,0.0,1.0,1510.235122,-34.624022,1021.0,1.0,9.794788,7.0,-0.088507,35.278356,127.002082,35.278328,-0.044513,-0.001078,-0.435399,0.1321,-0.00962,-0.012717,0.0,0.0,0.0,0.0,0.0,0.0,-9999.0,-9999.0,-9999.0,-9999.0,-9999.0,-9999.0,-9999.0,-9999.0,-9999.0,-9999.0,-9999.0,-9999.0,-9999.0,-9999.0,149.0,lane7,spur3,stable_reference,4.698522906217229,-1.9406130174787195,-0.6528865118884765,-4.402968340339316,-0.6528865118884765,11.216667399999992,395.6077110684822,1.7014740543494937,310.0408392255961,0.799216331067252,0.7992224166871074,0.3618364830542937,0.03597806018326999,1.4520956709269897,-0.6528793398597377
P15_AV2_1_interaction,P15,AV2,1,on_ramp,P15_AV2_1,P15_AV2.1.asc,AV1,60,initiator_active,4090,1,68166.67,68166.6675,1.0,21.36,76.896,149.0,126.968107,-1425.089172,0.0,0.0,0.0,21.36,0.0,0.0,1425.019704,-34.816994,6.2919,1.0,0.0,0.0,0.0,1.0,1510.823072,-34.627995,1021.0,1.0,10.382751,7.0,-0.089512,35.271096,126.975944,35.271063,-0.048254,-0.00123,-0.43549,0.141387,-0.00861,-0.010676,0.0,0.0,0.0,0.0,0.0,0.0,-9999.0,-9999.0,-9999.0,-9999.0,-9999.0,-9999.0,-9999.0,-9999.0,-9999.0,-9999.0,-9999.0,-9999.0,-9999.0,-9999.0,149.0,lane7,spur3,stable_reference,4.711491031890797,-1.9293024410776909,-0.6484978955091125,-4.39857481590481,-0.6484978955091125,11.233333499999993,396.19567383435356,1.7023533596261409,310.3967875359968,0.8052520682117479,0.8052579389377571,0.3624665797742779,0.03738809375599672,1.4537440719068153,-0.6484920036950674
P15_AV2_1_interaction,P15,AV2,1,on_ramp,P15_AV2_1,P15_AV2.1.asc,AV1,60,initiator_active,4091,1,68183.33,68183.3336,1.0,21.36,76.896,149.0,127.323566,-1425.444976,0.0,0.0,0.0,21.36,0.0,0.0,1425.375691,-34.813882,6.291935,1.0,0.0,0.0,0.0,1.0,1511.410902,-34.631928,1021.0,1.0,10.970593,7.0,-0.090476,35.263834,126.949803,35.263796,-0.05174,-0.001357,-0.435476,0.148697,-0.006933,-0.008164,0.0,0.0,0.0,0.0,0.0,0.0,-9999.0,-9999.0,-9999.0,-9999.0,-9999.0,-9999.0,-9999.0,-9999.0,-9999.0,-9999.0,-9999.0,-9999.0,-9999.0,-9999.0,149.0,lane7,spur3,stable_reference,4.724473179910362,-1.9179778453312015,-0.6439655083427587,-4.394043215426928,-0.6439655083427587,11.249999599999995,396.783516274204,1.7032716732176452,310.7527367308257,0.8113018131321782,0.8113042252174609,0.36308271047298746,0.035308834692092006,1.4552614708391016,-0.6439596577069234
P15_AV2_1_interaction,P15,AV2,1,on_ramp,P15_AV2_1,P15_AV2.1.asc,AV1,60,initiator_active,4092,1,68200.0,68200.0009,1.0,21.36,76.896,149.0,127.679021,-1425.800781,0.0,0.0,0.0,21.36,0.0,0.0,1425.731677,-34.81076,6.29196,1.0,0.0,0.0,0.0,1.0,1511.998611,-34.635818,1021.0,1.0,11.558315,7.0,-0.091398,35.256573,126.923663,35.25653,-0.054947,-0.001452,-0.435429,0.154628,-0.004877,-0.005495,0.0,0.0,0.0,0.0,0.0,0.0,-9999.0,-9999.0,-9999.0,-9999.0,-9999.0,-9999.0,-9999.0,-9999.0,-9999.0,-9999.0,-9999.0,-9999.0,-9999.0,-9999.0,149.0,lane7,spur3,stable_reference,4.737465296355041,-1.9066432753189748,-0.6394231252460872,-4.389501619016426,-0.6394231252460872,11.266666899999997,397.371237363309,1.7042319867691547,311.1086848431619,0.8173615494593738,0.8173607208627413,0.36364353929982585,0.031062666294564778,1.456778865338651,-0.6394173158792773
P15_AV2_1_interaction,P15,AV2,1,on_ramp,P15_AV2_1,P15_AV2.1.asc,AV1,60,initiator_active,4093,1,68216.67,68216.6676,1.0,21.36,76.896,149.0,128.034473,-1426.156585,0.0,0.0,0.0,21.36,0.0,0.0,1426.087663,-34.807632,6.291976,1.0,0.0,0.0,0.0,1.0,1512.586199,-34.639663,1021.0,1.0,12.145915,7.0,-0.092275,35.249312,126.897524,35.249265,-0.057848,-0.001512,-0.435371,0.159432,-0.002696,-0.002826,0.0,0.0,0.0,0.0,0.0,0.0,-9999.0,-9999.0,-9999.0,-9999.0,-9999.0,-9999.0,-9999.0,-9999.0,-9999.0,-9999.0,-9999.0,-9999.0,-9999.0,-9999.0,149.0,lane7,spur3,stable_reference,4.7504634104925145,-1.8953027069039443,-0.6348747421971592,-4.384954022653626,-0.6348747421971592,11.283333599999999,397.9588370851636,1.7052363002125597,311.46463290598183,0.823427285582251,0.8234259186353576,0.36411815649413626,0.023833823293449186,1.458296259736138,-0.634868974153887
P15_AV2_1_interaction,P15,AV2,1,on_ramp,P15_AV2_1,P15_AV2.1.asc,AV1,60,initiator_active,4094,1,68233.33,68233.3343,1.0,21.36,76.896,149.0,128.389921,-1426.512389,0.0,0.0,0.0,21.36,0.0,0.0,1426.44365,-34.8045,6.291985,1.0,0.0,0.0,0.0,1.0,1513.173667,-34.643459,1021.0,1.0,12.733394,7.0,-0.093105,35.242052,126.871389,35.242001,-0.06041,-0.001535,-0.435306,0.163382,-0.000583,-0.000314,0.0,0.0,0.0,0.0,0.0,0.0,-9999.0,-9999.0,-9999.0,-9999.0,-9999.0,-9999.0,-9999.0,-9999.0,-9999.0,-9999.0,-9999.0,-9999.0,-9999.0,-9999.0,149.0,lane7,spur3,stable_reference,4.763465550821341,-1.8839581164814596,-0.6303223551900161,-4.380402422334776,-0.6303223551900161,11.300000299999999,398.54631640672267,1.7062886216643305,311.82058193575693,0.8294970298215998,0.8294980170204236,0.3644380016651958,0.011373213222464429,1.4598136583282584,-0.6303166285066586
P15_AV2_1_interaction,P15,AV2,1,on_ramp,P15_AV2_1,P15_AV2.1.asc,AV1,60,initiator_active,4095,1,68250.0,68250.0,1.0,21.36,76.896,149.0,128.745366,-1426.868192,0.0,0.0,0.0,21.36,0.0,0.0,1426.799636,-34.801366,6.29199,1.0,0.0,0.0,0.0,1.0,1513.761014,-34.647206,1021.0,1.0,13.320753,7.0,-0.093886,35.234793,126.845256,35.234738,-0.062611,-0.001526,-0.435237,0.16601,0.001327,0.002198,0.0,0.0,0.0,0.0,0.0,0.0,-9999.0,-9999.0,-9999.0,-9999.0,-9999.0,-9999.0,-9999.0,-9999.0,-9999.0,-9999.0,-9999.0,-9999.0,-9999.0,-9999.0,149.0,lane7,spur3,stable_reference,4.776469662651583,-1.872611549663636,-0.6257679721888671,-4.375848826019692,-0.6257679721888671,11.316665999999998,399.13367432802033,1.7073889428717828,312.17652994906075,0.8355687657401449,0.8355735116564147,0.36449726862100107,-0.005923139921005571,1.4613310526237033,-0.6257622868835584
P15_AV2_1_interaction,P15,AV2,1,on_ramp,P15_AV2_1,P15_AV2.1.asc,AV1,60,initiator_active,4096,1,68266.67,68266.6668,1.0,21.36,76.896,149.0,129.100807,-1427.223996,0.0,0.0,0.0,21.36,0.0,0.0,1427.155622,-34.798231,6.291992,1.0,0.0,0.0,0.0,1.0,1514.34824,-34.650902,1021.0,1.0,13.90799,7.0,-0.094616,35.227535,126.819127,35.227476,-0.064432,-0.001487,-0.435163,0.168033,0.002958,0.004396,0.0,0.0,0.0,0.0,0.0,0.0,-9999.0,-9999.0,-9999.0,-9999.0,-9999.0,-9999.0,-9999.0,-9999.0,-9999.0,-9999.0,-9999.0,-9999.0,-9999.0,-9999.0,149.0,lane7,spur3,stable_reference,4.789474774097291,-1.8612639831120097,-0.6212125891956696,-4.371294229712557,-0.6212125891956696,11.333332800000004,399.7209108325515,1.7085392637667989,312.5324779541119,0.8416415016246405,0.8416476221089136,0.3642405477484907,-0.03590355294546832,1.4628484469021361,-0.6212069452774956
P15_AV2_1_interaction,P15,AV2,1,on_ramp,P15_AV2_1,P15_AV2.1.asc,AV1,60,initiator_active,4097,1,68283.33,68283.3342,1.0,21.36,76.896,149.0,129.456244,-1427.5798,0.0,0.0,0.0,21.36,0.0,0.0,1427.511608,-34.795096,6.291993,1.0,0.0,0.0,0.0,1.0,1514.935346,-34.654546,1021.0,1.0,14.495106,7.0,-0.095295,35.220278,126.793002,35.220217,-0.065855,-0.001424,-0.435084,0.169049,0.004275,0.006437,0.0,0.0,0.0,0.0,0.0,0.0,-9999.0,-9999.0,-9999.0,-9999.0,-9999.0,-9999.0,-9999.0,-9999.0,-9999.0,-9999.0,-9999.0,-9999.0,-9999.0,-9999.0,149.0,lane7,spur3,stable_reference,4.802479885542999,-1.8499164165603847,-0.6166572062024792,-4.366739633405418,-0.6166572062024792,11.350000199999995,400.30802691202905,1.7097405925680251,312.8884259591631,0.8477142375091362,0.8477151786793704,0.3633004278054557,-0.039765997419809906,1.4643658411805758,-0.6166516036714396
P15_AV2_1_interaction,P15,AV2,1,on_ramp,P15_AV2_1,P15_AV2.1.asc,AV1,60,initiator_active,4098,1,68300.04,68300.038,1.0,21.36,76.896,149.0,129.811678,-1427.935604,0.0,0.0,0.0,21.36,0.0,0.0,1427.867594,-34.791966,6.291959,1.0,0.0,0.0,0.0,1.0,1515.522331,-34.658137,1021.0,1.0,15.082102,7.0,-0.095922,35.213023,126.766881,35.212959,-0.06687,-0.001342,-0.435001,0.170209,0.005282,0.00785,0.0,0.0,0.0,0.0,0.0,0.0,-9999.0,-9999.0,-9999.0,-9999.0,-9999.0,-9999.0,-9999.0,-9999.0,-9999.0,-9999.0,-9999.0,-9999.0,-9999.0,-9999.0,149.0,lane7,spur3,stable_reference,4.8154799989113934,-1.8385738486777612,-0.6120254585145113,-4.3621087436642085,-0.6120254585145113,11.366703999999999,400.8950215582344,1.710993920988714,313.2443740054777,0.8537819735639004,0.8537713396368388,0.3629147213166988,-0.028743536462027208,1.465802924234411,-0.6120209506705107
P15_AV2_1_interaction,P15,AV2,1,on_ramp,P15_AV2_1,P15_AV2.1.asc,AV1,60,initiator_active,4099,1,68316.67,68316.6676,1.0,21.36,76.896,149.0,130.167108,-1428.291409,0.0,0.0,0.0,21.36,0.0,0.0,1428.223581,-34.788861,6.29189,1.0,0.0,0.0,0.0,1.0,1516.109195,-34.661674,1021.0,1.0,15.668977,7.0,-0.096496,35.205768,126.740765,35.205703,-0.067455,-0.001247,-0.434916,0.17268,0.006003,0.008164,0.0,0.0,0.0,0.0,0.0,0.0,-9999.0,-9999.0,-9999.0,-9999.0,-9999.0,-9999.0,-9999.0,-9999.0,-9999.0,-9999.0,-9999.0,-9999.0,-9999.0,-9999.0,149.0,lane7,spur3,stable_reference,4.828455149622716,-1.8272562510678716,-0.6073489191632655,-4.357433161647108,-0.6073489191632655,11.383333599999998,401.48189476291515,1.7123002489948178,313.60032325807543,0.8598247187227124,0.8598123080040168,0.36234314498894804,-0.060772783296199506,1.467169164486803,-0.6073444457640906
P15_AV2_1_interaction,P15,AV2,1,on_ramp,P15_AV2_1,P15_AV2.1.asc,AV1,60,initiator_active,4100,1,68333.33,68333.3341,1.0,21.36,76.896,149.0,130.522535,-1428.647214,0.0,0.0,0.0,21.36,0.0,0.0,1428.579568,-34.78578,6.291825,1.0,0.0,0.0,0.0,1.0,1516.695939,-34.665158,1021.0,1.0,16.25573,7.0,-0.097016,35.198515,126.714654,35.19845,-0.06761,-0.001142,-0.434828,0.174557,0.006467,0.008164,0.0,0.0,0.0,0.0,0.0,0.0,-9999.0,-9999.0,-9999.0,-9999.0,-9999.0,-9999.0,-9999.0,-9999.0,-9999.0,-9999.0,-9999.0,-9999.0,-9999.0,-9999.0,149.0,lane7,spur3,stable_reference,4.841406309562915,-1.8159626470691816,-0.6026963795781518,-4.352781579396431,-0.6026963795781518,11.40000009999999,402.0686475342896,1.713658584873068,313.95627270873797,0.8658434646988128,0.8658358850440249,0.36088927403497806,-0.07132681857591017,1.468535405145846,-0.6026919404470331
P15_AV2_1_interaction,P15,AV2,1,on_ramp,P15_AV2_1,P15_AV2.1.asc,AV1,60,initiator_active,4101,1,68350.0,68350.0008,1.0,21.36,76.896,149.0,130.877959,-1429.00302,0.0,0.0,0.0,21.36,0.0,0.0,1428.935554,-34.782718,6.291776,1.0,0.0,0.0,0.0,1.0,1517.282562,-34.668588,1021.0,1.0,16.842363,7.0,-0.097484,35.191263,126.688548,35.191199,-0.067364,-0.001031,-0.434738,0.175128,0.006713,0.008164,0.0,0.0,0.0,0.0,0.0,0.0,-9999.0,-9999.0,-9999.0,-9999.0,-9999.0,-9999.0,-9999.0,-9999.0,-9999.0,-9999.0,-9999.0,-9999.0,-9999.0,-9999.0,149.0,lane7,spur3,stable_reference,4.854338449079806,-1.8046880610849645,-0.5980628442225691,-4.348149001372816,-0.5980628442225691,11.416666799999991,402.6552788641394,1.7150699203367263,314.31222131623537,0.871843203069251,0.8718419021416906,0.35996560024255686,-0.04745693184860045,1.469901642288782,-0.5980584392195311
P15_AV2_1_interaction,P15,AV2,1,on_ramp,P15_AV2_1,P15_AV2.1.asc,AV1,60,initiator_active,4102,1,68366.67,68366.6674,1.0,21.36,76.896,149.0,131.233379,-1429.358827,0.0,0.0,0.0,21.36,0.0,0.0,1429.291541,-34.779669,6.291743,1.0,0.0,0.0,0.0,1.0,1517.869064,-34.671964,1021.0,1.0,17.428875,7.0,-0.097898,35.184013,126.662448,35.18395,-0.066756,-0.000919,-0.434645,0.174506,0.006778,0.008164,0.0,0.0,0.0,0.0,0.0,0.0,-9999.0,-9999.0,-9999.0,-9999.0,-9999.0,-9999.0,-9999.0,-9999.0,-9999.0,-9999.0,-9999.0,-9999.0,-9999.0,-9999.0,149.0,lane7,spur3,stable_reference,4.8672576213251855,-1.7934264485678704,-0.59344230432561,-4.343529418810677,-0.59344230432561,11.433333400000004,403.2417887524642,1.716534255385789,314.66817103098407,0.8778299501350902,0.8778347264655354,0.35930737629591647,-0.03386971126436222,1.4712678834900264,-0.5934379333549361
P15_AV2_1_interaction,P15,AV2,1,on_ramp,P15_AV2_1,P15_AV2.1.asc,AV1,60,initiator_active,4103,1,68383.33,68383.3335,1.0,21.36,76.896,149.0,131.588796,-1429.714634,0.0,0.0,0.0,21.36,0.0,0.0,1429.647528,-34.776628,6.291723,1.0,0.0,0.0,0.0,1.0,1518.455446,-34.675286,1021.0,1.0,18.015267,7.0,-0.098259,35.176765,126.636354,35.176703,-0.065823,-0.000806,-0.434549,0.172816,0.006698,0.008164,0.0,0.0,0.0,0.0,0.0,0.0,-9999.0,-9999.0,-9999.0,-9999.0,-9999.0,-9999.0,-9999.0,-9999.0,-9999.0,-9999.0,-9999.0,-9999.0,-9999.0,-9999.0,149.0,lane7,spur3,stable_reference,4.880168796646852,-1.7821728339211895,-0.5888297643507087,-4.338917836170682,-0.5888297643507087,11.449999499999992,403.82817819923014,1.7180515982729574,315.0241208117541,0.8838086974733519,0.8838185873870672,0.3588366256940958,-0.028885429703709775,1.4726341248268273,-0.5888254273534754
P15_AV2_1_interaction,P15,AV2,1,on_ramp,P15_AV2_1,P15_AV2.1.asc,AV1,60,initiator_active,4104,1,68400.0,68400.0005,1.0,21.36,76.896,149.0,131.944209,-1430.070442,0.0,0.0,0.0,21.36,0.0,0.0,1430.003515,-34.773592,6.291712,1.0,0.0,0.0,0.0,1.0,1519.041708,-34.678555,1021.0,1.0,18.601537,7.0,-0.098567,35.169518,126.610266,35.169459,-0.064599,-0.000696,-0.434452,0.170171,0.006509,0.008164,0.0,0.0,0.0,0.0,0.0,0.0,-9999.0,-9999.0,-9999.0,-9999.0,-9999.0,-9999.0,-9999.0,-9999.0,-9999.0,-9999.0,-9999.0,-9999.0,-9999.0,-9999.0,149.0,lane7,spur3,stable_reference,4.893074973891218,-1.770924217943502,-0.5842222243270744,-4.334311253482017,-0.5842222243270744,11.466666499999992,404.41444721269005,1.719620949032274,315.38007063378774,0.889782444981891,0.8897958632204179,0.3583445342280491,-0.03582720215674229,1.4740003662483459,-0.5842179212664549
P15_AV2_1_interaction,P15,AV2,1,on_ramp,P15_AV2_1,P15_AV2.1.asc,AV1,60,initiator_active,4105,1,68416.67,68416.6678,1.0,21.36,76.896,149.0,132.299619,-1430.42625,0.0,0.0,0.0,21.36,0.0,0.0,1430.359502,-34.770558,6.291706,1.0,0.0,0.0,0.0,1.0,1519.627848,-34.681771,1021.0,1.0,19.187687,7.0,-0.098823,35.162274,126.584185,35.162217,-0.063119,-0.00059,-0.434354,0.166679,0.006238,0.008164,0.0,0.0,0.0,0.0,0.0,0.0,-9999.0,-9999.0,-9999.0,-9999.0,-9999.0,-9999.0,-9999.0,-9999.0,-9999.0,-9999.0,-9999.0,-9999.0,-9999.0,-9999.0,149.0,lane7,spur3,stable_reference,4.905979151904641,-1.7596776014334157,-0.5796166842839516,-4.3297066707738905,-0.5796166842839516,11.483333799999993,405.00059379291196,1.7212422911583698,315.7360204723266,0.8957541925585343,0.8957637514234784,0.3576423472078254,-0.06799427985417772,1.4753666077037495,-0.5796124151452152
P15_AV2_1_interaction,P15,AV2,1,on_ramp,P15_AV2_1,P15_AV2.1.asc,AV1,60,initiator_active,4106,1,68433.33,68433.3342,1.0,21.36,76.896,149.0,132.655026,-1430.782058,0.0,0.0,0.0,21.36,0.0,0.0,1430.715489,-34.767525,6.291703,1.0,0.0,0.0,0.0,1.0,1520.213869,-34.684936,1021.0,1.0,19.773716,7.0,-0.099029,35.155031,126.558111,35.154977,-0.061415,-0.00049,-0.434256,0.162439,0.005912,0.008164,0.0,0.0,0.0,0.0,0.0,0.0,-9999.0,-9999.0,-9999.0,-9999.0,-9999.0,-9999.0,-9999.0,-9999.0,-9999.0,-9999.0,-9999.0,-9999.0,-9999.0,-9999.0,149.0,lane7,spur3,stable_reference,4.918882330302614,-1.7484319846571297,-0.5748708373556555,-4.32496178230345,-0.5748708373556555,11.500000199999995,405.58662095629876,1.7229136494774084,316.0919703191181,0.9017249401692342,0.9017174066807301,0.35607807985680395,-0.06844451131547657,1.476592428476855,-0.5748674883076208
P15_AV2_1_interaction,P15,AV2,1,on_ramp,P15_AV2_1,P15_AV2.1.asc,AV1,60,initiator_active,4107,1,68450.05,68450.0539,1.0,21.36,76.896,149.0,133.010429,-1431.137866,0.0,0.0,0.0,21.36,0.0,0.0,1431.071477,-34.76452,6.291604,1.0,0.0,0.0,0.0,1.0,1520.799769,-34.688051,1021.0,1.0,20.359624,7.0,-0.099185,35.14779,126.532043,35.147739,-0.059516,-0.000395,-0.434156,0.157544,0.005549,0.008164,0.0,0.0,0.0,0.0,0.0,0.0,-9999.0,-9999.0,-9999.0,-9999.0,-9999.0,-9999.0,-9999.0,-9999.0,-9999.0,-9999.0,-9999.0,-9999.0,-9999.0,-9999.0,149.0,lane7,spur3,stable_reference,4.93175754719712,-1.7372143373549886,-0.5701431262077847,-4.320235025189626,-0.5701431262077847,11.516719899999996,406.1725267111717,1.7246340075180746,316.447921396951,0.907667696986139,0.9076516873448861,0.3553599652695567,-0.04783787479786561,1.477807501688305,-0.570139804702166
P15_AV2_1_interaction,P15,AV2,1,on_ramp,P15_AV2_1,P15_AV2.1.asc,AV1,60,initiator_active,4108,1,68466.67,68466.6675,1.0,21.36,76.896,149.0,133.365828,-1431.493676,0.0,0.0,0.0,21.36,0.0,0.0,1431.427464,-34.761549,6.291506,1.0,0.0,0.0,0.0,1.0,1521.385548,-34.691118,1021.0,1.0,20.945411,7.0,-0.099294,35.140551,126.505983,35.140504,-0.057451,-0.000306,-0.434057,0.15208,0.005165,0.008007,0.0,0.0,0.0,0.0,0.0,0.0,-9999.0,-9999.0,-9999.0,-9999.0,-9999.0,-9999.0,-9999.0,-9999.0,-9999.0,-9999.0,-9999.0,-9999.0,-9999.0,-9999.0,149.0,lane7,spur3,stable_reference,4.944598749436361,-1.7260307040743044,-0.5654494195011329,-4.315542272514777,-0.5654494195011329,11.533333499999994,406.758311074036,1.7264013653484718,316.80387175540966,0.9135764467081844,0.9135626355247743,0.3544845194969497,-0.08690930679306064,1.479022572048014,-0.5654461253398295
P15_AV2_1_interaction,P15,AV2,1,on_ramp,P15_AV2_1,P15_AV2.1.asc,AV1,60,initiator_active,4109,1,68483.33,68483.3339,1.0,21.36,76.896,149.0,133.721224,-1431.849486,0.0,0.0,0.0,21.36,0.0,0.0,1431.783452,-34.758609,6.291425,1.0,0.0,0.0,0.0,1.0,1521.971207,-34.694138,1021.0,1.0,21.531078,7.0,-0.099356,35.133314,126.479929,35.13327,-0.055246,-0.000224,-0.433957,0.14613,0.00477,0.007536,0.0,0.0,0.0,0.0,0.0,0.0,-9999.0,-9999.0,-9999.0,-9999.0,-9999.0,-9999.0,-9999.0,-9999.0,-9999.0,-9999.0,-9999.0,-9999.0,-9999.0,-9999.0,149.0,lane7,spur3,stable_reference,4.957408991325757,-1.7148780394691665,-0.5607867075921366,-4.310880514640666,-0.5607867075921366,11.549999899999996,407.34397505311034,1.7282147312553493,317.1598233696673,0.9194542057386007,0.9194487941049944,0.3524640047172021,-0.09685735467019008,1.4802376463331812,-0.5607834405945805
P15_AV2_1_interaction,P15,AV2,1,on_ramp,P15_AV2_1,P15_AV2.1.asc,AV1,60,initiator_active,4110,1,68500.0,68500.0006,1.0,21.36,76.896,149.0,134.076617,-1432.205298,0.0,0.0,0.0,21.36,0.0,0.0,1432.13944,-34.755691,6.291369,1.0,0.0,0.0,0.0,1.0,1522.556746,-34.697114,1021.0,1.0,22.116624,7.0,-0.099374,35.126079,126.453883,35.126039,-0.052927,-0.000148,-0.433858,0.140012,0.004373,0.007065,0.0,0.0,0.0,0.0,0.0,0.0,-9999.0,-9999.0,-9999.0,-9999.0,-9999.0,-9999.0,-9999.0,-9999.0,-9999.0,-9999.0,-9999.0,-9999.0,-9999.0,-9999.0,149.0,lane7,spur3,stable_reference,4.9701972416749625,-1.703747369007616,-0.5561459954255288,-4.306240756509231,-0.5561459954255288,11.566666599999996,407.9295186731526,1.7300711053408684,317.5157751654844,0.9253099655182064,0.9253113530137134,0.35125597823340726,-0.05858688059765882,1.4814527209817616,-0.5561427554635552
P15_AV2_1_interaction,P15,AV2,1,on_ramp,P15_AV2_1,P15_AV2.1.asc,AV1,60,initiator_active,4111,1,68516.67,68516.6674,1.0,21.36,76.896,149.0,134.432007,-1432.56111,0.0,0.0,0.0,21.36,0.0,0.0,1432.495428,-34.752788,6.291332,1.0,0.0,0.0,0.0,1.0,1523.142164,-34.700046,1021.0,1.0,22.70205,7.0,-0.09935,35.118846,126.427844,35.118809,-0.050513,-7.9e-05,-0.433759,0.133696,0.003979,0.006908,0.0,0.0,0.0,0.0,0.0,0.0,-9999.0,-9999.0,-9999.0,-9999.0,-9999.0,-9999.0,-9999.0,-9999.0,-9999.0,-9999.0,-9999.0,-9999.0,-9999.0,-9999.0,149.0,lane7,spur3,stable_reference,4.98297049779222,-1.692631694553078,-0.5515202830832756,-4.301615998202346,-0.5515202830832756,11.583333400000003,408.5149409341971,1.7319704793523323,317.8717270850919,0.931150725808618,0.9311573851560692,0.35051110171172084,-0.03631205086455758,1.4826677958781171,-0.5515170700694991
P15_AV2_1_interaction,P15,AV2,1,on_ramp,P15_AV2_1,P15_AV2.1.asc,AV1,60,initiator_active,4112,1,68533.33,68533.3334,1.0,21.36,76.896,149.0,134.787393,-1432.916923,0.0,0.0,0.0,21.36,0.0,0.0,1432.851417,-34.749894,6.291311,1.0,0.0,0.0,0.0,1.0,1523.727462,-34.702937,1021.0,1.0,23.287355,7.0,-0.099286,35.111614,126.401812,35.111581,-0.048027,-1.7e-05,-0.43366,0.127105,0.003593,0.006751,0.0,0.0,0.0,0.0,0.0,0.0,-9999.0,-9999.0,-9999.0,-9999.0,-9999.0,-9999.0,-9999.0,-9999.0,-9999.0,-9999.0,-9999.0,-9999.0,-9999.0,-9999.0,149.0,lane7,spur3,stable_reference,4.99573478509982,-1.681524994630469,-0.5469035657962973,-4.297000234953526,-0.5469035657962973,11.5999994,409.1002428609676,1.7339098616446,318.22768007893967,0.9369824946582167,0.9369948698616748,0.35004558249637796,-0.029413590478622353,1.4838828743365324,-0.5469003796783157
P15_AV2_1_interaction,P15,AV2,1,on_ramp,P15_AV2_1,P15_AV2.1.asc,AV1,60,initiator_active,4113,1,68550.0,68550.0002,1.0,21.36,76.896,161.0,0.025506,-1433.272737,0.0,0.0,0.0,21.36,0.0,0.0,1433.207405,-34.747004,6.291299,1.0,0.0,0.0,0.0,1.0,1524.31264,-34.70579,1021.0,1.0,23.87254,7.0,-0.099183,35.104385,126.375786,35.104356,-0.045491,3.9e-05,-0.433562,0.120693,0.003209,0.006437,0.0,0.0,0.0,0.0,0.0,0.0,-9999.0,-9999.0,-9999.0,-9999.0,-9999.0,-9999.0,-9999.0,-9999.0,-9999.0,-9999.0,-9999.0,-9999.0,-9999.0,-9999.0,161.0,lane7,spur3,stable_reference,5.008495046216057,-1.6704223167153232,-0.5425198160992526,-4.291956677381583,-0.5425198160992526,11.616666199999992,409.68542447822244,1.7358862523198288,318.5836321058321,0.9428102553913352,0.9428253842002757,0.349530662012846,-0.03880871623948501,1.4853222554543626,-0.5425120000630274
P15_AV2_1_interaction,P15,AV2,1,on_ramp,P15_AV2_1,P15_AV2.1.asc,AV1,60,initiator_active,4114,1,68566.67,68566.6668,1.0,21.36,76.896,161.0,0.381464,-1433.62855,0.0,0.0,0.0,21.36,0.0,0.0,1433.563393,-34.744117,6.291294,1.0,0.0,0.0,0.0,1.0,1524.897697,-34.708605,1021.0,1.0,24.457604,7.0,-0.099044,35.097158,126.349768,35.097132,-0.042916,8.9e-05,-0.433464,0.11529,0.002832,0.005652,0.0,0.0,0.0,0.0,0.0,0.0,-9999.0,-9999.0,-9999.0,-9999.0,-9999.0,-9999.0,-9999.0,-9999.0,-9999.0,-9999.0,-9999.0,-9999.0,-9999.0,-9999.0,161.0,lane7,spur3,stable_reference,5.02125230848589,-1.6593226380015935,-0.5386058299828734,-4.286112513071193,-0.5386058299828734,11.633332800000003,410.27048478599545,1.7378996431253333,318.93958415748244,0.9486350162266074,0.9486459153497743,0.34875195919995505,-0.05764485412592535,1.4872330865617156,-0.5385980703351082
P15_AV2_1_interaction,P15,AV2,1,on_ramp,P15_AV2_1,P15_AV2.1.asc,AV1,60,initiator_active,4115,1,68583.33,68583.3334,1.0,21.36,76.896,161.0,0.737422,-1433.984364,0.0,0.0,0.0,21.36,0.0,0.0,1433.919382,-34.741231,6.291291,1.0,0.0,0.0,0.0,1.0,1525.482634,-34.711386,1021.0,1.0,25.042547,7.0,-0.098871,35.089932,126.323757,35.089909,-0.040321,0.000132,-0.433365,0.109027,0.002456,0.005181,0.0,0.0,0.0,0.0,0.0,0.0,-9999.0,-9999.0,-9999.0,-9999.0,-9999.0,-9999.0,-9999.0,-9999.0,-9999.0,-9999.0,-9999.0,-9999.0,-9999.0,-9999.0,161.0,lane7,spur3,stable_reference,5.034008598869784,-1.6482239359493909,-0.5346928409774038,-4.280269340419083,-0.5346928409774038,11.6499994,410.8554248172633,1.7399460424500162,319.29553721735175,0.9544587853486375,0.9544504030066826,0.3476091745612955,-0.07811084569025262,1.4891439230523718,-0.5346851377037343
P15_AV2_1_interaction,P15,AV2,1,on_ramp,P15_AV2_1,P15_AV2.1.asc,AV1,60,initiator_active,4116,1,68600.0,68600.0001,1.0,21.36,76.896,161.0,1.09338,-1434.340178,0.0,0.0,0.0,21.36,0.0,0.0,1434.27537,-34.738376,6.291178,1.0,0.0,0.0,0.0,1.0,1526.067451,-34.714134,1021.0,1.0,25.62737,7.0,-0.098666,35.082709,126.297752,35.082689,-0.037734,0.00017,-0.433268,0.103502,0.002099,0.004396,0.0,0.0,0.0,0.0,0.0,0.0,-9999.0,-9999.0,-9999.0,-9999.0,-9999.0,-9999.0,-9999.0,-9999.0,-9999.0,-9999.0,-9999.0,-9999.0,-9999.0,-9999.0,161.0,lane7,spur3,stable_reference,5.046733873444807,-1.6371562487172444,-0.5308108547278612,-4.274457175004518,-0.5308108547278612,11.666666100000002,411.44024458027894,1.7420244503279285,319.6514895330884,0.9602515472736433,0.9602328761158818,0.34614826503860385,-0.09345187826452062,1.4910547546552768,-0.5308032073816336
P15_AV2_1_interaction,P15,AV2,1,on_ramp,P15_AV2_1,P15_AV2.1.asc,AV1,60,initiator_active,4117,1,68616.67,68616.6672,1.0,21.36,76.896,161.0,1.44934,-1434.695993,0.0,0.0,0.0,21.36,0.0,0.0,1434.631359,-34.735561,6.291066,1.0,0.0,0.0,0.0,1.0,1526.652147,-34.716851,1021.0,1.0,26.212073,7.0,-0.09843,35.075487,126.271754,35.07547,-0.035173,0.000201,-0.43317,0.097254,0.001762,0.003925,0.0,0.0,0.0,0.0,0.0,0.0,-9999.0,-9999.0,-9999.0,-9999.0,-9999.0,-9999.0,-9999.0,-9999.0,-9999.0,-9999.0,-9999.0,-9999.0,-9999.0,-9999.0,161.0,lane7,spur3,stable_reference,5.059419191130809,-1.6261285277648376,-0.5269339637918403,-4.267310759558409,-0.5269339637918403,11.683333199999995,412.0249430915818,1.7441328585745002,320.00744317889854,0.9660043188135098,0.9659888394042744,0.3444940637035607,-0.09923420075793565,1.492931205176482,-0.5269268863629722
P15_AV2_1_interaction,P15,AV2,1,on_ramp,P15_AV2_1,P15_AV2.1.asc,AV1,60,initiator_active,4118,1,68633.33,68633.3344,1.0,21.36,76.896,161.0,1.8053,-1435.051809,0.0,0.0,0.0,21.36,0.0,0.0,1434.987348,-34.73278,6.290974,1.0,0.0,0.0,0.0,1.0,1527.236723,-34.719539,1021.0,1.0,26.796655,7.0,-0.098166,35.068267,126.245763,35.068252,-0.032673,0.000227,-0.433072,0.089959,0.001453,0.003925,0.0,0.0,0.0,0.0,0.0,0.0,-9999.0,-9999.0,-9999.0,-9999.0,-9999.0,-9999.0,-9999.0,-9999.0,-9999.0,-9999.0,-9999.0,-9999.0,-9999.0,-9999.0,161.0,lane7,spur3,stable_reference,5.072070521891059,-1.615134797761639,-0.5230601430839825,-4.259298199366837,-0.5230601430839825,11.700000400000004,412.60952136764297,1.746269275510519,320.36339710530046,0.971723091511209,0.9717163444126447,0.34284036242333826,-0.09277046831564384,1.4947762091969232,-0.5230531176857143
P15_AV2_1_interaction,P15,AV2,1,on_ramp,P15_AV2_1,P15_AV2.1.asc,AV1,60,initiator_active,4119,1,68650.0,68650.0006,1.0,21.36,76.896,161.0,2.16126,-1435.407627,0.0,0.0,0.0,21.36,0.0,0.0,1435.343337,-34.730026,6.290908,1.0,0.0,0.0,0.0,1.0,1527.821179,-34.7222,1021.0,1.0,27.381117,7.0,-0.097875,35.061049,126.219778,35.061036,-0.030253,0.000249,-0.432974,0.082841,0.00117,0.003925,0.0,0.0,0.0,0.0,0.0,0.0,-9999.0,-9999.0,-9999.0,-9999.0,-9999.0,-9999.0,-9999.0,-9999.0,-9999.0,-9999.0,-9999.0,-9999.0,-9999.0,-9999.0,161.0,lane7,spur3,stable_reference,5.084694863033792,-1.6041680605710449,-0.5192133222489067,-4.251312636259209,-0.5192133222489067,11.716666599999996,413.193979424968,1.7484317012040922,320.7193512545248,0.9774148651283623,0.9774168759389124,0.3414016956785275,-0.07150802027837067,1.4966212136469574,-0.5192063485185952
P15_AV2_1_interaction,P15,AV2,1,on_ramp,P15_AV2_1,P15_AV2.1.asc,AV1,60,initiator_active,4120,1,68666.67,68666.6673,1.0,21.36,76.896,161.0,2.517222,-1435.763445,0.0,0.0,0.0,21.36,0.0,0.0,1435.699327,-34.727288,6.290867,1.0,0.0,0.0,0.0,1.0,1528.405515,-34.724836,1021.0,1.0,27.965459,7.0,-0.097561,35.053833,126.1938,35.053822,-0.02792,0.000266,-0.432877,0.075948,0.000899,0.003925,0.0,0.0,0.0,0.0,0.0,0.0,-9999.0,-9999.0,-9999.0,-9999.0,-9999.0,-9999.0,-9999.0,-9999.0,-9999.0,-9999.0,-9999.0,-9999.0,-9999.0,-9999.0,161.0,lane7,spur3,stable_reference,5.097303238058641,-1.593217296048988,-0.515382498268576,-4.24334305672685,-0.515382498268576,11.733333299999998,413.7783172800621,1.750618135723332,321.0753065357583,0.9830906475430776,0.9830962523547428,0.3404568075488257,-0.04245571592793951,1.4984662235344393,-0.5153755759913616
P15_AV2_1_interaction,P15,AV2,1,on_ramp,P15_AV2_1,P15_AV2.1.asc,AV1,60,initiator_active,4121,1,68683.33,68683.3336,1.0,21.36,76.896,161.0,2.873183,-1436.119265,0.0,0.0,0.0,21.36,0.0,0.0,1436.055317,-34.72456,6.290842,1.0,0.0,0.0,0.0,1.0,1528.98973,-34.72745,1021.0,1.0,28.54968,7.0,-0.097224,35.046619,126.167828,35.04661,-0.025677,0.000278,-0.43278,0.069296,0.000648,0.003925,0.0,0.0,0.0,0.0,0.0,0.0,-9999.0,-9999.0,-9999.0,-9999.0,-9999.0,-9999.0,-9999.0,-9999.0,-9999.0,-9999.0,-9999.0,-9999.0,-9999.0,-9999.0,161.0,lane7,spur3,stable_reference,5.109901616928849,-1.5822765288649232,-0.511532790346667,-4.233534394298148,-0.511532790346667,11.749999599999995,414.36253395771774,1.7528255709177185,321.43126189951863,0.9887564302983374,0.9887653229490109,0.33998650790967133,-0.025422771618666573,1.5002826404898384,-0.511526210191501
P15_AV2_1_interaction,P15,AV2,1,on_ramp,P15_AV2_1,P15_AV2.1.asc,AV1,60,initiator_active,4122,1,68700.0,68700.0,1.0,21.36,76.896,161.0,3.229146,-1436.475084,0.0,0.0,0.0,21.36,0.0,0.0,1436.411306,-34.721838,6.290829,1.0,0.0,0.0,0.0,1.0,1529.573826,-34.730042,1021.0,1.0,29.133781,7.0,-0.096867,35.039406,126.141863,35.039398,-0.02353,0.000286,-0.432683,0.062898,0.00041,0.003925,0.0,0.0,0.0,0.0,0.0,0.0,-9999.0,-9999.0,-9999.0,-9999.0,-9999.0,-9999.0,-9999.0,-9999.0,-9999.0,-9999.0,-9999.0,-9999.0,-9999.0,-9999.0,161.0,lane7,spur3,stable_reference,5.122493970376763,-1.5713417831559244,-0.5076785544327963,-4.223464123296251,-0.5076785544327963,11.766665999999997,414.9466314578665,1.7550540232926188,321.7872163128291,0.9944162050052228,0.9944289205939009,0.3396093984884594,-0.02720635574250352,1.5020882288622164,-0.5076720238569936
P15_AV2_1_interaction,P15,AV2,1,on_ramp,P15_AV2_1,P15_AV2.1.asc,AV1,60,initiator_active,4123,1,68716.67,68716.6677,1.0,21.36,76.896,161.0,3.585108,-1436.830904,0.0,0.0,0.0,21.36,0.0,0.0,1436.767296,-34.719119,6.290822,1.0,0.0,0.0,0.0,1.0,1530.157801,-34.732616,1021.0,1.0,29.717762,7.0,-0.096491,35.032195,126.115904,35.032189,-0.021481,0.000291,-0.432586,0.056765,0.000195,0.003925,0.0,0.0,0.0,0.0,0.0,0.0,-9999.0,-9999.0,-9999.0,-9999.0,-9999.0,-9999.0,-9999.0,-9999.0,-9999.0,-9999.0,-9999.0,-9999.0,-9999.0,-9999.0,161.0,lane7,spur3,stable_reference,5.135083352707804,-1.560410013576067,-0.5038273153231766,-4.213396831011581,-0.5038273153231766,11.783333700000004,415.5306078135874,1.7572994764788696,322.1431717508637,1.0000729880669632,1.0000858960482133,0.33907959661973663,-0.04072613281817716,1.5038938223551515,-0.5038208342881882
P15_AV2_1_interaction,P15,AV2,1,on_ramp,P15_AV2_1,P15_AV2.1.asc,AV1,60,initiator_active,4124,1,68733.33,68733.3342,1.0,21.36,76.896,161.0,3.941071,-1437.186724,0.0,0.0,0.0,21.36,0.0,0.0,1437.123285,-34.716401,6.290819,1.0,0.0,0.0,0.0,1.0,1530.741656,-34.735173,1021.0,1.0,30.301623,7.0,-0.0961,35.024986,126.089951,35.024981,-0.019531,0.000292,-0.43249,0.050906,4e-06,0.003925,0.0,0.0,0.0,0.0,0.0,0.0,-9999.0,-9999.0,-9999.0,-9999.0,-9999.0,-9999.0,-9999.0,-9999.0,-9999.0,-9999.0,-9999.0,-9999.0,-9999.0,-9999.0,161.0,lane7,spur3,stable_reference,5.147671707693871,-1.549479266802266,-0.4999770793890703,-4.203046756977921,-0.4999770793890703,11.800000199999994,416.1144640330988,1.7595609387632176,322.499126197185,1.0057287629100675,1.0057318684464454,0.3382518468870792,-0.059683230274565346,1.5056994107920596,-0.4999706478819921
P15_AV2_1_interaction,P15,AV2,1,on_ramp,P15_AV2_1,P15_AV2.1.asc,AV1,60,initiator_active,4125,1,68750.0,68750.0008,1.0,21.36,76.896,161.0,4.297034,-1437.542544,0.0,0.0,0.0,21.36,0.0,0.0,1437.479275,-34.713693,6.290768,1.0,0.0,0.0,0.0,1.0,1531.325392,-34.737714,1021.0,1.0,30.885363,7.0,-0.095693,35.017779,126.064004,35.017774,-0.017683,0.000291,-0.432394,0.045328,-0.000161,0.003925,0.0,0.0,0.0,0.0,0.0,0.0,-9999.0,-9999.0,-9999.0,-9999.0,-9999.0,-9999.0,-9999.0,-9999.0,-9999.0,-9999.0,-9999.0,-9999.0,-9999.0,-9999.0,161.0,lane7,spur3,stable_reference,5.160250094254815,-1.5385584942942092,-0.4960506957092793,-4.190939173366525,-0.4960506957092793,11.816666799999991,416.69820112461974,1.7618374184324206,322.8550817259992,1.0113745463464017,1.0113608785837036,0.33709016753311616,-0.07648087443215523,1.5074194954936946,-0.4960449491472929
P15_AV2_1_interaction,P15,AV2,1,on_ramp,P15_AV2_1,P15_AV2.1.asc,AV1,60,initiator_active,4126,1,68766.67,68766.6673,1.0,21.36,76.896,161.0,4.652998,-1437.898364,0.0,0.0,0.0,21.36,0.0,0.0,1437.835265,-34.71102,6.290668,1.0,0.0,0.0,0.0,1.0,1531.909007,-34.740242,1021.0,1.0,31.468984,7.0,-0.095273,35.010573,126.038063,35.01057,-0.015936,0.000287,-0.432299,0.040419,-0.000299,0.003768,0.0,0.0,0.0,0.0,0.0,0.0,-9999.0,-9999.0,-9999.0,-9999.0,-9999.0,-9999.0,-9999.0,-9999.0,-9999.0,-9999.0,-9999.0,-9999.0,-9999.0,-9999.0,161.0,lane7,spur3,stable_reference,5.172793494274549,-1.52767271246915,-0.4921533448697919,-4.17886657754999,-0.4921533448697919,11.833333299999998,417.2818171129762,1.7641258990832354,323.2110375436576,1.0169853309746304,1.0169681288402028,0.3357025036075072,-0.08638892373810947,1.5091329744317892,-0.4921476434571588
P15_AV2_1_interaction,P15,AV2,1,on_ramp,P15_AV2_1,P15_AV2.1.asc,AV1,60,initiator_active,4127,1,68783.33,68783.3334,1.0,21.36,76.896,161.0,5.008962,-1438.254186,0.0,0.0,0.0,21.36,0.0,0.0,1438.191255,-34.708382,6.290574,1.0,0.0,0.0,0.0,1.0,1532.492502,-34.742757,1021.0,1.0,32.052484,7.0,-0.094842,35.003369,126.012129,35.003366,-0.014288,0.000281,-0.432204,0.035414,-0.000411,0.003768,0.0,0.0,0.0,0.0,0.0,0.0,-9999.0,-9999.0,-9999.0,-9999.0,-9999.0,-9999.0,-9999.0,-9999.0,-9999.0,-9999.0,-9999.0,-9999.0,-9999.0,-9999.0,161.0,lane7,spur3,stable_reference,5.185301907753056,-1.516821921327092,-0.488290993823311,-4.166828969528324,-0.488290993823311,11.8499994,417.8653129981343,1.7664263889683756,323.5669936501602,1.0225611167947464,1.0225507164441479,0.334210602596297,-0.081652458403914,1.5108464539493183,-0.4882853371545719
P15_AV2_1_interaction,P15,AV2,1,on_ramp,P15_AV2_1,P15_AV2.1.asc,AV1,60,initiator_active,4128,1,68800.0,68800.0001,1.0,21.36,76.896,161.0,5.364927,-1438.610009,0.0,0.0,0.0,21.36,0.0,0.0,1438.547246,-34.705771,6.290504,1.0,0.0,0.0,0.0,1.0,1533.075877,-34.745262,1021.0,1.0,32.635864,7.0,-0.094401,34.996167,125.9862,34.996164,-0.012746,0.000273,-0.432109,0.030697,-0.000501,0.003768,0.0,0.0,0.0,0.0,0.0,0.0,-9999.0,-9999.0,-9999.0,-9999.0,-9999.0,-9999.0,-9999.0,-9999.0,-9999.0,-9999.0,-9999.0,-9999.0,-9999.0,-9999.0,161.0,lane7,spur3,stable_reference,5.197783359343585,-1.5059980999253717,-0.484448391892271,-4.154024502584232,-0.484448391892271,11.866666100000002,418.44868880485177,1.7687358881899877,323.92295097945157,1.0281099117870178,1.0281083031071585,0.3329808079797658,-0.059288948839977706,1.5125530314704012,-0.4844431196833834
P15_AV2_1_interaction,P15,AV2,1,on_ramp,P15_AV2_1,P15_AV2.1.asc,AV1,60,initiator_active,4129,1,68816.67,68816.6669,1.0,21.36,76.896,161.0,5.720893,-1438.965833,0.0,0.0,0.0,21.36,0.0,0.0,1438.903236,-34.703179,6.290456,1.0,0.0,0.0,0.0,1.0,1533.659132,-34.747758,1021.0,1.0,33.219124,7.0,-0.093951,34.988966,125.960277,34.988964,-0.011306,0.000264,-0.432015,0.026277,-0.00057,0.003768,0.0,0.0,0.0,0.0,0.0,0.0,-9999.0,-9999.0,-9999.0,-9999.0,-9999.0,-9999.0,-9999.0,-9999.0,-9999.0,-9999.0,-9999.0,-9999.0,-9999.0,-9999.0,161.0,lane7,spur3,stable_reference,5.210245790510792,-1.4951932965381187,-0.480579334426125,-4.140048186828603,-0.480579334426125,11.883332899999994,419.0319445413816,1.7710533967821298,324.27890746557796,1.033639699173622,1.033650132112194,0.3322342973198644,-0.04037466248374244,1.5142138034974686,-0.4805741043238465
P15_AV2_1_interaction,P15,AV2,1,on_ramp,P15_AV2_1,P15_AV2.1.asc,AV1,60,initiator_active,4130,1,68833.33,68833.3336,1.0,21.36,76.896,161.0,6.076859,-1439.321658,0.0,0.0,0.0,21.36,0.0,0.0,1439.259227,-34.700598,6.290428,1.0,0.0,0.0,0.0,1.0,1534.242267,-34.750246,1021.0,1.0,33.802264,7.0,-0.093494,34.981767,125.93436,34.981765,-0.009968,0.000254,-0.431921,0.022151,-0.000623,0.003768,0.0,0.0,0.0,0.0,0.0,0.0,-9999.0,-9999.0,-9999.0,-9999.0,-9999.0,-9999.0,-9999.0,-9999.0,-9999.0,-9999.0,-9999.0,-9999.0,-9999.0,-9999.0,161.0,lane7,spur3,stable_reference,5.222697253637409,-1.4843994671504042,-0.4767212733018097,-4.126082833462471,-0.4767212733018097,11.899999599999996,419.61508021597643,1.773377914778859,324.63486504244986,1.0391584951875104,1.0391828351114247,0.3316349782847432,-0.04882235347474939,1.5158745803739797,-0.47671608518646935
P15_AV2_1_interaction,P15,AV2,1,on_ramp,P15_AV2_1,P15_AV2.1.asc,AV1,60,initiator_active,4131,1,68850.0,68850.0007,1.0,21.36,76.896,161.0,6.432825,-1439.677482,0.0,0.0,0.0,21.36,0.0,0.0,1439.615218,-34.698024,6.290411,1.0,0.0,0.0,0.0,1.0,1534.825282,-34.752727,1021.0,1.0,34.385284,7.0,-0.093031,34.974569,125.908448,34.974568,-0.00873,0.000243,-0.431828,0.018315,-0.000658,0.003768,0.0,0.0,0.0,0.0,0.0,0.0,-9999.0,-9999.0,-9999.0,-9999.0,-9999.0,-9999.0,-9999.0,-9999.0,-9999.0,-9999.0,-9999.0,-9999.0,-9999.0,-9999.0,161.0,lane7,spur3,stable_reference,5.235141719455785,-1.4736126358992838,-0.4728702121324574,-4.112124476515216,-0.4728702121324574,11.916666700000002,420.1980958368888,1.7757084422142229,324.99082267709053,1.0446702914397807,1.0447047858901115,0.33060685246285715,-0.08798383825071632,1.5175353573676542,-0.4728650659278735
P15_AV2_1_interaction,P15,AV2,1,on_ramp,P15_AV2_1,P15_AV2.1.asc,AV1,60,initiator_active,4132,1,68866.67,68866.6677,1.0,21.36,76.896,161.0,6.788792,-1440.033308,0.0,0.0,0.0,21.36,0.0,0.0,1439.971208,-34.695454,6.290403,1.0,0.0,0.0,0.0,1.0,1535.408177,-34.755202,1021.0,1.0,34.968185,7.0,-0.092563,34.967373,125.882542,34.967372,-0.007589,0.000232,-0.431735,0.014763,-0.000676,0.003768,0.0,0.0,0.0,0.0,0.0,0.0,-9999.0,-9999.0,-9999.0,-9999.0,-9999.0,-9999.0,-9999.0,-9999.0,-9999.0,-9999.0,-9999.0,-9999.0,-9999.0,-9999.0,161.0,lane7,spur3,stable_reference,5.2475821590828025,-1.4628298266556252,-0.4690097167213555,-4.096934784621249,-0.4690097167213555,11.933333700000002,420.7809914123715,1.7780439791222864,325.34677934477617,1.0501780795755724,1.0502033171324245,0.32870212148167255,-0.14451002708219995,1.5191829322801853,-0.4690048527046129
P15_AV2_1_interaction,P15,AV2,1,on_ramp,P15_AV2_1,P15_AV2.1.asc,AV1,60,initiator_active,4133,1,68883.33,68883.3339,1.0,21.36,76.896,161.0,7.144759,-1440.389133,0.0,0.0,0.0,21.36,0.0,0.0,1440.327199,-34.692886,6.290399,1.0,0.0,0.0,0.0,0.0,1535.990952,-34.757673,1021.0,1.0,35.550965,7.0,-0.092091,34.960178,125.856642,34.960178,-0.006543,0.00022,-0.431642,0.011488,-0.00068,0.003768,0.0,0.0,0.0,0.0,0.0,0.0,-9999.0,-9999.0,-9999.0,-9999.0,-9999.0,-9999.0,-9999.0,-9999.0,-9999.0,-9999.0,-9999.0,-9999.0,-9999.0,-9999.0,161.0,lane7,spur3,stable_reference,5.260020627208403,-1.4520489938073156,-0.4651251111424643,-4.081102789643127,-0.4651251111424643,11.949999899999995,421.36376695893006,1.780382525571149,325.70273702893326,1.0556838760321625,1.0556614813708838,0.3257899191924878,-0.20016924498963817,1.5208041634444407,-0.4651202874122782
P15_AV2_1_interaction,P15,AV2,1,on_ramp,P15_AV2_1,P15_AV2.1.asc,AV1,60,initiator_active,4134,1,68900.0,68900.0008,1.0,21.36,76.896,161.0,7.500726,-1440.744959,0.0,0.0,0.0,21.36,0.0,0.0,1440.68319,-34.690396,6.290108,1.0,0.0,0.0,0.0,0.0,1536.573607,-34.76014,1021.0,1.0,36.133625,7.0,-0.091615,34.952985,125.830747,34.952985,-0.005588,0.000209,-0.431549,0.008484,-0.000672,0.003768,0.0,0.0,0.0,0.0,0.0,0.0,-9999.0,-9999.0,-9999.0,-9999.0,-9999.0,-9999.0,-9999.0,-9999.0,-9999.0,-9999.0,-9999.0,-9999.0,-9999.0,-9999.0,161.0,lane7,spur3,stable_reference,5.272381125327874,-1.441346140195398,-0.461318505030099,-4.065348740489519,-0.461318505030099,11.966666799999992,421.9464224765642,1.7827240815608085,326.05869535680006,1.0611116751449707,1.0610629026950589,0.32202982441566164,-0.24065016936608963,1.522425395922522,-0.4613137207775513
P15_AV2_1_interaction,P15,AV2,1,on_ramp,P15_AV2_1,P15_AV2.1.asc,AV1,60,initiator_active,4135,1,68916.67,68916.6668,1.0,21.36,76.896,161.0,7.856695,-1441.100787,0.0,0.0,0.0,21.36,0.0,0.0,1441.039182,-34.688008,6.289819,1.0,0.0,0.0,0.0,0.0,1537.156143,-34.762605,1021.0,1.0,36.716166,7.0,-0.091138,34.945794,125.804858,34.945794,-0.004721,0.000198,-0.431457,0.005741,-0.000654,0.003768,0.0,0.0,0.0,0.0,0.0,0.0,-9999.0,-9999.0,-9999.0,-9999.0,-9999.0,-9999.0,-9999.0,-9999.0,-9999.0,-9999.0,-9999.0,-9999.0,-9999.0,-9999.0,161.0,lane7,spur3,stable_reference,5.284639690399593,-1.4307452363588269,-0.4576138945216503,-4.04969658322666,-0.4576138945216503,11.983332800000003,422.5289589817453,1.7850666554120707,326.41465552640744,1.0664374859839783,1.066395672996704,0.3177683782470453,-0.25575353546383717,1.5240466346729404,-0.4576091486889622
P15_AV2_1_interaction,P15,AV2,1,on_ramp,P15_AV2_1,P15_AV2.1.asc,AV1,60,initiator_active,4136,1,68933.33,68933.3334,1.0,21.36,76.896,161.0,8.212665,-1441.456618,0.0,0.0,0.0,21.36,0.0,0.0,1441.395175,-34.685712,6.289582,1.0,0.0,0.0,0.0,0.0,1537.738558,-34.765067,1021.0,1.0,37.298586,7.0,-0.09066,34.938604,125.778975,34.938604,-0.003939,0.000188,-0.431364,0.003251,-0.000629,0.003768,0.0,0.0,0.0,0.0,0.0,0.0,-9999.0,-9999.0,-9999.0,-9999.0,-9999.0,-9999.0,-9999.0,-9999.0,-9999.0,-9999.0,-9999.0,-9999.0,-9999.0,-9999.0,161.0,lane7,spur3,stable_reference,5.296806318578218,-1.4202362849595926,-0.4539442112976401,-4.032535472352791,-0.4539442112976401,11.9999994,423.111374466289,1.787411230585498,326.7706174552285,1.0716713082086544,1.0716549462870049,0.3135048940516114,-0.2351720101523398,1.5256114029814667,-0.4539400947728123
P15_AV2_1_interaction,P15,AV2,1,on_ramp,P15_AV2_1,P15_AV2.1.asc,AV1,60,initiator_active,4137,1,68950.0,68950.0006,1.0,21.36,76.896,161.0,8.568636,-1441.812453,0.0,0.0,0.0,21.36,0.0,0.0,1441.751168,-34.683481,6.289413,1.0,0.0,0.0,0.0,0.0,1538.320854,-34.767529,1021.0,1.0,37.880887,7.0,-0.090181,34.931416,125.753097,34.931416,-0.003238,0.000177,-0.431272,0.001003,-0.000598,0.003768,0.0,0.0,0.0,0.0,0.0,0.0,-9999.0,-9999.0,-9999.0,-9999.0,-9999.0,-9999.0,-9999.0,-9999.0,-9999.0,-9999.0,-9999.0,-9999.0,-9999.0,-9999.0,161.0,lane7,spur3,stable_reference,5.308907971751727,-1.409792316257362,-0.4502913749012689,-4.015279576310327,-0.4502913749012689,12.016666599999997,423.6936709548852,1.7897548236886338,327.1265799204743,1.076840132646842,1.0768459799706764,0.30992922626115416,-0.1810101500472907,1.5271274241484813,-0.4502872915016394
P15_AV2_1_interaction,P15,AV2,1,on_ramp,P15_AV2_1,P15_AV2.1.asc,AV1,60,initiator_active,4138,1,68966.67,68966.6674,1.0,21.36,76.896,161.0,8.924608,-1442.168289,0.0,0.0,0.0,21.36,0.0,0.0,1442.107161,-34.681294,6.289305,1.0,0.0,0.0,0.0,0.0,1538.90303,-34.76999,1021.0,1.0,38.463068,7.0,-0.089702,34.924229,125.727225,34.924229,-0.002615,0.000168,-0.43118,-0.001012,-0.000564,0.003768,0.0,0.0,0.0,0.0,0.0,0.0,-9999.0,-9999.0,-9999.0,-9999.0,-9999.0,-9999.0,-9999.0,-9999.0,-9999.0,-9999.0,-9999.0,-9999.0,-9999.0,-9999.0,161.0,lane7,spur3,stable_reference,5.320965641844848,-1.399392335842332,-0.4466825381539566,-3.99806764105115,-0.4466825381539566,12.033333400000004,424.275847439315,1.7920984264347362,327.4825427488385,1.0819649585834046,1.0819861283334433,0.307471074891815,-0.1243240472638405,1.5286434460639244,-0.44667848748051986
P15_AV2_1_interaction,P15,AV2,1,on_ramp,P15_AV2_1,P15_AV2.1.asc,AV1,60,initiator_active,4139,1,68983.33,68983.3336,1.0,21.36,76.896,161.0,9.280581,-1442.524127,0.0,0.0,0.0,21.36,0.0,0.0,1442.463155,-34.679133,6.289242,1.0,0.0,0.0,0.0,0.0,1539.485086,-34.772451,1021.0,1.0,39.045129,7.0,-0.089223,34.917044,125.701358,34.917044,-0.002066,0.000159,-0.431088,-0.002804,-0.000527,0.003768,0.0,0.0,0.0,0.0,0.0,0.0,-9999.0,-9999.0,-9999.0,-9999.0,-9999.0,-9999.0,-9999.0,-9999.0,-9999.0,-9999.0,-9999.0,-9999.0,-9999.0,-9999.0,161.0,lane7,spur3,stable_reference,5.332997349665437,-1.3890183254338446,-0.443099697205202,-3.980618624806681,-0.443099697205202,12.049999599999996,424.85790392783133,1.7944410388578567,327.8385067917387,1.0870637936580663,1.0870949144324562,0.3057851049975824,-0.09875267644648034,1.530159472680286,-0.4430956790222198
P15_AV2_1_interaction,P15,AV2,1,on_ramp,P15_AV2_1,P15_AV2.1.asc,AV1,60,initiator_active,4140,1,69000.0,69000.0007,1.0,21.36,76.896,161.0,9.636554,-1442.879965,0.0,0.0,0.0,21.36,0.0,0.0,1442.819148,-34.676987,6.289207,1.0,0.0,0.0,0.0,0.0,1540.067023,-34.774913,1021.0,1.0,39.627071,7.0,-0.088746,34.90986,125.675497,34.90986,-0.001587,0.00015,-0.430995,-0.004384,-0.000488,0.003768,0.0,0.0,0.0,0.0,0.0,0.0,-9999.0,-9999.0,-9999.0,-9999.0,-9999.0,-9999.0,-9999.0,-9999.0,-9999.0,-9999.0,-9999.0,-9999.0,-9999.0,-9999.0,161.0,lane7,spur3,stable_reference,5.345014035524579,-1.3786593341046056,-0.4395417008128962,-3.961765743209313,-0.4395417008128962,12.0666667,425.43984142865304,1.7967816692447374,328.1944699584635,1.0921476209908507,1.0921789536226627,0.3041793266371684,-0.10744472453445297,1.5316852660837776,-0.4395376450929269
P15_AV2_1_interaction,P15,AV2,1,on_ramp,P15_AV2_1,P15_AV2.1.asc,AV1,60,initiator_active,4141,1,69016.67,69016.6676,1.0,21.36,76.896,161.0,9.992527,-1443.235805,0.0,0.0,0.0,21.36,0.0,0.0,1443.175142,-34.674848,6.28919,1.0,0.0,0.0,0.0,0.0,1540.648839,-34.777376,1021.0,1.0,40.208892,7.0,-0.088271,34.902678,125.649641,34.902678,-0.001174,0.000143,-0.430903,-0.005763,-0.00045,0.003768,0.0,0.0,0.0,0.0,0.0,0.0,-9999.0,-9999.0,-9999.0,-9999.0,-9999.0,-9999.0,-9999.0,-9999.0,-9999.0,-9999.0,-9999.0,-9999.0,-9999.0,-9999.0,161.0,lane7,spur3,stable_reference,5.357023751804978,-1.3683073178397178,-0.4359940766132957,-3.942919806959897,-0.4359940766132957,12.083333599999998,426.02165794184765,1.7991203010899983,328.55043418292297,1.0972244568146998,1.0972344284486155,0.3022035469901354,-0.1345853973739164,1.533214510442509,-0.4359900536278092
P15_AV2_1_interaction,P15,AV2,1,on_ramp,P15_AV2_1,P15_AV2.1.asc,AV1,60,initiator_active,4142,1,69033.33,69033.334,1.0,21.36,76.896,161.0,10.348501,-1443.591644,0.0,0.0,0.0,21.36,0.0,0.0,1443.531135,-34.672731,6.289078,1.0,0.0,0.0,0.0,0.0,1541.230536,-34.77984,1021.0,1.0,40.790594,7.0,-0.087798,34.895498,125.623791,34.895498,-0.000823,0.000135,-0.430811,-0.006952,-0.000411,0.003768,0.0,0.0,0.0,0.0,0.0,0.0,-9999.0,-9999.0,-9999.0,-9999.0,-9999.0,-9999.0,-9999.0,-9999.0,-9999.0,-9999.0,-9999.0,-9999.0,-9999.0,-9999.0,161.0,lane7,spur3,stable_reference,5.369011448815675,-1.3579773187906934,-0.4324684561983922,-3.924095893400226,-0.4324684561983922,12.1,426.6033554673476,1.801456950899019,328.9063975889756,1.1022792851350445,1.1022523962362278,0.299693167250922,-0.16366732588448762,1.5347437508794008,-0.4324644657443564
P15_AV2_1_interaction,P15,AV2,1,on_ramp,P15_AV2_1,P15_AV2.1.asc,AV1,60,initiator_active,4143,1,69050.0,69050.0008,1.0,21.36,76.896,161.0,10.704476,-1443.947484,0.0,0.0,0.0,21.36,0.0,0.0,1443.88713,-34.67069,6.288866,1.0,0.0,0.0,0.0,0.0,1541.812114,-34.782306,1021.0,1.0,41.372177,7.0,-0.087327,34.888318,125.597947,34.888318,-0.000531,0.000129,-0.430719,-0.007961,-0.000374,0.003768,0.0,0.0,0.0,0.0,0.0,0.0,-9999.0,-9999.0,-9999.0,-9999.0,-9999.0,-9999.0,-9999.0,-9999.0,-9999.0,-9999.0,-9999.0,-9999.0,-9999.0,-9999.0,161.0,lane7,spur3,stable_reference,5.380923230510192,-1.3477232533659416,-0.4290188272746627,-3.904708623360231,-0.4290188272746627,12.116666799999992,427.1849340134053,1.8037906187058614,329.2623636221649,1.1072581325488804,1.107224159619435,0.29674798084913334,-0.18183263759375912,1.5362730011997727,-0.42901486865089233
P15_AV2_1_interaction,P15,AV2,1,on_ramp,P15_AV2_1,P15_AV2.1.asc,AV1,60,initiator_active,4144,1,69066.67,69066.6674,1.0,21.36,76.896,161.0,11.060451,-1444.303327,0.0,0.0,0.0,21.36,0.0,0.0,1444.243124,-34.668721,6.288669,1.0,0.0,0.0,0.0,0.0,1542.393571,-34.784775,1021.0,1.0,41.953639,7.0,-0.086859,34.881141,125.572107,34.881141,-0.000293,0.000123,-0.430627,-0.008803,-0.000338,0.003768,0.0,0.0,0.0,0.0,0.0,0.0,-9999.0,-9999.0,-9999.0,-9999.0,-9999.0,-9999.0,-9999.0,-9999.0,-9999.0,-9999.0,-9999.0,-9999.0,-9999.0,-9999.0,161.0,lane7,spur3,stable_reference,5.392763012161838,-1.337541191847051,-0.4255539741164767,-3.88443108586234,-0.4255539741164767,12.133333400000003,427.7663915883416,1.8061202880391853,329.6183292495819,1.1121649741619193,1.1121440160032359,0.2936320692580878,-0.181250844332002,1.5377154805956301,-0.42555050643371084
P15_AV2_1_interaction,P15,AV2,1,on_ramp,P15_AV2_1,P15_AV2.1.asc,AV1,60,initiator_active,4145,1,69083.33,69083.3334,1.0,21.36,76.896,161.0,11.416427,-1444.659172,0.0,0.0,0.0,21.36,0.0,0.0,1444.599119,-34.666809,6.288522,1.0,0.0,0.0,0.0,0.0,1542.974909,-34.787245,1021.0,1.0,42.534983,7.0,-0.086394,34.873965,125.546274,34.873965,-0.000106,0.000118,-0.430535,-0.009486,-0.000304,0.003768,0.0,0.0,0.0,0.0,0.0,0.0,-9999.0,-9999.0,-9999.0,-9999.0,-9999.0,-9999.0,-9999.0,-9999.0,-9999.0,-9999.0,-9999.0,-9999.0,-9999.0,-9999.0,161.0,lane7,spur3,stable_reference,5.404545843461588,-1.327416092082511,-0.4221411934535417,-3.864210421474552,-0.4221411934535417,12.1499994,428.347730175583,1.8084479753362812,329.9742963473682,1.1170148259687236,1.1170116818037494,0.2907064121099552,-0.15498939108518783,1.5391525795489929,-0.4221377535802693
P15_AV2_1_interaction,P15,AV2,1,on_ramp,P15_AV2_1,P15_AV2.1.asc,AV1,60,initiator_active,4146,1,69100.0,69100.0005,1.0,21.36,76.896,161.0,11.772404,-1445.015018,0.0,0.0,0.0,21.36,0.0,0.0,1444.955114,-34.664936,6.288424,1.0,0.0,0.0,0.0,0.0,1543.556128,-34.789718,1021.0,1.0,43.116206,7.0,-0.085932,34.86679,125.520446,34.86679,3.4e-05,0.000113,-0.430443,-0.010024,-0.000271,0.003768,0.0,0.0,0.0,0.0,0.0,0.0,-9999.0,-9999.0,-9999.0,-9999.0,-9999.0,-9999.0,-9999.0,-9999.0,-9999.0,-9999.0,-9999.0,-9999.0,-9999.0,-9999.0,161.0,lane7,spur3,stable_reference,5.416289689758287,-1.3173299819361617,-0.4187674124440358,-3.84402870546082,-0.4187674124440358,12.166666499999993,428.92894979163486,1.8107716806652414,330.3302637670096,1.1218256791036432,1.1218341589051546,0.28846583761313127,-0.10742511468529692,1.5405896791661071,-0.41876400006246395
P15_AV2_1_interaction,P15,AV2,1,on_ramp,P15_AV2_1,P15_AV2.1.asc,AV1,60,initiator_active,4147,1,69116.67,69116.667,1.0,21.36,76.896,161.0,12.128382,-1445.370866,0.0,0.0,0.0,21.36,0.0,0.0,1445.311109,-34.663088,6.288364,1.0,0.0,0.0,0.0,0.0,1544.137227,-34.792194,1021.0,1.0,43.69731,7.0,-0.085473,34.859618,125.494623,34.859618,0.000131,0.000109,-0.430351,-0.010425,-0.000241,0.003768,0.0,0.0,0.0,0.0,0.0,0.0,-9999.0,-9999.0,-9999.0,-9999.0,-9999.0,-9999.0,-9999.0,-9999.0,-9999.0,-9999.0,-9999.0,-9999.0,-9999.0,-9999.0,161.0,lane7,spur3,stable_reference,5.428008545668379,-1.3072688651348217,-0.4154147167720788,-3.822927454840065,-0.4154147167720788,12.183333,429.5100494365313,1.813091395773382,330.6862313929681,1.126611533089904,1.12662728769871,0.2871255139006337,-0.06632508739789955,1.5420229876972544,-0.4154114546073504
P15_AV2_1_interaction,P15,AV2,1,on_ramp,P15_AV2_1,P15_AV2.1.asc,AV1,60,initiator_active,4148,1,69133.33,69133.3341,1.0,21.36,76.896,161.0,12.48436,-1445.726714,0.0,0.0,0.0,21.36,0.0,0.0,1445.667105,-34.661254,6.28833,1.0,0.0,0.0,0.0,0.0,1544.718206,-34.794673,1021.0,1.0,44.278294,7.0,-0.085018,34.852446,125.468806,34.852446,0.000188,0.000105,-0.430259,-0.0107,-0.000213,0.003768,0.0,0.0,0.0,0.0,0.0,0.0,-9999.0,-9999.0,-9999.0,-9999.0,-9999.0,-9999.0,-9999.0,-9999.0,-9999.0,-9999.0,-9999.0,-9999.0,-9999.0,-9999.0,161.0,lane7,spur3,stable_reference,5.439713434691516,-1.297221721534417,-0.4120536024000549,-3.8013011403209127,-0.4120536024000549,12.20000009999999,430.0910291102724,1.8154071206607034,331.0422001344304,1.1313833958056208,1.1314050853771942,0.2862550005943163,-0.054870150460768485,1.543433762435075,-0.41205036662945416
P15_AV2_1_interaction,P15,AV2,1,on_ramp,P15_AV2_1,P15_AV2.1.asc,AV1,60,initiator_active,4149,1,69150.0,69150.0005,1.0,21.36,76.896,161.0,12.840338,-1446.082563,0.0,0.0,0.0,21.36,0.0,0.0,1446.0231,-34.659427,6.288313,1.0,0.0,0.0,0.0,0.0,1545.299065,-34.797155,1021.0,1.0,44.859159,7.0,-0.084566,34.845276,125.442995,34.845276,0.000208,0.000102,-0.430167,-0.01086,-0.000188,0.003768,0.0,0.0,0.0,0.0,0.0,0.0,-9999.0,-9999.0,-9999.0,-9999.0,-9999.0,-9999.0,-9999.0,-9999.0,-9999.0,-9999.0,-9999.0,-9999.0,-9999.0,-9999.0,161.0,lane7,spur3,stable_reference,5.451411298676901,-1.287181599142867,-0.408699492253368,-3.7796818705766593,-0.408699492253368,12.216666499999992,430.67188881285796,1.8177188553272108,331.3981679336957,1.1361482505070215,1.136169169328576,0.2852965034371664,-0.06792069288804292,1.5448445333289125,-0.40869628282189097
P15_AV2_1_interaction,P15,AV2,1,on_ramp,P15_AV2_1,P15_AV2.1.asc,AV1,60,initiator_active,4150,1,69166.67,69166.6676,1.0,21.36,76.896,161.0,13.196316,-1446.438413,0.0,0.0,0.0,21.36,0.0,0.0,1446.379095,-34.657604,6.288305,1.0,0.0,0.0,0.0,0.0,1545.879806,-34.799639,1021.0,1.0,45.439904,7.0,-0.084118,34.838108,125.417189,34.838108,0.000195,9.9e-05,-0.430075,-0.010914,-0.000165,0.003768,0.0,0.0,0.0,0.0,0.0,0.0,-9999.0,-9999.0,-9999.0,-9999.0,-9999.0,-9999.0,-9999.0,-9999.0,-9999.0,-9999.0,-9999.0,-9999.0,-9999.0,-9999.0,161.0,lane7,spur3,stable_reference,5.4631051642004245,-1.2771454756865237,-0.4053493820698833,-3.75806659464382,-0.4053493820698833,12.233333599999998,431.2526305359673,1.820027616244218,331.7541357659715,1.1409091053446396,1.140915015600153,0.28399095160370535,-0.09072805743657142,1.546255304290759,-0.40534619894611934
P15_AV2_1_interaction,P15,AV2,1,on_ramp,P15_AV2_1,P15_AV2.1.asc,AV1,60,initiator_active,4151,1,69183.33,69183.3339,1.0,21.36,76.896,161.0,13.552295,-1446.794262,0.0,0.0,0.0,21.36,0.0,0.0,1446.735091,-34.655796,6.288228,1.0,0.0,0.0,0.0,0.0,1546.460426,-34.802127,1021.0,1.0,46.02053,7.0,-0.083673,34.830941,125.391388,34.830941,0.000152,9.6e-05,-0.429983,-0.010872,-0.000144,0.003768,0.0,0.0,0.0,0.0,0.0,0.0,-9999.0,-9999.0,-9999.0,-9999.0,-9999.0,-9999.0,-9999.0,-9999.0,-9999.0,-9999.0,-9999.0,-9999.0,-9999.0,-9999.0,161.0,lane7,spur3,stable_reference,5.4747840632215095,-1.2671243251649236,-0.4020004177531591,-3.735246382097427,-0.4020004177531591,12.249999899999995,431.8332512962081,1.8223313787217719,332.1101047220037,1.145654968945756,1.1456355545186094,0.28227224864210854,-0.11324177974738348,1.547652404143315,-0.40199743519755904
P15_AV2_1_interaction,P15,AV2,1,on_ramp,P15_AV2_1,P15_AV2.1.asc,AV1,60,initiator_active,4152,1,69200.0,69200.0008,1.0,21.36,76.896,161.0,13.908274,-1447.150112,0.0,0.0,0.0,21.36,0.0,0.0,1447.091086,-34.65404,6.28808,1.0,0.0,0.0,0.0,0.0,1547.040928,-34.804617,1021.0,1.0,46.601037,7.0,-0.083232,34.823776,125.365593,34.823776,8.2e-05,9.4e-05,-0.42989,-0.010744,-0.000126,0.003768,0.0,0.0,0.0,0.0,0.0,0.0,-9999.0,-9999.0,-9999.0,-9999.0,-9999.0,-9999.0,-9999.0,-9999.0,-9999.0,-9999.0,-9999.0,-9999.0,-9999.0,-9999.0,161.0,lane7,spur3,stable_reference,5.486410954508996,-1.2571551838731838,-0.3986778138922352,-3.712294455249708,-0.3986778138922352,12.266666799999992,432.41375407697234,1.8246321674498291,332.46607310720987,1.1503488260649932,1.1503240517589866,0.28021622857001205,-0.12749965422690046,1.5490236820529728,-0.3986748559879796
P15_AV2_1_interaction,P15,AV2,1,on_ramp,P15_AV2_1,P15_AV2.1.asc,AV1,60,initiator_active,4153,1,69216.67,69216.6675,1.0,21.36,76.896,161.0,14.264254,-1447.505964,0.0,0.0,0.0,21.36,0.0,0.0,1447.447082,-34.652336,6.287942,1.0,0.0,0.0,0.0,0.0,1547.62131,-34.80711,1021.0,1.0,47.181424,7.0,-0.082794,34.816612,125.339804,34.816612,-1.1e-05,9.2e-05,-0.429798,-0.010537,-0.00011,0.003768,0.0,0.0,0.0,0.0,0.0,0.0,-9999.0,-9999.0,-9999.0,-9999.0,-9999.0,-9999.0,-9999.0,-9999.0,-9999.0,-9999.0,-9999.0,-9999.0,-9999.0,-9999.0,161.0,lane7,spur3,stable_reference,5.497985893521913,-1.247238005666778,-0.3954072051271081,-3.689394376574131,-0.3954072051271081,12.283333499999994,432.99413688658143,1.8269289659570689,332.82204292152204,1.1549906932077363,1.1549761706311346,0.27802222782403163,-0.12708526852745194,1.5503949646961666,-0.39540427148843027
P15_AV2_1_interaction,P15,AV2,1,on_ramp,P15_AV2_1,P15_AV2.1.asc,AV1,60,initiator_active,4154,1,69233.33,69233.3342,1.0,21.36,76.896,161.0,14.620234,-1447.861817,0.0,0.0,0.0,21.36,0.0,0.0,1447.803078,-34.650671,6.287839,1.0,0.0,0.0,0.0,0.0,1548.201572,-34.809606,1021.0,1.0,47.761691,7.0,-0.08236,34.80945,125.31402,34.80945,-0.000126,9e-05,-0.429706,-0.01026,-9.5e-05,0.003768,0.0,0.0,0.0,0.0,0.0,0.0,-9999.0,-9999.0,-9999.0,-9999.0,-9999.0,-9999.0,-9999.0,-9999.0,-9999.0,-9999.0,-9999.0,-9999.0,-9999.0,-9999.0,161.0,lane7,spur3,stable_reference,5.50952184753175,-1.2373598170785785,-0.3921755959843525,-3.666407729359878,-0.3921755959843525,12.300000199999994,433.57439972503494,1.8292217742434873,333.17801305768916,1.1595935616785789,1.1595914778879366,0.27598004448007885,-0.10779782179533015,1.5517662480004812,-0.3921726863219024
P15_AV2_1_interaction,P15,AV2,1,on_ramp,P15_AV2_1,P15_AV2.1.asc,AV1,60,initiator_active,4155,1,69250.0,69250.0,1.0,21.36,76.896,161.0,14.976215,-1448.217671,0.0,0.0,0.0,21.36,0.0,0.0,1448.159075,-34.649033,6.28777,1.0,0.0,0.0,0.0,0.0,1548.781715,-34.812105,1021.0,1.0,48.34184,7.0,-0.081929,34.802289,125.288242,34.802289,-0.000259,8.9e-05,-0.429614,-0.009923,-8.3e-05,0.003768,0.0,0.0,0.0,0.0,0.0,0.0,-9999.0,-9999.0,-9999.0,-9999.0,-9999.0,-9999.0,-9999.0,-9999.0,-9999.0,-9999.0,-9999.0,-9999.0,-9999.0,-9999.0,161.0,lane7,spur3,stable_reference,5.521030839653602,-1.2275085982307132,-0.3889419424347111,-3.642274445739759,-0.3889419424347111,12.316665999999998,434.1545435922991,1.831510600561779,333.533984416645,1.1641694393215771,1.164175277151829,0.27442903041047373,-0.07405620193848428,1.55310871296527,-0.38893927364369296
P15_AV2_1_interaction,P15,AV2,1,on_ramp,P15_AV2_1,P15_AV2.1.asc,AV1,60,initiator_active,4156,1,69266.67,69266.668,1.0,21.36,76.896,161.0,15.332196,-1448.573526,0.0,0.0,0.0,21.36,0.0,0.0,1448.515071,-34.647413,6.287727,1.0,0.0,0.0,0.0,0.0,1549.361739,-34.814607,1021.0,1.0,48.921869,7.0,-0.081501,34.79513,125.262469,34.79513,-0.000408,8.8e-05,-0.429522,-0.009531,-7.4e-05,0.003768,0.0,0.0,0.0,0.0,0.0,0.0,-9999.0,-9999.0,-9999.0,-9999.0,-9999.0,-9999.0,-9999.0,-9999.0,-9999.0,-9999.0,-9999.0,-9999.0,-9999.0,-9999.0,161.0,lane7,spur3,stable_reference,5.532521810967608,-1.2176753976635086,-0.3857027950787696,-3.618159189335685,-0.3857027950787696,12.333334000000002,434.73456848837355,1.83379544491194,333.88995492418326,1.1687273093248585,1.1687392376034562,0.27351155350314116,-0.046020711225294164,1.5544274578385673,-0.3857001485137088
P15_AV2_1_interaction,P15,AV2,1,on_ramp,P15_AV2_1,P15_AV2.1.asc,AV1,60,initiator_active,4157,1,69283.33,69283.3341,1.0,21.36,76.896,161.0,15.688178,-1448.929382,0.0,0.0,0.0,21.36,0.0,0.0,1448.871067,-34.645803,6.287704,1.0,0.0,0.0,0.0,0.0,1549.941643,-34.81711,1021.0,1.0,49.501778,7.0,-0.081077,34.787973,125.236701,34.787973,-0.000571,8.7e-05,-0.42943,-0.009093,-6.7e-05,0.003768,0.0,0.0,0.0,0.0,0.0,0.0,-9999.0,-9999.0,-9999.0,-9999.0,-9999.0,-9999.0,-9999.0,-9999.0,-9999.0,-9999.0,-9999.0,-9999.0,-9999.0,-9999.0,161.0,lane7,spur3,stable_reference,5.544002786126977,-1.207852194434302,-0.3824736476194052,-3.594053912941245,-0.3824736476194052,12.35000009999999,435.31447339678743,1.8360782989731776,334.2459255142484,1.173275179668677,1.1732925397832297,0.2728949371330742,-0.04174124856801065,1.555746202880364,-0.382471023211687
P15_AV2_1_interaction,P15,AV2,1,on_ramp,P15_AV2_1,P15_AV2.1.asc,AV1,60,initiator_active,4158,1,69300.0,69300.0007,1.0,21.36,76.896,161.0,16.04416,-1449.285238,0.0,0.0,0.0,21.36,0.0,0.0,1449.227064,-34.644198,6.287691,1.0,0.0,0.0,0.0,0.0,1550.521428,-34.819617,1021.0,1.0,50.081569,7.0,-0.080655,34.780817,125.21094,34.780817,-0.000745,8.5e-05,-0.429337,-0.008616,-6.3e-05,0.003768,0.0,0.0,0.0,0.0,0.0,0.0,-9999.0,-9999.0,-9999.0,-9999.0,-9999.0,-9999.0,-9999.0,-9999.0,-9999.0,-9999.0,-9999.0,-9999.0,-9999.0,-9999.0,161.0,lane7,spur3,stable_reference,5.555478790938531,-1.1980339668018496,-0.3792494955600512,-3.569572702629141,-0.3792494955600512,12.366666700000001,435.89425934226426,1.8383561711003338,334.60189714554286,1.1778180584354545,1.177835562361944,0.2721202002439185,-0.05645238537414876,1.5570649517108535,-0.37924689327539896
P15_AV2_1_interaction,P15,AV2,1,on_ramp,P15_AV2_1,P15_AV2.1.asc,AV1,60,initiator_active,4159,1,69316.67,69316.6677,1.0,21.36,76.896,161.0,16.400142,-1449.641094,0.0,0.0,0.0,21.36,0.0,0.0,1449.58306,-34.642595,6.287685,1.0,0.0,0.0,0.0,0.0,1551.101094,-34.822125,1021.0,1.0,50.66124,7.0,-0.080236,34.773662,125.185184,34.773662,-0.000928,8.4e-05,-0.429245,-0.008106,-5.9e-05,0.003768,0.0,0.0,0.0,0.0,0.0,0.0,-9999.0,-9999.0,-9999.0,-9999.0,-9999.0,-9999.0,-9999.0,-9999.0,-9999.0,-9999.0,-9999.0,-9999.0,-9999.0,-9999.0,161.0,lane7,spur3,stable_reference,5.566952768789659,-1.188217761709244,-0.3759975060654352,-3.5442805446306656,-0.3759975060654352,12.383333700000003,436.4739263000464,1.8406320611912572,334.95786779337686,1.1823589290176546,1.182363285320284,0.27101316792548147,-0.07762178914110685,1.5583540075470523,-0.37599507852939773
P15_AV2_1_interaction,P15,AV2,1,on_ramp,P15_AV2_1,P15_AV2.1.asc,AV1,60,initiator_active,4160,1,69333.33,69333.334,1.0,21.36,76.896,161.0,16.756124,-1449.996951,0.0,0.0,0.0,21.36,0.0,0.0,1449.939056,-34.641005,6.28762,1.0,0.0,0.0,0.0,0.0,1551.68064,-34.824635,1021.0,1.0,51.240791,7.0,-0.07982,34.766509,125.159433,34.766509,-0.001119,8.4e-05,-0.429153,-0.007568,-5.7e-05,0.003768,0.0,0.0,0.0,0.0,0.0,0.0,-9999.0,-9999.0,-9999.0,-9999.0,-9999.0,-9999.0,-9999.0,-9999.0,-9999.0,-9999.0,-9999.0,-9999.0,-9999.0,-9999.0,161.0,lane7,spur3,stable_reference,5.578413751639758,-1.178414553156043,-0.3727488069170329,-3.5190013578095014,-0.3727488069170329,12.4,437.05347327842026,1.8429049610273025,335.3138385484959,1.1868868000425548,1.186869326495022,0.2695328255412619,-0.09762510216107145,1.5596332003979827,-0.37274640035542794
P15_AV2_1_interaction,P15,AV2,1,on_ramp,P15_AV2_1,P15_AV2.1.asc,AV1,60,initiator_active,4161,1,69350.0,69350.0009,1.0,21.36,76.896,161.0,17.112106,-1450.352808,0.0,0.0,0.0,21.36,0.0,0.0,1450.295053,-34.639461,6.287492,1.0,0.0,0.0,0.0,0.0,1552.260068,-34.827148,1021.0,1.0,51.820224,7.0,-0.079406,34.759358,125.133688,34.759358,-0.001315,8.3e-05,-0.429061,-0.007009,-5.6e-05,0.003768,0.0,0.0,0.0,0.0,0.0,0.0,-9999.0,-9999.0,-9999.0,-9999.0,-9999.0,-9999.0,-9999.0,-9999.0,-9999.0,-9999.0,-9999.0,-9999.0,-9999.0,-9999.0,161.0,lane7,spur3,stable_reference,5.589828779908064,-1.168657309285375,-0.369546102609932,-3.4937680024470747,-0.369546102609932,12.416666899999997,437.6329022855706,1.8451738871479118,335.66981068320473,1.1913686808866355,1.1913476758978847,0.26775900030681044,-0.11011571278457222,1.5609123976124408,-0.3695437167258053
P15_AV2_1_interaction,P15,AV2,1,on_ramp,P15_AV2_1,P15_AV2.1.asc,AV1,60,initiator_active,4162,1,69366.67,69366.6669,1.0,21.36,76.896,161.0,17.468089,-1450.708666,0.0,0.0,0.0,21.36,0.0,0.0,1450.65105,-34.63796,6.287372,1.0,0.0,0.0,0.0,0.0,1552.839376,-34.829662,1021.0,1.0,52.399538,7.0,-0.078994,34.752208,125.107948,34.752208,-0.001515,8.2e-05,-0.428969,-0.006434,-5.7e-05,0.003768,0.0,0.0,0.0,0.0,0.0,0.0,-9999.0,-9999.0,-9999.0,-9999.0,-9999.0,-9999.0,-9999.0,-9999.0,-9999.0,-9999.0,-9999.0,-9999.0,-9999.0,-9999.0,161.0,lane7,spur3,stable_reference,5.601200824711441,-1.1589430539681245,-0.3663863978360809,-3.4679593655084666,-0.3663863978360809,12.433332899999995,438.21221130506,1.8474408229795938,336.0257831727791,1.1958075631950327,1.1957945121650653,0.2658623561362461,-0.11027346433797813,1.5621915955468486,-0.36638403235181594
P15_AV2_1_interaction,P15,AV2,1,on_ramp,P15_AV2_1,P15_AV2.1.asc,AV1,60,initiator_active,4163,1,69383.33,69383.3336,1.0,21.36,76.896,161.0,17.824073,-1451.064525,0.0,0.0,0.0,21.36,0.0,0.0,1451.007047,-34.636494,6.287284,1.0,0.0,0.0,0.0,0.0,1553.418565,-34.832177,1021.0,1.0,52.978732,7.0,-0.078585,34.745059,125.082214,34.745059,-0.001717,8.1e-05,-0.428877,-0.005848,-5.8e-05,0.003768,0.0,0.0,0.0,0.0,0.0,0.0,-9999.0,-9999.0,-9999.0,-9999.0,-9999.0,-9999.0,-9999.0,-9999.0,-9999.0,-9999.0,-9999.0,-9999.0,-9999.0,-9999.0,161.0,lane7,spur3,stable_reference,5.61253788297362,-1.1492637893338589,-0.3632365133916495,-3.4416532760297938,-0.3632365133916495,12.449999599999996,438.79140133685473,1.8497057767750358,336.3817559511979,1.2002114466953264,1.200209584714349,0.26408329294380906,-0.09298141573676233,1.5634457104787707,-0.36323426378344426
P15_AV2_1_interaction,P15,AV2,1,on_ramp,P15_AV2_1,P15_AV2.1.asc,AV1,60,initiator_active,4164,1,69400.0,69400.0007,1.0,21.36,76.896,161.0,18.180057,-1451.420386,0.0,0.0,0.0,21.36,0.0,0.0,1451.363044,-34.635051,6.287224,1.0,0.0,0.0,0.0,0.0,1553.997635,-34.834694,1021.0,1.0,53.557807,7.0,-0.078177,34.737913,125.056485,34.737913,-0.00192,8e-05,-0.428785,-0.005255,-6e-05,0.003768,0.0,0.0,0.0,0.0,0.0,0.0,-9999.0,-9999.0,-9999.0,-9999.0,-9999.0,-9999.0,-9999.0,-9999.0,-9999.0,-9999.0,-9999.0,-9999.0,-9999.0,-9999.0,161.0,lane7,spur3,stable_reference,5.62385195008013,-1.1396075185769974,-0.3601084801688477,-3.4153701304765463,-0.3601084801688477,12.466666700000001,439.3704723892072,1.8519677485682993,336.7377289194284,1.2045923309788624,1.2045974111789652,0.2627629432302214,-0.0630259927177299,1.564698580912142,-0.36010624993327967
P15_AV2_1_interaction,P15,AV2,1,on_ramp,P15_AV2_1,P15_AV2.1.asc,AV1,60,initiator_active,4165,1,69416.67,69416.6669,1.0,21.36,76.896,161.0,18.536041,-1451.776247,0.0,0.0,0.0,21.36,0.0,0.0,1451.719041,-34.633624,6.287187,1.0,0.0,0.0,0.0,0.0,1554.576585,-34.837212,1021.0,1.0,54.136763,7.0,-0.077772,34.730767,125.030762,34.730767,-0.002123,7.9e-05,-0.428693,-0.00466,-6.2e-05,0.003768,0.0,0.0,0.0,0.0,0.0,0.0,-9999.0,-9999.0,-9999.0,-9999.0,-9999.0,-9999.0,-9999.0,-9999.0,-9999.0,-9999.0,-9999.0,-9999.0,-9999.0,-9999.0,161.0,lane7,spur3,stable_reference,5.635150023339243,-1.1299672435609376,-0.3569964467668138,-3.3891029459148565,-0.3569964467668138,12.483332899999994,439.94942345389893,1.8542277300726306,337.0937020197021,1.2089572158072623,1.2089683416295398,0.26198239947426316,-0.03993280934008947,1.5659514516120554,-0.35699423580479306
P15_AV2_1_interaction,P15,AV2,1,on_ramp,P15_AV2_1,P15_AV2.1.asc,AV1,60,initiator_active,4166,1,69433.33,69433.3348,1.0,21.36,76.896,161.0,18.892025,-1452.132109,0.0,0.0,0.0,21.36,0.0,0.0,1452.075038,-34.632205,6.287167,1.0,0.0,0.0,0.0,0.0,1555.155417,-34.839731,1021.0,1.0,54.7156,7.0,-0.077368,34.723624,125.005045,34.723623,-0.002324,7.8e-05,-0.428601,-0.004065,-6.4e-05,0.003768,0.0,0.0,0.0,0.0,0.0,0.0,-9999.0,-9999.0,-9999.0,-9999.0,-9999.0,-9999.0,-9999.0,-9999.0,-9999.0,-9999.0,-9999.0,-9999.0,-9999.0,-9999.0,161.0,lane7,spur3,stable_reference,5.646440099674636,-1.1203349664152802,-0.3538861739735721,-3.3620850342705806,-0.3538861739735721,12.500000799999995,440.5282565308616,1.8564857377934174,337.4496751859972,1.2133141009080917,1.2133303577266088,0.26143184243542805,-0.03770298422422691,1.5671982189571398,-0.3538841180490482
P15_AV2_1_interaction,P15,AV2,1,on_ramp,P15_AV2_1,P15_AV2.1.asc,AV1,60,initiator_active,4167,1,69450.0,69450.0007,1.0,21.36,76.896,161.0,19.24801,-1452.487971,0.0,0.0,0.0,21.36,0.0,0.0,1452.431035,-34.63079,6.287156,1.0,0.0,0.0,0.0,0.0,1555.734129,-34.842251,1021.0,1.0,55.294318,7.0,-0.076965,34.716481,124.979333,34.716481,-0.002523,7.7e-05,-0.428509,-0.003475,-6.5e-05,0.003768,0.0,0.0,0.0,0.0,0.0,0.0,-9999.0,-9999.0,-9999.0,-9999.0,-9999.0,-9999.0,-9999.0,-9999.0,-9999.0,-9999.0,-9999.0,-9999.0,-9999.0,-9999.0,161.0,lane7,spur3,stable_reference,5.657726177548187,-1.1107066882048169,-0.3507467125276152,-3.334818966212889,-0.3507467125276152,12.516666700000002,441.10696962016345,1.858741755225279,337.80564838530324,1.2176669861451423,1.2176828594578812,0.2607256344256328,-0.05313440728856822,1.568411660987137,-0.3507446748419947
P15_AV2_1_interaction,P15,AV2,1,on_ramp,P15_AV2_1,P15_AV2.1.asc,AV1,60,initiator_active,4168,1,69466.67,69466.6675,1.0,21.36,76.896,161.0,19.603995,-1452.843833,0.0,0.0,0.0,21.36,0.0,0.0,1452.787033,-34.629378,6.287151,1.0,0.0,0.0,0.0,0.0,1556.312723,-34.844771,1021.0,1.0,55.872917,7.0,-0.076563,34.709341,124.953626,34.709341,-0.002718,7.5e-05,-0.428417,-0.002892,-6.5e-05,0.003768,0.0,0.0,0.0,0.0,0.0,0.0,-9999.0,-9999.0,-9999.0,-9999.0,-9999.0,-9999.0,-9999.0,-9999.0,-9999.0,-9999.0,-9999.0,-9999.0,-9999.0,-9999.0,161.0,lane7,spur3,stable_reference,5.66900928430485,-1.1010813861235076,-0.3476102462023859,-3.3075558176063726,-0.3476102462023859,12.533333499999994,441.6855647134838,1.8609967988395346,338.1616226093332,1.222016879737039,1.2220210462955374,0.2596607098091184,-0.07470396143276314,1.5696251064753068,-0.34760822673826786
P15_AV2_1_interaction,P15,AV2,1,on_ramp,P15_AV2_1,P15_AV2.1.asc,AV1,60,initiator_active,4169,1,69483.33,69483.3342,1.0,21.36,76.896,161.0,19.95998,-1453.199696,0.0,0.0,0.0,21.36,0.0,0.0,1453.14303,-34.627978,6.287088,1.0,0.0,0.0,0.0,0.0,1556.891197,-34.847292,1021.0,1.0,56.451396,7.0,-0.076163,34.702201,124.927925,34.702201,-0.00291,7.4e-05,-0.428325,-0.00232,-6.5e-05,0.003768,0.0,0.0,0.0,0.0,0.0,0.0,-9999.0,-9999.0,-9999.0,-9999.0,-9999.0,-9999.0,-9999.0,-9999.0,-9999.0,-9999.0,-9999.0,-9999.0,-9999.0,-9999.0,161.0,lane7,spur3,stable_reference,5.680280367946439,-1.091468103920048,-0.3444857845804328,-3.2803047099368747,-0.3444857845804328,12.550000199999994,442.2640398191432,1.863249852164863,338.51759593242946,1.2263547654849003,1.2263382598539847,0.25823549208900687,-0.0941018395740576,1.570838548752977,-0.3444837832680767
P15_AV2_1_interaction,P15,AV2,1,on_ramp,P15_AV2_1,P15_AV2.1.asc,AV1,60,initiator_active,4170,1,69500.0,69500.0007,1.0,21.36,76.896,161.0,20.315965,-1453.555559,0.0,0.0,0.0,21.36,0.0,0.0,1453.499027,-34.626621,6.286965,1.0,0.0,0.0,0.0,0.0,1557.469553,-34.849813,1021.0,1.0,57.029757,7.0,-0.075763,34.695064,124.90223,34.695064,-0.003096,7.3e-05,-0.428233,-0.00176,-6.5e-05,0.003768,0.0,0.0,0.0,0.0,0.0,0.0,-9999.0,-9999.0,-9999.0,-9999.0,-9999.0,-9999.0,-9999.0,-9999.0,-9999.0,-9999.0,-9999.0,-9999.0,-9999.0,-9999.0,161.0,lane7,spur3,stable_reference,5.691508468123129,-1.0818978102699812,-0.341399584237973,-3.2521934056700004,-0.341399584237973,12.5666667,442.842396928821,1.8655019316725991,338.8735696103916,1.2306496526970825,1.23062886191916,0.25652399780578605,-0.10642305060701229,1.5720472963500332,-0.34139764365295067
P15_AV2_1_interaction,P15,AV2,1,on_ramp,P15_AV2_1,P15_AV2.1.asc,AV1,60,initiator_active,4171,1,69516.67,69516.6674,1.0,21.36,76.896,161.0,20.671951,-1453.911423,0.0,0.0,0.0,21.36,0.0,0.0,1453.855025,-34.625307,6.28685,1.0,0.0,0.0,0.0,0.0,1558.047789,-34.852335,1021.0,1.0,57.607999,7.0,-0.075365,34.687928,124.87654,34.687928,-0.003276,7.2e-05,-0.428142,-0.001215,-6.4e-05,0.003768,0.0,0.0,0.0,0.0,0.0,0.0,-9999.0,-9999.0,-9999.0,-9999.0,-9999.0,-9999.0,-9999.0,-9999.0,-9999.0,-9999.0,-9999.0,-9999.0,-9999.0,-9999.0,161.0,lane7,spur3,stable_reference,5.70269361256439,-1.0723704821010682,-0.3383479533201053,-3.224086624840275,-0.3383479533201053,12.583333400000003,443.42063405083803,1.8677520208914034,339.22954464318536,1.2349015496262803,1.2348890252117644,0.2546880697655567,-0.106151574050795,1.5732475797074574,-0.33834603008117714
P15_AV2_1_interaction,P15,AV2,1,on_ramp,P15_AV2_1,P15_AV2.1.asc,AV1,60,initiator_active,4172,1,69533.33,69533.334,1.0,21.36,76.896,161.0,21.027937,-1454.267288,0.0,0.0,0.0,21.36,0.0,0.0,1454.211023,-34.624026,6.286764,1.0,0.0,0.0,0.0,0.0,1558.625907,-34.854856,1021.0,1.0,58.186122,7.0,-0.074966,34.680793,124.850855,34.680793,-0.00345,7.1e-05,-0.42805,-0.000686,-6.3e-05,0.003768,0.0,0.0,0.0,0.0,0.0,0.0,-9999.0,-9999.0,-9999.0,-9999.0,-9999.0,-9999.0,-9999.0,-9999.0,-9999.0,-9999.0,-9999.0,-9999.0,-9999.0,-9999.0,161.0,lane7,spur3,stable_reference,5.713845769695373,-1.0628761451475484,-0.3353293220091232,-3.196012750392042,-0.3353293220091232,12.6,443.99875316862085,1.870002136258552,339.58551994831794,1.2391204476792599,1.239118455939319,0.25298561474170356,-0.08939128416285413,1.5744478636079722,-0.3353274159287123
P15_AV2_1_interaction,P15,AV2,1,on_ramp,P15_AV2_1,P15_AV2.1.asc,AV1,60,initiator_active,4173,1,69550.0,69550.0,1.0,21.36,76.896,161.0,21.383924,-1454.623154,0.0,0.0,0.0,21.36,0.0,0.0,1454.56702,-34.622768,6.286707,1.0,0.0,0.0,0.0,0.0,1559.203906,-34.857377,1021.0,1.0,58.764126,7.0,-0.074568,34.67366,124.825176,34.67366,-0.003618,7e-05,-0.427958,-0.000175,-6.1e-05,0.003768,0.0,0.0,0.0,0.0,0.0,0.0,-9999.0,-9999.0,-9999.0,-9999.0,-9999.0,-9999.0,-9999.0,-9999.0,-9999.0,-9999.0,-9999.0,-9999.0,-9999.0,-9999.0,161.0,lane7,spur3,stable_reference,5.724974907941188,-1.0534048251437005,-0.3323336953052117,-3.167826992625042,-0.3323336953052117,12.616665999999997,444.5767532904559,1.872251269555407,339.94149444329634,1.243316338262791,1.2433216944511782,0.251708410539635,-0.06118830249905205,1.575648144515346,-0.3323318062525551
P15_AV2_1_interaction,P15,AV2,1,on_ramp,P15_AV2_1,P15_AV2.1.asc,AV1,60,initiator_active,4174,1,69566.67,69566.6667,1.0,21.36,76.896,161.0,21.73991,-1454.979021,0.0,0.0,0.0,21.36,0.0,0.0,1454.923018,-34.621524,6.286671,1.0,0.0,0.0,0.0,0.0,1559.781785,-34.859898,1021.0,1.0,59.342011,7.0,-0.074171,34.666529,124.799503,34.666528,-0.003779,6.9e-05,-0.427867,0.000316,-5.9e-05,0.003768,0.0,0.0,0.0,0.0,0.0,0.0,-9999.0,-9999.0,-9999.0,-9999.0,-9999.0,-9999.0,-9999.0,-9999.0,-9999.0,-9999.0,-9999.0,-9999.0,-9999.0,-9999.0,161.0,lane7,spur3,stable_reference,5.736090079300032,-1.0439474783407732,-0.329329956989111,-3.1389655698510026,-0.329329956989111,12.633332699999999,445.1546334163774,1.8744994125292804,340.29747005377845,1.247498237575771,1.2475085761809148,0.2509460650372688,-0.03888850890402651,1.576826443342192,-0.32932820576642086
P15_AV2_1_interaction,P15,AV2,1,on_ramp,P15_AV2_1,P15_AV2.1.asc,AV1,60,initiator_active,4175,1,69583.33,69583.3342,1.0,21.36,76.896,161.0,22.095897,-1455.334889,0.0,0.0,0.0,21.36,0.0,0.0,1455.279016,-34.620289,6.286651,1.0,0.0,0.0,0.0,0.0,1560.359546,-34.862418,1021.0,1.0,59.919778,7.0,-0.073773,34.659399,124.773835,34.659398,-0.003932,6.8e-05,-0.427775,0.000788,-5.6e-05,0.003768,0.0,0.0,0.0,0.0,0.0,0.0,-9999.0,-9999.0,-9999.0,-9999.0,-9999.0,-9999.0,-9999.0,-9999.0,-9999.0,-9999.0,-9999.0,-9999.0,-9999.0,-9999.0,161.0,lane7,spur3,stable_reference,5.747196254119707,-1.0344991291420604,-0.3263179662273825,-3.110113119946552,-0.3263179662273825,12.650000199999996,445.7323955380647,1.8767475816515053,340.65344573853486,1.2516711371952387,1.2516867803461948,0.2504121041697971,-0.03680507944879263,1.577987368216289,-0.32631623102105034
P15_AV2_1_interaction,P15,AV2,1,on_ramp,P15_AV2_1,P15_AV2.1.asc,AV1,60,initiator_active,4176,1,69600.0,69600.0006,1.0,21.36,76.896,161.0,22.451885,-1455.690757,0.0,0.0,0.0,21.36,0.0,0.0,1455.635014,-34.619058,6.286641,1.0,0.0,0.0,0.0,0.0,1560.937188,-34.864937,1021.0,1.0,60.497425,7.0,-0.073376,34.65227,124.748172,34.65227,-0.004078,6.7e-05,-0.427684,0.001238,-5.4e-05,0.003768,0.0,0.0,0.0,0.0,0.0,0.0,-9999.0,-9999.0,-9999.0,-9999.0,-9999.0,-9999.0,-9999.0,-9999.0,-9999.0,-9999.0,-9999.0,-9999.0,-9999.0,-9999.0,161.0,lane7,spur3,stable_reference,5.758298430477524,-1.0250547788785456,-0.3233099754158303,-3.081264657984116,-0.3233099754158303,12.666666599999997,446.3100386555519,1.8789957686693841,341.009421456302,1.2558400369509184,1.2558557888088264,0.2497192186909487,-0.05136820599693337,1.5791482931555052,-0.3233082562045868
P15_AV2_1_interaction,P15,AV2,1,on_ramp,P15_AV2_1,P15_AV2.1.asc,AV1,60,initiator_active,4177,1,69616.67,69616.668,1.0,21.36,76.896,161.0,22.807872,-1456.046625,0.0,0.0,0.0,21.36,0.0,0.0,1455.991012,-34.617829,6.286636,1.0,0.0,0.0,0.0,0.0,1561.514712,-34.867456,1021.0,1.0,61.074954,7.0,-0.072978,34.645143,124.722515,34.645143,-0.004217,6.6e-05,-0.427592,0.001666,-5.1e-05,0.003768,0.0,0.0,0.0,0.0,0.0,0.0,-9999.0,-9999.0,-9999.0,-9999.0,-9999.0,-9999.0,-9999.0,-9999.0,-9999.0,-9999.0,-9999.0,-9999.0,-9999.0,-9999.0,161.0,lane7,spur3,stable_reference,5.769398607604419,-1.0156124280826238,-0.3203039845793585,-3.052136824775969,-0.3203039845793585,12.683334000000002,446.88756377705715,1.8812429818696605,341.36539719057447,1.260006936774711,1.2600108699875885,0.24869978707532425,-0.07218340149446867,1.5803092181272795,-0.32030228135256844
P15_AV2_1_interaction,P15,AV2,1,on_ramp,P15_AV2_1,P15_AV2.1.asc,AV1,60,initiator_active,4178,1,69633.33,69633.3335,1.0,21.36,76.896,161.0,23.16386,-1456.402493,0.0,0.0,0.0,21.36,0.0,0.0,1456.34701,-34.616612,6.286575,1.0,0.0,0.0,0.0,0.0,1562.092116,-34.869974,1021.0,1.0,61.652364,7.0,-0.07258,34.638018,124.696864,34.638017,-0.004347,6.6e-05,-0.427501,0.002072,-4.9e-05,0.003768,0.0,0.0,0.0,0.0,0.0,0.0,-9999.0,-9999.0,-9999.0,-9999.0,-9999.0,-9999.0,-9999.0,-9999.0,-9999.0,-9999.0,-9999.0,-9999.0,-9999.0,-9999.0,161.0,lane7,spur3,stable_reference,5.780486789345752,-1.006182074092311,-0.3172998988469371,-3.022529342427617,-0.3172998988469371,12.699999499999992,447.46496889439646,1.8834902047128999,341.7213730238793,1.2641618370071472,1.2641456761989351,0.24731317846163137,-0.09160786058312276,1.5814600868346391,-0.3172982498274919
P15_AV2_1_interaction,P15,AV2,1,on_ramp,P15_AV2_1,P15_AV2.1.asc,AV1,60,initiator_active,4179,1,69650.0,69650.0007,1.0,21.36,76.896,161.0,23.519847,-1456.758361,0.0,0.0,0.0,21.36,0.0,0.0,1456.703008,-34.615437,6.286455,1.0,0.0,0.0,0.0,0.0,1562.669402,-34.87249,1021.0,1.0,62.229655,7.0,-0.072181,34.630894,124.671218,34.630894,-0.00447,6.5e-05,-0.427409,0.002456,-4.6e-05,0.003768,0.0,0.0,0.0,0.0,0.0,0.0,-9999.0,-9999.0,-9999.0,-9999.0,-9999.0,-9999.0,-9999.0,-9999.0,-9999.0,-9999.0,-9999.0,-9999.0,-9999.0,-9999.0,161.0,lane7,spur3,stable_reference,5.791532987237633,-0.9967937089215936,-0.314334678686602,-2.9929637262716917,-0.314334678686602,12.716666700000001,448.0422559992486,1.8857384536704327,342.07734920379716,1.2682747386698596,1.2682544832764493,0.24564622116064072,-0.1033207797977509,1.582607783747376,-0.31433304507751636
P15_AV2_1_interaction,P15,AV2,1,on_ramp,P15_AV2_1,P15_AV2.1.asc,AV1,60,initiator_active,4180,1,69666.67,69666.6667,1.0,21.36,76.896,161.0,23.875835,-1457.114231,0.0,0.0,0.0,21.36,0.0,0.0,1457.059006,-34.614304,6.286343,1.0,0.0,0.0,0.0,0.0,1563.246569,-34.875006,1021.0,1.0,62.806827,7.0,-0.071782,34.623771,124.645577,34.623771,-0.004585,6.4e-05,-0.427318,0.002816,-4.3e-05,0.003768,0.0,0.0,0.0,0.0,0.0,0.0,-9999.0,-9999.0,-9999.0,-9999.0,-9999.0,-9999.0,-9999.0,-9999.0,-9999.0,-9999.0,-9999.0,-9999.0,-9999.0,-9999.0,161.0,lane7,spur3,stable_reference,5.802537201280059,-0.9874473325704748,-0.3114114579952058,-2.963439976308181,-0.3114114579952058,12.733332699999998,448.61942410815317,1.887985720557674,342.4333257303281,1.272345641762841,1.2723338529164088,0.24386917417989196,-0.3132998624783845,1.5837554813410486,-0.31140983957820767
P15_AV2_1_interaction,P15,AV2,1,on_ramp,P15_AV2_1,P15_AV2.1.asc,AV1,60,initiator_active,4181,1,69683.33,69683.3341,1.0,21.36,76.896,161.0,24.231824,-1457.470102,0.0,0.0,0.0,21.36,0.0,0.0,1457.415004,-34.613202,6.28626,1.0,0.0,0.0,0.0,0.0,1563.823617,-34.87752,1021.0,1.0,63.383881,7.0,-0.071382,34.616651,124.619942,34.61665,-0.004692,6.3e-05,-0.427227,0.003154,-4.1e-05,0.003768,0.0,0.0,0.0,0.0,0.0,0.0,-9999.0,-9999.0,-9999.0,-9999.0,-9999.0,-9999.0,-9999.0,-9999.0,-9999.0,-9999.0,-9999.0,-9999.0,-9999.0,-9999.0,161.0,lane7,spur3,stable_reference,5.813510427243115,-0.9781319479671596,-0.3085192369118386,-2.9335888047263183,-0.3085192369118386,12.75000009999999,449.1964732046049,1.8902340053065196,342.7893025126924,1.2763855459114903,1.2763834694791223,0.23520229281662353,-0.058244718593480016,1.5849031794373116,-0.3085176335258213
P15_AV2_1_interaction,P15,AV2,1,on_ramp,P15_AV2_1,P15_AV2.1.asc,AV1,60,initiator_active,4182,1,69701.07,69701.0653,1.0,21.36,76.896,161.0,24.587813,-1457.825973,0.0,0.0,0.0,21.36,0.0,0.0,1457.771003,-34.612123,6.286204,1.0,0.0,0.0,0.0,0.0,1564.400547,-34.880033,1021.0,1.0,63.960816,7.0,-0.070982,34.609531,124.594312,34.609531,-0.004792,6.3e-05,-0.427135,0.00347,-3.8e-05,0.003768,0.0,0.0,0.0,0.0,0.0,0.0,-9999.0,-9999.0,-9999.0,-9999.0,-9999.0,-9999.0,-9999.0,-9999.0,-9999.0,-9999.0,-9999.0,-9999.0,-9999.0,-9999.0,161.0,lane7,spur3,stable_reference,5.824460689780048,-0.9688395341689828,-0.3056372486784524,-2.9034796557735376,-0.3056372486784524,12.7677313,449.7734042968222,1.8924823162037083,343.1452804848347,1.2804024590960836,1.2804074366426312,0.24287939789822133,0.4019462248380439,1.5860381557746632,-0.3056356966785796
P15_AV2_1_interaction,P15,AV2,1,on_ramp,P15_AV2_1,P15_AV2.1.asc,AV1,60,initiator_active,4183,1,69716.67,69716.6673,1.0,21.36,76.896,161.0,24.943802,-1458.181846,0.0,0.0,0.0,21.36,0.0,0.0,1458.127001,-34.611058,6.28617,1.0,0.0,0.0,0.0,0.0,1564.977358,-34.882545,1021.0,1.0,64.537632,7.0,-0.07058,34.602413,124.568688,34.602413,-0.004884,6.2e-05,-0.427044,0.003763,-3.6e-05,0.003768,0.0,0.0,0.0,0.0,0.0,0.0,-9999.0,-9999.0,-9999.0,-9999.0,-9999.0,-9999.0,-9999.0,-9999.0,-9999.0,-9999.0,-9999.0,-9999.0,-9999.0,-9999.0,161.0,lane7,spur3,stable_reference,5.835396929970964,-0.9595611397162654,-0.3027687974861883,-2.87338454173948,-0.3027687974861883,12.783333299999999,450.3502163848394,1.8947306449965506,343.50125757254864,1.2844053645047335,1.2844156270390923,0.24872463242908793,-0.06764171834373744,1.5871726245567992,-0.30276726005206567
P15_AV2_1_interaction,P15,AV2,1,on_ramp,P15_AV2_1,P15_AV2.1.asc,AV1,60,initiator_active,4184,1,69733.33,69733.334,1.0,21.36,76.896,161.0,25.299791,-1458.537719,0.0,0.0,0.0,21.36,0.0,0.0,1458.482999,-34.610001,6.28615,1.0,0.0,0.0,0.0,0.0,1565.554051,-34.885055,1021.0,1.0,65.11433,7.0,-0.070178,34.595297,124.543069,34.595297,-0.004969,6.2e-05,-0.426953,0.004034,-3.3e-05,0.003768,0.0,0.0,0.0,0.0,0.0,0.0,-9999.0,-9999.0,-9999.0,-9999.0,-9999.0,-9999.0,-9999.0,-9999.0,-9999.0,-9999.0,-9999.0,-9999.0,-9999.0,-9999.0,161.0,lane7,spur3,stable_reference,5.846325173238186,-0.9502907431339505,-0.2999083461912687,-2.8432974010557084,-0.2999083461912687,12.8,450.9269104603695,1.8969799999036865,343.8572347262841,1.288400270185822,1.2884154494029216,0.2397227439759675,-0.2904398544059621,1.5883070934680958,-0.2999068232822739
P15_AV2_1_interaction,P15,AV2,1,on_ramp,P15_AV2_1,P15_AV2.1.asc,AV1,60,initiator_active,4185,1,69750.0,69750.0006,1.0,21.36,76.896,161.0,25.655781,-1458.893592,0.0,0.0,0.0,21.36,0.0,0.0,1458.838998,-34.608948,6.28614,1.0,0.0,0.0,0.0,0.0,1566.130624,-34.887563,1021.0,1.0,65.690909,7.0,-0.069774,34.588182,124.517456,34.588182,-0.005046,6.1e-05,-0.426862,0.004283,-3.1e-05,0.003768,0.0,0.0,0.0,0.0,0.0,0.0,-9999.0,-9999.0,-9999.0,-9999.0,-9999.0,-9999.0,-9999.0,-9999.0,-9999.0,-9999.0,-9999.0,-9999.0,-9999.0,-9999.0,161.0,lane7,spur3,stable_reference,5.857249445773053,-0.9410243224145816,-0.2970475443671995,-2.812799344362581,-0.2970475443671995,12.816666599999996,451.50348452348055,1.899230364419732,344.21321291299614,1.292391184255813,1.292406377234089,0.23904326369589057,-0.05052839206307169,1.5894372889092763,-0.29704610465346337
P15_AV2_1_interaction,P15,AV2,1,on_ramp,P15_AV2_1,P15_AV2.1.asc,AV1,60,initiator_active,4186,1,69766.67,69766.6674,1.0,21.36,76.896,161.0,26.01177,-1459.249465,0.0,0.0,0.0,21.36,0.0,0.0,1459.194996,-34.607898,6.286136,1.0,0.0,0.0,0.0,0.0,1566.70708,-34.89007,1021.0,1.0,66.26737,7.0,-0.06937,34.581069,124.491848,34.581069,-0.005116,6e-05,-0.426771,0.004511,-2.9e-05,0.003768,0.0,0.0,0.0,0.0,0.0,0.0,-9999.0,-9999.0,-9999.0,-9999.0,-9999.0,-9999.0,-9999.0,-9999.0,-9999.0,-9999.0,-9999.0,-9999.0,-9999.0,-9999.0,161.0,lane7,spur3,stable_reference,5.868170691732027,-0.931760923968868,-0.2941679690711228,-2.7821683039712526,-0.2941679690711228,12.833333400000003,452.07994158232333,1.9014807633368147,344.56919012450044,1.2963790901752759,1.2963835739636562,0.2380384569681837,-0.07086589086788386,1.5905456334892298,-0.294166543313954
P15_AV2_1_interaction,P15,AV2,1,on_ramp,P15_AV2_1,P15_AV2.1.asc,AV1,60,initiator_active,4187,1,69783.33,69783.3336,1.0,21.36,76.896,161.0,26.36776,-1459.605338,0.0,0.0,0.0,21.36,0.0,0.0,1459.550995,-34.606858,6.286075,1.0,0.0,0.0,0.0,0.0,1567.283416,-34.892575,1021.0,1.0,66.843712,7.0,-0.068964,34.573957,124.466246,34.573957,-0.00518,6e-05,-0.42668,0.004719,-2.7e-05,0.003768,0.0,0.0,0.0,0.0,0.0,0.0,-9999.0,-9999.0,-9999.0,-9999.0,-9999.0,-9999.0,-9999.0,-9999.0,-9999.0,-9999.0,-9999.0,-9999.0,-9999.0,-9999.0,161.0,lane7,spur3,stable_reference,5.879081969265872,-0.9225074997888916,-0.2912983885036579,-2.751547145885667,-0.2912983885036579,12.849999599999995,452.6562786287474,1.9037321718628093,344.9251684184977,1.3003570046879684,1.3003409138299218,0.2366811036489267,-0.08974104227406521,1.5916539813425827,-0.2912969766546143
P15_AV2_1_interaction,P15,AV2,1,on_ramp,P15_AV2_1,P15_AV2.1.asc,AV1,60,initiator_active,4188,1,69800.0,69800.0006,1.0,21.36,76.896,161.0,26.72375,-1459.961212,0.0,0.0,0.0,21.36,0.0,0.0,1459.906993,-34.60586,6.285959,1.0,0.0,0.0,0.0,0.0,1567.859634,-34.895078,1021.0,1.0,67.419935,7.0,-0.068557,34.566847,124.440649,34.566847,-0.005237,6e-05,-0.426589,0.004907,-2.5e-05,0.003768,0.0,0.0,0.0,0.0,0.0,0.0,-9999.0,-9999.0,-9999.0,-9999.0,-9999.0,-9999.0,-9999.0,-9999.0,-9999.0,-9999.0,-9999.0,-9999.0,-9999.0,-9999.0,161.0,lane7,spur3,stable_reference,5.8899512352207655,-0.913296087500776,-0.2884708125208387,-2.72096792562234,-0.2884708125208387,12.866666599999997,453.2324976626842,1.9059846065030972,345.281146059142,1.3042929123782447,1.3042729113022768,0.23504708758143522,-0.10101840103514625,1.5927623267545805,-0.2884694143763358
P15_AV2_1_interaction,P15,AV2,1,on_ramp,P15_AV2_1,P15_AV2.1.asc,AV1,60,initiator_active,4189,1,69816.67,69816.6676,1.0,21.36,76.896,161.0,27.07974,-1460.317087,0.0,0.0,0.0,21.36,0.0,0.0,1460.262992,-34.604903,6.285849,1.0,0.0,0.0,0.0,0.0,1568.435734,-34.897579,1021.0,1.0,67.99604,7.0,-0.068149,34.559738,124.415058,34.559738,-0.005287,5.9e-05,-0.426498,0.005075,-2.3e-05,0.003768,0.0,0.0,0.0,0.0,0.0,0.0,-9999.0,-9999.0,-9999.0,-9999.0,-9999.0,-9999.0,-9999.0,-9999.0,-9999.0,-9999.0,-9999.0,-9999.0,-9999.0,-9999.0,161.0,lane7,spur3,stable_reference,5.900779544671164,-0.90412564122621,-0.2856793171451824,-2.689999558844496,-0.2856793171451824,12.883333599999998,453.8085986841341,1.908238067257673,345.63712503811246,1.308187829717424,1.3081759734473621,0.23331375626882078,-0.10074391722739051,1.5938657954425821,-0.285677965725158
P15_AV2_1_interaction,P15,AV2,1,on_ramp,P15_AV2_1,P15_AV2.1.asc,AV1,60,initiator_active,4190,1,69833.33,69833.3335,1.0,21.36,76.896,161.0,27.435731,-1460.672963,0.0,0.0,0.0,21.36,0.0,0.0,1460.618991,-34.603977,6.285768,1.0,0.0,0.0,0.0,0.0,1569.011715,-34.900078,1021.0,1.0,68.572026,7.0,-0.06774,34.552631,124.389472,34.552631,-0.005332,5.9e-05,-0.426407,0.005225,-2.2e-05,0.003768,0.0,0.0,0.0,0.0,0.0,0.0,-9999.0,-9999.0,-9999.0,-9999.0,-9999.0,-9999.0,-9999.0,-9999.0,-9999.0,-9999.0,-9999.0,-9999.0,-9999.0,-9999.0,161.0,lane7,spur3,stable_reference,5.911576866042206,-0.8949861866994315,-0.2829103686343267,-2.6590357595301617,-0.2829103686343267,12.899999499999991,454.3845806931312,1.9104925458738535,345.9931042729165,1.3120517481122806,1.312049937312181,0.2316889935045836,-0.08552820878939293,1.5949607784252293,-0.2829090303129487
P15_AV2_1_interaction,P15,AV2,1,on_ramp,P15_AV2_1,P15_AV2.1.asc,AV1,60,initiator_active,4191,1,69850.0,69850.0007,1.0,21.36,76.896,161.0,27.791722,-1461.02884,0.0,0.0,0.0,21.36,0.0,0.0,1460.97499,-34.603073,6.285713,1.0,0.0,0.0,0.0,0.0,1569.587578,-34.902575,1021.0,1.0,69.147894,7.0,-0.067329,34.545525,124.363892,34.545525,-0.005371,5.8e-05,-0.426316,0.005358,-2e-05,0.003768,0.0,0.0,0.0,0.0,0.0,0.0,-9999.0,-9999.0,-9999.0,-9999.0,-9999.0,-9999.0,-9999.0,-9999.0,-9999.0,-9999.0,-9999.0,-9999.0,-9999.0,-9999.0,161.0,lane7,spur3,stable_reference,5.9223521958730565,-0.8858687263162667,-0.2801634198286773,-2.6280938817461523,-0.2801634198286773,12.916666700000002,454.960444689641,1.9127480506043253,346.3490836892796,1.3158936672563228,1.3158988838618932,0.23046286703494445,-0.05810698591714836,1.5960557617581983,-0.28016209450187546
P15_AV2_1_interaction,P15,AV2,1,on_ramp,P15_AV2_1,P15_AV2.1.asc,AV1,60,initiator_active,4192,1,69866.67,69866.6675,1.0,21.36,76.896,161.0,28.147713,-1461.384718,0.0,0.0,0.0,21.36,0.0,0.0,1461.330989,-34.602182,6.28568,1.0,0.0,0.0,0.0,0.0,1570.163322,-34.90507,1021.0,1.0,69.723644,7.0,-0.066917,34.538421,124.338316,34.538421,-0.005404,5.8e-05,-0.426225,0.005474,-1.9e-05,0.003768,0.0,0.0,0.0,0.0,0.0,0.0,-9999.0,-9999.0,-9999.0,-9999.0,-9999.0,-9999.0,-9999.0,-9999.0,-9999.0,-9999.0,-9999.0,-9999.0,-9999.0,-9999.0,161.0,lane7,spur3,stable_reference,5.933114530702892,-0.8767642624724874,-0.2774294708488153,-2.597116074682409,-0.2774294708488153,12.933333499999993,455.5361896736982,1.915004573196396,346.70506321292794,1.3197225868430738,1.3197321868951488,0.22975204286957052,-0.0364241735074593,1.5971507452981675,-0.2774281584550937
P15_AV2_1_interaction,P15,AV2,1,on_ramp,P15_AV2_1,P15_AV2.1.asc,AV1,60,initiator_active,4193,1,69883.33,69883.334,1.0,21.36,76.896,161.0,28.503704,-1461.740596,0.0,0.0,0.0,21.36,0.0,0.0,1461.686988,-34.6013,6.28566,1.0,0.0,0.0,0.0,0.0,1570.738948,-34.907564,1021.0,1.0,70.299275,7.0,-0.066503,34.531319,124.312747,34.531318,-0.005432,5.8e-05,-0.426134,0.005573,-1.7e-05,0.003768,0.0,0.0,0.0,0.0,0.0,0.0,-9999.0,-9999.0,-9999.0,-9999.0,-9999.0,-9999.0,-9999.0,-9999.0,-9999.0,-9999.0,-9999.0,-9999.0,-9999.0,-9999.0,161.0,lane7,spur3,stable_reference,5.943867868993553,-0.8676687962329169,-0.2746896119148595,-2.5658159602087025,-0.2746896119148595,12.95,456.1118166535207,1.9172611219368147,347.06104281085027,1.3235425067363036,1.323557277779055,0.22924872539724106,-0.034308711123828495,1.5982308806321064,-0.2746883738958028
P15_AV2_1_interaction,P15,AV2,1,on_ramp,P15_AV2_1,P15_AV2.1.asc,AV1,60,initiator_active,4194,1,69900.0,69900.001,1.0,21.36,76.896,161.0,28.859695,-1462.096474,0.0,0.0,0.0,21.36,0.0,0.0,1462.042987,-34.600421,6.285651,1.0,0.0,0.0,0.0,0.0,1571.314456,-34.910055,1021.0,1.0,70.874788,7.0,-0.066088,34.524217,124.287183,34.524217,-0.005455,5.8e-05,-0.426043,0.005658,-1.6e-05,0.003768,0.0,0.0,0.0,0.0,0.0,0.0,-9999.0,-9999.0,-9999.0,-9999.0,-9999.0,-9999.0,-9999.0,-9999.0,-9999.0,-9999.0,-9999.0,-9999.0,-9999.0,-9999.0,161.0,lane7,spur3,stable_reference,5.954618208437827,-0.8585763291947394,-0.2719414740505757,-2.534518834761473,-0.2719414740505757,12.966667000000001,456.68732561260384,1.9195196967574737,347.41702243353086,1.3273594267317053,1.3273738490241533,0.22860840933790172,-0.04791242399314921,1.5992996751490105,-0.27194024841730524
P15_AV2_1_interaction,P15,AV2,1,on_ramp,P15_AV2_1,P15_AV2.1.asc,AV1,60,initiator_active,4195,1,69916.67,69916.6667,1.0,21.36,76.896,161.0,29.215687,-1462.452353,0.0,0.0,0.0,21.36,0.0,0.0,1462.398985,-34.599545,6.285646,1.0,0.0,0.0,0.0,0.0,1571.889845,-34.912544,1021.0,1.0,71.450183,7.0,-0.065671,34.517118,124.261624,34.517117,-0.005474,5.7e-05,-0.425953,0.005728,-1.5e-05,0.003768,0.0,0.0,0.0,0.0,0.0,0.0,-9999.0,-9999.0,-9999.0,-9999.0,-9999.0,-9999.0,-9999.0,-9999.0,-9999.0,-9999.0,-9999.0,-9999.0,-9999.0,-9999.0,161.0,lane7,spur3,stable_reference,5.965365521306201,-0.8494868844302277,-0.2691963413953785,-2.50322478379419,-0.2691963413953785,12.983332699999998,457.2627155592337,1.9217792894397336,347.7730010810035,1.3311733385765694,1.3311774142962962,0.22765169962603693,-0.0676279190005884,1.6003684667109208,-0.2691951281343514
P15_AV2_1_interaction,P15,AV2,1,on_ramp,P15_AV2_1,P15_AV2.1.asc,AV1,60,initiator_active,4196,1,69933.33,69933.3338,1.0,21.36,76.896,161.0,29.571678,-1462.808231,0.0,0.0,0.0,21.36,0.0,0.0,1462.754984,-34.598679,6.285589,1.0,0.0,0.0,0.0,0.0,1572.465116,-34.915031,1021.0,1.0,72.025459,7.0,-0.065253,34.51002,124.236071,34.510019,-0.005488,5.7e-05,-0.425862,0.005784,-1.4e-05,0.003768,0.0,0.0,0.0,0.0,0.0,0.0,-9999.0,-9999.0,-9999.0,-9999.0,-9999.0,-9999.0,-9999.0,-9999.0,-9999.0,-9999.0,-9999.0,-9999.0,-9999.0,-9999.0,161.0,lane7,spur3,stable_reference,5.976102865749446,-0.8404074139314515,-0.2664612033519135,-2.4718555284060786,-0.2664612033519135,12.99999979999999,457.8379874933769,1.9240399082362833,348.12898081096887,1.3349772590146687,1.3349621159861074,0.22635415281661864,-0.08526773139729205,1.6014372614327523,-0.26646000241808365
P15_AV2_1_interaction,P15,AV2,1,on_ramp,P15_AV2_1,P15_AV2.1.asc,AV1,60,initiator_active,4197,1,69950.0,69950.0001,1.0,21.36,76.896,161.0,29.92767,-1463.16411,0.0,0.0,0.0,21.36,0.0,0.0,1463.110983,-34.597853,6.285478,1.0,0.0,0.0,0.0,0.0,1573.040269,-34.917516,1021.0,1.0,72.600617,7.0,-0.064833,34.502923,124.210523,34.502923,-0.005498,5.7e-05,-0.425771,0.005828,-1.3e-05,0.003768,0.0,0.0,0.0,0.0,0.0,0.0,-9999.0,-9999.0,-9999.0,-9999.0,-9999.0,-9999.0,-9999.0,-9999.0,-9999.0,-9999.0,-9999.0,-9999.0,-9999.0,-9999.0,161.0,lane7,spur3,stable_reference,5.986800225574165,-0.8313679327846822,-0.2637763150725748,-2.440338709843551,-0.2637763150725748,13.016666100000002,458.4131414150329,1.9263015531471264,348.4849608710421,1.3387411808149259,1.338722568969038,0.22480944809510817,-0.0961354317705041,1.6025162772834676,-0.2637750964685417
P15_AV2_1_interaction,P15,AV2,1,on_ramp,P15_AV2_1,P15_AV2.1.asc,AV1,60,initiator_active,4198,1,69966.67,69966.6668,1.0,21.36,76.896,161.0,30.283662,-1463.51999,0.0,0.0,0.0,21.36,0.0,0.0,1463.466983,-34.597065,6.285374,1.0,0.0,0.0,0.0,0.0,1573.615303,-34.919998,1021.0,1.0,73.175656,7.0,-0.064412,34.495828,124.184981,34.495828,-0.005505,5.7e-05,-0.42568,0.00586,-1.2e-05,0.003768,0.0,0.0,0.0,0.0,0.0,0.0,-9999.0,-9999.0,-9999.0,-9999.0,-9999.0,-9999.0,-9999.0,-9999.0,-9999.0,-9999.0,-9999.0,-9999.0,-9999.0,-9999.0,161.0,lane7,spur3,stable_reference,5.997459627740791,-0.8223664184500484,-0.2611324704937837,-2.4088596635577715,-0.2611324704937837,13.033332800000004,458.98817631598325,1.928565215885515,348.84094224468345,1.3424671121619305,1.3424556886613006,0.22314966770849054,-0.09608217115825557,1.6035983762658166,-0.2611312641038861
P15_AV2_1_interaction,P15,AV2,1,on_ramp,P15_AV2_1,P15_AV2.1.asc,AV1,60,initiator_active,4199,1,69983.33,69983.3341,1.0,21.36,76.896,161.0,30.639655,-1463.875871,0.0,0.0,0.0,21.36,0.0,0.0,1463.822982,-34.596307,6.285297,1.0,0.0,0.0,0.0,0.0,1574.190219,-34.922479,1021.0,1.0,73.750577,7.0,-0.063989,34.488734,124.159444,34.488734,-0.005508,5.6e-05,-0.42559,0.005881,-1.1e-05,0.003768,0.0,0.0,0.0,0.0,0.0,0.0,-9999.0,-9999.0,-9999.0,-9999.0,-9999.0,-9999.0,-9999.0,-9999.0,-9999.0,-9999.0,-9999.0,-9999.0,-9999.0,-9999.0,161.0,lane7,spur3,stable_reference,6.008089013713999,-0.8133949192016858,-0.258518630720424,-2.37741059177719,-0.258518630720424,13.05000009999999,459.56309321269936,1.9308289047722482,349.19692286593954,1.3461630362778616,1.3461610389879333,0.22160664920713913,-0.08071784739091559,1.6046804726839057,-0.2585174364060441
P15_AV2_1_interaction,P15,AV2,1,on_ramp,P15_AV2_1,P15_AV2.1.asc,AV1,60,initiator_active,4200,1,70000.0,70000.0007,1.0,21.36,76.896,161.0,30.995647,-1464.231753,0.0,0.0,0.0,21.36,0.0,0.0,1464.178981,-34.59557,6.285245,1.0,0.0,0.0,0.0,0.0,1574.765017,-34.924957,1021.0,1.0,74.32538,7.0,-0.063564,34.481642,124.133912,34.481642,-0.005507,5.6e-05,-0.425499,0.005892,-1.1e-05,0.003768,0.0,0.0,0.0,0.0,0.0,0.0,-9999.0,-9999.0,-9999.0,-9999.0,-9999.0,-9999.0,-9999.0,-9999.0,-9999.0,-9999.0,-9999.0,-9999.0,-9999.0,-9999.0,161.0,lane7,spur3,stable_reference,6.018697407762505,-0.8044444143631128,-0.2559257906617083,-2.3458784873328757,-0.2559257906617083,13.0666667,460.1378920886756,1.9330946197392256,349.55290366050235,1.3498379611089324,1.3498427035335765,0.2204590104520534,-0.05482726519597847,1.6057625694347637,-0.2559246083258313
P15_AV2_1_interaction,P15,AV2,1,on_ramp,P15_AV2_1,P15_AV2.1.asc,AV1,60,initiator_active,4201,1,70016.67,70016.6667,1.0,21.36,76.896,161.0,31.35164,-1464.587635,0.0,0.0,0.0,21.36,0.0,0.0,1464.53498,-34.594846,6.285213,1.0,0.0,0.0,0.0,0.0,1575.339697,-34.927433,1021.0,1.0,74.900065,7.0,-0.063138,34.474552,124.108386,34.474551,-0.005504,5.6e-05,-0.425409,0.005893,-1e-05,0.003768,0.0,0.0,0.0,0.0,0.0,0.0,-9999.0,-9999.0,-9999.0,-9999.0,-9999.0,-9999.0,-9999.0,-9999.0,-9999.0,-9999.0,-9999.0,-9999.0,-9999.0,-9999.0,161.0,lane7,spur3,stable_reference,6.029292806809975,-0.7955069060639394,-0.2533330253880917,-2.3142525806271563,-0.2533330253880917,13.0833327,460.71257295216486,1.9353613608204905,349.9088845623499,1.3534998863827086,1.353509511529815,0.21977909706996712,-0.03461999587137932,1.6068317700053325,-0.25333188362262393
P15_AV2_1_interaction,P15,AV2,1,on_ramp,P15_AV2_1,P15_AV2.1.asc,AV1,60,initiator_active,4202,1,70033.33,70033.3342,1.0,21.36,76.896,161.0,31.707633,-1464.943518,0.0,0.0,0.0,21.36,0.0,0.0,1464.89098,-34.594129,6.285195,1.0,0.0,0.0,0.0,0.0,1575.914258,-34.929907,1021.0,1.0,75.474632,7.0,-0.062711,34.467463,124.082866,34.467462,-0.005498,5.6e-05,-0.425318,0.005886,-9e-06,0.003768,0.0,0.0,0.0,0.0,0.0,0.0,-9999.0,-9999.0,-9999.0,-9999.0,-9999.0,-9999.0,-9999.0,-9999.0,-9999.0,-9999.0,-9999.0,-9999.0,-9999.0,-9999.0,161.0,lane7,spur3,stable_reference,6.039881236278703,-0.7865763728291121,-0.250746880040433,-2.282633560683974,-0.250746880040433,13.100000199999995,461.2871348032014,1.93762911976336,350.26486652193233,1.3571548201475445,1.3571687093511744,0.2193050233498255,-0.03267749897577943,1.6079005700782008,-0.25074574993065624
P15_AV2_1_interaction,P15,AV2,1,on_ramp,P15_AV2_1,P15_AV2.1.asc,AV1,60,initiator_active,4203,1,70050.0,70050.0001,1.0,21.36,76.896,161.0,32.063626,-1465.299401,0.0,0.0,0.0,21.36,0.0,0.0,1465.246979,-34.593416,6.285186,1.0,0.0,0.0,0.0,0.0,1576.488702,-34.932379,1021.0,1.0,76.049081,7.0,-0.062282,34.460375,124.05735,34.460375,-0.00549,5.6e-05,-0.425228,0.005871,-9e-06,0.003768,0.0,0.0,0.0,0.0,0.0,0.0,-9999.0,-9999.0,-9999.0,-9999.0,-9999.0,-9999.0,-9999.0,-9999.0,-9999.0,-9999.0,-9999.0,-9999.0,-9999.0,-9999.0,161.0,lane7,spur3,stable_reference,6.0504656395560845,-0.7776498616017323,-0.2481647398880583,-2.2510186124509928,-0.2481647398880583,13.116666100000002,461.86157964171684,1.939897913073215,350.6208475145598,1.3608057457959162,1.360819694349889,0.21868985847535072,-0.04565153625313467,1.6089693672118377,-0.24816362141592152
P15_AV2_1_interaction,P15,AV2,1,on_ramp,P15_AV2_1,P15_AV2.1.asc,AV1,60,initiator_active,4204,1,70066.67,70066.6677,1.0,21.36,76.896,161.0,32.419619,-1465.655285,0.0,0.0,0.0,21.36,0.0,0.0,1465.602978,-34.592705,6.285182,1.0,0.0,0.0,0.0,0.0,1577.063027,-34.934848,1021.0,1.0,76.623411,7.0,-0.061851,34.453289,124.031841,34.453289,-0.00548,5.6e-05,-0.425137,0.005848,-8e-06,0.003768,0.0,0.0,0.0,0.0,0.0,0.0,-9999.0,-9999.0,-9999.0,-9999.0,-9999.0,-9999.0,-9999.0,-9999.0,-9999.0,-9999.0,-9999.0,-9999.0,-9999.0,-9999.0,161.0,lane7,spur3,stable_reference,6.061048043602526,-0.7687253498419727,-0.2455846236502061,-2.219361864640723,-0.2455846236502061,13.133333700000003,462.43590545952634,1.9421687242106074,350.9768285236923,1.3644546715123849,1.3644584064589154,0.2177832681487999,-0.06363952303950526,1.610038188032695,-0.24558351652031019
P15_AV2_1_interaction,P15,AV2,1,on_ramp,P15_AV2_1,P15_AV2.1.asc,AV1,60,initiator_active,4205,1,70083.33,70083.3343,1.0,21.36,76.896,161.0,32.775613,-1466.011168,0.0,0.0,0.0,21.36,0.0,0.0,1465.958977,-34.592004,6.285127,1.0,0.0,0.0,0.0,0.0,1577.637234,-34.937316,1021.0,1.0,77.197623,7.0,-0.061419,34.446205,124.006336,34.446204,-0.005467,5.6e-05,-0.425047,0.00582,-8e-06,0.003768,0.0,0.0,0.0,0.0,0.0,0.0,-9999.0,-9999.0,-9999.0,-9999.0,-9999.0,-9999.0,-9999.0,-9999.0,-9999.0,-9999.0,-9999.0,-9999.0,-9999.0,-9999.0,161.0,lane7,spur3,stable_reference,6.071620451494339,-0.7598108354201966,-0.2430146215421604,-2.187693735734698,-0.2430146215421604,13.1500003,463.01011327310187,1.944439561496353,351.332809615352,1.3680935975693995,1.3680793264214488,0.21656850438019148,-0.08066191035908954,1.6111071235675933,-0.2430135259981938
P15_AV2_1_interaction,P15,AV2,1,on_ramp,P15_AV2_1,P15_AV2.1.asc,AV1,60,initiator_active,4206,1,70100.0,70100.0008,1.0,21.36,76.896,161.0,33.131606,-1466.367052,0.0,0.0,0.0,21.36,0.0,0.0,1466.314977,-34.59134,6.285022,1.0,0.0,0.0,0.0,0.0,1578.211323,-34.939781,1021.0,1.0,77.771718,7.0,-0.060985,34.439121,123.980837,34.439121,-0.005453,5.5e-05,-0.424957,0.005785,-7e-06,0.003768,0.0,0.0,0.0,0.0,0.0,0.0,-9999.0,-9999.0,-9999.0,-9999.0,-9999.0,-9999.0,-9999.0,-9999.0,-9999.0,-9999.0,-9999.0,-9999.0,-9999.0,-9999.0,161.0,lane7,spur3,stable_reference,6.0821559013435325,-0.7509332880767635,-0.2404816136741462,-2.1560623795614733,-0.2404816136741462,13.166666799999991,463.5842030659375,1.946712424862335,351.6887920123271,1.3716955331391056,1.37167730620978,0.2150945581797643,-0.0914246357913635,1.6121760626884398,-0.2404805295493342
P15_AV2_1_interaction,P15,AV2,1,on_ramp,P15_AV2_1,P15_AV2.1.asc,AV1,60,initiator_active,4207,1,70116.67,70116.6675,1.0,21.36,76.896,161.0,33.4876,-1466.722936,0.0,0.0,0.0,21.36,0.0,0.0,1466.670976,-34.590714,6.284923,1.0,0.0,0.0,0.0,0.0,1578.785294,-34.942245,1021.0,1.0,78.345694,7.0,-0.060549,34.43204,123.955344,34.43204,-0.005437,5.5e-05,-0.424866,0.005745,-7e-06,0.003768,0.0,0.0,0.0,0.0,0.0,0.0,-9999.0,-9999.0,-9999.0,-9999.0,-9999.0,-9999.0,-9999.0,-9999.0,-9999.0,-9999.0,-9999.0,-9999.0,-9999.0,-9999.0,161.0,lane7,spur3,stable_reference,6.092653338075608,-0.7420937536899883,-0.2379866105324699,-2.124468966317937,-0.2379866105324699,13.183333499999993,464.1581748545389,1.948985314376669,352.0447737229387,1.3752594617501779,1.3752491160336078,0.2135210275156325,-0.09129782919555751,1.6132449994056597,-0.2379855376554818
P15_AV2_1_interaction,P15,AV2,1,on_ramp,P15_AV2_1,P15_AV2.1.asc,AV1,60,initiator_active,4208,1,70133.33,70133.3341,1.0,21.36,76.896,161.0,33.843593,-1467.078822,0.0,0.0,0.0,21.36,0.0,0.0,1467.026976,-34.590115,6.284849,1.0,0.0,0.0,0.0,0.0,1579.359148,-34.944706,1021.0,1.0,78.919552,7.0,-0.060113,34.42496,123.929856,34.42496,-0.005415,5.5e-05,-0.424776,0.006466,-6e-06,0.003454,0.0,0.0,0.0,0.0,0.0,0.0,-9999.0,-9999.0,-9999.0,-9999.0,-9999.0,-9999.0,-9999.0,-9999.0,-9999.0,-9999.0,-9999.0,-9999.0,-9999.0,-9999.0,161.0,lane7,spur3,stable_reference,6.103123812919684,-0.7332811890435582,-0.2355136746057446,-2.0928912992388526,-0.2355136746057446,13.20000009999999,464.7320296223665,1.951260238223932,352.40075665633873,1.3787963995333972,1.3787946668336928,0.21205129962707758,-0.07740937286556981,1.6143090383951078,-0.2355126388617106
P15_AV2_1_interaction,P15,AV2,1,on_ramp,P15_AV2_1,P15_AV2.1.asc,AV1,60,initiator_active,4209,1,70150.0,70150.0007,1.0,21.36,76.896,161.0,34.199588,-1467.434708,0.0,0.0,0.0,21.36,0.0,0.0,1467.382975,-34.589536,6.2848,1.0,0.0,0.0,0.0,0.0,1579.932883,-34.947165,1021.0,1.0,79.493292,7.0,-0.059674,34.417881,123.904373,34.417881,-0.005388,5.5e-05,-0.424686,0.006413,-6e-06,0.003454,0.0,0.0,0.0,0.0,0.0,0.0,-9999.0,-9999.0,-9999.0,-9999.0,-9999.0,-9999.0,-9999.0,-9999.0,-9999.0,-9999.0,-9999.0,-9999.0,-9999.0,-9999.0,161.0,lane7,spur3,stable_reference,6.113574267724971,-0.7244886421453982,-0.233052509241047,-2.0613316807251563,-0.233052509241047,13.216666700000001,465.30576537774107,1.9535361799327904,352.7567387548266,1.3823133297449983,1.3823174644143388,0.21094072540802955,-0.052821158257439826,1.615364814065745,-0.23305148432074674
P15_AV2_1_interaction,P15,AV2,1,on_ramp,P15_AV2_1,P15_AV2.1.asc,AV1,60,initiator_active,4210,1,70166.67,70166.6677,1.0,21.36,76.896,161.0,34.555582,-1467.790595,0.0,0.0,0.0,21.36,0.0,0.0,1467.738975,-34.58897,6.28477,1.0,0.0,0.0,0.0,0.0,1580.5065,-34.949621,1021.0,1.0,80.066914,7.0,-0.059234,34.410804,123.878896,34.410804,-0.005365,5.5e-05,-0.424596,0.006351,-6e-06,0.003768,0.0,0.0,0.0,0.0,0.0,0.0,-9999.0,-9999.0,-9999.0,-9999.0,-9999.0,-9999.0,-9999.0,-9999.0,-9999.0,-9999.0,-9999.0,-9999.0,-9999.0,-9999.0,161.0,lane7,spur3,stable_reference,6.1240117552587625,-0.7157090687143703,-0.2306043384076344,-2.029784925854092,-0.2306043384076344,13.233333700000003,465.87938311237605,1.9558141477218873,353.11272196056547,1.3858172686519985,1.385826080255773,0.2102905913171682,-0.032830829551138585,1.6164205929059194,-0.23060332425392094
P15_AV2_1_interaction,P15,AV2,1,on_ramp,P15_AV2_1,P15_AV2.1.asc,AV1,60,initiator_active,4211,1,70183.33,70183.3341,1.0,21.36,76.896,161.0,34.911576,-1468.146483,0.0,0.0,0.0,21.36,0.0,0.0,1468.094974,-34.588411,6.284753,1.0,0.0,0.0,0.0,0.0,1581.079999,-34.952076,1021.0,1.0,80.640419,7.0,-0.058792,34.403729,123.853424,34.403728,-0.005345,5.5e-05,-0.424505,0.006301,-5e-06,0.003454,0.0,0.0,0.0,0.0,0.0,0.0,-9999.0,-9999.0,-9999.0,-9999.0,-9999.0,-9999.0,-9999.0,-9999.0,-9999.0,-9999.0,-9999.0,-9999.0,-9999.0,-9999.0,161.0,lane7,spur3,stable_reference,6.134442217754801,-0.7069365164921899,-0.2281631727633981,-1.99824752291564,-0.2281631727633981,13.25000009999999,466.45288284277683,1.9580921416593358,353.46870422410734,1.38931419954469,1.389327165077522,0.20984635482268033,-0.030529877244954484,1.6174763688901534,-0.2281621693454634
P15_AV2_1_interaction,P15,AV2,1,on_ramp,P15_AV2_1,P15_AV2.1.asc,AV1,60,initiator_active,4212,1,70200.0,70200.0001,1.0,21.36,76.896,161.0,35.267571,-1468.50237,0.0,0.0,0.0,21.36,0.0,0.0,1468.450974,-34.587855,6.284744,1.0,0.0,0.0,0.0,0.0,1581.65338,-34.954528,1021.0,1.0,81.213805,7.0,-0.058349,34.396655,123.827958,34.396654,-0.005329,5.5e-05,-0.424415,0.00626,-5e-06,0.003768,0.0,0.0,0.0,0.0,0.0,0.0,-9999.0,-9999.0,-9999.0,-9999.0,-9999.0,-9999.0,-9999.0,-9999.0,-9999.0,-9999.0,-9999.0,-9999.0,-9999.0,-9999.0,161.0,lane7,spur3,stable_reference,6.144869709133965,-0.6981669403991633,-0.2257325362619245,-1.9668019231161875,-0.2257325362619245,13.266666100000002,467.0262645524377,1.9603721616770138,353.82468751237315,1.3928081387922349,1.3928207630709386,0.20927296033706,-0.042413226970011486,1.6185396575518216,-0.22573151875958675
P15_AV2_1_interaction,P15,AV2,1,on_ramp,P15_AV2_1,P15_AV2.1.asc,AV1,60,initiator_active,4213,1,70216.67,70216.6674,1.0,21.36,76.896,161.0,35.623565,-1468.858258,0.0,0.0,0.0,21.36,0.0,0.0,1468.806974,-34.587302,6.28474,1.0,0.0,0.0,0.0,0.0,1582.226644,-34.956978,1021.0,1.0,81.787073,7.0,-0.057904,34.389582,123.802496,34.389582,-0.005316,5.5e-05,-0.424325,0.006229,-5e-06,0.003454,0.0,0.0,0.0,0.0,0.0,0.0,-9999.0,-9999.0,-9999.0,-9999.0,-9999.0,-9999.0,-9999.0,-9999.0,-9999.0,-9999.0,-9999.0,-9999.0,-9999.0,-9999.0,161.0,lane7,spur3,stable_reference,6.155294201666727,-0.6894003635075349,-0.2233104577615023,-1.9353593120006645,-0.2233104577615023,13.283333400000004,467.5995292495777,1.9626532160616863,354.18067082539704,1.396299078141935,1.3963029225329016,0.20843256118203612,-0.05845706584834787,1.6196085293187572,-0.2233094511768221
P15_AV2_1_interaction,P15,AV2,1,on_ramp,P15_AV2_1,P15_AV2.1.asc,AV1,60,initiator_active,4214,1,70233.33,70233.3342,1.0,21.36,76.896,161.0,35.97956,-1469.214146,0.0,0.0,0.0,21.36,0.0,0.0,1469.162973,-34.586757,6.28469,1.0,0.0,0.0,0.0,0.0,1582.799789,-34.959426,1021.0,1.0,82.360224,7.0,-0.057458,34.382511,123.777041,34.382511,-0.005305,5.5e-05,-0.424235,0.006204,-5e-06,0.003768,0.0,0.0,0.0,0.0,0.0,0.0,-9999.0,-9999.0,-9999.0,-9999.0,-9999.0,-9999.0,-9999.0,-9999.0,-9999.0,-9999.0,-9999.0,-9999.0,-9999.0,-9999.0,161.0,lane7,spur3,stable_reference,6.16571066954627,-0.6806418075585642,-0.2208963844010618,-1.9039247574834637,-0.2208963844010618,13.300000199999994,468.1726749342645,1.9649352883079527,354.5366532044764,1.399782009511381,1.3997686753976954,0.20732435469327726,-0.07307359832561477,1.6206773982093374,-0.22089538869795633
P15_AV2_1_interaction,P15,AV2,1,on_ramp,P15_AV2_1,P15_AV2.1.asc,AV1,60,initiator_active,4215,1,70250.0,70250.0007,1.0,21.36,76.896,161.0,36.335555,-1469.570034,0.0,0.0,0.0,21.36,0.0,0.0,1469.518973,-34.586247,6.284594,1.0,0.0,0.0,0.0,0.0,1583.372817,-34.961872,1021.0,1.0,82.933257,7.0,-0.05701,34.375442,123.751591,34.375441,-0.005296,5.5e-05,-0.424145,0.006186,-4e-06,0.003768,0.0,0.0,0.0,0.0,0.0,0.0,-9999.0,-9999.0,-9999.0,-9999.0,-9999.0,-9999.0,-9999.0,-9999.0,-9999.0,-9999.0,-9999.0,-9999.0,-9999.0,-9999.0,161.0,lane7,spur3,stable_reference,6.176092178614118,-0.6719182192203392,-0.21851730530799,-1.8725644293695485,-0.21851730530799,13.3166667,468.74570360643037,1.9672183949212063,354.892636872366,1.403229950325407,1.4032137278166874,0.20599678095597795,-0.08294566503967538,1.6217462706541266,-0.21851632032871948
P15_AV2_1_interaction,P15,AV2,1,on_ramp,P15_AV2_1,P15_AV2.1.asc,AV1,60,initiator_active,4216,1,70266.67,70266.6668,1.0,21.36,76.896,161.0,36.69155,-1469.925923,0.0,0.0,0.0,21.36,0.0,0.0,1469.874972,-34.58577,6.284504,1.0,0.0,0.0,0.0,0.0,1583.945727,-34.964315,1021.0,1.0,83.506172,7.0,-0.05656,34.368374,123.726146,34.368373,-0.00529,5.4e-05,-0.424055,0.006175,-4e-06,0.003454,0.0,0.0,0.0,0.0,0.0,0.0,-9999.0,-9999.0,-9999.0,-9999.0,-9999.0,-9999.0,-9999.0,-9999.0,-9999.0,-9999.0,-9999.0,-9999.0,-9999.0,-9999.0,161.0,lane7,spur3,stable_reference,6.186440672642178,-0.6632276451697608,-0.2161712846846034,-1.8413953112024464,-0.2161712846846034,13.333332800000004,469.31861425785667,1.9695035276146986,355.2486198126286,1.4066448840105308,1.4066350842653288,0.20455956265109876,-0.083886785062111,1.6228151941646918,-0.216170310154161
P15_AV2_1_interaction,P15,AV2,1,on_ramp,P15_AV2_1,P15_AV2.1.asc,AV1,60,initiator_active,4217,1,70283.33,70283.3341,1.0,21.36,76.896,161.0,37.047545,-1470.281813,0.0,0.0,0.0,21.36,0.0,0.0,1470.230972,-34.585319,6.284437,1.0,0.0,0.0,0.0,0.0,1584.518519,-34.966757,1021.0,1.0,84.078969,7.0,-0.056109,34.361307,123.700706,34.361307,-0.005285,5.4e-05,-0.423965,0.006169,-4e-06,0.003454,0.0,0.0,0.0,0.0,0.0,0.0,-9999.0,-9999.0,-9999.0,-9999.0,-9999.0,-9999.0,-9999.0,-9999.0,-9999.0,-9999.0,-9999.0,-9999.0,-9999.0,-9999.0,161.0,lane7,spur3,stable_reference,6.196763204397699,-0.6545630411257389,-0.2138512738811142,-1.8102520099976391,-0.2138512738811142,13.35000009999999,469.8914069050485,1.9717886864565333,355.604603967427,1.4100338268337447,1.4100323917931665,0.203200554833181,-0.07159167588897652,1.62388413664335,-0.2138503098096054
P15_AV2_1_interaction,P15,AV2,1,on_ramp,P15_AV2_1,P15_AV2.1.asc,AV1,60,initiator_active,4218,1,70300.0,70300.0008,1.0,21.36,76.896,161.0,37.40354,-1470.637704,0.0,0.0,0.0,21.36,0.0,0.0,1470.586972,-34.584886,6.284393,1.0,0.0,0.0,0.0,0.0,1585.091193,-34.969196,1021.0,1.0,84.651648,7.0,-0.055656,34.354242,123.675272,34.354242,-0.005282,5.4e-05,-0.423876,0.006167,-4e-06,0.003454,0.0,0.0,0.0,0.0,0.0,0.0,-9999.0,-9999.0,-9999.0,-9999.0,-9999.0,-9999.0,-9999.0,-9999.0,-9999.0,-9999.0,-9999.0,-9999.0,-9999.0,-9999.0,161.0,lane7,spur3,stable_reference,6.2070677430748695,-0.6459164322901066,-0.2115492628295446,-1.7791266417644986,-0.2115492628295446,13.366666799999992,470.46408153150065,1.9740758713786137,355.9605882707739,1.413404770269934,1.4134085723163032,0.20217311379239788,-0.04804029535157639,1.624953079405758,-0.21154830913582412
P15_AV2_1_interaction,P15,AV2,1,on_ramp,P15_AV2_1,P15_AV2.1.asc,AV1,60,initiator_active,4219,1,70316.67,70316.6668,1.0,21.36,76.896,161.0,37.759536,-1470.993595,0.0,0.0,0.0,21.36,0.0,0.0,1470.942972,-34.584463,6.284365,1.0,0.0,0.0,0.0,0.0,1585.66375,-34.971633,1021.0,1.0,85.22421,7.0,-0.055201,34.347179,123.649844,34.347178,-0.005281,5.4e-05,-0.423786,0.006169,-4e-06,0.003454,0.0,0.0,0.0,0.0,0.0,0.0,-9999.0,-9999.0,-9999.0,-9999.0,-9999.0,-9999.0,-9999.0,-9999.0,-9999.0,-9999.0,-9999.0,-9999.0,-9999.0,-9999.0,161.0,lane7,spur3,stable_reference,6.217362285597412,-0.6372798207924792,-0.2092572516401651,-1.74810844649175,-0.2092572516401651,13.383332800000003,471.0366391454317,1.9763640906676727,356.3165726566476,1.4167657140466607,1.416771368099503,0.20159922303225386,-0.026513152528958805,1.626022022325813,-0.20925630827915231
P15_AV2_1_interaction,P15,AV2,1,on_ramp,P15_AV2_1,P15_AV2.1.asc,AV1,60,initiator_active,4220,1,70333.33,70333.3342,1.0,21.36,76.896,161.0,38.115531,-1471.349486,0.0,0.0,0.0,21.36,0.0,0.0,1471.298971,-34.584048,6.28435,1.0,0.0,0.0,0.0,0.0,1586.236188,-34.974068,1021.0,1.0,85.796653,7.0,-0.054745,34.340117,123.62442,34.340116,-0.00528,5.4e-05,-0.423696,0.006174,-3e-06,0.003454,0.0,0.0,0.0,0.0,0.0,0.0,-9999.0,-9999.0,-9999.0,-9999.0,-9999.0,-9999.0,-9999.0,-9999.0,-9999.0,-9999.0,-9999.0,-9999.0,-9999.0,-9999.0,161.0,lane7,spur3,stable_reference,6.227648803466734,-0.6286512302375217,-0.2069990522347587,-1.71726170961222,-0.2069990522347587,13.400000199999996,471.60907774691003,1.978653327818329,356.6725561085769,1.4201186498431257,1.4201285593628405,0.20128936245549767,-0.02012058502977343,1.627116722249313,-0.20699807240618728
P15_AV2_1_interaction,P15,AV2,1,on_ramp,P15_AV2_1,P15_AV2.1.asc,AV1,60,initiator_active,4221,1,70350.0,70350.0006,1.0,21.36,76.896,161.0,38.471527,-1471.705378,0.0,0.0,0.0,21.36,0.0,0.0,1471.654971,-34.583636,6.284341,1.0,0.0,0.0,0.0,0.0,1586.80851,-34.976501,1021.0,1.0,86.36898,7.0,-0.054288,34.333056,123.599002,34.333056,-0.005281,5.4e-05,-0.423606,0.006182,-3e-06,0.003454,0.0,0.0,0.0,0.0,0.0,0.0,-9999.0,-9999.0,-9999.0,-9999.0,-9999.0,-9999.0,-9999.0,-9999.0,-9999.0,-9999.0,-9999.0,-9999.0,-9999.0,-9999.0,161.0,lane7,spur3,stable_reference,6.237932350219197,-0.620025615811686,-0.2047444323325726,-1.6864178762636413,-0.2047444323325726,13.416666599999997,472.181400335833,1.9809436075886686,357.02854058523025,1.4234685939944534,1.4234811077162142,0.2009285305344335,-0.028551672609145484,1.6282120571706815,-0.20474346317622816
P15_AV2_1_interaction,P15,AV2,1,on_ramp,P15_AV2_1,P15_AV2.1.asc,AV1,60,initiator_active,4222,1,70366.67,70366.6677,1.0,21.36,76.896,161.0,38.827523,-1472.06127,0.0,0.0,0.0,21.36,0.0,0.0,1472.010971,-34.583225,6.284338,1.0,0.0,0.0,0.0,0.0,1587.380713,-34.978931,1021.0,1.0,86.941188,7.0,-0.053829,34.325997,123.57359,34.325997,-0.005283,5.4e-05,-0.423516,0.006193,-3e-06,0.003454,0.0,0.0,0.0,0.0,0.0,0.0,-9999.0,-9999.0,-9999.0,-9999.0,-9999.0,-9999.0,-9999.0,-9999.0,-9999.0,-9999.0,-9999.0,-9999.0,-9999.0,-9999.0,161.0,lane7,spur3,stable_reference,6.248214897356184,-0.6114010011196603,-0.202490812416999,-1.6555750392543542,-0.202490812416999,13.433333700000002,472.75360390405035,1.983235905186547,357.3845250701363,1.4268175381798303,1.4268262102167797,0.20033762561440227,-0.04458983910786163,1.629307392107979,-0.20248985392814878
P15_AV2_1_interaction,P15,AV2,1,on_ramp,P15_AV2_1,P15_AV2.1.asc,AV1,60,initiator_active,4223,1,70383.33,70383.3335,1.0,21.36,76.896,161.0,39.183519,-1472.417162,0.0,0.0,0.0,21.36,0.0,0.0,1472.366971,-34.582815,6.284336,1.0,0.0,0.0,0.0,0.0,1587.952799,-34.981359,1021.0,1.0,87.513279,7.0,-0.053368,34.31894,123.548183,34.318939,-0.005286,5.4e-05,-0.423427,0.006206,-3e-06,0.003454,0.0,0.0,0.0,0.0,0.0,0.0,-9999.0,-9999.0,-9999.0,-9999.0,-9999.0,-9999.0,-9999.0,-9999.0,-9999.0,-9999.0,-9999.0,-9999.0,-9999.0,-9999.0,161.0,lane7,spur3,stable_reference,6.258496444877712,-0.6027773861614306,-0.2002381681232019,-1.624953747601337,-0.2002381681232019,13.449999499999992,473.3256904597466,1.9855292371514184,357.74050956329506,1.4301654823992638,1.4301589427016146,0.19944224564031998,-0.06112779720785344,1.6304027029322863,-0.2002372205330225
P15_AV2_1_interaction,P15,AV2,1,on_ramp,P15_AV2_1,P15_AV2.1.asc,AV1,60,initiator_active,4224,1,70400.0,70400.0009,1.0,21.36,76.896,161.0,39.539515,-1472.773054,0.0,0.0,0.0,21.36,0.0,0.0,1472.72297,-34.582429,6.284247,1.0,0.0,0.0,0.0,0.0,1588.524767,-34.983785,1021.0,1.0,88.085252,7.0,-0.052906,34.311884,123.522781,34.311883,-0.005289,5.4e-05,-0.423337,0.006221,-3e-06,0.003454,0.0,0.0,0.0,0.0,0.0,0.0,-9999.0,-9999.0,-9999.0,-9999.0,-9999.0,-9999.0,-9999.0,-9999.0,-9999.0,-9999.0,-9999.0,-9999.0,-9999.0,-9999.0,161.0,lane7,spur3,stable_reference,6.268753973898603,-0.5941777878866616,-0.1980094167948297,-1.59453995395016,-0.1980094167948297,13.466666899999996,473.8976590029561,1.9878235952305794,358.0964932545526,1.4334894191833003,1.433474256776348,0.19830001683632048,-0.07305025112139152,1.631497898935105,-0.1980084797518047
P15_AV2_1_interaction,P15,AV2,1,on_ramp,P15_AV2_1,P15_AV2.1.asc,AV1,60,initiator_active,4225,1,70416.67,70416.6668,1.0,21.36,76.896,161.0,39.895511,-1473.128946,0.0,0.0,0.0,21.36,0.0,0.0,1473.07897,-34.582075,6.284159,1.0,0.0,0.0,0.0,0.0,1589.096618,-34.986209,1021.0,1.0,88.657108,7.0,-0.052442,34.304829,123.497385,34.304829,-0.005293,5.4e-05,-0.423247,0.006237,-3e-06,0.003768,0.0,0.0,0.0,0.0,0.0,0.0,-9999.0,-9999.0,-9999.0,-9999.0,-9999.0,-9999.0,-9999.0,-9999.0,-9999.0,-9999.0,-9999.0,-9999.0,-9999.0,-9999.0,161.0,lane7,spur3,stable_reference,6.278979542954182,-0.5856101580212419,-0.1958126598614648,-1.5641579619002357,-0.1958126598614648,13.483332800000003,474.4695105336443,1.990118987676717,358.4524782098621,1.4367813653097523,1.4367689384829716,0.19700725326261903,-0.07796782707694572,1.6325930985239385,-0.1958117332141862
P15_AV2_1_interaction,P15,AV2,1,on_ramp,P15_AV2_1,P15_AV2.1.asc,AV1,60,initiator_active,4226,1,70433.33,70433.3337,1.0,21.36,76.896,161.0,40.251507,-1473.48484,0.0,0.0,0.0,21.36,0.0,0.0,1473.43497,-34.581748,6.284086,1.0,0.0,0.0,0.0,0.0,1589.668351,-34.988631,1021.0,1.0,89.228846,7.0,-0.051976,34.297776,123.471994,34.297776,-0.005297,5.4e-05,-0.423158,0.006255,-3e-06,0.003454,0.0,0.0,0.0,0.0,0.0,0.0,-9999.0,-9999.0,-9999.0,-9999.0,-9999.0,-9999.0,-9999.0,-9999.0,-9999.0,-9999.0,-9999.0,-9999.0,-9999.0,-9999.0,161.0,lane7,spur3,stable_reference,6.289178122392263,-0.5770695209684104,-0.1936429025663598,-1.5338028736231608,-0.1936429025663598,13.4999997,475.0412440518456,1.9924154062371568,358.80846338799427,1.4400463123556744,1.4400410587823742,0.19570113005301693,-0.07145885520860684,1.633688298542732,-0.19364198618705752
P15_AV2_1_interaction,P15,AV2,1,on_ramp,P15_AV2_1,P15_AV2.1.asc,AV1,60,initiator_active,4227,1,70450.0,70450.0008,1.0,21.36,76.896,161.0,40.607503,-1473.840734,0.0,0.0,0.0,21.36,0.0,0.0,1473.79097,-34.581442,6.284035,1.0,0.0,0.0,0.0,0.0,1590.239966,-34.991051,1021.0,1.0,89.800466,7.0,-0.051509,34.290724,123.446608,34.290724,-0.005302,5.4e-05,-0.423068,0.006273,-3e-06,0.003454,0.0,0.0,0.0,0.0,0.0,0.0,-9999.0,-9999.0,-9999.0,-9999.0,-9999.0,-9999.0,-9999.0,-9999.0,-9999.0,-9999.0,-9999.0,-9999.0,-9999.0,-9999.0,161.0,lane7,spur3,stable_reference,6.299355709905601,-0.5685498783253894,-0.19149419678015,-1.503770155710196,-0.19149419678015,13.516666799999992,475.61285955755994,1.9947128509118845,359.16444873943294,1.4432902601167206,1.4432924397028195,0.1946252465460887,-0.054518572536108145,1.634783550460424,-0.19149329034370344
P15_AV2_1_interaction,P15,AV2,1,on_ramp,P15_AV2_1,P15_AV2.1.asc,AV1,60,initiator_active,4228,1,70466.67,70466.6668,1.0,21.36,76.896,161.0,40.9635,-1474.196628,0.0,0.0,0.0,21.36,0.0,0.0,1474.14697,-34.581149,6.284002,1.0,0.0,0.0,0.0,0.0,1590.811464,-34.993468,1021.0,1.0,90.371969,7.0,-0.05104,34.283674,123.421228,34.283674,-0.005306,5.4e-05,-0.422979,0.006292,-3e-06,0.003768,0.0,0.0,0.0,0.0,0.0,0.0,-9999.0,-9999.0,-9999.0,-9999.0,-9999.0,-9999.0,-9999.0,-9999.0,-9999.0,-9999.0,-9999.0,-9999.0,-9999.0,-9999.0,161.0,lane7,spur3,stable_reference,6.309520302417931,-0.560043232221761,-0.1893585752839478,-1.4738683396920476,-0.1893585752839478,13.533332800000004,476.1843580425002,1.9970123299195395,359.5204341981566,1.4465212083204733,1.4465285225835678,0.1938838349514711,-0.03777274830768107,1.6358788872769239,-0.18935767895645061
P15_AV2_1_interaction,P15,AV2,1,on_ramp,P15_AV2_1,P15_AV2.1.asc,AV1,60,initiator_active,4229,1,70483.33,70483.3343,1.0,21.36,76.896,161.0,41.319496,-1474.552524,0.0,0.0,0.0,21.36,0.0,0.0,1474.50297,-34.580863,6.283982,1.0,0.0,0.0,0.0,0.0,1591.382845,-34.995883,1021.0,1.0,90.943355,7.0,-0.05057,34.276626,123.395853,34.276625,-0.005311,5.4e-05,-0.422889,0.006311,-3e-06,0.003454,0.0,0.0,0.0,0.0,0.0,0.0,-9999.0,-9999.0,-9999.0,-9999.0,-9999.0,-9999.0,-9999.0,-9999.0,-9999.0,-9999.0,-9999.0,-9999.0,-9999.0,-9999.0,161.0,lane7,spur3,stable_reference,6.319677897622013,-0.5515435842547339,-0.1872299536939742,-1.443973499419355,-0.1872299536939742,13.550000299999999,476.75573951491987,1.9993128432941838,359.8764197146491,1.449745156762608,1.4497552656484223,0.19336616878246105,-0.03156642664621678,1.636974224204901,-0.18722906744229295
P15_AV2_1_interaction,P15,AV2,1,on_ramp,P15_AV2_1,P15_AV2.1.asc,AV1,60,initiator_active,4230,1,70500.0,70500.0006,1.0,21.36,76.896,161.0,41.675493,-1474.908419,0.0,0.0,0.0,21.36,0.0,0.0,1474.85897,-34.580583,6.283972,1.0,0.0,0.0,0.0,0.0,1591.954108,-34.998296,1021.0,1.0,91.514622,7.0,-0.050098,34.269579,123.370484,34.269578,-0.005316,5.4e-05,-0.4228,0.00633,-2e-06,0.003454,0.0,0.0,0.0,0.0,0.0,0.0,-9999.0,-9999.0,-9999.0,-9999.0,-9999.0,-9999.0,-9999.0,-9999.0,-9999.0,-9999.0,-9999.0,-9999.0,-9999.0,-9999.0,161.0,lane7,spur3,stable_reference,6.32982949513332,-0.543049934690505,-0.1851073320236296,-1.414084638357067,-0.1851073320236296,13.566666599999996,477.3270029748521,2.0016143827831123,360.23240528065776,1.452963105409068,1.4529741523294724,0.19283160721811043,-0.037144366374017856,1.6380695612284306,-0.1851064558193627
P15_AV2_1_interaction,P15,AV2,1,on_ramp,P15_AV2_1,P15_AV2.1.asc,AV1,60,initiator_active,4231,1,70516.67,70516.6675,1.0,21.36,76.896,161.0,42.03149,-1475.264314,0.0,0.0,0.0,21.36,0.0,0.0,1475.21497,-34.580304,6.283966,1.0,0.0,0.0,0.0,0.0,1592.525254,-35.000707,1021.0,1.0,92.085773,7.0,-0.049624,34.262533,123.345119,34.262533,-0.00532,5.4e-05,-0.422711,0.006348,-2e-06,0.003768,0.0,0.0,0.0,0.0,0.0,0.0,-9999.0,-9999.0,-9999.0,-9999.0,-9999.0,-9999.0,-9999.0,-9999.0,-9999.0,-9999.0,-9999.0,-9999.0,-9999.0,-9999.0,161.0,lane7,spur3,stable_reference,6.339980093029162,-0.5345572848600791,-0.1830010059374306,-1.3847209703693,-0.1830010059374306,13.583333499999993,477.8981494222635,2.0039169566390354,360.5883908549191,1.4561800540895773,1.4561829598111262,0.1921280221051731,-0.04807537020887942,1.6391801516593394,-0.1830000975697621
P15_AV2_1_interaction,P15,AV2,1,on_ramp,P15_AV2_1,P15_AV2.1.asc,AV1,60,initiator_active,4232,1,70533.33,70533.3343,1.0,21.36,76.896,161.0,42.387486,-1475.62021,0.0,0.0,0.0,21.36,0.0,0.0,1475.570969,-34.580034,6.283926,1.0,0.0,0.0,0.0,0.0,1593.096282,-35.003115,1021.0,1.0,92.656806,7.0,-0.049149,34.255489,123.319761,34.255489,-0.005325,5.4e-05,-0.422621,0.006367,-2e-06,0.003454,0.0,0.0,0.0,0.0,0.0,0.0,-9999.0,-9999.0,-9999.0,-9999.0,-9999.0,-9999.0,-9999.0,-9999.0,-9999.0,-9999.0,-9999.0,-9999.0,-9999.0,-9999.0,161.0,lane7,spur3,stable_reference,6.350121666656329,-0.5260736557061085,-0.1809147116626565,-1.3554301029902334,-0.1809147116626565,13.6000003,478.46917784893526,2.00622155657519,360.94437550348886,1.4593879948238837,1.4593784902594662,0.19122907842234582,-0.058988953024721624,1.6403018084746739,-0.18091381365079018
P15_AV2_1_interaction,P15,AV2,1,on_ramp,P15_AV2_1,P15_AV2.1.asc,AV1,60,initiator_active,4233,1,70550.0,70550.0003,1.0,21.36,76.896,161.0,42.743483,-1475.976106,0.0,0.0,0.0,21.36,0.0,0.0,1475.926969,-34.57979,6.28385,1.0,0.0,0.0,0.0,0.0,1593.667193,-35.005521,1021.0,1.0,93.227722,7.0,-0.048672,34.248446,123.294407,34.248446,-0.005329,5.4e-05,-0.422532,0.006384,-2e-06,0.003454,0.0,0.0,0.0,0.0,0.0,0.0,-9999.0,-9999.0,-9999.0,-9999.0,-9999.0,-9999.0,-9999.0,-9999.0,-9999.0,-9999.0,-9999.0,-9999.0,-9999.0,-9999.0,161.0,lane7,spur3,stable_reference,6.360237278010944,-0.5176159965586888,-0.1788544119475237,-1.326165067549173,-0.1788544119475237,13.616666299999997,479.0400892630859,2.00852719087833,361.3003613665944,1.4625699446962805,1.4625571612382873,0.1901617632160182,-0.06612807677777699,1.6414234688587104,-0.17885352416242983
P15_AV2_1_interaction,P15,AV2,1,on_ramp,P15_AV2_1,P15_AV2.1.asc,AV1,60,initiator_active,4234,1,70566.67,70566.6669,1.0,21.36,76.896,161.0,43.09948,-1476.332002,0.0,0.0,0.0,21.36,0.0,0.0,1476.282969,-34.579573,6.283778,1.0,0.0,0.0,0.0,0.0,1594.237986,-35.007925,1021.0,1.0,93.79852,7.0,-0.048193,34.241405,123.269059,34.241405,-0.005333,5.4e-05,-0.422443,0.006401,-2e-06,0.003768,0.0,0.0,0.0,0.0,0.0,0.0,-9999.0,-9999.0,-9999.0,-9999.0,-9999.0,-9999.0,-9999.0,-9999.0,-9999.0,-9999.0,-9999.0,-9999.0,-9999.0,-9999.0,161.0,lane7,spur3,stable_reference,6.370325899748069,-0.5091853302238573,-0.1768211118809797,-1.296968346192278,-0.1768211118809797,13.633332899999994,479.6108826647496,2.010833851295765,361.65634745252265,1.4657248954881403,1.4657170755686775,0.1890248551863749,-0.06574759874657943,1.6425451296767801,-0.1768202341886398
P15_AV2_1_interaction,P15,AV2,1,on_ramp,P15_AV2_1,P15_AV2.1.asc,AV1,60,initiator_active,4235,1,70583.33,70583.3341,1.0,21.36,76.896,161.0,43.455477,-1476.687899,0.0,0.0,0.0,21.36,0.0,0.0,1476.638969,-34.579377,6.283725,1.0,0.0,0.0,0.0,0.0,1594.808662,-35.010327,1021.0,1.0,94.369201,7.0,-0.047713,34.234366,123.243716,34.234365,-0.005337,5.4e-05,-0.422353,0.006417,-2e-06,0.003454,0.0,0.0,0.0,0.0,0.0,0.0,-9999.0,-9999.0,-9999.0,-9999.0,-9999.0,-9999.0,-9999.0,-9999.0,-9999.0,-9999.0,-9999.0,-9999.0,-9999.0,-9999.0,161.0,lane7,spur3,stable_reference,6.380393529560464,-0.500775658298824,-0.1748295007291855,-1.268392544535618,-0.1748295007291855,13.65000009999999,480.181559053892,2.013141546080184,362.0123337117574,1.4688588469951385,1.4688580772711695,0.1879701488695602,-0.05546472720282214,1.643687438500052,-0.17482859150491348
P15_AV2_1_interaction,P15,AV2,1,on_ramp,P15_AV2_1,P15_AV2.1.asc,AV1,60,initiator_active,4236,1,70600.0,70600.0006,1.0,21.36,76.896,161.0,43.811474,-1477.043797,0.0,0.0,0.0,21.36,0.0,0.0,1476.994969,-34.579194,6.28369,1.0,0.0,0.0,0.0,0.0,1595.379221,-35.012726,1021.0,1.0,94.939765,7.0,-0.047231,34.227328,123.218379,34.227327,-0.005341,5.4e-05,-0.422264,0.006432,-2e-06,0.003454,0.0,0.0,0.0,0.0,0.0,0.0,-9999.0,-9999.0,-9999.0,-9999.0,-9999.0,-9999.0,-9999.0,-9999.0,-9999.0,-9999.0,-9999.0,-9999.0,-9999.0,-9999.0,161.0,lane7,spur3,stable_reference,6.390448164371829,-0.4923789829132028,-0.1728566550538761,-1.2398297015035102,-0.1728566550538761,13.666666599999997,480.75211842226076,2.0154512751975266,362.3683200782771,1.4719797989448362,1.4719828167975293,0.18717599966756637,-0.03807115585243004,1.6448355550344886,-0.17285575608965242
P15_AV2_1_interaction,P15,AV2,1,on_ramp,P15_AV2_1,P15_AV2.1.asc,AV1,60,initiator_active,4237,1,70616.67,70616.6673,1.0,21.36,76.896,161.0,44.167472,-1477.399695,0.0,0.0,0.0,21.36,0.0,0.0,1477.350969,-34.579021,6.283668,1.0,0.0,0.0,0.0,0.0,1595.949662,-35.015123,1021.0,1.0,95.510211,7.0,-0.046747,34.220291,123.193047,34.22029,-0.005344,5.3e-05,-0.422175,0.006446,-2e-06,0.003454,0.0,0.0,0.0,0.0,0.0,0.0,-9999.0,-9999.0,-9999.0,-9999.0,-9999.0,-9999.0,-9999.0,-9999.0,-9999.0,-9999.0,-9999.0,-9999.0,-9999.0,-9999.0,161.0,lane7,spur3,stable_reference,6.400492803028574,-0.4839923048655774,-0.1708938092521743,-1.2112768266441076,-0.1708938092521743,13.6833333,481.32255977814265,2.0177620304291644,362.7243065273238,1.4750907512350782,1.4750972521791903,0.18670111924863164,-0.023849015656619343,1.645983671731073,-0.1708929204959948
P15_AV2_1_interaction,P15,AV2,1,on_ramp,P15_AV2_1,P15_AV2.1.asc,AV1,60,initiator_active,4238,1,70633.33,70633.3341,1.0,21.36,76.896,161.0,44.523469,-1477.755594,0.0,0.0,0.0,21.36,0.0,0.0,1477.706969,-34.578852,6.283656,1.0,0.0,0.0,0.0,0.0,1596.519987,-35.017518,1021.0,1.0,96.08054,7.0,-0.046262,34.213256,123.16772,34.213255,-0.005347,5.3e-05,-0.422086,0.006459,-2e-06,0.003454,0.0,0.0,0.0,0.0,0.0,0.0,-9999.0,-9999.0,-9999.0,-9999.0,-9999.0,-9999.0,-9999.0,-9999.0,-9999.0,-9999.0,-9999.0,-9999.0,-9999.0,-9999.0,161.0,lane7,spur3,stable_reference,6.410533443223458,-0.4756096257531444,-0.1689349633999192,-1.18290540756179,-0.1689349633999192,13.70000009999999,481.89288512146925,2.020073828280478,363.0802930093812,1.4781977036615326,1.4782062185230758,0.18638102943292978,-0.021524695371102354,1.6471317884925116,-0.16893408483097905
P15_AV2_1_interaction,P15,AV2,1,on_ramp,P15_AV2_1,P15_AV2.1.asc,AV1,60,initiator_active,4239,1,70650.0,70650.0,1.0,21.36,76.896,161.0,44.879467,-1478.111492,0.0,0.0,0.0,21.36,0.0,0.0,1478.062969,-34.578687,6.283649,1.0,0.0,0.0,0.0,0.0,1597.090194,-35.019911,1021.0,1.0,96.650752,7.0,-0.045775,34.206222,123.142399,34.206222,-0.005349,5.3e-05,-0.421997,0.006471,-2e-06,0.003454,0.0,0.0,0.0,0.0,0.0,0.0,-9999.0,-9999.0,-9999.0,-9999.0,-9999.0,-9999.0,-9999.0,-9999.0,-9999.0,-9999.0,-9999.0,-9999.0,-9999.0,-9999.0,161.0,lane7,spur3,stable_reference,6.420570084956488,-0.4672309455759305,-0.1670058561205876,-1.1551055058549888,-0.1670058561205876,13.716665999999998,482.4630924523091,2.0223866522460887,363.4362795244494,1.4813006562241986,1.4813098353987875,0.1859836472101506,-0.029229091494674897,1.6483056037314783,-0.16700494750727968
P15_AV2_1_interaction,P15,AV2,1,on_ramp,P15_AV2_1,P15_AV2.1.asc,AV1,60,initiator_active,4240,1,70666.67,70666.6669,1.0,21.36,76.896,161.0,45.235464,-1478.467391,0.0,0.0,0.0,21.36,0.0,0.0,1478.418969,-34.578522,6.283646,1.0,0.0,0.0,0.0,0.0,1597.660283,-35.022301,1021.0,1.0,97.220846,7.0,-0.045287,34.19919,123.117083,34.199189,-0.005351,5.3e-05,-0.421908,0.006481,-2e-06,0.003454,0.0,0.0,0.0,0.0,0.0,0.0,-9999.0,-9999.0,-9999.0,-9999.0,-9999.0,-9999.0,-9999.0,-9999.0,-9999.0,-9999.0,-9999.0,-9999.0,-9999.0,-9999.0,161.0,lane7,spur3,stable_reference,6.430606726689518,-0.458852265398697,-0.165077200403776,-1.1273056041481804,-0.165077200403776,13.733332899999994,483.0331817624089,2.024701502291934,363.79226603951753,1.4844036087868722,1.484405573754925,0.1854067312015104,-0.04033740912330863,1.6494799110703988,-0.16507630228352665
P15_AV2_1_interaction,P15,AV2,1,on_ramp,P15_AV2_1,P15_AV2.1.asc,AV1,60,initiator_active,4241,1,70683.33,70683.3334,1.0,21.36,76.896,161.0,45.591462,-1478.82329,0.0,0.0,0.0,21.36,0.0,0.0,1478.774969,-34.578365,6.283612,1.0,0.0,0.0,0.0,0.0,1598.230256,-35.024689,1021.0,1.0,97.790824,7.0,-0.044796,34.192159,123.091773,34.192159,-0.005353,5.3e-05,-0.421819,0.00649,-2e-06,0.003454,0.0,0.0,0.0,0.0,0.0,0.0,-9999.0,-9999.0,-9999.0,-9999.0,-9999.0,-9999.0,-9999.0,-9999.0,-9999.0,-9999.0,-9999.0,-9999.0,-9999.0,-9999.0,161.0,lane7,spur3,stable_reference,6.44063537149884,-0.4504815830918678,-0.1631565445887922,-1.099513678300818,-0.1631565445887922,13.7499994,483.6031550599539,2.0270173949574524,364.14825262060725,1.4874985616219765,1.487490072400593,0.1846390687951711,-0.050618361258575995,1.6506542185400535,-0.16315565691807699
P15_AV2_1_interaction,P15,AV2,1,on_ramp,P15_AV2_1,P15_AV2.1.asc,AV1,60,initiator_active,4242,1,70700.0,70700.0001,1.0,21.36,76.896,161.0,45.947459,-1479.179189,0.0,0.0,0.0,21.36,0.0,0.0,1479.130969,-34.57823,6.283546,1.0,0.0,0.0,0.0,0.0,1598.800111,-35.027075,1021.0,1.0,98.360684,7.0,-0.044304,34.18513,123.066467,34.185129,-0.005354,5.3e-05,-0.42173,0.006497,-2e-06,0.003454,0.0,0.0,0.0,0.0,0.0,0.0,-9999.0,-9999.0,-9999.0,-9999.0,-9999.0,-9999.0,-9999.0,-9999.0,-9999.0,-9999.0,-9999.0,-9999.0,-9999.0,-9999.0,161.0,lane7,spur3,stable_reference,6.450642024767986,-0.4421328949286453,-0.1612603069493822,-1.0720951867613344,-0.1612603069493822,13.766666100000002,484.17301034501173,2.029334313737264,364.5042393832562,1.4905715152062686,1.4905601845898084,0.1837194574187322,-0.05707105006391533,1.6518309250252423,-0.1612594098189737
P15_AV2_1_interaction,P15,AV2,1,on_ramp,P15_AV2_1,P15_AV2.1.asc,AV1,60,initiator_active,4243,1,70716.67,70716.6668,1.0,21.36,76.896,161.0,46.303457,-1479.535088,0.0,0.0,0.0,21.36,0.0,0.0,1479.486969,-34.578119,6.283484,1.0,0.0,0.0,0.0,0.0,1599.36985,-35.029459,1021.0,1.0,98.930427,7.0,-0.043811,34.178102,123.041167,34.178102,-0.005354,5.3e-05,-0.421641,0.006503,-2e-06,0.003768,0.0,0.0,0.0,0.0,0.0,0.0,-9999.0,-9999.0,-9999.0,-9999.0,-9999.0,-9999.0,-9999.0,-9999.0,-9999.0,-9999.0,-9999.0,-9999.0,-9999.0,-9999.0,161.0,lane7,spur3,stable_reference,6.4606246872659945,-0.4338082003766284,-0.1593988118551743,-1.0452009035088976,-0.1593988118551743,13.783332800000004,484.74274961751445,2.0316522751367536,364.8602263439697,1.493620469607854,1.4936140665625153,0.1827366966549704,-0.05709849033405412,1.6530183946885708,-0.1593979250807167
P15_AV2_1_interaction,P15,AV2,1,on_ramp,P15_AV2_1,P15_AV2.1.asc,AV1,60,initiator_active,4244,1,70733.33,70733.334,1.0,21.36,76.896,161.0,46.659455,-1479.890988,0.0,0.0,0.0,21.36,0.0,0.0,1479.842969,-34.578025,6.283438,1.0,0.0,0.0,0.0,0.0,1599.939471,-35.03184,1021.0,1.0,99.500053,7.0,-0.043315,34.171076,123.015873,34.171075,-0.005354,5.3e-05,-0.421552,0.006508,-2e-06,0.003454,0.0,0.0,0.0,0.0,0.0,0.0,-9999.0,-9999.0,-9999.0,-9999.0,-9999.0,-9999.0,-9999.0,-9999.0,-9999.0,-9999.0,-9999.0,-9999.0,-9999.0,-9999.0,161.0,lane7,spur3,stable_reference,6.470590356301139,-0.4255005012991963,-0.157554316555445,-1.0183235720758113,-0.157554316555445,13.8,485.3123708692774,2.03397226261648,365.216213444979,1.496652424588366,1.4966515108665726,0.18181614391885148,-0.04849239709244113,1.654205864630731,-0.15755344004236504
P15_AV2_1_interaction,P15,AV2,1,on_ramp,P15_AV2_1,P15_AV2.1.asc,AV1,60,initiator_active,4245,1,70750.0,70750.0002,1.0,21.36,76.896,161.0,47.015453,-1480.246889,0.0,0.0,0.0,21.36,0.0,0.0,1480.198969,-34.577943,6.283407,1.0,0.0,0.0,0.0,0.0,1600.508975,-35.034219,1021.0,1.0,100.069562,7.0,-0.042818,34.164051,122.990583,34.164051,-0.005354,5.3e-05,-0.421463,0.006511,-2e-06,0.003454,0.0,0.0,0.0,0.0,0.0,0.0,-9999.0,-9999.0,-9999.0,-9999.0,-9999.0,-9999.0,-9999.0,-9999.0,-9999.0,-9999.0,-9999.0,-9999.0,-9999.0,-9999.0,161.0,lane7,spur3,stable_reference,6.480544029950725,-0.417204799027368,-0.1557218211106448,-0.9914582066328584,-0.1557218211106448,13.816666199999993,485.8818751085194,2.0362932844631936,365.5722006450206,1.4996723799775207,1.4996746176635576,0.18112026670813464,-0.0333448018904301,1.6553933347697043,-0.15572095479218362
P15_AV2_1_interaction,P15,AV2,1,on_ramp,P15_AV2_1,P15_AV2.1.asc,AV1,60,initiator_active,4246,1,70766.67,70766.6674,1.0,21.36,76.896,161.0,47.371451,-1480.60279,0.0,0.0,0.0,21.36,0.0,0.0,1480.554969,-34.57787,6.283388,1.0,0.0,0.0,0.0,0.0,1601.078362,-35.036595,1021.0,1.0,100.638953,7.0,-0.04232,34.157028,122.965299,34.157027,-0.005354,5.3e-05,-0.421374,0.006513,-2e-06,0.003454,0.0,0.0,0.0,0.0,0.0,0.0,-9999.0,-9999.0,-9999.0,-9999.0,-9999.0,-9999.0,-9999.0,-9999.0,-9999.0,-9999.0,-9999.0,-9999.0,-9999.0,-9999.0,161.0,lane7,spur3,stable_reference,6.490488707061133,-0.4089180943597449,-0.1539135656217935,-0.9651478679291312,-0.1539135656217935,13.833333400000003,486.45126232698766,2.038616340642836,365.9281879193364,1.5026833356731635,1.5026888646224055,0.18070466511802152,-0.020747849727950296,1.656595986959286,-0.15391265128612241
P15_AV2_1_interaction,P15,AV2,1,on_ramp,P15_AV2_1,P15_AV2.1.asc,AV1,60,initiator_active,4247,1,70783.33,70783.334,1.0,21.36,76.896,161.0,47.727449,-1480.958691,0.0,0.0,0.0,21.36,0.0,0.0,1480.910969,-34.5778,6.283378,1.0,0.0,0.0,0.0,0.0,1601.647632,-35.03897,1021.0,1.0,101.208228,7.0,-0.041819,34.150006,122.940021,34.150005,-0.005352,5.3e-05,-0.421285,0.006514,-2e-06,0.003454,0.0,0.0,0.0,0.0,0.0,0.0,-9999.0,-9999.0,-9999.0,-9999.0,-9999.0,-9999.0,-9999.0,-9999.0,-9999.0,-9999.0,-9999.0,-9999.0,-9999.0,-9999.0,161.0,lane7,spur3,stable_reference,6.500430385325156,-0.4006343888935273,-0.1521326804579391,-0.939223030131098,-0.1521326804579391,13.85,487.0205325411875,2.040939431223514,366.28417521841027,1.5056912914709615,1.5056981910029048,0.18042865701002597,-0.018332072243553377,1.6578230681727177,-0.15213177670175626
P15_AV2_1_interaction,P15,AV2,1,on_ramp,P15_AV2_1,P15_AV2.1.asc,AV1,60,initiator_active,4248,1,70800.0,70800.0,1.0,21.36,76.896,161.0,48.083447,-1481.314593,0.0,0.0,0.0,21.36,0.0,0.0,1481.266969,-34.577734,6.283372,1.0,0.0,0.0,0.0,0.0,1602.216785,-35.041342,1021.0,1.0,101.777386,7.0,-0.041317,34.142985,122.914747,34.142985,-0.005351,5.3e-05,-0.421197,0.006513,-2e-06,0.003768,0.0,0.0,0.0,0.0,0.0,0.0,-9999.0,-9999.0,-9999.0,-9999.0,-9999.0,-9999.0,-9999.0,-9999.0,-9999.0,-9999.0,-9999.0,-9999.0,-9999.0,-9999.0,161.0,lane7,spur3,stable_reference,6.51036806512733,-0.3923546823625002,-0.1503557952478827,-0.9133021817698872,-0.1503557952478827,13.866665999999997,487.58968573461374,2.0432645561371228,366.6401625504949,1.508695247404986,1.508703021033032,0.18009361161254134,-0.024218930053451437,1.6590501494524126,-0.15035490204742663
P15_AV2_1_interaction,P15,AV2,1,on_ramp,P15_AV2_1,P15_AV2.1.asc,AV1,60,initiator_active,4249,1,70816.67,70816.6675,1.0,21.36,76.896,161.0,48.439445,-1481.670494,0.0,0.0,0.0,21.36,0.0,0.0,1481.622969,-34.577668,6.283369,1.0,0.0,0.0,0.0,0.0,1602.785821,-35.043712,1021.0,1.0,102.346426,7.0,-0.040813,34.135967,122.88948,34.135966,-0.005349,5.3e-05,-0.421108,0.006511,-2e-06,0.003454,0.0,0.0,0.0,0.0,0.0,0.0,-9999.0,-9999.0,-9999.0,-9999.0,-9999.0,-9999.0,-9999.0,-9999.0,-9999.0,-9999.0,-9999.0,-9999.0,-9999.0,-9999.0,161.0,lane7,spur3,stable_reference,6.520305744929498,-0.3840749758314732,-0.1485789100378405,-0.8873813334086903,-0.1485789100378405,13.883333499999994,488.15872191551864,2.045590715417715,366.9961498825796,1.5116992033390033,1.5117013407953563,0.17962134295832755,-0.03252664671488059,1.660277230732114,-0.14857802739311077
P15_AV2_1_interaction,P15,AV2,1,on_ramp,P15_AV2_1,P15_AV2.1.asc,AV1,60,initiator_active,4250,1,70833.33,70833.3341,1.0,21.36,76.896,161.0,48.795443,-1482.026396,0.0,0.0,0.0,21.36,0.0,0.0,1481.978969,-34.577607,6.283342,1.0,0.0,0.0,0.0,0.0,1603.354739,-35.046079,1021.0,1.0,102.91535,7.0,-0.040308,34.128949,122.864217,34.128949,-0.005347,5.3e-05,-0.421019,0.006507,-2e-06,0.003454,0.0,0.0,0.0,0.0,0.0,0.0,-9999.0,-9999.0,-9999.0,-9999.0,-9999.0,-9999.0,-9999.0,-9999.0,-9999.0,-9999.0,-9999.0,-9999.0,-9999.0,-9999.0,161.0,lane7,spur3,stable_reference,6.530238426654352,-0.3758002679694539,-0.1468146929950009,-0.862238942253691,-0.1468146929950009,13.90000009999999,488.7276400756842,2.047918900778548,367.35213725592763,1.5146981594432964,1.514690537325252,0.17900937266357886,-0.04052003313090946,1.6615119615561655,-0.1468138021128691
P15_AV2_1_interaction,P15,AV2,1,on_ramp,P15_AV2_1,P15_AV2.1.asc,AV1,60,initiator_active,4251,1,70850.0,70850.0007,1.0,21.36,76.896,161.0,49.151441,-1482.382297,0.0,0.0,0.0,21.36,0.0,0.0,1482.334969,-34.577566,6.283289,1.0,0.0,0.0,0.0,0.0,1603.923541,-35.048444,1021.0,1.0,103.484157,7.0,-0.0398,34.121933,122.83896,34.121933,-0.005344,5.3e-05,-0.420931,0.006502,-2e-06,0.003768,0.0,0.0,0.0,0.0,0.0,0.0,-9999.0,-9999.0,-9999.0,-9999.0,-9999.0,-9999.0,-9999.0,-9999.0,-9999.0,-9999.0,-9999.0,-9999.0,-9999.0,-9999.0,161.0,lane7,spur3,stable_reference,6.54015111606995,-0.367545554783423,-0.1450759050864959,-0.8373541692294106,-0.1450759050864959,13.916666700000002,489.29644222329415,2.0502481287590477,367.7081247943296,1.5176771162286709,1.5176682960162273,0.17827068058996787,-0.04586171213931678,1.662752140984126,-0.14507502475545508
P15_AV2_1_interaction,P15,AV2,1,on_ramp,P15_AV2_1,P15_AV2.1.asc,AV1,60,initiator_active,4252,1,70866.67,70866.6674,1.0,21.36,76.896,161.0,49.507439,-1482.738199,0.0,0.0,0.0,21.36,0.0,0.0,1482.690969,-34.577543,6.283239,1.0,0.0,0.0,0.0,0.0,1604.492227,-35.050807,1021.0,1.0,104.052846,7.0,-0.039291,34.114919,122.813707,34.114918,-0.005341,5.3e-05,-0.420842,0.006497,-2e-06,0.003454,0.0,0.0,0.0,0.0,0.0,0.0,-9999.0,-9999.0,-9999.0,-9999.0,-9999.0,-9999.0,-9999.0,-9999.0,-9999.0,-9999.0,-9999.0,-9999.0,-9999.0,-9999.0,161.0,lane7,spur3,stable_reference,6.550045812407198,-0.3593088368057994,-0.1433551169732882,-0.812487352320669,-0.1433551169732882,13.933333400000004,489.86512835834935,2.0525783993592346,368.06411248127995,1.5206380736270138,1.5206328873234525,0.17748065014632175,-0.04594886426182043,1.663992320711127,-0.14335424708411315
P15_AV2_1_interaction,P15,AV2,1,on_ramp,P15_AV2_1,P15_AV2.1.asc,AV1,60,initiator_active,4253,1,70883.33,70883.3343,1.0,21.36,76.896,161.0,49.863437,-1483.094102,0.0,0.0,0.0,21.36,0.0,0.0,1483.046969,-34.577534,6.283202,1.0,0.0,0.0,0.0,0.0,1605.060795,-35.053168,1021.0,1.0,104.621419,7.0,-0.038781,34.107906,122.788461,34.107905,-0.005337,5.3e-05,-0.420754,0.00649,-2e-06,0.003768,0.0,0.0,0.0,0.0,0.0,0.0,-9999.0,-9999.0,-9999.0,-9999.0,-9999.0,-9999.0,-9999.0,-9999.0,-9999.0,-9999.0,-9999.0,-9999.0,-9999.0,-9999.0,161.0,lane7,spur3,stable_reference,6.559926514127964,-0.3510861151013782,-0.1416483287008736,-0.7876345012795806,-0.1416483287008736,13.9500003,490.4336964809176,2.0549096960737097,368.420100283768,1.5235850315021129,1.5235843648581544,0.1767390401093607,-0.03918314527053823,1.6652325006707263,-0.14164746916861337
P15_AV2_1_interaction,P15,AV2,1,on_ramp,P15_AV2_1,P15_AV2.1.asc,AV1,60,initiator_active,4254,1,70900.0,70900.0007,1.0,21.36,76.896,161.0,50.219436,-1483.450005,0.0,0.0,0.0,21.36,0.0,0.0,1483.402969,-34.577535,6.283177,1.0,0.0,0.0,0.0,0.0,1605.629246,-35.055527,1021.0,1.0,105.189875,7.0,-0.038269,34.100894,122.763219,34.100894,-0.005333,5.3e-05,-0.420665,0.006482,-2e-06,0.003768,0.0,0.0,0.0,0.0,0.0,0.0,-9999.0,-9999.0,-9999.0,-9999.0,-9999.0,-9999.0,-9999.0,-9999.0,-9999.0,-9999.0,-9999.0,-9999.0,-9999.0,-9999.0,161.0,lane7,spur3,stable_reference,6.569797219694102,-0.3428733907349479,-0.1399929352796983,-0.763852043948359,-0.1399929352796983,13.966666700000001,491.0021475909645,2.0572420271551684,368.776088168783,1.5265219897177567,1.526524183116257,0.17617454129732124,-0.026987656257888126,1.6665140018613807,-0.139992012143624
P15_AV2_1_interaction,P15,AV2,1,on_ramp,P15_AV2_1,P15_AV2.1.asc,AV1,60,initiator_active,4255,1,70916.67,70916.6672,1.0,21.36,76.896,161.0,50.575434,-1483.805908,0.0,0.0,0.0,21.36,0.0,0.0,1483.758969,-34.577542,6.283161,1.0,0.0,0.0,0.0,0.0,1606.19758,-35.057883,1021.0,1.0,105.758214,7.0,-0.037755,34.093884,122.737983,34.093884,-0.005329,5.3e-05,-0.420577,0.006473,-2e-06,0.003454,0.0,0.0,0.0,0.0,0.0,0.0,-9999.0,-9999.0,-9999.0,-9999.0,-9999.0,-9999.0,-9999.0,-9999.0,-9999.0,-9999.0,-9999.0,-9999.0,-9999.0,-9999.0,161.0,lane7,spur3,stable_reference,6.579661927567453,-0.3346666647713281,-0.1383547902887256,-0.7401398849992088,-0.1383547902887256,13.983333199999993,491.5704816802379,2.059576392569558,369.13207610331415,1.5294529481377181,1.5294567731822877,0.1758394646386492,-0.01673387332609444,1.6678068260925631,-0.138353877954845
P15_AV2_1_interaction,P15,AV2,1,on_ramp,P15_AV2_1,P15_AV2.1.asc,AV1,60,initiator_active,4256,1,70933.33,70933.3341,1.0,21.36,76.896,161.0,50.931433,-1484.161812,0.0,0.0,0.0,21.36,0.0,0.0,1484.114969,-34.577553,6.283153,1.0,0.0,0.0,0.0,0.0,1606.765798,-35.060237,1021.0,1.0,106.326437,7.0,-0.037239,34.086876,122.712753,34.086875,-0.005325,5.3e-05,-0.420488,0.006462,-2e-06,0.003768,0.0,0.0,0.0,0.0,0.0,0.0,-9999.0,-9999.0,-9999.0,-9999.0,-9999.0,-9999.0,-9999.0,-9999.0,-9999.0,-9999.0,-9999.0,-9999.0,-9999.0,-9999.0,161.0,lane7,spur3,stable_reference,6.589522636978963,-0.3264639377429078,-0.1367206452550391,-0.7164317171619432,-0.1367206452550391,14.00000009999999,492.13869975695593,2.0619118006036166,369.488064070856,1.5323799066938992,1.5323855102326807,0.17561674710096753,-0.014532620551579,1.6690996503908746,-0.13671974369697537
P15_AV2_1_interaction,P15,AV2,1,on_ramp,P15_AV2_1,P15_AV2.1.asc,AV1,60,initiator_active,4257,1,70950.0,70950.0002,1.0,21.36,76.896,161.0,51.287431,-1484.517716,0.0,0.0,0.0,21.36,0.0,0.0,1484.470969,-34.577566,6.283148,1.0,0.0,0.0,0.0,0.0,1607.333899,-35.062588,1021.0,1.0,106.894542,7.0,-0.036722,34.079869,122.687527,34.079868,-0.00532,5.3e-05,-0.4204,0.006452,-2e-06,0.003454,0.0,0.0,0.0,0.0,0.0,0.0,-9999.0,-9999.0,-9999.0,-9999.0,-9999.0,-9999.0,-9999.0,-9999.0,-9999.0,-9999.0,-9999.0,-9999.0,-9999.0,-9999.0,161.0,lane7,spur3,stable_reference,6.599381347159532,-0.318263210182074,-0.1350885001999922,-0.6928750932017846,-0.1350885001999922,14.016666199999992,492.70680081290044,2.064249242970613,369.8440520549033,1.535304865318193,1.5353106063814252,0.17535505066936707,-0.018712809627034588,1.6703924747227503,-0.13508760940455722
P15_AV2_1_interaction,P15,AV2,1,on_ramp,P15_AV2_1,P15_AV2.1.asc,AV1,60,initiator_active,4258,1,70966.67,70966.6674,1.0,21.36,76.896,161.0,51.64343,-1484.873619,0.0,0.0,0.0,21.36,0.0,0.0,1484.826969,-34.57758,6.283146,1.0,0.0,0.0,0.0,0.0,1607.901883,-35.064938,1021.0,1.0,107.462531,7.0,-0.036203,34.072863,122.662307,34.072863,-0.005315,5.3e-05,-0.420311,0.006439,-2e-06,0.003454,0.0,0.0,0.0,0.0,0.0,0.0,-9999.0,-9999.0,-9999.0,-9999.0,-9999.0,-9999.0,-9999.0,-9999.0,-9999.0,-9999.0,-9999.0,-9999.0,-9999.0,-9999.0,161.0,lane7,spur3,stable_reference,6.609239057724648,-0.3100634823550555,-0.1334834577680717,-0.670390317575089,-0.1334834577680717,14.033333400000004,493.27478486457653,2.0665867197386447,370.20004004720323,1.5382288239765365,1.5382306723984405,0.17499298078053016,-0.0248561273401684,1.6717113651600048,-0.13348254118346836
P15_AV2_1_interaction,P15,AV2,1,on_ramp,P15_AV2_1,P15_AV2.1.asc,AV1,60,initiator_active,4259,1,70983.33,70983.3342,1.0,21.36,76.896,161.0,51.999428,-1485.229523,0.0,0.0,0.0,21.36,0.0,0.0,1485.182969,-34.577597,6.283125,1.0,0.0,0.0,0.0,0.0,1608.46975,-35.067285,1021.0,1.0,108.030403,7.0,-0.035682,34.065859,122.637092,34.065858,-0.00531,5.3e-05,-0.420223,0.006427,-2e-06,0.003454,0.0,0.0,0.0,0.0,0.0,0.0,-9999.0,-9999.0,-9999.0,-9999.0,-9999.0,-9999.0,-9999.0,-9999.0,-9999.0,-9999.0,-9999.0,-9999.0,-9999.0,-9999.0,161.0,lane7,spur3,stable_reference,6.61909376944337,-0.3018667537294264,-0.1318817541303397,-0.6479085359512737,-0.1318817541303397,14.050000199999994,493.84265189547887,2.068926230839606,370.5560280642613,1.5411497827370424,1.541143822567061,0.17452649902668327,-0.03065291928516345,1.6730306312811227,-0.13188084854408033
P15_AV2_1_interaction,P15,AV2,1,on_ramp,P15_AV2_1,P15_AV2.1.asc,AV1,60,initiator_active,4260,1,71000.0,71000.0008,1.0,21.36,76.896,161.0,52.355427,-1485.585427,0.0,0.0,0.0,21.36,0.0,0.0,1485.538969,-34.57763,6.283085,1.0,0.0,0.0,0.0,0.0,1609.037501,-35.069629,1021.0,1.0,108.598158,7.0,-0.03516,34.058856,122.611882,34.058856,-0.005304,5.3e-05,-0.420135,0.006413,-2e-06,0.003454,0.0,0.0,0.0,0.0,0.0,0.0,-9999.0,-9999.0,-9999.0,-9999.0,-9999.0,-9999.0,-9999.0,-9999.0,-9999.0,-9999.0,-9999.0,-9999.0,-9999.0,-9999.0,161.0,lane7,spur3,stable_reference,6.628932487314684,-0.2936860208446058,-0.1302960503272109,-0.6254427223428501,-0.1302960503272109,14.066666799999991,494.4104029055734,2.071267784526188,370.9120162133624,1.5440547420424109,1.5440482341055386,0.1739712158265192,-0.03456064645608414,1.67434989767184,-0.13029515562942917
P15_AV2_1_interaction,P15,AV2,1,on_ramp,P15_AV2_1,P15_AV2.1.asc,AV1,60,initiator_active,4261,1,71016.67,71016.6669,1.0,21.36,76.896,161.0,52.711425,-1485.941331,0.0,0.0,0.0,21.36,0.0,0.0,1485.894969,-34.577676,6.283047,1.0,0.0,0.0,0.0,0.0,1609.605135,-35.071972,1021.0,1.0,109.165796,7.0,-0.034636,34.051855,122.586678,34.051855,-0.005298,5.3e-05,-0.420046,0.006398,-1e-06,0.003768,0.0,0.0,0.0,0.0,0.0,0.0,-9999.0,-9999.0,-9999.0,-9999.0,-9999.0,-9999.0,-9999.0,-9999.0,-9999.0,-9999.0,-9999.0,-9999.0,-9999.0,-9999.0,161.0,lane7,spur3,stable_reference,6.638758210184982,-0.2855182844991795,-0.128733219684631,-0.6033846189288194,-0.128733219684631,14.083332899999993,494.97803691139956,2.0736093726138054,371.2680044697485,1.546946701790486,1.5469427532070106,0.1733745006100591,-0.034748419654853535,1.6756789656404874,-0.12873226385000125
P15_AV2_1_interaction,P15,AV2,1,on_ramp,P15_AV2_1,P15_AV2.1.asc,AV1,60,initiator_active,4262,1,71033.33,71033.3336,1.0,21.36,76.896,161.0,53.067424,-1486.297236,0.0,0.0,0.0,21.36,0.0,0.0,1486.250969,-34.577733,6.283019,1.0,0.0,0.0,0.0,0.0,1610.172652,-35.074312,1021.0,1.0,109.733318,7.0,-0.03411,34.044855,122.561479,34.044855,-0.005292,5.3e-05,-0.419958,0.006383,-1e-06,0.003454,0.0,0.0,0.0,0.0,0.0,0.0,-9999.0,-9999.0,-9999.0,-9999.0,-9999.0,-9999.0,-9999.0,-9999.0,-9999.0,-9999.0,-9999.0,-9999.0,-9999.0,-9999.0,161.0,lane7,spur3,stable_reference,6.648572937285164,-0.2773615452255591,-0.127224097504229,-0.5822421769895081,-0.127224097504229,14.099999599999995,495.54555389645185,2.075952995034359,371.6239928169142,1.5498276619131481,1.549827291296407,0.17281295497072335,-0.029777839635350745,1.6770508147878684,-0.1272231528747203
P15_AV2_1_interaction,P15,AV2,1,on_ramp,P15_AV2_1,P15_AV2.1.asc,AV1,60,initiator_active,4263,1,71050.0,71050.0002,1.0,21.36,76.896,161.0,53.423422,-1486.653141,0.0,0.0,0.0,21.36,0.0,0.0,1486.606969,-34.577797,6.283,1.0,0.0,0.0,0.0,0.0,1610.740053,-35.07665,1021.0,1.0,110.300723,7.0,-0.033583,34.037857,122.536286,34.037857,-0.005286,5.3e-05,-0.41987,0.006368,-1e-06,0.003454,0.0,0.0,0.0,0.0,0.0,0.0,-9999.0,-9999.0,-9999.0,-9999.0,-9999.0,-9999.0,-9999.0,-9999.0,-9999.0,-9999.0,-9999.0,-9999.0,-9999.0,-9999.0,161.0,lane7,spur3,stable_reference,6.658380667077125,-0.2692118040885258,-0.1257219752560734,-0.5611067226280055,-0.1257219752560734,14.116666199999992,496.11295486894915,2.078297660074583,371.97998122184873,1.5527016222741987,1.5527031793307327,0.17238190616517812,-0.020918834520592178,1.6784226640539106,-0.12572104177971188
P15_AV2_1_interaction,P15,AV2,1,on_ramp,P15_AV2_1,P15_AV2.1.asc,AV1,60,initiator_active,4264,1,71066.67,71066.6667,1.0,21.36,76.896,161.0,53.779421,-1487.009046,0.0,0.0,0.0,21.36,0.0,0.0,1486.962969,-34.577866,6.282989,1.0,0.0,0.0,0.0,0.0,1611.307336,-35.078986,1021.0,1.0,110.868012,7.0,-0.033054,34.03086,122.511097,34.03086,-0.00528,5.3e-05,-0.419782,0.006351,-1e-06,0.003454,0.0,0.0,0.0,0.0,0.0,0.0,-9999.0,-9999.0,-9999.0,-9999.0,-9999.0,-9999.0,-9999.0,-9999.0,-9999.0,-9999.0,-9999.0,-9999.0,-9999.0,-9999.0,161.0,lane7,spur3,stable_reference,6.6681833987917525,-0.2610670616205073,-0.1242248529595465,-0.5399762593934943,-0.1242248529595465,14.133332699999999,496.6802378289595,2.0806433512291025,372.33596966804674,1.555570582805511,1.5555733146472155,0.17211566437892856,-0.012941672960196549,1.6797945134047179,-0.12422393059920678
P15_AV2_1_interaction,P15,AV2,1,on_ramp,P15_AV2_1,P15_AV2.1.asc,AV1,60,initiator_active,4265,1,71083.33,71083.3342,1.0,21.36,76.896,161.0,54.13542,-1487.364952,0.0,0.0,0.0,21.36,0.0,0.0,1487.318969,-34.577938,6.282982,1.0,0.0,0.0,0.0,0.0,1611.874504,-35.08132,1021.0,1.0,111.435184,7.0,-0.032523,34.023865,122.485914,34.023865,-0.005273,5.3e-05,-0.419694,0.006334,-1e-06,0.003454,0.0,0.0,0.0,0.0,0.0,0.0,-9999.0,-9999.0,-9999.0,-9999.0,-9999.0,-9999.0,-9999.0,-9999.0,-9999.0,-9999.0,-9999.0,-9999.0,-9999.0,-9999.0,161.0,lane7,spur3,stable_reference,6.677983131659993,-0.2529253183538925,-0.1227358435853704,-0.5195383267615834,-0.1227358435853704,14.150000199999996,497.2474057763804,2.0829900932559893,372.6919581390028,1.558436543438986,1.5584404826987814,0.17195051450489274,-0.010046743950189452,1.6811714581513197,-0.12273491471233378
P15_AV2_1_interaction,P15,AV2,1,on_ramp,P15_AV2_1,P15_AV2.1.asc,AV1,60,initiator_active,4266,1,71100.0,71100.0006,1.0,21.36,76.896,161.0,54.491419,-1487.720857,0.0,0.0,0.0,21.36,0.0,0.0,1487.674969,-34.578011,6.282979,1.0,0.0,0.0,0.0,0.0,1612.441555,-35.083651,1021.0,1.0,112.002239,7.0,-0.031991,34.016871,122.460736,34.016871,-0.005266,5.3e-05,-0.419606,0.006317,-1e-06,0.003768,0.0,0.0,0.0,0.0,0.0,0.0,-9999.0,-9999.0,-9999.0,-9999.0,-9999.0,-9999.0,-9999.0,-9999.0,-9999.0,-9999.0,-9999.0,-9999.0,-9999.0,-9999.0,161.0,lane7,spur3,stable_reference,6.687781864912787,-0.2447845748210593,-0.1212558816964051,-0.4998289432875312,-0.1212558816964051,14.166666599999997,497.814456703028,2.085338869615801,373.0479466182116,1.5613015041065246,1.5613050960587933,0.17178076752490057,-0.012157599193060697,1.6825564681303433,-0.12125496402381875
P15_AV2_1_interaction,P15,AV2,1,on_ramp,P15_AV2_1,P15_AV2.1.asc,AV1,60,initiator_active,4267,1,71116.67,71116.6669,1.0,21.36,76.896,161.0,54.847417,-1488.076763,0.0,0.0,0.0,21.36,0.0,0.0,1488.030969,-34.578085,6.282977,1.0,0.0,0.0,0.0,0.0,1613.008489,-35.08598,1021.0,1.0,112.569178,7.0,-0.031457,34.009879,122.435564,34.009878,-0.00526,5.3e-05,-0.419518,0.006299,-1e-06,0.003454,0.0,0.0,0.0,0.0,0.0,0.0,-9999.0,-9999.0,-9999.0,-9999.0,-9999.0,-9999.0,-9999.0,-9999.0,-9999.0,-9999.0,-9999.0,-9999.0,-9999.0,-9999.0,161.0,lane7,spur3,stable_reference,6.697579598550093,-0.2366448310220432,-0.1197769197979374,-0.4801205582683908,-0.1197769197979374,14.183332899999995,498.3813906171542,2.0876886803426036,373.40393510567304,1.5641654648081054,1.5641663995082156,0.17154526929279257,-0.016180462502269677,1.6839414781263389,-0.11977601331823351
P15_AV2_1_interaction,P15,AV2,1,on_ramp,P15_AV2_1,P15_AV2.1.asc,AV1,60,initiator_active,4268,1,71133.33,71133.3335,1.0,21.36,76.896,161.0,55.203416,-1488.432668,0.0,0.0,0.0,21.36,0.0,0.0,1488.386969,-34.578162,6.282964,1.0,0.0,0.0,0.0,0.0,1613.575306,-35.088307,1021.0,1.0,113.136,7.0,-0.030922,34.002888,122.410396,34.002887,-0.005253,5.3e-05,-0.41943,0.006281,-1e-06,0.003454,0.0,0.0,0.0,0.0,0.0,0.0,-9999.0,-9999.0,-9999.0,-9999.0,-9999.0,-9999.0,-9999.0,-9999.0,-9999.0,-9999.0,-9999.0,-9999.0,-9999.0,-9999.0,161.0,lane7,spur3,stable_reference,6.7073743333410265,-0.2285080864244167,-0.1183009578709204,-0.4604151686139356,-0.1183009578709204,14.199999499999992,498.9482075187593,2.0900395254363846,373.7599236178926,1.567026425611856,1.5670231972835729,0.17124142455619307,-0.019663359291914873,1.6853264881732504,-0.11830006256139436
P15_AV2_1_interaction,P15,AV2,1,on_ramp,P15_AV2_1,P15_AV2.1.asc,AV1,60,initiator_active,4269,1,71150.0,71150.0004,1.0,21.36,76.896,161.0,55.559415,-1488.788574,0.0,0.0,0.0,21.36,0.0,0.0,1488.742969,-34.578248,6.282938,1.0,0.0,0.0,0.0,0.0,1614.142008,-35.090632,1021.0,1.0,113.702705,7.0,-0.030384,33.995898,122.385234,33.995898,-0.005246,5.3e-05,-0.419342,0.006263,-1e-06,0.003454,0.0,0.0,0.0,0.0,0.0,0.0,-9999.0,-9999.0,-9999.0,-9999.0,-9999.0,-9999.0,-9999.0,-9999.0,-9999.0,-9999.0,-9999.0,-9999.0,-9999.0,-9999.0,161.0,lane7,spur3,stable_reference,6.717160071592791,-0.2203803394309901,-0.1168805560010473,-0.4417060271627119,-0.1168805560010473,14.216666400000001,499.51490940777546,2.0923914214025365,374.11591220438635,1.5698783867220871,1.5698744754333829,0.17088981984626628,-0.022019861866354518,1.686757954353168,-0.11687956763108098
P15_AV2_1_interaction,P15,AV2,1,on_ramp,P15_AV2_1,P15_AV2.1.asc,AV1,60,initiator_active,4270,1,71166.67,71166.6667,1.0,21.36,76.896,161.0,55.915414,-1489.14448,0.0,0.0,0.0,21.36,0.0,0.0,1489.098969,-34.578342,6.282914,1.0,0.0,0.0,0.0,0.0,1614.708592,-35.092955,1021.0,1.0,114.269295,7.0,-0.029846,33.98891,122.360078,33.98891,-0.005239,5.3e-05,-0.419254,0.006244,-1e-06,0.003454,0.0,0.0,0.0,0.0,0.0,0.0,-9999.0,-9999.0,-9999.0,-9999.0,-9999.0,-9999.0,-9999.0,-9999.0,-9999.0,-9999.0,-9999.0,-9999.0,-9999.0,-9999.0,161.0,lane7,spur3,stable_reference,6.726937812920841,-0.2122605903079678,-0.1155006112282223,-0.423488450166379,-0.1155006112282223,14.233332699999998,500.08149328430443,2.0947443434829744,374.4719008569016,1.5727223481047568,1.5727195020478386,0.17050743320525896,-0.022248249831259947,1.6882219826321558,-0.11549963452739909
P15_AV2_1_interaction,P15,AV2,1,on_ramp,P15_AV2_1,P15_AV2.1.asc,AV1,60,initiator_active,4271,1,71183.33,71183.3341,1.0,21.36,76.896,161.0,56.271412,-1489.500386,0.0,0.0,0.0,21.36,0.0,0.0,1489.454969,-34.578444,6.282896,1.0,0.0,0.0,0.0,0.0,1615.27506,-35.095275,1021.0,1.0,114.835767,7.0,-0.029305,33.981924,122.334926,33.981924,-0.005231,5.3e-05,-0.419166,0.006224,-1e-06,0.003768,0.0,0.0,0.0,0.0,0.0,0.0,-9999.0,-9999.0,-9999.0,-9999.0,-9999.0,-9999.0,-9999.0,-9999.0,-9999.0,-9999.0,-9999.0,-9999.0,-9999.0,-9999.0,161.0,lane7,spur3,stable_reference,6.736707557325198,-0.2041488390553374,-0.114128666386824,-0.4052788625801317,-0.114128666386824,14.25000009999999,500.64796114002564,2.0970993081490406,374.8278895754384,1.5755583097598573,1.5755581186241785,0.1701482048909142,-0.018904061115014414,1.6896860110473522,-0.11412770128749483
P15_AV2_1_interaction,P15,AV2,1,on_ramp,P15_AV2_1,P15_AV2.1.asc,AV1,60,initiator_active,4272,1,71200.0,71200.0007,1.0,21.36,76.896,161.0,56.627411,-1489.856293,0.0,0.0,0.0,21.36,0.0,0.0,1489.810969,-34.57855,6.282885,1.0,0.0,0.0,0.0,0.0,1615.841412,-35.097593,1021.0,1.0,115.402124,7.0,-0.028763,33.974939,122.30978,33.974939,-0.005224,5.3e-05,-0.419078,0.006205,-1e-06,0.003454,0.0,0.0,0.0,0.0,0.0,0.0,-9999.0,-9999.0,-9999.0,-9999.0,-9999.0,-9999.0,-9999.0,-9999.0,-9999.0,-9999.0,-9999.0,-9999.0,-9999.0,-9999.0,161.0,lane7,spur3,stable_reference,6.746473303267687,-0.196041086737924,-0.1127607215111542,-0.3870732696989155,-0.1127607215111542,14.266666700000002,501.21431298319186,2.099455315434778,375.183878326986,1.5783902715511702,1.5783912225677403,0.1698772809942497,-0.013213491316160564,1.6911500395306653,-0.11275976797949516
P15_AV2_1_interaction,P15,AV2,1,on_ramp,P15_AV2_1,P15_AV2.1.asc,AV1,60,initiator_active,4273,1,71216.67,71216.6676,1.0,21.36,76.896,161.0,56.98341,-1490.212199,0.0,0.0,0.0,21.36,0.0,0.0,1490.166969,-34.578659,6.282877,1.0,0.0,0.0,0.0,0.0,1616.407648,-35.099909,1021.0,1.0,115.968363,7.0,-0.02822,33.967955,122.284639,33.967955,-0.005217,5.3e-05,-0.41899,0.006185,-1e-06,0.003454,0.0,0.0,0.0,0.0,0.0,0.0,-9999.0,-9999.0,-9999.0,-9999.0,-9999.0,-9999.0,-9999.0,-9999.0,-9999.0,-9999.0,-9999.0,-9999.0,-9999.0,-9999.0,161.0,lane7,spur3,stable_reference,6.756236050363794,-0.1879363336218948,-0.1114164804903784,-0.3702443502666532,-0.1114164804903784,14.283333599999999,501.78054881380297,2.1018123653402006,375.5398671032919,1.581219233444647,1.5812207229044195,0.16970775480334765,-0.008162390324679691,1.692634737730368,-0.111415504285721
P15_AV2_1_interaction,P15,AV2,1,on_ramp,P15_AV2_1,P15_AV2.1.asc,AV1,60,initiator_active,4274,1,71233.33,71233.3343,1.0,21.36,76.896,161.0,57.339409,-1490.568106,0.0,0.0,0.0,21.36,0.0,0.0,1490.522969,-34.57877,6.282873,1.0,0.0,0.0,0.0,0.0,1616.973767,-35.102223,1021.0,1.0,116.534487,7.0,-0.027675,33.960973,122.259504,33.960973,-0.005209,5.2e-05,-0.418902,0.006165,-1e-06,0.003768,0.0,0.0,0.0,0.0,0.0,0.0,-9999.0,-9999.0,-9999.0,-9999.0,-9999.0,-9999.0,-9999.0,-9999.0,-9999.0,-9999.0,-9999.0,-9999.0,-9999.0,-9999.0,161.0,lane7,spur3,stable_reference,6.765996798228976,-0.1798335799734697,-0.1100797485588087,-0.3536456525603881,-0.1100797485588087,14.300000299999999,502.3466676318928,2.104170449612593,375.89585589610294,1.5840461954062357,1.5840481930072081,0.16960519833651233,-0.00572948216629765,1.6941249794725133,-0.11007878406627758
P15_AV2_1_interaction,P15,AV2,1,on_ramp,P15_AV2_1,P15_AV2.1.asc,AV1,60,initiator_active,4275,1,71250.0,71250.0007,1.0,21.36,76.896,161.0,57.695408,-1490.924013,0.0,0.0,0.0,21.36,0.0,0.0,1490.878969,-34.578882,6.282871,1.0,0.0,0.0,0.0,0.0,1617.539769,-35.104534,1021.0,1.0,117.100494,7.0,-0.027128,33.953993,122.234373,33.953992,-0.005202,5.2e-05,-0.418815,0.006146,-1e-06,0.003454,0.0,0.0,0.0,0.0,0.0,0.0,-9999.0,-9999.0,-9999.0,-9999.0,-9999.0,-9999.0,-9999.0,-9999.0,-9999.0,-9999.0,-9999.0,-9999.0,-9999.0,-9999.0,161.0,lane7,spur3,stable_reference,6.775756546478689,-0.1717318260588494,-0.1087440166189789,-0.3370479537519851,-0.1087440166189789,14.3166667,502.912669429209,2.1065305682179227,376.2518446971667,1.5868721574018734,1.5868741899666916,0.1695167731470164,-0.00578965272370624,1.6956152212316866,-0.10874306382981325
P15_AV2_1_interaction,P15,AV2,1,on_ramp,P15_AV2_1,P15_AV2.1.asc,AV1,60,initiator_active,4276,1,71266.67,71266.6676,1.0,21.36,76.896,161.0,58.051406,-1491.27992,0.0,0.0,0.0,21.36,0.0,0.0,1491.234969,-34.578994,6.28287,1.0,0.0,0.0,0.0,0.0,1618.105656,-35.106844,1021.0,1.0,117.666385,7.0,-0.026579,33.947013,122.209248,33.947013,-0.005195,5.2e-05,-0.418727,0.006125,-1e-06,0.003454,0.0,0.0,0.0,0.0,0.0,0.0,-9999.0,-9999.0,-9999.0,-9999.0,-9999.0,-9999.0,-9999.0,-9999.0,-9999.0,-9999.0,-9999.0,-9999.0,-9999.0,-9999.0,161.0,lane7,spur3,stable_reference,6.785516294728405,-0.163630072144222,-0.1074082846791419,-0.3205264408365587,-0.1074082846791419,14.333333599999998,503.4785562221887,2.108890737729671,376.60783349823043,1.5896981193975115,1.5896987464157915,0.16941220962131354,-0.0069899305888485586,1.6971054629908526,-0.10740734359334114
P15_AV2_1_interaction,P15,AV2,1,on_ramp,P15_AV2_1,P15_AV2.1.asc,AV1,60,initiator_active,4277,1,71283.33,71283.3341,1.0,21.36,76.896,161.0,58.407405,-1491.635826,0.0,0.0,0.0,21.36,0.0,0.0,1491.590969,-34.579107,6.282864,1.0,0.0,0.0,0.0,0.0,1618.671426,-35.109151,1021.0,1.0,118.232159,7.0,-0.02603,33.940036,122.184128,33.940035,-0.005187,5.2e-05,-0.418639,0.006105,-1e-06,0.003454,0.0,0.0,0.0,0.0,0.0,0.0,-9999.0,-9999.0,-9999.0,-9999.0,-9999.0,-9999.0,-9999.0,-9999.0,-9999.0,-9999.0,-9999.0,-9999.0,-9999.0,-9999.0,161.0,lane7,spur3,stable_reference,6.795275043362665,-0.1555293179633975,-0.1061388988137988,-0.3055995912063096,-0.1061388988137988,14.35000009999999,504.0443259943948,2.111252941574357,376.9638223075468,1.5925230814272058,1.5925212749619242,0.1692837755676848,-0.008340425026725384,1.6986609661353103,-0.10613788470810448
P15_AV2_1_interaction,P15,AV2,1,on_ramp,P15_AV2_1,P15_AV2.1.asc,AV1,60,initiator_active,4278,1,71300.0,71300.0005,1.0,21.36,76.896,161.0,58.763404,-1491.991733,0.0,0.0,0.0,21.36,0.0,0.0,1491.946969,-34.579225,6.282853,1.0,0.0,0.0,0.0,0.0,1619.237079,-35.111456,1021.0,1.0,118.797817,7.0,-0.025478,33.933059,122.159014,33.933059,-0.00518,5.2e-05,-0.418552,0.006085,-1e-06,0.003454,0.0,0.0,0.0,0.0,0.0,0.0,-9999.0,-9999.0,-9999.0,-9999.0,-9999.0,-9999.0,-9999.0,-9999.0,-9999.0,-9999.0,-9999.0,-9999.0,-9999.0,-9999.0,161.0,lane7,spur3,stable_reference,6.805028793919599,-0.1474335624515808,-0.1048751251010841,-0.2906777371121598,-0.1048751251010841,14.366666499999992,504.60997875407963,2.1136161797860193,377.3198111581267,1.595343043627169,1.5953414655923364,0.16913419919480077,-0.009320265372467773,1.7002171666973027,-0.10487412307013377
P15_AV2_1_interaction,P15,AV2,1,on_ramp,P15_AV2_1,P15_AV2.1.asc,AV1,60,initiator_active,4279,1,71316.67,71316.667,1.0,21.36,76.896,161.0,59.119403,-1492.347641,0.0,0.0,0.0,21.36,0.0,0.0,1492.302969,-34.579346,6.282843,1.0,0.0,0.0,0.0,0.0,1619.802617,-35.113759,1021.0,1.0,119.363359,7.0,-0.024925,33.926085,122.133904,33.926084,-0.005172,5.2e-05,-0.418464,0.006065,-1e-06,0.003454,0.0,0.0,0.0,0.0,0.0,0.0,-9999.0,-9999.0,-9999.0,-9999.0,-9999.0,-9999.0,-9999.0,-9999.0,-9999.0,-9999.0,-9999.0,-9999.0,-9999.0,-9999.0,161.0,lane7,spur3,stable_reference,6.814779545630144,-0.1393408061411482,-0.1036143513657625,-0.2757588803396566,-0.1036143513657625,14.383332999999999,505.1755165011754,2.1159804688700454,377.67580003346467,1.5981600059292946,1.5981590082942767,0.1689731040249427,-0.00940828587245246,1.701773367310189,-0.10361336138089428
P15_AV2_1_interaction,P15,AV2,1,on_ramp,P15_AV2_1,P15_AV2.1.asc,AV1,60,initiator_active,4280,1,71333.33,71333.3341,1.0,21.36,76.896,161.0,59.475402,-1492.703548,0.0,0.0,0.0,21.36,0.0,0.0,1492.658969,-34.57947,6.282835,1.0,0.0,0.0,0.0,0.0,1620.368038,-35.11606,1021.0,1.0,119.928785,7.0,-0.02437,33.919111,122.1088,33.919111,-0.005165,5.2e-05,-0.418377,0.006044,-1e-06,0.003454,0.0,0.0,0.0,0.0,0.0,0.0,-9999.0,-9999.0,-9999.0,-9999.0,-9999.0,-9999.0,-9999.0,-9999.0,-9999.0,-9999.0,-9999.0,-9999.0,-9999.0,-9999.0,161.0,lane7,spur3,stable_reference,6.8245272984942975,-0.1312510490321297,-0.102361580806816,-0.261266045345059,-0.102361580806816,14.40000009999999,505.7409372357501,2.1183457923210645,378.03178893356073,1.6009739683335829,1.6009739473552815,0.16882058746587347,-0.00849141062742742,1.7033345379564848,-0.10236056962290196
P15_AV2_1_interaction,P15,AV2,1,on_ramp,P15_AV2_1,P15_AV2.1.asc,AV1,60,initiator_active,4281,1,71350.0,71350.0006,1.0,21.36,76.896,161.0,59.8314,-1493.059455,0.0,0.0,0.0,21.36,0.0,0.0,1493.014969,-34.579596,6.28283,1.0,0.0,0.0,0.0,0.0,1620.933343,-35.118358,1021.0,1.0,120.494094,7.0,-0.023814,33.912139,122.083702,33.912139,-0.005157,5.2e-05,-0.418289,0.006024,-1e-06,0.003454,0.0,0.0,0.0,0.0,0.0,0.0,-9999.0,-9999.0,-9999.0,-9999.0,-9999.0,-9999.0,-9999.0,-9999.0,-9999.0,-9999.0,-9999.0,-9999.0,-9999.0,-9999.0,161.0,lane7,spur3,stable_reference,6.834273052127536,-0.1231632913907048,-0.1011319758355978,-0.2481521033568482,-0.1011319758355978,14.416666599999997,506.30624194951685,2.1207131583576957,378.38777785016214,1.6037859308059772,1.6037864063142657,0.1686900539484526,-0.006447198340542748,1.7049169076043738,-0.10113097679839655
P15_AV2_1_interaction,P15,AV2,1,on_ramp,P15_AV2_1,P15_AV2.1.asc,AV1,60,initiator_active,4282,1,71366.67,71366.6673,1.0,21.36,76.896,161.0,60.187399,-1493.415363,0.0,0.0,0.0,21.36,0.0,0.0,1493.370969,-34.579723,6.282827,1.0,0.0,0.0,0.0,0.0,1621.498532,-35.120655,1021.0,1.0,121.059287,7.0,-0.023256,33.905169,122.058608,33.905168,-0.00515,5.2e-05,-0.418202,0.006004,-1e-06,0.003454,0.0,0.0,0.0,0.0,0.0,0.0,-9999.0,-9999.0,-9999.0,-9999.0,-9999.0,-9999.0,-9999.0,-9999.0,-9999.0,-9999.0,-9999.0,-9999.0,-9999.0,-9999.0,161.0,lane7,spur3,stable_reference,6.844017806145302,-0.1150765334830829,-0.0999033708571185,-0.2350391606768404,-0.0999033708571185,14.4333333,506.8714306589814,2.1230805670480635,378.74376677501624,1.606596893312428,1.6065969266378888,0.16860568226810813,-0.003597095571646669,1.7064992772691807,-0.09990238395675277
P15_AV2_1_interaction,P15,AV2,1,on_ramp,P15_AV2_1,P15_AV2.1.asc,AV1,60,initiator_active,4283,1,71383.33,71383.334,1.0,21.36,76.896,161.0,60.543398,-1493.77127,0.0,0.0,0.0,21.36,0.0,0.0,1493.726969,-34.579851,6.282825,1.0,0.0,0.0,0.0,0.0,1622.063604,-35.122949,1021.0,1.0,121.624364,7.0,-0.022697,33.8982,122.03352,33.8982,-0.005143,5.2e-05,-0.418114,0.005983,-1e-06,0.003768,0.0,0.0,0.0,0.0,0.0,0.0,-9999.0,-9999.0,-9999.0,-9999.0,-9999.0,-9999.0,-9999.0,-9999.0,-9999.0,-9999.0,-9999.0,-9999.0,-9999.0,-9999.0,161.0,lane7,spur3,stable_reference,6.853761560547606,-0.1069907753092568,-0.0986757658713906,-0.22192721730502,-0.0986757658713906,14.45,507.436502347672,2.1254500100713587,379.09975570812304,1.6094068558529353,1.609406606963582,0.16857015052292468,-0.0006837209594650062,1.7080816469509161,-0.09867479109798083
P15_AV2_1_interaction,P15,AV2,1,on_ramp,P15_AV2_1,P15_AV2.1.asc,AV1,60,initiator_active,4284,1,71400.0,71400.0009,1.0,21.36,76.896,161.0,60.899397,-1494.127178,0.0,0.0,0.0,21.36,0.0,0.0,1494.082969,-34.579979,6.282825,1.0,0.0,0.0,0.0,0.0,1622.628561,-35.125241,1021.0,1.0,122.189325,7.0,-0.022136,33.891232,122.008437,33.891232,-0.005135,5.2e-05,-0.418027,0.005963,-1e-06,0.003454,0.0,0.0,0.0,0.0,0.0,0.0,-9999.0,-9999.0,-9999.0,-9999.0,-9999.0,-9999.0,-9999.0,-9999.0,-9999.0,-9999.0,-9999.0,-9999.0,-9999.0,-9999.0,161.0,lane7,spur3,stable_reference,6.863505314949912,-0.0989050171354379,-0.0974843550924813,-0.2096050124324206,-0.0974843550924813,14.466666899999996,508.0014590237736,2.1278205039670173,379.45574464122984,1.6122168183934358,1.6122159766032267,0.16858289196640897,0.0019774941550920744,1.7097000948432841,-0.09748327644984833
P15_AV2_1_interaction,P15,AV2,1,on_ramp,P15_AV2_1,P15_AV2.1.asc,AV1,60,initiator_active,4285,1,71416.67,71416.6673,1.0,21.36,76.896,161.0,61.255395,-1494.483085,0.0,0.0,0.0,21.36,0.0,0.0,1494.438969,-34.580108,6.282824,1.0,0.0,0.0,0.0,0.0,1623.193401,-35.127532,1021.0,1.0,122.75417,7.0,-0.021574,33.884266,121.983359,33.884266,-0.005128,5.2e-05,-0.417939,0.005943,-1e-06,0.003454,0.0,0.0,0.0,0.0,0.0,0.0,-9999.0,-9999.0,-9999.0,-9999.0,-9999.0,-9999.0,-9999.0,-9999.0,-9999.0,-9999.0,-9999.0,-9999.0,-9999.0,-9999.0,161.0,lane7,spur3,stable_reference,6.87324806973675,-0.0908202586954148,-0.0963500642635821,-0.1983475645042098,-0.0963500642635821,14.483333299999998,508.56629869560675,2.1301910322637174,379.81173358258934,1.6150257809679924,1.6150260310532922,0.16863606571584455,0.004046765609793113,1.7113747791396159,-0.09634899817162346
P15_AV2_1_interaction,P15,AV2,1,on_ramp,P15_AV2_1,P15_AV2.1.asc,AV1,60,initiator_active,4286,1,71433.33,71433.3343,1.0,21.36,76.896,161.0,61.611394,-1494.838993,0.0,0.0,0.0,21.36,0.0,0.0,1494.794969,-34.580236,6.282828,1.0,0.0,0.0,0.0,0.0,1623.758126,-35.12982,1021.0,1.0,123.318899,7.0,-0.02101,33.877302,121.958286,33.877301,-0.00512,5.2e-05,-0.417852,0.005923,-1e-06,0.003454,0.0,0.0,0.0,0.0,0.0,0.0,-9999.0,-9999.0,-9999.0,-9999.0,-9999.0,-9999.0,-9999.0,-9999.0,-9999.0,-9999.0,-9999.0,-9999.0,-9999.0,-9999.0,161.0,lane7,spur3,stable_reference,6.882991824139054,-0.0827345005215887,-0.0952147734409743,-0.187089117087635,-0.0952147734409743,14.5000003,509.131023346598,2.13256361139873,380.16772251569614,1.6178357435085,1.6178371900722817,0.16871778545075244,0.005697857227547232,1.7130494634192557,-0.09521371991075567
P15_AV2_1_interaction,P15,AV2,1,on_ramp,P15_AV2_1,P15_AV2.1.asc,AV1,60,initiator_active,4287,1,71450.0,71450.0008,1.0,21.36,76.896,161.0,61.967393,-1495.194901,0.0,0.0,0.0,21.36,0.0,0.0,1495.150968,-34.580361,6.282835,1.0,0.0,0.0,0.0,0.0,1624.322734,-35.132106,1021.0,1.0,123.883511,7.0,-0.020445,33.870339,121.933219,33.870338,-0.005113,5.2e-05,-0.417765,0.005903,-1e-06,0.003454,0.0,0.0,0.0,0.0,0.0,0.0,-9999.0,-9999.0,-9999.0,-9999.0,-9999.0,-9999.0,-9999.0,-9999.0,-9999.0,-9999.0,-9999.0,-9999.0,-9999.0,-9999.0,161.0,lane7,spur3,stable_reference,6.892738549658235,-0.0746457662186231,-0.0940764861858292,-0.1758277031901672,-0.0940764861858292,14.516666799999992,509.69563098506836,2.1349372249007303,380.5237104240788,1.6206486976941452,1.6206499853029972,0.1688259944449797,0.006791010451997259,1.7147241429446494,-0.09407544525050415
P15_AV2_1_interaction,P15,AV2,1,on_ramp,P15_AV2_1,P15_AV2.1.asc,AV1,60,initiator_active,4288,1,71466.67,71466.6676,1.0,21.36,76.896,161.0,62.323391,-1495.550808,0.0,0.0,0.0,21.36,0.0,0.0,1495.506968,-34.580484,6.282842,1.0,0.0,0.0,0.0,0.0,1624.887226,-35.134389,1021.0,1.0,124.448008,7.0,-0.019878,33.863377,121.908157,33.863376,-0.005106,5.2e-05,-0.417678,0.005883,-1e-06,0.003768,0.0,0.0,0.0,0.0,0.0,0.0,-9999.0,-9999.0,-9999.0,-9999.0,-9999.0,-9999.0,-9999.0,-9999.0,-9999.0,-9999.0,-9999.0,-9999.0,-9999.0,-9999.0,161.0,lane7,spur3,stable_reference,6.902487302137861,-0.0665550093758016,-0.0929595282650083,-0.1657923020305603,-0.0929595282650083,14.533333599999999,510.2601226027308,2.13731288098835,380.87969931592215,1.623463660064384,1.6234647176268704,0.16894415241849714,0.007129621344341253,1.7164221108021047,-0.0929584507377208
P15_AV2_1_interaction,P15,AV2,1,on_ramp,P15_AV2_1,P15_AV2.1.asc,AV1,60,initiator_active,4289,1,71483.33,71483.3335,1.0,21.36,76.896,161.0,62.67939,-1495.906716,0.0,0.0,0.0,21.36,0.0,0.0,1495.862968,-34.580604,6.282847,1.0,0.0,0.0,0.0,0.0,1625.451602,-35.136671,1021.0,1.0,125.012388,7.0,-0.01931,33.856417,121.8831,33.856416,-0.005099,5.2e-05,-0.41759,0.005863,-1e-06,0.003454,0.0,0.0,0.0,0.0,0.0,0.0,-9999.0,-9999.0,-9999.0,-9999.0,-9999.0,-9999.0,-9999.0,-9999.0,-9999.0,-9999.0,-9999.0,-9999.0,-9999.0,-9999.0,161.0,lane7,spur3,stable_reference,6.912239053463868,-0.0584612533315784,-0.0918556243973083,-0.1565114681768804,-0.0918556243973083,14.549999499999991,510.82449821609083,2.139688579729697,381.2356881830074,1.6262816223324532,1.6262813499415048,0.1690636439020068,0.007776177299920306,1.7181361819982202,-0.09185455966576694
P15_AV2_1_interaction,P15,AV2,1,on_ramp,P15_AV2_1,P15_AV2.1.asc,AV1,60,initiator_active,4290,1,71500.0,71500.0001,1.0,21.36,76.896,161.0,63.035388,-1496.262624,0.0,0.0,0.0,21.36,0.0,0.0,1496.218968,-34.580724,6.282851,1.0,0.0,0.0,0.0,0.0,1626.015862,-35.138951,1021.0,1.0,125.576653,7.0,-0.01874,33.849458,121.858048,33.849457,-0.005092,5.2e-05,-0.417503,0.005843,-1e-06,0.003454,0.0,0.0,0.0,0.0,0.0,0.0,-9999.0,-9999.0,-9999.0,-9999.0,-9999.0,-9999.0,-9999.0,-9999.0,-9999.0,-9999.0,-9999.0,-9999.0,-9999.0,-9999.0,161.0,lane7,spur3,stable_reference,6.921990804789887,-0.0503674972873481,-0.0907517205296021,-0.1472306343231873,-0.0907517205296021,14.566666100000003,511.38875781689563,2.1420653210907203,381.5916770500927,1.6290995846005292,1.6291000316183397,0.1692033526972665,0.007827609106667133,1.7198502531943374,-0.0907506685938082
P15_AV2_1_interaction,P15,AV2,1,on_ramp,P15_AV2_1,P15_AV2.1.asc,AV1,60,initiator_active,4291,1,71516.67,71516.6674,1.0,21.36,76.896,161.0,63.391387,-1496.618531,0.0,0.0,0.0,21.36,0.0,0.0,1496.574968,-34.580842,6.282853,1.0,0.0,0.0,0.0,0.0,1626.580007,-35.141228,1021.0,1.0,126.140801,7.0,-0.018168,33.8425,121.833002,33.8425,-0.005084,5.2e-05,-0.417416,0.005823,-1e-06,0.003768,0.0,0.0,0.0,0.0,0.0,0.0,-9999.0,-9999.0,-9999.0,-9999.0,-9999.0,-9999.0,-9999.0,-9999.0,-9999.0,-9999.0,-9999.0,-9999.0,-9999.0,-9999.0,161.0,lane7,spur3,stable_reference,6.931744555346814,-0.0422717417755261,-0.0896458166737135,-0.1379478011669437,-0.0896458166737135,14.583333400000003,511.9529023968587,2.1444441132900582,381.9476659006726,1.6319195468004923,1.6319215576944701,0.1693245678642583,0.003374897672046906,1.7215643243573409,-0.08964477755684852
P15_AV2_1_interaction,P15,AV2,1,on_ramp,P15_AV2_1,P15_AV2.1.asc,AV1,60,initiator_active,4292,1,71533.33,71533.3341,1.0,21.36,76.896,161.0,63.747385,-1496.974439,0.0,0.0,0.0,21.36,0.0,0.0,1496.930968,-34.58096,6.282854,1.0,0.0,0.0,0.0,0.0,1627.144035,-35.143504,1021.0,1.0,126.704834,7.0,-0.017595,33.835545,121.807961,33.835544,-0.005077,5.2e-05,-0.417329,0.005804,-1e-06,0.003454,0.0,0.0,0.0,0.0,0.0,0.0,-9999.0,-9999.0,-9999.0,-9999.0,-9999.0,-9999.0,-9999.0,-9999.0,-9999.0,-9999.0,-9999.0,-9999.0,-9999.0,-9999.0,161.0,lane7,spur3,stable_reference,6.941498305903754,-0.0341759862637094,-0.0886129993590474,-0.1303095971426695,-0.0886129993590474,14.60000009999999,512.5169299725534,2.14682293989043,382.30365475125245,1.6347395090004555,1.6347442967162025,0.16931585621346557,-0.0069416454675002015,1.7233513677899075,-0.08861185878945199
P15_AV2_1_interaction,P15,AV2,1,on_ramp,P15_AV2_1,P15_AV2.1.asc,AV1,60,initiator_active,4293,1,71550.0,71550.0005,1.0,21.36,76.896,161.0,64.103384,-1497.330347,0.0,0.0,0.0,21.36,0.0,0.0,1497.286968,-34.581078,6.282855,1.0,0.0,0.0,0.0,0.0,1627.707947,-35.145777,1021.0,1.0,127.268751,7.0,-0.017021,33.82859,121.782925,33.82859,-0.00507,5.2e-05,-0.417242,0.005785,-1e-06,0.003454,0.0,0.0,0.0,0.0,0.0,0.0,-9999.0,-9999.0,-9999.0,-9999.0,-9999.0,-9999.0,-9999.0,-9999.0,-9999.0,-9999.0,-9999.0,-9999.0,-9999.0,-9999.0,161.0,lane7,spur3,stable_reference,6.951252056460688,-0.0260802307518803,-0.0875992582152437,-0.1230524835848695,-0.0875992582152437,14.616666499999992,513.0808415274403,2.149203809076424,382.65964360183233,1.6375594712004187,1.6375653800901049,0.16909318515305927,-0.0204517844837655,1.7251576018942911,-0.08759813069387246
P15_AV2_1_interaction,P15,AV2,1,on_ramp,P15_AV2_1,P15_AV2.1.asc,AV1,60,initiator_active,4294,1,71566.67,71566.6668,1.0,21.36,76.896,161.0,64.459382,-1497.686254,0.0,0.0,0.0,21.36,0.0,0.0,1497.642968,-34.581196,6.282855,1.0,0.0,0.0,0.0,0.0,1628.271744,-35.148049,1021.0,1.0,127.832551,7.0,-0.016445,33.821637,121.757894,33.821637,-0.005063,5.2e-05,-0.417155,0.005765,-1e-06,0.003768,0.0,0.0,0.0,0.0,0.0,0.0,-9999.0,-9999.0,-9999.0,-9999.0,-9999.0,-9999.0,-9999.0,-9999.0,-9999.0,-9999.0,-9999.0,-9999.0,-9999.0,-9999.0,161.0,lane7,spur3,stable_reference,6.961005807017634,-0.0179844752400564,-0.0865855170714408,-0.1157953700270625,-0.0865855170714408,14.633332800000003,513.6446380779905,2.151584729168841,383.01563245241243,1.6403794334003836,1.640380629163861,0.1686341444350603,-0.03401739417157401,1.726963835998678,-0.08658440259829447
P15_AV2_1_interaction,P15,AV2,1,on_ramp,P15_AV2_1,P15_AV2.1.asc,AV1,60,initiator_active,4295,1,71583.33,71583.3334,1.0,21.36,76.896,161.0,64.815381,-1498.042162,0.0,0.0,0.0,21.36,0.0,0.0,1497.998968,-34.581318,6.282826,1.0,0.0,0.0,0.0,0.0,1628.835424,-35.150318,1021.0,1.0,128.396236,7.0,-0.015868,33.814686,121.732868,33.814685,-0.005056,5.2e-05,-0.417068,0.005746,-1e-06,0.003454,0.0,0.0,0.0,0.0,0.0,0.0,-9999.0,-9999.0,-9999.0,-9999.0,-9999.0,-9999.0,-9999.0,-9999.0,-9999.0,-9999.0,-9999.0,-9999.0,-9999.0,-9999.0,161.0,lane7,spur3,stable_reference,6.970755559112714,-0.0098927186634391,-0.0855757759074246,-0.1085546655289502,-0.0855757759074246,14.6499994,514.2083176077673,2.153967683594191,383.3716213360031,1.6431953957365586,1.643186444992434,0.16795928287023543,-0.04489539231121231,1.7287700701675772,-0.08557467443101863
P15_AV2_1_interaction,P15,AV2,1,on_ramp,P15_AV2_1,P15_AV2.1.asc,AV1,60,initiator_active,4296,1,71600.0,71600.0006,1.0,21.36,76.896,161.0,65.171379,-1498.39807,0.0,0.0,0.0,21.36,0.0,0.0,1498.354968,-34.581462,6.282768,1.0,0.0,0.0,0.0,0.0,1629.398989,-35.152585,1021.0,1.0,128.959805,7.0,-0.015289,33.807736,121.707848,33.807735,-0.005049,5.2e-05,-0.416981,0.005727,-1e-06,0.003454,0.0,0.0,0.0,0.0,0.0,0.0,-9999.0,-9999.0,-9999.0,-9999.0,-9999.0,-9999.0,-9999.0,-9999.0,-9999.0,-9999.0,-9999.0,-9999.0,-9999.0,-9999.0,161.0,lane7,spur3,stable_reference,6.980483319667604,-0.0018229562304092,-0.0846272168179021,-0.1034927216392534,-0.0846272168179021,14.666666599999997,514.7718821249547,2.1563516888919008,383.72761040115296,1.6459893588219285,1.645979349838783,0.1671376051224982,-0.0508577817027156,1.730615438286002,-0.08462607946407341
P15_AV2_1_interaction,P15,AV2,1,on_ramp,P15_AV2_1,P15_AV2.1.asc,AV1,60,initiator_active,4297,1,71616.67,71616.6673,1.0,21.36,76.896,161.0,65.527377,-1498.753979,0.0,0.0,0.0,21.36,0.0,0.0,1498.710968,-34.581625,6.282713,1.0,0.0,0.0,0.0,0.0,1629.962438,-35.15485,1021.0,1.0,129.523258,7.0,-0.014709,33.800787,121.682833,33.800787,-0.005042,5.2e-05,-0.416894,0.005708,-1e-06,0.003454,0.0,0.0,0.0,0.0,0.0,0.0,-9999.0,-9999.0,-9999.0,-9999.0,-9999.0,-9999.0,-9999.0,-9999.0,-9999.0,-9999.0,-9999.0,-9999.0,-9999.0,-9999.0,161.0,lane7,spur3,stable_reference,6.990192087528697,0.0062278112604105,-0.0836979140686939,-0.0984497757179309,-0.0836979140686939,14.6833333,515.335330629587,2.1587367368092885,384.08359962310396,1.6487643225543231,1.648757793639144,0.16626399621940635,-0.050145254535094885,1.732461111758623,-0.0836967892042999
P15_AV2_1_interaction,P15,AV2,1,on_ramp,P15_AV2_1,P15_AV2.1.asc,AV1,60,initiator_active,4298,1,71633.33,71633.3341,1.0,21.36,76.896,161.0,65.883376,-1499.109888,0.0,0.0,0.0,21.36,0.0,0.0,1499.066968,-34.581805,6.282672,1.0,0.0,0.0,0.0,0.0,1630.525771,-35.157114,1021.0,1.0,130.086596,7.0,-0.014127,33.79384,121.657823,33.793839,-0.005035,5.2e-05,-0.416807,0.005689,-1e-06,0.003454,0.0,0.0,0.0,0.0,0.0,0.0,-9999.0,-9999.0,-9999.0,-9999.0,-9999.0,-9999.0,-9999.0,-9999.0,-9999.0,-9999.0,-9999.0,-9999.0,-9999.0,-9999.0,161.0,lane7,spur3,stable_reference,6.9998838619269135,0.0142615832766312,-0.0827856112394636,-0.0934238279788414,-0.0827856112394636,14.70000009999999,515.898663129917,2.1611218273804105,384.4395889853507,1.651522286865637,1.6515215106683012,0.16546608873468927,-0.039350528814744656,1.734306785501668,-0.0827844986360311
P15_AV2_1_interaction,P15,AV2,1,on_ramp,P15_AV2_1,P15_AV2.1.asc,AV1,60,initiator_active,4299,1,71650.0,71650.0,1.0,21.36,76.896,161.0,66.239374,-1499.465797,0.0,0.0,0.0,21.36,0.0,0.0,1499.422968,-34.581995,6.282644,1.0,0.0,0.0,0.0,0.0,1631.088988,-35.159375,1021.0,1.0,130.649817,7.0,-0.013544,33.786894,121.632818,33.786894,-0.005029,5.2e-05,-0.41672,0.005671,-1e-06,0.003454,0.0,0.0,0.0,0.0,0.0,0.0,-9999.0,-9999.0,-9999.0,-9999.0,-9999.0,-9999.0,-9999.0,-9999.0,-9999.0,-9999.0,-9999.0,-9999.0,-9999.0,-9999.0,161.0,lane7,spur3,stable_reference,7.009565640170503,0.0222853579548631,-0.0818960826385898,-0.0888555615832471,-0.0818960826385898,14.716665999999998,516.461879609439,2.1635089605371522,384.7955784301244,1.6542702515174947,1.6542732257751847,0.16495232150563055,-0.02257113383194742,1.7361651536298348,-0.08189490211234007
P15_AV2_1_interaction,P15,AV2,1,on_ramp,P15_AV2_1,P15_AV2.1.asc,AV1,60,initiator_active,4300,1,71666.67,71666.6674,1.0,21.36,76.896,161.0,66.595373,-1499.821707,0.0,0.0,0.0,21.36,0.0,0.0,1499.778968,-34.582193,6.282627,1.0,0.0,0.0,0.0,0.0,1631.65209,-35.161634,1021.0,1.0,131.212923,7.0,-0.01296,33.77995,121.607819,33.779949,-0.005022,5.2e-05,-0.416633,0.005652,-1e-06,0.003768,0.0,0.0,0.0,0.0,0.0,0.0,-9999.0,-9999.0,-9999.0,-9999.0,-9999.0,-9999.0,-9999.0,-9999.0,-9999.0,-9999.0,-9999.0,-9999.0,-9999.0,-9999.0,161.0,lane7,spur3,stable_reference,7.0192394214903775,0.0303011347626837,-0.0810675805931275,-0.0860830481512694,-0.0810675805931275,14.733333400000003,517.0249810763721,2.1658971445662574,385.15156794091956,1.6570102164417841,1.6570199154121856,0.16471374312939702,-0.016901475289778034,1.7380766284514595,-0.08106641200967535
P15_AV2_1_interaction,P15,AV2,1,on_ramp,P15_AV2_1,P15_AV2.1.asc,AV1,60,initiator_active,4301,1,71683.33,71683.3341,1.0,21.36,76.896,161.0,66.951371,-1500.177617,0.0,0.0,0.0,21.36,0.0,0.0,1500.134968,-34.582394,6.282617,1.0,0.0,0.0,0.0,0.0,1632.215075,-35.163891,1021.0,1.0,131.775913,7.0,-0.012374,33.773007,121.582825,33.773006,-0.005015,5.2e-05,-0.416547,0.005633,-1e-06,0.003454,0.0,0.0,0.0,0.0,0.0,0.0,-9999.0,-9999.0,-9999.0,-9999.0,-9999.0,-9999.0,-9999.0,-9999.0,-9999.0,-9999.0,-9999.0,-9999.0,-9999.0,-9999.0,161.0,lane7,spur3,stable_reference,7.028910203963864,0.0383139123691006,-0.0802420785352035,-0.0833135346148535,-0.0802420785352035,14.75000009999999,517.587965530784,2.1682863629623483,385.50755747647287,1.6597471814682285,1.6597638102725685,0.16438892966046126,-0.0325503054669829,1.7399881033195341,-0.0802409218513056
P15_AV2_1_interaction,P15,AV2,1,on_ramp,P15_AV2_1,P15_AV2.1.asc,AV1,60,initiator_active,4302,1,71700.0,71700.0002,1.0,21.36,76.896,161.0,67.30737,-1500.533527,0.0,0.0,0.0,21.36,0.0,0.0,1500.490968,-34.582598,6.282612,1.0,0.0,0.0,0.0,0.0,1632.777946,-35.166146,1021.0,1.0,132.338787,7.0,-0.011786,33.766065,121.557836,33.766065,-0.005008,5.2e-05,-0.41646,0.005615,-1e-06,0.003768,0.0,0.0,0.0,0.0,0.0,0.0,-9999.0,-9999.0,-9999.0,-9999.0,-9999.0,-9999.0,-9999.0,-9999.0,-9999.0,-9999.0,-9999.0,-9999.0,-9999.0,-9999.0,161.0,lane7,spur3,stable_reference,7.038577987590972,0.04632369077413,-0.079419576464803,-0.0805470209739942,-0.079419576464803,14.766666199999992,518.1508359725725,2.1706766404834985,385.8635470367842,1.662481146596843,1.6624994590200841,0.1636287659808886,-0.06249284077958439,1.7418995782340574,-0.0794184316372144
P15_AV2_1_interaction,P15,AV2,1,on_ramp,P15_AV2_1,P15_AV2.1.asc,AV1,60,initiator_active,4303,1,71716.67,71716.6675,1.0,21.36,76.896,7.0,0.05055,-1500.889437,0.0,0.0,0.0,21.36,0.0,0.0,1500.846968,-34.582803,6.28261,1.0,0.0,0.0,0.0,0.0,1633.3407,-35.168399,1021.0,1.0,132.901546,7.0,-0.011197,33.759126,121.532852,33.759125,-0.005002,5.2e-05,-0.416373,0.005597,-1e-06,0.003454,0.0,0.0,0.0,0.0,0.0,0.0,-9999.0,-9999.0,-9999.0,-9999.0,-9999.0,-9999.0,-9999.0,-9999.0,-9999.0,-9999.0,-9999.0,-9999.0,-9999.0,-9999.0,7.0,lane7,spur3,stable_reference,7.048244771602598,0.0543324694453493,-0.0783073794700919,-0.0777815072983214,-0.0783073794700919,14.783333499999994,518.7135894018402,2.1730679523716288,386.21953660534825,1.6652141117595067,1.6652181121426965,0.1623057902846341,-0.09566399787283153,1.7435210642758412,-0.07830695251633446
P15_AV2_1_interaction,P15,AV2,1,on_ramp,P15_AV2_1,P15_AV2.1.asc,AV1,60,initiator_active,4304,1,71733.33,71733.3334,1.0,21.36,76.896,7.0,0.406546,-1501.245347,0.0,0.0,0.0,21.36,0.0,0.0,1501.202968,-34.583022,6.282528,1.0,0.0,0.0,0.0,0.0,1633.903339,-35.17065,1021.0,1.0,133.464189,7.0,-0.010607,33.752187,121.507873,33.752187,-0.004995,5.2e-05,-0.416286,0.005579,-1e-06,0.003454,0.0,0.0,0.0,0.0,0.0,0.0,-9999.0,-9999.0,-9999.0,-9999.0,-9999.0,-9999.0,-9999.0,-9999.0,-9999.0,-9999.0,-9999.0,-9999.0,-9999.0,-9999.0,7.0,lane7,spur3,stable_reference,7.048437386351931,0.0623272518433732,-0.0767639780807669,-0.0750299931352739,-0.0767639780807669,14.7999994,519.2762278185186,2.1754603151321277,386.57552628945,1.667933077398927,1.667909632648863,0.16044002441280014,-0.12383448246591922,1.7446966369409933,-0.07676355954206637
P15_AV2_1_interaction,P15,AV2,1,on_ramp,P15_AV2_1,P15_AV2.1.asc,AV1,60,initiator_active,4305,1,71750.0,71750.0007,1.0,21.36,76.896,7.0,0.762542,-1501.601257,0.0,0.0,0.0,21.36,0.0,0.0,1501.558968,-34.583299,6.282367,1.0,0.0,0.0,0.0,0.0,1634.465862,-35.172899,1021.0,1.0,134.026716,7.0,-0.010015,33.74525,121.4829,33.74525,-0.004989,5.2e-05,-0.4162,0.005561,-1e-06,0.003454,0.0,0.0,0.0,0.0,0.0,0.0,-9999.0,-9999.0,-9999.0,-9999.0,-9999.0,-9999.0,-9999.0,-9999.0,-9999.0,-9999.0,-9999.0,-9999.0,-9999.0,-9999.0,7.0,lane7,spur3,stable_reference,7.049963731531009,0.0702640496810005,-0.0752785759806957,-0.0723364769530813,-0.0752785759806957,14.8166667,519.838750222642,2.1778537205123047,386.93151645220786,1.6705940450134857,1.670566088600152,0.15817795743883778,-0.1403459240140128,1.7458722105543085,-0.07527816554082278
P15_AV2_1_interaction,P15,AV2,1,on_ramp,P15_AV2_1,P15_AV2.1.asc,AV1,60,initiator_active,4306,1,71766.67,71766.6673,1.0,21.36,76.896,7.0,1.118539,-1501.957169,0.0,0.0,0.0,21.36,0.0,0.0,1501.914968,-34.583632,6.282215,1.0,0.0,0.0,0.0,0.0,1635.028269,-35.175146,1021.0,1.0,134.589128,7.0,-0.009422,33.738314,121.457932,33.738314,-0.004982,5.2e-05,-0.416113,0.005543,-1e-06,0.003454,0.0,0.0,0.0,0.0,0.0,0.0,-9999.0,-9999.0,-9999.0,-9999.0,-9999.0,-9999.0,-9999.0,-9999.0,-9999.0,-9999.0,-9999.0,-9999.0,-9999.0,-9999.0,7.0,lane7,spur3,stable_reference,7.051434077428564,0.0781448624258178,-0.0738491731944039,-0.0696989588213813,-0.0738491731944039,14.833333299999998,520.4011566142101,2.1802481685121577,387.2875070771164,1.6731990145350626,1.673182322548978,0.15576175389406188,-0.13996764775810355,1.7470477850830979,-0.07384877054803529
P15_AV2_1_interaction,P15,AV2,1,on_ramp,P15_AV2_1,P15_AV2.1.asc,AV1,60,initiator_active,4307,1,71783.33,71783.3342,1.0,21.36,76.896,7.0,1.474536,-1502.313082,0.0,0.0,0.0,21.36,0.0,0.0,1502.270967,-34.584008,6.282102,1.0,0.0,0.0,0.0,0.0,1635.590561,-35.177391,1021.0,1.0,135.151424,7.0,-0.008828,33.73138,121.432969,33.73138,-0.004975,5.2e-05,-0.416027,0.005524,-1e-06,0.003768,0.0,0.0,0.0,0.0,0.0,0.0,-9999.0,-9999.0,-9999.0,-9999.0,-9999.0,-9999.0,-9999.0,-9999.0,-9999.0,-9999.0,-9999.0,-9999.0,-9999.0,-9999.0,7.0,lane7,spur3,stable_reference,7.052861418812253,0.0859826635449765,-0.072462774831736,-0.0671044475368436,-0.072462774831736,14.850000199999995,520.9634479931892,2.1826436673843745,387.6434970569246,1.67576097726828,1.675758172295826,0.15351234885540777,-0.11765246633167425,1.7482233570126797,-0.07246237974439973
P15_AV2_1_interaction,P15,AV2,1,on_ramp,P15_AV2_1,P15_AV2.1.asc,AV1,60,initiator_active,4308,1,71800.0,71800.0005,1.0,21.36,76.896,7.0,1.830533,-1502.668997,0.0,0.0,0.0,21.36,0.0,0.0,1502.626967,-34.584415,6.282026,1.0,0.0,0.0,0.0,0.0,1636.152738,-35.179634,1021.0,1.0,135.713605,7.0,-0.008232,33.724447,121.408011,33.724447,-0.004969,5.2e-05,-0.41594,0.005507,-1e-06,0.003454,0.0,0.0,0.0,0.0,0.0,0.0,-9999.0,-9999.0,-9999.0,-9999.0,-9999.0,-9999.0,-9999.0,-9999.0,-9999.0,-9999.0,-9999.0,-9999.0,-9999.0,-9999.0,7.0,lane7,spur3,stable_reference,7.054257765659235,0.093789495988603,-0.0711073711386439,-0.0645409268289965,-0.0711073711386439,14.866666499999992,521.5256243595791,2.1850402171289596,387.99948829253236,1.6782919493098583,1.6782993816195884,0.15183999993177366,-0.07894812961091446,1.7493989327512054,-0.07110698344134714
P15_AV2_1_interaction,P15,AV2,1,on_ramp,P15_AV2_1,P15_AV2.1.asc,AV1,60,initiator_active,4309,1,71816.67,71816.6683,1.0,21.36,76.896,7.0,2.186531,-1503.024911,0.0,0.0,0.0,21.36,0.0,0.0,1502.982967,-34.58484,6.28198,1.0,0.0,0.0,0.0,0.0,1636.714799,-35.181875,1021.0,1.0,136.27567,7.0,-0.007634,33.717516,121.383058,33.717516,-0.004962,5.2e-05,-0.415854,0.005489,-1e-06,0.003768,0.0,0.0,0.0,0.0,0.0,0.0,-9999.0,-9999.0,-9999.0,-9999.0,-9999.0,-9999.0,-9999.0,-9999.0,-9999.0,-9999.0,-9999.0,-9999.0,-9999.0,-9999.0,7.0,lane7,spur3,stable_reference,7.055636112737161,0.1015783332238222,-0.0697699672249742,-0.0619954054945167,-0.0697699672249742,14.883334300000003,522.087684713414,2.1874378094932228,388.35547967668856,1.6808049219644117,1.680819620129725,0.150880748196073,-0.050378981263016875,1.7505745087839908,-0.06976958681957912
P15_AV2_1_interaction,P15,AV2,1,on_ramp,P15_AV2_1,P15_AV2.1.asc,AV1,60,initiator_active,4310,1,71833.33,71833.3341,1.0,21.36,76.896,7.0,2.542528,-1503.380827,0.0,0.0,0.0,21.36,0.0,0.0,1503.338967,-34.585277,6.281953,1.0,0.0,0.0,0.0,0.0,1637.276744,-35.184115,1021.0,1.0,136.837619,7.0,-0.007036,33.710586,121.358111,33.710586,-0.004956,5.2e-05,-0.415767,0.005471,-1e-06,0.003768,0.0,0.0,0.0,0.0,0.0,0.0,-9999.0,-9999.0,-9999.0,-9999.0,-9999.0,-9999.0,-9999.0,-9999.0,-9999.0,-9999.0,-9999.0,-9999.0,-9999.0,-9999.0,7.0,lane7,spur3,stable_reference,7.057002459969048,0.1093551736534448,-0.0684445631642477,-0.0594618837422818,-0.0684445631642477,14.90000009999999,522.6496290629462,2.189835444511212,388.711471159877,1.6833058950276156,1.6833287814207014,0.15016065843482806,-0.05241017470693077,1.7517500850129422,-0.06844418998532653
P15_AV2_1_interaction,P15,AV2,1,on_ramp,P15_AV2_1,P15_AV2.1.asc,AV1,60,initiator_active,4311,1,71850.0,71850.0009,1.0,21.36,76.896,7.0,2.898525,-1503.736742,0.0,0.0,0.0,21.36,0.0,0.0,1503.694966,-34.585719,6.281939,1.0,0.0,0.0,0.0,0.0,1637.838574,-35.186352,1021.0,1.0,137.399453,7.0,-0.006436,33.703658,121.333168,33.703657,-0.00495,5.2e-05,-0.415681,0.005454,-1e-06,0.003454,0.0,0.0,0.0,0.0,0.0,0.0,-9999.0,-9999.0,-9999.0,-9999.0,-9999.0,-9999.0,-9999.0,-9999.0,-9999.0,-9999.0,-9999.0,-9999.0,-9999.0,-9999.0,7.0,lane7,spur3,stable_reference,7.058363802199519,0.1171269923418046,-0.067124163992813,-0.0569333701601031,-0.067124163992813,14.916666899999997,523.2114583916368,2.1922351303675143,389.06746168436314,1.6858018600083973,1.6858248644993488,0.14913376240100007,-0.07785153973169034,1.7529256580214747,-0.06712379801307744
P15_AV2_1_interaction,P15,AV2,1,on_ramp,P15_AV2_1,P15_AV2.1.asc,AV1,60,initiator_active,4312,1,71866.67,71866.6667,1.0,21.36,76.896,7.0,3.254523,-1504.092658,0.0,0.0,0.0,21.36,0.0,0.0,1504.050966,-34.586165,6.281933,1.0,0.0,0.0,0.0,0.0,1638.400288,-35.188587,1021.0,1.0,137.961172,7.0,-0.005834,33.696731,121.308231,33.696731,-0.004943,5.2e-05,-0.415594,0.005437,-1e-06,0.003454,0.0,0.0,0.0,0.0,0.0,0.0,-9999.0,-9999.0,-9999.0,-9999.0,-9999.0,-9999.0,-9999.0,-9999.0,-9999.0,-9999.0,-9999.0,-9999.0,-9999.0,-9999.0,7.0,lane7,spur3,stable_reference,7.059721149546872,0.1248948351672201,-0.0658077598218114,-0.054408848094559,-0.0658077598218114,14.9333327,523.7731717077721,2.1946358588434935,389.4234532418258,1.688293833378082,1.688299798729321,0.14756569667713393,-0.11113905123872847,1.7541012343975617,-0.0658074010194798
P15_AV2_1_interaction,P15,AV2,1,on_ramp,P15_AV2_1,P15_AV2.1.asc,AV1,60,initiator_active,4313,1,71883.33,71883.3341,1.0,21.36,76.896,7.0,3.61052,-1504.448574,0.0,0.0,0.0,21.36,0.0,0.0,1504.406966,-34.586628,6.281839,1.0,0.0,0.0,0.0,0.0,1638.961887,-35.19082,1021.0,1.0,138.522775,7.0,-0.005231,33.689805,121.283299,33.689805,-0.004937,5.2e-05,-0.415508,0.005419,-1e-06,0.003454,0.0,0.002198,0.0,0.0,0.0,0.0,-9999.0,-9999.0,-9999.0,-9999.0,-9999.0,-9999.0,-9999.0,-9999.0,-9999.0,-9999.0,-9999.0,-9999.0,-9999.0,-9999.0,7.0,lane7,spur3,stable_reference,7.061061497112344,0.1326456825180506,-0.0645083554424786,-0.0519013254371903,-0.0645083554424786,14.95000009999999,524.3347700113181,2.197037638191834,389.77944493958427,1.6907688073266924,1.6907436983778281,0.1454290876149429,-0.14070448475872332,1.755276811051556,-0.06450800372486354
P15_AV2_1_interaction,P15,AV2,1,on_ramp,P15_AV2_1,P15_AV2.1.asc,AV1,60,initiator_active,4314,1,71900.0,71900.0007,1.0,21.36,76.896,7.0,3.966518,-1504.80449,0.0,0.0,0.0,21.36,0.0,0.0,1504.762965,-34.587156,6.281655,1.0,0.0,0.0,0.0,0.0,1639.52337,-35.193051,1021.0,1.0,139.084262,7.0,-0.004627,33.682612,121.257402,33.682611,-0.004931,5.2e-05,-0.436212,0.005404,-2.9e-05,0.003454,0.0,0.0,0.0,0.0,0.0,0.0,-9999.0,-9999.0,-9999.0,-9999.0,-9999.0,-9999.0,-9999.0,-9999.0,-9999.0,-9999.0,-9999.0,-9999.0,-9999.0,-9999.0,7.0,lane7,spur3,stable_reference,7.062336840446196,0.1403315240996017,-0.0632725339375512,-0.0494588088611184,-0.0632725339375512,14.966666700000001,524.8962523023094,2.1994404601598614,390.1354361738016,1.6931787752361167,1.693147533853335,0.14287547340343565,-0.15862112486265723,1.756450969372515,-0.06327219413639829
P15_AV2_1_interaction,P15,AV2,1,on_ramp,P15_AV2_1,P15_AV2.1.asc,AV1,60,initiator_active,4315,1,71916.67,71916.6669,1.0,21.36,76.896,7.0,4.322515,-1505.160408,0.0,0.0,0.0,21.36,0.0,0.0,1505.118965,-34.587748,6.281483,1.0,0.0,0.0,0.0,0.0,1640.084734,-35.195281,1021.0,1.0,139.64563,7.0,-0.004021,33.675601,121.232164,33.675601,-0.004924,5.1e-05,-0.416235,0.005384,-5.8e-05,0.003768,0.0,0.0,0.0,0.0,0.0,0.0,-9999.0,-9999.0,-9999.0,-9999.0,-9999.0,-9999.0,-9999.0,-9999.0,-9999.0,-9999.0,-9999.0,-9999.0,-9999.0,-9999.0,7.0,lane7,spur3,stable_reference,7.063548189666744,0.1479534057902221,-0.0620932714064032,-0.0470802817129034,-0.0620932714064032,14.983332899999994,525.4576155891002,2.201843300023532,390.4914289361573,1.695524753577697,1.6955061390418633,0.14014180570699608,-0.15895392271263376,1.7576176915161024,-0.062092937938405424
P15_AV2_1_interaction,P15,AV2,1,on_ramp,P15_AV2_1,P15_AV2.1.asc,AV1,60,initiator_active,4316,1,71933.33,71933.3336,1.0,21.36,76.896,7.0,4.678513,-1505.516327,0.0,0.0,0.0,21.36,0.0,0.0,1505.474964,-34.588389,6.281355,1.0,0.0,0.0,0.0,0.0,1640.645982,-35.197508,1021.0,1.0,140.206881,7.0,-0.003415,33.668674,121.207225,33.668673,-0.004918,4.9e-05,-0.415457,0.005367,-7.4e-05,0.003454,0.0,0.0,0.0,0.0,0.0,0.0,-9999.0,-9999.0,-9999.0,-9999.0,-9999.0,-9999.0,-9999.0,-9999.0,-9999.0,-9999.0,-9999.0,-9999.0,-9999.0,-9999.0,7.0,lane7,spur3,stable_reference,7.064710534450396,0.1555262774523908,-0.0609630132442023,-0.0447507612029854,-0.0609630132442023,14.999999599999995,526.0188628550832,2.2042481824728313,390.84742110292905,1.6978217253352306,1.6978188652702961,0.13757708326385654,-0.1353900583788077,1.758784411181416,-0.06096268584618536
P15_AV2_1_interaction,P15,AV2,1,on_ramp,P15_AV2_1,P15_AV2.1.asc,AV1,60,initiator_active,4317,1,71950.0,71950.0008,1.0,21.36,76.896,7.0,5.034512,-1505.872247,0.0,0.0,0.0,21.36,0.0,0.0,1505.830964,-34.589064,6.281269,1.0,0.0,0.0,0.0,0.0,1641.207113,-35.199734,1021.0,1.0,140.768017,7.0,-0.002806,33.661752,121.182307,33.661752,-0.004912,4.8e-05,-0.415228,0.00535,-5.6e-05,0.003454,0.0,0.0,0.0,0.0,0.0,0.0,-9999.0,-9999.0,-9999.0,-9999.0,-9999.0,-9999.0,-9999.0,-9999.0,-9999.0,-9999.0,-9999.0,-9999.0,-9999.0,-9999.0,7.0,lane7,spur3,stable_reference,7.065838884735836,0.1630651812376061,-0.0598667496857191,-0.0424552311653141,-0.0598667496857191,15.016666799999992,526.5799931167977,2.2066530993231654,391.2034145502581,1.7000847065032922,1.7000921185914413,0.13562874553326054,-0.09345001064192004,1.759951134678408,-0.05986642817511578
P15_AV2_1_interaction,P15,AV2,1,on_ramp,P15_AV2_1,P15_AV2.1.asc,AV1,60,initiator_active,4318,1,71966.67,71966.6674,1.0,21.36,76.896,7.0,5.39051,-1506.228168,0.0,0.0,0.0,21.36,0.0,0.0,1506.186963,-34.589761,6.281216,1.0,0.0,0.0,0.0,0.0,1641.768129,-35.201957,1021.0,1.0,141.329037,7.0,-0.002197,33.654833,121.157399,33.654833,-0.004905,4.8e-05,-0.415095,0.005333,-2.5e-05,0.003454,0.0,0.0,0.0,0.0,0.0,0.0,-9999.0,-9999.0,-9999.0,-9999.0,-9999.0,-9999.0,-9999.0,-9999.0,-9999.0,-9999.0,-9999.0,-9999.0,-9999.0,-9999.0,7.0,lane7,spur3,stable_reference,7.06694523023797,0.1705820678069718,-0.0587924908303776,-0.0401817087058816,-0.0587924908303776,15.033333400000004,527.1410083576707,2.2090600670118135,391.55940717918054,1.7023256801678515,1.7023398876626443,0.13446201116381218,-0.05818659119651226,1.7611178552568656,-0.05879217508901413
P15_AV2_1_interaction,P15,AV2,1,on_ramp,P15_AV2_1,P15_AV2.1.asc,AV1,60,initiator_active,4319,1,71983.33,71983.334,1.0,21.36,76.896,7.0,5.746508,-1506.58409,0.0,0.0,0.0,21.36,0.0,0.0,1506.542962,-34.59047,6.281187,1.0,0.0,0.0,0.0,0.0,1642.32903,-35.204179,1021.0,1.0,141.889942,7.0,-0.001586,33.647916,121.132497,33.647916,-0.004899,4.8e-05,-0.414994,0.005316,5e-06,0.003454,0.0,0.0,0.0,0.0,0.0,0.0,-9999.0,-9999.0,-9999.0,-9999.0,-9999.0,-9999.0,-9999.0,-9999.0,-9999.0,-9999.0,-9999.0,-9999.0,-9999.0,-9999.0,7.0,lane7,spur3,stable_reference,7.0680395758940655,0.1780869575707216,-0.0577302318264981,-0.0379201858286959,-0.0577302318264981,15.05,527.701908594207,2.2114670856068797,391.91539990713505,1.7045546542410588,1.704574167701968,0.13368920025158815,-0.04957314674408275,1.7622845760309882,-0.05772992178992942
P15_AV2_1_interaction,P15,AV2,1,on_ramp,P15_AV2_1,P15_AV2.1.asc,AV1,60,initiator_active,4320,1,72000.0,72000.0006,1.0,21.36,76.896,7.0,6.102506,-1506.940011,0.0,0.0,0.0,21.36,0.0,0.0,1506.898962,-34.591186,6.281171,1.0,0.0,0.0,0.0,0.0,1642.889815,-35.206398,1021.0,1.0,142.450731,7.0,-0.000973,33.641,121.107602,33.641,-0.004893,4.8e-05,-0.414904,0.005299,2.9e-05,0.003454,0.0,0.0,0.0,0.0,0.0,0.0,-9999.0,-9999.0,-9999.0,-9999.0,-9999.0,-9999.0,-9999.0,-9999.0,-9999.0,-9999.0,-9999.0,-9999.0,-9999.0,-9999.0,7.0,lane7,spur3,stable_reference,7.069126926705542,0.1855848722701517,-0.0566749677605321,-0.0356656543636969,-0.0566749677605321,15.066666599999996,528.2626928099354,2.2138761467875727,392.27139369282446,1.7067766368053403,1.7067961765124695,0.1328095795487627,-0.06346075772968396,1.763451300196533,-0.05667466339119276
P15_AV2_1_interaction,P15,AV2,1,on_ramp,P15_AV2_1,P15_AV2.1.asc,AV1,60,initiator_active,4321,1,72016.67,72016.6668,1.0,21.36,76.896,7.0,6.458505,-1507.295933,0.0,0.0,0.0,21.36,0.0,0.0,1507.254961,-34.591905,6.281164,1.0,0.0,0.0,0.0,0.0,1643.450485,-35.208616,1021.0,1.0,143.011405,7.0,-0.00036,33.634086,121.082711,33.634086,-0.004887,4.9e-05,-0.414816,0.005283,4.4e-05,0.003454,0.0,0.0,0.0,0.0,0.0,0.0,-9999.0,-9999.0,-9999.0,-9999.0,-9999.0,-9999.0,-9999.0,-9999.0,-9999.0,-9999.0,-9999.0,-9999.0,-9999.0,-9999.0,7.0,lane7,spur3,stable_reference,7.070211272489943,0.1930797646959126,-0.0556227086328764,-0.0334141311383776,-0.0556227086328764,15.083332800000004,528.8233620213275,2.2162852588746857,392.6273865033061,1.7089956112190938,1.7090010832643325,0.13157388405287662,-0.08615201761622648,1.7646180211337217,-0.05562240991462786
P15_AV2_1_interaction,P15,AV2,1,on_ramp,P15_AV2_1,P15_AV2.1.asc,AV1,60,initiator_active,4322,1,72033.33,72033.3342,1.0,21.36,76.896,7.0,6.814503,-1507.651855,0.0,0.0,0.0,21.36,0.0,0.0,1507.61096,-34.592638,6.281091,1.0,0.0,0.0,0.0,0.0,1644.01104,-35.210832,1021.0,1.0,143.571964,7.0,0.000255,33.627174,121.057826,33.627174,-0.004881,4.9e-05,-0.414729,0.005266,5e-05,0.003454,0.0,0.0,0.0,0.0,0.0,0.0,-9999.0,-9999.0,-9999.0,-9999.0,-9999.0,-9999.0,-9999.0,-9999.0,-9999.0,-9999.0,-9999.0,-9999.0,-9999.0,-9999.0,7.0,lane7,spur3,stable_reference,7.071281618453958,0.2005606608484691,-0.0545844493319385,-0.0311766074256888,-0.0545844493319385,15.100000199999995,529.3839162201303,2.21869542183416,392.9833794293252,1.7112005861095947,1.7111820059957306,0.12993779383360504,-0.10764507574236992,1.765784742299191,-0.05458415618959633
P15_AV2_1_interaction,P15,AV2,1,on_ramp,P15_AV2_1,P15_AV2.1.asc,AV1,60,initiator_active,4323,1,72050.0,72050.0008,1.0,21.36,76.896,7.0,7.170502,-1508.007778,0.0,0.0,0.0,21.36,0.0,0.0,1507.966959,-34.593421,6.280951,1.0,0.0,0.0,0.0,0.0,1644.57148,-35.213046,1021.0,1.0,144.132408,7.0,0.000872,33.620263,121.032946,33.620262,-0.004874,5e-05,-0.414643,0.005249,5e-05,0.003768,0.0,0.0,0.0,0.0,0.0,0.0,-9999.0,-9999.0,-9999.0,-9999.0,-9999.0,-9999.0,-9999.0,-9999.0,-9999.0,-9999.0,-9999.0,-9999.0,-9999.0,-9999.0,7.0,lane7,spur3,stable_reference,7.072301965059482,0.207991570311028,-0.0535961894121208,-0.028989081972354,-0.0535961894121208,15.116666799999992,529.944355406344,2.22110663566601,393.33937276797917,1.7133555627028052,1.7133324311428455,0.1279856582720882,-0.1209662558665574,1.7669514642799713,-0.053595901577166094
P15_AV2_1_interaction,P15,AV2,1,on_ramp,P15_AV2_1,P15_AV2.1.asc,AV1,60,initiator_active,4324,1,72066.67,72066.6675,1.0,21.36,76.896,7.0,7.5265,-1508.363701,0.0,0.0,0.0,21.36,0.0,0.0,1508.322958,-34.594252,6.28082,1.0,0.0,0.0,0.0,0.0,1645.131805,-35.215258,1021.0,1.0,144.692737,7.0,0.001489,33.613353,121.008071,33.613353,-0.004868,5.1e-05,-0.414557,0.005232,4.5e-05,0.003454,0.0,0.0,0.0,0.0,0.0,0.0,-9999.0,-9999.0,-9999.0,-9999.0,-9999.0,-9999.0,-9999.0,-9999.0,-9999.0,-9999.0,-9999.0,-9999.0,-9999.0,-9999.0,7.0,lane7,spur3,stable_reference,7.073274312280848,0.2153744925511881,-0.0526559288981781,-0.0268495548480077,-0.0526559288981781,15.133333499999994,530.5046795799684,2.2235189003702214,393.69536650276206,1.7154625409306077,1.7154481901305374,0.12590558856939538,-0.12099535069022727,1.7681181870434413,-0.052655646112833576
P15_AV2_1_interaction,P15,AV2,1,on_ramp,P15_AV2_1,P15_AV2.1.asc,AV1,60,initiator_active,4325,1,72083.33,72083.3336,1.0,21.36,76.896,7.0,7.882499,-1508.719626,0.0,0.0,0.0,21.36,0.0,0.0,1508.678957,-34.595121,6.280722,1.0,0.0,0.0,0.0,0.0,1645.692014,-35.217468,1021.0,1.0,145.25295,7.0,0.002108,33.606445,120.983202,33.606445,-0.004862,5.2e-05,-0.414471,0.005215,3.7e-05,0.003454,0.0,0.0,0.0,0.0,0.0,0.0,-9999.0,-9999.0,-9999.0,-9999.0,-9999.0,-9999.0,-9999.0,-9999.0,-9999.0,-9999.0,-9999.0,-9999.0,-9999.0,-9999.0,7.0,lane7,spur3,stable_reference,7.074208659989754,0.2227194249069473,-0.0517536679138842,-0.0247480264007778,-0.0517536679138842,15.149999599999996,531.0648877410379,2.2259322076941115,394.0513605511474,1.717531520452462,1.7175292181931257,0.12395253987638455,-0.10349246918796062,1.7692849104265367,-0.05175338997407475
P15_AV2_1_interaction,P15,AV2,1,on_ramp,P15_AV2_1,P15_AV2.1.asc,AV1,60,initiator_active,4326,1,72100.0,72100.0007,1.0,21.36,76.896,7.0,8.238498,-1509.075551,0.0,0.0,0.0,21.36,0.0,0.0,1509.034956,-34.596016,6.280657,1.0,0.0,0.0,0.0,0.0,1646.252108,-35.219676,1021.0,1.0,145.813048,7.0,0.002729,33.599538,120.958337,33.599538,-0.004856,5.2e-05,-0.414385,0.005198,2.8e-05,0.003768,0.0,0.0,0.0,0.0,0.0,0.0,-9999.0,-9999.0,-9999.0,-9999.0,-9999.0,-9999.0,-9999.0,-9999.0,-9999.0,-9999.0,-9999.0,-9999.0,-9999.0,-9999.0,7.0,lane7,spur3,stable_reference,7.075117008032242,0.2300383641839003,-0.0508773861154359,-0.022672497048416,-0.0508773861154359,15.166666700000002,531.624980889518,2.2283465658903627,394.4073548141026,1.7195745008597212,1.7195799231059121,0.12245588078515368,-0.07169213572331135,1.7704516137517348,-0.050877112892013576
P15_AV2_1_interaction,P15,AV2,1,on_ramp,P15_AV2_1,P15_AV2.1.asc,AV1,60,initiator_active,4327,1,72116.67,72116.6674,1.0,21.36,76.896,7.0,8.594496,-1509.431477,0.0,0.0,0.0,21.36,0.0,0.0,1509.390955,-34.596928,6.280617,1.0,0.0,0.0,0.0,0.0,1646.812087,-35.221882,1021.0,1.0,146.373032,7.0,0.00335,33.592633,120.933478,33.592632,-0.00485,5.3e-05,-0.414299,0.005182,2e-05,0.003454,0.0,0.0,0.0,0.0,0.0,0.0,-9999.0,-9999.0,-9999.0,-9999.0,-9999.0,-9999.0,-9999.0,-9999.0,-9999.0,-9999.0,-9999.0,-9999.0,-9999.0,-9999.0,7.0,lane7,spur3,stable_reference,7.076008356292843,0.2373403079862684,-0.0500181024560629,-0.020613967104235,-0.0500181024560629,15.183333400000004,532.1849590254092,2.2307619749589844,394.76334921735366,1.7216004818459012,1.7216111384986093,0.12156275407872386,-0.044190753448696274,1.7716183156930956,-0.05001783384719438
P15_AV2_1_interaction,P15,AV2,1,on_ramp,P15_AV2_1,P15_AV2.1.asc,AV1,60,initiator_active,4328,1,72133.33,72133.3342,1.0,21.36,76.896,7.0,8.950495,-1509.787403,0.0,0.0,0.0,21.36,0.0,0.0,1509.746954,-34.597849,6.280594,1.0,0.0,0.0,0.0,0.0,1647.371952,-35.224087,1021.0,1.0,146.9329,7.0,0.003973,33.585729,120.908623,33.585728,-0.004844,5.3e-05,-0.414213,0.005165,1.2e-05,0.003768,0.0,0.0,0.0,0.0,0.0,0.0,-9999.0,-9999.0,-9999.0,-9999.0,-9999.0,-9999.0,-9999.0,-9999.0,-9999.0,-9999.0,-9999.0,-9999.0,-9999.0,-9999.0,7.0,lane7,spur3,stable_reference,7.076890704668914,0.2446332541844223,-0.0491678186852833,-0.0185644368467395,-0.0491678186852833,15.200000199999995,532.7448231569297,2.2331774431867215,395.1193436948788,1.723617463138567,1.723632035107009,0.12098285018442567,-0.03633983176038402,1.772785017781204,-0.04916755464263689
P15_AV2_1_interaction,P15,AV2,1,on_ramp,P15_AV2_1,P15_AV2.1.asc,AV1,60,initiator_active,4329,1,72150.0,72150.0,1.0,21.36,76.896,7.0,9.306494,-1510.143329,0.0,0.0,0.0,21.36,0.0,0.0,1510.102953,-34.598774,6.280582,1.0,0.0,0.0,0.0,0.0,1647.931701,-35.22629,1021.0,1.0,147.492653,7.0,0.004597,33.578826,120.883774,33.578826,-0.004838,5.3e-05,-0.414127,0.005148,6e-06,0.003454,0.0,0.0,0.0,0.0,0.0,0.0,-9999.0,-9999.0,-9999.0,-9999.0,-9999.0,-9999.0,-9999.0,-9999.0,-9999.0,-9999.0,-9999.0,-9999.0,-9999.0,-9999.0,7.0,lane7,spur3,stable_reference,7.077769053096303,0.2519222014473837,-0.0483215348649977,-0.0165189064499951,-0.0483215348649977,15.216665999999998,533.3045712758951,2.2355939540341296,395.4753382054149,1.7256304445674469,1.7256438119906026,0.12035145609424802,-0.04451538083974693,1.7739517199345394,-0.04832127536709252
P15_AV2_1_interaction,P15,AV2,1,on_ramp,P15_AV2_1,P15_AV2.1.asc,AV1,60,initiator_active,4330,1,72166.67,72166.6676,1.0,21.36,76.896,7.0,9.662493,-1510.499256,0.0,0.0,0.0,21.36,0.0,0.0,1510.458951,-34.599703,6.280577,1.0,0.0,0.0,0.0,0.0,1648.491335,-35.22849,1021.0,1.0,148.052291,7.0,0.005223,33.571925,120.858931,33.571925,-0.004832,5.3e-05,-0.414041,0.005131,2e-06,0.003454,0.0,0.0,0.0,0.0,0.0,0.0,-9999.0,-9999.0,-9999.0,-9999.0,-9999.0,-9999.0,-9999.0,-9999.0,-9999.0,-9999.0,-9999.0,-9999.0,-9999.0,-9999.0,7.0,lane7,spur3,stable_reference,7.078643396509449,0.2592071267028853,-0.0474792559706929,-0.0144773842581171,-0.0474792559706929,15.233333599999998,533.8642043740186,2.2380125157198503,395.83133174899575,1.7276394178798533,1.7276437570323486,0.11949897732029768,-0.05929499924435966,1.7751184188758748,-0.047479000996021536
P15_AV2_1_interaction,P15,AV2,1,on_ramp,P15_AV2_1,P15_AV2.1.asc,AV1,60,initiator_active,4331,1,72183.33,72183.3334,1.0,21.36,76.896,7.0,10.018492,-1510.855183,0.0,0.0,0.0,21.36,0.0,0.0,1510.81495,-34.60064,6.280527,1.0,0.0,0.0,0.0,0.0,1649.050854,-35.230689,1021.0,1.0,148.611814,7.0,0.005849,33.565025,120.834092,33.565025,-0.004825,5.3e-05,-0.413956,0.005114,-2e-06,0.003768,0.0,0.0,0.0,0.0,0.0,0.0,-9999.0,-9999.0,-9999.0,-9999.0,-9999.0,-9999.0,-9999.0,-9999.0,-9999.0,-9999.0,-9999.0,-9999.0,-9999.0,-9999.0,7.0,lane7,spur3,stable_reference,7.0795097450908,0.2664840771602378,-0.0466449720018677,-0.0124438534436194,-0.0466449720018677,15.2499994,534.4237224678059,2.2404311283119975,396.1873263585639,1.7296403997173817,1.7296271209687366,0.11837498150174497,-0.07417608778540252,1.7762851212248782,-0.046644721507496545
P15_AV2_1_interaction,P15,AV2,1,on_ramp,P15_AV2_1,P15_AV2.1.asc,AV1,60,initiator_active,4332,1,72200.0,72200.0007,1.0,21.36,76.896,7.0,10.374491,-1511.21111,0.0,0.0,0.0,21.36,0.0,0.0,1511.170949,-34.601613,6.28043,1.0,0.0,0.0,0.0,0.0,1649.610258,-35.232886,1021.0,1.0,149.171222,7.0,0.006477,33.558127,120.809258,33.558127,-0.004819,5.3e-05,-0.41387,0.005098,-4e-06,0.003454,0.0,0.0,0.0,0.0,0.0,0.0,-9999.0,-9999.0,-9999.0,-9999.0,-9999.0,-9999.0,-9999.0,-9999.0,-9999.0,-9999.0,-9999.0,-9999.0,-9999.0,-9999.0,7.0,lane7,spur3,stable_reference,7.080340094134032,0.2737250372007953,-0.0458466875874422,-0.0104463213758617,-0.0458466875874422,15.266666700000002,534.9831255490036,2.242850791776504,396.5433212652292,1.7316053827808557,1.7315895602290299,0.11702643816913394,-0.08351134728420995,1.7774518241608996,-0.0458464413800439
P15_AV2_1_interaction,P15,AV2,1,on_ramp,P15_AV2_1,P15_AV2.1.asc,AV1,60,initiator_active,4333,1,72216.67,72216.6676,1.0,21.36,76.896,7.0,10.73049,-1511.567037,0.0,0.0,0.0,21.36,0.0,0.0,1511.526947,-34.602619,6.280339,1.0,0.0,0.0,0.0,0.0,1650.169547,-35.235081,1021.0,1.0,149.730515,7.0,0.007107,33.55123,120.78443,33.55123,-0.004813,5.3e-05,-0.413784,0.005081,-6e-06,0.003454,0.0,0.0,0.0,0.0,0.0,0.0,-9999.0,-9999.0,-9999.0,-9999.0,-9999.0,-9999.0,-9999.0,-9999.0,-9999.0,-9999.0,-9999.0,-9999.0,-9999.0,-9999.0,7.0,lane7,spur3,stable_reference,7.081137438535095,0.2809329829537025,-0.0450814077400393,-0.0084817965033977,-0.0450814077400393,15.283333599999999,535.5424136176124,2.245271506113382,396.8993154442673,1.7335373587154257,1.733528104236302,0.11559119963053632,-0.08345818139959338,1.778618524357798,-0.04508116564237241
P15_AV2_1_interaction,P15,AV2,1,on_ramp,P15_AV2_1,P15_AV2.1.asc,AV1,60,initiator_active,4334,1,72233.33,72233.3335,1.0,21.36,76.896,7.0,11.086489,-1511.922966,0.0,0.0,0.0,21.36,0.0,0.0,1511.882946,-34.60365,6.280272,1.0,0.0,0.0,0.0,0.0,1650.728721,-35.237274,1021.0,1.0,150.289693,7.0,0.007737,33.544335,120.759606,33.544335,-0.004807,5.3e-05,-0.413699,0.005065,-7e-06,0.003454,0.0,0.0,0.0,0.0,0.0,0.0,-9999.0,-9999.0,-9999.0,-9999.0,-9999.0,-9999.0,-9999.0,-9999.0,-9999.0,-9999.0,-9999.0,-9999.0,-9999.0,-9999.0,7.0,lane7,spur3,stable_reference,7.081909788322467,0.2881159584338492,-0.0443411226077022,-0.0065422624165039,-0.0443411226077022,15.299999499999991,536.1015866736319,2.247693271322628,397.2553108295885,1.7354443437540295,1.7354425400076552,0.11424453799048706,-0.07137572651845847,1.7797852282395685,-0.04434088448553908
P15_AV2_1_interaction,P15,AV2,1,on_ramp,P15_AV2_1,P15_AV2.1.asc,AV1,60,initiator_active,4335,1,72250.0,72250.0003,1.0,21.36,76.896,7.0,11.442488,-1512.278894,0.0,0.0,0.0,21.36,0.0,0.0,1512.238944,-34.6047,6.280227,1.0,0.0,0.0,0.0,0.0,1651.28778,-35.239466,1021.0,1.0,150.848756,7.0,0.008369,33.537441,120.734788,33.537441,-0.004801,5.3e-05,-0.413613,0.005048,-7e-06,0.003454,0.0,0.0,0.0,0.0,0.0,0.0,-9999.0,-9999.0,-9999.0,-9999.0,-9999.0,-9999.0,-9999.0,-9999.0,-9999.0,-9999.0,-9999.0,-9999.0,-9999.0,-9999.0,7.0,lane7,spur3,stable_reference,7.082663133288049,0.2952799158995519,-0.0436198422156736,-0.0046217360122806,-0.0436198422156736,15.316666299999998,536.6606447253151,2.2501150874382945,397.61130537174495,1.7373323211869747,1.737336182019341,0.11321207092151298,-0.049301470619888654,1.7809519291539286,-0.043619607966953966
P15_AV2_1_interaction,P15,AV2,1,on_ramp,P15_AV2_1,P15_AV2.1.asc,AV1,60,initiator_active,4336,1,72266.67,72266.6673,1.0,21.36,76.896,7.0,11.798488,-1512.634824,0.0,0.0,0.0,21.36,0.0,0.0,1512.594943,-34.605761,6.280199,1.0,0.0,0.0,0.0,0.0,1651.846724,-35.241655,1021.0,1.0,151.407704,7.0,0.009002,33.530549,120.709975,33.530548,-0.004795,5.3e-05,-0.413528,0.005031,-8e-06,0.003768,0.0,0.0,0.0,0.0,0.0,0.0,-9999.0,-9999.0,-9999.0,-9999.0,-9999.0,-9999.0,-9999.0,-9999.0,-9999.0,-9999.0,-9999.0,-9999.0,-9999.0,-9999.0,7.0,lane7,spur3,stable_reference,7.0834054834603295,0.3024328993657089,-0.0429095567119968,-0.002712200880997,-0.0429095567119968,15.333333299999998,537.2195877561563,2.2525389543922705,397.96730100464714,1.739209307247206,1.739216328375122,0.11260113768759084,-0.030311309611742665,1.782118633524882,-0.042909326277676074
P15_AV2_1_interaction,P15,AV2,1,on_ramp,P15_AV2_1,P15_AV2.1.asc,AV1,60,initiator_active,4337,1,72283.33,72283.3341,1.0,21.36,76.896,7.0,12.154487,-1512.990753,0.0,0.0,0.0,21.36,0.0,0.0,1512.950941,-34.606829,6.280183,1.0,0.0,0.0,0.0,0.0,1652.405554,-35.243843,1021.0,1.0,151.966537,7.0,0.009636,33.523658,120.685167,33.523657,-0.004789,5.2e-05,-0.413442,0.005015,-8e-06,0.003454,0.0,0.0,0.0,0.0,0.0,0.0,-9999.0,-9999.0,-9999.0,-9999.0,-9999.0,-9999.0,-9999.0,-9999.0,-9999.0,-9999.0,-9999.0,-9999.0,-9999.0,-9999.0,7.0,lane7,spur3,stable_reference,7.084140828656857,0.3095788616230148,-0.0422062913890878,-0.0008096738501411,-0.0422062913890878,15.35000009999999,537.778416782627,2.2549628805053645,398.32329569535204,1.7410792852931267,1.741089605904945,0.1122016772516119,-0.025579245880630985,1.7832853500159884,-0.0422060647228617
P15_AV2_1_interaction,P15,AV2,1,on_ramp,P15_AV2_1,P15_AV2.1.asc,AV1,60,initiator_active,4338,1,72300.0,72300.0006,1.0,21.36,76.896,7.0,12.510486,-1513.346683,0.0,0.0,0.0,21.36,0.0,0.0,1513.30694,-34.6079,6.280175,1.0,0.0,0.0,0.0,0.0,1652.964268,-35.246029,1021.0,1.0,152.525256,7.0,0.010272,33.516768,120.660364,33.516768,-0.004783,5.2e-05,-0.413357,0.004998,-7e-06,0.003768,0.0,0.0,0.0,0.0,0.0,0.0,-9999.0,-9999.0,-9999.0,-9999.0,-9999.0,-9999.0,-9999.0,-9999.0,-9999.0,-9999.0,-9999.0,-9999.0,-9999.0,-9999.0,7.0,lane7,spur3,stable_reference,7.084873178957433,0.3167218477511617,-0.0415060279045318,0.001089861629265,-0.0415060279045318,15.366666599999997,538.3371297965425,2.2573878492381287,398.67929141078093,1.7429462716938933,1.7429563806598976,0.11174849797795616,-0.03233671034686747,1.7844520766929206,-0.04150580499902734
P15_AV2_1_interaction,P15,AV2,1,on_ramp,P15_AV2_1,P15_AV2.1.asc,AV1,60,initiator_active,4339,1,72316.67,72316.6667,1.0,21.36,76.896,7.0,12.866485,-1513.702613,0.0,0.0,0.0,21.36,0.0,0.0,1513.662938,-34.608973,6.280171,1.0,0.0,0.0,0.0,0.0,1653.522868,-35.248213,1021.0,1.0,153.08386,7.0,0.010909,33.50988,120.635567,33.509879,-0.004777,5.2e-05,-0.413271,0.004981,-7e-06,0.003768,0.0,0.0,0.0,0.0,0.0,0.0,-9999.0,-9999.0,-9999.0,-9999.0,-9999.0,-9999.0,-9999.0,-9999.0,-9999.0,-9999.0,-9999.0,-9999.0,-9999.0,-9999.0,7.0,lane7,spur3,stable_reference,7.085603524218108,0.32386281133946,-0.0408077693706581,0.0029873888341833,-0.0408077693706581,15.383332699999999,538.895728797835,2.259813877095955,399.0352861427493,1.7448112499100827,1.744814474095929,0.11112381473679989,-0.04344687215037979,1.7856188001251887,-0.04080755021510596
P15_AV2_1_interaction,P15,AV2,1,on_ramp,P15_AV2_1,P15_AV2.1.asc,AV1,60,initiator_active,4340,1,72333.33,72333.334,1.0,21.36,76.896,7.0,13.222485,-1514.058543,0.0,0.0,0.0,21.36,0.0,0.0,1514.018936,-34.610052,6.280135,1.0,0.0,0.0,0.0,0.0,1654.081353,-35.250396,1021.0,1.0,153.642349,7.0,0.011547,33.502993,120.610774,33.502992,-0.004771,5.2e-05,-0.413186,0.004965,-7e-06,0.003454,0.0,0.0,0.0,0.0,0.0,0.0,-9999.0,-9999.0,-9999.0,-9999.0,-9999.0,-9999.0,-9999.0,-9999.0,-9999.0,-9999.0,-9999.0,-9999.0,-9999.0,-9999.0,7.0,lane7,spur3,stable_reference,7.086327869555758,0.3309977765249599,-0.0401155107625177,0.004878916247972,-0.0401155107625177,15.4,539.4542127947909,2.262239955860199,399.39128092423385,1.7466702283305897,1.746660514348617,0.11030025169425528,-0.054263221250183236,1.7867855236552872,-0.040115295324697486
P15_AV2_1_interaction,P15,AV2,1,on_ramp,P15_AV2_1,P15_AV2.1.asc,AV1,60,initiator_active,4341,1,72350.0,72350.0001,1.0,21.36,76.896,7.0,13.578484,-1514.414473,0.0,0.0,0.0,21.36,0.0,0.0,1514.374935,-34.611157,6.280063,1.0,0.0,0.0,0.0,0.0,1654.639723,-35.252576,1021.0,1.0,154.200723,7.0,0.012186,33.496107,120.585987,33.496107,-0.004765,5.2e-05,-0.413101,0.004948,-7e-06,0.003454,0.0,0.0,0.0,0.0,0.0,0.0,-9999.0,-9999.0,-9999.0,-9999.0,-9999.0,-9999.0,-9999.0,-9999.0,-9999.0,-9999.0,-9999.0,-9999.0,-9999.0,-9999.0,7.0,lane7,spur3,stable_reference,7.087026220292565,0.3381067717039229,-0.0394492468571259,0.006744452911022,-0.0394492468571259,15.416666100000002,540.012581770905,2.264668085462762,399.7472769202544,1.7485032158892035,1.7484911576048066,0.10931504872031894,-0.06119577684355049,1.7879522508866375,-0.03944903499743391
P15_AV2_1_interaction,P15,AV2,1,on_ramp,P15_AV2_1,P15_AV2.1.asc,AV1,60,initiator_active,4342,1,72366.67,72366.6673,1.0,21.36,76.896,7.0,13.934483,-1514.770403,0.0,0.0,0.0,21.36,0.0,0.0,1514.730933,-34.612287,6.279997,1.0,0.0,0.0,0.0,0.0,1655.197979,-35.254755,1021.0,1.0,154.758982,7.0,0.012827,33.489223,120.561204,33.489223,-0.004759,5.2e-05,-0.413015,0.004932,-6e-06,0.003454,0.0,0.0,0.0,0.0,0.0,0.0,-9999.0,-9999.0,-9999.0,-9999.0,-9999.0,-9999.0,-9999.0,-9999.0,-9999.0,-9999.0,-9999.0,-9999.0,-9999.0,-9999.0,7.0,lane7,spur3,stable_reference,7.08769956628455,0.3451907504656152,-0.0388079876177325,0.0085849821002629,-0.0388079876177325,15.4333333,540.5708367426485,2.2670962742244285,400.10327212262627,1.7503111960464675,1.7503043445020685,0.10826038992635034,-0.061193663658098085,1.7891189752483505,-0.03880777920188305
P15_AV2_1_interaction,P15,AV2,1,on_ramp,P15_AV2_1,P15_AV2.1.asc,AV1,60,initiator_active,4343,1,72383.33,72383.334,1.0,21.36,76.896,7.0,14.290483,-1515.126334,0.0,0.0,0.0,21.36,0.0,0.0,1515.086931,-34.613435,6.279948,1.0,0.0,0.0,0.0,0.0,1655.75612,-35.256931,1021.0,1.0,155.317127,7.0,0.013469,33.482341,120.536427,33.482341,-0.004753,5.2e-05,-0.41293,0.004915,-6e-06,0.003454,0.0,0.0,0.0,0.0,0.0,0.0,-9999.0,-9999.0,-9999.0,-9999.0,-9999.0,-9999.0,-9999.0,-9999.0,-9999.0,-9999.0,-9999.0,-9999.0,-9999.0,-9999.0,7.0,lane7,spur3,stable_reference,7.088354912507477,0.3522567340189144,-0.0381847281555403,0.0104075119161364,-0.0381847281555403,15.45,541.12897669355,2.269526513824414,400.4592674735465,1.7521011768167072,1.7520998991439072,0.10727522317149862,-0.052170116903513364,1.7902856999035734,-0.03818452308686626
P15_AV2_1_interaction,P15,AV2,1,on_ramp,P15_AV2_1,P15_AV2.1.asc,AV1,60,initiator_active,4344,1,72400.0,72400.0006,1.0,21.36,76.896,7.0,14.646482,-1515.482266,0.0,0.0,0.0,21.36,0.0,0.0,1515.442929,-34.614597,6.279915,1.0,0.0,0.0,0.0,0.0,1656.314146,-35.259107,1021.0,1.0,155.875157,7.0,0.014112,33.47546,120.511655,33.475459,-0.004747,5.2e-05,-0.412845,0.004899,-6e-06,0.003454,0.0,0.0,0.0,0.0,0.0,0.0,-9999.0,-9999.0,-9999.0,-9999.0,-9999.0,-9999.0,-9999.0,-9999.0,-9999.0,-9999.0,-9999.0,-9999.0,-9999.0,-9999.0,7.0,lane7,spur3,stable_reference,7.088996258910026,0.3593087212990093,-0.0375754685200588,0.0122160422193886,-0.0375754685200588,15.466666599999996,541.6870016483679,2.271955804364874,400.81526294000446,1.7538771580637034,1.7538801817901786,0.1065213863806207,-0.0360627728441103,1.7914524247870784,-0.03757526672337508
P15_AV2_1_interaction,P15,AV2,1,on_ramp,P15_AV2_1,P15_AV2.1.asc,AV1,60,initiator_active,4345,1,72416.67,72416.6675,1.0,21.36,76.896,7.0,15.002481,-1515.838198,0.0,0.0,0.0,21.36,0.0,0.0,1515.798927,-34.615767,6.279894,1.0,0.0,0.0,0.0,0.0,1656.872057,-35.26128,1021.0,1.0,156.433072,7.0,0.014756,33.46858,120.486888,33.46858,-0.004741,5.2e-05,-0.41276,0.004882,-5e-06,0.003454,0.0,0.0,0.0,0.0,0.0,0.0,-9999.0,-9999.0,-9999.0,-9999.0,-9999.0,-9999.0,-9999.0,-9999.0,-9999.0,-9999.0,-9999.0,-9999.0,-9999.0,-9999.0,7.0,lane7,spur3,stable_reference,7.089629605415221,0.3663527107087141,-0.0369742087855547,0.014016572801149,-0.0369742087855547,15.483333499999993,542.244911582344,2.274387145743648,401.17125847248394,1.7556451395831376,1.7556506295992236,0.1060731302335185,-0.02224308860952151,1.7926191498010366,-0.036974010217899034
P15_AV2_1_interaction,P15,AV2,1,on_ramp,P15_AV2_1,P15_AV2.1.asc,AV1,60,initiator_active,4346,1,72433.33,72433.3342,1.0,21.36,76.896,7.0,15.358481,-1516.19413,0.0,0.0,0.0,21.36,0.0,0.0,1516.154925,-34.616942,6.279883,1.0,0.0,0.0,0.0,0.0,1657.429854,-35.263451,1021.0,1.0,156.990872,7.0,0.015401,33.461702,120.462126,33.461701,-0.004735,5.1e-05,-0.412675,0.004866,-5e-06,0.003454,0.0,0.0,0.0,0.0,0.0,0.0,-9999.0,-9999.0,-9999.0,-9999.0,-9999.0,-9999.0,-9999.0,-9999.0,-9999.0,-9999.0,-9999.0,-9999.0,-9999.0,-9999.0,7.0,lane7,spur3,stable_reference,7.090257951984557,0.3733917014494094,-0.0363779489891761,0.0158121035569645,-0.0363779489891761,15.500000199999995,542.8027075036966,2.276819546247475,401.5272540462269,1.7574081212728332,1.75741598114503,0.10577994230139609,-0.019335894075142246,1.7937858748965287,-0.03637775362369555
P15_AV2_1_interaction,P15,AV2,1,on_ramp,P15_AV2_1,P15_AV2.1.asc,AV1,60,initiator_active,4347,1,72450.0,72450.0001,1.0,21.36,76.896,7.0,15.71448,-1516.550062,0.0,0.0,0.0,21.36,0.0,0.0,1516.510923,-34.618119,6.279877,1.0,0.0,0.0,0.0,0.0,1657.987536,-35.265621,1021.0,1.0,157.548558,7.0,0.016048,33.454825,120.437369,33.454824,-0.004728,5.1e-05,-0.412589,0.004849,-5e-06,0.003454,0.0,0.0,0.0,0.0,0.0,0.0,-9999.0,-9999.0,-9999.0,-9999.0,-9999.0,-9999.0,-9999.0,-9999.0,-9999.0,-9999.0,-9999.0,-9999.0,-9999.0,-9999.0,7.0,lane7,spur3,stable_reference,7.09088429857956,0.380428692722513,-0.0357836891680309,0.0176056343824106,-0.0357836891680309,15.516666100000002,543.3603884207131,2.279251997657728,401.8832496364752,1.7591691030306422,1.7591765503294763,0.10542861740204756,-0.025179103143619486,1.7949526000246276,-0.03578349699398542
P15_AV2_1_interaction,P15,AV2,1,on_ramp,P15_AV2_1,P15_AV2.1.asc,AV1,60,initiator_active,4348,1,72466.67,72466.6677,1.0,21.36,76.896,7.0,16.07048,-1516.905994,0.0,0.0,0.0,21.36,0.0,0.0,1516.866921,-34.619298,6.279874,1.0,0.0,0.0,0.0,0.0,1658.545103,-35.267789,1021.0,1.0,158.10613,7.0,0.016696,33.447949,120.412618,33.447949,-0.004722,5.1e-05,-0.412504,0.004833,-4e-06,0.003454,0.0,0.0,0.0,0.0,0.0,0.0,-9999.0,-9999.0,-9999.0,-9999.0,-9999.0,-9999.0,-9999.0,-9999.0,-9999.0,-9999.0,-9999.0,-9999.0,-9999.0,-9999.0,7.0,lane7,spur3,stable_reference,7.09150864520022,0.3874636845280036,-0.0351914091447093,0.0193971652774802,-0.0351914091447093,15.533333700000004,543.91795432514,2.2816854999403477,402.2392452432289,1.7609280848565574,1.7609302852478292,0.10494062073067312,-0.03385547759822538,1.7961193050223707,-0.03519122016581333
P15_AV2_1_interaction,P15,AV2,1,on_ramp,P15_AV2_1,P15_AV2.1.asc,AV1,60,initiator_active,4349,1,72483.33,72483.334,1.0,21.36,76.896,7.0,16.426479,-1517.261926,0.0,0.0,0.0,21.36,0.0,0.0,1517.222919,-34.620482,6.279845,1.0,0.0,0.0,0.0,0.0,1659.102556,-35.269955,1021.0,1.0,158.663586,7.0,0.017345,33.441075,120.387871,33.441075,-0.004716,5.1e-05,-0.412419,0.004816,-4e-06,0.003768,0.0,0.0,0.0,0.0,0.0,0.0,-9999.0,-9999.0,-9999.0,-9999.0,-9999.0,-9999.0,-9999.0,-9999.0,-9999.0,-9999.0,-9999.0,-9999.0,-9999.0,-9999.0,7.0,lane7,spur3,stable_reference,7.092127991885028,0.3944936776644988,-0.0346041049506246,0.0211836963466121,-0.0346041049506246,15.55,544.4754062169441,2.2841200613480237,402.5952408912461,1.762682066852741,1.7626746312085357,0.10430009419789599,-0.0424186174786918,1.7972859859783106,-0.03460391912556959
P15_AV2_1_interaction,P15,AV2,1,on_ramp,P15_AV2_1,P15_AV2.1.asc,AV1,60,initiator_active,4350,1,72500.0,72500.0007,1.0,21.36,76.896,7.0,16.782479,-1517.617859,0.0,0.0,0.0,21.36,0.0,0.0,1517.578917,-34.621686,6.27979,1.0,0.0,0.0,0.0,0.0,1659.659894,-35.272119,1021.0,1.0,159.220928,7.0,0.017995,33.434203,120.36313,33.434202,-0.00471,5.1e-05,-0.412334,0.0048,-4e-06,0.003454,0.0,0.0,0.0,0.0,0.0,0.0,-9999.0,-9999.0,-9999.0,-9999.0,-9999.0,-9999.0,-9999.0,-9999.0,-9999.0,-9999.0,-9999.0,-9999.0,-9999.0,-9999.0,7.0,lane7,spur3,stable_reference,7.092727338826446,0.4015036761250074,-0.0340368005089644,0.0229502281120072,-0.0340368005089644,15.5666667,545.0327430961586,2.286555673628066,402.95123670431707,1.764416049530013,1.7644069199973507,0.10352667776527369,-0.048050135708775255,1.798452667260364,-0.03403661773035105
P15_AV2_1_interaction,P15,AV2,1,on_ramp,P15_AV2_1,P15_AV2.1.asc,AV1,60,initiator_active,4351,1,72516.67,72516.6667,1.0,21.36,76.896,7.0,17.138478,-1517.973791,0.0,0.0,0.0,21.36,0.0,0.0,1517.934915,-34.622909,6.279738,1.0,0.0,0.0,0.0,0.0,1660.217118,-35.274282,1021.0,1.0,159.778156,7.0,0.018647,33.427331,120.338393,33.427331,-0.004704,5.1e-05,-0.412249,0.004783,-4e-06,0.003454,0.0,0.0,0.0,0.0,0.0,0.0,-9999.0,-9999.0,-9999.0,-9999.0,-9999.0,-9999.0,-9999.0,-9999.0,-9999.0,-9999.0,-9999.0,-9999.0,-9999.0,-9999.0,7.0,lane7,spur3,stable_reference,7.0933076860116255,0.4084946796432987,-0.0334884958321305,0.0246977605388362,-0.0334884958321305,15.5833327,545.5899659710029,2.288991345067229,403.3072326741892,1.766131032854303,1.766125455475088,0.10269845574264735,-0.04799932028320164,1.7996193488522318,-0.0334883159979289
P15_AV2_1_interaction,P15,AV2,1,on_ramp,P15_AV2_1,P15_AV2.1.asc,AV1,60,initiator_active,4352,1,72533.33,72533.3341,1.0,21.36,76.896,7.0,17.494478,-1518.329725,0.0,0.0,0.0,21.36,0.0,0.0,1518.290913,-34.624147,6.279699,1.0,0.0,0.0,0.0,0.0,1660.774227,-35.276443,1021.0,1.0,160.335269,7.0,0.019299,33.420462,120.313662,33.420461,-0.004698,5.1e-05,-0.412164,0.004766,-3e-06,0.003768,0.0,0.0,0.0,0.0,0.0,0.0,-9999.0,-9999.0,-9999.0,-9999.0,-9999.0,-9999.0,-9999.0,-9999.0,-9999.0,-9999.0,-9999.0,-9999.0,-9999.0,-9999.0,7.0,lane7,spur3,stable_reference,7.09387303338926,0.4154706871545969,-0.0329551909696205,0.026430293487859,-0.0329551909696205,15.60000009999999,546.1470738332581,2.291428067378752,403.6632287678517,1.767831016689406,1.7678302075321195,0.10192670197151443,-0.04066388600852733,1.8007860306886876,-0.03295501399928158
P15_AV2_1_interaction,P15,AV2,1,on_ramp,P15_AV2_1,P15_AV2.1.asc,AV1,60,initiator_active,4353,1,72550.0,72550.0007,1.0,21.36,76.896,7.0,17.850477,-1518.685658,0.0,0.0,0.0,21.36,0.0,0.0,1518.646911,-34.625395,6.279673,1.0,0.0,0.0,0.0,0.0,1661.331222,-35.278602,1021.0,1.0,160.892268,7.0,0.019953,33.413593,120.288936,33.413593,-0.004692,5.1e-05,-0.41208,0.00475,-3e-06,0.003454,0.0,0.0,0.0,0.0,0.0,0.0,-9999.0,-9999.0,-9999.0,-9999.0,-9999.0,-9999.0,-9999.0,-9999.0,-9999.0,-9999.0,-9999.0,-9999.0,-9999.0,-9999.0,7.0,lane7,spur3,stable_reference,7.094428380895198,0.4224366973278972,-0.032431885983327,0.0281528267850135,-0.032431885983327,15.616666700000001,546.7040676828898,2.2938658488153347,404.0192249440411,1.7695210008650535,1.769523080724867,0.10134295674377114,-0.028091627173185696,1.8019527126882047,-0.03243171182315119
P15_AV2_1_interaction,P15,AV2,1,on_ramp,P15_AV2_1,P15_AV2.1.asc,AV1,60,initiator_active,4354,1,72566.67,72566.6673,1.0,21.36,76.896,7.0,18.206477,-1519.041592,0.0,0.0,0.0,21.36,0.0,0.0,1519.002909,-34.62665,6.279657,1.0,0.0,0.0,0.0,0.0,1661.888103,-35.280759,1021.0,1.0,161.449152,7.0,0.020608,33.406726,120.264215,33.406726,-0.004686,5.1e-05,-0.411995,0.004734,-3e-06,0.003454,0.0,0.0,0.0,0.0,0.0,0.0,-9999.0,-9999.0,-9999.0,-9999.0,-9999.0,-9999.0,-9999.0,-9999.0,-9999.0,-9999.0,-9999.0,-9999.0,-9999.0,-9999.0,7.0,lane7,spur3,stable_reference,7.094976728490943,0.4293957093645982,-0.0319155809103887,0.0298683603258537,-0.0319155809103887,15.633333299999999,547.2609475198984,2.2963046893769716,404.3752211779994,1.771203985279075,1.7712082925778518,0.10099031814462478,-0.017631429459505465,1.8031193948018613,-0.031915409522786264
P15_AV2_1_interaction,P15,AV2,1,on_ramp,P15_AV2_1,P15_AV2.1.asc,AV1,60,initiator_active,4355,1,72583.33,72583.3341,1.0,21.36,76.896,7.0,18.562477,-1519.397526,0.0,0.0,0.0,21.36,0.0,0.0,1519.358906,-34.627909,6.279648,1.0,0.0,0.0,0.0,0.0,1662.444868,-35.282914,1021.0,1.0,162.005921,7.0,0.021264,33.399861,120.239499,33.39986,-0.00468,5.1e-05,-0.41191,0.004717,-3e-06,0.003454,0.0,0.0,0.0,0.0,0.0,0.0,-9999.0,-9999.0,-9999.0,-9999.0,-9999.0,-9999.0,-9999.0,-9999.0,-9999.0,-9999.0,-9999.0,-9999.0,-9999.0,-9999.0,7.0,lane7,spur3,stable_reference,7.095521071072437,0.4363506993938251,-0.0314032807635045,0.0315798856618205,-0.0314032807635045,15.65000009999999,547.8177113443519,2.2987445725582933,404.7312164450023,1.7728829615766168,1.7728894313465888,0.10075524266382274,-0.015252456440542517,1.8042860737035855,-0.03140311212696867
P15_AV2_1_interaction,P15,AV2,1,on_ramp,P15_AV2_1,P15_AV2.1.asc,AV1,60,initiator_active,4356,1,72600.0,72600.0007,1.0,21.36,76.896,7.0,18.918476,-1519.75346,0.0,0.0,0.0,21.36,0.0,0.0,1519.714904,-34.629169,6.279643,1.0,0.0,0.0,0.0,0.0,1663.00152,-35.285068,1021.0,1.0,162.562577,7.0,0.021921,33.392997,120.214788,33.392996,-0.004674,5.1e-05,-0.411825,0.004701,-3e-06,0.003454,0.0,0.0,0.0,0.0,0.0,0.0,-9999.0,-9999.0,-9999.0,-9999.0,-9999.0,-9999.0,-9999.0,-9999.0,-9999.0,-9999.0,-9999.0,-9999.0,-9999.0,-9999.0,7.0,lane7,spur3,stable_reference,7.096064418732337,0.4433047127615236,-0.0308919756286749,0.0332904193767301,-0.0308919756286749,15.666666700000002,548.3743621644007,2.301184523151409,405.08721272022404,1.7745609461609144,1.774566807428573,0.1004819023723229,-0.019956964111266906,1.8054527558987772,-0.030891809737862763
P15_AV2_1_interaction,P15,AV2,1,on_ramp,P15_AV2_1,P15_AV2.1.asc,AV1,60,initiator_active,4357,1,72616.67,72616.6668,1.0,21.36,76.896,7.0,19.274476,-1520.109394,0.0,0.0,0.0,21.36,0.0,0.0,1520.070902,-34.630431,6.279641,1.0,0.0,0.0,0.0,0.0,1663.558057,-35.28722,1021.0,1.0,163.119118,7.0,0.02258,33.386134,120.190082,33.386134,-0.004668,5.1e-05,-0.41174,0.004684,-2e-06,0.003768,0.0,0.0,0.0,0.0,0.0,0.0,-9999.0,-9999.0,-9999.0,-9999.0,-9999.0,-9999.0,-9999.0,-9999.0,-9999.0,-9999.0,-9999.0,-9999.0,-9999.0,-9999.0,7.0,lane7,spur3,stable_reference,7.0966057664178885,0.4502567266616215,-0.0303826704690929,0.0349989531612561,-0.0303826704690929,15.683332800000004,548.9308979718604,2.303625524616901,405.4432090119511,1.776236930813311,1.7762387646148583,0.10009002672261857,-0.0275897408945891,1.8066194381265757,-0.03038250731326464
P15_AV2_1_interaction,P15,AV2,1,on_ramp,P15_AV2_1,P15_AV2.1.asc,AV1,60,initiator_active,4358,1,72633.33,72633.3334,1.0,21.36,76.896,7.0,19.630475,-1520.465328,0.0,0.0,0.0,21.36,0.0,0.0,1520.4269,-34.631697,6.279618,1.0,0.0,0.0,0.0,0.0,1664.11448,-35.289371,1021.0,1.0,163.675544,7.0,0.02324,33.379273,120.165381,33.379272,-0.004663,5.1e-05,-0.411656,0.004667,-2e-06,0.003768,0.0,0.0,0.0,0.0,0.0,0.0,-9999.0,-9999.0,-9999.0,-9999.0,-9999.0,-9999.0,-9999.0,-9999.0,-9999.0,-9999.0,-9999.0,-9999.0,-9999.0,-9999.0,7.0,lane7,spur3,stable_reference,7.097143114154764,0.4572047416265093,-0.0298773652599906,0.0367034870850361,-0.0298773652599906,15.699999400000001,549.4873197749496,2.306066585241495,405.799205336689,1.7779089156019268,1.7779030780314908,0.0995622577395423,-0.03462483278002715,1.8077861204195924,-0.029877204817665648
