window_id,subject_id,condition,scenario_id,scenario_name,event_id,source_file,initiator_prefix,sampling_rate_hz,segmentation_rule,source_row,scenario_segment_id,Messzeitpunkt,TimeMS,AV1.ID1,AV1.v1,AV1.v_kmh1,AV1.LaneID1,AV1.SLaneInfo1 (Lane position on the current lane [m]),AV1.LateralDistance1 (Abstand zur Idealspur),AV1.ax,AV1.ay,AV1.az,AV1.vx,AV1.vy,AV1.vz,AV1.X,AV1.Y,AV1.yaw,AV1.Active,AV1.IndicatorLeft,AV1.IndicatorRight,AV1.BrakePedal,AV1.PlannerMode,Ego.Global.X,Ego.Global.Y,Ego.ModuleID,Ego.NodeID,Ego.s,Ego.LaneIdx (Lane ID of Ego),Ego.LateralDistance,Ego.v,Ego.v_kmh,Ego.vx,Ego.vy,Ego.vz,Ego.ax,Ego.ay,Ego.az,Ego.SteeringWheel,Ego.AcceleratorPedal,Ego.Bremspedal,Ego.IndicatorLeft,Ego.IndicatorRight,Ego.StateLatAndLong,Ego.StateLong,Ego.THW,Ego.TTC,Ego.DistanceFront,Ego.TRFIDFront,Ego.DistanceFrontLeft,Ego.TRFIDFrontLeft,Ego.DistanceFrontRight,Ego.TRFIDFrontRight,Ego.DistanceRear,Ego.TRFIDRear,Ego.DistanceRearLeft,Ego.TRFIDRearLeft,Ego.DistanceRearRight,Ego.TRFIDRearRight,initiator_raw_lane_id,initiator_physical_lane_group,initiator_reference_spur,reconstruction_status,initiator_offset_to_spur1,initiator_offset_to_spur2,initiator_offset_to_spur3,initiator_offset_to_spur5,initiator_lateral_offset_lane_center_reconstructed,time_sec,ego_x_main,ego_y_main,initiator_x_main,initiator_y_main,initiator_y_main_smooth,initiator_v_y_main,initiator_a_y_main,initiator_reference_center_y_main,initiator_y_main_map_residual_m
P23_AV1_1_interaction,P23,AV1,1,on_ramp,P23_AV1_1,P23_AV1.1.asc,AV1,60,initiator_active,3062,1,51033.33,51033.334,1.0,22.3,80.28,212.0,33.980932,1178.291154,0.0,0.0,0.0,22.3,0.0,0.0,1178.459784,-21.237837,6.013951,1.0,0.0,0.0,0.0,0.0,1114.599249,-33.022821,1021.0,5006.0,0.0,175.0,0.037601,34.907139,125.665702,34.907134,-0.020017,-5.2e-05,0.10255,-0.0243,-0.000363,0.010833,0.0,0.0,0.0,0.0,0.0,0.0,-9999.0,-9999.0,-9999.0,-9999.0,-9999.0,-9999.0,-9999.0,-9999.0,-9999.0,-9999.0,-9999.0,-9999.0,-9999.0,-9999.0,212.0,ramp,spur5,stable_reference,11.44844084159242,5.957545526049175,3.358943855531796,-0.0968546917174786,-0.0968546917174786,0.0,-7.719573911392174e-14,0.03760100000000155,63.762169034334576,12.34367992073634,12.343661769602969,-5.7758631117807315,1.3635597706287743,12.437733243490076,-0.09405332275373546
P23_AV1_1_interaction,P23,AV1,1,on_ramp,P23_AV1_1,P23_AV1.1.asc,AV1,60,initiator_active,3063,1,51050.0,51050.0006,1.0,22.3,80.28,212.0,34.352444,1178.651139,0.0,0.0,0.0,22.3,0.0,0.0,1178.818086,-21.336608,6.014267,1.0,0.0,0.0,0.0,0.0,1115.180998,-33.027486,1021.0,5006.0,0.0,175.0,0.036869,34.909031,125.672511,34.909025,-0.020499,-5.9e-05,0.117483,-0.022823,-0.00037,0.011147,0.0,0.0,0.0,0.0,0.0,0.0,-9999.0,-9999.0,-9999.0,-9999.0,-9999.0,-9999.0,-9999.0,-9999.0,-9999.0,-9999.0,-9999.0,-9999.0,-9999.0,-9999.0,212.0,ramp,spur5,stable_reference,11.359643361184633,5.867067655328372,3.2676714276046472,-0.104183545002347,-0.104183545002347,0.016666599999996833,0.5817676975168182,0.03768674279185205,64.12126565580046,12.247838123503339,12.247397769464182,-5.753137206507574,2.0510025655011077,12.349008324037538,-0.10117020053419878
P23_AV1_1_interaction,P23,AV1,1,on_ramp,P23_AV1_1,P23_AV1.1.asc,AV1,60,initiator_active,3064,1,51066.67,51066.6668,1.0,22.3,80.28,212.0,34.723933,1179.011167,0.0,0.0,0.0,22.3,0.0,0.0,1179.176406,-21.435314,6.014413,1.0,0.0,0.0,0.0,0.0,1115.762778,-33.032157,1021.0,5006.0,0.0,175.0,0.036129,34.910999,125.679596,34.910993,-0.020975,-6.4e-05,0.118257,-0.021373,-0.000317,0.011461,0.363636,0.0,0.0,0.0,0.0,1.0,-9999.0,-9999.0,-9999.0,-9999.0,-9999.0,-9999.0,-9999.0,-9999.0,-9999.0,-9999.0,-9999.0,-9999.0,-9999.0,-9999.0,212.0,ramp,spur5,stable_reference,11.2709113549131,5.776655182605229,3.176464361147872,-0.1121765692567158,-0.1121765692567158,0.0333327999999965,1.1635664429963828,0.0377667389310946,64.48037974587335,12.15206147109183,12.151893579545408,-5.707498003413036,2.7414698333433876,12.261111780499686,-0.10905030940785565
P23_AV1_1_interaction,P23,AV1,1,on_ramp,P23_AV1_1,P23_AV1.1.asc,AV1,60,initiator_active,3065,1,51083.33,51083.3337,1.0,22.3,80.28,212.0,35.095383,1179.371218,0.0,0.0,0.0,22.3,0.0,0.0,1179.534821,-21.533675,6.016243,1.0,0.0,0.0,0.0,0.0,1116.344591,-33.036835,1021.0,5006.0,0.0,175.0,0.035383,34.912975,125.68671,34.912968,-0.021442,-6.9e-05,0.118765,-0.019959,-0.000232,0.011775,0.363636,0.0,0.0,0.0,0.0,1.0,-9999.0,-9999.0,-9999.0,-9999.0,-9999.0,-9999.0,-9999.0,-9999.0,-9999.0,-9999.0,-9999.0,-9999.0,-9999.0,-9999.0,212.0,ramp,spur5,stable_reference,11.182526850279752,5.6865898099076695,3.085604202028027,-0.1207360290041298,-0.1207360290041298,0.0499997000000003,1.7453982445379692,0.03784000478313871,64.8395860154938,12.056630582951168,12.057149199846648,-5.661755514148297,2.7348535566425767,12.174001807680353,-0.11737122472918493
P23_AV1_1_interaction,P23,AV1,1,on_ramp,P23_AV1_1,P23_AV1.1.asc,AV1,60,initiator_active,3066,1,51100.0,51100.0008,1.0,22.3,80.28,195.0,0.079029,1179.731365,0.0,0.0,0.0,22.3,0.0,0.0,1179.893585,-21.630756,6.019805,1.0,0.0,0.0,0.0,0.0,1116.926437,-33.041519,1021.0,5006.0,0.0,175.0,0.034631,34.914959,125.693851,34.914952,-0.021899,-7.2e-05,0.119145,-0.018587,-0.000121,0.011775,0.363636,0.0,0.0,0.0,0.0,1.0,-9999.0,-9999.0,-9999.0,-9999.0,-9999.0,-9999.0,-9999.0,-9999.0,-9999.0,-9999.0,-9999.0,-9999.0,-9999.0,-9999.0,195.0,ramp,spur5,stable_reference,11.095431531037944,5.597812148692401,2.9960310471225147,-0.1284452738408323,-0.1284452738408323,0.06666679999999905,2.3272630939755343,0.03790754031466048,65.19913082094295,11.962482502080816,11.963164630367901,-5.6163343988188785,2.923569036068102,12.087419699933928,-0.12493719785311264
P23_AV1_1_interaction,P23,AV1,1,on_ramp,P23_AV1_1,P23_AV1.1.asc,AV1,60,initiator_active,3067,1,51116.67,51116.6667,1.0,22.3,80.28,195.0,0.450643,1180.091844,0.0,0.0,0.0,22.3,0.0,0.0,1180.25268,-21.726601,6.023137,1.0,0.0,0.0,0.0,0.0,1117.508316,-33.046209,1021.0,5006.0,0.0,175.0,0.033873,34.916946,125.701007,34.916939,-0.022343,-7.3e-05,0.119319,-0.017263,-2e-06,0.011775,0.363636,0.0,0.0,0.0,0.0,1.0,-9999.0,-9999.0,-9999.0,-9999.0,-9999.0,-9999.0,-9999.0,-9999.0,-9999.0,-9999.0,-9999.0,-9999.0,-9999.0,-9999.0,195.0,ramp,spur5,stable_reference,11.009580914976157,5.510277795371581,2.907700530387953,-0.1352866613151649,-0.1352866613151649,0.08333269999999902,2.9091609913088505,0.03796934552565096,65.55899652212672,11.869573082959084,11.8699398711092,-5.564304663547034,3.1404364448237345,12.001164817447982,-0.13159173448889838
P23_AV1_1_interaction,P23,AV1,1,on_ramp,P23_AV1_1,P23_AV1.1.asc,AV1,60,initiator_active,3068,1,51133.33,51133.3337,1.0,22.3,80.28,195.0,0.822208,1180.45264,0.0,0.0,0.0,22.3,0.0,0.0,1180.612033,-21.821479,6.02562,1.0,0.0,0.0,0.0,0.0,1118.090228,-33.050904,1021.0,5006.0,0.0,175.0,0.03311,34.918936,125.708169,34.918928,-0.022775,-7.1e-05,0.119369,-0.016197,0.000108,0.011932,0.363636,0.0,0.0,0.0,0.0,1.0,-9999.0,-9999.0,-9999.0,-9999.0,-9999.0,-9999.0,-9999.0,-9999.0,-9999.0,-9999.0,-9999.0,-9999.0,-9999.0,-9999.0,195.0,ramp,spur5,stable_reference,10.924704081280629,5.423716137278112,2.820342187034633,-0.1411666229067543,-0.1411666229067543,0.0999997000000003,3.49109192837233,0.03802642038276154,65.91911231814468,11.777632738434024,11.777690284214533,-5.511654504126682,2.7160126700462115,11.914963265189574,-0.1373305267555498
P23_AV1_1_interaction,P23,AV1,1,on_ramp,P23_AV1_1,P23_AV1.1.asc,AV1,60,initiator_active,3069,1,51150.0,51150.0006,1.0,22.3,80.28,195.0,1.193769,1180.813681,0.0,0.0,0.0,22.3,0.0,0.0,1180.971561,-21.915687,6.027283,1.0,0.0,0.0,0.0,0.0,1118.672173,-33.055604,1021.0,5006.0,0.0,175.0,0.032342,34.920925,125.715331,34.920918,-0.023193,-6.9e-05,0.119358,-0.014979,0.000202,0.011932,0.363636,0.0,0.0,0.0,0.0,1.0,-9999.0,-9999.0,-9999.0,-9999.0,-9999.0,-9999.0,-9999.0,-9999.0,-9999.0,-9999.0,-9999.0,-9999.0,-9999.0,-9999.0,195.0,ramp,spur5,stable_reference,10.840501842609523,5.337828338475921,2.7336573496896546,-0.1465354973848671,-0.1465354973848671,0.11666659999999683,4.073055905165519,0.038078764886002724,66.27939763707889,11.686363800626863,11.686214926392115,-5.473769280218505,1.8158375885585087,11.828917306759383,-0.14255350613252027
P23_AV1_1_interaction,P23,AV1,1,on_ramp,P23_AV1_1,P23_AV1.1.asc,AV1,60,initiator_active,3070,1,51166.67,51166.6667,1.0,22.3,80.28,195.0,1.565413,1181.174892,0.0,0.0,0.0,22.3,0.0,0.0,1181.3312,-22.009475,6.028305,1.0,0.0,0.0,0.0,0.0,1119.254151,-33.060309,1021.0,5006.0,0.0,175.0,0.03157,34.922914,125.722492,34.922906,-0.023597,-6.5e-05,0.11932,-0.014466,0.000273,0.012246,0.353535,0.0,0.0,0.0,0.0,1.0,-9999.0,-9999.0,-9999.0,-9999.0,-9999.0,-9999.0,-9999.0,-9999.0,-9999.0,-9999.0,-9999.0,-9999.0,-9999.0,-9999.0,195.0,ramp,spur5,stable_reference,10.756722520408456,5.252362988890452,2.64739473723828,-0.1514700110760436,-0.1514700110760436,0.13333269999999903,4.65505292168887,0.038126379035378216,66.63979052257412,11.595515755246527,11.595233109317018,-5.4511264582143895,1.1407780642796297,11.742869683394835,-0.1473539281483074
P23_AV1_1_interaction,P23,AV1,1,on_ramp,P23_AV1_1,P23_AV1.1.asc,AV1,60,initiator_active,3071,1,51183.33,51183.3336,1.0,22.3,80.28,195.0,1.936994,1181.536212,0.0,0.0,0.0,22.3,0.0,0.0,1181.690902,-22.103019,6.028883,1.0,0.0,0.0,0.0,0.0,1119.836162,-33.065018,1021.0,5006.0,0.0,175.0,0.030794,34.924388,125.727796,34.924379,-0.023987,-6.1e-05,0.008276,-0.013311,0.00013,0.012246,0.353535,0.0,0.0,0.0,0.0,1.0,-9999.0,-9999.0,-9999.0,-9999.0,-9999.0,-9999.0,-9999.0,-9999.0,-9999.0,-9999.0,-9999.0,-9999.0,-9999.0,-9999.0,195.0,ramp,spur5,stable_reference,10.6731888513395,5.167143027904483,2.561377386340169,-0.1564297816073666,-0.1564297816073666,0.14999959999999554,5.237082969775887,0.03817026279752489,67.00024441345427,11.504912216191274,11.504512540909847,-5.435744073550154,0.999439263065284,11.657124085995989,-0.1522118698047148
P23_AV1_1_interaction,P23,AV1,1,on_ramp,P23_AV1_1,P23_AV1.1.asc,AV1,60,initiator_active,3072,1,51200.0,51200.0005,1.0,22.3,80.28,195.0,2.308567,1181.897598,0.0,0.0,0.0,22.3,0.0,0.0,1182.050638,-22.196434,6.029183,1.0,0.0,0.0,0.0,0.0,1120.41819,-33.069731,1021.0,5006.0,0.0,175.0,0.030014,34.921461,125.71726,34.921453,-0.024354,-6.5e-05,-0.270305,-0.011963,-0.000643,0.012246,0.363636,0.0,0.0,0.0,0.0,1.0,-9999.0,-9999.0,-9999.0,-9999.0,-9999.0,-9999.0,-9999.0,-9999.0,-9999.0,-9999.0,-9999.0,-9999.0,-9999.0,-9999.0,195.0,ramp,spur5,stable_reference,10.589785075468592,5.082052817035515,2.4754897168644887,-0.1613176489882488,-0.1613176489882488,0.16666649999999936,5.819130049960322,0.03821028551578102,67.36073124978117,11.41443795048027,11.414039103518109,-5.417811349707222,1.2969015833357105,11.57140589311053,-0.15696794263025993
P23_AV1_1_interaction,P23,AV1,1,on_ramp,P23_AV1_1,P23_AV1.1.asc,AV1,60,initiator_active,3073,1,51216.67,51216.6676,1.0,22.3,80.28,195.0,2.680197,1182.259021,0.0,0.0,0.0,22.3,0.0,0.0,1182.41039,-22.289786,6.029322,1.0,0.0,0.0,0.0,0.0,1121.000174,-33.074447,1021.0,5006.0,0.0,175.0,0.029232,34.916393,125.699015,34.916384,-0.024695,-9.1e-05,-0.240057,-0.010349,-0.002207,0.012246,0.363636,0.0,0.0,0.0,0.0,1.0,-9999.0,-9999.0,-9999.0,-9999.0,-9999.0,-9999.0,-9999.0,-9999.0,-9999.0,-9999.0,-9999.0,-9999.0,-9999.0,-9999.0,195.0,ramp,spur5,stable_reference,10.50644471904401,4.997025958552082,2.3896653675586146,-0.1662815669380205,-0.1662815669380205,0.18333359999999813,6.401133156109846,0.03824694902817326,67.72123357111407,11.324026813325364,11.323915221586276,-5.392513067789423,1.7727023749549744,11.485856542366026,-0.16182972904066162
P23_AV1_1_interaction,P23,AV1,1,on_ramp,P23_AV1_1,P23_AV1.1.asc,AV1,60,initiator_active,3074,1,51233.33,51233.334,1.0,22.3,80.28,195.0,3.051765,1182.620465,0.0,0.0,0.0,22.3,0.0,0.0,1182.770215,-22.382856,6.030803,1.0,0.0,0.0,0.0,0.0,1121.582092,-33.079166,1021.0,5006.0,0.0,175.0,0.028446,34.915822,125.696961,34.915813,-0.025001,-0.000148,0.074028,-0.00847,-0.00401,0.012246,0.363636,0.0,0.0,0.0,0.0,1.0,-9999.0,-9999.0,-9999.0,-9999.0,-9999.0,-9999.0,-9999.0,-9999.0,-9999.0,-9999.0,-9999.0,-9999.0,-9999.0,-9999.0,195.0,ramp,spur5,stable_reference,10.423388278434224,4.912282709275133,2.304124480211564,-0.1711210022268307,-0.1711210022268307,0.2,6.983070288958282,0.03828007368176883,68.0818065871888,11.233898262888946,11.23428774848242,-5.358721331867059,2.2274198392754556,11.400437861555666,-0.16653959866671997
P23_AV1_1_interaction,P23,AV1,1,on_ramp,P23_AV1_1,P23_AV1.1.asc,AV1,60,initiator_active,3075,1,51250.0,51250.0008,1.0,22.3,80.28,195.0,3.423332,1182.981984,0.0,0.0,0.0,22.3,0.0,0.0,1183.130306,-22.47489,6.033672,1.0,0.0,0.0,0.0,0.0,1122.163996,-33.083887,1021.0,5006.0,0.0,175.0,0.027659,34.918427,125.706335,34.918417,-0.025265,-0.000221,0.194909,-0.006534,-0.004371,0.012246,0.363636,0.0,0.0,0.0,0.0,1.0,-9999.0,-9999.0,-9999.0,-9999.0,-9999.0,-9999.0,-9999.0,-9999.0,-9999.0,-9999.0,-9999.0,-9999.0,-9999.0,-9999.0,195.0,ramp,spur5,stable_reference,10.341374815493714,4.828581321435817,2.219624918164602,-0.1749322776717701,-0.1749322776717701,0.21666679999999905,7.564993438605409,0.03831108407745368,68.44263713437402,11.144807850076901,11.14529190689754,-5.3182658768943725,2.5044822226909105,11.315102617409323,-0.17029476733242177
P23_AV1_1_interaction,P23,AV1,1,on_ramp,P23_AV1_1,P23_AV1.1.asc,AV1,60,initiator_active,3076,1,51266.67,51266.6675,1.0,22.3,80.28,195.0,3.794954,1183.343755,0.0,0.0,0.0,22.3,0.0,0.0,1183.490651,-22.565927,6.036353,1.0,0.0,0.0,0.0,0.0,1122.745936,-33.088611,1021.0,5006.0,0.0,175.0,0.02687,34.922136,125.71969,34.922127,-0.025488,-0.000282,0.235487,-0.004998,-0.003017,0.012246,0.353535,0.0,0.0,0.0,0.0,1.0,-9999.0,-9999.0,-9999.0,-9999.0,-9999.0,-9999.0,-9999.0,-9999.0,-9999.0,-9999.0,-9999.0,-9999.0,-9999.0,-9999.0,195.0,ramp,spur5,stable_reference,10.26036501246532,4.745882528548819,2.1361274394938405,-0.17809897831373,-0.17809897831373,0.23333350000000064,8.146952611550464,0.03833938855070281,68.80371353154554,11.05671647819708,11.05701132858659,-5.275238189131812,2.504182935120582,11.230093995929877,-0.17337751773279741
P23_AV1_1_interaction,P23,AV1,1,on_ramp,P23_AV1_1,P23_AV1.1.asc,AV1,60,initiator_active,3077,1,51283.33,51283.3335,1.0,22.3,80.28,195.0,4.166528,1183.705767,0.0,0.0,0.0,22.3,0.0,0.0,1183.851192,-22.656182,6.03835,1.0,0.0,0.0,0.0,0.0,1123.327934,-33.093336,1021.0,5006.0,0.0,175.0,0.026081,34.926214,125.734369,34.926204,-0.025671,-0.00031,0.248902,-0.004049,-0.000725,0.012246,0.353535,0.0,0.0,0.0,0.0,1.0,-9999.0,-9999.0,-9999.0,-9999.0,-9999.0,-9999.0,-9999.0,-9999.0,-9999.0,-9999.0,-9999.0,-9999.0,-9999.0,-9999.0,195.0,ramp,spur5,stable_reference,10.180142343712925,4.663970049656131,2.0534158806711598,-0.1804595081662561,-0.1804595081662561,0.24999949999999807,8.728969790727541,0.03836716668777988,69.16497953633638,10.96940868078767,10.969453944691022,-5.234794589912724,2.144712686692401,11.145084149975556,-0.1756754691878868
P23_AV1_1_interaction,P23,AV1,1,on_ramp,P23_AV1_1,P23_AV1.1.asc,AV1,60,initiator_active,3078,1,51300.0,51300.0,1.0,22.3,80.28,195.0,4.538112,1184.067966,0.0,0.0,0.0,22.3,0.0,0.0,1184.211868,-22.745898,6.039687,1.0,0.0,0.0,0.0,0.0,1123.909998,-33.098062,1021.0,5006.0,0.0,175.0,0.025291,34.930411,125.749481,34.930402,-0.025821,-0.000299,0.253249,-0.003689,0.001501,0.012246,0.353535,0.0,0.0,0.0,0.0,1.0,-9999.0,-9999.0,-9999.0,-9999.0,-9999.0,-9999.0,-9999.0,-9999.0,-9999.0,-9999.0,-9999.0,-9999.0,-9999.0,-9999.0,195.0,ramp,spur5,stable_reference,10.100462211178924,4.582599542036575,1.971246021661629,-0.1825432504594891,-0.1825432504594891,0.26666599999999746,9.311052975870332,0.03839448381703107,69.52637613512886,10.882640967822338,10.882522556777214,-5.20374983550721,1.491234432771222,11.060387442632134,-0.17774647480979588
P23_AV1_1_interaction,P23,AV1,1,on_ramp,P23_AV1_1,P23_AV1.1.asc,AV1,60,initiator_active,3079,1,51316.67,51316.6668,1.0,22.3,80.28,195.0,4.90973,1184.430296,0.0,0.0,0.0,22.3,0.0,0.0,1184.572629,-22.835274,6.040508,1.0,0.0,0.0,0.0,0.0,1124.492132,-33.10279,1021.0,5006.0,0.0,175.0,0.024501,34.934629,125.764666,34.93462,-0.025946,-0.000257,0.250671,-0.003855,0.003086,0.012246,0.353535,0.0,0.0,0.0,0.0,1.0,-9999.0,-9999.0,-9999.0,-9999.0,-9999.0,-9999.0,-9999.0,-9999.0,-9999.0,-9999.0,-9999.0,-9999.0,-9999.0,-9999.0,195.0,ramp,spur5,stable_reference,10.021124304910677,4.501570905051013,1.8894178623973463,-0.1843768544779556,-0.1843768544779556,0.2833327999999965,9.893206175011043,0.038420372635961965,69.88785495463254,10.796213937634134,10.795995797610544,-5.185087048078515,0.9199805474668779,10.975745833979106,-0.17953189634497235
P23_AV1_1_interaction,P23,AV1,1,on_ramp,P23_AV1_1,P23_AV1.1.asc,AV1,60,initiator_active,3080,1,51333.33,51333.3341,1.0,22.3,80.28,195.0,5.281301,1184.792709,0.0,0.0,0.0,22.3,0.0,0.0,1184.933438,-22.924454,6.040973,1.0,0.0,0.0,0.0,0.0,1125.074336,-33.107519,1021.0,5006.0,0.0,175.0,0.023711,34.938708,125.779349,34.938698,-0.026055,-0.000198,0.242304,-0.004399,0.003738,0.012246,0.353535,0.0,0.0,0.0,0.0,1.0,-9999.0,-9999.0,-9999.0,-9999.0,-9999.0,-9999.0,-9999.0,-9999.0,-9999.0,-9999.0,-9999.0,-9999.0,-9999.0,-9999.0,195.0,ramp,spur5,stable_reference,9.941983654289649,4.420739323358663,1.807786662118152,-0.1862036051356697,-0.1862036051356697,0.3000000999999975,10.475429379983634,0.03844583311122738,70.2493801719915,10.709983292880818,10.709682353084926,-5.173083311720632,0.7608309643576092,10.891353421012617,-0.18137012813179965
P23_AV1_1_interaction,P23,AV1,1,on_ramp,P23_AV1_1,P23_AV1.1.asc,AV1,60,initiator_active,3081,1,51350.0,51350.0001,1.0,22.3,80.28,195.0,5.65288,1185.155172,0.0,0.0,0.0,22.3,0.0,0.0,1185.294272,-23.01353,6.041214,1.0,0.0,0.0,0.0,0.0,1125.656608,-33.112249,1021.0,5006.0,0.0,175.0,0.022922,34.942805,125.794099,34.942796,-0.026154,-0.000134,0.249457,-0.005167,0.003801,0.012246,0.353535,0.0,0.0,0.0,0.0,1.0,-9999.0,-9999.0,-9999.0,-9999.0,-9999.0,-9999.0,-9999.0,-9999.0,-9999.0,-9999.0,-9999.0,-9999.0,-9999.0,-9999.0,195.0,ramp,spur5,stable_reference,9.86294765691452,4.340012290787994,1.72625996089299,-0.1882513690470164,-0.1882513690470164,0.3166660999999949,11.057720590855245,0.038470848910759615,70.61092953924849,10.623856848810936,10.623559845287446,-5.159726146938965,0.9642402279603743,10.80722158495641,-0.18336473614547444
P23_AV1_1_interaction,P23,AV1,1,on_ramp,P23_AV1_1,P23_AV1.1.asc,AV1,60,initiator_active,3082,1,51366.67,51366.6667,1.0,22.3,80.28,195.0,6.02448,1185.517665,0.0,0.0,0.0,22.3,0.0,0.0,1185.655119,-23.102555,6.041325,1.0,0.0,0.0,0.0,0.0,1126.238948,-33.116981,1021.0,5006.0,0.0,175.0,0.022132,34.947137,125.809695,34.947128,-0.02625,-7.3e-05,0.266971,-0.006037,0.00355,0.012246,0.353535,0.0,0.0,0.0,0.0,1.0,-9999.0,-9999.0,-9999.0,-9999.0,-9999.0,-9999.0,-9999.0,-9999.0,-9999.0,-9999.0,-9999.0,-9999.0,-9999.0,-9999.0,195.0,ramp,spur5,stable_reference,9.783963000411646,4.259336544580481,1.6447845198466216,-0.1902516354274472,-0.1902516354274472,0.33333269999999904,11.64007981579147,0.03849442006787885,70.97249148960368,10.537781509199132,10.537695274716858,-5.140942482560661,1.2966212503228576,10.723157338458396,-0.18537582925926444
P23_AV1_1_interaction,P23,AV1,1,on_ramp,P23_AV1_1,P23_AV1.1.asc,AV1,60,initiator_active,3083,1,51383.33,51383.3341,1.0,22.3,80.28,195.0,6.396037,1185.880175,0.0,0.0,0.0,22.3,0.0,0.0,1186.016017,-23.191374,6.0424,1.0,0.0,0.0,0.0,0.0,1126.821361,-33.121715,1021.0,5006.0,0.0,175.0,0.021341,34.951583,125.8257,34.951573,-0.026346,-1.8e-05,0.264429,-0.006918,0.003178,0.012246,0.353535,0.0,0.0,0.0,0.0,1.0,-9999.0,-9999.0,-9999.0,-9999.0,-9999.0,-9999.0,-9999.0,-9999.0,-9999.0,-9999.0,-9999.0,-9999.0,-9999.0,-9999.0,195.0,ramp,spur5,stable_reference,9.705185678899138,4.17886792022096,1.5635160982118772,-0.1925777885131809,-0.1925777885131809,0.3500000999999975,12.222512054625922,0.038516587412816106,71.33410275605357,10.451912579186919,10.45219168609795,-5.11650430281918,1.6106611356191536,10.639554946425136,-0.18764236723821703
P23_AV1_1_interaction,P23,AV1,1,on_ramp,P23_AV1_1,P23_AV1.1.asc,AV1,60,initiator_active,3084,1,51400.0,51400.0,1.0,22.3,80.28,195.0,6.767605,1186.242738,0.0,0.0,0.0,22.3,0.0,0.0,1186.377099,-23.279442,6.044473,1.0,0.0,0.0,0.0,0.0,1127.403847,-33.126451,1021.0,5006.0,0.0,175.0,0.02055,34.955909,125.841273,34.955899,-0.026448,3.1e-05,0.256512,-0.007759,0.002782,0.012246,0.353535,0.0,0.0,0.0,0.0,1.0,-9999.0,-9999.0,-9999.0,-9999.0,-9999.0,-9999.0,-9999.0,-9999.0,-9999.0,-9999.0,-9999.0,-9999.0,-9999.0,-9999.0,195.0,ramp,spur5,stable_reference,9.627164170829166,4.099154341240853,1.4830023527592469,-0.1941307400114086,-0.1941307400114086,0.36666599999999744,12.805017307358373,0.03853735094556243,71.69589188367046,10.366796126686232,10.36714526138564,-5.087254265013826,1.8166882287010537,10.555951646077597,-0.189155519391365
P23_AV1_1_interaction,P23,AV1,1,on_ramp,P23_AV1_1,P23_AV1.1.asc,AV1,60,initiator_active,3085,1,51416.67,51416.6675,1.0,22.3,80.28,195.0,7.139188,1186.605475,0.0,0.0,0.0,22.3,0.0,0.0,1186.738356,-23.366787,6.046409,1.0,0.0,0.0,0.0,0.0,1127.986405,-33.13119,1021.0,5006.0,0.0,175.0,0.019759,34.96013,125.856469,34.96012,-0.026559,7.4e-05,0.251484,-0.008837,0.002378,0.012403,0.353535,0.0,0.0,0.0,0.0,1.0,-9999.0,-9999.0,-9999.0,-9999.0,-9999.0,-9999.0,-9999.0,-9999.0,-9999.0,-9999.0,-9999.0,-9999.0,-9999.0,-9999.0,195.0,ramp,spur5,stable_reference,9.549870237403187,4.020167607443428,1.403215101773598,-0.1953168684380654,-0.1953168684380654,0.38333350000000066,13.387594582188322,0.03855570253342825,72.05785010140332,10.282404079136281,10.282616255234004,-5.055947710270402,1.8090757861616567,10.472784145800215,-0.19038006666393414
P23_AV1_1_interaction,P23,AV1,1,on_ramp,P23_AV1_1,P23_AV1.1.asc,AV1,60,initiator_active,3086,1,51433.33,51433.334,1.0,22.3,80.28,195.0,7.510738,1186.968379,0.0,0.0,0.0,22.3,0.0,0.0,1187.09975,-23.453567,6.047851,1.0,0.0,0.0,0.0,0.0,1128.569034,-33.135931,1021.0,5006.0,0.0,175.0,0.018966,34.964209,125.871154,34.964199,-0.02668,0.000109,0.239273,-0.009459,0.001981,0.012246,0.343434,0.0,0.0,0.0,0.0,1.0,-9999.0,-9999.0,-9999.0,-9999.0,-9999.0,-9999.0,-9999.0,-9999.0,-9999.0,-9999.0,-9999.0,-9999.0,-9999.0,-9999.0,195.0,ramp,spur5,stable_reference,9.473144885656648,3.94174888414244,1.323995586675408,-0.1961287159983733,-0.1961287159983733,0.4,13.970242870982965,0.03857263397701043,72.41994070075401,10.198578131495578,10.198610269334234,-5.026950394314895,1.5327501234860108,10.389749525574757,-0.19117139407917882
P23_AV1_1_interaction,P23,AV1,1,on_ramp,P23_AV1_1,P23_AV1.1.asc,AV1,60,initiator_active,3087,1,51450.0,51450.0002,1.0,22.3,80.28,195.0,7.882301,1187.331414,0.0,0.0,0.0,22.3,0.0,0.0,1187.461237,-23.539957,6.048816,1.0,0.0,0.0,0.0,0.0,1129.15173,-33.140676,1021.0,5006.0,0.0,175.0,0.018172,34.968116,125.885217,34.968106,-0.02681,0.000139,0.232021,-0.009933,0.001599,0.012246,0.343434,0.0,0.0,0.0,0.0,1.0,-9999.0,-9999.0,-9999.0,-9999.0,-9999.0,-9999.0,-9999.0,-9999.0,-9999.0,-9999.0,-9999.0,-9999.0,-9999.0,-9999.0,195.0,ramp,spur5,stable_reference,9.3968119627851,3.86372220274352,1.245167927378768,-0.1967152601478779,-0.1967152601478779,0.41666619999999965,14.552958190207761,0.038586112678835244,72.78212111224703,10.115142930293208,10.11505441775,-5.00485688596666,1.053630160438587,10.306959683741608,-0.19181675344839988
P23_AV1_1_interaction,P23,AV1,1,on_ramp,P23_AV1_1,P23_AV1.1.asc,AV1,60,initiator_active,3088,1,51466.67,51466.6674,1.0,22.3,80.28,195.0,8.253872,1187.69454,0.0,0.0,0.0,22.3,0.0,0.0,1187.822783,-23.626101,6.049409,1.0,0.0,0.0,0.0,0.0,1129.734492,-33.145423,1021.0,5006.0,0.0,175.0,0.017376,34.971954,125.899033,34.971943,-0.026946,0.000162,0.229457,-0.010255,0.001235,0.012403,0.343434,0.0,0.0,0.0,0.0,1.0,-9999.0,-9999.0,-9999.0,-9999.0,-9999.0,-9999.0,-9999.0,-9999.0,-9999.0,-9999.0,-9999.0,-9999.0,-9999.0,-9999.0,195.0,ramp,spur5,stable_reference,9.32072658135854,3.785942817122677,1.166587445727698,-0.1974982589425801,-0.1974982589425801,0.43333339999999587,15.135739523564087,0.03859813040617042,73.14435851292647,10.031954202685073,10.031781390081262,-4.9918298627761715,0.659613736004502,10.224534457077114,-0.19258025439204118
P23_AV1_1_interaction,P23,AV1,1,on_ramp,P23_AV1_1,P23_AV1.1.asc,AV1,60,initiator_active,3089,1,51483.33,51483.3339,1.0,22.3,80.28,195.0,8.625412,1188.057724,0.0,0.0,0.0,22.3,0.0,0.0,1188.184362,-23.712103,6.049744,1.0,0.0,0.0,0.0,0.0,1130.317318,-33.150174,1021.0,5006.0,0.0,175.0,0.01658,34.97577,125.912774,34.97576,-0.02709,0.000179,0.228836,-0.010432,0.000905,0.012246,0.343434,0.0,0.0,0.0,0.0,1.0,-9999.0,-9999.0,-9999.0,-9999.0,-9999.0,-9999.0,-9999.0,-9999.0,-9999.0,-9999.0,-9999.0,-9999.0,-9999.0,-9999.0,195.0,ramp,spur5,stable_reference,9.24478406040155,3.7083061550859617,1.0881496218000908,-0.198135474521242,-0.198135474521242,0.44999989999999523,15.71858488745049,0.03860667089361889,73.50662775292734,9.948907739821685,9.948658252504643,-4.982869348802694,0.6017665729188195,10.142109342163323,-0.19320160234163808
P23_AV1_1_interaction,P23,AV1,1,on_ramp,P23_AV1_1,P23_AV1.1.asc,AV1,60,initiator_active,3090,1,51500.0,51500.0008,1.0,22.3,80.28,195.0,8.996965,1188.420945,0.0,0.0,0.0,22.3,0.0,0.0,1188.54596,-23.79803,6.049918,1.0,0.0,0.0,0.0,0.0,1130.900208,-33.154928,1021.0,5006.0,0.0,175.0,0.015782,34.979581,125.926493,34.979571,-0.02724,0.000191,0.228499,-0.010483,0.00062,0.012403,0.343434,0.0,0.0,0.0,0.0,1.0,-9999.0,-9999.0,-9999.0,-9999.0,-9999.0,-9999.0,-9999.0,-9999.0,-9999.0,-9999.0,-9999.0,-9999.0,-9999.0,-9999.0,195.0,ramp,spur5,stable_reference,9.16891703746497,3.630744911457157,1.009787178033314,-0.1993242251315789,-0.1993242251315789,0.46666679999999905,16.301494273701383,0.038612734107839164,73.86891537984154,9.86593642961241,9.865685416584935,-4.971770885589535,0.8209925014838007,10.06037851016375,-0.19444208055134027
P23_AV1_1_interaction,P23,AV1,1,on_ramp,P23_AV1_1,P23_AV1.1.asc,AV1,60,initiator_active,3091,1,51516.67,51516.6669,1.0,22.3,80.28,195.0,9.368518,1188.784188,0.0,0.0,0.0,22.3,0.0,0.0,1188.907566,-23.88392,6.049998,1.0,0.0,0.0,0.0,0.0,1131.483161,-33.159686,1021.0,5006.0,0.0,175.0,0.014982,34.983383,125.94018,34.983373,-0.027395,0.000199,0.227801,-0.010432,0.000375,0.012403,0.343434,0.0,0.0,0.0,0.0,1.0,-9999.0,-9999.0,-9999.0,-9999.0,-9999.0,-9999.0,-9999.0,-9999.0,-9999.0,-9999.0,-9999.0,-9999.0,-9999.0,-9999.0,195.0,ramp,spur5,stable_reference,9.09308722213661,3.553220842557036,0.9314618931537512,-0.2005328266321592,-0.2005328266321592,0.48333289999999396,16.884466690515815,0.03861531191612376,74.23121070434563,9.7830021834978,9.782934203128226,-4.955503453895233,1.1443110243504577,9.978623262689078,-0.19562107919127847
P23_AV1_1_interaction,P23,AV1,1,on_ramp,P23_AV1_1,P23_AV1.1.asc,AV1,60,initiator_active,3092,1,51533.33,51533.3341,1.0,22.3,80.28,195.0,9.740046,1189.147443,0.0,0.0,0.0,22.3,0.0,0.0,1189.269215,-23.96963,6.050945,1.0,0.0,0.0,0.0,0.0,1132.066178,-33.164447,1021.0,5006.0,0.0,175.0,0.014181,34.987174,125.953826,34.987163,-0.027554,0.000203,0.22727,-0.010301,0.000162,0.012403,0.343434,0.0,0.0,0.0,0.0,1.0,-9999.0,-9999.0,-9999.0,-9999.0,-9999.0,-9999.0,-9999.0,-9999.0,-9999.0,-9999.0,-9999.0,-9999.0,-9999.0,-9999.0,195.0,ramp,spur5,stable_reference,9.01743852996051,3.475877717848032,0.8533174664032166,-0.2019568905296674,-0.2019568905296674,0.5000000999999975,17.467503129694283,0.03861541245117645,74.59354755752805,9.700248282521347,9.7005021547299,-4.93362685279908,1.4349828499267119,9.897345133860359,-0.1970968513390119
P23_AV1_1_interaction,P23,AV1,1,on_ramp,P23_AV1_1,P23_AV1.1.asc,AV1,60,initiator_active,3093,1,51550.0,51550.0008,1.0,22.3,80.28,195.0,10.111583,1189.510743,0.0,0.0,0.0,22.3,0.0,0.0,1189.631021,-24.054672,6.052786,1.0,0.0,0.0,0.0,0.0,1132.649258,-33.169211,1021.0,5006.0,0.0,175.0,0.013379,34.990961,125.967461,34.99095,-0.027717,0.000204,0.227274,-0.01011,-2.6e-05,0.012403,0.343434,0.0,0.0,0.0,0.0,1.0,-9999.0,-9999.0,-9999.0,-9999.0,-9999.0,-9999.0,-9999.0,-9999.0,-9999.0,-9999.0,-9999.0,-9999.0,-9999.0,-9999.0,195.0,ramp,spur5,stable_reference,8.94246193444675,3.399206037662054,0.7758441704716748,-0.2030218043998934,-0.2030218043998934,0.5166667999999991,18.05060259127024,0.038613027546962456,74.956035950559,9.618163641340704,9.618477166842077,-4.907670001501003,1.6124195677288355,9.816299779679147,-0.1981361383384428
P23_AV1_1_interaction,P23,AV1,1,on_ramp,P23_AV1_1,P23_AV1.1.asc,AV1,60,initiator_active,3094,1,51566.67,51566.6673,1.0,22.3,80.28,195.0,10.48312,1189.874192,0.0,0.0,0.0,22.3,0.0,0.0,1189.992978,-24.139071,6.054507,1.0,0.0,0.0,0.0,0.0,1133.232401,-33.173979,1021.0,5006.0,0.0,175.0,0.012576,34.994751,125.981103,34.99474,-0.027882,0.000202,0.227414,-0.009877,-0.000188,0.012403,0.343434,0.0,0.0,0.0,0.0,1.0,-9999.0,-9999.0,-9999.0,-9999.0,-9999.0,-9999.0,-9999.0,-9999.0,-9999.0,-9999.0,-9999.0,-9999.0,-9999.0,-9999.0,195.0,ramp,spur5,stable_reference,8.868132278831702,3.323180670220542,0.6990168855948735,-0.2035719421143499,-0.2035719421143499,0.5333332999999985,18.633765083409966,0.03860715723680752,75.31867008778987,9.536723211793182,9.536913803508124,-4.87987977086857,1.6145713040982628,9.735490061511095,-0.19876684971791292
P23_AV1_1_interaction,P23,AV1,1,on_ramp,P23_AV1_1,P23_AV1.1.asc,AV1,60,initiator_active,3095,1,51583.33,51583.3336,1.0,22.3,80.28,195.0,10.854638,1190.237784,0.0,0.0,0.0,22.3,0.0,0.0,1190.355052,-24.222966,6.055789,1.0,0.0,0.0,0.0,0.0,1133.815607,-33.17875,1021.0,5006.0,0.0,175.0,0.011772,34.998525,125.994691,34.998514,-0.028048,0.000197,0.223828,-0.009612,-0.000321,0.012246,0.343434,0.0,0.0,0.0,0.0,1.0,-9999.0,-9999.0,-9999.0,-9999.0,-9999.0,-9999.0,-9999.0,-9999.0,-9999.0,-9999.0,-9999.0,-9999.0,-9999.0,-9999.0,195.0,ramp,spur5,stable_reference,8.794309673762669,3.247661868068505,0.6226959325279952,-0.2042481661757553,-0.2042481661757553,0.5499995999999956,19.216990597947184,0.03859880148738591,75.68141710543387,9.455787720867962,9.455817104827336,-4.853851797992206,1.3562902374860357,9.655214833120063,-0.19942711225210097
P23_AV1_1_interaction,P23,AV1,1,on_ramp,P23_AV1_1,P23_AV1.1.asc,AV1,60,initiator_active,3096,1,51600.0,51600.0006,1.0,22.3,80.28,195.0,11.226164,1190.601488,0.0,0.0,0.0,22.3,0.0,0.0,1190.717207,-24.306513,6.056648,1.0,0.0,0.0,0.0,0.0,1134.398876,-33.183525,1021.0,5006.0,0.0,175.0,0.010966,35.002153,126.007752,35.002142,-0.028216,0.000191,0.214532,-0.009319,-0.000435,0.012403,0.321608,0.0,0.0,0.0,0.0,1.0,-9999.0,-9999.0,-9999.0,-9999.0,-9999.0,-9999.0,-9999.0,-9999.0,-9999.0,-9999.0,-9999.0,-9999.0,-9999.0,-9999.0,195.0,ramp,spur5,stable_reference,8.720837180965072,3.172492842131824,0.5467245939920831,-0.2045670892623666,-0.2045670892623666,0.5666665999999968,19.800279143047938,0.03858696033202864,76.04424227859434,9.375200879788956,9.375118922250515,-4.83467042909291,0.9072349030417115,9.574939387298015,-0.19973850750905875
P23_AV1_1_interaction,P23,AV1,1,on_ramp,P23_AV1_1,P23_AV1.1.asc,AV1,60,initiator_active,3097,1,51616.67,51616.6668,1.0,22.3,80.28,195.0,11.597686,1190.96527,0.0,0.0,0.0,22.3,0.0,0.0,1191.079412,-24.389842,6.057176,1.0,0.0,0.0,0.0,0.0,1134.982205,-33.188302,1021.0,5006.0,0.0,175.0,0.010161,35.00569,126.020485,35.005679,-0.028383,0.000182,0.211139,-0.008999,-0.000544,0.012403,0.321608,0.0,0.0,0.0,0.0,1.0,-9999.0,-9999.0,-9999.0,-9999.0,-9999.0,-9999.0,-9999.0,-9999.0,-9999.0,-9999.0,-9999.0,-9999.0,-9999.0,-9999.0,195.0,ramp,spur5,stable_reference,8.647583990813894,3.097542911776485,0.4709722513866007,-0.2053457504098756,-0.2053457504098756,0.5833327999999965,20.383627702480293,0.03857360920593195,76.40711566989044,9.29483243974338,9.294662057082661,-4.823610365732748,0.7035439485397035,9.49543036215542,-0.20059792241203844
P23_AV1_1_interaction,P23,AV1,1,on_ramp,P23_AV1_1,P23_AV1.1.asc,AV1,60,initiator_active,3098,1,51633.33,51633.3335,1.0,22.3,80.28,195.0,11.969194,1191.329102,0.0,0.0,0.0,22.3,0.0,0.0,1191.441646,-24.473043,6.057474,1.0,0.0,0.0,0.0,0.0,1135.565594,-33.193083,1021.0,5006.0,0.0,175.0,0.009354,35.009196,126.033106,35.009185,-0.028551,0.000172,0.209978,-0.008649,-0.000647,0.012403,0.321608,0.0,0.0,0.0,0.0,1.0,-9999.0,-9999.0,-9999.0,-9999.0,-9999.0,-9999.0,-9999.0,-9999.0,-9999.0,-9999.0,-9999.0,-9999.0,-9999.0,-9999.0,195.0,ramp,spur5,stable_reference,8.574459555597779,3.022721616443046,0.3953484860810702,-0.2061447354477188,-0.2061447354477188,0.5999994999999981,20.967036292576108,0.038556748175770254,76.77001701496594,9.214592232245192,9.21433400422735,-4.811219229088465,0.5994404722994773,9.415970666249544,-0.2013784340043525
P23_AV1_1_interaction,P23,AV1,1,on_ramp,P23_AV1_1,P23_AV1.1.asc,AV1,60,initiator_active,3099,1,51650.03,51650.0281,1.0,22.3,80.28,195.0,12.340706,1191.692966,0.0,0.0,0.0,22.3,0.0,0.0,1191.803896,-24.556178,6.057629,1.0,0.0,0.0,0.0,0.0,1136.149041,-33.197866,1021.0,5006.0,0.0,175.0,0.008548,35.012691,126.045687,35.012679,-0.028717,0.00016,0.209532,-0.008272,-0.000734,0.012403,0.321608,0.0,0.0,0.0,0.0,1.0,-9999.0,-9999.0,-9999.0,-9999.0,-9999.0,-9999.0,-9999.0,-9999.0,-9999.0,-9999.0,-9999.0,-9999.0,-9999.0,-9999.0,195.0,ramp,spur5,stable_reference,8.501401538674369,2.9479666726965488,0.3197910402920582,-0.2072633282608342,-0.2072633282608342,0.6166941000000006,21.550502897070213,0.038538360842783594,77.13293382054908,9.134418153203066,9.134154001160207,-4.803620295695055,0.6349510814413861,9.336991004391624,-0.20257285118855783
P23_AV1_1_interaction,P23,AV1,1,on_ramp,P23_AV1_1,P23_AV1.1.asc,AV1,60,initiator_active,3100,1,51666.67,51666.6674,1.0,22.3,80.28,195.0,12.71221,1192.056849,0.0,0.0,0.0,22.3,0.0,0.0,1192.166153,-24.63928,6.057701,1.0,0.0,0.0,0.0,0.0,1136.732546,-33.202653,1021.0,5006.0,0.0,175.0,0.007741,35.016181,126.058251,35.016169,-0.028881,0.000148,0.209329,-0.007877,-0.000791,0.012403,0.321608,0.0,0.0,0.0,0.0,1.0,-9999.0,-9999.0,-9999.0,-9999.0,-9999.0,-9999.0,-9999.0,-9999.0,-9999.0,-9999.0,-9999.0,-9999.0,-9999.0,-9999.0,195.0,ramp,spur5,stable_reference,8.428376703167821,2.873244881671257,0.2442667333932637,-0.2088181052968145,-0.2088181052968145,0.6333333999999959,22.134027532294695,0.038516447273648106,77.49585735641952,9.054277130222932,9.054210701662544,-4.790073683744424,1.2431887378345436,9.258369573033333,-0.20409244281040095
P23_AV1_1_interaction,P23,AV1,1,on_ramp,P23_AV1_1,P23_AV1.1.asc,AV1,60,initiator_active,3101,1,51683.33,51683.3341,1.0,22.3,80.28,195.0,13.083704,1192.420744,0.0,0.0,0.0,22.3,0.0,0.0,1192.528455,-24.722186,6.058735,1.0,0.0,0.0,0.0,0.0,1137.31611,-33.207442,1021.0,5006.0,0.0,175.0,0.006934,35.019669,126.070807,35.019656,-0.029041,0.000134,0.209212,-0.00747,-0.000818,0.012403,0.321608,0.0,0.0,0.0,0.0,1.0,-9999.0,-9999.0,-9999.0,-9999.0,-9999.0,-9999.0,-9999.0,-9999.0,-9999.0,-9999.0,-9999.0,-9999.0,-9999.0,-9999.0,195.0,ramp,spur5,stable_reference,8.355549040119955,2.7987200767224145,0.1689393228754133,-0.2102520511368692,-0.2102520511368692,0.6500000999999975,22.71761118188401,0.03849301556772242,77.85882429024514,8.97433246817956,8.974616597546053,-4.762191120008197,1.6953704975646247,9.179937987941209,-0.2056055197616491
P23_AV1_1_interaction,P23,AV1,1,on_ramp,P23_AV1_1,P23_AV1.1.asc,AV1,60,initiator_active,3102,1,51700.0,51700.0007,1.0,22.3,80.28,195.0,13.455194,1192.784684,0.0,0.0,0.0,22.3,0.0,0.0,1192.890924,-24.804358,6.060757,1.0,0.0,0.0,0.0,0.0,1137.899731,-33.212234,1021.0,5006.0,0.0,175.0,0.006127,35.023154,126.083356,35.023142,-0.029198,0.00012,0.209106,-0.007062,-0.000818,0.012246,0.321608,0.0,0.0,0.0,0.0,1.0,-9999.0,-9999.0,-9999.0,-9999.0,-9999.0,-9999.0,-9999.0,-9999.0,-9999.0,-9999.0,-9999.0,-9999.0,-9999.0,-9999.0,195.0,ramp,spur5,stable_reference,8.283459725650106,2.724932929449982,0.0943492374847883,-0.2117908692562502,-0.2117908692562502,0.6666666999999943,23.301251854070888,0.03846704942626614,78.22195222462724,8.89512314539181,8.895471153712876,-4.7335613948219475,1.7817467372661326,9.10223347567751,-0.20711033028569936
P23_AV1_1_interaction,P23,AV1,1,on_ramp,P23_AV1_1,P23_AV1.1.asc,AV1,60,initiator_active,3103,1,51716.67,51716.6667,1.0,22.3,80.28,195.0,13.82668,1193.14878,0.0,0.0,0.0,22.3,0.0,0.0,1193.253553,-24.885821,6.06265,1.0,0.0,0.0,0.0,0.0,1138.483411,-33.217028,1021.0,5006.0,0.0,175.0,0.005321,35.026638,126.095898,35.026626,-0.029351,0.000107,0.208993,-0.006659,-0.000798,0.012403,0.321608,0.0,0.0,0.0,0.0,1.0,-9999.0,-9999.0,-9999.0,-9999.0,-9999.0,-9999.0,-9999.0,-9999.0,-9999.0,-9999.0,-9999.0,-9999.0,-9999.0,-9999.0,195.0,ramp,spur5,stable_reference,8.212083575265124,2.651858285003149,0.0204713365890851,-0.2126028615878418,-0.2126028615878418,0.683332699999999,23.8849515406226,0.03843956514802672,78.58523436394998,8.816624105530952,8.816834670776256,-4.702800945459842,1.785533891230756,9.024528483268154,-0.2079043777372025
P23_AV1_1_interaction,P23,AV1,1,on_ramp,P23_AV1_1,P23_AV1.1.asc,AV1,60,initiator_active,3104,1,51733.33,51733.3336,1.0,22.3,80.28,195.0,14.198162,1193.513027,0.0,0.0,0.0,22.3,0.0,0.0,1193.616306,-24.96673,6.06406,1.0,0.0,0.0,0.0,0.0,1139.067149,-33.221824,1021.0,5006.0,0.0,175.0,0.004515,35.03012,126.108434,35.030108,-0.029499,9.4e-05,0.208909,-0.006264,-0.000762,0.012403,0.321608,0.0,0.0,0.0,0.0,1.0,-9999.0,-9999.0,-9999.0,-9999.0,-9999.0,-9999.0,-9999.0,-9999.0,-9999.0,-9999.0,-9999.0,-9999.0,-9999.0,-9999.0,195.0,ramp,spur5,stable_reference,8.14126465030586,2.579340354041598,-0.0528500973084266,-0.2135575166840881,-0.2135575166840881,0.6999995999999955,24.4687092415726,0.03841055456695519,78.94863597515041,8.738680059787557,8.738713188116886,-4.67404448048228,1.4895220524916226,8.947635959970098,-0.2089559001825414
P23_AV1_1_interaction,P23,AV1,1,on_ramp,P23_AV1_1,P23_AV1.1.asc,AV1,60,initiator_active,3105,1,51750.0,51750.0007,1.0,22.3,80.28,195.0,14.569636,1193.877391,0.0,0.0,0.0,22.3,0.0,0.0,1193.979145,-25.047255,6.065005,1.0,0.0,0.0,0.0,0.0,1139.650945,-33.226623,1021.0,5006.0,0.0,175.0,0.003711,35.033566,126.120836,35.033553,-0.029642,8.2e-05,0.200791,-0.005879,-0.000719,0.012403,0.321608,0.0,0.0,0.0,0.0,1.0,-9999.0,-9999.0,-9999.0,-9999.0,-9999.0,-9999.0,-9999.0,-9999.0,-9999.0,-9999.0,-9999.0,-9999.0,-9999.0,-9999.0,195.0,ramp,spur5,stable_reference,8.070831962422272,2.507208305073502,-0.1257858201741445,-0.2143963992106519,-0.2143963992106519,0.7166666999999943,25.05252496508694,0.0383790177163968,79.31212044772316,8.661120703520252,8.661030077335457,-4.653149311699337,0.9891098372821432,8.870897410463465,-0.20977670694321304
P23_AV1_1_interaction,P23,AV1,1,on_ramp,P23_AV1_1,P23_AV1.1.asc,AV1,60,initiator_active,3106,1,51766.67,51766.6668,1.0,22.3,80.28,195.0,14.941107,1194.241836,0.0,0.0,0.0,22.3,0.0,0.0,1194.342037,-25.127538,6.065586,1.0,0.0,0.0,0.0,0.0,1140.234797,-33.231424,1021.0,5006.0,0.0,175.0,0.002907,35.036684,126.132062,35.036671,-0.029779,7e-05,0.180082,-0.00549,-0.000707,0.012403,0.321608,0.0,0.0,0.0,0.0,1.0,-9999.0,-9999.0,-9999.0,-9999.0,-9999.0,-9999.0,-9999.0,-9999.0,-9999.0,-9999.0,-9999.0,-9999.0,-9999.0,-9999.0,195.0,ramp,spur5,stable_reference,8.000642651144739,2.435319414514715,-0.1984784897315618,-0.2153458019802471,-0.2153458019802471,0.7333327999999965,25.636396703066026,0.03834593823091882,79.67565594234613,8.583803771984286,8.583608816048303,-4.6410737553346735,0.642503807112945,8.794630465304785,-0.21082669332049875
P23_AV1_1_interaction,P23,AV1,1,on_ramp,P23_AV1_1,P23_AV1.1.asc,AV1,60,initiator_active,3107,1,51783.33,51783.334,1.0,22.3,80.28,195.0,15.312577,1194.606334,0.0,0.0,0.0,22.3,0.0,0.0,1194.70496,-25.207682,6.065915,1.0,0.0,0.0,0.0,0.0,1140.818702,-33.236227,1021.0,5006.0,0.0,175.0,0.002104,35.039598,126.142553,35.039585,-0.029911,5.8e-05,0.172396,-0.005089,-0.000777,0.012403,0.321608,0.0,0.0,0.0,0.0,1.0,-9999.0,-9999.0,-9999.0,-9999.0,-9999.0,-9999.0,-9999.0,-9999.0,-9999.0,-9999.0,-9999.0,-9999.0,-9999.0,-9999.0,195.0,ramp,spur5,stable_reference,7.930593146031383,2.363570202194152,-0.271031542648298,-0.2168129297841138,-0.2168129297841138,0.75,26.22032145561002,0.038311291612393814,80.0392213008558,8.506626088961022,8.506327783118758,-4.631732720070914,0.6801205135325006,8.71888912188376,-0.2122630329227384
P23_AV1_1_interaction,P23,AV1,1,on_ramp,P23_AV1_1,P23_AV1.1.asc,AV1,60,initiator_active,3108,1,51800.0,51800.0006,1.0,22.3,80.28,195.0,15.68403,1194.970865,0.0,0.0,0.0,22.3,0.0,0.0,1195.067899,-25.287751,6.066085,1.0,0.0,0.0,0.0,0.0,1141.402656,-33.241032,1021.0,5006.0,0.0,175.0,0.001303,35.042442,126.152791,35.042429,-0.030036,4.3e-05,0.16979,-0.004658,-0.000909,0.012403,0.321608,0.0,0.0,0.0,0.0,1.0,-9999.0,-9999.0,-9999.0,-9999.0,-9999.0,-9999.0,-9999.0,-9999.0,-9999.0,-9999.0,-9999.0,-9999.0,-9999.0,-9999.0,195.0,ramp,spur5,stable_reference,7.8606190557499,2.291896339064724,-0.3435092780083744,-0.2182033703050678,-0.2182033703050678,0.7666665999999969,26.8042952228523,0.03827504519665764,80.4028020463785,8.429523534093734,8.42921555792705,-4.618402897769698,1.018724943837526,8.643147828645912,-0.21362429455217757
P23_AV1_1_interaction,P23,AV1,1,on_ramp,P23_AV1_1,P23_AV1.1.asc,AV1,60,initiator_active,3109,1,51816.67,51816.6675,1.0,22.3,80.28,195.0,16.05548,1195.335415,0.0,0.0,0.0,22.3,0.0,0.0,1195.430847,-25.367785,6.066164,1.0,0.0,0.0,0.0,0.0,1141.986658,-33.245838,1021.0,5006.0,0.0,175.0,0.000503,35.045261,126.162941,35.045248,-0.030154,2.7e-05,0.168874,-0.004198,-0.001054,0.012403,0.321608,0.0,0.0,0.0,0.0,1.0,-9999.0,-9999.0,-9999.0,-9999.0,-9999.0,-9999.0,-9999.0,-9999.0,-9999.0,-9999.0,-9999.0,-9999.0,-9999.0,-9999.0,195.0,ramp,spur5,stable_reference,7.790680201575227,2.2202576742686304,-0.4159518331776548,-0.2206079408896591,-0.2206079408896591,0.7833335000000007,27.388316996660276,0.03823819078431609,80.76639150578993,8.35245605155384,8.352380255135467,-4.597774920794876,1.4612510624361903,8.568562524205978,-0.21610647265213778
P23_AV1_1_interaction,P23,AV1,1,on_ramp,P23_AV1_1,P23_AV1.1.asc,AV1,60,initiator_active,3110,1,51833.33,51833.334,1.0,22.3,80.28,195.0,16.426929,1195.699976,0.0,0.0,0.0,22.3,0.0,0.0,1195.793844,-25.447588,6.06738,1.0,0.0,0.0,0.0,0.0,1142.570707,-33.250646,1021.0,5006.0,0.0,175.0,-0.000295,35.048072,126.173059,35.048059,-0.030263,8e-06,0.168516,-0.003723,-0.001157,0.012403,0.321608,0.0,0.0,0.0,0.0,1.0,-9999.0,-9999.0,-9999.0,-9999.0,-9999.0,-9999.0,-9999.0,-9999.0,-9999.0,-9999.0,-9999.0,-9999.0,-9999.0,-9999.0,195.0,ramp,spur5,stable_reference,7.720973617318491,2.1488510785210155,-0.4881624161154546,-0.2227922097319766,-0.2227922097319766,0.8,27.97238578523323,0.03819972024267066,81.13002807721145,8.275619961447887,8.275956077559364,-4.569694610474755,1.8629288855452444,8.49386613330096,-0.21824617185307282
P23_AV1_1_interaction,P23,AV1,1,on_ramp,P23_AV1_1,P23_AV1.1.asc,AV1,60,initiator_active,3111,1,51850.0,51850.0,1.0,22.3,80.28,195.0,16.798353,1196.064588,0.0,0.0,0.0,22.3,0.0,0.0,1196.157031,-25.526527,6.069759,1.0,0.0,0.0,0.0,0.0,1143.154802,-33.255456,1021.0,5006.0,0.0,175.0,-0.001092,35.050879,126.183163,35.050866,-0.030362,-1.2e-05,0.168341,-0.003248,-0.001187,0.012403,0.321608,0.0,0.0,0.0,0.0,1.0,-9999.0,-9999.0,-9999.0,-9999.0,-9999.0,-9999.0,-9999.0,-9999.0,-9999.0,-9999.0,-9999.0,-9999.0,-9999.0,-9999.0,195.0,ramp,spur5,stable_reference,7.6521359694286835,2.0783126365057574,-0.5595052222698951,-0.22479381890219,-0.22479381890219,0.8166659999999974,28.556500588604386,0.038159625405684704,81.49384758683682,8.19964939408199,8.20006089373017,-4.535679021808193,2.110341694495702,8.419993344885798,-0.22034395080380875
P23_AV1_1_interaction,P23,AV1,1,on_ramp,P23_AV1_1,P23_AV1.1.asc,AV1,60,initiator_active,3112,1,51866.67,51866.6674,1.0,22.3,80.28,195.0,17.169779,1196.429374,0.0,0.0,0.0,22.3,0.0,0.0,1196.520399,-25.604629,6.071987,1.0,0.0,0.0,0.0,0.0,1143.738945,-33.260266,1021.0,5006.0,0.0,175.0,-0.001886,35.053683,126.193259,35.05367,-0.030452,-3.1e-05,0.168227,-0.002786,-0.001139,0.012403,0.321608,0.0,0.0,0.0,0.0,1.0,-9999.0,-9999.0,-9999.0,-9999.0,-9999.0,-9999.0,-9999.0,-9999.0,-9999.0,-9999.0,-9999.0,-9999.0,-9999.0,-9999.0,195.0,ramp,spur5,stable_reference,7.584140018722728,2.0086151477599365,-0.6300074335738481,-0.2263726977773787,-0.2263726977773787,0.8333333999999959,29.140663390375202,0.038119922538755305,81.85784125544943,8.12451727686202,8.124766525455644,-4.499349552518055,2.0983696478955665,8.346408852110747,-0.22189157524872627
P23_AV1_1_interaction,P23,AV1,1,on_ramp,P23_AV1_1,P23_AV1.1.asc,AV1,60,initiator_active,3113,1,51883.33,51883.334,1.0,22.3,80.28,195.0,17.541214,1196.794328,0.0,0.0,0.0,22.3,0.0,0.0,1196.883907,-25.682077,6.073647,1.0,0.0,0.0,0.0,0.0,1144.323134,-33.265078,1021.0,5006.0,0.0,175.0,-0.002677,35.056486,126.203349,35.056473,-0.030531,-4.9e-05,0.168132,-0.002351,-0.001025,0.012403,0.321608,0.0,0.0,0.0,0.0,1.0,-9999.0,-9999.0,-9999.0,-9999.0,-9999.0,-9999.0,-9999.0,-9999.0,-9999.0,-9999.0,-9999.0,-9999.0,-9999.0,-9999.0,195.0,ramp,spur5,stable_reference,7.51680169866097,1.93957471503554,-0.6998528657669817,-0.2275745806746758,-0.2275745806746758,0.85,29.724872206944223,0.03807859537647828,82.22196957880195,8.050040281081928,8.050079546765176,-4.465731837884192,1.7507241817113766,8.273249588709517,-0.22320930762758806
P23_AV1_1_interaction,P23,AV1,1,on_ramp,P23_AV1_1,P23_AV1.1.asc,AV1,60,initiator_active,3114,1,51900.0,51900.0006,1.0,22.3,80.28,195.0,17.912618,1197.159411,0.0,0.0,0.0,22.3,0.0,0.0,1197.247511,-25.759072,6.07476,1.0,0.0,0.0,0.0,0.0,1144.907369,-33.269891,1021.0,5006.0,0.0,175.0,-0.003466,35.059287,126.213435,35.059274,-0.030599,-6.4e-05,0.168105,-0.001951,-0.000865,0.012403,0.321608,0.0,0.0,0.0,0.0,1.0,-9999.0,-9999.0,-9999.0,-9999.0,-9999.0,-9999.0,-9999.0,-9999.0,-9999.0,-9999.0,-9999.0,-9999.0,-9999.0,-9999.0,195.0,ramp,spur5,stable_reference,7.449918866436919,1.870989376659386,-0.7692433932733768,-0.2291824378479096,-0.2291824378479096,0.8666665999999968,30.309127030145635,0.038036643885517356,82.58619019973636,7.976017054137715,7.975909392957078,-4.440992313224228,1.1670299321699247,8.200803377464217,-0.2247863233265015
P23_AV1_1_interaction,P23,AV1,1,on_ramp,P23_AV1_1,P23_AV1.1.asc,AV1,60,initiator_active,3115,1,51916.67,51916.6675,1.0,22.3,80.28,195.0,18.284027,1197.524585,0.0,0.0,0.0,22.3,0.0,0.0,1197.611175,-25.835782,6.075444,1.0,0.0,0.0,0.0,0.0,1145.491652,-33.274705,1021.0,5006.0,0.0,175.0,-0.004253,35.062094,126.22354,35.062081,-0.030657,-7.7e-05,0.168683,-0.001593,-0.000678,0.012403,0.321608,0.0,0.0,0.0,0.0,1.0,-9999.0,-9999.0,-9999.0,-9999.0,-9999.0,-9999.0,-9999.0,-9999.0,-9999.0,-9999.0,-9999.0,-9999.0,-9999.0,-9999.0,195.0,ramp,spur5,stable_reference,7.383322588390426,1.8026903467517512,-0.8383477307588617,-0.2304990491482684,-0.2304990491482684,0.8833335000000007,30.89342985991252,0.03799408439795635,82.95046849134786,7.902279307653407,7.902045735033193,-4.426830836050414,0.7529219552999109,8.128356987404253,-0.22607767975084592
P23_AV1_1_interaction,P23,AV1,1,on_ramp,P23_AV1_1,P23_AV1.1.asc,AV1,60,initiator_active,3116,1,51933.33,51933.3343,1.0,22.3,80.28,195.0,18.655445,1197.889817,0.0,0.0,0.0,22.3,0.0,0.0,1197.974874,-25.912327,6.075831,1.0,0.0,0.0,0.0,0.0,1146.075981,-33.279519,1021.0,5006.0,0.0,175.0,-0.005036,35.064911,126.233681,35.064898,-0.030704,-8.6e-05,0.169199,-0.00128,-0.000482,0.012403,0.321608,0.0,0.0,0.0,0.0,1.0,-9999.0,-9999.0,-9999.0,-9999.0,-9999.0,-9999.0,-9999.0,-9999.0,-9999.0,-9999.0,-9999.0,-9999.0,-9999.0,-9999.0,195.0,ramp,spur5,stable_reference,7.316892217428168,1.7345570804501718,-0.907286373793288,-0.2327473887864538,-0.2327473887864538,0.9000002999999996,31.477778688145754,0.037951900548359174,83.31478043439533,7.82870684147905,7.828346740932097,-4.415894619291947,0.8089936654756116,8.057140292581293,-0.22843345110224256
P23_AV1_1_interaction,P23,AV1,1,on_ramp,P23_AV1_1,P23_AV1.1.asc,AV1,60,initiator_active,3117,1,51950.0,51950.0007,1.0,22.3,80.28,195.0,19.02682,1198.255085,0.0,0.0,0.0,22.3,0.0,0.0,1198.338592,-25.988785,6.076032,1.0,0.0,0.0,0.0,0.0,1146.660357,-33.284335,1021.0,5006.0,0.0,175.0,-0.005816,35.067734,126.243842,35.067721,-0.03074,-9.3e-05,0.169443,-0.001013,-0.000292,0.012403,0.321608,0.0,0.0,0.0,0.0,1.0,-9999.0,-9999.0,-9999.0,-9999.0,-9999.0,-9999.0,-9999.0,-9999.0,-9999.0,-9999.0,-9999.0,-9999.0,-9999.0,-9999.0,195.0,ramp,spur5,stable_reference,7.250549339871891,1.6665112293621076,-0.9761376392800316,-0.2350501635059923,-0.2350501635059923,0.9166666999999943,32.06217453114396,0.0379081005694652,83.67911066636363,7.755221527558699,7.754849831701775,-4.399864610659648,1.2328584442606996,7.9859150717989955,-0.23069354424029687
P23_AV1_1_interaction,P23,AV1,1,on_ramp,P23_AV1_1,P23_AV1.1.asc,AV1,60,initiator_active,3118,1,51966.67,51966.6668,1.0,22.3,80.28,195.0,19.398202,1198.620372,0.0,0.0,0.0,22.3,0.0,0.0,1198.702318,-26.0652,6.076125,1.0,0.0,0.0,0.0,0.0,1147.244781,-33.28915,1021.0,5006.0,0.0,175.0,-0.006593,35.070559,126.254012,35.070545,-0.030767,-9.6e-05,0.16951,-0.000791,-0.000118,0.012403,0.321608,0.0,0.0,0.0,0.0,1.0,-9999.0,-9999.0,-9999.0,-9999.0,-9999.0,-9999.0,-9999.0,-9999.0,-9999.0,-9999.0,-9999.0,-9999.0,-9999.0,-9999.0,195.0,ramp,spur5,stable_reference,7.184249667616609,1.5985085514055193,-1.0449457471861243,-0.2379494107226955,-0.2379494107226955,0.9333327999999965,32.64661836437578,0.03786569252728254,84.04344854692532,7.681779277532952,7.6816882477850505,-4.374800527822686,1.784669069902975,7.91546866847737,-0.2336893909444182
P23_AV1_1_interaction,P23,AV1,1,on_ramp,P23_AV1_1,P23_AV1.1.asc,AV1,60,initiator_active,3119,1,51983.33,51983.3334,1.0,22.3,80.28,195.0,19.769588,1198.985672,0.0,0.0,0.0,22.3,0.0,0.0,1199.066102,-26.141336,6.077599,1.0,0.0,0.0,0.0,0.0,1147.829251,-33.293967,1021.0,5006.0,0.0,175.0,-0.007366,35.073384,126.264182,35.07337,-0.030783,-9.6e-05,0.169491,-0.000613,3.2e-05,0.012403,0.321608,0.0,0.0,0.0,0.0,1.0,-9999.0,-9999.0,-9999.0,-9999.0,-9999.0,-9999.0,-9999.0,-9999.0,-9999.0,-9999.0,-9999.0,-9999.0,-9999.0,-9999.0,195.0,ramp,spur5,stable_reference,7.118230496387083,1.5307861373701346,-1.1134737055008426,-0.2411592926924379,-0.2411592926924379,0.9499994000000006,33.231108212405815,0.037821660189752276,84.40784214722704,7.608616491835082,7.60902593319198,-4.340376491176102,2.2689075988577656,7.845458298077495,-0.23684180624241336
P23_AV1_1_interaction,P23,AV1,1,on_ramp,P23_AV1_1,P23_AV1.1.asc,AV1,60,initiator_active,3120,1,52000.0,52000.0007,1.0,22.3,80.28,195.0,20.140924,1199.351028,0.0,0.0,0.0,22.3,0.0,0.0,1199.430106,-26.216421,6.080483,1.0,0.0,0.0,0.0,0.0,1148.413768,-33.298783,1021.0,5006.0,0.0,175.0,-0.008136,35.076208,126.274349,35.076194,-0.030791,-9.4e-05,0.169434,-0.000473,0.000153,0.012403,0.321608,0.0,0.0,0.0,0.0,1.0,-9999.0,-9999.0,-9999.0,-9999.0,-9999.0,-9999.0,-9999.0,-9999.0,-9999.0,-9999.0,-9999.0,-9999.0,-9999.0,-9999.0,195.0,ramp,spur5,stable_reference,7.053268021501379,1.4641195194554706,-1.180946301712129,-0.2435012729271294,-0.2435012729271294,0.9666666999999943,33.81564505070246,0.03777901162289485,84.77244715768249,7.536506467623471,7.5370065989981665,-4.299168703967155,2.5560199285456235,7.775814139640657,-0.23930767201718606
P23_AV1_1_interaction,P23,AV1,1,on_ramp,P23_AV1_1,P23_AV1.1.asc,AV1,60,initiator_active,3121,1,52016.67,52016.6674,1.0,22.3,80.28,195.0,20.512276,1199.716583,0.0,0.0,0.0,22.3,0.0,0.0,1199.794317,-26.29049,6.083185,1.0,0.0,0.0,0.0,0.0,1148.998333,-33.303601,1021.0,5006.0,0.0,175.0,-0.008902,35.079031,126.284512,35.079018,-0.03079,-9.1e-05,0.169362,-0.00037,0.000245,0.012403,0.321608,0.0,0.0,0.0,0.0,1.0,-9999.0,-9999.0,-9999.0,-9999.0,-9999.0,-9999.0,-9999.0,-9999.0,-9999.0,-9999.0,-9999.0,-9999.0,-9999.0,-9999.0,195.0,ramp,spur5,stable_reference,6.989326895934664,1.3984734070391762,-1.2473987994829674,-0.2459569714286868,-0.2459569714286868,0.9833333999999959,34.40022990373107,0.03773475509277913,85.13725086453654,7.465414099906562,7.46571741742185,-4.255174223252141,2.547870863652534,7.707135178163952,-0.24172107825738998
P23_AV1_1_interaction,P23,AV1,1,on_ramp,P23_AV1_1,P23_AV1.1.asc,AV1,60,initiator_active,3122,1,52033.33,52033.3342,1.0,22.3,80.28,195.0,20.88364,1200.082327,0.0,0.0,0.0,22.3,0.0,0.0,1200.158689,-26.363763,6.085199,1.0,0.0,0.0,0.0,0.0,1149.582944,-33.308418,1021.0,5006.0,0.0,175.0,-0.009664,35.081853,126.294671,35.081839,-0.030781,-8.6e-05,0.169285,-0.0003,0.000311,0.012403,0.321608,0.0,0.0,0.0,0.0,1.0,-9999.0,-9999.0,-9999.0,-9999.0,-9999.0,-9999.0,-9999.0,-9999.0,-9999.0,-9999.0,-9999.0,-9999.0,-9999.0,-9999.0,195.0,ramp,spur5,stable_reference,6.926185928727636,1.3336267973613365,-1.3130521108360866,-0.2476005635770894,-0.2476005635770894,1.000000199999995,34.98486074705977,0.03769187416728725,85.50220906585226,7.39511902038177,7.395166753461025,-4.214239268892186,2.1333100491818016,7.638455384695157,-0.2433363643133868
P23_AV1_1_interaction,P23,AV1,1,on_ramp,P23_AV1_1,P23_AV1.1.asc,AV1,60,initiator_active,3123,1,52050.0,52050.0001,1.0,22.3,80.28,195.0,21.254957,1200.448219,0.0,0.0,0.0,22.3,0.0,0.0,1200.523172,-26.436486,6.086549,1.0,0.0,0.0,0.0,0.0,1150.167603,-33.313236,1021.0,5006.0,0.0,175.0,-0.010422,35.084674,126.304825,35.08466,-0.030764,-8e-05,0.169205,-0.000259,0.000354,0.012403,0.321608,0.0,0.0,0.0,0.0,1.0,-9999.0,-9999.0,-9999.0,-9999.0,-9999.0,-9999.0,-9999.0,-9999.0,-9999.0,-9999.0,-9999.0,-9999.0,-9999.0,-9999.0,195.0,ramp,spur5,stable_reference,6.863597828000864,1.269332602294212,-1.378153225604603,-0.2497778835795863,-0.2497778835795863,1.016666099999995,35.569539596954165,0.03764838524519714,85.86727377214322,7.325374828949254,7.325245410364494,-4.184064658409852,1.4320056551971305,7.571022411033136,-0.2456475820838815
P23_AV1_1_interaction,P23,AV1,1,on_ramp,P23_AV1_1,P23_AV1.1.asc,AV1,60,initiator_active,3124,1,52066.67,52066.6668,1.0,22.3,80.28,195.0,21.626289,1200.814213,0.0,0.0,0.0,22.3,0.0,0.0,1200.887723,-26.508862,6.087378,1.0,0.0,0.0,0.0,0.0,1150.752308,-33.318054,1021.0,5006.0,0.0,175.0,-0.011177,35.087493,126.314973,35.087479,-0.03074,-7.4e-05,0.169111,-0.000244,0.000377,0.012403,0.321608,0.0,0.0,0.0,0.0,1.0,-9999.0,-9999.0,-9999.0,-9999.0,-9999.0,-9999.0,-9999.0,-9999.0,-9999.0,-9999.0,-9999.0,-9999.0,-9999.0,-9999.0,195.0,ramp,spur5,stable_reference,6.80135847944644,1.2053868837692825,-1.4429059969090288,-0.2519008174042015,-0.2519008174042015,1.0333327999999964,36.15426444531468,0.0376052719610832,86.2324036425503,7.25597818123774,7.255701018082815,-4.1665074028911135,0.9213974626412664,7.503713592529972,-0.24773541129223187
P23_AV1_1_interaction,P23,AV1,1,on_ramp,P23_AV1_1,P23_AV1.1.asc,AV1,60,initiator_active,3125,1,52083.33,52083.3342,1.0,22.3,80.28,195.0,21.997627,1201.180271,0.0,0.0,0.0,22.3,0.0,0.0,1201.252314,-26.581038,6.087848,1.0,0.0,0.0,0.0,0.0,1151.337061,-33.322873,1021.0,5006.0,0.0,175.0,-0.011927,35.09031,126.325116,35.090297,-0.03071,-6.8e-05,0.169005,-0.000252,0.000385,0.012403,0.321608,0.0,0.0,0.0,0.0,1.0,-9999.0,-9999.0,-9999.0,-9999.0,-9999.0,-9999.0,-9999.0,-9999.0,-9999.0,-9999.0,-9999.0,-9999.0,-9999.0,-9999.0,195.0,ramp,spur5,stable_reference,6.73932016316503,1.1416420348947134,-1.5074579770437957,-0.2543888752234169,-0.2543888752234169,1.050000199999995,36.73903730024067,0.03756155068035492,86.59757187841501,7.1867818534994035,7.186358644552866,-4.15335088810437,0.974536336435861,7.437130817277271,-0.25034896377786797
P23_AV1_1_interaction,P23,AV1,1,on_ramp,P23_AV1_1,P23_AV1.1.asc,AV1,60,initiator_active,3126,1,52100.0,52100.0,1.0,22.3,80.28,195.0,22.368911,1201.546368,0.0,0.0,0.0,22.3,0.0,0.0,1201.616927,-26.653107,6.088091,1.0,0.0,0.0,0.0,0.0,1151.92186,-33.327692,1021.0,5006.0,0.0,175.0,-0.012673,35.093126,126.335252,35.093112,-0.030674,-6.1e-05,0.168903,-0.000282,0.000381,0.012403,0.321608,0.0,0.0,0.0,0.0,1.0,-9999.0,-9999.0,-9999.0,-9999.0,-9999.0,-9999.0,-9999.0,-9999.0,-9999.0,-9999.0,-9999.0,-9999.0,-9999.0,-9999.0,195.0,ramp,spur5,stable_reference,6.67738941578738,1.0780046651264306,-1.5719025213819624,-0.2575563800369783,-0.2575563800369783,1.0666659999999974,37.323856153633,0.03751820503760467,86.96276123977954,7.117692701846342,7.117256519833429,-4.134023580829563,5.7031137383410595,7.371158867770486,-0.25346616592414417
P23_AV1_1_interaction,P23,AV1,1,on_ramp,P23_AV1_1,P23_AV1.1.asc,AV1,60,initiator_active,3127,1,52116.67,52116.6704,1.0,22.3,80.28,195.0,22.740206,1201.912487,0.0,0.0,0.0,22.3,0.0,0.0,1201.981549,-26.725125,6.088204,1.0,0.0,0.0,0.0,0.0,1152.506707,-33.332511,1021.0,5006.0,0.0,175.0,-0.013415,35.09594,126.345383,35.095926,-0.030633,-5.5e-05,0.168809,-0.00033,0.000369,0.012403,0.306533,0.0,0.0,0.0,0.0,1.0,-9999.0,-9999.0,-9999.0,-9999.0,-9999.0,-9999.0,-9999.0,-9999.0,-9999.0,-9999.0,-9999.0,-9999.0,-9999.0,-9999.0,195.0,ramp,spur5,stable_reference,6.615509898363935,1.0144184894322776,-1.636295889013529,-0.2607555569520464,-0.2607555569520464,1.0833364,37.908723005424996,0.03747525136491095,87.32795918437589,7.048654621987189,7.048546121012748,-3.963188942713657,1.3300824481480191,7.305461795201489,-0.2568071732143
P23_AV1_1_interaction,P23,AV1,1,on_ramp,P23_AV1_1,P23_AV1.1.asc,AV1,60,initiator_active,3128,1,52134.64,52134.6352,1.0,22.3,80.28,195.0,23.111499,1202.278619,0.0,0.0,0.0,22.3,0.0,0.0,1202.346235,-26.796818,6.089915,1.0,0.0,0.0,0.0,0.0,1153.0916,-33.33733,1021.0,5006.0,0.0,175.0,-0.014152,35.098752,126.355508,35.098739,-0.030587,-4.9e-05,0.168722,-0.000396,0.000351,0.012403,0.306533,0.0,0.0,0.0,0.0,1.0,-9999.0,-9999.0,-9999.0,-9999.0,-9999.0,-9999.0,-9999.0,-9999.0,-9999.0,-9999.0,-9999.0,-9999.0,-9999.0,-9999.0,195.0,ramp,spur5,stable_reference,6.55395703065461,0.9511587038476804,-1.7003629918624532,-0.2651050538847403,-0.2651050538847403,1.1013011999999944,38.49363585568311,0.03743267333017925,87.69321847287424,6.979942053918403,6.980416964662701,-4.111938332173509,-6.786753134929825,7.241032863597624,-0.2610908096792208
P23_AV1_1_interaction,P23,AV1,1,on_ramp,P23_AV1_1,P23_AV1.1.asc,AV1,60,initiator_active,3129,1,52150.0,52150.0007,1.0,22.3,80.28,195.0,23.482734,1202.64481,0.0,0.0,0.0,22.3,0.0,0.0,1202.71116,-26.867288,6.09326,1.0,0.0,0.0,0.0,0.0,1153.67654,-33.34215,1021.0,5006.0,0.0,175.0,-0.014886,35.101563,126.365628,35.10155,-0.030536,-4.4e-05,0.168639,-0.000478,0.00033,0.012403,0.306533,0.0,0.0,0.0,0.0,1.0,-9999.0,-9999.0,-9999.0,-9999.0,-9999.0,-9999.0,-9999.0,-9999.0,-9999.0,-9999.0,-9999.0,-9999.0,-9999.0,-9999.0,195.0,ramp,spur5,stable_reference,6.49363332000946,0.8891271069703276,-1.763202373569987,-0.2682084865250173,-0.2682084865250173,1.1166666999999943,39.07859571254016,0.03738947913281259,88.05870676633349,6.912454396755753,6.913035107955558,-4.196594887380513,3.7607251811651423,7.176601646623359,-0.26414724986760607
P23_AV1_1_interaction,P23,AV1,1,on_ramp,P23_AV1_1,P23_AV1.1.asc,AV1,60,initiator_active,3130,1,52166.67,52166.6676,1.0,22.3,80.28,195.0,23.853992,1203.011216,0.0,0.0,0.0,22.3,0.0,0.0,1203.076311,-26.936577,6.096393,1.0,0.0,0.0,0.0,0.0,1154.261527,-33.34697,1021.0,5006.0,0.0,175.0,-0.015614,35.104373,126.375743,35.10436,-0.030481,-3.8e-05,0.168558,-0.000574,0.000307,0.012403,0.306533,0.0,0.0,0.0,0.0,1.0,-9999.0,-9999.0,-9999.0,-9999.0,-9999.0,-9999.0,-9999.0,-9999.0,-9999.0,-9999.0,-9999.0,-9999.0,-9999.0,-9999.0,195.0,ramp,spur5,stable_reference,6.434496422095409,0.8282814100412461,-1.8248562962747956,-0.2710895084426189,-0.2710895084426189,1.133333599999998,39.66360256783009,0.03734666873945169,88.4244114081606,6.84614954574107,6.846501836967116,-3.966322879652978,8.340716429730904,7.11331246304889,-0.2671629173078207
P23_AV1_1_interaction,P23,AV1,1,on_ramp,P23_AV1_1,P23_AV1.1.asc,AV1,60,initiator_active,3131,1,52183.33,52183.3334,1.0,22.3,80.28,195.0,24.225256,1203.377825,0.0,0.0,0.0,22.3,0.0,0.0,1203.441636,-27.004941,6.098728,1.0,0.0,0.0,0.0,0.0,1154.846561,-33.351791,1021.0,5006.0,0.0,175.0,-0.016339,35.107182,126.385854,35.107168,-0.030424,-3.3e-05,0.168478,-0.000682,0.000283,0.012403,0.306533,0.0,0.0,0.0,0.0,1.0,-9999.0,-9999.0,-9999.0,-9999.0,-9999.0,-9999.0,-9999.0,-9999.0,-9999.0,-9999.0,-9999.0,-9999.0,-9999.0,-9999.0,195.0,ramp,spur5,stable_reference,6.376288993419396,0.7683644814501953,-1.8855817893684683,-0.2734746497506234,-0.2734746497506234,1.1499994000000007,40.24865642971918,0.03730324218345062,88.79028249059648,6.780771084775858,6.780826800948301,-3.918564243337329,2.4891359343056507,7.050284595855066,-0.2695135110792082
P23_AV1_1_interaction,P23,AV1,1,on_ramp,P23_AV1_1,P23_AV1.1.asc,AV1,60,initiator_active,3132,1,52200.0,52200.0008,1.0,22.3,80.28,195.0,24.596471,1203.74459,0.0,0.0,0.0,22.3,0.0,0.0,1203.80708,-27.072664,6.100293,1.0,0.0,0.0,0.0,0.0,1155.431642,-33.356612,1021.0,5006.0,0.0,175.0,-0.017059,35.109989,126.395959,35.109976,-0.030363,-2.9e-05,0.168399,-0.000802,0.000259,0.012403,0.306533,0.0,0.0,0.0,0.0,1.0,-9999.0,-9999.0,-9999.0,-9999.0,-9999.0,-9999.0,-9999.0,-9999.0,-9999.0,-9999.0,-9999.0,-9999.0,-9999.0,-9999.0,195.0,ramp,spur5,stable_reference,6.318725618066877,0.7090911278237295,-1.9456639387494388,-0.2757302497679835,-0.2757302497679835,1.1666667999999991,40.83375729004094,0.03726019943146051,89.15626733463118,6.7160345741970815,6.715883622191571,-3.8833532186854427,1.6615115485907381,6.987972368054951,-0.27193779385786954
P23_AV1_1_interaction,P23,AV1,1,on_ramp,P23_AV1_1,P23_AV1.1.asc,AV1,60,initiator_active,3133,1,52216.67,52216.6672,1.0,22.3,80.28,195.0,24.967704,1204.111463,0.0,0.0,0.0,22.3,0.0,0.0,1204.172599,-27.139986,6.101255,1.0,0.0,0.0,0.0,0.0,1156.016769,-33.361434,1021.0,5006.0,0.0,175.0,-0.017774,35.112794,126.40606,35.112781,-0.0303,-2.5e-05,0.16832,-0.000931,0.000235,0.012403,0.306533,0.0,0.0,0.0,0.0,1.0,-9999.0,-9999.0,-9999.0,-9999.0,-9999.0,-9999.0,-9999.0,-9999.0,-9999.0,-9999.0,-9999.0,-9999.0,-9999.0,-9999.0,195.0,ramp,spur5,stable_reference,6.261565168228285,0.650220397870473,-2.005343610349094,-0.2786764695150867,-0.2786764695150867,1.183333200000001,41.41890415699508,0.03721653235077939,89.52232390158194,6.651699662701099,6.651379855295939,-3.8631788475920246,1.0655239048126788,6.92654315333659,-0.2748434906354911
P23_AV1_1_interaction,P23,AV1,1,on_ramp,P23_AV1_1,P23_AV1.1.asc,AV1,60,initiator_active,3134,1,52233.33,52233.334,1.0,22.3,80.28,195.0,25.338932,1204.478405,0.0,0.0,0.0,22.3,0.0,0.0,1204.538161,-27.207074,6.101799,1.0,0.0,0.0,0.0,0.0,1156.601943,-33.366256,1021.0,5006.0,0.0,175.0,-0.018485,35.115599,126.416156,35.115586,-0.030235,-2.1e-05,0.168242,-0.001069,0.000212,0.012403,0.306533,0.0,0.0,0.0,0.0,1.0,-9999.0,-9999.0,-9999.0,-9999.0,-9999.0,-9999.0,-9999.0,-9999.0,-9999.0,-9999.0,-9999.0,-9999.0,-9999.0,-9999.0,195.0,ramp,spur5,stable_reference,6.204639820776979,0.5915845977335472,-2.064788435578842,-0.2813847779355818,-0.2813847779355818,1.2,42.00409802238189,0.037173249074116385,89.88842155624494,6.5875990945427745,6.587111514716353,-3.847836013229113,1.1155654555663403,6.865113642915223,-0.2775145483724488
P23_AV1_1_interaction,P23,AV1,1,on_ramp,P23_AV1_1,P23_AV1.1.asc,AV1,60,initiator_active,3135,1,52250.0,52250.0,1.0,22.3,80.28,195.0,25.710107,1204.845387,0.0,0.0,0.0,22.3,0.0,0.0,1204.903745,-27.274038,6.102082,1.0,0.0,0.0,0.0,0.0,1157.187164,-33.371079,1021.0,5006.0,0.0,175.0,-0.019192,35.118402,126.426248,35.118389,-0.030168,-1.8e-05,0.168164,-0.001214,0.000189,0.012403,0.306533,0.0,0.0,0.0,0.0,1.0,-9999.0,-9999.0,-9999.0,-9999.0,-9999.0,-9999.0,-9999.0,-9999.0,-9999.0,-9999.0,-9999.0,-9999.0,-9999.0,-9999.0,195.0,ramp,spur5,stable_reference,6.147839035692314,0.5330732721775087,-2.1241088287139287,-0.2855426263349492,-0.2855426263349492,1.2166659999999974,42.589338894367856,0.03712934963480606,90.25454019758524,6.523622701902896,6.523120693860789,-3.825994239371653,1.6634961224760474,6.805444172331114,-0.28182147042821803
P23_AV1_1_interaction,P23,AV1,1,on_ramp,P23_AV1_1,P23_AV1.1.asc,AV1,60,initiator_active,3136,1,52266.67,52266.6668,1.0,22.3,80.28,195.0,26.081293,1205.212391,0.0,0.0,0.0,22.3,0.0,0.0,1205.26934,-27.340943,6.102212,1.0,0.0,0.0,0.0,0.0,1157.772432,-33.375902,1021.0,5006.0,0.0,175.0,-0.019893,35.121204,126.436335,35.121191,-0.0301,-1.5e-05,0.168086,-0.001365,0.000166,0.012403,0.306533,0.0,0.0,0.0,0.0,1.0,-9999.0,-9999.0,-9999.0,-9999.0,-9999.0,-9999.0,-9999.0,-9999.0,-9999.0,-9999.0,-9999.0,-9999.0,-9999.0,-9999.0,195.0,ramp,spur5,stable_reference,6.091097532944581,0.4746211847105216,-2.183370005148409,-0.2897109724233044,-0.2897109724233044,1.2333327999999966,43.174626764786716,0.0370858339995086,90.62066935676214,6.459705397122272,6.459580435708515,-3.7923864649646646,2.380949887248562,6.745640892272302,-0.2859354951500297
P23_AV1_1_interaction,P23,AV1,1,on_ramp,P23_AV1_1,P23_AV1.1.asc,AV1,60,initiator_active,3137,1,52283.33,52283.3334,1.0,22.3,80.28,195.0,26.452462,1205.579408,0.0,0.0,0.0,22.3,0.0,0.0,1205.635004,-27.407474,6.104172,1.0,0.0,0.0,0.0,0.0,1158.357746,-33.380726,1021.0,5006.0,0.0,175.0,-0.020591,35.123878,126.445963,35.123866,-0.030031,-1.3e-05,0.153567,-0.001512,0.000122,0.012403,0.306533,0.0,0.0,0.0,0.0,1.0,-9999.0,-9999.0,-9999.0,-9999.0,-9999.0,-9999.0,-9999.0,-9999.0,-9999.0,-9999.0,-9999.0,-9999.0,-9999.0,-9999.0,195.0,ramp,spur5,stable_reference,6.034731799716198,0.4165445896705777,-2.2422558231303173,-0.2944554248382966,-0.2944554248382966,1.2499994000000005,43.75996064183773,0.03704169403552539,90.98686445953828,6.396162643328438,6.396707550870161,-3.7466292301989768,3.023898271607365,6.686983922679265,-0.29082127935082713
P23_AV1_1_interaction,P23,AV1,1,on_ramp,P23_AV1_1,P23_AV1.1.asc,AV1,60,initiator_active,3138,1,52300.0,52300.0001,1.0,22.3,80.28,195.0,26.823576,1205.946488,0.0,0.0,0.0,22.3,0.0,0.0,1206.00092,-27.4726,6.108003,1.0,0.0,0.0,0.0,0.0,1158.943105,-33.385551,1021.0,5006.0,0.0,175.0,-0.021283,35.126334,126.454803,35.126321,-0.029962,-1.1e-05,0.144368,-0.001648,3.3e-05,0.012403,0.306533,0.0,0.0,0.0,0.0,1.0,-9999.0,-9999.0,-9999.0,-9999.0,-9999.0,-9999.0,-9999.0,-9999.0,-9999.0,-9999.0,-9999.0,-9999.0,-9999.0,-9999.0,195.0,ramp,spur5,stable_reference,5.979777514049914,0.3598784348288484,-2.2997316883187837,-0.298431164737087,-0.298431164737087,1.266666099999995,44.3453395255546,0.036996921576816465,91.35330008062196,6.334026900530927,6.334692924741335,-3.691589901016897,3.4150684760947314,6.628774851514188,-0.2947479509832611
P23_AV1_1_interaction,P23,AV1,1,on_ramp,P23_AV1_1,P23_AV1.1.asc,AV1,60,initiator_active,3139,1,52316.67,52316.6673,1.0,22.3,80.28,195.0,27.194715,1206.313791,0.0,0.0,0.0,22.3,0.0,0.0,1206.367074,-27.536371,6.111591,1.0,0.0,0.0,0.0,0.0,1159.528505,-33.390377,1021.0,5006.0,0.0,175.0,-0.021971,35.128704,126.463335,35.128691,-0.029892,-1.2e-05,0.141192,-0.001758,-0.000107,0.012403,0.306533,0.0,0.0,0.0,0.0,1.0,-9999.0,-9999.0,-9999.0,-9999.0,-9999.0,-9999.0,-9999.0,-9999.0,-9999.0,-9999.0,-9999.0,-9999.0,-9999.0,-9999.0,195.0,ramp,spur5,stable_reference,5.926184306959446,0.3045724104836979,-2.3558478819784257,-0.3014307040573477,-0.3014307040573477,1.2833332999999985,44.930759416070245,0.036951483959199734,91.71996262878213,6.273248056072273,6.273652491549325,-3.6327915664066666,3.404908377964375,6.5711781383947026,-0.2979300823224298
P23_AV1_1_interaction,P23,AV1,1,on_ramp,P23_AV1_1,P23_AV1.1.asc,AV1,60,initiator_active,3140,1,52333.33,52333.3341,1.0,22.3,80.28,195.0,27.565847,1206.681304,0.0,0.0,0.0,22.3,0.0,0.0,1206.733413,-27.599079,6.114265,1.0,0.0,0.0,0.0,0.0,1160.113944,-33.395203,1021.0,5006.0,0.0,175.0,-0.022654,35.131045,126.471762,35.131032,-0.029822,-1.6e-05,0.14009,-0.001837,-0.00027,0.012403,0.306533,0.0,0.0,0.0,0.0,1.0,-9999.0,-9999.0,-9999.0,-9999.0,-9999.0,-9999.0,-9999.0,-9999.0,-9999.0,-9999.0,-9999.0,-9999.0,-9999.0,-9999.0,195.0,ramp,spur5,stable_reference,5.873658821065544,0.2503333715358176,-2.410897446529485,-0.3047067579483921,-0.3047067579483921,1.3000000999999974,45.516218305285534,0.03690636481725336,92.08680149027026,6.213533686888267,6.213597427053225,-3.578090586843956,2.8511813325312687,6.51470177712535,-0.30116809023708324
P23_AV1_1_interaction,P23,AV1,1,on_ramp,P23_AV1_1,P23_AV1.1.asc,AV1,60,initiator_active,3141,1,52350.0,52350.0007,1.0,22.3,80.28,195.0,27.936938,1207.048979,0.0,0.0,0.0,22.3,0.0,0.0,1207.099876,-27.661052,6.116057,1.0,0.0,0.0,0.0,0.0,1160.699423,-33.40003,1021.0,5006.0,0.0,175.0,-0.023332,35.133375,126.480151,35.133363,-0.029751,-2.2e-05,0.139679,-0.001888,-0.000413,0.012403,0.306533,0.0,0.0,0.0,0.0,1.0,-9999.0,-9999.0,-9999.0,-9999.0,-9999.0,-9999.0,-9999.0,-9999.0,-9999.0,-9999.0,-9999.0,-9999.0,-9999.0,-9999.0,195.0,ramp,spur5,stable_reference,5.821871490996227,0.1968319978910243,-2.4652095834971672,-0.3072374407070122,-0.3072374407070122,1.3166666999999943,46.101717201333294,0.036860572350366265,92.45375834558254,6.154555305786698,6.154382556708113,-3.5377518262374394,1.9056487737842502,6.4582246890654575,-0.30366938327875914
P23_AV1_1_interaction,P23,AV1,1,on_ramp,P23_AV1_1,P23_AV1.1.asc,AV1,60,initiator_active,3142,1,52366.67,52366.6675,1.0,22.3,80.28,195.0,28.308047,1207.416765,0.0,0.0,0.0,22.3,0.0,0.0,1207.466417,-27.722563,6.117158,1.0,0.0,0.0,0.0,0.0,1161.284941,-33.404857,1021.0,5006.0,0.0,175.0,-0.024006,35.135701,126.488524,35.135689,-0.029678,-2.9e-05,0.139498,-0.001921,-0.000505,0.012403,0.306533,0.0,0.0,0.0,0.0,1.0,-9999.0,-9999.0,-9999.0,-9999.0,-9999.0,-9999.0,-9999.0,-9999.0,-9999.0,-9999.0,-9999.0,-9999.0,-9999.0,-9999.0,195.0,ramp,spur5,stable_reference,5.77054814617262,0.1437943008980166,-2.519058193362838,-0.3108268547032705,-0.3108268547032705,1.3333335000000006,46.68725509608047,0.03681509835914766,92.82078942558236,6.096039546232155,6.095672136390389,-3.514569039883753,1.2266946976340876,6.403478064438289,-0.3074385182061343
P23_AV1_1_interaction,P23,AV1,1,on_ramp,P23_AV1_1,P23_AV1.1.asc,AV1,60,initiator_active,3143,1,52383.33,52383.3336,1.0,22.3,80.28,195.0,28.679136,1207.784621,0.0,0.0,0.0,22.3,0.0,0.0,1207.833003,-27.783806,6.117782,1.0,0.0,0.0,0.0,0.0,1161.870497,-33.409686,1021.0,5006.0,0.0,175.0,-0.024674,35.138025,126.49689,35.138012,-0.029604,-3.8e-05,0.139394,-0.001947,-0.000537,0.012403,0.306533,0.0,0.0,0.0,0.0,1.0,-9999.0,-9999.0,-9999.0,-9999.0,-9999.0,-9999.0,-9999.0,-9999.0,-9999.0,-9999.0,-9999.0,-9999.0,-9999.0,-9999.0,195.0,ramp,spur5,stable_reference,5.719493946121054,0.0910255708150496,-2.5726379225263822,-0.3143868103581951,-0.3143868103581951,1.3499995999999956,47.27283100589285,0.036767934744240914,93.18786331558204,6.037792145213698,6.037231767119606,-3.496862304589598,1.2858603677839113,6.348751811849809,-0.3109596666361112
P23_AV1_1_interaction,P23,AV1,1,on_ramp,P23_AV1_1,P23_AV1.1.asc,AV1,60,initiator_active,3144,1,52400.0,52400.0008,1.0,22.3,80.28,195.0,29.050178,1208.152517,0.0,0.0,0.0,22.3,0.0,0.0,1208.199613,-27.844907,6.118105,1.0,0.0,0.0,0.0,0.0,1162.456092,-33.414515,1021.0,5006.0,0.0,175.0,-0.025338,35.140347,126.50525,35.140335,-0.029528,-4.7e-05,0.139314,-0.001973,-0.000513,0.012403,0.306533,0.0,0.0,0.0,0.0,1.0,-9999.0,-9999.0,-9999.0,-9999.0,-9999.0,-9999.0,-9999.0,-9999.0,-9999.0,-9999.0,-9999.0,-9999.0,-9999.0,-9999.0,195.0,ramp,spur5,stable_reference,5.66858235697349,0.0383993566658942,-2.626075181778889,-0.3187225554502357,-0.3187225554502357,1.366666799999999,47.85844591440487,0.036721089605004475,93.55496004520359,5.979686935445606,5.9791101974274845,-3.471706578945799,1.9069041007744971,6.295164108039746,-0.31547717259413943
P23_AV1_1_interaction,P23,AV1,1,on_ramp,P23_AV1_1,P23_AV1.1.asc,AV1,60,initiator_active,3145,1,52416.67,52416.6675,1.0,22.3,80.28,195.0,29.421227,1208.520436,0.0,0.0,0.0,22.3,0.0,0.0,1208.566235,-27.90594,6.118255,1.0,0.0,0.0,0.0,0.0,1163.041726,-33.419345,1021.0,5006.0,0.0,175.0,-0.025996,35.142668,126.513606,35.142656,-0.029449,-5.5e-05,0.139241,-0.002009,-0.000444,0.012403,0.306533,0.0,0.0,0.0,0.0,1.0,-9999.0,-9999.0,-9999.0,-9999.0,-9999.0,-9999.0,-9999.0,-9999.0,-9999.0,-9999.0,-9999.0,-9999.0,-9999.0,-9999.0,195.0,ramp,spur5,stable_reference,5.617739074431525,-0.0141585987177579,-2.679444205422592,-0.3239137807386899,-0.3239137807386899,1.3833335000000007,48.44409982978259,0.03667356297478357,93.92206821913408,5.921649821402725,5.921506231711885,-3.433298151587678,2.7312408579234244,6.242265359789611,-0.3206155383868863
P23_AV1_1_interaction,P23,AV1,1,on_ramp,P23_AV1_1,P23_AV1.1.asc,AV1,60,initiator_active,3146,1,52433.33,52433.3335,1.0,22.3,80.28,195.0,29.792241,1208.888367,0.0,0.0,0.0,22.3,0.0,0.0,1208.932927,-27.966543,6.120501,1.0,0.0,0.0,0.0,0.0,1163.627399,-33.424176,1021.0,5006.0,0.0,175.0,-0.02665,35.14499,126.521964,35.144978,-0.029369,-6.1e-05,0.139413,-0.002059,-0.000347,0.012403,0.306533,0.0,0.0,0.0,0.0,1.0,-9999.0,-9999.0,-9999.0,-9999.0,-9999.0,-9999.0,-9999.0,-9999.0,-9999.0,-9999.0,-9999.0,-9999.0,-9999.0,-9999.0,195.0,ramp,spur5,stable_reference,5.567327567604389,-0.0662850535092965,-2.732381861940306,-0.3289203589351402,-0.3289203589351402,1.399999499999998,49.029792752026,0.036625354853571164,94.2892428793322,5.864043264645489,5.864669068024703,-3.38066754422411,3.473817321527264,6.189844769623971,-0.3258015049784815
P23_AV1_1_interaction,P23,AV1,1,on_ramp,P23_AV1_1,P23_AV1.1.asc,AV1,60,initiator_active,3147,1,52450.0,52450.0007,1.0,22.3,80.28,195.0,30.163207,1209.256362,0.0,0.0,0.0,22.3,0.0,0.0,1209.299882,-28.025533,6.12489,1.0,0.0,0.0,0.0,0.0,1164.21311,-33.429008,1021.0,5006.0,0.0,175.0,-0.027298,35.147318,126.530344,35.147306,-0.029288,-6.6e-05,0.13982,-0.002126,-0.000234,0.012403,0.306533,0.0,0.0,0.0,0.0,1.0,-9999.0,-9999.0,-9999.0,-9999.0,-9999.0,-9999.0,-9999.0,-9999.0,-9999.0,-9999.0,-9999.0,-9999.0,-9999.0,-9999.0,195.0,ramp,spur5,stable_reference,5.518535733380289,-0.116792869677386,-2.783701381410428,-0.3339027735996339,-0.3339027735996339,1.4166666999999944,49.61552368116834,0.03657645707533056,94.65666735893404,5.808051801775769,5.808817835606201,-3.3175039459675304,3.922152908195983,6.138788477691589,-0.3307366759158201
P23_AV1_1_interaction,P23,AV1,1,on_ramp,P23_AV1_1,P23_AV1.1.asc,AV1,60,initiator_active,3148,1,52466.67,52466.6667,1.0,22.3,80.28,195.0,30.534197,1209.624584,0.0,0.0,0.0,22.3,0.0,0.0,1209.667085,-28.082964,6.129002,1.0,0.0,0.0,0.0,0.0,1164.79886,-33.43384,1021.0,5006.0,0.0,175.0,-0.027941,35.149651,126.538742,35.149639,-0.029204,-6.9e-05,0.14006,-0.002211,-0.000119,0.012403,0.291457,0.0,0.0,0.0,0.0,1.0,-9999.0,-9999.0,-9999.0,-9999.0,-9999.0,-9999.0,-9999.0,-9999.0,-9999.0,-9999.0,-9999.0,-9999.0,-9999.0,-9999.0,195.0,ramp,spur5,stable_reference,5.4713091765815856,-0.1657363789310944,-2.8334570650945765,-0.3373066953550924,-0.3373066953550924,1.4333326999999991,50.20129360901055,0.03652787777276933,95.0243270994062,5.753621312103425,5.754085965185223,-3.2499299547930605,3.9155334155003487,6.087729633466646,-0.334108321363221
P23_AV1_1_interaction,P23,AV1,1,on_ramp,P23_AV1_1,P23_AV1.1.asc,AV1,60,initiator_active,3149,1,52483.33,52483.3343,1.0,22.3,80.28,195.0,30.905169,1209.99302,0.0,0.0,0.0,22.3,0.0,0.0,1210.034476,-28.139174,6.132066,1.0,0.0,0.0,0.0,0.0,1165.384649,-33.438674,1021.0,5006.0,0.0,175.0,-0.028579,35.151986,126.547149,35.151974,-0.02912,-7e-05,0.140145,-0.002314,-9e-06,0.012403,0.291457,0.0,0.0,0.0,0.0,1.0,-9999.0,-9999.0,-9999.0,-9999.0,-9999.0,-9999.0,-9999.0,-9999.0,-9999.0,-9999.0,-9999.0,-9999.0,-9999.0,-9999.0,195.0,ramp,spur5,stable_reference,5.425308363411169,-0.213454875630363,-2.881988091472296,-0.340935777509822,-0.340935777509822,1.4500002999999997,50.787102551884274,0.03647761701255276,95.3921648628716,5.700413316935714,5.700486079633956,-3.186985566348312,3.2844907897866307,6.038350656385031,-0.3379373394493168
P23_AV1_1_interaction,P23,AV1,1,on_ramp,P23_AV1_1,P23_AV1.1.asc,AV1,60,initiator_active,3150,1,52500.0,52500.0,1.0,22.3,80.28,195.0,31.276111,1210.361618,0.0,0.0,0.0,22.3,0.0,0.0,1210.401996,-28.19454,6.134119,1.0,0.0,0.0,0.0,0.0,1165.970476,-33.443508,1021.0,5006.0,0.0,175.0,-0.029212,35.154322,126.555558,35.15431,-0.029034,-6.9e-05,0.140146,-0.002434,8.7e-05,0.012403,0.291457,0.0,0.0,0.0,0.0,1.0,-9999.0,-9999.0,-9999.0,-9999.0,-9999.0,-9999.0,-9999.0,-9999.0,-9999.0,-9999.0,-9999.0,-9999.0,-9999.0,-9999.0,195.0,ramp,spur5,stable_reference,5.380154802798383,-0.2603266206810506,-2.929672609662394,-0.3441448716504335,-0.3441448716504335,1.4666659999999974,51.37294949349088,0.036427666561962814,95.76012472989567,5.648050347046306,5.647853109668285,-3.1404451686044865,2.206202797419053,5.989168557520198,-0.34111821047389235
P23_AV1_1_interaction,P23,AV1,1,on_ramp,P23_AV1_1,P23_AV1.1.asc,AV1,60,initiator_active,3151,1,52516.67,52516.6675,1.0,22.3,80.28,195.0,31.647065,1210.730326,0.0,0.0,0.0,22.3,0.0,0.0,1210.769595,-28.249375,6.13538,1.0,0.0,0.0,0.0,0.0,1166.556343,-33.448343,1021.0,5006.0,0.0,175.0,-0.029839,35.156657,126.563966,35.156645,-0.028948,-6.7e-05,0.140107,-0.002569,0.000166,0.012403,0.291457,0.0,0.0,0.0,0.0,1.0,-9999.0,-9999.0,-9999.0,-9999.0,-9999.0,-9999.0,-9999.0,-9999.0,-9999.0,-9999.0,-9999.0,-9999.0,-9999.0,-9999.0,195.0,ramp,spur5,stable_reference,5.33553422862777,-0.3066656843755004,-2.976824594907973,-0.3476416946836967,-0.3476416946836967,1.4833335000000007,51.95883644192995,0.03637704278643214,96.12815925811684,5.596219004569313,5.5958050565216,-3.1134478783543216,1.4128861316482215,5.94104870796275,-0.34482970339343666
P23_AV1_1_interaction,P23,AV1,1,on_ramp,P23_AV1_1,P23_AV1.1.asc,AV1,60,initiator_active,3152,1,52533.33,52533.3339,1.0,22.3,80.28,195.0,32.017986,1211.099104,0.0,0.0,0.0,22.3,0.0,0.0,1211.13724,-28.303902,6.136095,1.0,0.0,0.0,0.0,0.0,1167.142249,-33.453179,1021.0,5006.0,0.0,175.0,-0.030461,35.158992,126.57237,35.15898,-0.028861,-6.3e-05,0.140052,-0.002716,0.000224,0.012403,0.291457,0.0,0.0,0.0,0.0,1.0,-9999.0,-9999.0,-9999.0,-9999.0,-9999.0,-9999.0,-9999.0,-9999.0,-9999.0,-9999.0,-9999.0,-9999.0,-9999.0,-9999.0,195.0,ramp,spur5,stable_reference,5.291222811577244,-0.3526957687356353,-3.02366768729384,-0.3520265067393048,-0.3520265067393048,1.4999998999999953,52.544762397234706,0.03632573751991707,96.49623726966317,5.544696027460746,5.544069729022506,-3.0933477084811045,1.4450116445267724,5.893875075204104,-0.34917904774335806
P23_AV1_1_interaction,P23,AV1,1,on_ramp,P23_AV1_1,P23_AV1.1.asc,AV1,60,initiator_active,3153,1,52550.0,52550.0007,1.0,22.3,80.28,195.0,32.38887,1211.467922,0.0,0.0,0.0,22.3,0.0,0.0,1211.504909,-28.358266,6.136465,1.0,0.0,0.0,0.0,0.0,1167.728193,-33.458016,1021.0,5006.0,0.0,175.0,-0.031077,35.161325,126.580771,35.161313,-0.028774,-5.9e-05,0.139991,-0.002873,0.000263,0.012403,0.291457,0.0,0.0,0.0,0.0,1.0,-9999.0,-9999.0,-9999.0,-9999.0,-9999.0,-9999.0,-9999.0,-9999.0,-9999.0,-9999.0,-9999.0,-9999.0,-9999.0,-9999.0,195.0,ramp,spur5,stable_reference,5.2470749973554405,-0.3985623427521705,-3.070347314341653,-0.3563362369723759,-0.3563362369723759,1.5166666999999943,53.13072635943839,0.0362737425963667,96.86433794934422,5.493336240902348,5.492693887342668,-3.06528082501697,2.1257096823867414,5.847033765495302,-0.35369752459295434
P23_AV1_1_interaction,P23,AV1,1,on_ramp,P23_AV1_1,P23_AV1.1.asc,AV1,60,initiator_active,3154,1,52566.67,52566.6672,1.0,22.3,80.28,195.0,32.759751,1211.836761,0.0,0.0,0.0,22.3,0.0,0.0,1211.87259,-28.41255,6.136637,1.0,0.0,0.0,0.0,0.0,1168.314177,-33.462854,1021.0,5006.0,0.0,175.0,-0.031688,35.163658,126.589168,35.163646,-0.028687,-5.5e-05,0.139927,-0.003037,0.000284,0.012403,0.291457,0.0,0.0,0.0,0.0,1.0,-9999.0,-9999.0,-9999.0,-9999.0,-9999.0,-9999.0,-9999.0,-9999.0,-9999.0,-9999.0,-9999.0,-9999.0,-9999.0,-9999.0,195.0,ramp,spur5,stable_reference,5.203007485124804,-0.4443486611975953,-3.1169467083938005,-0.3625209582958231,-0.3625209582958231,1.5333332000000008,53.71673032847454,0.03622107434787566,97.23244997534172,5.442056549669051,5.441893793351035,-3.022491054948887,3.029288788920624,5.801892996985646,-0.3598364473165949
P23_AV1_1_interaction,P23,AV1,1,on_ramp,P23_AV1_1,P23_AV1.1.asc,AV1,60,initiator_active,3155,1,52583.33,52583.3343,1.0,22.3,80.28,195.0,33.130582,1212.205613,0.0,0.0,0.0,22.3,0.0,0.0,1212.240341,-28.466359,6.139118,1.0,0.0,0.0,0.0,0.0,1168.900199,-33.467694,1021.0,5006.0,0.0,175.0,-0.032293,35.165989,126.597561,35.165978,-0.028601,-5e-05,0.13986,-0.003208,0.000291,0.012403,0.291457,0.0,0.0,0.0,0.0,1.0,-9999.0,-9999.0,-9999.0,-9999.0,-9999.0,-9999.0,-9999.0,-9999.0,-9999.0,-9999.0,-9999.0,-9999.0,-9999.0,-9999.0,195.0,ramp,spur5,stable_reference,5.159416731304829,-0.4896584910299131,-3.1630697451192225,-0.3682256138110017,-0.3682256138110017,1.5500002999999998,54.302772312575655,0.036166716475694506,97.60062812013493,5.391252414220975,5.391943410168036,-2.964303169980326,3.841185526193968,5.756751273397555,-0.3654988591765802
P23_AV1_1_interaction,P23,AV1,1,on_ramp,P23_AV1_1,P23_AV1.1.asc,AV1,60,initiator_active,3156,1,52600.0,52600.0003,1.0,22.3,80.28,195.0,33.501375,1212.574525,0.0,0.0,0.0,22.3,0.0,0.0,1212.608349,-28.518381,6.143965,1.0,0.0,0.0,0.0,0.0,1169.48626,-33.472534,1021.0,5006.0,0.0,175.0,-0.032893,35.168319,126.60595,35.168308,-0.028515,-4.5e-05,0.139781,-0.003381,0.00029,0.012403,0.291457,0.0,0.0,0.0,0.0,1.0,-9999.0,-9999.0,-9999.0,-9999.0,-9999.0,-9999.0,-9999.0,-9999.0,-9999.0,-9999.0,-9999.0,-9999.0,-9999.0,-9999.0,195.0,ramp,spur5,stable_reference,5.117619416801445,-0.5331758669911195,-3.207400807895833,-0.3734867752009122,-0.3734867752009122,1.5666662999999972,54.88885329537642,0.036112677079183766,97.96904866364069,5.342237317862531,5.343084307545962,-2.8944532036673536,4.33936517844532,5.7131973316500355,-0.37096001378750465
P23_AV1_1_interaction,P23,AV1,1,on_ramp,P23_AV1_1,P23_AV1.1.asc,AV1,60,initiator_active,3157,1,52616.67,52616.6669,1.0,22.3,80.28,195.0,33.872184,1212.943653,0.0,0.0,0.0,22.3,0.0,0.0,1212.976596,-28.568677,6.148503,1.0,0.0,0.0,0.0,0.0,1170.07236,-33.477376,1021.0,5006.0,0.0,175.0,-0.033488,35.170648,126.614334,35.170637,-0.028431,-4e-05,0.1397,-0.003557,0.000281,0.012403,0.291457,0.0,0.0,0.0,0.0,1.0,-9999.0,-9999.0,-9999.0,-9999.0,-9999.0,-9999.0,-9999.0,-9999.0,-9999.0,-9999.0,-9999.0,-9999.0,-9999.0,-9999.0,195.0,ramp,spur5,stable_reference,5.077554065940232,-0.5749621881436873,-3.250001259065071,-0.3776453098756884,-0.3776453098756884,1.583332899999994,55.474973293208926,0.03605695622503376,98.33769410458737,5.294950115638849,5.295463803964559,-2.8196606683906396,4.335044043476415,5.670040530240309,-0.37509041460146
P23_AV1_1_interaction,P23,AV1,1,on_ramp,P23_AV1_1,P23_AV1.1.asc,AV1,60,initiator_active,3158,1,52633.33,52633.3335,1.0,22.3,80.28,195.0,34.242967,1213.312982,0.0,0.0,0.0,22.3,0.0,0.0,1213.345026,-28.617622,6.151885,1.0,0.0,0.0,0.0,0.0,1170.658498,-33.482218,1021.0,5006.0,0.0,175.0,-0.034077,35.17285,126.622259,35.172838,-0.028348,-3.6e-05,0.125192,-0.003726,0.000249,0.012403,0.291457,0.0,0.0,0.0,0.0,1.0,-9999.0,-9999.0,-9999.0,-9999.0,-9999.0,-9999.0,-9999.0,-9999.0,-9999.0,-9999.0,-9999.0,-9999.0,-9999.0,-9999.0,195.0,ramp,spur5,stable_reference,5.038844270069995,-0.6153936467090972,-3.291247185577104,-0.3811296671431277,-0.3811296671431277,1.599999499999998,56.061131289774536,0.03600154568050511,98.70651150710859,5.249015362755041,5.249095994554361,-2.749952313557344,3.6379100418973422,5.627818882444145,-0.37880351968910375
P23_AV1_1_interaction,P23,AV1,1,on_ramp,P23_AV1_1,P23_AV1.1.asc,AV1,60,initiator_active,3159,1,52650.0,52650.0005,1.0,22.3,80.28,195.0,34.613731,1213.682462,0.0,0.0,0.0,22.3,0.0,0.0,1213.713578,-28.665632,6.154151,1.0,0.0,0.0,0.0,0.0,1171.244674,-33.487062,1021.0,5006.0,0.0,175.0,-0.03466,35.174832,126.629397,35.174821,-0.028266,-3.2e-05,0.115988,-0.003879,0.000169,0.012403,0.291457,0.0,0.0,0.0,0.0,1.0,-9999.0,-9999.0,-9999.0,-9999.0,-9999.0,-9999.0,-9999.0,-9999.0,-9999.0,-9999.0,-9999.0,-9999.0,-9999.0,-9999.0,195.0,ramp,spur5,stable_reference,5.001072497657972,-0.6548875393559378,-3.331555769794152,-0.3851552001428877,-0.3851552001428877,1.6166664999999993,56.64732730140511,0.035944445512293526,99.07544327031209,5.204016574953051,5.203798019227561,-2.6983964659096387,2.4384931897037347,5.586821058619483,-0.3828044836664324
P23_AV1_1_interaction,P23,AV1,1,on_ramp,P23_AV1_1,P23_AV1.1.asc,AV1,60,initiator_active,3160,1,52666.67,52666.6675,1.0,22.3,80.28,195.0,34.984497,1214.052045,0.0,0.0,0.0,22.3,0.0,0.0,1214.082207,-28.713055,6.155544,1.0,0.0,0.0,0.0,0.0,1171.830882,-33.491908,1021.0,5006.0,0.0,175.0,-0.035237,35.17673,126.636227,35.176718,-0.028185,-3.1e-05,0.112813,-0.004004,3.3e-05,0.012403,0.291457,0.0,0.0,0.0,0.0,1.0,-9999.0,-9999.0,-9999.0,-9999.0,-9999.0,-9999.0,-9999.0,-9999.0,-9999.0,-9999.0,-9999.0,-9999.0,-9999.0,-9999.0,195.0,ramp,spur5,stable_reference,4.963889634695036,-0.6937928116982621,-3.371275874997417,-0.388588745120779,-0.388588745120779,1.6333335000000007,57.23355532830073,0.035885606724135044,99.44444723748077,5.159605396364197,5.159147646759722,-2.6686675815717535,1.561909586665962,5.545822469064675,-0.3862170727004788
P23_AV1_1_interaction,P23,AV1,1,on_ramp,P23_AV1_1,P23_AV1.1.asc,AV1,60,initiator_active,3161,1,52683.33,52683.3335,1.0,22.3,80.28,195.0,35.355222,1214.421692,0.0,0.0,0.0,22.3,0.0,0.0,1214.45088,-28.760137,6.156332,1.0,0.0,0.0,0.0,0.0,1172.417122,-33.496754,1021.0,5006.0,0.0,175.0,-0.03581,35.178597,126.642951,35.178586,-0.028106,-3.2e-05,0.111718,-0.004094,-0.000131,0.012403,0.291457,0.0,0.0,0.0,0.0,1.0,-9999.0,-9999.0,-9999.0,-9999.0,-9999.0,-9999.0,-9999.0,-9999.0,-9999.0,-9999.0,-9999.0,-9999.0,-9999.0,-9999.0,195.0,ramp,spur5,stable_reference,4.927048860703476,-0.7323561596353881,-3.4106541362631924,-0.3937494205789437,-0.3937494205789437,1.649999499999998,57.81981535412953,0.035827029249348157,99.8134924185621,5.115535565711377,5.114843302129277,-2.6463328900950103,1.6017624366373298,5.507128906057064,-0.39159334034568705
P23_AV1_1_interaction,P23,AV1,1,on_ramp,P23_AV1_1,P23_AV1.1.asc,AV1,60,initiator_active,3162,1,52700.0,52700.0009,1.0,22.3,80.28,195.0,35.725916,1214.791375,0.0,0.0,0.0,22.3,0.0,0.0,1214.819575,-28.807038,6.156741,1.0,0.0,0.0,0.0,0.0,1173.003394,-33.501602,1021.0,5006.0,0.0,175.0,-0.036376,35.180455,126.649638,35.180444,-0.028027,-3.6e-05,0.111319,-0.004154,-0.000276,0.012403,0.291457,0.0,0.0,0.0,0.0,1.0,-9999.0,-9999.0,-9999.0,-9999.0,-9999.0,-9999.0,-9999.0,-9999.0,-9999.0,-9999.0,-9999.0,-9999.0,-9999.0,-9999.0,195.0,ramp,spur5,stable_reference,4.890389627159945,-0.7707380481650211,-3.44985097784672,-0.3988280907987591,-0.3988280907987591,1.6666668999999965,58.406107395223366,0.035766713154621536,100.18255812085587,5.071646908676472,5.0709364076979995,-2.6152746609790256,2.3475960237165054,5.468291109625247,-0.39664420094877517
P23_AV1_1_interaction,P23,AV1,1,on_ramp,P23_AV1_1,P23_AV1.1.asc,AV1,60,initiator_active,3163,1,52716.67,52716.6675,1.0,22.3,80.28,195.0,36.096593,1215.161078,0.0,0.0,0.0,22.3,0.0,0.0,1215.188282,-28.853852,6.15693,1.0,0.0,0.0,0.0,0.0,1173.589697,-33.506452,1021.0,5006.0,0.0,175.0,-0.036936,35.182308,126.65631,35.182297,-0.027947,-4.1e-05,0.111151,-0.004192,-0.000374,0.012403,0.291457,0.0,0.0,0.0,0.0,1.0,-9999.0,-9999.0,-9999.0,-9999.0,-9999.0,-9999.0,-9999.0,-9999.0,-9999.0,-9999.0,-9999.0,-9999.0,-9999.0,-9999.0,195.0,ramp,spur5,stable_reference,4.853817692915837,-0.809032682986962,-3.488960587958908,-0.4051414630471092,-0.4051414630471092,1.6833335000000007,58.992430451615476,0.035704650273897125,100.551635112304,5.027845346733267,5.0276657061439725,-2.568078898916667,3.3448845317014957,5.431016191747359,-0.40317084501409184
P23_AV1_1_interaction,P23,AV1,1,on_ramp,P23_AV1_1,P23_AV1.1.asc,AV1,60,initiator_active,3164,1,52733.33,52733.3342,1.0,22.3,80.28,195.0,36.467214,1215.530791,0.0,0.0,0.0,22.3,0.0,0.0,1215.557054,-28.90014,6.159665,1.0,0.0,0.0,0.0,0.0,1174.17603,-33.511302,1021.0,5006.0,0.0,175.0,-0.037491,35.18416,126.662976,35.184149,-0.027868,-4.8e-05,0.111061,-0.004221,-0.000412,0.012403,0.291457,0.0,0.0,0.0,0.0,1.0,-9999.0,-9999.0,-9999.0,-9999.0,-9999.0,-9999.0,-9999.0,-9999.0,-9999.0,-9999.0,-9999.0,-9999.0,-9999.0,-9999.0,195.0,ramp,spur5,stable_reference,4.817773358823449,-0.846799958133274,-3.527542956190452,-0.4118419474999295,-0.4118419474999295,1.700000199999995,59.578783507007685,0.03564283237446771,100.92077280624628,4.984570298044594,4.985333868971477,-2.5037785187926715,4.246819422907436,5.394409036190462,-0.4098387381458677
P23_AV1_1_interaction,P23,AV1,1,on_ramp,P23_AV1_1,P23_AV1.1.asc,AV1,60,initiator_active,3165,1,52750.0,52750.0002,1.0,22.3,80.28,195.0,36.837799,1215.90056,0.0,0.0,0.0,22.3,0.0,0.0,1215.92607,-28.944453,6.165007,1.0,0.0,0.0,0.0,0.0,1174.762395,-33.516154,1021.0,5006.0,0.0,175.0,-0.03804,35.18601,126.669637,35.185999,-0.027787,-5.5e-05,0.110995,-0.004249,-0.000395,0.012403,0.291457,0.0,0.0,0.0,0.0,1.0,-9999.0,-9999.0,-9999.0,-9999.0,-9999.0,-9999.0,-9999.0,-9999.0,-9999.0,-9999.0,-9999.0,-9999.0,-9999.0,-9999.0,195.0,ramp,spur5,stable_reference,4.7837100312711405,-0.8825871293934466,-3.564145662696974,-0.4170740432617046,-0.4170740432617046,1.7166661999999997,60.1651685776647,0.03557927585508961,101.29013836411819,4.943272176018571,4.9442079573343936,-2.4265214854533497,4.797179737590952,5.3585637623125635,-0.41529158629399276
P23_AV1_1_interaction,P23,AV1,1,on_ramp,P23_AV1_1,P23_AV1.1.asc,AV1,60,initiator_active,3166,1,52766.67,52766.6673,1.0,22.3,80.28,195.0,37.208389,1216.270524,0.0,0.0,0.0,22.3,0.0,0.0,1216.295309,-28.986859,6.170009,1.0,0.0,0.0,0.0,0.0,1175.34879,-33.521008,1021.0,5006.0,0.0,175.0,-0.038583,35.18786,126.676295,35.187849,-0.027706,-6.1e-05,0.110937,-0.004285,-0.000335,0.012403,0.291457,0.0,0.0,0.0,0.0,1.0,-9999.0,-9999.0,-9999.0,-9999.0,-9999.0,-9999.0,-9999.0,-9999.0,-9999.0,-9999.0,-9999.0,-9999.0,-9999.0,-9999.0,195.0,ramp,spur5,stable_reference,4.7515591540877065,-0.916462663183305,-3.598837130899705,-0.4221637048830365,-0.4221637048830365,1.7333332999999984,60.751583663653676,0.03551396438368075,101.65971134191125,4.903882811435603,4.90445047613791,-2.3438732914107447,4.786891764931269,5.32424230757096,-0.42035949613535717
P23_AV1_1_interaction,P23,AV1,1,on_ramp,P23_AV1_1,P23_AV1.1.asc,AV1,60,initiator_active,3167,1,52783.33,52783.3343,1.0,22.3,80.28,195.0,37.578956,1216.640669,0.0,0.0,0.0,22.3,0.0,0.0,1216.664717,-29.027772,6.173736,1.0,0.0,0.0,0.0,0.0,1175.935216,-33.525863,1021.0,5006.0,0.0,175.0,-0.03912,35.18971,126.682955,35.189699,-0.027624,-6.5e-05,0.111113,-0.004332,-0.000245,0.012403,0.291457,0.0,0.0,0.0,0.0,1.0,-9999.0,-9999.0,-9999.0,-9999.0,-9999.0,-9999.0,-9999.0,-9999.0,-9999.0,-9999.0,-9999.0,-9999.0,-9999.0,-9999.0,195.0,ramp,spur5,stable_reference,4.720905389077895,-0.9488416951980446,-3.6320323975200446,-0.4257509413116309,-0.4257509413116309,1.7500002999999997,61.33802975677511,0.03544790609294509,102.02944112216737,4.865987777133244,4.866077042348492,-2.266954722297868,4.018537818411431,5.289919178859257,-0.42393140172601385
P23_AV1_1_interaction,P23,AV1,1,on_ramp,P23_AV1_1,P23_AV1.1.asc,AV1,60,initiator_active,3168,1,52800.0,52800.0001,1.0,22.3,80.28,195.0,37.949508,1217.010947,0.0,0.0,0.0,22.3,0.0,0.0,1217.034238,-29.067651,6.176233,1.0,0.0,0.0,0.0,0.0,1176.521673,-33.530719,1021.0,5006.0,0.0,175.0,-0.039651,35.191566,126.689636,35.191555,-0.027541,-6.8e-05,0.111513,-0.004396,-0.000141,0.012403,0.291457,0.0,0.0,0.0,0.0,1.0,-9999.0,-9999.0,-9999.0,-9999.0,-9999.0,-9999.0,-9999.0,-9999.0,-9999.0,-9999.0,-9999.0,-9999.0,-9999.0,-9999.0,195.0,ramp,spur5,stable_reference,4.69128835989156,-0.9801843952983348,-3.6641915312162254,-0.430302874002216,-0.430302874002216,1.766666099999995,61.92450685702877,0.035381100982880616,102.39927545496731,4.829127631117385,4.828886442800947,-2.209922742507075,2.7047389501999817,5.25783148541358,-0.4287038542961952
P23_AV1_1_interaction,P23,AV1,1,on_ramp,P23_AV1_1,P23_AV1.1.asc,AV1,60,initiator_active,3169,1,52816.67,52816.6672,1.0,22.3,80.28,195.0,38.320047,1217.381314,0.0,0.0,0.0,22.3,0.0,0.0,1217.403828,-29.106882,6.177768,1.0,0.0,0.0,0.0,0.0,1177.10816,-33.535577,1021.0,5006.0,0.0,193.0,-0.040178,35.193427,126.696337,35.193416,-0.027457,-7e-05,0.111754,-0.004476,-3.4e-05,0.012403,0.291457,0.0,0.0,0.0,0.0,1.0,-9999.0,-9999.0,-9999.0,-9999.0,-9999.0,-9999.0,-9999.0,-9999.0,-9999.0,-9999.0,-9999.0,-9999.0,-9999.0,-9999.0,195.0,ramp,spur5,stable_reference,4.662320994861534,-1.0108776759103666,-3.695701366126453,-0.4345208535504116,-0.4345208535504116,1.7833332000000008,62.51101397261438,0.03531254092077845,102.76917349387102,4.79291602695243,4.792413964803074,-2.1767997945477475,1.7289212457814926,5.225822186645372,-0.43290615969294244
P23_AV1_1_interaction,P23,AV1,1,on_ramp,P23_AV1_1,P23_AV1.1.asc,AV1,60,initiator_active,3170,1,52833.33,52833.3341,1.0,22.3,80.28,195.0,38.690551,1217.751736,0.0,0.0,0.0,22.3,0.0,0.0,1217.773458,-29.145737,6.178637,1.0,0.0,0.0,0.0,0.0,1177.694679,-33.540436,1021.0,5006.0,0.0,193.0,-0.040732,35.19529,126.703046,35.19528,-0.027373,-6.9e-05,0.111847,-0.004573,6.7e-05,0.012403,0.291457,0.0,0.0,0.0,0.0,1.0,-9999.0,-9999.0,-9999.0,-9999.0,-9999.0,-9999.0,-9999.0,-9999.0,-9999.0,-9999.0,-9999.0,-9999.0,-9999.0,-9999.0,195.0,ramp,spur5,stable_reference,4.633730594426035,-1.0411941337232515,-3.726834448193038,-0.4395513848194707,-0.4395513848194707,1.8000000999999974,63.09755309529899,0.03524324220539831,103.13910846100882,4.757080736892332,4.7563249938527195,-2.1522907783392213,1.7523948239911746,5.195232582125215,-0.4381518452328832
P23_AV1_1_interaction,P23,AV1,1,on_ramp,P23_AV1_1,P23_AV1.1.asc,AV1,60,initiator_active,3171,1,52850.0,52850.0001,1.0,22.3,80.28,195.0,39.061021,1218.12219,0.0,0.0,0.0,22.3,0.0,0.0,1218.143109,-29.184391,6.179087,1.0,0.0,0.0,0.0,0.0,1178.281229,-33.545297,1021.0,5006.0,0.0,193.0,-0.041323,35.197155,126.709757,35.197144,-0.027288,-6.7e-05,0.111859,-0.004685,0.000155,0.012403,0.276382,0.0,0.0,0.0,0.0,1.0,-9999.0,-9999.0,-9999.0,-9999.0,-9999.0,-9999.0,-9999.0,-9999.0,-9999.0,-9999.0,-9999.0,-9999.0,-9999.0,-9999.0,195.0,ramp,spur5,stable_reference,4.605341699018332,-1.0713091605248994,-3.7577661358006447,-0.4455732131174851,-0.4455732131174851,1.8166660999999948,63.6841232332821,0.03517219670402945,103.5090627860721,4.721446611617258,4.72067184808752,-2.1183879004794335,2.5613931214902053,5.165601111537561,-0.44415449992030265
P23_AV1_1_interaction,P23,AV1,1,on_ramp,P23_AV1_1,P23_AV1.1.asc,AV1,60,initiator_active,3172,1,52866.67,52866.6675,1.0,22.3,80.28,195.0,39.431453,1218.49266,0.0,0.0,0.0,22.3,0.0,0.0,1218.512771,-29.222949,6.179296,1.0,0.0,0.0,0.0,0.0,1178.86781,-33.550159,1021.0,5006.0,0.0,193.0,-0.041951,35.199019,126.716468,35.199008,-0.027203,-6.4e-05,0.111834,-0.004812,0.000226,0.012403,0.276382,0.0,0.0,0.0,0.0,1.0,-9999.0,-9999.0,-9999.0,-9999.0,-9999.0,-9999.0,-9999.0,-9999.0,-9999.0,-9999.0,-9999.0,-9999.0,-9999.0,-9999.0,195.0,ramp,spur5,stable_reference,4.5770490717197,-1.1013279590868996,-3.788601614764824,-0.4518241416811979,-0.4518241416811979,1.8333335000000006,64.27072437839766,0.03510040438332658,103.87902732682815,4.685908572967757,4.685711981095294,-2.0669093608119056,3.6418387389029903,5.136518001637657,-0.4506094286698996
P23_AV1_1_interaction,P23,AV1,1,on_ramp,P23_AV1_1,P23_AV1.1.asc,AV1,60,initiator_active,3173,1,52883.33,52883.3342,1.0,22.3,80.28,195.0,39.801838,1218.863139,0.0,0.0,0.0,22.3,0.0,0.0,1218.882491,-29.260934,6.182264,1.0,0.0,0.0,0.0,0.0,1179.454422,-33.555022,1021.0,5006.0,0.0,193.0,-0.042615,35.200882,126.723177,35.200872,-0.027118,-6e-05,0.111793,-0.00495,0.000276,0.012403,0.276382,0.0,0.0,0.0,0.0,1.0,-9999.0,-9999.0,-9999.0,-9999.0,-9999.0,-9999.0,-9999.0,-9999.0,-9999.0,-9999.0,-9999.0,-9999.0,-9999.0,-9999.0,195.0,ramp,spur5,stable_reference,4.549330832393021,-1.1307725719904873,-3.818863008159477,-0.4595804671930502,-0.4595804671930502,1.8500001999999949,64.85735653064567,0.03502786524329681,104.24904518650807,4.650943988843385,4.651773241937662,-1.9969912583238738,4.616842747087013,5.10928889042199,-0.45834490157860497
P23_AV1_1_interaction,P23,AV1,1,on_ramp,P23_AV1_1,P23_AV1.1.asc,AV1,60,initiator_active,3174,1,52900.0,52900.0007,1.0,22.3,80.28,195.0,40.17218,1219.233664,0.0,0.0,0.0,22.3,0.0,0.0,1219.252425,-29.296771,6.188059,1.0,0.0,0.0,0.0,0.0,1180.041064,-33.559888,1021.0,5006.0,0.0,193.0,-0.043315,35.202745,126.729883,35.202735,-0.027033,-5.5e-05,0.111746,-0.005097,0.000307,0.012403,0.276382,0.0,0.0,0.0,0.0,1.0,-9999.0,-9999.0,-9999.0,-9999.0,-9999.0,-9999.0,-9999.0,-9999.0,-9999.0,-9999.0,-9999.0,-9999.0,-9999.0,-9999.0,195.0,ramp,spur5,stable_reference,4.523765701196264,-1.1580648192283096,-3.846972403543296,-0.4651785004466592,-0.4651785004466592,1.8666666999999943,65.44401870639147,0.034952571184579784,104.61925949839237,4.618129080632088,4.619145856351833,-1.913015386859712,5.212802576329345,5.0820569653525425,-0.4639278847204542
P23_AV1_1_interaction,P23,AV1,1,on_ramp,P23_AV1_1,P23_AV1.1.asc,AV1,60,initiator_active,3175,1,52916.67,52916.6674,1.0,22.3,80.28,195.0,40.542509,1219.604353,0.0,0.0,0.0,22.3,0.0,0.0,1219.622555,-29.330534,6.193486,1.0,0.0,0.0,0.0,0.0,1180.627738,-33.564754,1021.0,5006.0,0.0,193.0,-0.044051,35.204607,126.736586,35.204597,-0.026949,-4.9e-05,0.111696,-0.005252,0.000322,0.012403,0.058,0.0,0.0,0.0,0.0,0.0,-9999.0,-9999.0,-9999.0,-9999.0,-9999.0,-9999.0,-9999.0,-9999.0,-9999.0,-9999.0,-9999.0,-9999.0,-9999.0,-9999.0,195.0,ramp,spur5,stable_reference,4.500279207454017,-1.1832790964021949,-3.873004160426805,-0.4706135797054661,-0.4706135797054661,1.883333399999996,66.03071288107022,0.03487753843923254,104.98965286736885,4.587389703812462,4.588006335303425,-1.8232317978061872,5.212940972421421,5.056958710398602,-0.4695690065861404
P23_AV1_1_interaction,P23,AV1,1,on_ramp,P23_AV1_1,P23_AV1.1.asc,AV1,60,initiator_active,3176,1,52933.33,52933.3341,1.0,22.3,80.28,195.0,40.912836,1219.975187,0.0,0.0,0.0,22.3,0.0,0.0,1219.992829,-29.362674,6.197529,1.0,0.0,0.0,0.0,0.0,1181.214443,-33.569623,1021.0,5006.0,0.0,193.0,-0.044822,35.206468,126.743286,35.206458,-0.026866,-4.4e-05,0.111644,-0.005411,0.000324,0.012403,0.0645,0.0,0.0,0.0,0.0,0.0,-9999.0,-9999.0,-9999.0,-9999.0,-9999.0,-9999.0,-9999.0,-9999.0,-9999.0,-9999.0,-9999.0,-9999.0,-9999.0,-9999.0,195.0,ramp,spur5,stable_reference,4.478419082657895,-1.2068674832134083,-3.8974102657381193,-0.4749908932924171,-0.4749908932924171,1.9000000999999975,66.61743807921373,0.034799758941243514,105.36017697805659,4.558274448787829,4.558371341542834,-1.7392503402495834,4.859935702609398,5.032211053082973,-0.47393660429514384
P23_AV1_1_interaction,P23,AV1,1,on_ramp,P23_AV1_1,P23_AV1.1.asc,AV1,60,initiator_active,3177,1,52950.0,52950.001,1.0,22.3,80.28,195.0,41.28314,1220.346127,0.0,0.0,0.0,22.3,0.0,0.0,1220.363199,-29.39369,6.200238,1.0,0.0,0.0,0.0,0.0,1181.801179,-33.574493,1021.0,5006.0,0.0,193.0,-0.045628,35.208328,126.749982,35.208318,-0.026783,-3.9e-05,0.11158,-0.005573,0.000317,0.012403,0.06875,0.0,0.0,0.0,0.0,0.0,-9999.0,-9999.0,-9999.0,-9999.0,-9999.0,-9999.0,-9999.0,-9999.0,-9999.0,-9999.0,-9999.0,-9999.0,-9999.0,-9999.0,195.0,ramp,spur5,stable_reference,4.457685187675283,-1.2293299542965928,-3.920690612480626,-0.4792762808220264,-0.4792762808220264,1.916666999999994,67.20419428448947,0.03472123262392584,105.73078790691103,4.530283940226128,4.530030875700069,-1.6612327166467935,2.9993070764258007,5.008704513235456,-0.47842057300932783
P23_AV1_1_interaction,P23,AV1,1,on_ramp,P23_AV1_1,P23_AV1.1.asc,AV1,60,initiator_active,3178,1,52966.98,52966.9791,1.0,22.3,80.28,195.0,41.653408,1220.717136,0.0,0.0,0.0,22.3,0.0,0.0,1220.733628,-29.424,6.201903,1.0,0.0,0.0,0.0,0.0,1182.387946,-33.579365,1021.0,5006.0,0.0,193.0,-0.046468,35.210187,126.756675,35.210177,-0.026702,-3.4e-05,0.111515,-0.005738,0.000304,0.012403,0.06925,0.0,0.0,0.0,0.0,0.0,-9999.0,-9999.0,-9999.0,-9999.0,-9999.0,-9999.0,-9999.0,-9999.0,-9999.0,-9999.0,-9999.0,-9999.0,-9999.0,-9999.0,195.0,ramp,spur5,stable_reference,4.437658657250749,-1.251085252053702,-3.943263881747839,-0.4843719326067155,-0.4843719326067155,1.9336450999999943,67.79098150506371,0.03464095952061212,106.10145206857221,4.50299988992102,4.502503774699474,-1.6393951059599203,0.9692531976956147,4.986507016853915,-0.48350712693289477
P23_AV1_1_interaction,P23,AV1,1,on_ramp,P23_AV1_1,P23_AV1.1.asc,AV1,60,initiator_active,3179,1,52983.33,52983.3334,1.0,22.3,80.28,195.0,42.023666,1221.088188,0.0,0.0,0.0,22.3,0.0,0.0,1221.10409,-29.453902,6.202845,1.0,0.0,0.0,0.0,0.0,1182.974744,-33.584239,1021.0,5006.0,0.0,193.0,-0.047344,35.212045,126.763363,35.212035,-0.026622,-2.9e-05,0.111455,-0.005904,0.000287,0.012403,0.0685,0.0,0.0,0.0,0.0,0.0,-9999.0,-9999.0,-9999.0,-9999.0,-9999.0,-9999.0,-9999.0,-9999.0,-9999.0,-9999.0,-9999.0,-9999.0,-9999.0,-9999.0,195.0,ramp,spur5,stable_reference,4.418040885009009,-1.2724318970358663,-3.965428551216109,-0.4891609656622852,-0.4891609656622852,1.9499994000000007,68.37779974093644,0.03455893963132402,106.47214589738766,4.476124095491512,4.475408026391543,-1.6285369954333646,1.7581971007408583,4.964602271170865,-0.4884781756793526
P23_AV1_1_interaction,P23,AV1,1,on_ramp,P23_AV1_1,P23_AV1.1.asc,AV1,60,initiator_active,3180,1,53000.0,53000.0006,1.0,22.3,80.28,195.0,42.393873,1221.459263,0.0,0.0,0.0,22.3,0.0,0.0,1221.474569,-29.483586,6.203334,1.0,0.0,0.0,0.0,0.0,1183.561573,-33.589114,1021.0,5006.0,0.0,193.0,-0.048253,35.213876,126.769953,35.213866,-0.026544,-2.4e-05,0.10567,-0.006066,0.000261,0.012403,0.0685,0.0,0.0,0.0,0.0,0.0,-9999.0,-9999.0,-9999.0,-9999.0,-9999.0,-9999.0,-9999.0,-9999.0,-9999.0,-9999.0,-9999.0,-9999.0,-9999.0,-9999.0,195.0,ramp,spur5,stable_reference,4.398641500339904,-1.2935602078212347,-3.987374913399548,-0.4962013481276729,-0.4962013481276729,1.9666665999999968,68.9646489839414,0.03447617292269283,106.84285494543877,4.449466432616026,4.448744894331184,-1.5806454571279005,2.835111742571314,4.944975163519912,-0.4955087309038859
P23_AV1_1_interaction,P23,AV1,1,on_ramp,P23_AV1_1,P23_AV1.1.asc,AV1,60,initiator_active,3181,1,53016.67,53016.6673,1.0,22.3,80.28,195.0,42.764016,1221.83035,0.0,0.0,0.0,22.3,0.0,0.0,1221.845057,-29.513165,6.20356,1.0,0.0,0.0,0.0,0.0,1184.148432,-33.593991,1021.0,5006.0,0.0,193.0,-0.049196,35.215478,126.77572,35.215468,-0.026468,-2e-05,0.091179,-0.006215,0.0002,0.012246,0.069,0.0,0.0,0.0,0.0,0.0,-9999.0,-9999.0,-9999.0,-9999.0,-9999.0,-9999.0,-9999.0,-9999.0,-9999.0,-9999.0,-9999.0,-9999.0,-9999.0,-9999.0,195.0,ramp,spur5,stable_reference,4.379347324860017,-1.314583338907276,-4.009216110635503,-0.5031363772031451,-0.5031363772031451,1.9833332999999984,69.55152824227832,0.03439165126203816,107.2135721357554,4.422913839733942,4.422718929697203,-1.5340316258296411,3.276656237066476,4.9253479195288286,-0.5024340797948863
P23_AV1_1_interaction,P23,AV1,1,on_ramp,P23_AV1_1,P23_AV1.1.asc,AV1,60,initiator_active,3182,1,53033.33,53033.3341,1.0,22.3,80.28,195.0,43.134142,1222.201444,0.0,0.0,0.0,22.3,0.0,0.0,1222.215585,-29.542224,6.206222,1.0,0.0,0.0,0.0,0.0,1184.735318,-33.598871,1021.0,5006.0,0.0,193.0,-0.050173,35.216936,126.780969,35.216926,-0.026393,-1.8e-05,0.085748,-0.006342,8.6e-05,0.012246,0.06875,0.0,0.0,0.0,0.0,0.0,-9999.0,-9999.0,-9999.0,-9999.0,-9999.0,-9999.0,-9999.0,-9999.0,-9999.0,-9999.0,-9999.0,-9999.0,-9999.0,-9999.0,195.0,ramp,spur5,stable_reference,4.360574058601368,-1.3350856855269628,-4.030536586385453,-0.511313627562307,-0.511313627562307,2.0000000999999976,70.13843452421317,0.03430435018456873,107.58432507839595,4.3968815561553765,4.397610256636233,-1.4714229404829666,4.127261619202542,4.907659075043178,-0.5107775188878012
P23_AV1_1_interaction,P23,AV1,1,on_ramp,P23_AV1_1,P23_AV1.1.asc,AV1,60,initiator_active,3183,1,53050.0,53050.0001,1.0,22.3,80.28,195.0,43.504197,1222.572566,0.0,0.0,0.0,22.3,0.0,0.0,1222.58626,-29.569363,6.211392,1.0,0.0,0.0,0.0,0.0,1185.322229,-33.603752,1021.0,5006.0,0.0,193.0,-0.051182,35.218344,126.786038,35.218334,-0.02632,-1.8e-05,0.083898,-0.006435,-7.4e-05,0.012246,0.06875,0.0,0.0,0.0,0.0,0.0,-9999.0,-9999.0,-9999.0,-9999.0,-9999.0,-9999.0,-9999.0,-9999.0,-9999.0,-9999.0,-9999.0,-9999.0,-9999.0,-9999.0,195.0,ramp,spur5,stable_reference,4.343724130269954,-1.3536651516285958,-4.049934412634212,-0.5184200973369194,-0.5184200973369194,2.016666099999995,70.72536581348054,0.03421625329151546,107.9552093373331,4.372770408967157,4.373672226971399,-1.396459032947746,4.650127168706071,4.890646946546932,-0.5178765375797747
P23_AV1_1_interaction,P23,AV1,1,on_ramp,P23_AV1_1,P23_AV1.1.asc,AV1,60,initiator_active,3184,1,53066.67,53066.6681,1.0,22.3,80.28,196.0,0.000353,1222.943788,0.0,0.0,0.0,22.3,0.0,0.0,1222.957065,-29.594649,6.216229,1.0,0.0,0.0,0.0,0.0,1185.909163,-33.608635,1021.0,5006.0,0.0,193.0,-0.052225,35.219735,126.791046,35.219725,-0.026248,-2.1e-05,0.083255,-0.006491,-0.000236,0.011775,0.0695,0.0,0.0,0.0,0.0,0.0,-9999.0,-9999.0,-9999.0,-9999.0,-9999.0,-9999.0,-9999.0,-9999.0,-9999.0,-9999.0,-9999.0,-9999.0,-9999.0,-9999.0,196.0,ramp,spur5,stable_reference,4.328730094228063,-1.3703891116051927,-4.067476929548598,-0.5241325968674779,-0.5241325968674779,2.0333341000000003,71.31232011831294,0.034126344284129174,108.32620846025824,4.350513261580509,4.351060850762323,-1.3164149929536109,4.651513037391979,4.874188991430184,-0.5236757298496757
P23_AV1_1_interaction,P23,AV1,1,on_ramp,P23_AV1_1,P23_AV1.1.asc,AV1,60,initiator_active,3185,1,53083.33,53083.3341,1.0,22.3,80.28,196.0,0.371739,1223.315097,0.0,0.0,0.0,22.3,0.0,0.0,1223.327966,-29.618486,6.219831,1.0,0.0,0.0,0.0,0.0,1186.496118,-33.61352,1021.0,5006.0,0.0,193.0,-0.0533,35.219308,126.789509,35.219298,-0.026175,-3e-05,-0.124375,-0.006395,-0.000703,0.011618,0.07725,0.0,0.0,0.0,0.0,0.0,-9999.0,-9999.0,-9999.0,-9999.0,-9999.0,-9999.0,-9999.0,-9999.0,-9999.0,-9999.0,-9999.0,-9999.0,-9999.0,-9999.0,196.0,ramp,spur5,stable_reference,4.315187163025247,-1.3856622423687412,-4.083568758666641,-0.529431349650369,-0.529431349650369,2.0500000999999974,71.89929543877729,0.034034606830326115,108.69729174738642,4.329705849820424,4.329790688969703,-1.2414048944147567,3.9722080308202052,4.858675713725977,-0.5289698639055525
P23_AV1_1_interaction,P23,AV1,1,on_ramp,P23_AV1_1,P23_AV1.1.asc,AV1,60,initiator_active,3186,1,53100.0,53100.0007,1.0,22.3,80.28,196.0,0.743142,1223.686466,0.0,0.0,0.0,22.3,0.0,0.0,1223.698931,-29.64132,6.222244,1.0,0.0,0.0,0.0,0.0,1187.083063,-33.618407,1021.0,5006.0,0.0,193.0,-0.054407,35.215799,126.776878,35.21579,-0.026101,-5.1e-05,-0.250349,-0.00588,-0.001753,0.011304,0.07725,0.0,0.0,0.0,0.0,0.0,-9999.0,-9999.0,-9999.0,-9999.0,-9999.0,-9999.0,-9999.0,-9999.0,-9999.0,-9999.0,-9999.0,-9999.0,-9999.0,-9999.0,196.0,ramp,spur5,stable_reference,4.30264862082063,-1.3999311635063252,-4.09865647064429,-0.5337517067979679,-0.5337517067979679,2.0666666999999945,72.48626077590717,0.03394078778278537,109.06843084183953,4.309901927244368,4.30968163980655,-1.1840116058504293,2.754576254579625,4.843210877005439,-0.5333089497610706
P23_AV1_1_interaction,P23,AV1,1,on_ramp,P23_AV1_1,P23_AV1.1.asc,AV1,60,initiator_active,3187,1,53116.67,53116.6673,1.0,22.3,80.28,196.0,1.114554,1224.057875,0.0,0.0,0.0,22.3,0.0,0.0,1224.069933,-29.663526,6.223725,1.0,0.0,0.0,0.0,0.0,1187.669957,-33.623295,1021.0,5006.0,0.0,193.0,-0.055546,35.211187,126.760274,35.211178,-0.02602,-9.7e-05,-0.28823,-0.005166,-0.003483,0.011304,0.09275,0.0,0.0,0.0,0.0,0.0,-9999.0,-9999.0,-9999.0,-9999.0,-9999.0,-9999.0,-9999.0,-9999.0,-9999.0,-9999.0,-9999.0,-9999.0,-9999.0,-9999.0,196.0,ramp,spur5,stable_reference,4.290738863118749,-1.4135713981439244,-4.113115547258324,-0.5377963073608328,-0.5377963073608328,2.0833332999999983,73.07317512290359,0.033845552300398686,109.43960180678432,4.290726285872692,4.290323793309568,-1.14958605320561,1.7061325408305663,4.828076481124713,-0.5373501952520208
P23_AV1_1_interaction,P23,AV1,1,on_ramp,P23_AV1_1,P23_AV1.1.asc,AV1,60,initiator_active,3188,1,53133.33,53133.3341,1.0,22.3,80.28,196.0,1.485972,1224.429307,0.0,0.0,0.0,22.3,0.0,0.0,1224.440958,-29.685367,6.224564,1.0,0.0,0.0,0.0,0.0,1188.256776,-33.628184,1021.0,5006.0,0.0,193.0,-0.056716,35.206255,126.74252,35.206246,-0.025925,-0.000174,-0.299397,-0.003995,-0.005468,0.011461,0.11375,0.002198,0.0,0.0,0.0,0.0,-9999.0,-9999.0,-9999.0,-9999.0,-9999.0,-9999.0,-9999.0,-9999.0,-9999.0,-9999.0,-9999.0,-9999.0,-9999.0,-9999.0,196.0,ramp,spur5,stable_reference,4.279194602839663,-1.426846199282583,4.1232188527354685,-0.5414752199795646,-0.5414752199795646,2.1000000999999973,73.66001448056662,0.03374870439814397,109.81079279035644,4.271915820149923,4.271362032816405,-1.1271405511783144,1.4183967323845934,4.812941876293753,-0.5410260561438296
P23_AV1_1_interaction,P23,AV1,1,on_ramp,P23_AV1_1,P23_AV1.1.asc,AV1,60,initiator_active,3189,1,53150.0,53150.0004,1.0,22.3,80.28,196.0,1.857389,1224.800751,0.0,0.0,0.0,22.3,0.0,0.0,1224.811994,-29.707014,6.224999,1.0,0.0,0.0,0.0,0.0,1188.843515,-33.633074,1021.0,5006.0,0.0,193.0,-0.057916,35.200967,126.723481,35.200957,-0.025807,-0.000282,-0.323874,-0.002444,-0.007079,0.011461,0.132,0.002198,0.0,0.0,0.0,0.0,-9999.0,-9999.0,-9999.0,-9999.0,-9999.0,-9999.0,-9999.0,-9999.0,-9999.0,-9999.0,-9999.0,-9999.0,-9999.0,-9999.0,196.0,ramp,spur5,stable_reference,4.267844572985036,-1.4399267982691868,4.103686213349212,-0.5452419327347696,-0.5452419327347696,2.1166663999999944,74.24677384906329,0.03365020324580286,110.18199318934955,4.253299437785142,4.252752694047272,-1.102306564761676,1.7691832599977033,4.79810907488823,-0.5448096371030884
P23_AV1_1_interaction,P23,AV1,1,on_ramp,P23_AV1_1,P23_AV1.1.asc,AV1,60,initiator_active,3190,1,53166.67,53166.6679,1.0,22.3,80.28,196.0,2.228805,1225.172203,0.0,0.0,0.0,22.3,0.0,0.0,1225.183035,-29.728567,6.2252,1.0,0.0,0.0,0.0,0.0,1189.430166,-33.637964,1021.0,5006.0,0.0,193.0,-0.059146,35.195535,126.703924,35.195525,-0.02566,-0.00041,-0.326778,-0.000675,-0.007987,0.011461,0.15175,0.0,0.0,0.0,0.0,0.0,-9999.0,-9999.0,-9999.0,-9999.0,-9999.0,-9999.0,-9999.0,-9999.0,-9999.0,-9999.0,-9999.0,-9999.0,-9999.0,-9999.0,196.0,ramp,spur5,stable_reference,4.256588645631501,-1.4529133069172968,4.084247600925145,-0.548970828991367,-0.548970828991367,2.133333899999998,74.83344522049411,0.0335509834817002,110.55319782056804,4.234777093116364,4.234618000517167,-1.068166280334978,2.375995111768823,4.78331267001678,-0.5485355769004165
P23_AV1_1_interaction,P23,AV1,1,on_ramp,P23_AV1_1,P23_AV1.1.asc,AV1,60,initiator_active,3191,1,53183.33,53183.3343,1.0,22.3,80.28,196.0,2.60022,1225.543657,0.0,0.0,0.0,22.3,0.0,0.0,1225.554098,-29.74974,6.227124,1.0,0.0,0.0,0.0,0.0,1190.016728,-33.642854,1021.0,5006.0,0.0,193.0,-0.060404,35.190336,126.685209,35.190327,-0.025475,-0.000546,-0.30686,0.001157,-0.008147,0.011461,0.17475,0.0,0.0,0.0,0.0,0.0,-9999.0,-9999.0,-9999.0,-9999.0,-9999.0,-9999.0,-9999.0,-9999.0,-9999.0,-9999.0,-9999.0,-9999.0,-9999.0,-9999.0,196.0,ramp,spur5,stable_reference,4.245713182203193,-1.4655194091317034,4.0651891076800295,-0.5525452506661278,-0.5525452506661278,2.1500003,75.42002759489232,0.03345103693977783,110.92442134795665,4.216634915430311,4.217146502382604,-1.0231061021787013,2.9627547976077793,4.768764215630779,-0.5521293002004679
P23_AV1_1_interaction,P23,AV1,1,on_ramp,P23_AV1_1,P23_AV1.1.asc,AV1,60,initiator_active,3192,1,53200.0,53200.0008,1.0,22.3,80.28,194.0,48.612356,-1225.915125,0.0,0.0,0.0,22.3,0.0,0.0,1225.925237,-29.769532,6.230834,1.0,0.0,0.0,0.0,0.0,1190.603203,-33.647743,1021.0,5006.0,0.0,193.0,-0.06169,35.185238,126.666855,35.185229,-0.025249,-0.000677,-0.305614,0.002928,-0.007556,0.011304,0.17475,0.0,0.0,0.0,0.0,0.0,-9999.0,-9999.0,-9999.0,-9999.0,-9999.0,-9999.0,-9999.0,-9999.0,-9999.0,-9999.0,-9999.0,-9999.0,-9999.0,-9999.0,194.0,ramp,spur5,stable_reference,4.2362202951722825,-1.476743125476655,4.047509884685931,-0.5548892955528008,-0.5548892955528008,2.166666799999999,76.00652296402518,0.033351379918790586,111.29570959550588,4.199874312317261,4.200514912163981,-0.9694090191214713,3.3304370088002457,4.75434589283116,-0.5544715805138987
P23_AV1_1_interaction,P23,AV1,1,on_ramp,P23_AV1_1,P23_AV1.1.asc,AV1,60,initiator_active,3193,1,53216.67,53216.6673,1.0,22.3,80.28,194.0,48.983357,-1226.286635,0.0,0.0,0.0,22.3,0.0,0.0,1226.296445,-29.787995,6.2343,1.0,0.0,0.0,0.0,0.0,1191.189592,-33.65263,1021.0,5006.0,0.0,193.0,-0.063003,35.180147,126.648528,35.180138,-0.024978,-0.000791,-0.305387,0.004527,-0.006329,0.011304,0.20075,0.002198,0.0,0.0,0.0,0.0,-9999.0,-9999.0,-9999.0,-9999.0,-9999.0,-9999.0,-9999.0,-9999.0,-9999.0,-9999.0,-9999.0,-9999.0,-9999.0,-9999.0,194.0,ramp,spur5,stable_reference,4.228057810428137,-1.4866366036155323,4.031151610309603,-0.5560242137832406,-0.5560242137832406,2.1833332999999984,76.59293231969365,0.03325302055143145,111.66705598808373,4.184443228348746,4.184833191548229,-0.9120926453643676,3.337664617270356,4.740068219978628,-0.5556249916298821
P23_AV1_1_interaction,P23,AV1,1,on_ramp,P23_AV1_1,P23_AV1.1.asc,AV1,60,initiator_active,3194,1,53233.33,53233.3341,1.0,22.3,80.28,194.0,49.354435,-1226.658182,0.0,0.0,0.0,22.3,0.0,0.0,1226.667703,-29.805418,6.23688,1.0,0.0,0.0,0.0,0.0,1191.775896,-33.657516,1021.0,5006.0,0.0,193.0,-0.064342,35.174818,126.629344,35.174809,-0.02465,-0.00088,-0.323969,0.007521,-0.00467,0.010519,0.22325,0.0,0.0,0.0,0.0,0.0,-9999.0,-9999.0,-9999.0,-9999.0,-9999.0,-9999.0,-9999.0,-9999.0,-9999.0,-9999.0,-9999.0,-9999.0,-9999.0,-9999.0,194.0,ramp,spur5,stable_reference,4.2209363122411885,-1.495489204989466,4.015833602677643,-0.5563335826826348,-0.5563335826826348,2.2000000999999973,77.17925667003028,0.033154967037094925,112.03844388630999,4.170052518005979,4.170111871680414,-0.8581537039464848,2.8770001141368624,4.725986656410178,-0.5559341384041989
P23_AV1_1_interaction,P23,AV1,1,on_ramp,P23_AV1_1,P23_AV1.1.asc,AV1,60,initiator_active,3195,1,53250.0,53250.0005,1.0,22.3,80.28,194.0,49.72557,-1227.029753,0.0,0.0,0.0,22.3,0.0,0.0,1227.038994,-29.822123,6.238608,1.0,0.0,0.0,0.0,0.0,1192.362113,-33.662399,1021.0,5006.0,0.0,193.0,-0.065706,35.16974,126.611065,35.169732,-0.024236,-0.000941,-0.295567,0.013798,-0.002881,0.008007,0.23825,0.0,0.0,0.0,0.0,0.0,-9999.0,-9999.0,-9999.0,-9999.0,-9999.0,-9999.0,-9999.0,-9999.0,-9999.0,-9999.0,-9999.0,-9999.0,-9999.0,-9999.0,194.0,ramp,spur5,stable_reference,4.214533453030636,-1.5036232361104678,4.001233770589162,-0.5559687417788868,-0.5559687417788868,2.216666499999999,77.76549399876927,0.03305920297700109,112.409858920217,4.156380053202574,4.156228162409344,-0.8161927377148857,2.02852135035792,4.711969676949824,-0.5555896237472497
P23_AV1_1_interaction,P23,AV1,1,on_ramp,P23_AV1_1,P23_AV1.1.asc,AV1,60,initiator_active,3196,1,53266.67,53266.667,1.0,22.3,80.28,194.0,50.096742,-1227.401341,0.0,0.0,0.0,22.3,0.0,0.0,1227.410305,-29.838377,6.239668,1.0,0.0,0.0,0.0,0.0,1192.948244,-33.667278,1021.0,5006.0,0.0,193.0,-0.067094,35.164896,126.593626,35.164888,-0.023703,-0.000971,-0.288353,0.023982,-0.001125,0.003454,0.245,0.0,0.0,0.0,0.0,0.0,-9999.0,-9999.0,-9999.0,-9999.0,-9999.0,-9999.0,-9999.0,-9999.0,-9999.0,-9999.0,-9999.0,-9999.0,-9999.0,-9999.0,194.0,ramp,spur5,stable_reference,4.208581974984191,-1.5113059258424804,3.987085044635986,-0.5554664933616793,-0.5554664933616793,2.2333329999999987,78.35164529771177,0.03296673650385219,112.78129027057203,4.14315873668248,4.142905804142076,-0.7905373024628091,1.2353419632592164,4.698246454498385,-0.5550877178159048
P23_AV1_1_interaction,P23,AV1,1,on_ramp,P23_AV1_1,P23_AV1.1.asc,AV1,60,initiator_active,3197,1,53283.33,53283.3334,1.0,22.3,80.28,194.0,50.467937,-1227.772937,0.0,0.0,0.0,22.3,0.0,0.0,1227.781627,-29.85437,6.240268,1.0,0.0,0.0,0.0,0.0,1193.534295,-33.672152,1021.0,5006.0,0.0,193.0,-0.068503,35.160249,126.576898,35.160242,-0.023055,-0.000973,-0.270787,0.035098,0.000559,-0.001727,0.2465,0.0,0.0,0.0,0.0,0.0,-9999.0,-9999.0,-9999.0,-9999.0,-9999.0,-9999.0,-9999.0,-9999.0,-9999.0,-9999.0,-9999.0,-9999.0,-9999.0,-9999.0,194.0,ramp,spur5,stable_reference,4.202891701598245,-1.5187274312578452,3.9731917420108505,-0.5547030144044357,-0.5547030144044357,2.2499994000000005,78.93771655849145,0.03287861658057236,113.15273048922296,4.130198501286418,4.129877259797649,-0.7750151467880357,0.8967168118675524,4.684523260765424,-0.5543247594790062
P23_AV1_1_interaction,P23,AV1,1,on_ramp,P23_AV1_1,P23_AV1.1.asc,AV1,60,initiator_active,3198,1,53300.0,53300.0009,1.0,22.3,80.28,194.0,50.839144,-1228.144538,0.0,0.0,0.0,22.3,0.0,0.0,1228.152955,-29.870224,6.24058,1.0,0.0,0.0,0.0,0.0,1194.120268,-33.677019,1021.0,5006.0,0.0,193.0,-0.069931,35.156034,126.561724,35.156027,-0.022351,-0.000948,-0.239628,0.045248,0.002124,-0.006594,0.2465,0.0,0.0,0.0,0.0,0.0,-9999.0,-9999.0,-9999.0,-9999.0,-9999.0,-9999.0,-9999.0,-9999.0,-9999.0,-9999.0,-9999.0,-9999.0,-9999.0,-9999.0,194.0,ramp,spur5,stable_reference,4.197340541138727,-1.5260098352414624,3.959432357648672,-0.5541169709068856,-0.5541169709068856,2.2666668999999966,79.52370976470951,0.03279685947254239,113.52417557259386,4.1173773102519755,4.117071541503094,-0.7606463101105589,0.9643207430857323,4.6711358013942785,-0.553758491142303
P23_AV1_1_interaction,P23,AV1,1,on_ramp,P23_AV1_1,P23_AV1.1.asc,AV1,60,initiator_active,3199,1,53316.67,53316.6672,1.0,22.3,80.28,194.0,51.210359,-1228.516142,0.0,0.0,0.0,22.3,0.0,0.0,1228.524287,-29.886012,6.240723,1.0,0.0,0.0,0.0,0.0,1194.706171,-33.681877,1021.0,5006.0,0.0,193.0,-0.071376,35.152388,126.548596,35.152381,-0.021674,-0.000899,-0.204738,0.052273,0.003505,-0.010048,0.246,0.0,0.0,0.0,0.0,0.0,-9999.0,-9999.0,-9999.0,-9999.0,-9999.0,-9999.0,-9999.0,-9999.0,-9999.0,-9999.0,-9999.0,-9999.0,-9999.0,-9999.0,194.0,ramp,spur5,stable_reference,4.19185546621783,-1.533226164505246,3.945738994797494,-0.5535048472508389,-0.5535048472508389,2.283333200000001,80.10963289976736,0.03272353044143754,113.89562411687257,4.104622149681088,4.104522009446254,-0.7428709173540824,1.2131109336859645,4.657768913173884,-0.553146763492796
P23_AV1_1_interaction,P23,AV1,1,on_ramp,P23_AV1_1,P23_AV1.1.asc,AV1,60,initiator_active,3200,1,53333.33,53333.3344,1.0,22.3,80.28,194.0,51.581577,-1228.887748,0.0,0.0,0.0,22.3,0.0,0.0,1228.895626,-29.901601,6.241699,1.0,0.0,0.0,0.0,0.0,1195.292013,-33.686724,1021.0,5006.0,0.0,193.0,-0.072835,35.149341,126.537627,35.149334,-0.021109,-0.000828,-0.167916,0.05696,0.004744,-0.012403,0.246,0.0,0.0,0.0,0.0,0.0,-9999.0,-9999.0,-9999.0,-9999.0,-9999.0,-9999.0,-9999.0,-9999.0,-9999.0,-9999.0,-9999.0,-9999.0,-9999.0,-9999.0,194.0,ramp,spur5,stable_reference,4.186569508880675,-1.5402433852370143,3.932244668262399,-0.5529126833860594,-0.5529126833860594,2.3000003999999974,80.69549494703246,0.03266070291494989,114.26707803587544,4.092066039637309,4.092309071991592,-0.7202088129803883,1.4805092669383875,4.644638786685455,-0.5525727470481456
P23_AV1_1_interaction,P23,AV1,1,on_ramp,P23_AV1_1,P23_AV1.1.asc,AV1,60,initiator_active,3201,1,53350.0,53350.0007,1.0,22.3,80.28,194.0,51.952806,-1229.259357,0.0,0.0,0.0,22.3,0.0,0.0,1229.266994,-29.916498,6.243554,1.0,0.0,0.0,0.0,0.0,1195.877804,-33.691558,1021.0,5006.0,0.0,193.0,-0.074307,35.146947,126.52901,35.146941,-0.02071,-0.000738,-0.12683,0.060097,0.0058,-0.013973,0.247,0.002198,0.0,0.0,0.0,0.0,-9999.0,-9999.0,-9999.0,-9999.0,-9999.0,-9999.0,-9999.0,-9999.0,-9999.0,-9999.0,-9999.0,-9999.0,-9999.0,-9999.0,194.0,ramp,spur5,stable_reference,4.181976089599847,-1.546568121083672,3.919442494286061,-0.5517450874370204,-0.5517450874370204,2.3166666999999945,81.28130588983949,0.03261045848681899,114.63855530300978,4.080202143335633,4.080514906400211,-0.6935205791864547,1.6547747315018455,4.631608012284598,-0.5514058689489651
P23_AV1_1_interaction,P23,AV1,1,on_ramp,P23_AV1_1,P23_AV1.1.asc,AV1,60,initiator_active,3202,1,53366.67,53366.6668,1.0,22.3,80.28,194.0,52.324067,-1229.630977,0.0,0.0,0.0,22.3,0.0,0.0,1229.638388,-29.930732,6.245282,1.0,0.0,0.0,0.0,0.0,1196.463554,-33.69638,1021.0,5006.0,0.0,193.0,-0.075791,35.144818,126.521344,35.144812,-0.020501,-0.000632,-0.126037,0.063075,0.006681,-0.015386,0.254,0.0,0.0,0.0,0.0,0.0,-9999.0,-9999.0,-9999.0,-9999.0,-9999.0,-9999.0,-9999.0,-9999.0,-9999.0,-9999.0,-9999.0,-9999.0,-9999.0,-9999.0,194.0,ramp,spur5,stable_reference,4.178046136338369,-1.5522294335422,3.907267341270627,-0.5500540169860897,-0.5500540169860897,2.3333327999999964,81.86707573602105,0.032571878850825076,115.01005315519075,4.069001437244873,4.069192360979983,-0.665051221098139,1.657850782926186,4.618734545103301,-0.5497331078584278
P23_AV1_1_interaction,P23,AV1,1,on_ramp,P23_AV1_1,P23_AV1.1.asc,AV1,60,initiator_active,3203,1,53383.33,53383.3341,1.0,22.3,80.28,194.0,52.695359,-1230.002607,0.0,0.0,0.0,22.3,0.0,0.0,1230.009802,-29.944448,6.246566,1.0,0.0,0.0,0.0,0.0,1197.049268,-33.701187,1021.0,5006.0,0.0,193.0,-0.077285,35.143256,126.515723,35.14325,-0.020496,-0.000515,-0.074437,0.064984,0.007286,-0.016171,0.27075,0.0,0.0,0.0,0.0,0.0,-9999.0,-9999.0,-9999.0,-9999.0,-9999.0,-9999.0,-9999.0,-9999.0,-9999.0,-9999.0,-9999.0,-9999.0,-9999.0,-9999.0,194.0,ramp,spur5,stable_reference,4.174634538477015,-1.557372422447154,3.895603766586327,-0.5480417141454225,-0.5480417141454225,2.3500000999999973,82.45280946091239,0.03254800473714754,115.38156677669464,4.0583188772034555,4.058346522407141,-0.6382588967882867,1.4277230674465464,4.606040856226549,-0.5477219790230938
P23_AV1_1_interaction,P23,AV1,1,on_ramp,P23_AV1_1,P23_AV1.1.asc,AV1,60,initiator_active,3204,1,53400.0,53400.0008,1.0,22.3,80.28,194.0,53.066673,-1230.374245,0.0,0.0,0.0,22.3,0.0,0.0,1230.381228,-29.957807,6.247425,1.0,0.0,0.0,0.0,0.0,1197.634956,-33.70598,1021.0,5006.0,0.0,193.0,-0.078788,35.142434,126.512761,35.142428,-0.02071,-0.000391,-0.032467,0.065819,0.007512,-0.016328,0.27075,0.0,0.0,0.0,0.0,0.0,-9999.0,-9999.0,-9999.0,-9999.0,-9999.0,-9999.0,-9999.0,-9999.0,-9999.0,-9999.0,-9999.0,-9999.0,-9999.0,-9999.0,194.0,ramp,spur5,stable_reference,4.17158013609015,-1.5621582295183971,3.8842972527573183,-0.5457404868974978,-0.5457404868974978,2.366666799999999,83.03851707234611,0.032537917839559755,115.75308948252109,4.047993403251219,4.0479166239546815,-0.6174592846653866,1.0049509487599337,4.593434358489,-0.5454409552377806
P23_AV1_1_interaction,P23,AV1,1,on_ramp,P23_AV1_1,P23_AV1.1.asc,AV1,60,initiator_active,3205,1,53416.67,53416.6672,1.0,22.3,80.28,194.0,53.438004,-1230.745886,0.0,0.0,0.0,22.3,0.0,0.0,1230.752663,-29.970942,6.247952,1.0,0.0,0.0,0.0,0.0,1198.22063,-33.710758,1021.0,5006.0,0.0,193.0,-0.0803,35.142255,126.512117,35.142248,-0.021144,-0.000266,0.002997,0.066582,0.007405,-0.016014,0.286,0.0,0.0,0.0,0.0,0.0,-9999.0,-9999.0,-9999.0,-9999.0,-9999.0,-9999.0,-9999.0,-9999.0,-9999.0,-9999.0,-9999.0,-9999.0,-9999.0,-9999.0,194.0,ramp,spur5,stable_reference,4.168749897132636,-1.5667198885681128,3.873214785237626,-0.543528635912302,-0.543528635912302,2.383333200000001,83.6242105617558,0.03254271611722811,116.12461935885395,4.0378919953246015,4.037764685325481,-0.604760620505516,0.6288413361751886,4.5811223135596775,-0.543230318235076
P23_AV1_1_interaction,P23,AV1,1,on_ramp,P23_AV1_1,P23_AV1.1.asc,AV1,60,initiator_active,3206,1,53433.33,53433.334,1.0,22.3,80.28,194.0,53.809344,-1231.11753,0.0,0.0,0.0,22.3,0.0,0.0,1231.124102,-29.983948,6.24825,1.0,0.0,0.0,0.0,0.0,1198.806299,-33.715521,1021.0,5006.0,0.0,193.0,-0.08182,35.142547,126.513169,35.14254,-0.021786,-0.000146,0.025901,0.067619,0.007073,-0.015857,0.29675,0.0,0.0,0.0,0.0,0.0,-9999.0,-9999.0,-9999.0,-9999.0,-9999.0,-9999.0,-9999.0,-9999.0,-9999.0,-9999.0,-9999.0,-9999.0,-9999.0,-9999.0,194.0,ramp,spur5,stable_reference,4.166048719487902,-1.5711524896685858,3.8622649710315473,-0.5411877297745206,-0.5411877297745206,2.4,84.20989892884168,0.03256247306454087,116.49615218163392,4.027919615760952,4.027758020731643,-0.5964980971122316,0.44819525054524334,4.56881031267313,-0.5408906969121778
P23_AV1_1_interaction,P23,AV1,1,on_ramp,P23_AV1_1,P23_AV1.1.asc,AV1,60,initiator_active,3207,1,53450.03,53450.0321,1.0,22.3,80.28,194.0,54.180691,-1231.489176,0.0,0.0,0.0,22.3,0.0,0.0,1231.495543,-29.996884,6.248404,1.0,0.0,0.0,0.0,0.0,1199.391973,-33.720268,1021.0,5006.0,0.0,193.0,-0.083346,35.143096,126.515145,35.143088,-0.022619,-3.3e-05,0.036488,0.068927,0.006551,-0.015543,0.304,0.0,0.0,0.0,0.0,0.0,-9999.0,-9999.0,-9999.0,-9999.0,-9999.0,-9999.0,-9999.0,-9999.0,-9999.0,-9999.0,-9999.0,-9999.0,-9999.0,-9999.0,194.0,ramp,spur5,stable_reference,4.163417570384618,-1.5755150632585428,3.851402856214782,-0.5390917982208818,-0.5390917982208818,2.4166980999999943,84.79559216510404,0.032598270308593025,116.86768643272418,4.0180172501954,4.017862830144869,-0.589809610352674,0.4543157854221498,4.5568290138383185,-0.5388117636429186
P23_AV1_1_interaction,P23,AV1,1,on_ramp,P23_AV1_1,P23_AV1.1.asc,AV1,60,initiator_active,3208,1,53466.67,53466.6675,1.0,22.3,80.28,194.0,54.552041,-1231.860822,0.0,0.0,0.0,22.3,0.0,0.0,1231.866986,-30.009787,6.248475,1.0,0.0,0.0,0.0,0.0,1199.977656,-33.724999,1021.0,5006.0,0.0,193.0,-0.084879,35.143741,126.517467,35.143733,-0.023628,7e-05,0.039629,0.07052,0.005917,-0.015543,0.31,0.0,0.0,0.0,0.0,0.0,-9999.0,-9999.0,-9999.0,-9999.0,-9999.0,-9999.0,-9999.0,-9999.0,-9999.0,-9999.0,-9999.0,-9999.0,-9999.0,-9999.0,194.0,ramp,spur5,stable_reference,4.160819464050642,-1.5798445994885824,3.840573752049356,-0.5369821684026188,-0.5369821684026188,2.4333335000000007,85.38129427040971,0.03265014051354369,117.23922241426835,4.008147899861627,4.0080972536026485,-0.581360890979326,0.6172281154225558,4.544851129546582,-0.5367032296849548
P23_AV1_1_interaction,P23,AV1,1,on_ramp,P23_AV1_1,P23_AV1.1.asc,AV1,60,initiator_active,3209,1,53483.33,53483.3335,1.0,22.3,80.28,194.0,54.923394,-1232.232469,0.0,0.0,0.0,22.3,0.0,0.0,1232.238432,-30.02259,6.248972,1.0,0.0,0.0,0.0,0.0,1200.563349,-33.729714,1021.0,5006.0,0.0,193.0,-0.086417,35.1444,126.519839,35.144391,-0.024798,0.000162,0.039266,0.072421,0.005216,-0.0157,0.30975,0.0,0.0,0.0,0.0,0.0,-9999.0,-9999.0,-9999.0,-9999.0,-9999.0,-9999.0,-9999.0,-9999.0,-9999.0,-9999.0,-9999.0,-9999.0,-9999.0,-9999.0,194.0,ramp,spur5,stable_reference,4.158321402451512,-1.5840740931218418,3.8298446630739535,-0.5350412840252197,-0.5350412840252197,2.449999499999998,85.96700624472525,0.032718091845434505,117.61076057910832,3.998378570691712,3.998503046198265,-0.5692483514813347,0.7724470924231035,4.533159314946987,-0.5347807442552752
P23_AV1_1_interaction,P23,AV1,1,on_ramp,P23_AV1_1,P23_AV1.1.asc,AV1,60,initiator_active,3210,1,53500.0,53500.0007,1.0,22.3,80.28,194.0,55.294751,-1232.604117,0.0,0.0,0.0,22.3,0.0,0.0,1232.60989,-30.03504,6.249917,1.0,0.0,0.0,0.0,0.0,1201.149053,-33.734411,1021.0,5006.0,0.0,193.0,-0.087958,35.145041,126.522148,35.145031,-0.026115,0.000241,0.037979,0.074657,0.004485,-0.016171,0.30975,0.0,0.0,0.0,0.0,0.0,-9999.0,-9999.0,-9999.0,-9999.0,-9999.0,-9999.0,-9999.0,-9999.0,-9999.0,-9999.0,-9999.0,-9999.0,-9999.0,-9999.0,194.0,ramp,spur5,stable_reference,4.156176537865006,-1.5879504038566037,3.8194686355910914,-0.5328593079896006,-0.5328593079896006,2.4666666999999944,86.55272907168533,0.032804132403633154,117.9823078609348,3.9889623277443453,3.9891223998786973,-0.5556126479566643,0.8440318256826416,4.52156215848301,-0.5325998307386648
P23_AV1_1_interaction,P23,AV1,1,on_ramp,P23_AV1_1,P23_AV1.1.asc,AV1,60,initiator_active,3211,1,53516.67,53516.6673,1.0,22.3,80.28,194.0,55.666123,-1232.975768,0.0,0.0,0.0,22.3,0.0,0.0,1232.981359,-30.047151,6.250798,1.0,0.0,0.0,0.0,0.0,1201.734767,-33.73909,1021.0,5006.0,0.0,193.0,-0.089503,35.145669,126.524407,35.145658,-0.02755,0.000309,0.037738,0.079531,0.003754,-0.017427,0.30625,0.0,0.0,0.0,0.0,0.0,-9999.0,-9999.0,-9999.0,-9999.0,-9999.0,-9999.0,-9999.0,-9999.0,-9999.0,-9999.0,-9999.0,-9999.0,-9999.0,-9999.0,194.0,ramp,spur5,stable_reference,4.154370847945153,-1.5914875510383082,3.809426329383849,-0.5304745349545712,-0.5304745349545712,2.4833332999999986,87.13846175132296,0.03290825402209394,118.3538633741063,3.979885163320279,3.9799823566642174,-0.5411135945087864,0.8430950013504646,4.510114162739729,-0.53022899941945
P23_AV1_1_interaction,P23,AV1,1,on_ramp,P23_AV1_1,P23_AV1.1.asc,AV1,60,initiator_active,3212,1,53533.33,53533.3336,1.0,22.3,80.28,194.0,56.03751,-1233.347422,0.0,0.0,0.0,22.3,0.0,0.0,1233.352837,-30.058999,6.251453,1.0,0.0,0.0,0.0,0.0,1202.320493,-33.74375,1021.0,5006.0,0.0,193.0,-0.09105,35.146353,126.526871,35.146341,-0.029058,0.000364,0.044105,0.088018,0.003049,-0.020096,0.299,0.0,0.0,0.0,0.0,0.0,-9999.0,-9999.0,-9999.0,-9999.0,-9999.0,-9999.0,-9999.0,-9999.0,-9999.0,-9999.0,-9999.0,-9999.0,-9999.0,-9999.0,194.0,ramp,spur5,stable_reference,4.152828306457685,-1.5947615605802938,3.799641593692919,-0.5279808356897205,-0.5279808356897205,2.4999995999999958,87.72420627540588,0.03303147299955401,118.7254257393081,3.9710710636214697,3.971085510169618,-0.5275098304752817,0.7168351591168332,4.498807518010144,-0.5277364543886747
P23_AV1_1_interaction,P23,AV1,1,on_ramp,P23_AV1_1,P23_AV1.1.asc,AV1,60,initiator_active,3213,1,53550.0,53550.0009,1.0,22.3,80.28,194.0,56.408907,-1233.719078,0.0,0.0,0.0,22.3,0.0,0.0,1233.72432,-30.070664,6.251891,1.0,0.0,0.0,0.0,0.0,1202.90623,-33.74839,1021.0,5006.0,0.0,193.0,-0.092597,35.147266,126.530158,35.147253,-0.030605,0.000408,0.063457,0.099422,0.002398,-0.024021,0.293,0.002198,0.0,0.0,0.0,0.0,-9999.0,-9999.0,-9999.0,-9999.0,-9999.0,-9999.0,-9999.0,-9999.0,-9999.0,-9999.0,-9999.0,-9999.0,-9999.0,-9999.0,194.0,ramp,spur5,stable_reference,4.151468833247546,-1.5978525034755773,3.79003988294833,-0.5253928115023193,-0.5253928115023193,2.5166668999999966,88.30996163580124,0.03317478113663142,119.09699160995766,3.962439998651166,3.9623985676048727,-0.5172190968720969,0.491734764038954,4.487605731116732,-0.5251657324655659
P23_AV1_1_interaction,P23,AV1,1,on_ramp,P23_AV1_1,P23_AV1.1.asc,AV1,60,initiator_active,3214,1,53566.67,53566.6667,1.0,22.3,80.28,194.0,56.780313,-1234.090736,0.0,0.0,0.0,22.3,0.0,0.0,1234.095808,-30.082215,6.25216,1.0,0.0,0.0,0.0,0.0,1203.491982,-33.753007,1021.0,5006.0,0.0,193.0,-0.094141,35.148189,126.53348,35.148174,-0.032202,0.000444,0.053575,0.110757,0.001874,-0.027789,0.28975,0.002198,0.0,0.0,0.0,0.0,-9999.0,-9999.0,-9999.0,-9999.0,-9999.0,-9999.0,-9999.0,-9999.0,-9999.0,-9999.0,-9999.0,-9999.0,-9999.0,-9999.0,194.0,ramp,spur5,stable_reference,4.150223454847763,-1.6008293613563611,3.7805521982141927,-0.5229828272462587,-0.5229828272462587,2.533332699999999,88.89573180787733,0.0333412109974741,119.4685615495115,3.9539229707100096,3.953844982359252,-0.5111184093716901,0.3076886883875538,4.476679760534268,-0.5227567898242587
P23_AV1_1_interaction,P23,AV1,1,on_ramp,P23_AV1_1,P23_AV1.1.asc,AV1,60,initiator_active,3215,1,53583.33,53583.3336,1.0,22.3,80.28,194.0,57.151724,-1234.462394,0.0,0.0,0.0,22.3,0.0,0.0,1234.467297,-30.0937,6.252312,1.0,0.0,0.0,0.0,0.0,1204.07775,-33.757599,1021.0,5006.0,0.0,193.0,-0.095679,35.149224,126.537206,35.149208,-0.033868,0.00047,0.069637,0.125012,0.001431,-0.032813,0.2875,0.0,0.0,0.0,0.0,0.0,-9999.0,-9999.0,-9999.0,-9999.0,-9999.0,-9999.0,-9999.0,-9999.0,-9999.0,-9999.0,-9999.0,-9999.0,-9999.0,-9999.0,194.0,ramp,spur5,stable_reference,4.14904407879806,-1.6037402137340977,3.7711305180159207,-0.5205068520004752,-0.5205068520004752,2.5499995999999956,89.48151777526883,0.033532770681428285,119.84013195007306,3.9454719487342818,3.9453616156724305,-0.5069631305504316,0.2726957865328732,4.465753833449355,-0.5202818847150734
P23_AV1_1_interaction,P23,AV1,1,on_ramp,P23_AV1_1,P23_AV1.1.asc,AV1,60,initiator_active,3216,1,53600.0,53600.0005,1.0,22.3,80.28,194.0,57.523138,-1234.834053,0.0,0.0,0.0,22.3,0.0,0.0,1234.838787,-30.105149,6.25239,1.0,0.0,0.0,0.0,0.0,1204.663536,-33.762162,1021.0,5006.0,0.0,193.0,-0.097209,35.150833,126.542998,35.150815,-0.035618,0.000489,0.109697,0.139634,0.000991,-0.037837,0.2875,0.0,0.0,0.0,0.0,0.0,-9999.0,-9999.0,-9999.0,-9999.0,-9999.0,-9999.0,-9999.0,-9999.0,-9999.0,-9999.0,-9999.0,-9999.0,-9999.0,-9999.0,194.0,ramp,spur5,stable_reference,4.147900716634535,-1.6066150526227716,3.7617099265221934,-0.5183084058416573,-0.5183084058416573,2.5666664999999993,90.06732150524509,0.03375347638722202,120.21170305662385,3.9370569337242554,3.9369459747581104,-0.5020284225625602,0.3599244407665889,4.455154035486318,-0.5180971017620628
P23_AV1_1_interaction,P23,AV1,1,on_ramp,P23_AV1_1,P23_AV1.1.asc,AV1,60,initiator_active,3217,1,53616.67,53616.6669,1.0,22.3,80.28,194.0,57.894555,-1235.205712,0.0,0.0,0.0,22.3,0.0,0.0,1235.210278,-30.116582,6.252427,1.0,0.0,0.0,0.0,0.0,1205.249349,-33.766695,1021.0,5006.0,0.0,193.0,-0.098725,35.152846,126.550244,35.152826,-0.037497,0.000502,0.127669,0.154613,0.00063,-0.042861,0.286,0.0,0.0,0.0,0.0,0.0,-9999.0,-9999.0,-9999.0,-9999.0,-9999.0,-9999.0,-9999.0,-9999.0,-9999.0,-9999.0,-9999.0,-9999.0,-9999.0,-9999.0,194.0,ramp,spur5,stable_reference,4.146773376047938,-1.6094738726983733,3.752297549159754,-0.5160950123823319,-0.5160950123823319,2.583332899999994,90.65315198933963,0.03400440157588538,120.58327503248472,3.928657926346792,3.9286273487517063,-0.49496572503417724,0.4946332544766001,4.444542537006237,-0.515884610659445
P23_AV1_1_interaction,P23,AV1,1,on_ramp,P23_AV1_1,P23_AV1.1.asc,AV1,60,initiator_active,3218,1,53633.33,53633.3342,1.0,22.3,80.28,194.0,58.265974,-1235.577371,0.0,0.0,0.0,22.3,0.0,0.0,1235.581771,-30.127936,6.252828,1.0,0.0,0.0,0.0,0.0,1205.835194,-33.771192,1021.0,5006.0,0.0,193.0,-0.100226,35.155111,126.558399,35.155089,-0.039535,0.00051,0.141368,0.171367,0.000401,-0.048513,0.2855,0.0,0.0,0.0,0.0,0.0,-9999.0,-9999.0,-9999.0,-9999.0,-9999.0,-9999.0,-9999.0,-9999.0,-9999.0,-9999.0,-9999.0,-9999.0,-9999.0,-9999.0,194.0,ramp,spur5,stable_reference,4.145725060541955,-1.6122536676592685,3.7429641815064354,-0.5141077867852359,-0.5141077867852359,2.600000199999995,91.23901417838982,0.034291586877585246,120.95484836316129,3.9203379326673433,3.920446943257422,-0.48554033848805034,0.6204993577939373,4.434251688308275,-0.5139137556409317
P23_AV1_1_interaction,P23,AV1,1,on_ramp,P23_AV1_1,P23_AV1.1.asc,AV1,60,initiator_active,3219,1,53650.0,53650.0002,1.0,22.3,80.28,194.0,58.637398,-1235.94903,0.0,0.0,0.0,22.3,0.0,0.0,1235.953273,-30.139001,6.253605,1.0,0.0,0.0,0.0,0.0,1206.421078,-33.775651,1021.0,5006.0,0.0,193.0,-0.101706,35.157533,126.567118,35.157508,-0.04177,0.000516,0.147429,0.187014,0.000268,-0.05338,0.285,0.0,0.0,0.0,0.0,0.0,-9999.0,-9999.0,-9999.0,-9999.0,-9999.0,-9999.0,-9999.0,-9999.0,-9999.0,-9999.0,-9999.0,-9999.0,-9999.0,-9999.0,194.0,ramp,spur5,stable_reference,4.144965883470424,-1.6147443319016308,3.733919858527649,-0.511927820006836,-0.511927820006836,2.6166661999999996,91.82491505583003,0.03461708938792997,121.32642833355172,3.9123070028462426,3.912442673297428,-0.4742825767793448,0.6993607698740316,4.4240416144573445,-0.5117346116111019
P23_AV1_1_interaction,P23,AV1,1,on_ramp,P23_AV1_1,P23_AV1.1.asc,AV1,60,initiator_active,3220,1,53666.67,53666.6667,1.0,22.3,80.28,194.0,59.008833,-1236.320692,0.0,0.0,0.0,22.3,0.0,0.0,1236.324783,-30.149786,6.254331,1.0,0.0,0.0,0.0,0.0,1207.007001,-33.780067,1021.0,5006.0,0.0,193.0,-0.103161,35.160008,126.57603,35.15998,-0.04426,0.00052,0.149361,0.201631,0.000174,-0.057462,0.285,0.0,0.0,0.0,0.0,0.0,-9999.0,-9999.0,-9999.0,-9999.0,-9999.0,-9999.0,-9999.0,-9999.0,-9999.0,-9999.0,-9999.0,-9999.0,-9999.0,-9999.0,194.0,ramp,spur5,stable_reference,4.144486820564673,-1.6169548861019238,3.725157097385932,-0.5096207514806912,-0.5096207514806912,2.633332699999999,92.41085458082982,0.03498590894021285,121.69801401718317,3.9045561290175343,3.9046379252598444,-0.4622288717578158,0.6987138929486072,4.413995392408061,-0.5094392633905263
P23_AV1_1_interaction,P23,AV1,1,on_ramp,P23_AV1_1,P23_AV1.1.asc,AV1,60,initiator_active,3221,1,53683.33,53683.3339,1.0,22.3,80.28,194.0,59.380279,-1236.692354,0.0,0.0,0.0,22.3,0.0,0.0,1236.696299,-30.160354,6.254873,1.0,0.0,0.0,0.0,0.0,1207.592966,-33.784437,1021.0,5006.0,0.0,193.0,-0.104587,35.16247,126.58489,35.162438,-0.047046,0.000522,0.146445,0.215663,8.1e-05,-0.060916,0.285,0.002198,0.0,0.0,0.0,0.0,-9999.0,-9999.0,-9999.0,-9999.0,-9999.0,-9999.0,-9999.0,-9999.0,-9999.0,-9999.0,-9999.0,-9999.0,-9999.0,-9999.0,194.0,ramp,spur5,stable_reference,4.14422484059149,-1.6189483596340597,3.7166205939516734,-0.5072358037981692,-0.5072358037981692,2.649999899999995,92.99683572879138,0.03540106993253663,122.06960392858325,3.897022296949716,3.8970348832400656,-0.45099189180858446,0.5875068004291624,4.404077461994405,-0.5070551650446893
P23_AV1_1_interaction,P23,AV1,1,on_ramp,P23_AV1_1,P23_AV1.1.asc,AV1,60,initiator_active,3222,1,53700.0,53700.0006,1.0,22.3,80.28,194.0,59.751735,-1237.064018,0.0,0.0,0.0,22.3,0.0,0.0,1237.06782,-30.170771,6.255235,1.0,0.0,0.0,0.0,0.0,1208.178971,-33.788757,1021.0,5006.0,0.0,193.0,-0.10598,35.164566,126.592436,35.16453,-0.050163,0.000523,0.116767,0.227513,-1.9e-05,-0.062957,0.285,0.002198,0.0,0.0,0.0,0.0,-9999.0,-9999.0,-9999.0,-9999.0,-9999.0,-9999.0,-9999.0,-9999.0,-9999.0,-9999.0,-9999.0,-9999.0,-9999.0,-9999.0,194.0,ramp,spur5,stable_reference,4.144113941200808,-1.6207907580011045,3.708235115598784,-0.5048020587963191,-0.5048020587963191,2.666666599999997,93.58285646711721,0.03586655589943485,122.44119760674425,3.889639500677374,3.8896046014615324,-0.44264489213387037,0.39596009995195836,4.3942744655461,-0.5046349648687256
P23_AV1_1_interaction,P23,AV1,1,on_ramp,P23_AV1_1,P23_AV1.1.asc,AV1,60,initiator_active,3223,1,53716.67,53716.6674,1.0,22.3,80.28,194.0,60.123197,-1237.435682,0.0,0.0,0.0,22.3,0.0,0.0,1237.439343,-30.181093,6.255458,1.0,0.0,0.0,0.0,0.0,1208.765013,-33.793023,1021.0,5006.0,0.0,193.0,-0.107337,35.166374,126.598946,35.166333,-0.053644,0.000521,0.103857,0.236979,-0.000191,-0.063428,0.285,0.002198,0.0,0.0,0.0,0.0,-9999.0,-9999.0,-9999.0,-9999.0,-9999.0,-9999.0,-9999.0,-9999.0,-9999.0,-9999.0,-9999.0,-9999.0,-9999.0,-9999.0,194.0,ramp,spur5,stable_reference,4.144098060738152,-1.6225381355126325,3.699944646761232,-0.5025271943475508,-0.5025271943475508,2.683333399999996,94.16891376324283,0.03638634220940976,122.8127925090645,3.882351717569557,3.8822799803623473,-0.4377931767886736,0.2523444828636219,4.384712570989686,-0.5023608534201291
P23_AV1_1_interaction,P23,AV1,1,on_ramp,P23_AV1_1,P23_AV1.1.asc,AV1,60,initiator_active,3224,1,53733.33,53733.3337,1.0,22.3,80.28,194.0,60.494663,-1237.807347,0.0,0.0,0.0,22.3,0.0,0.0,1237.810868,-30.19136,6.255584,1.0,0.0,0.0,0.0,0.0,1209.351085,-33.797233,1021.0,5006.0,0.0,193.0,-0.108653,35.168001,126.604804,35.167954,-0.05749,0.000515,0.094433,0.246371,-0.000502,-0.0628,0.285,0.0,0.0,0.0,0.0,0.0,-9999.0,-9999.0,-9999.0,-9999.0,-9999.0,-9999.0,-9999.0,-9999.0,-9999.0,-9999.0,-9999.0,-9999.0,-9999.0,-9999.0,194.0,ramp,spur5,stable_reference,4.144137214584989,-1.624230481520634,3.691709188036947,-0.5002156736549292,-0.5002156736549292,2.6999997000000002,94.75500060106994,0.03696237163348114,123.1843889621857,3.8751189489599813,3.875011596039768,-0.4342334294966008,0.25121650526230965,4.375181301419227,-0.5000623524592456
P23_AV1_1_interaction,P23,AV1,1,on_ramp,P23_AV1_1,P23_AV1.1.asc,AV1,60,initiator_active,3225,1,53750.0,53750.0007,1.0,22.3,80.28,194.0,60.866134,-1238.179011,0.0,0.0,0.0,22.3,0.0,0.0,1238.182394,-30.201598,6.255649,1.0,0.0,0.0,0.0,0.0,1209.937186,-33.801382,1021.0,5006.0,0.0,193.0,-0.109924,35.169749,126.611097,35.169695,-0.061664,0.000502,0.107765,0.256721,-0.000917,-0.0628,0.285,0.0,0.0,0.0,0.0,0.0,-9999.0,-9999.0,-9999.0,-9999.0,-9999.0,-9999.0,-9999.0,-9999.0,-9999.0,-9999.0,-9999.0,-9999.0,-9999.0,-9999.0,194.0,ramp,spur5,stable_reference,4.144205385009761,-1.625893812176187,3.683487762318694,-0.4982174644677649,-0.4982174644677649,2.7166666999999944,95.34111593980153,0.03759963583889341,123.5559861784582,3.867915187549508,3.867805549817878,-0.429419248974952,0.3613294577715802,4.365979943293045,-0.4980647557435369
P23_AV1_1_interaction,P23,AV1,1,on_ramp,P23_AV1_1,P23_AV1.1.asc,AV1,60,initiator_active,3226,1,53766.67,53766.6676,1.0,22.3,80.28,194.0,61.237607,-1238.550676,0.0,0.0,0.0,22.3,0.0,0.0,1238.55392,-30.211822,6.255679,1.0,0.0,0.0,0.0,0.0,1210.523316,-33.805469,1021.0,5006.0,0.0,193.0,-0.111148,35.171515,126.617456,35.171453,-0.066154,0.000482,0.105617,0.264642,-0.001325,-0.060916,0.285,0.0,0.0,0.0,0.0,0.0,-9999.0,-9999.0,-9999.0,-9999.0,-9999.0,-9999.0,-9999.0,-9999.0,-9999.0,-9999.0,-9999.0,-9999.0,-9999.0,-9999.0,194.0,ramp,spur5,stable_reference,4.144287550051023,-1.6275431465585302,3.675263172395852,-0.4962052628687683,-0.4962052628687683,2.733333599999998,95.92725977127134,0.03829913479229243,123.92758328040632,3.8607254256722388,3.860697377149388,-0.42218892398102525,0.5114404810268773,4.356778596577051,-0.4960531709048124
P23_AV1_1_interaction,P23,AV1,1,on_ramp,P23_AV1_1,P23_AV1.1.asc,AV1,60,initiator_active,3227,1,53783.33,53783.3338,1.0,22.3,80.28,194.0,61.609081,-1238.922341,0.0,0.0,0.0,22.3,0.0,0.0,1238.925448,-30.221965,6.256095,1.0,0.0,0.0,0.0,0.0,1211.109476,-33.809488,1021.0,5006.0,0.0,193.0,-0.112321,35.17324,126.623664,35.173169,-0.070874,0.000457,0.102832,0.275521,-0.001626,-0.060445,0.286,0.0,0.0,0.0,0.0,0.0,-9999.0,-9999.0,-9999.0,-9999.0,-9999.0,-9999.0,-9999.0,-9999.0,-9999.0,-9999.0,-9999.0,-9999.0,-9999.0,-9999.0,194.0,ramp,spur5,stable_reference,4.144450739403828,-1.629111456358559,3.667119592062664,-0.4944021478325432,-0.4944021478325432,2.7499997999999977,96.5134330464501,0.039066876459680974,124.29918172083805,3.8536166774262965,3.8537326781824,-0.4123714609524285,0.6478801545021202,4.347878792085698,-0.4942621146594015
P23_AV1_1_interaction,P23,AV1,1,on_ramp,P23_AV1_1,P23_AV1.1.asc,AV1,60,initiator_active,3228,1,53800.0,53800.0006,1.0,22.3,80.28,194.0,61.980561,-1239.294006,0.0,0.0,0.0,22.3,0.0,0.0,1239.296984,-30.231807,6.256905,1.0,0.0,0.0,0.0,0.0,1211.695665,-33.813439,1021.0,5006.0,0.0,193.0,-0.113439,35.174921,126.629717,35.17484,-0.07577,0.000428,0.100683,0.28792,-0.001818,-0.060445,0.286,0.002198,0.0,0.0,0.0,0.0,-9999.0,-9999.0,-9999.0,-9999.0,-9999.0,-9999.0,-9999.0,-9999.0,-9999.0,-9999.0,-9999.0,-9999.0,-9999.0,-9999.0,194.0,ramp,spur5,stable_reference,4.144915034847135,-1.630378661706714,3.659277050421078,-0.4923640926181074,-0.4923640926181074,2.7666665999999966,97.09963476537084,0.039902852675006345,124.67078570302436,3.8468089844725526,3.8469518058681946,-0.40059306421068186,0.7306965654446866,4.339033621170957,-0.49222463669840444
P23_AV1_1_interaction,P23,AV1,1,on_ramp,P23_AV1_1,P23_AV1.1.asc,AV1,60,initiator_active,3229,1,53816.67,53816.6674,1.0,22.3,80.28,194.0,62.352052,-1239.665672,0.0,0.0,0.0,22.3,0.0,0.0,1239.668528,-30.241357,6.257663,1.0,0.0,0.0,0.0,0.0,1212.281883,-33.817315,1021.0,5006.0,0.0,193.0,-0.114498,35.176321,126.634755,35.176228,-0.080795,0.000397,0.079002,0.300695,-0.001909,-0.060445,0.2875,0.0,0.0,0.0,0.0,0.0,-9999.0,-9999.0,-9999.0,-9999.0,-9999.0,-9999.0,-9999.0,-9999.0,-9999.0,-9999.0,-9999.0,-9999.0,-9999.0,-9999.0,194.0,ramp,spur5,stable_reference,4.145671439841774,-1.631353760207208,3.651726547601396,-0.4901898665851159,-0.4901898665851159,2.783333399999996,97.6858648708717,0.04081406320487694,125.04239530045919,3.8402933471110834,3.8403794692172273,-0.3880147139185226,0.7298274877304944,4.3303527107536945,-0.49005936364261116
P23_AV1_1_interaction,P23,AV1,1,on_ramp,P23_AV1_1,P23_AV1.1.asc,AV1,60,initiator_active,3230,1,53833.33,53833.3335,1.0,22.3,80.28,194.0,62.723554,-1240.037338,0.0,0.0,0.0,22.3,0.0,0.0,1240.040078,-30.25068,6.258228,1.0,0.0,0.0,0.0,0.0,1212.868125,-33.821115,1021.0,5006.0,0.0,193.0,-0.115494,35.177853,126.640271,35.177748,-0.085912,0.000364,0.097178,0.313823,-0.001987,-0.060602,0.289,0.0,0.0,0.0,0.0,0.0,-9999.0,-9999.0,-9999.0,-9999.0,-9999.0,-9999.0,-9999.0,-9999.0,-9999.0,-9999.0,-9999.0,-9999.0,-9999.0,-9999.0,194.0,ramp,spur5,stable_reference,4.146654923923627,-1.6321017807015343,3.644403073782319,-0.4879023467408117,-0.4879023467408117,2.799999499999998,98.27211835495278,0.041801467185729226,125.41400904400244,3.834004751177086,3.834018141359543,-0.3762657627311512,0.6148636060374475,4.321777203980377,-0.4877724528032905
P23_AV1_1_interaction,P23,AV1,1,on_ramp,P23_AV1_1,P23_AV1.1.asc,AV1,60,initiator_active,3231,1,53850.0,53850.0005,1.0,22.3,80.28,194.0,63.095065,-1240.409005,0.0,0.0,0.0,22.3,0.0,0.0,1240.411632,-30.259845,6.258607,1.0,0.0,0.0,0.0,0.0,1213.454393,-33.824832,1021.0,5006.0,0.0,193.0,-0.116423,35.179471,126.646097,35.179353,-0.091089,0.00033,0.098187,0.327097,-0.002059,-0.060445,0.29125,0.0,0.0,0.0,0.0,0.0,-9999.0,-9999.0,-9999.0,-9999.0,-9999.0,-9999.0,-9999.0,-9999.0,-9999.0,-9999.0,-9999.0,-9999.0,-9999.0,-9999.0,194.0,ramp,spur5,stable_reference,4.147796458166706,-1.6326917509664225,3.6372376192004503,-0.4855866718249083,-0.4855866718249083,2.8166664999999993,98.85839716038556,0.04287208071625,125.78562549717755,3.8278741826391145,3.827837374690191,-0.3675195660318735,0.4147417514172105,4.313342781667516,-0.48546859902840156
P23_AV1_1_interaction,P23,AV1,1,on_ramp,P23_AV1_1,P23_AV1.1.asc,AV1,60,initiator_active,3232,1,53866.67,53866.6673,1.0,22.3,80.28,194.0,63.466581,-1240.780671,0.0,0.0,0.0,22.3,0.0,0.0,1240.783188,-30.268912,6.25884,1.0,0.0,0.0,0.0,0.0,1214.040689,-33.828465,1021.0,5006.0,0.0,193.0,-0.117279,35.181098,126.651951,35.180966,-0.096297,0.000296,0.098671,0.340479,-0.00205,-0.060445,0.30425,0.0,0.0,0.0,0.0,0.0,-9999.0,-9999.0,-9999.0,-9999.0,-9999.0,-9999.0,-9999.0,-9999.0,-9999.0,-9999.0,-9999.0,-9999.0,-9999.0,-9999.0,194.0,ramp,spur5,stable_reference,4.149036010184201,-1.633183701174404,3.630170173962092,-0.4834231846351849,-0.4834231846351849,2.8333332999999983,99.44470327893708,0.04402692009518492,126.15724315001377,3.8218416271656435,3.8217673163217514,-0.3624408001302015,0.2785739561377003,4.305147265066916,-0.48330563790127234
P23_AV1_1_interaction,P23,AV1,1,on_ramp,P23_AV1_1,P23_AV1.1.asc,AV1,60,initiator_active,3233,1,53883.33,53883.3334,1.0,22.3,80.28,194.0,63.838103,-1241.152338,0.0,0.0,0.0,22.3,0.0,0.0,1241.154745,-30.277921,6.258971,1.0,0.0,0.0,0.0,0.0,1214.627012,-33.832008,1021.0,5006.0,0.0,193.0,-0.118059,35.18273,126.657828,35.182584,-0.101509,0.000262,0.099096,0.353559,-0.001978,-0.060288,0.3415,0.0,0.0,0.0,0.0,0.0,-9999.0,-9999.0,-9999.0,-9999.0,-9999.0,-9999.0,-9999.0,-9999.0,-9999.0,-9999.0,-9999.0,-9999.0,-9999.0,-9999.0,194.0,ramp,spur5,stable_reference,4.150333567628071,-1.6336176437497212,3.623160733265169,-0.4812370104987536,-0.4812370104987536,2.8499994000000006,100.03103566164454,0.04527197695643521,126.52886132918604,3.8158670779243415,3.815756169279878,-0.3582338516007155,0.2611442768969159,4.296996453803071,-0.48112937587872917
P23_AV1_1_interaction,P23,AV1,1,on_ramp,P23_AV1_1,P23_AV1.1.asc,AV1,60,initiator_active,3234,1,53900.05,53900.047,1.0,22.3,80.28,194.0,64.209628,-1241.524005,0.0,0.0,0.0,22.3,0.0,0.0,1241.526303,-30.286899,6.25904,1.0,0.0,0.0,0.0,0.0,1215.213363,-33.835458,1021.0,5006.0,0.0,193.0,-0.118758,35.184367,126.663722,35.184205,-0.106706,0.000231,0.099417,0.365939,-0.001862,-0.059817,0.3415,0.0,0.0,0.0,0.0,0.0,-9999.0,-9999.0,-9999.0,-9999.0,-9999.0,-9999.0,-9999.0,-9999.0,-9999.0,-9999.0,-9999.0,-9999.0,-9999.0,-9999.0,194.0,ramp,spur5,stable_reference,4.151662140880809,-1.6340205715049825,3.616179849547145,-0.4793199024373478,-0.4793199024373478,2.8667129999999963,100.61739528397658,0.04661025936601603,126.90048025517775,3.8099235358154604,3.809809810644018,-0.35372305304596807,0.34508652654212923,4.289136232417752,-0.4792126966022914
P23_AV1_1_interaction,P23,AV1,1,on_ramp,P23_AV1_1,P23_AV1.1.asc,AV1,60,initiator_active,3235,1,53916.67,53916.6674,1.0,22.3,80.28,194.0,64.581157,-1241.895671,0.0,0.0,0.0,22.3,0.0,0.0,1241.897862,-30.295863,6.259071,1.0,0.0,0.0,0.0,0.0,1215.799742,-33.83881,1021.0,5006.0,0.0,193.0,-0.119373,35.186007,126.669624,35.185829,-0.111869,0.000201,0.099604,0.37789,-0.001737,-0.059189,0.388,0.0,0.0,0.0,0.0,0.0,-9999.0,-9999.0,-9999.0,-9999.0,-9999.0,-9999.0,-9999.0,-9999.0,-9999.0,-9999.0,-9999.0,-9999.0,-9999.0,-9999.0,194.0,ramp,spur5,stable_reference,4.153004736479533,-1.6344094799147837,3.609194089357919,-0.4773887710793637,-0.4773887710793637,2.8833333999999957,101.20378210510252,0.048046767157211845,127.27210006681142,3.80399400140582,3.80396478275017,-0.3467447152657428,0.529155378981855,4.281275998571582,-0.47728199716576203
P23_AV1_1_interaction,P23,AV1,1,on_ramp,P23_AV1_1,P23_AV1.1.asc,AV1,60,initiator_active,3236,1,53933.33,53933.3342,1.0,22.3,80.28,194.0,64.952688,-1242.267338,0.0,0.0,0.0,22.3,0.0,0.0,1242.269423,-30.304743,6.259501,1.0,0.0,0.0,0.0,0.0,1216.386149,-33.84206,1021.0,5006.0,0.0,193.0,-0.119898,35.187647,126.675529,35.187452,-0.116977,0.000173,0.099709,0.389027,-0.001609,-0.058247,0.42825,0.0,0.0,0.0,0.0,0.0,-9999.0,-9999.0,-9999.0,-9999.0,-9999.0,-9999.0,-9999.0,-9999.0,-9999.0,-9999.0,-9999.0,-9999.0,-9999.0,-9999.0,194.0,ramp,spur5,stable_reference,4.154431355236197,-1.6347143645408633,3.602292338625914,-0.4756856224642248,-0.4756856224642248,2.900000199999995,101.79019609235866,0.04958550019665971,127.64372119243079,3.798148480527484,3.798268108399533,-0.33609879588605907,0.6847526251378735,4.2737372068612975,-0.47558872633381366
P23_AV1_1_interaction,P23,AV1,1,on_ramp,P23_AV1_1,P23_AV1.1.asc,AV1,60,initiator_active,3237,1,53950.0,53950.0001,1.0,22.3,80.28,194.0,65.324224,-1242.639005,0.0,0.0,0.0,22.3,0.0,0.0,1242.64099,-30.313312,6.260338,1.0,0.0,0.0,0.0,0.0,1216.972584,-33.845206,1021.0,5006.0,0.0,193.0,-0.120329,35.189295,126.681463,35.189084,-0.122001,0.000148,0.100738,0.40061,-0.001478,-0.057619,0.45875,0.0,0.0,0.0,0.0,0.0,-9999.0,-9999.0,-9999.0,-9999.0,-9999.0,-9999.0,-9999.0,-9999.0,-9999.0,-9999.0,-9999.0,-9999.0,-9999.0,-9999.0,194.0,ramp,spur5,stable_reference,4.156169020778973,-1.6347081935215906,3.595701615429446,-0.473718472042968,-0.473718472042968,2.9166660999999947,102.3766372294129,0.05122845841766215,128.01534577821099,3.792613998275829,3.7927616921587415,-0.3239201442402049,0.7558649089638934,4.266235974892663,-0.4736219766168337
P23_AV1_1_interaction,P23,AV1,1,on_ramp,P23_AV1_1,P23_AV1.1.asc,AV1,60,initiator_active,3238,1,53966.67,53966.6674,1.0,22.3,80.28,194.0,65.695769,-1243.010671,0.0,0.0,0.0,22.3,0.0,0.0,1243.012565,-30.321579,6.261122,1.0,0.0,0.0,0.0,0.0,1217.559047,-33.848243,1021.0,5006.0,0.0,193.0,-0.120663,35.190957,126.687447,35.190729,-0.126912,0.000124,0.101391,0.411921,-0.001347,-0.056991,0.48675,0.0,0.0,0.0,0.0,0.0,-9999.0,-9999.0,-9999.0,-9999.0,-9999.0,-9999.0,-9999.0,-9999.0,-9999.0,-9999.0,-9999.0,-9999.0,-9999.0,-9999.0,194.0,ramp,spur5,stable_reference,4.158208792027718,-1.634399918316647,3.589412930543697,-0.4716468214401215,-0.4716468214401215,2.933333399999996,102.96310547543459,0.052980641653510616,128.38697589757928,3.787381571283025,3.7874708315923877,-0.31090332938548215,0.7547471303997835,4.258940154605264,-0.47155858332223843
P23_AV1_1_interaction,P23,AV1,1,on_ramp,P23_AV1_1,P23_AV1.1.asc,AV1,60,initiator_active,3239,1,53983.33,53983.3342,1.0,22.3,80.28,194.0,66.067325,-1243.382337,0.0,0.0,0.0,22.3,0.0,0.0,1243.384145,-30.329611,6.261707,1.0,0.0,0.0,0.0,0.0,1218.145538,-33.851168,1021.0,5006.0,0.0,193.0,-0.120896,35.192637,126.693493,35.19239,-0.131688,0.000103,0.103063,0.422888,-0.001217,-0.056363,0.51975,0.0,0.0,0.0,0.0,0.0,-9999.0,-9999.0,-9999.0,-9999.0,-9999.0,-9999.0,-9999.0,-9999.0,-9999.0,-9999.0,-9999.0,-9999.0,-9999.0,-9999.0,194.0,ramp,spur5,stable_reference,4.160483611557875,-1.633856590307406,3.5833592189062773,-0.4694549365107541,-0.4694549365107541,2.950000199999995,103.54960080592603,0.05484504980417337,128.75860909776088,3.782384177284906,3.782398002950529,-0.2987613016890549,0.6357756009362259,4.251751285746904,-0.46936710846199814
P23_AV1_1_interaction,P23,AV1,1,on_ramp,P23_AV1_1,P23_AV1.1.asc,AV1,60,initiator_active,3240,1,54000.0,54000.0008,1.0,22.3,80.28,194.0,66.438889,-1243.754002,0.0,0.0,0.0,22.3,0.0,0.0,1243.755728,-30.33748,6.262098,1.0,0.0,0.0,0.0,0.0,1218.732057,-33.853978,1021.0,5006.0,0.0,193.0,-0.121025,35.194351,126.699662,35.194087,-0.136302,8.4e-05,0.105444,0.434784,-0.001083,-0.056363,0.51975,0.0,0.0,0.0,0.0,0.0,-9999.0,-9999.0,-9999.0,-9999.0,-9999.0,-9999.0,-9999.0,-9999.0,-9999.0,-9999.0,-9999.0,-9999.0,-9999.0,-9999.0,194.0,ramp,spur5,stable_reference,4.162921451597065,-1.6331502364719883,3.577468457108877,-0.467241793400251,-0.467241793400251,2.966666799999999,104.1361231963889,0.05682468276963408,129.13024396677758,3.777549802350059,3.7775120993762856,-0.289710729873363,0.4304504447542108,4.244712665717099,-0.46716286336704016
P23_AV1_1_interaction,P23,AV1,1,on_ramp,P23_AV1_1,P23_AV1.1.asc,AV1,60,initiator_active,3241,1,54016.67,54016.6668,1.0,22.3,80.28,194.0,66.81046,-1244.125667,0.0,0.0,0.0,22.3,0.0,0.0,1244.127314,-30.345247,6.262338,1.0,0.0,0.0,0.0,0.0,1219.318606,-33.856668,1021.0,5006.0,0.0,193.0,-0.121044,35.196111,126.706,35.19583,-0.140733,6.8e-05,0.108779,0.446242,-0.000947,-0.056363,0.55775,0.0,0.0,0.0,0.0,0.0,-9999.0,-9999.0,-9999.0,-9999.0,-9999.0,-9999.0,-9999.0,-9999.0,-9999.0,-9999.0,-9999.0,-9999.0,-9999.0,-9999.0,194.0,ramp,spur5,stable_reference,4.165461335602022,-1.6323418405721914,3.571679709836661,-0.4651426362761346,-0.4651426362761346,2.9833327999999963,104.72267460592649,0.058924556715254296,129.50188100275778,3.772817448512384,3.7727411869424374,-0.28441313409342683,0.2737660719554835,4.237881509360875,-0.46506406084849106
P23_AV1_1_interaction,P23,AV1,1,on_ramp,P23_AV1_1,P23_AV1.1.asc,AV1,60,initiator_active,3242,1,54033.33,54033.3341,1.0,22.3,80.28,194.0,67.182035,-1244.497331,0.0,0.0,0.0,22.3,0.0,0.0,1244.498901,-30.352955,6.262475,1.0,0.0,0.0,0.0,0.0,1219.905185,-33.859236,1021.0,5006.0,0.0,193.0,-0.120951,35.198022,126.712878,35.197723,-0.144976,5.3e-05,0.122962,0.456883,-0.000788,-0.056206,0.594,0.0,0.0,0.0,0.0,0.0,-9999.0,-9999.0,-9999.0,-9999.0,-9999.0,-9999.0,-9999.0,-9999.0,-9999.0,-9999.0,-9999.0,-9999.0,-9999.0,-9999.0,194.0,ramp,spur5,stable_reference,4.168060224648826,-1.631474437305944,3.5659499670519343,-0.4630310921344023,-0.4630310921344023,3.0000000999999976,105.3092550182065,0.06114667157434888,129.87351855690798,3.7681441008735335,3.76803167587176,-0.2805853179377351,0.26590841065567616,4.231103502392273,-0.46295940151873927
P23_AV1_1_interaction,P23,AV1,1,on_ramp,P23_AV1_1,P23_AV1.1.asc,AV1,60,initiator_active,3243,1,54050.0,54050.0008,1.0,22.3,80.28,194.0,67.553614,-1244.868995,0.0,0.0,0.0,22.3,0.0,0.0,1244.870488,-30.360631,6.262545,1.0,0.0,0.0,0.0,0.0,1220.491797,-33.861679,1021.0,5006.0,0.0,193.0,-0.120741,35.200447,126.721608,35.200131,-0.149031,4.3e-05,0.167189,0.466682,-0.000536,-0.055892,0.625,0.0,0.0,0.0,0.0,0.0,-9999.0,-9999.0,-9999.0,-9999.0,-9999.0,-9999.0,-9999.0,-9999.0,-9999.0,-9999.0,-9999.0,-9999.0,-9999.0,-9999.0,194.0,ramp,spur5,stable_reference,4.170691101390446,-1.6305750425580898,3.560252223813768,-0.4611322371575095,-0.4611322371575095,3.016666799999999,105.89586740863065,0.06349405174502365,130.24515584974506,3.763502752167719,3.7633881535848124,-0.275549386629649,0.37694239771989757,4.2245635927072795,-0.4610608405395604
P23_AV1_1_interaction,P23,AV1,1,on_ramp,P23_AV1_1,P23_AV1.1.asc,AV1,60,initiator_active,3244,1,54066.67,54066.6674,1.0,22.3,80.28,194.0,67.925195,-1245.240659,0.0,0.0,0.0,22.3,0.0,0.0,1245.242076,-30.368292,6.262578,1.0,0.0,0.0,0.0,0.0,1221.07845,-33.863992,1021.0,5006.0,0.0,193.0,-0.120412,35.203487,126.732554,35.203155,-0.152893,3.7e-05,0.192659,0.476252,-0.000142,-0.055735,0.6545,0.0,0.0,0.0,0.0,0.0,-9999.0,-9999.0,-9999.0,-9999.0,-9999.0,-9999.0,-9999.0,-9999.0,-9999.0,-9999.0,-9999.0,-9999.0,-9999.0,-9999.0,194.0,ramp,spur5,stable_reference,4.173337000093536,-1.629660628730977,3.554569659640035,-0.4592183613979021,-0.4592183613979021,3.033333399999996,106.48251973610242,0.06597176238890616,130.616794020058,3.758876411127808,3.758846704890141,-0.2680205988691995,0.5321306178338094,4.218023672231126,-0.45914726110331827
P23_AV1_1_interaction,P23,AV1,1,on_ramp,P23_AV1_1,P23_AV1.1.asc,AV1,60,initiator_active,3245,1,54083.33,54083.3335,1.0,22.3,80.28,194.0,68.296779,-1245.612323,0.0,0.0,0.0,22.3,0.0,0.0,1245.613665,-30.375869,6.26301,1.0,0.0,0.0,0.0,0.0,1221.665153,-33.866174,1021.0,5006.0,0.0,193.0,-0.11996,35.207152,126.745747,35.206804,-0.156554,4e-05,0.246062,0.485543,0.000337,-0.055735,0.68325,0.0,0.0,0.0,0.0,0.0,-9999.0,-9999.0,-9999.0,-9999.0,-9999.0,-9999.0,-9999.0,-9999.0,-9999.0,-9999.0,-9999.0,-9999.0,-9999.0,-9999.0,194.0,ramp,spur5,stable_reference,4.176066894225035,-1.628662214192403,3.5489711533856947,-0.4575721802342107,-0.4575721802342107,3.049999499999998,107.06922099215532,0.06858087696704056,130.98843250439015,3.7543340754531527,3.75445429890154,-0.257812116784919,0.6733802084484051,4.211843418140049,-0.45750934268689614
P23_AV1_1_interaction,P23,AV1,1,on_ramp,P23_AV1_1,P23_AV1.1.asc,AV1,60,initiator_active,3246,1,54100.0,54100.0008,1.0,22.3,80.28,194.0,68.668368,-1245.983987,0.0,0.0,0.0,22.3,0.0,0.0,1245.985261,-30.383132,6.263851,1.0,0.0,0.0,0.0,0.0,1222.251918,-33.868222,1021.0,5006.0,0.0,193.0,-0.119381,35.211908,126.762867,35.211544,-0.160016,5.1e-05,0.316029,0.493157,0.000887,-0.055264,0.68325,0.0,0.0,0.0,0.0,0.0,-9999.0,-9999.0,-9999.0,-9999.0,-9999.0,-9999.0,-9999.0,-9999.0,-9999.0,-9999.0,-9999.0,-9999.0,-9999.0,-9999.0,194.0,ramp,spur5,stable_reference,4.179110861718559,-1.627349721734816,3.5436866799498405,-0.4556409516151821,-0.4556409516151821,3.0666667999999992,107.6559831518913,0.07132449337190683,131.3600754243513,3.7501057864711957,3.750252964255886,-0.245574400982548,0.7589420450125468,4.205684165751142,-0.4555783792799466
P23_AV1_1_interaction,P23,AV1,1,on_ramp,P23_AV1_1,P23_AV1.1.asc,AV1,60,initiator_active,3247,1,54116.67,54116.6674,1.0,22.3,80.28,194.0,69.039966,-1246.355649,0.0,0.0,0.0,22.3,0.0,0.0,1246.356862,-30.390094,6.264638,1.0,0.0,0.0,0.0,0.0,1222.838762,-33.870133,1021.0,5006.0,0.0,193.0,-0.118674,35.217789,126.784042,35.217411,-0.163288,7e-05,0.380413,0.500347,0.00131,-0.05495,0.7065,0.0,0.0,0.0,0.0,0.0,-9999.0,-9999.0,-9999.0,-9999.0,-9999.0,-9999.0,-9999.0,-9999.0,-9999.0,-9999.0,-9999.0,-9999.0,-9999.0,-9999.0,194.0,ramp,spur5,stable_reference,4.18245585211406,-1.6257361940421404,3.53870322886846,-0.4536238867956042,-0.4536238867956042,3.083333399999996,108.2428231902455,0.07420575032621213,131.73172088616693,3.7461785282833033,3.7462683372822796,-0.2325136531397476,0.7636736160392861,4.199746291354181,-0.45356776307087765
P23_AV1_1_interaction,P23,AV1,1,on_ramp,P23_AV1_1,P23_AV1.1.asc,AV1,60,initiator_active,3248,1,54133.33,54133.3336,1.0,22.3,80.28,194.0,69.411572,-1246.72731,0.0,0.0,0.0,22.3,0.0,0.0,1246.728468,-30.396819,6.265225,1.0,0.0,0.0,0.0,0.0,1223.425703,-33.871904,1021.0,5006.0,0.0,193.0,-0.117835,35.224669,126.808807,35.224276,-0.166374,9.5e-05,0.437631,0.505427,0.001665,-0.054008,0.7215,0.0,0.0,0.0,0.0,0.0,-9999.0,-9999.0,-9999.0,-9999.0,-9999.0,-9999.0,-9999.0,-9999.0,-9999.0,-9999.0,-9999.0,-9999.0,-9999.0,-9999.0,194.0,ramp,spur5,stable_reference,4.186037890021888,-1.6238856140775602,3.533954880519029,-0.4514676493840598,-0.4514676493840598,3.0999995999999954,108.82975908211932,0.07722779471869666,132.1033694124636,3.7424883030234106,3.742502627906636,-0.2201190050945172,0.6555246874818046,4.193900095458983,-0.4514117924355725
P23_AV1_1_interaction,P23,AV1,1,on_ramp,P23_AV1_1,P23_AV1.1.asc,AV1,60,initiator_active,3249,1,54150.0,54150.0006,1.0,22.3,80.28,194.0,69.783187,-1247.09897,0.0,0.0,0.0,22.3,0.0,0.0,1247.100077,-30.40338,6.265618,1.0,0.0,0.0,0.0,0.0,1224.012758,-33.873534,1021.0,5006.0,0.0,193.0,-0.116861,35.232507,126.837026,35.2321,-0.16929,0.000125,0.496535,0.509033,0.001905,-0.052752,0.727,0.0,0.0,0.0,0.0,0.0,-9999.0,-9999.0,-9999.0,-9999.0,-9999.0,-9999.0,-9999.0,-9999.0,-9999.0,-9999.0,-9999.0,-9999.0,-9999.0,-9999.0,194.0,ramp,spur5,stable_reference,4.189783948054215,-1.6218710085530066,3.529350906862554,-0.4492987075661669,-0.4492987075661669,3.1166665999999967,109.41680781877997,0.08039176533874373,132.47501959942932,3.738962096793448,3.7389310757897016,-0.21066305871039503,0.438560891011889,4.188211411659042,-0.44924931486559405
P23_AV1_1_interaction,P23,AV1,1,on_ramp,P23_AV1_1,P23_AV1.1.asc,AV1,60,initiator_active,3250,1,54166.67,54166.6675,1.0,22.3,80.28,194.0,70.154806,-1247.470628,0.0,0.0,0.0,22.3,0.0,0.0,1247.471687,-30.409838,6.26586,1.0,0.0,0.0,0.0,0.0,1224.599943,-33.875021,1021.0,5006.0,0.0,193.0,-0.115751,35.241065,126.867834,35.240645,-0.172038,0.000158,0.525046,0.511179,0.002067,-0.051182,0.72725,0.002198,0.0,0.0,0.0,0.0,-9999.0,-9999.0,-9999.0,-9999.0,-9999.0,-9999.0,-9999.0,-9999.0,-9999.0,-9999.0,-9999.0,-9999.0,-9999.0,-9999.0,194.0,ramp,spur5,stable_reference,4.193632994208761,-1.619753407374794,3.524849937043989,-0.4472109008113505,-0.4472109008113505,3.1333335000000004,110.00398538336187,0.0836997927763551,132.84666994525915,3.735538895295227,3.7354804058487345,-0.20550003445278264,0.23987267536755397,4.182700632924614,-0.4471617376293868
P23_AV1_1_interaction,P23,AV1,1,on_ramp,P23_AV1_1,P23_AV1.1.asc,AV1,60,initiator_active,3251,1,54183.33,54183.3334,1.0,22.3,80.28,194.0,70.526429,-1247.842285,0.0,0.0,0.0,22.3,0.0,0.0,1247.843299,-30.416237,6.265996,1.0,0.0,0.0,0.0,0.0,1225.187268,-33.876364,1021.0,5006.0,0.0,193.0,-0.114503,35.249949,126.899817,35.249517,-0.174623,0.000194,0.550786,0.511885,0.00218,-0.049298,0.727,0.0,0.0,0.0,0.0,0.0,-9999.0,-9999.0,-9999.0,-9999.0,-9999.0,-9999.0,-9999.0,-9999.0,-9999.0,-9999.0,-9999.0,-9999.0,-9999.0,-9999.0,194.0,ramp,spur5,stable_reference,4.1975410731346585,-1.6175767757578612,3.52040797693955,-0.445136139235803,-0.445136139235803,3.1499994000000004,110.5913017673657,0.08715295865860828,133.21832180922578,3.7321747081618764,3.732081181166859,-0.20266729099220981,0.18873786904240042,4.177267688444087,-0.4450929802822108
P23_AV1_1_interaction,P23,AV1,1,on_ramp,P23_AV1_1,P23_AV1.1.asc,AV1,60,initiator_active,3252,1,54200.0,54200.0009,1.0,22.3,80.28,194.0,70.898056,-1248.213943,0.0,0.0,0.0,22.3,0.0,0.0,1248.214911,-30.422605,6.266067,1.0,0.0,0.0,0.0,0.0,1225.774743,-33.877563,1021.0,5006.0,0.0,193.0,-0.113116,35.259909,126.935671,35.259464,-0.177045,0.00023,0.628949,0.510953,0.002154,-0.046943,0.727,0.0,0.0,0.0,0.0,0.0,-9999.0,-9999.0,-9999.0,-9999.0,-9999.0,-9999.0,-9999.0,-9999.0,-9999.0,-9999.0,-9999.0,-9999.0,-9999.0,-9999.0,194.0,ramp,spur5,stable_reference,4.201480140139917,-1.615369152393134,3.515997016405263,-0.4432937758925189,-0.4432937758925189,3.1666668999999965,111.17876697045804,0.0907513446459454,133.5899734200453,3.7288415199949014,3.728724820117206,-0.19920869951654652,0.2769836060473452,4.1720923155633916,-0.4432507955684901
P23_AV1_1_interaction,P23,AV1,1,on_ramp,P23_AV1_1,P23_AV1.1.asc,AV1,60,initiator_active,3253,1,54216.67,54216.6667,1.0,22.3,80.28,194.0,71.269686,-1248.585599,0.0,0.0,0.0,22.3,0.0,0.0,1248.586523,-30.428957,6.2661,1.0,0.0,0.0,0.0,0.0,1226.362384,-33.878616,1021.0,5006.0,0.0,193.0,-0.111589,35.270941,126.975388,35.270485,-0.179312,0.000265,0.687715,0.507316,0.002063,-0.043646,0.727,0.0,0.0,0.0,0.0,0.0,-9999.0,-9999.0,-9999.0,-9999.0,-9999.0,-9999.0,-9999.0,-9999.0,-9999.0,-9999.0,-9999.0,-9999.0,-9999.0,-9999.0,194.0,ramp,spur5,stable_reference,4.205435200992584,-1.6131455332876,3.511597602833343,-0.4414354164533622,-0.4414354164533622,3.183332699999999,111.76639697577329,0.09449708132836114,133.9616249002079,3.725524331294444,3.7254408904697964,-0.1934347495715798,0.4326606677196114,4.16691694760427,-0.4413926163098263
P23_AV1_1_interaction,P23,AV1,1,on_ramp,P23_AV1_1,P23_AV1.1.asc,AV1,60,initiator_active,3254,1,54233.33,54233.3344,1.0,22.3,80.28,194.0,71.641318,-1248.957256,0.0,0.0,0.0,22.3,0.0,0.0,1248.958136,-30.435302,6.266113,1.0,0.0,0.0,0.0,0.0,1226.950207,-33.879524,1021.0,5006.0,0.0,193.0,-0.109921,35.282907,127.018465,35.28244,-0.181434,0.000298,0.741714,0.500694,0.002009,-0.03925,0.727,0.0,0.0,0.0,0.0,0.0,-9999.0,-9999.0,-9999.0,-9999.0,-9999.0,-9999.0,-9999.0,-9999.0,-9999.0,-9999.0,-9999.0,-9999.0,-9999.0,-9999.0,194.0,ramp,spur5,stable_reference,4.209397286883008,-1.6109148929732098,3.5071988968210777,-0.4398769496596724,-0.4398769496596724,3.2000003999999973,112.35420779094396,0.09838929939587843,134.333277323175,3.7222141505266313,3.722276976615991,-0.18478627754895172,0.5940410196093362,4.162053462767069,-0.43983931224043804
P23_AV1_1_interaction,P23,AV1,1,on_ramp,P23_AV1_1,P23_AV1.1.asc,AV1,60,initiator_active,3255,1,54250.0,54250.0007,1.0,22.3,80.28,194.0,72.012953,-1249.328913,0.0,0.0,0.0,22.3,0.0,0.0,1249.329752,-30.441415,6.266945,1.0,0.0,0.0,0.0,0.0,1227.538229,-33.880287,1021.0,5006.0,0.0,193.0,-0.108114,35.295724,127.064607,35.295248,-0.183401,0.000331,0.791046,0.49307,0.001989,-0.034697,0.72725,0.0,0.0,0.0,0.0,0.0,-9999.0,-9999.0,-9999.0,-9999.0,-9999.0,-9999.0,-9999.0,-9999.0,-9999.0,-9999.0,-9999.0,-9999.0,-9999.0,-9999.0,194.0,ramp,spur5,stable_reference,4.213591366749427,-1.6084522452004346,3.5030322033386843,-0.43809314886024,-0.43809314886024,3.2166666999999944,112.94221641540305,0.10242813767123116,134.70493085152023,3.7191359865214455,3.719281210591576,-0.17363319667671817,0.7151865025047472,4.157191650590722,-0.4380556640692763
P23_AV1_1_interaction,P23,AV1,1,on_ramp,P23_AV1_1,P23_AV1.1.asc,AV1,60,initiator_active,3256,1,54266.67,54266.6668,1.0,22.3,80.28,194.0,72.384594,-1249.700568,0.0,0.0,0.0,22.3,0.0,0.0,1249.701374,-30.44722,6.267773,1.0,0.0,0.0,0.0,0.0,1228.126463,-33.880907,1021.0,5006.0,0.0,193.0,-0.106167,35.309094,127.112737,35.308608,-0.185206,0.000364,0.810292,0.480495,0.00198,-0.028103,0.72725,0.0,0.0,0.0,0.0,0.0,-9999.0,-9999.0,-9999.0,-9999.0,-9999.0,-9999.0,-9999.0,-9999.0,-9999.0,-9999.0,-9999.0,-9999.0,-9999.0,-9999.0,194.0,ramp,spur5,stable_reference,4.218093494555566,-1.6056815409837193,3.4991735370554444,-0.4362669653935144,-0.4362669653935144,3.2333327999999963,113.53043586504953,0.10661170237966175,135.07658786452396,3.7163658612429655,3.7164893630044116,-0.1609474133675235,0.7591924131113039,4.15260079054947,-0.4362349293065044
P23_AV1_1_interaction,P23,AV1,1,on_ramp,P23_AV1_1,P23_AV1.1.asc,AV1,60,initiator_active,3257,1,54283.33,54283.3342,1.0,22.3,80.28,194.0,72.756243,-1250.072221,0.0,0.0,0.0,22.3,0.0,0.0,1250.072999,-30.452754,6.268452,1.0,0.0,0.0,0.0,0.0,1228.714918,-33.881386,1021.0,5006.0,0.0,193.0,-0.104082,35.322786,127.162031,35.322292,-0.18684,0.000396,0.834863,0.466909,0.001921,-0.021352,0.728,0.0,0.0,0.0,0.0,0.0,-9999.0,-9999.0,-9999.0,-9999.0,-9999.0,-9999.0,-9999.0,-9999.0,-9999.0,-9999.0,-9999.0,-9999.0,-9999.0,-9999.0,194.0,ramp,spur5,stable_reference,4.222866601340776,-1.602639839690417,3.4955858827672475,-0.4342619387517668,-0.4342619387517668,3.250000199999995,114.118875155915,0.11093806708223627,135.44824566443017,3.7138667514267523,3.713916287068513,-0.1483266615236829,0.69110348646148,4.1480968013252255,-0.43423004989847325
P23_AV1_1_interaction,P23,AV1,1,on_ramp,P23_AV1_1,P23_AV1.1.asc,AV1,60,initiator_active,3258,1,54300.0,54300.0006,1.0,22.3,80.28,194.0,73.127898,-1250.443871,0.0,0.0,0.0,22.3,0.0,0.0,1250.444627,-30.458091,6.268934,1.0,0.0,0.0,0.0,0.0,1229.303602,-33.881725,1021.0,5006.0,0.0,193.0,-0.101861,35.336911,127.212879,35.33641,-0.188249,0.000427,0.859477,0.452649,0.001779,-0.014601,0.728,0.0,0.0,0.0,0.0,0.0,-9999.0,-9999.0,-9999.0,-9999.0,-9999.0,-9999.0,-9999.0,-9999.0,-9999.0,-9999.0,-9999.0,-9999.0,-9999.0,-9999.0,194.0,ramp,spur5,stable_reference,4.227836715560776,-1.5994011216217343,3.4921873783124058,-0.4322299326082195,-0.4322299326082195,3.2666665999999966,114.70754229589923,0.11540629714063874,135.819904855526,3.711564659540157,3.711545059632673,-0.13791017575786668,0.525036475662346,4.143767410223936,-0.43220275068377934
P23_AV1_1_interaction,P23,AV1,1,on_ramp,P23_AV1_1,P23_AV1.1.asc,AV1,60,initiator_active,3259,1,54316.67,54316.6672,1.0,22.3,80.28,194.0,73.499559,-1250.815519,0.0,0.0,0.0,22.3,0.0,0.0,1250.816258,-30.463298,6.269242,1.0,0.0,0.0,0.0,0.0,1229.892521,-33.881928,1021.0,5006.0,0.0,193.0,-0.099507,35.351347,127.264849,35.35084,-0.189378,0.000454,0.873655,0.43796,0.001576,-0.008007,0.72825,0.0,0.0,0.0,0.0,0.0,-9999.0,-9999.0,-9999.0,-9999.0,-9999.0,-9999.0,-9999.0,-9999.0,-9999.0,-9999.0,-9999.0,-9999.0,-9999.0,-9999.0,194.0,ramp,spur5,stable_reference,4.232936862979511,-1.5960323689422815,3.4889161122117787,-0.4302337690490239,-0.4302337690490239,3.283333200000001,115.29644331746609,0.12001244168450498,136.19156598493615,3.7093925878171383,3.7093193289262842,-0.1308256606657352,0.36768385718578234,4.139599300475755,-0.43020671265861665
P23_AV1_1_interaction,P23,AV1,1,on_ramp,P23_AV1_1,P23_AV1.1.asc,AV1,60,initiator_active,3260,1,54333.33,54333.3335,1.0,22.3,80.28,194.0,73.871224,-1251.187165,0.0,0.0,0.0,22.3,0.0,0.0,1251.187889,-30.468427,6.269424,1.0,0.0,0.0,0.0,0.0,1230.481679,-33.881999,1021.0,5006.0,0.0,193.0,-0.097022,35.365917,127.317301,35.365406,-0.190178,0.000478,0.877258,0.422775,0.001326,-0.00157,0.7295,0.0,0.0,0.0,0.0,0.0,-9999.0,-9999.0,-9999.0,-9999.0,-9999.0,-9999.0,-9999.0,-9999.0,-9999.0,-9999.0,-9999.0,-9999.0,-9999.0,-9999.0,194.0,ramp,spur5,stable_reference,4.23811498040439,-1.5925856370264233,3.4857228450531115,-0.4282500545245672,-0.4282500545245672,3.299999499999998,115.88558225314635,0.124752533511373,136.56322647739495,3.7072985134933956,3.7071842593370525,-0.12565417208173812,0.3263200573151481,4.135525792145948,-0.4282272786525527
P23_AV1_1_interaction,P23,AV1,1,on_ramp,P23_AV1_1,P23_AV1.1.asc,AV1,60,initiator_active,3261,1,54350.0,54350.0008,1.0,22.3,80.28,194.0,74.242892,-1251.558811,0.0,0.0,0.0,22.3,0.0,0.0,1251.559521,-30.473513,6.269522,1.0,0.0,0.0,0.0,0.0,1231.07108,-33.881939,1021.0,5006.0,0.0,193.0,-0.09441,35.380475,127.369712,35.379962,-0.190618,0.000497,0.874198,0.40508,0.001033,0.005652,0.731,0.0,0.0,0.0,0.0,0.0,-9999.0,-9999.0,-9999.0,-9999.0,-9999.0,-9999.0,-9999.0,-9999.0,-9999.0,-9999.0,-9999.0,-9999.0,-9999.0,-9999.0,194.0,ramp,spur5,stable_reference,4.243336109023682,-1.589095893484913,3.4825725825197185,-0.4264679569556014,-0.4264679569556014,3.3166667999999992,116.47496311097268,0.12962560531875197,136.93488761868042,3.7052474459019544,3.705130827921571,-0.11994820635442238,0.4034532958111954,4.131692721763873,-0.4264452758619184
P23_AV1_1_interaction,P23,AV1,1,on_ramp,P23_AV1_1,P23_AV1.1.asc,AV1,60,initiator_active,3262,1,54366.67,54366.6674,1.0,22.3,80.28,194.0,74.614563,-1251.930457,0.0,0.0,0.0,22.3,0.0,0.0,1251.931153,-30.478576,6.269571,1.0,0.0,0.0,0.0,0.0,1231.660723,-33.881754,1021.0,5006.0,0.0,193.0,-0.091674,35.394958,127.421848,35.394444,-0.190631,0.000511,0.868886,0.393603,0.000687,0.00942,0.739,0.0,0.0,0.0,0.0,0.0,-9999.0,-9999.0,-9999.0,-9999.0,-9999.0,-9999.0,-9999.0,-9999.0,-9999.0,-9999.0,-9999.0,-9999.0,-9999.0,-9999.0,194.0,ramp,spur5,stable_reference,4.248580228798643,-1.58558315606599,3.4794446324848973,-0.4246727234709105,-0.4246727234709105,3.333333399999996,117.06458493997481,0.13462564914066424,137.30654857214716,3.7032193775436353,3.7031859132671547,-0.11220558581440798,0.5361622822264649,4.127872816303544,-0.4246534387599086
P23_AV1_1_interaction,P23,AV1,1,on_ramp,P23_AV1_1,P23_AV1.1.asc,AV1,60,initiator_active,3263,1,54383.33,54383.3341,1.0,22.3,80.28,194.0,74.986236,-1252.302102,0.0,0.0,0.0,22.3,0.0,0.0,1252.302786,-30.483554,6.270001,1.0,0.0,0.0,0.0,0.0,1232.250608,-33.881446,1021.0,5006.0,0.0,193.0,-0.088816,35.409347,127.473651,35.408837,-0.19015,0.000519,0.86319,0.379855,0.000323,0.013816,0.7465,0.0,0.0,0.0,0.0,0.0,-9999.0,-9999.0,-9999.0,-9999.0,-9999.0,-9999.0,-9999.0,-9999.0,-9999.0,-9999.0,-9999.0,-9999.0,-9999.0,-9999.0,194.0,ramp,spur5,stable_reference,4.25390934361748,-1.5819854182018198,3.476391678909004,-0.4230737945923316,-0.4230737945923316,3.3500000999999973,117.6544477564848,0.13975066504379313,137.6782098314668,3.7012763145172287,3.7013906463658985,-0.10207613383160208,0.6635405290055867,4.124330897007132,-0.42305458248990346
P23_AV1_1_interaction,P23,AV1,1,on_ramp,P23_AV1_1,P23_AV1.1.asc,AV1,60,initiator_active,3264,1,54400.0,54400.0006,1.0,22.3,80.28,194.0,75.357912,-1252.673747,0.0,0.0,0.0,22.3,0.0,0.0,1252.674424,-30.488224,6.270825,1.0,0.0,0.0,0.0,0.0,1232.840732,-33.88102,1021.0,5006.0,0.0,193.0,-0.085841,35.423645,127.525124,35.42314,-0.189169,0.00052,0.857717,0.368959,-5.5e-05,0.016328,0.7465,0.0,0.0,0.0,0.0,0.0,-9999.0,-9999.0,-9999.0,-9999.0,-9999.0,-9999.0,-9999.0,-9999.0,-9999.0,-9999.0,-9999.0,-9999.0,-9999.0,-9999.0,194.0,ramp,spur5,stable_reference,4.2595464786465405,-1.5780796469659422,3.47364674710018,-0.4211668254620467,-0.4211668254620467,3.3666665999999967,118.24454860143257,0.14499562869671212,138.0498735754786,3.6996412820514943,3.6997833868270673,-0.090087678962675,0.7423141824253814,4.120788982008031,-0.4211476999565362
P23_AV1_1_interaction,P23,AV1,1,on_ramp,P23_AV1_1,P23_AV1.1.asc,AV1,60,initiator_active,3265,1,54416.67,54416.6672,1.0,22.3,80.28,194.0,75.729595,-1253.045388,0.0,0.0,0.0,22.3,0.0,0.0,1253.046065,-30.492599,6.271594,1.0,0.0,0.0,0.0,0.0,1233.431095,-33.880478,1021.0,5006.0,0.0,193.0,-0.082751,35.437865,127.576315,35.437368,-0.187659,0.000516,0.853765,0.359341,-0.000411,0.017741,0.754,0.0,0.0,0.0,0.0,0.0,-9999.0,-9999.0,-9999.0,-9999.0,-9999.0,-9999.0,-9999.0,-9999.0,-9999.0,-9999.0,-9999.0,-9999.0,-9999.0,-9999.0,194.0,ramp,spur5,stable_reference,4.265478583425785,-1.573878885042293,3.4711968268732267,-0.4192327847882736,-0.4192327847882736,3.383333200000001,118.83488749115068,0.15035854016612252,138.42153791040766,3.6983012642477937,3.698387746024043,-0.07733249635744244,0.7394385254554239,4.117518450703243,-0.4192171864554495
P23_AV1_1_interaction,P23,AV1,1,on_ramp,P23_AV1_1,P23_AV1.1.asc,AV1,60,initiator_active,3266,1,54433.33,54433.3335,1.0,22.3,80.28,194.0,76.101284,-1253.417025,0.0,0.0,0.0,22.3,0.0,0.0,1253.417708,-30.496742,6.272167,1.0,0.0,0.0,0.0,0.0,1234.021694,-33.879824,1021.0,5006.0,0.0,193.0,-0.079548,35.452035,127.627327,35.451549,-0.185622,0.000505,0.850929,0.350991,-0.00073,0.018055,0.75975,0.002198,0.0,0.0,0.0,0.0,-9999.0,-9999.0,-9999.0,-9999.0,-9999.0,-9999.0,-9999.0,-9999.0,-9999.0,-9999.0,-9999.0,-9999.0,-9999.0,-9999.0,194.0,ramp,spur5,stable_reference,4.271642654451501,-1.5694461387325298,3.4689789138935225,-0.4171346795116495,-0.4171346795116495,3.399999499999998,119.42546145840319,0.15583537508725429,138.7932023507481,3.697193255040673,3.6972056666154964,-0.065440033012365,0.6231164037639176,4.114312414283393,-0.41711915924272036
P23_AV1_1_interaction,P23,AV1,1,on_ramp,P23_AV1_1,P23_AV1.1.asc,AV1,60,initiator_active,3267,1,54450.0,54450.0006,1.0,22.3,80.28,194.0,76.472977,-1253.788659,0.0,0.0,0.0,22.3,0.0,0.0,1253.789353,-30.500727,6.27255,1.0,0.0,0.0,0.0,0.0,1234.61253,-33.87906,1021.0,5006.0,0.0,193.0,-0.076237,35.465912,127.677283,35.465439,-0.183088,0.000491,0.828463,0.342336,-0.000964,0.018055,0.764,0.0,0.0,0.0,0.0,0.0,-9999.0,-9999.0,-9999.0,-9999.0,-9999.0,-9999.0,-9999.0,-9999.0,-9999.0,-9999.0,-9999.0,-9999.0,-9999.0,-9999.0,194.0,ramp,spur5,stable_reference,4.277964720179437,-1.5648553883378418,3.4669231932231312,-0.4150541681866183,-0.4150541681866183,3.416666599999997,120.01627151948875,0.16142414169284006,139.16486750078707,3.696243256897496,3.6962064160059063,-0.05656205274304682,0.4220063020707796,4.111284848240912,-0.41504159134341556
P23_AV1_1_interaction,P23,AV1,1,on_ramp,P23_AV1_1,P23_AV1.1.asc,AV1,60,initiator_active,3268,1,54466.67,54466.6674,1.0,22.3,80.28,194.0,76.844673,-1254.160292,0.0,0.0,0.0,22.3,0.0,0.0,1254.161,-30.504611,6.272785,1.0,0.0,0.0,0.0,0.0,1235.203597,-33.878191,1021.0,5006.0,0.0,193.0,-0.072819,35.479904,127.727654,35.479447,-0.180108,0.000473,0.845199,0.332777,-0.001191,0.018055,0.7675,0.0,0.0,0.0,0.0,0.0,-9999.0,-9999.0,-9999.0,-9999.0,-9999.0,-9999.0,-9999.0,-9999.0,-9999.0,-9999.0,-9999.0,-9999.0,-9999.0,-9999.0,194.0,ramp,spur5,stable_reference,4.284387802528179,-1.560163618684831,3.464975048221536,-0.4130097950757038,-0.4130097950757038,3.433333399999996,120.60731171543742,0.1671197911533397,139.53653382598924,3.6953942717187966,3.6953202307707294,-0.0513728507451674,0.26713399772026314,4.108391551899261,-0.412997280180464
P23_AV1_1_interaction,P23,AV1,1,on_ramp,P23_AV1_1,P23_AV1.1.asc,AV1,60,initiator_active,3269,1,54483.33,54483.334,1.0,22.3,80.28,194.0,77.216372,-1254.531923,0.0,0.0,0.0,22.3,0.0,0.0,1254.532647,-30.508438,6.272918,1.0,0.0,0.0,0.0,0.0,1235.794897,-33.877218,1021.0,5006.0,0.0,193.0,-0.069297,35.493962,127.778263,35.493522,-0.176738,0.000451,0.844965,0.322445,-0.001401,0.018055,0.771,0.0,0.0,0.0,0.0,0.0,-9999.0,-9999.0,-9999.0,-9999.0,-9999.0,-9999.0,-9999.0,-9999.0,-9999.0,-9999.0,-9999.0,-9999.0,-9999.0,-9999.0,194.0,ramp,spur5,stable_reference,4.290867862958322,-1.5554148642052237,3.463083902446697,-0.4110321299685749,-0.4110321299685749,3.45,121.19858405434898,0.17292133983418095,139.90819968572674,3.694602284639561,3.6944939835037465,-0.04765755065729138,0.25721557822656127,4.105625018260794,-0.41102273362123265
P23_AV1_1_interaction,P23,AV1,1,on_ramp,P23_AV1_1,P23_AV1.1.asc,AV1,60,initiator_active,3270,1,54500.0,54500.0001,1.0,22.3,80.28,194.0,77.588074,-1254.903553,0.0,0.0,0.0,22.3,0.0,0.0,1254.904294,-30.512233,6.272987,1.0,0.0,0.0,0.0,0.0,1236.386432,-33.876146,1021.0,5006.0,0.0,193.0,-0.065673,35.508023,127.828883,35.507601,-0.173035,0.000426,0.845607,0.310799,-0.001531,0.018369,0.771,0.0,0.0,0.0,0.0,0.0,-9999.0,-9999.0,-9999.0,-9999.0,-9999.0,-9999.0,-9999.0,-9999.0,-9999.0,-9999.0,-9999.0,-9999.0,-9999.0,-9999.0,194.0,ramp,spur5,stable_reference,4.297379911083291,-1.5506341182440166,3.461224756237776,-0.4092790195160774,-0.4092790195160774,3.466666099999995,121.79009057698677,0.17882380423415922,140.27986528415087,3.6938422964933637,3.6937316740144794,-0.04279919533698262,0.3627975351362578,4.103111959738855,-0.4092696632454911
P23_AV1_1_interaction,P23,AV1,1,on_ramp,P23_AV1_1,P23_AV1.1.asc,AV1,60,initiator_active,3271,1,54516.67,54516.6672,1.0,22.3,80.28,194.0,77.959778,-1255.275182,0.0,0.0,0.0,22.3,0.0,0.0,1255.275941,-30.516014,6.273019,1.0,0.0,0.0,0.0,0.0,1236.9782,-33.874977,1021.0,5006.0,0.0,193.0,-0.061952,35.522108,127.879591,35.521706,-0.169052,0.0004,0.847401,0.298592,-0.001592,0.018683,0.77475,0.0,0.0,0.0,0.0,0.0,-9999.0,-9999.0,-9999.0,-9999.0,-9999.0,-9999.0,-9999.0,-9999.0,-9999.0,-9999.0,-9999.0,-9999.0,-9999.0,-9999.0,194.0,ramp,spur5,stable_reference,4.30390595382476,-1.5458393760096087,3.459379609838935,-0.4075378615837757,-0.4075378615837757,3.483333200000001,122.38182929974953,0.18482516808787225,140.65153076825064,3.693096307880367,3.6930673552477744,-0.03556420528219917,0.5105706154274435,4.100626884277045,-0.40753057639667745
P23_AV1_1_interaction,P23,AV1,1,on_ramp,P23_AV1_1,P23_AV1.1.asc,AV1,60,initiator_active,3272,1,54533.33,54533.334,1.0,22.3,80.28,194.0,78.331483,-1255.646812,0.0,0.0,0.0,22.3,0.0,0.0,1255.64759,-30.519714,6.273433,1.0,0.0,0.0,0.0,0.0,1237.570203,-33.873716,1021.0,5006.0,0.0,193.0,-0.058137,35.536284,127.930624,35.535902,-0.16484,0.000373,0.855759,0.284286,-0.001605,0.019782,0.77975,0.0,0.0,0.0,0.0,0.0,-9999.0,-9999.0,-9999.0,-9999.0,-9999.0,-9999.0,-9999.0,-9999.0,-9999.0,-9999.0,-9999.0,-9999.0,-9999.0,-9999.0,194.0,ramp,spur5,stable_reference,4.310513020877747,-1.5409636091928849,3.4576077141929664,-0.4059805219186977,-0.4059805219186977,3.5,122.97380226340078,0.19092044789412468,141.02319759083403,3.692431332898695,3.692546177775715,-0.025779931388470345,0.6451785624143818,4.098404597469452,-0.4059732645707572
P23_AV1_1_interaction,P23,AV1,1,on_ramp,P23_AV1_1,P23_AV1.1.asc,AV1,60,initiator_active,3273,1,54550.0,54550.0001,1.0,22.3,80.28,194.0,78.703192,-1256.01844,0.0,0.0,0.0,22.3,0.0,0.0,1256.019241,-30.523114,6.274239,1.0,0.0,0.0,0.0,0.0,1238.162442,-33.872367,1021.0,5006.0,0.0,193.0,-0.054231,35.550641,127.982306,35.550279,-0.160454,0.000346,0.867468,0.268603,-0.001587,0.021352,0.7835,0.0,0.0,0.0,0.0,0.0,-9999.0,-9999.0,-9999.0,-9999.0,-9999.0,-9999.0,-9999.0,-9999.0,-9999.0,-9999.0,-9999.0,-9999.0,-9999.0,-9999.0,194.0,ramp,spur5,stable_reference,4.317420028028724,-1.53578787609164,3.456132721892617,-0.4041231839772335,-0.4041231839772335,3.516666099999995,123.56601050057148,0.19710565195233382,141.39486396353786,3.6920663642463056,3.692208027686304,-0.01405861415494769,0.7273747073438631,4.096182324077555,-0.40411595983124915
P23_AV1_1_interaction,P23,AV1,1,on_ramp,P23_AV1_1,P23_AV1.1.asc,AV1,60,initiator_active,3274,1,54566.67,54566.6673,1.0,22.3,80.28,194.0,79.074904,-1256.390064,0.0,0.0,0.0,22.3,0.0,0.0,1256.390894,-30.526224,6.274994,1.0,0.0,0.0,0.0,0.0,1238.75492,-33.870933,1021.0,5006.0,0.0,193.0,-0.050238,35.565143,128.034514,35.564801,-0.155933,0.00032,0.873056,0.250961,-0.001538,0.023707,0.7875,0.0,0.0,0.0,0.0,0.0,-9999.0,-9999.0,-9999.0,-9999.0,-9999.0,-9999.0,-9999.0,-9999.0,-9999.0,-9999.0,-9999.0,-9999.0,-9999.0,-9999.0,194.0,ramp,spur5,stable_reference,4.324616979123056,-1.5303221740438782,3.454947736061282,-0.4022618968180022,-0.4022618968180022,3.5333332999999985,124.15845703565961,0.2033778048606416,141.7665299680226,3.6919914022566243,3.6920775714813345,-0.0015340790965439055,0.7321039788603023,4.09424811407913,-0.40225671182250533
P23_AV1_1_interaction,P23,AV1,1,on_ramp,P23_AV1_1,P23_AV1.1.asc,AV1,60,initiator_active,3275,1,54583.33,54583.3343,1.0,22.3,80.28,194.0,79.44662,-1256.761684,0.0,0.0,0.0,22.3,0.0,0.0,1256.76255,-30.529107,6.275556,1.0,0.0,0.0,0.0,0.0,1239.34764,-33.86942,1021.0,5006.0,0.0,193.0,-0.046163,35.579755,128.08712,35.579434,-0.151314,0.000295,0.881598,0.231732,-0.001474,0.02669,0.7925,0.002198,0.0,0.0,0.0,0.0,-9999.0,-9999.0,-9999.0,-9999.0,-9999.0,-9999.0,-9999.0,-9999.0,-9999.0,-9999.0,-9999.0,-9999.0,-9999.0,-9999.0,194.0,ramp,spur5,stable_reference,4.332040926116077,-1.524629463206735,3.453989762723522,-0.4002227759700968,-0.4002227759700968,3.5500002999999998,124.75114491756128,0.20973093131724663,142.13819711871568,3.6921434571962815,3.6921568878696815,0.010345494034766034,0.6288310140694817,4.092361074454336,-0.40021761725805494
P23_AV1_1_interaction,P23,AV1,1,on_ramp,P23_AV1_1,P23_AV1.1.asc,AV1,60,initiator_active,3276,1,54600.0,54600.0005,1.0,22.3,80.28,194.0,79.818339,-1257.1333,0.0,0.0,0.0,22.3,0.0,0.0,1257.134207,-30.531833,6.275933,1.0,0.0,0.0,0.0,0.0,1239.940602,-33.867833,1021.0,5006.0,0.0,193.0,-0.04201,35.594279,128.139406,35.593977,-0.146616,0.000272,0.8712,0.211295,-0.001378,0.030144,0.7925,0.0,0.0,0.0,0.0,0.0,-9999.0,-9999.0,-9999.0,-9999.0,-9999.0,-9999.0,-9999.0,-9999.0,-9999.0,-9999.0,-9999.0,-9999.0,-9999.0,-9999.0,194.0,ramp,spur5,stable_reference,4.339621840466334,-1.518779771090734,3.453187526090855,-0.3982065739926217,-0.3982065739926217,3.5666664999999993,125.3440741871069,0.2161600314888556,142.50986398730683,3.692452515067183,3.692422410964739,0.019427005145004728,0.42234045701012907,4.090655419035145,-0.3982029039679622
P23_AV1_1_interaction,P23,AV1,1,on_ramp,P23_AV1_1,P23_AV1.1.asc,AV1,60,initiator_active,3277,1,54616.67,54616.6673,1.0,22.3,80.28,194.0,80.190061,-1257.504913,0.0,0.0,0.0,22.3,0.0,0.0,1257.505864,-30.534461,6.276165,1.0,0.0,0.0,0.0,0.0,1240.533806,-33.866177,1021.0,5006.0,0.0,193.0,-0.037784,35.609105,128.192778,35.608822,-0.141853,0.000249,0.898344,0.188956,-0.001334,0.034383,0.79775,0.0,0.0,0.0,0.0,0.0,-9999.0,-9999.0,-9999.0,-9999.0,-9999.0,-9999.0,-9999.0,-9999.0,-9999.0,-9999.0,-9999.0,-9999.0,-9999.0,-9999.0,194.0,ramp,spur5,stable_reference,4.347300717131982,-1.5128321050623368,3.452452579912288,-0.396203838043264,-0.396203838043264,3.5833332999999983,125.93724488512672,0.22266010554218024,142.88153005562552,3.692859569670497,3.6928044524264636,0.024423221407076312,0.23149411380136864,4.089059756147084,-0.3962001864765874
P23_AV1_1_interaction,P23,AV1,1,on_ramp,P23_AV1_1,P23_AV1.1.asc,AV1,60,initiator_active,3278,1,54633.33,54633.3336,1.0,22.3,80.28,194.0,80.561785,-1257.876525,0.0,0.0,0.0,22.3,0.0,0.0,1257.877522,-30.537032,6.276296,1.0,0.0,0.0,0.0,0.0,1241.127258,-33.864458,1021.0,5006.0,0.0,193.0,-0.03349,35.624148,128.246931,35.623884,-0.137038,0.000226,0.906122,0.164426,-0.00133,0.039564,0.8005,0.0,0.0,0.0,0.0,0.0,-9999.0,-9999.0,-9999.0,-9999.0,-9999.0,-9999.0,-9999.0,-9999.0,-9999.0,-9999.0,-9999.0,-9999.0,-9999.0,-9999.0,194.0,ramp,spur5,stable_reference,4.355036599608548,-1.506827431135066,3.4517746380877843,-0.3942720769679075,-0.3942720769679075,3.5999995999999954,126.53066306041691,0.22922520267354174,143.25319665844657,3.6933236305393238,3.6932365111453294,0.027143489865196102,0.17861725655569016,4.087593441245604,-0.39426981070627987
P23_AV1_1_interaction,P23,AV1,1,on_ramp,P23_AV1_1,P23_AV1.1.asc,AV1,60,initiator_active,3279,1,54650.0,54650.0009,1.0,22.3,80.28,194.0,80.93351,-1258.248135,0.0,0.0,0.0,22.3,0.0,0.0,1258.24918,-30.539573,6.276364,1.0,0.0,0.0,0.0,0.0,1241.720959,-33.862682,1021.0,5006.0,0.0,193.0,-0.029135,35.639301,128.301484,35.639056,-0.132169,0.000204,0.912168,0.139,-0.001302,0.045059,0.8005,0.0,0.0,0.0,0.0,0.0,-9999.0,-9999.0,-9999.0,-9999.0,-9999.0,-9999.0,-9999.0,-9999.0,-9999.0,-9999.0,-9999.0,-9999.0,-9999.0,-9999.0,194.0,ramp,spur5,stable_reference,4.362802470549007,-1.500792765193807,3.4511266958741267,-0.3925178629922496,-0.3925178629922496,3.6166668999999967,127.12432976194027,0.23584933124903165,143.6248630162863,3.693817690407869,3.6937092450990994,0.03037720838624125,0.2569221610908301,4.086333297221648,-0.39251560681377917
P23_AV1_1_interaction,P23,AV1,1,on_ramp,P23_AV1_1,P23_AV1.1.asc,AV1,60,initiator_active,3280,1,54666.67,54666.667,1.0,22.3,80.28,194.0,81.305237,-1258.619746,0.0,0.0,0.0,22.3,0.0,0.0,1258.620838,-30.542099,6.276395,1.0,0.0,0.0,0.0,0.0,1242.314913,-33.860855,1021.0,5006.0,0.0,193.0,-0.024724,35.654523,128.356283,35.654296,-0.127241,0.000183,0.914423,0.110351,-0.001249,0.051967,0.8005,0.0,0.0,0.0,0.0,0.0,-9999.0,-9999.0,-9999.0,-9999.0,-9999.0,-9999.0,-9999.0,-9999.0,-9999.0,-9999.0,-9999.0,-9999.0,-9999.0,-9999.0,194.0,ramp,spur5,stable_reference,4.370583335721414,-1.4947431032455432,3.450493753465896,-0.3908006695246438,-0.3908006695246438,3.6333329999999986,127.71824903855968,0.24252652413287834,143.99652925163542,3.6943267497762746,3.694249081949328,0.035707428059723156,0.39864928548182543,4.085126267776067,-0.3907995179997923
P23_AV1_1_interaction,P23,AV1,1,on_ramp,P23_AV1_1,P23_AV1.1.asc,AV1,60,initiator_active,3281,1,54683.33,54683.3343,1.0,22.3,80.28,194.0,81.676965,-1258.991356,0.0,0.0,0.0,22.3,0.0,0.0,1258.992496,-30.544619,6.276407,1.0,0.0,0.0,0.0,0.0,1242.90912,-33.858984,1021.0,5006.0,0.0,193.0,-0.020263,35.669789,128.41124,35.669579,-0.122246,0.000163,0.917769,0.080399,-0.001195,0.059346,0.80025,0.0,0.0,0.0,0.0,0.0,-9999.0,-9999.0,-9999.0,-9999.0,-9999.0,-9999.0,-9999.0,-9999.0,-9999.0,-9999.0,-9999.0,-9999.0,-9999.0,-9999.0,194.0,ramp,spur5,stable_reference,4.378370198586601,-1.4886874428944858,3.4498668109798403,-0.3893833621926109,-0.3893833621926109,3.6500003,128.31242094743766,0.24924978155848587,144.36819543798828,3.694841808944623,3.6948995030405496,0.043665733666287565,0.5466247788916303,4.08422402378859,-0.3893822148439665
P23_AV1_1_interaction,P23,AV1,1,on_ramp,P23_AV1_1,P23_AV1.1.asc,AV1,60,initiator_active,3282,1,54700.0,54700.0,1.0,22.3,80.28,194.0,82.048694,-1259.362965,0.0,0.0,0.0,22.3,0.0,0.0,1259.364155,-30.546925,6.277172,1.0,0.0,0.0,0.0,0.0,1243.503581,-33.857076,1021.0,5006.0,0.0,193.0,-0.015761,35.685134,128.466483,35.684942,-0.117134,0.000143,0.923254,0.051742,-0.001155,0.06594,0.80025,0.0,0.0,0.0,0.0,0.0,-9999.0,-9999.0,-9999.0,-9999.0,-9999.0,-9999.0,-9999.0,-9999.0,-9999.0,-9999.0,-9999.0,-9999.0,-9999.0,-9999.0,194.0,ramp,spur5,stable_reference,4.386371006890425,-1.4824178164379611,3.449453870811284,-0.3877520562752208,-0.3877520562752208,3.6666659999999975,128.90684654570282,0.2560121119252896,144.7398608767745,3.6955708691436797,3.6957045769960954,0.05392785056245941,0.6575272562668066,4.083321782877027,-0.38775091373334725
P23_AV1_1_interaction,P23,AV1,1,on_ramp,P23_AV1_1,P23_AV1.1.asc,AV1,60,initiator_active,3283,1,54716.67,54716.6673,1.0,22.3,80.28,194.0,82.420426,-1259.734572,0.0,0.0,0.0,22.3,0.0,0.0,1259.735817,-30.548947,6.277934,1.0,0.0,0.0,0.0,0.0,1244.098298,-33.85514,1021.0,5006.0,0.0,193.0,-0.011223,35.700574,128.522068,35.700399,-0.111855,0.000124,0.928728,0.021976,-0.001123,0.072848,0.8005,0.0,0.0,0.0,0.0,0.0,-9999.0,-9999.0,-9999.0,-9999.0,-9999.0,-9999.0,-9999.0,-9999.0,-9999.0,-9999.0,-9999.0,-9999.0,-9999.0,-9999.0,194.0,ramp,spur5,stable_reference,4.394655789174347,-1.475864196365455,3.4493249422391283,-0.3860804420001095,-0.3860804420001095,3.6833332999999984,129.50152790678334,0.2628045318654642,145.11152699630463,3.696583944371547,3.6966970980701674,0.06558322335233413,0.6971461560075847,4.082663824197124,-0.3860798798255769
P23_AV1_1_interaction,P23,AV1,1,on_ramp,P23_AV1_1,P23_AV1.1.asc,AV1,60,initiator_active,3284,1,54733.33,54733.3341,1.0,22.3,80.28,194.0,82.792159,-1260.106172,0.0,0.0,0.0,22.3,0.0,0.0,1260.107479,-30.550721,6.278558,1.0,0.0,0.0,0.0,0.0,1244.693272,-33.853183,1021.0,5006.0,0.0,193.0,-0.006657,35.716108,128.577988,35.715949,-0.106377,0.000105,0.934205,-0.008018,-0.001097,0.079599,0.8005,0.0,0.0,0.0,0.0,0.0,-9999.0,-9999.0,-9999.0,-9999.0,-9999.0,-9999.0,-9999.0,-9999.0,-9999.0,-9999.0,-9999.0,-9999.0,-9999.0,-9999.0,194.0,ramp,spur5,stable_reference,4.403188476093143,-1.4690626423105544,3.4494440104499837,-0.3841851244624153,-0.3841851244624153,3.7000000999999973,130.09646608780756,0.26962004977844306,145.48319109065616,3.697845011330425,3.6978907286875136,0.07716659239103763,0.6327216033865275,4.082029576378093,-0.38418456504766807
P23_AV1_1_interaction,P23,AV1,1,on_ramp,P23_AV1_1,P23_AV1.1.asc,AV1,60,initiator_active,3285,1,54750.0,54750.0002,1.0,22.3,80.28,194.0,83.163894,-1260.477769,0.0,0.0,0.0,22.3,0.0,0.0,1260.479142,-30.552313,6.279001,1.0,0.0,0.0,0.0,0.0,1245.288505,-33.851211,1021.0,5006.0,0.0,193.0,-0.002071,35.731741,128.634266,35.731599,-0.100652,8.7e-05,0.940488,-0.035985,-0.001073,0.085094,0.80025,0.0,0.0,0.0,0.0,0.0,-9999.0,-9999.0,-9999.0,-9999.0,-9999.0,-9999.0,-9999.0,-9999.0,-9999.0,-9999.0,-9999.0,-9999.0,-9999.0,-9999.0,194.0,ramp,spur5,stable_reference,4.411903120755755,-1.4620791136317977,3.4497450813934365,-0.3823642944579164,-0.3823642944579164,3.7166661999999997,130.69166313770555,0.27645268219637953,145.85485469875442,3.699288080386975,3.699269276608782,0.086673756468997,0.47795128950944354,4.081652285888203,-0.38236420550122796
P23_AV1_1_interaction,P23,AV1,1,on_ramp,P23_AV1_1,P23_AV1.1.asc,AV1,60,initiator_active,3286,1,54766.67,54766.6668,1.0,22.3,80.28,194.0,83.535631,-1260.849361,0.0,0.0,0.0,22.3,0.0,0.0,1260.850806,-30.553786,6.279284,1.0,0.0,0.0,0.0,0.0,1245.883998,-33.849234,1021.0,5006.0,0.0,193.0,0.002529,35.747445,128.690801,35.74732,-0.094637,6.9e-05,0.942686,-0.064315,-0.001042,0.090432,0.80025,0.0,0.0,0.0,0.0,0.0,-9999.0,-9999.0,-9999.0,-9999.0,-9999.0,-9999.0,-9999.0,-9999.0,-9999.0,-9999.0,-9999.0,-9999.0,-9999.0,-9999.0,194.0,ramp,spur5,stable_reference,4.420736747388005,-1.4549765935585666,3.4501725351592327,-0.3805486995487946,-0.3805486995487946,3.7333327999999963,131.28712013810423,0.2832924376187322,146.22651833506035,3.7008501536417944,3.7007798029678955,0.09309790683953167,0.3365599019200287,4.081398764656297,-0.3805486110145022
P23_AV1_1_interaction,P23,AV1,1,on_ramp,P23_AV1_1,P23_AV1.1.asc,AV1,60,initiator_active,3287,1,54783.33,54783.3342,1.0,22.3,80.28,194.0,83.907368,-1261.220952,0.0,0.0,0.0,22.3,0.0,0.0,1261.22247,-30.555187,6.279451,1.0,0.0,0.0,0.0,0.0,1246.479753,-33.847259,1021.0,5006.0,0.0,193.0,0.007135,35.7632,128.747521,35.763091,-0.088302,5.2e-05,0.947212,-0.089753,-0.001013,0.094043,0.80025,0.0,0.0,0.0,0.0,0.0,-9999.0,-9999.0,-9999.0,-9999.0,-9999.0,-9999.0,-9999.0,-9999.0,-9999.0,-9999.0,-9999.0,-9999.0,-9999.0,-9999.0,194.0,ramp,spur5,stable_reference,4.429642346333599,-1.4478020926517483,3.45067530387281,-0.3787883976070338,-0.3787883976070338,3.750000199999995,131.88283914609923,0.2901323326109961,146.59818138341123,3.702484224495936,3.7023726061810054,0.09789256601266061,0.30980843998268437,4.081272620196277,-0.3787883957003406
P23_AV1_1_interaction,P23,AV1,1,on_ramp,P23_AV1_1,P23_AV1.1.asc,AV1,60,initiator_active,3288,1,54800.0,54800.0008,1.0,22.3,80.28,194.0,84.279106,-1261.592541,0.0,0.0,0.0,22.3,0.0,0.0,1261.594134,-30.556549,6.279542,1.0,0.0,0.0,0.0,0.0,1247.07577,-33.845293,1021.0,5006.0,0.0,193.0,0.011739,35.779036,128.804531,35.778943,-0.081614,3.5e-05,0.951606,-0.113637,-0.000978,0.096555,0.80025,0.0,0.0,0.0,0.0,0.0,-9999.0,-9999.0,-9999.0,-9999.0,-9999.0,-9999.0,-9999.0,-9999.0,-9999.0,-9999.0,-9999.0,-9999.0,-9999.0,-9999.0,194.0,ramp,spur5,stable_reference,4.4385869302822645,-1.4405886021267214,3.451217072074753,-0.3771526192402874,-0.3771526192402874,3.766666799999999,132.47882021885263,0.29696536740656426,146.9698441132864,3.7041572940497143,3.704042950037726,0.10342502595229064,0.3962263047566834,4.081309911391543,-0.3771526173418285
P23_AV1_1_interaction,P23,AV1,1,on_ramp,P23_AV1_1,P23_AV1.1.asc,AV1,60,initiator_active,3289,1,54816.67,54816.6667,1.0,22.3,80.28,194.0,84.650844,-1261.964129,0.0,0.0,0.0,22.3,0.0,0.0,1261.965798,-30.55789,6.279586,1.0,0.0,0.0,0.0,0.0,1247.672051,-33.843344,1021.0,5006.0,0.0,193.0,0.016336,35.794917,128.861702,35.79484,-0.07456,1.9e-05,0.952938,-0.134654,-0.000937,0.09734,0.80025,0.0,0.0,0.0,0.0,0.0,-9999.0,-9999.0,-9999.0,-9999.0,-9999.0,-9999.0,-9999.0,-9999.0,-9999.0,-9999.0,-9999.0,-9999.0,-9999.0,-9999.0,194.0,ramp,spur5,stable_reference,4.447552506155652,-1.433354117191901,3.45177984000121,-0.3755590589601086,-0.3755590589601086,3.783332699999999,133.07506542162656,0.3037835586042594,147.3415066716747,3.705851362903297,3.705820016373064,0.11109968932952086,0.5337668955360049,4.081410254880547,-0.3755588919772497
P23_AV1_1_interaction,P23,AV1,1,on_ramp,P23_AV1_1,P23_AV1.1.asc,AV1,60,initiator_active,3290,1,54833.33,54833.3339,1.0,22.3,80.28,194.0,85.022583,-1262.335717,0.0,0.0,0.0,22.3,0.0,0.0,1262.337463,-30.559145,6.280015,1.0,0.0,0.0,0.0,0.0,1248.268597,-33.841418,1021.0,5006.0,0.0,193.0,0.020918,35.810802,128.918888,35.810739,-0.067152,4e-06,0.952657,-0.154737,-0.000884,0.096555,0.8005,0.0,0.0,0.0,0.0,0.0,-9999.0,-9999.0,-9999.0,-9999.0,-9999.0,-9999.0,-9999.0,-9999.0,-9999.0,-9999.0,-9999.0,-9999.0,-9999.0,-9999.0,194.0,ramp,spur5,stable_reference,4.4566040766884,-1.4260336320780116,3.451418937653086,-0.3741294637378196,-0.3741294637378196,3.799999899999995,133.67157580338352,0.3105809145701928,147.71316952775007,3.707631437055452,3.70774625871666,0.12121732175667432,0.6638203404844392,4.081760734446046,-0.3741292973905943
P23_AV1_1_interaction,P23,AV1,1,on_ramp,P23_AV1_1,P23_AV1.1.asc,AV1,60,initiator_active,3291,1,54850.0,54850.0007,1.0,22.3,80.28,194.0,85.394324,-1262.707303,0.0,0.0,0.0,22.3,0.0,0.0,1262.709128,-30.560094,6.28084,1.0,0.0,0.0,0.0,0.0,1248.865408,-33.839522,1021.0,5006.0,0.0,193.0,0.02548,35.826674,128.976025,35.826624,-0.059423,-1e-05,0.951494,-0.172965,-0.000825,0.095142,0.80025,0.0,0.0,0.0,0.0,0.0,-9999.0,-9999.0,-9999.0,-9999.0,-9999.0,-9999.0,-9999.0,-9999.0,-9999.0,-9999.0,-9999.0,-9999.0,-9999.0,-9999.0,194.0,ramp,spur5,stable_reference,4.465961529552888,-1.4184072284213312,3.443960825758548,-0.3723938764980634,-0.3723938764980634,3.8166666999999945,134.26835142128587,0.3173504355377454,148.0848298850161,3.7097175010047456,3.7098606700593706,0.13322743113431557,0.7438804254006453,4.08211121192727,-0.37239371092252416
P23_AV1_1_interaction,P23,AV1,1,on_ramp,P23_AV1_1,P23_AV1.1.asc,AV1,60,initiator_active,3292,1,54866.67,54866.6675,1.0,22.3,80.28,194.0,85.766064,-1263.078882,0.0,0.0,0.0,22.3,0.0,0.0,1263.080795,-30.560746,6.28161,1.0,0.0,0.0,0.0,0.0,1249.462483,-33.837662,1021.0,5006.0,0.0,193.0,0.030015,35.842523,129.033083,35.842486,-0.051407,-2.3e-05,0.95018,-0.18829,-0.000761,0.092316,0.79975,0.0,0.0,0.0,0.0,0.0,-9999.0,-9999.0,-9999.0,-9999.0,-9999.0,-9999.0,-9999.0,-9999.0,-9999.0,-9999.0,-9999.0,-9999.0,-9999.0,-9999.0,194.0,ramp,spur5,stable_reference,4.475615923668973,-1.410483857681523,3.4367996332831976,-0.3706636846134405,-0.3706636846134405,3.8333335000000006,134.86539132436354,0.3240861135409484,148.45648981690096,3.712100571383346,3.7121872086151195,0.14601353430481367,0.7434017544561291,4.082763665295615,-0.37066309391226904
P23_AV1_1_interaction,P23,AV1,1,on_ramp,P23_AV1_1,P23_AV1.1.asc,AV1,60,initiator_active,3293,1,54883.33,54883.334,1.0,22.3,80.28,194.0,86.137804,-1263.450455,0.0,0.0,0.0,22.3,0.0,0.0,1263.452461,-30.561167,6.282184,1.0,0.0,0.0,0.0,0.0,1250.059823,-33.835845,1021.0,5006.0,0.0,193.0,0.034518,35.858352,129.090068,35.858326,-0.043156,-3.5e-05,0.949124,-0.202688,-0.000691,0.088862,0.799,0.0,0.0,0.0,0.0,0.0,-9999.0,-9999.0,-9999.0,-9999.0,-9999.0,-9999.0,-9999.0,-9999.0,-9999.0,-9999.0,-9999.0,-9999.0,-9999.0,-9999.0,194.0,ramp,spur5,stable_reference,4.485501201227565,-1.4023295715061728,3.429869422891333,-0.3687131497978398,-0.3687131497978398,3.85,135.46269656974516,0.33078095697923693,148.82814686246314,3.7147146258937456,3.7147277791490465,0.15800747909098334,0.6372908638095174,4.083427188098847,-0.3687125622051015
P23_AV1_1_interaction,P23,AV1,1,on_ramp,P23_AV1_1,P23_AV1.1.asc,AV1,60,initiator_active,3294,1,54900.0,54900.0006,1.0,22.3,80.28,194.0,86.509543,-1263.822023,0.0,0.0,0.0,22.3,0.0,0.0,1263.824128,-30.561428,6.282568,1.0,0.0,0.0,0.0,0.0,1250.657426,-33.834075,1021.0,5006.0,0.0,193.0,0.038983,35.874163,129.146987,35.874146,-0.034754,-4.6e-05,0.947958,-0.216659,-0.000612,0.085094,0.799,0.0,0.0,0.0,0.0,0.0,-9999.0,-9999.0,-9999.0,-9999.0,-9999.0,-9999.0,-9999.0,-9999.0,-9999.0,-9999.0,-9999.0,-9999.0,-9999.0,-9999.0,194.0,ramp,spur5,stable_reference,4.495546444989773,-1.3940153048505664,3.4230991704452256,-0.3647826354450484,-0.3647826354450484,3.8666665999999967,136.06026519016154,0.337430949653892,149.19980360142503,3.717488683235359,3.7174540888307543,0.1672563979266073,0.4455746043518092,4.082266963869254,-0.3647782806338955
P23_AV1_1_interaction,P23,AV1,1,on_ramp,P23_AV1_1,P23_AV1.1.asc,AV1,60,initiator_active,3295,1,54916.67,54916.6667,1.0,22.3,80.28,194.0,86.881282,-1264.193587,0.0,0.0,0.0,22.3,0.0,0.0,1264.195794,-30.561589,6.282804,1.0,0.0,0.0,0.0,0.0,1251.255294,-33.832359,1021.0,5006.0,0.0,193.0,0.043407,35.889951,129.203824,35.889941,-0.026297,-5.5e-05,0.946576,-0.231319,-0.000524,0.08164,0.79625,0.0,0.0,0.0,0.0,0.0,-9999.0,-9999.0,-9999.0,-9999.0,-9999.0,-9999.0,-9999.0,-9999.0,-9999.0,-9999.0,-9999.0,-9999.0,-9999.0,-9999.0,194.0,ramp,spur5,stable_reference,4.505691622568796,-1.3856010878872178,3.4164289201750906,-0.3600926016201193,-0.3600926016201193,3.883332699999999,136.65809924270857,0.34402910813040344,149.5714585238161,3.720362729076658,3.7203028828071067,0.1728597930665643,0.27306879368785086,4.080451031875711,-0.36008830279905313
P23_AV1_1_interaction,P23,AV1,1,on_ramp,P23_AV1_1,P23_AV1.1.asc,AV1,60,initiator_active,3296,1,54933.33,54933.3342,1.0,22.3,80.28,131.0,0.071596,-1264.565149,0.0,0.0,0.0,22.3,0.0,0.0,1264.567461,-30.561692,6.282937,1.0,0.0,0.0,0.0,0.0,1251.853425,-33.830701,1021.0,5006.0,0.0,193.0,0.047783,35.905717,129.260582,35.905713,-0.01788,-6.2e-05,0.945355,-0.24612,-0.000429,0.078343,0.79325,0.0,0.0,0.0,0.0,0.0,-9999.0,-9999.0,-9999.0,-9999.0,-9999.0,-9999.0,-9999.0,-9999.0,-9999.0,-9999.0,-9999.0,-9999.0,-9999.0,-9999.0,131.0,ramp,spur5,stable_reference,4.515894805574202,-1.377128863291205,3.404220449845637,-0.3588837230660827,-0.3588837230660827,3.900000199999995,137.25619676011684,0.3505714162100502,149.94311397254344,3.7232947811501282,3.7232161334229037,0.17635858705068586,0.2108878220124124,4.082152741993599,-0.35885796084347055
P23_AV1_1_interaction,P23,AV1,1,on_ramp,P23_AV1_1,P23_AV1.1.asc,AV1,60,initiator_active,3297,1,54950.0,54950.001,1.0,22.3,80.28,131.0,0.445416,-1264.93671,0.0,0.0,0.0,22.3,0.0,0.0,1264.939128,-30.561764,6.283006,1.0,0.0,0.0,0.0,0.0,1252.451818,-33.829107,1021.0,5006.0,0.0,193.0,0.052107,35.921462,129.317263,35.921461,-0.009585,-6.9e-05,0.944138,-0.260853,-0.000333,0.075203,0.78775,0.0,0.0,0.0,0.0,0.0,-9999.0,-9999.0,-9999.0,-9999.0,-9999.0,-9999.0,-9999.0,-9999.0,-9999.0,-9999.0,-9999.0,-9999.0,-9999.0,-9999.0,131.0,ramp,spur5,stable_reference,4.526128976658966,-1.3686256469473983,3.390498021406261,-0.3603739821416686,-0.3603739821416686,3.916666999999994,137.85455679141612,0.3570518659268476,150.31476916812323,3.726257832189973,3.7261816706542703,0.17988958963294976,0.2438105873032983,4.0866059451318,-0.3603481129418271
P23_AV1_1_interaction,P23,AV1,1,on_ramp,P23_AV1_1,P23_AV1.1.asc,AV1,60,initiator_active,3298,1,54966.67,54966.6667,1.0,22.3,80.28,131.0,0.819187,-1265.30827,0.0,0.0,0.0,22.3,0.0,0.0,1265.310794,-30.561821,6.283038,1.0,0.0,0.0,0.0,0.0,1253.050475,-33.827583,1021.0,5006.0,0.0,193.0,0.056374,35.937187,129.373873,35.937187,-0.001492,-7.3e-05,0.943065,-0.276337,-0.00024,0.072691,0.7795,0.002198,0.0,0.0,0.0,0.0,-9999.0,-9999.0,-9999.0,-9999.0,-9999.0,-9999.0,-9999.0,-9999.0,-9999.0,-9999.0,-9999.0,-9999.0,-9999.0,-9999.0,131.0,ramp,spur5,stable_reference,4.536378114246163,-1.360107457668848,3.390397172736028,-0.3596941518857532,-0.3596941518857532,3.933332699999999,138.4531813855359,0.3634644738129454,150.68642324124585,3.7292358745636367,3.7292122988601726,0.18448533315961413,0.3166371682722904,4.088927692594173,-0.3596918180305364
P23_AV1_1_interaction,P23,AV1,1,on_ramp,P23_AV1_1,P23_AV1.1.asc,AV1,60,initiator_active,3299,1,54983.33,54983.3334,1.0,22.3,80.28,131.0,1.192909,-1265.679829,0.0,0.0,0.0,22.3,0.0,0.0,1265.682461,-30.561827,6.283293,1.0,0.0,0.0,0.0,0.0,1253.649393,-33.826132,1021.0,5006.0,0.0,193.0,0.060579,35.952644,129.429519,35.952644,0.006329,-7.5e-05,0.922026,-0.291713,-0.000124,0.070493,0.7675,0.0,0.0,0.0,0.0,0.0,-9999.0,-9999.0,-9999.0,-9999.0,-9999.0,-9999.0,-9999.0,-9999.0,-9999.0,-9999.0,-9999.0,-9999.0,-9999.0,-9999.0,131.0,ramp,spur5,stable_reference,4.546678259951504,-1.351538258894235,3.3920848416763048,-0.3580039487037318,-0.3580039487037318,3.9499994000000007,139.05206756707432,0.36980621547022857,151.05807789786704,3.7322649234028633,3.732331014847627,0.19044394813624876,0.3907843851082964,4.090266549218167,-0.35800162581530337
P23_AV1_1_interaction,P23,AV1,1,on_ramp,P23_AV1_1,P23_AV1.1.asc,AV1,60,initiator_active,3300,1,55000.0,55000.0001,1.0,22.3,80.28,131.0,1.566583,-1266.051388,0.0,0.0,0.0,22.3,0.0,0.0,1266.054127,-30.56165,6.283783,1.0,0.0,0.0,0.0,0.0,1254.24857,-33.824761,1021.0,5006.0,0.0,193.0,0.064718,35.968237,129.485652,35.968234,0.013825,-7.7e-05,0.940245,-0.307306,-7.1e-05,0.068766,0.7675,0.0,0.0,0.0,0.0,0.0,-9999.0,-9999.0,-9999.0,-9999.0,-9999.0,-9999.0,-9999.0,-9999.0,-9999.0,-9999.0,-9999.0,-9999.0,-9999.0,-9999.0,131.0,ramp,spur5,stable_reference,4.557161307557103,-1.342786131906477,3.393930237258905,-0.3561810110172264,-0.3561810110172264,3.966666099999995,139.65121339326052,0.3760700748000226,151.42973006013563,3.7354769579743383,3.735560443160977,0.19751150538218099,0.43799452048282905,4.091655460631536,-0.3561785026571975
P23_AV1_1_interaction,P23,AV1,1,on_ramp,P23_AV1_1,P23_AV1.1.asc,AV1,60,initiator_active,3301,1,55016.67,55016.6668,1.0,22.3,80.28,131.0,1.940208,-1266.422942,0.0,0.0,0.0,22.3,0.0,0.0,1266.425794,-30.561298,6.284239,1.0,0.0,0.0,0.0,0.0,1254.848007,-33.823474,1021.0,5006.0,0.0,193.0,0.068786,35.983912,129.542082,35.983905,0.020957,-7.8e-05,0.940624,-0.321575,-7.2e-05,0.066882,0.755,0.0,0.0,0.0,0.0,0.0,-9999.0,-9999.0,-9999.0,-9999.0,-9999.0,-9999.0,-9999.0,-9999.0,-9999.0,-9999.0,-9999.0,-9999.0,-9999.0,-9999.0,131.0,ramp,spur5,stable_reference,4.567819315598275,-1.3338590284314715,3.39593681243915,-0.3541970878739662,-0.3541970878739662,3.9833327999999963,140.25061989672528,0.3822520601017431,151.80138179331325,3.7388639948768847,3.738914744861133,0.20504379468530942,0.4405633550281811,4.093058279834743,-0.3541942849578583
P23_AV1_1_interaction,P23,AV1,1,on_ramp,P23_AV1_1,P23_AV1.1.asc,AV1,60,initiator_active,3302,1,55033.33,55033.3341,1.0,22.3,80.28,131.0,2.313783,-1266.794492,0.0,0.0,0.0,22.3,0.0,0.0,1266.79746,-30.560809,6.284579,1.0,0.0,0.0,0.0,0.0,1255.447705,-33.822277,1021.0,5006.0,0.0,193.0,0.072778,35.999575,129.598471,35.999565,0.027696,-7.9e-05,0.939627,-0.336145,-5.5e-05,0.065626,0.742,0.0,0.0,0.0,0.0,0.0,-9999.0,-9999.0,-9999.0,-9999.0,-9999.0,-9999.0,-9999.0,-9999.0,-9999.0,-9999.0,-9999.0,-9999.0,-9999.0,-9999.0,131.0,ramp,spur5,stable_reference,4.578614243228402,-1.3247949844981095,3.397980069533379,-0.3521516224125596,-0.3521516224125596,4.000000099999998,140.85028812643134,0.38834617974147495,152.17303140777648,3.742388019045443,3.742395377556413,0.2121972306107267,0.3783974016049232,4.094536854728555,-0.35214883568311217
P23_AV1_1_interaction,P23,AV1,1,on_ramp,P23_AV1_1,P23_AV1.1.asc,AV1,60,initiator_active,3303,1,55050.0,55050.0005,1.0,22.3,80.28,131.0,2.687309,-1267.166038,0.0,0.0,0.0,22.3,0.0,0.0,1267.169127,-30.560226,6.284806,1.0,0.0,0.0,0.0,0.0,1256.047665,-33.821173,1021.0,5006.0,0.0,193.0,0.076691,36.015215,129.654774,36.015199,0.034017,-8e-05,0.93805,-0.348659,-2.5e-05,0.063899,0.72875,0.0,0.0,0.0,0.0,0.0,-9999.0,-9999.0,-9999.0,-9999.0,-9999.0,-9999.0,-9999.0,-9999.0,-9999.0,-9999.0,-9999.0,-9999.0,-9999.0,-9999.0,131.0,ramp,spur5,stable_reference,4.589503162441583,-1.3156369425152998,3.400067255049669,-0.3500539447254324,-0.3500539447254324,4.0166664999999995,141.45021910684363,0.3943494419852973,152.54468125459823,3.746006048245828,3.745988057626338,0.2176572715751206,0.2529789888551113,4.096056675920888,-0.3500506276750599
P23_AV1_1_interaction,P23,AV1,1,on_ramp,P23_AV1_1,P23_AV1.1.asc,AV1,60,initiator_active,3304,1,55066.67,55066.6669,1.0,22.3,80.28,131.0,3.060786,-1267.537582,0.0,0.0,0.0,22.3,0.0,0.0,1267.540793,-30.559583,6.284945,1.0,0.0,0.0,0.0,0.0,1256.647885,-33.820168,1021.0,5006.0,0.0,193.0,0.08052,36.030831,129.71099,36.030809,0.039923,-8e-05,0.936938,-0.359076,4e-06,0.061701,0.71375,0.0,0.0,0.0,0.0,0.0,-9999.0,-9999.0,-9999.0,-9999.0,-9999.0,-9999.0,-9999.0,-9999.0,-9999.0,-9999.0,-9999.0,-9999.0,-9999.0,-9999.0,131.0,ramp,spur5,stable_reference,4.6004520308530426,-1.306418939576744,3.4020977791657816,-0.3479938719303275,-0.3479938719303275,4.033332899999994,142.05041088702507,0.4002558307011817,152.91632961149085,3.7496840672796123,3.749650503858372,0.22062972865043662,0.13790505140348497,4.097674641680459,-0.34799057440084624
P23_AV1_1_interaction,P23,AV1,1,on_ramp,P23_AV1_1,P23_AV1.1.asc,AV1,60,initiator_active,3305,1,55083.33,55083.3341,1.0,22.3,80.28,131.0,3.434214,-1267.909125,0.0,0.0,0.0,22.3,0.0,0.0,1267.912459,-30.558906,6.285024,1.0,0.0,0.0,0.0,0.0,1257.248366,-33.819264,1021.0,5006.0,0.0,193.0,0.084263,36.046408,129.76707,36.04638,0.045406,-8e-05,0.933637,-0.368049,2.6e-05,0.059346,0.69825,0.0,0.0,0.0,0.0,0.0,-9999.0,-9999.0,-9999.0,-9999.0,-9999.0,-9999.0,-9999.0,-9999.0,-9999.0,-9999.0,-9999.0,-9999.0,-9999.0,-9999.0,131.0,ramp,spur5,stable_reference,4.611434886190262,-1.2971669456889852,3.40416209566037,-0.3459138504657331,-0.3459138504657331,4.050000099999997,142.65086448327432,0.40606335412186045,153.28797769073802,3.7533960851797445,3.753342442156416,0.222254078682667,0.10870189329700342,4.099306542996116,-0.3459104578163714
P23_AV1_1_interaction,P23,AV1,1,on_ramp,P23_AV1_1,P23_AV1.1.asc,AV1,60,initiator_active,3306,1,55100.0,55100.0007,1.0,22.3,80.28,131.0,3.807594,-1268.280667,0.0,0.0,0.0,22.3,0.0,0.0,1268.284125,-30.55821,6.285065,1.0,0.0,0.0,0.0,0.0,1257.849107,-33.818465,1021.0,5006.0,0.0,193.0,0.087915,36.061912,129.822883,36.061877,0.050453,-7.9e-05,0.928697,-0.375558,3.7e-05,0.056834,0.69825,0.0,0.0,0.0,0.0,0.0,-9999.0,-9999.0,-9999.0,-9999.0,-9999.0,-9999.0,-9999.0,-9999.0,-9999.0,-9999.0,-9999.0,-9999.0,-9999.0,-9999.0,131.0,ramp,spur5,stable_reference,4.622436734221277,-1.28789595685903,3.4062452051354235,-0.3438288748172235,-0.3438288748172235,4.0666666999999945,143.25157892828898,0.41176800421464393,153.6596256148304,3.757127102446367,3.757059075972537,0.224253162328651,0.16016992144743192,4.1009526050632275,-0.3438255026168604
P23_AV1_1_interaction,P23,AV1,1,on_ramp,P23_AV1_1,P23_AV1.1.asc,AV1,60,initiator_active,3307,1,55116.67,55116.6676,1.0,22.3,80.28,131.0,4.180926,-1268.652208,0.0,0.0,0.0,22.3,0.0,0.0,1268.655791,-30.557506,6.285084,1.0,0.0,0.0,0.0,0.0,1258.450106,-33.817774,1021.0,5006.0,0.0,193.0,0.091476,36.077305,129.878298,36.077263,0.055018,-7.8e-05,0.920836,-0.38717,4.8e-05,0.056834,0.69825,0.0,0.0,0.0,0.0,0.0,-9999.0,-9999.0,-9999.0,-9999.0,-9999.0,-9999.0,-9999.0,-9999.0,-9999.0,-9999.0,-9999.0,-9999.0,-9999.0,-9999.0,131.0,ramp,spur5,stable_reference,4.633446579175997,-1.2786169701586672,3.408278046674034,-0.3417944443773555,-0.3417944443773555,4.083333599999998,143.8525522466339,0.4173667647474967,154.03127347359438,3.7608661194462463,3.76081758569545,0.2275931268941065,0.25017916117323225,4.102656862296704,-0.34179074285045763
P23_AV1_1_interaction,P23,AV1,1,on_ramp,P23_AV1_1,P23_AV1.1.asc,AV1,60,initiator_active,3308,1,55133.33,55133.3341,1.0,22.3,80.28,131.0,4.554208,-1269.023749,0.0,0.0,0.0,22.3,0.0,0.0,1269.027457,-30.556798,6.285091,1.0,0.0,0.0,0.0,0.0,1259.051361,-33.817194,1021.0,5006.0,0.0,193.0,0.094942,36.092527,129.933097,36.092479,0.059175,-7.8e-05,0.908964,-0.386629,3.3e-05,0.051653,0.672,0.0,0.0,0.0,0.0,0.0,-9999.0,-9999.0,-9999.0,-9999.0,-9999.0,-9999.0,-9999.0,-9999.0,-9999.0,-9999.0,-9999.0,-9999.0,-9999.0,-9999.0,131.0,ramp,spur5,stable_reference,4.644460422592575,-1.2693339845231135,3.4102898335193443,-0.3397810987020812,-0.3397810987020812,4.100000099999997,144.45378246287387,0.4228566194883471,154.40292129969424,3.764609136312755,3.7646455270400097,0.23259244455290684,0.3432678458110132,4.104386555291843,-0.33977741897908764
P23_AV1_1_interaction,P23,AV1,1,on_ramp,P23_AV1_1,P23_AV1.1.asc,AV1,60,initiator_active,3309,1,55150.0,55150.0006,1.0,22.3,80.28,131.0,4.927443,-1269.395291,0.0,0.0,0.0,22.3,0.0,0.0,1269.399122,-30.555956,6.285572,1.0,0.0,0.0,0.0,0.0,1259.652871,-33.816726,1021.0,5006.0,0.0,193.0,0.098312,36.107497,129.986989,36.107442,0.062837,-7.7e-05,0.891604,-0.392224,5e-06,0.049926,0.65975,0.0,0.0,0.0,0.0,0.0,-9999.0,-9999.0,-9999.0,-9999.0,-9999.0,-9999.0,-9999.0,-9999.0,-9999.0,-9999.0,-9999.0,-9999.0,-9999.0,-9999.0,131.0,ramp,spur5,stable_reference,4.655608186751714,-1.2599170576306116,3.41233567693355,-0.3377588964921714,-0.3377588964921714,4.116666599999997,145.05526858520818,0.4282365603044967,154.77456703157782,3.7684861405453054,3.768570589649732,0.23903527399852464,0.19227599116197425,4.1062407671270025,-0.3377546265816971
P23_AV1_1_interaction,P23,AV1,1,on_ramp,P23_AV1_1,P23_AV1.1.asc,AV1,60,initiator_active,3310,1,55166.67,55166.6674,1.0,22.3,80.28,131.0,5.300628,-1269.766828,0.0,0.0,0.0,22.3,0.0,0.0,1269.770788,-30.554935,6.286051,1.0,0.0,0.0,0.0,0.0,1260.25463,-33.816373,1021.0,5006.0,0.0,193.0,0.101585,36.122242,130.04007,36.122181,0.06599,-7.8e-05,0.882478,-0.397478,-3.5e-05,0.04867,0.64475,0.0,0.0,0.0,0.0,0.0,-9999.0,-9999.0,-9999.0,-9999.0,-9999.0,-9999.0,-9999.0,-9999.0,-9999.0,-9999.0,-9999.0,-9999.0,-9999.0,-9999.0,131.0,ramp,spur5,stable_reference,4.666934909808286,-1.2503211553156537,3.4145410780239143,-0.3355744485193008,-0.3355744485193008,4.133333399999996,145.65700463833505,0.4335035382997244,155.14621230170624,3.7725421469755522,3.772613363656301,0.23900152126947205,0.47017231206354726,4.108112224633713,-0.3355700776581605
P23_AV1_1_interaction,P23,AV1,1,on_ramp,P23_AV1_1,P23_AV1.1.asc,AV1,60,initiator_active,3311,1,55184.39,55184.3929,1.0,22.3,80.28,131.0,5.673764,-1270.138361,0.0,0.0,0.0,22.3,0.0,0.0,1270.142452,-30.553758,6.286443,1.0,0.0,0.0,0.0,0.0,1260.856636,-33.816136,1021.0,5006.0,0.0,193.0,0.104759,36.136799,130.092475,36.136733,0.068621,-7.9e-05,0.867655,-0.404034,-7.9e-05,0.04867,0.62825,0.0,0.0,0.0,0.0,0.0,-9999.0,-9999.0,-9999.0,-9999.0,-9999.0,-9999.0,-9999.0,-9999.0,-9999.0,-9999.0,-9999.0,-9999.0,-9999.0,-9999.0,131.0,ramp,spur5,stable_reference,4.678417517418097,-1.2405693406724037,3.416827347052947,-0.3332593442046575,-0.3332593442046575,4.151058899999996,146.25898863048738,0.43865653717527736,155.5178542979987,3.776754131872259,3.776782617807746,0.2562371674828796,0.8895049609407231,4.110009135370037,-0.3332550034977779
P23_AV1_1_interaction,P23,AV1,1,on_ramp,P23_AV1_1,P23_AV1.1.asc,AV1,60,initiator_active,3312,1,55200.0,55200.0006,1.0,22.3,80.28,131.0,6.046851,-1270.50989,0.0,0.0,0.0,22.3,0.0,0.0,1270.514117,-30.552467,6.286722,1.0,0.0,0.0,0.0,0.0,1261.458884,-33.816016,1021.0,5006.0,0.0,193.0,0.107833,36.151047,130.14377,36.150978,0.070734,-8e-05,0.847399,-0.409268,-0.000125,0.049298,0.62825,0.0,0.0,0.0,0.0,0.0,-9999.0,-9999.0,-9999.0,-9999.0,-9999.0,-9999.0,-9999.0,-9999.0,-9999.0,-9999.0,-9999.0,-9999.0,-9999.0,-9999.0,131.0,ramp,spur5,stable_reference,4.690014108920226,-1.2307035333037066,3.4192192542908684,-0.330846808768833,-0.330846808768833,4.166666599999997,146.86121556999765,0.443694516134291,155.8894963633288,3.7810801211339387,3.781070835062553,0.26898156181368904,0.29161607182554494,4.111922363557721,-0.330842242423782
P23_AV1_1_interaction,P23,AV1,1,on_ramp,P23_AV1_1,P23_AV1.1.asc,AV1,60,initiator_active,3313,1,55216.67,55216.6673,1.0,22.3,80.28,131.0,6.419888,-1270.881416,0.0,0.0,0.0,22.3,0.0,0.0,1270.885781,-30.551101,6.2869,1.0,0.0,0.0,0.0,0.0,1262.06137,-33.816015,1021.0,5006.0,0.0,193.0,0.110807,36.164934,130.193763,36.164862,0.072356,-8.3e-05,0.825036,-0.414393,-0.000178,0.05024,0.61425,0.0,0.0,0.0,0.0,0.0,-9999.0,-9999.0,-9999.0,-9999.0,-9999.0,-9999.0,-9999.0,-9999.0,-9999.0,-9999.0,-9999.0,-9999.0,-9999.0,-9999.0,131.0,ramp,spur5,stable_reference,4.701685643852592,-1.22076276897226,3.421666387817296,-0.3283984643120963,-0.3283984643120963,4.183333299999998,147.46368147333155,0.4486154425792724,156.26113681623914,3.785481099728877,3.785451204051256,0.26449938264694595,-0.05656990281136487,4.113875031487953,-0.32839393175907583
P23_AV1_1_interaction,P23,AV1,1,on_ramp,P23_AV1_1,P23_AV1.1.asc,AV1,60,initiator_active,3314,1,55233.33,55233.3339,1.0,22.3,80.28,131.0,6.792877,-1271.25294,0.0,0.0,0.0,22.3,0.0,0.0,1271.257445,-30.54969,6.287005,1.0,0.0,0.0,0.0,0.0,1262.664087,-33.816134,1021.0,5006.0,0.0,193.0,0.113679,36.178426,130.242334,36.178352,0.073504,-8.7e-05,0.800402,-0.420053,-0.000355,0.051653,0.60175,0.0,0.0,0.0,0.0,0.0,-9999.0,-9999.0,-9999.0,-9999.0,-9999.0,-9999.0,-9999.0,-9999.0,-9999.0,-9999.0,-9999.0,-9999.0,-9999.0,-9999.0,131.0,ramp,spur5,stable_reference,4.7134021614808,-1.2107770166198166,3.424117356050552,-0.3259602142712235,-0.3259602142712235,4.1999998999999955,148.06637934888863,0.4534182593812749,156.63277690167757,3.7899270768233952,3.7898874719985853,0.2670958578003706,0.14767068686733165,4.115882265078137,-0.325955188254742
P23_AV1_1_interaction,P23,AV1,1,on_ramp,P23_AV1_1,P23_AV1.1.asc,AV1,60,initiator_active,3315,1,55250.02,55250.0243,1.0,22.3,80.28,131.0,7.165817,-1271.624463,0.0,0.0,0.0,22.3,0.0,0.0,1271.629109,-30.548253,6.287062,1.0,0.0,0.0,0.0,0.0,1263.26703,-33.816375,1021.0,5006.0,0.0,193.0,0.116448,36.191491,130.289368,36.191415,0.074216,-9.6e-05,0.774277,-0.424221,-0.000659,0.052909,0.59075,0.0,0.0,0.0,0.0,0.0,-9999.0,-9999.0,-9999.0,-9999.0,-9999.0,-9999.0,-9999.0,-9999.0,-9999.0,-9999.0,-9999.0,-9999.0,-9999.0,-9999.0,131.0,ramp,spur5,stable_reference,4.725144669111051,-1.2007652711885688,3.4265523262385824,-0.3235520959519624,-0.3235520959519624,4.2166902999999945,148.66930421316715,0.4581009257767562,157.0044167747989,3.7943990530510017,3.7943607643420187,0.2694248470348555,0.14128120815602685,4.1179461601175245,-0.3235471070665228
P23_AV1_1_interaction,P23,AV1,1,on_ramp,P23_AV1_1,P23_AV1.1.asc,AV1,60,initiator_active,3316,1,55266.67,55266.6669,1.0,22.3,80.28,131.0,7.538708,-1271.995985,0.0,0.0,0.0,22.3,0.0,0.0,1272.000773,-30.546804,6.28709,1.0,0.0,0.0,0.0,0.0,1263.870191,-33.816739,1021.0,5006.0,0.0,193.0,0.119114,36.204239,130.33526,36.204162,0.074534,-0.000111,0.761789,-0.428979,-0.001091,0.05495,0.5845,0.0,0.0,0.0,0.0,0.0,-9999.0,-9999.0,-9999.0,-9999.0,-9999.0,-9999.0,-9999.0,-9999.0,-9999.0,-9999.0,-9999.0,-9999.0,-9999.0,-9999.0,131.0,ramp,spur5,stable_reference,4.73689917212687,-1.190741528951728,3.4289607268169093,-0.3211705799761805,-0.3211705799761805,4.233332899999994,149.27244807460036,0.4626623764707299,157.3760565499277,3.7988830288784943,3.7988680759210007,0.27180501815257685,0.14246507575034073,4.1200483858047425,-0.32116535692624826
P23_AV1_1_interaction,P23,AV1,1,on_ramp,P23_AV1_1,P23_AV1.1.asc,AV1,60,initiator_active,3317,1,55283.33,55283.3342,1.0,22.3,80.28,131.0,7.911551,-1272.367507,0.0,0.0,0.0,22.3,0.0,0.0,1272.372437,-30.545331,6.287201,1.0,0.0,0.0,0.0,0.0,1264.473565,-33.817225,1021.0,5006.0,0.0,130.0,0.121673,36.216831,130.380591,36.216754,0.074507,-0.000134,0.748305,-0.431479,-0.001567,0.056363,0.583,0.0,0.0,0.0,0.0,0.0,-9999.0,-9999.0,-9999.0,-9999.0,-9999.0,-9999.0,-9999.0,-9999.0,-9999.0,-9999.0,-9999.0,-9999.0,-9999.0,-9999.0,131.0,ramp,spur5,stable_reference,4.748677665913794,-1.1806937931036778,3.431376043885873,-0.3187821586495827,-0.3187821586495827,4.250000199999995,149.87580592518884,0.4671035705996286,157.74769612907147,3.803391003905766,3.803414610529044,0.27417031718701423,0.15846816761987093,4.122167978347217,-0.3187769744414508
P23_AV1_1_interaction,P23,AV1,1,on_ramp,P23_AV1_1,P23_AV1.1.asc,AV1,60,initiator_active,3318,1,55300.0,55300.0009,1.0,22.3,80.28,131.0,8.284346,-1272.739028,0.0,0.0,0.0,22.3,0.0,0.0,1272.7441,-30.543782,6.287404,1.0,0.0,0.0,0.0,0.0,1265.077149,-33.817834,1021.0,5006.0,0.0,130.0,0.123941,36.229017,130.424462,36.228941,0.074205,-0.000164,0.724037,-0.432169,-0.001984,0.057305,0.583,0.0,0.0,0.0,0.0,0.0,-9999.0,-9999.0,-9999.0,-9999.0,-9999.0,-9999.0,-9999.0,-9999.0,-9999.0,-9999.0,-9999.0,-9999.0,-9999.0,-9999.0,131.0,ramp,spur5,stable_reference,4.760532102746424,-1.1705701005590916,3.433817889276941,-0.3163179833285198,-0.3163179833285198,4.266666899999996,150.47937477319854,0.47142348369867537,158.11933408762923,3.8079749682329496,3.8080072676078154,0.2770873761856336,0.17930431038024075,4.124287806100854,-0.31631283786790476
P23_AV1_1_interaction,P23,AV1,1,on_ramp,P23_AV1_1,P23_AV1.1.asc,AV1,60,initiator_active,3319,1,55316.67,55316.6674,1.0,22.3,80.28,131.0,8.657091,-1273.110548,0.0,0.0,0.0,22.3,0.0,0.0,1273.115763,-30.542161,6.28759,1.0,0.0,0.0,0.0,0.0,1265.680936,-33.818568,1021.0,5006.0,0.0,130.0,0.125938,36.240877,130.467158,36.240802,0.073681,-0.000201,0.704632,-0.431553,-0.002307,0.057933,0.58325,0.0,0.0,0.0,0.0,0.0,-9999.0,-9999.0,-9999.0,-9999.0,-9999.0,-9999.0,-9999.0,-9999.0,-9999.0,-9999.0,-9999.0,-9999.0,-9999.0,-9999.0,131.0,ramp,spur5,stable_reference,4.772458511892402,-1.160374427180901,3.4363183285635244,-0.3137915505198205,-0.3137915505198205,4.283333399999996,151.0831476351951,0.47562005867224766,158.4909714582321,3.8126309301594614,3.8126508188455173,0.280147101913343,0.17813582580115828,4.126416827241185,-0.31378589708172333
P23_AV1_1_interaction,P23,AV1,1,on_ramp,P23_AV1_1,P23_AV1.1.asc,AV1,60,initiator_active,3320,1,55333.33,55333.3343,1.0,22.3,80.28,131.0,9.029788,-1273.482065,0.0,0.0,0.0,22.3,0.0,0.0,1273.487426,-30.540484,6.287729,1.0,0.0,0.0,0.0,0.0,1266.28492,-33.819425,1021.0,5006.0,0.0,130.0,0.12767,36.252381,130.508572,36.252308,0.072981,-0.000242,0.681804,-0.429405,-0.002541,0.05809,0.58325,0.0,0.0,0.0,0.0,0.0,-9999.0,-9999.0,-9999.0,-9999.0,-9999.0,-9999.0,-9999.0,-9999.0,-9999.0,-9999.0,-9999.0,-9999.0,-9999.0,-9999.0,131.0,ramp,spur5,stable_reference,4.784440899504321,-1.150122768709916,3.4387987088003364,-0.311310511044054,-0.311310511044054,4.3000003,151.6871184950465,0.47969524645740513,158.8626083715364,3.8173428902187814,3.817345524239742,0.2830252445616992,0.15373309741384844,4.128647792524487,-0.3113049023057055
P23_AV1_1_interaction,P23,AV1,1,on_ramp,P23_AV1_1,P23_AV1.1.asc,AV1,60,initiator_active,3321,1,55350.0,55350.0006,1.0,22.3,80.28,131.0,9.402436,-1273.853581,0.0,0.0,0.0,22.3,0.0,0.0,1273.859089,-30.538768,6.287821,1.0,0.0,0.0,0.0,0.0,1266.889097,-33.820404,1021.0,5006.0,0.0,130.0,0.129143,36.263475,130.548511,36.263403,0.072141,-0.000286,0.656128,-0.426476,-0.002701,0.057933,0.583,0.0,0.0,0.0,0.0,0.0,-9999.0,-9999.0,-9999.0,-9999.0,-9999.0,-9999.0,-9999.0,-9999.0,-9999.0,-9999.0,-9999.0,-9999.0,-9999.0,-9999.0,131.0,ramp,spur5,stable_reference,4.796462272119309,-1.1398321206207236,3.441318088946041,-0.3087905227298648,-0.3087905227298648,4.316666599999997,152.2912833447198,0.483650014356637,159.23424496636522,3.8220938489777367,3.8220849543113333,0.28527154073930205,0.10832372282562197,4.130878807473467,-0.30878495849573007
P23_AV1_1_interaction,P23,AV1,1,on_ramp,P23_AV1_1,P23_AV1.1.asc,AV1,60,initiator_active,3322,1,55366.67,55366.6675,1.0,22.3,80.28,131.0,9.775036,-1274.225096,0.0,0.0,0.0,22.3,0.0,0.0,1274.230751,-30.537029,6.287877,1.0,0.0,0.0,0.0,0.0,1267.493459,-33.821505,1021.0,5006.0,0.0,130.0,0.130364,36.27426,130.587335,36.27419,0.071185,-0.000332,0.644276,-0.423184,-0.002791,0.057619,0.583,0.0,0.0,0.0,0.0,0.0,-9999.0,-9999.0,-9999.0,-9999.0,-9999.0,-9999.0,-9999.0,-9999.0,-9999.0,-9999.0,-9999.0,-9999.0,-9999.0,-9999.0,131.0,ramp,spur5,stable_reference,4.808506608160447,-1.129518501726396,3.443860466876416,-0.3062476654617153,-0.3062476654617153,4.333333500000001,152.89563418448205,0.4874842970416025,159.6058803734083,3.8268677988037685,3.8268545386409096,0.2866359891304029,0.06542530890105169,4.13310994585223,-0.3062421470484611
P23_AV1_1_interaction,P23,AV1,1,on_ramp,P23_AV1_1,P23_AV1.1.asc,AV1,60,initiator_active,3323,1,55383.33,55383.3343,1.0,22.3,80.28,131.0,10.147586,-1274.59661,0.0,0.0,0.0,22.3,0.0,0.0,1274.602414,-30.535276,6.287909,1.0,0.0,0.0,0.0,0.0,1268.098001,-33.822728,1021.0,5006.0,0.0,130.0,0.131338,36.284836,130.625409,36.284768,0.070131,-0.000379,0.628556,-0.419575,-0.002805,0.057305,0.583,0.0,0.0,0.0,0.0,0.0,-9999.0,-9999.0,-9999.0,-9999.0,-9999.0,-9999.0,-9999.0,-9999.0,-9999.0,-9999.0,-9999.0,-9999.0,-9999.0,-9999.0,131.0,ramp,spur5,stable_reference,4.82056496654757,-1.119190863486604,3.4463901907649053,-0.3037174702908715,-0.3037174702908715,4.3500003,153.50016601449985,0.4911980536820865,159.9775166660933,3.8316557563290448,3.831639592289223,0.2874524116466972,0.046088329242307324,4.135367477891499,-0.3037117215624545
P23_AV1_1_interaction,P23,AV1,1,on_ramp,P23_AV1_1,P23_AV1.1.asc,AV1,60,initiator_active,3324,1,55400.0,55400.0001,1.0,22.3,80.28,131.0,10.520089,-1274.968124,0.0,0.0,0.0,22.3,0.0,0.0,1274.974076,-30.533515,6.287926,1.0,0.0,0.0,0.0,0.0,1268.702719,-33.82407,1021.0,5006.0,0.0,130.0,0.132073,36.295108,130.662388,36.295042,0.068999,-0.000425,0.609392,-0.4155,-0.002737,0.056991,0.583,0.002198,0.0,0.0,0.0,0.0,-9999.0,-9999.0,-9999.0,-9999.0,-9999.0,-9999.0,-9999.0,-9999.0,-9999.0,-9999.0,-9999.0,-9999.0,-9999.0,-9999.0,131.0,ramp,spur5,stable_reference,4.832631294128894,-1.108855250448677,3.448898996551732,-0.3012081626253972,-0.3012081626253972,4.366666099999995,154.1048748104082,0.4947942515138805,160.34915189348342,3.8364517054215352,3.8364360741944044,0.28817223876679066,0.047647274442066845,4.137654166814395,-0.30120246139285944
P23_AV1_1_interaction,P23,AV1,1,on_ramp,P23_AV1_1,P23_AV1.1.asc,AV1,60,initiator_active,3325,1,55416.67,55416.6676,1.0,22.3,80.28,131.0,10.892543,-1275.339637,0.0,0.0,0.0,22.3,0.0,0.0,1275.345739,-30.531751,6.287933,1.0,0.0,0.0,0.0,0.0,1269.307607,-33.82553,1021.0,5006.0,0.0,130.0,0.132576,36.304812,130.697323,36.304749,0.067807,-0.000468,0.570354,-0.411062,-0.002567,0.056834,0.583,0.0,0.0,0.0,0.0,0.0,-9999.0,-9999.0,-9999.0,-9999.0,-9999.0,-9999.0,-9999.0,-9999.0,-9999.0,-9999.0,-9999.0,-9999.0,-9999.0,-9999.0,131.0,ramp,spur5,stable_reference,4.84470064828612,-1.0985166151370822,3.451354493168208,-0.2987335221065427,-0.2987335221065427,4.3833335999999985,154.70975456424162,0.4982738415073933,160.7207880963422,3.8412506625800447,3.8412453252281904,0.28904066768899384,0.059808058786252616,4.139978251277435,-0.2987275886973899
P23_AV1_1_interaction,P23,AV1,1,on_ramp,P23_AV1_1,P23_AV1.1.asc,AV1,60,initiator_active,3326,1,55433.33,55433.3343,1.0,22.3,80.28,131.0,11.264948,-1275.711151,0.0,0.0,0.0,22.3,0.0,0.0,1275.717401,-30.529977,6.287981,1.0,0.0,0.0,0.0,0.0,1269.912659,-33.827108,1021.0,5006.0,0.0,130.0,0.132853,36.314384,130.731784,36.314323,0.066567,-0.00051,0.574388,-0.406865,-0.002398,0.056834,0.583,0.0,0.0,0.0,0.0,0.0,-9999.0,-9999.0,-9999.0,-9999.0,-9999.0,-9999.0,-9999.0,-9999.0,-9999.0,-9999.0,-9999.0,-9999.0,-9999.0,-9999.0,131.0,ramp,spur5,stable_reference,4.856779970868465,-1.0881680055597556,3.4537930119553564,-0.2962669540873043,-0.2962669540873043,4.400000299999999,155.31479927619992,0.501636774666366,161.09242321757378,3.8460596112390832,3.846071012819251,0.29016588023239365,0.07331210642984409,4.142320680907912,-0.2962610696688288
P23_AV1_1_interaction,P23,AV1,1,on_ramp,P23_AV1_1,P23_AV1.1.asc,AV1,60,initiator_active,3327,1,55450.0,55450.0006,1.0,22.3,80.28,131.0,11.637305,-1276.082665,0.0,0.0,0.0,22.3,0.0,0.0,1276.089063,-30.52817,6.288072,1.0,0.0,0.0,0.0,0.0,1270.51787,-33.828801,1021.0,5006.0,0.0,130.0,0.132912,36.323884,130.765981,36.323825,0.06529,-0.000548,0.568694,-0.402517,-0.002215,0.056834,0.583,0.0,0.0,0.0,0.0,0.0,-9999.0,-9999.0,-9999.0,-9999.0,-9999.0,-9999.0,-9999.0,-9999.0,-9999.0,-9999.0,-9999.0,-9999.0,-9999.0,-9999.0,131.0,ramp,spur5,stable_reference,4.868892280761092,-1.0777864047670234,3.456288601417699,-0.2937915533785261,-0.2937915533785261,4.416666599999997,155.92000392195138,0.5048860100605606,161.4640580693257,3.8509015587978097,3.8509174240138195,0.29148437549308426,0.08096875866413455,4.144687137839384,-0.293785579041574
P23_AV1_1_interaction,P23,AV1,1,on_ramp,P23_AV1_1,P23_AV1.1.asc,AV1,60,initiator_active,3328,1,55466.67,55466.6667,1.0,22.3,80.28,131.0,12.009613,-1276.454177,0.0,0.0,0.0,22.3,0.0,0.0,1276.460726,-30.526329,6.288157,1.0,0.0,0.0,0.0,0.0,1271.123239,-33.830609,1021.0,5006.0,0.0,130.0,0.132759,36.333328,130.799982,36.333272,0.063992,-0.000582,0.56694,-0.398103,-0.00193,0.056991,0.583,0.0,0.0,0.0,0.0,0.0,-9999.0,-9999.0,-9999.0,-9999.0,-9999.0,-9999.0,-9999.0,-9999.0,-9999.0,-9999.0,-9999.0,-9999.0,-9999.0,-9999.0,131.0,ramp,spur5,stable_reference,4.88103860530899,-1.0673707899528324,3.458818129842728,-0.2912875695054024,-0.2912875695054024,4.433332699999999,156.5253675015299,0.5080215395239245,161.83569364339917,3.8557775133889294,3.855786886339615,0.2928647625407734,0.08081423345524641,4.147059019254104,-0.2912815058651743
P23_AV1_1_interaction,P23,AV1,1,on_ramp,P23_AV1_1,P23_AV1.1.asc,AV1,60,initiator_active,3329,1,55483.33,55483.334,1.0,22.3,80.28,131.0,12.381873,-1276.825689,0.0,0.0,0.0,22.3,0.0,0.0,1276.832388,-30.524463,6.28822,1.0,0.0,0.0,0.0,0.0,1271.728765,-33.832531,1021.0,5006.0,0.0,130.0,0.132401,36.342768,130.833964,36.342714,0.062684,-0.000611,0.567361,-0.393669,-0.001522,0.056834,0.58375,0.0,0.0,0.0,0.0,0.0,-9999.0,-9999.0,-9999.0,-9999.0,-9999.0,-9999.0,-9999.0,-9999.0,-9999.0,-9999.0,-9999.0,-9999.0,-9999.0,-9999.0,131.0,ramp,spur5,stable_reference,4.893209892513953,-1.0569302048659006,3.4613207706932685,-0.2887846440398956,-0.2887846440398956,4.45,157.13088900680242,0.5110443548570813,162.2073280133548,3.8606784589804395,3.8606796039385705,0.2941781838340347,0.07130991711085954,4.149457091482706,-0.2887786325022663
P23_AV1_1_interaction,P23,AV1,1,on_ramp,P23_AV1_1,P23_AV1.1.asc,AV1,60,initiator_active,3330,1,55500.0,55500.0006,1.0,22.3,80.28,131.0,12.754084,-1277.1972,0.0,0.0,0.0,22.3,0.0,0.0,1277.204049,-30.52258,6.288262,1.0,0.0,0.0,0.0,0.0,1272.334449,-33.834564,1021.0,5006.0,0.0,130.0,0.131846,36.352223,130.868002,36.352171,0.061381,-0.000631,0.568494,-0.388946,-0.001005,0.056677,0.58375,0.0,0.0,0.0,0.0,0.0,-9999.0,-9999.0,-9999.0,-9999.0,-9999.0,-9999.0,-9999.0,-9999.0,-9999.0,-9999.0,-9999.0,-9999.0,-9999.0,-9999.0,131.0,ramp,spur5,stable_reference,4.90539814545228,-1.04647264737663,3.463825972454422,-0.2862719710722322,-0.2862719710722322,4.466666599999997,157.73656941323742,0.5139574641260443,162.57896124452094,3.86559639583908,3.8655929916249425,0.2952418106758472,0.05153358028207933,4.151862268342558,-0.2862658725034781
P23_AV1_1_interaction,P23,AV1,1,on_ramp,P23_AV1_1,P23_AV1.1.asc,AV1,60,initiator_active,3331,1,55516.67,55516.6668,1.0,22.3,80.28,131.0,13.126246,-1277.568711,0.0,0.0,0.0,22.3,0.0,0.0,1277.575711,-30.520685,6.288288,1.0,0.0,0.0,0.0,0.0,1272.940289,-33.836707,1021.0,5006.0,0.0,130.0,0.131101,36.361695,130.902103,36.361646,0.060094,-0.000642,0.569248,-0.383977,-0.000415,0.056363,0.5865,0.0,0.0,0.0,0.0,0.0,-9999.0,-9999.0,-9999.0,-9999.0,-9999.0,-9999.0,-9999.0,-9999.0,-9999.0,-9999.0,-9999.0,-9999.0,-9999.0,-9999.0,131.0,ramp,spur5,stable_reference,4.9175984215056765,-1.036003070009499,3.4663021669842973,-0.2837679193879224,-0.2837679193879224,4.483332799999997,158.3424067127357,0.5167618509653845,162.95059537766133,3.8705263404636536,3.8705208398155735,0.2958959521861715,0.03022991425196153,4.15428821462766,-0.2837618741640062
P23_AV1_1_interaction,P23,AV1,1,on_ramp,P23_AV1_1,P23_AV1.1.asc,AV1,60,initiator_active,3332,1,55533.33,55533.3342,1.0,22.3,80.28,131.0,13.49836,-1277.940222,0.0,0.0,0.0,22.3,0.0,0.0,1277.947373,-30.518785,6.288303,1.0,0.0,0.0,0.0,0.0,1273.546287,-33.838959,1021.0,5006.0,0.0,130.0,0.130172,36.371177,130.936237,36.371129,0.058837,-0.000643,0.569777,-0.378472,0.000206,0.055735,0.594,0.0,0.0,0.0,0.0,0.0,-9999.0,-9999.0,-9999.0,-9999.0,-9999.0,-9999.0,-9999.0,-9999.0,-9999.0,-9999.0,-9999.0,-9999.0,-9999.0,-9999.0,131.0,ramp,spur5,stable_reference,4.929803695636384,-1.025528493973367,3.4687959084557627,-0.2812589088974172,-0.2812589088974172,4.500000199999995,158.9484028970646,0.5194585316738353,163.32222946997152,3.875461284921512,3.875456269457029,0.2962494608975561,0.01794428929216707,4.156714201597351,-0.28125291667583907
P23_AV1_1_interaction,P23,AV1,1,on_ramp,P23_AV1_1,P23_AV1.1.asc,AV1,60,initiator_active,3333,1,55550.0,55550.0007,1.0,22.3,80.28,131.0,13.870426,-1278.311732,0.0,0.0,0.0,22.3,0.0,0.0,1278.319035,-30.516881,6.28831,1.0,0.0,0.0,0.0,0.0,1274.152443,-33.841319,1021.0,5006.0,0.0,130.0,0.129067,36.38067,130.970414,36.380625,0.057612,-0.000633,0.570584,-0.373446,0.000809,0.055264,0.60025,0.0,0.0,0.0,0.0,0.0,-9999.0,-9999.0,-9999.0,-9999.0,-9999.0,-9999.0,-9999.0,-9999.0,-9999.0,-9999.0,-9999.0,-9999.0,-9999.0,-9999.0,131.0,ramp,spur5,stable_reference,4.942012968228957,-1.0150499190020348,3.4713087333791104,-0.2787459479450095,-0.2787459479450095,4.516666699999995,159.554557958058,0.5220485062180726,163.69386352961752,3.8804002292460003,3.880395989474112,0.2964941112083892,0.01359599894954755,4.159140238508069,-0.2787400092620689
P23_AV1_1_interaction,P23,AV1,1,on_ramp,P23_AV1_1,P23_AV1.1.asc,AV1,60,initiator_active,3334,1,55566.67,55566.6668,1.0,22.3,80.28,131.0,14.242442,-1278.683243,0.0,0.0,0.0,22.3,0.0,0.0,1278.690697,-30.514975,6.288314,1.0,0.0,0.0,0.0,0.0,1274.758756,-33.843785,1021.0,5006.0,0.0,130.0,0.127792,36.390179,131.004646,36.390136,0.056416,-0.000614,0.571535,-0.368907,0.001358,0.05495,0.604,0.0,0.0,0.0,0.0,0.0,-9999.0,-9999.0,-9999.0,-9999.0,-9999.0,-9999.0,-9999.0,-9999.0,-9999.0,-9999.0,-9999.0,-9999.0,-9999.0,-9999.0,131.0,ramp,spur5,stable_reference,4.954224240052449,-1.0045693445631012,3.473805504183324,-0.2762669437221518,-0.2762669437221518,4.533332799999997,160.1608708794171,0.5245337663653553,164.06549757293143,3.885341173503805,3.8853391889819378,0.2967026517586646,0.012692772430987986,4.161601958858939,-0.276260785355134
P23_AV1_1_interaction,P23,AV1,1,on_ramp,P23_AV1_1,P23_AV1.1.asc,AV1,60,initiator_active,3335,1,55583.33,55583.3335,1.0,22.3,80.28,131.0,14.614411,-1279.054753,0.0,0.0,0.0,22.3,0.0,0.0,1279.062358,-30.513067,6.288324,1.0,0.0,0.0,0.0,0.0,1275.365228,-33.846355,1021.0,5006.0,0.0,130.0,0.126356,36.399704,131.038936,36.399663,0.055245,-0.000587,0.572429,-0.364514,0.001827,0.054636,0.60625,0.0,0.0,0.0,0.0,0.0,-9999.0,-9999.0,-9999.0,-9999.0,-9999.0,-9999.0,-9999.0,-9999.0,-9999.0,-9999.0,-9999.0,-9999.0,-9999.0,-9999.0,131.0,ramp,spur5,stable_reference,4.96643748337736,-0.994086793728831,3.4762944375775,-0.2738055088813355,-0.2738055088813355,4.549999499999998,160.7673436447431,0.5269163283810787,164.4371305999465,3.890284109528879,3.8902859197453727,0.2969171970691775,0.013904314328774703,4.164083514911938,-0.2737994053830586
P23_AV1_1_interaction,P23,AV1,1,on_ramp,P23_AV1_1,P23_AV1.1.asc,AV1,60,initiator_active,3336,1,55600.0,55600.0006,1.0,22.3,80.28,131.0,14.986331,-1279.426264,0.0,0.0,0.0,22.3,0.0,0.0,1279.43402,-30.511152,6.288341,1.0,0.0,0.0,0.0,0.0,1275.971858,-33.84903,1021.0,5006.0,0.0,130.0,0.124764,36.409241,131.073268,36.409201,0.054102,-0.000553,0.57292,-0.36026,0.002202,0.054322,0.60625,0.0,0.0,0.0,0.0,0.0,-9999.0,-9999.0,-9999.0,-9999.0,-9999.0,-9999.0,-9999.0,-9999.0,-9999.0,-9999.0,-9999.0,-9999.0,-9999.0,-9999.0,131.0,ramp,spur5,stable_reference,4.978657751740019,-0.983597221685694,3.4787670843442866,-0.2713371764510363,-0.2713371764510363,4.566666599999997,161.37397526223575,0.5291951841325621,164.80876456976603,3.8952340534865986,3.89523656753676,0.2971661362169442,0.015321951315824478,4.166565180859381,-0.27133112737278253
P23_AV1_1_interaction,P23,AV1,1,on_ramp,P23_AV1_1,P23_AV1.1.asc,AV1,60,initiator_active,3337,1,55616.67,55616.6674,1.0,22.3,80.28,131.0,15.358202,-1279.797774,0.0,0.0,0.0,22.3,0.0,0.0,1279.805682,-30.509231,6.288357,1.0,0.0,0.0,0.0,0.0,1276.578646,-33.851806,1021.0,5006.0,0.0,130.0,0.123025,36.418782,131.107615,36.418743,0.052989,-0.000513,0.572982,-0.355811,0.002479,0.053851,0.6075,0.0,0.0,0.0,0.0,0.0,-9999.0,-9999.0,-9999.0,-9999.0,-9999.0,-9999.0,-9999.0,-9999.0,-9999.0,-9999.0,-9999.0,-9999.0,-9999.0,-9999.0,131.0,ramp,spur5,stable_reference,4.99088401779546,-0.9731016512397656,3.481241311961036,-0.2688628678405457,-0.2688628678405457,4.5833333999999955,161.98076569923015,0.5313743334864117,165.1803984905893,3.9001899972442606,3.90019162593242,0.2974279372305517,0.015399773971681796,4.169046870571019,-0.268856873326758
P23_AV1_1_interaction,P23,AV1,1,on_ramp,P23_AV1_1,P23_AV1.1.asc,AV1,60,initiator_active,3338,1,55633.33,55633.3341,1.0,22.3,80.28,131.0,15.730025,-1280.169284,0.0,0.0,0.0,22.3,0.0,0.0,1280.177344,-30.507305,6.28837,1.0,0.0,0.0,0.0,0.0,1277.185592,-33.854683,1021.0,5006.0,0.0,130.0,0.121144,36.428321,131.141955,36.428284,0.051916,-0.00047,0.572767,-0.350503,0.002659,0.052909,0.60975,0.0,0.0,0.0,0.0,0.0,-9999.0,-9999.0,-9999.0,-9999.0,-9999.0,-9999.0,-9999.0,-9999.0,-9999.0,-9999.0,-9999.0,-9999.0,-9999.0,-9999.0,131.0,ramp,spur5,stable_reference,5.003115281928216,-0.9626010821248348,3.48372045998176,-0.2663836786540385,-0.2663836786540385,4.600000099999997,162.58771495572705,0.5334537764426478,165.55203237058237,3.9051509408352114,3.9051508816570726,0.2976794646442613,0.13497728932027364,4.171528680250979,-0.26637773941576715
P23_AV1_1_interaction,P23,AV1,1,on_ramp,P23_AV1_1,P23_AV1.1.asc,AV1,60,initiator_active,3339,1,55650.0,55650.0,1.0,22.3,80.28,131.0,16.101799,-1280.540795,0.0,0.0,0.0,22.3,0.0,0.0,1280.549005,-30.505376,6.288377,1.0,0.0,0.0,0.0,0.0,1277.792697,-33.85766,1021.0,5006.0,0.0,130.0,0.119128,36.437861,131.1763,36.437826,0.050884,-0.000424,0.573092,-0.345328,0.002749,0.051967,0.6125,0.002198,0.0,0.0,0.0,0.0,-9999.0,-9999.0,-9999.0,-9999.0,-9999.0,-9999.0,-9999.0,-9999.0,-9999.0,-9999.0,-9999.0,-9999.0,-9999.0,-9999.0,131.0,ramp,spur5,stable_reference,5.015349517177859,-0.9520975368807536,3.4862025693894587,-0.2639077567488747,-0.2639077567488747,4.616665999999998,163.19482402352665,0.5354345211339577,165.92366522611076,3.9101148761600917,3.910114056256081,0.3019268894120728,0.38411125551979275,4.174016616428674,-0.2639017402685826
P23_AV1_1_interaction,P23,AV1,1,on_ramp,P23_AV1_1,P23_AV1.1.asc,AV1,60,initiator_active,3340,1,55666.67,55666.6673,1.0,22.3,80.28,131.0,16.473525,-1280.912305,0.0,0.0,0.0,22.3,0.0,0.0,1280.920667,-30.503445,6.288382,1.0,0.0,0.0,0.0,0.0,1278.39996,-33.860735,1021.0,5006.0,0.0,130.0,0.116986,36.447156,131.209762,36.447122,0.049892,-0.000378,0.553012,-0.339254,0.002797,0.050554,0.6145,0.0,0.0,0.0,0.0,0.0,-9999.0,-9999.0,-9999.0,-9999.0,-9999.0,-9999.0,-9999.0,-9999.0,-9999.0,-9999.0,-9999.0,-9999.0,-9999.0,-9999.0,131.0,ramp,spur5,stable_reference,5.027585779387933,-0.9415919690968224,3.488686552802748,-0.2614513441737064,-0.2614513441737064,4.6333332999999985,163.80209188633017,0.5373185593276215,166.2952990652736,3.9150808195843267,3.9152150825913097,0.31048348387328417,0.34404773609952066,4.176526203278209,-0.2614453836938826
P23_AV1_1_interaction,P23,AV1,1,on_ramp,P23_AV1_1,P23_AV1.1.asc,AV1,60,initiator_active,3341,1,55683.33,55683.3341,1.0,22.3,80.28,131.0,16.845202,-1281.283815,0.0,0.0,0.0,22.3,0.0,0.0,1281.292329,-30.501513,6.288385,1.0,0.0,0.0,0.0,0.0,1279.007379,-33.863908,1021.0,5006.0,0.0,130.0,0.114723,36.456616,131.243816,36.456583,0.048934,-0.000332,0.573898,-0.333679,0.002726,0.049298,0.61525,0.0,0.0,0.0,0.0,0.0,-9999.0,-9999.0,-9999.0,-9999.0,-9999.0,-9999.0,-9999.0,-9999.0,-9999.0,-9999.0,-9999.0,-9999.0,-9999.0,-9999.0,131.0,ramp,spur5,stable_reference,5.039823041213468,-0.9310854015790898,3.4911715190556745,-0.2589824732264385,-0.2589824732264385,4.650000099999997,164.40951654420448,0.5391058746915416,166.66693289627042,3.9200477629752197,3.9204637393223942,0.31339558037787185,-0.32050689285298617,4.179024460447493,-0.2589766974722729
P23_AV1_1_interaction,P23,AV1,1,on_ramp,P23_AV1_1,P23_AV1.1.asc,AV1,60,initiator_active,3342,1,55700.0,55700.0008,1.0,22.3,80.28,131.0,17.21683,-1281.655325,0.0,0.0,0.0,22.3,0.0,0.0,1281.66399,-30.49958,6.288387,1.0,0.0,0.0,0.0,0.0,1279.614954,-33.867175,1021.0,5006.0,0.0,130.0,0.112348,36.466262,131.278543,36.46623,0.047997,-0.000288,0.583146,-0.327833,0.002587,0.047885,0.61525,0.0,0.0,0.0,0.0,0.0,-9999.0,-9999.0,-9999.0,-9999.0,-9999.0,-9999.0,-9999.0,-9999.0,-9999.0,-9999.0,-9999.0,-9999.0,-9999.0,-9999.0,131.0,ramp,spur5,stable_reference,5.052061274924952,-0.9205778573998236,3.493657459843825,-0.2564966146900471,-0.2564966146900471,4.666666799999999,165.0170979644854,0.5408004670923582,167.03856571913443,3.925015698166724,3.9256616544740957,0.2997999664063258,-1.4961576193215311,4.181506592541522,-0.2564908943747981
P23_AV1_1_interaction,P23,AV1,1,on_ramp,P23_AV1_1,P23_AV1.1.asc,AV1,60,initiator_active,3343,1,55716.67,55716.6678,1.0,22.3,80.28,131.0,17.58841,-1282.026836,0.0,0.0,0.0,22.3,0.0,0.0,1282.035652,-30.497646,6.288387,1.0,0.0,0.0,0.0,0.0,1280.22269,-33.870537,1021.0,5006.0,0.0,130.0,0.109866,36.476076,131.313875,36.476046,0.047074,-0.000246,0.593448,-0.321722,0.002475,0.046315,0.61575,0.0,0.0,0.0,0.0,0.0,-9999.0,-9999.0,-9999.0,-9999.0,-9999.0,-9999.0,-9999.0,-9999.0,-9999.0,-9999.0,-9999.0,-9999.0,-9999.0,-9999.0,131.0,ramp,spur5,stable_reference,5.064300535981422,-0.9100692904144886,3.496144327033101,-0.2540098047194138,-0.2540098047194138,4.683333800000001,165.6248411551724,0.5424013773936314,167.41019953379913,3.9299846414909343,3.9304571742179375,0.2635227028855667,-2.869323807483484,4.183988780979906,-0.2540041394889716
P23_AV1_1_interaction,P23,AV1,1,on_ramp,P23_AV1_1,P23_AV1.1.asc,AV1,60,initiator_active,3344,1,55733.33,55733.3349,1.0,22.3,80.28,131.0,17.959942,-1282.398346,0.0,0.0,0.0,22.3,0.0,0.0,1282.407313,-30.495713,6.288387,1.0,1.0,0.0,0.0,1.0,1280.830589,-33.873992,1021.0,5006.0,0.0,130.0,0.107286,36.486045,131.34976,36.486015,0.046159,-0.000205,0.601621,-0.315,0.002418,0.044431,0.61575,0.0,0.0,0.0,0.0,0.0,-9999.0,-9999.0,-9999.0,-9999.0,-9999.0,-9999.0,-9999.0,-9999.0,-9999.0,-9999.0,-9999.0,-9999.0,-9999.0,-9999.0,131.0,ramp,spur5,stable_reference,5.076538769692911,-0.8995617462352187,3.49863014445279,-0.2515240284103062,-0.2515240284103062,4.700000899999999,166.2327480998662,0.5439106218607457,167.78183235666313,3.9349525766824422,3.9344459417637934,0.2041535011285731,-4.124185376591717,4.186470995303061,-0.25151841862061897
P23_AV1_1_interaction,P23,AV1,1,on_ramp,P23_AV1_1,P23_AV1.1.asc,AV1,60,initiator_active,3345,1,55750.0,55750.0007,1.0,22.3,80.28,131.0,18.331425,-1282.769857,0.0,0.0,0.0,22.3,0.0,0.0,1282.77898,-30.495389,6.282615,1.0,1.0,0.0,0.0,1.0,1281.438652,-33.877538,1021.0,5006.0,0.0,130.0,0.104615,36.496122,131.386039,36.496094,0.045243,-0.000165,0.607068,-0.307651,0.002396,0.042233,0.61575,0.0,0.0,0.0,0.0,0.0,-9999.0,-9999.0,-9999.0,-9999.0,-9999.0,-9999.0,-9999.0,-9999.0,-9999.0,-9999.0,-9999.0,-9999.0,-9999.0,-9999.0,131.0,ramp,spur5,stable_reference,5.087168788501111,-0.8906626353066021,3.4995069068272087,-0.2506252079659666,-0.2506252079659666,4.716666699999994,166.84081978220198,0.5453302085930722,168.1534843184902,3.9383116145185846,3.937262293884596,0.1260531056165064,-5.014130807963543,4.188931356142555,-0.25061974162397016
P23_AV1_1_interaction,P23,AV1,1,on_ramp,P23_AV1_1,P23_AV1.1.asc,AV1,60,initiator_active,3346,1,55766.67,55766.6675,1.0,22.3,80.28,131.0,18.702866,-1283.14141,0.0,0.0,0.0,22.3,0.0,0.0,1283.150641,-30.49721,6.276842,1.0,1.0,0.0,0.0,1.0,1282.046884,-33.881173,1021.0,5006.0,0.0,130.0,0.10186,36.506258,131.422527,36.506231,0.044315,-0.000126,0.609176,-0.299977,0.002378,0.039878,0.61575,0.0,0.0,0.0,0.0,0.0,-9999.0,-9999.0,-9999.0,-9999.0,-9999.0,-9999.0,-9999.0,-9999.0,-9999.0,-9999.0,-9999.0,-9999.0,-9999.0,-9999.0,131.0,ramp,spur5,stable_reference,5.095654465763631,-0.8839080918125594,3.498238646183374,-0.2518658747559871,-0.2518658747559871,4.7333335000000005,167.44906118568056,0.546662178354139,168.52514779667897,3.939525674878526,3.938647533635871,0.03701882881257745,-5.368503597922086,4.1913860562325524,-0.25186038135402633
P23_AV1_1_interaction,P23,AV1,1,on_ramp,P23_AV1_1,P23_AV1.1.asc,AV1,60,initiator_active,3347,1,55783.33,55783.3341,1.0,22.3,80.28,131.0,19.074258,-1283.513011,0.0,0.0,0.0,22.3,0.0,0.0,1283.522289,-30.500921,6.2721,1.0,1.0,0.0,0.0,1.0,1282.655283,-33.884896,1021.0,5006.0,0.0,130.0,0.099029,36.51642,131.459111,36.516394,0.043361,-8.6e-05,0.610766,-0.29161,0.00233,0.037209,0.61575,0.0,0.0,0.0,0.0,0.0,-9999.0,-9999.0,-9999.0,-9999.0,-9999.0,-9999.0,-9999.0,-9999.0,-9999.0,-9999.0,-9999.0,-9999.0,-9999.0,-9999.0,131.0,ramp,spur5,stable_reference,5.102250509317018,-0.879043345139893,3.495080327586413,-0.2550241313326287,-0.2550241313326287,4.750000099999998,168.05747030220263,0.5479075147785082,168.89681370912226,3.9388496920975813,3.9384962757507838,-0.052897361618661876,-5.01053143186851,4.193868134258929,-0.2550184421613473
P23_AV1_1_interaction,P23,AV1,1,on_ramp,P23_AV1_1,P23_AV1.1.asc,AV1,60,initiator_active,3348,1,55800.0,55800.0008,1.0,22.3,80.28,131.0,19.44559,-1283.884642,0.0,0.0,0.0,22.3,0.0,0.0,1283.893921,-30.506012,6.268732,1.0,1.0,0.0,0.0,1.0,1283.263851,-33.888705,1021.0,5006.0,0.0,130.0,0.096128,36.526619,131.495827,36.526594,0.042372,-4.8e-05,0.61343,-0.281513,0.002232,0.033755,0.61575,0.002198,0.0,0.0,0.0,0.0,-9999.0,-9999.0,-9999.0,-9999.0,-9999.0,-9999.0,-9999.0,-9999.0,-9999.0,-9999.0,-9999.0,-9999.0,-9999.0,-9999.0,131.0,ramp,spur5,stable_reference,5.107466639859004,-0.8755586002673711,3.4905469440939445,-0.2595527468241529,-0.2595527468241529,4.766666799999999,168.66604911536936,0.5490682341315819,169.26847489123818,3.9367936246728608,3.9368842812474303,-0.12999864167277053,-3.8731621654470527,4.196340835328966,-0.2595472106561054
P23_AV1_1_interaction,P23,AV1,1,on_ramp,P23_AV1_1,P23_AV1.1.asc,AV1,60,initiator_active,3349,1,55816.67,55816.6674,1.0,22.3,80.28,131.0,19.81686,-1284.25629,0.0,0.0,0.0,22.3,0.0,0.0,1284.265539,-30.512009,6.266575,1.0,1.0,0.0,0.0,1.0,1283.872588,-33.892597,1021.0,5006.0,0.0,130.0,0.093167,36.536624,131.531848,36.536601,0.041339,-1.2e-05,0.597091,-0.270283,0.002122,0.02983,0.61575,0.0,0.0,0.0,0.0,0.0,-9999.0,-9999.0,-9999.0,-9999.0,-9999.0,-9999.0,-9999.0,-9999.0,-9999.0,-9999.0,-9999.0,-9999.0,-9999.0,-9999.0,131.0,ramp,spur5,stable_reference,5.111776730578177,-0.8729799372292874,3.485129999600053,-0.2649422499514182,-0.2649422499514182,4.783333399999996,169.2747976006829,0.5501473363133408,169.64012947225552,3.933831473132006,3.9341629986841267,-0.18200278860878427,-2.474489699898957,4.198768071959186,-0.26493659882718035
P23_AV1_1_interaction,P23,AV1,1,on_ramp,P23_AV1_1,P23_AV1.1.asc,AV1,60,initiator_active,3350,1,55833.33,55833.3341,1.0,22.3,80.28,131.0,20.18807,-1284.627945,0.0,0.0,0.0,22.3,0.0,0.0,1284.637148,-30.518554,6.265302,1.0,1.0,0.0,0.0,1.0,1284.481492,-33.896571,1021.0,5006.0,0.0,130.0,0.090154,36.546837,131.568613,36.546815,0.040246,2.1e-05,0.61921,-0.257272,0.001917,0.02512,0.61575,0.0,0.0,0.0,0.0,0.0,-9999.0,-9999.0,-9999.0,-9999.0,-9999.0,-9999.0,-9999.0,-9999.0,-9999.0,-9999.0,-9999.0,-9999.0,-9999.0,-9999.0,131.0,ramp,spur5,stable_reference,5.115538782457906,-0.8709493359639362,3.47917524414845,-0.2708797670588957,-0.2708797670588957,4.800000099999997,169.8837137500436,0.551145804958352,170.01177952856457,3.9303212663685554,3.93081752394885,-0.21248142003169335,-1.6223150613514816,4.20119525565808,-0.27087398928952444
P23_AV1_1_interaction,P23,AV1,1,on_ramp,P23_AV1_1,P23_AV1.1.asc,AV1,60,initiator_active,3351,1,55850.0,55850.0007,1.0,22.3,80.28,131.0,20.559223,-1284.999605,0.0,0.0,0.0,22.3,0.0,0.0,1285.008752,-30.525403,6.26461,1.0,1.0,0.0,0.0,1.0,1285.090566,-33.900624,1021.0,5006.0,0.0,130.0,0.087096,36.557187,131.605874,36.557166,0.039056,5e-05,0.622168,-0.245313,0.001648,0.021038,0.61575,0.0,0.0,0.0,0.0,0.0,-9999.0,-9999.0,-9999.0,-9999.0,-9999.0,-9999.0,-9999.0,-9999.0,-9999.0,-9999.0,-9999.0,-9999.0,-9999.0,-9999.0,131.0,ramp,spur5,stable_reference,5.118996812589277,-0.8692227691350775,3.4729338547212336,-0.277121291933751,-0.277121291933751,4.8166666999999945,170.49280053885371,0.5520666644647183,170.38342706751723,3.92650702891107,3.927080294116445,-0.23607994452304126,-1.535998391049941,4.203622409945937,-0.277115381034867
P23_AV1_1_interaction,P23,AV1,1,on_ramp,P23_AV1_1,P23_AV1.1.asc,AV1,60,initiator_active,3352,1,55866.67,55866.6668,1.0,22.3,80.28,131.0,20.930324,-1285.371266,0.0,0.0,0.0,22.3,0.0,0.0,1285.380352,-30.532408,6.264268,1.0,1.0,0.0,0.0,1.0,1285.699811,-33.904752,1021.0,5006.0,0.0,130.0,0.084002,36.567556,131.643203,36.567537,0.037724,7.5e-05,0.622397,-0.2327,0.001379,0.016799,0.61625,0.0,0.0,0.0,0.0,0.0,-9999.0,-9999.0,-9999.0,-9999.0,-9999.0,-9999.0,-9999.0,-9999.0,-9999.0,-9999.0,-9999.0,-9999.0,-9999.0,-9999.0,131.0,ramp,spur5,stable_reference,5.122298791790347,-0.8676522530680585,3.466567231373856,-0.2835035198818697,-0.2835035198818697,4.833332799999996,171.1020589344151,0.5529139228651041,170.75507188050594,3.9225367639908715,3.9229483538271266,-0.26368027352158663,-1.9204841521265177,4.2060343724868225,-0.28349760849595107
P23_AV1_1_interaction,P23,AV1,1,on_ramp,P23_AV1_1,P23_AV1.1.asc,AV1,60,initiator_active,3353,1,55883.33,55883.3341,1.0,22.3,80.28,131.0,21.301374,-1285.742929,0.0,0.0,0.0,22.3,0.0,0.0,1285.751952,-30.539482,6.264122,1.0,1.0,0.0,0.0,1.0,1286.309228,-33.908953,1021.0,5006.0,0.0,130.0,0.080882,36.577924,131.680525,36.577906,0.036219,9.5e-05,0.6222,-0.219984,0.001115,0.012717,0.6155,0.0,0.0,0.0,0.0,0.0,-9999.0,-9999.0,-9999.0,-9999.0,-9999.0,-9999.0,-9999.0,-9999.0,-9999.0,-9999.0,-9999.0,-9999.0,-9999.0,-9999.0,131.0,ramp,spur5,stable_reference,5.125531797524455,-0.8661507186332315,3.4601559254741163,-0.2899426742674925,-0.2899426742674925,4.850000099999997,171.71148992036294,0.5536895882588806,171.12671725695185,3.9184975013713195,3.918290896272654,-0.30009684556183913,-2.4492114258283832,4.208434129988859,-0.28993662861753977
P23_AV1_1_interaction,P23,AV1,1,on_ramp,P23_AV1_1,P23_AV1.1.asc,AV1,60,initiator_active,3354,1,55900.0,55900.0007,1.0,22.3,80.28,131.0,21.672375,-1286.114591,0.0,0.0,0.0,22.3,0.0,0.0,1286.123532,-30.547512,6.260736,1.0,1.0,0.0,0.0,1.0,1286.918818,-33.913224,1021.0,5006.0,0.0,130.0,0.077744,36.588285,131.717826,36.588269,0.034511,0.000111,0.621677,-0.206766,0.000846,0.008635,0.6155,0.002198,0.0,0.0,0.0,0.0,-9999.0,-9999.0,-9999.0,-9999.0,-9999.0,-9999.0,-9999.0,-9999.0,-9999.0,-9999.0,-9999.0,-9999.0,-9999.0,-9999.0,131.0,ramp,spur5,stable_reference,5.127808616285535,-0.8656053911563936,3.452788548642663,-0.2973173741510267,-0.2973173741510267,4.866666699999994,172.32109447216538,0.5543966687120452,171.49835044080137,3.9135021073065133,3.9129449845102617,-0.3453216722565884,-2.881554619017086,4.210813422822941,-0.29731131551642775
P23_AV1_1_interaction,P23,AV1,1,on_ramp,P23_AV1_1,P23_AV1.1.asc,AV1,60,initiator_active,3355,1,55916.67,55916.6672,1.0,22.3,80.28,131.0,22.043311,-1286.486257,0.0,0.0,0.0,22.3,0.0,0.0,1286.495082,-30.556787,6.257394,1.0,1.0,0.0,0.0,1.0,1287.528579,-33.917562,1021.0,5006.0,0.0,130.0,0.074597,36.598388,131.754197,36.598373,0.032563,0.000123,0.600986,-0.195259,0.000602,0.005652,0.61575,0.0,0.0,0.0,0.0,0.0,-9999.0,-9999.0,-9999.0,-9999.0,-9999.0,-9999.0,-9999.0,-9999.0,-9999.0,-9999.0,-9999.0,-9999.0,-9999.0,-9999.0,131.0,ramp,spur5,stable_reference,5.128840081909615,-0.866305424428325,3.4441761078440614,-0.3059302085469115,-0.3059302085469115,4.883333200000001,172.93087056539102,0.5550381477924978,171.86996379237434,3.907261509772065,3.9067802593522787,-0.3961479602222795,-3.061730757407256,4.213185484174901,-0.30592397440283614
P23_AV1_1_interaction,P23,AV1,1,on_ramp,P23_AV1_1,P23_AV1.1.asc,AV1,60,initiator_active,3356,1,55933.33,55933.3334,1.0,22.3,80.28,131.0,22.414173,-1286.857923,0.0,0.0,0.0,22.3,0.0,0.0,1286.866604,-30.567151,6.254664,1.0,1.0,0.0,0.0,1.0,1288.138509,-33.921964,1021.0,5006.0,0.0,130.0,0.07145,36.608626,131.791054,36.608614,0.030331,0.00013,0.619028,-0.185412,0.000308,0.003768,0.616,0.0,0.0,0.0,0.0,0.0,-9999.0,-9999.0,-9999.0,-9999.0,-9999.0,-9999.0,-9999.0,-9999.0,-9999.0,-9999.0,-9999.0,-9999.0,-9999.0,-9999.0,131.0,ramp,spur5,stable_reference,5.128782189868004,-0.8680948138317084,3.434500257465189,-0.3156064252435727,-0.3156064252435727,4.8999994000000004,173.5408161756086,0.5556170090681121,172.24155803770185,3.899931719898602,3.8997403191528672,-0.44737741780031115,-2.8508035864620886,4.2155318617369355,-0.3156001418383334
P23_AV1_1_interaction,P23,AV1,1,on_ramp,P23_AV1_1,P23_AV1.1.asc,AV1,60,initiator_active,3357,1,55950.0,55950.0001,1.0,22.3,80.28,131.0,22.784961,-1287.229586,0.0,0.0,0.0,22.3,0.0,0.0,1287.238104,-30.578307,6.252732,1.0,1.0,0.0,0.0,1.0,1288.74861,-33.926425,1021.0,5006.0,0.0,130.0,0.068311,36.61895,131.828219,36.618939,0.027787,0.000132,0.619633,-0.177475,-1.1e-05,0.00314,0.616,0.0,0.0,0.0,0.0,0.0,-9999.0,-9999.0,-9999.0,-9999.0,-9999.0,-9999.0,-9999.0,-9999.0,-9999.0,-9999.0,-9999.0,-9999.0,-9999.0,-9999.0,131.0,ramp,spur5,stable_reference,5.127931992330296,-0.8706764999943889,3.424040895928935,-0.3260661500835156,-0.3260661500835156,4.916666099999995,174.15093326192104,0.5561382687042742,172.61313675126863,3.8918097767796,3.8918678476529327,-0.49117328803616545,-2.192911191822567,4.217869736518251,-0.3260599597386511
P23_AV1_1_interaction,P23,AV1,1,on_ramp,P23_AV1_1,P23_AV1.1.asc,AV1,60,initiator_active,3358,1,55966.67,55966.6668,1.0,22.3,80.28,131.0,23.155681,-1287.601246,0.0,0.0,0.0,22.3,0.0,0.0,1287.609587,-30.589981,6.251498,1.0,1.0,0.0,0.0,1.0,1289.358881,-33.930945,1021.0,5006.0,0.0,130.0,0.06519,36.629271,131.865376,36.629263,0.024925,0.000129,0.619235,-0.170129,-0.000276,0.003297,0.61575,0.0,0.0,0.0,0.0,0.0,-9999.0,-9999.0,-9999.0,-9999.0,-9999.0,-9999.0,-9999.0,-9999.0,-9999.0,-9999.0,-9999.0,-9999.0,-9999.0,-9999.0,131.0,ramp,spur5,stable_reference,5.126563522580985,-0.8737764404938758,3.413111815115856,-0.3369956179644113,-0.3369956179644113,4.933332799999996,174.76122082436177,0.556601918534935,172.98470269541235,3.8831697121093764,3.8833678434734438,-0.5204746037217944,-1.3958000888989552,4.22015893223368,-0.33698922012430366
P23_AV1_1_interaction,P23,AV1,1,on_ramp,P23_AV1_1,P23_AV1.1.asc,AV1,60,initiator_active,3359,1,55983.33,55983.3341,1.0,22.3,80.28,131.0,23.52634,-1287.972902,0.0,0.0,0.0,22.3,0.0,0.0,1287.98106,-30.601968,6.250772,1.0,1.0,0.0,0.0,1.0,1289.969325,-33.93552,1021.0,5006.0,0.0,130.0,0.062095,36.639584,131.902503,36.639578,0.021772,0.000122,0.618672,-0.162098,-0.000471,0.003925,0.61575,0.002198,0.0,0.0,0.0,0.0,-9999.0,-9999.0,-9999.0,-9999.0,-9999.0,-9999.0,-9999.0,-9999.0,-9999.0,-9999.0,-9999.0,-9999.0,-9999.0,-9999.0,131.0,ramp,spur5,stable_reference,5.124881895896603,-0.8771895283953415,3.4018867608872774,-0.3482210939635965,-0.3482210939635965,4.950000099999998,175.3716818301665,0.5570119829248555,173.35626119586118,3.874216576214992,3.8745183346417953,-0.5377004534612979,-0.9360295335247493,4.22243137259176,-0.34821479637676855
P23_AV1_1_interaction,P23,AV1,1,on_ramp,P23_AV1_1,P23_AV1.1.asc,AV1,60,initiator_active,3360,1,56000.0,56000.0007,1.0,22.3,80.28,131.0,23.896942,-1288.344555,0.0,0.0,0.0,22.3,0.0,0.0,1288.352528,-30.614129,6.250378,1.0,1.0,0.0,0.0,1.0,1290.579939,-33.940148,1021.0,5006.0,0.0,130.0,0.059034,36.649639,131.9387,36.649634,0.018361,0.000114,0.597983,-0.15431,-0.000578,0.004553,0.61575,0.0,0.0,0.0,0.0,0.0,-9999.0,-9999.0,-9999.0,-9999.0,-9999.0,-9999.0,-9999.0,-9999.0,-9999.0,-9999.0,-9999.0,-9999.0,-9999.0,-9999.0,131.0,ramp,spur5,stable_reference,5.12302619747406,-0.8807766853393092,3.390525770301129,-0.3595826782228612,-0.3595826782228612,4.966666699999994,175.98231326310324,0.5573704373092107,173.7278161173678,3.865089405292016,3.8654441997777527,-0.5516762550615368,-0.9357204899910272,4.224665580453526,-0.35957617516150986
P23_AV1_1_interaction,P23,AV1,1,on_ramp,P23_AV1_1,P23_AV1.1.asc,AV1,60,initiator_active,3361,1,56016.67,56016.6675,1.0,22.3,80.28,131.0,24.267493,-1288.716206,0.0,0.0,0.0,22.3,0.0,0.0,1288.723993,-30.626378,6.250184,1.0,1.0,0.0,0.0,1.0,1291.190721,-33.944826,1021.0,5006.0,0.0,130.0,0.056016,36.659829,131.975383,36.659826,0.014717,0.000102,0.616036,-0.147437,-0.000691,0.005652,0.61575,0.0,0.0,0.0,0.0,0.0,-9999.0,-9999.0,-9999.0,-9999.0,-9999.0,-9999.0,-9999.0,-9999.0,-9999.0,-9999.0,-9999.0,-9999.0,-9999.0,-9999.0,131.0,ramp,spur5,stable_reference,5.121082449702237,-0.8844518880744515,3.3790903907164727,-0.3710186835416505,-0.3710186835416505,4.9833335000000005,176.5931130987406,0.5576802652559005,174.0993687575866,3.8558742128050696,3.8561290864709137,-0.5688912377102184,-1.212514630906366,4.226886349930478,-0.37101213712540826
P23_AV1_1_interaction,P23,AV1,1,on_ramp,P23_AV1_1,P23_AV1.1.asc,AV1,60,initiator_active,3362,1,56033.33,56033.3337,1.0,22.3,80.28,131.0,24.637995,-1289.087857,0.0,0.0,0.0,22.3,0.0,0.0,1289.095456,-30.638666,6.250101,1.0,1.0,0.0,0.0,1.0,1291.801673,-33.949552,1021.0,5006.0,0.0,130.0,0.053048,36.670109,132.012393,36.670107,0.010881,9e-05,0.617226,-0.139143,-0.000801,0.00628,0.61575,0.0,0.0,0.0,0.0,0.0,-9999.0,-9999.0,-9999.0,-9999.0,-9999.0,-9999.0,-9999.0,-9999.0,-9999.0,-9999.0,-9999.0,-9999.0,-9999.0,-9999.0,131.0,ramp,spur5,stable_reference,5.119099661468317,-0.8881661265723186,3.367629853808622,-0.3824798957506309,-0.3824798957506309,4.9999997,177.20408332067976,0.5579434830303204,174.47091971634754,3.8466200052863986,3.8464813601376315,-0.5920927897087012,-1.5660545253253808,4.229093152394135,-0.3824731471077367
P23_AV1_1_interaction,P23,AV1,1,on_ramp,P23_AV1_1,P23_AV1.1.asc,AV1,60,initiator_active,3363,1,56050.0,56050.0008,1.0,22.3,80.28,131.0,25.00845,-1289.459508,0.0,0.0,0.0,22.3,0.0,0.0,1289.466899,-30.651566,6.24793,1.0,1.0,0.0,0.0,1.0,1292.412796,-33.954322,1021.0,5006.0,0.0,130.0,0.05014,36.680391,132.049408,36.68039,0.006909,7.6e-05,0.616638,-0.129853,-0.000851,0.006594,0.61525,0.0,0.0,0.0,0.0,0.0,-9999.0,-9999.0,-9999.0,-9999.0,-9999.0,-9999.0,-9999.0,-9999.0,-9999.0,-9999.0,-9999.0,-9999.0,-9999.0,-9999.0,131.0,ramp,spur5,stable_reference,5.116504553980735,-0.8924926636009599,3.3555946768430585,-0.3945345717774826,-0.3945345717774826,5.016666799999999,177.81522489622333,0.5581640986651399,174.84245567339357,3.8367536548525973,3.836392656099673,-0.6210933160880643,-1.8506917944982924,4.231281436106551,-0.3945277812539536
P23_AV1_1_interaction,P23,AV1,1,on_ramp,P23_AV1_1,P23_AV1.1.asc,AV1,60,initiator_active,3364,1,56066.67,56066.6677,1.0,22.3,80.28,131.0,25.37884,-1289.831152,0.0,0.0,0.0,22.3,0.0,0.0,1289.838313,-30.665264,6.245784,1.0,1.0,0.0,0.0,1.0,1293.024089,-33.959135,1021.0,5006.0,0.0,130.0,0.047301,36.690661,132.08638,36.690661,0.002844,6.2e-05,0.616015,-0.119682,-0.000847,0.006594,0.6155,0.0,0.0,0.0,0.0,0.0,-9999.0,-9999.0,-9999.0,-9999.0,-9999.0,-9999.0,-9999.0,-9999.0,-9999.0,-9999.0,-9999.0,-9999.0,-9999.0,-9999.0,131.0,ramp,spur5,stable_reference,5.11311094919772,-0.8976176572975155,3.342778866038109,-0.407378649225137,-0.407378649225137,5.033333699999996,178.42653681723831,0.5583431039609688,175.2139691479087,3.8260890942110124,3.825777841853842,-0.6537837057045834,-1.9689409938050382,4.23346073184705,-0.40737163763603723
P23_AV1_1_interaction,P23,AV1,1,on_ramp,P23_AV1_1,P23_AV1.1.asc,AV1,60,initiator_active,3365,1,56083.33,56083.3335,1.0,22.3,80.28,131.0,25.749158,-1290.202787,0.0,0.0,0.0,22.3,0.0,0.0,1290.2097,-30.679662,6.24403,1.0,1.0,0.0,0.0,1.0,1293.635554,-33.963986,1021.0,5006.0,0.0,130.0,0.044538,36.700925,132.123332,36.700925,-0.001278,4.8e-05,0.615822,-0.109372,-0.000815,0.00628,0.61525,0.0,0.0,0.0,0.0,0.0,-9999.0,-9999.0,-9999.0,-9999.0,-9999.0,-9999.0,-9999.0,-9999.0,-9999.0,-9999.0,-9999.0,-9999.0,-9999.0,-9999.0,131.0,ramp,spur5,stable_reference,5.109016864893708,-0.9034430876050508,3.329310746129264,-0.4208511323038124,-0.4208511323038124,5.049999499999998,179.038021042828,0.5584855150831965,175.5854613395542,3.8147243364261523,3.814600317159596,-0.6867234189536475,-1.8619027693388048,4.235568764195741,-0.42084442776958886
P23_AV1_1_interaction,P23,AV1,1,on_ramp,P23_AV1_1,P23_AV1.1.asc,AV1,60,initiator_active,3366,1,56100.0,56100.0006,1.0,22.3,80.28,131.0,26.119406,-1290.574412,0.0,0.0,0.0,22.3,0.0,0.0,1290.581068,-30.694569,6.242788,1.0,1.0,0.0,0.0,1.0,1294.247189,-33.968874,1021.0,5006.0,0.0,130.0,0.041862,36.711188,132.160279,36.711188,-0.005433,3.5e-05,0.615777,-0.098992,-0.000771,0.005652,0.61525,0.0,0.0,0.0,0.0,0.0,-9999.0,-9999.0,-9999.0,-9999.0,-9999.0,-9999.0,-9999.0,-9999.0,-9999.0,-9999.0,-9999.0,-9999.0,-9999.0,-9999.0,131.0,ramp,spur5,stable_reference,5.104413449458235,-0.9097778207897136,3.315343750695396,-0.4348188343411047,-0.4348188343411047,5.066666599999997,179.64967556489304,0.5585923156663782,175.95693868834874,3.8028504404579015,3.802887317104215,-0.7158460265977737,-1.4700828564710307,4.237662704166494,-0.4348122637085927
P23_AV1_1_interaction,P23,AV1,1,on_ramp,P23_AV1_1,P23_AV1.1.asc,AV1,60,initiator_active,3367,1,56116.67,56116.6673,1.0,22.3,80.28,131.0,26.489589,-1290.946029,0.0,0.0,0.0,22.3,0.0,0.0,1290.952422,-30.709809,6.241995,1.0,1.0,0.0,0.0,1.0,1294.858995,-33.973794,1021.0,5006.0,0.0,130.0,0.039282,36.72145,132.197218,36.721448,-0.009595,2.2e-05,0.615562,-0.087735,-0.000725,0.005181,0.61575,0.0,0.0,0.0,0.0,0.0,-9999.0,-9999.0,-9999.0,-9999.0,-9999.0,-9999.0,-9999.0,-9999.0,-9999.0,-9999.0,-9999.0,-9999.0,-9999.0,-9999.0,131.0,ramp,spur5,stable_reference,5.099476773860396,-0.9164457883413936,3.301095842496854,-0.4490677721872965,-0.4490677721872965,5.083333299999999,180.26150134256997,0.5586685137098528,176.32840475690261,3.790643441268169,3.7907384593455005,-0.7357270886545564,-0.8876296015374123,4.239704427504464,-0.44906098623629553
P23_AV1_1_interaction,P23,AV1,1,on_ramp,P23_AV1_1,P23_AV1.1.asc,AV1,60,initiator_active,3368,1,56133.33,56133.3342,1.0,22.3,80.28,131.0,26.859716,-1291.31764,0.0,0.0,0.0,22.3,0.0,0.0,1291.323768,-30.72525,6.241527,1.0,1.0,0.0,0.0,1.0,1295.470971,-33.978744,1021.0,5006.0,0.0,130.0,0.036805,36.731704,132.234134,36.731701,-0.013733,1.1e-05,0.61501,-0.075737,-0.000682,0.004396,0.6155,0.0,0.0,0.0,0.0,0.0,-9999.0,-9999.0,-9999.0,-9999.0,-9999.0,-9999.0,-9999.0,-9999.0,-9999.0,-9999.0,-9999.0,-9999.0,-9999.0,-9999.0,131.0,ramp,spur5,stable_reference,5.094338953718358,-0.923314886964952,3.2866598883489444,-0.4634917579006978,-0.4634917579006978,5.100000199999995,180.87349735955976,0.5587161009808843,176.69986446709763,3.778235383451971,3.778362881902992,-0.7454337945901557,-0.40947896673489836,4.241720871529467,-0.4634854880774961
P23_AV1_1_interaction,P23,AV1,1,on_ramp,P23_AV1_1,P23_AV1.1.asc,AV1,60,initiator_active,3369,1,56150.0,56150.0006,1.0,22.3,80.28,131.0,27.22979,-1291.689248,0.0,0.0,0.0,22.3,0.0,0.0,1291.695109,-30.740803,6.241274,1.0,1.0,0.0,0.0,1.0,1296.083119,-33.98372,1021.0,5006.0,0.0,130.0,0.034443,36.741949,132.271017,36.741945,-0.017833,-0.0,0.614531,-0.064148,-0.000645,0.003768,0.61475,0.0,0.0,0.0,0.0,0.0,-9999.0,-9999.0,-9999.0,-9999.0,-9999.0,-9999.0,-9999.0,-9999.0,-9999.0,-9999.0,-9999.0,-9999.0,-9999.0,-9999.0,131.0,ramp,spur5,stable_reference,5.089089037996904,-0.9302960711354026,3.272153830630465,-0.4779437723595174,-0.4779437723595174,5.116666599999997,181.48566558313172,0.5587390936781937,177.07132009205628,3.765715288539939,3.76589069394979,-0.7493765468090601,-0.3213733322421213,4.243652595578549,-0.4779373070386099
P23_AV1_1_interaction,P23,AV1,1,on_ramp,P23_AV1_1,P23_AV1.1.asc,AV1,60,initiator_active,3370,1,56166.72,56166.7161,1.0,22.3,80.28,131.0,27.599816,-1292.060854,0.0,0.0,0.0,22.3,0.0,0.0,1292.066448,-30.756413,6.241149,1.0,1.0,0.0,0.0,1.0,1296.695437,-33.988718,1021.0,5006.0,0.0,130.0,0.032204,36.752188,132.307877,36.752181,-0.021885,-1.1e-05,0.614159,-0.052017,-0.000613,0.002826,0.6145,0.0,0.0,0.0,0.0,0.0,-9999.0,-9999.0,-9999.0,-9999.0,-9999.0,-9999.0,-9999.0,-9999.0,-9999.0,-9999.0,-9999.0,-9999.0,-9999.0,-9999.0,131.0,ramp,spur5,stable_reference,5.083782088735022,-0.9373342862769692,3.257625383054603,-0.4924413724028436,-0.4924413724028436,5.133382099999995,182.09800398068862,0.5587414753363233,177.44277418254603,3.7531381791963563,3.75334716733592,-0.7561701870902198,-0.5272325489729006,4.245573076380058,-0.4924348971837018
P23_AV1_1_interaction,P23,AV1,1,on_ramp,P23_AV1_1,P23_AV1.1.asc,AV1,60,initiator_active,3371,1,56183.34,56183.3368,1.0,22.3,80.28,131.0,27.969795,-1292.432459,0.0,0.0,0.0,22.3,0.0,0.0,1292.437785,-30.772048,6.241096,1.0,1.0,0.0,0.0,1.0,1297.307925,-33.993736,1021.0,5006.0,0.0,130.0,0.030097,36.76242,132.344712,36.762411,-0.025879,-2.1e-05,0.613745,-0.040011,-0.000587,0.001884,0.6145,0.0,0.0,0.0,0.0,0.0,-9999.0,-9999.0,-9999.0,-9999.0,-9999.0,-9999.0,-9999.0,-9999.0,-9999.0,-9999.0,-9999.0,-9999.0,-9999.0,-9999.0,131.0,ramp,spur5,stable_reference,5.078450093627543,-0.9443975409080564,3.243119720045809,-0.5069482069871425,-0.5069482069871425,5.150002799999995,182.71051253589792,0.5587252458885863,177.81422647725358,3.740536054354251,3.7406839418476023,-0.7669296368372187,-0.7285735507816327,4.247477595368716,-0.5069415410144651
P23_AV1_1_interaction,P23,AV1,1,on_ramp,P23_AV1_1,P23_AV1.1.asc,AV1,60,initiator_active,3372,1,56200.0,56200.0009,1.0,22.3,80.28,131.0,28.339729,-1292.804064,0.0,0.0,0.0,22.3,0.0,0.0,1292.809123,-30.787692,6.241079,1.0,1.0,0.0,0.0,1.0,1297.920584,-33.99877,1021.0,5006.0,0.0,149.0,0.028119,36.772645,132.381523,36.772633,-0.029806,-3e-05,0.613336,-0.027496,-0.000563,0.000628,0.6145,0.0,0.0,0.0,0.0,0.0,-9999.0,-9999.0,-9999.0,-9999.0,-9999.0,-9999.0,-9999.0,-9999.0,-9999.0,-9999.0,-9999.0,-9999.0,-9999.0,-9999.0,131.0,ramp,spur5,stable_reference,5.073109129710405,-0.9514697700710814,3.228638299097533,-0.521430950024874,-0.521430950024874,5.1666668999999965,183.3231922160622,0.5586944133676526,178.18567984542204,3.727924937978276,3.727819630168368,-0.7804276712151506,-0.9662822051656264,4.24934942090319,-0.521424482924914
P23_AV1_1_interaction,P23,AV1,1,on_ramp,P23_AV1_1,P23_AV1.1.asc,AV1,60,initiator_active,3373,1,56216.67,56216.6675,1.0,22.3,80.28,131.0,28.709619,-1293.175669,0.0,0.0,0.0,22.3,0.0,0.0,1293.180443,-30.803731,6.239664,1.0,1.0,0.0,0.0,1.0,1298.533414,-34.003816,1021.0,5006.0,0.0,149.0,0.026114,36.78286,132.418295,36.782844,-0.033662,-3.9e-05,0.612505,-0.015134,-0.000541,-0.000628,0.6145,0.0,0.0,0.0,0.0,0.0,-9999.0,-9999.0,-9999.0,-9999.0,-9999.0,-9999.0,-9999.0,-9999.0,-9999.0,-9999.0,-9999.0,-9999.0,-9999.0,-9999.0,131.0,ramp,spur5,stable_reference,5.067372818554125,-0.9589373093857686,3.2137836766841064,-0.5362869764353883,-0.5362869764353883,5.183333500000001,183.93604298851756,0.5586529776401573,178.55711843977764,3.71491868778389,3.714671699013028,-0.7991372805685586,-1.2097098756575768,4.251199012865952,-0.5362803250820618
P23_AV1_1_interaction,P23,AV1,1,on_ramp,P23_AV1_1,P23_AV1.1.asc,AV1,60,initiator_active,3374,1,56233.34,56233.3381,1.0,22.3,80.28,131.0,29.079449,-1293.547266,0.0,0.0,0.0,22.3,0.0,0.0,1293.551741,-30.820293,6.238255,1.0,1.0,0.0,0.0,1.0,1299.146413,-34.008871,1021.0,5006.0,0.0,149.0,0.024037,36.793063,132.455027,36.793044,-0.037452,-4.8e-05,0.612068,-0.003583,-0.000521,-0.00157,0.6145,0.002198,0.0,0.0,0.0,0.0,-9999.0,-9999.0,-9999.0,-9999.0,-9999.0,-9999.0,-9999.0,-9999.0,-9999.0,-9999.0,-9999.0,-9999.0,-9999.0,-9999.0,131.0,ramp,spur5,stable_reference,5.0611130984613855,-0.9669282170675528,3.198492233299516,-0.5515798613847587,-0.5515798613847587,5.200004099999998,184.54906282883232,0.5586039222739845,178.9285393057072,3.7013892753747846,3.7011785487427034,-0.8207567083961607,-1.2977906204883034,4.252963082925403,-0.5515738075506182
P23_AV1_1_interaction,P23,AV1,1,on_ramp,P23_AV1_1,P23_AV1.1.asc,AV1,60,initiator_active,3375,1,56250.0,56250.0002,1.0,22.3,80.28,131.0,29.449215,-1293.918852,0.0,0.0,0.0,22.3,0.0,0.0,1293.923017,-30.837316,6.2371,1.0,1.0,0.0,0.0,1.0,1299.759582,-34.013932,1021.0,5006.0,0.0,149.0,0.021893,36.80301,132.490837,36.802987,-0.041192,-5.6e-05,0.591427,0.006188,-0.000469,-0.001727,0.6145,0.002198,0.0,0.0,0.0,0.0,-9999.0,-9999.0,-9999.0,-9999.0,-9999.0,-9999.0,-9999.0,-9999.0,-9999.0,-9999.0,-9999.0,-9999.0,-9999.0,-9999.0,131.0,ramp,spur5,stable_reference,5.054391945590895,-0.9753805096208324,3.1827631652419246,-0.5673103670288208,-0.5673103670288208,5.2166662,185.16225271247507,0.5585502553351495,179.29994193691613,3.687398698683713,3.6873138549279156,-0.8423961301609779,-1.1939493755807717,4.254702839229102,-0.5673041405453891
P23_AV1_1_interaction,P23,AV1,1,on_ramp,P23_AV1_1,P23_AV1.1.asc,AV1,60,initiator_active,3376,1,56266.67,56266.6674,1.0,22.3,80.28,131.0,29.818919,-1294.290429,0.0,0.0,0.0,22.3,0.0,0.0,1294.294278,-30.854675,6.23628,1.0,1.0,0.0,0.0,1.0,1300.372917,-34.018995,1021.0,5006.0,0.0,149.0,0.019684,36.812843,132.526234,36.812815,-0.04489,-6.3e-05,0.589396,0.015498,-0.000432,-0.00157,0.6135,0.0,0.0,0.0,0.0,0.0,-9999.0,-9999.0,-9999.0,-9999.0,-9999.0,-9999.0,-9999.0,-9999.0,-9999.0,-9999.0,-9999.0,-9999.0,-9999.0,-9999.0,131.0,ramp,spur5,stable_reference,5.047334505982127,-0.9841690588147898,3.1667512689873774,-0.5833505753674926,-0.5833505753674926,5.233333399999996,185.77560860691506,0.5584959440261072,179.6713323124155,3.673072010705143,3.6731019704633407,-0.8605491364839963,-0.9247653296506364,4.256416382235387,-0.5833443715302442
P23_AV1_1_interaction,P23,AV1,1,on_ramp,P23_AV1_1,P23_AV1.1.asc,AV1,60,initiator_active,3377,1,56283.33,56283.3341,1.0,22.3,80.28,131.0,30.188566,-1294.661998,0.0,0.0,0.0,22.3,0.0,0.0,1294.665529,-30.872254,6.235755,1.0,1.0,0.0,0.0,1.0,1300.986417,-34.024057,1021.0,5006.0,0.0,149.0,0.017415,36.822909,132.562474,36.822877,-0.048534,-7.2e-05,0.609161,0.024673,-0.000478,-0.000785,0.6125,0.002198,0.0,0.0,0.0,0.0,-9999.0,-9999.0,-9999.0,-9999.0,-9999.0,-9999.0,-9999.0,-9999.0,-9999.0,-9999.0,-9999.0,-9999.0,-9999.0,-9999.0,131.0,ramp,spur5,stable_reference,5.0400568736763525,-0.9931777801673428,3.1505334762926456,-0.5995893745870565,-0.5995893745870565,5.250000099999998,186.38912948768763,0.5584439800807874,180.04271448477778,3.658525248401533,3.6586284039305097,-0.8732223295607469,-0.6346096875315048,4.258109226176808,-0.599583977775275
P23_AV1_1_interaction,P23,AV1,1,on_ramp,P23_AV1_1,P23_AV1.1.asc,AV1,60,initiator_active,3378,1,56300.0,56300.0008,1.0,22.3,80.28,131.0,30.55816,-1295.033562,0.0,0.0,0.0,22.3,0.0,0.0,1295.036773,-30.889966,6.235445,1.0,1.0,0.0,0.0,1.0,1301.600084,-34.029116,1021.0,5006.0,0.0,149.0,0.015089,36.832828,132.59818,36.832791,-0.052126,-7.9e-05,0.590178,0.031193,-0.000491,0.000471,0.6125,0.0,0.0,0.0,0.0,0.0,-9999.0,-9999.0,-9999.0,-9999.0,-9999.0,-9999.0,-9999.0,-9999.0,-9999.0,-9999.0,-9999.0,-9999.0,-9999.0,-9999.0,131.0,ramp,spur5,stable_reference,5.032646098407407,-1.0023196276211033,3.1342526341650507,-0.6158447440424364,-0.6158447440424364,5.266666799999999,187.00281733839353,0.5583963797645886,180.41409074345702,3.643845433370201,3.6439945012631574,-0.8817028350423612,-0.4845230309841746,4.259684634288774,-0.6158392009185736
P23_AV1_1_interaction,P23,AV1,1,on_ramp,P23_AV1_1,P23_AV1.1.asc,AV1,60,initiator_active,3379,1,56316.67,56316.6667,1.0,22.3,80.28,131.0,30.927707,-1295.405124,0.0,0.0,0.0,22.3,0.0,0.0,1295.408014,-30.907752,6.235277,1.0,1.0,0.0,0.0,1.0,1302.213917,-34.03417,1021.0,5006.0,0.0,149.0,0.012709,36.842885,132.634387,36.842843,-0.055672,-8.8e-05,0.607904,0.036757,-0.000485,0.002041,0.61075,0.0,0.0,0.0,0.0,0.0,-9999.0,-9999.0,-9999.0,-9999.0,-9999.0,-9999.0,-9999.0,-9999.0,-9999.0,-9999.0,-9999.0,-9999.0,-9999.0,-9999.0,131.0,ramp,spur5,stable_reference,5.025161268405661,-1.0115355245928392,3.117934155495629,-0.6321560126040597,-0.6321560126040597,5.283332699999999,187.6166711427346,0.5583551348447893,180.7854646065236,3.6290915963081027,3.6292389618837237,-0.8893727808324456,-0.5062223788483493,4.261242306786897,-0.6321507104787947
P23_AV1_1_interaction,P23,AV1,1,on_ramp,P23_AV1_1,P23_AV1.1.asc,AV1,60,initiator_active,3380,1,56333.33,56333.3342,1.0,22.3,80.28,131.0,31.297208,-1295.776683,0.0,0.0,0.0,22.3,0.0,0.0,1295.779253,-30.925576,6.235194,1.0,1.0,0.0,0.0,1.0,1302.827917,-34.039215,1021.0,5006.0,0.0,149.0,0.010277,36.853021,132.670876,36.852974,-0.059158,-9.6e-05,0.608144,0.04016,-0.000468,0.004553,0.60825,0.0,0.0,0.0,0.0,0.0,-9999.0,-9999.0,-9999.0,-9999.0,-9999.0,-9999.0,-9999.0,-9999.0,-9999.0,-9999.0,-9999.0,-9999.0,-9999.0,-9999.0,131.0,ramp,spur5,stable_reference,5.017638397557285,-1.0207894575935008,3.101650934812268,-0.6484687654902496,-0.6484687654902496,5.300000199999995,188.23069186801297,0.5583242533540628,181.15683677996623,3.6142997441809346,3.6143486698109357,-0.8985770953068055,-0.6225063797344177,4.262763070724855,-0.6484633265439204
P23_AV1_1_interaction,P23,AV1,1,on_ramp,P23_AV1_1,P23_AV1.1.asc,AV1,60,initiator_active,3381,1,56350.0,56350.0006,1.0,22.3,80.28,131.0,31.666665,-1296.148242,0.0,0.0,0.0,22.3,0.0,0.0,1296.150487,-30.943501,6.2347,1.0,1.0,0.0,0.0,1.0,1303.442087,-34.044251,1021.0,5006.0,0.0,149.0,0.007797,36.863151,132.707345,36.863098,-0.062574,-0.000103,0.607735,0.042003,-0.000401,0.007693,0.60475,0.0,0.0,0.0,0.0,0.0,-9999.0,-9999.0,-9999.0,-9999.0,-9999.0,-9999.0,-9999.0,-9999.0,-9999.0,-9999.0,-9999.0,-9999.0,-9999.0,-9999.0,131.0,ramp,spur5,stable_reference,5.010014426899586,-1.0301444790692502,3.0853230046843243,-0.6647981673334156,-0.6647981673334156,5.316666599999997,188.84488251412847,0.5583037597905225,181.5282047783463,3.599406854591166,3.599285894295428,-0.9101231916437058,-0.7485567786437102,4.264200587895051,-0.6647937333038847
P23_AV1_1_interaction,P23,AV1,1,on_ramp,P23_AV1_1,P23_AV1.1.asc,AV1,60,initiator_active,3382,1,56366.67,56366.6669,1.0,22.3,80.28,131.0,32.036076,-1296.519798,0.0,0.0,0.0,22.3,0.0,0.0,1296.521705,-30.961773,6.233773,1.0,1.0,0.0,0.0,1.0,1304.056425,-34.049275,1021.0,5006.0,0.0,149.0,0.005269,36.873275,132.743789,36.873216,-0.065889,-0.000108,0.607353,0.042883,-0.0003,0.011147,0.6025,0.0,0.0,0.0,0.0,0.0,-9999.0,-9999.0,-9999.0,-9999.0,-9999.0,-9999.0,-9999.0,-9999.0,-9999.0,-9999.0,-9999.0,-9999.0,-9999.0,-9999.0,131.0,ramp,spur5,stable_reference,5.0020431460040005,-1.0398467773297402,3.0687016380294447,-0.681394380532844,-0.681394380532844,5.333332899999994,189.45924105665017,0.5582966377220723,181.8995596108765,3.584166845914624,3.5840118077692713,-0.9235285026863522,-0.8286254495149663,4.2655566817255455,-0.6813898358109216
P23_AV1_1_interaction,P23,AV1,1,on_ramp,P23_AV1_1,P23_AV1.1.asc,AV1,60,initiator_active,3383,1,56383.33,56383.3341,1.0,22.3,80.28,131.0,32.405431,-1296.891345,0.0,0.0,0.0,22.3,0.0,0.0,1296.892905,-30.980376,6.23291,1.0,1.0,0.0,0.0,1.0,1304.670932,-34.054287,1021.0,5006.0,0.0,149.0,0.002696,36.883392,132.780211,36.883327,-0.069062,-0.000112,0.606981,0.043369,-0.000188,0.014601,0.59975,0.0,0.0,0.0,0.0,0.0,-9999.0,-9999.0,-9999.0,-9999.0,-9999.0,-9999.0,-9999.0,-9999.0,-9999.0,-9999.0,-9999.0,-9999.0,-9999.0,-9999.0,131.0,ramp,spur5,stable_reference,4.993740493258916,-1.049880402778696,3.0518061925034665,-0.6982839393770492,-0.6982839393770492,5.350000099999997,190.07376849554436,0.5583028953147449,182.27089914696685,3.5685957012857386,3.5685014442371212,-0.9377442217866587,-0.8267997349864302,4.26687534970021,-0.6982796484144713
P23_AV1_1_interaction,P23,AV1,1,on_ramp,P23_AV1_1,P23_AV1.1.asc,AV1,60,initiator_active,3384,1,56400.0,56400.0007,1.0,22.3,80.28,131.0,32.774729,-1297.262885,0.0,0.0,0.0,22.3,0.0,0.0,1297.264093,-30.999237,6.23227,1.0,1.0,0.0,0.0,1.0,1305.285607,-34.059285,1021.0,5006.0,0.0,149.0,7.8e-05,36.893503,132.816611,36.893433,-0.072058,-0.000114,0.606617,0.042053,-8e-05,0.018683,0.59975,0.0,0.0,0.0,0.0,0.0,-9999.0,-9999.0,-9999.0,-9999.0,-9999.0,-9999.0,-9999.0,-9999.0,-9999.0,-9999.0,-9999.0,-9999.0,-9999.0,-9999.0,131.0,ramp,spur5,stable_reference,4.98517960697022,-1.0601722364151525,3.03467797478056,-0.7154148492100952,-0.7154148492100952,5.366666699999994,190.6884638145124,0.5583245243358151,182.64222879029666,3.552766467266751,3.552753238011551,-0.9510889110312206,-0.7059775227225167,4.268176920244637,-0.7154104529778862
P23_AV1_1_interaction,P23,AV1,1,on_ramp,P23_AV1_1,P23_AV1.1.asc,AV1,60,initiator_active,3385,1,56416.67,56416.6668,1.0,22.3,80.28,131.0,33.143974,-1297.634417,0.0,0.0,0.0,22.3,0.0,0.0,1297.635272,-31.018276,6.231842,1.0,1.0,0.0,0.0,1.0,1305.900451,-34.06427,1021.0,5006.0,0.0,149.0,-0.002582,36.903608,132.85299,36.903532,-0.074845,-0.000114,0.606295,0.039494,1.9e-05,0.023079,0.5975,0.0,0.0,0.0,0.0,0.0,-9999.0,-9999.0,-9999.0,-9999.0,-9999.0,-9999.0,-9999.0,-9999.0,-9999.0,-9999.0,-9999.0,-9999.0,-9999.0,-9999.0,131.0,ramp,spur5,stable_reference,4.976440539563484,-1.07064223031834,3.017443307960803,-0.7326522207722104,-0.7326522207722104,5.383332799999996,191.3033280216869,0.5583605329846704,183.01355088748207,3.5367591656883772,3.536799089085057,-0.961276453463924,-0.4882932496052774,4.269407433653667,-0.7326482679652897
P23_AV1_1_interaction,P23,AV1,1,on_ramp,P23_AV1_1,P23_AV1.1.asc,AV1,60,initiator_active,3386,1,56433.33,56433.3335,1.0,22.3,80.28,131.0,33.51317,-1298.005945,0.0,0.0,0.0,22.3,0.0,0.0,1298.006445,-31.037426,6.23158,1.0,1.0,0.0,0.0,1.0,1306.515464,-34.06924,1021.0,5006.0,0.0,149.0,-0.005284,36.9137,132.88932,36.913619,-0.077392,-0.000113,0.605017,0.034956,0.000102,0.028103,0.59375,0.002198,0.0,0.0,0.0,0.0,-9999.0,-9999.0,-9999.0,-9999.0,-9999.0,-9999.0,-9999.0,-9999.0,-9999.0,-9999.0,-9999.0,-9999.0,-9999.0,-9999.0,131.0,ramp,spur5,stable_reference,4.967590348463279,-1.081223333106884,3.0001077245845,-0.7499906405242813,-0.7499906405242813,5.399999499999998,191.91836110073598,0.5584129211946217,183.38486789129828,3.520640818814784,3.520711197449474,-0.9673649446829131,-0.3007196308367206,4.270627357999546,-0.7499865391847615
P23_AV1_1_interaction,P23,AV1,1,on_ramp,P23_AV1_1,P23_AV1.1.asc,AV1,60,initiator_active,3387,1,56450.0,56450.0006,1.0,22.3,80.28,150.0,0.28025,-1298.377469,0.0,0.0,0.0,22.3,0.0,0.0,1298.377614,-31.056641,6.231431,1.0,1.0,0.0,0.0,1.0,1307.130645,-34.074196,1021.0,5006.0,0.0,149.0,-0.008027,36.923516,132.924657,36.92343,-0.079648,-0.00011,0.583088,0.031653,0.000207,0.032185,0.58925,0.0,0.0,0.0,0.0,0.0,-9999.0,-9999.0,-9999.0,-9999.0,-9999.0,-9999.0,-9999.0,-9999.0,-9999.0,-9999.0,-9999.0,-9999.0,-9999.0,-9999.0,150.0,ramp,spur5,stable_reference,4.958675071439923,-1.091869510881457,2.9827022366422904,-0.767401906087614,-0.767401906087614,5.416666599999997,192.5335620598587,0.5584806808329688,183.75618142604068,3.5044574414442944,3.504553137817264,-0.9713005298224004,-0.24710077797915986,4.271855150978519,-0.7673977095342246
P23_AV1_1_interaction,P23,AV1,1,on_ramp,P23_AV1_1,P23_AV1.1.asc,AV1,60,initiator_active,3388,1,56466.67,56466.6676,1.0,22.3,80.28,150.0,0.652346,-1298.748992,0.0,0.0,0.0,22.3,0.0,0.0,1298.748782,-31.07589,6.231355,1.0,1.0,0.0,0.0,1.0,1307.74599,-34.079139,1021.0,5006.0,0.0,149.0,-0.010812,36.93345,132.960419,36.93336,-0.081555,-0.000106,0.600514,0.027794,0.000243,0.03611,0.57425,0.0,0.0,0.0,0.0,0.0,-9999.0,-9999.0,-9999.0,-9999.0,-9999.0,-9999.0,-9999.0,-9999.0,-9999.0,-9999.0,-9999.0,-9999.0,-9999.0,-9999.0,150.0,ramp,spur5,stable_reference,4.949725779761306,-1.1025497026774935,2.965262744229461,-0.7848471761085724,-0.7848471761085724,5.433333599999998,193.14892690735468,0.5585627792688876,184.12749423846176,3.4882400570414096,3.4883337688267515,-0.9756018245317932,-0.3027517639156372,4.273082941196768,-0.7848428841553585
P23_AV1_1_interaction,P23,AV1,1,on_ramp,P23_AV1_1,P23_AV1.1.asc,AV1,60,initiator_active,3389,1,56483.33,56483.3335,1.0,22.3,80.28,150.0,1.024433,-1299.120514,0.0,0.0,0.0,22.3,0.0,0.0,1299.119949,-31.095156,6.231319,1.0,1.0,0.0,0.0,1.0,1308.361501,-34.084068,1021.0,5006.0,0.0,149.0,-0.013638,36.943452,132.996426,36.943358,-0.083071,-0.000102,0.599509,0.024973,0.000229,0.039093,0.5485,0.002198,0.0,0.0,0.0,0.0,-9999.0,-9999.0,-9999.0,-9999.0,-9999.0,-9999.0,-9999.0,-9999.0,-9999.0,-9999.0,-9999.0,-9999.0,-9999.0,-9999.0,150.0,ramp,spur5,stable_reference,4.940759466890312,-1.1132469130203912,2.9478062471440563,-0.8023094507878341,-0.8023094507878341,5.449999499999998,193.76445763499146,0.5586602328011134,184.49880618973904,3.4720056650393127,3.472033505170274,-0.9813920258027338,-0.40316870405716543,4.274310728381118,-0.8023050633418052
P23_AV1_1_interaction,P23,AV1,1,on_ramp,P23_AV1_1,P23_AV1.1.asc,AV1,60,initiator_active,3390,1,56500.0,56500.001,1.0,22.3,80.28,150.0,1.396512,-1299.492036,0.0,0.0,0.0,22.3,0.0,0.0,1299.491113,-31.114486,6.230993,1.0,1.0,0.0,0.0,1.0,1308.977178,-34.088984,1021.0,5006.0,0.0,149.0,-0.016506,36.953162,133.031382,36.953066,-0.084139,-9.8e-05,0.576005,0.025111,0.000264,0.040192,0.5485,0.0,0.0,0.0,0.0,0.0,-9999.0,-9999.0,-9999.0,-9999.0,-9999.0,-9999.0,-9999.0,-9999.0,-9999.0,-9999.0,-9999.0,-9999.0,-9999.0,-9999.0,150.0,ramp,spur5,stable_reference,4.931729095441145,-1.1240081755432614,2.930285736195349,-0.8198357392885595,-0.8198357392885595,5.466666999999994,194.3801542509346,0.5587720414629945,184.87011566374318,3.4557072506730178,3.4556206252134616,-0.9890409865902399,-0.5022670964648341,4.275538506672673,-0.819831255999655
P23_AV1_1_interaction,P23,AV1,1,on_ramp,P23_AV1_1,P23_AV1.1.asc,AV1,60,initiator_active,3391,1,56516.67,56516.6668,1.0,22.3,80.28,150.0,1.768582,-1299.863556,0.0,0.0,0.0,22.3,0.0,0.0,1299.862264,-31.134051,6.230364,1.0,1.0,0.0,0.0,1.0,1309.593017,-34.093888,1021.0,5006.0,0.0,149.0,-0.019414,36.962939,133.066581,36.962842,-0.084721,-9.4e-05,0.589326,0.026439,0.000253,0.039721,0.51325,0.0,0.0,0.0,0.0,0.0,-9999.0,-9999.0,-9999.0,-9999.0,-9999.0,-9999.0,-9999.0,-9999.0,-9999.0,-9999.0,-9999.0,-9999.0,-9999.0,-9999.0,150.0,ramp,spur5,stable_reference,4.922463453874507,-1.1350046754484926,2.912530164669393,-0.8375970881820248,-0.8375970881820248,5.483332799999997,194.99601276348352,0.558897172623705,185.24141405720079,3.4391737379836957,3.4390655199304647,-0.9981340982186993,-0.5630029788693314,4.276766245748508,-0.8375925077648123
P23_AV1_1_interaction,P23,AV1,1,on_ramp,P23_AV1_1,P23_AV1.1.asc,AV1,60,initiator_active,3392,1,56533.33,56533.3342,1.0,22.3,80.28,150.0,2.140633,-1300.235069,0.0,0.0,0.0,22.3,0.0,0.0,1300.233404,-31.153841,6.229777,1.0,1.0,0.0,0.0,1.0,1310.20902,-34.09878,1021.0,5006.0,0.0,149.0,-0.022363,36.972725,133.10181,36.972628,-0.084822,-9e-05,0.58563,0.027886,0.000188,0.038622,0.4775,0.0,0.0,0.0,0.0,0.0,-9999.0,-9999.0,-9999.0,-9999.0,-9999.0,-9999.0,-9999.0,-9999.0,-9999.0,-9999.0,-9999.0,-9999.0,-9999.0,-9999.0,150.0,ramp,spur5,stable_reference,4.912972593804029,-1.146226369253576,2.8945495421964926,-0.855583487868297,-0.855583487868297,5.500000199999995,195.61203517257198,0.5590356426153271,185.6127032883847,3.422415142970006,3.4223496064063776,-1.007807733129468,-0.557838533838698,4.277993952062087,-0.8555788090920813
P23_AV1_1_interaction,P23,AV1,1,on_ramp,P23_AV1_1,P23_AV1.1.asc,AV1,60,initiator_active,3393,1,56550.0,56550.0009,1.0,22.3,80.28,150.0,2.512667,-1300.606576,0.0,0.0,0.0,22.3,0.0,0.0,1300.604534,-31.173806,6.22934,1.0,1.0,0.0,0.0,1.0,1310.825186,-34.103659,1021.0,5006.0,0.0,149.0,-0.025352,36.982438,133.136776,36.982341,-0.084466,-8.8e-05,0.580939,0.029727,0.000121,0.037366,0.43975,0.002198,0.0,0.0,0.0,0.0,-9999.0,-9999.0,-9999.0,-9999.0,-9999.0,-9999.0,-9999.0,-9999.0,-9999.0,-9999.0,-9999.0,-9999.0,-9999.0,-9999.0,150.0,ramp,spur5,stable_reference,4.903306523732404,-1.157623247196249,2.8763938730571645,-0.8737449340786264,-0.8737449340786264,5.516666899999996,196.228220470067,0.5591884432384704,185.98398394895958,3.405481472130859,3.40547116302928,-1.0167291752645014,-0.4702633586965739,4.279221628117021,-0.8737401559861624
P23_AV1_1_interaction,P23,AV1,1,on_ramp,P23_AV1_1,P23_AV1.1.asc,AV1,60,initiator_active,3394,1,56566.67,56566.6668,1.0,22.3,80.28,150.0,2.884686,-1300.978078,0.0,0.0,0.0,22.3,0.0,0.0,1300.975657,-31.193894,6.229047,1.0,1.0,0.0,0.0,1.0,1311.441513,-34.108525,1021.0,5006.0,0.0,149.0,-0.02838,36.991843,133.170636,36.991749,-0.083676,-8.6e-05,0.558413,0.032938,9.2e-05,0.035011,0.40025,0.0,0.0,0.0,0.0,0.0,-9999.0,-9999.0,-9999.0,-9999.0,-9999.0,-9999.0,-9999.0,-9999.0,-9999.0,-9999.0,-9999.0,-9999.0,-9999.0,-9999.0,150.0,ramp,spur5,stable_reference,4.893517306852234,-1.1691432539021342,2.8579737776094007,-0.8921600361497452,-0.8921600361497452,5.533332799999997,196.8445666560352,0.5593555581610558,186.355258614191,3.3884247482305594,3.3884593859381567,-1.0234829375924193,-0.33731147487117497,4.280578502054393,-0.8921537538238336
P23_AV1_1_interaction,P23,AV1,1,on_ramp,P23_AV1_1,P23_AV1.1.asc,AV1,60,initiator_active,3395,1,56583.33,56583.3341,1.0,22.3,80.28,150.0,3.256692,-1301.349576,0.0,0.0,0.0,22.3,0.0,0.0,1301.346777,-31.214057,6.228868,1.0,1.0,0.0,0.0,1.0,1312.057998,-34.11338,1021.0,5006.0,0.0,149.0,-0.031448,37.001348,133.204854,37.001256,-0.082496,-8.5e-05,0.573863,0.034917,4e-06,0.032813,0.36375,0.0,0.0,0.0,0.0,0.0,-9999.0,-9999.0,-9999.0,-9999.0,-9999.0,-9999.0,-9999.0,-9999.0,-9999.0,-9999.0,-9999.0,-9999.0,-9999.0,-9999.0,150.0,ramp,spur5,stable_reference,4.883653035623794,-1.180738309859794,2.8394409682265915,-0.9106849645142606,-0.9106849645142606,5.550000099999997,197.46107074690883,0.5595349629516392,186.72653089197578,3.3712930023328345,3.371355193931402,-1.0279726558985516,-0.2401142204224911,4.281971554074142,-0.9106785517413072
P23_AV1_1_interaction,P23,AV1,1,on_ramp,P23_AV1_1,P23_AV1.1.asc,AV1,60,initiator_active,3396,1,56600.0,56600.0006,1.0,22.3,80.28,150.0,3.628687,-1301.721072,0.0,0.0,0.0,22.3,0.0,0.0,1301.717893,-31.234265,6.228766,1.0,1.0,0.0,0.0,1.0,1312.674641,-34.118221,1021.0,5006.0,0.0,149.0,-0.034553,37.010877,133.239157,37.010788,-0.080998,-8.7e-05,0.569928,0.035183,-0.000123,0.031086,0.36375,0.0,0.0,0.0,0.0,0.0,-9999.0,-9999.0,-9999.0,-9999.0,-9999.0,-9999.0,-9999.0,-9999.0,-9999.0,-9999.0,-9999.0,-9999.0,-9999.0,-9999.0,150.0,ramp,spur5,stable_reference,4.873743670781485,-1.192378446127496,2.820863141709422,-0.9292549100938524,-0.9292549100938524,5.566666599999997,198.0777327181898,0.5597296575101924,187.0977995373659,3.354116225271359,3.3541931538371075,-1.0314869038058418,-0.22620181040269216,4.283364591828218,-0.9292483665568589
P23_AV1_1_interaction,P23,AV1,1,on_ramp,P23_AV1_1,P23_AV1.1.asc,AV1,60,initiator_active,3397,1,56616.67,56616.6674,1.0,22.3,80.28,150.0,4.000672,-1302.092567,0.0,0.0,0.0,22.3,0.0,0.0,1302.089009,-31.254496,6.228713,1.0,1.0,0.0,0.0,1.0,1313.291443,-34.123051,1021.0,5006.0,0.0,149.0,-0.037696,37.02031,133.273115,37.020225,-0.079243,-9e-05,0.563281,0.035518,-0.000226,0.029045,0.33225,0.0,0.0,0.0,0.0,0.0,-9999.0,-9999.0,-9999.0,-9999.0,-9999.0,-9999.0,-9999.0,-9999.0,-9999.0,-9999.0,-9999.0,-9999.0,-9999.0,-9999.0,150.0,ramp,spur5,stable_reference,4.863811314783513,-1.204041576272588,2.802262315414098,-0.9478478554494504,-0.9478478554494504,5.5833333999999955,198.69455359434272,0.5599366501027856,187.46906837057497,3.3369164489767664,3.3369723304682424,-1.0355127179122263,-0.27723134505596647,4.284757629963227,-0.9478411809864609
P23_AV1_1_interaction,P23,AV1,1,on_ramp,P23_AV1_1,P23_AV1.1.asc,AV1,60,initiator_active,3398,1,56633.33,56633.3344,1.0,22.3,80.28,150.0,4.37265,-1302.464061,0.0,0.0,0.0,22.3,0.0,0.0,1302.460124,-31.274739,6.228689,1.0,1.0,0.0,0.0,1.0,1313.908403,-34.127868,1021.0,5006.0,0.0,149.0,-0.040877,37.029538,133.306335,37.029457,-0.077276,-9.5e-05,0.546192,0.035073,-0.000324,0.027161,0.31025,0.0,0.0,0.0,0.0,0.0,-9999.0,-9999.0,-9999.0,-9999.0,-9999.0,-9999.0,-9999.0,-9999.0,-9999.0,-9999.0,-9999.0,-9999.0,-9999.0,-9999.0,150.0,ramp,spur5,stable_reference,4.853866935670469,-1.2157167262955428,2.7836494848424183,-0.966452805101516,-0.966452805101516,5.600000399999997,199.3115323590688,0.5601579324966847,187.84033630180983,3.319704664916241,3.3196755790921264,-1.0407280922895268,-0.34786628173756995,4.286150664544239,-0.9664459996279984
P23_AV1_1_interaction,P23,AV1,1,on_ramp,P23_AV1_1,P23_AV1.1.asc,AV1,60,initiator_active,3399,1,56650.0,56650.0006,1.0,22.3,80.28,150.0,4.744621,-1302.835555,0.0,0.0,0.0,22.3,0.0,0.0,1302.831232,-31.295116,6.228214,1.0,1.0,0.0,0.0,1.0,1314.525516,-34.132675,1021.0,5006.0,0.0,149.0,-0.044096,37.038327,133.337978,37.038251,-0.075152,-0.000102,0.513381,0.033973,-0.000479,0.025434,0.2975,0.0,0.0,0.0,0.0,0.0,-9999.0,-9999.0,-9999.0,-9999.0,-9999.0,-9999.0,-9999.0,-9999.0,-9999.0,-9999.0,-9999.0,-9999.0,-9999.0,-9999.0,150.0,ramp,spur5,stable_reference,4.843788413978799,-1.227526002153508,2.764902624818507,-0.985191784341896,-0.985191784341896,5.616666599999997,199.92866403703317,0.5603904639617141,188.21159832752792,3.302358828161337,3.302281537532248,-1.0471081583358597,-0.40463923089248865,4.2875436750753915,-0.9851848469140543
P23_AV1_1_interaction,P23,AV1,1,on_ramp,P23_AV1_1,P23_AV1.1.asc,AV1,60,initiator_active,3400,1,56666.67,56666.6674,1.0,22.3,80.28,150.0,5.116578,-1303.207045,0.0,0.0,0.0,22.3,0.0,0.0,1303.20233,-31.315667,6.227747,1.0,1.0,0.0,0.0,1.0,1315.142775,-34.137471,1021.0,5006.0,0.0,149.0,-0.047353,37.046684,133.368063,37.046612,-0.072928,-0.000112,0.495933,0.030708,-0.000728,0.024649,0.293,0.0,0.0,0.0,0.0,0.0,-9999.0,-9999.0,-9999.0,-9999.0,-9999.0,-9999.0,-9999.0,-9999.0,-9999.0,-9999.0,-9999.0,-9999.0,-9999.0,-9999.0,150.0,ramp,spur5,stable_reference,4.833535681901433,-1.2395094624152685,2.745981722551883,-1.0041048060210358,-1.0041048060210358,5.633333399999996,200.54594162030313,0.5606351873022279,188.58285177447092,3.2848389155476307,3.284772318726514,-1.0542159579627963,-0.4286489351573941,4.288936650960945,-1.0040977354133145
P23_AV1_1_interaction,P23,AV1,1,on_ramp,P23_AV1_1,P23_AV1.1.asc,AV1,60,initiator_active,3401,1,56683.33,56683.3341,1.0,22.3,80.28,150.0,5.488519,-1303.57853,0.0,0.0,0.0,22.3,0.0,0.0,1303.573419,-31.33637,6.227365,1.0,1.0,0.0,0.0,1.0,1315.760175,-34.142257,1021.0,5006.0,0.0,149.0,-0.050649,37.054605,133.396579,37.054538,-0.070644,-0.000128,0.458462,0.028374,-0.001091,0.023393,0.2925,0.0,0.0,0.0,0.0,0.0,-9999.0,-9999.0,-9999.0,-9999.0,-9999.0,-9999.0,-9999.0,-9999.0,-9999.0,-9999.0,-9999.0,-9999.0,-9999.0,-9999.0,150.0,ramp,spur5,stable_reference,4.823130758708071,-1.2516450898649485,2.72682937978204,-1.0232565680847523,-1.0232565680847523,5.650000099999997,201.1633601172111,0.5608910617213478,188.95409746295243,3.26716693450763,3.267140830631739,-1.0613965271790562,-0.40226150093016244,4.290414485239373,-1.0232475507317433
P23_AV1_1_interaction,P23,AV1,1,on_ramp,P23_AV1_1,P23_AV1.1.asc,AV1,60,initiator_active,3402,1,56700.0,56700.0001,1.0,22.3,80.28,150.0,5.860446,-1303.95001,0.0,0.0,0.0,22.3,0.0,0.0,1303.944503,-31.357183,6.227096,1.0,1.0,0.0,0.0,1.0,1316.377706,-34.147035,1021.0,5006.0,0.0,149.0,-0.053983,37.061721,133.422195,37.061658,-0.068326,-0.000151,0.404899,0.024785,-0.001585,0.022765,0.2925,0.0,0.0,0.0,0.0,0.0,-9999.0,-9999.0,-9999.0,-9999.0,-9999.0,-9999.0,-9999.0,-9999.0,-9999.0,-9999.0,-9999.0,-9999.0,-9999.0,-9999.0,150.0,ramp,spur5,stable_reference,4.812615739166215,-1.263890803393927,2.7074950103424302,-1.0425969694910724,-1.0425969694910724,5.666666099999995,201.7809095444231,0.5611560056253393,189.32533904986528,3.249384916305106,3.2493931116180104,-1.0676244598945175,-0.30844824344963584,4.291972698007688,-1.0425877817025824
P23_AV1_1_interaction,P23,AV1,1,on_ramp,P23_AV1_1,P23_AV1.1.asc,AV1,60,initiator_active,3403,1,56716.67,56716.6668,1.0,22.3,80.28,150.0,6.23236,-1304.321486,0.0,0.0,0.0,22.3,0.0,0.0,1304.315582,-31.378068,6.226923,1.0,1.0,0.0,0.0,1.0,1316.995357,-34.151805,1021.0,5006.0,0.0,149.0,-0.057357,37.067866,133.444318,37.067807,-0.066011,-0.000184,0.344098,0.020359,-0.002236,0.022608,0.28775,0.0,0.0,0.0,0.0,0.0,-9999.0,-9999.0,-9999.0,-9999.0,-9999.0,-9999.0,-9999.0,-9999.0,-9999.0,-9999.0,-9999.0,-9999.0,-9999.0,-9999.0,150.0,ramp,spur5,stable_reference,4.802028608663453,-1.2762086131178096,2.6880886215533715,-1.0620093901702286,-1.0620093901702286,5.683332799999996,202.39857890230556,0.5614299291877289,189.6965762249,3.231530859673043,3.2315540209911218,-1.071677848601837,-0.1837514257814732,4.293530890984636,-1.0620000313115927
P23_AV1_1_interaction,P23,AV1,1,on_ramp,P23_AV1_1,P23_AV1.1.asc,AV1,60,initiator_active,3404,1,56733.33,56733.3341,1.0,22.3,80.28,150.0,6.604264,-1304.69296,0.0,0.0,0.0,22.3,0.0,0.0,1304.686659,-31.398998,6.226822,1.0,1.0,0.0,0.0,1.0,1317.613111,-34.15657,1021.0,5006.0,0.0,149.0,-0.060771,37.072952,133.462628,37.072898,-0.063717,-0.000229,0.278881,0.016193,-0.003059,0.022451,0.27475,0.002198,0.0,0.0,0.0,0.0,-9999.0,-9999.0,-9999.0,-9999.0,-9999.0,-9999.0,-9999.0,-9999.0,-9999.0,-9999.0,-9999.0,-9999.0,-9999.0,-9999.0,150.0,ramp,spur5,stable_reference,4.791396440005838,-1.2885714570071944,2.6686372251531214,-1.081466818430992,-1.081466818430992,5.700000099999998,203.01635121592332,0.5617096936858167,190.0678117674734,3.2136317882093155,3.213669800611223,-1.073749558578541,-0.10778868571709666,4.2950890763149,-1.0814572881055846
P23_AV1_1_interaction,P23,AV1,1,on_ramp,P23_AV1_1,P23_AV1.1.asc,AV1,60,initiator_active,3405,1,56750.0,56750.0005,1.0,22.3,80.28,150.0,6.976159,-1305.064433,0.0,0.0,0.0,22.3,0.0,0.0,1305.057735,-31.419951,6.226767,1.0,1.0,0.0,0.0,1.0,1318.23095,-34.161329,1021.0,5006.0,0.0,149.0,-0.064226,37.076707,133.476144,37.076656,-0.061446,-0.000289,0.194471,0.012701,-0.003983,0.022137,0.25925,0.0,0.0,0.0,0.0,0.0,-9999.0,-9999.0,-9999.0,-9999.0,-9999.0,-9999.0,-9999.0,-9999.0,-9999.0,-9999.0,-9999.0,-9999.0,-9999.0,-9999.0,150.0,ramp,spur5,stable_reference,4.780741252463051,-1.3009573178462406,2.649162824951232,-1.1009472504786235,-1.1009472504786235,5.7166665,203.63420847771087,0.5619961520974889,190.43904649789923,3.195709709346425,3.195761976657091,-1.0752708740306645,-0.11073989799385231,4.296647257830152,-1.100937548483727
P23_AV1_1_interaction,P23,AV1,1,on_ramp,P23_AV1_1,P23_AV1.1.asc,AV1,60,initiator_active,3406,1,56766.67,56766.6676,1.0,22.3,80.28,150.0,7.348045,-1305.435906,0.0,0.0,0.0,22.3,0.0,0.0,1305.42881,-31.440917,6.22674,1.0,1.0,0.0,0.0,1.0,1318.848854,-34.166084,1021.0,5006.0,0.0,149.0,-0.067722,37.079825,133.487372,37.079778,-0.0592,-0.000365,0.182057,0.009529,-0.004966,0.021823,0.23825,0.0,0.0,0.0,0.0,0.0,-9999.0,-9999.0,-9999.0,-9999.0,-9999.0,-9999.0,-9999.0,-9999.0,-9999.0,-9999.0,-9999.0,-9999.0,-9999.0,-9999.0,150.0,ramp,spur5,stable_reference,4.770073042189743,-1.3133561982969502,2.6296754208683444,-1.1204406863918397,-1.1204406863918397,5.733333599999998,204.2521307046671,0.5622871411685795,190.81028033451682,3.1777746227509507,3.177827257833755,-1.0774409342122055,-0.16569344701245825,4.298205435363809,-1.1204308126128586
P23_AV1_1_interaction,P23,AV1,1,on_ramp,P23_AV1_1,P23_AV1.1.asc,AV1,60,initiator_active,3407,1,56783.33,56783.3334,1.0,22.3,80.28,150.0,7.719925,-1305.807378,0.0,0.0,0.0,22.3,0.0,0.0,1305.799884,-31.461888,6.226728,1.0,1.0,0.0,0.0,1.0,1319.466811,-34.170835,1021.0,5006.0,0.0,149.0,-0.071259,37.082515,133.497055,37.082471,-0.056975,-0.000457,0.145265,0.007698,-0.005838,0.021038,0.21,0.0,0.0,0.0,0.0,0.0,-9999.0,-9999.0,-9999.0,-9999.0,-9999.0,-9999.0,-9999.0,-9999.0,-9999.0,-9999.0,-9999.0,-9999.0,-9999.0,-9999.0,150.0,ramp,spur5,stable_reference,4.759399806109603,-1.3257601004889226,2.610183012840967,-1.1399391262336227,-1.1399391262336227,5.749999400000001,204.8701058971918,0.5625825629065642,191.18151321199787,3.1598345281561437,3.1598477493439807,-1.0807938248518099,-0.23803183196587696,4.299763608782604,-1.1399290806264606
P23_AV1_1_interaction,P23,AV1,1,on_ramp,P23_AV1_1,P23_AV1.1.asc,AV1,60,initiator_active,3408,1,56800.0,56800.0006,1.0,22.3,80.28,150.0,8.091797,-1306.17885,0.0,0.0,0.0,22.3,0.0,0.0,1306.170956,-31.482897,6.226533,1.0,1.0,0.0,0.0,1.0,1320.084814,-34.175585,1021.0,5006.0,0.0,149.0,-0.074839,37.084537,133.504333,37.084497,-0.054766,-0.000561,0.10571,0.006495,-0.006403,0.020096,0.21,0.0,0.0,0.0,0.0,0.0,-9999.0,-9999.0,-9999.0,-9999.0,-9999.0,-9999.0,-9999.0,-9999.0,-9999.0,-9999.0,-9999.0,-9999.0,-9999.0,-9999.0,150.0,ramp,spur5,stable_reference,4.748688529182839,-1.3382020387098112,2.5906153599426225,-1.159509321052116,-1.159509321052116,5.766666599999997,205.4881270800168,0.5628793602491744,191.55274439985524,3.14185641849627,3.1418011517615327,-1.0853753524456664,-0.3048047130462592,4.301353732869917,-1.1594973143736476
P23_AV1_1_interaction,P23,AV1,1,on_ramp,P23_AV1_1,P23_AV1.1.asc,AV1,60,initiator_active,3409,1,56816.67,56816.6673,1.0,22.3,80.28,150.0,8.46366,-1306.550321,0.0,0.0,0.0,22.3,0.0,0.0,1306.542021,-31.504048,6.226148,1.0,1.0,0.0,0.0,1.0,1320.702851,-34.180333,1021.0,5006.0,0.0,149.0,-0.07846,37.08599,133.509563,37.085953,-0.05257,-0.00067,0.075903,0.007184,-0.006603,0.018369,0.181,0.0,0.0,0.0,0.0,0.0,-9999.0,-9999.0,-9999.0,-9999.0,-9999.0,-9999.0,-9999.0,-9999.0,-9999.0,-9999.0,-9999.0,-9999.0,-9999.0,-9999.0,150.0,ramp,spur5,stable_reference,4.737835112753735,-1.3507861006361082,2.57079841323854,-1.1793186695389604,-1.1793186695389604,5.783333299999998,206.10618224537595,0.563178435170557,191.9239697475242,3.123736256408762,3.1236679584972027,-1.0909541247546173,-0.3470352112622095,4.3030427141441425,-1.1793064577353807
P23_AV1_1_interaction,P23,AV1,1,on_ramp,P23_AV1_1,P23_AV1.1.asc,AV1,60,initiator_active,3410,1,56833.33,56833.3341,1.0,22.3,80.28,150.0,8.83551,-1306.921787,0.0,0.0,0.0,22.3,0.0,0.0,1306.913077,-31.525338,6.225788,1.0,1.0,0.0,0.0,1.0,1321.320913,-34.18508,1021.0,5006.0,0.0,149.0,-0.082123,37.087073,133.513462,37.087039,-0.050378,-0.000779,0.059115,0.009716,-0.006442,0.015857,0.1545,0.0,0.0,0.0,0.0,0.0,-9999.0,-9999.0,-9999.0,-9999.0,-9999.0,-9999.0,-9999.0,-9999.0,-9999.0,-9999.0,-9999.0,-9999.0,-9999.0,-9999.0,150.0,ramp,spur5,stable_reference,4.726842500209658,-1.3635093332109371,2.550842435079102,-1.199267049655154,-1.199267049655154,5.800000099999997,206.72426240173556,0.5634787142096653,192.29518723057313,3.1054770254614996,3.105435831851082,-1.0969432531221912,-0.35458066825719925,4.304731656748295,-1.1992546312867955
P23_AV1_1_interaction,P23,AV1,1,on_ramp,P23_AV1_1,P23_AV1.1.asc,AV1,60,initiator_active,3411,1,56850.0,56850.0002,1.0,22.3,80.28,150.0,9.207345,-1307.293249,0.0,0.0,0.0,22.3,0.0,0.0,1307.284127,-31.546736,6.22552,1.0,1.0,0.0,0.0,1.0,1321.938995,-34.189825,1021.0,5006.0,0.0,149.0,-0.085827,37.087986,133.516751,37.087955,-0.0482,-0.000882,0.052952,0.012726,-0.005927,0.013188,0.13425,0.0,0.0,0.0,0.0,0.0,-9999.0,-9999.0,-9999.0,-9999.0,-9999.0,-9999.0,-9999.0,-9999.0,-9999.0,-9999.0,-9999.0,-9999.0,-9999.0,-9999.0,150.0,ramp,spur5,stable_reference,4.715741762818513,-1.3763406754697136,2.530778436048508,-1.2193234507573725,-1.2193234507573725,5.816666199999999,207.34236254109615,0.5637811565029464,192.66639959575477,3.087109749118993,3.0871036629692843,-1.1027733333812506,-0.3218909923638549,4.306420573824675,-1.219310824705682
P23_AV1_1_interaction,P23,AV1,1,on_ramp,P23_AV1_1,P23_AV1.1.asc,AV1,60,initiator_active,3412,1,56866.67,56866.6668,1.0,22.3,80.28,150.0,9.579167,-1307.664707,0.0,0.0,0.0,22.3,0.0,0.0,1307.655173,-31.568208,6.22534,1.0,1.0,0.0,0.0,1.0,1322.557092,-34.194568,1021.0,5006.0,0.0,149.0,-0.089571,37.088856,133.51988,37.088827,-0.046053,-0.000972,0.05211,0.017495,-0.005069,0.009734,0.12325,0.0,0.0,0.0,0.0,0.0,-9999.0,-9999.0,-9999.0,-9999.0,-9999.0,-9999.0,-9999.0,-9999.0,-9999.0,-9999.0,-9999.0,-9999.0,-9999.0,-9999.0,150.0,ramp,spur5,stable_reference,4.704566942965044,-1.3892460903187225,2.5106404231167216,-1.2394538658372078,-1.2394538658372078,5.833332799999996,207.96047766362463,0.5640857212201873,193.03760856535717,3.068668442579674,3.0686774163556425,-1.107672721077222,-0.23711555934195871,4.308109473915448,-1.2394410313357742
P23_AV1_1_interaction,P23,AV1,1,on_ramp,P23_AV1_1,P23_AV1.1.asc,AV1,60,initiator_active,3413,1,56883.33,56883.3334,1.0,22.3,80.28,150.0,9.950979,-1308.036163,0.0,0.0,0.0,22.3,0.0,0.0,1308.026216,-31.589727,6.225229,1.0,1.0,0.0,0.0,1.0,1323.175203,-34.199309,1021.0,5006.0,0.0,149.0,-0.093353,37.089697,133.522909,37.089671,-0.043959,-0.001046,0.049074,0.022375,-0.003931,0.00628,0.122,0.0,0.0,0.0,0.0,0.0,-9999.0,-9999.0,-9999.0,-9999.0,-9999.0,-9999.0,-9999.0,-9999.0,-9999.0,-9999.0,-9999.0,-9999.0,-9999.0,-9999.0,150.0,ramp,spur5,stable_reference,4.693345057996277,-1.4021985618731212,2.490455399704124,-1.259631291455805,-1.259631291455805,5.849999400000001,208.57860676935417,0.564392400195337,193.40881491886327,3.0501801131093282,3.050181386623071,-1.1106771537439073,-0.1193293750951483,4.309798361127163,-1.2596182480178344
P23_AV1_1_interaction,P23,AV1,1,on_ramp,P23_AV1_1,P23_AV1.1.asc,AV1,60,initiator_active,3414,1,56900.0,56900.0007,1.0,22.3,80.28,150.0,10.322782,-1308.407618,0.0,0.0,0.0,22.3,0.0,0.0,1308.397258,-31.611274,6.225167,1.0,1.0,0.0,0.0,1.0,1323.793329,-34.204047,1021.0,5006.0,0.0,149.0,-0.097174,37.0904,133.525441,37.090377,-0.041947,-0.001099,0.036605,0.029021,-0.002619,0.002041,0.122,0.0,0.0,0.0,0.0,0.0,-9999.0,-9999.0,-9999.0,-9999.0,-9999.0,-9999.0,-9999.0,-9999.0,-9999.0,-9999.0,-9999.0,-9999.0,-9999.0,-9999.0,150.0,ramp,spur5,stable_reference,4.682095156065028,-1.4151790490461778,2.4702423728776144,-1.27983672050672,-1.27983672050672,5.866666699999994,209.19675085008552,0.5647022015611011,193.78002050105204,3.031663776406535,3.0316542139051306,-1.111650349219687,-0.008066711433272644,4.311487244248774,-1.2798234678422387
P23_AV1_1_interaction,P23,AV1,1,on_ramp,P23_AV1_1,P23_AV1.1.asc,AV1,60,initiator_active,3415,1,56916.67,56916.6667,1.0,22.3,80.28,150.0,10.694577,-1308.779071,0.0,0.0,0.0,22.3,0.0,0.0,1308.768299,-31.632835,6.225134,1.0,1.0,0.0,0.0,1.0,1324.411466,-34.20878,1021.0,5006.0,0.0,149.0,-0.10103,37.090811,133.526921,37.09079,-0.040048,-0.001129,0.015942,0.035196,-0.001289,-0.001884,0.12275,0.0,0.0,0.0,0.0,0.0,-9999.0,-9999.0,-9999.0,-9999.0,-9999.0,-9999.0,-9999.0,-9999.0,-9999.0,-9999.0,-9999.0,-9999.0,-9999.0,-9999.0,150.0,ramp,spur5,stable_reference,4.670831231787789,-1.4281735555646795,2.450015342546731,-1.3000561530814427,-1.3000561530814427,5.883332699999999,209.81490588961975,0.5650170925866306,194.15122519759888,3.0131334320045013,3.0131264121992114,-1.110946174690298,0.08283791425090214,4.313176123049946,-1.3000426910454443
P23_AV1_1_interaction,P23,AV1,1,on_ramp,P23_AV1_1,P23_AV1.1.asc,AV1,60,initiator_active,3416,1,56933.33,56933.3338,1.0,22.3,80.28,150.0,11.066364,-1309.150525,0.0,0.0,0.0,22.3,0.0,0.0,1309.139339,-31.654403,6.225119,1.0,1.0,0.0,0.0,1.0,1325.02961,-34.213509,1021.0,5006.0,0.0,149.0,-0.10492,37.09079,133.526844,37.09077,-0.038313,-0.001139,-0.013563,0.040999,-9.7e-05,-0.005495,0.12175,0.0,0.0,0.0,0.0,0.0,-9999.0,-9999.0,-9999.0,-9999.0,-9999.0,-9999.0,-9999.0,-9999.0,-9999.0,-9999.0,-9999.0,-9999.0,-9999.0,-9999.0,150.0,ramp,spur5,stable_reference,4.659560282472798,-1.441175083292047,2.429631487691065,-1.3204461180377045,-1.3204461180377045,5.899999799999998,210.4330678962565,0.5653360406410796,194.52242895134123,2.994596079669822,2.9946229356556837,-1.1088890154485682,0.14893574858858472,4.315025718472128,-1.3204296388023065
P23_AV1_1_interaction,P23,AV1,1,on_ramp,P23_AV1_1,P23_AV1.1.asc,AV1,60,initiator_active,3417,1,56950.0,56950.0008,1.0,22.3,80.28,150.0,11.438144,-1309.521978,0.0,0.0,0.0,22.3,0.0,0.0,1309.510383,-31.675912,6.225336,1.0,1.0,0.0,0.0,1.0,1325.647754,-34.21823,1021.0,5006.0,0.0,149.0,-0.108842,37.090171,133.524614,37.090152,-0.036785,-0.001131,-0.053989,0.046565,0.000822,-0.008792,0.1175,0.0,0.0,0.0,0.0,0.0,-9999.0,-9999.0,-9999.0,-9999.0,-9999.0,-9999.0,-9999.0,-9999.0,-9999.0,-9999.0,-9999.0,-9999.0,-9999.0,-9999.0,150.0,ramp,spur5,stable_reference,4.64834842138817,-1.45411753443618,2.409305091711956,-1.3407787580319634,-1.3407787580319634,5.916666799999999,211.0512298375649,0.5656629884287955,194.89363622315366,2.9761177580320926,2.976162594611205,-1.1059815406551365,0.19076931440075384,4.316879783076267,-1.3407620250441745
P23_AV1_1_interaction,P23,AV1,1,on_ramp,P23_AV1_1,P23_AV1.1.asc,AV1,60,initiator_active,3418,1,56966.67,56966.6667,1.0,22.3,80.28,150.0,11.809921,-1309.893433,0.0,0.0,0.0,22.3,0.0,0.0,1309.881431,-31.697339,6.225557,1.0,1.0,0.0,0.0,1.0,1326.265888,-34.222944,1021.0,5006.0,0.0,149.0,-0.112796,37.089034,133.520524,37.089017,-0.035502,-0.001111,-0.074745,0.051021,0.001423,-0.011304,0.115,0.0,0.0,0.0,0.0,0.0,-9999.0,-9999.0,-9999.0,-9999.0,-9999.0,-9999.0,-9999.0,-9999.0,-9999.0,-9999.0,-9999.0,-9999.0,-9999.0,-9999.0,150.0,ramp,spur5,stable_reference,4.637218639689558,-1.46697791511968,2.389060708064189,-1.3610293857577964,-1.3610293857577964,5.933332699999999,211.66938172204425,0.5659968543226792,195.26484682521723,2.957721466324437,2.957757360002402,-1.1025301568808885,0.2100959793901751,4.318733866365569,-1.3610124000411323
P23_AV1_1_interaction,P23,AV1,1,on_ramp,P23_AV1_1,P23_AV1.1.asc,AV1,60,initiator_active,3419,1,56983.33,56983.3336,1.0,22.3,80.28,150.0,12.181696,-1310.264891,0.0,0.0,0.0,22.3,0.0,0.0,1310.252484,-31.718694,6.22574,1.0,1.0,0.0,0.0,1.0,1326.884004,-34.227649,1021.0,5006.0,0.0,149.0,-0.116777,37.087482,133.514937,37.087466,-0.034508,-0.001084,-0.107702,0.053491,0.00172,-0.01256,0.115,0.0,0.0,0.0,0.0,0.0,-9999.0,-9999.0,-9999.0,-9999.0,-9999.0,-9999.0,-9999.0,-9999.0,-9999.0,-9999.0,-9999.0,-9999.0,-9999.0,-9999.0,150.0,ramp,spur5,stable_reference,4.626160968951855,-1.4797661996082845,2.36888833998548,-1.381207997994846,-1.381207997994846,5.9499995999999955,212.28751553362963,0.566339572927709,195.63606183915908,2.9393972130463224,2.9394121810674805,-1.098978447386287,0.1954505386451757,4.320587973494386,-1.3811907604480638
P23_AV1_1_interaction,P23,AV1,1,on_ramp,P23_AV1_1,P23_AV1.1.asc,AV1,60,initiator_active,3420,1,57000.0,57000.0007,1.0,22.3,80.28,150.0,12.553468,-1310.636352,0.0,0.0,0.0,22.3,0.0,0.0,1310.62354,-31.739995,6.225871,1.0,1.0,0.0,0.0,1.0,1327.502094,-34.232344,1021.0,5006.0,0.0,149.0,-0.120786,37.085264,133.506951,37.085249,-0.033831,-0.001055,-0.150575,0.054708,0.001766,-0.012874,0.115,0.0,0.0,0.0,0.0,0.0,-9999.0,-9999.0,-9999.0,-9999.0,-9999.0,-9999.0,-9999.0,-9999.0,-9999.0,-9999.0,-9999.0,-9999.0,-9999.0,-9999.0,150.0,ramp,spur5,stable_reference,4.615157360637689,-1.4925004292549109,2.348769981193363,-1.401332600992896,-1.401332600992896,5.966666699999994,212.90562326442134,0.5666920788822,196.00727941203448,2.9211269824658292,2.9211240131239897,-1.096015015685353,0.14119570311130758,4.322442094755863,-1.401315112290034
P23_AV1_1_interaction,P23,AV1,1,on_ramp,P23_AV1_1,P23_AV1.1.asc,AV1,60,initiator_active,3421,1,57016.67,57016.6667,1.0,22.3,80.28,150.0,12.925236,-1311.007815,0.0,0.0,0.0,22.3,0.0,0.0,1310.994598,-31.761261,6.225955,1.0,1.0,0.0,0.0,1.0,1328.120148,-34.237028,1021.0,5006.0,0.0,149.0,-0.124821,37.082348,133.496453,37.082333,-0.03347,-0.001027,-0.190677,0.056032,0.00161,-0.01256,0.1115,0.0,0.0,0.0,0.0,0.0,-9999.0,-9999.0,-9999.0,-9999.0,-9999.0,-9999.0,-9999.0,-9999.0,-9999.0,-9999.0,-9999.0,-9999.0,-9999.0,-9999.0,150.0,ramp,spur5,stable_reference,4.604188794323751,-1.5051996220740238,2.32868662859738,-1.421422197826585,-1.421422197826585,5.983332699999999,213.523694906587,0.5670552904923739,196.3784986990317,2.902891767050428,2.902878600205855,-1.0942718763652977,0.07272870396351294,4.324296225454951,-1.4214044584045231
P23_AV1_1_interaction,P23,AV1,1,on_ramp,P23_AV1_1,P23_AV1.1.asc,AV1,60,initiator_active,3422,1,57033.33,57033.3347,1.0,22.3,80.28,150.0,13.297,-1311.379279,0.0,0.0,0.0,22.3,0.0,0.0,1311.365657,-31.782506,6.226005,1.0,1.0,0.0,0.0,1.0,1328.738154,-34.241701,1021.0,5006.0,0.0,149.0,-0.12888,37.078866,133.483917,37.078851,-0.033399,-0.001003,-0.219786,0.058109,0.001316,-0.012246,0.0995,0.0,0.0,0.0,0.0,0.0,-9999.0,-9999.0,-9999.0,-9999.0,-9999.0,-9999.0,-9999.0,-9999.0,-9999.0,-9999.0,-9999.0,-9999.0,-9999.0,-9999.0,150.0,ramp,spur5,stable_reference,4.593241247664049,-1.5178777974110709,2.308624279081699,-1.4414907915956778,-1.4414907915956778,6.000000699999997,214.14171846052653,0.5674291097657297,196.74971881450875,2.8846775591008744,2.884647556384103,-1.093590804530436,0.04700586333125756,4.32615036081741,-1.4414728017165355
P23_AV1_1_interaction,P23,AV1,1,on_ramp,P23_AV1_1,P23_AV1.1.asc,AV1,60,initiator_active,3423,1,57050.0,57050.0008,1.0,22.3,80.28,150.0,13.668759,-1311.750743,0.0,0.0,0.0,22.3,0.0,0.0,1311.736716,-31.803738,6.226032,1.0,1.0,0.0,0.0,1.0,1329.356103,-34.246361,1021.0,5006.0,0.0,149.0,-0.132962,37.075046,133.470167,37.075031,-0.033587,-0.000984,-0.233757,0.060663,0.000997,-0.011775,0.0825,0.002198,0.0,0.0,0.0,0.0,-9999.0,-9999.0,-9999.0,-9999.0,-9999.0,-9999.0,-9999.0,-9999.0,-9999.0,-9999.0,-9999.0,-9999.0,-9999.0,-9999.0,150.0,ramp,spur5,stable_reference,4.582306696005371,-1.5305429762087204,2.2884757136068563,-1.4616407208494162,-1.4616407208494162,6.016666799999999,214.7596849102083,0.5678154631411872,197.12093882382706,2.866476350717867,2.8664247342681706,-1.0927050015654203,0.09438111266218385,4.328096164555573,-1.461619813837706
P23_AV1_1_interaction,P23,AV1,1,on_ramp,P23_AV1_1,P23_AV1.1.asc,AV1,60,initiator_active,3424,1,57066.67,57066.6668,1.0,22.3,80.28,150.0,14.040512,-1312.122209,0.0,0.0,0.0,22.3,0.0,0.0,1312.107776,-31.824965,6.226045,1.0,1.0,0.0,0.0,1.0,1329.973989,-34.251009,1021.0,5006.0,0.0,149.0,-0.137066,37.070847,133.455048,37.070831,-0.034008,-0.000969,-0.258635,0.063349,0.000818,-0.011461,0.06725,0.0,0.0,0.0,0.0,0.0,-9999.0,-9999.0,-9999.0,-9999.0,-9999.0,-9999.0,-9999.0,-9999.0,-9999.0,-9999.0,-9999.0,-9999.0,-9999.0,-9999.0,150.0,ramp,spur5,stable_reference,4.571377170153522,-1.5432031332651142,2.268293742591349,-1.4818221688087874,-1.4818221688087874,6.033332799999997,215.37758826399798,0.568213301655831,197.49215979228214,2.8482801503341895,2.8482254038611243,-1.09044489209127,0.185205777725038,4.330081123459939,-1.4818009731257495
P23_AV1_1_interaction,P23,AV1,1,on_ramp,P23_AV1_1,P23_AV1.1.asc,AV1,60,initiator_active,3425,1,57083.33,57083.3345,1.0,22.3,80.28,150.0,14.412259,-1312.493674,0.0,0.0,0.0,22.3,0.0,0.0,1312.478836,-31.846189,6.226051,1.0,1.0,0.0,0.0,1.0,1330.591807,-34.255642,1021.0,5006.0,0.0,149.0,-0.14119,37.066753,133.440312,37.066737,-0.03463,-0.000956,-0.240832,0.067181,0.000797,-0.011461,0.059,0.0,0.0,0.0,0.0,0.0,-9999.0,-9999.0,-9999.0,-9999.0,-9999.0,-9999.0,-9999.0,-9999.0,-9999.0,-9999.0,-9999.0,-9999.0,-9999.0,-9999.0,150.0,ramp,spur5,stable_reference,4.560450643148061,-1.555860291120104,2.2481147715639493,-1.502000616780068,-1.502000616780068,6.050000499999995,215.99542349756425,0.5686255843794268,197.86338073623884,2.830086949850482,2.830076176668225,-1.0865312391049997,0.28118960923822556,4.332066082319094,-1.501979132468612
P23_AV1_1_interaction,P23,AV1,1,on_ramp,P23_AV1_1,P23_AV1.1.asc,AV1,60,initiator_active,3426,1,57100.0,57100.001,1.0,22.3,80.28,150.0,14.784,-1312.86514,0.0,0.0,0.0,22.3,0.0,0.0,1312.849899,-31.867369,6.226282,1.0,1.0,0.0,0.0,1.0,1331.209557,-34.26026,1021.0,5006.0,0.0,149.0,-0.145331,37.062749,133.425897,37.062732,-0.035417,-0.000941,-0.240125,0.07136,0.000983,-0.011461,0.059,0.0,0.0,0.0,0.0,0.0,-9999.0,-9999.0,-9999.0,-9999.0,-9999.0,-9999.0,-9999.0,-9999.0,-9999.0,-9999.0,-9999.0,-9999.0,-9999.0,-9999.0,150.0,ramp,spur5,stable_reference,4.549568182411505,-1.5684733914711244,2.2279798088103924,-1.5221350564734435,-1.5221350564734435,6.066666999999994,216.6131906109071,0.5690523113119671,198.23460432078977,2.8119377723978243,2.8120067485790416,-1.0810717727389658,0.365209103922318,4.33405105656088,-1.5221132841630558
P23_AV1_1_interaction,P23,AV1,1,on_ramp,P23_AV1_1,P23_AV1.1.asc,AV1,60,initiator_active,3427,1,57116.67,57116.6668,1.0,22.3,80.28,150.0,15.155736,-1313.236607,0.0,0.0,0.0,22.3,0.0,0.0,1313.220972,-31.888379,6.226741,1.0,1.0,0.0,0.0,1.0,1331.827239,-34.26486,1021.0,5006.0,0.0,149.0,-0.149489,37.058714,133.41137,37.058696,-0.036348,-0.000921,-0.243825,0.075453,0.001409,-0.011304,0.05425,0.0,0.0,0.0,0.0,0.0,-9999.0,-9999.0,-9999.0,-9999.0,-9999.0,-9999.0,-9999.0,-9999.0,-9999.0,-9999.0,-9999.0,-9999.0,-9999.0,-9999.0,150.0,ramp,spur5,stable_reference,4.538855933598794,-1.5809163063535452,2.2080148735438274,-1.542099468666416,-1.542099468666416,6.083332799999996,217.23088957952868,0.5694964823534328,198.60583651677993,2.7939586709373394,2.7940415636711915,-1.0743580323822073,0.4174476620315062,4.3360360817264745,-1.542077410789135
P23_AV1_1_interaction,P23,AV1,1,on_ramp,P23_AV1_1,P23_AV1.1.asc,AV1,60,initiator_active,3428,1,57133.33,57133.3341,1.0,22.3,80.28,150.0,15.527476,-1313.60808,0.0,0.0,0.0,22.3,0.0,0.0,1313.592053,-31.909223,6.227172,1.0,1.0,0.0,0.0,1.0,1332.444855,-34.269443,1021.0,5006.0,0.0,149.0,-0.153661,37.054604,133.396575,37.054585,-0.037402,-0.000892,-0.248244,0.079708,0.001995,-0.011147,0.047,0.0,0.0,0.0,0.0,0.0,-9999.0,-9999.0,-9999.0,-9999.0,-9999.0,-9999.0,-9999.0,-9999.0,-9999.0,-9999.0,-9999.0,-9999.0,-9999.0,-9999.0,150.0,ramp,spur5,stable_reference,4.52830984278905,-1.5931930808471046,2.1882159601478874,-1.5618978589781425,-1.5618978589781425,6.100000099999997,217.84852241152808,0.5699571138692385,198.97707535694025,2.7761456292703115,2.7761950756776743,-1.0671569042668523,0.41590297438213497,4.338021147179025,-1.5618755179087134
P23_AV1_1_interaction,P23,AV1,1,on_ramp,P23_AV1_1,P23_AV1.1.asc,AV1,60,initiator_active,3429,1,57150.0,57150.0008,1.0,22.3,80.28,150.0,15.899218,-1313.979559,0.0,0.0,0.0,22.3,0.0,0.0,1313.963142,-31.929939,6.227494,1.0,1.0,0.0,0.0,1.0,1333.062402,-34.274006,1021.0,5006.0,0.0,149.0,-0.157845,37.050444,133.3816,37.050424,-0.038565,-0.000852,-0.249998,0.08275,0.002633,-0.010362,0.0415,0.0,0.0,0.0,0.0,0.0,-9999.0,-9999.0,-9999.0,-9999.0,-9999.0,-9999.0,-9999.0,-9999.0,-9999.0,-9999.0,-9999.0,-9999.0,-9999.0,-9999.0,150.0,ramp,spur5,stable_reference,4.517891924594667,-1.605341704836191,2.168545068773257,-1.581568227257791,-1.581568227257791,6.116666799999999,218.46608608250736,0.5704371812612422,199.3483211515803,2.758460648663763,2.758468951114411,-1.0604943032565473,0.3500266356259054,4.3400062534911745,-1.5815456048274115
P23_AV1_1_interaction,P23,AV1,1,on_ramp,P23_AV1_1,P23_AV1.1.asc,AV1,60,initiator_active,3430,1,57166.67,57166.6668,1.0,22.3,80.28,150.0,16.270961,-1314.351041,0.0,0.0,0.0,22.3,0.0,0.0,1314.334236,-31.950564,6.227709,1.0,1.0,0.0,0.0,1.0,1333.67988,-34.278548,1021.0,5006.0,0.0,149.0,-0.162038,37.046274,133.366587,37.046253,-0.039826,-0.000802,-0.250117,0.085189,0.003243,-0.009263,0.0395,0.0,0.0,0.0,0.0,0.0,-9999.0,-9999.0,-9999.0,-9999.0,-9999.0,-9999.0,-9999.0,-9999.0,-9999.0,-9999.0,-9999.0,-9999.0,-9999.0,-9999.0,150.0,ramp,spur5,stable_reference,4.507565110054981,-1.6173992376881858,2.148909319121866,-1.6012035096503467,-1.6012035096503467,6.133332799999996,219.08358058430017,0.5709376844960898,199.71957120294365,2.7408667058532443,2.7408459329161454,-1.0554895018109107,0.23881638036775144,4.342044363956598,-1.6011776581033534
P23_AV1_1_interaction,P23,AV1,1,on_ramp,P23_AV1_1,P23_AV1.1.asc,AV1,60,initiator_active,3431,1,57183.33,57183.3337,1.0,22.3,80.28,150.0,16.642702,-1314.722527,0.0,0.0,0.0,22.3,0.0,0.0,1314.705333,-31.971134,6.227842,1.0,1.0,0.0,0.0,1.0,1334.297288,-34.283067,1021.0,5006.0,0.0,149.0,-0.16624,37.042079,133.351486,37.042057,-0.041164,-0.000743,-0.252964,0.087319,0.003772,-0.008007,0.0395,0.0,0.0,0.0,0.0,0.0,-9999.0,-9999.0,-9999.0,-9999.0,-9999.0,-9999.0,-9999.0,-9999.0,-9999.0,-9999.0,-9999.0,-9999.0,-9999.0,-9999.0,150.0,ramp,spur5,stable_reference,4.497293357554311,-1.6294017159643903,2.1292606423921776,-1.6208517594352514,-1.6208517594352514,6.1499997,219.70100490060818,0.5714606153410582,200.09082380507493,2.723327785707009,2.723286428580587,-1.0525339714050688,0.22290139972451328,4.344153376372846,-1.620825590665837
P23_AV1_1_interaction,P23,AV1,1,on_ramp,P23_AV1_1,P23_AV1.1.asc,AV1,60,initiator_active,3432,1,57200.0,57200.0007,1.0,22.3,80.28,150.0,17.01444,-1315.094014,0.0,0.0,0.0,22.3,0.0,0.0,1315.076432,-31.991671,6.227917,1.0,1.0,0.0,0.0,1.0,1334.914627,-34.287564,1021.0,5006.0,0.0,149.0,-0.170449,37.037746,133.335887,37.037722,-0.042558,-0.000676,-0.265694,0.088111,0.00417,-0.006123,0.0395,0.0,0.0,0.0,0.0,0.0,-9999.0,-9999.0,-9999.0,-9999.0,-9999.0,-9999.0,-9999.0,-9999.0,-9999.0,-9999.0,-9999.0,-9999.0,-9999.0,-9999.0,150.0,ramp,spur5,stable_reference,4.487054647822933,-1.641371156880688,2.109644970525858,-1.6404670043545797,-1.6404670043545797,6.166666699999994,220.31836003956397,0.5720049819955343,200.4620781376599,2.705821880792547,2.7057608709710363,-1.0480593197281962,0.143945676018145,4.346262399688158,-1.6404405188956113
P23_AV1_1_interaction,P23,AV1,1,on_ramp,P23_AV1_1,P23_AV1.1.asc,AV1,60,initiator_active,3433,1,57216.74,57216.7436,1.0,22.3,80.28,150.0,17.386174,-1315.465503,0.0,0.0,0.0,22.3,0.0,0.0,1315.447532,-32.01219,6.227956,1.0,1.0,0.0,0.0,1.0,1335.531894,-34.292036,1021.0,5006.0,0.0,149.0,-0.174663,37.033095,133.31914,37.033068,-0.043991,-0.000604,-0.288923,0.08786,0.004381,-0.003768,0.03975,0.0,0.0,0.0,0.0,0.0,-9999.0,-9999.0,-9999.0,-9999.0,-9999.0,-9999.0,-9999.0,-9999.0,-9999.0,-9999.0,-9999.0,-9999.0,-9999.0,-9999.0,150.0,ramp,spur5,stable_reference,4.476833958899416,-1.6533225795163289,2.090047301086603,-1.6600642468457405,-1.6600642468457405,6.183409599999999,220.93564297676906,0.5725737598613585,200.8333333232226,2.6883339834439632,2.6882713968895198,-1.0477437071647273,0.06115302931501887,4.348371428431831,-1.6600374449878674
P23_AV1_1_interaction,P23,AV1,1,on_ramp,P23_AV1_1,P23_AV1.1.asc,AV1,60,initiator_active,3434,1,57233.33,57233.3335,1.0,22.3,80.28,150.0,17.757902,-1315.836992,0.0,0.0,0.0,22.3,0.0,0.0,1315.818632,-32.032701,6.227974,1.0,1.0,0.0,0.0,1.0,1336.149083,-34.296484,1021.0,5006.0,0.0,149.0,-0.178881,37.028012,133.300845,37.027985,-0.04543,-0.000531,-0.315611,0.08786,0.004358,-0.00157,0.04,0.0,0.0,0.0,0.0,0.0,-9999.0,-9999.0,-9999.0,-9999.0,-9999.0,-9999.0,-9999.0,-9999.0,-9999.0,-9999.0,-9999.0,-9999.0,-9999.0,-9999.0,150.0,ramp,spur5,stable_reference,4.46662126689959,-1.665266004281567,2.070457631622692,-1.679653489361583,-1.679653489361583,6.199999499999998,221.55284772059008,0.5731658999756226,201.2045884434572,2.6708540858286303,2.6708376000052594,-1.0460338034519623,0.2903500073990344,4.350480457062598,-1.6796263712339674
P23_AV1_1_interaction,P23,AV1,1,on_ramp,P23_AV1_1,P23_AV1.1.asc,AV1,60,initiator_active,3435,1,57250.0,57250.0002,1.0,22.3,80.28,150.0,18.129624,-1316.208481,0.0,0.0,0.0,22.3,0.0,0.0,1316.189735,-32.053167,6.228209,1.0,1.0,0.0,0.0,1.0,1336.766188,-34.300906,1021.0,5006.0,0.0,149.0,-0.183101,37.022533,133.281119,37.022503,-0.046845,-0.00046,-0.336601,0.086106,0.004092,0.001413,0.04,0.0,0.0,0.0,0.0,0.0,-9999.0,-9999.0,-9999.0,-9999.0,-9999.0,-9999.0,-9999.0,-9999.0,-9999.0,-9999.0,-9999.0,-9999.0,-9999.0,-9999.0,150.0,ramp,spur5,stable_reference,4.456453640784134,-1.6771643718090323,2.0509129694677144,-1.699197724565171,-1.699197724565171,6.2166662,222.16996825489474,0.5737833532753779,201.57584619611973,2.653419211211011,2.6534846133701184,-1.038058820155129,0.4379158174899658,4.352589502105469,-1.6991702908944584
P23_AV1_1_interaction,P23,AV1,1,on_ramp,P23_AV1_1,P23_AV1.1.asc,AV1,60,initiator_active,3436,1,57266.67,57266.6672,1.0,22.3,80.28,150.0,18.501343,-1316.579972,0.0,0.0,0.0,22.3,0.0,0.0,1316.560847,-32.073462,6.228665,1.0,1.0,0.0,0.0,1.0,1337.383202,-34.305303,1021.0,5006.0,0.0,149.0,-0.187324,37.016814,133.260531,37.016783,-0.048206,-0.000396,-0.346088,0.084837,0.00363,0.004082,0.03975,0.0,0.0,0.0,0.0,0.0,-9999.0,-9999.0,-9999.0,-9999.0,-9999.0,-9999.0,-9999.0,-9999.0,-9999.0,-9999.0,-9999.0,-9999.0,-9999.0,-9999.0,150.0,ramp,spur5,stable_reference,4.446457198478487,-1.6888915772063555,2.031539329128588,-1.7185709379430436,-1.7185709379430436,6.233333200000001,222.7869975880824,0.5744250626316615,201.94711155208893,2.636155404386181,2.6362352605828456,-1.0314364733160488,0.4114482805392896,4.354698595876574,-1.7185431914903928
P23_AV1_1_interaction,P23,AV1,1,on_ramp,P23_AV1_1,P23_AV1.1.asc,AV1,60,initiator_active,3437,1,57283.33,57283.3335,1.0,22.3,80.28,150.0,18.873065,-1316.951469,0.0,0.0,0.0,22.3,0.0,0.0,1316.931968,-32.093594,6.229093,1.0,1.0,0.0,0.0,1.0,1338.000122,-34.309674,1021.0,5006.0,0.0,149.0,-0.191547,37.01097,133.239492,37.010937,-0.049469,-0.000342,-0.353625,0.083011,0.003056,0.006908,0.03975,0.0,0.0,0.0,0.0,0.0,-9999.0,-9999.0,-9999.0,-9999.0,-9999.0,-9999.0,-9999.0,-9999.0,-9999.0,-9999.0,-9999.0,-9999.0,-9999.0,-9999.0,150.0,ramp,spur5,stable_reference,4.43662394305892,-1.700455618343962,2.012304963060251,-1.737804891136741,-1.737804891136741,6.249999499999998,223.40393271208717,0.5750920035130154,202.31838457669318,2.619054665620873,2.619103427068644,-1.0243439109465982,0.4116118932190389,4.356827911940381,-1.7377732463195081
P23_AV1_1_interaction,P23,AV1,1,on_ramp,P23_AV1_1,P23_AV1.1.asc,AV1,60,initiator_active,3438,1,57300.0,57300.0007,1.0,22.3,80.28,150.0,19.244789,-1317.32297,0.0,0.0,0.0,22.3,0.0,0.0,1317.303096,-32.113597,6.229412,1.0,1.0,0.0,0.0,1.0,1338.616945,-34.314018,1021.0,5006.0,0.0,149.0,-0.19577,37.004973,133.217904,37.004939,-0.050603,-0.000297,-0.364108,0.080859,0.002416,0.009734,0.03975,0.0,0.0,0.0,0.0,0.0,-9999.0,-9999.0,-9999.0,-9999.0,-9999.0,-9999.0,-9999.0,-9999.0,-9999.0,-9999.0,-9999.0,-9999.0,-9999.0,-9999.0,150.0,ramp,spur5,stable_reference,4.426919832140672,-1.7118905323155449,1.993092635384406,-1.7570168671105295,-1.7570168671105295,6.266666699999995,224.02077061884316,0.5757851513879664,202.68966354764436,2.602082979716666,2.6020902992871737,-1.017716033386293,0.3488427180079867,4.359067852166622,-1.7569848724499564
P23_AV1_1_interaction,P23,AV1,1,on_ramp,P23_AV1_1,P23_AV1.1.asc,AV1,60,initiator_active,3439,1,57316.67,57316.6668,1.0,22.3,80.28,150.0,19.616514,-1317.694475,0.0,0.0,0.0,22.3,0.0,0.0,1317.674229,-32.133512,6.229625,1.0,1.0,0.0,0.0,1.0,1339.233668,-34.318337,1021.0,5006.0,0.0,149.0,-0.199993,36.998796,133.195667,36.99876,-0.051573,-0.000263,-0.374738,0.078628,0.00181,0.012403,0.04025,0.0,0.0,0.0,0.0,0.0,-9999.0,-9999.0,-9999.0,-9999.0,-9999.0,-9999.0,-9999.0,-9999.0,-9999.0,-9999.0,-9999.0,-9999.0,-9999.0,-9999.0,150.0,ramp,spur5,stable_reference,4.41730382603073,-1.7232373543514516,1.9739683181605416,-1.776140832627779,-1.776140832627779,6.283332799999997,224.63750832478237,0.5765024818250615,203.06094679981692,2.5851993317085067,2.585179586527458,-1.0127157245801044,0.2392735635223282,4.361307821435011,-1.776108489726504
P23_AV1_1_interaction,P23,AV1,1,on_ramp,P23_AV1_1,P23_AV1.1.asc,AV1,60,initiator_active,3440,1,57333.33,57333.3336,1.0,22.3,80.28,150.0,19.988237,-1318.065983,0.0,0.0,0.0,22.3,0.0,0.0,1318.045364,-32.153371,6.229756,1.0,1.0,0.0,0.0,1.0,1339.850289,-34.32263,1021.0,5006.0,0.0,149.0,-0.204216,36.992475,133.172909,36.992438,-0.052341,-0.000238,-0.381729,0.077225,0.001325,0.014444,0.04,0.0,0.0,0.0,0.0,0.0,-9999.0,-9999.0,-9999.0,-9999.0,-9999.0,-9999.0,-9999.0,-9999.0,-9999.0,-9999.0,-9999.0,-9999.0,-9999.0,-9999.0,150.0,ramp,spur5,stable_reference,4.40774385384576,-1.734528145150022,1.9549000050702836,-1.7952087940096395,-1.7952087940096395,6.299999599999995,225.25414382180523,0.5772449784588825,203.43223159462462,2.5683716981652522,2.568333550057531,-1.0097404366797775,0.15073001522775442,4.363547802052732,-1.79517610388748
P23_AV1_1_interaction,P23,AV1,1,on_ramp,P23_AV1_1,P23_AV1.1.asc,AV1,60,initiator_active,3441,1,57350.0,57350.0001,1.0,22.3,80.28,150.0,20.359958,-1318.437493,0.0,0.0,0.0,22.3,0.0,0.0,1318.416502,-32.173197,6.22983,1.0,1.0,0.0,0.0,1.0,1340.466804,-34.326898,1021.0,5006.0,0.0,149.0,-0.208437,36.986078,133.149881,36.98604,-0.052876,-0.000219,-0.384618,0.075585,0.001022,0.016328,0.0355,0.0,0.0,0.0,0.0,0.0,-9999.0,-9999.0,-9999.0,-9999.0,-9999.0,-9999.0,-9999.0,-9999.0,-9999.0,-9999.0,-9999.0,-9999.0,-9999.0,-9999.0,150.0,ramp,spur5,stable_reference,4.3982169521595855,-1.7457858755164215,1.9358646982961465,-1.814243749072608,-1.814243749072608,6.316666099999995,225.87067311821136,0.5780116086585909,203.80351911985278,2.551577088019812,2.551521605021288,-1.007691379092165,0.13546530675293766,4.365787800350409,-1.8142107123305973
P23_AV1_1_interaction,P23,AV1,1,on_ramp,P23_AV1_1,P23_AV1.1.asc,AV1,60,initiator_active,3442,1,57366.67,57366.6676,1.0,22.3,80.28,150.0,20.731674,-1318.809003,0.0,0.0,0.0,22.3,0.0,0.0,1318.78764,-32.193007,6.229869,1.0,1.0,0.0,0.0,1.0,1341.083214,-34.33114,1021.0,5006.0,0.0,149.0,-0.212656,36.979656,133.126762,36.979618,-0.053165,-0.000203,-0.38548,0.072984,0.000919,0.018369,0.03125,0.0,0.0,0.0,0.0,0.0,-9999.0,-9999.0,-9999.0,-9999.0,-9999.0,-9999.0,-9999.0,-9999.0,-9999.0,-9999.0,-9999.0,-9999.0,-9999.0,-9999.0,150.0,ramp,spur5,stable_reference,4.388706044320834,-1.7570276101420286,1.916845391485701,-1.8332627041719132,-1.8332627041719132,6.333333599999998,226.48709720580152,0.5788033805568994,204.17480651442423,2.5347984773408907,2.534743167697753,-1.0052248111024795,0.17994749444368807,4.368027798442295,-1.8332293211014044
P23_AV1_1_interaction,P23,AV1,1,on_ramp,P23_AV1_1,P23_AV1.1.asc,AV1,60,initiator_active,3443,1,57383.33,57383.3341,1.0,22.3,80.28,150.0,21.103385,-1319.180514,0.0,0.0,0.0,22.3,0.0,0.0,1319.158779,-32.212808,6.229886,1.0,1.0,0.0,0.0,1.0,1341.699517,-34.335356,1021.0,5006.0,0.0,149.0,-0.216874,36.97323,133.103628,36.973192,-0.0532,-0.000187,-0.385385,0.070373,0.000987,0.020096,0.02975,0.0,0.0,0.0,0.0,0.0,-9999.0,-9999.0,-9999.0,-9999.0,-9999.0,-9999.0,-9999.0,-9999.0,-9999.0,-9999.0,-9999.0,-9999.0,-9999.0,-9999.0,150.0,ramp,spur5,stable_reference,4.379204160750762,-1.768260324091168,1.8978350867851677,-1.8522726571603791,-1.8522726571603791,6.350000099999997,227.10341408464217,0.5796202778217134,204.5460948354681,2.5180288745279276,2.5180134383058896,-1.0016930732320901,0.24840887434733716,4.370267802453224,-1.8522389279252964
P23_AV1_1_interaction,P23,AV1,1,on_ramp,P23_AV1_1,P23_AV1.1.asc,AV1,60,initiator_active,3444,1,57400.0,57400.0008,1.0,22.3,80.28,150.0,21.47509,-1319.552026,0.0,0.0,0.0,22.3,0.0,0.0,1319.52992,-32.23257,6.230089,1.0,1.0,0.0,0.0,1.0,1342.315712,-34.339549,1021.0,5006.0,0.0,149.0,-0.221089,36.96681,133.080516,36.966772,-0.052979,-0.000169,-0.3849,0.065751,0.001165,0.022451,0.02975,0.0,0.0,0.0,0.0,0.0,-9999.0,-9999.0,-9999.0,-9999.0,-9999.0,-9999.0,-9999.0,-9999.0,-9999.0,-9999.0,-9999.0,-9999.0,-9999.0,-9999.0,150.0,ramp,spur5,stable_reference,4.36974131764276,-1.7794540022776004,1.8788637862568012,-1.8712436059748547,-1.8712436059748547,6.366666799999999,227.7196227792649,0.5804592923870195,204.91738483796934,2.501298286746685,2.5013535329893877,-0.9969445338110035,0.31357971735209844,4.372507818032137,-1.871209531285452
P23_AV1_1_interaction,P23,AV1,1,on_ramp,P23_AV1_1,P23_AV1.1.asc,AV1,60,initiator_active,3445,1,57416.67,57416.6669,1.0,22.3,80.28,149.0,21.846792,-1319.923539,0.0,0.0,0.0,22.3,0.0,0.0,1319.901069,-32.252186,6.230481,1.0,1.0,0.0,0.0,1.0,1342.931801,-34.343717,1021.0,5006.0,0.0,149.0,-0.225303,36.960397,133.057431,36.96036,-0.052509,-0.000147,-0.384548,0.060086,0.001397,0.024963,0.02975,0.0,0.0,0.0,0.0,0.0,-9999.0,-9999.0,-9999.0,-9999.0,-9999.0,-9999.0,-9999.0,-9999.0,-9999.0,-9999.0,-9999.0,-9999.0,-9999.0,-9999.0,149.0,lane7,spur3,stable_reference,4.360424640228477,-1.7905015347511497,1.8599381617823545,-1.8901689188229092,1.8599381617823545,6.383332899999994,228.33572527327067,0.5813224405182182,205.28868164796182,2.4847137594257553,2.4847824823719913,-0.9912406176304245,0.3537340409999139,0.6248128877572126,1.8599008716685428
P23_AV1_1_interaction,P23,AV1,1,on_ramp,P23_AV1_1,P23_AV1.1.asc,AV1,60,initiator_active,3446,1,57433.33,57433.3342,1.0,22.3,80.28,149.0,22.218495,-1320.295056,0.0,0.0,0.0,22.3,0.0,0.0,1320.272225,-32.271661,6.230848,1.0,1.0,0.0,0.0,1.0,1343.547783,-34.347862,1021.0,5006.0,0.0,149.0,-0.229515,36.953987,133.034354,36.953951,-0.051786,-0.000122,-0.38457,0.053379,0.001631,0.027632,0.02975,0.0,0.0,0.0,0.0,0.0,-9999.0,-9999.0,-9999.0,-9999.0,-9999.0,-9999.0,-9999.0,-9999.0,-9999.0,-9999.0,-9999.0,-9999.0,-9999.0,-9999.0,149.0,lane7,spur3,stable_reference,4.351249102701067,-1.8014079432530932,1.841143822509713,-1.908962955353089,1.841143822509713,6.400000199999995,228.9517205830253,0.5822077141159531,205.65998430630873,2.4682702845658056,2.468312120320875,-0.9851533479579047,0.3442526533670396,0.6271633753600365,1.841106909205769
P23_AV1_1_interaction,P23,AV1,1,on_ramp,P23_AV1_1,P23_AV1.1.asc,AV1,60,initiator_active,3447,1,57450.0,57450.0005,1.0,22.3,80.28,149.0,22.5902,-1320.666577,0.0,0.0,0.0,22.3,0.0,0.0,1320.643387,-32.291025,6.231122,1.0,1.0,0.0,0.0,1.0,1344.163659,-34.351987,1021.0,5006.0,0.0,149.0,-0.233727,36.947577,133.011277,36.947542,-0.050809,-9.2e-05,-0.384557,0.044955,0.001833,0.030772,0.029,0.0,0.0,0.0,0.0,0.0,-9999.0,-9999.0,-9999.0,-9999.0,-9999.0,-9999.0,-9999.0,-9999.0,-9999.0,-9999.0,-9999.0,-9999.0,-9999.0,-9999.0,149.0,lane7,spur3,stable_reference,4.342184688867135,-1.8122032428696784,1.8224604940532727,-1.9276459810623423,1.8224604940532727,6.416666499999999,229.56760973299345,0.5831121214462939,206.03129205802503,2.4519378550010806,2.4519437686710304,-0.9797653954461083,0.28587597458811587,0.6295138996675544,1.8224239553335262
P23_AV1_1_interaction,P23,AV1,1,on_ramp,P23_AV1_1,P23_AV1.1.asc,AV1,60,initiator_active,3448,1,57466.67,57466.6667,1.0,22.3,80.28,149.0,22.961904,-1321.038101,0.0,0.0,0.0,22.3,0.0,0.0,1321.014552,-32.310314,6.231305,1.0,1.0,0.0,0.0,1.0,1344.779427,-34.356091,1021.0,5006.0,0.0,149.0,-0.237939,36.941168,132.988204,36.941135,-0.049573,-6e-05,-0.384455,0.036125,0.001989,0.033755,0.02875,0.0,0.0,0.0,0.0,0.0,-9999.0,-9999.0,-9999.0,-9999.0,-9999.0,-9999.0,-9999.0,-9999.0,-9999.0,-9999.0,-9999.0,-9999.0,-9999.0,-9999.0,149.0,lane7,spur3,stable_reference,4.33319532938147,-1.8229234932344875,1.8038521709721356,-1.946254001393954,1.8038521709721356,6.433332699999999,230.1833907150755,0.5840366461438156,206.40260219718797,2.4356804474337768,2.435654089805703,-0.9756243795533095,0.21478525537566284,0.631864442100982,1.8038160053327947
P23_AV1_1_interaction,P23,AV1,1,on_ramp,P23_AV1_1,P23_AV1.1.asc,AV1,60,initiator_active,3449,1,57483.33,57483.334,1.0,22.3,80.28,149.0,23.333606,-1321.409628,0.0,0.0,0.0,22.3,0.0,0.0,1321.385721,-32.329555,6.231418,1.0,1.0,0.0,0.0,1.0,1345.395089,-34.360179,1021.0,5006.0,0.0,149.0,-0.242153,36.934765,132.965154,36.934734,-0.04807,-2.6e-05,-0.383869,0.025559,0.002081,0.037209,0.02875,0.0,0.0,0.0,0.0,0.0,-9999.0,-9999.0,-9999.0,-9999.0,-9999.0,-9999.0,-9999.0,-9999.0,-9999.0,-9999.0,-9999.0,-9999.0,-9999.0,-9999.0,149.0,lane7,spur3,stable_reference,4.324254062356073,-1.8335956640878628,1.785291855145514,-1.9648140144678616,1.785291855145514,6.45,230.79906557003545,0.584976304707312,206.77391594424748,2.419471070930195,2.419422797339502,-0.9726059252403303,0.1692933067890401,0.6342150093061172,1.785256061624078
P23_AV1_1_interaction,P23,AV1,1,on_ramp,P23_AV1_1,P23_AV1.1.asc,AV1,60,initiator_active,3450,1,57500.0,57500.0007,1.0,22.3,80.28,149.0,23.705305,-1321.781155,0.0,0.0,0.0,22.3,0.0,0.0,1321.75689,-32.348768,6.231481,1.0,1.0,0.0,0.0,1.0,1346.010645,-34.364251,1021.0,5006.0,0.0,149.0,-0.246372,36.92837,132.94213,36.928341,-0.046287,9e-06,-0.383682,0.015884,0.002114,0.039878,0.02875,0.0,0.0,0.0,0.0,0.0,-9999.0,-9999.0,-9999.0,-9999.0,-9999.0,-9999.0,-9999.0,-9999.0,-9999.0,-9999.0,-9999.0,-9999.0,-9999.0,-9999.0,149.0,lane7,spur3,stable_reference,4.315340784563642,-1.8442398423948403,1.7667595392718114,-1.9833460275888903,1.7667595392718114,6.466666699999994,231.41463429787288,0.5859310971367867,207.1452294626578,2.403289693493019,2.403233242412233,-0.9699811422965752,0.17605083368594165,0.6365655761861155,1.7667241173069035
P23_AV1_1_interaction,P23,AV1,1,on_ramp,P23_AV1_1,P23_AV1.1.asc,AV1,60,initiator_active,3451,1,57516.67,57516.6668,1.0,22.3,80.28,149.0,24.077,-1322.152684,0.0,0.0,0.0,22.3,0.0,0.0,1322.128061,-32.367966,6.231514,1.0,1.0,0.0,0.0,1.0,1346.626093,-34.368311,1021.0,5006.0,0.0,149.0,-0.250596,36.921939,132.918981,36.921913,-0.044196,4.4e-05,-0.387795,0.006758,0.002044,0.041919,0.0295,0.0,0.0,0.0,0.0,0.0,-9999.0,-9999.0,-9999.0,-9999.0,-9999.0,-9999.0,-9999.0,-9999.0,-9999.0,-9999.0,-9999.0,-9999.0,-9999.0,-9999.0,149.0,lane7,spur3,stable_reference,4.306442556462175,-1.854868978550313,1.7482422270404945,-2.0018630370659234,1.7482422270404945,6.483332799999997,232.03009493131884,0.5868970072335294,207.51654485851054,2.3871233318877842,2.3870906082513392,-0.9667376802878493,0.22245915302944752,0.6389161555564773,1.748207176331307
P23_AV1_1_interaction,P23,AV1,1,on_ramp,P23_AV1_1,P23_AV1.1.asc,AV1,60,initiator_active,3452,1,57533.33,57533.3335,1.0,22.3,80.28,149.0,24.44869,-1322.524213,-0.7,0.0,0.0,22.23,0.0,0.0,1322.499232,-32.387157,6.23153,1.0,0.0,0.0,0.0,1.0,1347.241435,-34.37236,1021.0,5006.0,0.0,149.0,-0.254828,36.915412,132.895483,36.915388,-0.041778,7.7e-05,-0.394374,-0.00085,0.001872,0.042861,0.03,0.0,0.0,0.0,0.0,0.0,-9999.0,-9999.0,-9999.0,-9999.0,-9999.0,-9999.0,-9999.0,-9999.0,-9999.0,-9999.0,-9999.0,-9999.0,-9999.0,-9999.0,149.0,lane7,spur3,stable_reference,4.297551325668957,-1.8654911165691683,1.7296569325237463,-2.020448094187698,1.7296569325237463,6.499999499999998,232.64544947847247,0.587873051362955,207.8878601972012,2.370963970049156,2.3710091708867327,-0.9625659224260943,0.2754648171359477,0.6413452516140086,1.7296187184351473
P23_AV1_1_interaction,P23,AV1,1,on_ramp,P23_AV1_1,P23_AV1.1.asc,AV1,60,initiator_active,3453,1,57550.0,57550.0,1.0,22.3,80.28,149.0,24.820374,-1322.895743,-0.7,0.0,0.0,22.23,0.0,0.0,1322.869242,-32.406196,6.231856,1.0,0.0,0.0,0.0,1.0,1347.856668,-34.376403,1021.0,5006.0,0.0,149.0,-0.259069,36.908788,132.871638,36.908768,-0.039025,0.000105,-0.399199,-0.00793,0.00162,0.043175,0.03,0.0,0.0,0.0,0.0,0.0,-9999.0,-9999.0,-9999.0,-9999.0,-9999.0,-9999.0,-9999.0,-9999.0,-9999.0,-9999.0,-9999.0,-9999.0,-9999.0,-9999.0,149.0,lane7,spur3,stable_reference,4.288779842466276,-1.8759880819427812,1.711179924940435,-2.038924883084817,1.711179924940435,6.516665999999997,233.26069498026436,0.5888542051936569,208.25801333336432,2.3549471223667187,2.355005204918575,-0.9575555665091713,0.3129102849090586,0.6438050032940448,1.7111421190726739
P23_AV1_1_interaction,P23,AV1,1,on_ramp,P23_AV1_1,P23_AV1.1.asc,AV1,60,initiator_active,3454,1,57566.67,57566.6674,1.0,22.23,80.028,149.0,25.190891,-1323.266108,-0.7,0.0,0.0,22.23,0.0,0.0,1323.239259,-32.425116,6.232178,1.0,0.0,0.0,0.0,1.0,1348.47179,-34.380439,1021.0,5006.0,0.0,149.0,-0.263322,36.902112,132.847604,36.902095,-0.035954,0.00013,-0.40124,-0.01511,0.001343,0.042861,0.03,0.0,0.0,0.0,0.0,0.0,-9999.0,-9999.0,-9999.0,-9999.0,-9999.0,-9999.0,-9999.0,-9999.0,-9999.0,-9999.0,-9999.0,-9999.0,-9999.0,-9999.0,149.0,lane7,spur3,stable_reference,4.280127507610279,-1.8863659174883944,1.6928219278514625,-2.057282661483575,1.6928219278514625,6.533333399999996,233.87582942859515,0.5898414523602112,208.6281724975348,2.339049327878799,2.339090114233995,-0.9521353801647052,0.32222735997074636,0.6462648003036096,1.6927845275751894
P23_AV1_1_interaction,P23,AV1,1,on_ramp,P23_AV1_1,P23_AV1.1.asc,AV1,60,initiator_active,3455,1,57583.33,57583.3334,1.0,22.23,80.028,149.0,25.561407,-1323.636477,-0.7,0.0,0.0,22.23,0.0,0.0,1323.609281,-32.443931,6.232441,1.0,0.0,0.0,0.0,1.0,1349.086802,-34.384473,1021.0,5006.0,0.0,149.0,-0.267588,36.895418,132.823505,36.895404,-0.032597,0.000149,-0.401883,-0.022988,0.001091,0.042704,0.03,0.0,0.0,0.0,0.0,0.0,-9999.0,-9999.0,-9999.0,-9999.0,-9999.0,-9999.0,-9999.0,-9999.0,-9999.0,-9999.0,-9999.0,-9999.0,-9999.0,-9999.0,149.0,lane7,spur3,stable_reference,4.271580271025472,-1.8966386656237024,1.67456893823538,-2.0755354324065807,1.67456893823538,6.549999400000001,234.49085386426137,0.59082980119537,208.9983358041042,2.323256570720117,2.3232672877991787,-0.9468146247140368,0.29168318253130465,0.6487246294895013,1.6745319412306159
P23_AV1_1_interaction,P23,AV1,1,on_ramp,P23_AV1_1,P23_AV1.1.asc,AV1,60,initiator_active,3456,1,57600.0,57600.0009,1.0,22.23,80.028,149.0,25.931924,-1324.006849,-0.7,0.0,0.0,22.23,0.0,0.0,1323.979307,-32.462671,6.232627,1.0,0.0,0.0,0.0,1.0,1349.701702,-34.388507,1021.0,5006.0,0.0,149.0,-0.271869,36.888719,132.799387,36.888707,-0.028992,0.000165,-0.402038,-0.031483,0.000885,0.042704,0.03,0.002198,0.0,0.0,0.0,0.0,-9999.0,-9999.0,-9999.0,-9999.0,-9999.0,-9999.0,-9999.0,-9999.0,-9999.0,-9999.0,-9999.0,-9999.0,-9999.0,-9999.0,149.0,lane7,spur3,stable_reference,4.2631081165184375,-1.906836341434979,1.6563909546079765,-2.093713197338606,1.6563909546079765,6.566666899999997,235.10576630366202,0.5918172354337325,209.36850249808697,2.3075388437249007,2.307529476720251,-0.9424126415282643,0.20887789272560298,0.6511844845073191,1.6563543592175816
P23_AV1_1_interaction,P23,AV1,1,on_ramp,P23_AV1_1,P23_AV1.1.asc,AV1,60,initiator_active,3457,1,57616.67,57616.6673,1.0,22.23,80.028,149.0,26.302438,-1324.377223,-0.7,0.0,0.0,22.23,0.0,0.0,1324.349335,-32.48136,6.232745,1.0,0.0,0.0,0.0,1.0,1350.316489,-34.392542,1021.0,5006.0,0.0,149.0,-0.276167,36.881765,132.774355,36.881757,-0.025175,0.000179,-0.422723,-0.040481,0.000703,0.042704,0.03,0.002198,0.0,0.0,0.0,0.0,-9999.0,-9999.0,-9999.0,-9999.0,-9999.0,-9999.0,-9999.0,-9999.0,-9999.0,-9999.0,-9999.0,-9999.0,-9999.0,-9999.0,149.0,lane7,spur3,stable_reference,4.254686997859049,-1.9169829846779392,1.6382639739593512,-2.11183995929072,1.6382639739593512,6.583333299999999,235.7205657549964,0.5928027469425935,209.73867077553487,2.291872131361292,2.2918529950684863,-0.9398517884283564,0.11746253698376918,0.6536443523047994,1.6382277790564927
P23_AV1_1_interaction,P23,AV1,1,on_ramp,P23_AV1_1,P23_AV1.1.asc,AV1,60,initiator_active,3458,1,57633.33,57633.334,1.0,22.23,80.028,149.0,26.67295,-1324.747598,-0.7,0.0,0.0,22.23,0.0,0.0,1324.719365,-32.50002,6.232815,1.0,0.0,0.0,0.0,1.0,1350.931162,-34.396583,1021.0,5006.0,0.0,149.0,-0.280484,36.874695,132.748903,36.874689,-0.021178,0.000188,-0.424848,-0.049953,0.000518,0.042861,0.03,0.0,0.0,0.0,0.0,0.0,-9999.0,-9999.0,-9999.0,-9999.0,-9999.0,-9999.0,-9999.0,-9999.0,-9999.0,-9999.0,-9999.0,-9999.0,-9999.0,-9999.0,149.0,lane7,spur3,stable_reference,4.246294923507109,-1.9271005894961808,1.6201659963148762,-2.129937718237527,1.6201659963148762,6.6,236.33525125912814,0.5937813277226295,210.1088408161006,2.2762344343628347,2.276201303522687,-0.9384972727515901,0.0833450430815823,0.6561042331040563,1.6201302012587784
P23_AV1_1_interaction,P23,AV1,1,on_ramp,P23_AV1_1,P23_AV1.1.asc,AV1,60,initiator_active,3459,1,57650.0,57650.0005,1.0,22.23,80.028,149.0,27.043457,-1325.117975,-0.7,0.0,0.0,22.23,0.0,0.0,1325.089395,-32.518663,6.232853,1.0,0.0,0.0,0.0,1.0,1351.545717,-34.400631,1021.0,5006.0,0.0,149.0,-0.284822,36.867856,132.724282,36.867852,-0.017038,0.000195,-0.405405,-0.060157,0.000345,0.043332,0.03,0.0,0.0,0.0,0.0,0.0,-9999.0,-9999.0,-9999.0,-9999.0,-9999.0,-9999.0,-9999.0,-9999.0,-9999.0,-9999.0,-9999.0,-9999.0,-9999.0,-9999.0,149.0,lane7,spur3,stable_reference,4.237919842618044,-1.9372011988398172,1.602051460141292,-2.1480520514808927,1.602051460141292,6.616666499999999,236.94981882435647,0.5947519451430132,210.47901071784386,2.260613736797553,2.2605698775354672,-0.9370736322680102,0.10432124202764825,0.6586004878261063,1.6020132489714467
P23_AV1_1_interaction,P23,AV1,1,on_ramp,P23_AV1_1,P23_AV1.1.asc,AV1,60,initiator_active,3460,1,57666.67,57666.6678,1.0,22.23,80.028,149.0,27.41396,-1325.488351,-0.7,0.0,0.0,22.23,0.0,0.0,1325.459426,-32.537298,6.232872,1.0,0.0,0.0,0.0,1.0,1352.160158,-34.40469,1021.0,5006.0,0.0,149.0,-0.289184,36.861117,132.700022,36.861115,-0.012787,0.0002,-0.404021,-0.070966,0.00023,0.043646,0.03,0.002198,0.0,0.0,0.0,0.0,-9999.0,-9999.0,-9999.0,-9999.0,-9999.0,-9999.0,-9999.0,-9999.0,-9999.0,-9999.0,-9999.0,-9999.0,-9999.0,-9999.0,149.0,lane7,spur3,stable_reference,4.229552786382193,-1.9472937872408027,1.5838824912926606,-2.1662208389990614,1.5838824912926606,6.6333338,237.5642724832124,0.5957106320012768,210.8491815542253,2.2450010471315656,2.244965079793513,-0.935019819090229,0.14972090814530858,0.6611563336534108,1.5838447134781548
P23_AV1_1_interaction,P23,AV1,1,on_ramp,P23_AV1_1,P23_AV1.1.asc,AV1,60,initiator_active,3461,1,57683.33,57683.3346,1.0,22.23,80.028,149.0,27.784458,-1325.858728,-0.7,0.0,0.0,22.23,0.0,0.0,1325.829458,-32.555929,6.23288,1.0,0.0,0.0,0.0,1.0,1352.774485,-34.408763,1021.0,5006.0,0.0,149.0,-0.293572,36.854147,132.674928,36.854146,-0.008453,0.000203,-0.422957,-0.081987,0.000177,0.04396,0.03,0.0,0.0,0.0,0.0,0.0,-9999.0,-9999.0,-9999.0,-9999.0,-9999.0,-9999.0,-9999.0,-9999.0,-9999.0,-9999.0,-9999.0,-9999.0,-9999.0,-9999.0,149.0,lane7,spur3,stable_reference,4.221189756337715,-1.9573823536343284,1.5657175237002552,-2.1843856252605103,1.5657175237002552,6.650000599999999,238.17861226019406,0.5966543883974631,211.21935335790934,2.2293923654982555,2.229401832151482,-0.9320828470402063,0.20471732003620957,0.6637121863526025,1.565680179145653
P23_AV1_1_interaction,P23,AV1,1,on_ramp,P23_AV1_1,P23_AV1.1.asc,AV1,60,initiator_active,3462,1,57700.0,57700.0001,1.0,22.23,80.028,149.0,28.15495,-1326.229105,-0.9,0.0,0.0,22.14,0.0,0.0,1326.198741,-32.574497,6.233013,1.0,0.0,0.0,0.0,1.0,1353.388698,-34.412853,1021.0,5006.0,0.0,149.0,-0.29799,36.847338,132.650417,36.847338,-0.004065,0.000206,-0.403342,-0.094561,0.000153,0.044902,0.03,0.0,0.0,0.0,0.0,0.0,-9999.0,-9999.0,-9999.0,-9999.0,-9999.0,-9999.0,-9999.0,-9999.0,-9999.0,-9999.0,-9999.0,-9999.0,-9999.0,-9999.0,149.0,lane7,spur3,stable_reference,4.212868932665206,-1.9674252179202207,1.5476146127686394,-2.202488355228231,1.5476146127686394,6.666666099999995,238.79283817979956,0.5975802144315939,211.58877567210632,2.2138405653982764,2.213896610279485,-0.9281961940617549,0.2529298121168502,0.6662628654044724,1.547577699993804
P23_AV1_1_interaction,P23,AV1,1,on_ramp,P23_AV1_1,P23_AV1.1.asc,AV1,60,initiator_active,3463,1,57716.67,57716.6668,1.0,22.14,79.704,149.0,28.524689,-1326.598733,-0.9,0.0,0.0,22.14,0.0,0.0,1326.56728,-32.59293,6.233275,1.0,0.0,0.0,0.0,1.0,1354.002796,-34.416964,1021.0,5006.0,0.0,149.0,-0.302439,36.840637,132.626294,36.840637,0.000353,0.000208,-0.401573,-0.106576,0.000147,0.04553,0.03,0.0,0.0,0.0,0.0,0.0,-9999.0,-9999.0,-9999.0,-9999.0,-9999.0,-9999.0,-9999.0,-9999.0,-9999.0,-9999.0,-9999.0,-9999.0,-9999.0,-9999.0,149.0,lane7,spur3,stable_reference,4.204662426325602,-1.9773502839035977,1.5296457647377146,-2.2204570226599136,1.5296457647377146,6.683332799999996,239.40694927472634,0.5984841020709915,211.95745290869453,2.1984176852611728,2.198463016209356,-0.9236520926407223,0.2751033603256623,0.6688084047161165,1.5296092805450563
P23_AV1_1_interaction,P23,AV1,1,on_ramp,P23_AV1_1,P23_AV1.1.asc,AV1,60,initiator_active,3464,1,57733.33,57733.3341,1.0,22.14,79.704,149.0,28.893677,-1326.967614,-0.9,0.0,0.0,22.14,0.0,0.0,1326.935824,-32.61127,6.233521,1.0,0.0,0.0,0.0,1.0,1354.616783,-34.421099,1021.0,5006.0,0.0,149.0,-0.306923,36.83395,132.60222,36.83395,0.004791,0.000211,-0.401083,-0.119003,0.000153,0.046315,0.03,0.0,0.0,0.0,0.0,0.0,-9999.0,-9999.0,-9999.0,-9999.0,-9999.0,-9999.0,-9999.0,-9999.0,-9999.0,-9999.0,-9999.0,-9999.0,-9999.0,-9999.0,149.0,lane7,spur3,stable_reference,4.196549022871614,-1.987182259282272,1.5117699229300314,-2.2383326838659627,1.5117699229300314,6.700000099999998,240.0209495693391,0.5993630840798632,212.32613438567392,2.183087842853419,2.1831075942574873,-0.919025895699221,0.2547086215136751,0.6713539777521962,1.5117338651012229
P23_AV1_1_interaction,P23,AV1,1,on_ramp,P23_AV1_1,P23_AV1.1.asc,AV1,60,initiator_active,3465,1,57750.0,57750.0007,1.0,22.14,79.704,149.0,29.262663,-1327.336497,-0.9,0.0,0.0,22.14,0.0,0.0,1327.304372,-32.629537,6.233704,1.0,0.0,0.0,0.0,1.0,1355.230657,-34.425262,1021.0,5006.0,0.0,149.0,-0.311445,36.827267,132.578163,36.827266,0.009232,0.000213,-0.400863,-0.131819,0.000152,0.047257,0.03,0.0,0.0,0.0,0.0,0.0,-9999.0,-9999.0,-9999.0,-9999.0,-9999.0,-9999.0,-9999.0,-9999.0,-9999.0,-9999.0,-9999.0,-9999.0,-9999.0,-9999.0,149.0,lane7,spur3,stable_reference,4.188508702264487,-1.996941161804518,1.4939670861020395,-2.256135340090404,1.4939670861020395,6.716666699999994,240.63483709636895,0.6002131442594915,212.69481926639904,2.167831030675816,2.1678282957345987,-0.9151616289290132,0.1971654483910079,0.6738995777800061,1.49393145289581
P23_AV1_1_interaction,P23,AV1,1,on_ramp,P23_AV1_1,P23_AV1.1.asc,AV1,60,initiator_active,3466,1,57766.67,57766.6673,1.0,22.14,79.704,149.0,29.631648,-1327.705382,-0.9,0.0,0.0,22.14,0.0,0.0,1327.672922,-32.647753,6.233827,1.0,0.0,0.0,0.0,1.0,1355.84442,-34.429456,1021.0,5006.0,0.0,149.0,-0.316008,36.820587,132.554114,36.820585,0.013663,0.000215,-0.40073,-0.144657,0.000117,0.048199,0.03125,0.0,0.0,0.0,0.0,0.0,-9999.0,-9999.0,-9999.0,-9999.0,-9999.0,-9999.0,-9999.0,-9999.0,-9999.0,-9999.0,-9999.0,-9999.0,-9999.0,-9999.0,149.0,lane7,spur3,stable_reference,4.180519417504989,-2.006649031758447,1.476211426401942,-2.273890836358388,1.476211426401942,6.733333299999998,241.2486138802469,0.6010312990419802,213.06350573058904,2.1526252331298195,2.1526023286480704,-0.9124537403749144,0.13972230713424594,0.6764519062417249,1.4761733268880946
P23_AV1_1_interaction,P23,AV1,1,on_ramp,P23_AV1_1,P23_AV1.1.asc,AV1,60,initiator_active,3467,1,57783.33,57783.3341,1.0,22.14,79.704,149.0,30.000631,-1328.074269,-0.9,0.0,0.0,22.14,0.0,0.0,1328.041474,-32.665937,6.233902,1.0,0.0,0.0,0.0,1.0,1356.458072,-34.433685,1021.0,5006.0,0.0,149.0,-0.320614,36.813909,132.530071,36.813904,0.018069,0.000217,-0.400628,-0.158483,5.6e-05,0.049612,0.03125,0.0,0.0,0.0,0.0,0.0,-9999.0,-9999.0,-9999.0,-9999.0,-9999.0,-9999.0,-9999.0,-9999.0,-9999.0,-9999.0,-9999.0,-9999.0,-9999.0,-9999.0,149.0,lane7,spur3,stable_reference,4.172562175899355,-2.0163248640862514,1.458389188746885,-2.2917129600783395,1.458389188746885,6.750000099999998,241.86227995363754,0.6018135485607204,213.4321939333992,2.137451450848949,2.1374131106683603,-0.9105042184771008,0.11753587095951445,0.6790999016421047,1.4583515492068442
P23_AV1_1_interaction,P23,AV1,1,on_ramp,P23_AV1_1,P23_AV1.1.asc,AV1,60,initiator_active,3468,1,57800.0,57800.0008,1.0,22.14,79.704,149.0,30.369609,-1328.443156,-0.9,0.0,0.0,22.14,0.0,0.0,1328.410026,-32.684103,6.233945,1.0,0.0,0.0,0.0,1.0,1357.071612,-34.437953,1021.0,5006.0,0.0,149.0,-0.325268,36.807231,132.506032,36.807224,0.022442,0.000217,-0.400539,-0.171946,-3.5e-05,0.050868,0.03125,0.0,0.0,0.0,0.0,0.0,-9999.0,-9999.0,-9999.0,-9999.0,-9999.0,-9999.0,-9999.0,-9999.0,-9999.0,-9999.0,-9999.0,-9999.0,-9999.0,-9999.0,149.0,lane7,spur3,stable_reference,4.164622927372037,-2.025982701205661,1.4405849510831517,-2.3095170838069765,1.4405849510831517,6.766666799999999,242.4758343492383,0.602555884783021,213.80088198922036,2.122295667967905,2.122252036113149,-0.9085358585333836,0.13788368863556144,0.6817478969155482,1.4405477710523567
P23_AV1_1_interaction,P23,AV1,1,on_ramp,P23_AV1_1,P23_AV1.1.asc,AV1,60,initiator_active,3469,1,57816.67,57816.6674,1.0,22.14,79.704,149.0,30.738583,-1328.812044,-0.9,0.0,0.0,22.14,0.0,0.0,1328.778579,-32.702259,6.233967,1.0,0.0,0.0,0.0,1.0,1357.68504,-34.442264,1021.0,5006.0,0.0,149.0,-0.329971,36.800554,132.481996,36.800545,0.026781,0.000215,-0.400458,-0.18536,-0.000142,0.052124,0.032,0.0,0.0,0.0,0.0,0.0,-9999.0,-9999.0,-9999.0,-9999.0,-9999.0,-9999.0,-9999.0,-9999.0,-9999.0,-9999.0,-9999.0,-9999.0,-9999.0,-9999.0,149.0,lane7,spur3,stable_reference,4.156693702728872,-2.03563051791481,1.4227907143961622,-2.3273112065585644,1.4227907143961622,6.783333399999996,243.08927709971334,0.6032543078422631,214.1695709633479,2.107149892919481,2.107128612109753,-0.9059081040751593,0.1801075341801024,0.6843958993029835,1.4227539936164977
P23_AV1_1_interaction,P23,AV1,1,on_ramp,P23_AV1_1,P23_AV1.1.asc,AV1,60,initiator_active,3470,1,57833.33,57833.3341,1.0,22.14,79.704,149.0,31.107553,-1329.180932,-0.9,0.0,0.0,22.05,0.0,0.0,1329.147133,-32.72041,6.233977,1.0,0.0,0.0,0.0,1.0,1358.298357,-34.44662,1021.0,5006.0,0.0,149.0,-0.334728,36.793879,132.457963,36.793865,0.031084,0.000211,-0.40038,-0.198721,-0.000255,0.05338,0.03375,0.0,0.0,0.0,0.0,0.0,-9999.0,-9999.0,-9999.0,-9999.0,-9999.0,-9999.0,-9999.0,-9999.0,-9999.0,-9999.0,-9999.0,-9999.0,-9999.0,-9999.0,149.0,lane7,spur3,stable_reference,4.14876950389252,-2.045273312882708,1.40500147868831,-2.3451003283307044,1.40500147868831,6.800000099999997,243.70260922136103,0.6039068259711695,214.53826089661172,2.0920091258703803,2.0920551298077763,-0.9025322755759575,0.22171286425210468,0.6870439088396731,1.4049652170307072
P23_AV1_1_interaction,P23,AV1,1,on_ramp,P23_AV1_1,P23_AV1.1.asc,AV1,60,initiator_active,3471,1,57850.0,57850.0006,1.0,22.14,79.704,149.0,31.476517,-1329.549821,-0.9,0.0,0.0,22.05,0.0,0.0,1329.514191,-32.738419,6.234223,1.0,0.0,0.0,0.0,1.0,1358.911562,-34.451027,1021.0,5006.0,0.0,149.0,-0.339542,36.787204,132.433933,36.787187,0.035351,0.000206,-0.400302,-0.21169,-0.000358,0.054479,0.03475,0.0,0.0,0.0,0.0,0.0,-9999.0,-9999.0,-9999.0,-9999.0,-9999.0,-9999.0,-9999.0,-9999.0,-9999.0,-9999.0,-9999.0,-9999.0,-9999.0,-9999.0,149.0,lane7,spur3,stable_reference,4.140945767106587,-2.054808661750022,1.387352774507698,-2.362748919038104,1.387352774507698,6.816666599999997,244.31582976321158,0.6045074312037596,214.9054537201783,2.076998137686555,2.0770443225115867,-0.8985177124938488,0.2498728000996735,0.6896811693413754,1.3873169683451798
P23_AV1_1_interaction,P23,AV1,1,on_ramp,P23_AV1_1,P23_AV1.1.asc,AV1,60,initiator_active,3472,1,57866.67,57866.6674,1.0,22.05,79.38,149.0,31.84398,-1329.917211,-0.9,0.0,0.0,22.05,0.0,0.0,1329.881254,-32.756339,6.234465,1.0,0.0,0.0,0.0,1.0,1359.524655,-34.455487,1021.0,5006.0,0.0,149.0,-0.344415,36.780529,132.409905,36.780508,0.039586,0.000199,-0.400224,-0.223929,-0.000443,0.055264,0.03625,0.0,0.0,0.0,0.0,0.0,-9999.0,-9999.0,-9999.0,-9999.0,-9999.0,-9999.0,-9999.0,-9999.0,-9999.0,-9999.0,-9999.0,-9999.0,-9999.0,-9999.0,149.0,lane7,spur3,stable_reference,4.133211134744426,-2.06425491894785,1.3697930751919845,-2.380308504879085,1.3697930751919845,6.8333333999999955,244.92893874159662,0.60505412360672,215.27265081680017,2.062076187365447,2.0621045706257575,-0.8942031851703831,0.25425836964272364,0.6923184651380208,1.3697577222274262
P23_AV1_1_interaction,P23,AV1,1,on_ramp,P23_AV1_1,P23_AV1.1.asc,AV1,60,initiator_active,3473,1,57883.33,57883.3336,1.0,22.05,79.38,149.0,32.211442,-1330.284604,-0.9,0.0,0.0,22.05,0.0,0.0,1330.248321,-32.77418,6.234664,1.0,0.0,0.0,0.0,1.0,1360.137637,-34.460005,1021.0,5006.0,0.0,149.0,-0.34935,36.773855,132.385879,36.773829,0.043785,0.000191,-0.400149,-0.236763,-0.000505,0.056363,0.03625,0.0,0.0,0.0,0.0,0.0,-9999.0,-9999.0,-9999.0,-9999.0,-9999.0,-9999.0,-9999.0,-9999.0,-9999.0,-9999.0,-9999.0,-9999.0,-9999.0,-9999.0,149.0,lane7,spur3,stable_reference,4.125555582921892,-2.0736221048864363,1.3523123797644188,-2.397789086830706,1.3523123797644188,6.849999599999996,245.54193719731333,0.6055419115127936,215.63985126817153,2.047233267074432,2.047237845130642,-0.8900425127252092,0.22700239982280834,0.6949557891156208,1.3522774779588114
P23_AV1_1_interaction,P23,AV1,1,on_ramp,P23_AV1_1,P23_AV1.1.asc,AV1,60,initiator_active,3474,1,57900.0,57900.0,1.0,22.05,79.38,149.0,32.578902,-1330.651999,-0.9,0.0,0.0,22.05,0.0,0.0,1330.61539,-32.791965,6.234804,1.0,0.0,0.0,0.0,1.0,1360.750507,-34.464583,1021.0,5006.0,0.0,149.0,-0.354352,36.767182,132.361856,36.767151,0.047942,0.000182,-0.400069,-0.248521,-0.000548,0.056991,0.03625,0.0,0.0,0.0,0.0,0.0,-9999.0,-9999.0,-9999.0,-9999.0,-9999.0,-9999.0,-9999.0,-9999.0,-9999.0,-9999.0,-9999.0,-9999.0,-9999.0,-9999.0,149.0,lane7,spur3,stable_reference,4.117956065024325,-2.082933259587706,1.3348305652453991,-2.4152707944135416,1.3348305652453991,6.866665999999998,246.15482414672684,0.6059687868226397,216.00705326217758,2.0324463612483186,2.0324371403604937,-0.8866366140360782,0.1587256984540737,0.6976524117102578,1.3347939495380607
P23_AV1_1_interaction,P23,AV1,1,on_ramp,P23_AV1_1,P23_AV1.1.asc,AV1,60,initiator_active,3475,1,57916.67,57916.6674,1.0,22.05,79.38,149.0,32.94636,-1331.019395,-0.9,0.0,0.0,22.05,0.0,0.0,1330.982461,-32.809712,6.234894,1.0,0.0,0.0,0.0,1.0,1361.363266,-34.469226,1021.0,5006.0,0.0,149.0,-0.359421,36.76051,132.337834,36.760473,0.052059,0.000173,-0.399988,-0.260183,-0.00057,0.057619,0.036,0.0,0.0,0.0,0.0,0.0,-9999.0,-9999.0,-9999.0,-9999.0,-9999.0,-9999.0,-9999.0,-9999.0,-9999.0,-9999.0,-9999.0,-9999.0,-9999.0,-9999.0,149.0,lane7,spur3,stable_reference,4.110394587973373,-2.092206378260052,1.317362262013684,-2.432739004717151,1.317362262013684,6.883333399999996,246.76760063063432,0.6063297578690013,216.37425694580753,2.017697470487267,2.017682880405533,-0.8847516733038034,0.08233584112262804,0.7003713450082862,1.3173261254789808
P23_AV1_1_interaction,P23,AV1,1,on_ramp,P23_AV1_1,P23_AV1.1.asc,AV1,60,initiator_active,3476,1,57933.33,57933.3347,1.0,22.05,79.38,149.0,33.313815,-1331.386792,-0.9,0.0,0.0,22.05,0.0,0.0,1331.349534,-32.827438,6.234946,1.0,0.0,0.0,0.0,1.0,1361.975913,-34.473936,1021.0,5006.0,0.0,149.0,-0.364562,36.753848,132.313852,36.753805,0.056132,0.000163,-0.398739,-0.271081,-0.000566,0.057933,0.036,0.0,0.0,0.0,0.0,0.0,-9999.0,-9999.0,-9999.0,-9999.0,-9999.0,-9999.0,-9999.0,-9999.0,-9999.0,-9999.0,-9999.0,-9999.0,-9999.0,-9999.0,149.0,lane7,spur3,stable_reference,4.102854158306157,-2.1014584563780927,1.2999149602943696,-2.450186213507848,1.2999149602943696,6.900000699999997,247.38026566540088,0.6066228165525234,216.74146245788367,2.0029695953581,2.0029442086634193,-0.883891967321901,0.0560121876076316,0.7030902930018905,1.2998793023562094
P23_AV1_1_interaction,P23,AV1,1,on_ramp,P23_AV1_1,P23_AV1.1.asc,AV1,60,initiator_active,3477,1,57950.0,57950.0007,1.0,22.05,79.38,149.0,33.681265,-1331.75419,-0.9,0.0,0.0,22.05,0.0,0.0,1331.716606,-32.84515,6.234975,1.0,0.0,0.0,0.0,1.0,1362.588448,-34.478717,1021.0,5006.0,0.0,149.0,-0.369777,36.747204,132.289936,36.747155,0.060159,0.000154,-0.397889,-0.281198,-0.000545,0.057933,0.036,0.0,0.0,0.0,0.0,0.0,-9999.0,-9999.0,-9999.0,-9999.0,-9999.0,-9999.0,-9999.0,-9999.0,-9999.0,-9999.0,-9999.0,-9999.0,-9999.0,-9999.0,149.0,lane7,spur3,stable_reference,4.0953276955259375,-2.110696561295181,1.282481657811803,-2.467619423062064,1.282481657811803,6.916666699999994,247.99281928369092,0.6068439630065816,217.10866685566867,1.9882557115961002,1.9882198432649343,-0.8828846137728235,0.08040960910403427,0.7058092335099275,1.2824464780861726
P23_AV1_1_interaction,P23,AV1,1,on_ramp,P23_AV1_1,P23_AV1.1.asc,AV1,60,initiator_active,3478,1,57966.67,57966.6667,1.0,22.05,79.38,149.0,34.048712,-1332.121588,-0.9,0.0,0.0,22.05,0.0,0.0,1332.08368,-32.862857,6.234989,1.0,0.0,0.0,0.0,1.0,1363.200872,-34.483573,1021.0,5006.0,0.0,149.0,-0.375068,36.740569,132.266048,36.740513,0.064134,0.000145,-0.397533,-0.29118,-0.00051,0.057619,0.036,0.0,0.0,0.0,0.0,0.0,-9999.0,-9999.0,-9999.0,-9999.0,-9999.0,-9999.0,-9999.0,-9999.0,-9999.0,-9999.0,-9999.0,-9999.0,-9999.0,-9999.0,149.0,lane7,spur3,stable_reference,4.087806286282043,-2.1199296213987613,1.2650533568462463,-2.485047631098758,1.2650533568462463,6.933332699999999,248.60526251813516,0.6069892055305915,217.47587321255676,1.9735468439994672,1.9735158987171417,-0.881211754231245,0.12544111568965732,0.7085281888035178,1.2650186551959495
P23_AV1_1_interaction,P23,AV1,1,on_ramp,P23_AV1_1,P23_AV1.1.asc,AV1,60,initiator_active,3479,1,57983.33,57983.3341,1.0,22.05,79.38,149.0,34.416153,-1332.488986,-0.9,0.0,0.0,22.05,0.0,0.0,1332.450753,-32.88056,6.234995,1.0,0.0,0.0,0.0,1.0,1363.813184,-34.488505,1021.0,5006.0,0.0,149.0,-0.380439,36.733943,132.242194,36.73388,0.06804,0.000137,-0.396653,-0.30101,-0.000467,0.057462,0.036,0.0,0.0,0.0,0.0,0.0,-9999.0,-9999.0,-9999.0,-9999.0,-9999.0,-9999.0,-9999.0,-9999.0,-9999.0,-9999.0,-9999.0,-9999.0,-9999.0,-9999.0,149.0,lane7,spur3,stable_reference,4.080288847770489,-2.1291587056393944,1.2476290551203078,-2.502471839896092,1.2476290551203078,6.950000099999998,249.2175943769333,0.607057535991844,217.84307853681415,1.9588419681034186,1.9588460623451507,-0.8787031647006671,0.17446487028576385,0.7112471366677768,1.2475948314356418
P23_AV1_1_interaction,P23,AV1,1,on_ramp,P23_AV1_1,P23_AV1.1.asc,AV1,60,initiator_active,3480,1,58000.0,58000.0006,1.0,22.05,79.38,149.0,34.78359,-1332.856384,-0.6,0.0,0.0,21.99,0.0,0.0,1332.817328,-32.898217,6.235116,1.0,0.0,0.0,0.0,1.0,1364.425386,-34.493518,1021.0,5006.0,0.0,149.0,-0.38589,36.727343,132.218434,36.727272,0.071866,0.00013,-0.394444,-0.310652,-0.000409,0.057305,0.036,0.0,0.0,0.0,0.0,0.0,-9999.0,-9999.0,-9999.0,-9999.0,-9999.0,-9999.0,-9999.0,-9999.0,-9999.0,-9999.0,-9999.0,-9999.0,-9999.0,-9999.0,149.0,lane7,spur3,stable_reference,4.072803582274799,-2.13835329211007,1.230250375284113,-2.5198504269297564,1.230250375284113,6.966666599999997,249.82981690084821,0.6070439708891451,218.20978550203813,1.9441790239842829,1.9442252926884747,-0.8753962028114799,0.21545325457552167,0.7139623956706593,1.2302166283136236
P23_AV1_1_interaction,P23,AV1,1,on_ramp,P23_AV1_1,P23_AV1.1.asc,AV1,60,initiator_active,3481,1,58016.67,58016.6676,1.0,21.99,79.164,149.0,35.150523,-1333.223283,-0.6,0.0,0.0,21.99,0.0,0.0,1333.183408,-32.915761,6.235355,1.0,0.0,0.0,0.0,1.0,1365.037477,-34.498613,1021.0,5006.0,0.0,149.0,-0.391425,36.720781,132.194813,36.720703,0.075598,0.000124,-0.392185,-0.320076,-0.000336,0.056991,0.036,0.0,0.0,0.0,0.0,0.0,-9999.0,-9999.0,-9999.0,-9999.0,-9999.0,-9999.0,-9999.0,-9999.0,-9999.0,-9999.0,-9999.0,-9999.0,-9999.0,-9999.0,149.0,lane7,spur3,stable_reference,4.065417547219524,-2.147446329429402,1.2129541684041625,-2.537146551494833,1.2129541684041625,6.983333599999998,250.44192909808007,0.606947502089797,218.57599656100388,1.9296250339062238,1.929666044877511,-0.8715213366054613,0.23710030416085814,0.7167063362035226,1.212918697702701
P23_AV1_1_interaction,P23,AV1,1,on_ramp,P23_AV1_1,P23_AV1.1.asc,AV1,60,initiator_active,3482,1,58033.33,58033.334,1.0,21.99,79.164,149.0,35.516955,-1333.589684,-0.6,0.0,0.0,21.99,0.0,0.0,1333.549492,-32.933222,6.235579,1.0,0.0,0.0,0.0,1.0,1365.649458,-34.503794,1021.0,5006.0,0.0,149.0,-0.397046,36.714258,132.17133,36.714173,0.079229,0.000119,-0.389653,-0.329055,-0.00025,0.056834,0.036,0.002198,0.0,0.0,0.0,0.0,-9999.0,-9999.0,-9999.0,-9999.0,-9999.0,-9999.0,-9999.0,-9999.0,-9999.0,-9999.0,-9999.0,-9999.0,-9999.0,-9999.0,149.0,lane7,spur3,stable_reference,4.058114591165737,-2.156456296554293,1.195682974484424,-2.554417685646798,1.195682974484424,7.0,251.0539320012591,0.6067641378932039,218.9422109420547,1.9151540737248967,1.9151745209476378,-0.8674928490682419,0.22486853287892217,0.7195060648763849,1.1956480088485117
P23_AV1_1_interaction,P23,AV1,1,on_ramp,P23_AV1_1,P23_AV1.1.asc,AV1,60,initiator_active,3483,1,58050.0,58050.0008,1.0,21.99,79.164,149.0,35.883387,-1333.956088,-0.6,0.0,0.0,21.99,0.0,0.0,1333.915579,-32.950616,6.235746,1.0,0.0,0.0,0.0,1.0,1366.261329,-34.509064,1021.0,5006.0,0.0,149.0,-0.402755,36.70752,132.147071,36.707426,0.082751,0.000116,-0.408304,-0.337619,-0.000194,0.056677,0.036,0.0,0.0,0.0,0.0,0.0,-9999.0,-9999.0,-9999.0,-9999.0,-9999.0,-9999.0,-9999.0,-9999.0,-9999.0,-9999.0,-9999.0,-9999.0,-9999.0,-9999.0,149.0,lane7,spur3,stable_reference,4.05087869253651,-2.16539921229781,1.1784787821110938,-2.571621818251873,1.1784787821110938,7.016666799999999,251.6658256348835,0.6064908783993946,219.3084277758805,1.9007501358077386,1.9007497338509665,-0.8640257623011323,0.17806415659008934,0.7223058162263494,1.1784443195813892
P23_AV1_1_interaction,P23,AV1,1,on_ramp,P23_AV1_1,P23_AV1.1.asc,AV1,60,initiator_active,3484,1,58066.67,58066.6668,1.0,21.99,79.164,149.0,36.249816,-1334.322493,-0.6,0.0,0.0,21.99,0.0,0.0,1334.281668,-32.967964,6.235858,1.0,0.0,0.0,0.0,1.0,1366.873087,-34.514425,1021.0,5006.0,0.0,149.0,-0.408554,36.700937,132.123373,36.700836,0.086156,0.000113,-0.389235,-0.345634,-0.000166,0.056363,0.036,0.0,0.0,0.0,0.0,0.0,-9999.0,-9999.0,-9999.0,-9999.0,-9999.0,-9999.0,-9999.0,-9999.0,-9999.0,-9999.0,-9999.0,-9999.0,-9999.0,-9999.0,149.0,lane7,spur3,stable_reference,4.043688831677613,-2.174296094142015,1.1613205907685178,-2.588779949825877,1.1613205907685178,7.033332799999997,252.27760701538568,0.606125699176934,219.67464623400184,1.886392212688895,1.8863741206908018,-0.8615574242155901,0.1250910058007726,0.7251055826890931,1.161286629999802
P23_AV1_1_interaction,P23,AV1,1,on_ramp,P23_AV1_1,P23_AV1.1.asc,AV1,60,initiator_active,3485,1,58083.33,58083.334,1.0,21.99,79.164,149.0,36.616243,-1334.688899,-0.6,0.0,0.0,21.99,0.0,0.0,1334.647758,-32.985283,6.235927,1.0,0.0,0.0,0.0,1.0,1367.484735,-34.519879,1021.0,5006.0,0.0,149.0,-0.414445,36.694451,132.100025,36.694342,0.089442,0.00011,-0.388057,-0.352656,-0.000155,0.055735,0.03675,0.0,0.0,0.0,0.0,0.0,-9999.0,-9999.0,-9999.0,-9999.0,-9999.0,-9999.0,-9999.0,-9999.0,-9999.0,-9999.0,-9999.0,-9999.0,-9999.0,-9999.0,149.0,lane7,spur3,stable_reference,4.036527987396654,-2.183163960633762,1.1441913999405118,-2.605909080885141,1.1441913999405118,7.05,252.8892791589976,0.605666624790633,220.0408654552745,1.8720632967691606,1.8720312703514745,-0.8598561340250512,0.09941328988406184,0.7279053566844458,1.1441579400847148
P23_AV1_1_interaction,P23,AV1,1,on_ramp,P23_AV1_1,P23_AV1.1.asc,AV1,60,initiator_active,3486,1,58100.0,58100.0008,1.0,21.99,79.164,149.0,36.982666,-1335.055305,-0.6,0.0,0.0,21.99,0.0,0.0,1335.01385,-33.002586,6.235966,1.0,0.0,0.0,0.0,1.0,1368.096274,-34.525429,1021.0,5006.0,0.0,149.0,-0.420429,36.687971,132.076697,36.687855,0.092596,0.000108,-0.387846,-0.360358,-0.000129,0.055578,0.03675,0.0,0.0,0.0,0.0,0.0,-9999.0,-9999.0,-9999.0,-9999.0,-9999.0,-9999.0,-9999.0,-9999.0,-9999.0,-9999.0,-9999.0,-9999.0,-9999.0,-9999.0,149.0,lane7,spur3,stable_reference,4.029383192422134,-2.1920157852401814,1.1270782101472976,-2.6230222109092893,1.1270782101472976,7.066666799999999,253.50084309018388,0.6051106635065616,220.40708654582377,1.8577503966480309,1.8577116757693362,-0.8582435794819361,0.11438324213751017,0.7307051459115326,1.1270452507364983
P23_AV1_1_interaction,P23,AV1,1,on_ramp,P23_AV1_1,P23_AV1.1.asc,AV1,60,initiator_active,3487,1,58116.67,58116.6675,1.0,21.99,79.164,149.0,37.349085,-1335.421712,-0.6,0.0,0.0,21.99,0.0,0.0,1335.379942,-33.01988,6.235986,1.0,0.0,0.0,0.0,1.0,1368.707704,-34.531077,1021.0,5006.0,0.0,149.0,-0.426509,36.681493,132.053376,36.681369,0.095603,0.000106,-0.387717,-0.367386,-9.9e-05,0.055264,0.03725,0.0,0.0,0.0,0.0,0.0,-9999.0,-9999.0,-9999.0,-9999.0,-9999.0,-9999.0,-9999.0,-9999.0,-9999.0,-9999.0,-9999.0,-9999.0,-9999.0,-9999.0,149.0,lane7,spur3,stable_reference,4.022247393986769,-2.20085861224241,1.1099740203528758,-2.640126340934648,1.1099740203528758,7.083333500000001,254.11229882527667,0.6044558153914034,220.7733075628787,1.8434464962268158,1.8434230078097684,-0.8560433437493984,0.15286152285047194,0.7335049351029295,1.1099415611238863
P23_AV1_1_interaction,P23,AV1,1,on_ramp,P23_AV1_1,P23_AV1.1.asc,AV1,60,initiator_active,3488,1,58133.33,58133.3345,1.0,21.99,79.164,149.0,37.7155,-1335.78812,-0.4,0.0,0.0,21.95,0.0,0.0,1335.746034,-33.037169,6.235995,1.0,0.0,0.0,0.0,1.0,1369.319025,-34.536825,1021.0,5006.0,0.0,149.0,-0.432685,36.675016,132.030058,36.674884,0.098457,0.000105,-0.387616,-0.374703,-6.8e-05,0.055264,0.03725,0.0,0.0,0.0,0.0,0.0,-9999.0,-9999.0,-9999.0,-9999.0,-9999.0,-9999.0,-9999.0,-9999.0,-9999.0,-9999.0,-9999.0,-9999.0,-9999.0,-9999.0,149.0,lane7,spur3,stable_reference,4.015116593628732,-2.2096964405756254,1.092874830557785,-2.657225470960679,1.092874830557785,7.100000499999995,254.72364638060824,0.6037000805118505,221.13952853910337,1.8291475956388887,1.8291765845268189,-0.853148126828998,0.19350039461350121,0.7363047242745002,1.0928428713643885
P23_AV1_1_interaction,P23,AV1,1,on_ramp,P23_AV1_1,P23_AV1.1.asc,AV1,60,initiator_active,3489,1,58150.0,58150.0006,1.0,21.99,79.164,149.0,38.08191,-1336.154527,-0.4,0.0,0.0,21.95,0.0,0.0,1336.111463,-33.054359,6.23624,1.0,0.0,0.0,0.0,1.0,1369.930237,-34.542676,1021.0,5006.0,0.0,149.0,-0.43896,36.66854,132.006743,36.6684,0.101148,0.000104,-0.387528,-0.381632,-4.2e-05,0.055264,0.03875,0.0,0.0,0.0,0.0,0.0,-9999.0,-9999.0,-9999.0,-9999.0,-9999.0,-9999.0,-9999.0,-9999.0,-9999.0,-9999.0,-9999.0,-9999.0,-9999.0,-9999.0,149.0,lane7,spur3,stable_reference,4.008066370537128,-2.218450592170182,1.0758219486754683,-2.674278336685776,1.0758219486754683,7.116666599999997,255.33488578067653,0.6028404589679226,221.505085728996,1.8149422776636404,1.8149849330671326,-0.8495934113682821,0.22471655416609693,0.7391530202436054,1.075789257420035
P23_AV1_1_interaction,P23,AV1,1,on_ramp,P23_AV1_1,P23_AV1.1.asc,AV1,60,initiator_active,3490,1,58166.67,58166.6675,1.0,21.95,79.02,149.0,38.447653,-1336.52027,-0.4,0.0,0.0,21.95,0.0,0.0,1336.476896,-33.071461,6.236482,1.0,0.0,0.0,0.0,1.0,1370.54134,-34.54863,1021.0,5006.0,0.0,149.0,-0.445334,36.662064,131.98343,36.661917,0.103676,0.000103,-0.387445,-0.38816,-2e-05,0.055264,0.03875,0.0,0.0,0.0,0.0,0.0,-9999.0,-9999.0,-9999.0,-9999.0,-9999.0,-9999.0,-9999.0,-9999.0,-9999.0,-9999.0,-9999.0,-9999.0,-9999.0,-9999.0,149.0,lane7,spur3,stable_reference,4.001104224524321,-2.227116674901292,1.058855275346147,-2.6912449774331564,1.058855275346147,7.133333500000001,255.9460170254815,0.6018769507596197,221.87064620014345,1.8008249894184054,1.800857090441154,-0.8456576316463398,0.23376903180625774,0.7420018897573866,1.0588230996610188
P23_AV1_1_interaction,P23,AV1,1,on_ramp,P23_AV1_1,P23_AV1.1.asc,AV1,60,initiator_active,3491,1,58183.33,58183.3341,1.0,21.95,79.02,149.0,38.813394,-1336.886014,-0.4,0.0,0.0,21.95,0.0,0.0,1336.842333,-33.088484,6.23668,1.0,0.0,0.0,0.0,1.0,1371.152334,-34.554692,1021.0,5006.0,0.0,149.0,-0.45181,36.655589,131.96012,36.655436,0.106043,0.000103,-0.387365,-0.394289,-5e-06,0.055264,0.0385,0.0,0.0,0.0,0.0,0.0,-9999.0,-9999.0,-9999.0,-9999.0,-9999.0,-9999.0,-9999.0,-9999.0,-9999.0,-9999.0,-9999.0,-9999.0,-9999.0,-9999.0,149.0,lane7,spur3,stable_reference,3.994221159051147,-2.2357036863731703,1.0419676034926753,-2.7081326167043405,1.0419676034926753,7.150000099999997,256.5570401558536,0.6008045560536623,222.23621002604037,1.786786731203271,1.7867962032020248,-0.8418010699219138,0.2096747063742761,0.7448507902260535,1.0419359409772175
P23_AV1_1_interaction,P23,AV1,1,on_ramp,P23_AV1_1,P23_AV1.1.asc,AV1,60,initiator_active,3492,1,58200.0,58200.0002,1.0,21.95,79.02,149.0,39.179135,-1337.251761,-0.4,0.0,0.0,21.95,0.0,0.0,1337.207773,-33.105452,6.23682,1.0,0.0,0.0,0.0,1.0,1371.763219,-34.560861,1021.0,5006.0,0.0,149.0,-0.458388,36.649114,131.936812,36.648955,0.10825,0.000103,-0.387282,-0.400021,5e-06,0.055264,0.0385,0.0,0.0,0.0,0.0,0.0,-9999.0,-9999.0,-9999.0,-9999.0,-9999.0,-9999.0,-9999.0,-9999.0,-9999.0,-9999.0,-9999.0,-9999.0,-9999.0,-9999.0,149.0,lane7,spur3,stable_reference,3.987393155616984,-2.244235643269269,1.0251349327463797,-2.724965254868077,1.0251349327463797,7.1666662,257.1679551636264,0.5996242748167019,222.60177640270481,1.7728034956524197,1.7727975860622573,-0.8386685858415817,0.15096171593575036,0.7476997139231598,1.0251037817292599
P23_AV1_1_interaction,P23,AV1,1,on_ramp,P23_AV1_1,P23_AV1.1.asc,AV1,60,initiator_active,3493,1,58216.67,58216.6668,1.0,21.95,79.02,149.0,39.544873,-1337.617508,-0.4,0.0,0.0,21.95,0.0,0.0,1337.573214,-33.122382,6.23691,1.0,0.0,0.0,0.0,1.0,1372.373995,-34.56714,1021.0,5006.0,0.0,149.0,-0.46507,36.642641,131.913507,36.642475,0.1103,0.000103,-0.387193,-0.405363,1.1e-05,0.055264,0.03925,0.0,0.0,0.0,0.0,0.0,-9999.0,-9999.0,-9999.0,-9999.0,-9999.0,-9999.0,-9999.0,-9999.0,-9999.0,-9999.0,-9999.0,-9999.0,-9999.0,-9999.0,149.0,lane7,spur3,stable_reference,3.98060316529992,-2.2527295872087136,1.008340262367791,-2.7417598926640228,1.008340262367791,7.183332799999996,257.77876207329837,0.5983331071487704,222.96734346902613,1.7588582670005848,1.758841116107764,-0.8367691453274162,0.0910987716470828,0.750548645306301,1.0083096216942837
P23_AV1_1_interaction,P23,AV1,1,on_ramp,P23_AV1_1,P23_AV1.1.asc,AV1,60,initiator_active,3494,1,58233.33,58233.3341,1.0,21.95,79.02,149.0,39.910608,-1337.983257,-0.4,0.0,0.0,21.95,0.0,0.0,1337.938657,-33.13929,6.236963,1.0,0.0,0.0,0.0,1.0,1372.984662,-34.57353,1021.0,5006.0,0.0,149.0,-0.471856,36.636168,131.890205,36.635996,0.112195,0.000104,-0.387103,-0.410321,1.3e-05,0.055264,0.03975,0.0,0.0,0.0,0.0,0.0,-9999.0,-9999.0,-9999.0,-9999.0,-9999.0,-9999.0,-9999.0,-9999.0,-9999.0,-9999.0,-9999.0,-9999.0,-9999.0,-9999.0,149.0,lane7,spur3,stable_reference,3.973835221982069,-2.2612014908600377,0.9915675927283268,-2.758532529720666,0.9915675927283268,7.200000099999998,258.3894608930356,0.5969300530832131,223.33291235562785,1.7449350539472976,1.7449048079202099,-0.8356319405134087,0.0725417583213499,0.753397592217407,0.9915374617298907
P23_AV1_1_interaction,P23,AV1,1,on_ramp,P23_AV1_1,P23_AV1.1.asc,AV1,60,initiator_active,3495,1,58250.0,58250.0008,1.0,21.95,79.02,149.0,40.27634,-1338.349006,-0.4,0.0,0.0,21.95,0.0,0.0,1338.3041,-33.156185,6.236991,1.0,0.0,0.0,0.0,1.0,1373.59522,-34.580033,1021.0,5006.0,0.0,149.0,-0.478747,36.629702,131.866928,36.629525,0.113938,0.000104,-0.38631,-0.414903,1.9e-05,0.055264,0.04025,0.0,0.0,0.0,0.0,0.0,-9999.0,-9999.0,-9999.0,-9999.0,-9999.0,-9999.0,-9999.0,-9999.0,-9999.0,-9999.0,-9999.0,-9999.0,-9999.0,-9999.0,149.0,lane7,spur3,stable_reference,3.967080273665247,-2.2696603979719585,0.9748079230879731,-2.7752921667781987,0.9748079230879731,7.216666799999999,259.0000516391698,0.5954131126867028,223.69848113607122,1.7310248404605604,1.7309861603849666,-0.8343510435299137,0.0989813656665639,0.7562465390909876,0.9747783013695728
P23_AV1_1_interaction,P23,AV1,1,on_ramp,P23_AV1_1,P23_AV1.1.asc,AV1,60,initiator_active,3496,1,58266.67,58266.667,1.0,21.95,79.02,149.0,40.642067,-1338.714755,-0.4,0.0,0.0,21.95,0.0,0.0,1338.669543,-33.173074,6.237005,1.0,0.0,0.0,0.0,1.0,1374.205669,-34.58665,1021.0,5006.0,0.0,149.0,-0.485745,36.623248,131.843694,36.623066,0.115533,0.000104,-0.385759,-0.419118,2.7e-05,0.055264,0.04125,0.0,0.0,0.0,0.0,0.0,-9999.0,-9999.0,-9999.0,-9999.0,-9999.0,-9999.0,-9999.0,-9999.0,-9999.0,-9999.0,-9999.0,-9999.0,-9999.0,-9999.0,149.0,lane7,spur3,stable_reference,3.960331323041193,-2.2781133066810777,0.9579994880903882,-2.792100583108624,0.9579994880903882,7.233332999999999,259.6105343198673,0.5937812859925952,224.06404986751812,1.717120626773764,1.7170934672552038,-0.8323326266771502,0.14684939202913228,0.7591522178316346,0.9579684089421294
P23_AV1_1_interaction,P23,AV1,1,on_ramp,P23_AV1_1,P23_AV1.1.asc,AV1,60,initiator_active,3497,1,58283.33,58283.3345,1.0,21.95,79.02,149.0,41.007791,-1339.080505,-0.1,0.0,0.0,21.94,0.0,0.0,1339.034986,-33.189961,6.237011,1.0,0.0,0.0,0.0,1.0,1374.816009,-34.593383,1021.0,5006.0,0.0,149.0,-0.492849,36.616804,131.820493,36.616617,0.116984,0.000105,-0.385038,-0.422978,4e-05,0.055264,0.04125,0.0,0.0,0.0,0.0,0.0,-9999.0,-9999.0,-9999.0,-9999.0,-9999.0,-9999.0,-9999.0,-9999.0,-9999.0,-9999.0,-9999.0,-9999.0,-9999.0,-9999.0,149.0,lane7,spur3,stable_reference,3.953584371648073,-2.286564215922603,0.941153083950833,-2.808946977474895,0.941153083950833,7.250000499999994,260.2209089514601,0.5920325730675646,224.4296185826329,1.7032184130202843,1.703241437563213,-0.8294559430216495,0.1951273359109642,0.7620958616914348,0.9411225513288495
P23_AV1_1_interaction,P23,AV1,1,on_ramp,P23_AV1_1,P23_AV1.1.asc,AV1,60,initiator_active,3498,1,58300.0,58300.0008,1.0,21.95,79.02,149.0,41.373509,-1339.446254,-0.1,0.0,0.0,21.94,0.0,0.0,1339.400267,-33.206765,6.237282,1.0,0.0,0.0,0.0,1.0,1375.42624,-34.600231,1021.0,5006.0,0.0,149.0,-0.500061,36.610369,131.797328,36.610178,0.118295,0.000106,-0.384583,-0.426492,4.9e-05,0.055264,0.04125,0.002198,0.0,0.0,0.0,0.0,-9999.0,-9999.0,-9999.0,-9999.0,-9999.0,-9999.0,-9999.0,-9999.0,-9999.0,-9999.0,-9999.0,-9999.0,-9999.0,-9999.0,149.0,lane7,spur3,stable_reference,3.946915896157958,-2.294935884964633,0.9243896618147618,-2.825710389842016,0.9243896618147618,7.266666799999999,260.8311755257823,0.5901679738782821,224.79502462536786,1.689397873600422,1.6894445448435662,-0.8258283451692847,0.2324332621306091,0.7650382005734484,0.9243596730269736
P23_AV1_1_interaction,P23,AV1,1,on_ramp,P23_AV1_1,P23_AV1.1.asc,AV1,60,initiator_active,3499,1,58316.67,58316.6676,1.0,21.94,78.984,149.0,41.739061,-1339.811839,-0.1,0.0,0.0,21.94,0.0,0.0,1339.765551,-33.223471,6.23755,1.0,0.0,0.0,0.0,1.0,1376.036362,-34.607198,1021.0,5006.0,0.0,149.0,-0.50738,36.603703,131.773329,36.603508,0.119472,0.000107,-0.40299,-0.429643,4.6e-05,0.055264,0.041,0.0,0.0,0.0,0.0,0.0,-9999.0,-9999.0,-9999.0,-9999.0,-9999.0,-9999.0,-9999.0,-9999.0,-9999.0,-9999.0,-9999.0,-9999.0,-9999.0,-9999.0,149.0,lane7,spur3,stable_reference,3.940345466171754,-2.303209510877499,0.9077242400113332,-2.842375801876405,0.9077242400113332,7.283333599999998,261.441334075498,0.5881834885581122,225.16043286773046,1.6756753554110986,1.675714020754308,-0.821708207078899,0.24750519081566225,0.7679805635326544,0.9076947918784442
P23_AV1_1_interaction,P23,AV1,1,on_ramp,P23_AV1_1,P23_AV1.1.asc,AV1,60,initiator_active,3500,1,58333.33,58333.3342,1.0,21.94,78.984,149.0,42.104612,-1340.177426,-0.1,0.0,0.0,21.94,0.0,0.0,1340.13084,-33.24009,6.237771,1.0,0.0,0.0,0.0,1.0,1376.646373,-34.614282,1021.0,5006.0,0.0,149.0,-0.514808,36.597204,131.749936,36.597006,0.120518,0.000107,-0.383385,-0.432531,3.2e-05,0.055264,0.041,0.0,0.0,0.0,0.0,0.0,-9999.0,-9999.0,-9999.0,-9999.0,-9999.0,-9999.0,-9999.0,-9999.0,-9999.0,-9999.0,-9999.0,-9999.0,-9999.0,-9999.0,149.0,lane7,spur3,stable_reference,3.933862141378405,-2.3113960445884545,0.8911458187628147,-2.85895421335576,0.8911458187628147,7.300000199999995,262.0513825843416,0.5860811007082721,225.52584539948072,1.662039875151184,1.6620542156470721,-0.8175781557613035,0.23032490652103732,0.7709229666888093,0.8911169084623747
P23_AV1_1_interaction,P23,AV1,1,on_ramp,P23_AV1_1,P23_AV1.1.asc,AV1,60,initiator_active,3501,1,58350.0,58350.0009,1.0,21.94,78.984,149.0,42.470162,-1340.543014,-0.1,0.0,0.0,21.94,0.0,0.0,1340.496132,-33.256647,6.237927,1.0,0.0,0.0,0.0,1.0,1377.256274,-34.621486,1021.0,5006.0,0.0,149.0,-0.522344,36.590808,131.726909,36.590607,0.121439,0.000107,-0.382032,-0.435081,2.6e-05,0.055264,0.04125,0.0,0.0,0.0,0.0,0.0,-9999.0,-9999.0,-9999.0,-9999.0,-9999.0,-9999.0,-9999.0,-9999.0,-9999.0,-9999.0,-9999.0,-9999.0,-9999.0,-9999.0,149.0,lane7,spur3,stable_reference,3.9274408759323016,-2.319520525587044,0.8746293978471699,-2.8754706245021597,0.8746293978471699,7.316666899999997,262.66132207677805,0.5838578185948552,225.8912604248362,1.6484664173221506,1.6484614432175575,-0.814030721368205,0.1735519260269811,0.7738653939543667,0.8746010233677839
P23_AV1_1_interaction,P23,AV1,1,on_ramp,P23_AV1_1,P23_AV1.1.asc,AV1,60,initiator_active,3502,1,58366.67,58366.6668,1.0,21.94,78.984,149.0,42.83571,-1340.908604,-0.1,0.0,0.0,21.94,0.0,0.0,1340.861425,-33.273163,6.238026,1.0,0.0,0.0,0.0,1.0,1377.866067,-34.628809,1021.0,5006.0,0.0,149.0,-0.529988,36.58442,131.703912,36.584216,0.122241,0.000108,-0.381753,-0.437337,3.9e-05,0.055264,0.04175,0.0,0.0,0.0,0.0,0.0,-9999.0,-9999.0,-9999.0,-9999.0,-9999.0,-9999.0,-9999.0,-9999.0,-9999.0,-9999.0,-9999.0,-9999.0,-9999.0,-9999.0,149.0,lane7,spur3,stable_reference,3.921060622449703,-2.3276039944275664,0.85815397704237,-2.8919460355376923,0.85815397704237,7.333332799999996,263.2711545445745,0.5815146585165857,226.25667611535064,1.6349339662921138,1.6349204527696628,-0.811793155963386,0.09957105024450996,0.7768078292381926,0.8581261370539213
P23_AV1_1_interaction,P23,AV1,1,on_ramp,P23_AV1_1,P23_AV1.1.asc,AV1,60,initiator_active,3503,1,58383.33,58383.3334,1.0,21.94,78.984,149.0,43.201256,-1341.274195,-0.1,0.0,0.0,21.94,0.0,0.0,1341.22672,-33.289653,6.238085,1.0,0.0,0.0,0.0,1.0,1378.475751,-34.636254,1021.0,5006.0,0.0,149.0,-0.537741,36.578041,131.680947,36.577834,0.122928,0.000109,-0.380897,-0.439308,6.2e-05,0.055264,0.042,0.0,0.0,0.0,0.0,0.0,-9999.0,-9999.0,-9999.0,-9999.0,-9999.0,-9999.0,-9999.0,-9999.0,-9999.0,-9999.0,-9999.0,-9999.0,-9999.0,-9999.0,149.0,lane7,spur3,stable_reference,3.914706414428152,-2.335661424044781,0.8416969999999964,-2.90840425531104,0.8416969999999964,7.349999400000001,263.88087901226265,0.5790486124074522,226.62209359348108,1.6214275307272423,1.6214023488315297,-0.8107118179016197,0.06086149917840089,0.7797585951639945,0.8416689355632478
P23_AV1_1_interaction,P23,AV1,1,on_ramp,P23_AV1_1,P23_AV1.1.asc,AV1,60,initiator_active,3504,1,58400.0,58400.0,1.0,21.94,78.984,149.0,43.566799,-1341.639786,-0.1,0.0,0.0,21.94,0.0,0.0,1341.592015,-33.30613,6.238117,1.0,0.0,0.0,0.0,1.0,1379.085328,-34.643819,1021.0,5006.0,0.0,149.0,-0.545602,36.571679,131.658043,36.57147,0.123506,0.00011,-0.379857,-0.441008,8.7e-05,0.055264,0.042,0.0,0.0,0.0,0.0,0.0,-9999.0,-9999.0,-9999.0,-9999.0,-9999.0,-9999.0,-9999.0,-9999.0,-9999.0,-9999.0,-9999.0,-9999.0,-9999.0,-9999.0,149.0,lane7,spur3,stable_reference,3.9083652014076304,-2.343705857122595,0.8252199999999945,-2.9248880194041336,0.8252199999999945,7.366665999999998,264.49049746344355,0.5764616965328624,226.9875109654532,1.6079340947289205,1.6078968336011839,-0.8097644474389725,0.07525903799183808,0.7827416097782769,0.8251924849506436
P23_AV1_1_interaction,P23,AV1,1,on_ramp,P23_AV1_1,P23_AV1.1.asc,AV1,60,initiator_active,3505,1,58416.67,58416.6676,1.0,21.94,78.984,149.0,43.932338,-1342.005378,-0.1,0.0,0.0,21.94,0.0,0.0,1341.957311,-33.3226,6.238133,1.0,0.0,0.0,0.0,1.0,1379.694797,-34.651506,1021.0,5006.0,0.0,149.0,-0.553572,36.565333,131.635199,36.565123,0.123981,0.000112,-0.378822,-0.442448,0.000113,0.055264,0.042,0.0,0.0,0.0,0.0,0.0,-9999.0,-9999.0,-9999.0,-9999.0,-9999.0,-9999.0,-9999.0,-9999.0,-9999.0,-9999.0,-9999.0,-9999.0,-9999.0,-9999.0,149.0,lane7,spur3,stable_reference,3.902031013424869,-2.351743268991538,0.8087499999999963,-2.941364783515742,0.8087499999999963,7.3833335999999985,265.10000891448294,0.5737519027934591,227.35292928022955,1.5944476666632452,1.5944094999271607,-0.8082030812431213,0.12246149571399556,0.7857246325586014,0.8087230341046439
P23_AV1_1_interaction,P23,AV1,1,on_ramp,P23_AV1_1,P23_AV1.1.asc,AV1,60,initiator_active,3506,1,58433.33,58433.3345,1.0,21.94,78.984,149.0,44.297872,-1342.37097,-0.1,0.0,0.0,21.94,0.0,0.0,1342.322607,-33.339067,6.23814,1.0,0.0,0.0,0.0,1.0,1380.304159,-34.659314,1021.0,5006.0,0.0,149.0,-0.561651,36.559009,131.612432,36.558797,0.124358,0.000114,-0.377322,-0.443643,0.000138,0.055264,0.042,0.0,0.0,0.0,0.0,0.0,-9999.0,-9999.0,-9999.0,-9999.0,-9999.0,-9999.0,-9999.0,-9999.0,-9999.0,-9999.0,-9999.0,-9999.0,-9999.0,-9999.0,149.0,lane7,spur3,stable_reference,3.895699824288501,-2.3597776816590863,0.7922829999999976,-2.957838547627352,0.7922829999999976,7.400000499999995,265.7094143571809,0.5709202393219289,227.718347570508,1.5809642384975435,1.5809557866012427,-0.8056822950079265,0.1818187491837513,0.7887076553389276,0.7922565831586159
P23_AV1_1_interaction,P23,AV1,1,on_ramp,P23_AV1_1,P23_AV1.1.asc,AV1,60,initiator_active,3507,1,58450.0,58450.0009,1.0,21.94,78.984,149.0,44.663403,-1342.736561,0.0,0.0,0.0,21.94,0.0,0.0,1342.687904,-33.355505,6.238292,1.0,0.0,0.0,0.0,1.0,1380.913414,-34.667245,1021.0,5006.0,0.0,149.0,-0.569837,36.552705,131.589738,36.552492,0.124643,0.000117,-0.376453,-0.444606,0.000153,0.055264,0.042,0.0,0.0,0.0,0.0,0.0,-9999.0,-9999.0,-9999.0,-9999.0,-9999.0,-9999.0,-9999.0,-9999.0,-9999.0,-9999.0,-9999.0,-9999.0,-9999.0,-9999.0,149.0,lane7,spur3,stable_reference,3.889397651730056,-2.3677830789741807,0.7758449999999968,-2.9742833117574845,0.7758449999999968,7.4166668999999965,266.3187138078699,0.5679647061849725,228.08376662393752,1.5675098175309417,1.5675534487537939,-0.8021424929041885,0.23510457198863932,0.7916906862852937,0.7758191312456479
P23_AV1_1_interaction,P23,AV1,1,on_ramp,P23_AV1_1,P23_AV1.1.asc,AV1,60,initiator_active,3508,1,58466.67,58466.6675,1.0,21.94,78.984,149.0,45.02893,-1343.102154,0.0,0.0,0.0,21.94,0.0,0.0,1343.053206,-33.371833,6.238592,1.0,0.0,0.0,0.0,1.0,1381.522562,-34.675299,1021.0,5006.0,0.0,149.0,-0.578131,36.54641,131.567075,36.546196,0.124841,0.000119,-0.376089,-0.44535,0.000156,0.055264,0.042,0.0,0.0,0.0,0.0,0.0,-9999.0,-9999.0,-9999.0,-9999.0,-9999.0,-9999.0,-9999.0,-9999.0,-9999.0,-9999.0,-9999.0,-9999.0,-9999.0,-9999.0,149.0,lane7,spur3,stable_reference,3.883205575520128,-2.375678390209982,0.7595169999999953,-2.9906180759802194,0.7595169999999953,7.433333500000001,266.9279072665498,0.564885303382581,228.44918977893596,1.554165433726861,1.554217971689525,-0.7978455452245541,0.26692110247589085,0.7946737580618768,0.7594916756649841
P23_AV1_1_interaction,P23,AV1,1,on_ramp,P23_AV1_1,P23_AV1.1.asc,AV1,60,initiator_active,3509,1,58483.33,58483.3341,1.0,21.94,78.984,149.0,45.394458,-1343.467749,0.0,0.0,0.0,21.94,0.0,0.0,1343.418512,-33.388055,6.238873,1.0,0.0,0.0,0.0,1.0,1382.131604,-34.683475,1021.0,5006.0,0.0,149.0,-0.586533,36.540116,131.544418,36.539903,0.124959,0.000122,-0.376135,-0.445557,0.000141,0.055107,0.042,0.0,0.0,0.0,0.0,0.0,-9999.0,-9999.0,-9999.0,-9999.0,-9999.0,-9999.0,-9999.0,-9999.0,-9999.0,-9999.0,-9999.0,-9999.0,-9999.0,-9999.0,149.0,lane7,spur3,stable_reference,3.877119569467325,-2.383467637373937,0.7432949999999963,-3.0068468402770394,0.7432949999999963,7.450000099999998,267.5369957250211,0.5616830390474585,228.81461606820022,1.5409270790526275,1.540958703625714,-0.7932451584111391,0.2668806069716325,0.7976568625026292,0.7432702165499983
P23_AV1_1_interaction,P23,AV1,1,on_ramp,P23_AV1_1,P23_AV1.1.asc,AV1,60,initiator_active,3510,1,58500.0,58500.0007,1.0,21.94,78.984,149.0,45.759986,-1343.833346,0.0,0.0,0.0,21.94,0.0,0.0,1343.783823,-33.404194,6.239083,1.0,0.0,0.0,0.0,1.0,1382.740539,-34.691774,1021.0,5006.0,0.0,149.0,-0.595041,36.533822,131.521758,36.533608,0.125005,0.000124,-0.37616,-0.44557,0.000115,0.05495,0.042,0.0,0.0,0.0,0.0,0.0,-9999.0,-9999.0,-9999.0,-9999.0,-9999.0,-9999.0,-9999.0,-9999.0,-9999.0,-9999.0,-9999.0,-9999.0,-9999.0,-9999.0,149.0,lane7,spur3,stable_reference,3.871116670145529,-2.3911737912711977,0.7271560000000008,-3.0229926046664537,0.7271560000000008,7.466666699999994,268.1459781914835,0.5583569050469026,229.18004667951635,1.5277717624411697,1.5277765721751804,-0.7889495605762491,0.22404650895173361,0.8006400077735967,0.7271317546675731
P23_AV1_1_interaction,P23,AV1,1,on_ramp,P23_AV1_1,P23_AV1.1.asc,AV1,60,initiator_active,3511,1,58516.67,58516.6676,1.0,21.94,78.984,149.0,46.125513,-1344.198944,0.0,0.0,0.0,21.94,0.0,0.0,1344.149135,-33.420276,6.239224,1.0,0.0,0.0,0.0,1.0,1383.349367,-34.700196,1021.0,5006.0,0.0,149.0,-0.603656,36.52753,131.499107,36.527316,0.124984,0.000125,-0.375869,-0.445073,8.4e-05,0.054636,0.042,0.0,0.0,0.0,0.0,0.0,-9999.0,-9999.0,-9999.0,-9999.0,-9999.0,-9999.0,-9999.0,-9999.0,-9999.0,-9999.0,-9999.0,-9999.0,-9999.0,-9999.0,149.0,lane7,spur3,stable_reference,3.865170776634633,-2.3988229372696157,0.7110203715640746,-3.0391242796904088,0.7110203715640746,7.483333599999998,268.75485466593693,0.5549069013809207,229.54547782533456,1.514673452095212,1.51466025463715,-0.7857769243194141,0.1505518254228555,0.8036778748690285,0.7109955772261836
P23_AV1_1_interaction,P23,AV1,1,on_ramp,P23_AV1_1,P23_AV1.1.asc,AV1,60,initiator_active,3512,1,58533.33,58533.334,1.0,21.94,78.984,149.0,46.491039,-1344.564544,0.0,0.0,0.0,21.94,0.0,0.0,1344.51445,-33.436321,6.23931,1.0,0.0,0.0,0.0,1.0,1383.958089,-34.708741,1021.0,5006.0,0.0,149.0,-0.612377,36.521247,131.476488,36.521033,0.124896,0.000126,-0.375165,-0.445068,6e-05,0.054636,0.042,0.0,0.0,0.0,0.0,0.0,-9999.0,-9999.0,-9999.0,-9999.0,-9999.0,-9999.0,-9999.0,-9999.0,-9999.0,-9999.0,-9999.0,-9999.0,-9999.0,-9999.0,149.0,lane7,spur3,stable_reference,3.8592619520844127,-2.406435023900648,0.6949077459608463,-3.0552301540270634,0.6949077459608463,7.5,269.36362614834775,0.5513330362155385,229.91091166890925,1.5016121650137106,1.5015840330326669,-0.7839311316107924,0.2894673018695535,0.8067286515195362,0.6948835134941744
P23_AV1_1_interaction,P23,AV1,1,on_ramp,P23_AV1_1,P23_AV1.1.asc,AV1,60,initiator_active,3513,1,58550.0,58550.001,1.0,21.94,78.984,149.0,46.856562,-1344.930144,0.0,0.0,0.0,21.94,0.0,0.0,1344.879765,-33.452346,6.239359,1.0,0.0,0.0,0.0,1.0,1384.566704,-34.717409,1021.0,5006.0,0.0,149.0,-0.621203,36.514976,131.453913,36.514763,0.124741,0.000127,-0.374483,-0.444898,4.4e-05,0.054636,0.042,0.0,0.0,0.0,0.0,0.0,-9999.0,-9999.0,-9999.0,-9999.0,-9999.0,-9999.0,-9999.0,-9999.0,-9999.0,-9999.0,-9999.0,-9999.0,-9999.0,-9999.0,149.0,lane7,spur3,stable_reference,3.853373119843462,-2.4140271158556743,0.6788151203572779,-3.071316028363995,0.6788151203572779,7.516666999999994,269.9722916387497,0.5476353013847304,230.2763453491631,1.4885708772653548,1.488529165440394,-0.7761277804938587,0.09047226701242295,0.8097794282009594,0.6787914490643954
P23_AV1_1_interaction,P23,AV1,1,on_ramp,P23_AV1_1,P23_AV1.1.asc,AV1,60,initiator_active,3514,1,58566.95,58566.9489,1.0,21.94,78.984,149.0,47.222081,-1345.295745,0.0,0.0,0.0,21.94,0.0,0.0,1345.245081,-33.468359,6.239385,1.0,0.0,0.0,0.0,1.0,1385.175213,-34.726199,1021.0,5006.0,0.0,149.0,-0.630133,36.508713,131.431368,36.508501,0.124526,0.000128,-0.374109,-0.443901,3.1e-05,0.054322,0.042,0.0,0.0,0.0,0.0,0.0,-9999.0,-9999.0,-9999.0,-9999.0,-9999.0,-9999.0,-9999.0,-9999.0,-9999.0,-9999.0,-9999.0,-9999.0,-9999.0,-9999.0,149.0,lane7,spur3,stable_reference,3.8474963107175726,-2.4216071879328425,0.6627344945683832,-3.0873899028677325,0.6627344945683832,7.533614900000001,270.58085212894304,0.5438147050211909,230.6417799313912,1.4755415972829284,1.4754986252358728,-0.7811039063787035,-0.25216903106014144,0.8128302132520884,0.6627113840308401
P23_AV1_1_interaction,P23,AV1,1,on_ramp,P23_AV1_1,P23_AV1.1.asc,AV1,60,initiator_active,3515,1,58583.33,58583.3334,1.0,21.94,78.984,149.0,47.587597,-1345.661346,0.0,0.0,0.0,21.94,0.0,0.0,1345.610397,-33.484367,6.239397,1.0,0.0,0.0,0.0,1.0,1385.783616,-34.735111,1021.0,5006.0,0.0,149.0,-0.639167,36.502455,131.408839,36.502244,0.124264,0.000128,-0.373914,-0.442427,1.8e-05,0.053851,0.042,0.0,0.0,0.0,0.0,0.0,-9999.0,-9999.0,-9999.0,-9999.0,-9999.0,-9999.0,-9999.0,-9999.0,-9999.0,-9999.0,-9999.0,-9999.0,-9999.0,-9999.0,149.0,lane7,spur3,stable_reference,3.8416244996689897,-2.429182261341018,0.6466588687794053,-3.103458777371541,0.6466588687794053,7.549999400000001,271.18930761892796,0.539871247124915,231.00721447278886,1.4625173171337884,1.4625066661580761,-0.7845791024979007,0.2101732992004699,0.8158809983109447,0.6466363188228437
P23_AV1_1_interaction,P23,AV1,1,on_ramp,P23_AV1_1,P23_AV1.1.asc,AV1,60,initiator_active,3516,1,58600.0,58600.0008,1.0,21.94,78.984,149.0,47.953108,-1346.026948,0.0,0.0,0.0,21.94,0.0,0.0,1345.975715,-33.500342,6.239564,1.0,0.0,0.0,0.0,1.0,1386.391913,-34.744146,1021.0,5006.0,0.0,149.0,-0.648304,36.4962,131.38632,36.495989,0.123959,0.000128,-0.373779,-0.440493,2e-06,0.053223,0.042,0.0,0.0,0.0,0.0,0.0,-9999.0,-9999.0,-9999.0,-9999.0,-9999.0,-9999.0,-9999.0,-9999.0,-9999.0,-9999.0,-9999.0,-9999.0,-9999.0,-9999.0,149.0,lane7,spur3,stable_reference,3.8357857313897226,-2.4367242973892718,0.6306162426196225,-3.11949465220908,0.6306162426196225,7.566666799999999,271.7976581168705,0.5358039277292549,231.37265074464065,1.4495260522164222,1.4495715678057963,-0.7739162931034258,0.46003906778184955,0.8189318001231265,0.6305942520932957
P23_AV1_1_interaction,P23,AV1,1,on_ramp,P23_AV1_1,P23_AV1.1.asc,AV1,60,initiator_active,3517,1,58616.67,58616.6669,1.0,21.94,78.984,149.0,48.318617,-1346.39255,0.0,0.0,0.0,21.94,0.0,0.0,1346.341037,-33.516199,6.23989,1.0,0.0,0.0,0.0,1.0,1387.000103,-34.753302,1021.0,5006.0,0.0,149.0,-0.657543,36.489947,131.363809,36.489737,0.123616,0.000128,-0.373659,-0.437773,-1.7e-05,0.052281,0.042,0.0,0.0,0.0,0.0,0.0,-9999.0,-9999.0,-9999.0,-9999.0,-9999.0,-9999.0,-9999.0,-9999.0,-9999.0,-9999.0,-9999.0,-9999.0,-9999.0,-9999.0,149.0,lane7,spur3,stable_reference,3.8300650286531495,-2.444148272560096,0.6146916157173624,-3.1354125277147933,0.6146916157173624,7.583332899999994,272.405902606472,0.5316147386014783,231.73809005276578,1.4366528160287964,1.4367093217979385,-0.7692439230267141,0.29020321697201723,0.821982635522335,0.6146701805064614
P23_AV1_1_interaction,P23,AV1,1,on_ramp,P23_AV1_1,P23_AV1.1.asc,AV1,60,initiator_active,3518,1,58633.33,58633.3343,1.0,21.94,78.984,149.0,48.684127,-1346.758154,0.0,0.0,0.0,21.94,0.0,0.0,1346.706365,-33.53194,6.240196,1.0,0.0,0.0,0.0,1.0,1387.608188,-34.76258,1021.0,5006.0,0.0,149.0,-0.666882,36.483696,131.341305,36.483488,0.123236,0.000128,-0.37354,-0.434602,-3.4e-05,0.051182,0.042,0.0,0.0,0.0,0.0,0.0,-9999.0,-9999.0,-9999.0,-9999.0,-9999.0,-9999.0,-9999.0,-9999.0,-9999.0,-9999.0,-9999.0,-9999.0,-9999.0,-9999.0,149.0,lane7,spur3,stable_reference,3.8244604476873674,-2.4514561401765604,0.598869476860466,-3.15123062209127,0.598869476860466,7.6000003,273.0140430958314,0.5273026961070052,232.10353441343008,1.4238956249696761,1.4239299820422415,-0.7642427785556407,0.2888209789731313,0.8250474969471109,0.5988481280225653
P23_AV1_1_interaction,P23,AV1,1,on_ramp,P23_AV1_1,P23_AV1.1.asc,AV1,60,initiator_active,3519,1,58650.0,58650.0008,1.0,21.94,78.984,149.0,49.049638,-1347.12376,0.0,0.0,0.0,21.94,0.0,0.0,1347.071697,-33.547591,6.240424,1.0,0.0,0.0,0.0,1.0,1388.216166,-34.771978,1021.0,5006.0,0.0,149.0,-0.676321,36.477447,131.31881,36.47724,0.122813,0.000127,-0.373424,-0.431638,-4.9e-05,0.05024,0.042,0.0,0.0,0.0,0.0,0.0,-9999.0,-9999.0,-9999.0,-9999.0,-9999.0,-9999.0,-9999.0,-9999.0,-9999.0,-9999.0,-9999.0,-9999.0,-9999.0,-9999.0,149.0,lane7,spur3,stable_reference,3.818945943031312,-2.4586739394619817,0.583117041439226,-3.166983076291865,0.583117041439226,7.616666799999999,273.62207756868384,0.5228697838470777,232.46898203901716,1.4112284635738859,1.411234124970992,-0.7596163731741896,0.24142751926417816,0.8281322094208308,0.5830962541530551
P23_AV1_1_interaction,P23,AV1,1,on_ramp,P23_AV1_1,P23_AV1.1.asc,AV1,60,initiator_active,3520,1,58666.67,58666.6673,1.0,21.94,78.984,149.0,49.415148,-1347.489368,0.0,0.0,0.0,21.94,0.0,0.0,1347.437031,-33.563179,6.240576,1.0,0.0,0.0,0.0,1.0,1388.824039,-34.781495,1021.0,5006.0,0.0,149.0,-0.685859,36.471201,131.296323,36.470996,0.122348,0.000126,-0.3733,-0.426881,-6.2e-05,0.048513,0.042,0.0,0.0,0.0,0.0,0.0,-9999.0,-9999.0,-9999.0,-9999.0,-9999.0,-9999.0,-9999.0,-9999.0,-9999.0,-9999.0,-9999.0,-9999.0,-9999.0,-9999.0,149.0,lane7,spur3,stable_reference,3.813494469608451,-2.4658287093735,0.5674276054602483,-3.1826725310502995,0.5674276054602483,7.6333332999999985,274.2300080167965,0.5183170181204286,232.83443115007663,1.3986243164095877,1.3986096894752271,-0.7561952750560081,0.1626700283849658,0.8312169389296205,0.5674073774799673
P23_AV1_1_interaction,P23,AV1,1,on_ramp,P23_AV1_1,P23_AV1.1.asc,AV1,60,initiator_active,3521,1,58683.33,58683.3334,1.0,21.94,78.984,149.0,49.780657,-1347.854977,0.0,0.0,0.0,21.94,0.0,0.0,1347.802367,-33.578728,6.24067,1.0,0.0,0.0,0.0,1.0,1389.431805,-34.791131,1021.0,5006.0,0.0,149.0,-0.695492,36.464957,131.273845,36.464753,0.121856,0.000125,-0.373162,-0.419662,-7.4e-05,0.045687,0.0435,0.0,0.0,0.0,0.0,0.0,-9999.0,-9999.0,-9999.0,-9999.0,-9999.0,-9999.0,-9999.0,-9999.0,-9999.0,-9999.0,-9999.0,-9999.0,-9999.0,-9999.0,149.0,lane7,spur3,stable_reference,3.8080820366476873,-2.472944443522298,0.5517771689244587,-3.198322986365649,0.5517771689244587,7.6499994000000004,274.83783244023556,0.5136443825949764,233.19988194259395,1.3860591842770131,1.3860281693229277,-0.7541941241081247,0.10498127272140678,0.8343016854172205,0.5517574988597926
P23_AV1_1_interaction,P23,AV1,1,on_ramp,P23_AV1_1,P23_AV1.1.asc,AV1,60,initiator_active,3522,1,58700.0,58700.0007,1.0,21.94,78.984,149.0,50.146163,-1348.220587,0.0,0.0,0.0,21.94,0.0,0.0,1348.167704,-33.594254,6.240723,1.0,0.0,0.0,0.0,1.0,1390.039466,-34.800885,1021.0,5006.0,0.0,149.0,-0.705221,36.458716,131.251377,36.458514,0.121344,0.000124,-0.373016,-0.410982,-8.9e-05,0.042233,0.0435,0.002198,0.0,0.0,0.0,0.0,-9999.0,-9999.0,-9999.0,-9999.0,-9999.0,-9999.0,-9999.0,-9999.0,-9999.0,-9999.0,-9999.0,-9999.0,-9999.0,-9999.0,149.0,lane7,spur3,stable_reference,3.802692622572073,-2.4800371607214333,0.5361497321101336,-3.213950441959593,0.5361497321101336,7.666666699999994,275.44555283076886,0.5088528935694646,233.56533354725883,1.3735170595435977,1.3734698367933524,-0.7526959285216606,0.10731344009819921,0.8373864404024227,0.536130619141175
P23_AV1_1_interaction,P23,AV1,1,on_ramp,P23_AV1_1,P23_AV1.1.asc,AV1,60,initiator_active,3523,1,58716.67,58716.6669,1.0,21.94,78.984,149.0,50.511666,-1348.586197,0.0,0.0,0.0,21.94,0.0,0.0,1348.533041,-33.609769,6.240751,1.0,0.0,0.0,0.0,1.0,1390.64702,-34.810754,1021.0,5006.0,0.0,149.0,-0.715043,36.45223,131.228027,36.452029,0.120803,0.000122,-0.392904,-0.399486,-0.000125,0.037523,0.0445,0.002198,0.0,0.0,0.0,0.0,-9999.0,-9999.0,-9999.0,-9999.0,-9999.0,-9999.0,-9999.0,-9999.0,-9999.0,-9999.0,-9999.0,-9999.0,-9999.0,-9999.0,149.0,lane7,spur3,stable_reference,3.7973142042665593,-2.487118880848768,0.5205332952953733,-3.229566897553963,0.5205332952953733,7.683332899999994,276.0531671639649,0.5039455346117793,233.93078506209724,1.3609859344434132,1.3609381778837515,-0.7506170298866124,0.15930315576521537,0.8404711954134245,0.5205147390299887
P23_AV1_1_interaction,P23,AV1,1,on_ramp,P23_AV1_1,P23_AV1.1.asc,AV1,60,initiator_active,3524,1,58733.33,58733.3335,1.0,21.94,78.984,149.0,50.877166,-1348.951808,0.0,0.0,0.0,21.94,0.0,0.0,1348.898379,-33.625277,6.240763,1.0,0.0,0.0,0.0,1.0,1391.254464,-34.820737,1021.0,5006.0,0.0,149.0,-0.724954,36.445643,131.204315,36.445445,0.120216,0.00012,-0.394208,-0.387152,-0.000199,0.032499,0.046,0.0,0.0,0.0,0.0,0.0,-9999.0,-9999.0,-9999.0,-9999.0,-9999.0,-9999.0,-9999.0,-9999.0,-9999.0,-9999.0,-9999.0,-9999.0,-9999.0,-9999.0,149.0,lane7,spur3,stable_reference,3.7919428109988,-2.4941935797672423,0.5049238582027018,-3.245176353426303,0.5049238582027018,7.699999499999998,276.6606724317573,0.49892328119045115,234.29623751974012,1.3484618172758776,1.3484496705024045,-0.747385880638241,0.22803129158643998,0.8435559588845145,0.504905858391363
P23_AV1_1_interaction,P23,AV1,1,on_ramp,P23_AV1_1,P23_AV1.1.asc,AV1,60,initiator_active,3525,1,58750.0,58750.0008,1.0,21.94,78.984,149.0,51.242661,-1349.317418,0.0,0.0,0.0,21.94,0.0,0.0,1349.263718,-33.64075,6.240951,1.0,0.0,0.0,0.0,1.0,1391.861798,-34.830831,1021.0,5006.0,0.0,149.0,-0.734952,36.439299,131.181475,36.439102,0.119551,0.000115,-0.374312,-0.372265,-0.000272,0.026376,0.04675,0.0,0.0,0.0,0.0,0.0,-9999.0,-9999.0,-9999.0,-9999.0,-9999.0,-9999.0,-9999.0,-9999.0,-9999.0,-9999.0,-9999.0,-9999.0,-9999.0,-9999.0,149.0,lane7,spur3,stable_reference,3.786606432001764,-2.501233264930463,0.4893490965858077,-3.260751138435241,0.4893490965858077,7.716666799999999,277.268068609648,0.49378913320544454,234.66169069153804,1.3359727071073866,1.3360248943757804,-0.7430158097888082,0.28826343470307947,0.8466416722105405,0.48933103489684604
P23_AV1_1_interaction,P23,AV1,1,on_ramp,P23_AV1_1,P23_AV1.1.asc,AV1,60,initiator_active,3526,1,58766.67,58766.6674,1.0,21.94,78.984,149.0,51.608154,-1349.68303,0.0,0.0,0.0,21.94,0.0,0.0,1349.629063,-33.656088,6.241318,1.0,0.0,0.0,0.0,1.0,1392.469024,-34.841033,1021.0,5006.0,0.0,149.0,-0.745033,36.433059,131.159012,36.432865,0.118791,0.00011,-0.372768,-0.353726,-0.000307,0.018683,0.0485,0.0,0.0,0.0,0.0,0.0,-9999.0,-9999.0,-9999.0,-9999.0,-9999.0,-9999.0,-9999.0,-9999.0,-9999.0,-9999.0,-9999.0,-9999.0,-9999.0,-9999.0,149.0,lane7,spur3,stable_reference,3.7814051674693143,-2.5081378475971245,0.4738555687271111,-3.276244689326364,0.4738555687271111,7.733333399999996,277.87535767307264,0.48854610688882755,235.02714876072034,1.3236186414338922,1.323682052381156,-0.7377769726282324,0.3224508156063841,0.8497805625355241,0.47383807889836804
P23_AV1_1_interaction,P23,AV1,1,on_ramp,P23_AV1_1,P23_AV1.1.asc,AV1,60,initiator_active,3527,1,58783.33,58783.3342,1.0,21.94,78.984,149.0,51.973649,-1350.048643,0.0,0.0,0.0,21.94,0.0,0.0,1349.994413,-33.671297,6.241662,1.0,0.0,0.0,0.0,1.0,1393.076144,-34.85134,1021.0,5006.0,0.0,149.0,-0.755194,36.426832,131.136597,36.426642,0.117906,0.000105,-0.3723,-0.332792,-0.0003,0.010048,0.051,0.0,0.0,0.0,0.0,0.0,-9999.0,-9999.0,-9999.0,-9999.0,-9999.0,-9999.0,-9999.0,-9999.0,-9999.0,-9999.0,-9999.0,-9999.0,-9999.0,-9999.0,149.0,lane7,spur3,stable_reference,3.7763329919791513,-2.514913349242302,0.4584910387281902,-3.291609242358024,0.4584910387281902,7.750000199999995,278.48254159746614,0.483197218472655,235.39261077631605,1.311393612289397,1.3114322805549874,-0.7322674245241245,0.3118948885045896,0.8529194962909932,0.4584741159984038
P23_AV1_1_interaction,P23,AV1,1,on_ramp,P23_AV1_1,P23_AV1.1.asc,AV1,60,initiator_active,3528,1,58800.0,58800.0001,1.0,21.94,78.984,149.0,52.339145,-1350.414259,0.0,0.0,0.0,21.94,0.0,0.0,1350.359768,-33.686404,6.241918,1.0,0.0,0.0,0.0,1.0,1393.683158,-34.861747,1021.0,5006.0,0.0,149.0,-0.765429,36.420613,131.114206,36.420425,0.116841,0.0001,-0.372033,-0.309367,-0.000285,0.000471,0.051,0.0,0.0,0.0,0.0,0.0,-9999.0,-9999.0,-9999.0,-9999.0,-9999.0,-9999.0,-9999.0,-9999.0,-9999.0,-9999.0,-9999.0,-9999.0,-9999.0,-9999.0,149.0,lane7,spur3,stable_reference,3.771362915913812,-2.5215867626785733,0.4432285065915127,-3.3068717975277644,0.4432285065915127,7.766666099999995,279.089620341998,0.4777474677902066,235.758076958809,1.2992706205741702,1.2992735971164442,-0.7273806402634477,0.2617415288192433,0.8560584733781904,0.4432121471959798
P23_AV1_1_interaction,P23,AV1,1,on_ramp,P23_AV1_1,P23_AV1.1.asc,AV1,60,initiator_active,3529,1,58816.67,58816.6667,1.0,21.94,78.984,149.0,52.704642,-1350.779877,0.0,0.0,0.0,21.94,0.0,0.0,1350.725125,-33.701441,6.24209,1.0,0.0,0.0,0.0,1.0,1394.290067,-34.87225,1021.0,5006.0,0.0,149.0,-0.775733,36.414398,131.091834,36.414215,0.115541,9.6e-05,-0.371842,-0.282938,-0.000276,-0.010205,0.05325,0.0,0.0,0.0,0.0,0.0,-9999.0,-9999.0,-9999.0,-9999.0,-9999.0,-9999.0,-9999.0,-9999.0,-9999.0,-9999.0,-9999.0,-9999.0,-9999.0,-9999.0,149.0,lane7,spur3,stable_reference,3.7664628683898935,-2.528190148604334,0.4280359735970808,-3.322064353555385,0.4280359735970808,7.783332699999999,279.6965948739709,0.4722008628741592,236.12354456961205,1.28721764285704,1.287186868406963,-0.7235429690863029,0.2061376739166043,0.8591974679048797,0.4280201749521604
P23_AV1_1_interaction,P23,AV1,1,on_ramp,P23_AV1_1,P23_AV1.1.asc,AV1,60,initiator_active,3530,1,58833.33,58833.3335,1.0,21.94,78.984,149.0,53.070137,-1351.145496,0.0,0.0,0.0,21.94,0.0,0.0,1351.090484,-33.716434,6.242196,1.0,0.0,0.0,0.0,1.0,1394.89687,-34.882843,1021.0,5006.0,0.0,149.0,-0.7861,36.408188,131.069478,36.40801,0.113923,9.1e-05,-0.371692,-0.257222,-0.000305,-0.020096,0.05575,0.0,0.0,0.0,0.0,0.0,-9999.0,-9999.0,-9999.0,-9999.0,-9999.0,-9999.0,-9999.0,-9999.0,-9999.0,-9999.0,-9999.0,-9999.0,-9999.0,-9999.0,149.0,lane7,spur3,stable_reference,3.761606859405394,-2.534749500098368,0.4128874397472511,-3.3372129104385304,0.4128874397472511,7.799999499999998,280.30346414442226,0.46656339535841557,236.48901382104273,1.2752086800049223,1.275155450576166,-0.7205093803731799,0.18159537596036301,0.8623364797759718,0.41287220022895044
P23_AV1_1_interaction,P23,AV1,1,on_ramp,P23_AV1_1,P23_AV1.1.asc,AV1,60,initiator_active,3531,1,58850.0,58850.0006,1.0,21.94,78.984,149.0,53.43563,-1351.511115,0.0,0.0,0.0,21.94,0.0,0.0,1351.455844,-33.731401,6.242255,1.0,0.0,0.0,0.0,1.0,1395.503569,-34.89352,1021.0,5006.0,0.0,149.0,-0.796524,36.401995,131.04718,36.401823,0.111895,8.5e-05,-0.370162,-0.229412,-0.000342,-0.030458,0.05675,0.0,0.0,0.0,0.0,0.0,-9999.0,-9999.0,-9999.0,-9999.0,-9999.0,-9999.0,-9999.0,-9999.0,-9999.0,-9999.0,-9999.0,-9999.0,-9999.0,-9999.0,149.0,lane7,spur3,stable_reference,3.756776868152443,-2.5412828354413506,0.3977649054693571,-3.3523354677498003,0.3977649054693571,7.816666599999997,280.9102301042887,0.4608410813750009,236.85448386012285,1.2632257244519347,1.2631694815944992,-0.717489687234675,0.20675073821402634,0.8654755003338908,0.39775022411804395
P23_AV1_1_interaction,P23,AV1,1,on_ramp,P23_AV1_1,P23_AV1.1.asc,AV1,60,initiator_active,3532,1,58866.67,58866.6667,1.0,21.94,78.984,149.0,53.80112,-1351.876735,0.0,0.0,0.0,21.94,0.0,0.0,1351.821205,-33.746355,6.242286,1.0,0.0,0.0,0.0,1.0,1396.110163,-34.904275,1021.0,5006.0,0.0,149.0,-0.806998,36.395826,131.024973,36.395661,0.109385,7.8e-05,-0.369141,-0.201614,-0.000391,-0.040192,0.058,0.0,0.0,0.0,0.0,0.0,-9999.0,-9999.0,-9999.0,-9999.0,-9999.0,-9999.0,-9999.0,-9999.0,-9999.0,-9999.0,-9999.0,-9999.0,-9999.0,-9999.0,149.0,lane7,spur3,stable_reference,3.751959899630006,-2.547803151172679,0.3826553707645846,-3.3674450254880224,0.3826553707645846,7.833332699999999,281.51689170460753,0.455039912557825,237.21995479301094,1.2512557766315298,1.2512392200342255,-0.7136177678123303,0.26318915055109926,0.8686145295310825,0.3826412471004472
P23_AV1_1_interaction,P23,AV1,1,on_ramp,P23_AV1_1,P23_AV1.1.asc,AV1,60,initiator_active,3533,1,58883.33,58883.334,1.0,21.94,78.984,149.0,54.166607,-1352.242355,0.0,0.0,0.0,21.94,0.0,0.0,1352.186568,-33.761266,6.242497,1.0,0.0,0.0,0.0,0.0,1396.716652,-34.915101,1021.0,5006.0,0.0,149.0,-0.817515,36.389677,131.002837,36.389522,0.106293,7.1e-05,-0.367791,-0.17633,-0.000436,-0.048042,0.059,0.0,0.0,0.0,0.0,0.0,-9999.0,-9999.0,-9999.0,-9999.0,-9999.0,-9999.0,-9999.0,-9999.0,-9999.0,-9999.0,-9999.0,-9999.0,-9999.0,-9999.0,149.0,lane7,spur3,stable_reference,3.747185970031527,-2.554280432206078,0.3675764254628127,-3.3825281323978147,0.3675764254628127,7.85,282.1234488882164,0.449166888673477,237.58542737469276,1.239328843709482,1.239382180426528,-0.7087166239224203,0.3187998844462463,0.8717661611661391,0.3675626825433429
P23_AV1_1_interaction,P23,AV1,1,on_ramp,P23_AV1_1,P23_AV1.1.asc,AV1,60,initiator_active,3534,1,58900.0,58900.0,1.0,21.94,78.984,149.0,54.532092,-1352.607976,0.0,0.0,0.0,21.94,0.0,0.0,1352.551936,-33.77603,6.242897,1.0,0.0,0.0,0.0,0.0,1397.323038,-34.925993,1021.0,5006.0,0.0,149.0,-0.828067,36.383561,130.980819,36.383416,0.102539,6.4e-05,-0.365584,-0.151098,-0.000466,-0.055107,0.059,0.0,0.0,0.0,0.0,0.0,-9999.0,-9999.0,-9999.0,-9999.0,-9999.0,-9999.0,-9999.0,-9999.0,-9999.0,-9999.0,-9999.0,-9999.0,-9999.0,-9999.0,149.0,lane7,spur3,stable_reference,3.742559122553676,-2.560610637009584,0.3526366134524629,-3.397474726614657,0.3526366134524629,7.866665999999998,282.72990361421824,0.4432270258873372,237.9509037557994,1.227548946716271,1.2276153492296338,-0.7029911799519155,0.35388709026960186,0.8749255176147228,0.3526234291015482
P23_AV1_1_interaction,P23,AV1,1,on_ramp,P23_AV1_1,P23_AV1.1.asc,AV1,60,initiator_active,3535,1,58916.67,58916.6673,1.0,21.94,78.984,149.0,54.897578,-1352.973599,0.0,0.0,0.0,21.94,0.0,0.0,1352.91731,-33.790654,6.243268,1.0,0.0,0.0,0.0,0.0,1397.929321,-34.936943,1021.0,5006.0,0.0,149.0,-0.838649,36.377482,130.958934,36.377349,0.098077,5.5e-05,-0.363643,-0.127458,-0.000482,-0.060602,0.06075,0.0,0.0,0.0,0.0,0.0,-9999.0,-9999.0,-9999.0,-9999.0,-9999.0,-9999.0,-9999.0,-9999.0,-9999.0,-9999.0,-9999.0,-9999.0,-9999.0,-9999.0,149.0,lane7,spur3,stable_reference,3.738072387617727,-2.5668007406475475,0.3378367985387241,-3.4122813238475427,0.3378367985387241,7.8833332999999985,283.336255817285,0.43722832393266065,238.31638499346,1.2159090940513362,1.2159491724501734,-0.6969203724738406,0.3535065216400106,0.8780849265291697,0.3378241675221665
P23_AV1_1_interaction,P23,AV1,1,on_ramp,P23_AV1_1,P23_AV1.1.asc,AV1,60,initiator_active,3536,1,58933.33,58933.3341,1.0,21.94,78.984,149.0,55.263067,-1353.339224,0.0,0.0,0.0,21.94,0.0,0.0,1353.282689,-33.805169,6.243544,1.0,0.0,0.0,0.0,0.0,1398.535502,-34.947945,1021.0,5006.0,0.0,149.0,-0.849252,36.371441,130.937187,36.371322,0.092866,4.7e-05,-0.361068,-0.105375,-0.000468,-0.064527,0.0635,0.0,0.0,0.0,0.0,0.0,-9999.0,-9999.0,-9999.0,-9999.0,-9999.0,-9999.0,-9999.0,-9999.0,-9999.0,-9999.0,-9999.0,-9999.0,-9999.0,-9999.0,149.0,lane7,spur3,stable_reference,3.7336947494148216,-2.5728817579400123,0.3231459812063922,-3.426978923592826,0.3231459812063922,7.900000099999997,283.9425064483868,0.4311767907754369,238.68187034085508,1.2043782785822708,1.204384132817963,-0.6912073474809901,0.3116031896950773,0.8812443791332745,0.3231338994489963
P23_AV1_1_interaction,P23,AV1,1,on_ramp,P23_AV1_1,P23_AV1.1.asc,AV1,60,initiator_active,3537,1,58950.0,58950.0006,1.0,21.94,78.984,149.0,55.628556,-1353.704851,0.0,0.0,0.0,21.94,0.0,0.0,1353.64807,-33.819608,6.243729,1.0,0.0,0.0,0.0,0.0,1399.141581,-34.958993,1021.0,5006.0,0.0,149.0,-0.859869,36.365456,130.915641,36.365352,0.086898,4e-05,-0.357279,-0.083843,-0.000415,-0.067353,0.06725,0.0,0.0,0.0,0.0,0.0,-9999.0,-9999.0,-9999.0,-9999.0,-9999.0,-9999.0,-9999.0,-9999.0,-9999.0,-9999.0,-9999.0,-9999.0,-9999.0,-9999.0,149.0,lane7,spur3,stable_reference,3.729393137446139,-2.5788867493191496,0.3085311629028571,-3.4416005243471246,0.3085311629028571,7.916666599999997,284.5486554585278,0.4250784262156059,239.04735706756446,1.1929234769112418,1.1929089489607136,-0.6865335911656061,0.2298035875412765,0.8844038493480635,0.3085196275631783
P23_AV1_1_interaction,P23,AV1,1,on_ramp,P23_AV1_1,P23_AV1.1.asc,AV1,60,initiator_active,3538,1,58966.67,58966.6673,1.0,21.94,78.984,149.0,55.994044,-1354.07048,0.0,0.0,0.0,21.94,0.0,0.0,1354.013453,-33.834,6.243842,1.0,0.0,0.0,0.0,0.0,1399.74756,-34.97008,1021.0,5006.0,0.0,149.0,-0.870495,36.359522,130.894279,36.359434,0.080191,3.4e-05,-0.3552,-0.06324,-0.000344,-0.068923,0.07175,0.0,0.0,0.0,0.0,0.0,-9999.0,-9999.0,-9999.0,-9999.0,-9999.0,-9999.0,-9999.0,-9999.0,-9999.0,-9999.0,-9999.0,-9999.0,-9999.0,-9999.0,149.0,lane7,spur3,stable_reference,3.725138562863247,-2.584844707065182,0.2939633436314997,-3.456175126106814,0.2939633436314997,7.933333299999998,285.15470479047843,0.41894024635185423,239.41284541040312,1.1815156900051944,1.1814997721106555,-0.683547278786719,0.13319860875214573,0.8875633370528542,0.29395235295234023
P23_AV1_1_interaction,P23,AV1,1,on_ramp,P23_AV1_1,P23_AV1.1.asc,AV1,60,initiator_active,3539,1,58983.33,58983.3334,1.0,21.94,78.984,149.0,56.35953,-1354.436108,0.0,0.0,0.0,21.94,0.0,0.0,1354.378838,-33.848365,6.243906,1.0,0.0,0.0,0.0,0.0,1400.353438,-34.981199,1021.0,5006.0,0.0,149.0,-0.881121,36.353628,130.873059,36.353555,0.072781,2.9e-05,-0.352313,-0.042665,-0.000246,-0.069708,0.074,0.0,0.0,0.0,0.0,0.0,-9999.0,-9999.0,-9999.0,-9999.0,-9999.0,-9999.0,-9999.0,-9999.0,-9999.0,-9999.0,-9999.0,-9999.0,-9999.0,-9999.0,149.0,lane7,spur3,stable_reference,3.72091103335689,-2.590775625854083,0.2794225233946164,-3.4707227288693847,0.2794225233946164,7.9499994,285.76065338711027,0.41276924278475385,239.77833553269193,1.170134918530983,1.170124403024035,-0.6820936534050546,0.05843502657144839,0.8907228421644438,0.2794120763665393
P23_AV1_1_interaction,P23,AV1,1,on_ramp,P23_AV1_1,P23_AV1.1.asc,AV1,60,initiator_active,3540,1,59000.0,59000.0005,1.0,21.94,78.984,149.0,56.725013,-1354.801738,0.0,0.0,0.0,21.94,0.0,0.0,1354.744223,-33.862715,6.243939,1.0,0.0,0.0,0.0,0.0,1400.959219,-34.992344,1021.0,5006.0,0.0,149.0,-0.89174,36.347794,130.852059,36.347737,0.06473,2.6e-05,-0.348274,-0.021252,-0.000128,-0.070179,0.074,0.0,0.0,0.0,0.0,0.0,-9999.0,-9999.0,-9999.0,-9999.0,-9999.0,-9999.0,-9999.0,-9999.0,-9999.0,-9999.0,-9999.0,-9999.0,-9999.0,-9999.0,149.0,lane7,spur3,stable_reference,3.7166984980824695,-2.596691548636,0.2648878593337199,-3.485261228432288,0.2648878593337199,7.9666665,286.36650519929333,0.4065714479783957,240.1438255324899,1.1587691465566272,1.158763408846397,-0.6815995099316581,0.010069652995742473,0.8938914467410017,0.2648776998156255
P23_AV1_1_interaction,P23,AV1,1,on_ramp,P23_AV1_1,P23_AV1.1.asc,AV1,60,initiator_active,3541,1,59016.67,59016.6674,1.0,21.94,78.984,149.0,57.090493,-1355.167367,0.0,0.0,0.0,21.94,0.0,0.0,1355.109608,-33.877058,6.243954,1.0,0.0,0.0,0.0,0.0,1401.564901,-35.003509,1021.0,5006.0,0.0,149.0,-0.902347,36.342022,130.831279,36.341979,0.056117,2.5e-05,-0.345175,0.001497,3e-06,-0.07065,0.07525,0.0,0.0,0.0,0.0,0.0,-9999.0,-9999.0,-9999.0,-9999.0,-9999.0,-9999.0,-9999.0,-9999.0,-9999.0,-9999.0,-9999.0,-9999.0,-9999.0,-9999.0,149.0,lane7,spur3,stable_reference,3.7124929601162897,-2.602600473281301,0.2503284776913668,-3.499813863745027,0.2503284776913668,7.983333399999996,286.9722581780981,0.4003528454006585,240.50931547512576,1.1474103743488782,1.1474039649430088,-0.6817579837608676,-0.020987538613411516,0.8970914977645805,0.25031887658429763
P23_AV1_1_interaction,P23,AV1,1,on_ramp,P23_AV1_1,P23_AV1.1.asc,AV1,60,initiator_active,3542,1,59033.33,59033.3341,1.0,21.94,78.984,149.0,57.45597,-1355.532997,0.0,0.0,0.0,21.94,0.0,0.0,1355.474993,-33.891402,6.243935,1.0,0.0,0.0,0.0,0.0,1402.170487,-35.014687,1021.0,5006.0,0.0,149.0,-0.912932,36.336296,130.810664,36.336265,0.047031,2.7e-05,-0.342605,0.026723,0.000136,-0.071749,0.07775,0.0,0.0,0.0,0.0,0.0,-9999.0,-9999.0,-9999.0,-9999.0,-9999.0,-9999.0,-9999.0,-9999.0,-9999.0,-9999.0,-9999.0,-9999.0,-9999.0,-9999.0,149.0,lane7,spur3,stable_reference,3.708286422534657,-2.6085103976604125,0.2357680960491819,-3.5143674990576086,0.2357680960491819,8.000000099999998,287.57791526626255,0.3941204593162643,240.8748054259277,1.1360506021744672,1.1360379609992632,-0.6822990955571129,-0.03908939544497514,0.9002915487829743,0.23575905339149283
P23_AV1_1_interaction,P23,AV1,1,on_ramp,P23_AV1_1,P23_AV1.1.asc,AV1,60,initiator_active,3543,1,59050.0,59050.0007,1.0,21.94,78.984,149.0,57.821442,-1355.898626,0.0,0.0,0.0,21.94,0.0,0.0,1355.840378,-33.905765,6.243886,1.0,0.0,0.0,0.0,0.0,1402.775977,-35.02587,1021.0,5006.0,0.0,149.0,-0.923488,36.330609,130.790192,36.33059,0.037565,3e-05,-0.340397,0.054234,0.000248,-0.073476,0.08025,0.0,0.0,0.0,0.0,0.0,-9999.0,-9999.0,-9999.0,-9999.0,-9999.0,-9999.0,-9999.0,-9999.0,-9999.0,-9999.0,-9999.0,-9999.0,-9999.0,-9999.0,149.0,lane7,spur3,stable_reference,3.7040608922592138,-2.6144393169817235,0.2211887144103212,-3.5289401343670628,0.2211887144103212,8.016666699999995,288.1834763984579,0.38788228945847586,241.2402955318844,1.1246718306335655,1.12466068456912,-0.683060960981507,-0.0471740836101624,0.9034915997028261,0.22118023093073935
P23_AV1_1_interaction,P23,AV1,1,on_ramp,P23_AV1_1,P23_AV1.1.asc,AV1,60,initiator_active,3544,1,59066.67,59066.6668,1.0,21.94,78.984,149.0,58.18691,-1356.264256,0.0,0.0,0.0,21.94,0.0,0.0,1356.205762,-33.920145,6.243838,1.0,0.0,0.0,0.0,0.0,1403.381373,-35.03705,1021.0,5006.0,0.0,149.0,-0.934007,36.324949,130.769816,36.324938,0.027799,3.5e-05,-0.339338,0.084516,0.000324,-0.076145,0.08375,0.0,0.0,0.0,0.0,0.0,-9999.0,-9999.0,-9999.0,-9999.0,-9999.0,-9999.0,-9999.0,-9999.0,-9999.0,-9999.0,-9999.0,-9999.0,-9999.0,-9999.0,149.0,lane7,spur3,stable_reference,3.699818340791396,-2.620385254849883,0.2065923333666647,-3.5435297690999663,0.2065923333666647,8.033332799999997,288.78894350928937,0.38164635189262625,241.6057847766971,1.113276051493453,1.113269695326794,-0.6838715336719119,-0.04690359518144405,0.9066916417762692,0.20658440971718384
P23_AV1_1_interaction,P23,AV1,1,on_ramp,P23_AV1_1,P23_AV1.1.asc,AV1,60,initiator_active,3545,1,59083.33,59083.3342,1.0,21.94,78.984,149.0,58.552374,-1356.629885,0.0,0.0,0.0,21.94,0.0,0.0,1356.571145,-33.934539,6.243802,1.0,0.0,0.0,0.0,0.0,1403.986674,-35.048219,1021.0,5006.0,0.0,149.0,-0.94448,36.319313,130.749527,36.319309,0.017812,4.1e-05,-0.337332,0.118087,0.000371,-0.08007,0.08675,0.0,0.0,0.0,0.0,0.0,-9999.0,-9999.0,-9999.0,-9999.0,-9999.0,-9999.0,-9999.0,-9999.0,-9999.0,-9999.0,-9999.0,-9999.0,-9999.0,-9999.0,149.0,lane7,spur3,stable_reference,3.6955617669775696,-2.6263452120635216,0.1919819529176646,-3.5581334032568286,0.1919819529176646,8.050000199999994,289.394315533462,0.3754206381859403,241.97127313586762,1.1018662646540869,1.1018648517901823,-0.6846244174670204,-0.038958561584916396,0.9098916750188673,0.19197458963521963
P23_AV1_1_interaction,P23,AV1,1,on_ramp,P23_AV1_1,P23_AV1.1.asc,AV1,60,initiator_active,3546,1,59100.0,59100.0007,1.0,21.94,78.984,149.0,58.917833,-1356.995514,0.0,0.0,0.0,21.94,0.0,0.0,1356.936528,-33.948943,6.243777,1.0,0.0,0.0,0.0,0.0,1404.591882,-35.059368,1021.0,5006.0,0.0,149.0,-0.954897,36.313728,130.72942,36.313727,0.007686,4.7e-05,-0.333597,0.158159,0.000388,-0.086821,0.08675,0.0,0.0,0.0,0.0,0.0,-9999.0,-9999.0,-9999.0,-9999.0,-9999.0,-9999.0,-9999.0,-9999.0,-9999.0,-9999.0,-9999.0,-9999.0,-9999.0,-9999.0,149.0,lane7,spur3,stable_reference,3.691295197009117,-2.6323151666151388,0.177361572470418,-3.5727470374120425,0.177361572470418,8.066666699999994,289.9995943974146,0.3692141643704231,242.33676157669882,1.0904464781481538,1.0904484941124173,-0.6851701856500867,-0.024010508952848397,0.9130917082096053,0.17735476993854848
P23_AV1_1_interaction,P23,AV1,1,on_ramp,P23_AV1_1,P23_AV1.1.asc,AV1,60,initiator_active,3547,1,59116.67,59116.6668,1.0,21.94,78.984,149.0,59.283289,-1357.361142,0.0,0.0,0.0,21.94,0.0,0.0,1357.30191,-33.963354,6.243762,1.0,0.0,0.0,0.0,0.0,1405.196998,-35.070487,1021.0,5006.0,0.0,149.0,-0.965248,36.308222,130.709599,36.308222,-0.00251,5.3e-05,-0.328055,0.202313,0.000383,-0.095299,0.09,0.0,0.0,0.0,0.0,0.0,-9999.0,-9999.0,-9999.0,-9999.0,-9999.0,-9999.0,-9999.0,-9999.0,-9999.0,-9999.0,-9999.0,-9999.0,-9999.0,-9999.0,149.0,lane7,spur3,stable_reference,3.687021602002917,-2.638292142375632,0.1627341926166006,-3.587367670992361,0.1627341926166006,8.083332799999997,290.6047810194534,0.36303693827868105,242.70224907472553,1.0790196837095718,1.0790263482054783,-0.6854247571463858,-0.01617497406972035,0.9162917326058091,0.1627279511037627
P23_AV1_1_interaction,P23,AV1,1,on_ramp,P23_AV1_1,P23_AV1.1.asc,AV1,60,initiator_active,3548,1,59133.33,59133.3341,1.0,21.94,78.984,149.0,59.64874,-1357.726771,0.0,0.0,0.0,21.94,0.0,0.0,1357.667293,-33.977769,6.243753,1.0,0.0,0.0,0.0,0.0,1405.802022,-35.081566,1021.0,5006.0,0.0,149.0,-0.975521,36.302824,130.690167,36.302822,-0.012766,5.9e-05,-0.320921,0.249829,0.000357,-0.10519,0.09475,0.0,0.0,0.0,0.0,0.0,-9999.0,-9999.0,-9999.0,-9999.0,-9999.0,-9999.0,-9999.0,-9999.0,-9999.0,-9999.0,-9999.0,-9999.0,-9999.0,-9999.0,149.0,lane7,spur3,stable_reference,3.682744036264369,-2.64427309399906,0.1480916877257984,-3.6020145663048826,0.1480916877257984,8.100000099999997,291.2098753179183,0.3568989595772916,243.06773760538317,1.0675888975704073,1.0676009563380635,-0.6857093546912161,-0.024825276509467642,0.9195029378057664,0.1480859597646409
P23_AV1_1_interaction,P23,AV1,1,on_ramp,P23_AV1_1,P23_AV1.1.asc,AV1,60,initiator_active,3549,1,59150.0,59150.0001,1.0,21.94,78.984,149.0,60.014187,-1358.0924,0.0,0.0,0.0,21.94,0.0,0.0,1358.032675,-33.992185,6.243749,1.0,0.0,0.0,0.0,0.0,1406.406957,-35.092591,1021.0,5006.0,0.0,149.0,-0.985704,36.297534,130.671121,36.297526,-0.023091,6.5e-05,-0.315194,0.301096,0.00033,-0.116651,0.1005,0.0,0.0,0.0,0.0,0.0,-9999.0,-9999.0,-9999.0,-9999.0,-9999.0,-9999.0,-9999.0,-9999.0,-9999.0,-9999.0,-9999.0,-9999.0,-9999.0,-9999.0,149.0,lane7,spur3,stable_reference,3.678465443180855,-2.650255068428541,0.1334458013224997,-3.6166672315016712,0.1334458013224997,8.116666099999994,291.814880178384,0.35081425229758895,243.4332251442401,1.0561571032985444,1.056169393123648,-0.6862522453864557,-0.04265804080156599,0.9227164634565999,0.13344063984194454
P23_AV1_1_interaction,P23,AV1,1,on_ramp,P23_AV1_1,P23_AV1.1.asc,AV1,60,initiator_active,3550,1,59166.67,59166.6669,1.0,21.94,78.984,149.0,60.37963,-1358.458029,0.0,0.0,0.0,21.94,0.0,0.0,1358.398057,-34.006603,6.243747,1.0,0.0,0.0,0.0,0.0,1407.011806,-35.103552,1021.0,5006.0,0.0,149.0,-0.995784,36.292305,130.652298,36.292289,-0.033522,7e-05,-0.312762,0.354201,0.000296,-0.12874,0.106,0.0,0.0,0.0,0.0,0.0,-9999.0,-9999.0,-9999.0,-9999.0,-9999.0,-9999.0,-9999.0,-9999.0,-9999.0,-9999.0,-9999.0,-9999.0,-9999.0,-9999.0,149.0,lane7,spur3,stable_reference,3.674184850866421,-2.6562390423256157,0.1187979149195988,-3.63132189669804,0.1187979149195988,8.133332899999994,292.41979851909065,0.344792840604268,243.79871269942933,1.0447233090933665,1.0447262469634104,-0.6871312827673073,-0.0632010573825248,0.9259299890963626,0.11879331999700393
P23_AV1_1_interaction,P23,AV1,1,on_ramp,P23_AV1_1,P23_AV1.1.asc,AV1,60,initiator_active,3551,1,59183.33,59183.3334,1.0,21.94,78.984,149.0,60.74507,-1358.823657,0.0,0.0,0.0,21.94,0.0,0.0,1358.763439,-34.02103,6.243694,1.0,0.0,0.0,0.0,0.0,1407.616568,-35.114434,1021.0,5006.0,0.0,149.0,-1.005747,36.287104,130.633576,36.287078,-0.044134,7.4e-05,-0.310952,0.406913,0.000244,-0.140358,0.10975,0.0,0.0,0.0,0.0,0.0,-9999.0,-9999.0,-9999.0,-9999.0,-9999.0,-9999.0,-9999.0,-9999.0,-9999.0,-9999.0,-9999.0,-9999.0,-9999.0,-9999.0,149.0,lane7,spur3,stable_reference,3.6698952620127994,-2.6622320138269098,0.1041410285184708,-3.645985561892525,0.1041410285184708,8.1499994,293.02462921758064,0.33884971583114715,244.16420032811274,1.0332805151882654,1.0332650402645769,-0.6883589389170197,-0.08178655909961563,0.9291435146863252,0.10413700050194019
P23_AV1_1_interaction,P23,AV1,1,on_ramp,P23_AV1_1,P23_AV1.1.asc,AV1,60,initiator_active,3552,1,59200.0,59200.0007,1.0,21.94,78.984,149.0,61.110506,-1359.189286,0.0,0.0,0.0,21.94,0.0,0.0,1359.12882,-34.035496,6.24359,1.0,0.0,0.0,0.0,0.0,1408.221246,-35.125225,1021.0,5006.0,0.0,149.0,-1.01558,36.281943,130.614993,36.281901,-0.055018,7.7e-05,-0.307834,0.459405,0.000165,-0.151505,0.10975,0.0,0.0,0.0,0.0,0.0,-9999.0,-9999.0,-9999.0,-9999.0,-9999.0,-9999.0,-9999.0,-9999.0,-9999.0,-9999.0,-9999.0,-9999.0,-9999.0,-9999.0,149.0,lane7,spur3,stable_reference,3.6655666604266113,-2.668263998018657,0.0894451427542412,-3.6606882264310943,0.0894451427542412,8.166666699999995,293.62937517576165,0.33299690207625177,244.52968727530504,1.0217987144174911,1.0217806266778553,-0.6898575525736597,-0.0933724214927878,0.9323570312652798,0.08944168315221135
P23_AV1_1_interaction,P23,AV1,1,on_ramp,P23_AV1_1,P23_AV1.1.asc,AV1,60,initiator_active,3553,1,59216.67,59216.6668,1.0,21.94,78.984,149.0,61.475936,-1359.554914,0.0,0.0,0.0,21.94,0.0,0.0,1359.494199,-34.049998,6.243492,1.0,0.0,0.0,0.0,0.0,1408.825839,-35.13591,1021.0,5006.0,0.0,149.0,-1.025268,36.276839,130.596619,36.276778,-0.066258,7.8e-05,-0.303886,0.510157,5.9e-05,-0.161396,0.112,0.0,0.0,0.0,0.0,0.0,-9999.0,-9999.0,-9999.0,-9999.0,-9999.0,-9999.0,-9999.0,-9999.0,-9999.0,-9999.0,-9999.0,-9999.0,-9999.0,-9999.0,149.0,lane7,spur3,stable_reference,3.661202017224721,-2.674332018771723,0.0747132582554882,-3.675426889666656,0.0747132582554882,8.183332799999997,294.2340352711762,0.3272493906733856,244.89517251654178,1.0102808985149685,1.0102697444869597,-0.6914713508902608,-0.09356307670062236,0.9355705300546322,0.0747103684603363
P23_AV1_1_interaction,P23,AV1,1,on_ramp,P23_AV1_1,P23_AV1.1.asc,AV1,60,initiator_active,3554,1,59233.33,59233.3334,1.0,21.94,78.984,149.0,61.841362,-1359.920541,0.0,0.0,0.0,21.94,0.0,0.0,1359.859577,-34.064529,6.243419,1.0,0.0,0.0,0.0,0.0,1409.430349,-35.146477,1021.0,5006.0,0.0,149.0,-1.034797,36.271808,130.578508,36.271724,-0.077953,7.8e-05,-0.298651,0.556245,-6e-05,-0.168618,0.112,0.0,0.0,0.0,0.0,0.0,-9999.0,-9999.0,-9999.0,-9999.0,-9999.0,-9999.0,-9999.0,-9999.0,-9999.0,-9999.0,-9999.0,-9999.0,-9999.0,-9999.0,149.0,lane7,spur3,stable_reference,3.6568083574449015,-2.680429054877239,0.0599523743916583,-3.690194552248408,0.0599523743916583,8.199999400000001,294.838611405765,0.321619197554535,245.26065699462703,0.9987340754133419,0.998732018785083,-0.6929762592722355,-0.08371474792886247,0.9387840198883068,0.05995005552503507
P23_AV1_1_interaction,P23,AV1,1,on_ramp,P23_AV1_1,P23_AV1.1.asc,AV1,60,initiator_active,3555,1,59250.0,59250.0006,1.0,21.94,78.984,149.0,62.206782,-1360.286169,0.0,0.0,0.0,21.94,0.0,0.0,1360.224954,-34.079081,6.24337,1.0,0.0,0.0,0.0,0.0,1410.034778,-35.156912,1021.0,5006.0,0.0,149.0,-1.044154,36.266864,130.560709,36.266752,-0.090179,7.5e-05,-0.293149,0.600164,-0.000166,-0.17427,0.11175,0.0,0.0,0.0,0.0,0.0,-9999.0,-9999.0,-9999.0,-9999.0,-9999.0,-9999.0,-9999.0,-9999.0,-9999.0,-9999.0,-9999.0,-9999.0,-9999.0,-9999.0,149.0,lane7,spur3,stable_reference,3.652393678010839,-2.686547108464817,0.0451647017587202,-3.704983204792663,0.0451647017587202,8.216666599999996,295.44310546513697,0.31612033858497524,245.6261406442326,0.987166244845866,0.9871702116036782,-0.6942618736584905,-0.06371534039513449,0.942003304706956,0.04516294013890998
P23_AV1_1_interaction,P23,AV1,1,on_ramp,P23_AV1_1,P23_AV1.1.asc,AV1,60,initiator_active,3556,1,59266.67,59266.6668,1.0,21.94,78.984,149.0,62.572198,-1360.651795,0.0,0.0,0.0,21.94,0.0,0.0,1360.59033,-34.093644,6.24334,1.0,0.0,0.0,0.0,0.0,1410.639127,-35.167202,1021.0,5006.0,0.0,149.0,-1.053325,36.261981,130.543132,36.261835,-0.102974,7.2e-05,-0.290479,0.639259,-0.000255,-0.177096,0.112,0.002198,0.0,0.0,0.0,0.0,-9999.0,-9999.0,-9999.0,-9999.0,-9999.0,-9999.0,-9999.0,-9999.0,-9999.0,-9999.0,-9999.0,-9999.0,-9999.0,-9999.0,149.0,lane7,spur3,stable_reference,3.6479679750771776,-2.69267618219645,0.0303583103509023,-3.719782844175669,0.0303583103509023,8.233332799999996,296.04751834310014,0.3107658214972964,245.9916233836979,0.9755874064791222,0.9755899111969257,-0.695100135037066,-0.036159555716526626,0.9452302802343655,0.030357126244756727
P23_AV1_1_interaction,P23,AV1,1,on_ramp,P23_AV1_1,P23_AV1.1.asc,AV1,60,initiator_active,3557,1,59283.33,59283.3341,1.0,21.94,78.984,149.0,62.93761,-1361.017422,0.0,0.0,0.0,21.94,0.0,0.0,1360.955706,-34.108215,6.243323,1.0,0.0,0.0,0.0,0.0,1411.243397,-35.177336,1021.0,5006.0,0.0,149.0,-1.062297,36.256894,130.524819,36.256708,-0.116362,6.8e-05,-0.306619,0.674428,-0.000278,-0.177567,0.112,0.0,0.0,0.0,0.0,0.0,-9999.0,-9999.0,-9999.0,-9999.0,-9999.0,-9999.0,-9999.0,-9999.0,-9999.0,-9999.0,-9999.0,-9999.0,-9999.0,-9999.0,149.0,lane7,spur3,stable_reference,3.6435342752198,-2.6988132537984995,0.0155439189448538,-3.734590483557008,0.0155439189448538,8.250000099999998,296.6518509497947,0.3055666540907873,246.35710618849154,0.9640005683791119,0.9640000906745586,-0.6954671671053632,-0.010818192950889483,0.948457255714704,0.015543312664407893
P23_AV1_1_interaction,P23,AV1,1,on_ramp,P23_AV1_1,P23_AV1.1.asc,AV1,60,initiator_active,3558,1,59300.0,59300.0002,1.0,21.94,78.984,149.0,63.303018,-1361.383049,0.0,0.0,0.0,21.94,0.0,0.0,1361.321083,-34.12279,6.243315,1.0,0.0,0.0,0.0,0.0,1411.847586,-35.187302,1021.0,5006.0,0.0,149.0,-1.07106,36.25204,130.507344,36.251806,-0.130299,6.2e-05,-0.281283,0.709062,-0.00031,-0.176154,0.112,0.0,0.0,0.0,0.0,0.0,-9999.0,-9999.0,-9999.0,-9999.0,-9999.0,-9999.0,-9999.0,-9999.0,-9999.0,-9999.0,-9999.0,-9999.0,-9999.0,-9999.0,149.0,lane7,spur3,stable_reference,3.6390966046300814,-2.704954301263477,0.0007255268735491,-3.749402123585172,0.0007255268735491,8.2666662,297.25610118729503,0.30053481963322765,246.7225900259161,0.9524097385785191,0.9524076261793872,-0.6954607690759538,0.010189733872085327,0.9516842400036745,0.0007254985748446074
P23_AV1_1_interaction,P23,AV1,1,on_ramp,P23_AV1_1,P23_AV1.1.asc,AV1,60,initiator_active,3559,1,59316.67,59316.6673,1.0,21.94,78.984,149.0,63.668423,-1361.748675,0.0,0.0,0.0,21.94,0.0,0.0,1361.686459,-34.137367,6.24331,1.0,0.0,0.0,0.0,0.0,1412.451697,-35.197089,1021.0,5006.0,0.0,149.0,-1.079601,36.247409,130.490673,36.24712,-0.144718,5.7e-05,-0.271004,0.740146,-0.000334,-0.173642,0.112,0.0,0.0,0.0,0.0,0.0,-9999.0,-9999.0,-9999.0,-9999.0,-9999.0,-9999.0,-9999.0,-9999.0,-9999.0,-9999.0,-9999.0,-9999.0,-9999.0,-9999.0,149.0,lane7,spur3,stable_reference,3.6346569070799366,-2.711097371268312,-0.0140948645311652,-3.764215762965242,-0.0140948645311652,8.283333299999999,297.86027196567414,0.2956813422559944,247.088072879706,0.9408169006785726,0.9408181579883019,-0.6951274910559917,0.0259644286261711,0.9549112154487158,-0.014094314770143224
P23_AV1_1_interaction,P23,AV1,1,on_ramp,P23_AV1_1,P23_AV1.1.asc,AV1,60,initiator_active,3560,1,59333.33,59333.3342,1.0,21.94,78.984,149.0,64.033823,-1362.114302,0.0,0.0,0.0,21.94,0.0,0.0,1362.051835,-34.15194,6.243332,1.0,0.0,0.0,0.0,0.0,1413.055734,-35.206687,1021.0,5006.0,0.0,149.0,-1.087909,36.242942,130.47459,36.24259,-0.159539,5.2e-05,-0.260722,0.770364,-0.000262,-0.170345,0.11175,0.0,0.0,0.0,0.0,0.0,-9999.0,-9999.0,-9999.0,-9999.0,-9999.0,-9999.0,-9999.0,-9999.0,-9999.0,-9999.0,-9999.0,-9999.0,-9999.0,-9999.0,149.0,lane7,spur3,stable_reference,3.630221207991626,-2.717236442337953,-0.0289112559367713,-3.779025402346164,-0.0289112559367713,8.300000199999994,298.4643672031387,0.29101625428981864,247.4535557008317,0.9292280626452457,0.9292362463035226,-0.6945952731994218,0.035967592365583556,0.9581381909172875,-0.028910128272041757
P23_AV1_1_interaction,P23,AV1,1,on_ramp,P23_AV1_1,P23_AV1.1.asc,AV1,60,initiator_active,3561,1,59350.0,59350.0009,1.0,21.94,78.984,149.0,64.399221,-1362.479928,0.0,0.0,0.0,21.94,0.0,0.0,1362.417212,-34.166497,6.243379,1.0,0.0,0.0,0.0,0.0,1413.6597,-35.216084,1021.0,5006.0,0.0,149.0,-1.095973,36.238624,130.459047,36.238203,-0.174632,4.9e-05,-0.252029,0.802198,-9.7e-05,-0.167519,0.112,0.002198,0.0,0.0,0.0,0.0,-9999.0,-9999.0,-9999.0,-9999.0,-9999.0,-9999.0,-9999.0,-9999.0,-9999.0,-9999.0,-9999.0,-9999.0,-9999.0,-9999.0,149.0,lane7,spur3,stable_reference,3.625801530480257,-2.7233594945945288,-0.0437116480120644,-3.7938190423780975,-0.0437116480120644,8.316666899999996,299.0683898015958,0.2865515798327251,247.81903939126752,0.9176552322444886,0.9176647968657048,-0.6939285633330918,0.04183503561423052,0.9613651753121597,-0.043709943067671064
P23_AV1_1_interaction,P23,AV1,1,on_ramp,P23_AV1_1,P23_AV1.1.asc,AV1,60,initiator_active,3562,1,59366.67,59366.6672,1.0,21.94,78.984,149.0,64.764615,-1362.845555,0.0,0.0,0.0,21.94,0.0,0.0,1362.782589,-34.181036,6.243423,1.0,0.0,0.0,0.0,0.0,1414.263596,-35.225272,1021.0,5006.0,0.0,149.0,-1.103783,36.234151,130.442945,36.233654,-0.189846,5.1e-05,-0.268046,0.835923,0.000156,-0.165478,0.1125,0.002198,0.0,0.0,0.0,0.0,-9999.0,-9999.0,-9999.0,-9999.0,-9999.0,-9999.0,-9999.0,-9999.0,-9999.0,-9999.0,-9999.0,-9999.0,-9999.0,-9999.0,149.0,lane7,spur3,stable_reference,3.6213998460472094,-2.7294645516427165,-0.0584944850614583,-3.8085951292304574,-0.0584944850614583,8.3333332,299.6723406956841,0.28229532678402,248.18452293471432,0.9061004012435587,0.9061055252163284,-0.6932007874232937,0.03742324034657685,0.964592585646443,-0.058492184402884284
P23_AV1_1_interaction,P23,AV1,1,on_ramp,P23_AV1_1,P23_AV1.1.asc,AV1,60,initiator_active,3563,1,59383.33,59383.3334,1.0,21.94,78.984,149.0,65.130007,-1363.211183,0.0,0.0,0.0,21.94,0.0,0.0,1363.147967,-34.195563,6.243456,1.0,0.0,0.0,0.0,0.0,1414.867421,-35.234239,1021.0,5006.0,0.0,149.0,-1.111327,36.229622,130.426639,36.229042,-0.205047,5.6e-05,-0.266024,0.871063,0.000399,-0.164065,0.113,0.002198,0.0,0.0,0.0,0.0,-9999.0,-9999.0,-9999.0,-9999.0,-9999.0,-9999.0,-9999.0,-9999.0,-9999.0,-9999.0,-9999.0,-9999.0,-9999.0,-9999.0,149.0,lane7,spur3,stable_reference,3.617010184729245,-2.735557588813028,-0.0732783709131022,-3.823372259651189,-0.0732783709131022,8.3499994,300.2762187874441,0.2782594865775284,248.5500073801356,0.8945575780085604,0.8945586815447615,-0.6926811519253881,0.004130087452665521,0.9678330667950452,-0.07327548878648482
P23_AV1_1_interaction,P23,AV1,1,on_ramp,P23_AV1_1,P23_AV1.1.asc,AV1,60,initiator_active,3564,1,59400.0,59400.0006,1.0,21.94,78.984,149.0,65.495396,-1363.57681,0.0,0.0,0.0,21.94,0.0,0.0,1363.513345,-34.21008,6.243478,1.0,0.0,0.0,0.0,0.0,1415.471175,-35.242975,1021.0,5006.0,0.0,149.0,-1.118594,36.225117,130.410423,36.224449,-0.220123,6.4e-05,-0.264585,0.907587,0.000551,-0.163437,0.113,0.0,0.0,0.0,0.0,0.0,-9999.0,-9999.0,-9999.0,-9999.0,-9999.0,-9999.0,-9999.0,-9999.0,-9999.0,-9999.0,-9999.0,-9999.0,-9999.0,-9999.0,149.0,lane7,spur3,stable_reference,3.6126305195659065,-2.7416406286453503,-0.0880522567672165,-3.838139390074255,-0.0880522567672165,8.366666599999997,300.88002399521565,0.27445405887984387,248.91549174389624,0.8830247544401365,0.8830161076044852,-0.6930631716656528,-0.03294196761996915,0.9710735480060064,-0.08804879356586992
P23_AV1_1_interaction,P23,AV1,1,on_ramp,P23_AV1_1,P23_AV1.1.asc,AV1,60,initiator_active,3565,1,59416.67,59416.6668,1.0,21.94,78.984,149.0,65.860781,-1363.942437,0.0,0.0,0.0,21.94,0.0,0.0,1363.878724,-34.224592,6.243492,1.0,0.0,0.0,0.0,0.0,1416.074858,-35.251468,1021.0,5006.0,0.0,149.0,-1.125573,36.220863,130.395105,36.2201,-0.234978,7.3e-05,-0.244313,0.945034,0.000576,-0.163437,0.113,0.002198,0.0,0.0,0.0,0.0,-9999.0,-9999.0,-9999.0,-9999.0,-9999.0,-9999.0,-9999.0,-9999.0,-9999.0,-9999.0,-9999.0,-9999.0,-9999.0,-9999.0,149.0,lane7,spur3,stable_reference,3.608255880209381,-2.747718646736416,-0.1028211433256486,-3.852901521183094,-0.1028211433256486,8.383332799999996,301.48375622100616,0.2708910432908441,249.2809770667932,0.8714969388710354,0.8714565306801247,-0.6937791996664195,0.002171069493044797,0.9743140381172339,-0.10281709924619853
P23_AV1_1_interaction,P23,AV1,1,on_ramp,P23_AV1_1,P23_AV1.1.asc,AV1,60,initiator_active,3566,1,59433.33,59433.334,1.0,21.94,78.984,149.0,66.226163,-1364.308065,0.0,0.0,0.0,21.94,0.0,0.0,1364.244103,-34.239101,6.2435,1.0,0.0,0.0,0.0,0.0,1416.678472,-35.259708,1021.0,5006.0,0.0,149.0,-1.132252,36.216453,130.379232,36.215594,-0.249549,8.3e-05,-0.262767,0.981606,0.000576,-0.163437,0.11325,0.0,0.0,0.0,0.0,0.0,-9999.0,-9999.0,-9999.0,-9999.0,-9999.0,-9999.0,-9999.0,-9999.0,-9999.0,-9999.0,-9999.0,-9999.0,-9999.0,-9999.0,149.0,lane7,spur3,stable_reference,3.603884239699257,-2.7537936656260755,-0.1175870298848104,-3.867660652292627,-0.1175870298848104,8.4,302.0874173830885,0.26758045580919176,249.64646236519226,0.8599721232019149,0.8598900876599839,-0.6929907122671999,0.1350732413118756,0.9775545282471654,-0.11758240504525053
P23_AV1_1_interaction,P23,AV1,1,on_ramp,P23_AV1_1,P23_AV1.1.asc,AV1,60,initiator_active,3567,1,59450.0,59450.0,1.0,21.94,78.984,149.0,66.591542,-1364.673693,0.0,0.0,0.0,21.94,0.0,0.0,1364.609482,-34.253607,6.243504,1.0,0.0,0.0,0.0,0.0,1417.282018,-35.267684,1021.0,5006.0,0.0,149.0,-1.13862,36.212191,130.363889,36.211231,-0.263791,9.2e-05,-0.24376,1.017214,0.000519,-0.16328,0.113,0.0,0.0,0.0,0.0,0.0,-9999.0,-9999.0,-9999.0,-9999.0,-9999.0,-9999.0,-9999.0,-9999.0,-9999.0,-9999.0,-9999.0,-9999.0,-9999.0,-9999.0,149.0,lane7,spur3,stable_reference,3.5995155980355267,-2.759865685314344,-0.1323499164447304,-3.882416783402867,-0.1323499164447304,8.416665999999998,302.69100839160285,0.26453330423416,250.0119476390932,0.8484503074327585,0.8483569303332739,-0.6892769869287676,0.3248192245580377,0.9807950183958143,-0.13234471096305578
P23_AV1_1_interaction,P23,AV1,1,on_ramp,P23_AV1_1,P23_AV1.1.asc,AV1,60,initiator_active,3568,1,59466.67,59466.6682,1.0,21.94,78.984,149.0,66.956918,-1365.039321,0.0,0.0,0.0,21.94,0.0,0.0,1364.97486,-34.268113,6.243506,1.0,0.0,0.0,0.0,0.0,1417.885496,-35.275385,1021.0,5006.0,0.0,149.0,-1.144665,36.208014,130.348852,36.20695,-0.277679,9.9e-05,-0.242586,1.050142,0.000404,-0.162338,0.113,0.0,0.0,0.0,0.0,0.0,-9999.0,-9999.0,-9999.0,-9999.0,-9999.0,-9999.0,-9999.0,-9999.0,-9999.0,-9999.0,-9999.0,-9999.0,-9999.0,-9999.0,149.0,lane7,spur3,stable_reference,3.595146928642284,-2.7659377280748587,-0.1471128023015539,-3.897172913828514,-0.1471128023015539,8.433334199999997,303.29452915672266,0.2617605881989794,250.37743191302735,0.8369284834975658,0.8369136027796876,-0.6821626745004394,0.5200074247961091,0.9840354996753577,-0.14710701617779198
P23_AV1_1_interaction,P23,AV1,1,on_ramp,P23_AV1_1,P23_AV1.1.asc,AV1,60,initiator_active,3569,1,59483.33,59483.3341,1.0,21.94,78.984,149.0,67.32229,-1365.404948,0.0,0.0,0.0,21.94,0.0,0.0,1365.340242,-34.282539,6.24394,1.0,0.0,0.0,0.0,0.0,1418.488908,-35.2828,1021.0,5006.0,0.0,149.0,-1.150376,36.203833,130.3338,36.202662,-0.291196,0.000105,-0.242418,1.079741,0.000286,-0.160297,0.113,0.0,0.0,0.0,0.0,0.0,-9999.0,-9999.0,-9999.0,-9999.0,-9999.0,-9999.0,-9999.0,-9999.0,-9999.0,-9999.0,-9999.0,-9999.0,-9999.0,-9999.0,149.0,lane7,spur3,stable_reference,3.590858339404128,-2.771929699842343,-0.1617956909904783,-3.9118490470112666,-0.1617956909904783,8.450000099999997,303.8979815885548,0.2592733236689597,250.7429195335447,0.8254866895591265,0.8256176314070374,-0.6719434360648506,0.6813721157992347,0.9872760169301404,-0.16178932737101392
P23_AV1_1_interaction,P23,AV1,1,on_ramp,P23_AV1_1,P23_AV1.1.asc,AV1,60,initiator_active,3570,1,59500.0,59500.0007,1.0,21.94,78.984,149.0,67.687662,-1365.770577,0.0,0.0,0.0,21.94,0.0,0.0,1365.705637,-34.296649,6.244806,1.0,0.0,0.0,0.0,0.0,1419.092254,-35.289921,1021.0,5006.0,0.0,149.0,-1.155744,36.199641,130.318706,36.198362,-0.304313,0.000109,-0.242655,1.108337,0.000175,-0.158256,0.113,0.0,0.0,0.0,0.0,0.0,-9999.0,-9999.0,-9999.0,-9999.0,-9999.0,-9999.0,-9999.0,-9999.0,-9999.0,-9999.0,-9999.0,-9999.0,-9999.0,-9999.0,149.0,lane7,spur3,stable_reference,3.5868859891359715,-2.777605455789665,-0.1761539725286711,-3.926209174434773,-0.1761539725286711,8.466666699999994,304.50136562177084,0.2570795103773676,251.10841757315916,0.8143609912429546,0.8145160563816646,-0.6594507429831147,0.7761019264955102,0.9905080931730945,-0.17614710193013994
P23_AV1_1_interaction,P23,AV1,1,on_ramp,P23_AV1_1,P23_AV1.1.asc,AV1,60,initiator_active,3571,1,59516.67,59516.6672,1.0,21.94,78.984,149.0,68.053043,-1366.136211,0.0,0.0,0.0,21.94,0.0,0.0,1366.071043,-34.310452,6.24562,1.0,0.0,0.0,0.0,0.0,1419.695533,-35.296738,1021.0,5006.0,0.0,149.0,-1.160759,36.195435,130.303567,36.194047,-0.316973,0.000111,-0.242594,1.136184,6.7e-05,-0.156372,0.113,0.0,0.0,0.0,0.0,0.0,-9999.0,-9999.0,-9999.0,-9999.0,-9999.0,-9999.0,-9999.0,-9999.0,-9999.0,-9999.0,-9999.0,-9999.0,-9999.0,-9999.0,149.0,lane7,spur3,stable_reference,3.5832208258396347,-2.7829740396655365,-0.1902003435597812,-3.9402623010542266,-0.1902003435597812,8.4833332,305.10468017474415,0.25518913982473274,251.47392410543154,0.8035423725170552,0.8036360925168242,-0.6460735582462327,0.7728959986223636,0.9937352976225011,-0.19019292510544594
P23_AV1_1_interaction,P23,AV1,1,on_ramp,P23_AV1_1,P23_AV1.1.asc,AV1,60,initiator_active,3572,1,59533.33,59533.3342,1.0,21.94,78.984,149.0,68.418433,-1366.501848,0.0,0.0,0.0,21.94,0.0,0.0,1366.436458,-34.324014,6.246228,1.0,0.0,0.0,0.0,0.0,1420.298746,-35.303243,1021.0,5006.0,0.0,149.0,-1.165412,36.191226,130.288414,36.189729,-0.329132,0.000111,-0.241996,1.161802,-3.3e-05,-0.154017,0.11175,0.0,0.0,0.0,0.0,0.0,-9999.0,-9999.0,-9999.0,-9999.0,-9999.0,-9999.0,-9999.0,-9999.0,-9999.0,-9999.0,-9999.0,-9999.0,-9999.0,-9999.0,149.0,lane7,spur3,stable_reference,3.5797968194355176,-2.788101480045276,-0.2040057206386811,-3.954074433890882,-0.2040057206386811,8.500000199999995,305.7079261821124,0.2536102199103457,251.83943766938762,0.7929648192499508,0.7929801701587654,-0.6336874439565925,0.6381635066479348,0.9969625829780688,-0.20399776372811806
P23_AV1_1_interaction,P23,AV1,1,on_ramp,P23_AV1_1,P23_AV1.1.asc,AV1,60,initiator_active,3573,1,59550.0,59550.0002,1.0,21.94,78.984,149.0,68.783829,-1366.867488,0.0,0.0,0.0,21.94,0.0,0.0,1366.801879,-34.337409,6.246636,1.0,0.0,0.0,0.0,0.0,1420.901893,-35.309427,1021.0,5006.0,0.0,149.0,-1.169693,36.187019,130.273269,36.185415,-0.340742,0.00011,-0.241179,1.18882,-0.000108,-0.152918,0.10875,0.0,0.0,0.0,0.0,0.0,-9999.0,-9999.0,-9999.0,-9999.0,-9999.0,-9999.0,-9999.0,-9999.0,-9999.0,-9999.0,-9999.0,-9999.0,-9999.0,-9999.0,149.0,lane7,spur3,stable_reference,3.576539915190805,-2.7930618264468645,-0.2176441017508517,-3.9677195708738218,-0.2176441017508517,8.5166662,306.31110357038165,0.2523517503341386,252.20495586941468,0.7825543094108746,0.7825133776375379,-0.6248014441084635,0.41646396160447097,1.000189922308342,-0.21763561289746736
P23_AV1_1_interaction,P23,AV1,1,on_ramp,P23_AV1_1,P23_AV1.1.asc,AV1,60,initiator_active,3574,1,59566.67,59566.6667,1.0,21.94,78.984,149.0,69.149227,-1367.233131,0.0,0.0,0.0,21.94,0.0,0.0,1367.167304,-34.350699,6.246887,1.0,0.0,0.0,0.0,0.0,1421.504973,-35.315282,1021.0,5006.0,0.0,149.0,-1.173595,36.182812,130.258124,36.181102,-0.351741,0.000107,-0.240765,1.215784,-0.000159,-0.152447,0.10525,0.0,0.0,0.0,0.0,0.0,-9999.0,-9999.0,-9999.0,-9999.0,-9999.0,-9999.0,-9999.0,-9999.0,-9999.0,-9999.0,-9999.0,-9999.0,-9999.0,-9999.0,149.0,lane7,spur3,stable_reference,3.5733880814877703,-2.797917108510415,-0.2311774855504636,-3.981259710619459,-0.2311774855504636,8.533332699999999,306.9142112742569,0.2514217226633132,252.57047721187365,0.7722488287349907,0.7721539792542946,-0.6198057756755162,0.2756050040681899,1.0034172975844966,-0.23116846884950593
P23_AV1_1_interaction,P23,AV1,1,on_ramp,P23_AV1_1,P23_AV1.1.asc,AV1,60,initiator_active,3575,1,59583.33,59583.3341,1.0,21.94,78.984,149.0,69.514626,-1367.598774,0.0,0.0,0.0,21.94,0.0,0.0,1367.532731,-34.363929,6.247029,1.0,0.0,0.0,0.0,0.0,1422.107986,-35.3208,1021.0,5006.0,0.0,149.0,-1.177109,36.178599,130.242955,36.176786,-0.362101,0.000104,-0.240642,1.242265,-0.000183,-0.152918,0.104,0.0,0.0,0.0,0.0,0.0,-9999.0,-9999.0,-9999.0,-9999.0,-9999.0,-9999.0,-9999.0,-9999.0,-9999.0,-9999.0,-9999.0,-9999.0,-9999.0,-9999.0,149.0,lane7,spur3,stable_reference,3.5702962801715485,-2.802712360401448,-0.2446508706954483,-3.994739851748207,-0.2446508706954483,8.550000099999998,307.51724922840947,0.2508281366311418,252.93600006430336,0.7620033623906292,0.7618528370676517,-0.6156144979131071,0.3289128249862969,1.006644690877696,-0.24464132848706688
P23_AV1_1_interaction,P23,AV1,1,on_ramp,P23_AV1_1,P23_AV1.1.asc,AV1,60,initiator_active,3576,1,59600.0,59600.0,1.0,21.94,78.984,149.0,69.880024,-1367.964419,0.0,0.0,0.0,21.94,0.0,0.0,1367.89816,-34.377126,6.247103,1.0,0.0,0.0,0.0,0.0,1422.710932,-35.325974,1021.0,5006.0,0.0,149.0,-1.180226,36.174378,130.227761,36.172467,-0.371811,0.000101,-0.240374,1.267399,-0.000188,-0.153546,0.104,0.0,0.0,0.0,0.0,0.0,-9999.0,-9999.0,-9999.0,-9999.0,-9999.0,-9999.0,-9999.0,-9999.0,-9999.0,-9999.0,-9999.0,-9999.0,-9999.0,-9999.0,149.0,lane7,spur3,stable_reference,3.5672375216246364,-2.807474574932564,-0.258091257179839,-4.008186994253739,-0.258091257179839,8.566665999999998,308.1202173756773,0.25057799200420944,253.30152464718697,0.7517909112780466,0.7516335092308176,-0.6088422581376172,0.5283930379185264,1.00987210202914,-0.25808119075109326
P23_AV1_1_interaction,P23,AV1,1,on_ramp,P23_AV1_1,P23_AV1.1.asc,AV1,60,initiator_active,3577,1,59616.67,59616.6679,1.0,21.94,78.984,149.0,70.24542,-1368.330063,0.0,0.0,0.0,21.94,0.0,0.0,1368.263589,-34.390307,6.247137,1.0,0.0,0.0,0.0,0.0,1423.31381,-35.330797,1021.0,5006.0,0.0,149.0,-1.18294,36.170149,130.212538,36.168144,-0.380874,9.8e-05,-0.240472,1.291748,-0.00018,-0.154017,0.103,0.0,0.0,0.0,0.0,0.0,-9999.0,-9999.0,-9999.0,-9999.0,-9999.0,-9999.0,-9999.0,-9999.0,-9999.0,-9999.0,-9999.0,-9999.0,-9999.0,-9999.0,149.0,lane7,spur3,stable_reference,3.564194756925119,-2.812220793722889,-0.271517267597325,-4.021616504857967,-0.271517267597325,8.583333899999998,308.72311465893165,0.2506782803830935,253.6670490994139,0.7415944596319763,0.7415578283868621,-0.5980006618766112,0.7726606135892418,1.0131010928192183,-0.271506633187242
P23_AV1_1_interaction,P23,AV1,1,on_ramp,P23_AV1_1,P23_AV1.1.asc,AV1,60,initiator_active,3578,1,59633.33,59633.3342,1.0,21.94,78.984,149.0,70.610813,-1368.695708,0.0,0.0,0.0,21.94,0.0,0.0,1368.629022,-34.403367,6.247777,1.0,0.0,0.0,0.0,0.0,1423.916621,-35.335261,1021.0,5006.0,0.0,149.0,-1.185242,36.165909,130.197273,36.163814,-0.389298,9.5e-05,-0.240588,1.314205,-0.000167,-0.154331,0.103,0.0,0.0,0.0,0.0,0.0,-9999.0,-9999.0,-9999.0,-9999.0,-9999.0,-9999.0,-9999.0,-9999.0,-9999.0,-9999.0,-9999.0,-9999.0,-9999.0,-9999.0,149.0,lane7,spur3,stable_reference,3.5612730566147035,-2.816845952434368,-0.284827403617795,-4.034919871524483,-0.284827403617795,8.600000199999995,309.32594201281034,0.251137009667072,254.03257656341648,0.7315190366156146,0.7316996147832302,-0.5830866257748504,0.9878498556275055,1.0163352845104627,-0.28481624789484816
P23_AV1_1_interaction,P23,AV1,1,on_ramp,P23_AV1_1,P23_AV1.1.asc,AV1,60,initiator_active,3579,1,59650.0,59650.0,1.0,21.94,78.984,149.0,70.976208,-1369.061354,0.0,0.0,0.0,21.94,0.0,0.0,1368.994472,-34.415968,6.249033,1.0,0.0,0.0,0.0,0.0,1424.519364,-35.33936,1021.0,5006.0,0.0,149.0,-1.187125,36.161659,130.181972,36.159478,-0.397108,9.3e-05,-0.24062,1.334446,-0.000152,-0.154017,0.10325,0.0,0.0,0.0,0.0,0.0,-9999.0,-9999.0,-9999.0,-9999.0,-9999.0,-9999.0,-9999.0,-9999.0,-9999.0,-9999.0,-9999.0,-9999.0,-9999.0,-9999.0,149.0,lane7,spur3,stable_reference,3.5588106512035638,-2.8210118411032385,-0.2976785513822999,-4.04776424961437,-0.2976785513822999,8.616665999999997,309.92869838835065,0.251960171490068,254.39811727863844,0.721902737117694,0.7221223182487957,-0.5650736446904574,1.118794761904418,1.0195696294411953,-0.2976668923235013
P23_AV1_1_interaction,P23,AV1,1,on_ramp,P23_AV1_1,P23_AV1.1.asc,AV1,60,initiator_active,3580,1,59666.67,59666.6669,1.0,21.94,78.984,149.0,71.341615,-1369.427005,0.0,0.0,0.0,21.94,0.0,0.0,1369.359936,-34.428124,6.25021,1.0,0.0,0.0,0.0,0.0,1425.122038,-35.343087,1021.0,5006.0,0.0,149.0,-1.188583,36.1574,130.166641,36.15514,-0.404323,9e-05,-0.24062,1.353206,-0.000136,-0.153546,0.1035,0.0,0.0,0.0,0.0,0.0,-9999.0,-9999.0,-9999.0,-9999.0,-9999.0,-9999.0,-9999.0,-9999.0,-9999.0,-9999.0,-9999.0,-9999.0,-9999.0,-9999.0,149.0,lane7,spur3,stable_reference,3.5567934628866933,-2.8247325252194906,-0.3100847088340568,-4.060163637126606,-0.3100847088340568,8.633332899999994,310.5313827284238,0.25315475745262944,254.7636683595045,0.7127315371068779,0.7128642056144199,-0.545794092100639,1.1175471336133818,1.0228041009750433,-0.3100725638681654
P23_AV1_1_interaction,P23,AV1,1,on_ramp,P23_AV1_1,P23_AV1.1.asc,AV1,60,initiator_active,3581,1,59683.33,59683.3341,1.0,21.94,78.984,149.0,71.707035,-1369.79266,0.0,0.0,0.0,21.94,0.0,0.0,1369.725412,-34.439933,6.251088,1.0,0.0,0.0,0.0,0.0,1425.724644,-35.346438,1021.0,5006.0,0.0,149.0,-1.189609,36.153134,130.151283,36.150798,-0.410967,8.8e-05,-0.240584,1.368973,-0.00012,-0.152604,0.10325,0.0,0.0,0.0,0.0,0.0,-9999.0,-9999.0,-9999.0,-9999.0,-9999.0,-9999.0,-9999.0,-9999.0,-9999.0,-9999.0,-9999.0,-9999.0,-9999.0,-9999.0,149.0,lane7,spur3,stable_reference,3.555123473889655,-2.8281060248400456,-0.3221438745811283,-4.072216032707512,-0.3221438745811283,8.650000099999998,311.13399600033205,0.25472477558742507,255.12922860635356,0.7039074235186549,0.7039287692142894,-0.5278212403099829,0.9428507865661206,1.0260386808172879,-0.322131257298633
P23_AV1_1_interaction,P23,AV1,1,on_ramp,P23_AV1_1,P23_AV1.1.asc,AV1,60,initiator_active,3582,1,59700.0,59700.0001,1.0,21.94,78.984,149.0,72.072463,-1370.158317,0.0,0.0,0.0,21.94,0.0,0.0,1370.090896,-34.4515,6.251676,1.0,0.0,0.0,0.0,0.0,1426.327181,-35.349408,1021.0,5006.0,0.0,149.0,-1.190199,36.148852,130.135868,36.146446,-0.417067,8.6e-05,-0.241702,1.382557,-0.000102,-0.151505,0.10325,0.002198,0.0,0.0,0.0,0.0,-9999.0,-9999.0,-9999.0,-9999.0,-9999.0,-9999.0,-9999.0,-9999.0,-9999.0,-9999.0,-9999.0,-9999.0,-9999.0,-9999.0,149.0,lane7,spur3,stable_reference,3.5536956136707976,-2.8312374043029225,-0.3339610458608854,-4.0840264336698855,-0.3339610458608854,8.666666099999995,311.7365371632789,0.25667521756171024,255.49479487675347,0.6953253671898519,0.6952702147569427,-0.5143655331076218,0.6413269745610908,1.0292733329297403,-0.3339479657398884
P23_AV1_1_interaction,P23,AV1,1,on_ramp,P23_AV1_1,P23_AV1.1.asc,AV1,60,initiator_active,3583,1,59716.67,59716.6668,1.0,21.94,78.984,149.0,72.437895,-1370.523976,0.0,0.0,0.0,21.94,0.0,0.0,1370.456384,-34.462917,6.252037,1.0,0.0,0.0,0.0,0.0,1426.929648,-35.351992,1021.0,5006.0,0.0,149.0,-1.190348,36.144273,130.119383,36.141802,-0.422643,8.6e-05,-0.265287,1.393363,-5.6e-05,-0.149778,0.10325,0.0,0.0,0.0,0.0,0.0,-9999.0,-9999.0,-9999.0,-9999.0,-9999.0,-9999.0,-9999.0,-9999.0,-9999.0,-9999.0,-9999.0,-9999.0,-9999.0,-9999.0,149.0,lane7,spur3,stable_reference,3.5524178066894656,-2.8342187314067493,-0.3456282199137829,-4.09568683732942,-0.3456282199137829,8.683332799999997,312.3390051764669,0.2590110750427111,255.86036392211383,0.6868933385238247,0.6867835844449474,-0.5064443131367682,0.4060624069850256,1.0325080213529907,-0.34561468282916596
P23_AV1_1_interaction,P23,AV1,1,on_ramp,P23_AV1_1,P23_AV1.1.asc,AV1,60,initiator_active,3584,1,59733.33,59733.3341,1.0,21.94,78.984,149.0,72.803329,-1370.889636,0.0,0.0,0.0,21.94,0.0,0.0,1370.821875,-34.474246,6.252242,1.0,0.0,0.0,0.0,0.0,1427.53204,-35.354186,1021.0,5006.0,0.0,149.0,-1.190051,36.139758,130.103128,36.137227,-0.427707,8.4e-05,-0.251912,1.402339,-7.1e-05,-0.147737,0.104,0.0,0.0,0.0,0.0,0.0,-9999.0,-9999.0,-9999.0,-9999.0,-9999.0,-9999.0,-9999.0,-9999.0,-9999.0,-9999.0,-9999.0,-9999.0,-9999.0,-9999.0,149.0,lane7,spur3,stable_reference,3.551228049057422,-2.8371120127194174,-0.3572073960408037,-4.107259243006405,-0.3572073960408037,8.700000099999997,312.9413950073991,0.2617363070668641,256.22593524876226,0.6785493314217599,0.6783884033258849,-0.5008299318864857,0.38452134062360876,1.0357427368609073,-0.35719340543914746
P23_AV1_1_interaction,P23,AV1,1,on_ramp,P23_AV1_1,P23_AV1.1.asc,AV1,60,initiator_active,3585,1,59750.0,59750.0007,1.0,21.94,78.984,149.0,73.168763,-1371.255296,0.0,0.0,0.0,21.94,0.0,0.0,1371.187368,-34.485528,6.252349,1.0,0.0,0.0,0.0,0.0,1428.134359,-35.355987,1021.0,5006.0,0.0,149.0,-1.189304,36.135253,130.086912,36.132668,-0.432273,8.2e-05,-0.254651,1.407563,-0.000144,-0.144597,0.10425,0.0,0.0,0.0,0.0,0.0,-9999.0,-9999.0,-9999.0,-9999.0,-9999.0,-9999.0,-9999.0,-9999.0,-9999.0,-9999.0,-9999.0,-9999.0,-9999.0,-9999.0,149.0,lane7,spur3,stable_reference,3.550085328811163,-2.839958260398964,-0.3687166985964388,-4.11877319941587,-0.3687166985964388,8.716666699999994,313.5437086315102,0.2648539298662099,256.59150819154,0.6702523390846764,0.6700889655720089,-0.493626783958927,0.5360929278724704,1.0389548368861192,-0.3687024978014428
P23_AV1_1_interaction,P23,AV1,1,on_ramp,P23_AV1_1,P23_AV1.1.asc,AV1,60,initiator_active,3586,1,59766.67,59766.6668,1.0,21.94,78.984,149.0,73.534195,-1371.620957,0.0,0.0,0.0,21.94,0.0,0.0,1371.552861,-34.496788,6.252398,1.0,0.0,0.0,0.0,0.0,1428.736604,-35.357394,1021.0,5006.0,0.0,149.0,-1.188105,36.130711,130.070561,36.128076,-0.436361,7.9e-05,-0.255957,1.409485,-0.000199,-0.140515,0.10425,0.0,0.0,0.0,0.0,0.0,-9999.0,-9999.0,-9999.0,-9999.0,-9999.0,-9999.0,-9999.0,-9999.0,-9999.0,-9999.0,-9999.0,-9999.0,-9999.0,-9999.0,149.0,lane7,spur3,stable_reference,3.548964600105095,-2.8427825139349108,-0.380199817773117,-4.1302630627028005,-0.380199817773117,8.733332799999996,314.14594504066804,0.2683649352413713,256.95708095466455,0.6619773460140536,0.6619344854828098,-0.4829606110503555,0.751689900804946,1.0421625207300744,-0.38018517471602087
P23_AV1_1_interaction,P23,AV1,1,on_ramp,P23_AV1_1,P23_AV1.1.asc,AV1,60,initiator_active,3587,1,59783.33,59783.3341,1.0,21.94,78.984,149.0,73.899625,-1371.986618,0.0,0.0,0.0,21.94,0.0,0.0,1371.918358,-34.507929,6.253017,1.0,0.0,0.0,0.0,0.0,1429.338774,-35.358404,1021.0,5006.0,0.0,149.0,-1.186452,36.126149,130.054135,36.123469,-0.439986,7.6e-05,-0.257117,1.406431,-0.000225,-0.134706,0.10425,0.0,0.0,0.0,0.0,0.0,-9999.0,-9999.0,-9999.0,-9999.0,-9999.0,-9999.0,-9999.0,-9999.0,-9999.0,-9999.0,-9999.0,-9999.0,-9999.0,-9999.0,149.0,lane7,spur3,stable_reference,3.547962936557193,-2.845487706859615,-0.3915639394138344,-4.141633928528935,-0.3915639394138344,8.750000099999998,314.74810321040763,0.2722723149262751,257.32265674589684,0.6538213816398294,0.6539902615197598,-0.46857013573514195,0.948184966857486,1.0453702403175524,-0.39154885867772304
P23_AV1_1_interaction,P23,AV1,1,on_ramp,P23_AV1_1,P23_AV1.1.asc,AV1,60,initiator_active,3588,1,59800.0,59800.0007,1.0,21.94,78.984,149.0,74.265055,-1372.352279,0.0,0.0,0.0,21.94,0.0,0.0,1372.283868,-34.518628,6.254222,1.0,0.0,0.0,0.0,0.0,1429.940868,-35.359016,1021.0,5006.0,0.0,149.0,-1.184343,36.121571,130.037657,36.118853,-0.443158,7.2e-05,-0.257516,1.398738,-0.000222,-0.127327,0.10425,0.002198,0.0,0.0,0.0,0.0,-9999.0,-9999.0,-9999.0,-9999.0,-9999.0,-9999.0,-9999.0,-9999.0,-9999.0,-9999.0,-9999.0,-9999.0,-9999.0,-9999.0,149.0,lane7,spur3,stable_reference,3.547403463527656,-2.8477507175053574,-0.4024860690729919,-4.152562802618439,-0.4024860690729919,8.766666699999995,315.35018213259593,0.2765770607215382,257.6882419273049,0.6461075086866891,0.6463152041441997,-0.4513540268860936,1.0685610325470822,1.0485780763674792,-0.40247056768079015
P23_AV1_1_interaction,P23,AV1,1,on_ramp,P23_AV1_1,P23_AV1.1.asc,AV1,60,initiator_active,3589,1,59816.67,59816.6672,1.0,21.94,78.984,149.0,74.630495,-1372.717943,0.0,0.0,0.0,21.94,0.0,0.0,1372.64939,-34.528901,6.25535,1.0,0.0,0.0,0.0,0.0,1430.542885,-35.359232,1021.0,5006.0,0.0,149.0,-1.181778,36.116746,130.020286,36.113994,-0.445859,7e-05,-0.277212,1.388013,-0.000152,-0.119163,0.10575,0.002198,0.0,0.0,0.0,0.0,-9999.0,-9999.0,-9999.0,-9999.0,-9999.0,-9999.0,-9999.0,-9999.0,-9999.0,-9999.0,-9999.0,-9999.0,-9999.0,-9999.0,149.0,lane7,spur3,stable_reference,3.5472701594395697,-2.849587564685186,-0.4129822061371132,-4.163065684339218,-0.4129822061371132,8.783333200000001,315.952180823599,0.2812771645277981,258.0538356295785,0.6388197195220835,0.6389452307759156,-0.43295169109919485,1.069384438262901,1.051786020017633,-0.4129663004955495
P23_AV1_1_interaction,P23,AV1,1,on_ramp,P23_AV1_1,P23_AV1.1.asc,AV1,60,initiator_active,3590,1,59833.33,59833.3334,1.0,21.94,78.984,149.0,74.995945,-1373.083608,0.0,0.0,0.0,21.94,0.0,0.0,1373.014922,-34.538842,6.25619,1.0,0.0,0.0,0.0,0.0,1431.144823,-35.359052,1021.0,5006.0,0.0,149.0,-1.178758,36.11183,130.002587,36.10905,-0.448058,6.9e-05,-0.277854,1.371617,-7.2e-05,-0.108958,0.10575,0.0,0.0,0.0,0.0,0.0,-9999.0,-9999.0,-9999.0,-9999.0,-9999.0,-9999.0,-9999.0,-9999.0,-9999.0,-9999.0,-9999.0,-9999.0,-9999.0,-9999.0,149.0,lane7,spur3,stable_reference,3.5474690049803543,-2.851092269520834,-0.4231463493677769,-4.173236572414855,-0.4231463493677769,8.7999994,316.55409728348303,0.28637261001297354,258.41943662039245,0.6318640009481283,0.631883749759665,-0.4157085353609382,0.9100558004256083,1.054994053211423,-0.4231300522632947
P23_AV1_1_interaction,P23,AV1,1,on_ramp,P23_AV1_1,P23_AV1.1.asc,AV1,60,initiator_active,3591,1,59850.0,59850.0001,1.0,21.94,78.984,149.0,75.361401,-1373.449274,0.0,0.0,0.0,21.94,0.0,0.0,1373.38046,-34.548552,6.256753,1.0,0.0,0.0,0.0,0.0,1431.746679,-35.358478,1021.0,5006.0,0.0,149.0,-1.175285,36.107167,129.9858,36.104366,-0.449735,6.7e-05,-0.257564,1.350105,-5e-05,-0.097026,0.1055,0.0,0.0,0.0,0.0,0.0,-9999.0,-9999.0,-9999.0,-9999.0,-9999.0,-9999.0,-9999.0,-9999.0,-9999.0,-9999.0,-9999.0,-9999.0,-9999.0,-9999.0,149.0,lane7,spur3,stable_reference,3.5478989280702087,-2.8523658974151225,-0.4330794963042786,-4.183176464309683,-0.4330794963042786,8.816666099999996,317.1559285286803,0.29186137274561935,258.78504172465045,0.6251393236682766,0.6250884677298945,-0.40261701667357386,0.6264168435210138,1.0582021403017738,-0.4330628166334972
P23_AV1_1_interaction,P23,AV1,1,on_ramp,P23_AV1_1,P23_AV1.1.asc,AV1,60,initiator_active,3592,1,59866.67,59866.6672,1.0,21.94,78.984,149.0,75.72686,-1373.81494,0.0,0.0,0.0,21.94,0.0,0.0,1373.746001,-34.558117,6.257099,1.0,0.0,0.0,0.0,0.0,1432.348457,-35.357515,1021.0,5006.0,0.0,149.0,-1.171363,36.102615,129.969416,36.099801,-0.450823,6.7e-05,-0.255721,1.326971,-6e-06,-0.085094,0.1055,0.0,0.0,0.0,0.0,0.0,-9999.0,-9999.0,-9999.0,-9999.0,-9999.0,-9999.0,-9999.0,-9999.0,-9999.0,-9999.0,-9999.0,-9999.0,-9999.0,-9999.0,149.0,lane7,spur3,stable_reference,3.548473878590746,-2.8534944946916374,-0.4428615413575537,-4.192965254494357,-0.4428615413575537,8.8333332,317.7576785998876,0.29773848555661886,259.15064864473203,0.6185596660518594,0.6184629987285925,-0.3948278088420736,0.39031091008843966,1.061404294696626,-0.4428446286447666
P23_AV1_1_interaction,P23,AV1,1,on_ramp,P23_AV1_1,P23_AV1.1.asc,AV1,60,initiator_active,3593,1,59883.33,59883.334,1.0,21.94,78.984,149.0,76.09232,-1374.180607,0.0,0.0,0.0,21.94,0.0,0.0,1374.111545,-34.567598,6.257295,1.0,0.0,0.0,0.0,0.0,1432.950157,-35.356167,1021.0,5006.0,0.0,161.0,-1.167023,36.098088,129.953116,36.095267,-0.451257,6.9e-05,-0.254792,1.296782,0.000108,-0.07065,0.10625,0.0,0.0,0.0,0.0,0.0,-9999.0,-9999.0,-9999.0,-9999.0,-9999.0,-9999.0,-9999.0,-9999.0,-9999.0,-9999.0,-9999.0,-9999.0,-9999.0,-9999.0,149.0,lane7,spur3,stable_reference,3.5491328799987403,-2.8545390451121677,-0.4525521484359131,-4.202662603028,-0.4525521484359131,8.85,318.359347529769,0.3039999485793458,259.51625787876617,0.6120640301327946,0.6119273154187491,-0.38960638561054495,0.34000443670615255,1.0645988957753458,-0.4525348656425512
P23_AV1_1_interaction,P23,AV1,1,on_ramp,P23_AV1_1,P23_AV1.1.asc,AV1,60,initiator_active,3594,1,59900.0,59900.0002,1.0,21.94,78.984,149.0,76.457779,-1374.546273,0.0,0.0,0.0,21.94,0.0,0.0,1374.47709,-34.577035,6.257396,1.0,0.0,0.0,0.0,0.0,1433.551781,-35.354439,1021.0,5006.0,0.0,161.0,-1.162272,36.093587,129.936912,36.090769,-0.450975,7.2e-05,-0.253335,1.264697,0.000281,-0.056206,0.10625,0.0,0.0,0.0,0.0,0.0,-9999.0,-9999.0,-9999.0,-9999.0,-9999.0,-9999.0,-9999.0,-9999.0,-9999.0,-9999.0,-9999.0,-9999.0,-9999.0,-9999.0,149.0,lane7,spur3,stable_reference,3.549835892216613,-2.8555395841732496,-0.4621987560949324,-4.212315952161217,-0.4621987560949324,8.8666662,318.9609373590883,0.31064077831259795,259.88186775346117,0.6056124009126836,0.6054762460393202,-0.3834944730186294,0.442413303984754,1.0677935058139982,-0.4621811049013146
P23_AV1_1_interaction,P23,AV1,1,on_ramp,P23_AV1_1,P23_AV1.1.asc,AV1,60,initiator_active,3595,1,59916.67,59916.6675,1.0,21.94,78.984,149.0,76.823236,-1374.91194,0.0,0.0,0.0,21.94,0.0,0.0,1374.842635,-34.586451,6.257443,1.0,0.0,0.0,0.0,0.0,1434.153328,-35.352338,1021.0,5006.0,0.0,161.0,-1.157168,36.089116,129.920819,36.086313,-0.449847,7.9e-05,-0.252044,1.233849,0.000477,-0.043332,0.10675,0.0,0.0,0.0,0.0,0.0,-9999.0,-9999.0,-9999.0,-9999.0,-9999.0,-9999.0,-9999.0,-9999.0,-9999.0,-9999.0,-9999.0,-9999.0,-9999.0,-9999.0,149.0,lane7,spur3,stable_reference,3.550559896359216,-2.8565191288245173,-0.4718243637573875,-4.2219483012981,-0.4718243637573875,8.8833335,319.56244714504123,0.31765396682373026,260.247477456669,0.5991817709923855,0.5991441102798034,-0.3748590352224568,0.6034677917254196,1.0709881159578825,-0.471806344965497
P23_AV1_1_interaction,P23,AV1,1,on_ramp,P23_AV1_1,P23_AV1.1.asc,AV1,60,initiator_active,3596,1,59933.33,59933.3341,1.0,21.94,78.984,149.0,77.18869,-1375.277606,0.0,0.0,0.0,21.94,0.0,0.0,1375.208183,-34.59577,6.25794,1.0,0.0,0.0,0.0,0.0,1434.754799,-35.349871,1021.0,5006.0,0.0,161.0,-1.151719,36.084671,129.904815,36.081893,-0.447761,9e-05,-0.25122,1.200652,0.000667,-0.030458,0.10675,0.0,0.0,0.0,0.0,0.0,-9999.0,-9999.0,-9999.0,-9999.0,-9999.0,-9999.0,-9999.0,-9999.0,-9999.0,-9999.0,-9999.0,-9999.0,-9999.0,-9999.0,149.0,lane7,spur3,stable_reference,3.551380946390276,-2.8574016300804246,-0.481352973156055,-4.23148365222756,-0.481352973156055,8.900000099999998,320.1638779447563,0.3250325225121901,260.6130893676708,0.5928481623359657,0.5929807253687241,-0.36337865749922216,0.7563541485041156,1.0741827528061842,-0.48133459047021854
P23_AV1_1_interaction,P23,AV1,1,on_ramp,P23_AV1_1,P23_AV1.1.asc,AV1,60,initiator_active,3597,1,59950.0,59950.0001,1.0,21.94,78.984,149.0,77.554144,-1375.643273,0.0,0.0,0.0,21.94,0.0,0.0,1375.57374,-34.604736,6.258902,1.0,0.0,0.0,0.0,0.0,1435.356194,-35.347046,1021.0,5006.0,0.0,161.0,-1.145931,36.080245,129.888881,36.077505,-0.444647,0.000102,-0.250663,1.16653,0.000796,-0.018369,0.107,0.002198,0.0,0.0,0.0,0.0,-9999.0,-9999.0,-9999.0,-9999.0,-9999.0,-9999.0,-9999.0,-9999.0,-9999.0,-9999.0,-9999.0,-9999.0,-9999.0,-9999.0,149.0,lane7,spur3,stable_reference,3.5525551102454327,-2.8579310176545945,-0.4905285877734882,-4.240666008545565,-0.4905285877734882,8.916666099999995,320.765229823562,0.33276844564471236,260.9787073957595,0.5868676154039693,0.5870317471298862,-0.34964786596504993,0.8516927000932988,1.07737747007841,-0.49050985467444075
P23_AV1_1_interaction,P23,AV1,1,on_ramp,P23_AV1_1,P23_AV1.1.asc,AV1,60,initiator_active,3598,1,59966.67,59966.6675,1.0,21.94,78.984,149.0,77.919604,-1376.008939,0.0,0.0,0.0,21.94,0.0,0.0,1375.939305,-34.613363,6.259801,1.0,0.0,0.0,0.0,0.0,1435.957513,-35.34387,1021.0,5006.0,0.0,161.0,-1.139813,36.075586,129.87211,36.072897,-0.440436,0.000117,-0.270337,1.131666,0.000848,-0.007222,0.107,0.0,0.0,0.0,0.0,0.0,-9999.0,-9999.0,-9999.0,-9999.0,-9999.0,-9999.0,-9999.0,-9999.0,-9999.0,-9999.0,-9999.0,-9999.0,-9999.0,-9999.0,149.0,lane7,spur3,stable_reference,3.554068365578712,-2.8581213108924897,-0.4993652070339764,-4.249509369657808,-0.4993652070339764,8.9333335,321.36650283862093,0.3408547364546944,261.3443306552929,0.5812261224971491,0.5813257936485214,-0.3349887661723514,0.8566682561057295,1.0805722589649696,-0.49934613646782045
P23_AV1_1_interaction,P23,AV1,1,on_ramp,P23_AV1_1,P23_AV1.1.asc,AV1,60,initiator_active,3599,1,59983.33,59983.3334,1.0,21.94,78.984,149.0,78.285068,-1376.374606,0.0,0.0,0.0,21.94,0.0,0.0,1376.304876,-34.621725,6.260471,1.0,0.0,0.0,0.0,0.0,1436.558753,-35.340353,1021.0,5006.0,0.0,161.0,-1.133372,36.071102,129.855968,36.068478,-0.435074,0.00013,-0.249917,1.096246,0.000714,0.002826,0.10675,0.002198,0.0,0.0,0.0,0.0,-9999.0,-9999.0,-9999.0,-9999.0,-9999.0,-9999.0,-9999.0,-9999.0,-9999.0,-9999.0,-9999.0,-9999.0,-9999.0,-9999.0,149.0,lane7,spur3,stable_reference,3.55584668538679,-2.85804653623983,-0.5079356914745758,-4.258085459553875,-0.5079356914745758,8.949999400000001,321.9676940716932,0.34928137077744303,261.70995775062465,0.5758496697507716,0.5758654440312848,-0.32109221746977923,0.7505165732827095,1.083766209074901,-0.5079165393241294
P23_AV1_1_interaction,P23,AV1,1,on_ramp,P23_AV1_1,P23_AV1.1.asc,AV1,60,initiator_active,3600,1,60000.0,60000.0002,1.0,21.94,78.984,149.0,78.650537,-1376.740271,0.0,0.0,0.0,21.94,0.0,0.0,1376.670451,-34.629902,6.260919,1.0,0.0,0.0,0.0,0.0,1437.159915,-35.336504,1021.0,5006.0,0.0,161.0,-1.126618,36.066499,129.839398,36.063953,-0.428526,0.000139,-0.26769,1.060816,0.000455,0.011461,0.10675,0.0,0.0,0.0,0.0,0.0,-9999.0,-9999.0,-9999.0,-9999.0,-9999.0,-9999.0,-9999.0,-9999.0,-9999.0,-9999.0,-9999.0,-9999.0,-9999.0,-9999.0,149.0,lane7,spur3,stable_reference,3.557810044973605,-2.85778671854514,-0.5163020163615823,-4.266438245054174,-0.5163020163615823,8.966666199999999,322.56880459623994,0.35803935707908036,262.0755873351053,0.5706582435001655,0.5706229348704803,-0.3099721723606095,0.5272946438988271,1.0869407922518528,-0.5162825487516873
P23_AV1_1_interaction,P23,AV1,1,on_ramp,P23_AV1_1,P23_AV1.1.asc,AV1,60,initiator_active,3601,1,60016.67,60016.6675,1.0,21.94,78.984,149.0,79.016006,-1377.105937,0.0,0.0,0.0,21.94,0.0,0.0,1377.036029,-34.637965,6.261195,1.0,0.0,0.0,0.0,0.0,1437.760999,-35.332332,1021.0,5006.0,0.0,161.0,-1.11956,36.062071,129.823456,36.059616,-0.420763,0.000143,-0.248525,1.027305,0.000101,0.017741,0.10675,0.0,0.0,0.0,0.0,0.0,-9999.0,-9999.0,-9999.0,-9999.0,-9999.0,-9999.0,-9999.0,-9999.0,-9999.0,-9999.0,-9999.0,-9999.0,-9999.0,-9999.0,149.0,lane7,spur3,stable_reference,3.559887443911768,-2.8574128619804684,-0.5245543428175311,-4.274677032010193,-0.5245543428175311,8.9833335,323.16983448575576,0.3671196956596864,262.4412189885572,0.5655808379466265,0.5655328052165288,-0.30351546498541637,0.2786709981391482,1.0901154019932213,-0.5245345640465948
P23_AV1_1_interaction,P23,AV1,1,on_ramp,P23_AV1_1,P23_AV1.1.asc,AV1,60,initiator_active,3602,1,60033.33,60033.3341,1.0,21.94,78.984,149.0,79.381475,-1377.471602,0.0,0.0,0.0,21.94,0.0,0.0,1377.401608,-34.64596,6.26135,1.0,0.0,0.0,0.0,0.0,1438.362006,-35.327847,1021.0,5006.0,0.0,161.0,-1.112207,36.057751,129.807903,36.0554,-0.411781,0.000141,-0.24722,0.99381,-0.000261,0.022608,0.10675,0.0,0.0,0.0,0.0,0.0,-9999.0,-9999.0,-9999.0,-9999.0,-9999.0,-9999.0,-9999.0,-9999.0,-9999.0,-9999.0,-9999.0,-9999.0,-9999.0,-9999.0,149.0,lane7,spur3,stable_reference,3.562032844430912,-2.856971000445136,-0.5327386698004878,-4.282847819454928,-0.5327386698004878,9.000000099999998,323.77078482186744,0.37651239501873884,262.80685108668445,0.5605714382918237,0.5605055780792657,-0.30068282897552123,0.1488497916277396,1.0932900207243144,-0.5327185824324907
P23_AV1_1_interaction,P23,AV1,1,on_ramp,P23_AV1_1,P23_AV1.1.asc,AV1,60,initiator_active,3603,1,60050.0,60050.0007,1.0,21.94,78.984,149.0,79.746942,-1377.837266,0.0,0.0,0.0,21.94,0.0,0.0,1377.767188,-34.653921,6.261431,1.0,0.0,0.0,0.0,0.0,1438.962938,-35.323059,1021.0,5006.0,0.0,161.0,-1.104569,36.053457,129.792446,36.05122,-0.401614,0.000133,-0.246174,0.961076,-0.000548,0.025748,0.10675,0.0,0.0,0.0,0.0,0.0,-9999.0,-9999.0,-9999.0,-9999.0,-9999.0,-9999.0,-9999.0,-9999.0,-9999.0,-9999.0,-9999.0,-9999.0,-9999.0,-9999.0,149.0,lane7,spur3,stable_reference,3.5642122596053416,-2.8564951248883435,-0.5408889973058809,-4.290984607384434,-0.5408889973058809,9.016666699999995,324.3716576861687,0.38620747182174053,263.17248390713326,0.5555960456694218,0.5555100843417237,-0.2985538251111315,0.16172761516182277,1.0964646482922238,-0.540868602622802
P23_AV1_1_interaction,P23,AV1,1,on_ramp,P23_AV1_1,P23_AV1.1.asc,AV1,60,initiator_active,3604,1,60066.67,60066.6668,1.0,21.94,78.984,149.0,80.112407,-1378.202931,0.0,0.0,0.0,21.94,0.0,0.0,1378.132768,-34.661864,6.261469,1.0,0.0,0.0,0.0,0.0,1439.563796,-35.317978,1021.0,5006.0,0.0,161.0,-1.096655,36.049189,129.77708,36.047076,-0.390317,0.000122,-0.245567,0.928601,-0.000748,0.027475,0.10675,0.0,0.0,0.0,0.0,0.0,-9999.0,-9999.0,-9999.0,-9999.0,-9999.0,-9999.0,-9999.0,-9999.0,-9999.0,-9999.0,-9999.0,-9999.0,-9999.0,-9999.0,149.0,lane7,spur3,stable_reference,3.566409667858092,-2.856001254123157,-0.5490213248137018,-4.2991033953160285,-0.5490213248137018,9.033332799999997,324.97245416028693,0.3961949345681748,263.53811658059306,0.5506386524468398,0.5505539718160037,-0.2952920448839791,0.2567294393286712,1.0996392759410873,-0.5490006234942475
P23_AV1_1_interaction,P23,AV1,1,on_ramp,P23_AV1_1,P23_AV1.1.asc,AV1,60,initiator_active,3605,1,60083.33,60083.3334,1.0,21.94,78.984,149.0,80.477869,-1378.568595,0.0,0.0,0.0,21.94,0.0,0.0,1378.498349,-34.6698,6.261483,1.0,0.0,0.0,0.0,0.0,1440.16458,-35.312614,1021.0,5006.0,0.0,161.0,-1.088476,36.044942,129.76179,36.04296,-0.377976,0.000108,-0.244853,0.895261,-0.000879,0.028417,0.10675,0.0,0.0,0.0,0.0,0.0,-9999.0,-9999.0,-9999.0,-9999.0,-9999.0,-9999.0,-9999.0,-9999.0,-9999.0,-9999.0,-9999.0,-9999.0,-9999.0,-9999.0,149.0,lane7,spur3,stable_reference,3.5686141011486034,-2.855500362149111,-0.5571466528403354,-4.307215183729281,-0.5571466528403354,9.0499994,325.57317432588235,0.4064647835914485,263.90375019685735,0.5456882671569065,0.5456672052820665,-0.2899962787119321,0.38096934878417166,1.1028139123053327,-0.5571256451484261
P23_AV1_1_interaction,P23,AV1,1,on_ramp,P23_AV1_1,P23_AV1.1.asc,AV1,60,initiator_active,3606,1,60100.0,60100.0,1.0,21.94,78.984,149.0,80.843328,-1378.93426,0.0,0.0,0.0,21.94,0.0,0.0,1378.863931,-34.677677,6.261802,1.0,0.0,0.0,0.0,1.0,1440.798661,-35.306657,1021.0,5006.0,0.0,161.0,-1.079564,36.040481,129.745732,36.038644,-0.363941,9.2e-05,-0.244422,0.858386,-0.000959,0.029045,0.10675,0.0,0.0,0.0,0.0,0.0,-9999.0,-9999.0,-9999.0,-9999.0,-9999.0,-9999.0,-9999.0,-9999.0,-9999.0,-9999.0,-9999.0,-9999.0,-9999.0,-9999.0,149.0,lane7,spur3,stable_reference,3.570877539480956,-2.854940462808599,-0.5652129813927667,-4.315267972630203,-0.5652129813927667,9.066665999999998,326.20718553880323,0.41759951757051356,264.26938433129186,0.5407968880657988,0.5408874678584428,-0.28259311738708703,0.4915256343246259,1.1059885576188269,-0.565191669553028
P23_AV1_1_interaction,P23,AV1,1,on_ramp,P23_AV1_1,P23_AV1.1.asc,AV1,60,initiator_active,3607,1,60116.67,60116.6673,1.0,21.94,78.984,149.0,81.208786,-1379.299924,0.0,0.0,0.0,21.94,0.0,0.0,1379.229517,-34.685322,6.262431,1.0,0.0,0.0,0.0,1.0,1441.365927,-35.30108,1021.0,5006.0,0.0,161.0,-1.071359,36.036507,129.731426,36.034801,-0.350632,7.6e-05,-0.244015,0.822401,-0.000989,0.030144,0.10675,0.0,0.0,0.0,0.0,0.0,-9999.0,-9999.0,-9999.0,-9999.0,-9999.0,-9999.0,-9999.0,-9999.0,-9999.0,-9999.0,-9999.0,-9999.0,-9999.0,-9999.0,149.0,lane7,spur3,stable_reference,3.573372999518806,-2.8541485329374585,-0.5730159932340307,-4.323070852179868,-0.5730159932340307,9.083333299999998,326.77438708261167,0.4278086500683495,264.63502057107087,0.5361375339033618,0.5362472804357066,-0.27361174610067884,0.5584717485578548,1.1091325606335243,-0.5729950267301624
P23_AV1_1_interaction,P23,AV1,1,on_ramp,P23_AV1_1,P23_AV1.1.asc,AV1,60,initiator_active,3608,1,60133.33,60133.3343,1.0,21.94,78.984,149.0,81.574245,-1379.665588,0.0,0.0,0.0,21.94,0.0,0.0,1379.595109,-34.692745,6.263022,1.0,0.0,0.0,0.0,1.0,1441.966491,-35.294932,1021.0,5006.0,0.0,161.0,-1.062444,36.032316,129.716339,36.030751,-0.335908,6e-05,-0.243753,0.780509,-0.000989,0.032342,0.10675,0.0,0.0,0.0,0.0,0.0,-9999.0,-9999.0,-9999.0,-9999.0,-9999.0,-9999.0,-9999.0,-9999.0,-9999.0,-9999.0,-9999.0,-9999.0,-9999.0,-9999.0,149.0,lane7,spur3,stable_reference,3.576090540566555,-2.853134523729156,-0.5805809858943136,-4.330642581609884,-0.5805809858943136,9.1000003,327.3748808533648,0.4388606764215395,265.0006609977885,0.5317002213351015,0.5317668089570723,-0.2639768643449969,0.5638720144695952,1.1122599639244637,-0.5805597425893622
P23_AV1_1_interaction,P23,AV1,1,on_ramp,P23_AV1_1,P23_AV1.1.asc,AV1,60,initiator_active,3609,1,60150.0,60150.0007,1.0,21.94,78.984,149.0,81.939707,-1380.03125,0.0,0.0,0.0,21.94,0.0,0.0,1379.960704,-34.699994,6.263463,1.0,0.0,0.0,0.0,1.0,1442.566983,-35.288546,1021.0,5006.0,0.0,161.0,-1.053306,36.028139,129.7013,36.026712,-0.320674,4.3e-05,-0.243856,0.733951,-0.000965,0.03611,0.10675,0.0,0.0,0.0,0.0,0.0,-9999.0,-9999.0,-9999.0,-9999.0,-9999.0,-9999.0,-9999.0,-9999.0,-9999.0,-9999.0,-9999.0,-9999.0,-9999.0,-9999.0,149.0,lane7,spur3,stable_reference,3.5789820978934346,-2.851946491622874,-0.5879719797329025,-4.338040312274753,-0.5879719797329025,9.116666699999994,327.97530068300057,0.4501501068840997,265.36630300351453,0.5274369274633502,0.5274480282105971,-0.2548159576426716,0.48506050739852835,1.115387393456788,-0.5879504659934377
P23_AV1_1_interaction,P23,AV1,1,on_ramp,P23_AV1_1,P23_AV1.1.asc,AV1,60,initiator_active,3610,1,60166.67,60166.6673,1.0,21.94,78.984,149.0,82.305168,-1380.396911,0.0,0.0,0.0,21.94,0.0,0.0,1380.326301,-34.707121,6.263759,1.0,0.0,0.0,0.0,1.0,1443.167403,-35.281935,1021.0,5006.0,0.0,161.0,-1.043958,36.023972,129.686298,36.02268,-0.305055,2.8e-05,-0.243899,0.68333,-0.000931,0.041291,0.10675,0.0,0.0,0.0,0.0,0.0,-9999.0,-9999.0,-9999.0,-9999.0,-9999.0,-9999.0,-9999.0,-9999.0,-9999.0,-9999.0,-9999.0,-9999.0,-9999.0,-9999.0,149.0,lane7,spur3,stable_reference,3.581995663765836,-2.850636445848485,-0.5952409743574819,-4.345316043763366,-0.5952409743574819,9.133333299999999,328.57564667767736,0.4616639418894649,265.73194601291664,0.5232956458558674,0.5232730303669931,-0.24780836829311426,0.3254494517165547,1.1185148405032899,-0.5952191946474225
P23_AV1_1_interaction,P23,AV1,1,on_ramp,P23_AV1_1,P23_AV1.1.asc,AV1,60,initiator_active,3611,1,60183.33,60183.3341,1.0,21.94,78.984,149.0,82.670629,-1380.762572,0.0,0.0,0.0,21.94,0.0,0.0,1380.691899,-34.714172,6.26394,1.0,0.0,0.0,0.0,1.0,1443.76775,-35.275112,1021.0,5006.0,0.0,161.0,-1.034414,36.019817,129.671343,36.018657,-0.289155,1.2e-05,-0.243855,0.627545,-0.000892,0.048513,0.10675,0.0,0.0,0.0,0.0,0.0,-9999.0,-9999.0,-9999.0,-9999.0,-9999.0,-9999.0,-9999.0,-9999.0,-9999.0,-9999.0,-9999.0,-9999.0,-9999.0,-9999.0,149.0,lane7,spur3,stable_reference,3.5850852281429617,-2.849250397233037,-0.6024339693761728,-4.352515775665079,-0.6024339693761728,9.150000099999998,329.17591794358714,0.47338917370505285,266.097589401666,0.5192303698803897,0.5191877338239427,-0.24396765889208538,0.20045673293793254,1.1216422963567156,-0.6024119264763259
P23_AV1_1_interaction,P23,AV1,1,on_ramp,P23_AV1_1,P23_AV1.1.asc,AV1,60,initiator_active,3612,1,60200.0,60200.0005,1.0,21.94,78.984,149.0,83.036089,-1381.128233,0.0,0.0,0.0,21.94,0.0,0.0,1381.057499,-34.721179,6.264043,1.0,0.0,0.0,0.0,1.0,1444.368026,-35.268094,1021.0,5006.0,0.0,161.0,-1.024688,36.015676,129.656435,36.014641,-0.273059,-2e-06,-0.243788,0.567077,-0.000861,0.057619,0.10675,0.0,0.0,0.0,0.0,0.0,-9999.0,-9999.0,-9999.0,-9999.0,-9999.0,-9999.0,-9999.0,-9999.0,-9999.0,-9999.0,-9999.0,-9999.0,-9999.0,-9999.0,149.0,lane7,spur3,stable_reference,3.5882188310594785,-2.847820314185864,-0.6095829651749798,-4.359671508384079,-0.6095829651749798,9.1666665,329.776116619486,0.4853088192297831,266.4632344310431,0.5152091087699168,0.515140806681084,-0.24112647993584524,0.13919277835339372,1.1247697694651801,-0.6095606606952634
P23_AV1_1_interaction,P23,AV1,1,on_ramp,P23_AV1_1,P23_AV1.1.asc,AV1,60,initiator_active,3613,1,60216.77,60216.7712,1.0,21.94,78.984,149.0,83.401546,-1381.493893,0.0,0.0,0.0,21.94,0.0,0.0,1381.423099,-34.728163,6.264097,1.0,0.0,0.0,0.0,1.0,1444.968231,-35.260895,1021.0,5006.0,0.0,161.0,-1.014796,36.011548,129.641574,36.010633,-0.256803,-1.7e-05,-0.243734,0.505339,-0.000845,0.067039,0.10675,0.002198,0.0,0.0,0.0,0.0,-9999.0,-9999.0,-9999.0,-9999.0,-9999.0,-9999.0,-9999.0,-9999.0,-9999.0,-9999.0,-9999.0,-9999.0,-9999.0,-9999.0,149.0,lane7,spur3,stable_reference,3.591375425131659,-2.8463672372612936,-0.6167089609755205,-4.366804241104985,-0.6167089609755205,9.1834372,330.37624281969823,0.49740887893044283,266.8288792726011,0.5112108468925611,0.5111255178735958,-0.2393200016117536,0.15836011754639934,1.1278972426500617,-0.6166863957575006
P23_AV1_1_interaction,P23,AV1,1,on_ramp,P23_AV1_1,P23_AV1.1.asc,AV1,60,initiator_active,3614,1,60233.33,60233.3344,1.0,21.94,78.984,149.0,83.767001,-1381.859553,0.0,0.0,0.0,21.94,0.0,0.0,1381.788699,-34.735135,6.264122,1.0,0.0,0.0,0.0,1.0,1445.568365,-35.253533,1021.0,5006.0,0.0,161.0,-1.004754,36.007183,129.625858,36.00638,-0.240392,-3e-05,-0.263809,0.440087,-0.000808,0.077872,0.10675,0.0,0.0,0.0,0.0,0.0,-9999.0,-9999.0,-9999.0,-9999.0,-9999.0,-9999.0,-9999.0,-9999.0,-9999.0,-9999.0,-9999.0,-9999.0,-9999.0,-9999.0,149.0,lane7,spur3,stable_reference,3.5945440145893937,-2.844902163531116,-0.6238139253126014,-4.3739159501584925,-0.6238139253126014,9.200000399999997,330.9762966912129,0.5096713534072059,267.19452401616644,0.5072245846150966,0.5071632952609074,-0.23586860676340393,0.3146834932777196,1.1310161756956503,-0.6237915910805537
P23_AV1_1_interaction,P23,AV1,1,on_ramp,P23_AV1_1,P23_AV1.1.asc,AV1,60,initiator_active,3615,1,60250.0,60250.0012,1.0,21.94,78.984,149.0,84.132453,-1382.225213,0.0,0.0,0.0,21.94,0.0,0.0,1382.154299,-34.742103,6.264131,1.0,0.0,0.0,0.0,1.0,1446.168424,-35.246024,1021.0,5006.0,0.0,161.0,-0.994577,36.002975,129.610708,36.002279,-0.223829,-4.5e-05,-0.245151,0.373795,-0.00084,0.088862,0.10675,0.0,0.0,0.0,0.0,0.0,-9999.0,-9999.0,-9999.0,-9999.0,-9999.0,-9999.0,-9999.0,-9999.0,-9999.0,-9999.0,-9999.0,-9999.0,-9999.0,-9999.0,149.0,lane7,spur3,stable_reference,3.597716602508984,-2.843433090865749,-0.6308901026852721,-4.380998871594004,-0.6308901026852721,9.216667199999996,331.5762743648198,0.5220802105293794,267.56016872706783,0.5032423222042599,0.5032883003238174,-0.22884097359984423,0.4541780101379196,1.1341098373111247,-0.6308675151068648
P23_AV1_1_interaction,P23,AV1,1,on_ramp,P23_AV1_1,P23_AV1.1.asc,AV1,60,initiator_active,3616,1,60266.67,60266.6667,1.0,21.94,78.984,149.0,84.497902,-1382.590873,0.0,0.0,0.0,21.94,0.0,0.0,1382.519903,-34.748901,6.264746,1.0,0.0,0.0,0.0,1.0,1446.768412,-35.238385,1021.0,5006.0,0.0,161.0,-0.984285,35.998869,129.595928,35.998273,-0.207064,-6e-05,-0.244071,0.309582,-0.000924,0.098596,0.10675,0.0,0.0,0.0,0.0,0.0,-9999.0,-9999.0,-9999.0,-9999.0,-9999.0,-9999.0,-9999.0,-9999.0,-9999.0,-9999.0,-9999.0,-9999.0,-9999.0,-9999.0,149.0,lane7,spur3,stable_reference,3.601059235975361,-2.84179397116533,-0.6377962812489407,-4.3879117942952615,-0.6377962812489407,9.233332699999998,332.17617997920854,0.5346184835279626,267.92581604960856,0.49943008678934253,0.49953548976911305,-0.2207298936336084,0.5200624312971369,1.1372035331999344,-0.6377734464105919
P23_AV1_1_interaction,P23,AV1,1,on_ramp,P23_AV1_1,P23_AV1.1.asc,AV1,60,initiator_active,3617,1,60283.33,60283.3336,1.0,21.94,78.984,149.0,84.863351,-1382.956532,0.0,0.0,0.0,21.94,0.0,0.0,1382.88551,-34.755476,6.265358,1.0,0.0,0.0,0.0,1.0,1447.36833,-35.230635,1021.0,5006.0,0.0,161.0,-0.973894,35.994778,129.5812,35.994276,-0.190045,-7.6e-05,-0.243928,0.246,-0.000981,0.107702,0.10675,0.0,0.0,0.0,0.0,0.0,-9999.0,-9999.0,-9999.0,-9999.0,-9999.0,-9999.0,-9999.0,-9999.0,-9999.0,-9999.0,-9999.0,-9999.0,-9999.0,-9999.0,149.0,lane7,spur3,stable_reference,3.604624866878554,-2.839931841610756,-0.6444794607100559,-4.3946017179505565,-0.6444794607100559,9.249999599999995,332.7760146895007,0.5472671812025156,268.2914645510216,0.49584086843712544,0.4959308556903957,-0.21150595119297222,0.5515747846148491,1.1402972550328645,-0.6444563865957391
P23_AV1_1_interaction,P23,AV1,1,on_ramp,P23_AV1_1,P23_AV1.1.asc,AV1,60,initiator_active,3618,1,60300.0,60300.0,1.0,21.94,78.984,149.0,85.228801,-1383.322189,0.0,0.0,0.0,21.94,0.0,0.0,1383.251122,-34.761853,6.265859,1.0,0.0,0.0,0.0,1.0,1447.968178,-35.222791,1021.0,5006.0,0.0,161.0,-0.96342,35.990695,129.566501,35.99028,-0.172729,-9.3e-05,-0.243941,0.185651,-0.001008,0.114924,0.10675,0.0,0.0,0.0,0.0,0.0,-9999.0,-9999.0,-9999.0,-9999.0,-9999.0,-9999.0,-9999.0,-9999.0,-9999.0,-9999.0,-9999.0,-9999.0,-9999.0,-9999.0,149.0,lane7,spur3,stable_reference,3.6083885602910186,-2.8378716494024814,-0.6509646416592857,-4.4010936431873136,-0.6509646416592857,9.266665999999997,333.3757786345188,0.5600093041198552,268.6571164353913,0.49244968431327496,0.4924852936772184,-0.20234408401162085,0.5012370271656392,1.14339101967116,-0.6509413353578851
P23_AV1_1_interaction,P23,AV1,1,on_ramp,P23_AV1_1,P23_AV1.1.asc,AV1,60,initiator_active,3619,1,60316.67,60316.6667,1.0,21.94,78.984,149.0,85.594252,-1383.687845,0.0,0.0,0.0,21.94,0.0,0.0,1383.616735,-34.768088,6.266215,1.0,0.0,0.0,0.0,1.0,1448.567957,-35.21487,1021.0,5006.0,0.0,161.0,-0.952881,35.986617,129.551822,35.986283,-0.155065,-0.00011,-0.243993,0.129856,-0.001012,0.119634,0.10675,0.0,0.0,0.0,0.0,0.0,-9999.0,-9999.0,-9999.0,-9999.0,-9999.0,-9999.0,-9999.0,-9999.0,-9999.0,-9999.0,-9999.0,-9999.0,-9999.0,-9999.0,149.0,lane7,spur3,stable_reference,3.612294226828777,-2.8356694719223325,-0.6573078229106214,-4.407443568745426,-0.6573078229106214,9.283332699999999,333.975472953052,0.5728278610128561,269.0227681601499,0.4892005036208126,0.48918610273941765,-0.19479819633329676,0.37941367407290283,1.1464847931269242,-0.6572842895061116
P23_AV1_1_interaction,P23,AV1,1,on_ramp,P23_AV1_1,P23_AV1.1.asc,AV1,60,initiator_active,3620,1,60333.33,60333.3343,1.0,21.94,78.984,149.0,85.959703,-1384.053499,0.0,0.0,0.0,21.94,0.0,0.0,1383.98235,-34.774228,6.266442,1.0,0.0,0.0,0.0,1.0,1449.167667,-35.206888,1021.0,5006.0,0.0,161.0,-0.942294,35.982544,129.537157,35.982283,-0.137031,-0.000127,-0.244056,0.076924,-0.00099,0.122617,0.10675,0.0,0.0,0.0,0.0,0.0,-9999.0,-9999.0,-9999.0,-9999.0,-9999.0,-9999.0,-9999.0,-9999.0,-9999.0,-9999.0,-9999.0,-9999.0,-9999.0,-9999.0,149.0,lane7,spur3,stable_reference,3.616294912294555,-2.833372273586672,-0.6635560047579068,-4.413698494936907,-0.6635560047579068,9.300000299999999,334.5750977757574,0.585706852414994,269.3884211090675,0.48604633609287373,0.48599183783649347,-0.18969672678916183,0.2663130348768279,1.1495785837443968,-0.6635322476515231
P23_AV1_1_interaction,P23,AV1,1,on_ramp,P23_AV1_1,P23_AV1.1.asc,AV1,60,initiator_active,3621,1,60350.0,60350.0001,1.0,21.94,78.984,149.0,86.325151,-1384.419153,0.0,0.0,0.0,21.94,0.0,0.0,1384.347966,-34.780311,6.266577,1.0,0.0,0.0,0.0,1.0,1449.767309,-35.198863,1021.0,5006.0,0.0,161.0,-0.931673,35.978473,129.522502,35.978277,-0.118636,-0.000143,-0.244097,0.028915,-0.000945,0.122931,0.10675,0.0,0.0,0.0,0.0,0.0,-9999.0,-9999.0,-9999.0,-9999.0,-9999.0,-9999.0,-9999.0,-9999.0,-9999.0,-9999.0,-9999.0,-9999.0,-9999.0,-9999.0,149.0,lane7,spur3,stable_reference,3.620352603571253,-2.831018067352152,-0.6697471869035638,-4.4198964214455385,-0.6697471869035638,9.316666099999996,335.1746542495904,0.5986282870924842,269.7540745924875,0.4829491748304508,0.4828628588526763,-0.18592093429547063,0.2419417550748202,1.1526723829665035,-0.6697232081360527
P23_AV1_1_interaction,P23,AV1,1,on_ramp,P23_AV1_1,P23_AV1.1.asc,AV1,60,initiator_active,3622,1,60366.67,60366.6674,1.0,21.94,78.984,149.0,86.690598,-1384.784807,0.0,0.0,0.0,21.94,0.0,0.0,1384.713583,-34.786363,6.26665,1.0,0.0,0.0,0.0,1.0,1450.366882,-35.190809,1021.0,5006.0,0.0,161.0,-0.921034,35.974404,129.507855,35.974265,-0.099928,-0.000158,-0.244136,-0.018851,-0.000863,0.121832,0.10675,0.0,0.0,0.0,0.0,0.0,-9999.0,-9999.0,-9999.0,-9999.0,-9999.0,-9999.0,-9999.0,-9999.0,-9999.0,-9999.0,-9999.0,-9999.0,-9999.0,-9999.0,149.0,lane7,spur3,stable_reference,3.624441310656808,-2.828632846297583,-0.6758719855956843,-4.42601617512207,-0.6758719855956843,9.333333399999995,335.7741414889086,0.6115781573460843,270.11972882272664,0.4798830207004394,0.4797945222244795,-0.18163201192372824,0.30555171272322745,1.155731438716747,-0.6758484180163076
P23_AV1_1_interaction,P23,AV1,1,on_ramp,P23_AV1_1,P23_AV1.1.asc,AV1,60,initiator_active,3623,1,60383.33,60383.3341,1.0,21.94,78.984,149.0,87.056043,-1385.15046,0.0,0.0,0.0,21.94,0.0,0.0,1385.0792,-34.792399,6.266686,1.0,0.0,0.0,0.0,1.0,1450.966388,-35.18274,1021.0,5006.0,0.0,161.0,-0.910391,35.970337,129.493214,35.970246,-0.080983,-0.000171,-0.24414,-0.061985,-0.000754,0.11932,0.10675,0.002198,0.0,0.0,0.0,0.0,-9999.0,-9999.0,-9999.0,-9999.0,-9999.0,-9999.0,-9999.0,-9999.0,-9999.0,-9999.0,-9999.0,-9999.0,-9999.0,-9999.0,149.0,lane7,spur3,stable_reference,3.628546011589772,-2.826231629502209,-0.6819755971859738,-4.432113013187315,-0.6819755971859738,9.350000099999997,336.37356160797015,0.6245424799746738,270.48538292230916,0.4768328660369474,0.47680833441383536,-0.17573573137389076,0.4095127266285452,1.1587846828113026,-0.6819518167743552
P23_AV1_1_interaction,P23,AV1,1,on_ramp,P23_AV1_1,P23_AV1.1.asc,AV1,60,initiator_active,3624,1,60400.0,60400.0007,1.0,21.94,78.984,149.0,87.421485,-1385.516113,0.0,0.0,0.0,21.94,0.0,0.0,1385.444818,-34.798369,6.26702,1.0,0.0,0.0,0.0,1.0,1451.565826,-35.174672,1021.0,5006.0,0.0,161.0,-0.899758,35.966021,129.477677,35.965968,-0.061872,-0.000182,-0.264221,-0.102961,-0.000578,0.115709,0.10675,0.0,0.0,0.0,0.0,0.0,-9999.0,-9999.0,-9999.0,-9999.0,-9999.0,-9999.0,-9999.0,-9999.0,-9999.0,-9999.0,-9999.0,-9999.0,-9999.0,-9999.0,149.0,lane7,spur3,stable_reference,3.632716714872839,-2.82376440720377,-0.6880132089623092,-4.4381438514198654,-0.6880132089623092,9.366666699999994,336.97291373746503,0.6375052473456954,270.8510374828996,0.473848717338886,0.47393666968284065,-0.1679816125004887,0.5082640896605168,1.1618379353587382,-0.6879892180198522
P23_AV1_1_interaction,P23,AV1,1,on_ramp,P23_AV1_1,P23_AV1.1.asc,AV1,60,initiator_active,3625,1,60416.67,60416.6675,1.0,21.94,78.984,149.0,87.786925,-1385.881766,0.0,0.0,0.0,21.94,0.0,0.0,1385.810439,-34.804104,6.267662,1.0,0.0,0.0,0.0,1.0,1452.165193,-35.166618,1021.0,5006.0,0.0,161.0,-0.889149,35.961853,129.462671,35.961828,-0.042724,-0.00019,-0.245533,-0.144775,-0.000423,0.112412,0.10675,0.002198,0.0,0.0,0.0,0.0,-9999.0,-9999.0,-9999.0,-9999.0,-9999.0,-9999.0,-9999.0,-9999.0,-9999.0,-9999.0,-9999.0,-9999.0,-9999.0,-9999.0,149.0,lane7,spur3,stable_reference,3.637122410978277,-2.821062178245555,-0.6938158212974511,-4.4439396901548704,-0.6938158212974511,9.3833335,337.5721949836519,0.6504534353944739,271.21669312437,0.4710995853034195,0.4712089378593056,-0.1587935439614565,0.5693739675087928,1.164891213321981,-0.6937916280185616
P23_AV1_1_interaction,P23,AV1,1,on_ramp,P23_AV1_1,P23_AV1.1.asc,AV1,60,initiator_active,3626,1,60433.33,60433.3334,1.0,21.94,78.984,149.0,88.152365,-1386.247416,0.0,0.0,0.0,21.94,0.0,0.0,1386.176064,-34.809612,6.268262,1.0,0.0,0.0,0.0,1.0,1452.76449,-35.158591,1021.0,5006.0,0.0,161.0,-0.878576,35.957528,129.4471,35.95752,-0.023673,-0.000195,-0.264498,-0.185182,-0.000254,0.108644,0.10675,0.0,0.0,0.0,0.0,0.0,-9999.0,-9999.0,-9999.0,-9999.0,-9999.0,-9999.0,-9999.0,-9999.0,-9999.0,-9999.0,-9999.0,-9999.0,-9999.0,-9999.0,149.0,lane7,spur3,stable_reference,3.641755130711912,-2.818132917425704,-0.6993914343761645,-4.44950852955861,-0.6993914343761645,9.3999994,338.17140645265584,0.6633740527205044,271.5823509120151,0.46857747836333585,0.4686436433559711,-0.1490028734225035,0.5674509453859411,1.1679445250396157,-0.6993670466762798
P23_AV1_1_interaction,P23,AV1,1,on_ramp,P23_AV1_1,P23_AV1.1.asc,AV1,60,initiator_active,3627,1,60450.0,60450.0008,1.0,21.94,78.984,149.0,88.517806,-1386.613064,0.0,0.0,0.0,21.94,0.0,0.0,1386.541692,-34.814943,6.268708,1.0,0.0,0.0,0.0,1.0,1453.363716,-35.150604,1021.0,5006.0,0.0,161.0,-0.868052,35.953356,129.43208,35.953355,-0.004846,-0.000198,-0.245591,-0.226799,-9.1e-05,0.105661,0.10675,0.0,0.0,0.0,0.0,0.0,-9999.0,-9999.0,-9999.0,-9999.0,-9999.0,-9999.0,-9999.0,-9999.0,-9999.0,-9999.0,-9999.0,-9999.0,-9999.0,-9999.0,149.0,lane7,spur3,stable_reference,3.646564865571064,-2.815026634506472,-0.704790048012682,-4.454900369463996,-0.704790048012682,9.4166668,338.7705472506689,0.6762540915912033,271.9480102541707,0.46623239001972716,0.4662421951449478,-0.1398785914152576,0.4770321189545874,1.1709978620834818,-0.7047654720637546
P23_AV1_1_interaction,P23,AV1,1,on_ramp,P23_AV1_1,P23_AV1.1.asc,AV1,60,initiator_active,3628,1,60466.67,60466.6673,1.0,21.94,78.984,149.0,88.883247,-1386.978711,0.0,0.0,0.0,21.94,0.0,0.0,1386.907322,-34.820152,6.269007,1.0,0.0,0.0,0.0,1.0,1453.962874,-35.142671,1021.0,5006.0,0.0,161.0,-0.857591,35.949277,129.417397,35.949274,0.013644,-0.000198,-0.244366,-0.265483,6e-05,0.101736,0.10675,0.0,0.0,0.0,0.0,0.0,-9999.0,-9999.0,-9999.0,-9999.0,-9999.0,-9999.0,-9999.0,-9999.0,-9999.0,-9999.0,-9999.0,-9999.0,-9999.0,-9999.0,149.0,lane7,spur3,stable_reference,3.651496608975738,-2.811798337919128,-0.7100666620211317,-4.460170209703866,-0.7100666620211317,9.4333333,339.36962049191555,0.6890795769714955,272.3136706000024,0.46400931394039413,0.46398093681426744,-0.13310140575461915,0.3218336418565557,1.174051216017666,-0.7100419020772718
P23_AV1_1_interaction,P23,AV1,1,on_ramp,P23_AV1_1,P23_AV1.1.asc,AV1,60,initiator_active,3629,1,60483.33,60483.3336,1.0,21.94,78.984,149.0,89.248686,-1387.344356,0.0,0.0,0.0,21.94,0.0,0.0,1387.272952,-34.825284,6.26919,1.0,0.0,0.0,0.0,1.0,1454.561965,-35.134804,1021.0,5006.0,0.0,161.0,-0.847203,35.945204,129.402735,35.94519,0.031717,-0.000195,-0.244076,-0.302379,0.000242,0.097497,0.10675,0.0,0.0,0.0,0.0,0.0,-9999.0,-9999.0,-9999.0,-9999.0,-9999.0,-9999.0,-9999.0,-9999.0,-9999.0,-9999.0,-9999.0,-9999.0,-9999.0,-9999.0,149.0,lane7,spur3,stable_reference,3.656505322771091,-2.808493061829183,-0.7152404565660638,-4.465340465511275,-0.7152404565660638,9.449999599999996,339.9686272743551,0.7018385174275322,272.6793303170488,0.46186323529367207,0.46180555157703657,-0.12915094107755998,0.20501854077699821,1.1770796273367847,-0.7152163920431127
P23_AV1_1_interaction,P23,AV1,1,on_ramp,P23_AV1_1,P23_AV1.1.asc,AV1,60,initiator_active,3630,1,60500.0,60500.0,1.0,21.94,78.984,149.0,89.614124,-1387.71,0.0,0.0,0.0,21.94,0.0,0.0,1387.638584,-34.830371,6.269294,1.0,0.0,0.0,0.0,1.0,1455.160989,-35.127016,1021.0,5006.0,0.0,161.0,-0.836902,35.941131,129.388073,35.941098,0.049269,-0.000189,-0.243949,-0.339636,0.00044,0.094043,0.10675,0.0,0.0,0.0,0.0,0.0,-9999.0,-9999.0,-9999.0,-9999.0,-9999.0,-9999.0,-9999.0,-9999.0,-9999.0,-9999.0,-9999.0,-9999.0,-9999.0,-9999.0,149.0,lane7,spur3,stable_reference,3.6615590747213154,-2.8051427515737126,-0.7203409782060375,-4.470440984151603,-0.7203409782060375,9.466665999999998,340.5675677041457,0.7145179133927779,273.0449916665566,0.45976217147862186,0.4596759875156214,-0.12626759064339232,0.20186298962991778,1.1800789135528185,-0.7203167420741966
P23_AV1_1_interaction,P23,AV1,1,on_ramp,P23_AV1_1,P23_AV1.1.asc,AV1,60,initiator_active,3631,1,60516.67,60516.6678,1.0,21.94,78.984,149.0,89.979559,-1388.075644,0.0,0.0,0.0,21.94,0.0,0.0,1388.004215,-34.835435,6.269348,1.0,0.0,0.0,0.0,1.0,1455.759946,-35.119318,1021.0,5006.0,0.0,161.0,-0.826698,35.937057,129.373404,35.936996,0.066188,-0.00018,-0.243884,-0.377368,0.000624,0.091531,0.10675,0.0,0.0,0.0,0.0,0.0,-9999.0,-9999.0,-9999.0,-9999.0,-9999.0,-9999.0,-9999.0,-9999.0,-9999.0,-9999.0,-9999.0,-9999.0,-9999.0,-9999.0,149.0,lane7,spur3,stable_reference,3.666635790097671,-2.801769470513107,-0.725418499809041,-4.475518502754974,-0.725418499809041,9.4833338,341.1664418711142,0.7271067652339889,273.4106518282786,0.45768409873064503,0.4575965266804214,-0.12242191899949617,0.28863555112900086,1.1830781915728006,-0.7253940928421556
P23_AV1_1_interaction,P23,AV1,1,on_ramp,P23_AV1_1,P23_AV1.1.asc,AV1,60,initiator_active,3632,1,60533.33,60533.3334,1.0,21.94,78.984,149.0,90.344992,-1388.441288,0.0,0.0,0.0,21.94,0.0,0.0,1388.369847,-34.840487,6.269372,1.0,0.0,0.0,0.0,1.0,1456.358836,-35.111721,1021.0,5006.0,0.0,161.0,-0.816602,35.932978,129.358722,35.932884,0.08238,-0.000167,-0.243853,-0.416025,0.000785,0.090275,0.10675,0.002198,0.0,0.0,0.0,0.0,-9999.0,-9999.0,-9999.0,-9999.0,-9999.0,-9999.0,-9999.0,-9999.0,-9999.0,-9999.0,-9999.0,-9999.0,-9999.0,-9999.0,149.0,lane7,spur3,stable_reference,3.671724528589093,-2.7983841695746494,-0.7304840214490435,-4.480584021395333,-0.7304840214490435,9.4999994,341.7652498650873,0.739594073317943,273.7763128919749,0.4556180337485908,0.45559523843763305,-0.11664664115471624,0.4085436023760698,1.1860774777994476,-0.7304594440508568
P23_AV1_1_interaction,P23,AV1,1,on_ramp,P23_AV1_1,P23_AV1.1.asc,AV1,60,initiator_active,3633,1,60550.0,60550.0006,1.0,21.94,78.984,149.0,90.710422,-1388.806931,0.0,0.0,0.0,21.94,0.0,0.0,1388.73548,-34.845475,6.26971,1.0,0.0,0.0,0.0,1.0,1456.95766,-35.104237,1021.0,5006.0,0.0,161.0,-0.806626,35.928646,129.343126,35.928513,0.097769,-0.000152,-0.263954,-0.455388,0.000946,0.090275,0.10675,0.0,0.0,0.0,0.0,0.0,-9999.0,-9999.0,-9999.0,-9999.0,-9999.0,-9999.0,-9999.0,-9999.0,-9999.0,-9999.0,-9999.0,-9999.0,-9999.0,-9999.0,149.0,lane7,spur3,stable_reference,3.676877270199685,-2.794934862600717,-0.7354855431260622,-4.485585540072705,-0.7354855431260622,9.516666599999997,342.36399278402354,0.7519678462107999,274.14197443301117,0.45361597479865756,0.45370837852335233,-0.10880381838548203,0.5172743376570237,1.1890767722485347,-0.7354607974498771
P23_AV1_1_interaction,P23,AV1,1,on_ramp,P23_AV1_1,P23_AV1.1.asc,AV1,60,initiator_active,3634,1,60566.67,60566.6667,1.0,21.94,78.984,149.0,91.07585,-1389.172574,0.0,0.0,0.0,21.94,0.0,0.0,1389.101116,-34.850222,6.270367,1.0,0.0,0.0,0.0,1.0,1457.556414,-35.096878,1021.0,5006.0,0.0,161.0,-0.796781,35.924456,129.328042,35.92428,0.112316,-0.000136,-0.245263,-0.49282,0.001018,0.090275,0.10675,0.0,0.0,0.0,0.0,0.0,-9999.0,-9999.0,-9999.0,-9999.0,-9999.0,-9999.0,-9999.0,-9999.0,-9999.0,-9999.0,-9999.0,-9999.0,-9999.0,-9999.0,149.0,lane7,spur3,stable_reference,3.682271002325429,-2.7912445505642154,-0.7402460649141988,-4.490346058861163,-0.7402460649141988,9.533332699999999,342.96266672604906,0.7642160516484898,274.50763700593103,0.4518549323112604,0.45196843842942586,-0.09940428325596606,0.5834322965463636,1.1920760913798027,-0.7402211590685424
P23_AV1_1_interaction,P23,AV1,1,on_ramp,P23_AV1_1,P23_AV1.1.asc,AV1,60,initiator_active,3635,1,60583.33,60583.334,1.0,21.94,78.984,149.0,91.441277,-1389.538214,0.0,0.0,0.0,21.94,0.0,0.0,1389.466754,-34.854737,6.270983,1.0,0.0,0.0,0.0,1.0,1458.1551,-35.089655,1021.0,5006.0,0.0,161.0,-0.787077,35.920354,129.313275,35.920133,0.12602,-0.000119,-0.244145,-0.528685,0.001018,0.091531,0.10675,0.0,0.0,0.0,0.0,0.0,-9999.0,-9999.0,-9999.0,-9999.0,-9999.0,-9999.0,-9999.0,-9999.0,-9999.0,-9999.0,-9999.0,-9999.0,-9999.0,-9999.0,149.0,lane7,spur3,stable_reference,3.687896700697673,-2.787322254141595,-0.7447745867764527,-4.494874577723721,-0.7447745867764527,9.55,343.56127378092395,0.7763277063298688,274.87329968426224,0.45032589842045045,0.4503949077779119,-0.08935598961167024,0.5738501647109779,1.1950754269874961,-0.7447495285670457
P23_AV1_1_interaction,P23,AV1,1,on_ramp,P23_AV1_1,P23_AV1.1.asc,AV1,60,initiator_active,3636,1,60600.0,60600.0,1.0,21.94,78.984,149.0,91.806705,-1389.903851,0.0,0.0,0.0,21.94,0.0,0.0,1389.832395,-34.85907,6.271441,1.0,0.0,0.0,0.0,1.0,1458.75372,-35.082577,1021.0,5006.0,0.0,161.0,-0.777525,35.916254,129.298514,35.915985,0.138876,-0.000102,-0.243934,-0.563583,0.001015,0.092316,0.10675,0.0,0.0,0.0,0.0,0.0,-9999.0,-9999.0,-9999.0,-9999.0,-9999.0,-9999.0,-9999.0,-9999.0,-9999.0,-9999.0,-9999.0,-9999.0,-9999.0,-9999.0,149.0,lane7,spur3,stable_reference,3.6937044122727354,-2.7832179369506047,-0.7491144412954749,-4.499214424672913,-0.7491144412954749,9.566665999999998,344.1598160220755,0.7882938268871135,275.2389638762735,0.4489788829593947,0.44898989528553446,-0.08027588809973274,0.4756370528828886,1.1980694650180186,-0.7490905820586239
P23_AV1_1_interaction,P23,AV1,1,on_ramp,P23_AV1_1,P23_AV1.1.asc,AV1,60,initiator_active,3637,1,60616.67,60616.6672,1.0,21.94,78.984,149.0,92.172132,-1390.269485,0.0,0.0,0.0,21.94,0.0,0.0,1390.198038,-34.863277,6.271749,1.0,0.0,0.0,0.0,1.0,1459.352272,-35.075656,1021.0,5006.0,0.0,161.0,-0.768134,35.91215,129.28374,35.911833,0.150896,-8.5e-05,-0.243866,-0.595428,0.001014,0.09263,0.10675,0.0,0.0,0.0,0.0,0.0,-9999.0,-9999.0,-9999.0,-9999.0,-9999.0,-9999.0,-9999.0,-9999.0,-9999.0,-9999.0,-9999.0,-9999.0,-9999.0,-9999.0,149.0,lane7,spur3,stable_reference,3.6996381308552064,-2.778987607156276,-0.7532538359737211,-4.5033538343476405,-0.7532538359737211,9.5833332,344.7582915475633,0.8001023973882474,275.6046290392969,0.4477578796292571,0.4477190652128148,-0.07350165066448788,0.34085618438305865,1.200987724526729,-0.7532298448974719
P23_AV1_1_interaction,P23,AV1,1,on_ramp,P23_AV1_1,P23_AV1.1.asc,AV1,60,initiator_active,3638,1,60633.33,60633.3341,1.0,21.94,78.984,149.0,92.537558,-1390.635118,0.0,0.0,0.0,21.94,0.0,0.0,1390.563681,-34.867404,6.271937,1.0,0.0,0.0,0.0,1.0,1459.950759,-35.0689,1021.0,5006.0,0.0,161.0,-0.758913,35.908041,129.268949,35.907676,0.162109,-6.8e-05,-0.243834,-0.624576,0.001007,0.092316,0.107,0.0,0.0,0.0,0.0,0.0,-9999.0,-9999.0,-9999.0,-9999.0,-9999.0,-9999.0,-9999.0,-9999.0,-9999.0,-9999.0,-9999.0,-9999.0,-9999.0,-9999.0,149.0,lane7,spur3,stable_reference,3.705651818674717,-2.7746772986579566,-0.7573132306533457,-4.507413244023748,-0.7573132306533457,9.600000099999997,345.3567034226153,0.8117454425981434,275.9702935490369,0.44661687363169467,0.4465397822647059,-0.06891371461320972,0.2676829618944947,1.2039059839173847,-0.75728911028569
P23_AV1_1_interaction,P23,AV1,1,on_ramp,P23_AV1_1,P23_AV1.1.asc,AV1,60,initiator_active,3639,1,60650.0,60650.0007,1.0,21.94,78.984,149.0,92.902981,-1391.00075,0.0,0.0,0.0,21.94,0.0,0.0,1390.929325,-34.871487,6.272044,1.0,0.0,0.0,0.0,1.0,1460.549178,-35.062318,1021.0,5006.0,0.0,161.0,-0.74987,35.903928,129.254142,35.903514,0.17254,-5.2e-05,-0.243804,-0.651212,0.000991,0.091374,0.10625,0.0,0.0,0.0,0.0,0.0,-9999.0,-9999.0,-9999.0,-9999.0,-9999.0,-9999.0,-9999.0,-9999.0,-9999.0,-9999.0,-9999.0,-9999.0,-9999.0,-9999.0,149.0,lane7,spur3,stable_reference,3.71170951730412,-2.7703229788001837,-0.7613286251488245,-4.511428653515748,-0.7613286251488245,9.616666699999994,345.95504872082597,0.8232139383187528,276.3359586994375,0.4455198743330984,0.44542192880140274,-0.06457883610061188,0.277678191691211,1.206824251224263,-0.7613043768911647
P23_AV1_1_interaction,P23,AV1,1,on_ramp,P23_AV1_1,P23_AV1.1.asc,AV1,60,initiator_active,3640,1,60666.84,60666.8432,1.0,21.94,78.984,149.0,93.268402,-1391.366382,0.0,0.0,0.0,21.94,0.0,0.0,1391.294969,-34.875544,6.2721,1.0,0.0,0.0,0.0,1.0,1461.147532,-35.055919,1021.0,5006.0,0.0,161.0,-0.741014,35.899811,129.239318,35.899348,0.182223,-3.6e-05,-0.243743,-0.672825,0.000963,0.089647,0.10675,0.0,0.0,0.0,0.0,0.0,-9999.0,-9999.0,-9999.0,-9999.0,-9999.0,-9999.0,-9999.0,-9999.0,-9999.0,-9999.0,-9999.0,-9999.0,-9999.0,-9999.0,149.0,lane7,spur3,stable_reference,3.71779320593558,-2.765942665863605,-0.7653180196447416,-4.515418063008189,-0.7653180196447416,9.6335092,346.55333051558983,0.8344989093482825,276.70162363752104,0.44444887416759793,0.44437668512614936,-0.05960274946907873,0.3526723177946798,1.2097425184927761,-0.7652936443251782
P23_AV1_1_interaction,P23,AV1,1,on_ramp,P23_AV1_1,P23_AV1.1.asc,AV1,60,initiator_active,3641,1,60683.33,60683.3345,1.0,21.94,78.984,149.0,93.63382,-1391.732013,0.0,0.0,0.0,21.94,0.0,0.0,1391.660613,-34.87959,6.272125,1.0,0.0,0.0,0.0,1.0,1461.745819,-35.049708,1021.0,5006.0,0.0,161.0,-0.73235,35.89569,129.224483,35.895181,0.19121,-2e-05,-0.243635,-0.688909,0.000928,0.086193,0.10675,0.0,0.0,0.0,0.0,0.0,-9999.0,-9999.0,-9999.0,-9999.0,-9999.0,-9999.0,-9999.0,-9999.0,-9999.0,-9999.0,-9999.0,-9999.0,-9999.0,-9999.0,149.0,lane7,spur3,stable_reference,3.723887890337122,-2.7615513558552265,-0.7692964141408537,-4.519396472500824,-0.7692964141408537,9.650000499999994,347.15154684780373,0.8455953395213739,277.0672884857781,0.44338887363532153,0.4434334347707487,-0.05286270273554905,0.48010324606018706,1.2126607857450553,-0.7692719121097338
P23_AV1_1_interaction,P23,AV1,1,on_ramp,P23_AV1_1,P23_AV1.1.asc,AV1,60,initiator_active,3642,1,60700.0,60700.0002,1.0,21.94,78.984,149.0,93.999235,-1392.097643,0.0,0.0,0.0,21.94,0.0,0.0,1392.02626,-34.88345,6.272796,1.0,0.0,0.0,0.0,1.0,1462.344039,-35.043693,1021.0,5006.0,0.0,161.0,-0.723885,35.891567,129.209642,35.891013,0.199534,-5e-06,-0.243479,-0.699868,0.00089,0.081169,0.10675,0.0,0.0,0.0,0.0,0.0,-9999.0,-9999.0,-9999.0,-9999.0,-9999.0,-9999.0,-9999.0,-9999.0,-9999.0,-9999.0,-9999.0,-9999.0,-9999.0,-9999.0,149.0,lane7,spur3,stable_reference,3.730168586403362,-2.756974026143273,-0.7730888080854614,-4.523188881442075,-0.7730888080854614,9.6666662,347.74969778279603,0.8564952291047667,277.4329548150513,0.4425148913994347,0.4426254362344882,-0.04365893011090449,0.5753659805321027,1.2155790766663224,-0.7730641852668877
P23_AV1_1_interaction,P23,AV1,1,on_ramp,P23_AV1_1,P23_AV1.1.asc,AV1,60,initiator_active,3643,1,60716.67,60716.6674,1.0,21.94,78.984,149.0,94.36465,-1392.463272,0.0,0.0,0.0,21.94,0.0,0.0,1392.391909,-34.887068,6.273459,1.0,0.0,0.0,0.0,1.0,1462.942192,-35.037878,1021.0,5006.0,0.0,161.0,-0.715623,35.887444,129.1948,35.886846,0.207221,1e-05,-0.243254,-0.703406,0.000853,0.073476,0.10675,0.0,0.0,0.0,0.0,0.0,-9999.0,-9999.0,-9999.0,-9999.0,-9999.0,-9999.0,-9999.0,-9999.0,-9999.0,-9999.0,-9999.0,-9999.0,-9999.0,-9999.0,149.0,lane7,spur3,stable_reference,3.7366912448707095,-2.752154714707196,-0.7766392016644155,-4.526739290017749,-0.7766392016644155,9.683333399999995,348.3477833532307,0.8671945782318188,277.79862116807516,0.44188291742670943,0.44197817049128824,-0.03368401671717436,0.6003598813691498,1.2184973831927923,-0.776614465766083
P23_AV1_1_interaction,P23,AV1,1,on_ramp,P23_AV1_1,P23_AV1.1.asc,AV1,60,initiator_active,3644,1,60733.33,60733.3341,1.0,21.94,78.984,149.0,94.730063,-1392.828896,0.0,0.0,0.0,21.94,0.0,0.0,1392.757559,-34.890472,6.274,1.0,0.0,0.0,0.0,1.0,1463.540279,-35.032266,1021.0,5006.0,0.0,161.0,-0.707566,35.883323,129.179961,35.882683,0.214279,2.4e-05,-0.243088,-0.701527,0.000827,0.064056,0.10675,0.002198,0.0,0.0,0.0,0.0,-9999.0,-9999.0,-9999.0,-9999.0,-9999.0,-9999.0,-9999.0,-9999.0,-9999.0,-9999.0,-9999.0,-9999.0,-9999.0,-9999.0,149.0,lane7,spur3,stable_reference,3.743427848776708,-2.7471214371656685,-0.7799384565521297,-4.5300385534269845,-0.7799384565521297,9.700000099999997,348.9458045835728,0.8776903951686116,278.16428677353264,0.44146494448468604,0.44150261143903186,-0.023646595745535848,0.5669319643217255,1.2213794721574631,-0.779914527672777
P23_AV1_1_interaction,P23,AV1,1,on_ramp,P23_AV1_1,P23_AV1.1.asc,AV1,60,initiator_active,3645,1,60750.0,60750.0014,1.0,21.94,78.984,149.0,95.095476,-1393.194518,0.0,0.0,0.0,21.94,0.0,0.0,1393.123212,-34.893722,6.274384,1.0,0.0,0.0,0.0,1.0,1464.138298,-35.026859,1021.0,5006.0,0.0,161.0,-0.699717,35.878952,129.164227,35.878273,0.220673,3.9e-05,-0.262925,-0.695165,0.00085,0.05338,0.10625,0.0,0.0,0.0,0.0,0.0,-9999.0,-9999.0,-9999.0,-9999.0,-9999.0,-9999.0,-9999.0,-9999.0,-9999.0,-9999.0,-9999.0,-9999.0,-9999.0,-9999.0,149.0,lane7,spur3,stable_reference,3.7503184766525743,-2.7419341314021555,-0.7830667703487237,-4.533166898712414,-0.7830667703487237,9.716667399999999,349.54375949022096,0.8879806636497405,278.5299541213196,0.441200990906028,0.4411899407330805,-0.014785948993742082,0.4429050589566332,1.224243736397258,-0.7830427454912301
P23_AV1_1_interaction,P23,AV1,1,on_ramp,P23_AV1_1,P23_AV1.1.asc,AV1,60,initiator_active,3646,1,60766.67,60766.6668,1.0,21.94,78.984,149.0,95.460887,-1393.560137,0.0,0.0,0.0,21.94,0.0,0.0,1393.488865,-34.89687,6.274629,1.0,0.0,0.0,0.0,1.0,1464.736247,-35.021657,1021.0,5006.0,0.0,161.0,-0.692075,35.874733,129.14904,35.874019,0.226357,5.3e-05,-0.243862,-0.68231,0.000839,0.040506,0.10675,0.0,0.0,0.0,0.0,0.0,-9999.0,-9999.0,-9999.0,-9999.0,-9999.0,-9999.0,-9999.0,-9999.0,-9999.0,-9999.0,-9999.0,-9999.0,-9999.0,-9999.0,149.0,lane7,spur3,stable_reference,3.757311065305689,-2.736644852791034,-0.7860930841509689,-4.536193244003498,-0.7860930841509689,9.733332799999996,350.1416460732419,0.8980653673431276,278.8956206361702,0.44103903392640714,0.4410097407382628,-0.00888303719459671,0.2567890726580998,1.2271080003711485,-0.7860689664447413
P23_AV1_1_interaction,P23,AV1,1,on_ramp,P23_AV1_1,P23_AV1.1.asc,AV1,60,initiator_active,3647,1,60783.33,60783.3339,1.0,21.94,78.984,149.0,95.826295,-1393.925754,0.0,0.0,0.0,21.94,0.0,0.0,1393.854518,-34.899958,6.274773,1.0,0.0,0.0,0.0,1.0,1465.334128,-35.016661,1021.0,5006.0,0.0,161.0,-0.684639,35.870614,129.13421,35.869868,0.231277,6.7e-05,-0.242415,-0.665384,0.000814,0.02669,0.10625,0.0,0.0,0.0,0.0,0.0,-9999.0,-9999.0,-9999.0,-9999.0,-9999.0,-9999.0,-9999.0,-9999.0,-9999.0,-9999.0,-9999.0,-9999.0,-9999.0,-9999.0,149.0,lane7,spur3,stable_reference,3.7643636308865935,-2.7312955901519245,-0.7890593979565376,-4.5391595892979,-0.7890593979565376,9.749999899999995,350.7394663407348,0.9079435226141889,279.26128666105825,0.44093707494623036,0.4408938534573928,-0.006226858448945549,0.12250467348847838,1.229972264188636,-0.7890351892424056
P23_AV1_1_interaction,P23,AV1,1,on_ramp,P23_AV1_1,P23_AV1.1.asc,AV1,60,initiator_active,3648,1,60800.0,60800.0006,1.0,21.94,78.984,149.0,96.191702,-1394.29137,0.0,0.0,0.0,21.94,0.0,0.0,1394.220172,-34.903011,6.274851,1.0,0.0,0.0,0.0,1.0,1465.931941,-35.011867,1021.0,5006.0,0.0,161.0,-0.677408,35.866509,129.119433,35.865737,0.23533,8.1e-05,-0.241668,-0.646565,0.000839,0.013031,0.10625,0.0,0.0,0.0,0.0,0.0,-9999.0,-9999.0,-9999.0,-9999.0,-9999.0,-9999.0,-9999.0,-9999.0,-9999.0,-9999.0,-9999.0,-9999.0,-9999.0,-9999.0,149.0,lane7,spur3,stable_reference,3.7714512107382143,-2.7259113137575537,-0.7919907114312537,-4.542090934261536,-0.7919907114312537,9.766666599999997,351.33722026003585,0.9176191293295599,279.6269534001013,0.4408701229650982,0.44080217530314625,-0.004799461420294193,0.10934805887022073,1.2328365357481412,-0.791966412783043
P23_AV1_1_interaction,P23,AV1,1,on_ramp,P23_AV1_1,P23_AV1.1.asc,AV1,60,initiator_active,3649,1,60816.67,60816.668,1.0,21.94,78.984,149.0,96.557105,-1394.656986,0.0,0.0,0.0,21.94,0.0,0.0,1394.585826,-34.906047,6.27489,1.0,0.0,0.0,0.0,1.0,1466.529687,-35.007274,1021.0,5006.0,0.0,161.0,-0.670377,35.86241,129.104674,35.861617,0.238418,9.6e-05,-0.241885,-0.623654,0.000908,-0.001413,0.10675,0.0,0.0,0.0,0.0,0.0,-9999.0,-9999.0,-9999.0,-9999.0,-9999.0,-9999.0,-9999.0,-9999.0,-9999.0,-9999.0,-9999.0,-9999.0,-9999.0,-9999.0,149.0,lane7,spur3,stable_reference,3.778555784052718,-2.720510041888584,-0.7949050249069046,-4.545005279226113,-0.7949050249069046,9.783333999999995,351.9349088229453,0.9270931956219427,279.99262000032166,0.44082017041714033,0.44073386871218667,-0.0025818061328912734,0.19235252393062324,1.2357008072633229,-0.7948806368461825
P23_AV1_1_interaction,P23,AV1,1,on_ramp,P23_AV1_1,P23_AV1.1.asc,AV1,60,initiator_active,3650,1,60833.33,60833.3334,1.0,21.94,78.984,149.0,96.922506,-1395.022602,0.0,0.0,0.0,21.94,0.0,0.0,1394.95148,-34.909076,6.274906,1.0,0.0,0.0,0.0,1.0,1467.127366,-35.002877,1021.0,5006.0,0.0,161.0,-0.663543,35.858312,129.089922,35.857505,0.240438,0.000112,-0.241565,-0.601552,0.001005,-0.01413,0.1065,0.0,0.0,0.0,0.0,0.0,-9999.0,-9999.0,-9999.0,-9999.0,-9999.0,-9999.0,-9999.0,-9999.0,-9999.0,-9999.0,-9999.0,-9999.0,-9999.0,-9999.0,149.0,lane7,spur3,stable_reference,3.7856673546754567,-2.7151017718830075,-0.797812338382953,-4.547912624191072,-0.797812338382953,9.7999994,352.5325319886332,0.9363707213246271,280.3582865433797,0.44077721763578726,0.4407161104104078,0.0016119496073692119,0.32066216282341986,1.2385650787602707,-0.7977878611244834
P23_AV1_1_interaction,P23,AV1,1,on_ramp,P23_AV1_1,P23_AV1.1.asc,AV1,60,initiator_active,3651,1,60850.0,60850.0008,1.0,21.94,78.984,149.0,97.287904,-1395.388217,0.0,0.0,0.0,21.94,0.0,0.0,1395.317135,-34.912101,6.274912,1.0,0.0,0.0,0.0,1.0,1467.724978,-34.998671,1021.0,5006.0,0.0,161.0,-0.6569,35.854223,129.075201,35.853411,0.241249,0.000131,-0.241212,-0.582305,0.001109,-0.024021,0.1065,0.0,0.0,0.0,0.0,0.0,-9999.0,-9999.0,-9999.0,-9999.0,-9999.0,-9999.0,-9999.0,-9999.0,-9999.0,-9999.0,-9999.0,-9999.0,-9999.0,-9999.0,149.0,lane7,spur3,stable_reference,3.792782951489568,-2.7096894798699767,-0.8006999154691771,-4.550798270245192,-0.8006999154691771,9.816666799999998,353.1300897162693,0.945456706270887,280.72395405374033,0.44073827288710427,0.44078761021681656,0.008107037695408437,0.44877587291963517,1.241414541270495,-0.8006762683833908
P23_AV1_1_interaction,P23,AV1,1,on_ramp,P23_AV1_1,P23_AV1.1.asc,AV1,60,initiator_active,3652,1,60866.67,60866.6674,1.0,21.94,78.984,149.0,97.653298,-1395.753832,0.0,0.0,0.0,21.94,0.0,0.0,1395.68279,-34.914951,6.275554,1.0,0.0,0.0,0.0,1.0,1468.322524,-34.994653,1021.0,5006.0,0.0,161.0,-0.650444,35.85014,129.060504,35.849332,0.240736,0.00015,-0.241011,-0.565729,0.001205,-0.031086,0.1065,0.0,0.0,0.0,0.0,0.0,-9999.0,-9999.0,-9999.0,-9999.0,-9999.0,-9999.0,-9999.0,-9999.0,-9999.0,-9999.0,-9999.0,-9999.0,-9999.0,-9999.0,149.0,lane7,spur3,stable_reference,3.8000734810097385,-2.704102234441942,-0.8033741552371519,-4.553465807338229,-0.8033741552371519,9.833333399999995,353.727582981322,0.9543541585267501,281.0896201350435,0.44087432230345014,0.44098634429751216,0.016571350017164477,0.5434931329311168,1.2442247514764433,-0.8033504291729932
P23_AV1_1_interaction,P23,AV1,1,on_ramp,P23_AV1_1,P23_AV1.1.asc,AV1,60,initiator_active,3653,1,60883.33,60883.334,1.0,21.94,78.984,149.0,98.018691,-1396.119445,0.0,0.0,0.0,21.94,0.0,0.0,1396.048447,-34.917566,6.276194,1.0,0.0,0.0,0.0,1.0,1468.920002,-34.990816,1021.0,5006.0,0.0,161.0,-0.64417,35.846062,129.045824,35.845267,0.238821,0.000171,-0.240886,-0.553685,0.001285,-0.034383,0.10675,0.0,0.0,0.0,0.0,0.0,-9999.0,-9999.0,-9999.0,-9999.0,-9999.0,-9999.0,-9999.0,-9999.0,-9999.0,-9999.0,-9999.0,-9999.0,-9999.0,-9999.0,149.0,lane7,spur3,stable_reference,3.8075989756227897,-2.698280005426392,-0.8058133940709321,-4.5558983434625215,-0.8058133940709321,9.85,354.3250097266959,0.9630700615267233,281.45528629725965,0.44124538021635284,0.44133998634120875,0.026223402994029144,0.58263796463719,1.2470349761850392,-0.8057895959686864
P23_AV1_1_interaction,P23,AV1,1,on_ramp,P23_AV1_1,P23_AV1.1.asc,AV1,60,initiator_active,3654,1,60900.0,60900.0007,1.0,21.94,78.984,149.0,98.384083,-1396.485053,0.0,0.0,0.0,21.94,0.0,0.0,1396.414106,-34.919975,6.276719,1.0,0.0,0.0,0.0,1.0,1469.517413,-34.987157,1021.0,5006.0,0.0,161.0,-0.638072,35.841988,129.031157,35.841215,0.235466,0.000193,-0.240802,-0.545163,0.001332,-0.034383,0.10675,0.0,0.0,0.0,0.0,0.0,-9999.0,-9999.0,-9999.0,-9999.0,-9999.0,-9999.0,-9999.0,-9999.0,-9999.0,-9999.0,-9999.0,-9999.0,-9999.0,-9999.0,149.0,lane7,spur3,stable_reference,3.8153304464802833,-2.6922517851035277,-0.808046631967165,-4.558124878614454,-0.808046631967165,9.866666699999994,354.9223709278592,0.9716074233368251,281.8209527772045,0.44182244759274863,0.441860457857495,0.035992596786300624,0.5471664998233893,1.2498452155034114,-0.8080227679106629
P23_AV1_1_interaction,P23,AV1,1,on_ramp,P23_AV1_1,P23_AV1.1.asc,AV1,60,initiator_active,3655,1,60916.67,60916.6668,1.0,21.94,78.984,149.0,98.749473,-1396.850658,0.0,0.0,0.0,21.94,0.0,0.0,1396.779766,-34.922234,6.277092,1.0,0.0,0.0,0.0,1.0,1470.114757,-34.983673,1021.0,5006.0,0.0,161.0,-0.632146,35.837913,129.016486,35.83717,0.23071,0.000215,-0.241214,-0.536822,0.001331,-0.031714,0.10675,0.0,0.0,0.0,0.0,0.0,-9999.0,-9999.0,-9999.0,-9999.0,-9999.0,-9999.0,-9999.0,-9999.0,-9999.0,-9999.0,-9999.0,-9999.0,-9999.0,-9999.0,149.0,lane7,spur3,stable_reference,3.8232118873867726,-2.686073581638394,-0.8101298694000567,-4.560201413286064,-0.8101298694000567,9.883332799999996,355.519666560314,0.9799692438570291,282.18661903220976,0.44254951813378357,0.44253971465422814,0.04446204127924425,0.41643787195906223,1.2526554619530466,-0.810105943819263
P23_AV1_1_interaction,P23,AV1,1,on_ramp,P23_AV1_1,P23_AV1.1.asc,AV1,60,initiator_active,3656,1,60933.33,60933.3339,1.0,21.94,78.984,149.0,99.11486,-1397.21626,0.0,0.0,0.0,21.94,0.0,0.0,1397.145426,-34.924394,6.27733,1.0,0.0,0.0,0.0,1.0,1470.712034,-34.980358,1021.0,5006.0,0.0,161.0,-0.626389,35.833838,129.001816,35.833134,0.224645,0.000237,-0.241013,-0.531577,0.001228,-0.027004,0.10675,0.0,0.0,0.0,0.0,0.0,-9999.0,-9999.0,-9999.0,-9999.0,-9999.0,-9999.0,-9999.0,-9999.0,-9999.0,-9999.0,-9999.0,-9999.0,-9999.0,-9999.0,149.0,lane7,spur3,stable_reference,3.831192290224116,-2.6797964045270604,-0.8121141068443783,-4.5621789479699935,-0.8121141068443783,9.899999899999996,356.1168965750639,0.988161522887276,282.5522844787765,0.443375585373897,0.44334252738258206,0.049873620162230736,0.24059598301577734,1.2554657080369587,-0.8120901226630617
P23_AV1_1_interaction,P23,AV1,1,on_ramp,P23_AV1_1,P23_AV1.1.asc,AV1,60,initiator_active,3657,1,60950.0,60950.0,1.0,21.94,78.984,149.0,99.480245,-1397.58186,0.0,0.0,0.0,21.94,0.0,0.0,1397.511087,-34.926494,6.277471,1.0,0.0,0.0,0.0,1.0,1471.309244,-34.97721,1021.0,5006.0,0.0,161.0,-0.620796,35.829765,128.987155,35.829106,0.217364,0.000255,-0.241283,-0.525752,0.001053,-0.021352,0.10675,0.0,0.0,0.0,0.0,0.0,-9999.0,-9999.0,-9999.0,-9999.0,-9999.0,-9999.0,-9999.0,-9999.0,-9999.0,-9999.0,-9999.0,-9999.0,-9999.0,-9999.0,149.0,lane7,spur3,stable_reference,3.839232697718775,-2.6734592203154626,-0.8140383438149587,-4.564096482162396,-0.8140383438149587,9.916665999999998,356.71406095577714,0.9961862603608863,282.9179504353475,0.4442616587794906,0.4442021585977046,0.052482043475876594,0.1444511843150147,1.2582759615846073,-0.8140143028051168
P23_AV1_1_interaction,P23,AV1,1,on_ramp,P23_AV1_1,P23_AV1.1.asc,AV1,60,initiator_active,3658,1,60966.67,60966.6672,1.0,21.94,78.984,149.0,99.845628,-1397.947459,0.0,0.0,0.0,21.94,0.0,0.0,1397.876748,-34.928561,6.277548,1.0,0.0,0.0,0.0,1.0,1471.906387,-34.974225,1021.0,5006.0,0.0,161.0,-0.615363,35.82569,128.972484,35.82508,0.209065,0.000271,-0.241508,-0.515964,0.000808,-0.016328,0.10675,0.0,0.0,0.0,0.0,0.0,-9999.0,-9999.0,-9999.0,-9999.0,-9999.0,-9999.0,-9999.0,-9999.0,-9999.0,-9999.0,-9999.0,-9999.0,-9999.0,-9999.0,149.0,lane7,spur3,stable_reference,3.847306092523704,-2.6670890448884803,-0.8159295807893627,-4.565981016358908,-0.8159295807893627,9.933333200000002,357.31115966978916,1.004047456144483,283.2836161224388,0.4451807310847689,0.4450919290677594,0.05468862829250476,0.14280726297451962,1.2610862150103508,-0.8159054839255819
P23_AV1_1_interaction,P23,AV1,1,on_ramp,P23_AV1_1,P23_AV1.1.asc,AV1,60,initiator_active,3659,1,60983.33,60983.3347,1.0,21.94,78.984,149.0,100.211007,-1398.313057,0.0,0.0,0.0,21.94,0.0,0.0,1398.242409,-34.930612,6.277586,1.0,0.0,0.0,0.0,1.0,1472.503462,-34.971397,1021.0,5006.0,0.0,161.0,-0.610086,35.821621,128.957834,35.821062,0.199955,0.000281,-0.241092,-0.502162,0.000541,-0.012246,0.10675,0.0,0.0,0.0,0.0,0.0,-9999.0,-9999.0,-9999.0,-9999.0,-9999.0,-9999.0,-9999.0,-9999.0,-9999.0,-9999.0,-9999.0,-9999.0,-9999.0,-9999.0,149.0,lane7,spur3,stable_reference,3.8553954811760502,-2.6607028737206875,-0.8177080198500117,-4.567764897297777,-0.8177080198500117,9.950000699999997,357.90819166813714,1.0117511018719596,283.64928167887365,0.44611580285656804,0.44602518839771876,0.05724248699485557,0.2959704327033654,1.2638014960260195,-0.8176856931694515
P23_AV1_1_interaction,P23,AV1,1,on_ramp,P23_AV1_1,P23_AV1.1.asc,AV1,60,initiator_active,3660,1,61000.64,61000.6384,1.0,21.94,78.984,149.0,100.576384,-1398.678655,0.0,0.0,0.0,21.94,0.0,0.0,1398.608069,-34.932655,6.277602,1.0,0.0,0.0,0.0,1.0,1473.10047,-34.968724,1021.0,5006.0,0.0,161.0,-0.604958,35.817559,128.943214,35.817054,0.190218,0.000288,-0.241024,-0.486119,0.000285,-0.008478,0.10675,0.0,0.0,0.0,0.0,0.0,-9999.0,-9999.0,-9999.0,-9999.0,-9999.0,-9999.0,-9999.0,-9999.0,-9999.0,-9999.0,-9999.0,-9999.0,-9999.0,-9999.0,149.0,lane7,spur3,stable_reference,3.8634928390226055,-2.6543087277547515,-0.8194671218042908,-4.569530850924761,-0.8194671218042908,9.967304400000002,358.505157934456,1.0192992056426928,284.0149461700134,0.4470588661955904,0.44703814554251603,0.06492819622480361,0.5139655686515963,1.2665036132888432,-0.8194447470932529
P23_AV1_1_interaction,P23,AV1,1,on_ramp,P23_AV1_1,P23_AV1.1.asc,AV1,60,initiator_active,3661,1,61016.67,61016.6673,1.0,21.94,78.984,149.0,100.941757,-1399.044253,0.0,0.0,0.0,21.94,0.0,0.0,1398.973731,-34.934629,6.277964,1.0,0.0,0.0,0.0,1.0,1473.697412,-34.966197,1021.0,5006.0,0.0,161.0,-0.599975,35.813501,128.928605,35.813049,0.18002,0.00029,-0.24104,-0.465621,5.3e-05,-0.00628,0.10675,0.0,0.0,0.0,0.0,0.0,-9999.0,-9999.0,-9999.0,-9999.0,-9999.0,-9999.0,-9999.0,-9999.0,-9999.0,-9999.0,-9999.0,-9999.0,-9999.0,-9999.0,149.0,lane7,spur3,stable_reference,3.871659225795129,-2.647845554012104,-0.8211572222265803,-4.571227803056246,-0.8211572222265803,9.983333299999998,359.10205939521745,1.0267007753226278,284.38061209762975,0.44807094356604416,0.4481737264013706,0.0742028892589861,0.5578695754698373,1.269205744935124,-0.8211348013690798
P23_AV1_1_interaction,P23,AV1,1,on_ramp,P23_AV1_1,P23_AV1.1.asc,AV1,60,initiator_active,3662,1,61033.33,61033.3335,1.0,21.94,78.984,149.0,101.307128,-1399.40985,0.0,0.0,0.0,21.94,0.0,0.0,1399.339393,-34.936343,6.278679,1.0,0.0,0.0,0.0,1.0,1474.294286,-34.963812,1021.0,5006.0,0.0,161.0,-0.595129,35.809448,128.914013,35.809047,0.169526,0.000289,-0.241001,-0.441014,-0.000154,-0.005652,0.10625,0.0,0.0,0.0,0.0,0.0,-9999.0,-9999.0,-9999.0,-9999.0,-9999.0,-9999.0,-9999.0,-9999.0,-9999.0,-9999.0,-9999.0,-9999.0,-9999.0,-9999.0,149.0,lane7,spur3,stable_reference,3.880085512588092,-2.641122449481455,-0.8225873227272268,-4.572664755262354,-0.8225873227272268,9.999999499999998,359.69889401782444,1.0339597944463164,284.74627590207473,0.44934301226740275,0.4494685803874374,0.08314081937282758,0.5971094596057935,1.2719078750896986,-0.8225648628222959
P23_AV1_1_interaction,P23,AV1,1,on_ramp,P23_AV1_1,P23_AV1.1.asc,AV1,60,initiator_active,3663,1,61050.0,61050.0006,1.0,21.94,78.984,149.0,101.672497,-1399.775441,0.0,0.0,0.0,21.94,0.0,0.0,1399.705057,-34.937803,6.279349,1.0,0.0,0.0,0.0,1.0,1474.891093,-34.961561,1021.0,5006.0,0.0,161.0,-0.590412,35.805402,128.899446,35.805049,0.15886,0.000285,-0.2407,-0.414576,-0.000346,-0.006437,0.1065,0.0,0.0,0.0,0.0,0.0,-9999.0,-9999.0,-9999.0,-9999.0,-9999.0,-9999.0,-9999.0,-9999.0,-9999.0,-9999.0,-9999.0,-9999.0,-9999.0,-9999.0,149.0,lane7,spur3,stable_reference,3.888765757167737,-2.6341453664210874,-0.823763421751643,-4.5738477060260445,-0.823763421751643,10.016666599999997,360.295662736915,1.0410842709130441,285.1119396322781,0.45086908883180377,0.4509450940813642,0.09410662748536502,0.629328404698887,1.2746100185663347,-0.823740929734531
P23_AV1_1_interaction,P23,AV1,1,on_ramp,P23_AV1_1,P23_AV1.1.asc,AV1,60,initiator_active,3664,1,61066.67,61066.6674,1.0,21.94,78.984,149.0,102.037864,-1400.141028,0.0,0.0,0.0,21.94,0.0,0.0,1400.070722,-34.939065,6.279849,1.0,0.0,0.0,0.0,1.0,1475.487833,-34.959436,1021.0,5006.0,0.0,161.0,-0.585816,35.801364,128.884911,35.801058,0.148111,0.000277,-0.240467,-0.386011,-0.000524,-0.007536,0.10675,0.0,0.0,0.0,0.0,0.0,-9999.0,-9999.0,-9999.0,-9999.0,-9999.0,-9999.0,-9999.0,-9999.0,-9999.0,-9999.0,-9999.0,-9999.0,-9999.0,-9999.0,149.0,lane7,spur3,stable_reference,3.897643953338613,-2.626970312996044,-0.8247415200593249,-4.574832656088903,-0.8247415200593249,10.033333399999997,360.89236548716093,1.0480822044560936,285.4776027455718,0.4525931669604013,0.45260551798653603,0.10411880664385009,0.5284702376482833,1.2773121682966406,-0.8247190013362393
P23_AV1_1_interaction,P23,AV1,1,on_ramp,P23_AV1_1,P23_AV1.1.asc,AV1,60,initiator_active,3665,1,61083.33,61083.3349,1.0,21.94,78.984,149.0,102.403228,-1400.50661,0.0,0.0,0.0,21.94,0.0,0.0,1400.436387,-34.940189,6.280184,1.0,0.0,0.0,0.0,1.0,1476.084506,-34.957429,1021.0,5006.0,0.0,161.0,-0.581334,35.797333,128.8704,35.79707,0.137351,0.000267,-0.240328,-0.35622,-0.000692,-0.008949,0.107,0.0,0.0,0.0,0.0,0.0,-9999.0,-9999.0,-9999.0,-9999.0,-9999.0,-9999.0,-9999.0,-9999.0,-9999.0,-9999.0,-9999.0,-9999.0,-9999.0,-9999.0,149.0,lane7,spur3,stable_reference,3.906660096443423,-2.6196572963066087,-0.8255816184086049,-4.575679606191374,-0.8255816184086049,10.050000899999999,361.48900220323395,1.0549615948087032,285.8432647319516,0.45445524048770863,0.45441582790964163,0.1117227117680919,0.38062595479281747,1.280014317235204,-0.8255590767474954
P23_AV1_1_interaction,P23,AV1,1,on_ramp,P23_AV1_1,P23_AV1.1.asc,AV1,60,initiator_active,3666,1,61100.0,61100.0003,1.0,21.94,78.984,149.0,102.768589,-1400.872189,0.0,0.0,0.0,21.94,0.0,0.0,1400.802052,-34.941228,6.28039,1.0,0.0,0.0,0.0,1.0,1476.681112,-34.955531,1021.0,5006.0,0.0,161.0,-0.576955,35.793308,128.85591,35.793084,0.126619,0.000254,-0.240228,-0.327418,-0.000853,-0.009891,0.107,0.0,0.0,0.0,0.0,0.0,-9999.0,-9999.0,-9999.0,-9999.0,-9999.0,-9999.0,-9999.0,-9999.0,-9999.0,-9999.0,-9999.0,-9999.0,-9999.0,-9999.0,149.0,lane7,spur3,stable_reference,3.9157612068625913,-2.612259302244184,-0.8262962721487027,-4.576397755278966,-0.8262962721487027,10.066666299999998,362.0855728116396,1.0617314416707946,286.2089260242177,0.4564023111808791,0.45632954690635597,0.11680649097164242,0.27388521061569504,1.2826773558812492,-0.8262750447003702
P23_AV1_1_interaction,P23,AV1,1,on_ramp,P23_AV1_1,P23_AV1.1.asc,AV1,60,initiator_active,3667,1,61116.67,61116.6674,1.0,21.94,78.984,149.0,103.133947,-1401.237766,0.0,0.0,0.0,21.94,0.0,0.0,1401.167717,-34.942216,6.280507,1.0,0.0,0.0,0.0,1.0,1477.277652,-34.953734,1021.0,5006.0,0.0,161.0,-0.572671,35.789288,128.841436,35.7891,0.115935,0.000238,-0.240142,-0.300017,-0.001003,-0.010205,0.1065,0.0,0.0,0.0,0.0,0.0,-9999.0,-9999.0,-9999.0,-9999.0,-9999.0,-9999.0,-9999.0,-9999.0,-9999.0,-9999.0,-9999.0,-9999.0,-9999.0,-9999.0,149.0,lane7,spur3,stable_reference,3.924913297670394,-2.604810321757949,-0.8269192827440756,-4.577020880530034,-0.8269192827440756,10.083333399999995,362.6820782470162,1.0683997529416762,286.5745869000157,0.458400380173579,0.4583092869840173,0.12085188458546803,0.2653443870514618,1.285298419464258,-0.8268980392906791
P23_AV1_1_interaction,P23,AV1,1,on_ramp,P23_AV1_1,P23_AV1.1.asc,AV1,60,initiator_active,3668,1,61133.33,61133.3342,1.0,21.94,78.984,149.0,103.499303,-1401.603343,0.0,0.0,0.0,21.94,0.0,0.0,1401.533383,-34.943178,6.280567,1.0,0.0,0.0,0.0,1.0,1477.874124,-34.952029,1021.0,5006.0,0.0,161.0,-0.568473,35.785272,128.826978,35.785117,0.10532,0.00022,-0.240067,-0.273417,-0.001137,-0.009891,0.1065,0.0,0.0,0.0,0.0,0.0,-9999.0,-9999.0,-9999.0,-9999.0,-9999.0,-9999.0,-9999.0,-9999.0,-9999.0,-9999.0,-9999.0,-9999.0,-9999.0,-9999.0,149.0,lane7,spur3,stable_reference,3.934091406209748,-2.597335325120656,-0.8275162923542547,-4.577618004796208,-0.8275162923542547,10.100000199999995,363.27851643593596,1.0749755119891626,286.94024856346306,0.46042445646540936,0.46035801029960943,0.1256514406590501,0.33178254551119934,1.2879194900291646,-0.8274950335637552
P23_AV1_1_interaction,P23,AV1,1,on_ramp,P23_AV1_1,P23_AV1.1.asc,AV1,60,initiator_active,3669,1,61150.0,61150.0,1.0,21.94,78.984,149.0,103.864655,-1401.968918,0.0,0.0,0.0,21.94,0.0,0.0,1401.899048,-34.944127,6.280596,1.0,0.0,0.0,0.0,1.0,1478.47053,-34.950408,1021.0,5006.0,0.0,161.0,-0.564353,35.781259,128.812534,35.781134,0.09481,0.0002,-0.239998,-0.247566,-0.001247,-0.008949,0.10675,0.002198,0.0,0.0,0.0,0.0,-9999.0,-9999.0,-9999.0,-9999.0,-9999.0,-9999.0,-9999.0,-9999.0,-9999.0,-9999.0,-9999.0,-9999.0,-9999.0,-9999.0,149.0,lane7,spur3,stable_reference,3.9432824820206105,-2.5898473550162224,-0.8281003029690581,-4.57820213006669,-0.8281003029690581,10.116665999999997,363.87488931300413,1.0814667348786156,287.3059091207853,0.4624615241577455,0.4624975707370429,0.13191097184163425,0.4190898683090092,1.2905405533331449,-0.8280790291753994
P23_AV1_1_interaction,P23,AV1,1,on_ramp,P23_AV1_1,P23_AV1.1.asc,AV1,60,initiator_active,3670,1,61166.67,61166.6668,1.0,21.94,78.984,149.0,104.230004,-1402.334494,0.0,0.0,0.0,21.94,0.0,0.0,1402.264714,-34.944914,6.281178,1.0,0.0,0.0,0.0,1.0,1479.066869,-34.948864,1021.0,5006.0,0.0,161.0,-0.560303,35.777,128.797201,35.776901,0.084425,0.000179,-0.260056,-0.224429,-0.001295,-0.007536,0.10675,0.0,0.0,0.0,0.0,0.0,-9999.0,-9999.0,-9999.0,-9999.0,-9999.0,-9999.0,-9999.0,-9999.0,-9999.0,-9999.0,-9999.0,-9999.0,-9999.0,-9999.0,149.0,lane7,spur3,stable_reference,3.9526355232660375,-2.582197404963918,-0.8285223126664077,-4.578624254419982,-0.8285223126664077,10.133332799999996,364.4711958210913,1.0878804132105868,287.6715693551752,0.46466059461461207,0.46475495302116954,0.13962088260299055,0.4901268588259864,1.2931616226459832,-0.8285010280313712
P23_AV1_1_interaction,P23,AV1,1,on_ramp,P23_AV1_1,P23_AV1.1.asc,AV1,60,initiator_active,3671,1,61183.33,61183.3342,1.0,21.94,78.984,149.0,104.595351,-1402.700066,0.0,0.0,0.0,21.94,0.0,0.0,1402.63038,-34.94549,6.281753,1.0,0.0,0.0,0.0,1.0,1479.663138,-34.947389,1021.0,5006.0,0.0,161.0,-0.556313,35.772892,128.78241,35.772815,0.074189,0.000156,-0.241282,-0.202643,-0.001357,-0.005652,0.10675,0.0,0.0,0.0,0.0,0.0,-9999.0,-9999.0,-9999.0,-9999.0,-9999.0,-9999.0,-9999.0,-9999.0,-9999.0,-9999.0,-9999.0,-9999.0,-9999.0,-9999.0,149.0,lane7,spur3,stable_reference,3.962199483374196,-2.5743365110798204,-0.8287333224688683,-4.578835378878324,-0.8287333224688683,10.150000199999996,365.0674328949695,1.0942245222202014,288.03722786653026,0.46707065803616726,0.46715172617683254,0.14824899162280225,0.51897213152116,1.2957826904491847,-0.8287120324130175
P23_AV1_1_interaction,P23,AV1,1,on_ramp,P23_AV1_1,P23_AV1.1.asc,AV1,60,initiator_active,3672,1,61200.0,61200.0008,1.0,21.94,78.984,149.0,104.960694,-1403.065633,0.0,0.0,0.0,21.94,0.0,0.0,1402.996046,-34.945882,6.282222,1.0,0.0,0.0,0.0,1.0,1480.259339,-34.945975,1021.0,5006.0,0.0,161.0,-0.552378,35.768875,128.767949,35.768817,0.064141,0.000133,-0.240591,-0.182631,-0.001421,-0.00314,0.10675,0.0,0.0,0.0,0.0,0.0,-9999.0,-9999.0,-9999.0,-9999.0,-9999.0,-9999.0,-9999.0,-9999.0,-9999.0,-9999.0,-9999.0,-9999.0,-9999.0,-9999.0,149.0,lane7,spur3,stable_reference,3.971947372727597,-2.566291666176525,-0.8287603323629915,-4.578862503428266,-0.8287603323629915,10.1666668,365.6636024692437,1.1005070779728137,288.40288487533326,0.4696647153226712,0.4696966777898083,0.15692029754178094,0.4790487883922161,1.298403756935931,-0.8287390416132598
P23_AV1_1_interaction,P23,AV1,1,on_ramp,P23_AV1_1,P23_AV1.1.asc,AV1,60,initiator_active,3673,1,61216.67,61216.6674,1.0,21.94,78.984,149.0,105.326034,-1403.431196,0.0,0.0,0.0,21.94,0.0,0.0,1403.361713,-34.946141,6.282553,1.0,0.0,0.0,0.0,1.0,1480.855473,-34.944616,1021.0,5006.0,0.0,161.0,-0.54849,35.764862,128.753503,35.764821,0.054313,0.000109,-0.240392,-0.16515,-0.001419,0.000314,0.10675,0.0,0.0,0.0,0.0,0.0,-9999.0,-9999.0,-9999.0,-9999.0,-9999.0,-9999.0,-9999.0,-9999.0,-9999.0,-9999.0,-9999.0,-9999.0,-9999.0,-9999.0,149.0,lane7,spur3,stable_reference,3.981828238667116,-2.558113833605565,-0.8286447042000756,-4.578746977514662,-0.8286447042000756,10.183333399999995,366.25970549488426,1.1067340884343944,288.76854179801927,0.4723917763406403,0.4723823818388522,0.16421722069603817,0.36105748968696094,1.301016701813636,-0.8286249254729958
P23_AV1_1_interaction,P23,AV1,1,on_ramp,P23_AV1_1,P23_AV1.1.asc,AV1,60,initiator_active,3674,1,61233.33,61233.3341,1.0,21.94,78.984,149.0,105.691371,-1403.796755,0.0,0.0,0.0,21.94,0.0,0.0,1403.72738,-34.946311,6.282765,1.0,0.0,0.0,0.0,1.0,1481.451539,-34.943305,1021.0,5006.0,0.0,161.0,-0.544643,35.760856,128.739082,35.760828,0.044749,8.6e-05,-0.239982,-0.14901,-0.001351,0.004082,0.10675,0.0,0.0,0.0,0.0,0.0,-9999.0,-9999.0,-9999.0,-9999.0,-9999.0,-9999.0,-9999.0,-9999.0,-9999.0,-9999.0,-9999.0,-9999.0,-9999.0,-9999.0,149.0,lane7,spur3,stable_reference,3.9917980703828553,-2.549847024726416,-0.8283551030092913,-4.578457563139581,-0.8283551030092913,10.200000099999997,366.8557409147619,1.1129125452055169,289.1341979939275,0.4752078343911058,0.4751705802873035,0.16895551981078505,0.22721265845476868,1.3035431655857395,-0.8283353311946337
P23_AV1_1_interaction,P23,AV1,1,on_ramp,P23_AV1_1,P23_AV1.1.asc,AV1,60,initiator_active,3675,1,61250.0,61250.0002,1.0,21.94,78.984,149.0,106.056704,-1404.162313,0.0,0.0,0.0,21.94,0.0,0.0,1404.093046,-34.946429,6.28289,1.0,0.0,0.0,0.0,1.0,1482.04754,-34.942038,1021.0,5006.0,0.0,161.0,-0.540829,35.756859,128.724691,35.756841,0.035502,6.5e-05,-0.239491,-0.134335,-0.001239,0.008164,0.1065,0.0,0.0,0.0,0.0,0.0,-9999.0,-9999.0,-9999.0,-9999.0,-9999.0,-9999.0,-9999.0,-9999.0,-9999.0,-9999.0,-9999.0,-9999.0,-9999.0,-9999.0,149.0,lane7,spur3,stable_reference,4.001819854373177,-2.541528252761918,-0.8280135031164557,-4.5781161500619065,-0.8280135031164557,10.216666199999999,367.451711696113,1.1190464726509406,289.4998527652348,0.478075882541712,0.4780141403929007,0.17179092329821088,0.16582665793699647,1.3060696219970795,-0.8279937394553676
P23_AV1_1_interaction,P23,AV1,1,on_ramp,P23_AV1_1,P23_AV1.1.asc,AV1,60,initiator_active,3676,1,61266.67,61266.6669,1.0,21.94,78.984,149.0,106.422035,-1404.527869,0.0,0.0,0.0,21.94,0.0,0.0,1404.458713,-34.946518,6.282957,1.0,0.0,0.0,0.0,1.0,1482.643473,-34.940808,1021.0,5006.0,0.0,161.0,-0.537044,35.752869,128.710327,35.752859,0.026619,4.6e-05,-0.239215,-0.122249,-0.001099,0.013031,0.10675,0.0,0.0,0.0,0.0,0.0,-9999.0,-9999.0,-9999.0,-9999.0,-9999.0,-9999.0,-9999.0,-9999.0,-9999.0,-9999.0,-9999.0,-9999.0,-9999.0,-9999.0,149.0,lane7,spur3,stable_reference,4.0118706549414425,-2.5331804654449552,-0.8276429019896442,-4.577745735750745,-0.8276429019896442,10.233332899999994,368.0476147818749,1.1251428460391248,289.86550829969354,0.4809729378914288,0.4808968541812618,0.174482981470371,0.19530854305727008,1.3085960850657767,-0.8276231471743479
P23_AV1_1_interaction,P23,AV1,1,on_ramp,P23_AV1_1,P23_AV1.1.asc,AV1,60,initiator_active,3677,1,61283.33,61283.3341,1.0,21.94,78.984,149.0,106.787362,-1404.893425,0.0,0.0,0.0,21.94,0.0,0.0,1404.82438,-34.946592,6.282991,1.0,0.0,0.0,0.0,1.0,1483.23934,-34.939611,1021.0,5006.0,0.0,161.0,-0.533282,35.748878,128.695961,35.748873,0.018144,2.9e-05,-0.239562,-0.112228,-0.000942,0.018369,0.1065,0.0,0.0,0.0,0.0,0.0,-9999.0,-9999.0,-9999.0,-9999.0,-9999.0,-9999.0,-9999.0,-9999.0,-9999.0,-9999.0,-9999.0,-9999.0,-9999.0,-9999.0,149.0,lane7,spur3,stable_reference,4.0219364497416565,-2.524817682121001,-0.8272573008746833,-4.577360321451432,-0.8272573008746833,10.250000099999998,368.6434521393168,1.1312056815687888,290.2311637116616,0.4838849927409962,0.4838303401694587,0.17830135252751056,0.27693040355472576,1.311122548004205,-0.8272375552632087
P23_AV1_1_interaction,P23,AV1,1,on_ramp,P23_AV1_1,P23_AV1.1.asc,AV1,60,initiator_active,3678,1,61300.0,61300.001,1.0,21.94,78.984,149.0,107.152686,-1405.25898,0.0,0.0,0.0,21.94,0.0,0.0,1405.190046,-34.946659,6.283005,1.0,0.0,0.0,0.0,1.0,1483.835141,-34.938442,1021.0,5006.0,0.0,161.0,-0.52954,35.744882,128.681576,35.744881,0.010126,1.5e-05,-0.239796,-0.104067,-0.00078,0.024021,0.1065,0.0,0.0,0.0,0.0,0.0,-9999.0,-9999.0,-9999.0,-9999.0,-9999.0,-9999.0,-9999.0,-9999.0,-9999.0,-9999.0,-9999.0,-9999.0,-9999.0,-9999.0,149.0,lane7,spur3,stable_reference,4.032009214120606,-2.516447923732694,-0.826864701022133,-4.576967908414004,-0.826864701022133,10.266666999999995,369.2392237276085,1.1372399790732202,290.5968180665007,0.48680403919113163,0.4868403679178664,0.1837141785344798,0.3682865484557025,1.3136490039726647,-0.826844964781533
P23_AV1_1_interaction,P23,AV1,1,on_ramp,P23_AV1_1,P23_AV1.1.asc,AV1,60,initiator_active,3679,1,61316.67,61316.6676,1.0,21.94,78.984,149.0,107.518007,-1405.624536,0.0,0.0,0.0,21.94,0.0,0.0,1405.555713,-34.946582,6.283524,1.0,0.0,0.0,0.0,1.0,1484.430875,-34.937298,1021.0,5006.0,0.0,161.0,-0.525812,35.740887,128.667193,35.740887,0.00262,4e-06,-0.239607,-0.097897,-0.000619,0.029987,0.10675,0.0,0.0,0.0,0.0,0.0,-9999.0,-9999.0,-9999.0,-9999.0,-9999.0,-9999.0,-9999.0,-9999.0,-9999.0,-9999.0,-9999.0,-9999.0,-9999.0,-9999.0,149.0,lane7,spur3,stable_reference,4.042225950855764,-2.5079341806049373,-0.8263281000264415,-4.57643149423386,-0.8263281000264415,10.283333599999999,369.8349285222852,1.143248730286356,290.9624722453963,0.4898670890059562,0.48995417487062964,0.19057760607777396,0.4384215087723451,1.3161754655998013,-0.826308376593845
P23_AV1_1_interaction,P23,AV1,1,on_ramp,P23_AV1_1,P23_AV1.1.asc,AV1,60,initiator_active,3680,1,61333.33,61333.3335,1.0,21.94,78.984,149.0,107.883325,-1405.990087,0.0,0.0,0.0,21.94,0.0,0.0,1405.92138,-34.946317,6.28404,1.0,0.0,0.0,0.0,1.0,1485.026543,-34.936176,1021.0,5006.0,0.0,161.0,-0.522095,35.736896,128.652824,35.736895,-0.004316,-5e-06,-0.239431,-0.092203,-0.00046,0.035482,0.10675,0.0,0.0,0.0,0.0,0.0,-9999.0,-9999.0,-9999.0,-9999.0,-9999.0,-9999.0,-9999.0,-9999.0,-9999.0,-9999.0,-9999.0,-9999.0,-9999.0,-9999.0,149.0,lane7,spur3,stable_reference,4.05263061529801,-2.499232487522776,-0.8256034991792515,-4.575707080202094,-0.8256034991792515,10.299999499999998,370.43056749881544,1.1492349432741957,291.3281248890759,0.49311813255235754,0.4931927907247464,0.19832782621652534,0.46695732184120065,1.3187019255943424,-0.8255837930419849
P23_AV1_1_interaction,P23,AV1,1,on_ramp,P23_AV1_1,P23_AV1.1.asc,AV1,60,initiator_active,3681,1,61350.0,61350.0006,1.0,21.94,78.984,149.0,108.248639,-1406.355634,0.0,0.0,0.0,21.94,0.0,0.0,1406.287046,-34.945886,6.284461,1.0,0.0,0.0,0.0,1.0,1485.622144,-34.935074,1021.0,5006.0,0.0,161.0,-0.518386,35.732907,128.638464,35.732905,-0.010633,-1.1e-05,-0.239345,-0.089413,-0.000309,0.041605,0.1065,0.002198,0.0,0.0,0.0,0.0,-9999.0,-9999.0,-9999.0,-9999.0,-9999.0,-9999.0,-9999.0,-9999.0,-9999.0,-9999.0,-9999.0,-9999.0,-9999.0,-9999.0,149.0,lane7,spur3,stable_reference,4.063201188177649,-2.4903648617020737,-0.8246462607496701,-4.574750062450738,-0.8246462607496701,10.316666599999996,371.02613964090057,1.155200609804028,291.6937751772257,0.4965351623978298,0.49656504590689665,0.20614269910140415,0.43215375028039826,1.3211631857057178,-0.824628023307888
P23_AV1_1_interaction,P23,AV1,1,on_ramp,P23_AV1_1,P23_AV1.1.asc,AV1,60,initiator_active,3682,1,61366.67,61366.6674,1.0,21.94,78.984,149.0,108.613949,-1406.721177,0.0,0.0,0.0,21.94,0.0,0.0,1406.652712,-34.945334,6.28476,1.0,0.0,0.0,0.0,1.0,1486.217679,-34.933987,1021.0,5006.0,0.0,161.0,-0.514683,35.728668,128.623206,35.728665,-0.016286,-1.3e-05,-0.259417,-0.086654,-0.000128,0.046943,0.10675,0.0,0.0,0.0,0.0,0.0,-9999.0,-9999.0,-9999.0,-9999.0,-9999.0,-9999.0,-9999.0,-9999.0,-9999.0,-9999.0,-9999.0,-9999.0,-9999.0,-9999.0,149.0,lane7,spur3,stable_reference,4.073892714528341,-2.481376268091564,-0.8235400997518766,-4.573644116445664,-0.8235400997518766,10.333333399999995,371.6216459076771,1.1611507378751704,292.05942447728444,0.5000731882088392,0.5000643285547535,0.21273321814865653,0.3259667745548853,1.323595074982207,-0.8235218867733678
P23_AV1_1_interaction,P23,AV1,1,on_ramp,P23_AV1_1,P23_AV1.1.asc,AV1,60,initiator_active,3683,1,61383.33,61383.3341,1.0,21.94,78.984,149.0,108.979256,-1407.086717,0.0,0.0,0.0,21.94,0.0,0.0,1407.018378,-34.944704,6.284951,1.0,0.0,0.0,0.0,1.0,1486.813143,-34.932917,1021.0,5006.0,0.0,161.0,-0.510984,35.724579,128.608486,35.724573,-0.021219,-1.5e-05,-0.240649,-0.084412,-7e-06,0.051653,0.10675,0.0,0.0,0.0,0.0,0.0,-9999.0,-9999.0,-9999.0,-9999.0,-9999.0,-9999.0,-9999.0,-9999.0,-9999.0,-9999.0,-9999.0,-9999.0,-9999.0,-9999.0,149.0,lane7,spur3,stable_reference,4.084662210885158,-2.4723096952446584,-0.8223559388436448,-4.572460170530087,-0.8223559388436448,10.350000099999997,372.2170813156435,1.167083286724097,292.42507314039165,0.5036892114191196,0.503656188078469,0.21700832647322876,0.20520143118389633,1.3260269634725337,-0.8223377520534141
P23_AV1_1_interaction,P23,AV1,1,on_ramp,P23_AV1_1,P23_AV1.1.asc,AV1,60,initiator_active,3684,1,61400.0,61400.0006,1.0,21.94,78.984,149.0,109.344559,-1407.452255,0.0,0.0,0.0,21.94,0.0,0.0,1407.384044,-34.944026,6.285064,1.0,0.0,0.0,0.0,1.0,1487.40854,-34.93186,1021.0,5006.0,0.0,161.0,-0.507287,35.720584,128.594102,35.720575,-0.025393,-1.4e-05,-0.2395,-0.082705,6.6e-05,0.055735,0.10675,0.0,0.0,0.0,0.0,0.0,-9999.0,-9999.0,-9999.0,-9999.0,-9999.0,-9999.0,-9999.0,-9999.0,-9999.0,-9999.0,-9999.0,-9999.0,-9999.0,-9999.0,149.0,lane7,spur3,stable_reference,4.095479688784214,-2.463195135175354,-0.8211237779905403,-4.571228224669591,-0.8211237779905403,10.366666599999997,372.8124498320023,1.1730022888816118,292.7907214115288,0.5073532330289506,0.5072979099038804,0.2195732590162951,0.15029556789366438,1.3284588514790787,-0.8211056184501281
P23_AV1_1_interaction,P23,AV1,1,on_ramp,P23_AV1_1,P23_AV1.1.asc,AV1,60,initiator_active,3685,1,61416.67,61416.6668,1.0,21.94,78.984,149.0,109.709858,-1407.817791,0.0,0.0,0.0,21.94,0.0,0.0,1407.74971,-34.943321,6.285125,1.0,0.0,0.0,0.0,1.0,1488.003869,-34.930816,1021.0,5006.0,0.0,161.0,-0.503591,35.716594,128.57974,35.716583,-0.028777,-1.2e-05,-0.239474,-0.080622,0.000158,0.058718,0.10675,0.0,0.0,0.0,0.0,0.0,-9999.0,-9999.0,-9999.0,-9999.0,-9999.0,-9999.0,-9999.0,-9999.0,-9999.0,-9999.0,-9999.0,-9999.0,-9999.0,-9999.0,149.0,lane7,spur3,stable_reference,4.106324156300783,-2.45405358229344,-0.8198646171684443,-4.569969278840073,-0.8198646171684443,10.383332799999996,373.4077504567871,1.178907736181668,293.156369462183,0.511044253738534,0.5109751570086283,0.22201808571029247,0.17689668930919833,1.330890739213504,-0.8198464854749701
P23_AV1_1_interaction,P23,AV1,1,on_ramp,P23_AV1_1,P23_AV1.1.asc,AV1,60,initiator_active,3686,1,61433.33,61433.3336,1.0,21.94,78.984,149.0,110.075155,-1408.183327,0.0,0.0,0.0,21.94,0.0,0.0,1408.115376,-34.942603,6.285155,1.0,0.0,0.0,0.0,1.0,1488.599132,-34.929784,1021.0,5006.0,0.0,161.0,-0.499894,35.712606,128.565382,35.712592,-0.031354,-8e-06,-0.239258,-0.07918,0.000265,0.061073,0.10625,0.0,0.0,0.0,0.0,0.0,-9999.0,-9999.0,-9999.0,-9999.0,-9999.0,-9999.0,-9999.0,-9999.0,-9999.0,-9999.0,-9999.0,-9999.0,-9999.0,-9999.0,149.0,lane7,spur3,stable_reference,4.117181618818366,-2.4448990328721343,-0.8185924563612735,-4.568697333025476,-0.8185924563612735,10.399999599999996,374.0029851817652,1.1848006449230135,293.52201740667846,0.5147482740146562,0.5146984404073889,0.22546979260526712,0.2508746302550291,1.333322626816893,-0.8185743528022368
P23_AV1_1_interaction,P23,AV1,1,on_ramp,P23_AV1_1,P23_AV1.1.asc,AV1,60,initiator_active,3687,1,61450.0,61450.0006,1.0,21.94,78.984,149.0,110.440448,-1408.548863,0.0,0.0,0.0,21.94,0.0,0.0,1408.481042,-34.941879,6.285168,1.0,0.0,0.0,0.0,1.0,1489.194329,-34.928763,1021.0,5006.0,0.0,161.0,-0.496195,35.70862,128.551032,35.708605,-0.03313,-2e-06,-0.239302,-0.078377,0.000366,0.0628,0.1055,0.0,0.0,0.0,0.0,0.0,-9999.0,-9999.0,-9999.0,-9999.0,-9999.0,-9999.0,-9999.0,-9999.0,-9999.0,-9999.0,-9999.0,-9999.0,-9999.0,-9999.0,149.0,lane7,spur3,stable_reference,4.12804507902873,-2.435738485048037,-0.8173142955609913,-4.567419387217765,-0.8173142955609913,10.416666599999997,374.5981539987701,1.1906820150722985,293.8876653021776,0.5184582940907215,0.5184909228112093,0.23038070796994248,0.33429322351576296,1.335754514359806,-0.8172962202690844
P23_AV1_1_interaction,P23,AV1,1,on_ramp,P23_AV1_1,P23_AV1.1.asc,AV1,60,initiator_active,3688,1,61466.67,61466.6672,1.0,21.94,78.984,149.0,110.805738,-1408.914398,0.0,0.0,0.0,21.94,0.0,0.0,1408.846708,-34.941025,6.28564,1.0,0.0,0.0,0.0,1.0,1489.789459,-34.927754,1021.0,5006.0,0.0,161.0,-0.492495,35.704632,128.536677,35.704616,-0.034125,5e-06,-0.239342,-0.078497,0.000449,0.064056,0.1055,0.0,0.0,0.0,0.0,0.0,-9999.0,-9999.0,-9999.0,-9999.0,-9999.0,-9999.0,-9999.0,-9999.0,-9999.0,-9999.0,-9999.0,-9999.0,-9999.0,-9999.0,149.0,lane7,spur3,stable_reference,4.139038489249308,-2.4264479718299268,-0.8158709032296486,-4.565974151417756,-0.8158709032296486,10.433333200000002,375.19325591600176,1.1965508384968235,294.25331213609144,0.5222983098322381,0.5223778565055527,0.23661295748567923,0.3978838710371795,1.3381528336795063,-0.8158545238472682
P23_AV1_1_interaction,P23,AV1,1,on_ramp,P23_AV1_1,P23_AV1.1.asc,AV1,60,initiator_active,3689,1,61483.33,61483.3339,1.0,21.94,78.984,149.0,111.171024,-1409.27993,0.0,0.0,0.0,21.94,0.0,0.0,1409.212373,-34.939999,6.286107,1.0,0.0,0.0,0.0,1.0,1490.384523,-34.926757,1021.0,5006.0,0.0,161.0,-0.488792,35.700647,128.52233,35.700631,-0.034369,1.3e-05,-0.239073,-0.0798,0.000508,0.064998,0.1055,0.002198,0.0,0.0,0.0,0.0,-9999.0,-9999.0,-9999.0,-9999.0,-9999.0,-9999.0,-9999.0,-9999.0,-9999.0,-9999.0,-9999.0,-9999.0,-9999.0,-9999.0,149.0,lane7,spur3,stable_reference,4.150203805600066,-2.416985527470476,-0.8141758954217354,-4.564272660629477,-0.8141758954217354,10.449999899999995,375.78829193342625,1.202407123362634,294.61895656547915,0.5263103116727759,0.5263780141861686,0.24364349519787964,0.42374116950351404,1.3404698617410207,-0.8141595500682448
P23_AV1_1_interaction,P23,AV1,1,on_ramp,P23_AV1_1,P23_AV1.1.asc,AV1,60,initiator_active,3690,1,61500.0,61500.0005,1.0,21.94,78.984,149.0,111.536306,-1409.645458,0.0,0.0,0.0,21.94,0.0,0.0,1409.578038,-34.938823,6.28649,1.0,0.0,0.0,0.0,1.0,1490.979519,-34.925771,1021.0,5006.0,0.0,161.0,-0.485088,35.696416,128.507097,35.6964,-0.033903,2.2e-05,-0.258996,-0.082155,0.000578,0.065626,0.1055,0.002198,0.0,0.0,0.0,0.0,-9999.0,-9999.0,-9999.0,-9999.0,-9999.0,-9999.0,-9999.0,-9999.0,-9999.0,-9999.0,-9999.0,-9999.0,-9999.0,-9999.0,149.0,lane7,spur3,stable_reference,4.161519064270307,-2.4073731230410225,-0.8123308878648731,-4.562421170097138,-0.8123308878648731,10.466666499999999,376.3832600429447,1.2082518533043094,294.9845997699604,0.5304723085119091,0.5304992974971309,0.2507376486291406,0.3925911032065059,1.342786888063568,-0.812314579551659
P23_AV1_1_interaction,P23,AV1,1,on_ramp,P23_AV1_1,P23_AV1.1.asc,AV1,60,initiator_active,3691,1,61516.67,61516.6673,1.0,21.94,78.984,149.0,111.901584,-1410.010981,0.0,0.0,0.0,21.94,0.0,0.0,1409.943702,-34.937538,6.286761,1.0,0.0,0.0,0.0,1.0,1491.574446,-34.924798,1021.0,5006.0,0.0,161.0,-0.481381,35.692082,128.491497,35.692067,-0.03277,3.2e-05,-0.260519,-0.085528,0.000611,0.06594,0.1055,0.0,0.0,0.0,0.0,0.0,-9999.0,-9999.0,-9999.0,-9999.0,-9999.0,-9999.0,-9999.0,-9999.0,-9999.0,-9999.0,-9999.0,-9999.0,-9999.0,-9999.0,149.0,lane7,spur3,stable_reference,4.172943253296519,-2.397651770699634,-0.8103768823200157,-4.560460681598084,-0.8103768823200157,10.483333299999998,376.9781592609224,1.2140830202224753,295.35024108437625,0.5347432935506408,0.5347359539068567,0.2567298782535037,0.2966208215063286,1.345103906785957,-0.8103606132353162
P23_AV1_1_interaction,P23,AV1,1,on_ramp,P23_AV1_1,P23_AV1.1.asc,AV1,60,initiator_active,3692,1,61533.33,61533.3335,1.0,21.94,78.984,149.0,112.266858,-1410.376501,0.0,0.0,0.0,21.94,0.0,0.0,1410.309366,-34.93618,6.286935,1.0,0.0,0.0,0.0,1.0,1492.169301,-34.923839,1021.0,5006.0,0.0,161.0,-0.477674,35.68799,128.476765,35.687977,-0.031025,4.1e-05,-0.240518,-0.091128,0.000539,0.066568,0.1055,0.0,0.0,0.0,0.0,0.0,-9999.0,-9999.0,-9999.0,-9999.0,-9999.0,-9999.0,-9999.0,-9999.0,-9999.0,-9999.0,-9999.0,-9999.0,-9999.0,-9999.0,149.0,lane7,spur3,stable_reference,4.184440414251557,-2.387857437790839,-0.8083498768973367,-4.558427193223582,-0.8083498768973367,10.499999499999998,377.5729865956251,1.2198995996523603,295.715881802671,0.5390872761553642,0.5390568714899766,0.26062498596314754,0.18673713079629817,1.3474209246620585,-0.8083336485066943
P23_AV1_1_interaction,P23,AV1,1,on_ramp,P23_AV1_1,P23_AV1.1.asc,AV1,60,initiator_active,3693,1,61550.0,61550.0007,1.0,21.94,78.984,149.0,112.632128,-1410.74202,0.0,0.0,0.0,21.94,0.0,0.0,1410.67503,-34.93478,6.287037,1.0,0.0,0.0,0.0,1.0,1492.764088,-34.922895,1021.0,5006.0,0.0,161.0,-0.473968,35.684001,128.462404,35.68399,-0.02873,5e-05,-0.239041,-0.098756,0.000449,0.06751,0.1055,0.0,0.0,0.0,0.0,0.0,-9999.0,-9999.0,-9999.0,-9999.0,-9999.0,-9999.0,-9999.0,-9999.0,-9999.0,-9999.0,-9999.0,-9999.0,-9999.0,-9999.0,149.0,lane7,spur3,stable_reference,4.195979559056046,-2.378021116062444,-0.8062808715449514,-4.556351704920748,-0.8062808715449514,10.516666699999995,378.16774605508596,1.2257006242914767,296.08152217799216,0.54347325735969,0.5434234735393847,0.26295436777461845,0.1358026552649374,1.3497379420512445,-0.8062646846915545
P23_AV1_1_interaction,P23,AV1,1,on_ramp,P23_AV1_1,P23_AV1.1.asc,AV1,60,initiator_active,3694,1,61566.67,61566.6674,1.0,21.94,78.984,149.0,112.997395,-1411.107537,0.0,0.0,0.0,21.94,0.0,0.0,1411.040694,-34.933356,6.287092,1.0,0.0,0.0,0.0,1.0,1493.358808,-34.92197,1021.0,5006.0,0.0,161.0,-0.470264,35.680023,128.448082,35.680013,-0.025937,5.7e-05,-0.238666,-0.107315,0.000415,0.068295,0.1055,0.0,0.0,0.0,0.0,0.0,-9999.0,-9999.0,-9999.0,-9999.0,-9999.0,-9999.0,-9999.0,-9999.0,-9999.0,-9999.0,-9999.0,-9999.0,-9999.0,-9999.0,149.0,lane7,spur3,stable_reference,4.20754269463166,-2.3681608007228547,-0.8041878662327285,-4.554252216658861,-0.8041878662327285,10.533333399999997,378.76243867193557,1.2314821024392266,296.447162357328,0.5478832377637931,0.5478221651233248,0.26515182204920507,0.1584584787151737,1.3520549591621913,-0.8041717213983982
P23_AV1_1_interaction,P23,AV1,1,on_ramp,P23_AV1_1,P23_AV1.1.asc,AV1,60,initiator_active,3695,1,61583.33,61583.3344,1.0,21.94,78.984,149.0,113.362658,-1411.473053,0.0,0.0,0.0,21.94,0.0,0.0,1411.406358,-34.931919,6.28712,1.0,0.0,0.0,0.0,1.0,1493.953462,-34.921065,1021.0,5006.0,0.0,161.0,-0.466565,35.676048,128.433773,35.676041,-0.022691,6.4e-05,-0.238507,-0.117686,0.000423,0.069394,0.1055,0.0,0.0,0.0,0.0,0.0,-9999.0,-9999.0,-9999.0,-9999.0,-9999.0,-9999.0,-9999.0,-9999.0,-9999.0,-9999.0,-9999.0,-9999.0,-9999.0,-9999.0,149.0,lane7,spur3,stable_reference,4.219118825208289,-2.358287488843859,-0.8020818609422593,-4.552139728419152,-0.8020818609422593,10.550000399999997,379.3570654543067,1.2372430422950107,296.81280243050537,0.5523062177344439,0.5522619655685462,0.26823639113360187,0.22279630813098805,1.3543719761224273,-0.8020657583879834
P23_AV1_1_interaction,P23,AV1,1,on_ramp,P23_AV1_1,P23_AV1.1.asc,AV1,60,initiator_active,3696,1,61600.0,61600.0001,1.0,21.94,78.984,149.0,113.727918,-1411.83857,0.0,0.0,0.0,21.94,0.0,0.0,1411.772022,-34.930477,6.287132,1.0,0.0,0.0,0.0,1.0,1494.548049,-34.920183,1021.0,5006.0,0.0,161.0,-0.462872,35.672071,128.419456,35.672066,-0.01904,7.1e-05,-0.238897,-0.129103,0.000447,0.070493,0.1055,0.0,0.0,0.0,0.0,0.0,-9999.0,-9999.0,-9999.0,-9999.0,-9999.0,-9999.0,-9999.0,-9999.0,-9999.0,-9999.0,-9999.0,-9999.0,-9999.0,-9999.0,149.0,lane7,spur3,stable_reference,4.230699953862239,-2.348409178295856,-0.7998665406108061,-4.549930265581053,-0.7998665406108061,10.566666099999996,379.95162542673074,1.242980435792802,297.1784424628527,0.5567341975383775,0.556763203458652,0.27257812646582025,0.29543092483731037,1.3565862323426956,-0.7998520348043181
P23_AV1_1_interaction,P23,AV1,1,on_ramp,P23_AV1_1,P23_AV1.1.asc,AV1,60,initiator_active,3697,1,61616.67,61616.6675,1.0,21.94,78.984,149.0,114.093175,-1412.204086,0.0,0.0,0.0,21.94,0.0,0.0,1412.137685,-34.928919,6.287549,1.0,0.0,0.0,0.0,1.0,1495.142571,-34.919327,1021.0,5006.0,0.0,161.0,-0.45919,35.668082,128.405094,35.668079,-0.01502,7.9e-05,-0.239857,-0.141129,0.00047,0.071435,0.1055,0.0,0.0,0.0,0.0,0.0,-9999.0,-9999.0,-9999.0,-9999.0,-9999.0,-9999.0,-9999.0,-9999.0,-9999.0,-9999.0,-9999.0,-9999.0,-9999.0,-9999.0,149.0,lane7,spur3,stable_reference,4.242397010180409,-2.3384149216993237,-0.7975247024757669,-4.547595543442869,-0.7975247024757669,10.5833335,380.54612061363923,1.2486912993647212,297.54408054797204,0.5612781653085198,0.5613478479761153,0.27808413840011426,0.35232844554691134,1.3587884044476968,-0.797510239139177
P23_AV1_1_interaction,P23,AV1,1,on_ramp,P23_AV1_1,P23_AV1.1.asc,AV1,60,initiator_active,3698,1,61633.33,61633.3342,1.0,21.94,78.984,149.0,114.458427,-1412.569599,0.0,0.0,0.0,21.94,0.0,0.0,1412.503348,-34.92721,6.287963,1.0,0.0,0.0,0.0,1.0,1495.737025,-34.918502,1021.0,5006.0,0.0,161.0,-0.455522,35.664079,128.390685,35.664078,-0.010663,8.7e-05,-0.240374,-0.153679,0.000482,0.07222,0.1055,0.0,0.0,0.0,0.0,0.0,-9999.0,-9999.0,-9999.0,-9999.0,-9999.0,-9999.0,-9999.0,-9999.0,-9999.0,-9999.0,-9999.0,-9999.0,-9999.0,-9999.0,149.0,lane7,spur3,stable_reference,4.254245008433534,-2.3282697052989847,-0.7950318646876627,-4.545109821645348,-0.7950318646876627,10.600000199999995,381.1405480559621,1.2543706086793565,297.9097174000192,0.5659731280439143,0.5660328837119853,0.2843226473280005,0.3755035608929198,1.3609905746033073,-0.795017446559393
P23_AV1_1_interaction,P23,AV1,1,on_ramp,P23_AV1_1,P23_AV1.1.asc,AV1,60,initiator_active,3699,1,61650.0,61650.0006,1.0,21.94,78.984,149.0,114.823675,-1412.935108,0.0,0.0,0.0,21.94,0.0,0.0,1412.86901,-34.925368,6.288302,1.0,0.0,0.0,0.0,1.0,1496.331413,-34.917711,1021.0,5006.0,0.0,161.0,-0.45187,35.660072,128.376259,35.660072,-0.006008,9.5e-05,-0.240523,-0.167331,0.000459,0.073162,0.1055,0.002198,0.0,0.0,0.0,0.0,-9999.0,-9999.0,-9999.0,-9999.0,-9999.0,-9999.0,-9999.0,-9999.0,-9999.0,-9999.0,-9999.0,-9999.0,-9999.0,-9999.0,149.0,lane7,spur3,stable_reference,4.26622592781376,-2.317991547375505,-0.792406029348744,-4.542491102272031,-0.792406029348744,10.616666599999997,381.7349097781314,1.2600153801688132,298.27535216601586,0.5708010781786934,0.5708252012791415,0.2906008354294549,0.3477951904124872,1.3631927370194354,-0.792391658840742
P23_AV1_1_interaction,P23,AV1,1,on_ramp,P23_AV1_1,P23_AV1.1.asc,AV1,60,initiator_active,3700,1,61666.67,61666.6672,1.0,21.94,78.984,149.0,115.188919,-1413.300612,0.0,0.0,0.0,21.94,0.0,0.0,1413.234672,-34.923429,6.288542,1.0,0.0,0.0,0.0,1.0,1496.925734,-34.916958,1021.0,5006.0,0.0,161.0,-0.448238,35.655813,128.360927,35.655813,-0.001086,0.000102,-0.260663,-0.180296,0.000432,0.073476,0.1055,0.002198,0.0,0.0,0.0,0.0,-9999.0,-9999.0,-9999.0,-9999.0,-9999.0,-9999.0,-9999.0,-9999.0,-9999.0,-9999.0,-9999.0,-9999.0,-9999.0,-9999.0,149.0,lane7,spur3,stable_reference,4.278303809893916,-2.307616415273418,-0.7896831942326972,-4.5397753831175525,-0.7896831942326972,10.633333200000001,382.3292048128439,1.2656216058004157,298.64098613990666,0.5757260250792305,0.5757194825822367,0.29591569284910335,0.26436431332453836,1.365394898183312,-0.7896688731040814
P23_AV1_1_interaction,P23,AV1,1,on_ramp,P23_AV1_1,P23_AV1.1.asc,AV1,60,initiator_active,3701,1,61683.33,61683.3343,1.0,21.94,78.984,149.0,115.554158,-1413.666114,0.0,0.0,0.0,21.94,0.0,0.0,1413.600333,-34.921426,6.288695,1.0,0.0,0.0,0.0,1.0,1497.519985,-34.916247,1021.0,5006.0,0.0,161.0,-0.444631,35.651452,128.345226,35.651451,0.004078,0.000109,-0.262027,-0.193568,0.000342,0.073633,0.1055,0.0,0.0,0.0,0.0,0.0,-9999.0,-9999.0,-9999.0,-9999.0,-9999.0,-9999.0,-9999.0,-9999.0,-9999.0,-9999.0,-9999.0,-9999.0,-9999.0,-9999.0,149.0,lane7,spur3,stable_reference,4.290445639634221,-2.2971773232803936,-0.7868963614073056,-4.536995666231616,-0.7868963614073056,10.6500003,382.9234301928644,1.2711852612094208,299.0066185912039,0.5807149616797942,0.5806891684675405,0.2994130216112971,0.1674510497090349,1.3675970524984882,-0.786882090818694
P23_AV1_1_interaction,P23,AV1,1,on_ramp,P23_AV1_1,P23_AV1.1.asc,AV1,60,initiator_active,3702,1,61700.0,61700.0007,1.0,21.94,78.984,149.0,115.919394,-1414.031614,0.0,0.0,0.0,21.94,0.0,0.0,1413.965994,-34.919385,6.288786,1.0,0.0,0.0,0.0,1.0,1498.114163,-34.915581,1021.0,5006.0,0.0,161.0,-0.441051,35.647332,128.330393,35.64733,0.009447,0.000112,-0.242152,-0.207079,0.000137,0.073633,0.1055,0.0,0.0,0.0,0.0,0.0,-9999.0,-9999.0,-9999.0,-9999.0,-9999.0,-9999.0,-9999.0,-9999.0,-9999.0,-9999.0,-9999.0,-9999.0,-9999.0,-9999.0,149.0,lane7,spur3,stable_reference,4.302625454762113,-2.286700241402973,-0.784071528669219,-4.534177949431411,-0.784071528669219,10.666666699999995,383.51758294279085,1.276703321997714,299.3722507321913,0.5857418970133303,0.585699964802682,0.30149748174984126,0.11879357956274283,1.3697992063230797,-0.7840573093097494
P23_AV1_1_interaction,P23,AV1,1,on_ramp,P23_AV1_1,P23_AV1.1.asc,AV1,60,initiator_active,3703,1,61716.67,61716.6674,1.0,21.94,78.984,149.0,116.284626,-1414.397114,0.0,0.0,0.0,21.94,0.0,0.0,1414.331655,-34.917323,6.288835,1.0,0.0,0.0,0.0,1.0,1498.708273,-34.914967,1021.0,5006.0,0.0,161.0,-0.437503,35.643311,128.315921,35.643308,0.014982,0.000112,-0.240797,-0.220982,-8.6e-05,0.073476,0.1055,0.0,0.0,0.0,0.0,0.0,-9999.0,-9999.0,-9999.0,-9999.0,-9999.0,-9999.0,-9999.0,-9999.0,-9999.0,-9999.0,-9999.0,-9999.0,-9999.0,-9999.0,149.0,lane7,spur3,stable_reference,4.314826261814734,-2.276202165115756,-0.7811637494000334,-4.531273894015218,-0.7811637494000334,10.683333399999995,384.1116681196188,1.2821688292289246,299.737882701692,0.5907898316466687,0.5907390146833938,0.3033727761125675,0.1320317686161463,1.3719409354648227,-0.781151103818154
P23_AV1_1_interaction,P23,AV1,1,on_ramp,P23_AV1_1,P23_AV1.1.asc,AV1,60,initiator_active,3704,1,61733.33,61733.3336,1.0,21.94,78.984,149.0,116.649854,-1414.762612,0.0,0.0,0.0,21.94,0.0,0.0,1414.697315,-34.91525,6.288859,1.0,0.0,0.0,0.0,1.0,1499.302315,-34.914407,1021.0,5006.0,0.0,161.0,-0.433991,35.639232,128.301234,35.639226,0.020287,9.5e-05,-0.240983,-0.26445,-0.000932,0.073476,0.1055,0.0,0.0,0.0,0.0,0.0,-9999.0,-9999.0,-9999.0,-9999.0,-9999.0,-9999.0,-9999.0,-9999.0,-9999.0,-9999.0,-9999.0,-9999.0,-9999.0,-9999.0,149.0,lane7,spur3,stable_reference,4.327038036907939,-2.265693114828993,-0.7781853417483947,-4.528295921143508,-0.7781853417483947,10.699999599999996,384.70568573968035,1.2875797829697215,300.10351358139945,0.5958487577472016,0.5958122581811927,0.3058984639759075,0.1810901641048357,1.3740215021285724,-0.7781727443813709
P23_AV1_1_interaction,P23,AV1,1,on_ramp,P23_AV1_1,P23_AV1.1.asc,AV1,60,initiator_active,3705,1,61750.0,61750.0,1.0,21.94,78.984,149.0,117.015079,-1415.12811,0.0,0.0,0.0,21.94,0.0,0.0,1415.062976,-34.913172,6.28887,1.0,0.0,0.0,0.0,1.0,1499.89629,-34.91391,1021.0,5006.0,0.0,161.0,-0.430523,35.635218,128.286785,35.635209,0.025803,6.8e-05,-0.240546,-0.27949,-0.002032,0.073162,0.1055,0.0,0.0,0.0,0.0,0.0,-9999.0,-9999.0,-9999.0,-9999.0,-9999.0,-9999.0,-9999.0,-9999.0,-9999.0,-9999.0,-9999.0,-9999.0,-9999.0,-9999.0,149.0,lane7,spur3,stable_reference,4.339254837807977,-2.255179042800968,-0.7752019316359794,-4.525312945812195,-0.7752019316359794,10.716665999999998,385.2996368764366,1.2929271916862344,300.4691454202435,0.6009126918470593,0.600935406421854,0.30940899393453947,0.23873481379587247,1.3761020744118513,-0.775189382564792
P23_AV1_1_interaction,P23,AV1,1,on_ramp,P23_AV1_1,P23_AV1.1.asc,AV1,60,initiator_active,3706,1,61766.67,61766.6674,1.0,21.94,78.984,149.0,117.3803,-1415.493609,0.0,0.0,0.0,21.94,0.0,0.0,1415.428636,-34.911001,6.289207,1.0,0.0,0.0,0.0,1.0,1500.490197,-34.913482,1021.0,1.0,0.05145,7.0,-0.427176,35.631206,128.272343,35.631192,0.031544,2.8e-05,-0.240446,-0.295219,-0.002569,0.073162,0.1055,0.0,0.0,0.0,0.0,0.0,-9999.0,-9999.0,-9999.0,-9999.0,-9999.0,-9999.0,-9999.0,-9999.0,-9999.0,-9999.0,-9999.0,-9999.0,-9999.0,-9999.0,149.0,lane7,spur3,stable_reference,4.351564575216596,-2.2445720186017994,-0.7721255242847648,-4.52223697324062,-0.7721255242847648,10.733333399999996,385.8935205789172,1.298205047412485,300.834775499679,0.6060696146800122,0.6061260397336908,0.31385645871299417,0.2843499759728463,1.3781826396948789,-0.7721130250148667
P23_AV1_1_interaction,P23,AV1,1,on_ramp,P23_AV1_1,P23_AV1.1.asc,AV1,60,initiator_active,3707,1,61783.33,61783.3341,1.0,21.94,78.984,149.0,117.745517,-1415.859104,0.0,0.0,0.0,21.94,0.0,0.0,1415.794296,-34.908707,6.289542,1.0,0.0,0.0,0.0,1.0,1501.084038,-34.913128,1021.0,1.0,0.645281,7.0,-0.423823,35.627195,128.257901,35.627175,0.037466,-1.7e-05,-0.240371,-0.311519,-0.002739,0.073162,0.1055,0.0,0.0,0.0,0.0,0.0,-9999.0,-9999.0,-9999.0,-9999.0,-9999.0,-9999.0,-9999.0,-9999.0,-9999.0,-9999.0,-9999.0,-9999.0,-9999.0,-9999.0,149.0,lane7,spur3,stable_reference,4.363997265327176,-2.2338420271452284,-0.768926117310619,-4.519038001045754,-0.768926117310619,10.750000099999998,386.4873388878854,1.3034083666472678,301.200404574691,0.6113495334118084,0.6113975255972824,0.3188875199497687,0.3029690651668542,1.380263203244951,-0.7689136698331427
P23_AV1_1_interaction,P23,AV1,1,on_ramp,P23_AV1_1,P23_AV1.1.asc,AV1,60,initiator_active,3708,1,61800.0,61800.0008,1.0,21.94,78.984,149.0,118.11073,-1416.224596,0.0,0.0,0.0,21.94,0.0,0.0,1416.159955,-34.906306,6.289815,1.0,0.0,0.0,0.0,1.0,1501.677813,-34.912852,1021.0,1.0,1.239047,7.0,-0.420548,35.62325,128.2437,35.623224,0.04341,-7.1e-05,-0.23502,-0.345078,-0.003495,0.072848,0.1055,0.0,0.0,0.0,0.0,0.0,-9999.0,-9999.0,-9999.0,-9999.0,-9999.0,-9999.0,-9999.0,-9999.0,-9999.0,-9999.0,-9999.0,-9999.0,-9999.0,-9999.0,149.0,lane7,spur3,stable_reference,4.376536886562825,-2.2230050872443194,-0.7656197131406032,-4.515732031653503,-0.7656197131406032,10.7666668,387.08109183600567,1.3085331495239525,301.56603177596986,0.6167364404098953,0.6167556449911855,0.3239554477498281,0.28489946906060837,1.382343759597529,-0.7656073191876337
P23_AV1_1_interaction,P23,AV1,1,on_ramp,P23_AV1_1,P23_AV1.1.asc,AV1,60,initiator_active,3709,1,61816.67,61816.6673,1.0,21.94,78.984,149.0,118.475938,-1416.590084,0.0,0.0,0.0,21.94,0.0,0.0,1416.525613,-34.903827,6.290009,1.0,0.0,0.0,0.0,1.0,1502.271521,-34.912663,1021.0,1.0,1.832746,7.0,-0.417361,35.619275,128.229389,35.619241,0.049147,-0.000132,-0.238994,-0.362622,-0.004044,0.072691,0.1055,0.002198,0.0,0.0,0.0,0.0,-9999.0,-9999.0,-9999.0,-9999.0,-9999.0,-9999.0,-9999.0,-9999.0,-9999.0,-9999.0,-9999.0,-9999.0,-9999.0,-9999.0,149.0,lane7,spur3,stable_reference,4.389154450075088,-2.2120901911792696,-0.7622353116858032,-4.5123480649750585,-0.7622353116858032,10.783333299999999,387.67477849680546,1.3135703881765792,301.9316573403307,0.6222013366412112,0.6221959963406526,0.3283841386020505,0.22107114711449505,1.3844243091611828,-0.7622229725199715
P23_AV1_1_interaction,P23,AV1,1,on_ramp,P23_AV1_1,P23_AV1.1.asc,AV1,60,initiator_active,3710,1,61833.33,61833.3336,1.0,21.94,78.984,149.0,118.841141,-1416.955571,0.0,0.0,0.0,21.94,0.0,0.0,1416.891271,-34.901296,6.290133,1.0,0.0,0.0,0.0,1.0,1502.865162,-34.912568,1021.0,1.0,2.42638,7.0,-0.414268,35.61501,128.214036,35.614968,0.054797,-0.000203,-0.260311,-0.378556,-0.004359,0.07222,0.10525,0.0,0.0,0.0,0.0,0.0,-9999.0,-9999.0,-9999.0,-9999.0,-9999.0,-9999.0,-9999.0,-9999.0,-9999.0,-9999.0,-9999.0,-9999.0,-9999.0,-9999.0,149.0,lane7,spur3,stable_reference,4.401823993591438,-2.201123308956622,-0.7587855266951326,-4.50889873677693,-0.7587855266951326,10.799999599999996,388.26839892744755,1.3185130828385543,302.2972824800572,0.6277182311387041,0.6277016070224661,0.33132438594344293,0.133528510458353,1.386492867315915,-0.7587746361772109
P23_AV1_1_interaction,P23,AV1,1,on_ramp,P23_AV1_1,P23_AV1.1.asc,AV1,60,initiator_active,3711,1,61850.0,61850.0009,1.0,21.94,78.984,149.0,119.206341,-1417.321055,0.0,0.0,0.0,21.94,0.0,0.0,1417.256928,-34.898735,6.290206,1.0,0.0,0.0,0.0,1.0,1503.458734,-34.912574,1021.0,1.0,3.019944,7.0,-0.411277,35.610911,128.19928,35.61086,0.060339,-0.000273,-0.24087,-0.39456,-0.004029,0.071906,0.1055,0.0,0.0,0.0,0.0,0.0,-9999.0,-9999.0,-9999.0,-9999.0,-9999.0,-9999.0,-9999.0,-9999.0,-9999.0,-9999.0,-9999.0,-9999.0,-9999.0,-9999.0,149.0,lane7,spur3,stable_reference,4.41452349784218,-2.190126457792233,-0.7551976231938433,-4.505311326341405,-0.7551976231938433,10.816666899999996,388.8619511851604,1.323354217411183,302.6629063748359,0.6332651164698772,0.6332402328529498,0.33283503877526854,0.07685833184452306,1.3884519006414142,-0.7551867841715371
P23_AV1_1_interaction,P23,AV1,1,on_ramp,P23_AV1_1,P23_AV1.1.asc,AV1,60,initiator_active,3712,1,61866.67,61866.6667,1.0,21.94,78.984,149.0,119.571537,-1417.686539,0.0,0.0,0.0,21.94,0.0,0.0,1417.622586,-34.896156,6.290246,1.0,0.0,0.0,0.0,1.0,1504.052237,-34.912686,1021.0,1.0,3.61344,7.0,-0.408391,35.606895,128.18482,35.606834,0.065744,-0.000335,-0.240096,-0.409791,-0.003413,0.071435,0.1055,0.0,0.0,0.0,0.0,0.0,-9999.0,-9999.0,-9999.0,-9999.0,-9999.0,-9999.0,-9999.0,-9999.0,-9999.0,-9999.0,-9999.0,-9999.0,-9999.0,-9999.0,149.0,lane7,spur3,stable_reference,4.427241022900779,-2.179111588347179,-0.7515917169551292,-4.5017059131697374,-0.7515917169551292,10.8333327,389.45543531077453,1.3280887920611792,303.0285311225924,0.638830009366928,0.6387960290631893,0.33388635373497166,0.07272777516172013,1.3904109390537516,-0.7515809296868236
P23_AV1_1_interaction,P23,AV1,1,on_ramp,P23_AV1_1,P23_AV1.1.asc,AV1,60,initiator_active,3713,1,61883.33,61883.3341,1.0,21.94,78.984,149.0,119.93673,-1418.052022,0.0,0.0,0.0,21.94,0.0,0.0,1417.988244,-34.893569,6.290265,1.0,0.0,0.0,0.0,1.0,1504.645673,-34.912908,1021.0,1.0,4.20687,7.0,-0.405617,35.602882,128.170374,35.602811,0.070991,-0.000384,-0.239915,-0.424593,-0.002653,0.070964,0.1055,0.0,0.0,0.0,0.0,0.0,-9999.0,-9999.0,-9999.0,-9999.0,-9999.0,-9999.0,-9999.0,-9999.0,-9999.0,-9999.0,-9999.0,-9999.0,-9999.0,-9999.0,149.0,lane7,spur3,stable_reference,4.43996654488307,-2.168088721031728,-0.7479778107479684,-4.498092500029591,-0.7479778107479684,10.850000099999997,390.04885333688713,1.3327128232540004,303.3941558050206,0.6444029019972314,0.6443697351273365,0.33525931911768225,0.10405447496025033,1.3923699773457143,-0.747967075348483
P23_AV1_1_interaction,P23,AV1,1,on_ramp,P23_AV1_1,P23_AV1.1.asc,AV1,60,initiator_active,3714,1,61900.0,61900.0006,1.0,21.94,78.984,149.0,120.301918,-1418.417506,0.0,0.0,0.0,21.94,0.0,0.0,1418.353901,-34.890977,6.290273,1.0,0.0,0.0,0.0,1.0,1505.239042,-34.913245,1021.0,1.0,4.800233,7.0,-0.402957,35.598869,128.155929,35.598788,0.076062,-0.000421,-0.239823,-0.438111,-0.00188,0.070179,0.1055,0.0,0.0,0.0,0.0,0.0,-9999.0,-9999.0,-9999.0,-9999.0,-9999.0,-9999.0,-9999.0,-9999.0,-9999.0,-9999.0,-9999.0,-9999.0,-9999.0,-9999.0,149.0,lane7,spur3,stable_reference,4.452697037213179,-2.157060878119537,-0.7443589073689266,-4.494474089716202,-0.7443589073689266,10.866666599999997,390.6422053043287,1.3372213111563604,303.759779446652,0.649980786294781,0.649971528147762,0.33735485617458494,0.14833817865059018,1.3943290102047656,-0.7443482239099847
P23_AV1_1_interaction,P23,AV1,1,on_ramp,P23_AV1_1,P23_AV1.1.asc,AV1,60,initiator_active,3715,1,61916.67,61916.6672,1.0,21.94,78.984,149.0,120.667103,-1418.782989,0.0,0.0,0.0,21.94,0.0,0.0,1418.719558,-34.888363,6.290397,1.0,0.0,0.0,0.0,1.0,1505.832344,-34.9137,1021.0,1.0,5.39353,7.0,-0.400416,35.594856,128.141483,35.594764,0.080941,-0.000445,-0.239755,-0.451062,-0.001173,0.069394,0.1055,0.0,0.0,0.0,0.0,0.0,-9999.0,-9999.0,-9999.0,-9999.0,-9999.0,-9999.0,-9999.0,-9999.0,-9999.0,-9999.0,-9999.0,-9999.0,-9999.0,-9999.0,149.0,lane7,spur3,stable_reference,4.465449521083469,-2.14601104106374,-0.740718004076646,-4.490833679489485,-0.740718004076646,10.883333200000001,391.2354912375973,1.3416112558682949,304.1254029086304,0.655580669858793,0.6556148185324744,0.3402038949814141,0.034531633600716205,1.3962880427327942,-0.7407073728740011
P23_AV1_1_interaction,P23,AV1,1,on_ramp,P23_AV1_1,P23_AV1.1.asc,AV1,60,initiator_active,3716,1,61933.33,61933.3341,1.0,21.94,78.984,149.0,121.032285,-1419.148471,0.0,0.0,0.0,21.94,0.0,0.0,1419.085215,-34.88566,6.290638,1.0,0.0,0.0,0.0,1.0,1506.425579,-34.91428,1021.0,1.0,5.98676,7.0,-0.398,35.590843,128.127036,35.59074,0.085595,-0.000458,-0.239708,-0.465339,-0.000564,0.069394,0.1055,0.0,0.0,0.0,0.0,0.0,-9999.0,-9999.0,-9999.0,-9999.0,-9999.0,-9999.0,-9999.0,-9999.0,-9999.0,-9999.0,-9999.0,-9999.0,-9999.0,-9999.0,149.0,lane7,spur3,stable_reference,4.478290970729988,-2.134872227699748,-0.7369881011353522,-4.487104269613417,-0.7369881011353522,10.900000099999998,391.82871119385527,1.3458756576231916,304.49102564383105,0.6612695504553018,0.6613117156442047,0.33850583453565264,0.22326294422103388,1.39824707392168,-0.7369775234663781
P23_AV1_1_interaction,P23,AV1,1,on_ramp,P23_AV1_1,P23_AV1.1.asc,AV1,60,initiator_active,3717,1,61950.52,61950.5163,1.0,21.94,78.984,149.0,121.397462,-1419.513951,0.0,0.0,0.0,21.94,0.0,0.0,1419.450871,-34.882871,6.290863,1.0,0.0,0.0,0.0,1.0,1507.018747,-34.914986,1021.0,1.0,6.579924,7.0,-0.395711,35.58683,128.112587,35.586716,0.090049,-0.000462,-0.239618,-0.47306,-7.1e-05,0.067039,0.1055,0.0,0.0,0.0,0.0,0.0,-9999.0,-9999.0,-9999.0,-9999.0,-9999.0,-9999.0,-9999.0,-9999.0,-9999.0,-9999.0,-9999.0,-9999.0,-9999.0,-9999.0,149.0,lane7,spur3,stable_reference,4.49121835957684,-2.123647460301214,-0.7331722013416097,-4.483288862883228,-0.7331722013416097,10.9171823,392.4218651812687,1.350013516454396,304.85664667678526,0.667044420018299,0.6670694794651792,0.3481014194473744,0.5361060401201616,1.4002060984588816,-0.7331616784405826
P23_AV1_1_interaction,P23,AV1,1,on_ramp,P23_AV1_1,P23_AV1.1.asc,AV1,60,initiator_active,3718,1,61966.67,61966.6673,1.0,21.94,78.984,149.0,121.762634,-1419.879428,0.0,0.0,0.0,21.94,0.0,0.0,1419.816527,-34.880016,6.291032,1.0,0.0,0.0,0.0,1.0,1507.611848,-34.915823,1021.0,1.0,7.173022,7.0,-0.393553,35.582816,128.098139,35.582691,0.09427,-0.000459,-0.239532,-0.482851,0.000325,0.065783,0.1055,0.0,0.0,0.0,0.0,0.0,-9999.0,-9999.0,-9999.0,-9999.0,-9999.0,-9999.0,-9999.0,-9999.0,-9999.0,-9999.0,-9999.0,-9999.0,-9999.0,-9999.0,149.0,lane7,spur3,stable_reference,4.5042117230442695,-2.1123567104718752,-0.7291896198226182,-4.479306852438172,-0.7291896198226182,10.9333333,393.01495324066747,1.354019832528618,305.22226717078064,0.672885287380683,0.6728890413858067,0.3564206853270555,0.1742051262613682,1.4020659019831094,-0.7291806146024264
P23_AV1_1_interaction,P23,AV1,1,on_ramp,P23_AV1_1,P23_AV1.1.asc,AV1,60,initiator_active,3719,1,61983.33,61983.3338,1.0,21.94,78.984,149.0,122.127802,-1420.244903,0.0,0.0,0.0,21.94,0.0,0.0,1420.182182,-34.877115,6.291144,1.0,0.0,0.0,0.0,1.0,1508.204882,-34.916794,1021.0,1.0,7.766053,7.0,-0.391529,35.578803,128.083691,35.578667,0.098239,-0.000451,-0.23943,-0.490703,0.000635,0.064056,0.1055,0.0,0.0,0.0,0.0,0.0,-9999.0,-9999.0,-9999.0,-9999.0,-9999.0,-9999.0,-9999.0,-9999.0,-9999.0,-9999.0,-9999.0,-9999.0,-9999.0,-9999.0,149.0,lane7,spur3,stable_reference,4.517251041093487,-2.1010199959599976,-0.7251198957615769,-4.475237732656213,-0.7251198957615769,10.949999799999997,393.60797539655005,1.357891605945895,305.5878862891715,0.6787721450432521,0.6787622287760241,0.3534613320622704,-0.040556292602406785,1.4038830858442126,-0.7251109408009605
P23_AV1_1_interaction,P23,AV1,1,on_ramp,P23_AV1_1,P23_AV1.1.asc,AV1,60,initiator_active,3720,1,62000.0,62000.0,1.0,21.94,78.984,149.0,122.492966,-1420.610377,0.0,0.0,0.0,21.94,0.0,0.0,1420.547837,-34.874185,6.291213,1.0,0.0,0.0,0.0,1.0,1508.797849,-34.917902,1021.0,1.0,8.359018,7.0,-0.389642,35.574788,128.069237,35.574642,0.101943,-0.000438,-0.239587,-0.498525,0.00088,0.062643,0.1055,0.0,0.0,0.0,0.0,0.0,-9999.0,-9999.0,-9999.0,-9999.0,-9999.0,-9999.0,-9999.0,-9999.0,-9999.0,-9999.0,-9999.0,-9999.0,-9999.0,-9999.0,149.0,lane7,spur3,stable_reference,4.530319347991149,-2.0896542891679126,-0.721021171848664,-4.471139613022221,-0.721021171848664,10.966665999999998,394.20093167341446,1.3616258368062555,305.95350517074706,0.6846880017388955,0.6846708612891053,0.35506875238936075,0.0784305131089642,1.4057002692446574,-0.7210122675057619
P23_AV1_1_interaction,P23,AV1,1,on_ramp,P23_AV1_1,P23_AV1.1.asc,AV1,60,initiator_active,3721,1,62016.67,62016.6673,1.0,21.94,78.984,149.0,122.858126,-1420.97585,0.0,0.0,0.0,21.94,0.0,0.0,1420.913491,-34.871238,6.291253,1.0,0.0,0.0,0.0,1.0,1509.390749,-34.919149,1021.0,1.0,8.951917,7.0,-0.387895,35.570772,128.054779,35.570616,0.105361,-0.000421,-0.239393,-0.505107,0.001069,0.061073,0.1055,0.0,0.0,0.0,0.0,0.0,-9999.0,-9999.0,-9999.0,-9999.0,-9999.0,-9999.0,-9999.0,-9999.0,-9999.0,-9999.0,-9999.0,-9999.0,-9999.0,-9999.0,149.0,lane7,spur3,stable_reference,4.543404620622175,-2.0782716099735032,-0.7169054512188848,-4.467024496669625,-0.7169054512188848,10.983333299999998,394.7938220875927,1.3652205251763738,306.3191229135332,0.6906208497016623,0.690597914223759,0.35607565593138446,0.061181627334267574,1.4075174474052623,-0.7168965977036
P23_AV1_1_interaction,P23,AV1,1,on_ramp,P23_AV1_1,P23_AV1.1.asc,AV1,60,initiator_active,3722,1,62033.33,62033.3337,1.0,21.94,78.984,149.0,123.223282,-1421.341322,0.0,0.0,0.0,21.94,0.0,0.0,1421.279146,-34.868282,6.291273,1.0,0.0,0.0,0.0,1.0,1509.983582,-34.920538,1021.0,1.0,9.544749,7.0,-0.38629,35.566759,128.040331,35.566593,0.108486,-0.000402,-0.239202,-0.5104,0.001215,0.059346,0.1055,0.0,0.0,0.0,0.0,0.0,-9999.0,-9999.0,-9999.0,-9999.0,-9999.0,-9999.0,-9999.0,-9999.0,-9999.0,-9999.0,-9999.0,-9999.0,-9999.0,-9999.0,149.0,lane7,spur3,stable_reference,4.556498917521874,-2.0668799101026254,-0.7127807274387914,-4.4629003771683164,-0.7127807274387914,10.9999997,395.3866466635832,1.3686726711562824,306.68474158279173,0.696562705530387,0.6965401795424611,0.35710816101499177,0.07162699815257234,1.4093346303926955,-0.7127719248623084
P23_AV1_1_interaction,P23,AV1,1,on_ramp,P23_AV1_1,P23_AV1.1.asc,AV1,60,initiator_active,3723,1,62050.0,62050.0009,1.0,21.94,78.984,149.0,123.588435,-1421.706794,0.0,0.0,0.0,21.94,0.0,0.0,1421.644801,-34.865322,6.291283,1.0,0.0,0.0,0.0,1.0,1510.576347,-34.92207,1021.0,1.0,10.137514,7.0,-0.384829,35.562747,128.025888,35.562573,0.111304,-0.00038,-0.239081,-0.515552,0.001328,0.057933,0.1055,0.0,0.0,0.0,0.0,0.0,-9999.0,-9999.0,-9999.0,-9999.0,-9999.0,-9999.0,-9999.0,-9999.0,-9999.0,-9999.0,-9999.0,-9999.0,-9999.0,-9999.0,149.0,lane7,spur3,stable_reference,4.569597212883427,-2.055484211296544,-0.708652003679125,-4.458772257687414,-0.708652003679125,11.016666899999997,395.9794044095848,1.3719812666132858,307.0503602193858,0.7025085612257435,0.7025016157262494,0.3584632571184976,0.09364291044377637,1.4111518133165857,-0.7086432520908422
P23_AV1_1_interaction,P23,AV1,1,on_ramp,P23_AV1_1,P23_AV1.1.asc,AV1,60,initiator_active,3724,1,62066.67,62066.6674,1.0,21.94,78.984,149.0,123.953584,-1422.072266,0.0,0.0,0.0,21.94,0.0,0.0,1422.010455,-34.862347,6.291359,1.0,0.0,0.0,0.0,1.0,1511.169045,-34.923748,1021.0,1.0,10.730213,7.0,-0.383514,35.558736,128.011449,35.558554,0.113803,-0.000357,-0.23898,-0.519366,0.001411,0.056363,0.1055,0.0,0.0,0.0,0.0,0.0,-9999.0,-9999.0,-9999.0,-9999.0,-9999.0,-9999.0,-9999.0,-9999.0,-9999.0,-9999.0,-9999.0,-9999.0,-9999.0,-9999.0,149.0,lane7,spur3,stable_reference,4.582710474747423,-2.044073539555724,-0.7045082831923684,-4.454629141477696,-0.7045082831923684,11.033333399999997,396.57209635006296,1.3751433198134464,307.41597773352294,0.7084694082549171,0.7084890851123495,0.36022960842356966,0.11554771114559337,1.412968991032408,-0.7044995827774908
P23_AV1_1_interaction,P23,AV1,1,on_ramp,P23_AV1_1,P23_AV1.1.asc,AV1,60,initiator_active,3725,1,62083.33,62083.334,1.0,21.94,78.984,149.0,124.318729,-1422.437738,0.0,0.0,0.0,21.94,0.0,0.0,1422.37611,-34.859318,6.291505,1.0,0.0,0.0,0.0,1.0,1511.761675,-34.925573,1021.0,1.0,11.322845,7.0,-0.382346,35.554726,127.997012,35.554536,0.115979,-0.000333,-0.238889,-0.522986,0.001473,0.055107,0.1055,0.0,0.0,0.0,0.0,0.0,-9999.0,-9999.0,-9999.0,-9999.0,-9999.0,-9999.0,-9999.0,-9999.0,-9999.0,-9999.0,-9999.0,-9999.0,-9999.0,-9999.0,149.0,lane7,spur3,stable_reference,4.595877743575934,-2.032608859117452,-0.7002688059440264,-4.4503882006777165,-0.7002688059440264,11.05,397.1647214932164,1.3781578226240756,307.7815958066601,0.7144842616496246,0.7145091854823655,0.36231482244200564,0.12884610807674513,1.414745656854564,-0.7002613952049394
P23_AV1_1_interaction,P23,AV1,1,on_ramp,P23_AV1_1,P23_AV1.1.asc,AV1,60,initiator_active,3726,1,62100.0,62100.0001,1.0,21.94,78.984,149.0,124.683869,-1422.803208,0.0,0.0,0.0,21.94,0.0,0.0,1422.741763,-34.856237,6.291642,1.0,0.0,0.0,0.0,1.0,1512.354239,-34.927546,1021.0,1.0,11.915411,7.0,-0.381326,35.550716,127.982579,35.550521,0.117829,-0.000308,-0.238794,-0.524851,0.001511,0.053537,0.1055,0.0,0.0,0.0,0.0,0.0,-9999.0,-9999.0,-9999.0,-9999.0,-9999.0,-9999.0,-9999.0,-9999.0,-9999.0,-9999.0,-9999.0,-9999.0,-9999.0,-9999.0,149.0,lane7,spur3,stable_reference,4.609096936949522,-2.021092238666085,-0.6958840774376057,-4.445997467360954,-0.6958840774376057,11.066666099999996,397.75728184714495,1.3810237914105936,308.1472114552299,0.7205510969784326,0.7205660152870229,0.3645243933575486,0.1293148601702221,1.416427810079244,-0.6958767131008115
P23_AV1_1_interaction,P23,AV1,1,on_ramp,P23_AV1_1,P23_AV1.1.asc,AV1,60,initiator_active,3727,1,62116.67,62116.6673,1.0,21.94,78.984,149.0,125.049006,-1423.168677,0.0,0.0,0.0,21.94,0.0,0.0,1423.107417,-34.853116,6.291744,1.0,0.0,0.0,0.0,1.0,1512.946735,-34.929668,1021.0,1.0,12.50791,7.0,-0.380456,35.546708,127.968149,35.546508,0.119353,-0.000282,-0.238708,-0.527294,0.001534,0.052595,0.1055,0.0,0.0,0.0,0.0,0.0,-9999.0,-9999.0,-9999.0,-9999.0,-9999.0,-9999.0,-9999.0,-9999.0,-9999.0,-9999.0,-9999.0,-9999.0,-9999.0,-9999.0,149.0,lane7,spur3,stable_reference,4.622356142671147,-2.0095356057904694,-0.6914593456199086,-4.441566730718844,-0.6914593456199086,11.083333299999998,398.3497754200812,1.3837402098742586,308.5128277771246,0.7266579391395735,0.7266599888684968,0.3666253062896949,0.11319186812752591,1.4181099672483257,-0.6914520281087522
P23_AV1_1_interaction,P23,AV1,1,on_ramp,P23_AV1_1,P23_AV1.1.asc,AV1,60,initiator_active,3728,1,62133.33,62133.3334,1.0,21.94,78.984,149.0,125.414138,-1423.534144,0.0,0.0,0.0,21.94,0.0,0.0,1423.47307,-34.849967,6.291812,1.0,0.0,0.0,0.0,1.0,1513.539164,-34.93194,1021.0,1.0,13.100343,7.0,-0.379736,35.542701,127.953723,35.542496,0.120544,-0.000257,-0.238623,-0.528768,0.001538,0.051653,0.1055,0.0,0.0,0.0,0.0,0.0,-9999.0,-9999.0,-9999.0,-9999.0,-9999.0,-9999.0,-9999.0,-9999.0,-9999.0,-9999.0,-9999.0,-9999.0,-9999.0,-9999.0,149.0,lane7,spur3,stable_reference,4.635643309896238,-1.997951003440697,-0.6870066175457304,-4.437107997838317,-0.6870066175457304,11.0999994,398.9422032201578,1.3863060862144594,308.8784428704035,0.732792772201078,0.7327868444123421,0.368297480143994,0.08155130050527504,1.4197921193575653,-0.6869993471564874
P23_AV1_1_interaction,P23,AV1,1,on_ramp,P23_AV1_1,P23_AV1.1.asc,AV1,60,initiator_active,3729,1,62150.0,62150.0008,1.0,21.94,78.984,149.0,125.779267,-1423.89961,0.0,0.0,0.0,21.94,0.0,0.0,1423.838723,-34.846801,6.291854,1.0,0.0,0.0,0.0,1.0,1514.131525,-34.934362,1021.0,1.0,13.692709,7.0,-0.379167,35.538694,127.9393,35.538487,0.12141,-0.000231,-0.238541,-0.530051,0.001529,0.051025,0.1055,0.0,0.0,0.0,0.0,0.0,-9999.0,-9999.0,-9999.0,-9999.0,-9999.0,-9999.0,-9999.0,-9999.0,-9999.0,-9999.0,-9999.0,-9999.0,-9999.0,-9999.0,149.0,lane7,spur3,stable_reference,4.648947470584206,-1.986349405616333,-0.6825368895796097,-4.432632265066848,-0.6825368895796097,11.116666799999999,399.5345642474081,1.3887214122651448,309.2440578248597,0.7389446046957562,0.738936634674431,0.36934364772857364,0.048344600272223204,1.4214742711879402,-0.682529666492184
P23_AV1_1_interaction,P23,AV1,1,on_ramp,P23_AV1_1,P23_AV1.1.asc,AV1,60,initiator_active,3730,1,62166.67,62166.6667,1.0,21.94,78.984,149.0,126.144391,-1424.265076,0.0,0.0,0.0,21.94,0.0,0.0,1424.204376,-34.843625,6.291877,1.0,0.0,0.0,0.0,1.0,1514.723819,-34.936935,1021.0,1.0,14.285008,7.0,-0.378749,35.534689,127.924882,35.53448,0.121951,-0.000206,-0.238469,-0.531954,0.001508,0.051025,0.1055,0.0,0.0,0.0,0.0,0.0,-9999.0,-9999.0,-9999.0,-9999.0,-9999.0,-9999.0,-9999.0,-9999.0,-9999.0,-9999.0,-9999.0,-9999.0,-9999.0,-9999.0,149.0,lane7,spur3,stable_reference,4.662261627426794,-1.9747378104539857,-0.678057161677066,-4.428146532359538,-0.678057161677066,11.133332699999999,400.12685950996496,1.3909851962257114,309.60967269765524,0.745106436857002,0.7450982859078227,0.36990900847438013,0.02812191231433836,1.4231564228542872,-0.6780499859972853
P23_AV1_1_interaction,P23,AV1,1,on_ramp,P23_AV1_1,P23_AV1.1.asc,AV1,60,initiator_active,3731,1,62183.33,62183.3343,1.0,21.94,78.984,149.0,126.509512,-1424.630542,0.0,0.0,0.0,21.94,0.0,0.0,1424.570028,-34.840443,6.291889,1.0,0.0,0.0,0.0,1.0,1515.316045,-34.939659,1021.0,1.0,14.877241,7.0,-0.378482,35.530685,127.910467,35.530475,0.122182,-0.000181,-0.238397,-0.532561,0.001472,0.050868,0.1055,0.0,0.0,0.0,0.0,0.0,-9999.0,-9999.0,-9999.0,-9999.0,-9999.0,-9999.0,-9999.0,-9999.0,-9999.0,-9999.0,-9999.0,-9999.0,-9999.0,-9999.0,149.0,lane7,spur3,stable_reference,4.675581754232665,-1.9631202399610683,-0.6735714373781807,-4.423654803272666,-0.6735714373781807,11.1500003,400.71908800786144,1.3930974299301082,309.9752865214882,0.7512742606521577,0.7512669972643993,0.3702810297673018,0.022234690192865614,1.424838569821661,-0.6735643091695033
P23_AV1_1_interaction,P23,AV1,1,on_ramp,P23_AV1_1,P23_AV1.1.asc,AV1,60,initiator_active,3732,1,62200.0,62200.0012,1.0,21.94,78.984,149.0,126.874628,-1424.996008,0.0,0.0,0.0,21.94,0.0,0.0,1424.935681,-34.837258,6.291895,1.0,0.0,0.0,0.0,1.0,1515.908204,-34.942534,1021.0,1.0,15.469407,7.0,-0.378367,35.526682,127.896056,35.526472,0.12213,-0.000157,-0.238326,-0.532705,0.001425,0.050868,0.1055,0.0,0.0,0.0,0.0,0.0,-9999.0,-9999.0,-9999.0,-9999.0,-9999.0,-9999.0,-9999.0,-9999.0,-9999.0,-9999.0,-9999.0,-9999.0,-9999.0,-9999.0,149.0,lane7,spur3,stable_reference,4.688904907614429,-1.9514996471945136,-0.6690827095328412,-4.419160070623084,-0.6690827095328412,11.166667199999996,401.31125074106444,1.3950581215443787,310.3409013207894,0.757445092513325,0.7574414186439011,0.370650190874084,0.022857398193840694,1.4265207213403768,-0.6690756288270517
P23_AV1_1_interaction,P23,AV1,1,on_ramp,P23_AV1_1,P23_AV1.1.asc,AV1,60,initiator_active,3733,1,62216.67,62216.6673,1.0,21.94,78.984,149.0,127.239741,-1425.361473,0.0,0.0,0.0,21.94,0.0,0.0,1425.301334,-34.83407,6.291913,1.0,0.0,0.0,0.0,1.0,1516.500295,-34.94556,1021.0,1.0,16.061506,7.0,-0.378403,35.522681,127.88165,35.522472,0.121823,-0.000134,-0.238248,-0.5313,0.001366,0.050554,0.1055,0.0,0.0,0.0,0.0,0.0,-9999.0,-9999.0,-9999.0,-9999.0,-9999.0,-9999.0,-9999.0,-9999.0,-9999.0,-9999.0,-9999.0,-9999.0,-9999.0,-9999.0,149.0,lane7,spur3,stable_reference,4.702231059842586,-1.9398760552265428,-0.6644500370423498,-4.414527579978729,-0.6644500370423498,11.1833333,401.90334670960715,1.3968672629024865,310.70651609559263,0.7636189242744655,0.7636218797726608,0.37104293428845736,0.025086827076879814,1.4280631675053974,-0.6644442432309319
P23_AV1_1_interaction,P23,AV1,1,on_ramp,P23_AV1_1,P23_AV1.1.asc,AV1,60,initiator_active,3734,1,62233.33,62233.3343,1.0,21.94,78.984,149.0,127.604851,-1425.726939,0.0,0.0,0.0,21.94,0.0,0.0,1425.666987,-34.83087,6.291945,1.0,0.0,0.0,0.0,1.0,1517.092319,-34.948737,1021.0,1.0,16.653538,7.0,-0.37859,35.51868,127.867249,35.518473,0.121287,-0.000112,-0.238173,-0.529976,0.001299,0.050554,0.1055,0.0,0.0,0.0,0.0,0.0,-9999.0,-9999.0,-9999.0,-9999.0,-9999.0,-9999.0,-9999.0,-9999.0,-9999.0,-9999.0,-9999.0,-9999.0,-9999.0,-9999.0,149.0,lane7,spur3,stable_reference,4.715569207456298,-1.9282404664529773,-0.6597910825900374,-4.40986943357555,-0.6597910825900374,11.2000003,402.4953769134563,1.398524862170468,311.07213077240334,0.7698047556354923,0.7698094302416274,0.37148641532835214,0.027570495763795222,1.4295900850388414,-0.6597853294033491
P23_AV1_1_interaction,P23,AV1,1,on_ramp,P23_AV1_1,P23_AV1.1.asc,AV1,60,initiator_active,3735,1,62250.0,62250.0007,1.0,21.94,78.984,149.0,127.969956,-1426.092404,0.0,0.0,0.0,21.94,0.0,0.0,1426.032639,-34.827659,6.291974,1.0,0.0,0.0,0.0,1.0,1517.684276,-34.952064,1021.0,1.0,17.245504,7.0,-0.378927,35.514682,127.852854,35.514477,0.120542,-9.1e-05,-0.238096,-0.527639,0.001224,0.050397,0.1055,0.0,0.0,0.0,0.0,0.0,-9999.0,-9999.0,-9999.0,-9999.0,-9999.0,-9999.0,-9999.0,-9999.0,-9999.0,-9999.0,-9999.0,-9999.0,-9999.0,-9999.0,149.0,lane7,spur3,stable_reference,4.728918323110601,-1.9165939036798785,-0.6551211322153516,-4.405200291247696,-0.6551211322153516,11.216666699999994,403.08734134444575,1.4000319193149835,311.43774435942083,0.7760015784637062,0.7760047847603955,0.3719619514973722,0.029233474219724442,1.431116998212981,-0.6551154197492748
P23_AV1_1_interaction,P23,AV1,1,on_ramp,P23_AV1_1,P23_AV1.1.asc,AV1,60,initiator_active,3736,1,62266.67,62266.6672,1.0,21.94,78.984,149.0,128.335058,-1426.45787,0.0,0.0,0.0,21.94,0.0,0.0,1426.398292,-34.824439,6.291996,1.0,0.0,0.0,0.0,1.0,1518.276165,-34.95554,1021.0,1.0,17.837403,7.0,-0.379414,35.510685,127.838465,35.510483,0.119618,-7.1e-05,-0.238012,-0.523959,0.001146,0.049926,0.1055,0.0,0.0,0.0,0.0,0.0,-9999.0,-9999.0,-9999.0,-9999.0,-9999.0,-9999.0,-9999.0,-9999.0,-9999.0,-9999.0,-9999.0,-9999.0,-9999.0,-9999.0,149.0,lane7,spur3,stable_reference,4.742276463033575,-1.9049383202303103,-0.6504421779222426,-4.400522145003548,-0.6504421779222426,11.2333332,403.679238994443,1.4013894261366477,311.80335887291074,0.7822074091578785,0.7822080008216414,0.3724608519413408,0.029627576659036592,1.4326439154131676,-0.6504365062552891
P23_AV1_1_interaction,P23,AV1,1,on_ramp,P23_AV1_1,P23_AV1.1.asc,AV1,60,initiator_active,3737,1,62283.33,62283.3341,1.0,21.94,78.984,149.0,128.700155,-1426.823335,0.0,0.0,0.0,21.94,0.0,0.0,1426.763944,-34.821213,6.292011,1.0,0.0,0.0,0.0,1.0,1518.867986,-34.959165,1021.0,1.0,18.429235,7.0,-0.38005,35.50669,127.824083,35.506492,0.118551,-5.3e-05,-0.237914,-0.517846,0.001064,0.04867,0.1055,0.0,0.0,0.0,0.0,0.0,-9999.0,-9999.0,-9999.0,-9999.0,-9999.0,-9999.0,-9999.0,-9999.0,-9999.0,-9999.0,-9999.0,-9999.0,-9999.0,-9999.0,149.0,lane7,spur3,stable_reference,4.755640572919827,-1.893276761450213,-0.6457572276669615,-4.395838002794973,-0.6457572276669615,11.250000099999998,404.27106986344785,1.4025973826354587,312.1689723374376,0.7884192314859496,0.7884201715338339,0.3729495391157762,0.023063678304673374,1.434170828337364,-0.6457515968514144
P23_AV1_1_interaction,P23,AV1,1,on_ramp,P23_AV1_1,P23_AV1.1.asc,AV1,60,initiator_active,3738,1,62300.0,62300.0006,1.0,21.94,78.984,149.0,129.065249,-1427.188799,0.0,0.0,0.0,21.94,0.0,0.0,1427.129596,-34.817983,6.292019,1.0,0.0,0.0,0.0,1.0,1519.45974,-34.962936,1021.0,1.0,19.021001,7.0,-0.380834,35.502697,127.80971,35.502503,0.117378,-3.6e-05,-0.2378,-0.509378,0.000981,0.046629,0.1055,0.0,0.0,0.0,0.0,0.0,-9999.0,-9999.0,-9999.0,-9999.0,-9999.0,-9999.0,-9999.0,-9999.0,-9999.0,-9999.0,-9999.0,-9999.0,-9999.0,-9999.0,149.0,lane7,spur3,stable_reference,4.769008681267925,-1.8816112037349093,-0.6410682774435278,-4.391149860618194,-0.6410682774435278,11.266666599999997,404.862834926929,1.4036587968774317,312.5345857693003,0.7946350536806545,0.7946396768091925,0.373229647761395,0.0055071651679607925,1.4356977411949194,-0.641062687514265
P23_AV1_1_interaction,P23,AV1,1,on_ramp,P23_AV1_1,P23_AV1.1.asc,AV1,60,initiator_active,3739,1,62316.67,62316.6668,1.0,21.94,78.984,149.0,129.430339,-1427.554264,0.0,0.0,0.0,21.94,0.0,0.0,1427.495249,-34.814751,6.292024,1.0,0.0,0.0,0.0,1.0,1520.051427,-34.966853,1021.0,1.0,19.612699,7.0,-0.381763,35.498707,127.795347,35.498518,0.11612,-2e-05,-0.237676,-0.499006,0.0009,0.04396,0.1055,0.0,0.0,0.0,0.0,0.0,-9999.0,-9999.0,-9999.0,-9999.0,-9999.0,-9999.0,-9999.0,-9999.0,-9999.0,-9999.0,-9999.0,-9999.0,-9999.0,-9999.0,149.0,lane7,spur3,stable_reference,4.782378816576455,-1.8699436234797464,-0.6363773232459403,-4.386459714469469,-0.6363773232459403,11.283332799999997,405.4545341848864,1.4045736688625667,312.90020018479765,0.8008528839747124,0.8008609233804103,0.37313311457982223,-0.01764889162778438,1.437224658195148,-0.6363717742204356
P23_AV1_1_interaction,P23,AV1,1,on_ramp,P23_AV1_1,P23_AV1.1.asc,AV1,60,initiator_active,3740,1,62333.33,62333.3341,1.0,21.94,78.984,149.0,129.795426,-1427.919729,0.0,0.0,0.0,21.94,0.0,0.0,1427.860901,-34.811518,6.292027,1.0,0.0,0.0,0.0,1.0,1520.643046,-34.970913,1021.0,1.0,20.204331,7.0,-0.382835,35.494721,127.780994,35.494535,0.114778,-6e-06,-0.237547,-0.487528,0.000825,0.040977,0.1055,0.0,0.0,0.0,0.0,0.0,-9999.0,-9999.0,-9999.0,-9999.0,-9999.0,-9999.0,-9999.0,-9999.0,-9999.0,-9999.0,-9999.0,-9999.0,-9999.0,-9999.0,149.0,lane7,spur3,stable_reference,4.795749923770947,-1.8582750665630408,-0.6316068154555213,-4.3816900828375065,-0.6316068154555213,11.300000099999998,406.046166612855,1.4053449903247897,313.2658135921622,0.8070717060693886,0.8070775091493385,0.3726413223466345,-0.04034239777602622,1.4386740771412747,-0.6316023710718861
P23_AV1_1_interaction,P23,AV1,1,on_ramp,P23_AV1_1,P23_AV1.1.asc,AV1,60,initiator_active,3741,1,62350.0,62350.001,1.0,21.94,78.984,149.0,130.160508,-1428.285194,0.0,0.0,0.0,21.94,0.0,0.0,1428.226554,-34.808285,6.292028,1.0,0.0,0.0,0.0,1.0,1521.234597,-34.975114,1021.0,1.0,20.795896,7.0,-0.384048,35.490737,127.766653,35.490556,0.113349,7e-06,-0.237409,-0.473768,0.000758,0.037209,0.1055,0.0,0.0,0.0,0.0,0.0,-9999.0,-9999.0,-9999.0,-9999.0,-9999.0,-9999.0,-9999.0,-9999.0,-9999.0,-9999.0,-9999.0,-9999.0,-9999.0,-9999.0,149.0,lane7,spur3,stable_reference,4.809121058694951,-1.84660648657408,-0.6267596050297521,-4.376843855739559,-0.6267596050297521,11.316666999999994,406.6377321945031,1.4059747611974278,313.63142799949355,0.8132905363301085,0.8132826240194935,0.3717883416925609,-0.059859281540514786,1.4400457310842534,-0.6267551947541449
P23_AV1_1_interaction,P23,AV1,1,on_ramp,P23_AV1_1,P23_AV1.1.asc,AV1,60,initiator_active,3742,1,62366.67,62366.6677,1.0,21.94,78.984,149.0,130.525587,-1428.650659,0.0,0.0,0.0,21.94,0.0,0.0,1428.592206,-34.805075,6.291942,1.0,0.0,0.0,0.0,1.0,1521.826081,-34.979451,1021.0,1.0,21.387395,7.0,-0.385398,35.486757,127.752325,35.486581,0.111833,1.9e-05,-0.237264,-0.458085,0.000693,0.032813,0.1055,0.0,0.0,0.0,0.0,0.0,-9999.0,-9999.0,-9999.0,-9999.0,-9999.0,-9999.0,-9999.0,-9999.0,-9999.0,-9999.0,-9999.0,-9999.0,-9999.0,-9999.0,149.0,lane7,spur3,stable_reference,4.822469174733779,-1.8349609235347792,-0.62193539879455,-4.372020632829753,-0.62193539879455,11.333333699999995,407.229231888967,1.4064679894797976,313.99704159467706,0.8194863591916607,0.8194705532213145,0.3706460004719183,-0.07354527520435283,1.4414173816567581,-0.6219310224650975
P23_AV1_1_interaction,P23,AV1,1,on_ramp,P23_AV1_1,P23_AV1.1.asc,AV1,60,initiator_active,3743,1,62383.33,62383.3341,1.0,21.94,78.984,149.0,130.890662,-1429.016125,0.0,0.0,0.0,21.94,0.0,0.0,1428.957859,-34.801897,6.291856,1.0,0.0,0.0,0.0,1.0,1522.417498,-34.983922,1021.0,1.0,21.978826,7.0,-0.386883,35.48278,127.73801,35.482609,0.110216,3e-05,-0.237116,-0.440445,0.000617,0.027789,0.1055,0.0,0.0,0.0,0.0,0.0,-9999.0,-9999.0,-9999.0,-9999.0,-9999.0,-9999.0,-9999.0,-9999.0,-9999.0,-9999.0,-9999.0,-9999.0,-9999.0,-9999.0,149.0,lane7,spur3,stable_reference,4.835785330807315,-1.8233473289048117,-0.6171431878328153,-4.367229405196491,-0.6171431878328153,11.350000099999997,407.82066567991467,1.406826675105215,314.36265645114077,0.8256501912862321,0.8256374045952275,0.3693368526825829,-0.07899492898421023,1.4427890365106115,-0.6171388452243795
P23_AV1_1_interaction,P23,AV1,1,on_ramp,P23_AV1_1,P23_AV1.1.asc,AV1,60,initiator_active,3744,1,62400.0,62400.0005,1.0,21.94,78.984,149.0,131.255734,-1429.381592,0.0,0.0,0.0,21.94,0.0,0.0,1429.323512,-34.798746,6.291785,1.0,0.0,0.0,0.0,1.0,1523.008847,-34.988524,1021.0,1.0,22.570192,7.0,-0.388498,35.478808,127.723708,35.478642,0.108472,4e-05,-0.23697,-0.421947,0.000524,0.022608,0.1055,0.0,0.0,0.0,0.0,0.0,-9999.0,-9999.0,-9999.0,-9999.0,-9999.0,-9999.0,-9999.0,-9999.0,-9999.0,-9999.0,-9999.0,-9999.0,-9999.0,-9999.0,149.0,lane7,spur3,stable_reference,4.84907449726332,-1.81176072708746,-0.6123779766079895,-4.362465177300453,-0.6123779766079895,11.3666665,408.4120325428812,1.4070538098076153,314.72827152808736,0.831787024281044,0.8317815846644138,0.36801287830307317,-0.07459607210574504,1.4441606918116277,-0.6123736675305836
P23_AV1_1_interaction,P23,AV1,1,on_ramp,P23_AV1_1,P23_AV1.1.asc,AV1,60,initiator_active,3745,1,62416.67,62416.6667,1.0,21.94,78.984,149.0,131.620802,-1429.74706,0.0,0.0,0.0,21.94,0.0,0.0,1429.689165,-34.795616,6.291735,1.0,0.0,0.0,0.0,1.0,1523.600129,-34.99325,1021.0,1.0,23.16149,7.0,-0.390239,35.474839,127.709419,35.474679,0.106551,4.7e-05,-0.236836,-0.404433,0.000402,0.018055,0.1055,0.0,0.0,0.0,0.0,0.0,-9999.0,-9999.0,-9999.0,-9999.0,-9999.0,-9999.0,-9999.0,-9999.0,-9999.0,-9999.0,-9999.0,-9999.0,-9999.0,-9999.0,149.0,lane7,spur3,stable_reference,4.862342671794601,-1.8001951196798982,-0.6076337651785192,-4.3577219492000205,-0.6076337651785192,11.383332699999999,409.0033334206708,1.407156401519631,315.0938867765211,0.8379028579760577,0.8379042309200813,0.36685036971205776,-0.059416878354593194,1.4455323474604322,-0.6076294894843746
P23_AV1_1_interaction,P23,AV1,1,on_ramp,P23_AV1_1,P23_AV1.1.asc,AV1,60,initiator_active,3746,1,62433.33,62433.3339,1.0,21.94,78.984,149.0,131.985867,-1430.112529,0.0,0.0,0.0,21.94,0.0,0.0,1430.054819,-34.792499,6.291702,1.0,0.0,0.0,0.0,1.0,1524.191345,-34.998098,1021.0,1.0,23.752722,7.0,-0.392101,35.470873,127.695143,35.470719,0.104411,5.2e-05,-0.236707,-0.385857,0.00026,0.013345,0.1055,0.0,0.0,0.0,0.0,0.0,-9999.0,-9999.0,-9999.0,-9999.0,-9999.0,-9999.0,-9999.0,-9999.0,-9999.0,-9999.0,-9999.0,-9999.0,-9999.0,-9999.0,149.0,lane7,spur3,stable_reference,4.87559787905438,-1.7886424857394685,-0.6029025492076796,-4.352991716561063,-0.6029025492076796,11.399999899999996,409.59456929691845,1.4071364583406383,315.45950313107994,0.8440057002705723,0.8440099537407573,0.3660323324019288,-0.03345241095190943,1.4469040070759251,-0.6028983068053528
P23_AV1_1_interaction,P23,AV1,1,on_ramp,P23_AV1_1,P23_AV1.1.asc,AV1,60,initiator_active,3747,1,62450.01,62450.0064,1.0,21.94,78.984,149.0,132.350928,-1430.477998,0.0,0.0,0.0,21.94,0.0,0.0,1430.420472,-34.78939,6.291683,1.0,0.0,0.0,0.0,1.0,1524.782492,-35.003063,1021.0,1.0,24.343888,7.0,-0.39408,35.466911,127.680879,35.466764,0.102026,5.5e-05,-0.236586,-0.367274,0.000103,0.008949,0.1055,0.0,0.0,0.0,0.0,0.0,-9999.0,-9999.0,-9999.0,-9999.0,-9999.0,-9999.0,-9999.0,-9999.0,-9999.0,-9999.0,-9999.0,-9999.0,-9999.0,-9999.0,149.0,lane7,spur3,stable_reference,4.888845061660946,-1.777097872741703,-0.5981632683684105,-4.348253422933301,-0.5981632683684105,11.416672399999996,410.1857371308938,1.4069989556057823,315.82511855100057,0.8501005346657854,0.8501076358994257,0.3657352420525086,-0.01605915110909173,1.448260492968695,-0.5981599583029097
P23_AV1_1_interaction,P23,AV1,1,on_ramp,P23_AV1_1,P23_AV1.1.asc,AV1,60,initiator_active,3748,1,62466.67,62466.6667,1.0,21.94,78.984,149.0,132.715986,-1430.843468,0.0,0.0,0.0,21.94,0.0,0.0,1430.786126,-34.786286,6.291673,1.0,0.0,0.0,0.0,1.0,1525.373573,-35.00814,1021.0,1.0,24.934987,7.0,-0.396172,35.462952,127.666626,35.462813,0.099352,5.5e-05,-0.236479,-0.350928,-5.2e-05,0.005809,0.1055,0.0,0.0,0.0,0.0,0.0,-9999.0,-9999.0,-9999.0,-9999.0,-9999.0,-9999.0,-9999.0,-9999.0,-9999.0,-9999.0,-9999.0,-9999.0,-9999.0,-9999.0,149.0,lane7,spur3,stable_reference,4.902087273919689,-1.7655582353406851,-0.5932897813365396,-4.343380915839751,-0.5932897813365396,11.4333327,410.7768398816665,1.406748917646478,316.19073501171795,0.8561903773937523,0.8562009333604823,0.36549699300074323,-0.022276002718664145,1.4494768756332832,-0.593286498239531
P23_AV1_1_interaction,P23,AV1,1,on_ramp,P23_AV1_1,P23_AV1.1.asc,AV1,60,initiator_active,3749,1,62483.33,62483.3346,1.0,21.94,78.984,149.0,133.081039,-1431.208938,0.0,0.0,0.0,21.94,0.0,0.0,1431.151779,-34.783184,6.291667,1.0,0.0,0.0,0.0,1.0,1525.964587,-35.013324,1021.0,1.0,25.526019,7.0,-0.398371,35.458996,127.652384,35.458865,0.096344,5.3e-05,-0.236385,-0.336353,-0.00019,0.003768,0.1055,0.0,0.0,0.0,0.0,0.0,-9999.0,-9999.0,-9999.0,-9999.0,-9999.0,-9999.0,-9999.0,-9999.0,-9999.0,-9999.0,-9999.0,-9999.0,-9999.0,-9999.0,149.0,lane7,spur3,stable_reference,4.915327459218005,-1.754020620479523,-0.5884182991205801,-4.338510413559465,-0.5884182991205801,11.4500006,411.36787650843956,1.4063913361299705,316.5563504888009,0.8622782120223605,0.8622889891241108,0.3649927017219774,-0.03532703517025837,1.4506932550033302,-0.5884150429809697
P23_AV1_1_interaction,P23,AV1,1,on_ramp,P23_AV1_1,P23_AV1.1.asc,AV1,60,initiator_active,3750,1,62500.0,62500.0014,1.0,21.94,78.984,149.0,133.446089,-1431.574408,0.0,0.0,0.0,21.94,0.0,0.0,1431.517433,-34.780083,6.291665,1.0,0.0,0.0,0.0,1.0,1526.555534,-35.018611,1021.0,1.0,26.116986,7.0,-0.400674,35.455042,127.638152,35.45492,0.092981,4.8e-05,-0.236302,-0.323524,-0.000305,0.002826,0.1055,0.0,0.0,0.0,0.0,0.0,-9999.0,-9999.0,-9999.0,-9999.0,-9999.0,-9999.0,-9999.0,-9999.0,-9999.0,-9999.0,-9999.0,-9999.0,-9999.0,-9999.0,149.0,lane7,spur3,stable_reference,4.928566672630368,-1.7424839822799072,-0.5835478120535788,-4.333640906430818,-0.5835478120535788,11.466667399999999,411.9588469785493,1.4059302109228895,316.9219669740164,0.868365054850356,0.8683678561545076,0.3643193880390392,-0.04868524322927925,1.4519096377162153,-0.5835445828658593
P23_AV1_1_interaction,P23,AV1,1,on_ramp,P23_AV1_1,P23_AV1.1.asc,AV1,60,initiator_active,3751,1,62516.67,62516.6678,1.0,21.94,78.984,149.0,133.811135,-1431.939878,0.0,0.0,0.0,21.94,0.0,0.0,1431.883086,-34.776989,6.291624,1.0,0.0,0.0,0.0,1.0,1527.146415,-35.023996,1021.0,1.0,26.707885,7.0,-0.403075,35.451091,127.623928,35.450979,0.089269,4.2e-05,-0.236226,-0.311966,-0.000394,0.002826,0.1055,0.0,0.0,0.0,0.0,0.0,-9999.0,-9999.0,-9999.0,-9999.0,-9999.0,-9999.0,-9999.0,-9999.0,-9999.0,-9999.0,-9999.0,-9999.0,-9999.0,-9999.0,149.0,lane7,spur3,stable_reference,4.941798861004978,-1.730954365289142,-0.5786843297439476,-4.328778404056963,-0.5786843297439476,11.4833338,412.54975225113157,1.4053705500245686,317.2875825164277,0.8744448897457047,0.874432920477263,0.3633698734016839,-0.06312052643846933,1.4531260172150615,-0.5786811274693568
P23_AV1_1_interaction,P23,AV1,1,on_ramp,P23_AV1_1,P23_AV1.1.asc,AV1,60,initiator_active,3752,1,62533.33,62533.3342,1.0,21.94,78.984,149.0,134.176178,-1432.305349,0.0,0.0,0.0,21.94,0.0,0.0,1432.24874,-34.773926,6.291544,1.0,0.0,0.0,0.0,1.0,1527.737228,-35.029477,1021.0,1.0,27.298719,7.0,-0.405572,35.447142,127.609713,35.44704,0.085239,3.5e-05,-0.236153,-0.299545,-0.000447,0.003454,0.1055,0.0,0.0,0.0,0.0,0.0,-9999.0,-9999.0,-9999.0,-9999.0,-9999.0,-9999.0,-9999.0,-9999.0,-9999.0,-9999.0,-9999.0,-9999.0,-9999.0,-9999.0,149.0,lane7,spur3,stable_reference,4.955000089029735,-1.7194557169739235,-0.5738518422319777,-4.323946896483846,-0.5738518422319777,11.500000199999995,413.1405903099214,1.4047143370362276,317.65319931195285,0.8804937338407183,0.8804799914706303,0.36221540415537135,-0.07184808461872372,1.4543424005397172,-0.5738486666989989
P23_AV1_1_interaction,P23,AV1,1,on_ramp,P23_AV1_1,P23_AV1.1.asc,AV1,60,initiator_active,3753,1,62550.0,62550.0007,1.0,21.94,78.984,149.0,134.541217,-1432.67082,0.0,0.0,0.0,21.94,0.0,0.0,1432.614394,-34.77089,6.291468,1.0,0.0,0.0,0.0,1.0,1528.327975,-35.035048,1021.0,1.0,27.889487,7.0,-0.40816,35.443196,127.595505,35.443104,0.080945,2.8e-05,-0.23608,-0.28659,-0.000468,0.003925,0.1055,0.0,0.0,0.0,0.0,0.0,-9999.0,-9999.0,-9999.0,-9999.0,-9999.0,-9999.0,-9999.0,-9999.0,-9999.0,-9999.0,-9999.0,-9999.0,-9999.0,-9999.0,149.0,lane7,spur3,stable_reference,4.968174327436987,-1.7079840614713035,-0.5690463544038425,-4.319142388594919,-0.5690463544038425,11.516666699999995,413.7313631058556,1.4039675880899014,318.01881632796113,0.886515578835989,0.886506610199499,0.3609749678661309,-0.0698839964432949,1.455558784299056,-0.5690432054630671
P23_AV1_1_interaction,P23,AV1,1,on_ramp,P23_AV1_1,P23_AV1.1.asc,AV1,60,initiator_active,3754,1,62566.67,62566.6673,1.0,21.94,78.984,149.0,134.906252,-1433.036293,0.0,0.0,0.0,21.94,0.0,0.0,1432.980048,-34.767878,6.291412,1.0,0.0,0.0,0.0,1.0,1528.918655,-35.040705,1021.0,1.0,28.480188,7.0,-0.410835,35.439252,127.581306,35.439169,0.076435,2e-05,-0.236009,-0.273542,-0.000461,0.004239,0.1055,0.0,0.0,0.0,0.0,0.0,-9999.0,-9999.0,-9999.0,-9999.0,-9999.0,-9999.0,-9999.0,-9999.0,-9999.0,-9999.0,-9999.0,-9999.0,-9999.0,-9999.0,149.0,lane7,spur3,stable_reference,4.981324575073109,-1.6965363995798857,-0.5642648662946784,-4.31436188042527,-0.5642648662946784,11.533333299999999,414.3220696063036,1.4031342948861811,318.3844335399545,0.8925134246314803,0.8925124060468553,0.35988595482211494,-0.05556951342067329,1.4567751684447796,-0.5642617438132993
P23_AV1_1_interaction,P23,AV1,1,on_ramp,P23_AV1_1,P23_AV1.1.asc,AV1,60,initiator_active,3755,1,62583.33,62583.3341,1.0,21.94,78.984,161.0,0.154223,-1433.401767,0.0,0.0,0.0,21.94,0.0,0.0,1433.345703,-34.76488,6.291374,1.0,0.0,0.0,0.0,1.0,1529.509269,-35.046446,1021.0,1.0,29.070823,7.0,-0.413592,35.43531,127.567116,35.435237,0.071759,1.2e-05,-0.235937,-0.259634,-0.00043,0.004396,0.1055,0.0,0.0,0.0,0.0,0.0,-9999.0,-9999.0,-9999.0,-9999.0,-9999.0,-9999.0,-9999.0,-9999.0,-9999.0,-9999.0,-9999.0,-9999.0,-9999.0,-9999.0,161.0,lane7,spur3,stable_reference,4.9944608558222825,-1.6851027108894008,-0.5599967625662972,-4.308683191256838,-0.5599967625662972,11.550000099999998,414.9127107948997,1.4022164655244178,318.7500518662392,0.8984972790598201,0.8985028325006716,0.3591226509561096,-0.0390952220260381,1.4584862321707193,-0.5599889531108991
P23_AV1_1_interaction,P23,AV1,1,on_ramp,P23_AV1_1,P23_AV1.1.asc,AV1,60,initiator_active,3756,1,62600.0,62600.0006,1.0,21.94,78.984,161.0,0.519845,-1433.767241,0.0,0.0,0.0,21.94,0.0,0.0,1433.711357,-34.761893,6.291351,1.0,0.0,0.0,0.0,1.0,1530.099816,-35.052264,1021.0,1.0,29.661392,7.0,-0.416428,35.43137,127.552933,35.431307,0.06697,6e-06,-0.235865,-0.245003,-0.000385,0.004396,0.1055,0.0,0.0,0.0,0.0,0.0,-9999.0,-9999.0,-9999.0,-9999.0,-9999.0,-9999.0,-9999.0,-9999.0,-9999.0,-9999.0,-9999.0,-9999.0,-9999.0,-9999.0,161.0,lane7,spur3,stable_reference,5.007586113071826,-1.6736800423429845,-0.555954891195952,-4.302658732990544,-0.555954891195952,11.566666599999996,415.5032856145151,1.4012210916051748,319.1156692823836,0.9044701256888779,0.9044831492880046,0.35858277803620453,-0.035139515298912016,1.4604172637954975,-0.5559471381066197
P23_AV1_1_interaction,P23,AV1,1,on_ramp,P23_AV1_1,P23_AV1.1.asc,AV1,60,initiator_active,3757,1,62616.67,62616.6672,1.0,21.94,78.984,161.0,0.885468,-1434.132715,0.0,0.0,0.0,21.94,0.0,0.0,1434.077012,-34.758911,6.291337,1.0,0.0,0.0,0.0,1.0,1530.690297,-35.058156,1021.0,1.0,30.251895,7.0,-0.419338,35.427433,127.538758,35.427378,0.062112,-0.0,-0.235792,-0.230168,-0.000334,0.004239,0.1055,0.0,0.0,0.0,0.0,0.0,-9999.0,-9999.0,-9999.0,-9999.0,-9999.0,-9999.0,-9999.0,-9999.0,-9999.0,-9999.0,-9999.0,-9999.0,-9999.0,-9999.0,161.0,lane7,spur3,stable_reference,5.0207063999735775,-1.6622623493933082,-0.5519180169198764,-4.296639266244513,-0.5519180169198764,11.5833332,416.0937950406185,1.4001511811944676,319.48128773932496,0.9104379806506984,0.9104555080512673,0.3579513414293345,-0.046493903374894785,1.4623483007776208,-0.5519103201269224
P23_AV1_1_interaction,P23,AV1,1,on_ramp,P23_AV1_1,P23_AV1.1.asc,AV1,60,initiator_active,3758,1,62633.34,62633.336,1.0,21.94,78.984,161.0,1.251092,-1434.49819,0.0,0.0,0.0,21.94,0.0,0.0,1434.442666,-34.755932,6.29133,1.0,0.0,0.0,0.0,1.0,1531.280712,-35.064117,1021.0,1.0,30.842332,7.0,-0.422318,35.423498,127.524591,35.423451,0.057223,-5e-06,-0.235718,-0.215242,-0.000282,0.004239,0.1055,0.0,0.0,0.0,0.0,0.0,-9999.0,-9999.0,-9999.0,-9999.0,-9999.0,-9999.0,-9999.0,-9999.0,-9999.0,-9999.0,-9999.0,-9999.0,-9999.0,-9999.0,161.0,lane7,spur3,stable_reference,5.033823660299421,-1.6508476787172903,-0.547884127529176,-4.290452722273439,-0.547884127529176,11.600002,416.68423903237914,1.399011734125566,319.84690522079774,0.9164028275464966,0.9164155987118578,0.3570328472938975,-0.06764594074821595,1.464279840259797,-0.5478770127133004
P23_AV1_1_interaction,P23,AV1,1,on_ramp,P23_AV1_1,P23_AV1.1.asc,AV1,60,initiator_active,3759,1,62650.0,62650.0008,1.0,21.94,78.984,161.0,1.616716,-1434.863665,0.0,0.0,0.0,21.94,0.0,0.0,1434.808321,-34.752954,6.291327,1.0,0.0,0.0,0.0,1.0,1531.87106,-35.070143,1021.0,1.0,31.432703,7.0,-0.425362,35.419565,127.510432,35.419526,0.052333,-9e-06,-0.235645,-0.200318,-0.000234,0.004239,0.1055,0.002198,0.0,0.0,0.0,0.0,-9999.0,-9999.0,-9999.0,-9999.0,-9999.0,-9999.0,-9999.0,-9999.0,-9999.0,-9999.0,-9999.0,-9999.0,-9999.0,-9999.0,161.0,lane7,spur3,stable_reference,5.0469399487393165,-1.639433984702812,-0.5437836345528633,-4.282101125137304,-0.5437836345528633,11.616666799999999,417.27461655716655,1.3978067420990778,320.2125237104033,0.9223666826416836,0.922356702383915,0.3556965590335359,-0.09243938158567744,1.466143255627617,-0.5437765729859334
P23_AV1_1_interaction,P23,AV1,1,on_ramp,P23_AV1_1,P23_AV1.1.asc,AV1,60,initiator_active,3760,1,62666.67,62666.6675,1.0,21.94,78.984,161.0,1.98234,-1435.22914,0.0,0.0,0.0,21.94,0.0,0.0,1435.173976,-34.750013,6.291197,1.0,0.0,0.0,0.0,1.0,1532.461341,-35.076229,1021.0,1.0,32.023008,7.0,-0.428467,35.415368,127.495325,35.415336,0.047473,-1.2e-05,-0.256231,-0.185479,-0.00016,0.004396,0.1055,0.0,0.0,0.0,0.0,0.0,-9999.0,-9999.0,-9999.0,-9999.0,-9999.0,-9999.0,-9999.0,-9999.0,-9999.0,-9999.0,-9999.0,-9999.0,-9999.0,-9999.0,161.0,lane7,spur3,stable_reference,5.060019251407067,-1.628057280838933,-0.5397201414022091,-4.273786524005085,-0.5397201414022091,11.6333335,417.8649275741506,1.3965412049482837,320.5781425021524,0.928293538970551,0.9282714954926672,0.35395165748212065,-0.11096659682076648,1.4680066715742979,-0.5397131326037469
P23_AV1_1_interaction,P23,AV1,1,on_ramp,P23_AV1_1,P23_AV1.1.asc,AV1,60,initiator_active,3761,1,62683.33,62683.3334,1.0,21.94,78.984,161.0,2.347965,-1435.594617,0.0,0.0,0.0,21.94,0.0,0.0,1435.539631,-34.747119,6.291067,1.0,0.0,0.0,0.0,1.0,1533.051554,-35.08237,1021.0,1.0,32.613244,7.0,-0.431627,35.411347,127.480851,35.411322,0.04267,-1.5e-05,-0.236514,-0.170802,-0.00014,0.004396,0.1055,0.0,0.0,0.0,0.0,0.0,-9999.0,-9999.0,-9999.0,-9999.0,-9999.0,-9999.0,-9999.0,-9999.0,-9999.0,-9999.0,-9999.0,-9999.0,-9999.0,-9999.0,161.0,lane7,spur3,stable_reference,5.073051572148057,-1.6167275644636447,-0.535703648030082,-4.26551891779676,-0.535703648030082,11.6499994,418.45517104253423,1.3952201143404213,320.94376167770554,0.9341733968665297,0.9341548328984189,0.35199776388444803,-0.11808274735374091,1.4698700882562774,-0.5356966913897477
P23_AV1_1_interaction,P23,AV1,1,on_ramp,P23_AV1_1,P23_AV1.1.asc,AV1,60,initiator_active,3762,1,62700.0,62700.0,1.0,21.94,78.984,161.0,2.713591,-1435.960095,0.0,0.0,0.0,21.94,0.0,0.0,1435.905287,-34.744266,6.290961,1.0,0.0,0.0,0.0,1.0,1533.641698,-35.088562,1021.0,1.0,33.203412,7.0,-0.434839,35.407413,127.466688,35.407393,0.037944,-1.8e-05,-0.23565,-0.156736,-0.000168,0.004553,0.1055,0.0,0.0,0.0,0.0,0.0,-9999.0,-9999.0,-9999.0,-9999.0,-9999.0,-9999.0,-9999.0,-9999.0,-9999.0,-9999.0,-9999.0,-9999.0,-9999.0,-9999.0,161.0,lane7,spur3,stable_reference,5.086042936384546,-1.6054388141019167,-0.5317158723267544,-4.256333335954471,-0.5317158723267544,11.666665999999998,419.0453459296868,1.3938474619760755,321.309382188033,0.9400122642955899,0.9400044595311075,0.3500156631246938,-0.11193772749260056,1.471721528539803,-0.5317092642442132
P23_AV1_1_interaction,P23,AV1,1,on_ramp,P23_AV1_1,P23_AV1.1.asc,AV1,60,initiator_active,3763,1,62716.67,62716.6668,1.0,21.94,78.984,161.0,3.079218,-1436.325574,0.0,0.0,0.0,21.94,0.0,0.0,1436.270942,-34.741444,6.290886,1.0,0.0,0.0,0.0,1.0,1534.231776,-35.0948,1021.0,1.0,33.793514,7.0,-0.438098,35.403486,127.452549,35.40347,0.033312,-2e-05,-0.235418,-0.143339,-0.000165,0.004867,0.1055,0.0,0.0,0.0,0.0,0.0,-9999.0,-9999.0,-9999.0,-9999.0,-9999.0,-9999.0,-9999.0,-9999.0,-9999.0,-9999.0,-9999.0,-9999.0,-9999.0,-9999.0,161.0,lane7,spur3,stable_reference,5.099003284812185,-1.5941810785602395,-0.5277308934816,-4.24596354640501,-0.5277308934816,11.683332799999997,419.63545519467806,1.3924282721866768,321.6750019515413,0.9458201245922387,0.9458220446182806,0.3482665016343809,-0.08535624407107356,1.4735444595159972,-0.5277243349237585
P23_AV1_1_interaction,P23,AV1,1,on_ramp,P23_AV1_1,P23_AV1.1.asc,AV1,60,initiator_active,3764,1,62733.33,62733.3342,1.0,21.94,78.984,161.0,3.444845,-1436.691055,0.0,0.0,0.0,21.94,0.0,0.0,1436.636598,-34.738642,6.290838,1.0,0.0,0.0,0.0,1.0,1534.821788,-35.101081,1021.0,1.0,34.38355,7.0,-0.441399,35.399562,127.438422,35.39955,0.028793,-2.3e-05,-0.235295,-0.130278,-0.000133,0.005181,0.0955,0.0,0.0,0.0,0.0,0.0,-9999.0,-9999.0,-9999.0,-9999.0,-9999.0,-9999.0,-9999.0,-9999.0,-9999.0,-9999.0,-9999.0,-9999.0,-9999.0,-9999.0,161.0,lane7,spur3,stable_reference,5.111943668660052,-1.5829433146223018,-0.5237659113547024,-4.235613731950084,-0.5237659113547024,11.700000199999995,420.2254988130095,1.3909655448721798,322.0406228783369,0.9516079937217837,0.9516136438068968,0.34717040452513004,-0.044420399342977035,1.4753673957948297,-0.5237594020730459
P23_AV1_1_interaction,P23,AV1,1,on_ramp,P23_AV1_1,P23_AV1.1.asc,AV1,60,initiator_active,3765,1,62750.0,62750.001,1.0,21.94,78.984,161.0,3.810473,-1437.056536,0.0,0.0,0.0,21.94,0.0,0.0,1437.002254,-34.735852,6.29081,1.0,0.0,0.0,0.0,1.0,1535.411734,-35.107401,1021.0,1.0,34.973521,7.0,-0.444739,35.39564,127.424303,35.395631,0.024408,-2.5e-05,-0.235207,-0.117604,-8.9e-05,0.005495,0.076,0.0,0.0,0.0,0.0,0.0,-9999.0,-9999.0,-9999.0,-9999.0,-9999.0,-9999.0,-9999.0,-9999.0,-9999.0,-9999.0,-9999.0,-9999.0,-9999.0,-9999.0,161.0,lane7,spur3,stable_reference,5.1248720571223645,-1.5717175474899654,-0.5198129291671238,-4.225275914937976,-0.5198129291671238,11.716666999999994,420.8154767520174,1.3894632798992215,322.406243903125,0.9573838632514358,0.9573946926891037,0.3467857575480231,-0.01910265848784576,1.477190332263953,-0.5198064690125173
P23_AV1_1_interaction,P23,AV1,1,on_ramp,P23_AV1_1,P23_AV1.1.asc,AV1,60,initiator_active,3766,1,62766.67,62766.6669,1.0,21.94,78.984,161.0,4.176102,-1437.422018,0.0,0.0,0.0,21.94,0.0,0.0,1437.36791,-34.733068,6.290795,1.0,0.0,0.0,0.0,1.0,1536.001615,-35.113755,1021.0,1.0,35.563426,7.0,-0.448114,35.391719,127.410189,35.391714,0.020173,-2.6e-05,-0.235129,-0.10537,-4.3e-05,0.005809,0.04825,0.0,0.0,0.0,0.0,0.0,-9999.0,-9999.0,-9999.0,-9999.0,-9999.0,-9999.0,-9999.0,-9999.0,-9999.0,-9999.0,-9999.0,-9999.0,-9999.0,-9999.0,161.0,lane7,spur3,stable_reference,5.137794447891896,-1.5604977787604344,-0.5158086019641868,-4.213248201226262,-0.5158086019641868,11.733332899999994,421.40538997083786,1.3879264852671365,322.77186497690946,0.9631537329811449,0.9631729495614348,0.3465336541839896,-0.026716514521043067,1.4789565726983516,-0.5158028397172066
P23_AV1_1_interaction,P23,AV1,1,on_ramp,P23_AV1_1,P23_AV1.1.asc,AV1,60,initiator_active,3767,1,62783.33,62783.3341,1.0,21.94,78.984,161.0,4.541731,-1437.7875,0.0,0.0,0.0,21.94,0.0,0.0,1437.733566,-34.730288,6.290787,1.0,0.0,0.0,0.0,1.0,1536.59143,-35.120139,1021.0,1.0,36.153265,7.0,-0.45152,35.3878,127.396082,35.387797,0.016099,-2.6e-05,-0.235055,-0.09439,-1e-06,0.006437,0.00625,0.0,0.0,0.0,0.0,0.0,-9999.0,-9999.0,-9999.0,-9999.0,-9999.0,-9999.0,-9999.0,-9999.0,-9999.0,-9999.0,-9999.0,-9999.0,-9999.0,-9999.0,161.0,lane7,spur3,stable_reference,5.150712840199581,-1.549282008966096,-0.511771007205658,-4.200813395375537,-0.511771007205658,11.750000099999998,421.9952374368404,1.3863591526764976,323.1374860833582,0.9689196028442297,0.9689457331753294,0.3458951831636625,-0.05924325211338477,1.4806848929080456,-0.5117652900638159
P23_AV1_1_interaction,P23,AV1,1,on_ramp,P23_AV1_1,P23_AV1.1.asc,AV1,60,initiator_active,3768,1,62800.0,62800.0008,1.0,21.94,78.984,161.0,4.90736,-1438.152982,0.0,0.0,0.0,21.94,0.0,0.0,1438.099223,-34.727509,6.290784,1.0,0.0,0.0,0.0,1.0,1537.181179,-35.126551,1021.0,1.0,36.743039,7.0,-0.454953,35.383883,127.381979,35.383881,0.012197,-2.6e-05,-0.234982,-0.083545,3.8e-05,0.006908,0.00625,0.002198,0.0,0.0,0.0,0.0,-9999.0,-9999.0,-9999.0,-9999.0,-9999.0,-9999.0,-9999.0,-9999.0,-9999.0,-9999.0,-9999.0,-9999.0,-9999.0,-9999.0,161.0,lane7,spur3,stable_reference,5.163630260621311,-1.5380672158333033,-0.5077344090018934,-4.188379562769381,-0.5077344090018934,11.7666668,422.5850191336927,1.3847632820606335,323.5031081979394,0.9746844809066997,0.9747029854682394,0.3445588664782697,-0.10364777443957074,1.4824132178607563,-0.5077287369540566
P23_AV1_1_interaction,P23,AV1,1,on_ramp,P23_AV1_1,P23_AV1.1.asc,AV1,60,initiator_active,3769,1,62816.67,62816.6679,1.0,21.94,78.984,161.0,5.272989,-1438.518465,0.0,0.0,0.0,21.94,0.0,0.0,1438.464879,-34.724731,6.290783,1.0,0.0,0.0,0.0,1.0,1537.770862,-35.132986,1021.0,1.0,37.332747,7.0,-0.458411,35.379702,127.366927,35.379701,0.008475,-2.4e-05,-0.25557,-0.074785,0.000101,0.008007,0.0,0.0,0.0,0.0,0.0,0.0,-9999.0,-9999.0,-9999.0,-9999.0,-9999.0,-9999.0,-9999.0,-9999.0,-9999.0,-9999.0,-9999.0,-9999.0,-9999.0,-9999.0,161.0,lane7,spur3,stable_reference,5.176546653698068,-1.5268534455065654,-0.5036988142315412,-4.175609149784257,-0.5036988142315412,11.783333899999997,423.17473502056475,1.3831438732528203,323.8687293207203,0.9804483508364675,0.98043118881827,0.34244019020467675,-0.14657184480040897,1.4841415381029672,-0.5036931872664997
P23_AV1_1_interaction,P23,AV1,1,on_ramp,P23_AV1_1,P23_AV1.1.asc,AV1,60,initiator_active,3770,1,62833.33,62833.334,1.0,21.94,78.984,161.0,5.638619,-1438.883947,0.0,0.0,0.0,21.94,0.0,0.0,1438.830535,-34.722011,6.290573,1.0,0.0,0.0,0.0,1.0,1538.360476,-35.139443,1021.0,1.0,37.922387,7.0,-0.461889,35.375696,127.352505,35.375696,0.004943,-2.2e-05,-0.235841,-0.065462,0.000117,0.008635,0.0,0.0,0.0,0.0,0.0,0.0,-9999.0,-9999.0,-9999.0,-9999.0,-9999.0,-9999.0,-9999.0,-9999.0,-9999.0,-9999.0,-9999.0,-9999.0,-9999.0,-9999.0,161.0,lane7,spur3,stable_reference,5.189405069077949,-1.5156976597402347,-0.4996720199206114,-4.1611957514640485,-0.4996720199206114,11.8,423.7643820893902,1.381501901721595,324.23435091713145,0.9861542227001066,0.986117615302446,0.339673196769148,-0.1782917951329086,1.4858210048570204,-0.49966678215691385
P23_AV1_1_interaction,P23,AV1,1,on_ramp,P23_AV1_1,P23_AV1.1.asc,AV1,60,initiator_active,3771,1,62850.0,62850.0001,1.0,21.94,78.984,161.0,6.00425,-1439.249432,0.0,0.0,0.0,21.94,0.0,0.0,1439.196192,-34.719367,6.290364,1.0,0.0,0.0,0.0,1.0,1538.950023,-35.145917,1021.0,1.0,38.511959,7.0,-0.465386,35.371776,127.338393,35.371776,0.001621,-2.1e-05,-0.234982,-0.057129,8.6e-05,0.00942,0.0,0.002198,0.0,0.0,0.0,0.0,-9999.0,-9999.0,-9999.0,-9999.0,-9999.0,-9999.0,-9999.0,-9999.0,-9999.0,-9999.0,-9999.0,-9999.0,-9999.0,-9999.0,161.0,lane7,spur3,stable_reference,5.202187541412147,-1.5046178306704332,-0.4957162835122427,-4.146858282280085,-0.4957162835122427,11.816666099999996,424.35396229927244,1.379842383632327,324.5999741341286,0.9917841052638405,0.9917532437476181,0.33649733243094815,-0.18928175869745445,1.4874951924780102,-0.4957110872141697
P23_AV1_1_interaction,P23,AV1,1,on_ramp,P23_AV1_1,P23_AV1.1.asc,AV1,60,initiator_active,3772,1,62866.67,62866.6673,1.0,21.94,78.984,161.0,6.369881,-1439.614919,0.0,0.0,0.0,21.94,0.0,0.0,1439.56185,-34.71679,6.290192,1.0,0.0,0.0,0.0,1.0,1539.539504,-35.152406,1021.0,1.0,39.101465,7.0,-0.468898,35.367597,127.323348,35.367597,-0.001482,-1.8e-05,-0.255417,-0.049066,0.000123,0.010048,0.0,0.0,0.0,0.0,0.0,0.0,-9999.0,-9999.0,-9999.0,-9999.0,-9999.0,-9999.0,-9999.0,-9999.0,-9999.0,-9999.0,-9999.0,-9999.0,-9999.0,-9999.0,161.0,lane7,spur3,stable_reference,5.21490306723981,-1.4936049606929924,-0.4918275430853636,-4.132587746836687,-0.4918275430853636,11.833333299999998,424.9434766338458,1.3781673270843675,324.9655988982172,0.9973469982275676,0.9973341781993285,0.3333638139305286,-0.16929150252147096,1.4891693857782042,-0.4918223875506367
P23_AV1_1_interaction,P23,AV1,1,on_ramp,P23_AV1_1,P23_AV1.1.asc,AV1,60,initiator_active,3773,1,62883.33,62883.3335,1.0,21.94,78.984,161.0,6.735514,-1439.980408,0.0,0.0,0.0,21.94,0.0,0.0,1439.927508,-34.714263,6.29007,1.0,0.0,0.0,0.0,1.0,1540.128916,-35.158908,1021.0,1.0,39.690903,7.0,-0.472424,35.363594,127.308939,35.363594,-0.004352,-1.7e-05,-0.235645,-0.040923,0.000144,0.010362,0.0,0.0,0.0,0.0,0.0,0.0,-9999.0,-9999.0,-9999.0,-9999.0,-9999.0,-9999.0,-9999.0,-9999.0,-9999.0,-9999.0,-9999.0,-9999.0,-9999.0,-9999.0,161.0,lane7,spur3,stable_reference,5.227568612294307,-1.482642077405537,-0.4879802113546449,-4.117359173441835,-0.4879802113546449,11.849999499999997,425.53292207687826,1.376478707512911,325.3312240706079,1.0028598928584342,1.002865396065878,0.33085423363473865,-0.12547876610671693,1.4908352341994686,-0.4879753413410344
P23_AV1_1_interaction,P23,AV1,1,on_ramp,P23_AV1_1,P23_AV1.1.asc,AV1,60,initiator_active,3774,1,62900.0,62900.0005,1.0,21.94,78.984,161.0,7.101148,-1440.345899,0.0,0.0,0.0,21.94,0.0,0.0,1440.293166,-34.711768,6.289992,1.0,0.0,0.0,0.0,1.0,1540.718261,-35.16542,1021.0,1.0,40.280273,7.0,-0.475959,35.359587,127.294513,35.359586,-0.006979,-1.5e-05,-0.245038,-0.033086,0.000116,0.010519,0.0,0.0,0.0,0.0,0.0,0.0,-9999.0,-9999.0,-9999.0,-9999.0,-9999.0,-9999.0,-9999.0,-9999.0,-9999.0,-9999.0,-9999.0,-9999.0,-9999.0,-9999.0,161.0,lane7,spur3,stable_reference,5.240202169653991,-1.4717111855996916,-0.4841328521368827,-4.1012398931434255,-0.4841328521368827,11.8666665,426.1223006038054,1.374779541150011,325.696849504312,1.0083407885562694,1.008362606894873,0.3291812452855325,-0.09059127972969705,1.4924688090759584,-0.48412802051968895
P23_AV1_1_interaction,P23,AV1,1,on_ramp,P23_AV1_1,P23_AV1.1.asc,AV1,60,initiator_active,3775,1,62916.67,62916.6673,1.0,21.94,78.984,161.0,7.466783,-1440.711391,0.0,0.0,0.0,21.94,0.0,0.0,1440.658824,-34.709292,6.289945,1.0,0.0,0.0,0.0,1.0,1541.307538,-35.171939,1021.0,1.0,40.869576,7.0,-0.479503,35.35526,127.278937,35.355259,-0.009366,-1.3e-05,-0.27084,-0.025939,6e-05,0.010676,0.0,0.0,0.0,0.0,0.0,0.0,-9999.0,-9999.0,-9999.0,-9999.0,-9999.0,-9999.0,-9999.0,-9999.0,-9999.0,-9999.0,-9999.0,-9999.0,-9999.0,-9999.0,161.0,lane7,spur3,stable_reference,5.2528167343198735,-1.4607992887360317,-0.4803044927891681,-4.085139599648415,-0.4803044927891681,11.883333299999999,426.71161119016205,1.3730728197295936,326.06247509317114,1.0138026848876156,1.0138382581178988,0.3278344781201028,-0.09304322830124434,1.4941023842663899,-0.48029969937877426
P23_AV1_1_interaction,P23,AV1,1,on_ramp,P23_AV1_1,P23_AV1.1.asc,AV1,60,initiator_active,3776,1,62933.33,62933.3341,1.0,21.94,78.984,161.0,7.832418,-1441.076883,0.0,0.0,0.0,21.94,0.0,0.0,1441.024483,-34.706828,6.28992,1.0,0.0,0.0,0.0,1.0,1541.896743,-35.178465,1021.0,1.0,41.458806,7.0,-0.483053,35.35034,127.261225,35.350338,-0.011518,-1.4e-05,-0.312852,-0.019432,-0.000116,0.010833,0.0,0.0,0.0,0.0,0.0,0.0,-9999.0,-9999.0,-9999.0,-9999.0,-9999.0,-9999.0,-9999.0,-9999.0,-9999.0,-9999.0,-9999.0,-9999.0,-9999.0,-9999.0,161.0,lane7,spur3,stable_reference,5.265419331329686,-1.4498993656057324,-0.4764881296609158,-4.069051260554367,-0.4764881296609158,11.900000099999998,427.3008498360817,1.3713585105874941,326.4281017799891,1.019252589785109,1.019290510254737,0.3260797795306303,-0.12986467955299297,1.4957359641227084,-0.47648337433759935
P23_AV1_1_interaction,P23,AV1,1,on_ramp,P23_AV1_1,P23_AV1.1.asc,AV1,60,initiator_active,3777,1,62950.0,62950.0008,1.0,21.94,78.984,161.0,8.198053,-1441.442376,0.0,0.0,0.0,21.94,0.0,0.0,1441.390141,-34.704368,6.289908,1.0,0.0,0.0,0.0,1.0,1542.485866,-35.184994,1021.0,1.0,42.047954,7.0,-0.486607,35.344507,127.240225,35.344504,-0.013439,-2.4e-05,-0.376835,-0.013094,-0.000983,0.010833,0.0,0.0,0.0,0.0,0.0,0.0,-9999.0,-9999.0,-9999.0,-9999.0,-9999.0,-9999.0,-9999.0,-9999.0,-9999.0,-9999.0,-9999.0,-9999.0,-9999.0,-9999.0,161.0,lane7,spur3,stable_reference,5.278017902148159,-1.4390034644828738,-0.4726201685452984,-4.051387335543154,-0.4726201685452984,11.9166668,427.89000650923344,1.3696405319299114,326.79372749950494,1.0246984866499358,1.0247076386594292,0.3235056387409294,-0.1811217662373803,1.497314541944239,-0.4726160552943033
P23_AV1_1_interaction,P23,AV1,1,on_ramp,P23_AV1_1,P23_AV1.1.asc,AV1,60,initiator_active,3778,1,62966.67,62966.6674,1.0,21.94,78.984,161.0,8.563688,-1441.807869,0.0,0.0,0.0,21.94,0.0,0.0,1441.7558,-34.701938,6.28976,1.0,0.0,0.0,0.0,0.0,1543.074892,-35.191525,1021.0,1.0,42.637006,7.0,-0.490164,35.337861,127.216301,35.337858,-0.015138,-5.2e-05,-0.408962,-0.008002,-0.002231,0.011147,0.0,0.0,0.0,0.0,0.0,0.0,-9999.0,-9999.0,-9999.0,-9999.0,-9999.0,-9999.0,-9999.0,-9999.0,-9999.0,-9999.0,-9999.0,-9999.0,-9999.0,-9999.0,161.0,lane7,spur3,stable_reference,5.290586512232232,-1.428137532301769,-0.4687297272394098,-4.033524603603867,-0.4687297272394098,11.933333399999995,428.4790662019517,1.3679197612328662,327.1593544639683,1.030114392681088,1.0300740210668613,0.3200423986948202,-0.22796816319564606,1.4988400405283233,-0.46872564784723525
P23_AV1_1_interaction,P23,AV1,1,on_ramp,P23_AV1_1,P23_AV1.1.asc,AV1,60,initiator_active,3779,1,62983.33,62983.3341,1.0,21.94,78.984,161.0,8.929324,-1442.173363,0.0,0.0,0.0,21.94,0.0,0.0,1442.121459,-34.699613,6.289471,1.0,0.0,0.0,0.0,0.0,1543.66381,-35.198056,1021.0,1.0,43.225949,7.0,-0.493721,35.33087,127.191133,35.330866,-0.016623,-0.000104,-0.425743,-0.002933,-0.003663,0.011304,0.0,0.0,0.0,0.0,0.0,0.0,-9999.0,-9999.0,-9999.0,-9999.0,-9999.0,-9999.0,-9999.0,-9999.0,-9999.0,-9999.0,-9999.0,-9999.0,-9999.0,-9999.0,161.0,lane7,spur3,stable_reference,5.30305016269267,-1.4173765721696585,-0.4649442850960214,-4.015766778079228,-0.4649442850960214,11.950000099999997,429.0680178982708,1.3661981086031871,327.5249822858665,1.035425302213219,1.0353757075594743,0.3159067035320824,-0.25607017466310467,1.5003655408620702,-0.46494023864885126
P23_AV1_1_interaction,P23,AV1,1,on_ramp,P23_AV1_1,P23_AV1.1.asc,AV1,60,initiator_active,3780,1,63000.0,63000.001,1.0,21.94,78.984,161.0,9.294962,-1442.538861,0.0,0.0,0.0,21.94,0.0,0.0,1442.487119,-34.69739,6.289202,1.0,0.0,0.0,0.0,0.0,1544.252611,-35.204586,1021.0,1.0,43.814776,7.0,-0.497276,35.323694,127.165299,35.32369,-0.0179,-0.000176,-0.432824,0.000977,-0.004674,0.011775,0.0,0.0,0.0,0.0,0.0,0.0,-9999.0,-9999.0,-9999.0,-9999.0,-9999.0,-9999.0,-9999.0,-9999.0,-9999.0,-9999.0,-9999.0,-9999.0,-9999.0,-9999.0,161.0,lane7,spur3,stable_reference,5.315411880105365,-1.406717561812894,-0.4612608381449963,-3.997730704381439,-0.4612608381449963,11.966666999999994,429.6568525903249,1.364476500513159,327.8906119406675,1.0406342233123473,1.0406043278821728,0.311506654749067,-0.2559229855066718,1.5018910470675058,-0.4612568237551584
P23_AV1_1_interaction,P23,AV1,1,on_ramp,P23_AV1_1,P23_AV1.1.asc,AV1,60,initiator_active,3781,1,63016.67,63016.6674,1.0,21.94,78.984,161.0,9.660601,-1442.904362,0.0,0.0,0.0,21.94,0.0,0.0,1442.852779,-34.695246,6.289001,1.0,0.0,0.0,0.0,0.0,1544.841294,-35.211112,1021.0,1.0,44.403484,7.0,-0.50083,35.316455,127.139237,35.31645,-0.01898,-0.000259,-0.435074,0.00408,-0.005129,0.012403,0.0,0.002198,0.0,0.0,0.0,0.0,-9999.0,-9999.0,-9999.0,-9999.0,-9999.0,-9999.0,-9999.0,-9999.0,-9999.0,-9999.0,-9999.0,-9999.0,-9999.0,-9999.0,161.0,lane7,spur3,stable_reference,5.327694627896474,-1.3961375304263175,-0.4576674825828137,-3.978426080509318,-0.4576674825828137,11.983333399999996,430.24556925364953,1.3627579286967058,328.2562422405862,1.0457641470455499,1.0457592545403605,0.30737593780316885,-0.2191168110232944,1.503427575303544,-0.4576634282579941
P23_AV1_1_interaction,P23,AV1,1,on_ramp,P23_AV1_1,P23_AV1.1.asc,AV1,60,initiator_active,3782,1,63033.33,63033.3341,1.0,21.94,78.984,161.0,10.026241,-1443.269865,0.0,0.0,0.0,21.94,0.0,0.0,1443.21844,-34.693158,6.288867,1.0,0.0,0.0,0.0,0.0,1545.429856,-35.217635,1021.0,1.0,44.992071,7.0,-0.50438,35.30893,127.11215,35.308925,-0.019866,-0.000344,-0.456404,0.006724,-0.00506,0.013031,0.0,0.0,0.0,0.0,0.0,0.0,-9999.0,-9999.0,-9999.0,-9999.0,-9999.0,-9999.0,-9999.0,-9999.0,-9999.0,-9999.0,-9999.0,-9999.0,-9999.0,-9999.0,161.0,lane7,spur3,stable_reference,5.339921424951146,-1.3856134610602993,-0.4541326064066335,-3.9591773479798698,-0.4541326064066335,12.000000099999998,430.8341648965103,1.3610413686890404,328.6218739977698,1.050838080811984,1.0508501195997841,0.3042028294138035,-0.15250518629255794,1.504966664208096,-0.4541285833961122
P23_AV1_1_interaction,P23,AV1,1,on_ramp,P23_AV1_1,P23_AV1.1.asc,AV1,60,initiator_active,3783,1,63050.0,63050.0006,1.0,21.94,78.984,161.0,10.391881,-1443.63537,0.0,0.0,0.0,21.94,0.0,0.0,1443.584101,-34.691104,6.288784,1.0,0.0,0.0,0.0,0.0,1546.018293,-35.224152,1021.0,1.0,45.580534,7.0,-0.507926,35.301575,127.08567,35.301569,-0.02056,-0.000424,-0.436916,0.008439,-0.004558,0.013816,0.0,0.0,0.0,0.0,0.0,0.0,-9999.0,-9999.0,-9999.0,-9999.0,-9999.0,-9999.0,-9999.0,-9999.0,-9999.0,-9999.0,-9999.0,-9999.0,-9999.0,-9999.0,161.0,lane7,spur3,stable_reference,5.352114235080052,-1.375123382643481,-0.4506317299642867,-3.939962577977373,-0.4506317299642867,12.016666599999997,431.4226354945428,1.3593297877259727,328.9875060325986,1.0558780157120609,1.0558993087931594,0.3022924367751578,-0.0941486457137568,1.5065057536789328,-0.45062773796687194
P23_AV1_1_interaction,P23,AV1,1,on_ramp,P23_AV1_1,P23_AV1.1.asc,AV1,60,initiator_active,3784,1,63066.67,63066.6674,1.0,21.94,78.984,161.0,10.757523,-1444.000876,0.0,0.0,0.0,21.94,0.0,0.0,1443.949762,-34.68907,6.288737,1.0,0.0,0.0,0.0,0.0,1546.606608,-35.230664,1021.0,1.0,46.168874,7.0,-0.511467,35.294303,127.05949,35.294297,-0.021065,-0.000493,-0.436139,0.009574,-0.003749,0.014601,0.0,0.0,0.0,0.0,0.0,0.0,-9999.0,-9999.0,-9999.0,-9999.0,-9999.0,-9999.0,-9999.0,-9999.0,-9999.0,-9999.0,-9999.0,-9999.0,-9999.0,-9999.0,161.0,lane7,spur3,stable_reference,5.36428705289971,-1.3646532989026618,-0.4471395438059315,-3.919842711822365,-0.4471395438059315,12.033333399999997,432.01098405581274,1.3576222103389604,329.3531382307485,1.0608979512790009,1.0609265236853709,0.3010645566473791,-0.07535695830472733,1.508034006244851,-0.44713605496585007
P23_AV1_1_interaction,P23,AV1,1,on_ramp,P23_AV1_1,P23_AV1.1.asc,AV1,60,initiator_active,3785,1,63083.33,63083.3346,1.0,21.94,78.984,161.0,11.123164,-1444.366382,0.0,0.0,0.0,21.94,0.0,0.0,1444.315423,-34.687047,6.288713,1.0,0.0,0.0,0.0,0.0,1547.194802,-35.23717,1021.0,1.0,46.757093,7.0,-0.515002,35.287036,127.03333,35.28703,-0.021383,-0.000545,-0.435931,0.010084,-0.002746,0.015386,0.0,0.0,0.0,0.0,0.0,0.0,-9999.0,-9999.0,-9999.0,-9999.0,-9999.0,-9999.0,-9999.0,-9999.0,-9999.0,-9999.0,-9999.0,-9999.0,-9999.0,-9999.0,161.0,lane7,spur3,stable_reference,5.376448874949273,-1.3541942122336343,-0.4435750143713284,-3.8990140075707247,-0.4435750143713284,12.050000599999999,432.59921157212085,1.355919644660709,329.7187705187249,1.06590688721271,1.0659349942716991,0.29978048657921974,-0.0898523330740506,1.5094784405564674,-0.4435715533437574
P23_AV1_1_interaction,P23,AV1,1,on_ramp,P23_AV1_1,P23_AV1.1.asc,AV1,60,initiator_active,3786,1,63100.0,63100.001,1.0,21.94,78.984,161.0,11.488806,-1444.731889,0.0,0.0,0.0,21.94,0.0,0.0,1444.681084,-34.685029,6.288702,1.0,0.0,0.0,0.0,0.0,1547.782874,-35.243669,1021.0,1.0,47.345191,7.0,-0.518532,35.279772,127.007179,35.279766,-0.021508,-0.00058,-0.435813,0.011097,-0.00168,0.0157,0.0,0.0,0.0,0.0,0.0,0.0,-9999.0,-9999.0,-9999.0,-9999.0,-9999.0,-9999.0,-9999.0,-9999.0,-9999.0,-9999.0,-9999.0,-9999.0,-9999.0,-9999.0,161.0,lane7,spur3,stable_reference,5.3886056989215145,-1.343740124233611,-0.4400154848922981,-3.878190296700379,-0.4400154848922981,12.066666999999994,433.1873170353346,1.3542230824918378,330.0844028475315,1.0709108233131313,1.0709192876617917,0.29806947541408135,-0.11899044887070609,1.5109228749513561,-0.4400120516382249
P23_AV1_1_interaction,P23,AV1,1,on_ramp,P23_AV1_1,P23_AV1.1.asc,AV1,60,initiator_active,3787,1,63116.67,63116.6674,1.0,21.94,78.984,161.0,11.854449,-1445.097397,0.0,0.0,0.0,21.94,0.0,0.0,1445.046745,-34.68303,6.288604,1.0,0.0,0.0,0.0,0.0,1548.370825,-35.250161,1021.0,1.0,47.933168,7.0,-0.522055,35.27251,126.981034,35.272503,-0.021438,-0.000598,-0.435723,0.011441,-0.000653,0.016014,0.0,0.0,0.0,0.0,0.0,0.0,-9999.0,-9999.0,-9999.0,-9999.0,-9999.0,-9999.0,-9999.0,-9999.0,-9999.0,-9999.0,-9999.0,-9999.0,-9999.0,-9999.0,161.0,lane7,spur3,stable_reference,5.400743530199954,-1.3333050311757912,-0.4364749552444183,-3.857385560678943,-0.4364749552444183,12.083333399999995,433.77530144542044,1.352532531998382,330.4500353314929,1.0758957600470613,1.0758704844817804,0.2958142017451024,-0.1479721373528342,1.5123673096626562,-0.43647154961559487
P23_AV1_1_interaction,P23,AV1,1,on_ramp,P23_AV1_1,P23_AV1.1.asc,AV1,60,initiator_active,3788,1,63133.33,63133.334,1.0,21.94,78.984,161.0,12.220091,-1445.462904,0.0,0.0,0.0,21.94,0.0,0.0,1445.412407,-34.6811,6.288416,1.0,0.0,0.0,0.0,0.0,1548.958656,-35.256647,1021.0,1.0,48.521023,7.0,-0.525572,35.265248,126.954894,35.265242,-0.021182,-0.0006,-0.435639,0.011889,0.000274,0.016014,0.0,0.0,0.0,0.0,0.0,0.0,-9999.0,-9999.0,-9999.0,-9999.0,-9999.0,-9999.0,-9999.0,-9999.0,-9999.0,-9999.0,-9999.0,-9999.0,-9999.0,-9999.0,161.0,lane7,spur3,stable_reference,5.412812415740948,-1.3229388966779114,-0.4329920086865969,-3.835278913800406,-0.4329920086865969,12.1,434.36316581051125,1.3508470013797311,330.8156693788778,1.0808117072476822,1.0807796619436154,0.29313711509824714,-0.16594830414253714,1.5138004628035313,-0.43298875555584915
P23_AV1_1_interaction,P23,AV1,1,on_ramp,P23_AV1_1,P23_AV1.1.asc,AV1,60,initiator_active,3789,1,63150.0,63150.0003,1.0,21.94,78.984,161.0,12.585735,-1445.828415,0.0,0.0,0.0,21.94,0.0,0.0,1445.778069,-34.679237,6.28824,1.0,0.0,0.0,0.0,0.0,1549.579012,-35.263485,1021.0,1.0,49.141406,7.0,-0.529277,35.257585,126.927307,35.257579,-0.020719,-0.000586,-0.435551,0.011679,0.0011,0.015857,0.0,0.0,0.0,0.0,0.0,0.0,-9999.0,-9999.0,-9999.0,-9999.0,-9999.0,-9999.0,-9999.0,-9999.0,-9999.0,-9999.0,-9999.0,-9999.0,-9999.0,-9999.0,161.0,lane7,spur3,stable_reference,5.4248143270458975,-1.3126397443446285,-0.429560429928345,-3.813086166370253,-0.429560429928345,12.116666299999997,434.98355696557815,1.3490750830406337,331.1813039733876,1.0856606566822617,1.085641595474458,0.29028266671139846,-0.16621317959784676,1.515217859261799,-0.42955720257953733
P23_AV1_1_interaction,P23,AV1,1,on_ramp,P23_AV1_1,P23_AV1.1.asc,AV1,60,initiator_active,3790,1,63166.67,63166.6672,1.0,21.94,78.984,161.0,12.951379,-1446.193927,0.0,0.0,0.0,21.94,0.0,0.0,1446.143731,-34.677425,6.28811,1.0,0.0,0.0,0.0,0.0,1550.133954,-35.269597,1021.0,1.0,49.696371,7.0,-0.532586,35.25073,126.902629,35.250725,-0.020153,-0.000563,-0.435471,0.010937,0.001695,0.0157,0.0,0.0,0.0,0.0,0.0,0.0,-9999.0,-9999.0,-9999.0,-9999.0,-9999.0,-9999.0,-9999.0,-9999.0,-9999.0,-9999.0,-9999.0,-9999.0,-9999.0,-9999.0,161.0,lane7,spur3,stable_reference,5.436765257962218,-1.302391578435148,-0.4261798507008402,-3.790944340035245,-0.4261798507008402,12.133333200000001,435.5385303731764,1.347494966969308,331.54693898436557,1.0904586078173186,1.0904557104018935,0.28759670400917514,-0.14159370992213738,1.5166352565681256,-0.42617664875080696
P23_AV1_1_interaction,P23,AV1,1,on_ramp,P23_AV1_1,P23_AV1.1.asc,AV1,60,initiator_active,3791,1,63183.33,63183.3342,1.0,21.94,78.984,161.0,13.317024,-1446.55944,0.0,0.0,0.0,21.94,0.0,0.0,1446.509393,-34.675649,6.288022,1.0,0.0,0.0,0.0,0.0,1550.721421,-35.276062,1021.0,1.0,50.283864,7.0,-0.536085,35.243473,126.876504,35.243468,-0.019415,-0.00053,-0.435384,0.009639,0.002179,0.015543,0.0,0.002198,0.0,0.0,0.0,0.0,-9999.0,-9999.0,-9999.0,-9999.0,-9999.0,-9999.0,-9999.0,-9999.0,-9999.0,-9999.0,-9999.0,-9999.0,-9999.0,-9999.0,161.0,lane7,spur3,stable_reference,5.448680202721869,-1.2921794029424676,-0.4228352711421017,-3.768504175749543,-0.4228352711421017,12.150000199999996,436.12603057891704,1.3458274632108687,331.9125742893213,1.0952205601527127,1.095228314996999,0.28556280005659573,-0.0977729750797085,1.5180526544730846,-0.42283209432037183
P23_AV1_1_interaction,P23,AV1,1,on_ramp,P23_AV1_1,P23_AV1.1.asc,AV1,60,initiator_active,3792,1,63200.0,63200.0,1.0,21.94,78.984,161.0,13.68267,-1446.924955,0.0,0.0,0.0,21.94,0.0,0.0,1446.875056,-34.673896,6.287969,1.0,0.0,0.0,0.0,0.0,1551.308767,-35.282521,1021.0,1.0,50.871235,7.0,-0.539577,35.235952,126.849428,35.235947,-0.01855,-0.00049,-0.45596,0.007882,0.002499,0.015386,0.0,0.0,0.0,0.0,0.0,0.0,-9999.0,-9999.0,-9999.0,-9999.0,-9999.0,-9999.0,-9999.0,-9999.0,-9999.0,-9999.0,-9999.0,-9999.0,-9999.0,-9999.0,161.0,lane7,spur3,stable_reference,5.460572184055382,-1.281990198254924,-0.4194843010040496,-3.744979526649012,-0.4194843010040496,12.166665999999998,436.7134097396958,1.3441649711611967,332.27821078206256,1.0999595214210318,1.0999743199941476,0.28433759876636344,-0.06096843881617531,1.5194408485959319,-0.41948132717490005
P23_AV1_1_interaction,P23,AV1,1,on_ramp,P23_AV1_1,P23_AV1.1.asc,AV1,60,initiator_active,3793,1,63216.67,63216.6673,1.0,21.94,78.984,161.0,14.048316,-1447.29047,0.0,0.0,0.0,21.94,0.0,0.0,1447.240718,-34.672155,6.287938,1.0,0.0,0.0,0.0,0.0,1551.895989,-35.288974,1021.0,1.0,51.458482,7.0,-0.543065,35.228607,126.822987,35.228603,-0.017574,-0.000446,-0.436204,0.005696,0.002695,0.015072,0.0,0.0,0.0,0.0,0.0,0.0,-9999.0,-9999.0,-9999.0,-9999.0,-9999.0,-9999.0,-9999.0,-9999.0,-9999.0,-9999.0,-9999.0,-9999.0,-9999.0,-9999.0,161.0,lane7,spur3,stable_reference,5.472452142273814,-1.27181301344525,-0.4161341556029291,-3.721466915802013,-0.4161341556029291,12.1833333,437.3006648556129,1.3425074663221581,332.64384637282956,1.1046864749234209,1.1047061672978518,0.2835305706327702,-0.05109134479270061,1.520817680447219,-0.41613120552379823
P23_AV1_1_interaction,P23,AV1,1,on_ramp,P23_AV1_1,P23_AV1.1.asc,AV1,60,initiator_active,3794,1,63233.33,63233.3334,1.0,21.94,78.984,161.0,14.413962,-1447.655986,0.0,0.0,0.0,21.94,0.0,0.0,1447.606381,-34.670422,6.287923,1.0,0.0,0.0,0.0,0.0,1552.483088,-35.295422,1021.0,1.0,52.045607,7.0,-0.546548,35.221348,126.796854,35.221344,-0.016496,-0.0004,-0.435336,0.004171,0.002804,0.014601,0.0,0.0,0.0,0.0,0.0,0.0,-9999.0,-9999.0,-9999.0,-9999.0,-9999.0,-9999.0,-9999.0,-9999.0,-9999.0,-9999.0,-9999.0,-9999.0,-9999.0,-9999.0,161.0,lane7,spur3,stable_reference,5.484324131298048,-1.2616438034337074,-0.4127920057236707,-3.697962231209497,-0.4127920057236707,12.199999400000001,437.88779693480075,1.340853956893138,333.0094830288917,1.109405436858587,1.109425358803998,0.28263455694521156,-0.06406025205561683,1.5221945161964634,-0.41278907933787634
P23_AV1_1_interaction,P23,AV1,1,on_ramp,P23_AV1_1,P23_AV1.1.asc,AV1,60,initiator_active,3795,1,63250.0,63250.0007,1.0,21.94,78.984,161.0,14.779608,-1448.021502,0.0,0.0,0.0,21.94,0.0,0.0,1447.972043,-34.668692,6.287915,1.0,0.0,0.0,0.0,0.0,1553.070066,-35.301865,1021.0,1.0,52.63261,7.0,-0.550027,35.214096,126.770744,35.214092,-0.015327,-0.000353,-0.435086,0.002088,0.002863,0.014287,0.0,0.0,0.0,0.0,0.0,0.0,-9999.0,-9999.0,-9999.0,-9999.0,-9999.0,-9999.0,-9999.0,-9999.0,-9999.0,-9999.0,-9999.0,-9999.0,-9999.0,-9999.0,161.0,lane7,spur3,stable_reference,5.496193093746391,-1.2514776156958345,-0.4094514101748635,-3.673714331399597,-0.4094514101748635,12.216666699999994,438.474807977193,1.3392044592062258,333.37511870948515,1.1141213907277454,1.1141273367745361,0.2813951999117634,-0.0864474519056877,1.5235701212793673,-0.4094487305516219
P23_AV1_1_interaction,P23,AV1,1,on_ramp,P23_AV1_1,P23_AV1.1.asc,AV1,60,initiator_active,3796,1,63266.67,63266.6667,1.0,21.94,78.984,161.0,15.145255,-1448.387019,0.0,0.0,0.0,21.94,0.0,0.0,1448.337706,-34.666975,6.287844,1.0,0.0,0.0,0.0,0.0,1553.656924,-35.308305,1021.0,1.0,53.219492,7.0,-0.553503,35.206846,126.744645,35.206843,-0.01409,-0.000305,-0.434942,-0.000653,0.00287,0.01413,0.0,0.0,0.0,0.0,0.0,0.0,-9999.0,-9999.0,-9999.0,-9999.0,-9999.0,-9999.0,-9999.0,-9999.0,-9999.0,-9999.0,-9999.0,-9999.0,-9999.0,-9999.0,161.0,lane7,spur3,stable_reference,5.508049088923218,-1.2413244014250984,-0.4060712957454276,-3.648891326785786,-0.4060712957454276,12.233332699999998,439.0616989990881,1.3375569814941446,333.7407554962039,1.1188243531963995,1.118805191274315,0.27975300952640225,-0.10806765027368215,1.5248929914394846,-0.40606863824308514
P23_AV1_1_interaction,P23,AV1,1,on_ramp,P23_AV1_1,P23_AV1.1.asc,AV1,60,initiator_active,3797,1,63283.33,63283.334,1.0,21.94,78.984,161.0,15.510902,-1448.752536,0.0,0.0,0.0,21.94,0.0,0.0,1448.703369,-34.66531,6.287707,1.0,0.0,0.0,0.0,0.0,1554.24366,-35.314743,1021.0,1.0,53.806253,7.0,-0.556977,35.199598,126.718553,35.199596,-0.012805,-0.000257,-0.434831,-0.003987,0.002827,0.01413,0.0,0.0,0.0,0.0,0.0,0.0,-9999.0,-9999.0,-9999.0,-9999.0,-9999.0,-9999.0,-9999.0,-9999.0,-9999.0,-9999.0,-9999.0,-9999.0,-9999.0,-9999.0,161.0,lane7,spur3,stable_reference,5.51985310409597,-1.2312231733119534,-0.4027431807781279,-3.624120218222015,-0.4027431807781279,12.25,439.6484680087192,1.3359105074581503,334.10639270755695,1.1234753173988765,1.123452425350222,0.27779292371998565,-0.12136534261163767,1.5262158624552542,-0.4027405450563777
P23_AV1_1_interaction,P23,AV1,1,on_ramp,P23_AV1_1,P23_AV1.1.asc,AV1,60,initiator_active,3798,1,63300.0,63300.0001,1.0,21.94,78.984,161.0,15.87655,-1449.118054,0.0,0.0,0.0,21.94,0.0,0.0,1449.069032,-34.663692,6.287579,1.0,0.0,0.0,0.0,0.0,1554.830276,-35.321178,1021.0,1.0,54.392894,7.0,-0.56045,35.192352,126.692468,35.19235,-0.011489,-0.000211,-0.434731,-0.007475,0.00274,0.01413,0.0,0.0,0.0,0.0,0.0,0.0,-9999.0,-9999.0,-9999.0,-9999.0,-9999.0,-9999.0,-9999.0,-9999.0,-9999.0,-9999.0,-9999.0,-9999.0,-9999.0,-9999.0,161.0,lane7,spur3,stable_reference,5.531610137341935,-1.2211689326874116,-0.3994620653246946,-3.5993960157034763,-0.3994620653246946,12.266666099999995,440.2351169978529,1.3342660533969855,334.472030302714,1.1280792831684574,1.1280649763910142,0.27570749904985803,-0.1210608310104,1.5275387342444093,-0.39945945107595193
P23_AV1_1_interaction,P23,AV1,1,on_ramp,P23_AV1_1,P23_AV1.1.asc,AV1,60,initiator_active,3799,1,63316.67,63316.6675,1.0,21.94,78.984,161.0,16.242198,-1449.483574,0.0,0.0,0.0,21.94,0.0,0.0,1449.434695,-34.662112,6.287484,1.0,0.0,0.0,0.0,0.0,1555.41677,-35.327612,1021.0,1.0,54.979414,7.0,-0.563923,35.185108,126.666388,35.185106,-0.010151,-0.000167,-0.434633,-0.011077,0.002618,0.014287,0.0,0.0,0.0,0.0,0.0,0.0,-9999.0,-9999.0,-9999.0,-9999.0,-9999.0,-9999.0,-9999.0,-9999.0,-9999.0,-9999.0,-9999.0,-9999.0,-9999.0,-9999.0,161.0,lane7,spur3,stable_reference,5.543329185200286,-1.2111526819472795,-0.3962055813588833,-3.573628454717798,-0.3962055813588833,12.283333500000001,440.82164398288876,1.3326216030452604,334.83766820818045,1.1326452502050548,1.1326427185267631,0.27375755308906236,-0.10248903364514916,1.5288483954397787,-0.3962031452347239
P23_AV1_1_interaction,P23,AV1,1,on_ramp,P23_AV1_1,P23_AV1.1.asc,AV1,60,initiator_active,3800,1,63333.33,63333.3339,1.0,21.94,78.984,161.0,16.607846,-1449.849095,0.0,0.0,0.0,21.94,0.0,0.0,1449.800359,-34.660559,6.28742,1.0,0.0,0.0,0.0,0.0,1556.003144,-35.334047,1021.0,1.0,55.565813,7.0,-0.567396,35.177865,126.640315,35.177864,-0.0088,-0.000124,-0.434537,-0.014762,0.00247,0.014287,0.0,0.0,0.0,0.0,0.0,0.0,-9999.0,-9999.0,-9999.0,-9999.0,-9999.0,-9999.0,-9999.0,-9999.0,-9999.0,-9999.0,-9999.0,-9999.0,-9999.0,-9999.0,161.0,lane7,spur3,stable_reference,5.55502127117066,-1.2011634009474856,-0.3929488350380189,-3.5477427484642075,-0.3929488350380189,12.299999899999996,441.40805098009156,1.33097517280174,335.203307334097,1.1371842263079548,1.137190357703902,0.2722911210958543,-0.069977038178898,1.5301306452463639,-0.3929464189384091
P23_AV1_1_interaction,P23,AV1,1,on_ramp,P23_AV1_1,P23_AV1.1.asc,AV1,60,initiator_active,3801,1,63350.0,63350.0006,1.0,21.94,78.984,161.0,16.973495,-1450.214616,0.0,0.0,0.0,21.94,0.0,0.0,1450.166022,-34.659022,6.287381,1.0,0.0,0.0,0.0,0.0,1556.589398,-35.340483,1021.0,1.0,56.152091,7.0,-0.570872,35.170624,126.614247,35.170623,-0.007444,-8.5e-05,-0.434441,-0.018503,0.002306,0.01413,0.0,0.0,0.0,0.0,0.0,0.0,-9999.0,-9999.0,-9999.0,-9999.0,-9999.0,-9999.0,-9999.0,-9999.0,-9999.0,-9999.0,-9999.0,-9999.0,-9999.0,-9999.0,161.0,lane7,spur3,stable_reference,5.566697335564113,-1.191190138760743,-0.3897080932028425,-3.5218730732898536,-0.3897080932028425,12.316666599999996,441.9943379894616,1.329326762666419,335.56894559070355,1.1417071947782915,1.1417190253524019,0.2714250122840127,-0.04408466676574818,1.5314128918076684,-0.38970569702937685
P23_AV1_1_interaction,P23,AV1,1,on_ramp,P23_AV1_1,P23_AV1.1.asc,AV1,60,initiator_active,3802,1,63366.67,63366.6668,1.0,21.94,78.984,161.0,17.339145,-1450.580139,0.0,0.0,0.0,21.94,0.0,0.0,1450.531685,-34.657494,6.287358,1.0,0.0,0.0,0.0,0.0,1557.17553,-35.346922,1021.0,1.0,56.738249,7.0,-0.57435,35.163385,126.588185,35.163384,-0.006092,-4.8e-05,-0.434344,-0.022278,0.002131,0.014287,0.0,0.0,0.0,0.0,0.0,0.0,-9999.0,-9999.0,-9999.0,-9999.0,-9999.0,-9999.0,-9999.0,-9999.0,-9999.0,-9999.0,-9999.0,-9999.0,-9999.0,-9999.0,161.0,lane7,spur3,stable_reference,5.578364403418384,-1.181225874178215,-0.3864763512699644,-3.4957757661037543,-0.3864763512699644,12.333332799999997,442.58050302739747,1.3276743563739009,335.9345839208042,1.1462211635487118,1.146237740790363,0.2708216434253785,-0.04058955185983493,1.5326951385160181,-0.3864739749673063
P23_AV1_1_interaction,P23,AV1,1,on_ramp,P23_AV1_1,P23_AV1.1.asc,AV1,60,initiator_active,3803,1,63383.33,63383.3339,1.0,21.94,78.984,161.0,17.704794,-1450.945661,0.0,0.0,0.0,21.94,0.0,0.0,1450.897349,-34.655971,6.287347,1.0,0.0,0.0,0.0,0.0,1557.761542,-35.353364,1021.0,1.0,57.324286,7.0,-0.577833,35.156147,126.562129,35.156147,-0.004749,-1.4e-05,-0.434248,-0.026062,0.00195,0.014287,0.0,0.0,0.0,0.0,0.0,0.0,-9999.0,-9999.0,-9999.0,-9999.0,-9999.0,-9999.0,-9999.0,-9999.0,-9999.0,-9999.0,-9999.0,-9999.0,-9999.0,-9999.0,161.0,lane7,spur3,stable_reference,5.590026500924853,-1.171266585192417,-0.3832325314567569,-3.4687381927832237,-0.3832325314567569,12.349999899999995,443.16654809383266,1.3260179702562724,336.3002232917021,1.15073014065189,1.1507464038832038,0.2700720206792582,-0.05425667254421995,1.5339604140941325,-0.3832302734422426
P23_AV1_1_interaction,P23,AV1,1,on_ramp,P23_AV1_1,P23_AV1.1.asc,AV1,60,initiator_active,3804,1,63400.0,63400.0014,1.0,21.94,78.984,161.0,18.070444,-1451.311184,0.0,0.0,0.0,21.94,0.0,0.0,1451.263012,-34.654451,6.287342,1.0,0.0,0.0,0.0,0.0,1558.347433,-35.359811,1021.0,1.0,57.910202,7.0,-0.581321,35.148911,126.536078,35.14891,-0.003422,1.6e-05,-0.434152,-0.029832,0.001762,0.01413,0.0,0.0,0.0,0.0,0.0,0.0,-9999.0,-9999.0,-9999.0,-9999.0,-9999.0,-9999.0,-9999.0,-9999.0,-9999.0,-9999.0,-9999.0,-9999.0,-9999.0,-9999.0,161.0,lane7,spur3,stable_reference,5.6016855718554215,-1.161310318480286,-0.3799817467801394,-3.441703681934789,-0.3799817467801394,12.366667399999999,443.75247220513245,1.3243555962141738,336.6658616871311,1.1552361096890507,1.155240483218309,0.269013011524315,-0.07463003232186338,1.5352156176083704,-0.3799795079193198
P23_AV1_1_interaction,P23,AV1,1,on_ramp,P23_AV1_1,P23_AV1.1.asc,AV1,60,initiator_active,3805,1,63416.67,63416.6673,1.0,21.94,78.984,161.0,18.436094,-1451.676707,0.0,0.0,0.0,21.94,0.0,0.0,1451.628676,-34.652943,6.28728,1.0,0.0,0.0,0.0,0.0,1558.933204,-35.366263,1021.0,1.0,58.495998,7.0,-0.584816,35.141676,126.510033,35.141676,-0.002117,4.4e-05,-0.434056,-0.03357,0.001572,0.01413,0.0,0.0,0.0,0.0,0.0,0.0,-9999.0,-9999.0,-9999.0,-9999.0,-9999.0,-9999.0,-9999.0,-9999.0,-9999.0,-9999.0,-9999.0,-9999.0,-9999.0,-9999.0,161.0,lane7,spur3,stable_reference,5.613332675129948,-1.1513660255014837,-0.3767429572357638,-3.4146810720438583,-0.3767429572357638,12.383333299999999,444.3382763612637,1.322687242413655,337.0315011805196,1.1597300872923713,1.1597135241799088,0.2675843834546683,-0.09486983099254243,1.536470824750334,-0.37674073745796277
P23_AV1_1_interaction,P23,AV1,1,on_ramp,P23_AV1_1,P23_AV1.1.asc,AV1,60,initiator_active,3806,1,63433.33,63433.3336,1.0,21.94,78.984,161.0,18.801744,-1452.042231,0.0,0.0,0.0,21.94,0.0,0.0,1451.99434,-34.651479,6.287159,1.0,0.0,0.0,0.0,0.0,1559.518854,-35.372723,1021.0,1.0,59.081673,7.0,-0.588318,35.134443,126.483994,35.134443,-0.000839,6.8e-05,-0.433959,-0.037258,0.00138,0.01413,0.0,0.0,0.0,0.0,0.0,0.0,-9999.0,-9999.0,-9999.0,-9999.0,-9999.0,-9999.0,-9999.0,-9999.0,-9999.0,-9999.0,-9999.0,-9999.0,-9999.0,-9999.0,161.0,lane7,spur3,stable_reference,5.624935795324082,-1.141465720809893,-0.3735481671984916,-3.387168946431805,-0.3735481671984916,12.399999599999996,444.9239595867577,1.3210099007886873,337.39714103321376,1.1641800663627655,1.164159658756152,0.265850784025055,-0.10732530191688738,1.5377260326072293,-0.3735459662444638
P23_AV1_1_interaction,P23,AV1,1,on_ramp,P23_AV1_1,P23_AV1.1.asc,AV1,60,initiator_active,3807,1,63450.0,63450.0007,1.0,21.94,78.984,161.0,19.167395,-1452.407755,0.0,0.0,0.0,21.94,0.0,0.0,1452.360004,-34.650057,6.287046,1.0,0.0,0.0,0.0,0.0,1560.104383,-35.379191,1021.0,1.0,59.667227,7.0,-0.591829,35.127211,126.457961,35.127211,0.000407,8.9e-05,-0.433863,-0.040879,0.001192,0.01413,0.0,0.0,0.0,0.0,0.0,0.0,-9999.0,-9999.0,-9999.0,-9999.0,-9999.0,-9999.0,-9999.0,-9999.0,-9999.0,-9999.0,-9999.0,-9999.0,-9999.0,-9999.0,161.0,lane7,spur3,stable_reference,5.636496931668768,-1.131607404937896,-0.3703575663415192,-3.3591938167922533,-0.3703575663415192,12.416666699999995,445.5095218816147,1.3193235713392868,337.76278122888175,1.1685880468335588,1.1685752332270378,0.2640068609443489,-0.10675526304046556,1.5389435695601466,-0.3703555227265878
P23_AV1_1_interaction,P23,AV1,1,on_ramp,P23_AV1_1,P23_AV1.1.asc,AV1,60,initiator_active,3808,1,63466.67,63466.6673,1.0,21.94,78.984,161.0,19.533046,-1452.773281,0.0,0.0,0.0,21.94,0.0,0.0,1452.725668,-34.648669,6.286963,1.0,0.0,0.0,0.0,0.0,1560.689792,-35.385668,1021.0,1.0,60.252661,7.0,-0.595349,35.119981,126.431933,35.119981,0.001618,0.000107,-0.433767,-0.044421,0.001015,0.01413,0.0,0.002198,0.0,0.0,0.0,0.0,-9999.0,-9999.0,-9999.0,-9999.0,-9999.0,-9999.0,-9999.0,-9999.0,-9999.0,-9999.0,-9999.0,-9999.0,-9999.0,-9999.0,161.0,lane7,spur3,stable_reference,5.648024081087703,-1.121783080015097,-0.367198276854711,-3.33125259736588,-0.367198276854711,12.4333333,446.09496425396685,1.3176272622648229,338.1284217021954,1.1729620284379987,1.1729599851775192,0.26229223223625553,-0.0898630342043889,1.5401582791105832,-0.36719625067258455
P23_AV1_1_interaction,P23,AV1,1,on_ramp,P23_AV1_1,P23_AV1.1.asc,AV1,60,initiator_active,3809,1,63483.33,63483.3341,1.0,21.94,78.984,161.0,19.898698,-1453.138808,0.0,0.0,0.0,21.94,0.0,0.0,1453.091332,-34.647304,6.286906,1.0,0.0,0.0,0.0,0.0,1561.275079,-35.392155,1021.0,1.0,60.837974,7.0,-0.598881,35.112487,126.404954,35.112487,0.00279,0.000122,-0.454347,-0.047861,0.000826,0.01413,0.0,0.0,0.0,0.0,0.0,0.0,-9999.0,-9999.0,-9999.0,-9999.0,-9999.0,-9999.0,-9999.0,-9999.0,-9999.0,-9999.0,-9999.0,-9999.0,-9999.0,-9999.0,161.0,lane7,spur3,stable_reference,5.659528239350982,-1.1119817489697077,-0.3640619870980555,-3.3033343172014,-0.3640619870980555,12.450000099999997,446.6802847120475,1.315919957266567,338.4940623633278,1.1773130108093197,1.1773183248034857,0.26101142568607116,-0.06086881412885159,1.541372989031142,-0.36405997822182234
P23_AV1_1_interaction,P23,AV1,1,on_ramp,P23_AV1_1,P23_AV1.1.asc,AV1,60,initiator_active,3810,1,63500.0,63500.0005,1.0,21.94,78.984,161.0,20.26435,-1453.504336,0.0,0.0,0.0,21.94,0.0,0.0,1453.456996,-34.645953,6.286872,1.0,0.0,0.0,0.0,0.0,1561.860242,-35.398654,1021.0,1.0,61.423162,7.0,-0.602424,35.10517,126.37861,35.105169,0.003921,0.000134,-0.434568,-0.051215,0.000642,0.01413,0.0,0.0,0.0,0.0,0.0,0.0,-9999.0,-9999.0,-9999.0,-9999.0,-9999.0,-9999.0,-9999.0,-9999.0,-9999.0,-9999.0,-9999.0,-9999.0,-9999.0,-9999.0,161.0,lane7,spur3,stable_reference,5.671018402997771,-1.1021944141975188,-0.3609365096584749,-3.274634299263151,-0.3609365096584749,12.466666499999999,447.26548127225504,1.3141996400791134,338.8597031387848,1.181649993647438,1.1816603316216812,0.260263267098118,-0.03876847165092823,1.5425845557664304,-0.36093456211899233
P23_AV1_1_interaction,P23,AV1,1,on_ramp,P23_AV1_1,P23_AV1.1.asc,AV1,60,initiator_active,3811,1,63516.67,63516.6667,1.0,21.94,78.984,161.0,20.630002,-1453.869864,0.0,0.0,0.0,21.94,0.0,0.0,1453.82266,-34.644611,6.286852,1.0,0.0,0.0,0.0,0.0,1562.445284,-35.405165,1021.0,1.0,62.008229,7.0,-0.60598,35.097937,126.352575,35.097937,0.005007,0.000143,-0.433704,-0.054447,0.000472,0.01413,0.0,0.0,0.0,0.0,0.0,0.0,-9999.0,-9999.0,-9999.0,-9999.0,-9999.0,-9999.0,-9999.0,-9999.0,-9999.0,-9999.0,-9999.0,-9999.0,-9999.0,-9999.0,161.0,lane7,spur3,stable_reference,5.6824995701054055,-1.0924160770295124,-0.3578096987760735,-3.245772023410057,-0.3578096987760735,12.483332699999998,447.85055693448953,1.3124663352005919,339.22534398773644,1.1859779767856442,1.1859935762848846,0.25971916927922933,-0.036957484774211125,1.5437857448938659,-0.3578077681082217
P23_AV1_1_interaction,P23,AV1,1,on_ramp,P23_AV1_1,P23_AV1.1.asc,AV1,60,initiator_active,3812,1,63533.33,63533.3341,1.0,21.94,78.984,161.0,20.995654,-1454.235392,0.0,0.0,0.0,21.94,0.0,0.0,1454.188324,-34.643273,6.286842,1.0,0.0,0.0,0.0,0.0,1563.030204,-35.411689,1021.0,1.0,62.593175,7.0,-0.60955,35.090712,126.326563,35.090711,0.006048,0.00015,-0.433454,-0.057558,0.000344,0.01413,0.0,0.0,0.0,0.0,0.0,0.0,-9999.0,-9999.0,-9999.0,-9999.0,-9999.0,-9999.0,-9999.0,-9999.0,-9999.0,-9999.0,-9999.0,-9999.0,-9999.0,-9999.0,161.0,lane7,spur3,stable_reference,5.693976738751166,-1.0826417387967304,-0.354686887846028,-3.216913736209293,-0.354686887846028,12.500000099999998,448.4355107069504,1.3107190344982913,339.59098486935204,1.1903019600572147,1.1903177058440453,0.2590313307375922,-0.05083000905841484,1.5449869340854392,-0.3546849740282245
P23_AV1_1_interaction,P23,AV1,1,on_ramp,P23_AV1_1,P23_AV1.1.asc,AV1,60,initiator_active,3813,1,63550.0,63550.0007,1.0,21.94,78.984,161.0,21.361307,-1454.600921,0.0,0.0,0.0,21.94,0.0,0.0,1454.553989,-34.641937,6.286837,1.0,0.0,0.0,0.0,0.0,1563.615003,-35.418227,1021.0,1.0,63.178,7.0,-0.613135,35.083489,126.300561,35.083488,0.007041,0.000154,-0.433309,-0.060541,0.000244,0.01413,0.0,0.0,0.0,0.0,0.0,0.0,-9999.0,-9999.0,-9999.0,-9999.0,-9999.0,-9999.0,-9999.0,-9999.0,-9999.0,-9999.0,-9999.0,-9999.0,-9999.0,-9999.0,161.0,lane7,spur3,stable_reference,5.705451935895519,-1.0728693769592728,-0.3515660720110998,-3.1879492570464865,-0.3515660720110998,12.516666699999995,449.0203435977704,1.3089567461716125,339.95662676726647,1.1946239515615196,1.1946281273117192,0.258024817055329,-0.07142513001691686,1.5461881265940989,-0.3515641750325793
P23_AV1_1_interaction,P23,AV1,1,on_ramp,P23_AV1_1,P23_AV1.1.asc,AV1,60,initiator_active,3814,1,63566.67,63566.6674,1.0,21.94,78.984,161.0,21.726959,-1454.96645,0.0,0.0,0.0,21.94,0.0,0.0,1454.919653,-34.640612,6.286778,1.0,0.0,0.0,0.0,0.0,1564.199682,-35.42478,1021.0,1.0,63.762704,7.0,-0.616735,35.076268,126.274566,35.076267,0.007986,0.000158,-0.433199,-0.063392,0.00016,0.01413,0.0,0.0,0.0,0.0,0.0,0.0,-9999.0,-9999.0,-9999.0,-9999.0,-9999.0,-9999.0,-9999.0,-9999.0,-9999.0,-9999.0,-9999.0,-9999.0,-9999.0,-9999.0,161.0,lane7,spur3,stable_reference,5.716916109540277,-1.0631080352658775,-0.3484345159826346,-3.1582571128389136,-0.3484345159826346,12.533333399999997,449.6050566150822,1.307178478419938,340.32226775504057,1.1989349352665495,1.1989185243580938,0.25665049324437916,-0.09043333886201754,1.5473676955909776,-0.34843276032442816
P23_AV1_1_interaction,P23,AV1,1,on_ramp,P23_AV1_1,P23_AV1.1.asc,AV1,60,initiator_active,3815,1,63583.33,63583.3341,1.0,21.94,78.984,161.0,22.092612,-1455.331979,0.0,0.0,0.0,21.94,0.0,0.0,1455.285317,-34.63933,6.286664,1.0,0.0,0.0,0.0,0.0,1564.784241,-35.431349,1021.0,1.0,64.347289,7.0,-0.620352,35.069049,126.248578,35.069048,0.008881,0.00016,-0.433099,-0.066106,8.5e-05,0.01413,0.0,0.0,0.0,0.0,0.0,0.0,-9999.0,-9999.0,-9999.0,-9999.0,-9999.0,-9999.0,-9999.0,-9999.0,-9999.0,-9999.0,-9999.0,-9999.0,-9999.0,-9999.0,161.0,lane7,spur3,stable_reference,5.728337299720109,-1.0533896821258864,-0.3453272768235239,-3.12860783900817,-0.3453272768235239,12.550000099999998,450.1896497670519,1.3053832312766058,340.6879090939548,1.2032029204053114,1.2031831608632322,0.25501036639770547,-0.10163842585884542,1.5485284572270854,-0.345325536821774
P23_AV1_1_interaction,P23,AV1,1,on_ramp,P23_AV1_1,P23_AV1.1.asc,AV1,60,initiator_active,3816,1,63600.0,63600.0005,1.0,21.94,78.984,161.0,22.458266,-1455.697509,0.0,0.0,0.0,21.94,0.0,0.0,1455.650982,-34.638088,6.286556,1.0,0.0,0.0,0.0,0.0,1565.368679,-35.437934,1021.0,1.0,64.931752,7.0,-0.623987,35.061832,126.222595,35.061831,0.009726,0.00016,-0.433003,-0.068681,1.7e-05,0.01413,0.0,0.0,0.0,0.0,0.0,0.0,-9999.0,-9999.0,-9999.0,-9999.0,-9999.0,-9999.0,-9999.0,-9999.0,-9999.0,-9999.0,-9999.0,-9999.0,-9999.0,-9999.0,161.0,lane7,spur3,stable_reference,5.7397185330109135,-1.0437112952656398,-0.3422600321744668,-3.098998367009747,-0.3422600321744668,12.5666665,450.77412205371246,1.3035709965755702,341.0535517594772,1.2074309150438245,1.2074188109226487,0.253262571369973,-0.10170162304019925,1.549689222671478,-0.3422583076276535
P23_AV1_1_interaction,P23,AV1,1,on_ramp,P23_AV1_1,P23_AV1.1.asc,AV1,60,initiator_active,3817,1,63616.67,63616.6669,1.0,21.94,78.984,161.0,22.823919,-1456.063041,0.0,0.0,0.0,21.94,0.0,0.0,1456.016646,-34.636878,6.286476,1.0,0.0,0.0,0.0,0.0,1565.952996,-35.444537,1021.0,1.0,65.516096,7.0,-0.627639,35.054616,126.196618,35.054614,0.010522,0.00016,-0.432909,-0.071114,-4.6e-05,0.01413,0.0,0.0,0.0,0.0,0.0,0.0,-9999.0,-9999.0,-9999.0,-9999.0,-9999.0,-9999.0,-9999.0,-9999.0,-9999.0,-9999.0,-9999.0,-9999.0,-9999.0,-9999.0,161.0,lane7,spur3,stable_reference,5.751067750877388,-1.0340649229592402,-0.3392247921183604,-3.0690805717746272,-0.3392247921183604,12.583332899999993,451.3584734913964,1.3017397743835248,341.41919368634626,1.211626902583262,1.2116251115021923,0.25162036653723163,-0.08637494829092063,1.5508499854484838,-0.33922308286522185
P23_AV1_1_interaction,P23,AV1,1,on_ramp,P23_AV1_1,P23_AV1.1.asc,AV1,60,initiator_active,3818,1,63633.33,63633.3335,1.0,21.94,78.984,161.0,23.189573,-1456.428573,0.0,0.0,0.0,21.94,0.0,0.0,1456.382311,-34.63569,6.286422,1.0,0.0,0.0,0.0,0.0,1566.537193,-35.451159,1021.0,1.0,66.100319,7.0,-0.63131,35.047402,126.170646,35.0474,0.011268,0.000159,-0.432815,-0.073406,-0.000102,0.01413,0.0,0.0,0.0,0.0,0.0,0.0,-9999.0,-9999.0,-9999.0,-9999.0,-9999.0,-9999.0,-9999.0,-9999.0,-9999.0,-9999.0,-9999.0,-9999.0,-9999.0,-9999.0,161.0,lane7,spur3,stable_reference,5.762395004933191,-1.0244405217241903,-0.3362001367145533,-3.0387309582258943,-0.3362001367145533,12.599999499999997,451.9427050882362,1.2998885728998488,341.78483679283505,1.215800899022288,1.215806072295749,0.2503834400821887,-0.05866349744756416,1.5519993811518857,-0.3361984821295978
P23_AV1_1_interaction,P23,AV1,1,on_ramp,P23_AV1_1,P23_AV1.1.asc,AV1,60,initiator_active,3819,1,63650.0,63650.0007,1.0,21.94,78.984,161.0,23.555228,-1456.794106,0.0,0.0,0.0,21.94,0.0,0.0,1456.747976,-34.634516,6.28639,1.0,0.0,0.0,0.0,0.0,1567.121269,-35.457799,1021.0,1.0,66.684421,7.0,-0.635,35.040189,126.144679,35.040187,0.011965,0.000156,-0.432721,-0.075556,-0.000152,0.01413,0.0,0.0,0.0,0.0,0.0,0.0,-9999.0,-9999.0,-9999.0,-9999.0,-9999.0,-9999.0,-9999.0,-9999.0,-9999.0,-9999.0,-9999.0,-9999.0,-9999.0,-9999.0,161.0,lane7,spur3,stable_reference,5.773708264372499,-1.014830116762338,-0.3331873033417409,-3.0083953000746524,-0.3331873033417409,12.616666699999994,452.5268158360994,1.298018383925156,342.1504800136484,1.2199608959281045,1.2199713424469407,0.2496649079092137,-0.03670291566370398,1.553146559512334,-0.3331856635842294
P23_AV1_1_interaction,P23,AV1,1,on_ramp,P23_AV1_1,P23_AV1.1.asc,AV1,60,initiator_active,3820,1,63666.67,63666.6674,1.0,21.94,78.984,161.0,23.920882,-1457.15964,0.0,0.0,0.0,21.94,0.0,0.0,1457.113641,-34.633349,6.286371,1.0,0.0,0.0,0.0,0.0,1567.705225,-35.464458,1021.0,1.0,67.268403,7.0,-0.638711,35.032977,126.118719,35.032975,0.012613,0.000153,-0.432627,-0.077566,-0.000195,0.01413,0.0,0.0,0.0,0.0,0.0,0.0,-9999.0,-9999.0,-9999.0,-9999.0,-9999.0,-9999.0,-9999.0,-9999.0,-9999.0,-9999.0,-9999.0,-9999.0,-9999.0,-9999.0,161.0,lane7,spur3,stable_reference,5.785014526503558,-1.005226709937094,-0.3301814698804318,-2.9780666196221577,-0.3301814698804318,12.633333399999996,453.1108067431184,1.2961282156588392,342.51612329162384,1.224113893067314,1.2241283776128042,0.24915998235420744,-0.03541968283998642,1.5542937379832293,-0.33017984491591523
P23_AV1_1_interaction,P23,AV1,1,on_ramp,P23_AV1_1,P23_AV1.1.asc,AV1,60,initiator_active,3821,1,63683.33,63683.3335,1.0,21.94,78.984,161.0,24.286537,-1457.525173,0.0,0.0,0.0,21.94,0.0,0.0,1457.479306,-34.632187,6.286361,1.0,0.0,0.0,0.0,0.0,1568.289061,-35.471138,1021.0,1.0,67.852265,7.0,-0.642442,35.025768,126.092763,35.025765,0.013213,0.00015,-0.432534,-0.079436,-0.000231,0.01413,0.0,0.0,0.0,0.0,0.0,0.0,-9999.0,-9999.0,-9999.0,-9999.0,-9999.0,-9999.0,-9999.0,-9999.0,-9999.0,-9999.0,-9999.0,-9999.0,-9999.0,-9999.0,161.0,lane7,spur3,stable_reference,5.796315790557318,-0.9956283017808436,-0.327178711005095,-2.9472663677934747,-0.327178711005095,12.649999499999998,453.6946778256255,1.2942160681675763,342.88176661042974,1.2282618903732447,1.228276542620707,0.24848427685398633,-0.05003305328333507,1.5554390291125169,-0.3271771387392721
P23_AV1_1_interaction,P23,AV1,1,on_ramp,P23_AV1_1,P23_AV1.1.asc,AV1,60,initiator_active,3822,1,63700.0,63700.0009,1.0,21.94,78.984,161.0,24.652192,-1457.890707,0.0,0.0,0.0,21.94,0.0,0.0,1457.84497,-34.631028,6.286357,1.0,0.0,0.0,0.0,0.0,1568.872776,-35.477838,1021.0,1.0,68.436007,7.0,-0.646194,35.018559,126.066814,35.018557,0.013767,0.000146,-0.43244,-0.081171,-0.000258,0.01413,0.0,0.0,0.0,0.0,0.0,0.0,-9999.0,-9999.0,-9999.0,-9999.0,-9999.0,-9999.0,-9999.0,-9999.0,-9999.0,-9999.0,-9999.0,-9999.0,-9999.0,-9999.0,161.0,lane7,spur3,stable_reference,5.807614028035171,-0.9860329158982446,-0.3241672936334843,-2.916289249614371,-0.3241672936334843,12.666666899999997,454.27842807548785,1.292282933251993,343.2474089537672,1.2324068796131618,1.232411227178651,0.24749218089932867,-0.06973319731660865,1.5565726154522679,-0.32416573583910613
P23_AV1_1_interaction,P23,AV1,1,on_ramp,P23_AV1_1,P23_AV1.1.asc,AV1,60,initiator_active,3823,1,63716.67,63716.6672,1.0,21.94,78.984,161.0,25.017847,-1458.256242,0.0,0.0,0.0,21.94,0.0,0.0,1458.210635,-34.629879,6.286299,1.0,0.0,0.0,0.0,0.0,1569.456371,-35.484559,1021.0,1.0,69.019628,7.0,-0.649968,35.011353,126.040869,35.01135,0.014276,0.000141,-0.432347,-0.082772,-0.000277,0.01413,0.0,0.0,0.0,0.0,0.0,0.0,-9999.0,-9999.0,-9999.0,-9999.0,-9999.0,-9999.0,-9999.0,-9999.0,-9999.0,-9999.0,-9999.0,-9999.0,-9999.0,-9999.0,161.0,lane7,spur3,stable_reference,5.818902297087888,-0.9764475042814008,-0.3211658710676179,-2.8853220165674607,-0.3211658710676179,12.683333200000002,454.8620585008383,1.2903278191114633,343.61305237873137,1.2365418773525427,1.2365263740026604,0.24615983383598206,-0.0882086800055415,1.5577062050491968,-0.32116432769665404
P23_AV1_1_interaction,P23,AV1,1,on_ramp,P23_AV1_1,P23_AV1.1.asc,AV1,60,initiator_active,3824,1,63733.33,63733.334,1.0,21.94,78.984,161.0,25.383502,-1458.621776,0.0,0.0,0.0,21.94,0.0,0.0,1458.5763,-34.628771,6.286187,1.0,0.0,0.0,0.0,0.0,1570.039846,-35.491302,1021.0,1.0,69.603129,7.0,-0.653764,35.004147,126.01493,35.004144,0.01474,0.000136,-0.432254,-0.084243,-0.000287,0.01413,0.0,0.0,0.0,0.0,0.0,0.0,-9999.0,-9999.0,-9999.0,-9999.0,-9999.0,-9999.0,-9999.0,-9999.0,-9999.0,-9999.0,-9999.0,-9999.0,-9999.0,-9999.0,161.0,lane7,spur3,stable_reference,5.830149581906639,-0.966903081750342,-0.3182054479756364,-2.8543848928880635,-0.3182054479756364,12.7,455.4455691098427,1.2883497257793308,343.9786961385036,1.2406358764589793,1.2406164967814703,0.2445519038816144,-0.09956082004115085,1.5588397952900421,-0.3182039188310628
P23_AV1_1_interaction,P23,AV1,1,on_ramp,P23_AV1_1,P23_AV1.1.asc,AV1,60,initiator_active,3825,1,63750.0,63750.0007,1.0,21.94,78.984,161.0,25.749158,-1458.987312,0.0,0.0,0.0,21.94,0.0,0.0,1458.941965,-34.627703,6.286082,1.0,0.0,0.0,0.0,0.0,1570.6232,-35.498067,1021.0,1.0,70.18651,7.0,-0.657583,34.996944,125.988997,34.99694,0.015162,0.000132,-0.432161,-0.085588,-0.000291,0.01413,0.0,0.0,0.0,0.0,0.0,0.0,-9999.0,-9999.0,-9999.0,-9999.0,-9999.0,-9999.0,-9999.0,-9999.0,-9999.0,-9999.0,-9999.0,-9999.0,-9999.0,-9999.0,161.0,lane7,spur3,stable_reference,5.841356882106851,-0.9573986485712902,-0.3152731158784072,-2.822932553425759,-0.3152731158784072,12.716666699999994,456.02895890253467,1.2863486450895563,344.34434022491746,1.244689876899125,1.2446781450613955,0.24284112385829815,-0.0994113523892377,1.5599615486011358,-0.31527167170201076
P23_AV1_1_interaction,P23,AV1,1,on_ramp,P23_AV1_1,P23_AV1.1.asc,AV1,60,initiator_active,3826,1,63766.67,63766.6672,1.0,21.94,78.984,161.0,26.114814,-1459.352848,0.0,0.0,0.0,21.94,0.0,0.0,1459.307631,-34.626666,6.286003,1.0,0.0,0.0,0.0,0.0,1571.206434,-35.504855,1021.0,1.0,70.769771,7.0,-0.661425,34.989741,125.963069,34.989738,0.015543,0.000127,-0.432068,-0.086811,-0.00029,0.01413,0.0,0.0,0.0,0.0,0.0,0.0,-9999.0,-9999.0,-9999.0,-9999.0,-9999.0,-9999.0,-9999.0,-9999.0,-9999.0,-9999.0,-9999.0,-9999.0,-9999.0,-9999.0,161.0,lane7,spur3,stable_reference,5.852533221957195,-0.9479251840677848,-0.3123568534235683,-2.791511023628632,-0.3123568534235683,12.7333332,456.6122288870466,1.2843235852415236,344.7099855644453,1.2487128865389288,1.2487111688741759,0.24123820409606367,-0.08407390675170046,1.561068309144669,-0.31235542260574034
P23_AV1_1_interaction,P23,AV1,1,on_ramp,P23_AV1_1,P23_AV1.1.asc,AV1,60,initiator_active,3827,1,63783.33,63783.3345,1.0,21.94,78.984,161.0,26.48047,-1459.718386,0.0,0.0,0.0,21.94,0.0,0.0,1459.673296,-34.62565,6.285951,1.0,0.0,0.0,0.0,0.0,1571.789547,-35.511665,1021.0,1.0,71.352911,7.0,-0.665291,34.982541,125.937147,34.982537,0.015885,0.000122,-0.431975,-0.087917,-0.000284,0.01413,0.0,0.0,0.0,0.0,0.0,0.0,-9999.0,-9999.0,-9999.0,-9999.0,-9999.0,-9999.0,-9999.0,-9999.0,-9999.0,-9999.0,-9999.0,-9999.0,-9999.0,-9999.0,161.0,lane7,spur3,stable_reference,5.863688542153319,-0.9384727370463364,-0.3094615958307107,-2.760110504294332,-0.3094615958307107,12.750000499999995,457.1953780552461,1.2822755380358486,345.0756300754934,1.25271488871289,1.2527195299160336,0.24003864042946788,-0.05698965439720283,1.5621750669881238,-0.30946017827523375
P23_AV1_1_interaction,P23,AV1,1,on_ramp,P23_AV1_1,P23_AV1.1.asc,AV1,60,initiator_active,3828,1,63800.0,63800.0007,1.0,21.94,78.984,161.0,26.846127,-1460.083924,0.0,0.0,0.0,21.94,0.0,0.0,1460.038961,-34.624648,6.285919,1.0,0.0,0.0,0.0,0.0,1572.37254,-35.518498,1021.0,1.0,71.935931,7.0,-0.66918,34.975342,125.91123,34.975338,0.016189,0.000117,-0.431882,-0.08891,-0.000274,0.01413,0.0,0.0,0.0,0.0,0.0,0.0,-9999.0,-9999.0,-9999.0,-9999.0,-9999.0,-9999.0,-9999.0,-9999.0,-9999.0,-9999.0,-9999.0,-9999.0,-9999.0,-9999.0,161.0,lane7,spur3,stable_reference,5.874829867732954,-0.9290342862980854,-0.3065803380529663,-2.728579067856625,-0.3065803380529663,12.766666699999995,457.77840741526563,1.2802035116719162,345.44127470086613,1.256702891353649,1.2567124978934403,0.23933850649315502,-0.03605518921141737,1.5632818250493599,-0.30657893369571076
P23_AV1_1_interaction,P23,AV1,1,on_ramp,P23_AV1_1,P23_AV1.1.asc,AV1,60,initiator_active,3829,1,63816.67,63816.6672,1.0,21.94,78.984,161.0,27.211783,-1460.449463,0.0,0.0,0.0,21.94,0.0,0.0,1460.404626,-34.623654,6.2859,1.0,0.0,0.0,0.0,0.0,1572.955413,-35.525354,1021.0,1.0,72.518832,7.0,-0.673093,34.968144,125.885319,34.96814,0.01646,0.000113,-0.431789,-0.089411,-0.000263,0.013973,0.0,0.0,0.0,0.0,0.0,0.0,-9999.0,-9999.0,-9999.0,-9999.0,-9999.0,-9999.0,-9999.0,-9999.0,-9999.0,-9999.0,-9999.0,-9999.0,-9999.0,-9999.0,161.0,lane7,spur3,stable_reference,5.8859631963888805,-0.9196038334202312,-0.3036968449249049,-2.6967318422387145,-0.3036968449249049,12.783333200000001,458.3613169671051,1.2781075061497258,345.8069193915672,1.260682894261148,1.26069732840365,0.23883682719648647,-0.03462934966521303,1.5643783823375539,-0.3036954880764058
P23_AV1_1_interaction,P23,AV1,1,on_ramp,P23_AV1_1,P23_AV1.1.asc,AV1,60,initiator_active,3830,1,63833.33,63833.3335,1.0,21.94,78.984,161.0,27.57744,-1460.815002,0.0,0.0,0.0,21.94,0.0,0.0,1460.770292,-34.622664,6.285891,1.0,0.0,0.0,0.0,0.0,1573.538166,-35.532234,1021.0,1.0,73.101612,7.0,-0.67703,34.960948,125.859413,34.960944,0.016703,0.000109,-0.431695,-0.089428,-0.00025,0.013659,0.0,0.0,0.0,0.0,0.0,0.0,-9999.0,-9999.0,-9999.0,-9999.0,-9999.0,-9999.0,-9999.0,-9999.0,-9999.0,-9999.0,-9999.0,-9999.0,-9999.0,-9999.0,161.0,lane7,spur3,stable_reference,5.897092554312459,-0.910177356405327,-0.3008138524591487,-2.664888517968236,-0.3008138524591487,12.799999499999998,458.944106718931,1.2759865215026203,346.172565114899,1.2646589054680628,1.2646735981891735,0.23818421511793986,-0.04793580098937866,1.5654714139592676,-0.3008125084912048
P23_AV1_1_interaction,P23,AV1,1,on_ramp,P23_AV1_1,P23_AV1.1.asc,AV1,60,initiator_active,3831,1,63850.0,63850.0009,1.0,21.94,78.984,161.0,27.943097,-1461.180541,0.0,0.0,0.0,21.94,0.0,0.0,1461.135957,-34.621676,6.285887,1.0,0.0,0.0,0.0,0.0,1574.120798,-35.539138,1021.0,1.0,73.684272,7.0,-0.680991,34.953753,125.833513,34.953749,0.016927,0.000105,-0.4316,-0.088202,-0.000237,0.012874,0.0,0.002198,0.0,0.0,0.0,0.0,-9999.0,-9999.0,-9999.0,-9999.0,-9999.0,-9999.0,-9999.0,-9999.0,-9999.0,-9999.0,-9999.0,-9999.0,-9999.0,-9999.0,161.0,lane7,spur3,stable_reference,5.908219885275619,-0.9007529019302786,-0.2979328651434693,-2.6330472709494974,-0.2979328651434693,12.816666899999996,459.5267756707761,1.2738405495645588,346.5382098545963,1.2686329085756192,1.2686368887012114,0.23723893027433718,-0.06651103997964825,1.566564442622741,-0.2979315340471218
P23_AV1_1_interaction,P23,AV1,1,on_ramp,P23_AV1_1,P23_AV1.1.asc,AV1,60,initiator_active,3832,1,63866.67,63866.6668,1.0,21.94,78.984,161.0,28.308754,-1461.546081,0.0,0.0,0.0,21.94,0.0,0.0,1461.501623,-34.620698,6.285832,1.0,0.0,0.0,0.0,0.0,1574.70331,-35.546066,1021.0,1.0,74.266811,7.0,-0.684977,34.946294,125.806659,34.94629,0.017142,0.000101,-0.452192,-0.085736,-0.00025,0.011618,0.0,0.0,0.0,0.0,0.0,0.0,-9999.0,-9999.0,-9999.0,-9999.0,-9999.0,-9999.0,-9999.0,-9999.0,-9999.0,-9999.0,-9999.0,-9999.0,-9999.0,-9999.0,161.0,lane7,spur3,stable_reference,5.919337247813648,-0.8913384217209585,-0.2950605916166214,-2.600983083202368,-0.2950605916166214,12.833332799999997,460.1093248226077,1.2716695985015813,346.9038556759208,1.27259692018265,1.2725815562677263,0.23596721205699822,-0.08407209265871529,1.5676562576227633,-0.29505933744011337
P23_AV1_1_interaction,P23,AV1,1,on_ramp,P23_AV1_1,P23_AV1.1.asc,AV1,60,initiator_active,3833,1,63883.33,63883.3339,1.0,21.94,78.984,161.0,28.674412,-1461.91162,0.0,0.0,0.0,21.94,0.0,0.0,1461.867288,-34.61976,6.285725,1.0,0.0,0.0,0.0,0.0,1575.285698,-35.553017,1021.0,1.0,74.849227,7.0,-0.688987,34.939012,125.780445,34.939008,0.017349,9.6e-05,-0.432386,-0.082438,-0.000266,0.010048,0.0,0.002198,0.0,0.0,0.0,0.0,-9999.0,-9999.0,-9999.0,-9999.0,-9999.0,-9999.0,-9999.0,-9999.0,-9999.0,-9999.0,-9999.0,-9999.0,-9999.0,-9999.0,161.0,lane7,spur3,stable_reference,5.930414598003625,-0.8819639539359199,-0.2922027038508125,-2.5688011805757363,-0.2922027038508125,12.849999899999995,460.69175016639235,1.2694746356161806,347.26950082392005,1.2765209249573368,1.2765023820436934,0.23443653657189856,-0.09503669166161188,1.5687223867793012,-0.2922014618219644
P23_AV1_1_interaction,P23,AV1,1,on_ramp,P23_AV1_1,P23_AV1.1.asc,AV1,60,initiator_active,3834,1,63900.0,63900.0002,1.0,21.94,78.984,161.0,29.040069,-1462.277161,0.0,0.0,0.0,21.94,0.0,0.0,1462.232954,-34.61886,6.285624,1.0,0.0,0.0,0.0,0.0,1575.867964,-35.55999,1021.0,1.0,75.43152,7.0,-0.69302,34.93155,125.753579,34.931545,0.017547,9.2e-05,-0.452217,-0.077119,-0.000296,0.007693,0.0,0.0,0.0,0.0,0.0,0.0,-9999.0,-9999.0,-9999.0,-9999.0,-9999.0,-9999.0,-9999.0,-9999.0,-9999.0,-9999.0,-9999.0,-9999.0,-9999.0,-9999.0,161.0,lane7,spur3,stable_reference,5.941453990535524,-0.8726274529630025,-0.2893828103107748,-2.53665705349787,-0.2893828103107748,12.8666662,461.2740536938981,1.2672566772070883,347.63514728219593,1.2804069391650947,1.280396124406891,0.23279932111672252,-0.09502579589867288,1.5697885194331844,-0.2893815802680897
P23_AV1_1_interaction,P23,AV1,1,on_ramp,P23_AV1_1,P23_AV1.1.asc,AV1,60,initiator_active,3835,1,63916.67,63916.6676,1.0,21.94,78.984,161.0,29.405727,-1462.642703,0.0,0.0,0.0,21.94,0.0,0.0,1462.598619,-34.617989,6.28555,1.0,0.0,0.0,0.0,0.0,1576.450106,-35.566986,1021.0,1.0,76.01369,7.0,-0.697076,34.924269,125.72737,34.924265,0.017748,8.7e-05,-0.432251,-0.068243,-0.000303,0.003925,0.0,0.0,0.0,0.0,0.0,0.0,-9999.0,-9999.0,-9999.0,-9999.0,-9999.0,-9999.0,-9999.0,-9999.0,-9999.0,-9999.0,-9999.0,-9999.0,-9999.0,-9999.0,161.0,lane7,spur3,stable_reference,5.952464366489479,-0.8633199673425552,-0.2865919216214589,-2.504541905796252,-0.2865919216214589,12.883333599999998,461.8562334133572,1.2650147069755673,348.00079297732026,1.284263946173742,1.2842624429471494,0.23126898225982728,-0.08014801859174892,1.570854649615391,-0.28659070344164905
P23_AV1_1_interaction,P23,AV1,1,on_ramp,P23_AV1_1,P23_AV1.1.asc,AV1,60,initiator_active,3836,1,63933.33,63933.334,1.0,21.94,78.984,161.0,29.771386,-1463.008245,0.0,0.0,0.0,21.94,0.0,0.0,1462.964285,-34.617138,6.2855,1.0,0.0,0.0,0.0,0.0,1577.032126,-35.574003,1021.0,1.0,76.595738,7.0,-0.701153,34.917076,125.701473,34.917071,0.017953,8.2e-05,-0.431344,-0.057318,-0.000285,-0.000628,0.0,0.0,0.0,0.0,0.0,0.0,-9999.0,-9999.0,-9999.0,-9999.0,-9999.0,-9999.0,-9999.0,-9999.0,-9999.0,-9999.0,-9999.0,-9999.0,-9999.0,-9999.0,161.0,lane7,spur3,stable_reference,5.963454777863676,-0.8540324533258467,-0.2838258009425246,-2.4722000581679624,-0.2838258009425246,12.9,462.43829130837105,1.2627507411870214,348.366439835732,1.2881009620152926,1.2881051998075495,0.23012765975874316,-0.05433866888324257,1.5719255254206308,-0.28382456340533824
P23_AV1_1_interaction,P23,AV1,1,on_ramp,P23_AV1_1,P23_AV1.1.asc,AV1,60,initiator_active,3837,1,63950.0,63950.0008,1.0,21.94,78.984,161.0,30.137044,-1463.373789,0.0,0.0,0.0,21.94,0.0,0.0,1463.329951,-34.616301,6.285469,1.0,0.0,0.0,0.0,0.0,1577.614026,-35.581038,1021.0,1.0,77.177666,7.0,-0.70525,34.90989,125.675602,34.909885,0.018138,7.8e-05,-0.431078,-0.043902,-0.000231,-0.006123,0.0,0.0,0.0,0.0,0.0,0.0,-9999.0,-9999.0,-9999.0,-9999.0,-9999.0,-9999.0,-9999.0,-9999.0,-9999.0,-9999.0,-9999.0,-9999.0,-9999.0,-9999.0,161.0,lane7,spur3,stable_reference,5.974431194621378,-0.8447589355823457,-0.2810825674306891,-2.4398388010424603,-0.2810825674306891,12.9166668,463.02022935437464,1.2604677960734996,348.73208680846835,1.2919239783236334,1.291933333902263,0.22945771185576547,-0.03434312876610868,1.5730053201781826,-0.28108134185454925
P23_AV1_1_interaction,P23,AV1,1,on_ramp,P23_AV1_1,P23_AV1.1.asc,AV1,60,initiator_active,3838,1,63966.67,63966.6671,1.0,21.94,78.984,161.0,30.502703,-1463.739332,0.0,0.0,0.0,21.94,0.0,0.0,1463.695616,-34.615471,6.285451,1.0,0.0,0.0,0.0,0.0,1578.195806,-35.58809,1021.0,1.0,77.759474,7.0,-0.709363,34.902706,125.649743,34.902702,0.018255,7.5e-05,-0.430934,-0.030944,-0.000156,-0.011304,0.0,0.0,0.0,0.0,0.0,0.0,-9999.0,-9999.0,-9999.0,-9999.0,-9999.0,-9999.0,-9999.0,-9999.0,-9999.0,-9999.0,-9999.0,-9999.0,-9999.0,-9999.0,161.0,lane7,spur3,stable_reference,5.985400586341339,-0.835492439047696,-0.2783463390368057,-2.40748460406941,-0.2783463390368057,12.933333099999997,463.6020475432022,1.2581668716016647,349.0977328384004,1.2957399866993347,1.295753736891101,0.22898289095993363,-0.03295126369652923,1.5740851120905026,-0.27834512539116796
P23_AV1_1_interaction,P23,AV1,1,on_ramp,P23_AV1_1,P23_AV1.1.asc,AV1,60,initiator_active,3839,1,63983.33,63983.3337,1.0,21.94,78.984,161.0,30.868361,-1464.104876,0.0,0.0,0.0,21.94,0.0,0.0,1464.061282,-34.614645,6.285442,1.0,0.0,0.0,0.0,0.0,1578.777465,-35.595155,1021.0,1.0,78.341162,7.0,-0.713492,34.895525,125.62389,34.89552,0.018227,7.3e-05,-0.43083,-0.019454,-8.8e-05,-0.0157,0.0,0.002198,0.0,0.0,0.0,0.0,-9999.0,-9999.0,-9999.0,-9999.0,-9999.0,-9999.0,-9999.0,-9999.0,-9999.0,-9999.0,-9999.0,-9999.0,-9999.0,-9999.0,161.0,lane7,spur3,stable_reference,5.9963660073289455,-0.8262299183759907,-0.2756141053755058,-2.3750990467726427,-0.2756141053755058,12.949999700000001,464.1837448422227,1.2558519594721071,349.4633799009632,1.2995520033744445,1.2995659975605416,0.22835934800124136,-0.05671794947993458,1.5751649070173974,-0.2756129036429529
P23_AV1_1_interaction,P23,AV1,1,on_ramp,P23_AV1_1,P23_AV1.1.asc,AV1,60,initiator_active,3840,1,64000.0,64000.0009,1.0,21.94,78.984,161.0,31.23402,-1464.47042,0.0,0.0,0.0,21.94,0.0,0.0,1464.426948,-34.613821,6.285438,1.0,0.0,0.0,0.0,0.0,1579.359005,-35.602232,1021.0,1.0,78.92273,7.0,-0.717631,34.888079,125.597085,34.888074,0.017979,7.2e-05,-0.451434,-0.009645,-7.3e-05,-0.019154,0.0,0.0,0.0,0.0,0.0,0.0,-9999.0,-9999.0,-9999.0,-9999.0,-9999.0,-9999.0,-9999.0,-9999.0,-9999.0,-9999.0,-9999.0,-9999.0,-9999.0,-9999.0,161.0,lane7,spur3,stable_reference,6.007329429085639,-0.8169693971718823,-0.2728749789499975,-2.3425343153579687,-0.2728749789499975,12.966666899999996,464.76532324320374,1.2535240759835617,349.8290269798584,1.3033620201162464,1.3033658212728476,0.22709224300887598,-0.06413150861217876,1.5762358391912965,-0.27287381907505015
P23_AV1_1_interaction,P23,AV1,1,on_ramp,P23_AV1_1,P23_AV1.1.asc,AV1,60,initiator_active,3841,1,64016.72,64016.7196,1.0,21.94,78.984,161.0,31.599679,-1464.835964,0.0,0.0,0.0,21.94,0.0,0.0,1464.792613,-34.613007,6.285385,1.0,0.0,0.0,0.0,0.0,1579.940421,-35.609318,1021.0,1.0,79.504174,7.0,-0.721781,34.880811,125.570919,34.880806,0.017454,7e-05,-0.43163,-0.001333,-0.000111,-0.021666,0.0,0.002198,0.0,0.0,0.0,0.0,-9999.0,-9999.0,-9999.0,-9999.0,-9999.0,-9999.0,-9999.0,-9999.0,-9999.0,-9999.0,-9999.0,-9999.0,-9999.0,-9999.0,161.0,lane7,spur3,stable_reference,6.018282826958184,-0.8077188963780338,-0.270141089475013,-2.309979633002294,-0.270141089475013,12.983385599999995,465.34677772181345,1.2511861802057902,350.19467314044715,1.3071620290254284,1.30714758467672,0.22621948667318748,-0.05974484328487861,1.5773019702460895,-0.2701399412206611
P23_AV1_1_interaction,P23,AV1,1,on_ramp,P23_AV1_1,P23_AV1.1.asc,AV1,60,initiator_active,3842,1,64033.33,64033.3342,1.0,21.94,78.984,161.0,31.965338,-1465.201509,0.0,0.0,0.0,21.94,0.0,0.0,1465.158279,-34.612231,6.285282,1.0,0.0,0.0,0.0,0.0,1580.521715,-35.61641,1021.0,1.0,80.085497,7.0,-0.725937,34.873361,125.544099,34.873357,0.016603,6.8e-05,-0.451478,0.003612,-0.000196,-0.022451,0.0,0.0,0.0,0.0,0.0,0.0,-9999.0,-9999.0,-9999.0,-9999.0,-9999.0,-9999.0,-9999.0,-9999.0,-9999.0,-9999.0,-9999.0,-9999.0,-9999.0,-9999.0,161.0,lane7,spur3,stable_reference,6.029198267172636,-0.7985063623963261,-0.2674451942258078,-2.2774627203778537,-0.2674451942258078,13.000000199999995,465.9281102534873,1.2488412883708513,350.5603206113121,1.3109240473676775,1.3109064591623347,0.2251023156711227,-0.091760452614289,1.5783681047982332,-0.26744405743055566
P23_AV1_1_interaction,P23,AV1,1,on_ramp,P23_AV1_1,P23_AV1.1.asc,AV1,60,initiator_active,3843,1,64050.0,64050.0005,1.0,21.94,78.984,161.0,32.330997,-1465.567054,0.0,0.0,0.0,21.94,0.0,0.0,1465.523945,-34.611491,6.285185,1.0,0.0,0.0,0.0,0.0,1581.102886,-35.623506,1021.0,1.0,80.666696,7.0,-0.730098,34.866094,125.517938,34.86609,0.015397,6.4e-05,-0.431513,0.007609,-0.000264,-0.022294,0.0,0.0,0.0,0.0,0.0,0.0,-9999.0,-9999.0,-9999.0,-9999.0,-9999.0,-9999.0,-9999.0,-9999.0,-9999.0,-9999.0,-9999.0,-9999.0,-9999.0,-9999.0,161.0,lane7,spur3,stable_reference,6.040077721230409,-0.7893298188314204,-0.2647852984803927,-2.244952042693751,-0.2647852984803927,13.0166665,466.5093198219263,1.2464913922460168,350.9259683761546,1.314650066910262,1.3146390745934067,0.22316307689924741,-0.10245185789975153,1.5794342399014831,-0.26478417299122103
P23_AV1_1_interaction,P23,AV1,1,on_ramp,P23_AV1_1,P23_AV1.1.asc,AV1,60,initiator_active,3844,1,64066.67,64066.6675,1.0,21.94,78.984,161.0,32.696657,-1465.932601,0.0,0.0,0.0,21.94,0.0,0.0,1465.889611,-34.61078,6.285113,1.0,0.0,0.0,0.0,0.0,1581.683935,-35.630605,1021.0,1.0,81.247774,7.0,-0.734263,34.858913,125.492087,34.85891,0.013858,5.9e-05,-0.430616,0.012305,-0.000302,-0.021352,0.0,0.0,0.0,0.0,0.0,0.0,-9999.0,-9999.0,-9999.0,-9999.0,-9999.0,-9999.0,-9999.0,-9999.0,-9999.0,-9999.0,-9999.0,-9999.0,-9999.0,-9999.0,161.0,lane7,spur3,stable_reference,6.050928186439759,-0.7801822675467087,-0.2621545375950339,-2.212432980443193,-0.2621545375950339,13.033333500000001,467.0904074189315,1.2441374999639807,351.29161637781255,1.3183470874197885,1.3183452198352317,0.22168727662364063,-0.07748353671440977,1.5805005104111178,-0.2621534229913294
P23_AV1_1_interaction,P23,AV1,1,on_ramp,P23_AV1_1,P23_AV1.1.asc,AV1,60,initiator_active,3845,1,64083.33,64083.3335,1.0,21.94,78.984,161.0,33.062317,-1466.298148,0.0,0.0,0.0,21.94,0.0,0.0,1466.255277,-34.610089,6.285065,1.0,0.0,0.0,0.0,0.0,1582.264865,-35.637705,1021.0,1.0,81.828732,7.0,-0.738429,34.851739,125.466262,34.851737,0.012002,5.4e-05,-0.430349,0.013498,-0.000296,-0.019468,0.0,0.0,0.0,0.0,0.0,0.0,-9999.0,-9999.0,-9999.0,-9999.0,-9999.0,-9999.0,-9999.0,-9999.0,-9999.0,-9999.0,-9999.0,-9999.0,-9999.0,-9999.0,161.0,lane7,spur3,stable_reference,6.061758659339831,-0.7710547109380118,-0.2595437831370295,-2.17993384236934,-0.2595437831370295,13.049999499999998,467.6713760280704,1.2417816359562008,351.65726454279115,1.3220241085961604,1.3220285779390428,0.22058029604519191,-0.05319302215983157,1.581566788229642,-0.25954267963348165
P23_AV1_1_interaction,P23,AV1,1,on_ramp,P23_AV1_1,P23_AV1.1.asc,AV1,60,initiator_active,3846,1,64100.0,64100.0,1.0,21.94,78.984,161.0,33.427977,-1466.663696,0.0,0.0,0.0,21.94,0.0,0.0,1466.620943,-34.60941,6.285035,1.0,0.0,0.0,0.0,0.0,1582.845675,-35.644804,1021.0,1.0,82.40957,7.0,-0.742595,34.844569,125.440448,34.844567,0.00983,4.9e-05,-0.430196,0.012387,-0.000262,-0.016328,0.0,0.0,0.0,0.0,0.0,0.0,-9999.0,-9999.0,-9999.0,-9999.0,-9999.0,-9999.0,-9999.0,-9999.0,-9999.0,-9999.0,-9999.0,-9999.0,-9999.0,-9999.0,161.0,lane7,spur3,stable_reference,6.072577136854355,-0.7619391511349027,-0.2569450285136358,-2.1474466588014685,-0.2569450285136358,13.066665999999998,468.2522246330443,1.2394257919899283,352.02291280576225,1.3256891301726534,1.32569771212312,0.21991423344116612,-0.033579074602720915,1.5826330662318788,-0.2569439360592254
P23_AV1_1_interaction,P23,AV1,1,on_ramp,P23_AV1_1,P23_AV1.1.asc,AV1,60,initiator_active,3847,1,64116.67,64116.6675,1.0,21.94,78.984,161.0,33.793637,-1467.029244,0.0,0.0,0.0,21.94,0.0,0.0,1466.986609,-34.608739,6.285019,1.0,0.0,0.0,0.0,0.0,1583.426365,-35.651902,1021.0,1.0,82.990289,7.0,-0.746761,34.8374,125.414641,34.837399,0.007406,4.5e-05,-0.430082,0.013218,-0.000213,-0.013659,0.0,0.002198,0.0,0.0,0.0,0.0,-9999.0,-9999.0,-9999.0,-9999.0,-9999.0,-9999.0,-9999.0,-9999.0,-9999.0,-9999.0,-9999.0,-9999.0,-9999.0,-9999.0,161.0,lane7,spur3,stable_reference,6.083387617445164,-0.7528315892021944,-0.2543508354033196,-2.1149577982514174,-0.2543508354033196,13.0833335,468.8329532338534,1.2370699680651787,352.3885611340619,1.3293461520158814,1.3293591985245186,0.21946098394293045,-0.030674021777584493,1.5836959332426337,-0.25434978122675234
P23_AV1_1_interaction,P23,AV1,1,on_ramp,P23_AV1_1,P23_AV1.1.asc,AV1,60,initiator_active,3848,1,64133.33,64133.3334,1.0,21.94,78.984,161.0,34.159297,-1467.394792,0.0,0.0,0.0,21.94,0.0,0.0,1467.352275,-34.608071,6.28501,1.0,0.0,0.0,0.0,0.0,1584.006935,-35.658998,1021.0,1.0,83.570888,7.0,-0.750925,34.829967,125.38788,34.829966,0.004809,4.3e-05,-0.45068,0.015116,-0.000179,-0.011304,0.0,0.0,0.0,0.0,0.0,0.0,-9999.0,-9999.0,-9999.0,-9999.0,-9999.0,-9999.0,-9999.0,-9999.0,-9999.0,-9999.0,-9999.0,-9999.0,-9999.0,-9999.0,161.0,lane7,spur3,stable_reference,6.094195099189586,-0.7437270264708932,-0.2517495616703852,-2.0824681923847,-0.2517495616703852,13.0999994,469.41356182233153,1.2347151641486076,352.7542094868595,1.3330001739591362,1.333013093580342,0.21889177514042757,-0.04199070248353198,1.584748692234133,-0.2517485182749968
P23_AV1_1_interaction,P23,AV1,1,on_ramp,P23_AV1_1,P23_AV1.1.asc,AV1,60,initiator_active,3849,1,64150.0,64150.0012,1.0,21.94,78.984,161.0,34.524958,-1467.760341,0.0,0.0,0.0,21.94,0.0,0.0,1467.717941,-34.607405,6.285006,1.0,0.0,0.0,0.0,0.0,1584.587383,-35.66609,1021.0,1.0,84.151364,7.0,-0.755086,34.822711,125.361761,34.822711,0.002129,4e-05,-0.43086,0.019328,-0.000143,-0.009734,0.0,0.0,0.0,0.0,0.0,0.0,-9999.0,-9999.0,-9999.0,-9999.0,-9999.0,-9999.0,-9999.0,-9999.0,-9999.0,-9999.0,-9999.0,-9999.0,-9999.0,-9999.0,161.0,lane7,spur3,stable_reference,6.105000581703096,-0.7346244632071783,-0.2491502879094851,-2.049980578929248,-0.2491502879094851,13.116667199999997,469.9940483822132,1.2323633638414364,353.1198578559894,1.3366521959690831,1.336655669951789,0.21806124868276555,-0.05812815294236806,1.585801451256069,-0.24914925528698584
P23_AV1_1_interaction,P23,AV1,1,on_ramp,P23_AV1_1,P23_AV1.1.asc,AV1,60,initiator_active,3850,1,64166.67,64166.6676,1.0,21.94,78.984,161.0,34.890618,-1468.12589,0.0,0.0,0.0,21.94,0.0,0.0,1468.083608,-34.606748,6.284958,1.0,0.0,0.0,0.0,0.0,1585.16771,-35.673178,1021.0,1.0,84.731719,7.0,-0.759242,34.815541,125.335947,34.815541,-0.000554,3.8e-05,-0.430016,0.026288,-9.4e-05,-0.009263,0.0,0.0,0.0,0.0,0.0,0.0,-9999.0,-9999.0,-9999.0,-9999.0,-9999.0,-9999.0,-9999.0,-9999.0,-9999.0,-9999.0,-9999.0,-9999.0,-9999.0,-9999.0,161.0,lane7,spur3,stable_reference,6.115797095406915,-0.7255308744754227,-0.2465600087357921,-2.017501844293908,-0.2465600087357921,13.133333599999998,470.5744139134651,1.2300145753097094,353.48550729857993,1.3402952264451486,1.3402819921958504,0.21695414290351067,-0.07325499921765122,1.5868542132940522,-0.24655898684890354
P23_AV1_1_interaction,P23,AV1,1,on_ramp,P23_AV1_1,P23_AV1.1.asc,AV1,60,initiator_active,3851,1,64183.33,64183.3342,1.0,21.94,78.984,161.0,35.256279,-1468.491439,0.0,0.0,0.0,21.94,0.0,0.0,1468.449274,-34.606126,6.284864,1.0,0.0,0.0,0.0,0.0,1585.747916,-35.680258,1021.0,1.0,85.311954,7.0,-0.763392,34.808377,125.310157,34.808377,-0.003181,3.7e-05,-0.429772,0.034298,-2e-05,-0.009891,0.0,0.0,0.0,0.0,0.0,0.0,-9999.0,-9999.0,-9999.0,-9999.0,-9999.0,-9999.0,-9999.0,-9999.0,-9999.0,-9999.0,-9999.0,-9999.0,-9999.0,-9999.0,161.0,lane7,spur3,stable_reference,6.126558594840037,-0.7164722994989143,-0.2440122098510288,-1.985151521162956,-0.2440122098510288,13.150000199999996,471.15465838342334,1.2276727984200615,353.85115602701575,1.3439032499221713,1.3438874021457208,0.21561943706279152,-0.08278386670924931,1.587914422443434,-0.2440111725212628
P23_AV1_1_interaction,P23,AV1,1,on_ramp,P23_AV1_1,P23_AV1.1.asc,AV1,60,initiator_active,3852,1,64200.0,64200.0006,1.0,21.94,78.984,161.0,35.62194,-1468.856989,0.0,0.0,0.0,21.94,0.0,0.0,1468.81494,-34.605536,6.284776,1.0,0.0,0.0,0.0,0.0,1586.328004,-35.687329,1021.0,1.0,85.89207,7.0,-0.767534,34.801216,125.284376,34.801215,-0.005727,3.7e-05,-0.429634,0.042715,5.2e-05,-0.010519,0.0,0.0,0.0,0.0,0.0,0.0,-9999.0,-9999.0,-9999.0,-9999.0,-9999.0,-9999.0,-9999.0,-9999.0,-9999.0,-9999.0,-9999.0,-9999.0,-9999.0,-9999.0,161.0,lane7,spur3,stable_reference,6.137288106578334,-0.7074457160040085,-0.2415023830221941,-1.9528332879726964,-0.2415023830221941,13.166666599999997,471.73478478382145,1.2253390576372805,354.2168050167646,1.3474792744661603,1.3474692351738726,0.2141947093549632,-0.08298173765452876,1.5889806308282106,-0.24150135636205028
P23_AV1_1_interaction,P23,AV1,1,on_ramp,P23_AV1_1,P23_AV1.1.asc,AV1,60,initiator_active,3853,1,64216.67,64216.6668,1.0,21.94,78.984,161.0,35.987601,-1469.22254,0.0,0.0,0.0,21.94,0.0,0.0,1469.180606,-34.604973,6.284711,1.0,0.0,0.0,0.0,0.0,1586.907972,-35.694389,1021.0,1.0,86.472066,7.0,-0.771665,34.794056,125.258602,34.794055,-0.008179,3.9e-05,-0.429529,0.05101,0.000104,-0.010833,0.0,0.0,0.0,0.0,0.0,0.0,-9999.0,-9999.0,-9999.0,-9999.0,-9999.0,-9999.0,-9999.0,-9999.0,-9999.0,-9999.0,-9999.0,-9999.0,-9999.0,-9999.0,161.0,lane7,spur3,stable_reference,6.147990628699114,-0.6984461253217066,-0.2390195558212379,-1.920541952938064,-0.2390195558212379,13.183332799999997,472.3147910983943,1.2230153365625849,354.58245422699673,1.351028299910399,1.351027069002249,0.21285343899293707,-0.07068446884810164,1.5900468396263359,-0.23901853971593678
P23_AV1_1_interaction,P23,AV1,1,on_ramp,P23_AV1_1,P23_AV1.1.asc,AV1,60,initiator_active,3854,1,64233.33,64233.3334,1.0,21.94,78.984,161.0,36.353262,-1469.588091,0.0,0.0,0.0,21.94,0.0,0.0,1469.546272,-34.604427,6.284667,1.0,0.0,0.0,0.0,0.0,1587.487821,-35.701435,1021.0,1.0,87.051943,7.0,-0.775782,34.786898,125.232833,34.786897,-0.01054,4.1e-05,-0.429433,0.058261,0.000127,-0.010676,0.0,0.0,0.0,0.0,0.0,0.0,-9999.0,-9999.0,-9999.0,-9999.0,-9999.0,-9999.0,-9999.0,-9999.0,-9999.0,-9999.0,-9999.0,-9999.0,-9999.0,-9999.0,161.0,lane7,spur3,stable_reference,6.158676157357024,-0.689463530114002,-0.2365537283859722,-1.8883230370136088,-0.2365537283859722,13.199999400000001,472.8946783026103,1.2207046432620023,354.9481035760517,1.3545603259214656,1.3545642357870764,0.21183860592704207,-0.0482043178658671,1.5911130486847114,-0.2365527227632458
P23_AV1_1_interaction,P23,AV1,1,on_ramp,P23_AV1_1,P23_AV1.1.asc,AV1,60,initiator_active,3855,1,64250.0,64250.0007,1.0,21.94,78.984,161.0,36.718923,-1469.953643,0.0,0.0,0.0,21.94,0.0,0.0,1469.911939,-34.603893,6.28464,1.0,0.0,0.0,0.0,0.0,1588.067551,-35.708464,1021.0,1.0,87.631701,7.0,-0.779884,34.779742,125.20707,34.779739,-0.012814,4.3e-05,-0.42934,0.065242,0.000127,-0.010362,0.0,0.0,0.0,0.0,0.0,0.0,-9999.0,-9999.0,-9999.0,-9999.0,-9999.0,-9999.0,-9999.0,-9999.0,-9999.0,-9999.0,-9999.0,-9999.0,-9999.0,-9999.0,161.0,lane7,spur3,stable_reference,6.169349718358884,-0.6804929086396317,-0.2340999564034961,-1.8562635653590476,-0.2340999564034961,13.216666699999994,473.4744463719715,1.2184099776354922,355.3137540230658,1.358080360498688,1.3580884753591982,0.21124661884227436,-0.030209412832718385,1.5921793215782767,-0.23409896107958872
P23_AV1_1_interaction,P23,AV1,1,on_ramp,P23_AV1_1,P23_AV1.1.asc,AV1,60,initiator_active,3856,1,64266.67,64266.6668,1.0,21.94,78.984,161.0,37.084585,-1470.319196,0.0,0.0,0.0,21.94,0.0,0.0,1470.277605,-34.603365,6.284625,1.0,0.0,0.0,0.0,0.0,1588.647162,-35.715476,1021.0,1.0,88.21134,7.0,-0.783969,34.772587,125.181312,34.772583,-0.014994,4.5e-05,-0.429248,0.071962,0.000107,-0.010362,0.0,0.0,0.0,0.0,0.0,0.0,-9999.0,-9999.0,-9999.0,-9999.0,-9999.0,-9999.0,-9999.0,-9999.0,-9999.0,-9999.0,-9999.0,-9999.0,-9999.0,-9999.0,161.0,lane7,spur3,stable_reference,6.180017253938459,-0.6715283086403221,-0.2316521996990859,-1.824210157580772,-0.2316521996990859,13.233332799999996,474.0540953064775,1.2161313396830573,355.67940351910937,1.3615943871099239,1.361605804310904,0.21083161074547263,-0.02826319923701437,1.5932456018922407,-0.23165121478231687
P23_AV1_1_interaction,P23,AV1,1,on_ramp,P23_AV1_1,P23_AV1.1.asc,AV1,60,initiator_active,3857,1,64283.33,64283.3339,1.0,21.94,78.984,161.0,37.450247,-1470.684748,0.0,0.0,0.0,21.94,0.0,0.0,1470.643271,-34.602841,6.284617,1.0,0.0,0.0,0.0,0.0,1589.226654,-35.722467,1021.0,1.0,88.79086,7.0,-0.788033,34.765433,125.155559,34.765429,-0.017078,4.6e-05,-0.429157,0.078409,7.8e-05,-0.010362,0.0,0.0,0.0,0.0,0.0,0.0,-9999.0,-9999.0,-9999.0,-9999.0,-9999.0,-9999.0,-9999.0,-9999.0,-9999.0,-9999.0,-9999.0,-9999.0,-9999.0,-9999.0,161.0,lane7,spur3,stable_reference,6.190680791056172,-0.6625677075762242,-0.229208442939551,-1.792160734907317,-0.229208442939551,13.249999899999995,474.6336250734646,1.213872729271335,356.04505304781713,1.365104413854526,1.3651161671758827,0.2103045092455318,-0.03903538776715543,1.594311882267441,-0.22920746841291484
P23_AV1_1_interaction,P23,AV1,1,on_ramp,P23_AV1_1,P23_AV1.1.asc,AV1,60,initiator_active,3858,1,64300.0,64300.0006,1.0,21.94,78.984,161.0,37.815908,-1471.050301,0.0,0.0,0.0,21.94,0.0,0.0,1471.008937,-34.602319,6.284614,1.0,0.0,0.0,0.0,0.0,1589.806027,-35.729436,1021.0,1.0,89.370261,7.0,-0.792076,34.758281,125.129811,34.758276,-0.019062,4.7e-05,-0.429065,0.084574,4.6e-05,-0.010362,0.0,0.0,0.0,0.0,0.0,0.0,-9999.0,-9999.0,-9999.0,-9999.0,-9999.0,-9999.0,-9999.0,-9999.0,-9999.0,-9999.0,-9999.0,-9999.0,-9999.0,-9999.0,161.0,lane7,spur3,stable_reference,6.201342328942966,-0.6536091059797198,-0.2267709985634806,-1.760259936599036,-0.2267709985634806,13.266666599999997,475.2130356647665,1.2116351463669786,356.4107025928572,1.3686124406658136,1.3686160530106193,0.20953041886474466,-0.05456688404347876,1.595382425419194,-0.2267699847533804
P23_AV1_1_interaction,P23,AV1,1,on_ramp,P23_AV1_1,P23_AV1.1.asc,AV1,60,initiator_active,3859,1,64316.67,64316.6674,1.0,21.94,78.984,161.0,38.18157,-1471.415854,0.0,0.0,0.0,21.94,0.0,0.0,1471.374604,-34.601805,6.284569,1.0,0.0,0.0,0.0,0.0,1590.385281,-35.736381,1021.0,1.0,89.949543,7.0,-0.796096,34.75113,125.104068,34.751124,-0.020943,4.8e-05,-0.428974,0.090446,1.7e-05,-0.010205,0.0,0.0,0.0,0.0,0.0,0.0,-9999.0,-9999.0,-9999.0,-9999.0,-9999.0,-9999.0,-9999.0,-9999.0,-9999.0,-9999.0,-9999.0,-9999.0,-9999.0,-9999.0,161.0,lane7,spur3,stable_reference,6.211995897635563,-0.6446584791813504,-0.2243643444659601,-1.7284880746401243,-0.2243643444659601,13.283333399999997,475.79232706405105,1.209420590903297,356.7763532031921,1.3721124759098906,1.3721005493006486,0.2084856023919528,-0.06867457742225103,1.596475817325019,-0.22436334141512848
P23_AV1_1_interaction,P23,AV1,1,on_ramp,P23_AV1_1,P23_AV1.1.asc,AV1,60,initiator_active,3860,1,64333.33,64333.334,1.0,21.94,78.984,161.0,38.547232,-1471.781407,0.0,0.0,0.0,21.94,0.0,0.0,1471.74027,-34.601323,6.284482,1.0,0.0,0.0,0.0,0.0,1590.964416,-35.7433,1021.0,1.0,90.528705,7.0,-0.800091,34.743981,125.07833,34.743973,-0.022721,4.8e-05,-0.428883,0.096021,-5e-06,-0.010362,0.0,0.0,0.0,0.0,0.0,0.0,-9999.0,-9999.0,-9999.0,-9999.0,-9999.0,-9999.0,-9999.0,-9999.0,-9999.0,-9999.0,-9999.0,-9999.0,-9999.0,-9999.0,161.0,lane7,spur3,stable_reference,6.222617450903818,-0.635739866936853,-0.2219896951157108,-1.696748181025526,-0.2219896951157108,13.3,476.37149925498625,1.2072310628136145,357.1420030748737,1.3755805040548852,1.3755655872223915,0.20724126410011934,-0.07725275102759088,1.5975692067359528,-0.22198870268106763
P23_AV1_1_interaction,P23,AV1,1,on_ramp,P23_AV1_1,P23_AV1.1.asc,AV1,60,initiator_active,3861,1,64350.0,64350.0007,1.0,21.94,78.984,161.0,38.912894,-1472.146961,0.0,0.0,0.0,21.94,0.0,0.0,1472.105937,-34.600871,6.2844,1.0,0.0,0.0,0.0,0.0,1591.543432,-35.750192,1021.0,1.0,91.107749,7.0,-0.804058,34.736833,125.052597,34.736824,-0.024395,4.8e-05,-0.428792,0.101291,-2.1e-05,-0.010205,0.0,0.0,0.0,0.0,0.0,0.0,-9999.0,-9999.0,-9999.0,-9999.0,-9999.0,-9999.0,-9999.0,-9999.0,-9999.0,-9999.0,-9999.0,-9999.0,-9999.0,-9999.0,161.0,lane7,spur3,stable_reference,6.233209043437698,-0.626851223634085,-0.2196450401876917,-1.6650380921028056,-0.2196450401876917,13.316666699999994,476.95055222940607,1.2050675620645785,357.50765419150326,1.3790185413662086,1.3790085843969073,0.20591051274769256,-0.07725163223497944,1.5986625996013506,-0.219644058235142
P23_AV1_1_interaction,P23,AV1,1,on_ramp,P23_AV1_1,P23_AV1.1.asc,AV1,60,initiator_active,3862,1,64366.67,64366.6674,1.0,21.94,78.984,161.0,39.278556,-1472.512516,0.0,0.0,0.0,21.94,0.0,0.0,1472.471603,-34.600445,6.284339,1.0,0.0,0.0,0.0,0.0,1592.12233,-35.757055,1021.0,1.0,91.686674,7.0,-0.807998,34.729686,125.026869,34.729676,-0.025964,4.7e-05,-0.428701,0.106256,-2.9e-05,-0.010205,0.0,0.0,0.0,0.0,0.0,0.0,-9999.0,-9999.0,-9999.0,-9999.0,-9999.0,-9999.0,-9999.0,-9999.0,-9999.0,-9999.0,-9999.0,-9999.0,-9999.0,-9999.0,161.0,lane7,spur3,stable_reference,6.2437746182400105,-0.6179885964823905,-0.2173263256408522,-1.6336950135345725,-0.2173263256408522,13.333333399999995,477.52948697094513,1.2029320967555501,357.8733045204832,1.3824305713783929,1.3824292847080146,0.20466620454217832,-0.07018974441622383,1.599755925681528,-0.21732535430313504
P23_AV1_1_interaction,P23,AV1,1,on_ramp,P23_AV1_1,P23_AV1.1.asc,AV1,60,initiator_active,3863,1,64383.33,64383.334,1.0,21.94,78.984,161.0,39.644219,-1472.878071,0.0,0.0,0.0,21.94,0.0,0.0,1472.837269,-34.600035,6.284298,1.0,0.0,0.0,0.0,0.0,1592.701108,-35.763887,1021.0,1.0,92.26548,7.0,-0.811907,34.722541,125.001146,34.72253,-0.02743,4.7e-05,-0.42861,0.110913,-3e-05,-0.010205,0.0,0.0,0.0,0.0,0.0,0.0,-9999.0,-9999.0,-9999.0,-9999.0,-9999.0,-9999.0,-9999.0,-9999.0,-9999.0,-9999.0,-9999.0,-9999.0,-9999.0,-9999.0,161.0,lane7,spur3,stable_reference,6.254324199194927,-0.609141965071478,-0.2150235353724351,-1.6024418762178625,-0.2150235353724351,13.35,478.108301463338,1.2008266504877663,358.23895498012007,1.3858266019240666,1.3858307845078546,0.20357085604642577,-0.04519372961352719,1.600849176251082,-0.21502257432701533
P23_AV1_1_interaction,P23,AV1,1,on_ramp,P23_AV1_1,P23_AV1.1.asc,AV1,60,initiator_active,3864,1,64400.03,64400.0255,1.0,21.94,78.984,161.0,40.009881,-1473.243627,0.0,0.0,0.0,21.94,0.0,0.0,1473.202936,-34.599635,6.284273,1.0,0.0,0.0,0.0,0.0,1593.279769,-35.770688,1021.0,1.0,92.844167,7.0,-0.815785,34.715397,124.975428,34.715385,-0.028793,4.6e-05,-0.428519,0.115265,-2.6e-05,-0.010205,0.0,0.0,0.0,0.0,0.0,0.0,-9999.0,-9999.0,-9999.0,-9999.0,-9999.0,-9999.0,-9999.0,-9999.0,-9999.0,-9999.0,-9999.0,-9999.0,-9999.0,-9999.0,161.0,lane7,spur3,stable_reference,6.264863811724707,-0.6003053079263204,-0.2127307397937486,-1.5711986189096878,-0.2127307397937486,13.3666915,478.6869987064847,1.1987512477593412,358.60460652138363,1.389212640969204,1.3892199957683298,0.20315965062065544,-0.019426203466401226,1.6019424299651583,-0.2127297889959543
P23_AV1_1_interaction,P23,AV1,1,on_ramp,P23_AV1_1,P23_AV1.1.asc,AV1,60,initiator_active,3865,1,64416.67,64416.6673,1.0,21.94,78.984,161.0,40.375544,-1473.609183,0.0,0.0,0.0,21.94,0.0,0.0,1473.568602,-34.599241,6.284259,1.0,0.0,0.0,0.0,0.0,1593.85831,-35.777455,1021.0,1.0,93.422735,7.0,-0.819631,34.708254,124.949715,34.708241,-0.030055,4.6e-05,-0.428428,0.119314,-1.8e-05,-0.010205,0.0,0.002198,0.0,0.0,0.0,0.0,-9999.0,-9999.0,-9999.0,-9999.0,-9999.0,-9999.0,-9999.0,-9999.0,-9999.0,-9999.0,-9999.0,-9999.0,-9999.0,-9999.0,161.0,lane7,spur3,stable_reference,6.275397398832213,-0.591474672256211,-0.2104439493109768,-1.5400026489568055,-0.2104439493109768,13.383333299999999,479.26557567598707,1.1967088639721262,358.9702571116772,1.3925926720483583,1.3926027552198383,0.20292279953348213,-0.025507816846968012,1.6030356807823267,-0.21044300873396837
P23_AV1_1_interaction,P23,AV1,1,on_ramp,P23_AV1_1,P23_AV1.1.asc,AV1,60,initiator_active,3866,1,64433.33,64433.3343,1.0,21.94,78.984,161.0,40.741206,-1473.97474,0.0,0.0,0.0,21.94,0.0,0.0,1473.934269,-34.598851,6.284251,1.0,0.0,0.0,0.0,0.0,1594.436732,-35.784188,1021.0,1.0,94.001184,7.0,-0.823443,34.700846,124.923045,34.700832,-0.031218,4.6e-05,-0.449046,0.123059,-3.3e-05,-0.010205,0.0,0.002198,0.0,0.0,0.0,0.0,-9999.0,-9999.0,-9999.0,-9999.0,-9999.0,-9999.0,-9999.0,-9999.0,-9999.0,-9999.0,-9999.0,-9999.0,-9999.0,-9999.0,161.0,lane7,spur3,stable_reference,6.285927015207365,-0.5826480124490513,-0.2081612602691067,-1.5092001290410626,-0.2081612602691067,13.4000003,479.8440333718115,1.1946995072921676,359.33590873460145,1.3959687114269212,1.3959790932595744,0.2023094471345388,-0.03815751716422078,1.6041290410832532,-0.2081603296563319
P23_AV1_1_interaction,P23,AV1,1,on_ramp,P23_AV1_1,P23_AV1.1.asc,AV1,60,initiator_active,3867,1,64450.0,64450.0009,1.0,21.94,78.984,161.0,41.106869,-1474.340296,0.0,0.0,0.0,21.94,0.0,0.0,1474.299935,-34.598462,6.284248,1.0,0.0,0.0,0.0,0.0,1595.015032,-35.790886,1021.0,1.0,94.57951,7.0,-0.82722,34.693349,124.896057,34.693334,-0.032284,4.5e-05,-0.449921,0.126516,-7.4e-05,-0.010205,0.0,0.0,0.0,0.0,0.0,0.0,-9999.0,-9999.0,-9999.0,-9999.0,-9999.0,-9999.0,-9999.0,-9999.0,-9999.0,-9999.0,-9999.0,-9999.0,-9999.0,-9999.0,161.0,lane7,spur3,stable_reference,6.296455604237546,-0.5738223754479425,-0.2058796096731048,-1.478398688834064,-0.2058796096731048,13.416666899999997,480.42236878589256,1.1927241531879895,359.70155936572496,1.399343742672793,1.3993464576202665,0.2016508732050113,-0.04682847647368771,1.605222431933547,-0.20587868926075403
P23_AV1_1_interaction,P23,AV1,1,on_ramp,P23_AV1_1,P23_AV1.1.asc,AV1,60,initiator_active,3868,1,64466.67,64466.6667,1.0,21.94,78.984,161.0,41.472532,-1474.705853,0.0,0.0,0.0,21.94,0.0,0.0,1474.665602,-34.598081,6.284209,1.0,0.0,0.0,0.0,0.0,1595.593208,-35.797547,1021.0,1.0,95.157712,7.0,-0.830961,34.686114,124.870011,34.686098,-0.033256,4.3e-05,-0.42934,0.129692,-0.000105,-0.010205,0.0,0.0,0.0,0.0,0.0,0.0,-9999.0,-9999.0,-9999.0,-9999.0,-9999.0,-9999.0,-9999.0,-9999.0,-9999.0,-9999.0,-9999.0,-9999.0,-9999.0,-9999.0,161.0,lane7,spur3,stable_reference,6.306976224073529,-0.5650047132449829,-0.2036059537940313,-1.4476051377339392,-0.2036059537940313,13.4333327,481.0005799019644,1.1907847852608195,360.0672110621436,1.4027107823514413,1.4027006014524523,0.2007485533272586,-0.05952413721144989,1.606315825897805,-0.20360504354636366
P23_AV1_1_interaction,P23,AV1,1,on_ramp,P23_AV1_1,P23_AV1.1.asc,AV1,60,initiator_active,3869,1,64483.33,64483.3334,1.0,21.94,78.984,161.0,41.838195,-1475.07141,0.0,0.0,0.0,21.94,0.0,0.0,1475.031268,-34.597727,6.284134,1.0,0.0,0.0,0.0,0.0,1596.171263,-35.80417,1021.0,1.0,95.735793,7.0,-0.834665,34.678968,124.844287,34.678952,-0.034138,4.1e-05,-0.428352,0.132588,-9.3e-05,-0.010205,0.0,0.0,0.0,0.0,0.0,0.0,-9999.0,-9999.0,-9999.0,-9999.0,-9999.0,-9999.0,-9999.0,-9999.0,-9999.0,-9999.0,-9999.0,-9999.0,-9999.0,-9999.0,161.0,lane7,spur3,stable_reference,6.317469826562498,-0.5562140669268804,-0.2013610220778848,-1.417061741077321,-0.2013610220778848,13.449999400000001,481.578669711761,1.188882427975449,360.4328619790786,1.406050814764303,1.4060379078550473,0.19966677521331633,-0.06670499628568383,1.6074108915600729,-0.20136007679576995
P23_AV1_1_interaction,P23,AV1,1,on_ramp,P23_AV1_1,P23_AV1.1.asc,AV1,60,initiator_active,3870,1,64500.0,64500.0005,1.0,21.94,78.984,161.0,42.203858,-1475.436967,0.0,0.0,0.0,21.94,0.0,0.0,1475.396935,-34.5974,6.284064,1.0,0.0,0.0,0.0,0.0,1596.749199,-35.810756,1021.0,1.0,96.313756,7.0,-0.838332,34.67183,124.81859,34.671813,-0.034933,4e-05,-0.428061,0.135217,-3.6e-05,-0.010205,0.0,0.0,0.0,0.0,0.0,0.0,-9999.0,-9999.0,-9999.0,-9999.0,-9999.0,-9999.0,-9999.0,-9999.0,-9999.0,-9999.0,-9999.0,-9999.0,-9999.0,-9999.0,161.0,lane7,spur3,stable_reference,6.3279364671634655,-0.5474503903491178,-0.1991684026563586,-1.386925908301302,-0.1991684026563586,13.466666499999999,482.156640223382,1.187016097697303,360.79851411646354,1.4093638562434576,1.4093562533470858,0.19852502088330226,-0.06643200134231719,1.608531323910875,-0.19916746766741733
P23_AV1_1_interaction,P23,AV1,1,on_ramp,P23_AV1_1,P23_AV1.1.asc,AV1,60,initiator_active,3871,1,64516.67,64516.6673,1.0,21.94,78.984,161.0,42.569521,-1475.802526,0.0,0.0,0.0,21.94,0.0,0.0,1475.762601,-34.597093,6.284011,1.0,0.0,0.0,0.0,0.0,1597.327017,-35.817302,1021.0,1.0,96.891599,7.0,-0.84196,34.664696,124.792904,34.664677,-0.035643,4e-05,-0.427906,0.137589,3.3e-05,-0.010205,0.0,0.0,0.0,0.0,0.0,0.0,-9999.0,-9999.0,-9999.0,-9999.0,-9999.0,-9999.0,-9999.0,-9999.0,-9999.0,-9999.0,-9999.0,-9999.0,-9999.0,-9999.0,161.0,lane7,spur3,stable_reference,6.338383087725659,-0.5387067315196181,-0.1969957880765074,-1.3568100904781129,-0.1969957880765074,13.483333299999998,482.7344924122956,1.1851888024923936,361.1641654172026,1.4126568902234231,1.412655521390985,0.19745233628089665,-0.056315274430351,1.6096517535102504,-0.19699486328682725
P23_AV1_1_interaction,P23,AV1,1,on_ramp,P23_AV1_1,P23_AV1.1.asc,AV1,60,initiator_active,3872,1,64533.33,64533.3342,1.0,21.94,78.984,161.0,42.935185,-1476.168085,0.0,0.0,0.0,21.94,0.0,0.0,1476.128268,-34.596801,6.283976,1.0,0.0,0.0,0.0,0.0,1597.904716,-35.823809,1021.0,1.0,97.469324,7.0,-0.845549,34.657563,124.767226,34.657544,-0.036273,4.2e-05,-0.427795,0.139713,9.3e-05,-0.010205,0.0,0.0,0.0,0.0,0.0,0.0,-9999.0,-9999.0,-9999.0,-9999.0,-9999.0,-9999.0,-9999.0,-9999.0,-9999.0,-9999.0,-9999.0,-9999.0,-9999.0,-9999.0,161.0,lane7,spur3,stable_reference,6.348814741785423,-0.5299780456248547,-0.1948381681994447,-1.326709141205938,-0.1948381681994447,13.500000199999995,483.3122252867012,1.183399534228024,361.529817840399,1.415934932869575,1.4159380701885387,0.1966478260290856,-0.03856845590082614,1.6107721864082087,-0.1948372535386338
P23_AV1_1_interaction,P23,AV1,1,on_ramp,P23_AV1_1,P23_AV1.1.asc,AV1,60,initiator_active,3873,1,64550.0,64550.0001,1.0,21.94,78.984,161.0,43.300848,-1476.533644,0.0,0.0,0.0,21.94,0.0,0.0,1476.493934,-34.596518,6.283955,1.0,0.0,0.0,0.0,0.0,1598.482297,-35.830275,1021.0,1.0,98.04693,7.0,-0.849099,34.650432,124.741554,34.650412,-0.036827,4.4e-05,-0.427698,0.1416,0.000138,-0.010205,0.0,0.0,0.0,0.0,0.0,0.0,-9999.0,-9999.0,-9999.0,-9999.0,-9999.0,-9999.0,-9999.0,-9999.0,-9999.0,-9999.0,-9999.0,-9999.0,-9999.0,-9999.0,161.0,lane7,spur3,stable_reference,6.359237371576493,-0.5212583804065537,-0.1926994711749079,-1.297041222569358,-0.1926994711749079,13.516666099999995,483.88983983023365,1.181650301003547,361.8954693371233,1.4192039676497632,1.4192103446511175,0.19616672225166099,-0.024491856995865646,1.6119024897935255,-0.19269852214376226
P23_AV1_1_interaction,P23,AV1,1,on_ramp,P23_AV1_1,P23_AV1.1.asc,AV1,60,initiator_active,3874,1,64566.67,64566.6674,1.0,21.94,78.984,161.0,43.666512,-1476.899203,0.0,0.0,0.0,21.94,0.0,0.0,1476.859601,-34.59624,6.283943,1.0,0.0,0.0,0.0,0.0,1599.05976,-35.8367,1021.0,1.0,98.624418,7.0,-0.852608,34.643302,124.715887,34.643282,-0.037308,4.6e-05,-0.427605,0.143261,0.000167,-0.010205,0.0,0.0,0.0,0.0,0.0,0.0,-9999.0,-9999.0,-9999.0,-9999.0,-9999.0,-9999.0,-9999.0,-9999.0,-9999.0,-9999.0,-9999.0,-9999.0,-9999.0,-9999.0,161.0,lane7,spur3,stable_reference,6.369655031019774,-0.5125436907849928,-0.1905830242831377,-1.26761302579235,-0.1905830242831377,13.533333399999997,484.4673360428928,1.1799411028189706,362.26112187464435,1.4224680107627126,1.4224769342741004,0.19583144631393878,-0.022262458546705943,1.6130500964380554,-0.19058208567534285
P23_AV1_1_interaction,P23,AV1,1,on_ramp,P23_AV1_1,P23_AV1.1.asc,AV1,60,initiator_active,3875,1,64583.33,64583.3334,1.0,21.94,78.984,161.0,44.032175,-1477.264763,0.0,0.0,0.0,21.94,0.0,0.0,1477.225267,-34.595965,6.283936,1.0,0.0,0.0,0.0,0.0,1599.637104,-35.843084,1021.0,1.0,99.201786,7.0,-0.856077,34.636174,124.690225,34.636153,-0.03772,4.9e-05,-0.427513,0.144707,0.000181,-0.010205,0.0,0.0,0.0,0.0,0.0,0.0,-9999.0,-9999.0,-9999.0,-9999.0,-9999.0,-9999.0,-9999.0,-9999.0,-9999.0,-9999.0,-9999.0,-9999.0,-9999.0,-9999.0,161.0,lane7,spur3,stable_reference,6.380069663887143,-0.5038320234370889,-0.1884695823811106,-1.2381878991874655,-0.1884695823811106,13.5499994,485.0447129247117,1.1782719315082484,362.62677343669674,1.4257290458096463,1.4257380534073762,0.1954246466233016,-0.029972010553996675,1.6141976999915124,-0.1884686541818661
P23_AV1_1_interaction,P23,AV1,1,on_ramp,P23_AV1_1,P23_AV1.1.asc,AV1,60,initiator_active,3876,1,64600.0,64600.0007,1.0,21.94,78.984,161.0,44.397839,-1477.630323,0.0,0.0,0.0,21.94,0.0,0.0,1477.590934,-34.595692,6.283933,1.0,0.0,0.0,0.0,0.0,1600.21433,-35.849427,1021.0,1.0,99.779037,7.0,-0.859504,34.629047,124.664569,34.629026,-0.038067,5.2e-05,-0.427422,0.14595,0.000185,-0.010205,0.0,0.0,0.0,0.0,0.0,0.0,-9999.0,-9999.0,-9999.0,-9999.0,-9999.0,-9999.0,-9999.0,-9999.0,-9999.0,-9999.0,-9999.0,-9999.0,-9999.0,-9999.0,161.0,lane7,spur3,stable_reference,6.390482325253098,-0.495122332484518,-0.1863581354261497,-1.2087646864968142,-0.1863581354261497,13.566666699999994,485.6219714756576,1.1766427952374212,362.992426015048,1.4289880890893076,1.428991081996509,0.19483236583003816,-0.041364680964054656,1.6153453067149381,-0.1863572176256305
P23_AV1_1_interaction,P23,AV1,1,on_ramp,P23_AV1_1,P23_AV1.1.asc,AV1,60,initiator_active,3877,1,64616.67,64616.6673,1.0,21.94,78.984,161.0,44.763503,-1477.995883,0.0,0.0,0.0,21.94,0.0,0.0,1477.956601,-34.595424,6.283899,1.0,0.0,0.0,0.0,0.0,1600.791437,-35.855727,1021.0,1.0,100.356169,7.0,-0.86289,34.621922,124.638918,34.6219,-0.038354,5.5e-05,-0.42733,0.147001,0.00018,-0.010205,0.0,0.0,0.0,0.0,0.0,0.0,-9999.0,-9999.0,-9999.0,-9999.0,-9999.0,-9999.0,-9999.0,-9999.0,-9999.0,-9999.0,-9999.0,-9999.0,-9999.0,-9999.0,161.0,lane7,spur3,stable_reference,6.400889988541737,-0.4864176402009602,-0.1842696078843121,-1.180049085587087,-0.1842696078843121,13.583333299999998,486.1991106794313,1.1750556857737593,363.3580786342295,1.4322421325356804,1.4322325764854136,0.1940458086451997,-0.052066169934568585,1.6165107898602222,-0.18426865732454178
P23_AV1_1_interaction,P23,AV1,1,on_ramp,P23_AV1_1,P23_AV1.1.asc,AV1,60,initiator_active,3878,1,64633.33,64633.3336,1.0,21.94,78.984,161.0,45.129166,-1478.361443,0.0,0.0,0.0,21.94,0.0,0.0,1478.322267,-34.595182,6.283833,1.0,0.0,0.0,0.0,0.0,1601.368426,-35.861985,1021.0,1.0,100.933182,7.0,-0.866234,34.614798,124.613272,34.614776,-0.038583,5.8e-05,-0.427239,0.147872,0.000171,-0.010205,0.0,0.0,0.0,0.0,0.0,0.0,-9999.0,-9999.0,-9999.0,-9999.0,-9999.0,-9999.0,-9999.0,-9999.0,-9999.0,-9999.0,-9999.0,-9999.0,-9999.0,-9999.0,161.0,lane7,spur3,stable_reference,6.411271634098822,-0.4777389640684636,-0.1822160668322734,-1.1514220685573269,-0.1822160668322734,13.599999599999995,486.7761315441656,1.1735096113166583,363.7237304657613,1.435470168682921,1.4354591917982793,0.19309685231772988,-0.07283931307632052,1.6176852955486714,-0.18221512686575037
P23_AV1_1_interaction,P23,AV1,1,on_ramp,P23_AV1_1,P23_AV1.1.asc,AV1,60,initiator_active,3879,1,64650.0,64650.0001,1.0,21.94,78.984,161.0,45.49483,-1478.727004,0.0,0.0,0.0,21.94,0.0,0.0,1478.687934,-34.594962,6.283771,1.0,0.0,0.0,0.0,0.0,1601.945297,-35.8682,1021.0,1.0,101.510077,7.0,-0.869536,34.607676,124.587632,34.607654,-0.038759,6.1e-05,-0.427148,0.148574,0.000159,-0.010205,0.0,0.0,0.0,0.0,0.0,0.0,-9999.0,-9999.0,-9999.0,-9999.0,-9999.0,-9999.0,-9999.0,-9999.0,-9999.0,-9999.0,-9999.0,-9999.0,-9999.0,-9999.0,161.0,lane7,spur3,stable_reference,6.421631315845226,-0.4690822590072994,-0.1801845205561671,-1.122816907513484,-0.1801845205561671,13.616666099999994,487.35303406169453,1.1720055718327598,364.0893834769128,1.438676213729743,1.4386690350426177,0.19161786402997905,-0.05985948466788482,1.618859804799174,-0.18018359106943094
P23_AV1_1_interaction,P23,AV1,1,on_ramp,P23_AV1_1,P23_AV1.1.asc,AV1,60,initiator_active,3880,1,64666.75,64666.7485,1.0,21.94,78.984,161.0,45.860494,-1479.092565,0.0,0.0,0.0,21.94,0.0,0.0,1479.0536,-34.594761,6.283724,1.0,0.0,0.0,0.0,0.0,1602.522049,-35.874372,1021.0,1.0,102.086853,7.0,-0.872795,34.600555,124.561997,34.600533,-0.038886,6.3e-05,-0.427057,0.14912,0.000146,-0.010205,0.0,0.0,0.0,0.0,0.0,0.0,-9999.0,-9999.0,-9999.0,-9999.0,-9999.0,-9999.0,-9999.0,-9999.0,-9999.0,-9999.0,-9999.0,-9999.0,-9999.0,-9999.0,161.0,lane7,spur3,stable_reference,6.431971977168325,-0.4604445719606003,-0.1781719790009893,-1.0944001785401951,-0.1781719790009893,13.633414499999999,487.92981723205133,1.1705435591560338,364.4550356432524,1.4418632512440377,1.441861923522051,0.19110139590550546,-0.02203078883457188,1.6200343111400406,-0.1781710598960029
P23_AV1_1_interaction,P23,AV1,1,on_ramp,P23_AV1_1,P23_AV1.1.asc,AV1,60,initiator_active,3881,1,64683.34,64683.3397,1.0,21.94,78.984,161.0,46.226158,-1479.458127,0.0,0.0,0.0,21.94,0.0,0.0,1479.419267,-34.594573,6.283693,1.0,0.0,0.0,0.0,0.0,1603.098684,-35.880502,1021.0,1.0,102.663511,7.0,-0.876012,34.593435,124.536368,34.593413,-0.038967,6.6e-05,-0.426965,0.14952,0.000133,-0.010205,0.0,0.0,0.0,0.0,0.0,0.0,-9999.0,-9999.0,-9999.0,-9999.0,-9999.0,-9999.0,-9999.0,-9999.0,-9999.0,-9999.0,-9999.0,-9999.0,-9999.0,-9999.0,161.0,lane7,spur3,stable_reference,6.4422996712199065,-0.4518198583810316,-0.1761855121252046,-1.066701818460565,-0.1761855121252046,13.650005699999994,488.5064830633356,1.169122589651907,364.8206889157173,1.4450372973578283,1.4450401342643964,0.1908806107058183,-0.03254840820777183,1.621221879582954,-0.17618458222512579
P23_AV1_1_interaction,P23,AV1,1,on_ramp,P23_AV1_1,P23_AV1.1.asc,AV1,60,initiator_active,3882,1,64700.0,64700.0005,1.0,21.94,78.984,161.0,46.591822,-1479.82369,0.0,0.0,0.0,21.94,0.0,0.0,1479.784934,-34.594393,6.283674,1.0,0.0,0.0,0.0,0.0,1603.6752,-35.886588,1021.0,1.0,103.240051,7.0,-0.879187,34.586318,124.510744,34.586296,-0.039007,6.8e-05,-0.426874,0.149786,0.00012,-0.010205,0.0,0.0,0.0,0.0,0.0,0.0,-9999.0,-9999.0,-9999.0,-9999.0,-9999.0,-9999.0,-9999.0,-9999.0,-9999.0,-9999.0,-9999.0,-9999.0,-9999.0,-9999.0,161.0,lane7,spur3,stable_reference,6.4526193683477855,-0.4432031426718689,-0.1742074840194998,-1.0390114357076905,-0.1742074840194998,13.6666665,489.0830295392816,1.1677446469215989,365.18634225351053,1.448203343738359,1.4482089908159343,0.19001641226510912,-0.035535564678117026,1.6224099082977332,-0.17420656455937422
P23_AV1_1_interaction,P23,AV1,1,on_ramp,P23_AV1_1,P23_AV1.1.asc,AV1,60,initiator_active,3883,1,64716.67,64716.6674,1.0,21.94,78.984,161.0,46.957487,-1480.189252,0.0,0.0,0.0,21.94,0.0,0.0,1480.1506,-34.594217,6.283663,1.0,0.0,0.0,0.0,0.0,1604.251598,-35.892631,1021.0,1.0,103.816472,7.0,-0.882319,34.579201,124.485125,34.579179,-0.039008,7e-05,-0.426783,0.149927,0.000109,-0.010205,0.0,0.0,0.0,0.0,0.0,0.0,-9999.0,-9999.0,-9999.0,-9999.0,-9999.0,-9999.0,-9999.0,-9999.0,-9999.0,-9999.0,-9999.0,-9999.0,-9999.0,-9999.0,161.0,lane7,spur3,stable_reference,6.462935039284292,-0.4345904489701732,-0.1722334607825656,-1.011325116853024,-0.1722334607825656,13.683333399999995,489.6594576680224,1.166408739164509,365.5519946240012,1.451365382086213,1.4513729420274841,0.18969649138549727,-0.019912069347577166,1.6235979338274684,-0.1722325517412555
P23_AV1_1_interaction,P23,AV1,1,on_ramp,P23_AV1_1,P23_AV1.1.asc,AV1,60,initiator_active,3884,1,64733.33,64733.3334,1.0,21.94,78.984,161.0,47.323151,-1480.554815,0.0,0.0,0.0,21.94,0.0,0.0,1480.516267,-34.594044,6.283658,1.0,0.0,0.0,0.0,0.0,1604.827878,-35.898631,1021.0,1.0,104.392775,7.0,-0.885409,34.572087,124.459512,34.572065,-0.038975,7.1e-05,-0.426692,0.149956,9.8e-05,-0.010205,0.0,0.0,0.0,0.0,0.0,0.0,-9999.0,-9999.0,-9999.0,-9999.0,-9999.0,-9999.0,-9999.0,-9999.0,-9999.0,-9999.0,-9999.0,-9999.0,-9999.0,-9999.0,161.0,lane7,spur3,stable_reference,6.4732477391039245,-0.4259807313976099,-0.1702733752143648,-0.9840899453802396,-0.1702733752143648,13.699999400000001,490.23576744955767,1.1651148663806274,365.91764801895675,1.454524428700146,1.4545321252418937,0.1893526865394719,-0.025024172555767166,1.62479684261002,-0.17027241390987413
P23_AV1_1_interaction,P23,AV1,1,on_ramp,P23_AV1_1,P23_AV1.1.asc,AV1,60,initiator_active,3885,1,64750.0,64750.0006,1.0,21.94,78.984,161.0,47.688815,-1480.920377,0.0,0.0,0.0,21.94,0.0,0.0,1480.881934,-34.593872,6.283655,1.0,0.0,0.0,0.0,0.0,1605.404039,-35.904587,1021.0,1.0,104.968959,7.0,-0.888456,34.564973,124.433904,34.564951,-0.03891,7.3e-05,-0.426601,0.149881,8.8e-05,-0.010205,0.0,0.0,0.0,0.0,0.0,0.0,-9999.0,-9999.0,-9999.0,-9999.0,-9999.0,-9999.0,-9999.0,-9999.0,-9999.0,-9999.0,-9999.0,-9999.0,-9999.0,-9999.0,161.0,lane7,spur3,stable_reference,6.483559439308097,-0.4173720135588444,-0.1683440329849028,-0.9573612968752574,-0.1683440329849028,13.716666599999996,490.8119578757548,1.1638640203705735,366.28330142207835,1.4576824753474176,1.4576846725042911,0.18886234508834576,-0.03405071086169098,1.6260255579202267,-0.16834308257280917
P23_AV1_1_interaction,P23,AV1,1,on_ramp,P23_AV1_1,P23_AV1.1.asc,AV1,60,initiator_active,3886,1,64766.67,64766.6674,1.0,21.94,78.984,161.0,48.05448,-1481.28594,0.0,0.0,0.0,21.94,0.0,0.0,1481.2476,-34.593705,6.283627,1.0,0.0,0.0,0.0,0.0,1605.980083,-35.910501,1021.0,1.0,105.545025,7.0,-0.89146,34.557862,124.408302,34.55784,-0.038816,7.4e-05,-0.426509,0.149713,7.8e-05,-0.010205,0.0,0.0,0.0,0.0,0.0,0.0,-9999.0,-9999.0,-9999.0,-9999.0,-9999.0,-9999.0,-9999.0,-9999.0,-9999.0,-9999.0,-9999.0,-9999.0,-9999.0,-9999.0,161.0,lane7,spur3,stable_reference,6.493866113705435,-0.4087683174613487,-0.1664196955035601,-0.9306377077928188,-0.1664196955035601,13.733333399999996,491.3880309628791,1.1626542175331165,366.6489538660634,1.4608355139953566,1.460827662880615,0.18821764384849615,-0.0425363125510696,1.627254269950966,-0.1664187559556094
P23_AV1_1_interaction,P23,AV1,1,on_ramp,P23_AV1_1,P23_AV1.1.asc,AV1,60,initiator_active,3887,1,64783.33,64783.334,1.0,21.94,78.984,161.0,48.420144,-1481.651503,0.0,0.0,0.0,21.94,0.0,0.0,1481.613267,-34.593559,6.283573,1.0,0.0,0.0,0.0,0.0,1606.556008,-35.916371,1021.0,1.0,106.120973,7.0,-0.894422,34.550752,124.382705,34.55073,-0.038698,7.5e-05,-0.426418,0.149461,6.9e-05,-0.010205,0.0,0.0,0.0,0.0,0.0,0.0,-9999.0,-9999.0,-9999.0,-9999.0,-9999.0,-9999.0,-9999.0,-9999.0,-9999.0,-9999.0,-9999.0,-9999.0,-9999.0,-9999.0,161.0,lane7,spur3,stable_reference,6.504151823907557,-0.4001855927013875,-0.1645163529738455,-0.9039349906273416,-0.1645163529738455,13.75,491.96398469466556,1.161487441469482,367.0146074815021,1.4639675615095396,1.4639586066578585,0.18744446670936554,-0.04818902616215048,1.6284829856810468,-0.16451542417150722
P23_AV1_1_interaction,P23,AV1,1,on_ramp,P23_AV1_1,P23_AV1.1.asc,AV1,60,initiator_active,3888,1,64800.0,64800.0001,1.0,21.94,78.984,161.0,48.785808,-1482.017067,0.0,0.0,0.0,21.94,0.0,0.0,1481.978933,-34.593431,6.283522,1.0,0.0,0.0,0.0,0.0,1607.131816,-35.922199,1021.0,1.0,106.696803,7.0,-0.897342,34.543643,124.357114,34.543621,-0.038557,7.7e-05,-0.426327,0.149134,6e-05,-0.010205,0.0,0.002198,0.0,0.0,0.0,0.0,-9999.0,-9999.0,-9999.0,-9999.0,-9999.0,-9999.0,-9999.0,-9999.0,-9999.0,-9999.0,-9999.0,-9999.0,-9999.0,-9999.0,161.0,lane7,spur3,stable_reference,6.514419513301836,-0.3916208862220834,-0.1626386847298051,-0.8780268752311724,-0.1626386847298051,13.766666099999995,492.53982108737927,1.1603617085784446,367.380260243963,1.4670816014578445,1.467075693469003,0.18661137529432636,-0.04843044065714963,1.6297193477691474,-0.1626377463113029
P23_AV1_1_interaction,P23,AV1,1,on_ramp,P23_AV1_1,P23_AV1.1.asc,AV1,60,initiator_active,3889,1,64816.67,64816.6669,1.0,21.94,78.984,161.0,49.151473,-1482.382631,0.0,0.0,0.0,21.94,0.0,0.0,1482.3446,-34.593319,6.283484,1.0,0.0,0.0,0.0,0.0,1607.707505,-35.927983,1021.0,1.0,107.272513,7.0,-0.900219,34.536268,124.330566,34.536247,-0.038397,7.7e-05,-0.446959,0.148736,2.6e-05,-0.010205,0.0,0.0,0.0,0.0,0.0,0.0,-9999.0,-9999.0,-9999.0,-9999.0,-9999.0,-9999.0,-9999.0,-9999.0,-9999.0,-9999.0,-9999.0,-9999.0,-9999.0,-9999.0,161.0,lane7,spur3,stable_reference,6.524671236578212,-0.3830721524113327,-0.160782795043832,-0.8523966524974146,-0.160782795043832,13.783332899999994,493.1155381247548,1.1592790024612347,367.7459141370469,1.4701796501056772,1.4701789043811242,0.18583014185347224,-0.04109201092563719,1.630961517439414,-0.1607818673337369
P23_AV1_1_interaction,P23,AV1,1,on_ramp,P23_AV1_1,P23_AV1.1.asc,AV1,60,initiator_active,3890,1,64833.33,64833.3341,1.0,21.94,78.984,161.0,49.517138,-1482.748195,0.0,0.0,0.0,21.94,0.0,0.0,1482.710267,-34.593217,6.283458,1.0,0.0,0.0,0.0,0.0,1608.283072,-35.933725,1021.0,1.0,107.848102,7.0,-0.903054,34.529073,124.304663,34.529052,-0.03822,7.7e-05,-0.4271,0.148289,-1.1e-05,-0.010205,0.0,0.0,0.0,0.0,0.0,0.0,-9999.0,-9999.0,-9999.0,-9999.0,-9999.0,-9999.0,-9999.0,-9999.0,-9999.0,-9999.0,-9999.0,-9999.0,-9999.0,-9999.0,161.0,lane7,spur3,stable_reference,6.534912963699953,-0.3745334159385655,-0.1589369052441372,-0.8267764053833626,-0.1589369052441372,13.800000099999998,493.6911328232242,1.1582372986863994,368.1115681117915,1.4732676990869353,1.4732701551287253,0.18524161882748302,-0.02825653597884603,1.6322036872716856,-0.1589359881847503
P23_AV1_1_interaction,P23,AV1,1,on_ramp,P23_AV1_1,P23_AV1.1.asc,AV1,60,initiator_active,3891,1,64850.0,64850.0005,1.0,21.94,78.984,161.0,49.882802,-1483.11376,0.0,0.0,0.0,21.94,0.0,0.0,1483.075933,-34.593121,6.283443,1.0,0.0,0.0,0.0,0.0,1608.85852,-35.939424,1021.0,1.0,108.423571,7.0,-0.905847,34.521962,124.279065,34.521941,-0.038028,7.7e-05,-0.426271,0.147787,-3.5e-05,-0.010205,0.0,0.002198,0.0,0.0,0.0,0.0,-9999.0,-9999.0,-9999.0,-9999.0,-9999.0,-9999.0,-9999.0,-9999.0,-9999.0,-9999.0,-9999.0,-9999.0,-9999.0,-9999.0,161.0,lane7,spur3,stable_reference,6.545148665399422,-0.366000700940857,-0.157097020145267,-0.8011927758680847,-0.157097020145267,13.8166665,494.26660817452176,1.1572376217187392,368.4772211355658,1.4763497401022156,1.4763536747704502,0.1848882385000934,-0.017756821238733345,1.6334458538041576,-0.157096113701942
P23_AV1_1_interaction,P23,AV1,1,on_ramp,P23_AV1_1,P23_AV1.1.asc,AV1,60,initiator_active,3892,1,64866.67,64866.6675,1.0,21.94,78.984,161.0,50.248467,-1483.479325,0.0,0.0,0.0,21.94,0.0,0.0,1483.4416,-34.59303,6.283434,1.0,0.0,0.0,0.0,0.0,1609.433848,-35.945081,1021.0,1.0,108.998921,7.0,-0.908599,34.51459,124.252526,34.51457,-0.037825,7.6e-05,-0.446754,0.147237,-5.3e-05,-0.010205,0.0,0.0,0.0,0.0,0.0,0.0,-9999.0,-9999.0,-9999.0,-9999.0,-9999.0,-9999.0,-9999.0,-9999.0,-9999.0,-9999.0,-9999.0,-9999.0,-9999.0,-9999.0,161.0,lane7,spur3,stable_reference,6.555379396751068,-0.3574729615398977,-0.1553092484982477,-0.7767387533322564,-0.1553092484982477,13.8333335,494.84196318684644,1.1562789634255464,368.84287520013686,1.4794267894502429,1.4794331085868615,0.1846497277380834,-0.015098289198972381,1.6347350621039967,-0.1553082726537538
P23_AV1_1_interaction,P23,AV1,1,on_ramp,P23_AV1_1,P23_AV1.1.asc,AV1,60,initiator_active,3893,1,64883.33,64883.3341,1.0,21.94,78.984,161.0,50.614132,-1483.84489,0.0,0.0,0.0,21.94,0.0,0.0,1483.807267,-34.59294,6.283429,1.0,0.0,0.0,0.0,0.0,1610.009056,-35.950696,1021.0,1.0,109.57415,7.0,-0.911308,34.507399,124.226638,34.507379,-0.037611,7.5e-05,-0.426844,0.146663,-6.4e-05,-0.010362,0.0,0.0,0.0,0.0,0.0,0.0,-9999.0,-9999.0,-9999.0,-9999.0,-9999.0,-9999.0,-9999.0,-9999.0,-9999.0,-9999.0,-9999.0,-9999.0,-9999.0,-9999.0,161.0,lane7,spur3,stable_reference,6.565609128487241,-0.3489462218727467,-0.1535294314646262,-0.7522857285744117,-0.1535294314646262,13.850000099999997,495.41719786019877,1.1553613238068248,369.2085292728737,1.4825028388316133,1.4825087150250638,0.18438495879758676,-0.019246049262740428,1.636031305634754,-0.1535284668031407
P23_AV1_1_interaction,P23,AV1,1,on_ramp,P23_AV1_1,P23_AV1.1.asc,AV1,60,initiator_active,3894,1,64900.0,64900.0001,1.0,21.94,78.984,161.0,50.979797,-1484.210455,0.0,0.0,0.0,21.94,0.0,0.0,1484.172933,-34.592851,6.283427,1.0,0.0,0.0,0.0,0.0,1610.584144,-35.956268,1021.0,1.0,110.149258,7.0,-0.913976,34.500293,124.201055,34.500273,-0.03739,7.4e-05,-0.426002,0.146054,-6.5e-05,-0.010362,0.0,0.0,0.0,0.0,0.0,0.0,-9999.0,-9999.0,-9999.0,-9999.0,-9999.0,-9999.0,-9999.0,-9999.0,-9999.0,-9999.0,-9999.0,-9999.0,-9999.0,-9999.0,161.0,lane7,spur3,stable_reference,6.575837832878448,-0.3404205050116465,-0.1517506190415281,-0.7278337682213236,-0.1517506190415281,13.866666099999994,495.992312186412,1.1544857028292235,369.57418235381033,1.485577880080282,1.4855791388470723,0.18400821090817487,-0.026374814066612906,1.6373275456370213,-0.1517496655567394
P23_AV1_1_interaction,P23,AV1,1,on_ramp,P23_AV1_1,P23_AV1.1.asc,AV1,60,initiator_active,3895,1,64916.67,64916.6669,1.0,21.94,78.984,161.0,51.345462,-1484.576021,0.0,0.0,0.0,21.94,0.0,0.0,1484.5386,-34.592767,6.283406,1.0,0.0,0.0,0.0,0.0,1611.159113,-35.961798,1021.0,1.0,110.724248,7.0,-0.916603,34.493193,124.175496,34.493173,-0.037163,7.3e-05,-0.425755,0.145423,-3.8e-05,-0.010519,0.0,0.0,0.0,0.0,0.0,0.0,-9999.0,-9999.0,-9999.0,-9999.0,-9999.0,-9999.0,-9999.0,-9999.0,-9999.0,-9999.0,-9999.0,-9999.0,-9999.0,-9999.0,161.0,lane7,spur3,stable_reference,6.58606156692186,-0.3318997637472813,-0.1499814915021042,-0.7037715125655675,-0.1499814915021042,13.883332899999994,496.56730717361944,1.1536511086921348,369.93983647554364,1.4886479296617112,1.4886422235582744,0.18350580636466418,-0.032447275242888374,1.6386284388914987,-0.14998050922978745
P23_AV1_1_interaction,P23,AV1,1,on_ramp,P23_AV1_1,P23_AV1.1.asc,AV1,60,initiator_active,3896,1,64933.33,64933.3345,1.0,21.94,78.984,161.0,51.711126,-1484.941586,0.0,0.0,0.0,21.94,0.0,0.0,1484.904267,-34.592698,6.283365,1.0,0.0,0.0,0.0,0.0,1611.733964,-35.967287,1021.0,1.0,111.29912,7.0,-0.919189,34.486097,124.149948,34.486077,-0.036931,7.3e-05,-0.425615,0.144774,-4e-06,-0.010676,0.0,0.0,0.0,0.0,0.0,0.0,-9999.0,-9999.0,-9999.0,-9999.0,-9999.0,-9999.0,-9999.0,-9999.0,-9999.0,-9999.0,-9999.0,-9999.0,-9999.0,-9999.0,161.0,lane7,spur3,stable_reference,6.596270306733316,-0.3233940184899269,-0.1482498336793075,-0.6805929607426131,-0.1482498336793075,13.900000499999994,497.1421838299536,1.1528565495949465,370.3054907197674,1.4917029797432813,1.491696194354254,0.18292659677103984,-0.036094577193936495,1.6399518424914012,-0.14824886274812
P23_AV1_1_interaction,P23,AV1,1,on_ramp,P23_AV1_1,P23_AV1.1.asc,AV1,60,initiator_active,3897,1,64950.0,64950.0005,1.0,21.94,78.984,161.0,52.076791,-1485.307152,0.0,0.0,0.0,21.94,0.0,0.0,1485.269933,-34.592643,6.283326,1.0,0.0,0.0,0.0,0.0,1612.308698,-35.972735,1021.0,1.0,111.873874,7.0,-0.921734,34.479002,124.124406,34.478982,-0.03669,7.3e-05,-0.42551,0.145263,2.4e-05,-0.011304,0.0,0.0,0.0,0.0,0.0,0.0,-9999.0,-9999.0,-9999.0,-9999.0,-9999.0,-9999.0,-9999.0,-9999.0,-9999.0,-9999.0,-9999.0,-9999.0,-9999.0,-9999.0,161.0,lane7,spur3,stable_reference,6.60646502419877,-0.3149022925780178,-0.1465321802587156,-0.6574284441318348,-0.1465321802587156,13.9166665,497.716943155381,1.1521020337036936,370.67114407834947,1.4947440221256016,1.494739826528805,0.18230264846673805,-0.036737949878953735,1.6412752427025403,-0.14653122057693868
P23_AV1_1_interaction,P23,AV1,1,on_ramp,P23_AV1_1,P23_AV1.1.asc,AV1,60,initiator_active,3898,1,64966.67,64966.6668,1.0,21.94,78.984,161.0,52.442456,-1485.672718,0.0,0.0,0.0,21.94,0.0,0.0,1485.6356,-34.5926,6.283297,1.0,0.0,0.0,0.0,0.0,1612.883313,-35.978141,1021.0,1.0,112.448509,7.0,-0.924238,34.471908,124.09887,34.471889,-0.036423,7.4e-05,-0.42542,0.147653,3.9e-05,-0.01256,0.0,0.0,0.0,0.0,0.0,0.0,-9999.0,-9999.0,-9999.0,-9999.0,-9999.0,-9999.0,-9999.0,-9999.0,-9999.0,-9999.0,-9999.0,-9999.0,-9999.0,-9999.0,161.0,lane7,spur3,stable_reference,6.61664777400819,-0.3064225403994554,-0.144826522167145,-0.6342758403338807,-0.144826522167145,13.933332799999997,498.2915831418024,1.1513885446529513,371.0367985348906,1.497773073074085,1.497772760730188,0.18170203682456076,-0.031499111393284984,1.6425986467303035,-0.1448255736562185
P23_AV1_1_interaction,P23,AV1,1,on_ramp,P23_AV1_1,P23_AV1.1.asc,AV1,60,initiator_active,3899,1,64983.33,64983.3341,1.0,21.94,78.984,161.0,52.808121,-1486.038285,0.0,0.0,0.0,21.94,0.0,0.0,1486.001267,-34.592564,6.283278,1.0,0.0,0.0,0.0,0.0,1613.457811,-35.983505,1021.0,1.0,113.023027,7.0,-0.926701,34.464817,124.073339,34.464798,-0.036118,7.4e-05,-0.425338,0.151932,4.1e-05,-0.014601,0.0,0.0,0.0,0.0,0.0,0.0,-9999.0,-9999.0,-9999.0,-9999.0,-9999.0,-9999.0,-9999.0,-9999.0,-9999.0,-9999.0,-9999.0,-9999.0,-9999.0,-9999.0,161.0,lane7,spur3,stable_reference,6.626823526509354,-0.2979497863575013,-0.1431534475381325,-0.6119162899146628,-0.1431534475381325,13.950000099999997,498.86610578915105,1.1507160987748057,371.402453048594,1.5007951242559563,1.5007966089874454,0.18125267876423123,-0.021379942385030937,1.6439475561540973,-0.14315243189814097
P23_AV1_1_interaction,P23,AV1,1,on_ramp,P23_AV1_1,P23_AV1.1.asc,AV1,60,initiator_active,3900,1,65000.0,65000.0007,1.0,21.94,78.984,161.0,53.173786,-1486.403852,0.0,0.0,0.0,21.94,0.0,0.0,1486.366933,-34.592533,6.283266,1.0,0.0,0.0,0.0,0.0,1614.032191,-35.988827,1021.0,1.0,113.597426,7.0,-0.929123,34.457726,124.047813,34.457707,-0.035777,7.5e-05,-0.42526,0.157335,3.4e-05,-0.017113,0.0,0.0,0.0,0.0,0.0,0.0,-9999.0,-9999.0,-9999.0,-9999.0,-9999.0,-9999.0,-9999.0,-9999.0,-9999.0,-9999.0,-9999.0,-9999.0,-9999.0,-9999.0,161.0,lane7,spur3,stable_reference,6.6369942532036985,-0.2894820540568049,-0.1415138033675095,-0.5901104063084652,-0.1415138033675095,13.966666699999994,499.4405100974604,1.150084687903215,371.76810660316085,1.503812167438503,1.503814619638693,0.18098935215053302,-0.013268437717924186,1.6453249667989098,-0.14151279936040684
P23_AV1_1_interaction,P23,AV1,1,on_ramp,P23_AV1_1,P23_AV1.1.asc,AV1,60,initiator_active,3901,1,65016.67,65016.6668,1.0,21.94,78.984,161.0,53.539452,-1486.769419,0.0,0.0,0.0,21.94,0.0,0.0,1486.7326,-34.592506,6.28326,1.0,0.0,0.0,0.0,0.0,1614.606453,-35.994107,1021.0,1.0,114.171708,7.0,-0.931502,34.450636,124.022291,34.450618,-0.035422,7.5e-05,-0.425185,0.163136,2.1e-05,-0.019782,0.0,0.002198,0.0,0.0,0.0,0.0,-9999.0,-9999.0,-9999.0,-9999.0,-9999.0,-9999.0,-9999.0,-9999.0,-9999.0,-9999.0,-9999.0,-9999.0,-9999.0,-9999.0,161.0,lane7,spur3,stable_reference,6.647161009165703,-0.2810182976190385,-0.1398781547589571,-0.5683084560551651,-0.1398781547589571,13.983332799999996,500.0147960667304,1.1494943120381793,372.13376119035865,1.5068252189204672,1.5068294728578833,0.18081040337912668,-0.010803092682128757,1.6467023812768635,-0.13987716235639636
P23_AV1_1_interaction,P23,AV1,1,on_ramp,P23_AV1_1,P23_AV1.1.asc,AV1,60,initiator_active,3902,1,65033.33,65033.334,1.0,21.94,78.984,161.0,53.905117,-1487.134986,0.0,0.0,0.0,21.94,0.0,0.0,1487.098267,-34.59248,6.283256,1.0,0.0,0.0,0.0,0.0,1615.180597,-35.999342,1021.0,1.0,114.745871,7.0,-0.933838,34.443281,123.99581,34.443263,-0.035086,7.5e-05,-0.445841,0.168628,-2.8e-05,-0.022294,0.0,0.002198,0.0,0.0,0.0,0.0,-9999.0,-9999.0,-9999.0,-9999.0,-9999.0,-9999.0,-9999.0,-9999.0,-9999.0,-9999.0,-9999.0,-9999.0,-9999.0,-9999.0,161.0,lane7,spur3,stable_reference,6.657326765512239,-0.2725555409150805,-0.1382435061407381,-0.5465075040272602,-0.1382435061407381,14.0,500.5889636724628,1.1489479710796682,372.4994157857225,1.5098372704357694,1.5098416268663766,0.18062924927646407,-0.012581598263773586,1.6480797957713937,-0.1382425253356243
P23_AV1_1_interaction,P23,AV1,1,on_ramp,P23_AV1_1,P23_AV1.1.asc,AV1,60,initiator_active,3903,1,65050.0,65050.0001,1.0,21.94,78.984,161.0,54.270782,-1487.500553,0.0,0.0,0.0,21.94,0.0,0.0,1487.463933,-34.592454,6.283255,1.0,0.0,0.0,0.0,0.0,1615.75462,-36.004533,1021.0,1.0,115.319912,7.0,-0.93613,34.435836,123.969011,34.435819,-0.034813,7.4e-05,-0.446714,0.173842,-0.000107,-0.024649,0.0,0.0,0.0,0.0,0.0,0.0,-9999.0,-9999.0,-9999.0,-9999.0,-9999.0,-9999.0,-9999.0,-9999.0,-9999.0,-9999.0,-9999.0,-9999.0,-9999.0,-9999.0,161.0,lane7,spur3,stable_reference,6.667492494129269,-0.2640928072833793,-0.136619336182401,-0.5259765129447214,-0.136619336182401,14.016666099999995,501.1630099229238,1.1484446405628923,372.86506938111955,1.512849313785035,1.5128504420200413,0.18039102095753634,-0.01664959957063683,1.6494676615672867,-0.1366183477822518
P23_AV1_1_interaction,P23,AV1,1,on_ramp,P23_AV1_1,P23_AV1.1.asc,AV1,60,initiator_active,3904,1,65066.67,65066.6673,1.0,21.94,78.984,161.0,54.636447,-1487.86612,0.0,0.0,0.0,21.94,0.0,0.0,1487.8296,-34.592431,6.283241,1.0,0.0,0.0,0.0,0.0,1616.328519,-36.009678,1021.0,1.0,115.89383,7.0,-0.938377,34.428654,123.943156,34.428637,-0.034622,7.2e-05,-0.426125,0.178761,-0.000172,-0.02669,0.0,0.0,0.0,0.0,0.0,0.0,-9999.0,-9999.0,-9999.0,-9999.0,-9999.0,-9999.0,-9999.0,-9999.0,-9999.0,-9999.0,-9999.0,-9999.0,-9999.0,-9999.0,161.0,lane7,spur3,stable_reference,6.677655251629412,-0.2556330497808178,-0.1350012053308217,-0.5056341002426666,-0.1350012053308217,14.033333299999999,501.7369318018813,1.1479862959230478,373.2307240009815,1.5158583654003657,1.5158546545683915,0.18007425799701338,-0.020419352524004175,1.650858594037732,-0.13500022863736638
P23_AV1_1_interaction,P23,AV1,1,on_ramp,P23_AV1_1,P23_AV1.1.asc,AV1,60,initiator_active,3905,1,65083.33,65083.3341,1.0,21.94,78.984,161.0,55.002112,-1488.231687,0.0,0.0,0.0,21.94,0.0,0.0,1488.195267,-34.592418,6.283215,1.0,0.0,0.0,0.0,0.0,1616.902299,-36.014776,1021.0,1.0,116.467628,7.0,-0.940577,34.421561,123.91762,34.421544,-0.034536,6.8e-05,-0.425174,0.18546,-0.000187,-0.029359,0.0,0.0,0.0,0.0,0.0,0.0,-9999.0,-9999.0,-9999.0,-9999.0,-9999.0,-9999.0,-9999.0,-9999.0,-9999.0,-9999.0,-9999.0,-9999.0,-9999.0,-9999.0,161.0,lane7,spur3,stable_reference,6.6878080129749256,-0.2471832896162611,-0.1333930743841009,-0.4853016720895489,-0.1333930743841009,14.050000099999998,502.3107343010028,1.1475739779570042,373.5963787025039,1.51885741734912,1.5188530374742943,0.179710363391834,-0.022957797768456523,1.652249526674113,-0.133392109324993
P23_AV1_1_interaction,P23,AV1,1,on_ramp,P23_AV1_1,P23_AV1.1.asc,AV1,60,initiator_active,3906,1,65100.0,65100.0001,1.0,21.94,78.984,161.0,55.367777,-1488.597255,0.0,0.0,0.0,21.94,0.0,0.0,1488.560933,-34.592414,6.283191,1.0,0.0,0.0,0.0,0.0,1617.47596,-36.019825,1021.0,1.0,117.041308,7.0,-0.942729,34.414475,123.89211,34.414458,-0.034562,6.5e-05,-0.424908,0.192567,-0.000166,-0.032028,0.0,0.0,0.0,0.0,0.0,0.0,-9999.0,-9999.0,-9999.0,-9999.0,-9999.0,-9999.0,-9999.0,-9999.0,-9999.0,-9999.0,-9999.0,-9999.0,-9999.0,-9999.0,161.0,lane7,spur3,stable_reference,6.697951750051767,-0.2387425501281525,-0.1318001167858576,-0.4652165997026646,-0.1318001167858576,14.066666099999996,502.88441740395575,1.1472096865980679,373.9620324775539,1.5218474614319235,1.5218449044751257,0.17930901211438766,-0.023506646230990746,1.653646510156885,-0.1317990487249614
P23_AV1_1_interaction,P23,AV1,1,on_ramp,P23_AV1_1,P23_AV1.1.asc,AV1,60,initiator_active,3907,1,65116.67,65116.6673,1.0,21.94,78.984,161.0,55.733442,-1488.962823,0.0,0.0,0.0,21.94,0.0,0.0,1488.9266,-34.592417,6.283172,1.0,0.0,0.0,0.0,0.0,1618.049504,-36.024824,1021.0,1.0,117.61487,7.0,-0.944832,34.407392,123.86661,34.407374,-0.034727,6.3e-05,-0.424773,0.198559,-0.000136,-0.034069,0.0,0.0,0.0,0.0,0.0,0.0,-9999.0,-9999.0,-9999.0,-9999.0,-9999.0,-9999.0,-9999.0,-9999.0,-9999.0,-9999.0,-9999.0,-9999.0,-9999.0,-9999.0,161.0,lane7,spur3,stable_reference,6.708088517549872,-0.2303087857043971,-0.1302891485898291,-0.4464109049310206,-0.1302891485898291,14.083333299999998,503.4579831025078,1.1468944381449826,374.327687309733,1.5248305139141656,1.5248299801324348,0.17892681303268176,-0.02140521730829459,1.6551186066874426,-0.13028809277327702
P23_AV1_1_interaction,P23,AV1,1,on_ramp,P23_AV1_1,P23_AV1.1.asc,AV1,60,initiator_active,3908,1,65133.33,65133.334,1.0,21.94,78.984,161.0,56.099108,-1489.328391,0.0,0.0,0.0,21.94,0.0,0.0,1489.292267,-34.592425,6.28316,1.0,0.0,0.0,0.0,0.0,1618.622931,-36.029773,1021.0,1.0,118.188314,7.0,-0.946884,34.40031,123.841116,34.400292,-0.035059,6.1e-05,-0.424682,0.205041,-0.000111,-0.03611,0.0,0.0,0.0,0.0,0.0,0.0,-9999.0,-9999.0,-9999.0,-9999.0,-9999.0,-9999.0,-9999.0,-9999.0,-9999.0,-9999.0,-9999.0,-9999.0,-9999.0,-9999.0,161.0,lane7,spur3,stable_reference,6.718220286970657,-0.2218800199496423,-0.1287831803509379,-0.4276102035406672,-0.1287831803509379,14.1,504.0314313966588,1.1466282325977608,374.6933421827423,1.5278085665631196,1.5278092331400692,0.1785954912151837,-0.013743488979270246,1.6565907033013325,-0.12878213673821293
P23_AV1_1_interaction,P23,AV1,1,on_ramp,P23_AV1_1,P23_AV1.1.asc,AV1,60,initiator_active,3909,1,65150.01,65150.0092,1.0,21.94,78.984,161.0,56.464773,-1489.693959,0.0,0.0,0.0,21.94,0.0,0.0,1489.657933,-34.592437,6.283153,1.0,0.0,0.0,0.0,0.0,1619.196239,-36.034668,1021.0,1.0,118.76164,7.0,-0.948885,34.393229,123.815626,34.393211,-0.035572,5.9e-05,-0.4246,0.210521,-9.9e-05,-0.037523,0.0,0.0,0.0,0.0,0.0,0.0,-9999.0,-9999.0,-9999.0,-9999.0,-9999.0,-9999.0,-9999.0,-9999.0,-9999.0,-9999.0,-9999.0,-9999.0,-9999.0,-9999.0,161.0,lane7,spur3,stable_reference,6.728348030200081,-0.2134552762023422,-0.1272812162180566,-0.4088135482920066,-0.1272812162180566,14.116675199999998,504.60476025381115,1.146415053490929,375.058996088449,1.5307826111794036,1.530784690431652,0.17846868333234767,-0.00571282581528898,1.6580627959561138,-0.12728018477671021
P23_AV1_1_interaction,P23,AV1,1,on_ramp,P23_AV1_1,P23_AV1.1.asc,AV1,60,initiator_active,3910,1,65166.67,65166.6674,1.0,21.94,78.984,161.0,56.830438,-1490.059527,0.0,0.0,0.0,21.94,0.0,0.0,1490.0236,-34.59245,6.283149,1.0,0.0,0.0,0.0,0.0,1619.76943,-36.039509,1021.0,1.0,119.334848,7.0,-0.950831,34.38615,123.79014,34.386131,-0.036274,5.7e-05,-0.424523,0.216946,-9.4e-05,-0.039093,0.0,0.0,0.0,0.0,0.0,0.0,-9999.0,-9999.0,-9999.0,-9999.0,-9999.0,-9999.0,-9999.0,-9999.0,-9999.0,-9999.0,-9999.0,-9999.0,-9999.0,-9999.0,161.0,lane7,spur3,stable_reference,6.738474801543552,-0.2050315091165775,-0.1257903994531971,-0.3907494626418875,-0.1257903994531971,14.133333399999996,505.1779716738983,1.1462549171565872,375.4246510022885,1.5337556639950696,1.5337582000410501,0.1784049990203158,-0.006745005217424271,1.6595450064587725,-0.12578934246370288
P23_AV1_1_interaction,P23,AV1,1,on_ramp,P23_AV1_1,P23_AV1.1.asc,AV1,60,initiator_active,3911,1,65183.33,65183.3344,1.0,21.94,78.984,161.0,57.196103,-1490.425096,0.0,0.0,0.0,21.94,0.0,0.0,1490.389267,-34.592464,6.283146,1.0,0.0,0.0,0.0,0.0,1620.342504,-36.044294,1021.0,1.0,119.907939,7.0,-0.952722,34.379072,123.764658,34.379052,-0.037162,5.6e-05,-0.424447,0.223171,-9.7e-05,-0.040349,0.0,0.0,0.0,0.0,0.0,0.0,-9999.0,-9999.0,-9999.0,-9999.0,-9999.0,-9999.0,-9999.0,-9999.0,-9999.0,-9999.0,-9999.0,-9999.0,-9999.0,-9999.0,161.0,lane7,spur3,stable_reference,6.7486005732715615,-0.1966087417646211,-0.1243173559200362,-0.3736001317736195,-0.1243173559200362,14.150000399999998,505.7510656405881,1.1461498235280447,375.79030592429405,1.5367277168440805,1.5367300710104475,0.17824385324361458,-0.007976608176051059,1.6610440281522894,-0.12431631130820886
P23_AV1_1_interaction,P23,AV1,1,on_ramp,P23_AV1_1,P23_AV1.1.asc,AV1,60,initiator_active,3912,1,65200.0,65200.0034,1.0,21.94,78.984,161.0,57.561769,-1490.790664,0.0,0.0,0.0,21.94,0.0,0.0,1490.754933,-34.592478,6.283145,1.0,0.0,0.0,0.0,0.0,1620.91546,-36.049021,1021.0,1.0,120.480911,7.0,-0.954555,34.371995,123.73918,34.371973,-0.038239,5.4e-05,-0.424369,0.229517,-0.000103,-0.041448,0.0,0.0,0.0,0.0,0.0,0.0,-9999.0,-9999.0,-9999.0,-9999.0,-9999.0,-9999.0,-9999.0,-9999.0,-9999.0,-9999.0,-9999.0,-9999.0,-9999.0,-9999.0,161.0,lane7,spur3,stable_reference,6.758726317270059,-0.1881859974849216,-0.1228443164535364,-0.3564508478423601,-0.1228443164535364,14.166669399999998,506.32404113758184,1.146101764372569,376.15595984633285,1.539699761527048,1.5397001368734091,0.17813909757834523,-0.007582378301751902,1.6625430457463883,-0.12284328421934032
P23_AV1_1_interaction,P23,AV1,1,on_ramp,P23_AV1_1,P23_AV1.1.asc,AV1,60,initiator_active,3913,1,65216.67,65216.6668,1.0,21.94,78.984,161.0,57.927434,-1491.156233,0.0,0.0,0.0,21.94,0.0,0.0,1491.1206,-34.592494,6.283138,1.0,0.0,0.0,0.0,0.0,1621.488299,-36.053689,1021.0,1.0,121.053766,7.0,-0.95633,34.364918,123.713706,34.364896,-0.039494,5.2e-05,-0.42429,0.235714,-0.000111,-0.042233,0.0,0.0,0.0,0.0,0.0,0.0,-9999.0,-9999.0,-9999.0,-9999.0,-9999.0,-9999.0,-9999.0,-9999.0,-9999.0,-9999.0,-9999.0,-9999.0,-9999.0,-9999.0,161.0,lane7,spur3,stable_reference,6.768850089767136,-0.1797652296005587,-0.1213732729038391,-0.339303514769781,-0.1213732729038391,14.183332799999997,506.89689915668043,1.1461117478228737,376.5216147846705,1.5426698144427422,1.5426678751134748,0.17799112891135138,-0.010833201310992635,1.664042067473246,-0.1213722530305037
P23_AV1_1_interaction,P23,AV1,1,on_ramp,P23_AV1_1,P23_AV1.1.asc,AV1,60,initiator_active,3914,1,65233.33,65233.3339,1.0,21.94,78.984,161.0,58.293099,-1491.521801,0.0,0.0,0.0,21.94,0.0,0.0,1491.486267,-34.592515,6.283125,1.0,0.0,0.0,0.0,0.0,1622.06102,-36.058295,1021.0,1.0,121.626504,7.0,-0.958044,34.357843,123.688236,34.357819,-0.040935,5e-05,-0.424203,0.240443,-0.000119,-0.042233,0.0,0.0,0.0,0.0,0.0,0.0,-9999.0,-9999.0,-9999.0,-9999.0,-9999.0,-9999.0,-9999.0,-9999.0,-9999.0,-9999.0,-9999.0,-9999.0,-9999.0,-9999.0,161.0,lane7,spur3,stable_reference,6.778968864186911,-0.1713494603852035,-0.1199531865195103,-0.3234189122925708,-0.1199531865195103,14.199999899999995,507.4696386734186,1.1461827656128694,376.88726976383833,1.5456348675251554,1.5456326693957596,0.17777800710572222,-0.012743736143797868,1.6655869529365175,-0.11995208541136204
P23_AV1_1_interaction,P23,AV1,1,on_ramp,P23_AV1_1,P23_AV1.1.asc,AV1,60,initiator_active,3915,1,65250.0,65250.0006,1.0,21.94,78.984,161.0,58.658764,-1491.88737,0.0,0.0,0.0,21.94,0.0,0.0,1491.851933,-34.592541,6.283112,1.0,0.0,0.0,0.0,0.0,1622.633624,-36.062838,1021.0,1.0,122.199123,7.0,-0.959696,34.350769,123.66277,34.350743,-0.042553,4.8e-05,-0.424116,0.24566,-0.000124,-0.042076,0.0,0.0,0.0,0.0,0.0,0.0,-9999.0,-9999.0,-9999.0,-9999.0,-9999.0,-9999.0,-9999.0,-9999.0,-9999.0,-9999.0,-9999.0,-9999.0,-9999.0,-9999.0,161.0,lane7,spur3,stable_reference,6.789082612799841,-0.1629387129110987,-0.1185598960387957,-0.3079967858079602,-0.1185598960387957,14.216666599999996,508.0422606795971,1.1463158258752695,377.2529237838696,1.548594912608237,1.5485938917307545,0.1775663317248899,-0.01215568507107534,1.667153720328569,-0.1185588077203319
P23_AV1_1_interaction,P23,AV1,1,on_ramp,P23_AV1_1,P23_AV1.1.asc,AV1,60,initiator_active,3916,1,65266.67,65266.6674,1.0,21.94,78.984,161.0,59.024429,-1492.252939,0.0,0.0,0.0,21.94,0.0,0.0,1492.2176,-34.59257,6.283103,1.0,0.0,0.0,0.0,0.0,1623.20611,-36.067317,1021.0,1.0,122.771625,7.0,-0.961283,34.343697,123.637308,34.343668,-0.044324,4.6e-05,-0.424026,0.250689,-0.000126,-0.040977,0.0,0.0,0.0,0.0,0.0,0.0,-9999.0,-9999.0,-9999.0,-9999.0,-9999.0,-9999.0,-9999.0,-9999.0,-9999.0,-9999.0,-9999.0,-9999.0,-9999.0,-9999.0,161.0,lane7,spur3,stable_reference,6.799193390295895,-0.1545309415661425,-0.1171696016540984,-0.2925776143985135,-0.1171696016540984,14.233333399999996,508.6147641670834,1.1465119204106795,377.6185788283658,1.5515519659573835,1.5515515766929808,0.1773728156863683,-0.010798274614471914,1.6687204920552015,-0.11716852609781792
P23_AV1_1_interaction,P23,AV1,1,on_ramp,P23_AV1_1,P23_AV1.1.asc,AV1,60,initiator_active,3917,1,65283.33,65283.3334,1.0,21.94,78.984,161.0,59.390095,-1492.618508,0.0,0.0,0.0,21.94,0.0,0.0,1492.583267,-34.592602,6.283096,1.0,0.0,0.0,0.0,0.0,1623.778479,-36.071729,1021.0,1.0,123.344009,7.0,-0.962805,34.336625,123.61185,34.336594,-0.046242,4.4e-05,-0.423925,0.253257,-0.000126,-0.039564,0.0,0.0,0.0,0.0,0.0,0.0,-9999.0,-9999.0,-9999.0,-9999.0,-9999.0,-9999.0,-9999.0,-9999.0,-9999.0,-9999.0,-9999.0,-9999.0,-9999.0,-9999.0,161.0,lane7,spur3,stable_reference,6.809301168945577,-0.146126169422581,-0.1157823072467996,-0.2772043635595294,-0.1157823072467996,14.2499994,509.1871501113459,1.1467740572851273,377.9842338973601,1.5545060194065656,1.5545062244604422,0.1772063936967001,-0.008405321193954762,1.6702872638317285,-0.11578124442516291
P23_AV1_1_interaction,P23,AV1,1,on_ramp,P23_AV1_1,P23_AV1.1.asc,AV1,60,initiator_active,3918,1,65300.0,65300.0008,1.0,21.94,78.984,161.0,59.75576,-1492.984078,0.0,0.0,0.0,21.94,0.0,0.0,1492.948933,-34.592636,6.283092,1.0,0.0,0.0,0.0,0.0,1624.350731,-36.076073,1021.0,1.0,123.916275,7.0,-0.964259,34.329555,123.586398,34.329521,-0.048301,4.2e-05,-0.423817,0.254602,-0.000122,-0.037523,0.0,0.0,0.0,0.0,0.0,0.0,-9999.0,-9999.0,-9999.0,-9999.0,-9999.0,-9999.0,-9999.0,-9999.0,-9999.0,-9999.0,-9999.0,-9999.0,-9999.0,-9999.0,161.0,lane7,spur3,stable_reference,6.819406920634811,-0.1377234198188875,-0.1144233382327028,-0.2636390008451006,-0.1144233382327028,14.2666668,509.75941850421844,1.1471032364652534,378.3498879827198,1.5574580647563874,1.5574584680738432,0.17709264217818088,-0.004824588748208569,1.6718803162938283,-0.1144222515374409
P23_AV1_1_interaction,P23,AV1,1,on_ramp,P23_AV1_1,P23_AV1.1.asc,AV1,60,initiator_active,3919,1,65316.67,65316.6674,1.0,21.94,78.984,161.0,60.121425,-1493.349647,0.0,0.0,0.0,21.94,0.0,0.0,1493.3146,-34.592671,6.28309,1.0,0.0,0.0,0.0,0.0,1624.922866,-36.080347,1021.0,1.0,124.488424,7.0,-0.965644,34.322486,123.560951,34.322449,-0.05046,4e-05,-0.423713,0.257372,-0.00011,-0.035953,0.0,0.0,0.0,0.0,0.0,0.0,-9999.0,-9999.0,-9999.0,-9999.0,-9999.0,-9999.0,-9999.0,-9999.0,-9999.0,-9999.0,-9999.0,-9999.0,-9999.0,-9999.0,161.0,lane7,spur3,stable_reference,6.8295117004380845,-0.1293216468767296,-0.1130659231784601,-0.2500746002482661,-0.1130659231784601,14.283333399999997,510.33156932936936,1.1475014578843832,378.7155430762122,1.5604091183055913,1.5604094306494973,0.1770455676551208,-0.0015267986526712463,1.6734739676803596,-0.11306484937476835
P23_AV1_1_interaction,P23,AV1,1,on_ramp,P23_AV1_1,P23_AV1.1.asc,AV1,60,initiator_active,3920,1,65333.33,65333.3339,1.0,21.94,78.984,161.0,60.48709,-1493.715216,0.0,0.0,0.0,21.94,0.0,0.0,1493.680267,-34.592706,6.283089,1.0,0.0,0.0,0.0,0.0,1625.494883,-36.084551,1021.0,1.0,125.060455,7.0,-0.966959,34.315419,123.535509,34.315379,-0.052662,3.9e-05,-0.423611,0.260289,-9.2e-05,-0.034383,0.0,0.0,0.0,0.0,0.0,0.0,-9999.0,-9999.0,-9999.0,-9999.0,-9999.0,-9999.0,-9999.0,-9999.0,-9999.0,-9999.0,-9999.0,-9999.0,-9999.0,-9999.0,161.0,lane7,spur3,stable_reference,6.839616480241364,-0.1209198739345646,-0.1117085081242103,-0.2365101996514161,-0.1117085081242103,14.299999899999996,510.90360158683154,1.147968713376478,379.0811981697047,1.5633601718548018,1.5633599456876266,0.1770417489864755,0.0009360380944478663,1.675067619066891,-0.11170744721208914
P23_AV1_1_interaction,P23,AV1,1,on_ramp,P23_AV1_1,P23_AV1.1.asc,AV1,60,initiator_active,3921,1,65350.0,65350.0007,1.0,21.94,78.984,161.0,60.852755,-1494.080786,0.0,0.0,0.0,21.94,0.0,0.0,1494.045933,-34.592741,6.283088,1.0,0.0,0.0,0.0,0.0,1626.066783,-36.088684,1021.0,1.0,125.632369,7.0,-0.968203,34.308353,123.510072,34.308309,-0.054871,3.7e-05,-0.423509,0.263208,-6.7e-05,-0.032813,0.0,0.0,0.0,0.0,0.0,0.0,-9999.0,-9999.0,-9999.0,-9999.0,-9999.0,-9999.0,-9999.0,-9999.0,-9999.0,-9999.0,-9999.0,-9999.0,-9999.0,-9999.0,161.0,lane7,spur3,stable_reference,6.84972123231514,-0.1125181240646599,-0.1103776994851002,-0.2235450505924496,-0.1103776994851002,14.316666699999994,511.47551626840567,1.1485060110742231,379.4468522632306,1.5663112172379705,1.5663108163864334,0.17707676959283702,0.0031640148589717754,1.6766877399968885,-0.11037652275891796
P23_AV1_1_interaction,P23,AV1,1,on_ramp,P23_AV1_1,P23_AV1.1.asc,AV1,60,initiator_active,3922,1,65366.67,65366.6674,1.0,21.94,78.984,161.0,61.21842,-1494.446355,0.0,0.0,0.0,21.94,0.0,0.0,1494.4116,-34.592777,6.283091,1.0,0.0,0.0,0.0,0.0,1626.638565,-36.092743,1021.0,1.0,126.204165,7.0,-0.969375,34.301289,123.484639,34.301241,-0.057054,3.7e-05,-0.423406,0.265641,-3.8e-05,-0.031086,0.0,0.0,0.0,0.0,0.0,0.0,-9999.0,-9999.0,-9999.0,-9999.0,-9999.0,-9999.0,-9999.0,-9999.0,-9999.0,-9999.0,-9999.0,-9999.0,-9999.0,-9999.0,161.0,lane7,spur3,stable_reference,6.859825012502953,-0.104117350856305,-0.1091161052400895,-0.2118854588013707,-0.1091161052400895,14.333333399999995,512.0473123496272,1.1491163427115612,379.81250736488886,1.5692612708205176,1.5692625341816604,0.17714721646321863,0.0046274055941406544,1.6783762127841617,-0.10911494196364413
P23_AV1_1_interaction,P23,AV1,1,on_ramp,P23_AV1_1,P23_AV1.1.asc,AV1,60,initiator_active,3923,1,65383.33,65383.3337,1.0,21.94,78.984,161.0,61.584086,-1494.811925,0.0,0.0,0.0,21.94,0.0,0.0,1494.777267,-34.59281,6.283096,1.0,0.0,0.0,0.0,0.0,1627.210231,-36.096728,1021.0,1.0,126.775843,7.0,-0.970473,34.294226,123.459212,34.294174,-0.059168,3.6e-05,-0.423313,0.270582,-4e-06,-0.030458,0.0,0.0,0.0,0.0,0.0,0.0,-9999.0,-9999.0,-9999.0,-9999.0,-9999.0,-9999.0,-9999.0,-9999.0,-9999.0,-9999.0,-9999.0,-9999.0,-9999.0,-9999.0,161.0,lane7,spur3,stable_reference,6.86993179153716,-0.0957135784465464,-0.1078515110139625,-0.200222868545164,-0.1078515110139625,14.3499997,512.6189918304293,1.1497997246205713,380.1781624420492,1.5722143243030378,1.572215664517201,0.17723101458302892,0.005089386873845747,1.6800646855222738,-0.10785036121923608
P23_AV1_1_interaction,P23,AV1,1,on_ramp,P23_AV1_1,P23_AV1.1.asc,AV1,60,initiator_active,3924,1,65400.0,65400.0006,1.0,21.94,78.984,161.0,61.949751,-1495.177494,0.0,0.0,0.0,21.94,0.0,0.0,1495.142933,-34.592841,6.283102,1.0,0.0,0.0,0.0,0.0,1627.781779,-36.100638,1021.0,1.0,127.347404,7.0,-0.971497,34.287163,123.433788,34.287109,-0.061165,3.7e-05,-0.423225,0.27601,2.6e-05,-0.030144,0.0,0.0,0.0,0.0,0.0,0.0,-9999.0,-9999.0,-9999.0,-9999.0,-9999.0,-9999.0,-9999.0,-9999.0,-9999.0,-9999.0,-9999.0,-9999.0,-9999.0,-9999.0,161.0,lane7,spur3,stable_reference,6.8800405420727895,-0.0873078296414441,-0.1065849203489958,-0.1885583112964139,-0.1065849203489958,14.366666599999997,513.1905527027126,1.1505571404358284,380.54381650291094,1.5751693695528328,1.575170211084116,0.17731686208743014,0.005298269336749151,1.6817531536101056,-0.10658378405727276
P23_AV1_1_interaction,P23,AV1,1,on_ramp,P23_AV1_1,P23_AV1.1.asc,AV1,60,initiator_active,3925,1,65416.67,65416.6668,1.0,21.94,78.984,161.0,62.315416,-1495.543064,0.0,0.0,0.0,21.94,0.0,0.0,1495.5086,-34.59287,6.283105,1.0,0.0,0.0,0.0,0.0,1628.35321,-36.10447,1021.0,1.0,127.918847,7.0,-0.972443,34.280102,123.408368,34.280044,-0.063029,3.7e-05,-0.423139,0.281832,5.4e-05,-0.030458,0.0,0.0,0.0,0.0,0.0,0.0,-9999.0,-9999.0,-9999.0,-9999.0,-9999.0,-9999.0,-9999.0,-9999.0,-9999.0,-9999.0,-9999.0,-9999.0,-9999.0,-9999.0,161.0,lane7,spur3,stable_reference,6.890151319568843,-0.0789000582964878,-0.1053398443653448,-0.1781308870412051,-0.1053398443653448,14.383332799999996,513.7619959419458,1.1513915982233411,380.9094715474069,1.5781264229019847,1.5781261851476787,0.1774076221181744,0.006408221992026064,1.68346508978901,-0.10533866688702531
P23_AV1_1_interaction,P23,AV1,1,on_ramp,P23_AV1_1,P23_AV1.1.asc,AV1,60,initiator_active,3926,1,65433.33,65433.3341,1.0,21.94,78.984,161.0,62.681081,-1495.908633,0.0,0.0,0.0,21.94,0.0,0.0,1495.874267,-34.592899,6.283108,1.0,0.0,0.0,0.0,0.0,1628.924524,-36.108224,1021.0,1.0,128.490172,7.0,-0.973312,34.273042,123.382952,34.272981,-0.064752,3.8e-05,-0.423054,0.287245,7.3e-05,-0.030458,0.0,0.0,0.0,0.0,0.0,0.0,-9999.0,-9999.0,-9999.0,-9999.0,-9999.0,-9999.0,-9999.0,-9999.0,-9999.0,-9999.0,-9999.0,-9999.0,-9999.0,-9999.0,161.0,lane7,spur3,stable_reference,6.900262097064897,-0.0704922869515368,-0.1041117065639879,-0.1685038111671327,-0.1041117065639879,14.400000099999998,514.3333215481287,1.152303097983116,381.2751265919031,1.5810834762511314,1.581083828153262,0.17753047267270006,0.0069897792921489454,1.685194019064802,-0.1041105428136706
P23_AV1_1_interaction,P23,AV1,1,on_ramp,P23_AV1_1,P23_AV1.1.asc,AV1,60,initiator_active,3927,1,65450.0,65450.0006,1.0,21.94,78.984,161.0,63.046746,-1496.274203,0.0,0.0,0.0,21.94,0.0,0.0,1496.239933,-34.592926,6.28311,1.0,0.0,0.0,0.0,0.0,1629.495721,-36.111898,1021.0,1.0,129.061381,7.0,-0.974101,34.265983,123.357539,34.265919,-0.066339,4e-05,-0.422968,0.292245,8.2e-05,-0.030144,0.0,0.0,0.0,0.0,0.0,0.0,-9999.0,-9999.0,-9999.0,-9999.0,-9999.0,-9999.0,-9999.0,-9999.0,-9999.0,-9999.0,-9999.0,-9999.0,-9999.0,-9999.0,161.0,lane7,spur3,stable_reference,6.910374846062381,-0.0620825392112227,-0.102881572212374,-0.1588747623972003,-0.102881572212374,14.416666599999997,514.9045295049291,1.153293639648469,381.64078062010066,1.5840425213675597,1.5840439502918424,0.17764061863268665,0.002713006615430835,1.6869229435799364,-0.1028804222123767
P23_AV1_1_interaction,P23,AV1,1,on_ramp,P23_AV1_1,P23_AV1.1.asc,AV1,60,initiator_active,3928,1,65466.67,65466.6669,1.0,21.94,78.984,161.0,63.41241,-1496.639772,0.0,0.0,0.0,21.94,0.0,0.0,1496.6056,-34.592954,6.283111,1.0,0.0,0.0,0.0,0.0,1630.066801,-36.11549,1021.0,1.0,129.632471,7.0,-0.974809,34.258925,123.33213,34.258858,-0.067794,4.1e-05,-0.422882,0.296853,8.2e-05,-0.030144,0.0,0.0,0.0,0.0,0.0,0.0,-9999.0,-9999.0,-9999.0,-9999.0,-9999.0,-9999.0,-9999.0,-9999.0,-9999.0,-9999.0,-9999.0,-9999.0,-9999.0,-9999.0,161.0,lane7,spur3,stable_reference,6.920486623173908,-0.0536737681324617,-0.1016524344169193,-0.149246686871842,-0.1016524344169193,14.433332899999995,515.4756197960152,1.1543652231527028,382.0064356564308,1.5870005746833682,1.5870050873534156,0.17762090633792837,-0.006413275494337789,1.6886518728394704,-0.10165129815610219
P23_AV1_1_interaction,P23,AV1,1,on_ramp,P23_AV1_1,P23_AV1.1.asc,AV1,60,initiator_active,3929,1,65483.33,65483.3341,1.0,21.94,78.984,161.0,63.778075,-1497.005342,0.0,0.0,0.0,21.94,0.0,0.0,1496.971267,-34.592981,6.283111,1.0,0.0,0.0,0.0,0.0,1630.637763,-36.118998,1021.0,1.0,130.203444,7.0,-0.975434,34.251868,123.306725,34.251798,-0.069121,4.2e-05,-0.422796,0.301081,7.5e-05,-0.030144,0.0,0.002198,0.0,0.0,0.0,0.0,-9999.0,-9999.0,-9999.0,-9999.0,-9999.0,-9999.0,-9999.0,-9999.0,-9999.0,-9999.0,-9999.0,-9999.0,-9999.0,-9999.0,161.0,lane7,spur3,stable_reference,6.930599399900884,-0.0452639973199066,-0.1005058262205918,-0.141493161464579,-0.1005058262205918,14.450000099999997,516.0465914050881,1.1555198402631066,382.3720906845947,1.5899596279658297,1.5899646766810478,0.1774268322988206,-0.017217239109307947,1.6904642043495948,-0.10050457638376509
P23_AV1_1_interaction,P23,AV1,1,on_ramp,P23_AV1_1,P23_AV1.1.asc,AV1,60,initiator_active,3930,1,65500.0,65500.0007,1.0,21.94,78.984,161.0,64.14374,-1497.370912,0.0,0.0,0.0,21.94,0.0,0.0,1497.336933,-34.593008,6.283111,1.0,0.0,0.0,0.0,0.0,1631.208608,-36.122423,1021.0,1.0,130.774299,7.0,-0.975976,34.244544,123.280359,34.244472,-0.070327,4.3e-05,-0.443453,0.304542,3.7e-05,-0.029987,0.0,0.0,0.0,0.0,0.0,0.0,-9999.0,-9999.0,-9999.0,-9999.0,-9999.0,-9999.0,-9999.0,-9999.0,-9999.0,-9999.0,-9999.0,-9999.0,-9999.0,-9999.0,161.0,lane7,spur3,stable_reference,6.940712148898366,-0.0368542495796048,-0.0993703568733303,-0.1339448213608609,-0.0993703568733303,14.466666699999994,516.6174453402805,1.1567564991790527,382.7377447127923,1.592918673082258,1.5929193980673089,0.17704699702058946,-0.028465552519597814,1.6922877942388526,-0.09936912115659458
P23_AV1_1_interaction,P23,AV1,1,on_ramp,P23_AV1_1,P23_AV1.1.asc,AV1,60,initiator_active,3931,1,65516.67,65516.6667,1.0,21.94,78.984,161.0,64.509405,-1497.736481,0.0,0.0,0.0,21.94,0.0,0.0,1497.7026,-34.593039,6.283088,1.0,0.0,0.0,0.0,0.0,1631.779333,-36.125762,1021.0,1.0,131.345033,7.0,-0.976433,34.2374,123.254641,34.237326,-0.071416,4.4e-05,-0.423556,0.308068,-2e-06,-0.029987,0.0,0.0,0.0,0.0,0.0,0.0,-9999.0,-9999.0,-9999.0,-9999.0,-9999.0,-9999.0,-9999.0,-9999.0,-9999.0,-9999.0,-9999.0,-9999.0,-9999.0,-9999.0,161.0,lane7,spur3,stable_reference,6.9508209271635,-0.0284484777022403,-0.0982388843268078,-0.1264004596821659,-0.0982388843268078,14.483332699999998,517.1881785771944,1.1580781753023859,383.10339977362054,1.595873726498095,1.5958661136983254,0.1764780082331967,-0.03760226503760933,1.694111389178556,-0.09823766268046108
P23_AV1_1_interaction,P23,AV1,1,on_ramp,P23_AV1_1,P23_AV1.1.asc,AV1,60,initiator_active,3932,1,65533.33,65533.3341,1.0,21.94,78.984,161.0,64.87507,-1498.102051,0.0,0.0,0.0,21.94,0.0,0.0,1498.068267,-34.593088,6.28304,1.0,0.0,0.0,0.0,0.0,1632.349938,-36.129014,1021.0,1.0,131.915648,7.0,-0.976804,34.23034,123.229225,34.230264,-0.072389,4.3e-05,-0.422747,0.311243,-2.8e-05,-0.029987,0.0,0.0,0.0,0.0,0.0,0.0,-9999.0,-9999.0,-9999.0,-9999.0,-9999.0,-9999.0,-9999.0,-9999.0,-9999.0,-9999.0,-9999.0,-9999.0,-9999.0,-9999.0,161.0,lane7,spur3,stable_reference,6.960911712350292,-0.0200607010332849,-0.0971328364481832,-0.1193100203664495,-0.0971328364481832,14.500000099999998,517.7587911076638,1.1594858685997744,383.4690549814376,1.598810780514096,1.5988020091773052,0.17579357598637557,-0.042600378387952276,1.695942354809994,-0.0971315742958978
P23_AV1_1_interaction,P23,AV1,1,on_ramp,P23_AV1_1,P23_AV1.1.asc,AV1,60,initiator_active,3933,1,65550.0,65550.0,1.0,21.94,78.984,161.0,65.240735,-1498.467622,0.0,0.0,0.0,21.94,0.0,0.0,1498.433933,-34.593154,6.282995,1.0,0.0,0.0,0.0,0.0,1632.920427,-36.13218,1021.0,1.0,132.486145,7.0,-0.977088,34.223286,123.203831,34.223208,-0.073252,4.3e-05,-0.422512,0.314088,-1.8e-05,-0.029987,0.0,0.0,0.0,0.0,0.0,0.0,-9999.0,-9999.0,-9999.0,-9999.0,-9999.0,-9999.0,-9999.0,-9999.0,-9999.0,-9999.0,-9999.0,-9999.0,-9999.0,-9999.0,161.0,lane7,spur3,stable_reference,6.970985476344701,-0.0116899429111818,-0.0960768763157929,-0.1140287350845005,-0.0960768763157929,14.516665999999997,518.3292869397212,1.1609786117687195,383.8347093281106,1.6017308269308863,1.6017258947619113,0.17505800164882146,-0.04225930934166655,1.6978064548156295,-0.09607562788474322
P23_AV1_1_interaction,P23,AV1,1,on_ramp,P23_AV1_1,P23_AV1.1.asc,AV1,60,initiator_active,3934,1,65566.67,65566.6674,1.0,21.94,78.984,161.0,65.606399,-1498.833192,0.0,0.0,0.0,21.94,0.0,0.0,1498.7996,-34.593233,6.282962,1.0,0.0,0.0,0.0,0.0,1633.490798,-36.135257,1021.0,1.0,133.056524,7.0,-0.977285,34.216235,123.178445,34.216155,-0.074012,4.3e-05,-0.422376,0.316231,8e-06,-0.02983,0.0,0.0,0.0,0.0,0.0,0.0,-9999.0,-9999.0,-9999.0,-9999.0,-9999.0,-9999.0,-9999.0,-9999.0,-9999.0,-9999.0,-9999.0,-9999.0,-9999.0,-9999.0,161.0,lane7,spur3,stable_reference,6.981046273067609,-0.0033321582562232,-0.0950339130539548,-0.1087604337890944,-0.0950339130539548,14.533333400000004,518.8996640489352,1.1625593883771077,384.20036478090896,1.6046378819471725,1.6046372689140038,0.17438493938209376,-0.031610043506029584,1.6996705601224298,-0.09503267817525729
P23_AV1_1_interaction,P23,AV1,1,on_ramp,P23_AV1_1,P23_AV1.1.asc,AV1,60,initiator_active,3935,1,65583.33,65583.3341,1.0,21.94,78.984,161.0,65.972064,-1499.198764,0.0,0.0,0.0,21.94,0.0,0.0,1499.165267,-34.593321,6.282939,1.0,0.0,0.0,0.0,0.0,1634.061052,-36.138246,1021.0,1.0,133.626786,7.0,-0.977394,34.209185,123.153066,34.209103,-0.074675,4.3e-05,-0.422273,0.318459,3.7e-05,-0.02983,0.0,0.0,0.0,0.0,0.0,0.0,-9999.0,-9999.0,-9999.0,-9999.0,-9999.0,-9999.0,-9999.0,-9999.0,-9999.0,-9999.0,-9999.0,-9999.0,-9999.0,-9999.0,161.0,lane7,spur3,stable_reference,6.991098073251327,0.0050166287945282,-0.0939999497497544,-0.1035011315313507,-0.0939999497497544,14.55000009999999,519.4699234434385,1.1642272066243347,384.56602030720165,1.6075359372635372,1.6075388601755116,0.1740042970171629,-0.016083041398637477,1.701534665570001,-0.09399872830646383
P23_AV1_1_interaction,P23,AV1,1,on_ramp,P23_AV1_1,P23_AV1.1.asc,AV1,60,initiator_active,3936,1,65600.0,65600.0001,1.0,21.94,78.984,161.0,66.337729,-1499.564335,0.0,0.0,0.0,21.94,0.0,0.0,1499.530933,-34.593415,6.282925,1.0,0.0,0.0,0.0,0.0,1634.631189,-36.141145,1021.0,1.0,134.19693,7.0,-0.977414,34.202136,123.127691,34.202054,-0.075241,4.4e-05,-0.422181,0.320402,6.2e-05,-0.02983,0.0,0.0,0.0,0.0,0.0,0.0,-9999.0,-9999.0,-9999.0,-9999.0,-9999.0,-9999.0,-9999.0,-9999.0,-9999.0,-9999.0,-9999.0,-9999.0,-9999.0,-9999.0,161.0,lane7,spur3,stable_reference,7.001143848012767,0.0133593943702262,-0.0930047256014516,-0.0993742911604856,-0.0930047256014516,14.566666100000003,520.040065106899,1.1659840664437087,384.93167488252385,1.6104279846139222,1.6104373020723473,0.17384883873062762,-0.013634574651585574,1.703431412481103,-0.09300342786718074
P23_AV1_1_interaction,P23,AV1,1,on_ramp,P23_AV1_1,P23_AV1.1.asc,AV1,60,initiator_active,3937,1,65616.67,65616.6672,1.0,21.94,78.984,161.0,66.703394,-1499.929906,0.0,0.0,0.0,21.94,0.0,0.0,1499.8966,-34.593512,6.282917,1.0,0.0,0.0,0.0,0.0,1635.201209,-36.143954,1021.0,1.0,134.766957,7.0,-0.977345,34.195089,123.102322,34.195006,-0.075719,4.5e-05,-0.42209,0.321681,8.2e-05,-0.029673,0.0,0.0,0.0,0.0,0.0,0.0,-9999.0,-9999.0,-9999.0,-9999.0,-9999.0,-9999.0,-9999.0,-9999.0,-9999.0,-9999.0,-9999.0,-9999.0,-9999.0,-9999.0,161.0,lane7,spur3,stable_reference,7.011186651657337,0.0216991838167971,-0.0920473498541803,-0.0964201186414608,-0.0920473498541803,14.583333199999993,520.6100890393169,1.1678299678352322,385.29733048231094,1.6133170402303794,1.6133337807596102,0.17354980490178207,-0.03217272998530074,1.705363105708958,-0.09204606547857863
P23_AV1_1_interaction,P23,AV1,1,on_ramp,P23_AV1_1,P23_AV1.1.asc,AV1,60,initiator_active,3938,1,65633.33,65633.3334,1.0,21.94,78.984,161.0,67.069059,-1500.295478,0.0,0.0,0.0,21.94,0.0,0.0,1500.262267,-34.593612,6.282913,1.0,0.0,0.0,0.0,0.0,1635.771112,-36.146673,1021.0,1.0,135.336867,7.0,-0.977186,34.188044,123.076957,34.187959,-0.076114,4.7e-05,-0.422002,0.323083,9.7e-05,-0.029673,0.0,0.0,0.0,0.0,0.0,0.0,-9999.0,-9999.0,-9999.0,-9999.0,-9999.0,-9999.0,-9999.0,-9999.0,-9999.0,-9999.0,-9999.0,-9999.0,-9999.0,-9999.0,161.0,lane7,spur3,stable_reference,7.021226456455501,0.0300359740619519,-0.0910929740944539,-0.0934689460180069,-0.0910929740944539,14.5999994,521.1799952406918,1.1697649107989012,385.6629861065962,1.616203095946858,1.6162222902059846,0.17277644108561674,-0.0646918356548083,1.7072947989825187,-0.09109170303566061
P23_AV1_1_interaction,P23,AV1,1,on_ramp,P23_AV1_1,P23_AV1.1.asc,AV1,60,initiator_active,3939,1,65650.0,65650.0008,1.0,21.94,78.984,161.0,67.434724,-1500.66105,0.0,0.0,0.0,21.94,0.0,0.0,1500.627933,-34.593712,6.282911,1.0,0.0,0.0,0.0,0.0,1636.340897,-36.149302,1021.0,1.0,135.906659,7.0,-0.976936,34.180999,123.051598,34.180914,-0.076428,4.9e-05,-0.421914,0.324241,0.000106,-0.029673,0.0,0.002198,0.0,0.0,0.0,0.0,-9999.0,-9999.0,-9999.0,-9999.0,-9999.0,-9999.0,-9999.0,-9999.0,-9999.0,-9999.0,-9999.0,-9999.0,-9999.0,-9999.0,161.0,lane7,spur3,stable_reference,7.031266233524159,0.0383727412348517,-0.0901386012181434,-0.0905177817386682,-0.0901386012181434,14.616666799999992,521.7497827110575,1.171788887168678,386.0286407309147,1.6190891434973003,1.6190930402425863,0.1713933492343216,-0.10008886426505548,1.7092264869734195,-0.09013734347611924
P23_AV1_1_interaction,P23,AV1,1,on_ramp,P23_AV1_1,P23_AV1.1.asc,AV1,60,initiator_active,3940,1,65666.67,65666.6675,1.0,21.94,78.984,7.0,0.187569,-1501.026622,0.0,0.0,0.0,21.94,0.0,0.0,1500.9936,-34.593827,6.282828,1.0,0.0,0.0,0.0,0.0,1636.910566,-36.151839,1021.0,1.0,136.476332,7.0,-0.976597,34.173688,123.025277,34.173602,-0.076671,5e-05,-0.442574,0.324377,8.4e-05,-0.029359,0.0,0.0,0.0,0.0,0.0,0.0,-9999.0,-9999.0,-9999.0,-9999.0,-9999.0,-9999.0,-9999.0,-9999.0,-9999.0,-9999.0,-9999.0,-9999.0,-9999.0,-9999.0,7.0,lane7,spur3,stable_reference,7.036571957482529,0.0466945354730082,-0.0886053341366075,-0.0875816085930235,-0.0886053341366075,14.633333499999994,522.3194534340149,1.173903913209954,386.39429647769055,1.6219601997139215,1.621935534430375,0.16944009282462247,-0.12970365583171972,1.710565075770417,-0.08860487605649547
P23_AV1_1_interaction,P23,AV1,1,on_ramp,P23_AV1_1,P23_AV1.1.asc,AV1,60,initiator_active,3941,1,65683.33,65683.3341,1.0,21.94,78.984,7.0,0.553232,-1501.392194,0.0,0.0,0.0,21.94,0.0,0.0,1501.359266,-34.594003,6.282663,1.0,0.0,0.0,0.0,0.0,1637.480114,-36.154285,1021.0,1.0,137.045886,7.0,-0.976167,34.166558,122.999608,34.166471,-0.076847,5.1e-05,-0.422665,0.325095,5.9e-05,-0.029359,0.0,0.0,0.0,0.0,0.0,0.0,-9999.0,-9999.0,-9999.0,-9999.0,-9999.0,-9999.0,-9999.0,-9999.0,-9999.0,-9999.0,-9999.0,-9999.0,-9999.0,-9999.0,7.0,lane7,spur3,stable_reference,7.0382482651302265,0.0549553228771041,-0.0869710811790179,-0.0847064416679207,-0.0869710811790179,14.65000009999999,522.8890024178969,1.176108948125868,386.7599517226283,1.6247702497984005,1.6247410379105802,0.16706990086508,-0.14733607863823828,1.711740881346219,-0.08697063154781848
P23_AV1_1_interaction,P23,AV1,1,on_ramp,P23_AV1_1,P23_AV1.1.asc,AV1,60,initiator_active,3942,1,65700.0,65700.0006,1.0,21.94,78.984,7.0,0.918895,-1501.757767,0.0,0.0,0.0,21.94,0.0,0.0,1501.724933,-34.594237,6.282508,1.0,0.0,0.0,0.0,0.0,1638.049543,-36.15664,1021.0,1.0,137.61532,7.0,-0.975646,34.159511,122.974241,34.159425,-0.076955,5.2e-05,-0.421859,0.3256,4.2e-05,-0.029359,0.0,0.0,0.0,0.0,0.0,0.0,-9999.0,-9999.0,-9999.0,-9999.0,-9999.0,-9999.0,-9999.0,-9999.0,-9999.0,-9999.0,-9999.0,-9999.0,-9999.0,-9999.0,7.0,lane7,spur3,stable_reference,7.03986657858764,0.0631581487930605,-0.085394822560123,-0.0818892643795525,-0.085394822560123,14.666666599999997,523.4584316626369,1.1784040082485008,387.12560844116325,1.6275223099828031,1.6275044923950972,0.16452892560656096,-0.14731286611143535,1.7129166910608158,-0.08539438107801267
P23_AV1_1_interaction,P23,AV1,1,on_ramp,P23_AV1_1,P23_AV1.1.asc,AV1,60,initiator_active,3943,1,65716.67,65716.6676,1.0,21.94,78.984,7.0,1.284558,-1502.123342,0.0,0.0,0.0,21.94,0.0,0.0,1502.0906,-34.594517,6.282393,1.0,0.0,0.0,0.0,0.0,1638.618855,-36.158904,1021.0,1.0,138.184636,7.0,-0.975035,34.152471,122.948895,34.152384,-0.076999,5.3e-05,-0.421623,0.325906,5.8e-05,-0.029359,0.0,0.0,0.0,0.0,0.0,0.0,-9999.0,-9999.0,-9999.0,-9999.0,-9999.0,-9999.0,-9999.0,-9999.0,-9999.0,-9999.0,-9999.0,-9999.0,-9999.0,-9999.0,7.0,lane7,spur3,stable_reference,7.041438892635232,0.0713149869542169,-0.0838645633775456,-0.0791180854898015,-0.0838645633775456,14.683333599999997,524.0277431681678,1.1807891099099408,387.49126553533614,1.6302283717009647,1.630225361572267,0.1621594525898047,-0.12363323139124383,1.7140925015076762,-0.08386412980671154
P23_AV1_1_interaction,P23,AV1,1,on_ramp,P23_AV1_1,P23_AV1.1.asc,AV1,60,initiator_active,3944,1,65733.33,65733.3341,1.0,21.94,78.984,7.0,1.650221,-1502.488918,0.0,0.0,0.0,21.94,0.0,0.0,1502.456266,-34.594829,6.282315,1.0,0.0,0.0,0.0,0.0,1639.18805,-36.161076,1021.0,1.0,138.753835,7.0,-0.974332,34.145433,122.923559,34.145346,-0.076986,5.4e-05,-0.421487,0.326028,8.5e-05,-0.029359,0.0,0.0,0.0,0.0,0.0,0.0,-9999.0,-9999.0,-9999.0,-9999.0,-9999.0,-9999.0,-9999.0,-9999.0,-9999.0,-9999.0,-9999.0,-9999.0,-9999.0,-9999.0,7.0,lane7,spur3,stable_reference,7.042979202027828,0.0794398105615208,-0.0823663087533837,-0.0763789138301525,-0.0823663087533837,14.70000009999999,524.5969369263241,1.1832652530768402,387.8569218908557,1.632902426320058,1.6329098355974148,0.16040777875595325,-0.08291044787195911,1.715268309248424,-0.082365882928366
P23_AV1_1_interaction,P23,AV1,1,on_ramp,P23_AV1_1,P23_AV1.1.asc,AV1,60,initiator_active,3945,1,65750.0,65750.0008,1.0,21.94,78.984,7.0,2.015884,-1502.854495,0.0,0.0,0.0,21.94,0.0,0.0,1502.821933,-34.595161,6.282267,1.0,0.0,0.0,0.0,0.0,1639.757128,-36.163156,1021.0,1.0,139.322916,7.0,-0.973539,34.138397,122.898231,34.138311,-0.076921,5.6e-05,-0.421384,0.325984,0.000111,-0.029359,0.0,0.0,0.0,0.0,0.0,0.0,-9999.0,-9999.0,-9999.0,-9999.0,-9999.0,-9999.0,-9999.0,-9999.0,-9999.0,-9999.0,-9999.0,-9999.0,-9999.0,-9999.0,7.0,lane7,spur3,stable_reference,7.044499516742587,0.0875446625650789,-0.0808880489335926,-0.073659733130134,-0.0808880489335926,14.716666799999992,525.1660129371055,1.1858324377492033,388.2225794096629,1.6355564897720425,1.6355722658781833,0.15939579092526657,-0.0531692408231752,1.7164441205230627,-0.08088763075102023
P23_AV1_1_interaction,P23,AV1,1,on_ramp,P23_AV1_1,P23_AV1.1.asc,AV1,60,initiator_active,3946,1,65766.67,65766.6669,1.0,21.94,78.984,7.0,2.381548,-1503.220073,0.0,0.0,0.0,21.94,0.0,0.0,1503.187599,-34.595504,6.28224,1.0,0.0,0.0,0.0,0.0,1640.326089,-36.165146,1021.0,1.0,139.89188,7.0,-0.972655,34.131363,122.872908,34.131277,-0.076814,5.8e-05,-0.421287,0.325019,0.000128,-0.029045,0.0,0.0,0.0,0.0,0.0,0.0,-9999.0,-9999.0,-9999.0,-9999.0,-9999.0,-9999.0,-9999.0,-9999.0,-9999.0,-9999.0,-9999.0,-9999.0,-9999.0,-9999.0,7.0,lane7,spur3,stable_reference,7.046008826532908,0.095638494424576,-0.0794207939295618,-0.0709515603912941,-0.0794207939295618,14.733332899999994,525.7349712168441,1.1884886639937144,388.58823601832995,1.6381995454247538,1.6382229440368092,0.1586354900257163,-0.054655336006458555,1.717619928757295,-0.07942038333254131
P23_AV1_1_interaction,P23,AV1,1,on_ramp,P23_AV1_1,P23_AV1.1.asc,AV1,60,initiator_active,3947,1,65783.33,65783.3335,1.0,21.94,78.984,7.0,2.747211,-1503.58565,0.0,0.0,0.0,21.94,0.0,0.0,1503.553266,-34.595854,6.282226,1.0,0.0,0.0,0.0,0.0,1640.894934,-36.167044,1021.0,1.0,140.460726,7.0,-0.971681,34.124331,122.847591,34.124245,-0.076669,6e-05,-0.421196,0.324691,0.000138,-0.029045,0.0,0.0,0.0,0.0,0.0,0.0,-9999.0,-9999.0,-9999.0,-9999.0,-9999.0,-9999.0,-9999.0,-9999.0,-9999.0,-9999.0,-9999.0,-9999.0,-9999.0,-9999.0,7.0,lane7,spur3,stable_reference,7.047511141478602,0.1037253512197269,-0.0779605338891979,-0.0682503790646519,-0.0779605338891979,14.74999949999999,526.3038127491745,1.1912359399097332,388.9538936841257,1.6408356094769005,1.64086001466595,0.15757397197089773,-0.08029541918336403,1.7187957403184662,-0.07796013084156561
P23_AV1_1_interaction,P23,AV1,1,on_ramp,P23_AV1_1,P23_AV1.1.asc,AV1,60,initiator_active,3948,1,65800.0,65800.0,1.0,21.94,78.984,7.0,3.112875,-1503.951228,0.0,0.0,0.0,21.94,0.0,0.0,1503.918932,-34.596206,6.28222,1.0,0.0,0.0,0.0,0.0,1641.495253,-36.168948,1021.0,1.0,141.061048,7.0,-0.970554,34.116909,122.820873,34.116824,-0.07647,6.3e-05,-0.421102,0.324219,0.00014,-0.029045,0.0,0.0,0.0,0.0,0.0,0.0,-9999.0,-9999.0,-9999.0,-9999.0,-9999.0,-9999.0,-9999.0,-9999.0,-9999.0,-9999.0,-9999.0,-9999.0,-9999.0,-9999.0,7.0,lane7,spur3,stable_reference,7.0490114513843976,0.1118101854750292,-0.0765022787748778,-0.0655512060124958,-0.0765022787748778,14.766665999999997,526.9041272810737,1.1942342340577223,389.31955036628716,1.6434696654296974,1.6434753731320926,0.155958998109341,-0.11419766191493075,1.7199715486959664,-0.07650188326626894
P23_AV1_1_interaction,P23,AV1,1,on_ramp,P23_AV1_1,P23_AV1.1.asc,AV1,60,initiator_active,3949,1,65816.67,65816.6673,1.0,21.94,78.984,7.0,3.478539,-1504.316806,0.0,0.0,0.0,21.94,0.0,0.0,1504.284599,-34.596577,6.282126,1.0,0.0,0.0,0.0,0.0,1642.063857,-36.17066,1021.0,1.0,141.629653,7.0,-0.969393,34.10988,122.795568,34.109795,-0.076244,6.5e-05,-0.421013,0.323647,0.000136,-0.029045,0.0,0.0,0.0,0.0,0.0,0.0,-9999.0,-9999.0,-9999.0,-9999.0,-9999.0,-9999.0,-9999.0,-9999.0,-9999.0,-9999.0,-9999.0,-9999.0,-9999.0,-9999.0,7.0,lane7,spur3,stable_reference,7.050492766599526,0.1198760478603834,-0.075063018477176,-0.0628710239547802,-0.075063018477176,14.783333299999999,527.4727263025558,1.1971655357556805,389.68520820357,1.6460847301820454,1.6460587191745646,0.1537673022702748,-0.1446372269500893,1.7211473605914347,-0.07506263040938932
P23_AV1_1_interaction,P23,AV1,1,on_ramp,P23_AV1_1,P23_AV1.1.asc,AV1,60,initiator_active,3950,1,65833.33,65833.3334,1.0,21.94,78.984,7.0,3.844202,-1504.682384,0.0,0.0,0.0,21.94,0.0,0.0,1504.650265,-34.597015,6.281942,1.0,0.0,0.0,0.0,0.0,1642.632344,-36.17228,1021.0,1.0,142.198141,7.0,-0.968143,34.102852,122.770267,34.102767,-0.075986,6.7e-05,-0.420924,0.322969,0.000128,-0.029045,0.0,0.0,0.0,0.0,0.0,0.0,-9999.0,-9999.0,-9999.0,-9999.0,-9999.0,-9999.0,-9999.0,-9999.0,-9999.0,-9999.0,-9999.0,-9999.0,-9999.0,-9999.0,7.0,lane7,spur3,stable_reference,7.05190707760871,0.1278749050088859,-0.0736907623089999,-0.0602578479087237,-0.0736907623089999,14.7999994,528.041207576663,1.200187878959096,390.05086558801094,1.6486327890023154,1.6486009630716523,0.15113777910452342,-0.1634909967221887,1.7223231703379458,-0.07369038133563044
P23_AV1_1_interaction,P23,AV1,1,on_ramp,P23_AV1_1,P23_AV1.1.asc,AV1,60,initiator_active,3951,1,65850.0,65850.0001,1.0,21.94,78.984,7.0,4.209866,-1505.047964,0.0,0.0,0.0,21.94,0.0,0.0,1505.015931,-34.597518,6.28177,1.0,0.0,0.0,0.0,0.0,1643.169141,-36.173728,1021.0,1.0,142.734939,7.0,-0.96688,34.096216,122.746378,34.096132,-0.075717,6.9e-05,-0.42084,0.322244,0.000118,-0.029045,0.0,0.0,0.0,0.0,0.0,0.0,-9999.0,-9999.0,-9999.0,-9999.0,-9999.0,-9999.0,-9999.0,-9999.0,-9999.0,-9999.0,-9999.0,-9999.0,-9999.0,-9999.0,7.0,lane7,spur3,stable_reference,7.05325638945184,0.1358087794603782,-0.0723757895469112,-0.0577096695998435,-0.0723757895469112,14.816666100000003,528.5779985028405,1.2031234345304067,390.41652350324466,1.6511158499898533,1.6510965628554208,0.14831768271751855,-0.16367143005942975,1.7234912711290977,-0.07237542113924444
P23_AV1_1_interaction,P23,AV1,1,on_ramp,P23_AV1_1,P23_AV1.1.asc,AV1,60,initiator_active,3952,1,65866.67,65866.6679,1.0,21.94,78.984,7.0,4.575531,-1505.413545,0.0,0.0,0.0,21.94,0.0,0.0,1505.381598,-34.598072,6.281641,1.0,0.0,0.0,0.0,0.0,1643.737401,-36.175172,1021.0,1.0,143.303198,7.0,-0.965455,34.089191,122.721089,34.089108,-0.075409,7.1e-05,-0.420751,0.321399,0.000105,-0.029045,0.0,0.0,0.0,0.0,0.0,0.0,-9999.0,-9999.0,-9999.0,-9999.0,-9999.0,-9999.0,-9999.0,-9999.0,-9999.0,-9999.0,-9999.0,-9999.0,-9999.0,-9999.0,7.0,lane7,spur3,stable_reference,7.054554707014871,0.1436916905603304,-0.0711104299466418,-0.0552124811713906,-0.0711104299466418,14.833333899999998,529.146251347293,1.2063199181737843,390.7821828349133,1.6535479208439126,1.6535450557464855,0.14568188599444198,-0.1388154960068304,1.7246579888238283,-0.0711100679799157
P23_AV1_1_interaction,P23,AV1,1,on_ramp,P23_AV1_1,P23_AV1.1.asc,AV1,60,initiator_active,3953,1,65883.33,65883.3342,1.0,21.94,78.984,7.0,4.941195,-1505.779128,0.0,0.0,0.0,21.94,0.0,0.0,1505.747264,-34.598661,6.281555,1.0,0.0,0.0,0.0,0.0,1644.305544,-36.176528,1021.0,1.0,143.871341,7.0,-0.963941,34.082168,122.695805,34.082085,-0.075082,7.2e-05,-0.420661,0.320487,9.2e-05,-0.029045,0.0,0.0,0.0,0.0,0.0,0.0,-9999.0,-9999.0,-9999.0,-9999.0,-9999.0,-9999.0,-9999.0,-9999.0,-9999.0,-9999.0,-9999.0,-9999.0,-9999.0,-9999.0,7.0,lane7,spur3,stable_reference,7.055818019961393,0.1515395879050353,-0.0698800748885875,-0.0527502998686062,-0.0698800748885875,14.850000199999995,529.7143864770347,1.2096034434560072,391.147841452427,1.655944984698927,1.6559527410642776,0.1436903351300245,-0.09530921907909029,1.7258247038835492,-0.06987971918462232
P23_AV1_1_interaction,P23,AV1,1,on_ramp,P23_AV1_1,P23_AV1.1.asc,AV1,60,initiator_active,3954,1,65900.0,65900.0008,1.0,21.94,78.984,7.0,5.306859,-1506.144711,0.0,0.0,0.0,21.94,0.0,0.0,1506.11293,-34.599272,6.281503,1.0,0.0,0.0,0.0,0.0,1644.905123,-36.177861,1021.0,1.0,144.470919,7.0,-0.962246,34.074756,122.669123,34.074675,-0.074719,7.4e-05,-0.420567,0.319463,7.6e-05,-0.029045,0.0,0.0,0.0,0.0,0.0,0.0,-9999.0,-9999.0,-9999.0,-9999.0,-9999.0,-9999.0,-9999.0,-9999.0,-9999.0,-9999.0,-9999.0,-9999.0,-9999.0,-9999.0,7.0,lane7,spur3,stable_reference,7.057059333190172,0.1593654911061265,-0.0686717195582344,-0.0503101177999441,-0.0686717195582344,14.866666799999992,530.3139563707969,1.2131666756936317,391.51350024959333,1.6583200492874772,1.658334670853959,0.14250496783780875,-0.05951244547881451,1.7269914192925235,-0.0686713700050463
P23_AV1_1_interaction,P23,AV1,1,on_ramp,P23_AV1_1,P23_AV1.1.asc,AV1,60,initiator_active,3955,1,65916.67,65916.6676,1.0,21.94,78.984,7.0,5.672524,-1506.510295,0.0,0.0,0.0,21.94,0.0,0.0,1506.478596,-34.599896,6.281473,1.0,0.0,0.0,0.0,0.0,1645.441479,-36.178969,1021.0,1.0,145.007274,7.0,-0.960646,34.068126,122.645255,34.068045,-0.074382,7.5e-05,-0.420483,0.318505,6e-05,-0.029045,0.0,0.0,0.0,0.0,0.0,0.0,-9999.0,-9999.0,-9999.0,-9999.0,-9999.0,-9999.0,-9999.0,-9999.0,-9999.0,-9999.0,-9999.0,-9999.0,-9999.0,-9999.0,7.0,lane7,spur3,stable_reference,7.0582876465857405,0.167178397767818,-0.0674763640669722,-0.0478829352787186,-0.0674763640669722,14.883333599999998,530.850303535224,1.216438618703538,391.87915915291825,1.6606821143094799,1.6607029159946456,0.14170658762387944,-0.05195853372661752,1.7281581349078698,-0.06747602059838997
P23_AV1_1_interaction,P23,AV1,1,on_ramp,P23_AV1_1,P23_AV1.1.asc,AV1,60,initiator_active,3956,1,65933.33,65933.334,1.0,21.94,78.984,7.0,6.038189,-1506.875879,0.0,0.0,0.0,21.94,0.0,0.0,1506.844262,-34.600527,6.281457,1.0,0.0,0.0,0.0,0.0,1646.040812,-36.180114,1021.0,1.0,145.606605,7.0,-0.958764,34.060718,122.618585,34.060638,-0.074002,7.6e-05,-0.420385,0.316621,4e-05,-0.028731,0.0,0.0,0.0,0.0,0.0,0.0,-9999.0,-9999.0,-9999.0,-9999.0,-9999.0,-9999.0,-9999.0,-9999.0,-9999.0,-9999.0,-9999.0,-9999.0,-9999.0,-9999.0,7.0,lane7,spur3,stable_reference,7.059508960071123,0.1749843062929225,-0.0662880084890607,-0.0454627525137983,-0.0662880084890607,14.9,531.4496259019724,1.2201878358262037,392.2448181134057,1.6630371795648866,1.663058205190128,0.1407730268862366,-0.06758164809925127,1.7293248506343393,-0.06628767106945266
P23_AV1_1_interaction,P23,AV1,1,on_ramp,P23_AV1_1,P23_AV1.1.asc,AV1,60,initiator_active,3957,1,65950.0,65950.0011,1.0,21.94,78.984,7.0,6.403853,-1507.241463,0.0,0.0,0.0,21.94,0.0,0.0,1507.209928,-34.601161,6.28145,1.0,0.0,0.0,0.0,0.0,1646.576947,-36.181055,1021.0,1.0,146.142738,7.0,-0.956998,34.054091,122.594728,34.054011,-0.073658,7.6e-05,-0.420301,0.315617,2e-05,-0.028731,0.0,0.0,0.0,0.0,0.0,0.0,-9999.0,-9999.0,-9999.0,-9999.0,-9999.0,-9999.0,-9999.0,-9999.0,-9999.0,-9999.0,-9999.0,-9999.0,-9999.0,-9999.0,7.0,lane7,spur3,stable_reference,7.060727273594996,0.1827872156166181,-0.0651026528740224,-0.0430455696444412,-0.0651026528740224,14.91666709999999,531.985750710039,1.2236249685724216,392.610477098391,1.6653892449203198,1.6653953729211206,0.13945383856267313,-0.09243491588508768,1.7304915664084384,-0.06510232148811856
P23_AV1_1_interaction,P23,AV1,1,on_ramp,P23_AV1_1,P23_AV1.1.asc,AV1,60,initiator_active,3958,1,65966.67,65966.6672,1.0,21.94,78.984,7.0,6.769518,-1507.607047,0.0,0.0,0.0,21.94,0.0,0.0,1507.575594,-34.601809,6.281374,1.0,0.0,0.0,0.0,0.0,1647.176033,-36.182014,1021.0,1.0,146.741821,7.0,-0.954931,34.046686,122.56807,34.046607,-0.073264,7.6e-05,-0.420206,0.314475,-1e-06,-0.029045,0.0,0.0,0.0,0.0,0.0,0.0,-9999.0,-9999.0,-9999.0,-9999.0,-9999.0,-9999.0,-9999.0,-9999.0,-9999.0,-9999.0,-9999.0,-9999.0,-9999.0,-9999.0,7.0,lane7,spur3,stable_reference,7.061931587298482,0.1905761286671093,-0.0639312970857007,-0.0406423862877126,-0.0639312970857007,14.933333199999995,532.5848245661391,1.2275581624807699,392.97613619770095,1.6677273107425432,1.6677066494268171,0.13769190191860758,-0.11593691191063815,1.7316582824047828,-0.0639309716622396
P23_AV1_1_interaction,P23,AV1,1,on_ramp,P23_AV1_1,P23_AV1.1.asc,AV1,60,initiator_active,3959,1,65983.33,65983.334,1.0,21.94,78.984,7.0,7.135183,-1507.972632,0.0,0.0,0.0,21.94,0.0,0.0,1507.94126,-34.602512,6.281227,1.0,0.0,0.0,0.0,0.0,1647.743469,-36.182832,1021.0,1.0,147.309254,7.0,-0.952884,34.039673,122.542822,34.039595,-0.072886,7.6e-05,-0.420117,0.313364,-1.8e-05,-0.028731,0.0,0.0,0.0,0.0,0.0,0.0,-9999.0,-9999.0,-9999.0,-9999.0,-9999.0,-9999.0,-9999.0,-9999.0,-9999.0,-9999.0,-9999.0,-9999.0,-9999.0,-9999.0,7.0,lane7,spur3,stable_reference,7.063080901707634,0.1983100563586095,-0.0628149406166035,-0.0382942010162687,-0.0628149406166035,14.95,533.1522483261232,1.2313738964323502,393.3417957461435,1.6700103783986273,1.6699850419333906,0.13558931076737935,-0.13025872837816177,1.7328249992742533,-0.06281462087562595
P23_AV1_1_interaction,P23,AV1,1,on_ramp,P23_AV1_1,P23_AV1.1.asc,AV1,60,initiator_active,3960,1,66000.0,66000.0007,1.0,21.94,78.984,7.0,7.500848,-1508.338218,0.0,0.0,0.0,21.94,0.0,0.0,1508.306926,-34.603267,6.281089,1.0,0.0,0.0,0.0,0.0,1648.310787,-36.183562,1021.0,1.0,147.876569,7.0,-0.950749,34.032661,122.517578,34.032583,-0.072504,7.6e-05,-0.420028,0.312241,-3.3e-05,-0.028731,0.0,0.0,0.0,0.0,0.0,0.0,-9999.0,-9999.0,-9999.0,-9999.0,-9999.0,-9999.0,-9999.0,-9999.0,-9999.0,-9999.0,-9999.0,-9999.0,-9999.0,-9999.0,7.0,lane7,spur3,stable_reference,7.064178216783938,0.2059919978924972,-0.0617505835038894,-0.0359980139345734,-0.0617505835038894,14.966666700000001,533.7195533714298,1.2352766638567105,393.70745571922,1.6722414477885181,1.672226315939911,0.13334992341706453,-0.13037283624469032,1.7339917169692274,-0.06175026918070925
P23_AV1_1_interaction,P23,AV1,1,on_ramp,P23_AV1_1,P23_AV1.1.asc,AV1,60,initiator_active,3961,1,66016.67,66016.6667,1.0,21.94,78.984,7.0,7.866513,-1508.703805,0.0,0.0,0.0,21.94,0.0,0.0,1508.672592,-34.604062,6.280987,1.0,0.0,0.0,0.0,0.0,1648.877989,-36.184206,1021.0,1.0,148.443767,7.0,-0.948528,34.02565,122.492341,34.025574,-0.072121,7.5e-05,-0.419939,0.31111,-4.4e-05,-0.028731,0.0,0.0,0.0,0.0,0.0,0.0,-9999.0,-9999.0,-9999.0,-9999.0,-9999.0,-9999.0,-9999.0,-9999.0,-9999.0,-9999.0,-9999.0,-9999.0,-9999.0,-9999.0,7.0,lane7,spur3,stable_reference,7.065235532373452,0.2136339500743975,-0.0607262258960563,-0.0337418254603587,-0.0607262258960563,14.983332699999998,534.2867417183247,1.2392644811526377,394.0731160189382,1.6744325185121252,1.6744299565023884,0.1312436265426129,-0.1117152026869781,1.7351584352991918,-0.060725916787066625
P23_AV1_1_interaction,P23,AV1,1,on_ramp,P23_AV1_1,P23_AV1.1.asc,AV1,60,initiator_active,3962,1,66033.33,66033.3335,1.0,21.94,78.984,7.0,8.232178,-1509.069392,0.0,0.0,0.0,21.94,0.0,0.0,1509.038258,-34.604886,6.280918,1.0,0.0,0.0,0.0,0.0,1649.445074,-36.184763,1021.0,1.0,149.010848,7.0,-0.946221,34.018641,122.467109,34.018566,-0.07174,7.4e-05,-0.41985,0.30998,-5.3e-05,-0.028731,0.0,0.0,0.0,0.0,0.0,0.0,-9999.0,-9999.0,-9999.0,-9999.0,-9999.0,-9999.0,-9999.0,-9999.0,-9999.0,-9999.0,-9999.0,-9999.0,-9999.0,-9999.0,7.0,lane7,spur3,stable_reference,7.066263848335035,0.2212469099760968,-0.0597308472288171,-0.0315146359765766,-0.0597308472288171,14.99999949999999,534.8538123586748,1.243338340120746,394.4387765554719,1.6765945902026667,1.6766010319265376,0.12962616637776847,-0.07737452222756458,1.7363251334010303,-0.059730543198363684
P23_AV1_1_interaction,P23,AV1,1,on_ramp,P23_AV1_1,P23_AV1.1.asc,AV1,60,initiator_active,3963,1,66050.0,66050.0006,1.0,21.94,78.984,7.0,8.597843,-1509.434981,0.0,0.0,0.0,21.94,0.0,0.0,1509.403924,-34.605727,6.280876,1.0,0.0,0.0,0.0,0.0,1650.012043,-36.185233,1021.0,1.0,149.577811,7.0,-0.943829,34.011634,122.441883,34.011559,-0.071362,7.3e-05,-0.419761,0.308855,-5.9e-05,-0.028731,0.0,0.002198,0.0,0.0,0.0,0.0,-9999.0,-9999.0,-9999.0,-9999.0,-9999.0,-9999.0,-9999.0,-9999.0,-9999.0,-9999.0,-9999.0,-9999.0,-9999.0,-9999.0,7.0,lane7,spur3,stable_reference,7.067275164514728,0.2288428744031777,-0.058752466307522,-0.0293044459009791,-0.058752466307522,15.016666599999997,535.4207662924468,1.2474982489270674,394.8044372308281,1.6787396624600324,1.6787509017874145,0.12866444375962516,-0.04755945213428525,1.7374918297170672,-0.058752167257034804
P23_AV1_1_interaction,P23,AV1,1,on_ramp,P23_AV1_1,P23_AV1.1.asc,AV1,60,initiator_active,3964,1,66066.67,66066.6667,1.0,21.94,78.984,7.0,8.963508,-1509.80057,0.0,0.0,0.0,21.94,0.0,0.0,1509.769589,-34.606578,6.280852,1.0,0.0,0.0,0.0,0.0,1650.578894,-36.185618,1021.0,1.0,150.144657,7.0,-0.941351,34.00436,122.415695,34.004286,-0.070989,7.2e-05,-0.440437,0.307727,-9.1e-05,-0.028731,0.0,0.0,0.0,0.0,0.0,0.0,-9999.0,-9999.0,-9999.0,-9999.0,-9999.0,-9999.0,-9999.0,-9999.0,-9999.0,-9999.0,-9999.0,-9999.0,-9999.0,-9999.0,7.0,lane7,spur3,stable_reference,7.068276475757159,0.2364288184200199,-0.0577840902379411,-0.0271042638213684,-0.0577840902379411,15.033332699999999,535.9876015360398,1.2517421913062061,395.1700969878782,1.6808747268847868,1.6808898302120359,0.12804083736368455,-0.09108587732135165,1.7386585230012819,-0.05778379611649509
P23_AV1_1_interaction,P23,AV1,1,on_ramp,P23_AV1_1,P23_AV1.1.asc,AV1,60,initiator_active,3965,1,66083.33,66083.3344,1.0,21.94,78.984,7.0,9.329174,-1510.166159,0.0,0.0,0.0,21.94,0.0,0.0,1510.135255,-34.607435,6.28084,1.0,0.0,0.0,0.0,0.0,1651.145625,-36.185917,1021.0,1.0,150.711382,7.0,-0.938788,33.997267,122.390161,33.997194,-0.070622,7e-05,-0.420503,0.306645,-0.000122,-0.028731,0.0,0.0,0.0,0.0,0.0,0.0,-9999.0,-9999.0,-9999.0,-9999.0,-9999.0,-9999.0,-9999.0,-9999.0,-9999.0,-9999.0,-9999.0,-9999.0,-9999.0,-9999.0,7.0,lane7,spur3,stable_reference,7.06927179214213,0.2440087871063118,-0.0568217091186065,-0.0249100731887687,-0.0568217091186065,15.050000400000004,536.5543160813544,1.2560711508927314,395.5357577938911,1.683003799675633,1.6830189884943414,0.1256280335956177,-0.045401686791736395,1.7398252195713209,-0.056821419895687786
P23_AV1_1_interaction,P23,AV1,1,on_ramp,P23_AV1_1,P23_AV1.1.asc,AV1,60,initiator_active,3966,1,66100.47,66100.4749,1.0,21.94,78.984,7.0,9.694839,-1510.531748,0.0,0.0,0.0,21.94,0.0,0.0,1510.500921,-34.608294,6.280834,1.0,0.0,0.0,0.0,0.0,1651.712238,-36.186131,1021.0,1.0,151.277989,7.0,-0.93614,33.990258,122.364929,33.990185,-0.070263,6.8e-05,-0.419706,0.305571,-0.00014,-0.028731,0.0,0.0,0.0,0.0,0.0,0.0,-9999.0,-9999.0,-9999.0,-9999.0,-9999.0,-9999.0,-9999.0,-9999.0,-9999.0,-9999.0,-9999.0,-9999.0,-9999.0,-9999.0,7.0,lane7,spur3,stable_reference,7.070265108552769,0.251586756325012,-0.055861327974504,-0.0227178824865366,-0.055861327974504,15.067140899999998,537.1209119364895,1.2604841440520798,395.9014186162363,1.6851308725331717,1.6851350609849258,0.12660117310883834,0.04274265050061654,1.7409919161731036,-0.05586104363993183
P23_AV1_1_interaction,P23,AV1,1,on_ramp,P23_AV1_1,P23_AV1.1.asc,AV1,60,initiator_active,3967,1,66116.67,66116.6673,1.0,21.94,78.984,7.0,10.060504,-1510.897338,0.0,0.0,0.0,21.94,0.0,0.0,1510.866586,-34.609164,6.280781,1.0,0.0,0.0,0.0,0.0,1652.278733,-36.18626,1021.0,1.0,151.844478,7.0,-0.933408,33.983255,122.339719,33.983183,-0.069914,6.6e-05,-0.419471,0.304523,-0.000122,-0.028731,0.0,0.0,0.0,0.0,0.0,0.0,-9999.0,-9999.0,-9999.0,-9999.0,-9999.0,-9999.0,-9999.0,-9999.0,-9999.0,-9999.0,-9999.0,-9999.0,-9999.0,-9999.0,7.0,lane7,spur3,stable_reference,7.071247420038969,0.259153705399644,-0.0549119516697448,-0.020536699745485,-0.0549119516697448,15.083333299999998,537.6873891014455,1.2649811707842524,396.2670785284412,1.6872469375914356,1.6872331711039819,0.12707864100664779,-0.08391972747413146,1.7421586097589412,-0.05491167216750559
P23_AV1_1_interaction,P23,AV1,1,on_ramp,P23_AV1_1,P23_AV1.1.asc,AV1,60,initiator_active,3968,1,66133.33,66133.334,1.0,21.94,78.984,7.0,10.42617,-1511.262927,0.0,0.0,0.0,21.94,0.0,0.0,1511.232252,-34.610071,6.280678,1.0,0.0,0.0,0.0,0.0,1652.845112,-36.186304,1021.0,1.0,152.41085,7.0,-0.930592,33.976255,122.314519,33.976184,-0.069574,6.4e-05,-0.419336,0.303504,-9e-05,-0.028731,0.0,0.0,0.0,0.0,0.0,0.0,-9999.0,-9999.0,-9999.0,-9999.0,-9999.0,-9999.0,-9999.0,-9999.0,-9999.0,-9999.0,-9999.0,-9999.0,-9999.0,-9999.0,7.0,lane7,spur3,stable_reference,7.07219273706545,0.2666836873959383,-0.0539995699315095,-0.0183925073722414,-0.0539995699315095,15.1,538.2537495761555,1.2695622474213193,396.6327397427562,1.6893260120494216,1.689308349225067,0.12373449305962225,-0.14720456430066875,1.743325307122721,-0.05399929507329948
P23_AV1_1_interaction,P23,AV1,1,on_ramp,P23_AV1_1,P23_AV1.1.asc,AV1,60,initiator_active,3969,1,66150.0,66150.0007,1.0,21.94,78.984,7.0,10.791835,-1511.628518,0.0,0.0,0.0,21.94,0.0,0.0,1511.597917,-34.611015,6.280582,1.0,0.0,0.0,0.0,0.0,1653.411375,-36.186264,1021.0,1.0,152.977105,7.0,-0.927693,33.969257,122.289326,33.969187,-0.069245,6.3e-05,-0.419232,0.302516,-5.8e-05,-0.028731,0.0,0.0,0.0,0.0,0.0,0.0,-9999.0,-9999.0,-9999.0,-9999.0,-9999.0,-9999.0,-9999.0,-9999.0,-9999.0,-9999.0,-9999.0,-9999.0,-9999.0,-9999.0,7.0,lane7,spur3,stable_reference,7.073101049501069,0.2741766561693723,-0.0531241927107921,-0.0162853220550498,-0.0531241927107921,15.116666700000001,538.8199933687857,1.2742263739966346,396.9984002592483,1.6913680795750388,1.6913576624549358,0.12217181238298735,-0.09082537476149044,1.7444920018832983,-0.053123922308259575
P23_AV1_1_interaction,P23,AV1,1,on_ramp,P23_AV1_1,P23_AV1.1.asc,AV1,60,initiator_active,3970,1,66166.67,66166.6676,1.0,21.94,78.984,7.0,11.157501,-1511.994109,0.0,0.0,0.0,21.94,0.0,0.0,1511.963583,-34.611987,6.280511,1.0,0.0,0.0,0.0,0.0,1653.97752,-36.18614,1021.0,1.0,153.543242,7.0,-0.92471,33.962261,122.26414,33.962191,-0.068928,6.2e-05,-0.419139,0.301562,-3.4e-05,-0.028731,0.0,0.0,0.0,0.0,0.0,0.0,-9999.0,-9999.0,-9999.0,-9999.0,-9999.0,-9999.0,-9999.0,-9999.0,-9999.0,-9999.0,-9999.0,-9999.0,-9999.0,-9999.0,7.0,lane7,spur3,stable_reference,7.073981367361505,0.2816416554686636,-0.0522768101679922,-0.0142061274189754,-0.0522768101679922,15.133333599999998,539.3861184794027,1.2789735341781125,397.3640620043561,1.6933821562003,1.6933807752356205,0.12070695752159111,-0.07736219716558779,1.7456587002789425,-0.05227654407864257
P23_AV1_1_interaction,P23,AV1,1,on_ramp,P23_AV1_1,P23_AV1.1.asc,AV1,60,initiator_active,3971,1,66183.33,66183.334,1.0,21.94,78.984,7.0,11.523166,-1512.359701,0.0,0.0,0.0,21.94,0.0,0.0,1512.329248,-34.612978,6.280463,1.0,0.0,0.0,0.0,0.0,1654.543549,-36.185932,1021.0,1.0,154.109263,7.0,-0.921644,33.955266,122.238959,33.955197,-0.068622,6.2e-05,-0.419049,0.300641,-1.8e-05,-0.028731,0.0,0.0,0.0,0.0,0.0,0.0,-9999.0,-9999.0,-9999.0,-9999.0,-9999.0,-9999.0,-9999.0,-9999.0,-9999.0,-9999.0,-9999.0,-9999.0,-9999.0,-9999.0,7.0,lane7,spur3,stable_reference,7.074842680400144,0.2890876367535019,-0.0514484323655141,-0.0121459404655786,-0.0514484323655141,15.15,539.95212690794,1.283803744297839,397.72972290465214,1.6953772252930284,1.6953812243601898,0.11959306452850171,-0.05342849225847246,1.7468253957856417,-0.0514481704926133
P23_AV1_1_interaction,P23,AV1,1,on_ramp,P23_AV1_1,P23_AV1.1.asc,AV1,60,initiator_active,3972,1,66200.0,66200.0006,1.0,21.94,78.984,7.0,11.888832,-1512.725293,0.0,0.0,0.0,21.94,0.0,0.0,1512.694913,-34.613982,6.280434,1.0,0.0,0.0,0.0,0.0,1655.109461,-36.185641,1021.0,1.0,154.675167,7.0,-0.918495,33.948273,122.213783,33.948204,-0.068329,6.1e-05,-0.41896,0.299758,-1.1e-05,-0.028731,0.0,0.0,0.0,0.0,0.0,0.0,-9999.0,-9999.0,-9999.0,-9999.0,-9999.0,-9999.0,-9999.0,-9999.0,-9999.0,-9999.0,-9999.0,-9999.0,-9999.0,-9999.0,7.0,lane7,spur3,stable_reference,7.07569099360557,0.2965206214989335,-0.0506330544021232,-0.0100987530596184,-0.0506330544021232,15.166666599999997,540.5180176625969,1.2887159962231152,398.0953839111068,1.6973592948192089,1.6973671706812266,0.11892603095163423,-0.03315112967378031,1.747992091498711,-0.05063279667950216
P23_AV1_1_interaction,P23,AV1,1,on_ramp,P23_AV1_1,P23_AV1.1.asc,AV1,60,initiator_active,3973,1,66216.67,66216.6674,1.0,21.94,78.984,7.0,12.254498,-1513.090886,0.0,0.0,0.0,21.94,0.0,0.0,1513.060578,-34.614993,6.280417,1.0,0.0,0.0,0.0,0.0,1655.675257,-36.185267,1021.0,1.0,155.240953,7.0,-0.915264,33.941282,122.188614,33.941213,-0.068049,6.1e-05,-0.418871,0.298911,-1.1e-05,-0.028731,0.0,0.0,0.0,0.0,0.0,0.0,-9999.0,-9999.0,-9999.0,-9999.0,-9999.0,-9999.0,-9999.0,-9999.0,-9999.0,-9999.0,-9999.0,-9999.0,-9999.0,-9999.0,7.0,lane7,spur3,stable_reference,7.076532306900811,0.3039466081077709,-0.049824698465778,-0.0080585654099655,-0.049824698465778,15.183333400000004,541.0837917433399,1.2937102981199708,398.46104497472373,1.6993343645787917,1.699345433227823,0.11848802741106823,-0.027858542793751884,1.7491588094265984,-0.04982444484780668
P23_AV1_1_interaction,P23,AV1,1,on_ramp,P23_AV1_1,P23_AV1.1.asc,AV1,60,initiator_active,3974,1,66233.33,66233.3343,1.0,21.94,78.984,7.0,12.620163,-1513.456478,0.0,0.0,0.0,21.94,0.0,0.0,1513.426244,-34.616008,6.280408,1.0,0.0,0.0,0.0,0.0,1656.240936,-36.184811,1021.0,1.0,155.806623,7.0,-0.91195,33.934292,122.16345,33.934224,-0.067782,6.1e-05,-0.418783,0.298104,-1.4e-05,-0.028731,0.0,0.0,0.0,0.0,0.0,0.0,-9999.0,-9999.0,-9999.0,-9999.0,-9999.0,-9999.0,-9999.0,-9999.0,-9999.0,-9999.0,-9999.0,-9999.0,-9999.0,-9999.0,7.0,lane7,spur3,stable_reference,7.077369625312933,0.3113686188536641,-0.0490203381348981,-0.006022369276947,-0.0490203381348981,15.2000003,541.6494481583684,1.298785641855719,398.8267070709714,1.7013054426377832,1.7013168149991837,0.11799740232800104,-0.03543077011685103,1.7503255312490702,-0.04902008861128704
P23_AV1_1_interaction,P23,AV1,1,on_ramp,P23_AV1_1,P23_AV1.1.asc,AV1,60,initiator_active,3975,1,66250.0,66250.0007,1.0,21.94,78.984,7.0,12.985829,-1513.822071,0.0,0.0,0.0,21.94,0.0,0.0,1513.791909,-34.617024,6.280405,1.0,0.0,0.0,0.0,0.0,1656.806499,-36.184271,1021.0,1.0,156.372176,7.0,-0.908555,33.927303,122.138291,33.927236,-0.067528,6.1e-05,-0.418695,0.297335,-1.8e-05,-0.028731,0.0,0.0,0.0,0.0,0.0,0.0,-9999.0,-9999.0,-9999.0,-9999.0,-9999.0,-9999.0,-9999.0,-9999.0,-9999.0,-9999.0,-9999.0,-9999.0,-9999.0,-9999.0,7.0,lane7,spur3,stable_reference,7.078205938672322,0.3187896067934938,-0.0482169827670609,-0.0039871814532317,-0.0482169827670609,15.216666700000001,542.2149878913172,1.3039440355297178,399.19236817541855,1.7032755125640777,1.7032786763226868,0.11730700891511958,-0.048080880744932664,1.7514922498967715,-0.048216737332693826
P23_AV1_1_interaction,P23,AV1,1,on_ramp,P23_AV1_1,P23_AV1.1.asc,AV1,60,initiator_active,3976,1,66266.67,66266.6674,1.0,21.94,78.984,7.0,13.351495,-1514.187664,0.0,0.0,0.0,21.94,0.0,0.0,1514.157574,-34.618048,6.280365,1.0,0.0,0.0,0.0,0.0,1657.371945,-36.183649,1021.0,1.0,156.937611,7.0,-0.905078,33.920316,122.113138,33.920249,-0.067287,6e-05,-0.418606,0.296606,-2.3e-05,-0.028731,0.0,0.0,0.0,0.0,0.0,0.0,-9999.0,-9999.0,-9999.0,-9999.0,-9999.0,-9999.0,-9999.0,-9999.0,-9999.0,-9999.0,-9999.0,-9999.0,-9999.0,-9999.0,7.0,lane7,spur3,stable_reference,7.079034252134351,0.3262025968629246,-0.0474216273002153,-0.0019599933510154,-0.0474216273002153,15.233333400000003,542.7804099585516,1.3091834710426047,399.55802934519403,1.705237582757113,1.7052270210141183,0.1163947135280381,-0.05991725245541346,1.7526589686714835,-0.04742138591437062
P23_AV1_1_interaction,P23,AV1,1,on_ramp,P23_AV1_1,P23_AV1.1.asc,AV1,60,initiator_active,3977,1,66283.33,66283.334,1.0,21.94,78.984,7.0,13.71716,-1514.553257,0.0,0.0,0.0,21.94,0.0,0.0,1514.523239,-34.6191,6.280289,1.0,0.0,0.0,0.0,0.0,1657.937274,-36.182946,1021.0,1.0,157.50293,7.0,-0.901519,33.913331,122.08799,33.913264,-0.067059,6e-05,-0.418518,0.295916,-2.7e-05,-0.028731,0.0,0.0,0.0,0.0,0.0,0.0,-9999.0,-9999.0,-9999.0,-9999.0,-9999.0,-9999.0,-9999.0,-9999.0,-9999.0,-9999.0,-9999.0,-9999.0,-9999.0,-9999.0,7.0,lane7,spur3,stable_reference,7.079834565955621,0.3335875943859646,-0.0466542714867899,3.9195725958035554e-05,-0.0466542714867899,15.25,543.3457143682373,1.3145029484277229,399.92369074361875,1.7071716538837427,1.7071584963282773,0.11530977019977229,-0.06730307295364035,1.7538256878906873,-0.04665403400694457
P23_AV1_1_interaction,P23,AV1,1,on_ramp,P23_AV1_1,P23_AV1.1.asc,AV1,60,initiator_active,3978,1,66300.0,66300.0009,1.0,21.94,78.984,7.0,14.082826,-1514.918851,0.0,0.0,0.0,21.94,0.0,0.0,1514.888904,-34.620179,6.280218,1.0,0.0,0.0,0.0,0.0,1658.502487,-36.18216,1021.0,1.0,158.068132,7.0,-0.897879,33.906347,122.062848,33.906281,-0.066844,6e-05,-0.41843,0.295266,-3.1e-05,-0.028731,0.0,0.0,0.0,0.0,0.0,0.0,-9999.0,-9999.0,-9999.0,-9999.0,-9999.0,-9999.0,-9999.0,-9999.0,-9999.0,-9999.0,-9999.0,-9999.0,-9999.0,-9999.0,7.0,lane7,spur3,stable_reference,7.080607880123305,0.3409455990963954,-0.045913915339171,0.0020113857428787,-0.045913915339171,15.266666899999997,543.9109021040094,1.3199044757844287,400.28935236252636,1.7090787259106273,1.7090706988915412,0.1141512652219987,-0.06727995831907396,1.7549924075385186,-0.045913681627891334
P23_AV1_1_interaction,P23,AV1,1,on_ramp,P23_AV1_1,P23_AV1.1.asc,AV1,60,initiator_active,3979,1,66316.67,66316.6673,1.0,21.94,78.984,7.0,14.448492,-1515.284445,0.0,0.0,0.0,21.94,0.0,0.0,1515.254569,-34.621279,6.280165,1.0,0.0,0.0,0.0,0.0,1659.067584,-36.181293,1021.0,1.0,158.633216,7.0,-0.894158,33.899364,122.037711,33.899299,-0.066641,5.9e-05,-0.418342,0.294654,-3.3e-05,-0.028731,0.0,0.0,0.0,0.0,0.0,0.0,-9999.0,-9999.0,-9999.0,-9999.0,-9999.0,-9999.0,-9999.0,-9999.0,-9999.0,-9999.0,-9999.0,-9999.0,-9999.0,-9999.0,7.0,lane7,spur3,stable_reference,7.08136019456042,0.3482826093970295,-0.0451945589316265,0.0039625764908656,-0.0451945589316265,15.283333299999999,544.4759731821998,1.3253860531794173,400.6550141529211,1.7109647986377063,1.710963535276575,0.11306710493580141,-0.05732941498550703,1.756159127519725,-0.045194328882018686
P23_AV1_1_interaction,P23,AV1,1,on_ramp,P23_AV1_1,P23_AV1.1.asc,AV1,60,initiator_active,3980,1,66333.33,66333.334,1.0,21.94,78.984,7.0,14.814158,-1515.65004,0.0,0.0,0.0,21.94,0.0,0.0,1515.620234,-34.622394,6.28013,1.0,0.0,0.0,0.0,0.0,1659.632563,-36.180344,1021.0,1.0,159.198184,7.0,-0.890356,33.892383,122.01258,33.892318,-0.066452,5.8e-05,-0.418254,0.294081,-3.3e-05,-0.028731,0.0,0.0,0.0,0.0,0.0,0.0,-9999.0,-9999.0,-9999.0,-9999.0,-9999.0,-9999.0,-9999.0,-9999.0,-9999.0,-9999.0,-9999.0,-9999.0,-9999.0,-9999.0,7.0,lane7,spur3,stable_reference,7.082097509189986,0.35560462369066,-0.0444902023384183,0.0058987677610464,-0.0444902023384183,15.3,545.0409255947092,1.3309486642472446,401.02067606580647,1.712835871864928,1.7128395757041373,0.11224030273213259,-0.039310055185763915,1.7573258477390588,-0.04448997587413084
P23_AV1_1_interaction,P23,AV1,1,on_ramp,P23_AV1_1,P23_AV1.1.asc,AV1,60,initiator_active,3981,1,66350.0,66350.0015,1.0,21.94,78.984,7.0,15.179824,-1516.015635,0.0,0.0,0.0,21.94,0.0,0.0,1515.985899,-34.623517,6.280108,1.0,0.0,0.0,0.0,0.0,1660.197427,-36.179314,1021.0,1.0,159.763035,7.0,-0.886474,33.885404,121.987454,33.885339,-0.066274,5.8e-05,-0.418166,0.293546,-3.3e-05,-0.028731,0.0,0.0,0.0,0.0,0.0,0.0,-9999.0,-9999.0,-9999.0,-9999.0,-9999.0,-9999.0,-9999.0,-9999.0,-9999.0,-9999.0,-9999.0,-9999.0,-9999.0,-9999.0,7.0,lane7,spur3,stable_reference,7.082826823922193,0.3629186401138967,-0.0437938456461875,0.0078269593097283,-0.0437938456461875,15.316667499999996,545.6057623496035,1.3365913335193926,401.38633804402025,1.7146989453588901,1.714704975460859,0.11175675217138803,-0.02424943426162196,1.7584925680853887,-0.04379362272649856
P23_AV1_1_interaction,P23,AV1,1,on_ramp,P23_AV1_1,P23_AV1.1.asc,AV1,60,initiator_active,3982,1,66366.67,66366.6669,1.0,21.94,78.984,7.0,15.54549,-1516.38123,0.0,0.0,0.0,21.94,0.0,0.0,1516.351564,-34.624646,6.280096,1.0,0.0,0.0,0.0,0.0,1660.762174,-36.178203,1021.0,1.0,160.327769,7.0,-0.882511,33.878426,121.962334,33.878362,-0.066108,5.7e-05,-0.418078,0.293047,-3.2e-05,-0.028731,0.0,0.0,0.0,0.0,0.0,0.0,-9999.0,-9999.0,-9999.0,-9999.0,-9999.0,-9999.0,-9999.0,-9999.0,-9999.0,-9999.0,-9999.0,-9999.0,-9999.0,-9999.0,7.0,lane7,spur3,stable_reference,7.083550138731381,0.3702266581343369,-0.043103488879696,0.0097491510672878,-0.043103488879696,15.333332899999993,546.1704814469493,1.3423140446637647,401.7520000712302,1.7165560190529088,1.716564753027424,0.1114319787650686,-0.021279836855168988,1.759659288526974,-0.043103269474065176
P23_AV1_1_interaction,P23,AV1,1,on_ramp,P23_AV1_1,P23_AV1.1.asc,AV1,60,initiator_active,3983,1,66383.33,66383.3343,1.0,21.94,78.984,7.0,15.911156,-1516.746825,0.0,0.0,0.0,21.94,0.0,0.0,1516.717229,-34.625777,6.28009,1.0,0.0,0.0,0.0,0.0,1661.326804,-36.177011,1021.0,1.0,160.892387,7.0,-0.878467,33.87145,121.937219,33.871385,-0.065954,5.7e-05,-0.41799,0.292584,-3e-05,-0.028731,0.0,0.0,0.0,0.0,0.0,0.0,-9999.0,-9999.0,-9999.0,-9999.0,-9999.0,-9999.0,-9999.0,-9999.0,-9999.0,-9999.0,-9999.0,-9999.0,-9999.0,-9999.0,7.0,lane7,spur3,stable_reference,7.084271453566226,0.3775326766871643,-0.0424151305284479,0.0116693428944707,-0.0424151305284479,15.3500003,546.7350828867469,1.3481167976803787,402.1176621147723,1.7184110928136114,1.7184193146699749,0.11104742845722626,-0.027492134019821535,1.7608260074571493,-0.04241491464353797
P23_AV1_1_interaction,P23,AV1,1,on_ramp,P23_AV1_1,P23_AV1.1.asc,AV1,60,initiator_active,3984,1,66400.0,66400.0011,1.0,21.94,78.984,7.0,16.276822,-1517.112421,0.0,0.0,0.0,21.94,0.0,0.0,1517.082894,-34.62691,6.280087,1.0,0.0,0.0,0.0,0.0,1661.891318,-36.175739,1021.0,1.0,161.456887,7.0,-0.874344,33.864475,121.912109,33.864411,-0.065811,5.6e-05,-0.417903,0.292156,-2.7e-05,-0.028731,0.0,0.0,0.0,0.0,0.0,0.0,-9999.0,-9999.0,-9999.0,-9999.0,-9999.0,-9999.0,-9999.0,-9999.0,-9999.0,-9999.0,-9999.0,-9999.0,-9999.0,-9999.0,7.0,lane7,spur3,stable_reference,7.084990768426729,0.3848366957723909,-0.0417287282236155,0.0135875347912753,-0.0417287282236155,15.366667099999992,547.2995676771287,1.3539986007686058,402.4833241746462,1.720264166640995,1.7202664304827469,0.1105155557752866,-0.03758362370216162,1.7619926824733567,-0.0417285158323617
P23_AV1_1_interaction,P23,AV1,1,on_ramp,P23_AV1_1,P23_AV1.1.asc,AV1,60,initiator_active,3985,1,66416.67,66416.6668,1.0,21.94,78.984,7.0,16.642488,-1517.478016,0.0,0.0,0.0,21.94,0.0,0.0,1517.448559,-34.628049,6.280055,1.0,0.0,0.0,0.0,0.0,1662.455716,-36.174385,1021.0,1.0,162.021271,7.0,-0.87014,33.857501,121.887005,33.857438,-0.065679,5.6e-05,-0.417815,0.291761,-2.5e-05,-0.028731,0.0,0.0,0.0,0.0,0.0,0.0,-9999.0,-9999.0,-9999.0,-9999.0,-9999.0,-9999.0,-9999.0,-9999.0,-9999.0,-9999.0,-9999.0,-9999.0,-9999.0,-9999.0,7.0,lane7,spur3,stable_reference,7.085704083364221,0.3921347164548281,-0.0410483258445055,0.0154997268969663,-0.0410483258445055,15.383332800000003,547.8639358017628,1.3599614538617646,402.84898628351664,1.722111240668445,1.7221030751159465,0.10979468479710164,-0.04752882637471245,1.7631593575848152,-0.041048116916370336
P23_AV1_1_interaction,P23,AV1,1,on_ramp,P23_AV1_1,P23_AV1.1.asc,AV1,60,initiator_active,3986,1,66433.33,66433.3339,1.0,21.94,78.984,7.0,17.008154,-1517.843612,0.0,0.0,0.0,21.94,0.0,0.0,1517.814224,-34.62921,6.279995,1.0,0.0,0.0,0.0,0.0,1663.019997,-36.172951,1021.0,1.0,162.585537,7.0,-0.865857,33.850529,121.861906,33.850466,-0.065556,5.6e-05,-0.417727,0.291398,-2.2e-05,-0.028731,0.0,0.0,0.0,0.0,0.0,0.0,-9999.0,-9999.0,-9999.0,-9999.0,-9999.0,-9999.0,-9999.0,-9999.0,-9999.0,-9999.0,-9999.0,-9999.0,-9999.0,-9999.0,7.0,lane7,spur3,stable_reference,7.086395398583965,0.3994107429936639,-0.0403899231930818,0.01738991976853,-0.0403899231930818,15.399999899999996,548.4281862770147,1.3660033488605037,403.21464857204,1.7239363154294252,1.7239261936030255,0.10893127494363597,-0.053535200470808064,1.7643260330455155,-0.04038971761609034
P23_AV1_1_interaction,P23,AV1,1,on_ramp,P23_AV1_1,P23_AV1.1.asc,AV1,60,initiator_active,3987,1,66450.0,66450.0,1.0,21.94,78.984,7.0,17.37382,-1518.209208,0.0,0.0,0.0,21.94,0.0,0.0,1518.179889,-34.630392,6.279939,1.0,0.0,0.0,0.0,0.0,1663.584162,-36.171437,1021.0,1.0,163.149687,7.0,-0.861494,33.843559,121.836812,33.843496,-0.065444,5.5e-05,-0.41764,0.291066,-1.9e-05,-0.028731,0.0,0.0,0.0,0.0,0.0,0.0,-9999.0,-9999.0,-9999.0,-9999.0,-9999.0,-9999.0,-9999.0,-9999.0,-9999.0,-9999.0,-9999.0,-9999.0,-9999.0,-9999.0,7.0,lane7,spur3,stable_reference,7.087065714073146,0.4066657751226906,-0.0397525202817177,0.0192591133711651,-0.0397525202817177,15.416665999999998,548.9923201028507,1.3721242939308556,403.5803110320503,1.7257403908906053,1.7257341039958503,0.10801018871657675,-0.053459913676401793,1.76549270883959,-0.039752317948984706
P23_AV1_1_interaction,P23,AV1,1,on_ramp,P23_AV1_1,P23_AV1.1.asc,AV1,60,initiator_active,3988,1,66466.67,66466.6673,1.0,21.94,78.984,7.0,17.739486,-1518.574805,0.0,0.0,0.0,21.94,0.0,0.0,1518.545553,-34.631591,6.279897,1.0,0.0,0.0,0.0,0.0,1664.14821,-36.169843,1021.0,1.0,163.713721,7.0,-0.857051,33.83659,121.811724,33.836527,-0.065341,5.5e-05,-0.417552,0.290762,-1.6e-05,-0.028731,0.0,0.0,0.0,0.0,0.0,0.0,-9999.0,-9999.0,-9999.0,-9999.0,-9999.0,-9999.0,-9999.0,-9999.0,-9999.0,-9999.0,-9999.0,-9999.0,-9999.0,-9999.0,7.0,lane7,spur3,stable_reference,7.08771902471487,0.4139037887048633,-0.0391321221354842,0.0211112992214972,-0.0391321221354842,15.4333333,549.5563362793044,1.3783242809067793,403.9459726309165,1.7275274587525675,1.7275265393040549,0.10714927859438461,-0.045281730490497996,1.7666593817130272,-0.03913192296045964
P23_AV1_1_interaction,P23,AV1,1,on_ramp,P23_AV1_1,P23_AV1.1.asc,AV1,60,initiator_active,3989,1,66483.33,66483.3334,1.0,21.94,78.984,7.0,18.105152,-1518.940402,0.0,0.0,0.0,21.94,0.0,0.0,1518.911218,-34.632801,6.279869,1.0,0.0,0.0,0.0,0.0,1664.712142,-36.168168,1021.0,1.0,164.277637,7.0,-0.852528,33.829623,121.786641,33.82956,-0.065251,5.5e-05,-0.417462,0.289719,-1.3e-05,-0.028417,0.0,0.0,0.0,0.0,0.0,0.0,-9999.0,-9999.0,-9999.0,-9999.0,-9999.0,-9999.0,-9999.0,-9999.0,-9999.0,-9999.0,-9999.0,-9999.0,-9999.0,-9999.0,7.0,lane7,spur3,stable_reference,7.088361340563291,0.4211308282874973,-0.0385227188775277,0.0229524937988896,-0.0385227188775277,15.449999400000001,550.1202357981765,1.3846043179209793,404.31163531957594,1.7293035351473425,1.7293057547015227,0.10650077939180136,-0.031120891605257217,1.767826057951591,-0.038522522804248505
P23_AV1_1_interaction,P23,AV1,1,on_ramp,P23_AV1_1,P23_AV1.1.asc,AV1,60,initiator_active,3990,1,66500.0,66500.0001,1.0,21.94,78.984,7.0,18.470818,-1519.305999,0.0,0.0,0.0,21.94,0.0,0.0,1519.276883,-34.634019,6.279852,1.0,0.0,0.0,0.0,0.0,1665.275958,-36.166413,1021.0,1.0,164.841436,7.0,-0.847927,33.822657,121.761564,33.822594,-0.065178,5.5e-05,-0.417371,0.288706,-1.1e-05,-0.028103,0.0,0.0,0.0,0.0,0.0,0.0,-9999.0,-9999.0,-9999.0,-9999.0,-9999.0,-9999.0,-9999.0,-9999.0,-9999.0,-9999.0,-9999.0,-9999.0,-9999.0,-9999.0,7.0,lane7,spur3,stable_reference,7.088995656514352,0.4283498699997342,-0.0379213155205482,0.024785688654783,-0.0379213155205482,15.466666100000003,550.6840186676327,1.3909634050067998,404.67729807356375,1.7310716118088574,1.7310765081764317,0.10611194148731329,-0.01961962943891482,1.7689927343171556,-0.037921122508298266
P23_AV1_1_interaction,P23,AV1,1,on_ramp,P23_AV1_1,P23_AV1.1.asc,AV1,60,initiator_active,3991,1,66516.67,66516.6668,1.0,21.94,78.984,7.0,18.836484,-1519.671596,0.0,0.0,0.0,21.94,0.0,0.0,1519.642547,-34.635241,6.279842,1.0,0.0,0.0,0.0,0.0,1665.839657,-36.164579,1021.0,1.0,165.405119,7.0,-0.843246,33.815692,121.736493,33.81563,-0.065133,5.4e-05,-0.417271,0.285039,-1e-05,-0.02669,0.0,0.0,0.0,0.0,0.0,0.0,-9999.0,-9999.0,-9999.0,-9999.0,-9999.0,-9999.0,-9999.0,-9999.0,-9999.0,-9999.0,-9999.0,-9999.0,-9999.0,-9999.0,7.0,lane7,spur3,stable_reference,7.089625967451169,0.4355648897045042,-0.0373239170896147,0.02661487530581,-0.0373239170896147,15.483332800000003,551.2476838958728,1.397400534031531,405.04295986024897,1.7328356804377025,1.7328428264918965,0.1058467904358622,-0.017260372194225493,1.7701594075557112,-0.03732372711800869
P23_AV1_1_interaction,P23,AV1,1,on_ramp,P23_AV1_1,P23_AV1.1.asc,AV1,60,initiator_active,3992,1,66533.33,66533.3341,1.0,21.94,78.984,7.0,19.20215,-1520.037194,0.0,0.0,0.0,21.94,0.0,0.0,1520.008212,-34.636465,6.279837,1.0,0.0,0.0,0.0,0.0,1666.40324,-36.162665,1021.0,1.0,165.968685,7.0,-0.838486,33.80873,121.711428,33.808667,-0.065144,5.4e-05,-0.417159,0.278336,-1e-05,-0.024021,0.0,0.002198,0.0,0.0,0.0,0.0,-9999.0,-9999.0,-9999.0,-9999.0,-9999.0,-9999.0,-9999.0,-9999.0,-9999.0,-9999.0,-9999.0,-9999.0,-9999.0,-9999.0,7.0,lane7,spur3,stable_reference,7.090254283479211,0.4427779330139358,-0.0367285136583626,0.028442070370581,-0.0367285136583626,15.50000009999999,551.8112324746972,1.4039167131278918,405.408622663233,1.7345977572992748,1.7346048049303007,0.10553658261895293,-0.022423235439542832,1.7713260840165208,-0.03672832671724602
P23_AV1_1_interaction,P23,AV1,1,on_ramp,P23_AV1_1,P23_AV1.1.asc,AV1,60,initiator_active,3993,1,66550.0,66550.0006,1.0,21.94,78.984,7.0,19.567816,-1520.402792,0.0,0.0,0.0,21.94,0.0,0.0,1520.373876,-34.63769,6.279835,1.0,0.0,0.0,0.0,0.0,1666.966706,-36.160673,1021.0,1.0,166.532134,7.0,-0.833648,33.801501,121.685402,33.801438,-0.06523,5.4e-05,-0.437815,0.267849,-4.2e-05,-0.019782,0.0,0.0,0.0,0.0,0.0,0.0,-9999.0,-9999.0,-9999.0,-9999.0,-9999.0,-9999.0,-9999.0,-9999.0,-9999.0,-9999.0,-9999.0,-9999.0,-9999.0,-9999.0,7.0,lane7,spur3,stable_reference,7.09088159445452,0.4499899535173163,-0.0361341151902963,0.0302682571260488,-0.0361341151902963,15.516666599999997,552.3746634204713,1.4105099341964982,405.7742844744166,1.7363588260281504,1.736360762114563,0.10509934488857908,-0.030825980384881824,1.7724927573027047,-0.03613393127455433
P23_AV1_1_interaction,P23,AV1,1,on_ramp,P23_AV1_1,P23_AV1.1.asc,AV1,60,initiator_active,3994,1,66566.67,66566.6668,1.0,21.94,78.984,7.0,19.933483,-1520.768389,0.0,0.0,0.0,21.94,0.0,0.0,1520.739541,-34.63892,6.279809,1.0,0.0,0.0,0.0,0.0,1667.530053,-36.158604,1021.0,1.0,167.095463,7.0,-0.828735,33.794455,121.660037,33.794391,-0.065409,5.3e-05,-0.417802,0.251307,-9.6e-05,-0.013031,0.0,0.0,0.0,0.0,0.0,0.0,-9999.0,-9999.0,-9999.0,-9999.0,-9999.0,-9999.0,-9999.0,-9999.0,-9999.0,-9999.0,-9999.0,-9999.0,-9999.0,-9999.0,7.0,lane7,spur3,stable_reference,7.091503910559542,0.4571969984239495,-0.0355451553962153,0.0320894523996954,-0.0355451553962153,15.533332800000004,552.9379747414279,1.4171791809386345,406.1399473263967,1.738114903089778,1.738108050019152,0.10450907221742511,-0.038952855897976146,1.7736598761403544,-0.035544973050576356
P23_AV1_1_interaction,P23,AV1,1,on_ramp,P23_AV1_1,P23_AV1.1.asc,AV1,60,initiator_active,3995,1,66583.33,66583.3341,1.0,21.94,78.984,7.0,20.299149,-1521.133987,0.0,0.0,0.0,21.94,0.0,0.0,1521.105206,-34.640168,6.279759,1.0,0.0,0.0,0.0,0.0,1668.093281,-36.156461,1021.0,1.0,167.658673,7.0,-0.823747,33.787494,121.634977,33.78743,-0.065674,5.1e-05,-0.416966,0.232103,-0.000129,-0.005181,0.0,0.0,0.0,0.0,0.0,0.0,-9999.0,-9999.0,-9999.0,-9999.0,-9999.0,-9999.0,-9999.0,-9999.0,-9999.0,-9999.0,-9999.0,-9999.0,-9999.0,-9999.0,7.0,lane7,spur3,stable_reference,7.092108226895501,0.4643860481221755,-0.034978345647609,0.0338926482999695,-0.034978345647609,15.55000009999999,553.5011664620652,1.4239214534543068,406.50561032536575,1.739852980751571,1.739844414544795,0.10380090208813897,-0.04405056094162596,1.774831146961259,-0.034978166209687966
P23_AV1_1_interaction,P23,AV1,1,on_ramp,P23_AV1_1,P23_AV1.1.asc,AV1,60,initiator_active,3996,1,66600.0,66600.0007,1.0,21.94,78.984,7.0,20.664815,-1521.499585,0.0,0.0,0.0,21.94,0.0,0.0,1521.47087,-34.641434,6.279713,1.0,0.0,0.0,0.0,0.0,1668.656393,-36.154248,1021.0,1.0,168.221767,7.0,-0.81869,33.78054,121.609944,33.780476,-0.065966,4.9e-05,-0.416692,0.209767,-0.000135,0.003925,0.0,0.0,0.0,0.0,0.0,0.0,-9999.0,-9999.0,-9999.0,-9999.0,-9999.0,-9999.0,-9999.0,-9999.0,-9999.0,-9999.0,-9999.0,-9999.0,-9999.0,-9999.0,7.0,lane7,spur3,stable_reference,7.092694538396847,0.4715570795397585,-0.0344295406403059,0.0356778364827649,-0.0344295406403059,15.5666667,554.0642416149472,1.4307327763750244,406.8712724713571,1.7415730508475007,1.7415681394370714,0.10304069741076205,-0.04417381689348332,1.7760024148652394,-0.03442936401773866
P23_AV1_1_interaction,P23,AV1,1,on_ramp,P23_AV1_1,P23_AV1.1.asc,AV1,60,initiator_active,3997,1,66616.67,66616.6675,1.0,21.94,78.984,7.0,21.030481,-1521.865184,0.0,0.0,0.0,21.94,0.0,0.0,1521.836534,-34.642713,6.279678,1.0,0.0,0.0,0.0,0.0,1669.219389,-36.151967,1021.0,1.0,168.784744,7.0,-0.813566,33.77359,121.584926,33.773526,-0.066205,4.7e-05,-0.416532,0.187457,-0.000117,0.012874,0.0,0.0,0.0,0.0,0.0,0.0,-9999.0,-9999.0,-9999.0,-9999.0,-9999.0,-9999.0,-9999.0,-9999.0,-9999.0,-9999.0,-9999.0,-9999.0,-9999.0,-9999.0,7.0,lane7,spur3,stable_reference,7.093267850064972,0.4787151144179226,-0.0338937354729092,0.0374500251181146,-0.0338937354729092,15.583333499999993,554.6272002164061,1.4376111497674782,407.23693472350675,1.7432801213768736,1.7432791111745827,0.10232843915556344,-0.03736073203316659,1.7771736829758813,-0.03389356159900769
P23_AV1_1_interaction,P23,AV1,1,on_ramp,P23_AV1_1,P23_AV1.1.asc,AV1,60,initiator_active,3998,1,66633.33,66633.3341,1.0,21.94,78.984,7.0,21.396147,-1522.230783,0.0,0.0,0.0,21.94,0.0,0.0,1522.202199,-34.644002,6.279655,1.0,0.0,0.0,0.0,0.0,1669.782268,-36.149625,1021.0,1.0,169.347605,7.0,-0.808381,33.766644,121.559917,33.766579,-0.066278,4.5e-05,-0.41642,0.165675,-0.000109,0.021352,0.0,0.002198,0.0,0.0,0.0,0.0,-9999.0,-9999.0,-9999.0,-9999.0,-9999.0,-9999.0,-9999.0,-9999.0,-9999.0,-9999.0,-9999.0,-9999.0,-9999.0,-9999.0,7.0,lane7,spur3,stable_reference,7.093831166926969,0.4858631750303582,-0.0333679252193508,0.0392122224457164,-0.0333679252193508,15.60000009999999,555.1900413236373,1.4445495656990108,407.60259805728356,1.7449772004057207,1.744979094362435,0.10179533503585247,-0.025509905838775104,1.7783449544485612,-0.033367754042840536
P23_AV1_1_interaction,P23,AV1,1,on_ramp,P23_AV1_1,P23_AV1.1.asc,AV1,60,initiator_active,3999,1,66650.0,66650.0007,1.0,21.94,78.984,7.0,21.761814,-1522.596382,0.0,0.0,0.0,21.94,0.0,0.0,1522.567863,-34.645297,6.279641,1.0,0.0,0.0,0.0,0.0,1670.345031,-36.147224,1021.0,1.0,169.910348,7.0,-0.803139,33.75943,121.533948,33.759365,-0.066073,4.3e-05,-0.437116,0.145684,-0.00017,0.028731,0.0,0.002198,0.0,0.0,0.0,0.0,-9999.0,-9999.0,-9999.0,-9999.0,-9999.0,-9999.0,-9999.0,-9999.0,-9999.0,-9999.0,-9999.0,-9999.0,-9999.0,-9999.0,7.0,lane7,spur3,stable_reference,7.09438847880038,0.4930052141677333,-0.0328481198548957,0.0409684116380753,-0.0328481198548957,15.616666700000001,555.7527659529399,1.4515460324023597,407.9682604400899,1.7466682714685817,1.7466722754364006,0.10147811236225834,-0.016087068005510297,1.7795162228135537,-0.03284795134497198
P23_AV1_1_interaction,P23,AV1,1,on_ramp,P23_AV1_1,P23_AV1.1.asc,AV1,60,initiator_active,4000,1,66666.67,66666.6674,1.0,21.94,78.984,7.0,22.12748,-1522.961981,0.0,0.0,0.0,21.94,0.0,0.0,1522.933528,-34.646596,6.279633,1.0,0.0,0.0,0.0,0.0,1670.907674,-36.144772,1021.0,1.0,170.472972,7.0,-0.797845,33.75213,121.507668,33.752067,-0.065458,3.9e-05,-0.437937,0.13258,-0.000299,0.032813,0.0,0.0,0.0,0.0,0.0,0.0,-9999.0,-9999.0,-9999.0,-9999.0,-9999.0,-9999.0,-9999.0,-9999.0,-9999.0,-9999.0,-9999.0,-9999.0,-9999.0,-9999.0,7.0,lane7,spur3,stable_reference,7.094941795790674,0.500143277442164,-0.0323323094781805,0.0427206093138016,-0.0323323094781805,15.633333400000003,556.3153701697753,1.4585925174800904,408.3339238555272,1.7483553508308525,1.7483616947026093,0.1012591005611796,-0.014530311771790316,1.780687494445202,-0.03233214361434955
P23_AV1_1_interaction,P23,AV1,1,on_ramp,P23_AV1_1,P23_AV1.1.asc,AV1,60,initiator_active,4001,1,66683.33,66683.3341,1.0,21.94,78.984,7.0,22.493146,-1523.32758,0.0,0.0,0.0,21.94,0.0,0.0,1523.299192,-34.647896,6.279629,1.0,0.0,0.0,0.0,0.0,1671.470196,-36.14227,1021.0,1.0,171.035474,7.0,-0.792503,33.745095,121.482342,33.745034,-0.064284,3.2e-05,-0.417272,0.128053,-0.00044,0.032813,0.0,0.0,0.0,0.0,0.0,0.0,-9999.0,-9999.0,-9999.0,-9999.0,-9999.0,-9999.0,-9999.0,-9999.0,-9999.0,-9999.0,-9999.0,-9999.0,-9999.0,-9999.0,7.0,lane7,spur3,stable_reference,7.095494107728234,0.5072803179105366,-0.0318175040521546,0.0444717986802228,-0.0318175040521546,15.65000009999999,556.877852982343,1.4656880127995064,408.6995862791637,1.750041422060425,1.7500475855390456,0.10099376766784474,-0.019545952278317014,1.7818587628896865,-0.031817340829261465
P23_AV1_1_interaction,P23,AV1,1,on_ramp,P23_AV1_1,P23_AV1.1.asc,AV1,60,initiator_active,4002,1,66700.0,66700.0006,1.0,21.94,78.984,7.0,22.858812,-1523.693179,0.0,0.0,0.0,21.94,0.0,0.0,1523.664856,-34.649197,6.279627,1.0,0.0,0.0,0.0,0.0,1672.0326,-36.139723,1021.0,1.0,171.597858,7.0,-0.787115,33.738148,121.457333,33.73809,-0.062465,2.4e-05,-0.416339,0.129484,-0.000536,0.028731,0.0,0.0,0.0,0.0,0.0,0.0,-9999.0,-9999.0,-9999.0,-9999.0,-9999.0,-9999.0,-9999.0,-9999.0,-9999.0,-9999.0,-9999.0,-9999.0,-9999.0,-9999.0,7.0,lane7,spur3,stable_reference,7.096045419678628,0.5144163586451082,-0.0313036986137988,0.0462219880814611,-0.0313036986137988,15.666666599999997,557.4402174313734,1.4728275430254558,409.06524871096656,1.7517264933233445,1.7517281402228262,0.10060757287509148,-0.027031641579936316,1.783030031350057,-0.031303538026712596
P23_AV1_1_interaction,P23,AV1,1,on_ramp,P23_AV1_1,P23_AV1.1.asc,AV1,60,initiator_active,4003,1,66716.67,66716.6672,1.0,21.94,78.984,7.0,23.224479,-1524.058779,0.0,0.0,0.0,21.94,0.0,0.0,1524.030521,-34.650502,6.279604,1.0,0.0,0.0,0.0,0.0,1672.594888,-36.137131,1021.0,1.0,172.160126,7.0,-0.781684,33.731208,121.43235,33.731155,-0.059978,1.4e-05,-0.416056,0.138571,-0.000568,0.021823,0.0,0.002198,0.0,0.0,0.0,0.0,-9999.0,-9999.0,-9999.0,-9999.0,-9999.0,-9999.0,-9999.0,-9999.0,-9999.0,-9999.0,-9999.0,-9999.0,-9999.0,-9999.0,7.0,lane7,spur3,stable_reference,7.096592736745902,0.5215484235167406,-0.0307938881631972,0.0479681859660631,-0.0307938881631972,15.683333199999995,558.0024655167996,1.4800111244900103,409.43091217539984,1.7534075728856706,1.753401147781105,0.10009271848394974,-0.034029064331631,1.7842013030770945,-0.03079373019142384
P23_AV1_1_interaction,P23,AV1,1,on_ramp,P23_AV1_1,P23_AV1.1.asc,AV1,60,initiator_active,4004,1,66733.33,66733.3341,1.0,21.94,78.984,7.0,23.590145,-1524.424378,0.0,0.0,0.0,21.94,0.0,0.0,1524.396185,-34.651824,6.279561,1.0,0.0,0.0,0.0,0.0,1673.157059,-36.134496,1021.0,1.0,172.722276,7.0,-0.77621,33.724002,121.406409,33.723954,-0.056904,5e-06,-0.4367,0.144173,-0.000557,0.0157,0.0,0.0,0.0,0.0,0.0,0.0,-9999.0,-9999.0,-9999.0,-9999.0,-9999.0,-9999.0,-9999.0,-9999.0,-9999.0,-9999.0,-9999.0,-9999.0,-9999.0,-9999.0,7.0,lane7,spur3,stable_reference,7.09712304896573,0.5286634698415206,-0.0303010824662133,0.049697376098373,-0.0303010824662133,15.70000009999999,558.5645962549868,1.487236749093814,409.79657477868955,1.7550716448487897,1.7550645806815268,0.09947326317657001,-0.03861229735494964,1.7853725718713098,-0.030300927022520074
