window_id,window_rule,subject_id,condition,scenario_id,scenario_name,event_id,source_file,initiator_prefix,sampling_rate_hz,segmentation_rule,source_row,scenario_segment_id,Messzeitpunkt,TimeMS,JPUMultiDriverDemux.driverNumber,HV3.ID3,HV3.v3,HV3.v_kmh3,HV3.LaneID3,HV3.SLaneInfo3 (Lane position on the current lane [m]),HV3.LateralDistance3 (Abstand zur Idealspur),HV3.ax,HV3.ay,HV3.az,HV3.vx,HV3.vy,HV3.vz,HV3.X,HV3.Y,HV3.yaw,HV3.Active,HV3.IndicatorLeft,HV3.IndicatorRight,HV3.BrakePedal,Ego.Global.X,Ego.Global.Y,Ego.ModuleID,Ego.NodeID,Ego.s,Ego.LaneIdx (Lane ID of Ego),Ego.LateralDistance,Ego.v,Ego.v_kmh,Ego.vx,Ego.vy,Ego.vz,Ego.ax,Ego.ay,Ego.az,Ego.SteeringWheel,Ego.AcceleratorPedal,Ego.Bremspedal,Ego.IndicatorLeft,Ego.IndicatorRight,Ego.StateLatAndLong,Ego.StateLong,Ego.THW,Ego.TTC,Ego.DistanceFront,Ego.TRFIDFront,Ego.DistanceFrontLeft,Ego.TRFIDFrontLeft,Ego.DistanceFrontRight,Ego.TRFIDFrontRight,Ego.DistanceRear,Ego.TRFIDRear,Ego.DistanceRearLeft,Ego.TRFIDRearLeft,Ego.DistanceRearRight,Ego.TRFIDRearRight
P13_HV1_3_interaction,active_and_state_lat_and_long_zero_last_source_row_continuous_segment,P13,HV1,3,keep_right,P13_HV1_3,P13_HV1.1.asc,HV3,60,initiator_active,13975,1,232916.67,232916.6676,3.0,3.0,28.062339,101.024422,5.0,55.363429,-5056.073882,0.109434,0.019618,0.0,28.065343,-0.001666,0.0,5056.190758,-59.565046,6.278514,1.0,0.0,0.0,0.0,4966.983407,-55.605517,1021.0,2.0,866.604952,6.0,0.01177,34.399143,123.836915,34.399117,-0.042609,-0.000234,0.408009,0.012569,0.000803,0.010362,0.06925,0.0,1.0,0.0,0.0,0.0,-9999.0,-9999.0,-9999.0,-9999.0,-9999.0,-9999.0,-9999.0,-9999.0,-9999.0,-9999.0,-9999.0,-9999.0,-9999.0,-9999.0
P13_HV1_3_interaction,active_and_state_lat_and_long_zero_last_source_row_continuous_segment,P13,HV1,3,keep_right,P13_HV1_3,P13_HV1.1.asc,HV3,60,initiator_active,13976,1,232933.33,232933.3343,3.0,3.0,28.064406,101.031863,5.0,55.831161,-5056.541602,0.105035,0.020379,0.0,28.067162,-0.00168,0.0,5056.658516,-59.567255,6.278526,1.0,0.0,0.0,0.0,4967.556694,-55.608873,1021.0,2.0,867.178248,6.0,0.011308,34.405921,123.861316,34.405895,-0.04262,-0.000221,0.403613,0.013515,0.000777,0.010205,0.10475,0.0,1.0,0.0,0.0,0.0,-9999.0,-9999.0,-9999.0,-9999.0,-9999.0,-9999.0,-9999.0,-9999.0,-9999.0,-9999.0,-9999.0,-9999.0,-9999.0,-9999.0
P13_HV1_3_interaction,active_and_state_lat_and_long_zero_last_source_row_continuous_segment,P13,HV1,3,keep_right,P13_HV1_3,P13_HV1.1.asc,HV3,60,initiator_active,13977,1,232950.0,232950.0001,3.0,3.0,28.066254,101.038516,5.0,56.298924,-5057.009354,0.108594,0.020832,0.0,28.06892,-0.001685,0.0,5057.126304,-59.569458,6.278538,1.0,0.0,0.0,0.0,4968.130093,-55.612227,1021.0,2.0,867.751657,6.0,0.010851,34.412539,123.885142,34.412513,-0.042626,-0.000208,0.393962,0.014436,0.000753,0.010048,0.10475,0.0,1.0,0.0,0.0,0.0,-9999.0,-9999.0,-9999.0,-9999.0,-9999.0,-9999.0,-9999.0,-9999.0,-9999.0,-9999.0,-9999.0,-9999.0,-9999.0,-9999.0
P13_HV1_3_interaction,active_and_state_lat_and_long_zero_last_source_row_continuous_segment,P13,HV1,3,keep_right,P13_HV1_3,P13_HV1.1.asc,HV3,60,initiator_active,13978,1,232966.73,232966.7299,3.0,3.0,28.068037,101.044933,5.0,56.766717,-5057.477136,0.118869,0.019574,0.0,28.070833,-0.001687,0.0,5057.594122,-59.571656,6.27855,1.0,0.0,0.0,0.0,4968.703603,-55.615577,1021.0,2.0,868.325176,6.0,0.010397,34.419068,123.908644,34.419041,-0.042628,-0.000196,0.39069,0.015335,0.000712,0.009891,0.1365,0.0,1.0,0.0,0.0,0.0,-9999.0,-9999.0,-9999.0,-9999.0,-9999.0,-9999.0,-9999.0,-9999.0,-9999.0,-9999.0,-9999.0,-9999.0,-9999.0,-9999.0
P13_HV1_3_interaction,active_and_state_lat_and_long_zero_last_source_row_continuous_segment,P13,HV1,3,keep_right,P13_HV1_3,P13_HV1.1.asc,HV3,60,initiator_active,13979,1,232983.33,232983.3341,3.0,3.0,28.069825,101.051369,5.0,57.23454,-5057.944947,0.119225,0.019116,0.0,28.072815,-0.001708,0.0,5058.061972,-59.573849,6.278563,1.0,0.0,0.0,0.0,4969.277222,-55.618923,1021.0,2.0,868.898805,6.0,0.009947,34.425566,123.932038,34.42554,-0.042628,-0.000185,0.389563,0.01622,0.000658,0.009734,0.15525,0.0,1.0,0.0,0.0,0.0,-9999.0,-9999.0,-9999.0,-9999.0,-9999.0,-9999.0,-9999.0,-9999.0,-9999.0,-9999.0,-9999.0,-9999.0,-9999.0,-9999.0
P13_HV1_3_interaction,active_and_state_lat_and_long_zero_last_source_row_continuous_segment,P13,HV1,3,keep_right,P13_HV1_3,P13_HV1.1.asc,HV3,60,initiator_active,13980,1,233000.0,233000.001,3.0,3.0,28.071823,101.058564,5.0,57.702395,-5058.41279,0.10834,0.019097,0.0,28.074783,-0.001735,0.0,5058.529855,-59.576036,6.278575,1.0,0.0,0.0,0.0,4969.850949,-55.622266,1021.0,2.0,869.472542,6.0,0.009501,34.432053,123.955391,34.432027,-0.04263,-0.000174,0.389124,0.016706,0.000607,0.009734,0.15875,0.0,1.0,0.0,0.0,0.0,-9999.0,-9999.0,-9999.0,-9999.0,-9999.0,-9999.0,-9999.0,-9999.0,-9999.0,-9999.0,-9999.0,-9999.0,-9999.0,-9999.0
P13_HV1_3_interaction,active_and_state_lat_and_long_zero_last_source_row_continuous_segment,P13,HV1,3,keep_right,P13_HV1_3,P13_HV1.1.asc,HV3,60,initiator_active,13981,1,233016.67,233016.6667,3.0,3.0,28.073809,101.065712,5.0,58.170284,-5058.880667,0.107584,0.019233,0.0,28.076567,-0.001761,0.0,5058.997771,-59.578218,6.278587,1.0,0.0,0.0,0.0,4970.424784,-55.625605,1021.0,2.0,870.046386,6.0,0.00906,34.438519,123.978668,34.438492,-0.042624,-0.000165,0.384923,0.017953,0.000569,0.00942,0.158,0.0,1.0,0.0,0.0,0.0,-9999.0,-9999.0,-9999.0,-9999.0,-9999.0,-9999.0,-9999.0,-9999.0,-9999.0,-9999.0,-9999.0,-9999.0,-9999.0,-9999.0
P13_HV1_3_interaction,active_and_state_lat_and_long_zero_last_source_row_continuous_segment,P13,HV1,3,keep_right,P13_HV1_3,P13_HV1.1.asc,HV3,60,initiator_active,13982,1,233033.33,233033.3334,3.0,3.0,28.075686,101.072468,5.0,58.638204,-5059.348576,0.109461,0.019391,0.0,28.078334,-0.001783,0.0,5059.465716,-59.580395,6.278599,1.0,0.0,0.0,0.0,4970.998727,-55.62894,1021.0,2.0,870.620339,6.0,0.008624,34.444825,124.00137,34.444799,-0.042616,-0.000155,0.37518,0.018788,0.000537,0.009263,0.158,0.0,1.0,0.0,0.0,0.0,-9999.0,-9999.0,-9999.0,-9999.0,-9999.0,-9999.0,-9999.0,-9999.0,-9999.0,-9999.0,-9999.0,-9999.0,-9999.0,-9999.0
P13_HV1_3_interaction,active_and_state_lat_and_long_zero_last_source_row_continuous_segment,P13,HV1,3,keep_right,P13_HV1_3,P13_HV1.1.asc,HV3,60,initiator_active,13983,1,233050.0,233050.0021,3.0,3.0,28.077463,101.078868,5.0,59.106155,-5059.816514,0.112756,0.019527,0.0,28.080207,-0.001802,0.0,5059.933691,-59.582566,6.278612,1.0,0.0,0.0,0.0,4971.572775,-55.63227,1021.0,2.0,871.194397,6.0,0.008193,34.451039,124.023741,34.451013,-0.042613,-0.000147,0.371832,0.019229,0.000491,0.00942,0.158,0.0,1.0,0.0,0.0,0.0,-9999.0,-9999.0,-9999.0,-9999.0,-9999.0,-9999.0,-9999.0,-9999.0,-9999.0,-9999.0,-9999.0,-9999.0,-9999.0,-9999.0
P13_HV1_3_interaction,active_and_state_lat_and_long_zero_last_source_row_continuous_segment,P13,HV1,3,keep_right,P13_HV1_3,P13_HV1.1.asc,HV3,60,initiator_active,13984,1,233066.67,233066.6676,3.0,3.0,28.079246,101.085287,5.0,59.574134,-5060.284482,0.115104,0.018441,0.0,28.082125,-0.001832,0.0,5060.401697,-59.584733,6.278624,1.0,0.0,0.0,0.0,4972.146927,-55.635596,1021.0,2.0,871.768558,6.0,0.007766,34.456516,124.043459,34.45649,-0.042613,-0.000141,0.219434,0.019744,0.00019,0.00942,0.158,0.0,1.0,0.0,0.0,0.0,-9999.0,-9999.0,-9999.0,-9999.0,-9999.0,-9999.0,-9999.0,-9999.0,-9999.0,-9999.0,-9999.0,-9999.0,-9999.0,-9999.0
P13_HV1_3_interaction,active_and_state_lat_and_long_zero_last_source_row_continuous_segment,P13,HV1,3,keep_right,P13_HV1_3,P13_HV1.1.asc,HV3,60,initiator_active,13985,1,233083.33,233083.3338,3.0,3.0,28.081146,101.092127,5.0,60.042145,-5060.752481,0.10859,0.019029,0.0,28.084,-0.001858,0.0,5060.869735,-59.586894,6.278636,1.0,0.0,0.0,0.0,4972.721159,-55.638917,1021.0,2.0,872.3428,6.0,0.007345,34.456418,124.043104,34.456391,-0.042615,-0.000147,-0.108343,0.02061,-0.000847,0.00942,0.15675,0.0,1.0,0.0,0.0,0.0,-9999.0,-9999.0,-9999.0,-9999.0,-9999.0,-9999.0,-9999.0,-9999.0,-9999.0,-9999.0,-9999.0,-9999.0,-9999.0,-9999.0
P13_HV1_3_interaction,active_and_state_lat_and_long_zero_last_source_row_continuous_segment,P13,HV1,3,keep_right,P13_HV1_3,P13_HV1.1.asc,HV3,60,initiator_active,13986,1,233100.0,233100.0007,3.0,3.0,28.083084,101.099103,5.0,60.510189,-5061.220512,0.108551,0.018126,0.0,28.085809,-0.001886,0.0,5061.337804,-59.589051,6.278648,1.0,0.0,0.0,0.0,4973.2954,-55.642232,1021.0,2.0,872.91705,6.0,0.00693,34.453657,124.033164,34.45363,-0.042612,-0.000182,-0.191147,0.02199,-0.003099,0.00942,0.14625,0.0,1.0,0.0,0.0,0.0,-9999.0,-9999.0,-9999.0,-9999.0,-9999.0,-9999.0,-9999.0,-9999.0,-9999.0,-9999.0,-9999.0,-9999.0,-9999.0,-9999.0
P13_HV1_3_interaction,active_and_state_lat_and_long_zero_last_source_row_continuous_segment,P13,HV1,3,keep_right,P13_HV1_3,P13_HV1.1.asc,HV3,60,initiator_active,13987,1,233116.67,233116.6673,3.0,3.0,28.084905,101.105659,5.0,60.978263,-5061.688574,0.109616,0.015332,0.0,28.087587,-0.001905,0.0,5061.805904,-59.591202,6.278659,1.0,0.0,0.0,0.0,4973.869602,-55.645542,1021.0,2.0,873.491262,6.0,0.00652,34.450242,124.02087,34.450215,-0.042588,-0.000263,-0.203428,0.02417,-0.006161,0.00942,0.121,0.0,1.0,0.0,0.0,0.0,-9999.0,-9999.0,-9999.0,-9999.0,-9999.0,-9999.0,-9999.0,-9999.0,-9999.0,-9999.0,-9999.0,-9999.0,-9999.0,-9999.0
P13_HV1_3_interaction,active_and_state_lat_and_long_zero_last_source_row_continuous_segment,P13,HV1,3,keep_right,P13_HV1_3,P13_HV1.1.asc,HV3,60,initiator_active,13988,1,233133.33,233133.3343,3.0,3.0,28.086713,101.112168,5.0,61.446367,-5062.156667,0.102775,0.017079,0.0,28.089397,-0.001954,0.0,5062.274033,-59.593349,6.27867,1.0,0.0,0.0,0.0,4974.443752,-55.648845,1021.0,2.0,874.06542,6.0,0.006117,34.447135,124.009686,34.447109,-0.042529,-0.000395,-0.173134,0.027047,-0.009,0.00942,0.082,0.0,1.0,0.0,0.0,0.0,-9999.0,-9999.0,-9999.0,-9999.0,-9999.0,-9999.0,-9999.0,-9999.0,-9999.0,-9999.0,-9999.0,-9999.0,-9999.0,-9999.0
P13_HV1_3_interaction,active_and_state_lat_and_long_zero_last_source_row_continuous_segment,P13,HV1,3,keep_right,P13_HV1_3,P13_HV1.1.asc,HV3,60,initiator_active,13989,1,233150.0,233150.0002,3.0,3.0,28.088501,101.118602,5.0,61.914501,-5062.624789,0.105571,0.017858,0.0,28.091101,-0.001963,0.0,5062.742192,-59.595492,6.278681,1.0,0.0,0.0,0.0,4975.01785,-55.65214,1021.0,2.0,874.639528,6.0,0.005721,34.44455,124.00038,34.444524,-0.042421,-0.000565,-0.14541,0.030352,-0.010768,0.00942,0.082,0.0,1.0,0.0,0.0,0.0,-9999.0,-9999.0,-9999.0,-9999.0,-9999.0,-9999.0,-9999.0,-9999.0,-9999.0,-9999.0,-9999.0,-9999.0,-9999.0,-9999.0
P13_HV1_3_interaction,active_and_state_lat_and_long_zero_last_source_row_continuous_segment,P13,HV1,3,keep_right,P13_HV1_3,P13_HV1.1.asc,HV3,60,initiator_active,13990,1,233166.67,233166.6672,3.0,3.0,28.090254,101.124914,5.0,62.382665,-5063.09294,0.110579,0.018001,0.0,28.092857,-0.001953,0.0,5063.210379,-59.59763,6.278691,1.0,0.0,0.0,0.0,4975.591904,-55.655427,1021.0,2.0,875.213591,6.0,0.005332,34.442264,123.992151,34.442238,-0.042251,-0.000749,-0.133354,0.033762,-0.011115,0.00942,0.045,0.0,1.0,0.0,0.0,0.0,-9999.0,-9999.0,-9999.0,-9999.0,-9999.0,-9999.0,-9999.0,-9999.0,-9999.0,-9999.0,-9999.0,-9999.0,-9999.0,-9999.0
P13_HV1_3_interaction,active_and_state_lat_and_long_zero_last_source_row_continuous_segment,P13,HV1,3,keep_right,P13_HV1_3,P13_HV1.1.asc,HV3,60,initiator_active,13991,1,233183.33,233183.3343,3.0,3.0,28.091981,101.131131,5.0,62.850857,-5063.56112,0.11058,0.017873,0.0,28.094715,-0.001935,0.0,5063.678596,-59.599763,6.278701,1.0,0.0,0.0,0.0,4976.16592,-55.658706,1021.0,2.0,875.787616,6.0,0.004953,34.440081,123.984291,34.440055,-0.042013,-0.000927,-0.129872,0.036989,-0.010152,0.00942,0.00525,0.0,1.0,0.0,0.0,0.0,-9999.0,-9999.0,-9999.0,-9999.0,-9999.0,-9999.0,-9999.0,-9999.0,-9999.0,-9999.0,-9999.0,-9999.0,-9999.0,-9999.0
P13_HV1_3_interaction,active_and_state_lat_and_long_zero_last_source_row_continuous_segment,P13,HV1,3,keep_right,P13_HV1_3,P13_HV1.1.asc,HV3,60,initiator_active,13992,1,233200.0,233200.0009,3.0,3.0,28.093778,101.137601,5.0,63.319079,-5064.02933,0.115949,0.017665,0.0,28.096617,-0.001913,0.0,5064.146844,-59.601892,6.278711,1.0,0.0,0.0,0.0,4976.739899,-55.661973,1021.0,2.0,876.361604,6.0,0.004584,34.437929,123.976543,34.437903,-0.041701,-0.001078,-0.128719,0.039832,-0.008244,0.00942,0.0,0.0,1.0,0.0,0.0,0.0,-9999.0,-9999.0,-9999.0,-9999.0,-9999.0,-9999.0,-9999.0,-9999.0,-9999.0,-9999.0,-9999.0,-9999.0,-9999.0,-9999.0
P13_HV1_3_interaction,active_and_state_lat_and_long_zero_last_source_row_continuous_segment,P13,HV1,3,keep_right,P13_HV1_3,P13_HV1.1.asc,HV3,60,initiator_active,13993,1,233216.67,233216.6675,3.0,3.0,28.095637,101.144292,5.0,63.787331,-5064.497571,0.105591,0.017454,0.0,28.098507,-0.001888,0.0,5064.615124,-59.604015,6.27872,1.0,0.0,0.0,0.0,4977.313842,-55.66523,1021.0,2.0,876.935556,6.0,0.004226,34.435789,123.968841,34.435764,-0.041314,-0.001191,-0.127736,0.042173,-0.005814,0.00942,0.0,0.0,1.0,0.0,0.0,0.0,-9999.0,-9999.0,-9999.0,-9999.0,-9999.0,-9999.0,-9999.0,-9999.0,-9999.0,-9999.0,-9999.0,-9999.0,-9999.0,-9999.0
P13_HV1_3_interaction,active_and_state_lat_and_long_zero_last_source_row_continuous_segment,P13,HV1,3,keep_right,P13_HV1_3,P13_HV1.1.asc,HV3,60,initiator_active,13994,1,233233.33,233233.3342,3.0,3.0,28.097583,101.1513,5.0,64.255616,-5064.965843,0.105597,0.017256,0.0,28.100239,-0.001861,0.0,5065.083435,-59.606134,6.27873,1.0,0.0,0.0,0.0,4977.887749,-55.668475,1021.0,2.0,877.509473,6.0,0.003879,34.433713,123.961367,34.433689,-0.040853,-0.001263,-0.122344,0.043953,-0.003226,0.00942,0.0,0.0,1.0,0.0,0.0,0.0,-9999.0,-9999.0,-9999.0,-9999.0,-9999.0,-9999.0,-9999.0,-9999.0,-9999.0,-9999.0,-9999.0,-9999.0,-9999.0,-9999.0
P13_HV1_3_interaction,active_and_state_lat_and_long_zero_last_source_row_continuous_segment,P13,HV1,3,keep_right,P13_HV1_3,P13_HV1.1.asc,HV3,60,initiator_active,13995,1,233250.0,233250.0005,3.0,3.0,28.099387,101.157794,5.0,64.723932,-5065.434147,0.112984,0.017072,0.0,28.102059,-0.001832,0.0,5065.551775,-59.608249,6.278739,1.0,0.0,0.0,0.0,4978.461622,-55.671706,1021.0,2.0,878.083355,6.0,0.003545,34.431687,123.954074,34.431664,-0.040321,-0.001291,-0.12359,0.045169,-0.000751,0.009263,0.0,0.0,1.0,0.0,0.0,0.0,-9999.0,-9999.0,-9999.0,-9999.0,-9999.0,-9999.0,-9999.0,-9999.0,-9999.0,-9999.0,-9999.0,-9999.0,-9999.0,-9999.0
P13_HV1_3_interaction,active_and_state_lat_and_long_zero_last_source_row_continuous_segment,P13,HV1,3,keep_right,P13_HV1_3,P13_HV1.1.asc,HV3,60,initiator_active,13996,1,233266.67,233266.6675,3.0,3.0,28.101119,101.164029,5.0,65.192276,-5065.902479,0.109915,0.016901,0.0,28.103923,-0.001802,0.0,5066.020145,-59.610358,6.278748,1.0,0.0,0.0,0.0,4979.035461,-55.674925,1021.0,2.0,878.657202,6.0,0.003225,34.429476,123.946115,34.429453,-0.039722,-0.001282,-0.143473,0.045854,0.001402,0.009263,0.0,0.0,1.0,0.0,0.0,0.0,-9999.0,-9999.0,-9999.0,-9999.0,-9999.0,-9999.0,-9999.0,-9999.0,-9999.0,-9999.0,-9999.0,-9999.0,-9999.0,-9999.0
P13_HV1_3_interaction,active_and_state_lat_and_long_zero_last_source_row_continuous_segment,P13,HV1,3,keep_right,P13_HV1_3,P13_HV1.1.asc,HV3,60,initiator_active,13997,1,233283.33,233283.3334,3.0,3.0,28.103001,101.170803,5.0,65.660652,-5066.370842,0.098103,0.016742,0.0,28.105753,-0.001771,0.0,5066.488547,-59.612464,6.278757,1.0,0.0,0.0,0.0,4979.609262,-55.67813,1021.0,2.0,879.231012,6.0,0.002917,34.426684,123.936061,34.426662,-0.039061,-0.001241,-0.189253,0.046087,0.003051,0.009263,0.0,0.0,1.0,0.0,0.0,0.0,-9999.0,-9999.0,-9999.0,-9999.0,-9999.0,-9999.0,-9999.0,-9999.0,-9999.0,-9999.0,-9999.0,-9999.0,-9999.0,-9999.0
P13_HV1_3_interaction,active_and_state_lat_and_long_zero_last_source_row_continuous_segment,P13,HV1,3,keep_right,P13_HV1_3,P13_HV1.1.asc,HV3,60,initiator_active,13998,1,233300.0,233300.0008,3.0,3.0,28.104839,101.177419,5.0,66.129058,-5066.839236,0.10798,0.019965,0.0,28.107407,-0.001739,0.0,5066.956978,-59.614564,6.278766,1.0,0.0,0.0,0.0,4980.183016,-55.681322,1021.0,2.0,879.804775,6.0,0.002624,34.422975,123.922709,34.422953,-0.038343,-0.00118,-0.23888,0.045982,0.004066,0.009263,0.0,0.0,1.0,0.0,0.0,0.0,-9999.0,-9999.0,-9999.0,-9999.0,-9999.0,-9999.0,-9999.0,-9999.0,-9999.0,-9999.0,-9999.0,-9999.0,-9999.0,-9999.0
P13_HV1_3_interaction,active_and_state_lat_and_long_zero_last_source_row_continuous_segment,P13,HV1,3,keep_right,P13_HV1_3,P13_HV1.1.asc,HV3,60,initiator_active,13999,1,233316.67,233316.6673,3.0,3.0,28.106571,101.183654,5.0,66.597494,-5067.30766,0.10278,0.018298,0.0,28.109225,-0.001665,0.0,5067.425438,-59.61666,6.278775,1.0,0.0,0.0,0.0,4980.75671,-55.684499,1021.0,2.0,880.378478,6.0,0.002343,34.418722,123.907401,34.418702,-0.037568,-0.001107,-0.271948,0.04604,0.004421,0.009106,0.0,0.0,1.0,0.0,0.0,0.0,-9999.0,-9999.0,-9999.0,-9999.0,-9999.0,-9999.0,-9999.0,-9999.0,-9999.0,-9999.0,-9999.0,-9999.0,-9999.0,-9999.0
P13_HV1_3_interaction,active_and_state_lat_and_long_zero_last_source_row_continuous_segment,P13,HV1,3,keep_right,P13_HV1_3,P13_HV1.1.asc,HV3,60,initiator_active,14000,1,233333.33,233333.3337,3.0,3.0,28.108307,101.189906,5.0,67.065958,-5067.776111,0.051067,0.018582,0.0,28.11095,-0.001609,0.0,5067.893927,-59.618751,6.278784,1.0,0.0,0.0,0.0,4981.330334,-55.687663,1021.0,2.0,880.952111,6.0,0.002076,34.413635,123.889086,34.413615,-0.036744,-0.001037,-0.331508,0.045606,0.003897,0.009106,0.0,0.0,1.0,0.0,0.0,0.0,-9999.0,-9999.0,-9999.0,-9999.0,-9999.0,-9999.0,-9999.0,-9999.0,-9999.0,-9999.0,-9999.0,-9999.0,-9999.0,-9999.0
P13_HV1_3_interaction,active_and_state_lat_and_long_zero_last_source_row_continuous_segment,P13,HV1,3,keep_right,P13_HV1_3,P13_HV1.1.asc,HV3,60,initiator_active,14001,1,233350.0,233350.0007,3.0,3.0,28.110081,101.196292,5.0,67.534452,-5068.244593,0.101848,0.018908,0.0,28.111908,-0.001558,0.0,5068.362442,-59.620836,6.278793,1.0,0.0,0.0,0.0,4981.903873,-55.690812,1021.0,2.0,881.525658,6.0,0.001823,34.407489,123.866959,34.40747,-0.03586,-0.000981,-0.388317,0.046316,0.00285,0.008635,0.0,0.0,1.0,0.0,0.0,0.0,-9999.0,-9999.0,-9999.0,-9999.0,-9999.0,-9999.0,-9999.0,-9999.0,-9999.0,-9999.0,-9999.0,-9999.0,-9999.0,-9999.0
P13_HV1_3_interaction,active_and_state_lat_and_long_zero_last_source_row_continuous_segment,P13,HV1,3,keep_right,P13_HV1_3,P13_HV1.1.asc,HV3,60,initiator_active,14002,1,233366.67,233366.6673,3.0,3.0,28.111375,101.200951,5.0,68.002971,-5068.7131,0.114122,0.018085,0.0,28.113693,-0.001528,0.0,5068.830976,-59.622917,6.278803,1.0,0.0,0.0,0.0,4982.477311,-55.693948,1021.0,2.0,882.099105,6.0,0.001583,34.400743,123.842674,34.400725,-0.034936,-0.000949,-0.412437,0.04588,0.001229,0.008792,0.0,0.0,1.0,0.0,0.0,0.0,-9999.0,-9999.0,-9999.0,-9999.0,-9999.0,-9999.0,-9999.0,-9999.0,-9999.0,-9999.0,-9999.0,-9999.0,-9999.0,-9999.0
P13_HV1_3_interaction,active_and_state_lat_and_long_zero_last_source_row_continuous_segment,P13,HV1,3,keep_right,P13_HV1_3,P13_HV1.1.asc,HV3,60,initiator_active,14003,1,233383.33,233383.3341,3.0,3.0,28.112757,101.205924,5.0,68.47151,-5069.181626,0.112874,0.017828,0.0,28.115591,-0.001519,0.0,5069.299541,-59.624992,6.278814,1.0,0.0,0.0,0.0,4983.050639,-55.69707,1021.0,2.0,882.672441,6.0,0.001357,34.393777,123.817599,34.393761,-0.033974,-0.000943,-0.420412,0.045512,-0.000152,0.008949,0.0,0.0,1.0,0.0,0.0,0.0,-9999.0,-9999.0,-9999.0,-9999.0,-9999.0,-9999.0,-9999.0,-9999.0,-9999.0,-9999.0,-9999.0,-9999.0,-9999.0,-9999.0
P13_HV1_3_interaction,active_and_state_lat_and_long_zero_last_source_row_continuous_segment,P13,HV1,3,keep_right,P13_HV1_3,P13_HV1.1.asc,HV3,60,initiator_active,14004,1,233400.0,233400.0002,3.0,3.0,28.114644,101.212717,5.0,68.940079,-5069.650183,0.12106,0.017863,0.0,28.117563,-0.00152,0.0,5069.768137,-59.627062,6.278824,1.0,0.0,0.0,0.0,4983.623851,-55.700178,1021.0,2.0,883.245662,6.0,0.001143,34.386741,123.792267,34.386725,-0.032963,-0.000954,-0.422962,0.045937,-0.000903,0.008321,0.0,0.0,1.0,0.0,0.0,0.0,-9999.0,-9999.0,-9999.0,-9999.0,-9999.0,-9999.0,-9999.0,-9999.0,-9999.0,-9999.0,-9999.0,-9999.0,-9999.0,-9999.0
P13_HV1_3_interaction,active_and_state_lat_and_long_zero_last_source_row_continuous_segment,P13,HV1,3,keep_right,P13_HV1_3,P13_HV1.1.asc,HV3,60,initiator_active,14005,1,233416.67,233416.6703,3.0,3.0,28.116531,101.219513,5.0,69.40868,-5070.118771,0.110847,0.016305,0.0,28.119515,-0.001526,0.0,5070.236767,-59.629127,6.278835,1.0,0.0,0.0,0.0,4984.196947,-55.703272,1021.0,2.0,883.818766,6.0,0.000943,34.379682,123.766855,34.379667,-0.031915,-0.000971,-0.423742,0.04551,-0.001004,0.008792,0.0,0.0,1.0,0.0,0.0,0.0,-9999.0,-9999.0,-9999.0,-9999.0,-9999.0,-9999.0,-9999.0,-9999.0,-9999.0,-9999.0,-9999.0,-9999.0,-9999.0,-9999.0
P13_HV1_3_interaction,active_and_state_lat_and_long_zero_last_source_row_continuous_segment,P13,HV1,3,keep_right,P13_HV1_3,P13_HV1.1.asc,HV3,60,initiator_active,14006,1,233433.33,233433.3342,3.0,3.0,28.118572,101.226859,5.0,69.877315,-5070.587393,0.11336,0.012637,0.0,28.12139,-0.001571,0.0,5070.705429,-59.631187,6.278846,1.0,0.0,0.0,0.0,4984.769925,-55.706353,1021.0,2.0,884.391752,6.0,0.000757,34.372617,123.74142,34.372603,-0.030833,-0.000984,-0.423948,0.044953,-0.000584,0.008792,0.0,0.0,1.0,0.0,0.0,0.0,-9999.0,-9999.0,-9999.0,-9999.0,-9999.0,-9999.0,-9999.0,-9999.0,-9999.0,-9999.0,-9999.0,-9999.0,-9999.0,-9999.0
P13_HV1_3_interaction,active_and_state_lat_and_long_zero_last_source_row_continuous_segment,P13,HV1,3,keep_right,P13_HV1_3,P13_HV1.1.asc,HV3,60,initiator_active,14007,1,233450.0,233450.0008,3.0,3.0,28.120439,101.23358,5.0,70.345981,-5071.056046,0.110199,0.013501,0.0,28.123259,-0.001647,0.0,5071.174122,-59.633244,6.278857,1.0,0.0,0.0,0.0,4985.342785,-55.709419,1021.0,2.0,884.96462,6.0,0.000583,34.36555,123.715981,34.365537,-0.029713,-0.000987,-0.423968,0.044581,0.000185,0.008164,0.0,0.0,1.0,0.0,0.0,0.0,-9999.0,-9999.0,-9999.0,-9999.0,-9999.0,-9999.0,-9999.0,-9999.0,-9999.0,-9999.0,-9999.0,-9999.0,-9999.0,-9999.0
P13_HV1_3_interaction,active_and_state_lat_and_long_zero_last_source_row_continuous_segment,P13,HV1,3,keep_right,P13_HV1_3,P13_HV1.1.asc,HV3,60,initiator_active,14008,1,233466.67,233466.6675,3.0,3.0,28.122335,101.240406,5.0,70.814678,-5071.524731,0.110038,0.015508,0.0,28.125094,-0.001696,0.0,5071.642846,-59.635297,6.278867,1.0,0.0,0.0,0.0,4985.915528,-55.712472,1021.0,2.0,885.537371,6.0,0.000422,34.358484,123.690542,34.358472,-0.028563,-0.000974,-0.423928,0.043562,0.001138,0.008478,0.0,0.0,1.0,0.0,0.0,0.0,-9999.0,-9999.0,-9999.0,-9999.0,-9999.0,-9999.0,-9999.0,-9999.0,-9999.0,-9999.0,-9999.0,-9999.0,-9999.0,-9999.0
P13_HV1_3_interaction,active_and_state_lat_and_long_zero_last_source_row_continuous_segment,P13,HV1,3,keep_right,P13_HV1_3,P13_HV1.1.asc,HV3,60,initiator_active,14009,1,233483.33,233483.3341,3.0,3.0,28.124177,101.247038,5.0,71.283407,-5071.993447,0.109985,0.016258,0.0,28.126928,-0.001707,0.0,5072.111601,-59.637346,6.278877,1.0,0.0,0.0,0.0,4986.488152,-55.715512,1021.0,2.0,886.110004,6.0,0.000274,34.351419,123.665107,34.351408,-0.027387,-0.000945,-0.423866,0.042276,0.002133,0.008478,0.0,0.0,1.0,0.0,0.0,0.0,-9999.0,-9999.0,-9999.0,-9999.0,-9999.0,-9999.0,-9999.0,-9999.0,-9999.0,-9999.0,-9999.0,-9999.0,-9999.0,-9999.0
P13_HV1_3_interaction,active_and_state_lat_and_long_zero_last_source_row_continuous_segment,P13,HV1,3,keep_right,P13_HV1_3,P13_HV1.1.asc,HV3,60,initiator_active,14010,1,233500.0,233500.0001,3.0,3.0,28.126011,101.253641,5.0,71.752166,-5072.462193,0.109854,0.016357,0.0,28.128761,-0.001703,0.0,5072.580386,-59.639391,6.278886,1.0,0.0,0.0,0.0,4987.06066,-55.718539,1021.0,2.0,886.682519,6.0,0.000139,34.344355,123.639677,34.344345,-0.02619,-0.0009,-0.423797,0.040718,0.003065,0.008164,0.0,0.0,1.0,0.0,0.0,0.0,-9999.0,-9999.0,-9999.0,-9999.0,-9999.0,-9999.0,-9999.0,-9999.0,-9999.0,-9999.0,-9999.0,-9999.0,-9999.0,-9999.0
P13_HV1_3_interaction,active_and_state_lat_and_long_zero_last_source_row_continuous_segment,P13,HV1,3,keep_right,P13_HV1_3,P13_HV1.1.asc,HV3,60,initiator_active,14011,1,233516.67,233516.6676,3.0,3.0,28.127845,101.260241,5.0,72.220955,-5072.93097,0.115904,0.016219,0.0,28.130655,-0.001694,0.0,5073.049202,-59.641432,6.278895,1.0,0.0,0.0,0.0,4987.633049,-55.721553,1021.0,2.0,887.254916,6.0,1.5e-05,34.337292,123.61425,34.337283,-0.024975,-0.000841,-0.423722,0.038895,0.003864,0.008635,0.0,0.0,1.0,0.0,0.0,0.0,-9999.0,-9999.0,-9999.0,-9999.0,-9999.0,-9999.0,-9999.0,-9999.0,-9999.0,-9999.0,-9999.0,-9999.0,-9999.0,-9999.0
P13_HV1_3_interaction,active_and_state_lat_and_long_zero_last_source_row_continuous_segment,P13,HV1,3,keep_right,P13_HV1_3,P13_HV1.1.asc,HV3,60,initiator_active,14012,1,233533.33,233533.3342,3.0,3.0,28.129676,101.266834,5.0,72.689775,-5073.399778,0.106168,0.016037,0.0,28.132512,-0.001683,0.0,5073.51805,-59.643468,6.278905,1.0,0.0,0.0,0.0,4988.205321,-55.724555,1021.0,2.0,887.827196,6.0,-9.6e-05,34.33023,123.588829,34.330222,-0.023746,-0.00077,-0.423643,0.036836,0.004492,0.008164,0.0,0.0,1.0,0.0,0.0,0.0,-9999.0,-9999.0,-9999.0,-9999.0,-9999.0,-9999.0,-9999.0,-9999.0,-9999.0,-9999.0,-9999.0,-9999.0,-9999.0,-9999.0
P13_HV1_3_interaction,active_and_state_lat_and_long_zero_last_source_row_continuous_segment,P13,HV1,3,keep_right,P13_HV1_3,P13_HV1.1.asc,HV3,60,initiator_active,14013,1,233550.0,233550.0003,3.0,3.0,28.131621,101.273836,5.0,73.158628,-5073.868617,0.112879,0.014175,0.0,28.1343,-0.00167,0.0,5073.986928,-59.6455,6.278914,1.0,0.0,0.0,0.0,4988.777475,-55.727545,1021.0,2.0,888.399358,6.0,-0.000197,34.32317,123.563413,34.323163,-0.022495,-0.000691,-0.423561,0.035722,0.004939,0.007693,0.0,0.0,1.0,0.0,0.0,0.0,-9999.0,-9999.0,-9999.0,-9999.0,-9999.0,-9999.0,-9999.0,-9999.0,-9999.0,-9999.0,-9999.0,-9999.0,-9999.0,-9999.0
P13_HV1_3_interaction,active_and_state_lat_and_long_zero_last_source_row_continuous_segment,P13,HV1,3,keep_right,P13_HV1_3,P13_HV1.1.asc,HV3,60,initiator_active,14014,1,233566.67,233566.6675,3.0,3.0,28.133397,101.280229,5.0,73.62751,-5074.337487,0.109733,0.014789,0.0,28.136176,-0.001677,0.0,5074.455836,-59.647528,6.278922,1.0,0.0,0.0,0.0,4989.349511,-55.730523,1021.0,2.0,888.971402,6.0,-0.000287,34.316111,123.538001,34.316105,-0.021241,-0.000605,-0.423476,0.033634,0.005209,0.007536,0.0,0.0,1.0,0.0,0.0,0.0,-9999.0,-9999.0,-9999.0,-9999.0,-9999.0,-9999.0,-9999.0,-9999.0,-9999.0,-9999.0,-9999.0,-9999.0,-9999.0,-9999.0
P13_HV1_3_interaction,active_and_state_lat_and_long_zero_last_source_row_continuous_segment,P13,HV1,3,keep_right,P13_HV1_3,P13_HV1.1.asc,HV3,60,initiator_active,14015,1,233583.33,233583.334,3.0,3.0,28.13524,101.286865,5.0,74.096423,-5074.806386,0.108001,0.01336,0.0,28.138031,-0.001666,0.0,5074.924776,-59.649552,6.278931,1.0,0.0,0.0,0.0,4989.92143,-55.733492,1021.0,2.0,889.543329,6.0,-0.000367,34.309054,123.512595,34.309048,-0.019987,-0.000517,-0.423388,0.031799,0.005319,0.007222,0.0,0.0,1.0,0.0,0.0,0.0,-9999.0,-9999.0,-9999.0,-9999.0,-9999.0,-9999.0,-9999.0,-9999.0,-9999.0,-9999.0,-9999.0,-9999.0,-9999.0,-9999.0
P13_HV1_3_interaction,active_and_state_lat_and_long_zero_last_source_row_continuous_segment,P13,HV1,3,keep_right,P13_HV1_3,P13_HV1.1.asc,HV3,60,initiator_active,14016,1,233600.0,233600.0,3.0,3.0,28.13709,101.293525,5.0,74.565366,-5075.275317,0.10101,0.012426,0.0,28.139783,-0.001668,0.0,5075.393746,-59.651572,6.278939,1.0,0.0,0.0,0.0,4990.493231,-55.73645,1021.0,2.0,890.115138,6.0,-0.000438,34.301999,123.487195,34.301994,-0.018732,-0.000429,-0.423298,0.03063,0.005293,0.006594,0.0,0.0,1.0,0.0,0.0,0.0,-9999.0,-9999.0,-9999.0,-9999.0,-9999.0,-9999.0,-9999.0,-9999.0,-9999.0,-9999.0,-9999.0,-9999.0,-9999.0,-9999.0
P13_HV1_3_interaction,active_and_state_lat_and_long_zero_last_source_row_continuous_segment,P13,HV1,3,keep_right,P13_HV1_3,P13_HV1.1.asc,HV3,60,initiator_active,14017,1,233616.67,233616.6676,3.0,3.0,28.138931,101.30015,5.0,75.034341,-5075.744279,0.112065,0.013447,0.0,28.141499,-0.001671,0.0,5075.862745,-59.653589,6.278947,1.0,0.0,0.0,0.0,4991.064915,-55.739398,1021.0,2.0,890.686829,6.0,-0.000499,34.294945,123.4618,34.29494,-0.017505,-0.000342,-0.423206,0.027835,0.005154,0.007536,0.0,0.0,1.0,0.0,0.0,0.0,-9999.0,-9999.0,-9999.0,-9999.0,-9999.0,-9999.0,-9999.0,-9999.0,-9999.0,-9999.0,-9999.0,-9999.0,-9999.0,-9999.0
P13_HV1_3_interaction,active_and_state_lat_and_long_zero_last_source_row_continuous_segment,P13,HV1,3,keep_right,P13_HV1_3,P13_HV1.1.asc,HV3,60,initiator_active,14018,1,233633.33,233633.3342,3.0,3.0,28.140625,101.30625,5.0,75.503344,-5076.213269,0.117417,0.01259,0.0,28.143367,-0.001661,0.0,5076.331773,-59.655602,6.278954,1.0,0.0,0.0,0.0,4991.636481,-55.742338,1021.0,2.0,891.258403,6.0,-0.000553,34.287892,123.436411,34.287888,-0.016312,-0.000258,-0.423113,0.025045,0.004929,0.006594,0.0,0.0,1.0,0.0,0.0,0.0,-9999.0,-9999.0,-9999.0,-9999.0,-9999.0,-9999.0,-9999.0,-9999.0,-9999.0,-9999.0,-9999.0,-9999.0,-9999.0,-9999.0
P13_HV1_3_interaction,active_and_state_lat_and_long_zero_last_source_row_continuous_segment,P13,HV1,3,keep_right,P13_HV1_3,P13_HV1.1.asc,HV3,60,initiator_active,14019,1,233650.0,233650.0008,3.0,3.0,28.142433,101.312757,5.0,75.972377,-5076.682289,0.112133,0.013025,0.0,28.145369,-0.001638,0.0,5076.800833,-59.657612,6.278961,1.0,0.0,0.0,0.0,4992.20793,-55.74527,1021.0,2.0,891.829859,6.0,-0.000598,34.280841,123.411028,34.280838,-0.015155,-0.000179,-0.423019,0.02227,0.00464,0.006908,0.0,0.0,1.0,0.0,0.0,0.0,-9999.0,-9999.0,-9999.0,-9999.0,-9999.0,-9999.0,-9999.0,-9999.0,-9999.0,-9999.0,-9999.0,-9999.0,-9999.0,-9999.0
P13_HV1_3_interaction,active_and_state_lat_and_long_zero_last_source_row_continuous_segment,P13,HV1,3,keep_right,P13_HV1_3,P13_HV1.1.asc,HV3,60,initiator_active,14020,1,233666.67,233666.6675,3.0,3.0,28.144346,101.319644,5.0,76.441441,-5077.15134,0.114882,0.013021,0.0,28.14719,-0.001599,0.0,5077.269926,-59.659619,6.278967,1.0,0.0,0.0,0.0,4992.779261,-55.748194,1021.0,2.0,892.401197,6.0,-0.000638,34.273792,123.38565,34.273789,-0.014035,-0.000105,-0.422924,0.019527,0.004306,0.006751,0.0,0.0,1.0,0.0,0.0,0.0,-9999.0,-9999.0,-9999.0,-9999.0,-9999.0,-9999.0,-9999.0,-9999.0,-9999.0,-9999.0,-9999.0,-9999.0,-9999.0,-9999.0
P13_HV1_3_interaction,active_and_state_lat_and_long_zero_last_source_row_continuous_segment,P13,HV1,3,keep_right,P13_HV1_3,P13_HV1.1.asc,HV3,60,initiator_active,14021,1,233683.34,233683.3373,3.0,3.0,28.146303,101.326692,5.0,76.910538,-5077.620424,0.109059,0.012786,0.0,28.149096,-0.001553,0.0,5077.739049,-59.661622,6.278973,1.0,0.0,0.0,0.0,4993.350475,-55.751112,1021.0,2.0,892.972419,6.0,-0.000671,34.266744,123.360278,34.266742,-0.012938,-3.6e-05,-0.422829,0.017984,0.003945,0.006123,0.0,0.0,1.0,0.0,0.0,0.0,-9999.0,-9999.0,-9999.0,-9999.0,-9999.0,-9999.0,-9999.0,-9999.0,-9999.0,-9999.0,-9999.0,-9999.0,-9999.0,-9999.0
P13_HV1_3_interaction,active_and_state_lat_and_long_zero_last_source_row_continuous_segment,P13,HV1,3,keep_right,P13_HV1_3,P13_HV1.1.asc,HV3,60,initiator_active,14022,1,233700.0,233700.0044,3.0,3.0,28.148147,101.333329,5.0,77.379665,-5078.089539,0.113809,0.010793,0.0,28.150967,-0.001504,0.0,5078.208204,-59.663622,6.278979,1.0,0.0,0.0,0.0,4993.921571,-55.754025,1021.0,2.0,893.543522,6.0,-0.000699,34.259698,123.334913,34.259696,-0.011886,2.6e-05,-0.422733,0.015311,0.003561,0.006123,0.0,0.0,1.0,0.0,0.0,0.0,-9999.0,-9999.0,-9999.0,-9999.0,-9999.0,-9999.0,-9999.0,-9999.0,-9999.0,-9999.0,-9999.0,-9999.0,-9999.0,-9999.0
P13_HV1_3_interaction,active_and_state_lat_and_long_zero_last_source_row_continuous_segment,P13,HV1,3,keep_right,P13_HV1_3,P13_HV1.1.asc,HV3,60,initiator_active,14023,1,233716.67,233716.6678,3.0,3.0,28.150004,101.340016,5.0,77.848824,-5078.558685,0.093535,0.011253,0.0,28.152597,-0.001477,0.0,5078.677391,-59.665619,6.278984,1.0,0.0,0.0,0.0,4994.49255,-55.756932,1021.0,2.0,894.114508,6.0,-0.000723,34.252653,123.309552,34.252652,-0.010862,8.1e-05,-0.422638,0.014262,0.003175,0.005495,0.0,0.0,1.0,0.0,0.0,0.0,-9999.0,-9999.0,-9999.0,-9999.0,-9999.0,-9999.0,-9999.0,-9999.0,-9999.0,-9999.0,-9999.0,-9999.0,-9999.0,-9999.0
P13_HV1_3_interaction,active_and_state_lat_and_long_zero_last_source_row_continuous_segment,P13,HV1,3,keep_right,P13_HV1_3,P13_HV1.1.asc,HV3,60,initiator_active,14024,1,233733.33,233733.3335,3.0,3.0,28.151915,101.346895,5.0,78.318015,-5079.027862,0.110254,0.011359,0.0,28.154256,-0.001434,0.0,5079.146603,-59.667613,6.278989,1.0,0.0,0.0,0.0,4995.063411,-55.759834,1021.0,2.0,894.685377,6.0,-0.000742,34.245611,123.284198,34.245609,-0.009891,0.00013,-0.422542,0.011725,0.002797,0.005652,0.0,0.0,1.0,0.0,0.0,0.0,-9999.0,-9999.0,-9999.0,-9999.0,-9999.0,-9999.0,-9999.0,-9999.0,-9999.0,-9999.0,-9999.0,-9999.0,-9999.0,-9999.0
P13_HV1_3_interaction,active_and_state_lat_and_long_zero_last_source_row_continuous_segment,P13,HV1,3,keep_right,P13_HV1_3,P13_HV1.1.asc,HV3,60,initiator_active,14025,1,233750.0,233750.0007,3.0,3.0,28.153376,101.352155,5.0,78.787231,-5079.497065,0.112637,0.007834,0.0,28.156138,-0.001383,0.0,5079.615844,-59.669604,6.278994,1.0,0.0,0.0,0.0,4995.634155,-55.762733,1021.0,2.0,895.256128,6.0,-0.000759,34.238569,123.258849,34.238568,-0.008976,0.000173,-0.422447,0.009307,0.002434,0.005652,0.0,0.0,1.0,0.0,0.0,0.0,-9999.0,-9999.0,-9999.0,-9999.0,-9999.0,-9999.0,-9999.0,-9999.0,-9999.0,-9999.0,-9999.0,-9999.0,-9999.0,-9999.0
P13_HV1_3_interaction,active_and_state_lat_and_long_zero_last_source_row_continuous_segment,P13,HV1,3,keep_right,P13_HV1_3,P13_HV1.1.asc,HV3,60,initiator_active,14026,1,233766.67,233766.6679,3.0,3.0,28.155175,101.358631,5.0,79.256476,-5079.966297,0.108329,0.009102,0.0,28.157988,-0.001374,0.0,5080.085116,-59.671592,6.278999,1.0,0.0,0.0,0.0,4996.204782,-55.765628,1021.0,2.0,895.826762,6.0,-0.000772,34.23153,123.233507,34.231529,-0.008111,0.00021,-0.422353,0.007397,0.00209,0.005338,0.0,0.0,1.0,0.0,0.0,0.0,-9999.0,-9999.0,-9999.0,-9999.0,-9999.0,-9999.0,-9999.0,-9999.0,-9999.0,-9999.0,-9999.0,-9999.0,-9999.0,-9999.0
P13_HV1_3_interaction,active_and_state_lat_and_long_zero_last_source_row_continuous_segment,P13,HV1,3,keep_right,P13_HV1_3,P13_HV1.1.asc,HV3,60,initiator_active,14027,1,233783.33,233783.3343,3.0,3.0,28.157076,101.365475,5.0,79.725752,-5080.435561,0.111193,0.009603,0.0,28.159823,-0.001333,0.0,5080.554419,-59.673578,6.279003,1.0,0.0,0.0,0.0,4996.775291,-55.768521,1021.0,2.0,896.397279,6.0,-0.000784,34.224492,123.208169,34.224491,-0.007296,0.000242,-0.422258,0.005599,0.001768,0.005181,0.0,0.0,1.0,0.0,0.0,0.0,-9999.0,-9999.0,-9999.0,-9999.0,-9999.0,-9999.0,-9999.0,-9999.0,-9999.0,-9999.0,-9999.0,-9999.0,-9999.0,-9999.0
P13_HV1_3_interaction,active_and_state_lat_and_long_zero_last_source_row_continuous_segment,P13,HV1,3,keep_right,P13_HV1_3,P13_HV1.1.asc,HV3,60,initiator_active,14028,1,233800.0,233800.002,3.0,3.0,28.15889,101.372005,5.0,80.19506,-5080.904855,0.108054,0.00956,0.0,28.161656,-0.001278,0.0,5081.023753,-59.675561,6.279007,1.0,0.0,0.0,0.0,4997.345683,-55.771411,1021.0,2.0,896.967679,6.0,-0.000794,34.217455,123.182838,34.217454,-0.006532,0.000268,-0.422164,0.003921,0.00147,0.005024,0.0,0.0,1.0,0.0,0.0,0.0,-9999.0,-9999.0,-9999.0,-9999.0,-9999.0,-9999.0,-9999.0,-9999.0,-9999.0,-9999.0,-9999.0,-9999.0,-9999.0,-9999.0
P13_HV1_3_interaction,active_and_state_lat_and_long_zero_last_source_row_continuous_segment,P13,HV1,3,keep_right,P13_HV1_3,P13_HV1.1.asc,HV3,60,initiator_active,14029,1,233816.67,233816.6672,3.0,3.0,28.16075,101.378699,5.0,80.664397,-5081.37418,0.108016,0.007593,0.0,28.163456,-0.001218,0.0,5081.493117,-59.677543,6.27901,1.0,0.0,0.0,0.0,4997.915958,-55.7743,1021.0,2.0,897.537961,6.0,-0.000803,34.21042,123.157512,34.21042,-0.005819,0.00029,-0.422071,0.002367,0.001195,0.004867,0.0,0.0,1.0,0.0,0.0,0.0,-9999.0,-9999.0,-9999.0,-9999.0,-9999.0,-9999.0,-9999.0,-9999.0,-9999.0,-9999.0,-9999.0,-9999.0,-9999.0,-9999.0
P13_HV1_3_interaction,active_and_state_lat_and_long_zero_last_source_row_continuous_segment,P13,HV1,3,keep_right,P13_HV1_3,P13_HV1.1.asc,HV3,60,initiator_active,14030,1,233833.33,233833.3337,3.0,3.0,28.162556,101.385203,5.0,81.133766,-5081.843535,0.101175,0.008016,0.0,28.165225,-0.001181,0.0,5081.962512,-59.679521,6.279013,1.0,0.0,0.0,0.0,4998.486115,-55.777188,1021.0,2.0,898.108125,6.0,-0.000811,34.203387,123.132192,34.203386,-0.005154,0.000308,-0.421977,0.001329,0.000942,0.004553,0.00075,0.0,1.0,0.0,0.0,0.0,-9999.0,-9999.0,-9999.0,-9999.0,-9999.0,-9999.0,-9999.0,-9999.0,-9999.0,-9999.0,-9999.0,-9999.0,-9999.0,-9999.0
P13_HV1_3_interaction,active_and_state_lat_and_long_zero_last_source_row_continuous_segment,P13,HV1,3,keep_right,P13_HV1_3,P13_HV1.1.asc,HV3,60,initiator_active,14031,1,233850.0,233850.0003,3.0,3.0,28.164356,101.391682,5.0,81.603164,-5082.31292,0.091462,0.008077,0.0,28.16681,-0.001128,0.0,5082.431935,-59.681498,6.279016,1.0,0.0,0.0,0.0,4999.056156,-55.780075,1021.0,2.0,898.678173,6.0,-0.00082,34.196355,123.106877,34.196355,-0.004538,0.000321,-0.421885,0.000415,0.000712,0.004239,0.00075,0.0,1.0,0.0,0.0,0.0,-9999.0,-9999.0,-9999.0,-9999.0,-9999.0,-9999.0,-9999.0,-9999.0,-9999.0,-9999.0,-9999.0,-9999.0,-9999.0,-9999.0
P13_HV1_3_interaction,active_and_state_lat_and_long_zero_last_source_row_continuous_segment,P13,HV1,3,keep_right,P13_HV1_3,P13_HV1.1.asc,HV3,60,initiator_active,14032,1,233866.68,233866.6771,3.0,3.0,28.166068,101.397844,5.0,82.072591,-5082.782334,0.108649,0.007887,0.0,28.168432,-0.00107,0.0,5082.901384,-59.683473,6.279019,1.0,0.0,0.0,0.0,4999.626079,-55.782962,1021.0,2.0,899.248103,6.0,-0.000828,34.189325,123.081568,34.189324,-0.003982,0.000331,-0.421792,-0.001136,0.000503,0.004396,0.0045,0.0,1.0,0.0,0.0,0.0,-9999.0,-9999.0,-9999.0,-9999.0,-9999.0,-9999.0,-9999.0,-9999.0,-9999.0,-9999.0,-9999.0,-9999.0,-9999.0,-9999.0
P13_HV1_3_interaction,active_and_state_lat_and_long_zero_last_source_row_continuous_segment,P13,HV1,3,keep_right,P13_HV1_3,P13_HV1.1.asc,HV3,60,initiator_active,14033,1,233883.34,233883.3396,3.0,3.0,28.167572,101.403259,5.0,82.542044,-5083.251774,0.109803,0.007602,0.0,28.170252,-0.001012,0.0,5083.370861,-59.685446,6.279022,1.0,0.0,0.0,0.0,5000.195885,-55.785848,1021.0,2.0,899.817917,6.0,-0.000837,34.182296,123.056265,34.182296,-0.00348,0.000337,-0.4217,-0.002143,0.000313,0.004082,0.01075,0.0,1.0,0.0,0.0,0.0,-9999.0,-9999.0,-9999.0,-9999.0,-9999.0,-9999.0,-9999.0,-9999.0,-9999.0,-9999.0,-9999.0,-9999.0,-9999.0,-9999.0
P13_HV1_3_interaction,active_and_state_lat_and_long_zero_last_source_row_continuous_segment,P13,HV1,3,keep_right,P13_HV1_3,P13_HV1.1.asc,HV3,60,initiator_active,14034,1,233900.0,233900.0009,3.0,3.0,28.169337,101.409613,5.0,83.011525,-5083.721242,0.105432,0.007303,0.0,28.17208,-0.000955,0.0,5083.840369,-59.687416,6.279024,1.0,0.0,0.0,0.0,5000.765573,-55.788735,1021.0,6.0,0.387613,6.0,-0.000847,34.175269,123.030967,34.175268,-0.003035,0.000341,-0.421609,-0.003393,0.000144,0.004082,0.02375,0.0,1.0,0.0,0.0,0.0,-9999.0,-9999.0,-9999.0,-9999.0,-9999.0,-9999.0,-9999.0,-9999.0,-9999.0,-9999.0,-9999.0,-9999.0,-9999.0,-9999.0
P13_HV1_3_interaction,active_and_state_lat_and_long_zero_last_source_row_continuous_segment,P13,HV1,3,keep_right,P13_HV1_3,P13_HV1.1.asc,HV3,60,initiator_active,14035,1,233916.67,233916.6673,3.0,3.0,28.171167,101.416202,5.0,83.481037,-5084.19074,0.108429,0.007022,0.0,28.173842,-0.0009,0.0,5084.309906,-59.689385,6.279026,1.0,0.0,0.0,0.0,5001.335145,-55.791623,1021.0,6.0,0.957192,6.0,-0.000859,34.168243,123.005674,34.168243,-0.00264,0.000342,-0.421517,-0.004109,-6e-06,0.003925,0.04775,0.0,1.0,0.0,0.0,0.0,-9999.0,-9999.0,-9999.0,-9999.0,-9999.0,-9999.0,-9999.0,-9999.0,-9999.0,-9999.0,-9999.0,-9999.0,-9999.0,-9999.0
P13_HV1_3_interaction,active_and_state_lat_and_long_zero_last_source_row_continuous_segment,P13,HV1,3,keep_right,P13_HV1_3,P13_HV1.1.asc,HV3,60,initiator_active,14036,1,233933.34,233933.3369,3.0,3.0,28.172959,101.422651,5.0,83.950578,-5084.660268,0.109163,0.008457,0.0,28.175655,-0.000848,0.0,5084.779474,-59.691352,6.279029,1.0,0.0,0.0,0.0,5001.9046,-55.794512,1021.0,6.0,1.526653,6.0,-0.000872,34.161219,122.980387,34.161219,-0.002292,0.00034,-0.421426,-0.004693,-0.000141,0.003768,0.06975,0.0,1.0,0.0,0.0,0.0,-9999.0,-9999.0,-9999.0,-9999.0,-9999.0,-9999.0,-9999.0,-9999.0,-9999.0,-9999.0,-9999.0,-9999.0,-9999.0,-9999.0
P13_HV1_3_interaction,active_and_state_lat_and_long_zero_last_source_row_continuous_segment,P13,HV1,3,keep_right,P13_HV1_3,P13_HV1.1.asc,HV3,60,initiator_active,14037,1,233950.03,233950.0303,3.0,3.0,28.174746,101.429085,5.0,84.42015,-5085.129827,0.108293,0.007468,0.0,28.177506,-0.000777,0.0,5085.249071,-59.693317,6.279031,1.0,0.0,0.0,0.0,5002.473937,-55.797402,1021.0,6.0,2.095998,6.0,-0.000886,34.154196,122.955106,34.154196,-0.001995,0.000337,-0.421335,-0.005532,-0.000261,0.004396,0.06975,0.0,1.0,0.0,0.0,0.0,-9999.0,-9999.0,-9999.0,-9999.0,-9999.0,-9999.0,-9999.0,-9999.0,-9999.0,-9999.0,-9999.0,-9999.0,-9999.0,-9999.0
P13_HV1_3_interaction,active_and_state_lat_and_long_zero_last_source_row_continuous_segment,P13,HV1,3,keep_right,P13_HV1_3,P13_HV1.1.asc,HV3,60,initiator_active,14038,1,233966.67,233966.6676,3.0,3.0,28.176564,101.435632,5.0,84.889751,-5085.599415,0.104365,0.010254,0.0,28.179295,-0.000726,0.0,5085.7187,-59.69528,6.279033,1.0,0.0,0.0,0.0,5003.043157,-55.800293,1021.0,6.0,2.665226,6.0,-0.000903,34.147175,122.929829,34.147175,-0.001755,0.000331,-0.421245,-0.006862,-0.000368,0.005024,0.088,0.0,1.0,0.0,0.0,0.0,-9999.0,-9999.0,-9999.0,-9999.0,-9999.0,-9999.0,-9999.0,-9999.0,-9999.0,-9999.0,-9999.0,-9999.0,-9999.0,-9999.0
P13_HV1_3_interaction,active_and_state_lat_and_long_zero_last_source_row_continuous_segment,P13,HV1,3,keep_right,P13_HV1_3,P13_HV1.1.asc,HV3,60,initiator_active,14039,1,233983.33,233983.3344,3.0,3.0,28.178408,101.44227,5.0,85.359384,-5086.069034,0.108297,0.010129,0.0,28.181046,-0.000642,0.0,5086.188358,-59.697241,6.279036,1.0,0.0,0.0,0.0,5003.612261,-55.803186,1021.0,6.0,3.234337,6.0,-0.000922,34.140157,122.904564,34.140157,-0.001561,0.000324,-0.420828,-0.007809,-0.000456,0.005181,0.1005,0.0,1.0,0.0,0.0,0.0,-9999.0,-9999.0,-9999.0,-9999.0,-9999.0,-9999.0,-9999.0,-9999.0,-9999.0,-9999.0,-9999.0,-9999.0,-9999.0,-9999.0
P13_HV1_3_interaction,active_and_state_lat_and_long_zero_last_source_row_continuous_segment,P13,HV1,3,keep_right,P13_HV1_3,P13_HV1.1.asc,HV3,60,initiator_active,14040,1,234000.0,234000.0007,3.0,3.0,28.180165,101.448595,5.0,85.829046,-5086.538683,0.096656,0.010135,0.0,28.182728,-0.000576,0.0,5086.658045,-59.699199,6.279039,1.0,0.0,0.0,0.0,5004.181247,-55.80608,1021.0,6.0,3.80333,6.0,-0.000943,34.133153,122.879349,34.133153,-0.001404,0.000316,-0.419965,-0.008256,-0.000525,0.005181,0.1115,0.0,1.0,0.0,0.0,0.0,-9999.0,-9999.0,-9999.0,-9999.0,-9999.0,-9999.0,-9999.0,-9999.0,-9999.0,-9999.0,-9999.0,-9999.0,-9999.0,-9999.0
P13_HV1_3_interaction,active_and_state_lat_and_long_zero_last_source_row_continuous_segment,P13,HV1,3,keep_right,P13_HV1_3,P13_HV1.1.asc,HV3,60,initiator_active,14041,1,234016.67,234016.6673,3.0,3.0,28.181948,101.455013,5.0,86.298737,-5087.008361,0.112435,0.008676,0.0,28.184293,-0.000524,0.0,5087.12776,-59.701154,6.279043,1.0,0.0,0.0,0.0,5004.750117,-55.808977,1021.0,6.0,4.372207,6.0,-0.000967,34.126064,122.853831,34.126064,-0.001278,0.000307,-0.435248,-0.008612,-0.000548,0.005181,0.11825,0.002198,1.0,0.0,0.0,0.0,-9999.0,-9999.0,-9999.0,-9999.0,-9999.0,-9999.0,-9999.0,-9999.0,-9999.0,-9999.0,-9999.0,-9999.0,-9999.0,-9999.0
P13_HV1_3_interaction,active_and_state_lat_and_long_zero_last_source_row_continuous_segment,P13,HV1,3,keep_right,P13_HV1_3,P13_HV1.1.asc,HV3,60,initiator_active,14042,1,234033.33,234033.3337,3.0,3.0,28.183533,101.460719,5.0,86.768456,-5087.478066,0.119525,0.00934,0.0,28.186262,-0.000493,0.0,5087.597502,-59.703107,6.279048,1.0,0.0,0.0,0.0,5005.318868,-55.811876,1021.0,6.0,4.940966,6.0,-0.000994,34.118912,122.828083,34.118912,-0.001182,0.000297,-0.415329,-0.008895,-0.000563,0.005181,0.1205,0.0,1.0,0.0,0.0,0.0,-9999.0,-9999.0,-9999.0,-9999.0,-9999.0,-9999.0,-9999.0,-9999.0,-9999.0,-9999.0,-9999.0,-9999.0,-9999.0,-9999.0
P13_HV1_3_interaction,active_and_state_lat_and_long_zero_last_source_row_continuous_segment,P13,HV1,3,keep_right,P13_HV1_3,P13_HV1.1.asc,HV3,60,initiator_active,14043,1,234050.0,234050.0008,3.0,3.0,28.18523,101.466829,5.0,87.238201,-5087.947799,0.112747,0.009999,0.0,28.188238,-0.000467,0.0,5088.067277,-59.705057,6.279053,1.0,0.0,0.0,0.0,5005.887501,-55.814777,1021.0,6.0,5.509607,6.0,-0.001023,34.112157,122.803765,34.112157,-0.001113,0.000289,-0.397955,-0.009115,-0.000408,0.005181,0.1205,0.0,1.0,0.0,0.0,0.0,-9999.0,-9999.0,-9999.0,-9999.0,-9999.0,-9999.0,-9999.0,-9999.0,-9999.0,-9999.0,-9999.0,-9999.0,-9999.0,-9999.0
P13_HV1_3_interaction,active_and_state_lat_and_long_zero_last_source_row_continuous_segment,P13,HV1,3,keep_right,P13_HV1_3,P13_HV1.1.asc,HV3,60,initiator_active,14044,1,234066.67,234066.6669,3.0,3.0,28.187258,101.474128,5.0,87.70798,-5088.417564,0.112076,0.011115,0.0,28.190086,-0.000463,0.0,5088.537085,-59.707004,6.279058,1.0,0.0,0.0,0.0,5006.456021,-55.81768,1021.0,6.0,6.078134,6.0,-0.001055,34.105758,122.780729,34.105758,-0.00107,0.000285,-0.370882,-0.009299,-1.5e-05,0.005024,0.1205,0.0,1.0,0.0,0.0,0.0,-9999.0,-9999.0,-9999.0,-9999.0,-9999.0,-9999.0,-9999.0,-9999.0,-9999.0,-9999.0,-9999.0,-9999.0,-9999.0,-9999.0
P13_HV1_3_interaction,active_and_state_lat_and_long_zero_last_source_row_continuous_segment,P13,HV1,3,keep_right,P13_HV1_3,P13_HV1.1.asc,HV3,60,initiator_active,14045,1,234083.33,234083.3342,3.0,3.0,28.189177,101.481037,5.0,88.177792,-5088.887363,0.122723,0.010301,0.0,28.192012,-0.000461,0.0,5089.006923,-59.708949,6.279065,1.0,0.0,0.0,0.0,5007.024435,-55.820586,1021.0,6.0,6.646555,6.0,-0.00109,34.099964,122.759871,34.099964,-0.001051,0.000291,-0.330507,-0.009491,0.000658,0.004553,0.12025,0.0,1.0,0.0,0.0,0.0,-9999.0,-9999.0,-9999.0,-9999.0,-9999.0,-9999.0,-9999.0,-9999.0,-9999.0,-9999.0,-9999.0,-9999.0,-9999.0,-9999.0
P13_HV1_3_interaction,active_and_state_lat_and_long_zero_last_source_row_continuous_segment,P13,HV1,3,keep_right,P13_HV1_3,P13_HV1.1.asc,HV3,60,initiator_active,14046,1,234100.0,234100.0008,3.0,3.0,28.19102,101.487673,5.0,88.647634,-5089.357192,0.10278,0.010131,0.0,28.193933,-0.000486,0.0,5089.476795,-59.71089,6.279072,1.0,0.0,0.0,0.0,5007.592752,-55.823494,1021.0,6.0,7.214879,6.0,-0.001128,34.094832,122.741396,34.094832,-0.001054,0.000308,-0.296859,-0.009741,0.001294,0.004239,0.12125,0.0,1.0,0.0,0.0,0.0,-9999.0,-9999.0,-9999.0,-9999.0,-9999.0,-9999.0,-9999.0,-9999.0,-9999.0,-9999.0,-9999.0,-9999.0,-9999.0,-9999.0
P13_HV1_3_interaction,active_and_state_lat_and_long_zero_last_source_row_continuous_segment,P13,HV1,3,keep_right,P13_HV1_3,P13_HV1.1.asc,HV3,60,initiator_active,14047,1,234116.67,234116.6675,3.0,3.0,28.193034,101.494923,5.0,89.117509,-5089.827053,0.110511,0.010322,0.0,28.195706,-0.000526,0.0,5089.946696,-59.712829,6.279079,1.0,0.0,0.0,0.0,5008.160982,-55.826404,1021.0,6.0,7.783117,6.0,-0.001169,34.090055,122.724199,34.090055,-0.001073,0.000336,-0.277098,-0.009472,0.001782,0.003925,0.125,0.0,1.0,0.0,0.0,0.0,-9999.0,-9999.0,-9999.0,-9999.0,-9999.0,-9999.0,-9999.0,-9999.0,-9999.0,-9999.0,-9999.0,-9999.0,-9999.0,-9999.0
P13_HV1_3_interaction,active_and_state_lat_and_long_zero_last_source_row_continuous_segment,P13,HV1,3,keep_right,P13_HV1_3,P13_HV1.1.asc,HV3,60,initiator_active,14048,1,234133.33,234133.3344,3.0,3.0,28.194789,101.501242,5.0,89.587415,-5090.296946,0.107814,0.010649,0.0,28.197531,-0.000574,0.0,5090.416629,-59.714765,6.279087,1.0,0.0,0.0,0.0,5008.729132,-55.829317,1021.0,6.0,8.351274,6.0,-0.001213,34.085717,122.708582,34.085717,-0.001104,0.000366,-0.248765,-0.008819,0.001806,0.003454,0.13225,0.0,1.0,0.0,0.0,0.0,-9999.0,-9999.0,-9999.0,-9999.0,-9999.0,-9999.0,-9999.0,-9999.0,-9999.0,-9999.0,-9999.0,-9999.0,-9999.0,-9999.0
P13_HV1_3_interaction,active_and_state_lat_and_long_zero_last_source_row_continuous_segment,P13,HV1,3,keep_right,P13_HV1_3,P13_HV1.1.asc,HV3,60,initiator_active,14049,1,234150.0,234150.0044,3.0,3.0,28.196627,101.507858,5.0,90.057351,-5090.766868,0.080639,0.011008,0.0,28.199326,-0.000627,0.0,5090.886591,-59.716698,6.279095,1.0,0.0,0.0,0.0,5009.297209,-55.832232,1021.0,6.0,8.919359,6.0,-0.001259,34.081829,122.694585,34.081829,-0.001165,0.000394,-0.222894,-0.009063,0.001594,0.003297,0.13225,0.0,1.0,0.0,0.0,0.0,-9999.0,-9999.0,-9999.0,-9999.0,-9999.0,-9999.0,-9999.0,-9999.0,-9999.0,-9999.0,-9999.0,-9999.0,-9999.0,-9999.0
P13_HV1_3_interaction,active_and_state_lat_and_long_zero_last_source_row_continuous_segment,P13,HV1,3,keep_right,P13_HV1_3,P13_HV1.1.asc,HV3,60,initiator_active,14050,1,234166.67,234166.6674,3.0,3.0,28.198429,101.514344,5.0,90.527317,-5091.236821,0.118284,0.011351,0.0,28.200747,-0.000683,0.0,5091.356581,-59.718628,6.279104,1.0,0.0,0.0,0.0,5009.865221,-55.83515,1021.0,6.0,9.487378,6.0,-0.001309,34.078338,122.682016,34.078338,-0.001261,0.000418,-0.201226,-0.009382,0.001311,0.00314,0.14175,0.0,1.0,0.0,0.0,0.0,-9999.0,-9999.0,-9999.0,-9999.0,-9999.0,-9999.0,-9999.0,-9999.0,-9999.0,-9999.0,-9999.0,-9999.0,-9999.0,-9999.0
P13_HV1_3_interaction,active_and_state_lat_and_long_zero_last_source_row_continuous_segment,P13,HV1,3,keep_right,P13_HV1_3,P13_HV1.1.asc,HV3,60,initiator_active,14051,1,234183.34,234183.3447,3.0,3.0,28.199998,101.519994,5.0,90.997311,-5091.706801,0.104138,0.011682,0.0,28.202688,-0.000742,0.0,5091.826598,-59.720555,6.279113,1.0,0.0,0.0,0.0,5010.433174,-55.838071,1021.0,6.0,10.055339,6.0,-0.001361,34.075139,122.670502,34.075139,-0.001389,0.000437,-0.186828,-0.009357,0.001037,0.002826,0.15225,0.0,1.0,0.0,0.0,0.0,-9999.0,-9999.0,-9999.0,-9999.0,-9999.0,-9999.0,-9999.0,-9999.0,-9999.0,-9999.0,-9999.0,-9999.0,-9999.0,-9999.0
P13_HV1_3_interaction,active_and_state_lat_and_long_zero_last_source_row_continuous_segment,P13,HV1,3,keep_right,P13_HV1_3,P13_HV1.1.asc,HV3,60,initiator_active,14052,1,234200.0,234200.0013,3.0,3.0,28.201733,101.526237,5.0,91.467332,-5092.176808,0.106729,0.011995,0.0,28.204463,-0.000802,0.0,5092.296646,-59.722478,6.279122,1.0,0.0,0.0,0.0,5011.001073,-55.840994,1021.0,6.0,10.623245,6.0,-0.001417,34.072103,122.65957,34.072103,-0.001565,0.000452,-0.180041,-0.010109,0.000795,0.002826,0.163,0.0,1.0,0.0,0.0,0.0,-9999.0,-9999.0,-9999.0,-9999.0,-9999.0,-9999.0,-9999.0,-9999.0,-9999.0,-9999.0,-9999.0,-9999.0,-9999.0,-9999.0
P13_HV1_3_interaction,active_and_state_lat_and_long_zero_last_source_row_continuous_segment,P13,HV1,3,keep_right,P13_HV1_3,P13_HV1.1.asc,HV3,60,initiator_active,14053,1,234216.67,234216.6669,3.0,3.0,28.203556,101.5328,5.0,91.937383,-5092.646847,0.10439,0.012291,0.0,28.2062,-0.000861,0.0,5092.766724,-59.724399,6.279131,1.0,0.0,0.0,0.0,5011.568921,-55.843921,1021.0,6.0,11.191101,6.0,-0.001475,34.069126,122.648852,34.069126,-0.00179,0.000463,-0.178029,-0.010792,0.000581,0.002826,0.17475,0.0,1.0,0.0,0.0,0.0,-9999.0,-9999.0,-9999.0,-9999.0,-9999.0,-9999.0,-9999.0,-9999.0,-9999.0,-9999.0,-9999.0,-9999.0,-9999.0,-9999.0
P13_HV1_3_interaction,active_and_state_lat_and_long_zero_last_source_row_continuous_segment,P13,HV1,3,keep_right,P13_HV1_3,P13_HV1.1.asc,HV3,60,initiator_active,14054,1,234233.33,234233.3345,3.0,3.0,28.205352,101.539267,5.0,92.407465,-5093.116915,0.108209,0.012572,0.0,28.207965,-0.000921,0.0,5093.23683,-59.726316,6.27914,1.0,0.0,0.0,0.0,5012.136719,-55.84685,1021.0,6.0,11.758907,6.0,-0.001537,34.066161,122.63818,34.066161,-0.002061,0.000471,-0.177967,-0.011356,0.000385,0.002826,0.187,0.0,1.0,0.0,0.0,0.0,-9999.0,-9999.0,-9999.0,-9999.0,-9999.0,-9999.0,-9999.0,-9999.0,-9999.0,-9999.0,-9999.0,-9999.0,-9999.0,-9999.0
P13_HV1_3_interaction,active_and_state_lat_and_long_zero_last_source_row_continuous_segment,P13,HV1,3,keep_right,P13_HV1_3,P13_HV1.1.asc,HV3,60,initiator_active,14055,1,234250.0,234250.0006,3.0,3.0,28.20707,101.545451,5.0,92.877575,-5093.587011,0.108971,0.012838,0.0,28.209737,-0.000978,0.0,5093.706967,-59.72823,6.27915,1.0,0.0,0.0,0.0,5012.704468,-55.849783,1021.0,6.0,12.326663,6.0,-0.001603,34.06319,122.627483,34.06319,-0.002379,0.000475,-0.178253,-0.011757,0.000199,0.002826,0.187,0.0,1.0,0.0,0.0,0.0,-9999.0,-9999.0,-9999.0,-9999.0,-9999.0,-9999.0,-9999.0,-9999.0,-9999.0,-9999.0,-9999.0,-9999.0,-9999.0,-9999.0
P13_HV1_3_interaction,active_and_state_lat_and_long_zero_last_source_row_continuous_segment,P13,HV1,3,keep_right,P13_HV1_3,P13_HV1.1.asc,HV3,60,initiator_active,14056,1,234266.67,234266.6669,3.0,3.0,28.208867,101.55192,5.0,93.347715,-5094.057138,0.108749,0.013088,0.0,28.211567,-0.001033,0.0,5094.177132,-59.730141,6.279159,1.0,0.0,0.0,0.0,5013.272167,-55.852719,1021.0,6.0,12.89437,6.0,-0.001672,34.060233,122.616839,34.060233,-0.002741,0.000477,-0.176066,-0.011965,2.2e-05,0.002826,0.20025,0.0,1.0,0.0,0.0,0.0,-9999.0,-9999.0,-9999.0,-9999.0,-9999.0,-9999.0,-9999.0,-9999.0,-9999.0,-9999.0,-9999.0,-9999.0,-9999.0,-9999.0
P13_HV1_3_interaction,active_and_state_lat_and_long_zero_last_source_row_continuous_segment,P13,HV1,3,keep_right,P13_HV1_3,P13_HV1.1.asc,HV3,60,initiator_active,14057,1,234283.33,234283.3344,3.0,3.0,28.210645,101.558322,5.0,93.817885,-5094.527294,0.093955,0.013322,0.0,28.21331,-0.001085,0.0,5094.647329,-59.732048,6.279169,1.0,0.0,0.0,0.0,5013.839817,-55.855659,1021.0,6.0,13.462027,6.0,-0.001746,34.057356,122.60648,34.057355,-0.003143,0.000475,-0.169169,-0.011966,-0.00014,0.002826,0.216,0.0,1.0,0.0,0.0,0.0,-9999.0,-9999.0,-9999.0,-9999.0,-9999.0,-9999.0,-9999.0,-9999.0,-9999.0,-9999.0,-9999.0,-9999.0,-9999.0,-9999.0
P13_HV1_3_interaction,active_and_state_lat_and_long_zero_last_source_row_continuous_segment,P13,HV1,3,keep_right,P13_HV1_3,P13_HV1.1.asc,HV3,60,initiator_active,14058,1,234300.0,234300.0006,3.0,3.0,28.212473,101.564904,5.0,94.288085,-5094.99748,0.113849,0.013533,0.0,28.214962,-0.001134,0.0,5095.117553,-59.733951,6.279179,1.0,0.0,0.0,0.0,5014.407419,-55.858603,1021.0,6.0,14.029637,6.0,-0.001823,34.05463,122.596669,34.05463,-0.003583,0.000472,-0.160789,-0.011763,-0.000273,0.002826,0.23425,0.0,1.0,0.0,0.0,0.0,-9999.0,-9999.0,-9999.0,-9999.0,-9999.0,-9999.0,-9999.0,-9999.0,-9999.0,-9999.0,-9999.0,-9999.0,-9999.0,-9999.0
P13_HV1_3_interaction,active_and_state_lat_and_long_zero_last_source_row_continuous_segment,P13,HV1,3,keep_right,P13_HV1_3,P13_HV1.1.asc,HV3,60,initiator_active,14059,1,234316.67,234316.6668,3.0,3.0,28.214093,101.570734,5.0,94.758313,-5095.467695,0.106114,0.015419,0.0,28.216814,-0.001179,0.0,5095.587807,-59.735851,6.279188,1.0,0.0,0.0,0.0,5014.974975,-55.86155,1021.0,6.0,14.597201,6.0,-0.001904,34.052,122.5872,34.052,-0.004057,0.000466,-0.15404,-0.011373,-0.000378,0.002826,0.25,0.0,1.0,0.0,0.0,0.0,-9999.0,-9999.0,-9999.0,-9999.0,-9999.0,-9999.0,-9999.0,-9999.0,-9999.0,-9999.0,-9999.0,-9999.0,-9999.0,-9999.0
P13_HV1_3_interaction,active_and_state_lat_and_long_zero_last_source_row_continuous_segment,P13,HV1,3,keep_right,P13_HV1_3,P13_HV1.1.asc,HV3,60,initiator_active,14060,1,234333.34,234333.3358,3.0,3.0,28.215911,101.577278,5.0,95.22857,-5095.937938,0.108041,0.014834,0.0,28.218595,-0.001198,0.0,5096.05809,-59.737747,6.279198,1.0,0.0,0.0,0.0,5015.542488,-55.864501,1021.0,6.0,15.164721,6.0,-0.001989,34.049569,122.57845,34.049569,-0.004561,0.000459,-0.139144,-0.010827,-0.000457,0.002826,0.26225,0.0,1.0,0.0,0.0,0.0,-9999.0,-9999.0,-9999.0,-9999.0,-9999.0,-9999.0,-9999.0,-9999.0,-9999.0,-9999.0,-9999.0,-9999.0,-9999.0,-9999.0
P13_HV1_3_interaction,active_and_state_lat_and_long_zero_last_source_row_continuous_segment,P13,HV1,3,keep_right,P13_HV1_3,P13_HV1.1.asc,HV3,60,initiator_active,14061,1,234350.0,234350.0002,3.0,3.0,28.217698,101.583714,5.0,95.698857,-5096.408212,0.108037,0.017982,0.0,28.220396,-0.00123,0.0,5096.528404,-59.739639,6.279208,1.0,0.0,0.0,0.0,5016.10996,-55.867455,1021.0,6.0,15.732201,6.0,-0.002077,34.047431,122.570752,34.047431,-0.005093,0.000451,-0.120243,-0.010155,-0.000507,0.002826,0.26225,0.0,1.0,0.0,0.0,0.0,-9999.0,-9999.0,-9999.0,-9999.0,-9999.0,-9999.0,-9999.0,-9999.0,-9999.0,-9999.0,-9999.0,-9999.0,-9999.0,-9999.0
P13_HV1_3_interaction,active_and_state_lat_and_long_zero_last_source_row_continuous_segment,P13,HV1,3,keep_right,P13_HV1_3,P13_HV1.1.asc,HV3,60,initiator_active,14062,1,234366.67,234366.6677,3.0,3.0,28.219495,101.590184,5.0,96.169174,-5096.878515,0.10406,0.017684,0.0,28.222196,-0.001208,0.0,5096.998747,-59.741527,6.279218,1.0,0.0,0.0,0.0,5016.677396,-55.870412,1021.0,6.0,16.299645,6.0,-0.002169,34.045629,122.564263,34.045628,-0.005649,0.000442,-0.099267,-0.009398,-0.000524,0.002826,0.272,0.0,1.0,0.0,0.0,0.0,-9999.0,-9999.0,-9999.0,-9999.0,-9999.0,-9999.0,-9999.0,-9999.0,-9999.0,-9999.0,-9999.0,-9999.0,-9999.0,-9999.0
P13_HV1_3_interaction,active_and_state_lat_and_long_zero_last_source_row_continuous_segment,P13,HV1,3,keep_right,P13_HV1_3,P13_HV1.1.asc,HV3,60,initiator_active,14063,1,234383.33,234383.3349,3.0,3.0,28.221296,101.596667,5.0,96.639521,-5097.348848,0.107247,0.017732,0.0,28.223936,-0.001204,0.0,5097.469121,-59.74341,6.279228,1.0,0.0,0.0,0.0,5017.244802,-55.873373,1021.0,6.0,16.867059,6.0,-0.002264,34.044194,122.5591,34.044194,-0.006226,0.000434,-0.076465,-0.008595,-0.000508,0.002826,0.28025,0.0,1.0,0.0,0.0,0.0,-9999.0,-9999.0,-9999.0,-9999.0,-9999.0,-9999.0,-9999.0,-9999.0,-9999.0,-9999.0,-9999.0,-9999.0,-9999.0,-9999.0
P13_HV1_3_interaction,active_and_state_lat_and_long_zero_last_source_row_continuous_segment,P13,HV1,3,keep_right,P13_HV1_3,P13_HV1.1.asc,HV3,60,initiator_active,14064,1,234400.0,234400.0001,3.0,3.0,28.223063,101.603028,5.0,97.109898,-5097.819211,0.105662,0.021015,0.0,28.225665,-0.0012,0.0,5097.939523,-59.745287,6.27924,1.0,0.0,0.0,0.0,5017.812184,-55.876336,1021.0,6.0,17.434448,6.0,-0.002362,34.043127,122.555259,34.043127,-0.006824,0.000426,-0.057971,-0.007781,-0.000461,0.002826,0.28475,0.0,1.0,0.0,0.0,0.0,-9999.0,-9999.0,-9999.0,-9999.0,-9999.0,-9999.0,-9999.0,-9999.0,-9999.0,-9999.0,-9999.0,-9999.0,-9999.0,-9999.0
P13_HV1_3_interaction,active_and_state_lat_and_long_zero_last_source_row_continuous_segment,P13,HV1,3,keep_right,P13_HV1_3,P13_HV1.1.asc,HV3,60,initiator_active,14065,1,234416.67,234416.6724,3.0,3.0,28.22483,101.609389,5.0,97.580304,-5098.289604,0.114952,0.023742,0.0,28.227526,-0.001183,0.0,5098.409955,-59.747159,6.279252,1.0,0.0,0.0,0.0,5018.379547,-55.879302,1021.0,6.0,18.001819,6.0,-0.002462,34.04226,122.552137,34.042259,-0.00744,0.000419,-0.045853,-0.006972,-0.000405,0.002826,0.28775,0.0,1.0,0.0,0.0,0.0,-9999.0,-9999.0,-9999.0,-9999.0,-9999.0,-9999.0,-9999.0,-9999.0,-9999.0,-9999.0,-9999.0,-9999.0,-9999.0,-9999.0
P13_HV1_3_interaction,active_and_state_lat_and_long_zero_last_source_row_continuous_segment,P13,HV1,3,keep_right,P13_HV1_3,P13_HV1.1.asc,HV3,60,initiator_active,14066,1,234433.33,234433.3337,3.0,3.0,28.226546,101.615564,5.0,98.050739,-5098.760025,0.107738,0.024015,0.0,28.229395,-0.001154,0.0,5098.880418,-59.749025,6.279265,1.0,0.0,0.0,0.0,5018.946896,-55.88227,1021.0,6.0,18.569176,6.0,-0.002566,34.041701,122.550125,34.0417,-0.008068,0.000412,-0.023433,-0.005797,-0.000357,0.002669,0.29125,0.0,1.0,0.0,0.0,0.0,-9999.0,-9999.0,-9999.0,-9999.0,-9999.0,-9999.0,-9999.0,-9999.0,-9999.0,-9999.0,-9999.0,-9999.0,-9999.0,-9999.0
P13_HV1_3_interaction,active_and_state_lat_and_long_zero_last_source_row_continuous_segment,P13,HV1,3,keep_right,P13_HV1_3,P13_HV1.1.asc,HV3,60,initiator_active,14067,1,234450.0,234450.0006,3.0,3.0,28.228484,101.622542,5.0,98.521205,-5099.230477,0.115043,0.023601,0.0,28.231188,-0.001168,0.0,5099.350911,-59.750884,6.279279,1.0,0.0,0.0,0.0,5019.514235,-55.88524,1021.0,6.0,19.136523,6.0,-0.002671,34.041587,122.549712,34.041585,-0.008696,0.000407,0.005857,-0.003498,-0.000318,0.002041,0.29125,0.0,1.0,0.0,0.0,0.0,-9999.0,-9999.0,-9999.0,-9999.0,-9999.0,-9999.0,-9999.0,-9999.0,-9999.0,-9999.0,-9999.0,-9999.0,-9999.0,-9999.0
P13_HV1_3_interaction,active_and_state_lat_and_long_zero_last_source_row_continuous_segment,P13,HV1,3,keep_right,P13_HV1_3,P13_HV1.1.asc,HV3,60,initiator_active,14068,1,234466.67,234466.6675,3.0,3.0,28.230293,101.629056,5.0,98.991702,-5099.70096,0.117933,0.025292,0.0,28.23319,-0.001201,0.0,5099.821435,-59.752736,6.279294,1.0,0.0,0.0,0.0,5020.081572,-55.888212,1021.0,6.0,19.703868,6.0,-0.002778,34.042006,122.551221,34.042005,-0.00931,0.000402,0.038596,0.000279,-0.000267,0.000785,0.29575,0.0,1.0,0.0,0.0,0.0,-9999.0,-9999.0,-9999.0,-9999.0,-9999.0,-9999.0,-9999.0,-9999.0,-9999.0,-9999.0,-9999.0,-9999.0,-9999.0,-9999.0
P13_HV1_3_interaction,active_and_state_lat_and_long_zero_last_source_row_continuous_segment,P13,HV1,3,keep_right,P13_HV1_3,P13_HV1.1.asc,HV3,60,initiator_active,14069,1,234483.33,234483.3336,3.0,3.0,28.232146,101.635727,5.0,99.46223,-5100.171474,0.106565,0.026445,0.0,28.23508,-0.001225,0.0,5100.291993,-59.754581,6.279311,1.0,0.0,0.0,0.0,5020.648916,-55.891185,1021.0,6.0,20.271219,6.0,-0.002886,34.042951,122.554622,34.042949,-0.009917,0.000398,0.06853,0.004743,-0.00019,-0.000785,0.30225,0.0,1.0,0.0,0.0,0.0,-9999.0,-9999.0,-9999.0,-9999.0,-9999.0,-9999.0,-9999.0,-9999.0,-9999.0,-9999.0,-9999.0,-9999.0,-9999.0,-9999.0
P13_HV1_3_interaction,active_and_state_lat_and_long_zero_last_source_row_continuous_segment,P13,HV1,3,keep_right,P13_HV1_3,P13_HV1.1.asc,HV3,60,initiator_active,14070,1,234500.0,234500.0041,3.0,3.0,28.234172,101.64302,5.0,99.932791,-5100.642021,0.109454,0.02659,0.0,28.236886,-0.001283,0.0,5100.762582,-59.756419,6.279329,1.0,0.0,0.0,0.0,5021.216275,-55.894159,1021.0,6.0,20.838586,6.0,-0.002994,34.044321,122.559557,34.04432,-0.010514,0.000396,0.088766,0.017141,-0.000107,-0.005652,0.31025,0.0,1.0,0.0,0.0,0.0,-9999.0,-9999.0,-9999.0,-9999.0,-9999.0,-9999.0,-9999.0,-9999.0,-9999.0,-9999.0,-9999.0,-9999.0,-9999.0,-9999.0
P13_HV1_3_interaction,active_and_state_lat_and_long_zero_last_source_row_continuous_segment,P13,HV1,3,keep_right,P13_HV1_3,P13_HV1.1.asc,HV3,60,initiator_active,14071,1,234516.67,234516.6675,3.0,3.0,28.235968,101.649486,5.0,100.403382,-5101.112598,0.099599,0.026217,0.0,28.238658,-0.001384,0.0,5101.2332,-59.758249,6.279348,1.0,0.0,0.0,0.0,5021.783655,-55.89713,1021.0,6.0,21.405974,6.0,-0.0031,34.045892,122.565212,34.04589,-0.011089,0.000395,0.099222,0.019665,4e-06,-0.006437,0.31825,0.0,1.0,0.0,0.0,0.0,-9999.0,-9999.0,-9999.0,-9999.0,-9999.0,-9999.0,-9999.0,-9999.0,-9999.0,-9999.0,-9999.0,-9999.0,-9999.0,-9999.0
P13_HV1_3_interaction,active_and_state_lat_and_long_zero_last_source_row_continuous_segment,P13,HV1,3,keep_right,P13_HV1_3,P13_HV1.1.asc,HV3,60,initiator_active,14072,1,234533.33,234533.334,3.0,3.0,28.237798,101.656072,5.0,100.874004,-5101.583206,0.092188,0.026707,0.0,28.240281,-0.001515,0.0,5101.703848,-59.760072,6.279368,1.0,0.0,0.0,0.0,5022.351062,-55.900099,1021.0,6.0,21.973388,6.0,-0.003204,34.047689,122.571681,34.047687,-0.011691,0.000396,0.114059,0.029491,7e-05,-0.010205,0.32575,0.0,1.0,0.0,0.0,0.0,-9999.0,-9999.0,-9999.0,-9999.0,-9999.0,-9999.0,-9999.0,-9999.0,-9999.0,-9999.0,-9999.0,-9999.0,-9999.0,-9999.0
P13_HV1_3_interaction,active_and_state_lat_and_long_zero_last_source_row_continuous_segment,P13,HV1,3,keep_right,P13_HV1_3,P13_HV1.1.asc,HV3,60,initiator_active,14073,1,234550.0,234550.0008,3.0,3.0,28.239488,101.662158,5.0,101.344655,-5102.053843,0.117107,0.027544,0.0,28.241912,-0.001657,0.0,5102.174522,-59.761887,6.279389,1.0,0.0,0.0,0.0,5022.918498,-55.903063,1021.0,6.0,22.540832,6.0,-0.003302,34.049729,122.579026,34.049727,-0.012343,0.000397,0.127538,0.04027,0.000109,-0.014287,0.32575,0.0,1.0,0.0,0.0,0.0,-9999.0,-9999.0,-9999.0,-9999.0,-9999.0,-9999.0,-9999.0,-9999.0,-9999.0,-9999.0,-9999.0,-9999.0,-9999.0,-9999.0
P13_HV1_3_interaction,active_and_state_lat_and_long_zero_last_source_row_continuous_segment,P13,HV1,3,keep_right,P13_HV1_3,P13_HV1.1.asc,HV3,60,initiator_active,14074,1,234566.67,234566.6677,3.0,3.0,28.241049,101.667776,5.0,101.815333,-5102.524506,0.112262,0.023875,0.0,28.243876,-0.001819,0.0,5102.645225,-59.763695,6.279411,1.0,0.0,0.0,0.0,5023.485968,-55.90602,1021.0,6.0,23.10831,6.0,-0.003394,34.051952,122.587027,34.051949,-0.013055,0.000399,0.136891,0.054076,0.000126,-0.019468,0.33275,0.0,1.0,0.0,0.0,0.0,-9999.0,-9999.0,-9999.0,-9999.0,-9999.0,-9999.0,-9999.0,-9999.0,-9999.0,-9999.0,-9999.0,-9999.0,-9999.0,-9999.0
P13_HV1_3_interaction,active_and_state_lat_and_long_zero_last_source_row_continuous_segment,P13,HV1,3,keep_right,P13_HV1_3,P13_HV1.1.asc,HV3,60,initiator_active,14075,1,234583.33,234583.3341,3.0,3.0,28.242887,101.674395,5.0,102.286039,-5102.995198,0.106814,0.025567,0.0,28.245711,-0.002037,0.0,5103.115961,-59.765495,6.279432,1.0,0.0,0.0,0.0,5024.053475,-55.908968,1021.0,6.0,23.675825,6.0,-0.003475,34.054299,122.595476,34.054296,-0.013942,0.000401,0.143505,0.063289,0.00013,-0.022608,0.3375,0.0,1.0,0.0,0.0,0.0,-9999.0,-9999.0,-9999.0,-9999.0,-9999.0,-9999.0,-9999.0,-9999.0,-9999.0,-9999.0,-9999.0,-9999.0,-9999.0,-9999.0
P13_HV1_3_interaction,active_and_state_lat_and_long_zero_last_source_row_continuous_segment,P13,HV1,3,keep_right,P13_HV1_3,P13_HV1.1.asc,HV3,60,initiator_active,14076,1,234600.0,234600.0004,3.0,3.0,28.244811,101.681321,5.0,102.756777,-5103.465923,0.160645,0.024974,0.0,28.24749,-0.002224,0.0,5103.586726,-59.767289,6.279454,1.0,0.0,0.0,0.0,5024.621021,-55.911903,1021.0,6.0,24.243378,6.0,-0.003544,34.05674,122.604265,34.056737,-0.015023,0.000403,0.147824,0.073987,0.000123,-0.026062,0.343,0.0,1.0,0.0,0.0,0.0,-9999.0,-9999.0,-9999.0,-9999.0,-9999.0,-9999.0,-9999.0,-9999.0,-9999.0,-9999.0,-9999.0,-9999.0,-9999.0,-9999.0
P13_HV1_3_interaction,active_and_state_lat_and_long_zero_last_source_row_continuous_segment,P13,HV1,3,keep_right,P13_HV1_3,P13_HV1.1.asc,HV3,60,initiator_active,14077,1,234616.67,234616.6674,3.0,3.0,28.246601,101.687765,5.0,103.227546,-5103.936677,0.212767,0.027447,0.0,28.250531,-0.002396,0.0,5104.057526,-59.769076,6.279475,1.0,0.0,0.0,0.0,5025.188607,-55.914825,1021.0,6.0,24.810972,6.0,-0.003599,34.059219,122.613189,34.059215,-0.016341,0.000405,0.150172,0.083519,9.7e-05,-0.028731,0.3465,0.0,1.0,0.0,0.0,0.0,-9999.0,-9999.0,-9999.0,-9999.0,-9999.0,-9999.0,-9999.0,-9999.0,-9999.0,-9999.0,-9999.0,-9999.0,-9999.0,-9999.0
P13_HV1_3_interaction,active_and_state_lat_and_long_zero_last_source_row_continuous_segment,P13,HV1,3,keep_right,P13_HV1_3,P13_HV1.1.asc,HV3,60,initiator_active,14078,1,234633.33,234633.3334,3.0,3.0,28.248828,101.695782,5.0,103.698348,-5104.407465,0.106989,0.025846,0.0,28.253583,-0.002538,0.0,5104.528379,-59.770856,6.279496,1.0,0.0,0.0,0.0,5025.756235,-55.917729,1021.0,6.0,25.378607,6.0,-0.003637,34.061776,122.622394,34.061771,-0.017923,0.000406,0.156606,0.09237,5.2e-05,-0.030772,0.3505,0.0,1.0,0.0,0.0,0.0,-9999.0,-9999.0,-9999.0,-9999.0,-9999.0,-9999.0,-9999.0,-9999.0,-9999.0,-9999.0,-9999.0,-9999.0,-9999.0,-9999.0
P13_HV1_3_interaction,active_and_state_lat_and_long_zero_last_source_row_continuous_segment,P13,HV1,3,keep_right,P13_HV1_3,P13_HV1.1.asc,HV3,60,initiator_active,14079,1,234650.0,234650.0012,3.0,3.0,28.252304,101.708293,5.0,104.169205,-5104.878307,0.090735,0.024281,0.0,28.255258,-0.002676,0.0,5104.999276,-59.772629,6.279517,1.0,0.0,0.0,0.0,5026.323905,-55.920615,1021.0,6.0,25.946285,6.0,-0.003656,34.064464,122.63207,34.064458,-0.019795,0.000406,0.163516,0.099421,-4e-06,-0.031714,0.3505,0.0,1.0,0.0,0.0,0.0,-9999.0,-9999.0,-9999.0,-9999.0,-9999.0,-9999.0,-9999.0,-9999.0,-9999.0,-9999.0,-9999.0,-9999.0,-9999.0,-9999.0
P13_HV1_3_interaction,active_and_state_lat_and_long_zero_last_source_row_continuous_segment,P13,HV1,3,keep_right,P13_HV1_3,P13_HV1.1.asc,HV3,60,initiator_active,14080,1,234666.67,234666.6668,3.0,3.0,28.254474,101.716107,5.0,104.640105,-5105.349193,0.09738,0.026679,0.0,28.256779,-0.002817,0.0,5105.4702,-59.774395,6.279536,1.0,0.0,0.0,0.0,5026.891621,-55.92348,1021.0,6.0,26.514007,6.0,-0.003654,34.067302,122.642288,34.067295,-0.021967,0.000406,0.17739,0.105076,-6.7e-05,-0.031714,0.35525,0.0,1.0,0.0,0.0,0.0,-9999.0,-9999.0,-9999.0,-9999.0,-9999.0,-9999.0,-9999.0,-9999.0,-9999.0,-9999.0,-9999.0,-9999.0,-9999.0,-9999.0
P13_HV1_3_interaction,active_and_state_lat_and_long_zero_last_source_row_continuous_segment,P13,HV1,3,keep_right,P13_HV1_3,P13_HV1.1.asc,HV3,60,initiator_active,14081,1,234683.33,234683.3342,3.0,3.0,28.256014,101.72165,5.0,105.111032,-5105.820105,0.103494,0.026086,0.0,28.25844,-0.002901,0.0,5105.94115,-59.776154,6.279555,1.0,0.0,0.0,0.0,5027.459383,-55.926322,1021.0,6.0,27.081777,6.0,-0.003629,34.07042,122.65351,34.070411,-0.0244,0.000404,0.193637,0.111602,-0.000127,-0.0314,0.3605,0.0,1.0,0.0,0.0,0.0,-9999.0,-9999.0,-9999.0,-9999.0,-9999.0,-9999.0,-9999.0,-9999.0,-9999.0,-9999.0,-9999.0,-9999.0,-9999.0,-9999.0
P13_HV1_3_interaction,active_and_state_lat_and_long_zero_last_source_row_continuous_segment,P13,HV1,3,keep_right,P13_HV1_3,P13_HV1.1.asc,HV3,60,initiator_active,14082,1,234700.0,234700.0002,3.0,3.0,28.25759,101.727326,5.0,105.581984,-5106.291043,0.11123,0.025963,0.0,28.260201,-0.002989,0.0,5106.412128,-59.777906,6.279573,1.0,0.0,0.0,0.0,5028.027198,-55.929139,1021.0,6.0,27.649599,6.0,-0.003578,34.073773,122.665583,34.073762,-0.027056,0.000401,0.2049,0.118859,-0.000172,-0.0314,0.3665,0.0,1.0,0.0,0.0,0.0,-9999.0,-9999.0,-9999.0,-9999.0,-9999.0,-9999.0,-9999.0,-9999.0,-9999.0,-9999.0,-9999.0,-9999.0,-9999.0,-9999.0
P13_HV1_3_interaction,active_and_state_lat_and_long_zero_last_source_row_continuous_segment,P13,HV1,3,keep_right,P13_HV1_3,P13_HV1.1.asc,HV3,60,initiator_active,14083,1,234716.67,234716.6679,3.0,3.0,28.259302,101.733487,5.0,106.052965,-5106.762009,0.09793,0.024453,0.0,28.261996,-0.003068,0.0,5106.883135,-59.779651,6.279591,1.0,0.0,0.0,0.0,5028.595068,-55.931928,1021.0,6.0,28.217476,6.0,-0.0035,34.077239,122.67806,34.077226,-0.0299,0.000398,0.211247,0.126711,-0.000214,-0.0314,0.375,0.0,1.0,0.0,0.0,0.0,-9999.0,-9999.0,-9999.0,-9999.0,-9999.0,-9999.0,-9999.0,-9999.0,-9999.0,-9999.0,-9999.0,-9999.0,-9999.0,-9999.0
P13_HV1_3_interaction,active_and_state_lat_and_long_zero_last_source_row_continuous_segment,P13,HV1,3,keep_right,P13_HV1_3,P13_HV1.1.asc,HV3,60,initiator_active,14084,1,234733.33,234733.3346,3.0,3.0,28.261128,101.740061,5.0,106.523976,-5107.233005,0.072547,0.02568,0.0,28.263327,-0.00311,0.0,5107.354172,-59.78139,6.279607,1.0,0.0,0.0,0.0,5029.162996,-55.934688,1021.0,6.0,28.785411,6.0,-0.003392,34.080854,122.691075,34.080838,-0.032897,0.000394,0.221038,0.135044,-0.000261,-0.0314,0.38575,0.0,1.0,0.0,0.0,0.0,-9999.0,-9999.0,-9999.0,-9999.0,-9999.0,-9999.0,-9999.0,-9999.0,-9999.0,-9999.0,-9999.0,-9999.0,-9999.0,-9999.0
P13_HV1_3_interaction,active_and_state_lat_and_long_zero_last_source_row_continuous_segment,P13,HV1,3,keep_right,P13_HV1_3,P13_HV1.1.asc,HV3,60,initiator_active,14085,1,234750.0,234750.0006,3.0,3.0,28.262813,101.746125,5.0,106.995015,-5107.70403,0.095367,0.024797,0.0,28.264723,-0.003122,0.0,5107.825229,-59.783122,6.279622,1.0,0.0,0.0,0.0,5029.730985,-55.937416,1021.0,6.0,29.353405,6.0,-0.003251,34.084627,122.704657,34.084608,-0.036018,0.000389,0.23053,0.143762,-0.000316,-0.0314,0.38575,0.0,1.0,0.0,0.0,0.0,-9999.0,-9999.0,-9999.0,-9999.0,-9999.0,-9999.0,-9999.0,-9999.0,-9999.0,-9999.0,-9999.0,-9999.0,-9999.0,-9999.0
P13_HV1_3_interaction,active_and_state_lat_and_long_zero_last_source_row_continuous_segment,P13,HV1,3,keep_right,P13_HV1_3,P13_HV1.1.asc,HV3,60,initiator_active,14086,1,234766.67,234766.6675,3.0,3.0,28.263932,101.750155,5.0,107.466075,-5108.175075,0.10025,0.023907,0.0,28.266293,-0.003122,0.0,5108.296312,-59.784848,6.279636,1.0,0.0,0.0,0.0,5030.299036,-55.940108,1021.0,6.0,29.921463,6.0,-0.003075,34.08856,122.718817,34.088538,-0.039234,0.000383,0.239765,0.152777,-0.000369,-0.0314,0.3975,0.0,1.0,0.0,0.0,0.0,-9999.0,-9999.0,-9999.0,-9999.0,-9999.0,-9999.0,-9999.0,-9999.0,-9999.0,-9999.0,-9999.0,-9999.0,-9999.0,-9999.0
P13_HV1_3_interaction,active_and_state_lat_and_long_zero_last_source_row_continuous_segment,P13,HV1,3,keep_right,P13_HV1_3,P13_HV1.1.asc,HV3,60,initiator_active,14087,1,234783.33,234783.3342,3.0,3.0,28.265517,101.755863,5.0,107.93716,-5108.646145,0.108606,0.021866,0.0,28.267984,-0.003123,0.0,5108.76742,-59.786567,6.279649,1.0,0.0,0.0,0.0,5030.867153,-55.942763,1021.0,6.0,30.489586,6.0,-0.002861,34.092627,122.733458,34.092601,-0.042519,0.000377,0.247324,0.162012,-0.000416,-0.0314,0.41,0.0,1.0,0.0,0.0,0.0,-9999.0,-9999.0,-9999.0,-9999.0,-9999.0,-9999.0,-9999.0,-9999.0,-9999.0,-9999.0,-9999.0,-9999.0,-9999.0,-9999.0
P13_HV1_3_interaction,active_and_state_lat_and_long_zero_last_source_row_continuous_segment,P13,HV1,3,keep_right,P13_HV1_3,P13_HV1.1.asc,HV3,60,initiator_active,14088,1,234800.0,234800.0003,3.0,3.0,28.267129,101.761664,5.0,108.408271,-5109.117242,0.112225,0.021514,0.0,28.269809,-0.003106,0.0,5109.238558,-59.788281,6.279661,1.0,0.0,0.0,0.0,5031.435337,-55.945377,1021.0,6.0,31.057777,6.0,-0.002606,34.096809,122.748511,34.096778,-0.04585,0.000369,0.252857,0.1714,-0.000455,-0.0314,0.42225,0.0,1.0,0.0,0.0,0.0,-9999.0,-9999.0,-9999.0,-9999.0,-9999.0,-9999.0,-9999.0,-9999.0,-9999.0,-9999.0,-9999.0,-9999.0,-9999.0,-9999.0
P13_HV1_3_interaction,active_and_state_lat_and_long_zero_last_source_row_continuous_segment,P13,HV1,3,keep_right,P13_HV1_3,P13_HV1.1.asc,HV3,60,initiator_active,14089,1,234816.67,234816.6675,3.0,3.0,28.268889,101.768,5.0,108.879411,-5109.588367,0.114916,0.02035,0.0,28.271699,-0.00305,0.0,5109.709726,-59.789989,6.279672,1.0,0.0,0.0,0.0,5032.003592,-55.947948,1021.0,6.0,31.626037,6.0,-0.002307,34.101046,122.763765,34.10101,-0.049205,0.000362,0.256345,0.180883,-0.000492,-0.0314,0.433,0.0,1.0,0.0,0.0,0.0,-9999.0,-9999.0,-9999.0,-9999.0,-9999.0,-9999.0,-9999.0,-9999.0,-9999.0,-9999.0,-9999.0,-9999.0,-9999.0,-9999.0
P13_HV1_3_interaction,active_and_state_lat_and_long_zero_last_source_row_continuous_segment,P13,HV1,3,keep_right,P13_HV1_3,P13_HV1.1.asc,HV3,60,initiator_active,14090,1,234833.33,234833.3343,3.0,3.0,28.270744,101.774679,5.0,109.350582,-5110.059523,0.092091,0.019199,0.0,28.273581,-0.002984,0.0,5110.180926,-59.791691,6.279682,1.0,0.0,0.0,0.0,5032.571917,-55.950473,1021.0,6.0,32.194367,6.0,-0.001961,34.105375,122.779351,34.105335,-0.052564,0.000353,0.263103,0.190408,-0.000535,-0.0314,0.4425,0.0,1.0,0.0,0.0,0.0,-9999.0,-9999.0,-9999.0,-9999.0,-9999.0,-9999.0,-9999.0,-9999.0,-9999.0,-9999.0,-9999.0,-9999.0,-9999.0,-9999.0
P13_HV1_3_interaction,active_and_state_lat_and_long_zero_last_source_row_continuous_segment,P13,HV1,3,keep_right,P13_HV1_3,P13_HV1.1.asc,HV3,60,initiator_active,14091,1,234850.0,234850.0009,3.0,3.0,28.272657,101.781563,5.0,109.821784,-5110.53071,0.112101,0.016875,0.0,28.275134,-0.002924,0.0,5110.652155,-59.793389,6.279691,1.0,0.0,0.0,0.0,5033.140314,-55.952948,1021.0,6.0,32.76277,6.0,-0.001566,34.109837,122.795413,34.109791,-0.05591,0.000344,0.271849,0.199927,-0.000579,-0.0314,0.4425,0.0,1.0,0.0,0.0,0.0,-9999.0,-9999.0,-9999.0,-9999.0,-9999.0,-9999.0,-9999.0,-9999.0,-9999.0,-9999.0,-9999.0,-9999.0,-9999.0,-9999.0
P13_HV1_3_interaction,active_and_state_lat_and_long_zero_last_source_row_continuous_segment,P13,HV1,3,keep_right,P13_HV1_3,P13_HV1.1.asc,HV3,60,initiator_active,14092,1,234866.67,234866.6674,3.0,3.0,28.274348,101.787653,5.0,110.293017,-5111.001927,0.102311,0.013388,0.0,28.276983,-0.002866,0.0,5111.123412,-59.795081,6.279698,1.0,0.0,0.0,0.0,5033.708786,-55.95537,1021.0,6.0,33.331247,6.0,-0.001118,34.114466,122.812078,34.114415,-0.059225,0.000334,0.283248,0.209385,-0.000618,-0.031086,0.44975,0.0,1.0,0.0,0.0,0.0,-9999.0,-9999.0,-9999.0,-9999.0,-9999.0,-9999.0,-9999.0,-9999.0,-9999.0,-9999.0,-9999.0,-9999.0,-9999.0,-9999.0
P13_HV1_3_interaction,active_and_state_lat_and_long_zero_last_source_row_continuous_segment,P13,HV1,3,keep_right,P13_HV1_3,P13_HV1.1.asc,HV3,60,initiator_active,14093,1,234883.33,234883.3335,3.0,3.0,28.276068,101.793845,5.0,110.764276,-5111.473172,0.104195,0.013081,0.0,28.277835,-0.002848,0.0,5111.594699,-59.79677,6.279705,1.0,0.0,0.0,0.0,5034.277336,-55.957738,1021.0,6.0,33.899801,6.0,-0.000614,34.119322,122.829559,34.119265,-0.062504,0.000323,0.298516,0.218103,-0.00064,-0.030458,0.45575,0.0,1.0,0.0,0.0,0.0,-9999.0,-9999.0,-9999.0,-9999.0,-9999.0,-9999.0,-9999.0,-9999.0,-9999.0,-9999.0,-9999.0,-9999.0,-9999.0,-9999.0
P13_HV1_3_interaction,active_and_state_lat_and_long_zero_last_source_row_continuous_segment,P13,HV1,3,keep_right,P13_HV1_3,P13_HV1.1.asc,HV3,60,initiator_active,14094,1,234900.0,234900.0012,3.0,3.0,28.277835,101.800207,5.0,111.235566,-5111.944446,0.115856,0.011379,0.0,28.280404,-0.002748,0.0,5112.066001,-59.798456,6.27971,1.0,0.0,0.0,0.0,5034.845966,-55.960048,1021.0,6.0,34.468436,6.0,-5.3e-05,34.124445,122.848003,34.124382,-0.065738,0.000312,0.31226,0.226145,-0.000632,-0.029987,0.46,0.0,1.0,0.0,0.0,0.0,-9999.0,-9999.0,-9999.0,-9999.0,-9999.0,-9999.0,-9999.0,-9999.0,-9999.0,-9999.0,-9999.0,-9999.0,-9999.0,-9999.0
P13_HV1_3_interaction,active_and_state_lat_and_long_zero_last_source_row_continuous_segment,P13,HV1,3,keep_right,P13_HV1_3,P13_HV1.1.asc,HV3,60,initiator_active,14095,1,234916.67,234916.6675,3.0,3.0,28.278704,101.803333,5.0,111.70687,-5112.415735,0.110052,0.009852,0.0,28.282343,-0.002654,0.0,5112.537346,-59.800138,6.279713,1.0,0.0,0.0,0.0,5035.414682,-55.962298,1021.0,6.0,35.037156,6.0,0.000569,34.129713,122.866968,34.129644,-0.068905,0.000302,0.321446,0.234378,-0.000601,-0.029673,0.46275,0.0,1.0,0.0,0.0,0.0,-9999.0,-9999.0,-9999.0,-9999.0,-9999.0,-9999.0,-9999.0,-9999.0,-9999.0,-9999.0,-9999.0,-9999.0,-9999.0,-9999.0
P13_HV1_3_interaction,active_and_state_lat_and_long_zero_last_source_row_continuous_segment,P13,HV1,3,keep_right,P13_HV1_3,P13_HV1.1.asc,HV3,60,initiator_active,14096,1,234933.33,234933.334,3.0,3.0,28.28137,101.812931,5.0,112.178217,-5112.887068,0.107454,0.008113,0.0,28.28416,-0.002544,0.0,5113.008723,-59.801818,6.279714,1.0,0.0,0.0,0.0,5035.983485,-55.964485,1021.0,6.0,35.605963,6.0,0.001255,34.135229,122.886823,34.135153,-0.071991,0.000293,0.339412,0.242346,-0.000553,-0.029359,0.46475,0.0,1.0,0.0,0.0,0.0,-9999.0,-9999.0,-9999.0,-9999.0,-9999.0,-9999.0,-9999.0,-9999.0,-9999.0,-9999.0,-9999.0,-9999.0,-9999.0,-9999.0
P13_HV1_3_interaction,active_and_state_lat_and_long_zero_last_source_row_continuous_segment,P13,HV1,3,keep_right,P13_HV1_3,P13_HV1.1.asc,HV3,60,initiator_active,14097,1,234950.0,234950.0006,3.0,3.0,28.28326,101.819737,5.0,112.649597,-5113.358432,0.100456,0.006253,0.0,28.285918,-0.00242,0.0,5113.48013,-59.803496,6.279714,1.0,0.0,0.0,0.0,5036.552381,-55.966606,1021.0,6.0,36.174862,6.0,0.002007,34.141084,122.907904,34.141002,-0.074984,0.000284,0.360983,0.250003,-0.000492,-0.029045,0.46475,0.0,1.0,0.0,0.0,0.0,-9999.0,-9999.0,-9999.0,-9999.0,-9999.0,-9999.0,-9999.0,-9999.0,-9999.0,-9999.0,-9999.0,-9999.0,-9999.0,-9999.0
P13_HV1_3_interaction,active_and_state_lat_and_long_zero_last_source_row_continuous_segment,P13,HV1,3,keep_right,P13_HV1_3,P13_HV1.1.asc,HV3,60,initiator_active,14098,1,234966.67,234966.6675,3.0,3.0,28.285056,101.8262,5.0,113.121006,-5113.829827,0.09767,0.006009,0.0,28.287524,-0.002285,0.0,5113.951566,-59.805173,6.279713,1.0,0.0,0.0,0.0,5037.121375,-55.968659,1021.0,6.0,36.743859,6.0,0.002827,34.147308,122.930308,34.147219,-0.077867,0.000276,0.382957,0.258077,-0.000423,-0.029045,0.46775,0.0,1.0,0.0,0.0,0.0,-9999.0,-9999.0,-9999.0,-9999.0,-9999.0,-9999.0,-9999.0,-9999.0,-9999.0,-9999.0,-9999.0,-9999.0,-9999.0,-9999.0
P13_HV1_3_interaction,active_and_state_lat_and_long_zero_last_source_row_continuous_segment,P13,HV1,3,keep_right,P13_HV1_3,P13_HV1.1.asc,HV3,60,initiator_active,14099,1,234983.33,234983.3344,3.0,3.0,28.286755,101.83232,5.0,113.592444,-5114.30125,0.108308,0.004455,0.0,28.289221,-0.002102,0.0,5114.423028,-59.806848,6.27971,1.0,0.0,0.0,0.0,5037.690472,-55.970642,1021.0,6.0,37.312959,6.0,0.003718,34.15388,122.953969,34.153785,-0.080643,0.00027,0.403088,0.264965,-0.000338,-0.028731,0.47125,0.0,1.0,0.0,0.0,0.0,-9999.0,-9999.0,-9999.0,-9999.0,-9999.0,-9999.0,-9999.0,-9999.0,-9999.0,-9999.0,-9999.0,-9999.0,-9999.0,-9999.0
P13_HV1_3_interaction,active_and_state_lat_and_long_zero_last_source_row_continuous_segment,P13,HV1,3,keep_right,P13_HV1_3,P13_HV1.1.asc,HV3,60,initiator_active,14100,1,235000.0,235000.0008,3.0,3.0,28.288338,101.838015,5.0,114.063909,-5114.7727,0.111537,0.004414,0.0,28.291061,-0.001913,0.0,5114.89452,-59.808522,6.279706,1.0,0.0,0.0,0.0,5038.259678,-55.972553,1021.0,6.0,37.882167,6.0,0.004682,34.160748,122.978693,34.160647,-0.08331,0.000265,0.417236,0.271444,-0.000253,-0.028417,0.47625,0.0,1.0,0.0,0.0,0.0,-9999.0,-9999.0,-9999.0,-9999.0,-9999.0,-9999.0,-9999.0,-9999.0,-9999.0,-9999.0,-9999.0,-9999.0,-9999.0,-9999.0
P13_HV1_3_interaction,active_and_state_lat_and_long_zero_last_source_row_continuous_segment,P13,HV1,3,keep_right,P13_HV1_3,P13_HV1.1.asc,HV3,60,initiator_active,14101,1,235016.67,235016.6675,3.0,3.0,28.290124,101.844447,5.0,114.535403,-5115.244178,0.110947,0.003623,0.0,28.292929,-0.001698,0.0,5115.366042,-59.810195,6.279701,1.0,0.0,0.0,0.0,5038.828998,-55.974389,1021.0,6.0,38.45149,6.0,0.00572,34.167752,123.003909,34.167645,-0.085862,0.000262,0.424405,0.277502,-0.000184,-0.028103,0.482,0.0,1.0,0.0,0.0,0.0,-9999.0,-9999.0,-9999.0,-9999.0,-9999.0,-9999.0,-9999.0,-9999.0,-9999.0,-9999.0,-9999.0,-9999.0,-9999.0,-9999.0
P13_HV1_3_interaction,active_and_state_lat_and_long_zero_last_source_row_continuous_segment,P13,HV1,3,keep_right,P13_HV1_3,P13_HV1.1.asc,HV3,60,initiator_active,14102,1,235033.33,235033.3345,3.0,3.0,28.291991,101.851167,5.0,115.006928,-5115.715688,0.107302,0.002502,0.0,28.294755,-0.001476,0.0,5115.837595,-59.811868,6.279695,1.0,0.0,0.0,0.0,5039.398436,-55.976149,1021.0,6.0,39.020929,6.0,0.006836,34.174913,123.029688,34.174799,-0.088297,0.000259,0.434665,0.283146,-0.000144,-0.027789,0.4875,0.0,1.0,0.0,0.0,0.0,-9999.0,-9999.0,-9999.0,-9999.0,-9999.0,-9999.0,-9999.0,-9999.0,-9999.0,-9999.0,-9999.0,-9999.0,-9999.0,-9999.0
P13_HV1_3_interaction,active_and_state_lat_and_long_zero_last_source_row_continuous_segment,P13,HV1,3,keep_right,P13_HV1_3,P13_HV1.1.asc,HV3,60,initiator_active,14103,1,235050.0,235050.0007,3.0,3.0,28.293854,101.857874,5.0,115.478484,-5116.187229,0.103223,0.001321,0.0,28.296542,-0.001255,0.0,5116.309179,-59.813539,6.279689,1.0,0.0,0.0,0.0,5039.967992,-55.977831,1021.0,6.0,39.590487,6.0,0.008031,34.18224,123.056065,34.18212,-0.090607,0.000257,0.444085,0.288775,-0.000134,-0.027632,0.4875,0.0,1.0,0.0,0.0,0.0,-9999.0,-9999.0,-9999.0,-9999.0,-9999.0,-9999.0,-9999.0,-9999.0,-9999.0,-9999.0,-9999.0,-9999.0,-9999.0,-9999.0
P13_HV1_3_interaction,active_and_state_lat_and_long_zero_last_source_row_continuous_segment,P13,HV1,3,keep_right,P13_HV1_3,P13_HV1.1.asc,HV3,60,initiator_active,14104,1,235066.67,235066.6676,3.0,3.0,28.295649,101.864337,5.0,115.95007,-5116.6588,0.098742,0.000194,0.0,28.298268,-0.001039,0.0,5116.780792,-59.815211,6.279682,1.0,0.0,0.0,0.0,5040.537671,-55.979433,1021.0,6.0,40.160166,6.0,0.009306,34.189704,123.082936,34.189578,-0.092817,0.000255,0.451423,0.292077,-0.000143,-0.02669,0.493,0.0,1.0,0.0,0.0,0.0,-9999.0,-9999.0,-9999.0,-9999.0,-9999.0,-9999.0,-9999.0,-9999.0,-9999.0,-9999.0,-9999.0,-9999.0,-9999.0,-9999.0
P13_HV1_3_interaction,active_and_state_lat_and_long_zero_last_source_row_continuous_segment,P13,HV1,3,keep_right,P13_HV1_3,P13_HV1.1.asc,HV3,60,initiator_active,14105,1,235083.33,235083.3343,3.0,3.0,28.297402,101.870647,5.0,116.421686,-5117.1304,0.113006,-0.000845,0.0,28.299964,-0.00083,0.0,5117.252434,-59.816882,6.279675,1.0,0.0,0.0,0.0,5041.107474,-55.980953,1021.0,6.0,40.72997,6.0,0.010663,34.197264,123.11015,34.197132,-0.094929,0.000252,0.456132,0.294276,-0.000164,-0.025434,0.498,0.0,1.0,0.0,0.0,0.0,-9999.0,-9999.0,-9999.0,-9999.0,-9999.0,-9999.0,-9999.0,-9999.0,-9999.0,-9999.0,-9999.0,-9999.0,-9999.0,-9999.0
P13_HV1_3_interaction,active_and_state_lat_and_long_zero_last_source_row_continuous_segment,P13,HV1,3,keep_right,P13_HV1_3,P13_HV1.1.asc,HV3,60,initiator_active,14106,1,235100.0,235100.0008,3.0,3.0,28.299091,101.876728,5.0,116.89333,-5117.602029,0.114992,-0.001794,0.0,28.301864,-0.000631,0.0,5117.724105,-59.818554,6.279667,1.0,0.0,0.0,0.0,5041.677403,-55.982392,1021.0,6.0,41.299899,6.0,0.012103,34.204878,123.137561,34.204741,-0.096954,0.000249,0.458214,0.29422,-0.000197,-0.023393,0.5025,0.0,1.0,0.0,0.0,0.0,-9999.0,-9999.0,-9999.0,-9999.0,-9999.0,-9999.0,-9999.0,-9999.0,-9999.0,-9999.0,-9999.0,-9999.0,-9999.0,-9999.0
P13_HV1_3_interaction,active_and_state_lat_and_long_zero_last_source_row_continuous_segment,P13,HV1,3,keep_right,P13_HV1_3,P13_HV1.1.asc,HV3,60,initiator_active,14107,1,235116.7,235116.6987,3.0,3.0,28.300906,101.883261,5.0,117.365003,-5118.073688,0.099473,-0.002659,0.0,28.303745,-0.000441,0.0,5118.195807,-59.820226,6.279659,1.0,0.0,0.0,0.0,5042.24746,-55.983748,1021.0,6.0,41.869955,6.0,0.013625,34.212503,123.165012,34.21236,-0.098892,0.000246,0.458993,0.292316,-0.000246,-0.020724,0.50625,0.0,1.0,0.0,0.0,0.0,-9999.0,-9999.0,-9999.0,-9999.0,-9999.0,-9999.0,-9999.0,-9999.0,-9999.0,-9999.0,-9999.0,-9999.0,-9999.0,-9999.0
P13_HV1_3_interaction,active_and_state_lat_and_long_zero_last_source_row_continuous_segment,P13,HV1,3,keep_right,P13_HV1_3,P13_HV1.1.asc,HV3,60,initiator_active,14108,1,235133.33,235133.3345,3.0,3.0,28.302822,101.890159,5.0,117.836708,-5118.545378,0.083958,-0.003446,0.0,28.305311,-0.000264,0.0,5118.66754,-59.821899,6.279651,1.0,0.0,0.0,0.0,5042.817643,-55.985021,1021.0,6.0,42.440137,6.0,0.015232,34.220166,123.192598,34.220018,-0.100702,0.000241,0.462139,0.290855,-0.000311,-0.018369,0.51,0.0,1.0,0.0,0.0,0.0,-9999.0,-9999.0,-9999.0,-9999.0,-9999.0,-9999.0,-9999.0,-9999.0,-9999.0,-9999.0,-9999.0,-9999.0,-9999.0,-9999.0
P13_HV1_3_interaction,active_and_state_lat_and_long_zero_last_source_row_continuous_segment,P13,HV1,3,keep_right,P13_HV1_3,P13_HV1.1.asc,HV3,60,initiator_active,14109,1,235150.0,235150.0008,3.0,3.0,28.304574,101.896465,5.0,118.308444,-5119.017098,0.083549,-0.002468,0.0,28.306739,-0.0001,0.0,5119.139298,-59.823573,6.279643,1.0,0.0,0.0,0.0,5043.387954,-55.986211,1021.0,6.0,43.010448,6.0,0.016922,34.227899,123.220437,34.227746,-0.102341,0.000235,0.467301,0.290507,-0.00039,-0.016642,0.51,0.0,1.0,0.0,0.0,0.0,-9999.0,-9999.0,-9999.0,-9999.0,-9999.0,-9999.0,-9999.0,-9999.0,-9999.0,-9999.0,-9999.0,-9999.0,-9999.0,-9999.0
P13_HV1_3_interaction,active_and_state_lat_and_long_zero_last_source_row_continuous_segment,P13,HV1,3,keep_right,P13_HV1_3,P13_HV1.1.asc,HV3,60,initiator_active,14110,1,235166.67,235166.6676,3.0,3.0,28.30601,101.901637,5.0,118.780204,-5119.488843,0.043007,-0.003869,0.0,28.30793,7.3e-05,0.0,5119.61108,-59.825248,6.279635,1.0,0.0,0.0,0.0,5043.958395,-55.987317,1021.0,6.0,43.580886,6.0,0.018696,34.235745,123.248683,34.235588,-0.103753,0.000228,0.475141,0.2931,-0.000472,-0.016328,0.51275,0.0,1.0,0.0,0.0,0.0,-9999.0,-9999.0,-9999.0,-9999.0,-9999.0,-9999.0,-9999.0,-9999.0,-9999.0,-9999.0,-9999.0,-9999.0,-9999.0,-9999.0
P13_HV1_3_interaction,active_and_state_lat_and_long_zero_last_source_row_continuous_segment,P13,HV1,3,keep_right,P13_HV1_3,P13_HV1.1.asc,HV3,60,initiator_active,14111,1,235183.33,235183.3342,3.0,3.0,28.307436,101.906768,5.0,119.251988,-5119.960612,0.020754,-0.003632,0.0,28.308529,0.00023,0.0,5120.082879,-59.826923,6.279628,1.0,0.0,0.0,0.0,5044.528966,-55.98834,1021.0,6.0,44.151456,6.0,0.020555,34.243737,123.277455,34.243577,-0.104932,0.000219,0.484281,0.296075,-0.000545,-0.017427,0.517,0.0,1.0,0.0,0.0,0.0,-9999.0,-9999.0,-9999.0,-9999.0,-9999.0,-9999.0,-9999.0,-9999.0,-9999.0,-9999.0,-9999.0,-9999.0,-9999.0,-9999.0
P13_HV1_3_interaction,active_and_state_lat_and_long_zero_last_source_row_continuous_segment,P13,HV1,3,keep_right,P13_HV1_3,P13_HV1.1.asc,HV3,60,initiator_active,14112,1,235200.0,235200.0008,3.0,3.0,28.308288,101.909838,5.0,119.72379,-5120.432399,-0.013693,-0.003555,0.0,28.308778,0.000377,0.0,5120.554686,-59.8286,6.279621,1.0,0.0,0.0,0.0,5045.099671,-55.989278,1021.0,6.0,44.722158,6.0,0.022498,34.251872,123.30674,34.251709,-0.105862,0.00021,0.491188,0.301262,-0.000593,-0.018683,0.52075,0.0,1.0,0.0,0.0,0.0,-9999.0,-9999.0,-9999.0,-9999.0,-9999.0,-9999.0,-9999.0,-9999.0,-9999.0,-9999.0,-9999.0,-9999.0,-9999.0,-9999.0
P13_HV1_3_interaction,active_and_state_lat_and_long_zero_last_source_row_continuous_segment,P13,HV1,3,keep_right,P13_HV1_3,P13_HV1.1.asc,HV3,60,initiator_active,14113,1,235216.67,235216.6676,3.0,3.0,28.308702,101.911327,5.0,120.195599,-5120.904193,-0.041598,-0.003016,0.0,28.308449,0.000493,0.0,5121.026495,-59.830277,6.279614,1.0,0.0,0.0,0.0,5045.670511,-55.990131,1021.0,6.0,45.292995,6.0,0.024528,34.260074,123.336266,34.259908,-0.106613,0.000199,0.495224,0.302738,-0.000616,-0.018683,0.525,0.0,1.0,0.0,0.0,0.0,-9999.0,-9999.0,-9999.0,-9999.0,-9999.0,-9999.0,-9999.0,-9999.0,-9999.0,-9999.0,-9999.0,-9999.0,-9999.0,-9999.0
P13_HV1_3_interaction,active_and_state_lat_and_long_zero_last_source_row_continuous_segment,P13,HV1,3,keep_right,P13_HV1_3,P13_HV1.1.asc,HV3,60,initiator_active,14114,1,235233.33,235233.3343,3.0,3.0,28.308664,101.911191,5.0,120.667411,-5121.37599,-0.06478,-0.004352,0.0,28.307609,0.000601,0.0,5121.498297,-59.831955,6.279609,1.0,0.0,0.0,0.0,5046.241488,-55.990898,1021.0,6.0,45.863968,6.0,0.026645,34.268383,123.366179,34.268215,-0.107209,0.000189,0.502795,0.303758,-0.000618,-0.018369,0.52925,0.0,1.0,0.0,0.0,0.0,-9999.0,-9999.0,-9999.0,-9999.0,-9999.0,-9999.0,-9999.0,-9999.0,-9999.0,-9999.0,-9999.0,-9999.0,-9999.0,-9999.0
P13_HV1_3_interaction,active_and_state_lat_and_long_zero_last_source_row_continuous_segment,P13,HV1,3,keep_right,P13_HV1_3,P13_HV1.1.asc,HV3,60,initiator_active,14115,1,235250.0,235250.001,3.0,3.0,28.308102,101.909168,5.0,121.139215,-5121.847779,-0.073925,-0.004979,0.0,28.306491,0.000671,0.0,5121.970083,-59.833634,6.279603,1.0,0.0,0.0,0.0,5046.812603,-55.991578,1021.0,6.0,46.43508,6.0,0.028849,34.276828,123.396579,34.276659,-0.107663,0.000179,0.511061,0.304365,-0.000605,-0.017741,0.52925,0.0,1.0,0.0,0.0,0.0,-9999.0,-9999.0,-9999.0,-9999.0,-9999.0,-9999.0,-9999.0,-9999.0,-9999.0,-9999.0,-9999.0,-9999.0,-9999.0,-9999.0
P13_HV1_3_interaction,active_and_state_lat_and_long_zero_last_source_row_continuous_segment,P13,HV1,3,keep_right,P13_HV1_3,P13_HV1.1.asc,HV3,60,initiator_active,14116,1,235266.68,235266.6774,3.0,3.0,28.30707,101.905451,5.0,121.611003,-5122.319552,-0.084651,-0.005185,0.0,28.30526,0.000718,0.0,5122.441849,-59.835314,6.279599,1.0,0.0,0.0,0.0,5047.383859,-55.992172,1021.0,6.0,47.006331,6.0,0.03114,34.285407,123.427466,34.285237,-0.107989,0.000169,0.518906,0.304601,-0.000579,-0.017741,0.53225,0.0,1.0,0.0,0.0,0.0,-9999.0,-9999.0,-9999.0,-9999.0,-9999.0,-9999.0,-9999.0,-9999.0,-9999.0,-9999.0,-9999.0,-9999.0,-9999.0,-9999.0
P13_HV1_3_interaction,active_and_state_lat_and_long_zero_last_source_row_continuous_segment,P13,HV1,3,keep_right,P13_HV1_3,P13_HV1.1.asc,HV3,60,initiator_active,14117,1,235283.33,235283.334,3.0,3.0,28.305875,101.90115,5.0,122.082772,-5122.791306,-0.072648,-0.005199,0.0,28.303873,0.000749,0.0,5122.913595,-59.836996,6.279595,1.0,0.0,0.0,0.0,5047.955258,-55.992679,1021.0,6.0,47.577726,6.0,0.033519,34.294108,123.458789,34.293937,-0.108203,0.00016,0.525882,0.304498,-0.000548,-0.017741,0.53225,0.0,1.0,0.0,0.0,0.0,-9999.0,-9999.0,-9999.0,-9999.0,-9999.0,-9999.0,-9999.0,-9999.0,-9999.0,-9999.0,-9999.0,-9999.0,-9999.0,-9999.0
P13_HV1_3_interaction,active_and_state_lat_and_long_zero_last_source_row_continuous_segment,P13,HV1,3,keep_right,P13_HV1_3,P13_HV1.1.asc,HV3,60,initiator_active,14118,1,235300.01,235300.0119,3.0,3.0,28.304554,101.896396,5.0,122.55452,-5123.263039,-0.047862,-0.005138,0.0,28.302829,0.000767,0.0,5123.385318,-59.838678,6.279591,1.0,0.0,0.0,0.0,5048.526802,-55.993099,1021.0,6.0,48.149264,6.0,0.035984,34.302913,123.490488,34.302742,-0.108315,0.000151,0.53084,0.304088,-0.000513,-0.017741,0.53675,0.0,1.0,0.0,0.0,0.0,-9999.0,-9999.0,-9999.0,-9999.0,-9999.0,-9999.0,-9999.0,-9999.0,-9999.0,-9999.0,-9999.0,-9999.0,-9999.0,-9999.0
P13_HV1_3_interaction,active_and_state_lat_and_long_zero_last_source_row_continuous_segment,P13,HV1,3,keep_right,P13_HV1_3,P13_HV1.1.asc,HV3,60,initiator_active,14119,1,235316.67,235316.6672,3.0,3.0,28.303267,101.891762,5.0,123.026246,-5123.73475,-0.049585,-0.005047,0.0,28.301997,0.000773,0.0,5123.857025,-59.840362,6.279588,1.0,0.0,0.0,0.0,5049.098493,-55.993434,1021.0,6.0,48.720949,6.0,0.038537,34.311763,123.522347,34.311592,-0.108347,0.000143,0.533069,0.302782,-0.000485,-0.017427,0.53775,0.0,1.0,0.0,0.0,0.0,-9999.0,-9999.0,-9999.0,-9999.0,-9999.0,-9999.0,-9999.0,-9999.0,-9999.0,-9999.0,-9999.0,-9999.0,-9999.0,-9999.0
P13_HV1_3_interaction,active_and_state_lat_and_long_zero_last_source_row_continuous_segment,P13,HV1,3,keep_right,P13_HV1_3,P13_HV1.1.asc,HV3,60,initiator_active,14120,1,235333.33,235333.3344,3.0,3.0,28.30243,101.888747,5.0,123.497956,-5124.206444,-0.054565,-0.00324,0.0,28.301152,0.00077,0.0,5124.328719,-59.842047,6.279585,1.0,0.0,0.0,0.0,5049.670331,-55.993682,1021.0,6.0,49.292781,6.0,0.041177,34.320667,123.554403,34.320497,-0.108299,0.000135,0.537234,0.301889,-0.000468,-0.017741,0.53875,0.0,1.0,0.0,0.0,0.0,-9999.0,-9999.0,-9999.0,-9999.0,-9999.0,-9999.0,-9999.0,-9999.0,-9999.0,-9999.0,-9999.0,-9999.0,-9999.0,-9999.0
P13_HV1_3_interaction,active_and_state_lat_and_long_zero_last_source_row_continuous_segment,P13,HV1,3,keep_right,P13_HV1_3,P13_HV1.1.asc,HV3,60,initiator_active,14121,1,235350.0,235350.0009,3.0,3.0,28.301584,101.885703,5.0,123.969652,-5124.678126,-0.036309,-0.003874,0.0,28.300418,0.000781,0.0,5124.800398,-59.843733,6.279582,1.0,0.0,0.0,0.0,5050.242317,-55.993845,1021.0,6.0,49.864761,6.0,0.043902,34.329662,123.586782,34.329491,-0.10818,0.000127,0.543113,0.30079,-0.000462,-0.017741,0.53875,0.0,1.0,0.0,0.0,0.0,-9999.0,-9999.0,-9999.0,-9999.0,-9999.0,-9999.0,-9999.0,-9999.0,-9999.0,-9999.0,-9999.0,-9999.0,-9999.0,-9999.0
P13_HV1_3_interaction,active_and_state_lat_and_long_zero_last_source_row_continuous_segment,P13,HV1,3,keep_right,P13_HV1_3,P13_HV1.1.asc,HV3,60,initiator_active,14122,1,235366.67,235366.6678,3.0,3.0,28.300697,101.882509,5.0,124.441333,-5125.149792,-0.044173,-0.005818,0.0,28.299755,0.000767,0.0,5125.272066,-59.84542,6.279581,1.0,0.0,0.0,0.0,5050.814453,-55.993922,1021.0,6.0,50.43689,6.0,0.046715,34.338759,123.619532,34.338589,-0.108002,0.000119,0.549583,0.299517,-0.000459,-0.017427,0.539,0.0,1.0,0.0,0.0,0.0,-9999.0,-9999.0,-9999.0,-9999.0,-9999.0,-9999.0,-9999.0,-9999.0,-9999.0,-9999.0,-9999.0,-9999.0,-9999.0,-9999.0
P13_HV1_3_interaction,active_and_state_lat_and_long_zero_last_source_row_continuous_segment,P13,HV1,3,keep_right,P13_HV1_3,P13_HV1.1.asc,HV3,60,initiator_active,14123,1,235383.33,235383.3345,3.0,3.0,28.300116,101.880416,5.0,124.913004,-5125.621448,-0.039812,-0.005007,0.0,28.299034,0.000718,0.0,5125.743723,-59.847108,6.279581,1.0,0.0,0.0,0.0,5051.386741,-55.993914,1021.0,6.0,51.009171,6.0,0.049612,34.34797,123.652691,34.347801,-0.107774,0.000112,0.556495,0.298099,-0.000453,-0.017427,0.539,0.0,1.0,0.0,0.0,0.0,-9999.0,-9999.0,-9999.0,-9999.0,-9999.0,-9999.0,-9999.0,-9999.0,-9999.0,-9999.0,-9999.0,-9999.0,-9999.0,-9999.0
P13_HV1_3_interaction,active_and_state_lat_and_long_zero_last_source_row_continuous_segment,P13,HV1,3,keep_right,P13_HV1_3,P13_HV1.1.asc,HV3,60,initiator_active,14124,1,235400.0,235400.0008,3.0,3.0,28.299387,101.877794,5.0,125.384663,-5126.093092,-0.052299,-0.004431,0.0,28.298314,0.000678,0.0,5126.215367,-59.848797,6.279581,1.0,0.0,0.0,0.0,5051.959182,-55.993822,1021.0,6.0,51.581604,6.0,0.052595,34.357288,123.686237,34.35712,-0.107533,0.000104,0.561628,0.294248,-0.000438,-0.016485,0.539,0.0,1.0,0.0,0.0,0.0,-9999.0,-9999.0,-9999.0,-9999.0,-9999.0,-9999.0,-9999.0,-9999.0,-9999.0,-9999.0,-9999.0,-9999.0,-9999.0,-9999.0
P13_HV1_3_interaction,active_and_state_lat_and_long_zero_last_source_row_continuous_segment,P13,HV1,3,keep_right,P13_HV1_3,P13_HV1.1.asc,HV3,60,initiator_active,14125,1,235416.67,235416.6674,3.0,3.0,28.298702,101.875327,5.0,125.85631,-5126.564724,-0.042753,-0.004085,0.0,28.297481,0.000641,0.0,5126.686999,-59.850485,6.279581,1.0,0.0,0.0,0.0,5052.531779,-55.993646,1021.0,6.0,52.154193,6.0,0.055662,34.366652,123.719948,34.366485,-0.107296,9.7e-05,0.563937,0.288808,-0.000418,-0.014915,0.539,0.0,1.0,0.0,0.0,0.0,-9999.0,-9999.0,-9999.0,-9999.0,-9999.0,-9999.0,-9999.0,-9999.0,-9999.0,-9999.0,-9999.0,-9999.0,-9999.0,-9999.0
P13_HV1_3_interaction,active_and_state_lat_and_long_zero_last_source_row_continuous_segment,P13,HV1,3,keep_right,P13_HV1_3,P13_HV1.1.asc,HV3,60,initiator_active,14126,1,235433.33,235433.3344,3.0,3.0,28.297878,101.87236,5.0,126.327945,-5127.036344,-0.035773,-0.002659,0.0,28.296804,0.000619,0.0,5127.158618,-59.852175,6.279581,1.0,0.0,0.0,0.0,5053.104531,-55.993388,1021.0,6.0,52.726936,6.0,0.058813,34.376067,123.75384,34.3759,-0.107108,9.1e-05,0.566559,0.278717,-0.000397,-0.011461,0.539,0.0,1.0,0.0,0.0,0.0,-9999.0,-9999.0,-9999.0,-9999.0,-9999.0,-9999.0,-9999.0,-9999.0,-9999.0,-9999.0,-9999.0,-9999.0,-9999.0,-9999.0
P13_HV1_3_interaction,active_and_state_lat_and_long_zero_last_source_row_continuous_segment,P13,HV1,3,keep_right,P13_HV1_3,P13_HV1.1.asc,HV3,60,initiator_active,14127,1,235450.0,235450.0007,3.0,3.0,28.297124,101.869647,5.0,126.799566,-5127.50795,-0.032126,-0.001787,0.0,28.296244,0.000609,0.0,5127.630226,-59.853865,6.279581,1.0,0.0,0.0,0.0,5053.67744,-55.99305,1021.0,6.0,53.299836,6.0,0.062044,34.385509,123.787833,34.385343,-0.106972,8.4e-05,0.568824,0.265581,-0.000384,-0.006751,0.539,0.0,1.0,0.0,0.0,0.0,-9999.0,-9999.0,-9999.0,-9999.0,-9999.0,-9999.0,-9999.0,-9999.0,-9999.0,-9999.0,-9999.0,-9999.0,-9999.0,-9999.0
P13_HV1_3_interaction,active_and_state_lat_and_long_zero_last_source_row_continuous_segment,P13,HV1,3,keep_right,P13_HV1_3,P13_HV1.1.asc,HV3,60,initiator_active,14128,1,235466.67,235466.6677,3.0,3.0,28.296506,101.86742,5.0,127.271176,-5127.979545,-0.028786,0.000539,0.0,28.295718,0.000599,0.0,5128.101825,-59.855555,6.279581,1.0,0.0,0.0,0.0,5054.250506,-55.992634,1021.0,6.0,53.872893,6.0,0.065354,34.395025,123.822091,34.394859,-0.106942,7.8e-05,0.57338,0.243595,-0.000378,0.00157,0.539,0.0,1.0,0.0,0.0,0.0,-9999.0,-9999.0,-9999.0,-9999.0,-9999.0,-9999.0,-9999.0,-9999.0,-9999.0,-9999.0,-9999.0,-9999.0,-9999.0,-9999.0
P13_HV1_3_interaction,active_and_state_lat_and_long_zero_last_source_row_continuous_segment,P13,HV1,3,keep_right,P13_HV1_3,P13_HV1.1.asc,HV3,60,initiator_active,14129,1,235483.33,235483.3334,3.0,3.0,28.295976,101.865515,5.0,127.742777,-5128.451132,-0.035674,0.000864,0.0,28.295209,0.000593,0.0,5128.573415,-59.857245,6.279581,1.0,0.0,0.0,0.0,5054.823731,-55.992145,1021.0,6.0,54.446108,6.0,0.068738,34.404594,123.856539,34.404428,-0.10687,7.2e-05,0.575735,0.226191,-0.000384,0.008007,0.539,0.0,1.0,0.0,0.0,0.0,-9999.0,-9999.0,-9999.0,-9999.0,-9999.0,-9999.0,-9999.0,-9999.0,-9999.0,-9999.0,-9999.0,-9999.0,-9999.0,-9999.0
P13_HV1_3_interaction,active_and_state_lat_and_long_zero_last_source_row_continuous_segment,P13,HV1,3,keep_right,P13_HV1_3,P13_HV1.1.asc,HV3,60,initiator_active,14130,1,235500.01,235500.0084,3.0,3.0,28.295479,101.863723,5.0,128.21437,-5128.92271,-0.035363,0.002545,0.0,28.294584,0.00059,0.0,5129.044996,-59.858935,6.279581,1.0,0.0,0.0,0.0,5055.397115,-55.991586,1021.0,6.0,55.019482,6.0,0.072193,34.414191,123.891089,34.414026,-0.106729,6.6e-05,0.576786,0.2041,-0.000412,0.016171,0.539,0.0,1.0,0.0,0.0,0.0,-9999.0,-9999.0,-9999.0,-9999.0,-9999.0,-9999.0,-9999.0,-9999.0,-9999.0,-9999.0,-9999.0,-9999.0,-9999.0,-9999.0
P13_HV1_3_interaction,active_and_state_lat_and_long_zero_last_source_row_continuous_segment,P13,HV1,3,keep_right,P13_HV1_3,P13_HV1.1.asc,HV3,60,initiator_active,14131,1,235516.67,235516.6672,3.0,3.0,28.294912,101.861683,5.0,128.685954,-5129.394278,-0.038928,0.002194,0.0,28.293979,0.000591,0.0,5129.516567,-59.860625,6.279582,1.0,0.0,0.0,0.0,5055.970659,-55.990962,1021.0,6.0,55.593015,6.0,0.075713,34.423794,123.925657,34.423629,-0.106417,5.9e-05,0.576655,0.182982,-0.00046,0.023707,0.539,0.0,1.0,0.0,0.0,0.0,-9999.0,-9999.0,-9999.0,-9999.0,-9999.0,-9999.0,-9999.0,-9999.0,-9999.0,-9999.0,-9999.0,-9999.0,-9999.0,-9999.0
P13_HV1_3_interaction,active_and_state_lat_and_long_zero_last_source_row_continuous_segment,P13,HV1,3,keep_right,P13_HV1_3,P13_HV1.1.asc,HV3,60,initiator_active,14132,1,235533.33,235533.3343,3.0,3.0,28.294289,101.859442,5.0,129.157527,-5129.865837,-0.024262,0.005377,0.0,28.293401,0.000578,0.0,5129.988128,-59.862313,6.279584,1.0,0.0,0.0,0.0,5056.544363,-55.990277,1021.0,6.0,56.166708,6.0,0.079295,34.433392,123.96021,34.433229,-0.105859,5.1e-05,0.576203,0.161414,-0.000526,0.031086,0.53925,0.0,1.0,0.0,0.0,0.0,-9999.0,-9999.0,-9999.0,-9999.0,-9999.0,-9999.0,-9999.0,-9999.0,-9999.0,-9999.0,-9999.0,-9999.0,-9999.0,-9999.0
P13_HV1_3_interaction,active_and_state_lat_and_long_zero_last_source_row_continuous_segment,P13,HV1,3,keep_right,P13_HV1_3,P13_HV1.1.asc,HV3,60,initiator_active,14133,1,235550.0,235550.0025,3.0,3.0,28.293655,101.857157,5.0,129.629091,-5130.337385,-0.031053,0.007704,0.0,28.292972,0.000583,0.0,5130.459679,-59.864001,6.279588,1.0,0.0,0.0,0.0,5057.118226,-55.989537,1021.0,6.0,56.740561,6.0,0.082934,34.44298,123.994727,34.44282,-0.104967,4.1e-05,0.575461,0.141146,-0.000604,0.037523,0.53925,0.0,1.0,0.0,0.0,0.0,-9999.0,-9999.0,-9999.0,-9999.0,-9999.0,-9999.0,-9999.0,-9999.0,-9999.0,-9999.0,-9999.0,-9999.0,-9999.0,-9999.0
P13_HV1_3_interaction,active_and_state_lat_and_long_zero_last_source_row_continuous_segment,P13,HV1,3,keep_right,P13_HV1_3,P13_HV1.1.asc,HV3,60,initiator_active,14134,1,235566.67,235566.6736,3.0,3.0,28.293199,101.855516,5.0,130.100645,-5130.808925,-0.036467,0.006709,0.0,28.29241,0.000572,0.0,5130.931224,-59.865686,6.279593,1.0,0.0,0.0,0.0,5057.69225,-55.988745,1021.0,6.0,57.314573,6.0,0.086624,34.452558,124.029207,34.452401,-0.10371,3.1e-05,0.57482,0.118893,-0.00068,0.044274,0.539,0.0,1.0,0.0,0.0,0.0,-9999.0,-9999.0,-9999.0,-9999.0,-9999.0,-9999.0,-9999.0,-9999.0,-9999.0,-9999.0,-9999.0,-9999.0,-9999.0,-9999.0
P13_HV1_3_interaction,active_and_state_lat_and_long_zero_last_source_row_continuous_segment,P13,HV1,3,keep_right,P13_HV1_3,P13_HV1.1.asc,HV3,60,initiator_active,14135,1,235583.35,235583.3454,3.0,3.0,28.292713,101.853767,5.0,130.572192,-5131.280457,-0.027459,0.010317,0.0,28.29185,0.000512,0.0,5131.402758,-59.867368,6.279599,1.0,0.0,0.0,0.0,5058.266433,-55.987908,1021.0,6.0,57.888744,6.0,0.09036,34.462126,124.063653,34.461975,-0.10203,1.9e-05,0.574182,0.097305,-0.000745,0.05024,0.539,0.0,1.0,0.0,0.0,0.0,-9999.0,-9999.0,-9999.0,-9999.0,-9999.0,-9999.0,-9999.0,-9999.0,-9999.0,-9999.0,-9999.0,-9999.0,-9999.0,-9999.0
P13_HV1_3_interaction,active_and_state_lat_and_long_zero_last_source_row_continuous_segment,P13,HV1,3,keep_right,P13_HV1_3,P13_HV1.1.asc,HV3,60,initiator_active,14136,1,235600.01,235600.0068,3.0,3.0,28.292106,101.851581,5.0,131.043729,-5131.751979,-0.041813,0.009713,0.0,28.29133,0.000471,0.0,5131.874284,-59.869048,6.279607,1.0,0.0,0.0,0.0,5058.840775,-55.987031,1021.0,6.0,58.463075,6.0,0.094138,34.471686,124.098068,34.471541,-0.099892,6e-06,0.573621,0.075491,-0.000794,0.055735,0.53775,0.0,1.0,0.0,0.0,0.0,-9999.0,-9999.0,-9999.0,-9999.0,-9999.0,-9999.0,-9999.0,-9999.0,-9999.0,-9999.0,-9999.0,-9999.0,-9999.0,-9999.0
P13_HV1_3_interaction,active_and_state_lat_and_long_zero_last_source_row_continuous_segment,P13,HV1,3,keep_right,P13_HV1_3,P13_HV1.1.asc,HV3,60,initiator_active,14137,1,235616.67,235616.6675,3.0,3.0,28.291621,101.849835,5.0,131.515257,-5132.223492,-0.037547,0.010638,0.0,28.290648,0.00037,0.0,5132.345801,-59.870725,6.279616,1.0,0.0,0.0,0.0,5059.415276,-55.986119,1021.0,6.0,59.037565,6.0,0.097952,34.481236,124.132449,34.481099,-0.097261,-7e-06,0.57293,0.05457,-0.000823,0.060288,0.5365,0.0,1.0,0.0,0.0,0.0,-9999.0,-9999.0,-9999.0,-9999.0,-9999.0,-9999.0,-9999.0,-9999.0,-9999.0,-9999.0,-9999.0,-9999.0,-9999.0,-9999.0
P13_HV1_3_interaction,active_and_state_lat_and_long_zero_last_source_row_continuous_segment,P13,HV1,3,keep_right,P13_HV1_3,P13_HV1.1.asc,HV3,60,initiator_active,14138,1,235633.33,235633.3342,3.0,3.0,28.290981,101.847533,5.0,131.986776,-5132.694996,-0.034475,0.00905,0.0,28.290057,0.00024,0.0,5132.817306,-59.872399,6.279626,1.0,0.0,0.0,0.0,5059.989937,-55.985177,1021.0,6.0,59.612213,6.0,0.101795,34.490776,124.166792,34.490647,-0.094122,-2.1e-05,0.572272,0.034111,-0.000832,0.064056,0.5365,0.0,1.0,0.0,0.0,0.0,-9999.0,-9999.0,-9999.0,-9999.0,-9999.0,-9999.0,-9999.0,-9999.0,-9999.0,-9999.0,-9999.0,-9999.0,-9999.0,-9999.0
P13_HV1_3_interaction,active_and_state_lat_and_long_zero_last_source_row_continuous_segment,P13,HV1,3,keep_right,P13_HV1_3,P13_HV1.1.asc,HV3,60,initiator_active,14139,1,235650.0,235650.0009,3.0,3.0,28.290335,101.845205,5.0,132.458284,-5133.166488,-0.034109,0.005448,0.0,28.289425,6.6e-05,0.0,5133.288801,-59.874069,6.279637,1.0,0.0,0.0,0.0,5060.564757,-55.984211,1021.0,6.0,60.187021,6.0,0.105664,34.500306,124.201102,34.500188,-0.090473,-3.4e-05,0.571699,0.014128,-0.000824,0.067039,0.5365,0.0,1.0,0.0,0.0,0.0,-9999.0,-9999.0,-9999.0,-9999.0,-9999.0,-9999.0,-9999.0,-9999.0,-9999.0,-9999.0,-9999.0,-9999.0,-9999.0,-9999.0
P13_HV1_3_interaction,active_and_state_lat_and_long_zero_last_source_row_continuous_segment,P13,HV1,3,keep_right,P13_HV1_3,P13_HV1.1.asc,HV3,60,initiator_active,14140,1,235666.67,235666.6671,3.0,3.0,28.28977,101.843171,5.0,132.929782,-5133.637971,-0.038645,0.007386,0.0,28.288859,-0.000166,0.0,5133.760286,-59.875738,6.279649,1.0,0.0,0.0,0.0,5061.139735,-55.983228,1021.0,6.0,60.761987,6.0,0.109551,34.509829,124.235385,34.509721,-0.08634,-4.8e-05,0.571225,-0.006496,-0.000796,0.069708,0.53675,0.0,1.0,0.0,0.0,0.0,-9999.0,-9999.0,-9999.0,-9999.0,-9999.0,-9999.0,-9999.0,-9999.0,-9999.0,-9999.0,-9999.0,-9999.0,-9999.0,-9999.0
P13_HV1_3_interaction,active_and_state_lat_and_long_zero_last_source_row_continuous_segment,P13,HV1,3,keep_right,P13_HV1_3,P13_HV1.1.asc,HV3,60,initiator_active,14141,1,235683.33,235683.334,3.0,3.0,28.289141,101.840907,5.0,133.401269,-5134.109444,-0.041038,0.007003,0.0,28.288201,-0.000366,0.0,5134.231762,-59.877405,6.27966,1.0,0.0,0.0,0.0,5061.714872,-55.982232,1021.0,6.0,61.337111,6.0,0.113451,34.519346,124.269647,34.51925,-0.081738,-6.1e-05,0.570918,-0.026097,-0.000753,0.071435,0.5365,0.0,1.0,0.0,0.0,0.0,-9999.0,-9999.0,-9999.0,-9999.0,-9999.0,-9999.0,-9999.0,-9999.0,-9999.0,-9999.0,-9999.0,-9999.0,-9999.0,-9999.0
P13_HV1_3_interaction,active_and_state_lat_and_long_zero_last_source_row_continuous_segment,P13,HV1,3,keep_right,P13_HV1_3,P13_HV1.1.asc,HV3,60,initiator_active,14142,1,235700.0,235700.001,3.0,3.0,28.288537,101.838734,5.0,133.872747,-5134.580907,-0.034748,0.00675,0.0,28.287546,-0.000566,0.0,5134.703226,-59.87907,6.279671,1.0,0.0,0.0,0.0,5062.290168,-55.98123,1021.0,6.0,61.912395,6.0,0.117358,34.528862,124.303902,34.528777,-0.076704,-7.3e-05,0.570782,-0.045762,-0.000698,0.072691,0.5365,0.0,1.0,0.0,0.0,0.0,-9999.0,-9999.0,-9999.0,-9999.0,-9999.0,-9999.0,-9999.0,-9999.0,-9999.0,-9999.0,-9999.0,-9999.0,-9999.0,-9999.0
P13_HV1_3_interaction,active_and_state_lat_and_long_zero_last_source_row_continuous_segment,P13,HV1,3,keep_right,P13_HV1_3,P13_HV1.1.asc,HV3,60,initiator_active,14143,1,235716.67,235716.6667,3.0,3.0,28.287859,101.836292,5.0,134.344213,-5135.052358,-0.048708,0.008199,0.0,28.286905,-0.000757,0.0,5135.17468,-59.880733,6.279682,1.0,0.0,0.0,0.0,5062.865622,-55.980227,1021.0,6.0,62.487837,6.0,0.121267,34.538373,124.338144,34.5383,-0.071282,-8.4e-05,0.570391,-0.065352,-0.000634,0.073476,0.5365,0.0,1.0,0.0,0.0,0.0,-9999.0,-9999.0,-9999.0,-9999.0,-9999.0,-9999.0,-9999.0,-9999.0,-9999.0,-9999.0,-9999.0,-9999.0,-9999.0,-9999.0
P13_HV1_3_interaction,active_and_state_lat_and_long_zero_last_source_row_continuous_segment,P13,HV1,3,keep_right,P13_HV1_3,P13_HV1.1.asc,HV3,60,initiator_active,14144,1,235733.33,235733.335,3.0,3.0,28.287256,101.834123,5.0,134.815669,-5135.523799,-0.025189,0.007583,0.0,28.286143,-0.000924,0.0,5135.646122,-59.882395,6.279692,1.0,0.0,0.0,0.0,5063.441235,-55.97923,1021.0,6.0,63.063437,6.0,0.125171,34.547876,124.372354,34.547814,-0.065511,-9.3e-05,0.569817,-0.083939,-0.000564,0.073476,0.5365,0.0,1.0,0.0,0.0,0.0,-9999.0,-9999.0,-9999.0,-9999.0,-9999.0,-9999.0,-9999.0,-9999.0,-9999.0,-9999.0,-9999.0,-9999.0,-9999.0,-9999.0
P13_HV1_3_interaction,active_and_state_lat_and_long_zero_last_source_row_continuous_segment,P13,HV1,3,keep_right,P13_HV1_3,P13_HV1.1.asc,HV3,60,initiator_active,14145,1,235750.0,235750.0012,3.0,3.0,28.286499,101.831398,5.0,135.287114,-5135.995229,-0.033976,0.009338,0.0,28.285715,-0.001051,0.0,5136.117553,-59.884054,6.279701,1.0,0.0,0.0,0.0,5064.017006,-55.978245,1021.0,6.0,63.639196,6.0,0.129064,34.557268,124.406166,34.557217,-0.059459,-0.000102,0.551622,-0.103295,-0.000429,0.073476,0.5365,0.002198,1.0,0.0,0.0,0.0,-9999.0,-9999.0,-9999.0,-9999.0,-9999.0,-9999.0,-9999.0,-9999.0,-9999.0,-9999.0,-9999.0,-9999.0,-9999.0,-9999.0
P13_HV1_3_interaction,active_and_state_lat_and_long_zero_last_source_row_continuous_segment,P13,HV1,3,keep_right,P13_HV1_3,P13_HV1.1.asc,HV3,60,initiator_active,14146,1,235766.67,235766.6675,3.0,3.0,28.285933,101.82936,5.0,135.758547,-5136.466647,-0.03739,0.012436,0.0,28.285127,-0.001106,0.0,5136.588976,-59.885712,6.27971,1.0,0.0,0.0,0.0,5064.592933,-55.977277,1021.0,6.0,64.215111,6.0,0.13294,34.566488,124.439355,34.566447,-0.053193,-0.000109,0.562489,-0.123323,-0.000434,0.073476,0.5365,0.0,1.0,0.0,0.0,0.0,-9999.0,-9999.0,-9999.0,-9999.0,-9999.0,-9999.0,-9999.0,-9999.0,-9999.0,-9999.0,-9999.0,-9999.0,-9999.0,-9999.0
P13_HV1_3_interaction,active_and_state_lat_and_long_zero_last_source_row_continuous_segment,P13,HV1,3,keep_right,P13_HV1_3,P13_HV1.1.asc,HV3,60,initiator_active,14147,1,235783.33,235783.3344,3.0,3.0,28.285432,101.827554,5.0,136.229973,-5136.938058,-0.018487,0.012758,0.0,28.284501,-0.001126,0.0,5137.060389,-59.887366,6.279718,1.0,0.0,0.0,0.0,5065.169016,-55.976334,1021.0,6.0,64.791181,6.0,0.136792,34.575897,124.473229,34.575865,-0.046775,-0.000115,0.564356,-0.143738,-0.000361,0.073162,0.5365,0.0,1.0,0.0,0.0,0.0,-9999.0,-9999.0,-9999.0,-9999.0,-9999.0,-9999.0,-9999.0,-9999.0,-9999.0,-9999.0,-9999.0,-9999.0,-9999.0,-9999.0
P13_HV1_3_interaction,active_and_state_lat_and_long_zero_last_source_row_continuous_segment,P13,HV1,3,keep_right,P13_HV1_3,P13_HV1.1.asc,HV3,60,initiator_active,14148,1,235800.0,235800.0007,3.0,3.0,28.284815,101.825335,5.0,136.701389,-5137.409458,-0.039023,0.016331,0.0,28.284161,-0.00114,0.0,5137.531793,-59.889016,6.279727,1.0,0.0,0.0,0.0,5065.745254,-55.975421,1021.0,6.0,65.367408,6.0,0.140616,34.5853,124.507079,34.585276,-0.040261,-0.000121,0.563769,-0.164397,-0.000341,0.072848,0.5365,0.0,1.0,0.0,0.0,0.0,-9999.0,-9999.0,-9999.0,-9999.0,-9999.0,-9999.0,-9999.0,-9999.0,-9999.0,-9999.0,-9999.0,-9999.0,-9999.0,-9999.0
P13_HV1_3_interaction,active_and_state_lat_and_long_zero_last_source_row_continuous_segment,P13,HV1,3,keep_right,P13_HV1_3,P13_HV1.1.asc,HV3,60,initiator_active,14149,1,235816.67,235816.6668,3.0,3.0,28.284347,101.82365,5.0,137.172795,-5137.880849,-0.033121,0.015099,0.0,28.283518,-0.001106,0.0,5138.003191,-59.890662,6.279735,1.0,0.0,0.0,0.0,5066.321649,-55.974544,1021.0,6.0,65.943791,6.0,0.144403,34.594695,124.540901,34.594678,-0.0337,-0.000126,0.563436,-0.18516,-0.000288,0.072691,0.5365,0.0,1.0,0.0,0.0,0.0,-9999.0,-9999.0,-9999.0,-9999.0,-9999.0,-9999.0,-9999.0,-9999.0,-9999.0,-9999.0,-9999.0,-9999.0,-9999.0,-9999.0
P13_HV1_3_interaction,active_and_state_lat_and_long_zero_last_source_row_continuous_segment,P13,HV1,3,keep_right,P13_HV1_3,P13_HV1.1.asc,HV3,60,initiator_active,14150,1,235833.33,235833.3337,3.0,3.0,28.283835,101.821807,5.0,137.644194,-5138.352234,-0.038592,0.01981,0.0,28.282945,-0.001098,0.0,5138.474577,-59.892304,6.279744,1.0,0.0,0.0,0.0,5066.898201,-55.973711,1021.0,6.0,66.520331,6.0,0.148147,34.604086,124.574711,34.604076,-0.027136,-0.00013,0.563177,-0.205644,-0.000219,0.072377,0.5365,0.0,1.0,0.0,0.0,0.0,-9999.0,-9999.0,-9999.0,-9999.0,-9999.0,-9999.0,-9999.0,-9999.0,-9999.0,-9999.0,-9999.0,-9999.0,-9999.0,-9999.0
P13_HV1_3_interaction,active_and_state_lat_and_long_zero_last_source_row_continuous_segment,P13,HV1,3,keep_right,P13_HV1_3,P13_HV1.1.asc,HV3,60,initiator_active,14151,1,235850.0,235850.0006,3.0,3.0,28.283242,101.819673,5.0,138.115584,-5138.823608,-0.04549,0.022862,0.0,28.282232,-0.001036,0.0,5138.945954,-59.893941,6.279753,1.0,0.0,0.0,0.0,5067.47491,-55.972928,1021.0,6.0,67.097029,6.0,0.151843,34.613469,124.608489,34.613463,-0.02061,-0.000133,0.562623,-0.225843,-0.00015,0.07222,0.5365,0.0,1.0,0.0,0.0,0.0,-9999.0,-9999.0,-9999.0,-9999.0,-9999.0,-9999.0,-9999.0,-9999.0,-9999.0,-9999.0,-9999.0,-9999.0,-9999.0,-9999.0
P13_HV1_3_interaction,active_and_state_lat_and_long_zero_last_source_row_continuous_segment,P13,HV1,3,keep_right,P13_HV1_3,P13_HV1.1.asc,HV3,60,initiator_active,14152,1,235866.67,235866.667,3.0,3.0,28.282624,101.817445,5.0,138.586963,-5139.294972,-0.024871,0.018762,0.0,28.281581,-0.000974,0.0,5139.417319,-59.895572,6.279764,1.0,0.0,0.0,0.0,5068.051775,-55.972201,1021.0,6.0,67.673883,6.0,0.155484,34.622843,124.642236,34.622841,-0.014154,-0.000135,0.562185,-0.2454,-8.7e-05,0.071906,0.5365,0.0,1.0,0.0,0.0,0.0,-9999.0,-9999.0,-9999.0,-9999.0,-9999.0,-9999.0,-9999.0,-9999.0,-9999.0,-9999.0,-9999.0,-9999.0,-9999.0,-9999.0
P13_HV1_3_interaction,active_and_state_lat_and_long_zero_last_source_row_continuous_segment,P13,HV1,3,keep_right,P13_HV1_3,P13_HV1.1.asc,HV3,60,initiator_active,14153,1,235883.33,235883.3344,3.0,3.0,28.281853,101.814671,5.0,139.058329,-5139.766323,-0.027401,0.012655,0.0,28.28118,-0.001011,0.0,5139.888674,-59.897197,6.279775,1.0,0.0,0.0,0.0,5068.628796,-55.971535,1021.0,6.0,68.250893,6.0,0.159063,34.63221,124.675957,34.632209,-0.007816,-0.000136,0.561798,-0.265391,-3.5e-05,0.071906,0.5365,0.0,1.0,0.0,0.0,0.0,-9999.0,-9999.0,-9999.0,-9999.0,-9999.0,-9999.0,-9999.0,-9999.0,-9999.0,-9999.0,-9999.0,-9999.0,-9999.0,-9999.0
P13_HV1_3_interaction,active_and_state_lat_and_long_zero_last_source_row_continuous_segment,P13,HV1,3,keep_right,P13_HV1_3,P13_HV1.1.asc,HV3,60,initiator_active,14154,1,235900.0,235900.0049,3.0,3.0,28.281374,101.812947,5.0,139.529687,-5140.237665,-0.028925,0.007876,0.0,28.280725,-0.001127,0.0,5140.360022,-59.898817,6.279787,1.0,0.0,0.0,0.0,5069.205974,-55.970938,1021.0,6.0,68.828061,6.0,0.162575,34.64157,124.709653,34.64157,-0.001624,-0.000136,0.561434,-0.284926,9e-06,0.071906,0.5365,0.0,1.0,0.0,0.0,0.0,-9999.0,-9999.0,-9999.0,-9999.0,-9999.0,-9999.0,-9999.0,-9999.0,-9999.0,-9999.0,-9999.0,-9999.0,-9999.0,-9999.0
P13_HV1_3_interaction,active_and_state_lat_and_long_zero_last_source_row_continuous_segment,P13,HV1,3,keep_right,P13_HV1_3,P13_HV1.1.asc,HV3,60,initiator_active,14155,1,235916.67,235916.6672,3.0,3.0,28.280951,101.811424,5.0,140.001037,-5140.709,-0.032299,0.007873,0.0,28.28022,-0.001313,0.0,5140.831363,-59.900435,6.279799,1.0,0.0,0.0,0.0,5069.783308,-55.970415,1021.0,6.0,69.405384,6.0,0.166013,34.650924,124.743328,34.650924,0.004398,-0.000136,0.561171,-0.303932,4.4e-05,0.071906,0.5365,0.0,1.0,0.0,0.0,0.0,-9999.0,-9999.0,-9999.0,-9999.0,-9999.0,-9999.0,-9999.0,-9999.0,-9999.0,-9999.0,-9999.0,-9999.0,-9999.0,-9999.0
P13_HV1_3_interaction,active_and_state_lat_and_long_zero_last_source_row_continuous_segment,P13,HV1,3,keep_right,P13_HV1_3,P13_HV1.1.asc,HV3,60,initiator_active,14156,1,235933.33,235933.3334,3.0,3.0,28.280484,101.809742,5.0,140.47238,-5141.180328,-0.032193,0.003677,0.0,28.279682,-0.001501,0.0,5141.302695,-59.90205,6.279809,1.0,0.0,0.0,0.0,5070.360797,-55.969972,1021.0,6.0,69.982865,6.0,0.169372,34.660273,124.776984,34.660272,0.010229,-0.000135,0.560925,-0.32235,7.3e-05,0.071906,0.5365,0.0,1.0,0.0,0.0,0.0,-9999.0,-9999.0,-9999.0,-9999.0,-9999.0,-9999.0,-9999.0,-9999.0,-9999.0,-9999.0,-9999.0,-9999.0,-9999.0,-9999.0
P13_HV1_3_interaction,active_and_state_lat_and_long_zero_last_source_row_continuous_segment,P13,HV1,3,keep_right,P13_HV1_3,P13_HV1.1.asc,HV3,60,initiator_active,14157,1,235950.0,235950.001,3.0,3.0,28.279951,101.807824,5.0,140.943714,-5141.651647,-0.040342,0.001979,0.0,28.279179,-0.001695,0.0,5141.774018,-59.903663,6.279818,1.0,0.0,0.0,0.0,5070.938443,-55.969615,1021.0,6.0,70.560501,6.0,0.172647,34.669617,124.810621,34.669613,0.015852,-0.000133,0.560617,-0.340128,9.7e-05,0.071906,0.5365,0.0,1.0,0.0,0.0,0.0,-9999.0,-9999.0,-9999.0,-9999.0,-9999.0,-9999.0,-9999.0,-9999.0,-9999.0,-9999.0,-9999.0,-9999.0,-9999.0,-9999.0
P13_HV1_3_interaction,active_and_state_lat_and_long_zero_last_source_row_continuous_segment,P13,HV1,3,keep_right,P13_HV1_3,P13_HV1.1.asc,HV3,60,initiator_active,14158,1,235966.67,235966.6668,3.0,3.0,28.279413,101.805889,5.0,141.415039,-5142.122956,-0.031173,0.003083,0.0,28.278409,-0.001847,0.0,5142.245332,-59.905277,6.279825,1.0,0.0,0.0,0.0,5071.516244,-55.969349,1021.0,6.0,71.138294,6.0,0.175831,34.678954,124.844233,34.678947,0.021252,-0.000131,0.560271,-0.357223,0.000119,0.071906,0.53675,0.0,1.0,0.0,0.0,0.0,-9999.0,-9999.0,-9999.0,-9999.0,-9999.0,-9999.0,-9999.0,-9999.0,-9999.0,-9999.0,-9999.0,-9999.0,-9999.0,-9999.0
P13_HV1_3_interaction,active_and_state_lat_and_long_zero_last_source_row_continuous_segment,P13,HV1,3,keep_right,P13_HV1_3,P13_HV1.1.asc,HV3,60,initiator_active,14159,1,235983.33,235983.3344,3.0,3.0,28.278843,101.803833,5.0,141.886356,-5142.594257,-0.018701,0.004248,0.0,28.278015,-0.001932,0.0,5142.716634,-59.90689,6.279831,1.0,0.0,0.0,0.0,5072.094202,-55.969179,1021.0,6.0,71.716243,6.0,0.178919,34.688283,124.87782,34.688273,0.026418,-0.000129,0.559901,-0.3736,0.000138,0.071906,0.5365,0.0,1.0,0.0,0.0,0.0,-9999.0,-9999.0,-9999.0,-9999.0,-9999.0,-9999.0,-9999.0,-9999.0,-9999.0,-9999.0,-9999.0,-9999.0,-9999.0,-9999.0
P13_HV1_3_interaction,active_and_state_lat_and_long_zero_last_source_row_continuous_segment,P13,HV1,3,keep_right,P13_HV1_3,P13_HV1.1.asc,HV3,60,initiator_active,14160,1,236000.0,236000.0004,3.0,3.0,28.278149,101.801337,5.0,142.35766,-5143.065546,-0.023574,0.009453,0.0,28.277673,-0.001924,0.0,5143.18793,-59.908502,6.279834,1.0,0.0,0.0,0.0,5072.672314,-55.96911,1021.0,6.0,72.294347,6.0,0.181907,34.697606,124.911381,34.697592,0.031341,-0.000127,0.55954,-0.38923,0.000157,0.071906,0.53675,0.0,1.0,0.0,0.0,0.0,-9999.0,-9999.0,-9999.0,-9999.0,-9999.0,-9999.0,-9999.0,-9999.0,-9999.0,-9999.0,-9999.0,-9999.0,-9999.0,-9999.0
P13_HV1_3_interaction,active_and_state_lat_and_long_zero_last_source_row_continuous_segment,P13,HV1,3,keep_right,P13_HV1_3,P13_HV1.1.asc,HV3,60,initiator_active,14161,1,236016.67,236016.6668,3.0,3.0,28.277859,101.800293,5.0,142.828958,-5143.536829,-0.024132,0.012956,0.0,28.277277,-0.00181,0.0,5143.65922,-59.910112,6.279836,1.0,0.0,0.0,0.0,5073.250582,-55.969148,1021.0,6.0,72.872608,6.0,0.18479,34.706921,124.944917,34.706903,0.036014,-0.000124,0.559182,-0.404092,0.000176,0.071906,0.5365,0.0,1.0,0.0,0.0,0.0,-9999.0,-9999.0,-9999.0,-9999.0,-9999.0,-9999.0,-9999.0,-9999.0,-9999.0,-9999.0,-9999.0,-9999.0,-9999.0,-9999.0
P13_HV1_3_interaction,active_and_state_lat_and_long_zero_last_source_row_continuous_segment,P13,HV1,3,keep_right,P13_HV1_3,P13_HV1.1.asc,HV3,60,initiator_active,14162,1,236033.33,236033.3343,3.0,3.0,28.277477,101.798917,5.0,143.30025,-5144.008106,-0.024127,0.017017,0.0,28.276875,-0.00162,0.0,5144.130504,-59.91172,6.279836,1.0,0.0,1.0,0.0,5073.829006,-55.969296,1021.0,6.0,73.451025,6.0,0.187563,34.71623,124.978426,34.716206,0.040433,-0.000121,0.558822,-0.418171,0.000195,0.071906,0.53675,0.0,1.0,0.0,0.0,0.0,-9999.0,-9999.0,-9999.0,-9999.0,-9999.0,-9999.0,-9999.0,-9999.0,-9999.0,-9999.0,-9999.0,-9999.0,-9999.0,-9999.0
P13_HV1_3_interaction,active_and_state_lat_and_long_zero_last_source_row_continuous_segment,P13,HV1,3,keep_right,P13_HV1_3,P13_HV1.1.asc,HV3,60,initiator_active,14163,1,236050.0,236050.0007,3.0,3.0,28.277076,101.797473,5.0,143.771536,-5144.479376,-0.024045,0.01951,0.0,28.276473,-0.001392,0.0,5144.601781,-59.913325,6.279837,1.0,0.0,1.0,0.0,5074.407584,-55.969559,1021.0,6.0,74.029597,6.0,0.190221,34.725531,125.011911,34.725502,0.0446,-0.000117,0.558464,-0.431068,0.000214,0.071749,0.53675,0.0,1.0,0.0,0.0,0.0,-9999.0,-9999.0,-9999.0,-9999.0,-9999.0,-9999.0,-9999.0,-9999.0,-9999.0,-9999.0,-9999.0,-9999.0,-9999.0,-9999.0
P13_HV1_3_interaction,active_and_state_lat_and_long_zero_last_source_row_continuous_segment,P13,HV1,3,keep_right,P13_HV1_3,P13_HV1.1.asc,HV3,60,initiator_active,14164,1,236066.67,236066.6671,3.0,3.0,28.276673,101.796025,5.0,144.242815,-5144.95064,-0.023954,0.018889,0.0,28.276072,-0.001135,0.0,5145.073051,-59.914924,6.279839,1.0,0.0,1.0,0.0,5074.986317,-55.969942,1021.0,6.0,74.608325,6.0,0.192762,34.734825,125.045369,34.734791,0.048507,-0.000114,0.5581,-0.443568,0.000233,0.071749,0.53675,0.0,1.0,0.0,0.0,0.0,-9999.0,-9999.0,-9999.0,-9999.0,-9999.0,-9999.0,-9999.0,-9999.0,-9999.0,-9999.0,-9999.0,-9999.0,-9999.0,-9999.0
P13_HV1_3_interaction,active_and_state_lat_and_long_zero_last_source_row_continuous_segment,P13,HV1,3,keep_right,P13_HV1_3,P13_HV1.1.asc,HV3,60,initiator_active,14165,1,236083.33,236083.3337,3.0,3.0,28.276272,101.794581,5.0,144.714087,-5145.421897,-0.02774,0.022086,0.0,28.275674,-0.000906,0.0,5145.544314,-59.916518,6.279842,1.0,0.0,1.0,0.0,5075.565206,-55.970446,1021.0,6.0,75.187209,6.0,0.195181,34.744112,125.078802,34.744073,0.052166,-0.00011,0.557739,-0.454487,0.000251,0.071435,0.5365,0.0,1.0,0.0,0.0,0.0,-9999.0,-9999.0,-9999.0,-9999.0,-9999.0,-9999.0,-9999.0,-9999.0,-9999.0,-9999.0,-9999.0,-9999.0,-9999.0,-9999.0
P13_HV1_3_interaction,active_and_state_lat_and_long_zero_last_source_row_continuous_segment,P13,HV1,3,keep_right,P13_HV1_3,P13_HV1.1.asc,HV3,60,initiator_active,14166,1,236100.0,236100.0003,3.0,3.0,28.275873,101.793142,5.0,145.185353,-5145.893147,-0.024368,0.021904,0.0,28.275218,-0.000689,0.0,5146.015571,-59.918106,6.279848,1.0,0.0,1.0,0.0,5076.144249,-55.971077,1021.0,6.0,75.766247,6.0,0.197474,34.753392,125.11221,34.753347,0.055565,-0.000105,0.557374,-0.465408,0.000268,0.071435,0.5365,0.0,1.0,0.0,0.0,0.0,-9999.0,-9999.0,-9999.0,-9999.0,-9999.0,-9999.0,-9999.0,-9999.0,-9999.0,-9999.0,-9999.0,-9999.0,-9999.0,-9999.0
P13_HV1_3_interaction,active_and_state_lat_and_long_zero_last_source_row_continuous_segment,P13,HV1,3,keep_right,P13_HV1_3,P13_HV1.1.asc,HV3,60,initiator_active,14167,1,236116.67,236116.6675,3.0,3.0,28.275442,101.791592,5.0,145.656611,-5146.36439,-0.019578,0.019996,0.0,28.274818,-0.000543,0.0,5146.48682,-59.919687,6.279855,1.0,0.0,1.0,0.0,5076.723446,-55.971837,1021.0,6.0,76.345441,6.0,0.199638,34.762665,125.145594,34.762615,0.058722,-0.000101,0.55713,-0.474362,0.000285,0.070964,0.5365,0.0,1.0,0.0,0.0,0.0,-9999.0,-9999.0,-9999.0,-9999.0,-9999.0,-9999.0,-9999.0,-9999.0,-9999.0,-9999.0,-9999.0,-9999.0,-9999.0,-9999.0
P13_HV1_3_interaction,active_and_state_lat_and_long_zero_last_source_row_continuous_segment,P13,HV1,3,keep_right,P13_HV1_3,P13_HV1.1.asc,HV3,60,initiator_active,14168,1,236133.33,236133.3337,3.0,3.0,28.275015,101.790053,5.0,146.127862,-5146.835626,-0.018985,0.018471,0.0,28.274485,-0.000474,0.0,5146.958063,-59.921262,6.279864,1.0,0.0,1.0,0.0,5077.302798,-55.97273,1021.0,6.0,76.92479,6.0,0.201672,34.771935,125.178967,34.771881,0.061636,-9.6e-05,0.556917,-0.482559,0.000299,0.070493,0.5365,0.0,1.0,0.0,0.0,0.0,-9999.0,-9999.0,-9999.0,-9999.0,-9999.0,-9999.0,-9999.0,-9999.0,-9999.0,-9999.0,-9999.0,-9999.0,-9999.0,-9999.0
P13_HV1_3_interaction,active_and_state_lat_and_long_zero_last_source_row_continuous_segment,P13,HV1,3,keep_right,P13_HV1_3,P13_HV1.1.asc,HV3,60,initiator_active,14169,1,236150.0,236150.0,3.0,3.0,28.274655,101.788757,5.0,146.599107,-5147.306855,-0.019989,0.017579,0.0,28.274189,-0.000485,0.0,5147.429301,-59.922831,6.279875,1.0,0.0,1.0,0.0,5077.882304,-55.973758,1021.0,6.0,77.504294,6.0,0.20357,34.781198,125.212311,34.781138,0.064319,-9.1e-05,0.556525,-0.489216,0.000312,0.069708,0.5365,0.0,1.0,0.0,0.0,0.0,-9999.0,-9999.0,-9999.0,-9999.0,-9999.0,-9999.0,-9999.0,-9999.0,-9999.0,-9999.0,-9999.0,-9999.0,-9999.0,-9999.0
P13_HV1_3_interaction,active_and_state_lat_and_long_zero_last_source_row_continuous_segment,P13,HV1,3,keep_right,P13_HV1_3,P13_HV1.1.asc,HV3,60,initiator_active,14170,1,236166.67,236166.673,3.0,3.0,28.274327,101.787578,5.0,147.070347,-5147.778079,-0.020078,0.016303,0.0,28.273829,-0.000545,0.0,5147.900533,-59.924395,6.279888,1.0,0.0,1.0,0.0,5078.461964,-55.974922,1021.0,6.0,78.083953,6.0,0.205333,34.790456,125.24564,34.790392,0.066771,-8.5e-05,0.55627,-0.494743,0.000323,0.068766,0.5365,0.0,1.0,0.0,0.0,0.0,-9999.0,-9999.0,-9999.0,-9999.0,-9999.0,-9999.0,-9999.0,-9999.0,-9999.0,-9999.0,-9999.0,-9999.0,-9999.0,-9999.0
P13_HV1_3_interaction,active_and_state_lat_and_long_zero_last_source_row_continuous_segment,P13,HV1,3,keep_right,P13_HV1_3,P13_HV1.1.asc,HV3,60,initiator_active,14171,1,236183.33,236183.3345,3.0,3.0,28.274023,101.786481,5.0,147.541581,-5148.249298,-0.013942,0.016271,0.0,28.273585,-0.000655,0.0,5148.37176,-59.925953,6.279902,1.0,0.0,1.0,0.0,5079.041778,-55.976226,1021.0,6.0,78.663766,6.0,0.206957,34.799706,125.278941,34.799637,0.069018,-8e-05,0.555888,-0.497191,0.000332,0.066882,0.5365,0.0,1.0,0.0,0.0,0.0,-9999.0,-9999.0,-9999.0,-9999.0,-9999.0,-9999.0,-9999.0,-9999.0,-9999.0,-9999.0,-9999.0,-9999.0,-9999.0,-9999.0
P13_HV1_3_interaction,active_and_state_lat_and_long_zero_last_source_row_continuous_segment,P13,HV1,3,keep_right,P13_HV1_3,P13_HV1.1.asc,HV3,60,initiator_active,14172,1,236200.0,236200.0001,3.0,3.0,28.273662,101.785183,5.0,148.01281,-5148.72051,-0.024252,0.014811,0.0,28.273284,-0.000831,0.0,5148.842982,-59.927507,6.279916,1.0,0.0,1.0,0.0,5079.621746,-55.97767,1021.0,6.0,79.243734,6.0,0.208442,34.808953,125.31223,34.80888,0.071037,-7.4e-05,0.55575,-0.499719,0.000339,0.065312,0.5365,0.0,1.0,0.0,0.0,0.0,-9999.0,-9999.0,-9999.0,-9999.0,-9999.0,-9999.0,-9999.0,-9999.0,-9999.0,-9999.0,-9999.0,-9999.0,-9999.0,-9999.0
P13_HV1_3_interaction,active_and_state_lat_and_long_zero_last_source_row_continuous_segment,P13,HV1,3,keep_right,P13_HV1_3,P13_HV1.1.asc,HV3,60,initiator_active,14173,1,236216.67,236216.6675,3.0,3.0,28.273469,101.784487,5.0,148.484034,-5149.19172,-0.017381,0.014872,0.0,28.27291,-0.001006,0.0,5149.3142,-59.929057,6.279931,1.0,0.0,1.0,0.0,5080.201868,-55.979256,1021.0,6.0,79.823857,6.0,0.209786,34.818196,125.345504,34.818119,0.072831,-6.9e-05,0.555505,-0.500316,0.000347,0.063271,0.5365,0.0,1.0,0.0,0.0,0.0,-9999.0,-9999.0,-9999.0,-9999.0,-9999.0,-9999.0,-9999.0,-9999.0,-9999.0,-9999.0,-9999.0,-9999.0,-9999.0,-9999.0
P13_HV1_3_interaction,active_and_state_lat_and_long_zero_last_source_row_continuous_segment,P13,HV1,3,keep_right,P13_HV1_3,P13_HV1.1.asc,HV3,60,initiator_active,14174,1,236233.33,236233.3344,3.0,3.0,28.273082,101.783096,5.0,148.955253,-5149.662923,-0.061911,0.015403,0.0,28.272155,-0.001197,0.0,5149.785411,-59.930602,6.279946,1.0,0.0,1.0,0.0,5080.782144,-55.980984,1021.0,6.0,80.404134,6.0,0.210988,34.827433,125.378759,34.827354,0.074411,-6.3e-05,0.555127,-0.498205,0.000355,0.060445,0.5365,0.0,1.0,0.0,0.0,0.0,-9999.0,-9999.0,-9999.0,-9999.0,-9999.0,-9999.0,-9999.0,-9999.0,-9999.0,-9999.0,-9999.0,-9999.0,-9999.0,-9999.0
P13_HV1_3_interaction,active_and_state_lat_and_long_zero_last_source_row_continuous_segment,P13,HV1,3,keep_right,P13_HV1_3,P13_HV1.1.asc,HV3,60,initiator_active,14175,1,236250.0,236250.0009,3.0,3.0,28.272765,101.781955,5.0,149.426466,-5150.13412,-0.014942,0.01498,0.0,28.27143,-0.001361,0.0,5150.256607,-59.932144,6.279961,1.0,0.0,1.0,0.0,5081.362573,-55.982855,1021.0,6.0,80.984565,6.0,0.212049,34.836662,125.411984,34.83658,0.075777,-5.7e-05,0.554616,-0.493781,0.000362,0.056991,0.5365,0.0,1.0,0.0,0.0,0.0,-9999.0,-9999.0,-9999.0,-9999.0,-9999.0,-9999.0,-9999.0,-9999.0,-9999.0,-9999.0,-9999.0,-9999.0,-9999.0,-9999.0
P13_HV1_3_interaction,active_and_state_lat_and_long_zero_last_source_row_continuous_segment,P13,HV1,3,keep_right,P13_HV1_3,P13_HV1.1.asc,HV3,60,initiator_active,14176,1,236266.67,236266.668,3.0,3.0,28.271639,101.7779,5.0,149.897664,-5150.605302,-0.013624,0.014992,0.0,28.271195,-0.001537,0.0,5150.727794,-59.933681,6.279975,1.0,0.0,1.0,0.0,5081.943155,-55.984867,1021.0,6.0,81.56515,6.0,0.212968,34.845884,125.445184,34.845799,0.076928,-5.1e-05,0.554276,-0.486241,0.000367,0.052595,0.5365,0.0,1.0,0.0,0.0,0.0,-9999.0,-9999.0,-9999.0,-9999.0,-9999.0,-9999.0,-9999.0,-9999.0,-9999.0,-9999.0,-9999.0,-9999.0,-9999.0,-9999.0
P13_HV1_3_interaction,active_and_state_lat_and_long_zero_last_source_row_continuous_segment,P13,HV1,3,keep_right,P13_HV1_3,P13_HV1.1.asc,HV3,60,initiator_active,14177,1,236283.33,236283.3344,3.0,3.0,28.271305,101.776698,5.0,150.368853,-5151.076475,-0.030527,0.017082,0.0,28.270962,-0.001667,0.0,5151.198977,-59.935215,6.279989,1.0,0.0,1.0,0.0,5082.523891,-55.98702,1021.0,6.0,82.145889,6.0,0.213748,34.855102,125.478366,34.855015,0.077848,-4.5e-05,0.553989,-0.476333,0.000372,0.047571,0.5365,0.0,1.0,0.0,0.0,0.0,-9999.0,-9999.0,-9999.0,-9999.0,-9999.0,-9999.0,-9999.0,-9999.0,-9999.0,-9999.0,-9999.0,-9999.0,-9999.0,-9999.0
P13_HV1_3_interaction,active_and_state_lat_and_long_zero_last_source_row_continuous_segment,P13,HV1,3,keep_right,P13_HV1_3,P13_HV1.1.asc,HV3,60,initiator_active,14178,1,236300.0,236300.0009,3.0,3.0,28.271082,101.775894,5.0,150.840038,-5151.547644,-0.046074,0.02031,0.0,28.270345,-0.001726,0.0,5151.670155,-59.936745,6.280003,1.0,0.0,1.0,0.0,5083.104779,-55.989313,1021.0,6.0,82.726782,6.0,0.214389,34.864315,125.511534,34.864227,0.078513,-3.9e-05,0.553736,-0.463986,0.000379,0.041919,0.5365,0.0,1.0,0.0,0.0,0.0,-9999.0,-9999.0,-9999.0,-9999.0,-9999.0,-9999.0,-9999.0,-9999.0,-9999.0,-9999.0,-9999.0,-9999.0,-9999.0,-9999.0
P13_HV1_3_interaction,active_and_state_lat_and_long_zero_last_source_row_continuous_segment,P13,HV1,3,keep_right,P13_HV1_3,P13_HV1.1.asc,HV3,60,initiator_active,14179,1,236316.67,236316.6731,3.0,3.0,28.270707,101.774546,5.0,151.311217,-5152.018808,-0.006137,0.022372,0.0,28.269741,-0.001753,0.0,5152.141322,-59.938268,6.280016,1.0,0.0,1.0,0.0,5083.685821,-55.991742,1021.0,6.0,83.307828,6.0,0.214894,34.873525,125.544688,34.873435,0.078899,-3.3e-05,0.553487,-0.44873,0.00039,0.035482,0.5365,0.0,1.0,0.0,0.0,0.0,-9999.0,-9999.0,-9999.0,-9999.0,-9999.0,-9999.0,-9999.0,-9999.0,-9999.0,-9999.0,-9999.0,-9999.0,-9999.0,-9999.0
P13_HV1_3_interaction,active_and_state_lat_and_long_zero_last_source_row_continuous_segment,P13,HV1,3,keep_right,P13_HV1_3,P13_HV1.1.asc,HV3,60,initiator_active,14180,1,236333.33,236333.3339,3.0,3.0,28.269961,101.77186,5.0,151.782386,-5152.489961,-0.016522,0.02063,0.0,28.269631,-0.001769,0.0,5152.612481,-59.939786,6.280029,1.0,0.0,1.0,0.0,5084.267015,-55.994306,1021.0,6.0,83.889028,6.0,0.215266,34.882731,125.57783,34.882641,0.078975,-2.7e-05,0.553251,-0.43087,0.000404,0.028417,0.5365,0.0,1.0,0.0,0.0,0.0,-9999.0,-9999.0,-9999.0,-9999.0,-9999.0,-9999.0,-9999.0,-9999.0,-9999.0,-9999.0,-9999.0,-9999.0,-9999.0,-9999.0
P13_HV1_3_interaction,active_and_state_lat_and_long_zero_last_source_row_continuous_segment,P13,HV1,3,keep_right,P13_HV1_3,P13_HV1.1.asc,HV3,60,initiator_active,14181,1,236350.0,236350.0001,3.0,3.0,28.26969,101.770884,5.0,152.253547,-5152.961106,-0.015326,0.023981,0.0,28.269313,-0.001783,0.0,5153.083638,-59.941298,6.280043,1.0,0.0,1.0,0.0,5084.848363,-55.996999,1021.0,6.0,84.470382,6.0,0.215508,34.891934,125.610961,34.891845,0.078704,-2e-05,0.553002,-0.410301,0.000421,0.020724,0.5365,0.0,1.0,0.0,0.0,0.0,-9999.0,-9999.0,-9999.0,-9999.0,-9999.0,-9999.0,-9999.0,-9999.0,-9999.0,-9999.0,-9999.0,-9999.0,-9999.0,-9999.0
P13_HV1_3_interaction,active_and_state_lat_and_long_zero_last_source_row_continuous_segment,P13,HV1,3,keep_right,P13_HV1_3,P13_HV1.1.asc,HV3,60,initiator_active,14182,1,236366.67,236366.6671,3.0,3.0,28.269494,101.770177,5.0,152.724706,-5153.432249,-0.011922,0.023791,0.0,28.269107,-0.001785,0.0,5153.55479,-59.942803,6.280057,1.0,0.0,0.0,0.0,5085.429863,-55.999819,1021.0,6.0,85.051888,6.0,0.215625,34.901133,125.644078,34.901046,0.078026,-1.3e-05,0.552739,-0.388839,0.000442,0.013188,0.53675,0.0,1.0,0.0,0.0,0.0,-9999.0,-9999.0,-9999.0,-9999.0,-9999.0,-9999.0,-9999.0,-9999.0,-9999.0,-9999.0,-9999.0,-9999.0,-9999.0,-9999.0
P13_HV1_3_interaction,active_and_state_lat_and_long_zero_last_source_row_continuous_segment,P13,HV1,3,keep_right,P13_HV1_3,P13_HV1.1.asc,HV3,60,initiator_active,14183,1,236383.33,236383.3346,3.0,3.0,28.269185,101.769066,5.0,153.195859,-5153.903386,-0.01617,0.022317,0.0,28.268882,-0.001799,0.0,5154.025938,-59.944302,6.280071,1.0,0.0,0.0,0.0,5086.011516,-56.002759,1021.0,6.0,85.633549,6.0,0.215622,34.910329,125.677184,34.910244,0.076896,-6e-06,0.552468,-0.365552,0.000429,0.005495,0.5365,0.0,1.0,0.0,0.0,0.0,-9999.0,-9999.0,-9999.0,-9999.0,-9999.0,-9999.0,-9999.0,-9999.0,-9999.0,-9999.0,-9999.0,-9999.0,-9999.0,-9999.0
P13_HV1_3_interaction,active_and_state_lat_and_long_zero_last_source_row_continuous_segment,P13,HV1,3,keep_right,P13_HV1_3,P13_HV1.1.asc,HV3,60,initiator_active,14184,1,236400.0,236400.0004,3.0,3.0,28.269008,101.768429,5.0,153.667009,-5154.37452,-0.016543,0.021937,0.0,28.26861,-0.00184,0.0,5154.497083,-59.945794,6.280085,1.0,0.0,0.0,0.0,5086.593321,-56.005816,1021.0,6.0,86.215362,6.0,0.215503,34.919521,125.710277,34.91944,0.075285,0.0,0.552199,-0.339558,0.000378,-0.002669,0.5365,0.0,1.0,0.0,0.0,0.0,-9999.0,-9999.0,-9999.0,-9999.0,-9999.0,-9999.0,-9999.0,-9999.0,-9999.0,-9999.0,-9999.0,-9999.0,-9999.0,-9999.0
P13_HV1_3_interaction,active_and_state_lat_and_long_zero_last_source_row_continuous_segment,P13,HV1,3,keep_right,P13_HV1_3,P13_HV1.1.asc,HV3,60,initiator_active,14185,1,236416.67,236416.6674,3.0,3.0,28.268747,101.767489,5.0,154.138155,-5154.84565,-0.009667,0.022092,0.0,28.268366,-0.001888,0.0,5154.968223,-59.947281,6.2801,1.0,0.0,0.0,0.0,5087.175279,-56.008983,1021.0,6.0,86.797329,6.0,0.215275,34.92871,125.743358,34.928634,0.073179,5e-06,0.551921,-0.309957,0.000217,-0.011618,0.5365,0.0,1.0,0.0,0.0,0.0,-9999.0,-9999.0,-9999.0,-9999.0,-9999.0,-9999.0,-9999.0,-9999.0,-9999.0,-9999.0,-9999.0,-9999.0,-9999.0,-9999.0
P13_HV1_3_interaction,active_and_state_lat_and_long_zero_last_source_row_continuous_segment,P13,HV1,3,keep_right,P13_HV1_3,P13_HV1.1.asc,HV3,60,initiator_active,14186,1,236433.33,236433.3336,3.0,3.0,28.268472,101.766499,5.0,154.609297,-5155.316776,-0.016328,0.022414,0.0,28.268177,-0.001935,0.0,5155.439359,-59.948761,6.280115,1.0,0.0,0.0,0.0,5087.75739,-56.012252,1021.0,6.0,87.379448,6.0,0.214945,34.937896,125.776425,34.937825,0.070422,7e-06,0.551613,-0.287454,4.8e-05,-0.016956,0.5365,0.0,1.0,0.0,0.0,0.0,-9999.0,-9999.0,-9999.0,-9999.0,-9999.0,-9999.0,-9999.0,-9999.0,-9999.0,-9999.0,-9999.0,-9999.0,-9999.0,-9999.0
P13_HV1_3_interaction,active_and_state_lat_and_long_zero_last_source_row_continuous_segment,P13,HV1,3,keep_right,P13_HV1_3,P13_HV1.1.asc,HV3,60,initiator_active,14187,1,236450.0,236450.0,3.0,3.0,28.268285,101.765827,5.0,155.080435,-5155.787897,-0.009695,0.022739,0.0,28.267897,-0.001979,0.0,5155.910492,-59.950234,6.28013,1.0,0.0,0.0,0.0,5088.339653,-56.015619,1021.0,6.0,87.961721,6.0,0.214519,34.947077,125.809478,34.947013,0.067061,6e-06,0.551299,-0.259442,-0.000156,-0.023707,0.5365,0.0,1.0,0.0,0.0,0.0,-9999.0,-9999.0,-9999.0,-9999.0,-9999.0,-9999.0,-9999.0,-9999.0,-9999.0,-9999.0,-9999.0,-9999.0,-9999.0,-9999.0
P13_HV1_3_interaction,active_and_state_lat_and_long_zero_last_source_row_continuous_segment,P13,HV1,3,keep_right,P13_HV1_3,P13_HV1.1.asc,HV3,60,initiator_active,14188,1,236466.67,236466.6668,3.0,3.0,28.268041,101.764947,5.0,155.551569,-5156.259016,-0.016271,0.023025,0.0,28.267723,-0.00202,0.0,5156.381621,-59.951702,6.280145,1.0,0.0,0.0,0.0,5088.922068,-56.019076,1021.0,6.0,88.544147,6.0,0.214003,34.956255,125.842517,34.956198,0.063055,2e-06,0.550972,-0.233006,-0.000355,-0.029045,0.5365,0.0,1.0,0.0,0.0,0.0,-9999.0,-9999.0,-9999.0,-9999.0,-9999.0,-9999.0,-9999.0,-9999.0,-9999.0,-9999.0,-9999.0,-9999.0,-9999.0,-9999.0
P13_HV1_3_interaction,active_and_state_lat_and_long_zero_last_source_row_continuous_segment,P13,HV1,3,keep_right,P13_HV1_3,P13_HV1.1.asc,HV3,60,initiator_active,14189,1,236483.33,236483.3343,3.0,3.0,28.267816,101.764139,5.0,156.022699,-5156.730129,-0.017984,0.023263,0.0,28.26744,-0.002059,0.0,5156.852746,-59.953163,6.28016,1.0,0.0,0.0,0.0,5089.504636,-56.022617,1021.0,6.0,89.126725,6.0,0.213405,34.965428,125.87554,34.965379,0.058386,-6e-06,0.550636,-0.207715,-0.00053,-0.033127,0.5365,0.0,1.0,0.0,0.0,0.0,-9999.0,-9999.0,-9999.0,-9999.0,-9999.0,-9999.0,-9999.0,-9999.0,-9999.0,-9999.0,-9999.0,-9999.0,-9999.0,-9999.0
P13_HV1_3_interaction,active_and_state_lat_and_long_zero_last_source_row_continuous_segment,P13,HV1,3,keep_right,P13_HV1_3,P13_HV1.1.asc,HV3,60,initiator_active,14190,1,236500.0,236500.0006,3.0,3.0,28.267587,101.763314,5.0,156.493826,-5157.20124,-0.014818,0.023464,0.0,28.267172,-0.002097,0.0,5157.323867,-59.954618,6.280175,1.0,0.0,0.0,0.0,5090.087357,-56.026233,1021.0,6.0,89.709456,6.0,0.212731,34.974596,125.908547,34.974556,0.053078,-1.6e-05,0.550293,-0.181663,-0.000673,-0.036738,0.5365,0.0,1.0,0.0,0.0,0.0,-9999.0,-9999.0,-9999.0,-9999.0,-9999.0,-9999.0,-9999.0,-9999.0,-9999.0,-9999.0,-9999.0,-9999.0,-9999.0,-9999.0
P13_HV1_3_interaction,active_and_state_lat_and_long_zero_last_source_row_continuous_segment,P13,HV1,3,keep_right,P13_HV1_3,P13_HV1.1.asc,HV3,60,initiator_active,14191,1,236516.67,236516.6676,3.0,3.0,28.26729,101.762243,5.0,156.964947,-5157.672345,-0.014901,0.026033,0.0,28.266937,-0.002104,0.0,5157.794983,-59.956066,6.28019,1.0,0.0,0.0,0.0,5090.670229,-56.029918,1021.0,6.0,90.29234,6.0,0.21199,34.983761,125.941538,34.983729,0.047143,-2.8e-05,0.550054,-0.156911,-0.000778,-0.039093,0.5365,0.0,1.0,0.0,0.0,0.0,-9999.0,-9999.0,-9999.0,-9999.0,-9999.0,-9999.0,-9999.0,-9999.0,-9999.0,-9999.0,-9999.0,-9999.0,-9999.0,-9999.0
P13_HV1_3_interaction,active_and_state_lat_and_long_zero_last_source_row_continuous_segment,P13,HV1,3,keep_right,P13_HV1_3,P13_HV1.1.asc,HV3,60,initiator_active,14192,1,236533.33,236533.3344,3.0,3.0,28.267049,101.761375,5.0,157.436065,-5158.143447,-0.032236,0.026373,0.0,28.266601,-0.002099,0.0,5158.266095,-59.957507,6.280205,1.0,0.0,0.0,0.0,5091.253254,-56.033665,1021.0,6.0,90.875377,6.0,0.211187,34.992924,125.974525,34.9929,0.040619,-4.2e-05,0.549839,-0.132785,-0.000846,-0.040506,0.5365,0.0,1.0,0.0,0.0,0.0,-9999.0,-9999.0,-9999.0,-9999.0,-9999.0,-9999.0,-9999.0,-9999.0,-9999.0,-9999.0,-9999.0,-9999.0,-9999.0,-9999.0
P13_HV1_3_interaction,active_and_state_lat_and_long_zero_last_source_row_continuous_segment,P13,HV1,3,keep_right,P13_HV1_3,P13_HV1.1.asc,HV3,60,initiator_active,14193,1,236550.0,236550.0008,3.0,3.0,28.266812,101.760525,5.0,157.907179,-5158.614544,-0.012261,0.026739,0.0,28.26615,-0.002102,0.0,5158.737201,-59.95894,6.280221,1.0,0.0,0.0,0.0,5091.836432,-56.037465,1021.0,6.0,91.458566,6.0,0.210332,35.00208,126.007488,35.002064,0.033573,-5.6e-05,0.549328,-0.107899,-0.00088,-0.041605,0.5365,0.0,1.0,0.0,0.0,0.0,-9999.0,-9999.0,-9999.0,-9999.0,-9999.0,-9999.0,-9999.0,-9999.0,-9999.0,-9999.0,-9999.0,-9999.0,-9999.0,-9999.0
P13_HV1_3_interaction,active_and_state_lat_and_long_zero_last_source_row_continuous_segment,P13,HV1,3,keep_right,P13_HV1_3,P13_HV1.1.asc,HV3,60,initiator_active,14194,1,236566.67,236566.6669,3.0,3.0,28.266333,101.758798,5.0,158.378285,-5159.085634,-0.012165,0.028955,0.0,28.265901,-0.002112,0.0,5159.208301,-59.960365,6.280238,1.0,0.0,0.0,0.0,5092.419762,-56.041312,1021.0,6.0,92.041908,6.0,0.209431,35.01123,126.040427,35.01122,0.026067,-7.1e-05,0.548922,-0.08325,-0.000883,-0.042076,0.5365,0.0,1.0,0.0,0.0,0.0,-9999.0,-9999.0,-9999.0,-9999.0,-9999.0,-9999.0,-9999.0,-9999.0,-9999.0,-9999.0,-9999.0,-9999.0,-9999.0,-9999.0
P13_HV1_3_interaction,active_and_state_lat_and_long_zero_last_source_row_continuous_segment,P13,HV1,3,keep_right,P13_HV1_3,P13_HV1.1.asc,HV3,60,initiator_active,14195,1,236583.33,236583.3342,3.0,3.0,28.266048,101.757774,5.0,158.849386,-5159.556719,-0.016714,0.032212,0.0,28.265699,-0.002106,0.0,5159.679396,-59.961783,6.280255,1.0,0.0,0.0,0.0,5093.003244,-56.045198,1021.0,6.0,92.625402,6.0,0.208492,35.020374,126.073346,35.020369,0.018186,-8.6e-05,0.548553,-0.057491,-0.00086,-0.042547,0.5365,0.0,1.0,0.0,0.0,0.0,-9999.0,-9999.0,-9999.0,-9999.0,-9999.0,-9999.0,-9999.0,-9999.0,-9999.0,-9999.0,-9999.0,-9999.0,-9999.0,-9999.0
P13_HV1_3_interaction,active_and_state_lat_and_long_zero_last_source_row_continuous_segment,P13,HV1,3,keep_right,P13_HV1_3,P13_HV1.1.asc,HV3,60,initiator_active,14196,1,236600.0,236600.0008,3.0,3.0,28.265799,101.756878,5.0,159.320483,-5160.027799,0.004133,0.032685,0.0,28.265441,-0.002077,0.0,5160.150488,-59.963192,6.280273,1.0,0.0,0.0,0.0,5093.586878,-56.049114,1021.0,6.0,93.209048,6.0,0.207523,35.029512,126.106244,35.029511,0.010014,-0.0001,0.548193,-0.030476,-0.000817,-0.043175,0.5365,0.0,1.0,0.0,0.0,0.0,-9999.0,-9999.0,-9999.0,-9999.0,-9999.0,-9999.0,-9999.0,-9999.0,-9999.0,-9999.0,-9999.0,-9999.0,-9999.0,-9999.0
P13_HV1_3_interaction,active_and_state_lat_and_long_zero_last_source_row_continuous_segment,P13,HV1,3,keep_right,P13_HV1_3,P13_HV1.1.asc,HV3,60,initiator_active,14197,1,236616.67,236616.6677,3.0,3.0,28.265559,101.756013,5.0,159.791575,-5160.498875,-0.004563,0.033474,0.0,28.26549,-0.002072,0.0,5160.621577,-59.964592,6.280292,1.0,0.0,0.0,0.0,5094.170664,-56.053053,1021.0,6.0,93.792847,6.0,0.206532,35.038645,126.139122,35.038645,0.001629,-0.000113,0.547834,-0.002435,-0.00076,-0.04396,0.5365,0.0,1.0,0.0,0.0,0.0,-9999.0,-9999.0,-9999.0,-9999.0,-9999.0,-9999.0,-9999.0,-9999.0,-9999.0,-9999.0,-9999.0,-9999.0,-9999.0,-9999.0
P13_HV1_3_interaction,active_and_state_lat_and_long_zero_last_source_row_continuous_segment,P13,HV1,3,keep_right,P13_HV1_3,P13_HV1.1.asc,HV3,60,initiator_active,14198,1,236633.33,236633.3339,3.0,3.0,28.265475,101.755712,5.0,160.262665,-5160.969948,-0.018531,0.032903,0.0,28.26535,-0.002086,0.0,5161.092666,-59.965982,6.280313,1.0,0.0,0.0,0.0,5094.754603,-56.057006,1021.0,6.0,94.376798,6.0,0.205528,35.047772,126.171978,35.047771,-0.006876,-0.000125,0.547468,0.02837,-0.000696,-0.045687,0.5365,0.0,1.0,0.0,0.0,0.0,-9999.0,-9999.0,-9999.0,-9999.0,-9999.0,-9999.0,-9999.0,-9999.0,-9999.0,-9999.0,-9999.0,-9999.0,-9999.0,-9999.0
P13_HV1_3_interaction,active_and_state_lat_and_long_zero_last_source_row_continuous_segment,P13,HV1,3,keep_right,P13_HV1_3,P13_HV1.1.asc,HV3,60,initiator_active,14199,1,236650.0,236650.0009,3.0,3.0,28.265452,101.755626,5.0,160.733756,-5161.441022,-0.013562,0.035703,0.0,28.265094,-0.002109,0.0,5161.563751,-59.967363,6.280334,1.0,0.0,0.0,0.0,5095.338693,-56.060964,1021.0,6.0,94.960901,6.0,0.20452,35.056892,126.204811,35.056888,-0.01547,-0.000136,0.547104,0.058233,-0.00063,-0.046943,0.5365,0.0,1.0,0.0,0.0,0.0,-9999.0,-9999.0,-9999.0,-9999.0,-9999.0,-9999.0,-9999.0,-9999.0,-9999.0,-9999.0,-9999.0,-9999.0,-9999.0,-9999.0
P13_HV1_3_interaction,active_and_state_lat_and_long_zero_last_source_row_continuous_segment,P13,HV1,3,keep_right,P13_HV1_3,P13_HV1.1.asc,HV3,60,initiator_active,14200,1,236666.67,236666.6678,3.0,3.0,28.265196,101.754704,5.0,161.204842,-5161.912092,-0.060894,0.037329,0.0,28.264958,-0.002156,0.0,5162.034833,-59.968734,6.280357,1.0,0.0,0.0,0.0,5095.922936,-56.064918,1021.0,6.0,95.545157,6.0,0.203516,35.066006,126.23762,35.065997,-0.024084,-0.000145,0.546731,0.090174,-0.000568,-0.048984,0.53625,0.0,1.0,0.0,0.0,0.0,-9999.0,-9999.0,-9999.0,-9999.0,-9999.0,-9999.0,-9999.0,-9999.0,-9999.0,-9999.0,-9999.0,-9999.0,-9999.0,-9999.0
P13_HV1_3_interaction,active_and_state_lat_and_long_zero_last_source_row_continuous_segment,P13,HV1,3,keep_right,P13_HV1_3,P13_HV1.1.asc,HV3,60,initiator_active,14201,1,236683.33,236683.3341,3.0,3.0,28.264981,101.753933,5.0,161.675925,-5162.383158,-0.020757,0.038928,0.0,28.263981,-0.002215,0.0,5162.50591,-59.970094,6.280381,1.0,0.0,0.0,0.0,5096.507331,-56.068859,1021.0,6.0,96.129564,6.0,0.202526,35.075112,126.270404,35.075097,-0.032699,-0.000154,0.546349,0.120927,-0.000513,-0.050554,0.537,0.0,1.0,0.0,0.0,0.0,-9999.0,-9999.0,-9999.0,-9999.0,-9999.0,-9999.0,-9999.0,-9999.0,-9999.0,-9999.0,-9999.0,-9999.0,-9999.0,-9999.0
P13_HV1_3_interaction,active_and_state_lat_and_long_zero_last_source_row_continuous_segment,P13,HV1,3,keep_right,P13_HV1_3,P13_HV1.1.asc,HV3,60,initiator_active,14202,1,236700.0,236700.0009,3.0,3.0,28.264451,101.752023,5.0,162.147003,-5162.854219,-0.005608,0.038907,0.0,28.263751,-0.002288,0.0,5162.976973,-59.971442,6.280407,1.0,0.0,1.0,0.0,5097.091878,-56.072778,1021.0,6.0,96.714123,6.0,0.20156,35.084211,126.303161,35.084187,-0.041285,-0.000162,0.545979,0.151607,-0.000466,-0.052124,0.5365,0.0,1.0,0.0,0.0,0.0,-9999.0,-9999.0,-9999.0,-9999.0,-9999.0,-9999.0,-9999.0,-9999.0,-9999.0,-9999.0,-9999.0,-9999.0,-9999.0,-9999.0
P13_HV1_3_interaction,active_and_state_lat_and_long_zero_last_source_row_continuous_segment,P13,HV1,3,keep_right,P13_HV1_3,P13_HV1.1.asc,HV3,60,initiator_active,14203,1,236716.67,236716.6677,3.0,3.0,28.263808,101.749707,5.0,162.618066,-5163.325265,-0.022165,0.038512,0.0,28.263505,-0.002411,0.0,5163.448033,-59.97278,6.280434,1.0,0.0,1.0,0.0,5097.676576,-56.076665,1021.0,6.0,97.298834,6.0,0.200625,35.093304,126.335893,35.093268,-0.04984,-0.00017,0.545621,0.179793,-0.000425,-0.052752,0.5365,0.0,1.0,0.0,0.0,0.0,-9999.0,-9999.0,-9999.0,-9999.0,-9999.0,-9999.0,-9999.0,-9999.0,-9999.0,-9999.0,-9999.0,-9999.0,-9999.0,-9999.0
P13_HV1_3_interaction,active_and_state_lat_and_long_zero_last_source_row_continuous_segment,P13,HV1,3,keep_right,P13_HV1_3,P13_HV1.1.asc,HV3,60,initiator_active,14204,1,236733.33,236733.3348,3.0,3.0,28.263704,101.749336,5.0,163.089127,-5163.796309,-0.045168,0.040767,0.0,28.263053,-0.002566,0.0,5163.919088,-59.974107,6.280463,1.0,0.0,1.0,0.0,5098.261427,-56.080513,1021.0,6.0,97.883696,6.0,0.199731,35.102388,126.368599,35.10234,-0.058345,-0.000176,0.545268,0.20623,-0.000387,-0.052752,0.53675,0.0,1.0,0.0,0.0,0.0,-9999.0,-9999.0,-9999.0,-9999.0,-9999.0,-9999.0,-9999.0,-9999.0,-9999.0,-9999.0,-9999.0,-9999.0,-9999.0,-9999.0
P13_HV1_3_interaction,active_and_state_lat_and_long_zero_last_source_row_continuous_segment,P13,HV1,3,keep_right,P13_HV1_3,P13_HV1.1.asc,HV3,60,initiator_active,14205,1,236750.0,236750.0,3.0,3.0,28.263321,101.747954,5.0,163.560183,-5164.267348,-0.012418,0.040946,0.0,28.26244,-0.002712,0.0,5164.390134,-59.975422,6.280492,1.0,0.0,1.0,0.0,5098.846429,-56.084312,1021.0,6.0,98.46871,6.0,0.198886,35.111466,126.401277,35.111402,-0.066756,-0.000182,0.544914,0.23238,-0.000348,-0.052281,0.53675,0.0,1.0,0.0,0.0,0.0,-9999.0,-9999.0,-9999.0,-9999.0,-9999.0,-9999.0,-9999.0,-9999.0,-9999.0,-9999.0,-9999.0,-9999.0,-9999.0,-9999.0
P13_HV1_3_interaction,active_and_state_lat_and_long_zero_last_source_row_continuous_segment,P13,HV1,3,keep_right,P13_HV1_3,P13_HV1.1.asc,HV3,60,initiator_active,14206,1,236766.67,236766.6677,3.0,3.0,28.262677,101.745636,5.0,164.03123,-5164.738377,-0.015143,0.041585,0.0,28.262234,-0.002879,0.0,5164.861172,-59.976726,6.280522,1.0,0.0,1.0,0.0,5099.431583,-56.088056,1021.0,6.0,99.053876,6.0,0.198097,35.120536,126.433929,35.120456,-0.075047,-0.000188,0.544567,0.256706,-0.000301,-0.051182,0.53675,0.0,1.0,0.0,0.0,0.0,-9999.0,-9999.0,-9999.0,-9999.0,-9999.0,-9999.0,-9999.0,-9999.0,-9999.0,-9999.0,-9999.0,-9999.0,-9999.0,-9999.0
P13_HV1_3_interaction,active_and_state_lat_and_long_zero_last_source_row_continuous_segment,P13,HV1,3,keep_right,P13_HV1_3,P13_HV1.1.asc,HV3,60,initiator_active,14207,1,236783.33,236783.3341,3.0,3.0,28.262337,101.744412,5.0,164.502268,-5165.209399,-0.012755,0.042455,0.0,28.261972,-0.003054,0.0,5165.332206,-59.978019,6.280553,1.0,0.0,1.0,0.0,5100.016889,-56.091735,1021.0,6.0,99.639192,6.0,0.197374,35.129598,126.466553,35.1295,-0.083194,-0.000192,0.544229,0.278842,-0.000245,-0.049926,0.53675,0.0,1.0,0.0,0.0,0.0,-9999.0,-9999.0,-9999.0,-9999.0,-9999.0,-9999.0,-9999.0,-9999.0,-9999.0,-9999.0,-9999.0,-9999.0,-9999.0,-9999.0
P13_HV1_3_interaction,active_and_state_lat_and_long_zero_last_source_row_continuous_segment,P13,HV1,3,keep_right,P13_HV1_3,P13_HV1.1.asc,HV3,60,initiator_active,14208,1,236800.0,236800.0008,3.0,3.0,28.262107,101.743587,5.0,164.973303,-5165.680417,-0.013124,0.04338,0.0,28.261784,-0.00323,0.0,5165.803237,-59.979299,6.280584,1.0,0.0,1.0,0.0,5100.602346,-56.095344,1021.0,6.0,100.22466,6.0,0.196722,35.138653,126.499151,35.138535,-0.091163,-0.000196,0.543899,0.299219,-0.000181,-0.048199,0.5365,0.0,1.0,0.0,0.0,0.0,-9999.0,-9999.0,-9999.0,-9999.0,-9999.0,-9999.0,-9999.0,-9999.0,-9999.0,-9999.0,-9999.0,-9999.0,-9999.0,-9999.0
P13_HV1_3_interaction,active_and_state_lat_and_long_zero_last_source_row_continuous_segment,P13,HV1,3,keep_right,P13_HV1_3,P13_HV1.1.asc,HV3,60,initiator_active,14209,1,236816.67,236816.6675,3.0,3.0,28.261866,101.742717,5.0,165.444334,-5166.15143,-0.00709,0.044271,0.0,28.261603,-0.003404,0.0,5166.274264,-59.980568,6.280616,1.0,0.0,1.0,0.0,5101.187954,-56.098874,1021.0,6.0,100.810279,6.0,0.196148,35.1477,126.53172,35.147561,-0.098869,-0.000198,0.54345,0.3216,-0.000107,-0.047571,0.53675,0.0,1.0,0.0,0.0,0.0,-9999.0,-9999.0,-9999.0,-9999.0,-9999.0,-9999.0,-9999.0,-9999.0,-9999.0,-9999.0,-9999.0,-9999.0,-9999.0,-9999.0
P13_HV1_3_interaction,active_and_state_lat_and_long_zero_last_source_row_continuous_segment,P13,HV1,3,keep_right,P13_HV1_3,P13_HV1.1.asc,HV3,60,initiator_active,14210,1,236833.33,236833.334,3.0,3.0,28.261675,101.742029,5.0,165.915361,-5166.62244,-0.009856,0.045106,0.0,28.261468,-0.003573,0.0,5166.745288,-59.981824,6.280648,1.0,0.0,1.0,0.0,5101.773714,-56.102321,1021.0,6.0,101.396049,6.0,0.19566,35.156736,126.56425,35.156576,-0.106276,-0.000199,0.543186,0.343067,-2.3e-05,-0.046943,0.53725,0.0,1.0,0.0,0.0,0.0,-9999.0,-9999.0,-9999.0,-9999.0,-9999.0,-9999.0,-9999.0,-9999.0,-9999.0,-9999.0,-9999.0,-9999.0,-9999.0,-9999.0
P13_HV1_3_interaction,active_and_state_lat_and_long_zero_last_source_row_continuous_segment,P13,HV1,3,keep_right,P13_HV1_3,P13_HV1.1.asc,HV3,60,initiator_active,14211,1,236850.0,236850.0007,3.0,3.0,28.261544,101.741558,5.0,166.386386,-5167.093447,-0.002517,0.047071,0.0,28.261301,-0.003722,0.0,5167.216311,-59.983068,6.280681,1.0,0.0,1.0,0.0,5102.359625,-56.105675,1021.0,6.0,101.98197,6.0,0.195265,35.165773,126.596783,35.16559,-0.113346,-0.000199,0.543263,0.364709,6.4e-05,-0.046786,0.53725,0.0,1.0,0.0,0.0,0.0,-9999.0,-9999.0,-9999.0,-9999.0,-9999.0,-9999.0,-9999.0,-9999.0,-9999.0,-9999.0,-9999.0,-9999.0,-9999.0,-9999.0
P13_HV1_3_interaction,active_and_state_lat_and_long_zero_last_source_row_continuous_segment,P13,HV1,3,keep_right,P13_HV1_3,P13_HV1.1.asc,HV3,60,initiator_active,14212,1,236866.67,236866.6677,3.0,3.0,28.261386,101.740988,5.0,166.857409,-5167.564452,-0.00923,0.04967,0.0,28.261246,-0.003837,0.0,5167.68733,-59.984299,6.280714,1.0,0.0,1.0,0.0,5102.945688,-56.108932,1021.0,6.0,102.568041,6.0,0.194968,35.1748,126.62928,35.174595,-0.12006,-0.000197,0.542648,0.385666,0.000149,-0.046786,0.5385,0.0,1.0,0.0,0.0,0.0,-9999.0,-9999.0,-9999.0,-9999.0,-9999.0,-9999.0,-9999.0,-9999.0,-9999.0,-9999.0,-9999.0,-9999.0,-9999.0,-9999.0
P13_HV1_3_interaction,active_and_state_lat_and_long_zero_last_source_row_continuous_segment,P13,HV1,3,keep_right,P13_HV1_3,P13_HV1.1.asc,HV3,60,initiator_active,14213,1,236883.33,236883.3342,3.0,3.0,28.26128,101.740608,5.0,167.328429,-5168.035455,-0.007169,0.051966,0.0,28.261079,-0.003943,0.0,5168.158349,-59.985515,6.280747,1.0,0.0,1.0,0.0,5103.531901,-56.112084,1021.0,6.0,103.154263,6.0,0.194776,35.183817,126.66174,35.183589,-0.126411,-0.000193,0.542312,0.405517,0.000226,-0.046786,0.5385,0.0,1.0,0.0,0.0,0.0,-9999.0,-9999.0,-9999.0,-9999.0,-9999.0,-9999.0,-9999.0,-9999.0,-9999.0,-9999.0,-9999.0,-9999.0,-9999.0,-9999.0
P13_HV1_3_interaction,active_and_state_lat_and_long_zero_last_source_row_continuous_segment,P13,HV1,3,keep_right,P13_HV1_3,P13_HV1.1.asc,HV3,60,initiator_active,14214,1,236900.0,236900.0007,3.0,3.0,28.261169,101.740208,5.0,167.799447,-5168.506456,-0.018954,0.051997,0.0,28.260986,-0.004033,0.0,5168.629365,-59.986718,6.280781,1.0,0.0,1.0,0.0,5104.118265,-56.115126,1021.0,6.0,103.740635,6.0,0.194695,35.192828,126.694181,35.192579,-0.132395,-0.000189,0.542174,0.424254,0.000292,-0.046786,0.53775,0.0,1.0,0.0,0.0,0.0,-9999.0,-9999.0,-9999.0,-9999.0,-9999.0,-9999.0,-9999.0,-9999.0,-9999.0,-9999.0,-9999.0,-9999.0,-9999.0,-9999.0
P13_HV1_3_interaction,active_and_state_lat_and_long_zero_last_source_row_continuous_segment,P13,HV1,3,keep_right,P13_HV1_3,P13_HV1.1.asc,HV3,60,initiator_active,14215,1,236916.67,236916.6675,3.0,3.0,28.26102,101.739671,5.0,168.270463,-5168.977454,-0.018621,0.052578,0.0,28.260565,-0.004139,0.0,5169.100379,-59.987906,6.280816,1.0,0.0,1.0,0.0,5104.70478,-56.118052,1021.0,6.0,104.327157,6.0,0.194731,35.201834,126.726601,35.201563,-0.138016,-0.000184,0.5419,0.441487,0.000345,-0.046629,0.53775,0.0,1.0,0.0,0.0,0.0,-9999.0,-9999.0,-9999.0,-9999.0,-9999.0,-9999.0,-9999.0,-9999.0,-9999.0,-9999.0,-9999.0,-9999.0,-9999.0,-9999.0
P13_HV1_3_interaction,active_and_state_lat_and_long_zero_last_source_row_continuous_segment,P13,HV1,3,keep_right,P13_HV1_3,P13_HV1.1.asc,HV3,60,initiator_active,14216,1,236933.33,236933.3335,3.0,3.0,28.260828,101.738979,5.0,168.741477,-5169.44845,-0.006697,0.055214,0.0,28.26036,-0.004251,0.0,5169.571385,-59.989079,6.280851,1.0,0.0,1.0,0.0,5105.291446,-56.120857,1021.0,6.0,104.91383,6.0,0.194889,35.210832,126.758994,35.21054,-0.143279,-0.000177,0.541582,0.457227,0.000389,-0.046315,0.53775,0.0,1.0,0.0,0.0,0.0,-9999.0,-9999.0,-9999.0,-9999.0,-9999.0,-9999.0,-9999.0,-9999.0,-9999.0,-9999.0,-9999.0,-9999.0,-9999.0,-9999.0
P13_HV1_3_interaction,active_and_state_lat_and_long_zero_last_source_row_continuous_segment,P13,HV1,3,keep_right,P13_HV1_3,P13_HV1.1.asc,HV3,60,initiator_active,14217,1,236950.0,236950.0008,3.0,3.0,28.26041,101.737474,5.0,169.212484,-5169.919438,-0.013722,0.057247,0.0,28.260192,-0.00434,0.0,5170.042389,-59.990236,6.280887,1.0,0.0,1.0,0.0,5105.878262,-56.123535,1021.0,6.0,105.500652,6.0,0.195174,35.219822,126.791359,35.21951,-0.148178,-0.00017,0.541142,0.472263,0.000424,-0.046158,0.53775,0.0,1.0,0.0,0.0,0.0,-9999.0,-9999.0,-9999.0,-9999.0,-9999.0,-9999.0,-9999.0,-9999.0,-9999.0,-9999.0,-9999.0,-9999.0,-9999.0,-9999.0
P13_HV1_3_interaction,active_and_state_lat_and_long_zero_last_source_row_continuous_segment,P13,HV1,3,keep_right,P13_HV1_3,P13_HV1.1.asc,HV3,60,initiator_active,14218,1,236966.67,236966.6676,3.0,3.0,28.260304,101.737094,5.0,169.683488,-5170.390424,-0.011012,0.058927,0.0,28.259981,-0.004422,0.0,5170.51339,-59.991378,6.280924,1.0,0.0,1.0,0.0,5106.465229,-56.126083,1021.0,6.0,106.087624,6.0,0.19559,35.228801,126.823683,35.22847,-0.152724,-0.000163,0.54068,0.485422,0.000452,-0.045687,0.53775,0.0,1.0,0.0,0.0,0.0,-9999.0,-9999.0,-9999.0,-9999.0,-9999.0,-9999.0,-9999.0,-9999.0,-9999.0,-9999.0,-9999.0,-9999.0,-9999.0,-9999.0
P13_HV1_3_interaction,active_and_state_lat_and_long_zero_last_source_row_continuous_segment,P13,HV1,3,keep_right,P13_HV1_3,P13_HV1.1.asc,HV3,60,initiator_active,14219,1,236983.33,236983.3336,3.0,3.0,28.260077,101.736279,5.0,170.154488,-5170.861406,-0.007164,0.060493,0.0,28.259798,-0.004503,0.0,5170.984388,-59.992504,6.280962,1.0,0.0,1.0,0.0,5107.052346,-56.128496,1021.0,6.0,106.674746,6.0,0.196142,35.237775,126.855992,35.237426,-0.15693,-0.000155,0.540732,0.496733,0.000476,-0.044902,0.538,0.0,1.0,0.0,0.0,0.0,-9999.0,-9999.0,-9999.0,-9999.0,-9999.0,-9999.0,-9999.0,-9999.0,-9999.0,-9999.0,-9999.0,-9999.0,-9999.0,-9999.0
P13_HV1_3_interaction,active_and_state_lat_and_long_zero_last_source_row_continuous_segment,P13,HV1,3,keep_right,P13_HV1_3,P13_HV1.1.asc,HV3,60,initiator_active,14220,1,237000.0,237000.0002,3.0,3.0,28.259889,101.735601,5.0,170.625485,-5171.332385,0.003346,0.063259,0.0,28.259736,-0.004574,0.0,5171.455383,-59.993613,6.281001,1.0,0.0,1.0,0.0,5107.639613,-56.13077,1021.0,6.0,107.262017,6.0,0.196834,35.246653,126.887949,35.246286,-0.160789,-0.000147,0.523825,0.507358,0.00056,-0.044274,0.53775,0.002198,1.0,0.0,0.0,0.0,-9999.0,-9999.0,-9999.0,-9999.0,-9999.0,-9999.0,-9999.0,-9999.0,-9999.0,-9999.0,-9999.0,-9999.0,-9999.0,-9999.0
P13_HV1_3_interaction,active_and_state_lat_and_long_zero_last_source_row_continuous_segment,P13,HV1,3,keep_right,P13_HV1_3,P13_HV1.1.asc,HV3,60,initiator_active,14221,1,237016.67,237016.6675,3.0,3.0,28.259738,101.735056,5.0,171.09648,-5171.803361,-0.006771,0.063176,0.0,28.25973,-0.004666,0.0,5171.926377,-59.994704,6.281041,1.0,0.0,1.0,0.0,5108.227029,-56.132902,1021.0,6.0,107.849436,6.0,0.197668,35.255382,126.919375,35.254999,-0.164297,-0.000138,0.536399,0.517355,0.000505,-0.043803,0.53825,0.0,1.0,0.0,0.0,0.0,-9999.0,-9999.0,-9999.0,-9999.0,-9999.0,-9999.0,-9999.0,-9999.0,-9999.0,-9999.0,-9999.0,-9999.0,-9999.0,-9999.0
P13_HV1_3_interaction,active_and_state_lat_and_long_zero_last_source_row_continuous_segment,P13,HV1,3,keep_right,P13_HV1_3,P13_HV1.1.asc,HV3,60,initiator_active,14222,1,237033.33,237033.3343,3.0,3.0,28.259763,101.735148,5.0,171.567474,-5172.274337,0.021342,0.063417,0.0,28.259661,-0.004775,0.0,5172.397371,-59.995777,6.281083,1.0,0.0,0.0,0.0,5108.814591,-56.13489,1021.0,6.0,108.437001,6.0,0.198648,35.264344,126.951638,35.263946,-0.16746,-0.000129,0.541326,0.526266,0.000534,-0.043332,0.53775,0.0,1.0,0.0,0.0,0.0,-9999.0,-9999.0,-9999.0,-9999.0,-9999.0,-9999.0,-9999.0,-9999.0,-9999.0,-9999.0,-9999.0,-9999.0,-9999.0,-9999.0
P13_HV1_3_interaction,active_and_state_lat_and_long_zero_last_source_row_continuous_segment,P13,HV1,3,keep_right,P13_HV1_3,P13_HV1.1.asc,HV3,60,initiator_active,14223,1,237050.01,237050.0074,3.0,3.0,28.259673,101.734825,5.0,172.038467,-5172.745311,0.013195,0.063219,0.0,28.260151,-0.00492,0.0,5172.868366,-59.996833,6.281125,1.0,0.0,0.0,0.0,5109.402303,-56.136729,1021.0,6.0,109.024714,6.0,0.199776,35.27333,126.983989,35.272919,-0.170286,-0.00012,0.541699,0.534132,0.000516,-0.042861,0.53775,0.0,1.0,0.0,0.0,0.0,-9999.0,-9999.0,-9999.0,-9999.0,-9999.0,-9999.0,-9999.0,-9999.0,-9999.0,-9999.0,-9999.0,-9999.0,-9999.0,-9999.0
P13_HV1_3_interaction,active_and_state_lat_and_long_zero_last_source_row_continuous_segment,P13,HV1,3,keep_right,P13_HV1_3,P13_HV1.1.asc,HV3,60,initiator_active,14224,1,237066.67,237066.6728,3.0,3.0,28.259839,101.73542,5.0,172.509461,-5173.216287,0.001036,0.065536,0.0,28.26031,-0.005087,0.0,5173.339368,-59.997871,6.281168,1.0,0.0,0.0,0.0,5109.990165,-56.138418,1021.0,6.0,109.612577,6.0,0.201056,35.282307,127.016304,35.281884,-0.172774,-0.000112,0.540951,0.541761,0.000538,-0.042704,0.53775,0.0,1.0,0.0,0.0,0.0,-9999.0,-9999.0,-9999.0,-9999.0,-9999.0,-9999.0,-9999.0,-9999.0,-9999.0,-9999.0,-9999.0,-9999.0,-9999.0,-9999.0
P13_HV1_3_interaction,active_and_state_lat_and_long_zero_last_source_row_continuous_segment,P13,HV1,3,keep_right,P13_HV1_3,P13_HV1.1.asc,HV3,60,initiator_active,14225,1,237083.34,237083.3383,3.0,3.0,28.260261,101.73694,5.0,172.980463,-5173.687269,-0.011262,0.065721,0.0,28.260232,-0.005238,0.0,5173.810372,-59.99889,6.281212,1.0,0.0,0.0,0.0,5110.578176,-56.139955,1021.0,6.0,110.200589,6.0,0.202489,35.291272,127.04858,35.290839,-0.174939,-0.000102,0.540473,0.548392,0.000573,-0.042547,0.53775,0.0,1.0,0.0,0.0,0.0,-9999.0,-9999.0,-9999.0,-9999.0,-9999.0,-9999.0,-9999.0,-9999.0,-9999.0,-9999.0,-9999.0,-9999.0,-9999.0,-9999.0
P13_HV1_3_interaction,active_and_state_lat_and_long_zero_last_source_row_continuous_segment,P13,HV1,3,keep_right,P13_HV1_3,P13_HV1.1.asc,HV3,60,initiator_active,14226,1,237100.0,237100.0001,3.0,3.0,28.260319,101.737147,5.0,173.451466,-5174.158254,-0.007598,0.064616,0.0,28.260066,-0.005403,0.0,5174.281374,-59.999892,6.281257,1.0,0.0,0.0,0.0,5111.166338,-56.141337,1021.0,6.0,110.78875,6.0,0.204077,35.300231,127.08083,35.299788,-0.176826,-9.3e-05,0.540117,0.551746,0.000602,-0.041448,0.53775,0.0,1.0,0.0,0.0,0.0,-9999.0,-9999.0,-9999.0,-9999.0,-9999.0,-9999.0,-9999.0,-9999.0,-9999.0,-9999.0,-9999.0,-9999.0,-9999.0,-9999.0
P13_HV1_3_interaction,active_and_state_lat_and_long_zero_last_source_row_continuous_segment,P13,HV1,3,keep_right,P13_HV1_3,P13_HV1.1.asc,HV3,60,initiator_active,14227,1,237116.67,237116.6675,3.0,3.0,28.260138,101.736497,5.0,173.922467,-5174.629236,-0.010837,0.066187,0.0,28.259942,-0.005594,0.0,5174.752374,-60.000875,6.281302,1.0,0.0,0.0,0.0,5111.754649,-56.142563,1021.0,6.0,111.37706,6.0,0.205822,35.309183,127.113059,35.308732,-0.178459,-8.2e-05,0.539814,0.552695,0.000616,-0.039721,0.538,0.0,1.0,0.0,0.0,0.0,-9999.0,-9999.0,-9999.0,-9999.0,-9999.0,-9999.0,-9999.0,-9999.0,-9999.0,-9999.0,-9999.0,-9999.0,-9999.0,-9999.0
P13_HV1_3_interaction,active_and_state_lat_and_long_zero_last_source_row_continuous_segment,P13,HV1,3,keep_right,P13_HV1_3,P13_HV1.1.asc,HV3,60,initiator_active,14228,1,237133.33,237133.3342,3.0,3.0,28.260002,101.736008,5.0,174.393466,-5175.100215,-0.004336,0.067424,0.0,28.259801,-0.005767,0.0,5175.223371,-60.00184,6.281348,1.0,0.0,0.0,0.0,5112.34311,-56.143632,1021.0,6.0,111.965519,6.0,0.207725,35.318131,127.14527,35.317673,-0.179852,-7.2e-05,0.539621,0.551281,0.000615,-0.037366,0.53875,0.0,1.0,0.0,0.0,0.0,-9999.0,-9999.0,-9999.0,-9999.0,-9999.0,-9999.0,-9999.0,-9999.0,-9999.0,-9999.0,-9999.0,-9999.0,-9999.0,-9999.0
P13_HV1_3_interaction,active_and_state_lat_and_long_zero_last_source_row_continuous_segment,P13,HV1,3,keep_right,P13_HV1_3,P13_HV1.1.asc,HV3,60,initiator_active,14229,1,237150.0,237150.0001,3.0,3.0,28.259852,101.735467,5.0,174.864462,-5175.571192,-0.002849,0.067148,0.0,28.259713,-0.00594,0.0,5175.694366,-60.002786,6.281393,1.0,0.0,0.0,0.0,5112.93172,-56.144544,1021.0,6.0,112.554126,6.0,0.209785,35.327077,127.177476,35.326613,-0.181011,-6.2e-05,0.539446,0.547517,0.000605,-0.034383,0.539,0.0,1.0,0.0,0.0,0.0,-9999.0,-9999.0,-9999.0,-9999.0,-9999.0,-9999.0,-9999.0,-9999.0,-9999.0,-9999.0,-9999.0,-9999.0,-9999.0,-9999.0
P13_HV1_3_interaction,active_and_state_lat_and_long_zero_last_source_row_continuous_segment,P13,HV1,3,keep_right,P13_HV1_3,P13_HV1.1.asc,HV3,60,initiator_active,14230,1,237166.67,237166.6697,3.0,3.0,28.259764,101.735152,5.0,175.335456,-5176.042166,0.043968,0.067161,0.0,28.259658,-0.006116,0.0,5176.165361,-60.003714,6.281439,1.0,0.0,0.0,0.0,5113.520479,-56.145299,1021.0,6.0,113.142881,6.0,0.212003,35.336017,127.20966,35.335549,-0.181889,-5.2e-05,0.539216,0.545268,0.000593,-0.032342,0.539,0.0,1.0,0.0,0.0,0.0,-9999.0,-9999.0,-9999.0,-9999.0,-9999.0,-9999.0,-9999.0,-9999.0,-9999.0,-9999.0,-9999.0,-9999.0,-9999.0,-9999.0
P13_HV1_3_interaction,active_and_state_lat_and_long_zero_last_source_row_continuous_segment,P13,HV1,3,keep_right,P13_HV1_3,P13_HV1.1.asc,HV3,60,initiator_active,14231,1,237183.33,237183.3335,3.0,3.0,28.259689,101.734881,5.0,175.806449,-5176.51314,0.003698,0.066855,0.0,28.260336,-0.006269,0.0,5176.636357,-60.004623,6.281484,1.0,0.0,0.0,0.0,5114.109388,-56.145898,1021.0,6.0,113.731786,6.0,0.214378,35.344958,127.241848,35.344487,-0.182524,-4.3e-05,0.539118,0.538235,0.000584,-0.028731,0.5395,0.0,1.0,0.0,0.0,0.0,-9999.0,-9999.0,-9999.0,-9999.0,-9999.0,-9999.0,-9999.0,-9999.0,-9999.0,-9999.0,-9999.0,-9999.0,-9999.0,-9999.0
P13_HV1_3_interaction,active_and_state_lat_and_long_zero_last_source_row_continuous_segment,P13,HV1,3,keep_right,P13_HV1_3,P13_HV1.1.asc,HV3,60,initiator_active,14232,1,237200.0,237200.0007,3.0,3.0,28.260024,101.736087,5.0,176.277444,-5176.984115,-0.006433,0.065045,0.0,28.260299,-0.006418,0.0,5177.107362,-60.005514,6.281529,1.0,0.0,0.0,0.0,5114.698446,-56.146342,1021.0,6.0,114.320838,6.0,0.216909,35.353889,127.274002,35.353417,-0.182859,-3.3e-05,0.538414,0.533456,0.000575,-0.026376,0.54,0.0,1.0,0.0,0.0,0.0,-9999.0,-9999.0,-9999.0,-9999.0,-9999.0,-9999.0,-9999.0,-9999.0,-9999.0,-9999.0,-9999.0,-9999.0,-9999.0,-9999.0
P13_HV1_3_interaction,active_and_state_lat_and_long_zero_last_source_row_continuous_segment,P13,HV1,3,keep_right,P13_HV1_3,P13_HV1.1.asc,HV3,60,initiator_active,14233,1,237216.67,237216.6671,3.0,3.0,28.260366,101.737319,5.0,176.748447,-5177.455099,0.001353,0.065742,0.0,28.260252,-0.006577,0.0,5177.578366,-60.006386,6.281573,1.0,0.0,0.0,0.0,5115.287652,-56.146631,1021.0,6.0,114.910038,6.0,0.219595,35.362813,127.306126,35.36234,-0.182886,-2.4e-05,0.537997,0.527704,0.000568,-0.024021,0.53975,0.0,1.0,0.0,0.0,0.0,-9999.0,-9999.0,-9999.0,-9999.0,-9999.0,-9999.0,-9999.0,-9999.0,-9999.0,-9999.0,-9999.0,-9999.0,-9999.0,-9999.0
P13_HV1_3_interaction,active_and_state_lat_and_long_zero_last_source_row_continuous_segment,P13,HV1,3,keep_right,P13_HV1_3,P13_HV1.1.asc,HV3,60,initiator_active,14234,1,237233.33,237233.3339,3.0,3.0,28.260246,101.736884,5.0,177.21945,-5177.926081,-0.001149,0.067733,0.0,28.260258,-0.006705,0.0,5178.049369,-60.00724,6.281617,1.0,0.0,0.0,0.0,5115.877007,-56.146768,1021.0,6.0,115.499387,6.0,0.222435,35.37173,127.33823,35.371259,-0.182571,-1.4e-05,0.537663,0.523686,0.000561,-0.022765,0.53975,0.0,1.0,0.0,0.0,0.0,-9999.0,-9999.0,-9999.0,-9999.0,-9999.0,-9999.0,-9999.0,-9999.0,-9999.0,-9999.0,-9999.0,-9999.0,-9999.0,-9999.0
P13_HV1_3_interaction,active_and_state_lat_and_long_zero_last_source_row_continuous_segment,P13,HV1,3,keep_right,P13_HV1_3,P13_HV1.1.asc,HV3,60,initiator_active,14235,1,237250.0,237250.0008,3.0,3.0,28.260263,101.736948,5.0,177.690451,-5178.397063,-0.007329,0.067404,0.0,28.260174,-0.006799,0.0,5178.520373,-60.008076,6.28166,1.0,0.0,0.0,0.0,5116.466511,-56.146752,1021.0,6.0,116.088883,6.0,0.225428,35.380643,127.370315,35.380175,-0.181891,-5e-06,0.537333,0.521743,0.000551,-0.023079,0.53975,0.0,1.0,0.0,0.0,0.0,-9999.0,-9999.0,-9999.0,-9999.0,-9999.0,-9999.0,-9999.0,-9999.0,-9999.0,-9999.0,-9999.0,-9999.0,-9999.0,-9999.0
P13_HV1_3_interaction,active_and_state_lat_and_long_zero_last_source_row_continuous_segment,P13,HV1,3,keep_right,P13_HV1_3,P13_HV1.1.asc,HV3,60,initiator_active,14236,1,237266.67,237266.6677,3.0,3.0,28.260248,101.736893,5.0,178.161453,-5178.868044,-0.000717,0.068154,0.0,28.260094,-0.006864,0.0,5178.991374,-60.008893,6.281702,1.0,0.0,0.0,0.0,5117.056164,-56.146585,1021.0,6.0,116.678528,6.0,0.228573,35.389551,127.402383,35.389089,-0.180859,4e-06,0.537101,0.520577,0.000536,-0.024492,0.53975,0.0,1.0,0.0,0.0,0.0,-9999.0,-9999.0,-9999.0,-9999.0,-9999.0,-9999.0,-9999.0,-9999.0,-9999.0,-9999.0,-9999.0,-9999.0,-9999.0,-9999.0
P13_HV1_3_interaction,active_and_state_lat_and_long_zero_last_source_row_continuous_segment,P13,HV1,3,keep_right,P13_HV1_3,P13_HV1.1.asc,HV3,60,initiator_active,14237,1,237283.33,237283.3343,3.0,3.0,28.260112,101.736404,5.0,178.632453,-5179.339024,0.013559,0.067175,0.0,28.260149,-0.006914,0.0,5179.462375,-60.009691,6.281744,1.0,0.0,0.0,0.0,5117.645965,-56.146267,1021.0,6.0,117.268319,6.0,0.231869,35.398458,127.43445,35.398003,-0.179486,1.3e-05,0.537298,0.521328,0.00051,-0.026376,0.54,0.0,1.0,0.0,0.0,0.0,-9999.0,-9999.0,-9999.0,-9999.0,-9999.0,-9999.0,-9999.0,-9999.0,-9999.0,-9999.0,-9999.0,-9999.0,-9999.0,-9999.0
P13_HV1_3_interaction,active_and_state_lat_and_long_zero_last_source_row_continuous_segment,P13,HV1,3,keep_right,P13_HV1_3,P13_HV1.1.asc,HV3,60,initiator_active,14238,1,237300.0,237300.001,3.0,3.0,28.260088,101.736316,5.0,179.103452,-5179.810002,0.004315,0.067634,0.0,28.260319,-0.006944,0.0,5179.933378,-60.010471,6.281784,1.0,0.0,0.0,0.0,5118.235914,-56.145799,1021.0,6.0,117.858259,6.0,0.235316,35.407375,127.46655,35.406928,-0.177862,2.1e-05,0.537843,0.518926,0.000472,-0.027318,0.54,0.0,1.0,0.0,0.0,0.0,-9999.0,-9999.0,-9999.0,-9999.0,-9999.0,-9999.0,-9999.0,-9999.0,-9999.0,-9999.0,-9999.0,-9999.0,-9999.0,-9999.0
P13_HV1_3_interaction,active_and_state_lat_and_long_zero_last_source_row_continuous_segment,P13,HV1,3,keep_right,P13_HV1_3,P13_HV1.1.asc,HV3,60,initiator_active,14239,1,237316.67,237316.6668,3.0,3.0,28.260262,101.736942,5.0,179.574452,-5180.280983,0.006136,0.066507,0.0,28.260403,-0.006962,0.0,5180.404383,-60.011233,6.281824,1.0,0.0,0.0,0.0,5118.826012,-56.145182,1021.0,6.0,118.448346,6.0,0.238913,35.416298,127.498673,35.41586,-0.176067,2.8e-05,0.538016,0.513597,0.000419,-0.026376,0.54,0.0,1.0,0.0,0.0,0.0,-9999.0,-9999.0,-9999.0,-9999.0,-9999.0,-9999.0,-9999.0,-9999.0,-9999.0,-9999.0,-9999.0,-9999.0,-9999.0,-9999.0
P13_HV1_3_interaction,active_and_state_lat_and_long_zero_last_source_row_continuous_segment,P13,HV1,3,keep_right,P13_HV1_3,P13_HV1.1.asc,HV3,60,initiator_active,14240,1,237333.33,237333.3343,3.0,3.0,28.260355,101.737279,5.0,180.045455,-5180.751965,0.006156,0.066856,0.0,28.260505,-0.006962,0.0,5180.87539,-60.011976,6.281864,1.0,0.0,0.0,0.0,5119.416258,-56.144418,1021.0,6.0,119.03858,6.0,0.242658,35.425223,127.530802,35.424794,-0.174202,3.5e-05,0.538079,0.502197,0.000354,-0.024021,0.54,0.0,1.0,0.0,0.0,0.0,-9999.0,-9999.0,-9999.0,-9999.0,-9999.0,-9999.0,-9999.0,-9999.0,-9999.0,-9999.0,-9999.0,-9999.0,-9999.0,-9999.0
P13_HV1_3_interaction,active_and_state_lat_and_long_zero_last_source_row_continuous_segment,P13,HV1,3,keep_right,P13_HV1_3,P13_HV1.1.asc,HV3,60,initiator_active,14241,1,237350.0,237350.0001,3.0,3.0,28.260454,101.737634,5.0,180.51646,-5181.222948,-0.012519,0.066849,0.0,28.260575,-0.006939,0.0,5181.346398,-60.012701,6.281902,1.0,0.0,0.0,0.0,5120.006652,-56.143509,1021.0,6.0,119.628963,6.0,0.246549,35.434155,127.562957,35.433736,-0.172316,4e-05,0.538557,0.48656,0.000284,-0.020096,0.54,0.0,1.0,0.0,0.0,0.0,-9999.0,-9999.0,-9999.0,-9999.0,-9999.0,-9999.0,-9999.0,-9999.0,-9999.0,-9999.0,-9999.0,-9999.0,-9999.0,-9999.0
P13_HV1_3_interaction,active_and_state_lat_and_long_zero_last_source_row_continuous_segment,P13,HV1,3,keep_right,P13_HV1_3,P13_HV1.1.asc,HV3,60,initiator_active,14242,1,237366.67,237366.667,3.0,3.0,28.260557,101.738003,5.0,180.987466,-5181.693933,0.00382,0.06829,0.0,28.260412,-0.006901,0.0,5181.817406,-60.013407,6.28194,1.0,0.0,1.0,0.0,5120.597196,-56.142458,1021.0,6.0,120.219493,6.0,0.250581,35.443097,127.595149,35.442687,-0.170416,4.4e-05,0.538858,0.467652,0.000223,-0.014915,0.53975,0.0,1.0,0.0,0.0,0.0,-9999.0,-9999.0,-9999.0,-9999.0,-9999.0,-9999.0,-9999.0,-9999.0,-9999.0,-9999.0,-9999.0,-9999.0,-9999.0,-9999.0
P13_HV1_3_interaction,active_and_state_lat_and_long_zero_last_source_row_continuous_segment,P13,HV1,3,keep_right,P13_HV1_3,P13_HV1.1.asc,HV3,60,initiator_active,14243,1,237383.34,237383.3352,3.0,3.0,28.260471,101.737694,5.0,181.458471,-5182.164918,0.000274,0.068899,0.0,28.260468,-0.006832,0.0,5182.288413,-60.014095,6.281978,1.0,0.0,1.0,0.0,5121.187888,-56.141271,1021.0,6.0,120.810172,6.0,0.254752,35.452039,127.62734,35.451639,-0.168479,4.7e-05,0.538586,0.44659,0.000173,-0.008949,0.5395,0.0,1.0,0.0,0.0,0.0,-9999.0,-9999.0,-9999.0,-9999.0,-9999.0,-9999.0,-9999.0,-9999.0,-9999.0,-9999.0,-9999.0,-9999.0,-9999.0,-9999.0
P13_HV1_3_interaction,active_and_state_lat_and_long_zero_last_source_row_continuous_segment,P13,HV1,3,keep_right,P13_HV1_3,P13_HV1.1.asc,HV3,60,initiator_active,14244,1,237400.0,237400.0004,3.0,3.0,28.260444,101.737599,5.0,181.929475,-5182.635901,0.003304,0.07029,0.0,28.260466,-0.006737,0.0,5182.75942,-60.014764,6.282015,1.0,0.0,1.0,0.0,5121.778728,-56.139952,1021.0,6.0,121.400998,6.0,0.259055,35.460978,127.659522,35.460588,-0.166438,4.9e-05,0.538308,0.425959,0.00012,-0.003297,0.54,0.0,1.0,0.0,0.0,0.0,-9999.0,-9999.0,-9999.0,-9999.0,-9999.0,-9999.0,-9999.0,-9999.0,-9999.0,-9999.0,-9999.0,-9999.0,-9999.0,-9999.0
P13_HV1_3_interaction,active_and_state_lat_and_long_zero_last_source_row_continuous_segment,P13,HV1,3,keep_right,P13_HV1_3,P13_HV1.1.asc,HV3,60,initiator_active,14245,1,237416.67,237416.6675,3.0,3.0,28.26047,101.737693,5.0,182.40048,-5183.106885,0.01028,0.072261,0.0,28.26058,-0.006612,0.0,5183.230428,-60.015413,6.282053,1.0,0.0,1.0,0.0,5122.369718,-56.138505,1021.0,6.0,121.991973,6.0,0.263486,35.469915,127.691696,35.469535,-0.164255,5e-05,0.538033,0.403647,3e-05,0.002826,0.54025,0.0,1.0,0.0,0.0,0.0,-9999.0,-9999.0,-9999.0,-9999.0,-9999.0,-9999.0,-9999.0,-9999.0,-9999.0,-9999.0,-9999.0,-9999.0,-9999.0,-9999.0
P13_HV1_3_interaction,active_and_state_lat_and_long_zero_last_source_row_continuous_segment,P13,HV1,3,keep_right,P13_HV1_3,P13_HV1.1.asc,HV3,60,initiator_active,14246,1,237433.33,237433.3339,3.0,3.0,28.260494,101.737778,5.0,182.871485,-5183.577868,-0.000113,0.072332,0.0,28.260698,-0.006491,0.0,5183.701438,-60.016043,6.282091,1.0,0.0,1.0,0.0,5122.960856,-56.136936,1021.0,6.0,122.583095,6.0,0.26804,35.47885,127.723861,35.478481,-0.161875,4.9e-05,0.53784,0.381442,-9.4e-05,0.008635,0.54025,0.0,1.0,0.0,0.0,0.0,-9999.0,-9999.0,-9999.0,-9999.0,-9999.0,-9999.0,-9999.0,-9999.0,-9999.0,-9999.0,-9999.0,-9999.0,-9999.0,-9999.0
P13_HV1_3_interaction,active_and_state_lat_and_long_zero_last_source_row_continuous_segment,P13,HV1,3,keep_right,P13_HV1_3,P13_HV1.1.asc,HV3,60,initiator_active,14247,1,237450.0,237450.0003,3.0,3.0,28.260665,101.738396,5.0,183.342492,-5184.048854,-0.004034,0.075602,0.0,28.260656,-0.006376,0.0,5184.172449,-60.016652,6.282131,1.0,0.0,1.0,0.0,5123.552142,-56.13525,1021.0,6.0,123.174366,6.0,0.272711,35.487786,127.756029,35.487428,-0.159243,4.7e-05,0.537739,0.359581,-0.000229,0.013973,0.54025,0.0,1.0,0.0,0.0,0.0,-9999.0,-9999.0,-9999.0,-9999.0,-9999.0,-9999.0,-9999.0,-9999.0,-9999.0,-9999.0,-9999.0,-9999.0,-9999.0,-9999.0
P13_HV1_3_interaction,active_and_state_lat_and_long_zero_last_source_row_continuous_segment,P13,HV1,3,keep_right,P13_HV1_3,P13_HV1.1.asc,HV3,60,initiator_active,14248,1,237466.67,237466.6667,3.0,3.0,28.260697,101.738507,5.0,183.8135,-5184.519841,0.006646,0.076217,0.0,28.260644,-0.006244,0.0,5184.643459,-60.01724,6.282171,1.0,0.0,1.0,0.0,5124.143577,-56.133454,1021.0,6.0,123.765784,6.0,0.277495,35.49672,127.788191,35.496375,-0.156326,4.1e-05,0.537474,0.337181,-0.000378,0.019154,0.5415,0.0,1.0,0.0,0.0,0.0,-9999.0,-9999.0,-9999.0,-9999.0,-9999.0,-9999.0,-9999.0,-9999.0,-9999.0,-9999.0,-9999.0,-9999.0,-9999.0,-9999.0
P13_HV1_3_interaction,active_and_state_lat_and_long_zero_last_source_row_continuous_segment,P13,HV1,3,keep_right,P13_HV1_3,P13_HV1.1.asc,HV3,60,initiator_active,14249,1,237483.33,237483.3343,3.0,3.0,28.260622,101.73824,5.0,184.284508,-5184.990826,0.00754,0.078886,0.0,28.260762,-0.006144,0.0,5185.11447,-60.017807,6.282213,1.0,0.0,1.0,0.0,5124.735161,-56.131551,1021.0,6.0,124.357351,6.0,0.282385,35.505651,127.820343,35.505321,-0.153085,3.4e-05,0.537162,0.315338,-0.000517,0.023707,0.5425,0.0,1.0,0.0,0.0,0.0,-9999.0,-9999.0,-9999.0,-9999.0,-9999.0,-9999.0,-9999.0,-9999.0,-9999.0,-9999.0,-9999.0,-9999.0,-9999.0,-9999.0
P13_HV1_3_interaction,active_and_state_lat_and_long_zero_last_source_row_continuous_segment,P13,HV1,3,keep_right,P13_HV1_3,P13_HV1.1.asc,HV3,60,initiator_active,14250,1,237500.0,237500.0008,3.0,3.0,28.260699,101.738517,5.0,184.755515,-5185.461812,0.000189,0.083585,0.0,28.260853,-0.006023,0.0,5185.585483,-60.018352,6.282256,1.0,0.0,1.0,0.0,5125.326893,-56.129549,1021.0,6.0,124.949065,6.0,0.287376,35.514578,127.852482,35.514264,-0.149489,2.4e-05,0.536815,0.294377,-0.000635,0.027475,0.54525,0.0,1.0,0.0,0.0,0.0,-9999.0,-9999.0,-9999.0,-9999.0,-9999.0,-9999.0,-9999.0,-9999.0,-9999.0,-9999.0,-9999.0,-9999.0,-9999.0,-9999.0
P13_HV1_3_interaction,active_and_state_lat_and_long_zero_last_source_row_continuous_segment,P13,HV1,3,keep_right,P13_HV1_3,P13_HV1.1.asc,HV3,60,initiator_active,14251,1,237516.67,237516.6736,3.0,3.0,28.260825,101.738968,5.0,185.226525,-5185.9328,-0.000495,0.086467,0.0,28.26085,-0.005929,0.0,5186.056497,-60.018873,6.282302,1.0,0.0,1.0,0.0,5125.918773,-56.127452,1021.0,6.0,125.540927,6.0,0.292462,35.523501,127.884605,35.523203,-0.145521,1.3e-05,0.536342,0.274266,-0.000724,0.030458,0.55,0.0,1.0,0.0,0.0,0.0,-9999.0,-9999.0,-9999.0,-9999.0,-9999.0,-9999.0,-9999.0,-9999.0,-9999.0,-9999.0,-9999.0,-9999.0,-9999.0,-9999.0
P13_HV1_3_interaction,active_and_state_lat_and_long_zero_last_source_row_continuous_segment,P13,HV1,3,keep_right,P13_HV1_3,P13_HV1.1.asc,HV3,60,initiator_active,14252,1,237533.33,237533.3346,3.0,3.0,28.260855,101.739078,5.0,185.697536,-5186.403788,0.006863,0.088039,0.0,28.260876,-0.005878,0.0,5186.527511,-60.01937,6.282351,1.0,0.0,1.0,0.0,5126.510802,-56.125266,1021.0,6.0,126.132937,6.0,0.297637,35.532416,127.916697,35.532135,-0.141192,0.0,0.535655,0.253855,-0.000783,0.033127,0.55475,0.0,1.0,0.0,0.0,0.0,-9999.0,-9999.0,-9999.0,-9999.0,-9999.0,-9999.0,-9999.0,-9999.0,-9999.0,-9999.0,-9999.0,-9999.0,-9999.0,-9999.0
P13_HV1_3_interaction,active_and_state_lat_and_long_zero_last_source_row_continuous_segment,P13,HV1,3,keep_right,P13_HV1_3,P13_HV1.1.asc,HV3,60,initiator_active,14253,1,237550.0,237550.0009,3.0,3.0,28.260846,101.739046,5.0,186.168546,-5186.874776,0.011455,0.0939,0.0,28.260996,-0.005836,0.0,5186.998526,-60.019843,6.282403,1.0,0.0,1.0,0.0,5127.102979,-56.122997,1021.0,6.0,126.725096,6.0,0.302896,35.541322,127.948758,35.541059,-0.136519,-1.3e-05,0.535215,0.233209,-0.000811,0.035482,0.55475,0.0,1.0,0.0,0.0,0.0,-9999.0,-9999.0,-9999.0,-9999.0,-9999.0,-9999.0,-9999.0,-9999.0,-9999.0,-9999.0,-9999.0,-9999.0,-9999.0,-9999.0
P13_HV1_3_interaction,active_and_state_lat_and_long_zero_last_source_row_continuous_segment,P13,HV1,3,keep_right,P13_HV1_3,P13_HV1.1.asc,HV3,60,initiator_active,14254,1,237566.67,237566.6676,3.0,3.0,28.260933,101.739358,5.0,186.639557,-5187.345765,0.000868,0.095836,0.0,28.261147,-0.005814,0.0,5187.469543,-60.020289,6.282458,1.0,0.0,1.0,0.0,5127.695304,-56.120651,1021.0,6.0,127.317401,6.0,0.308234,35.550229,127.980824,35.549986,-0.131536,-2.7e-05,0.535355,0.211631,-0.00081,0.037837,0.561,0.0,1.0,0.0,0.0,0.0,-9999.0,-9999.0,-9999.0,-9999.0,-9999.0,-9999.0,-9999.0,-9999.0,-9999.0,-9999.0,-9999.0,-9999.0,-9999.0,-9999.0
P13_HV1_3_interaction,active_and_state_lat_and_long_zero_last_source_row_continuous_segment,P13,HV1,3,keep_right,P13_HV1_3,P13_HV1.1.asc,HV3,60,initiator_active,14255,1,237583.34,237583.3361,3.0,3.0,28.261091,101.739928,5.0,187.110571,-5187.816756,-0.007628,0.100334,0.0,28.261117,-0.005861,0.0,5187.940562,-60.020708,6.282517,1.0,0.0,1.0,0.0,5128.287778,-56.118234,1021.0,6.0,127.909855,6.0,0.313643,35.55914,128.012904,35.558916,-0.126273,-4e-05,0.535375,0.189218,-0.000786,0.040192,0.5685,0.0,1.0,0.0,0.0,0.0,-9999.0,-9999.0,-9999.0,-9999.0,-9999.0,-9999.0,-9999.0,-9999.0,-9999.0,-9999.0,-9999.0,-9999.0,-9999.0,-9999.0
P13_HV1_3_interaction,active_and_state_lat_and_long_zero_last_source_row_continuous_segment,P13,HV1,3,keep_right,P13_HV1_3,P13_HV1.1.asc,HV3,60,initiator_active,14256,1,237600.0,237600.0,3.0,3.0,28.261154,101.740153,5.0,187.581586,-5188.287748,-0.010767,0.107681,0.0,28.260954,-0.00593,0.0,5188.41158,-60.021099,6.28258,1.0,0.0,1.0,0.0,5128.880399,-56.115752,1021.0,6.0,128.502456,6.0,0.319117,35.56805,128.044981,35.567845,-0.120766,-5.2e-05,0.535137,0.165675,-0.000742,0.042704,0.57525,0.0,1.0,0.0,0.0,0.0,-9999.0,-9999.0,-9999.0,-9999.0,-9999.0,-9999.0,-9999.0,-9999.0,-9999.0,-9999.0,-9999.0,-9999.0,-9999.0,-9999.0
P13_HV1_3_interaction,active_and_state_lat_and_long_zero_last_source_row_continuous_segment,P13,HV1,3,keep_right,P13_HV1_3,P13_HV1.1.asc,HV3,60,initiator_active,14257,1,237616.67,237616.6667,3.0,3.0,28.261053,101.739791,5.0,188.0526,-5188.758739,0.000238,0.109716,0.0,28.260831,-0.006035,0.0,5188.882595,-60.02146,6.282647,1.0,0.0,1.0,0.0,5129.473169,-56.113212,1021.0,6.0,129.095206,6.0,0.324651,35.57696,128.077056,35.576774,-0.115042,-6.4e-05,0.535341,0.141482,-0.000688,0.045216,0.5805,0.0,1.0,0.0,0.0,0.0,-9999.0,-9999.0,-9999.0,-9999.0,-9999.0,-9999.0,-9999.0,-9999.0,-9999.0,-9999.0,-9999.0,-9999.0,-9999.0,-9999.0
P13_HV1_3_interaction,active_and_state_lat_and_long_zero_last_source_row_continuous_segment,P13,HV1,3,keep_right,P13_HV1_3,P13_HV1.1.asc,HV3,60,initiator_active,14258,1,237633.33,237633.3336,3.0,3.0,28.260864,101.73911,5.0,188.523611,-5189.229727,0.001291,0.117175,0.0,28.260843,-0.006198,0.0,5189.353609,-60.021789,6.282718,1.0,0.0,1.0,0.0,5130.066087,-56.110621,1021.0,6.0,129.688103,6.0,0.330236,35.585887,128.109194,35.58572,-0.109149,-7.5e-05,0.536593,0.114768,-0.000628,0.048513,0.58425,0.0,1.0,0.0,0.0,0.0,-9999.0,-9999.0,-9999.0,-9999.0,-9999.0,-9999.0,-9999.0,-9999.0,-9999.0,-9999.0,-9999.0,-9999.0,-9999.0,-9999.0
P13_HV1_3_interaction,active_and_state_lat_and_long_zero_last_source_row_continuous_segment,P13,HV1,3,keep_right,P13_HV1_3,P13_HV1.1.asc,HV3,60,initiator_active,14259,1,237650.0,237650.0008,3.0,3.0,28.260833,101.738998,5.0,188.99462,-5189.700713,-0.002077,0.121395,0.0,28.26083,-0.006406,0.0,5189.824623,-60.022086,6.282795,1.0,0.0,1.0,0.0,5130.659154,-56.107986,1021.0,6.0,130.281149,6.0,0.335866,35.594842,128.141431,35.594693,-0.103098,-8.5e-05,0.538718,0.087964,-0.000566,0.051653,0.58425,0.0,1.0,0.0,0.0,0.0,-9999.0,-9999.0,-9999.0,-9999.0,-9999.0,-9999.0,-9999.0,-9999.0,-9999.0,-9999.0,-9999.0,-9999.0,-9999.0,-9999.0
P13_HV1_3_interaction,active_and_state_lat_and_long_zero_last_source_row_continuous_segment,P13,HV1,3,keep_right,P13_HV1_3,P13_HV1.1.asc,HV3,60,initiator_active,14260,1,237666.67,237666.6678,3.0,3.0,28.260853,101.739072,5.0,189.46563,-5190.171699,0.001024,0.129839,0.0,28.260816,-0.006637,0.0,5190.295636,-60.022349,6.282876,1.0,0.0,1.0,0.0,5131.252369,-56.105314,1021.0,6.0,130.874343,6.0,0.341533,35.603857,128.173884,35.603725,-0.096909,-9.3e-05,0.543362,0.05992,-0.000505,0.055107,0.588,0.0,1.0,0.0,0.0,0.0,-9999.0,-9999.0,-9999.0,-9999.0,-9999.0,-9999.0,-9999.0,-9999.0,-9999.0,-9999.0,-9999.0,-9999.0,-9999.0,-9999.0
P13_HV1_3_interaction,active_and_state_lat_and_long_zero_last_source_row_continuous_segment,P13,HV1,3,keep_right,P13_HV1_3,P13_HV1.1.asc,HV3,60,initiator_active,14261,1,237683.33,237683.3342,3.0,3.0,28.260813,101.738926,5.0,189.936639,-5190.642684,0.001107,0.133698,0.0,28.260833,-0.006927,0.0,5190.76665,-60.022576,6.282963,1.0,0.0,1.0,0.0,5131.845735,-56.102614,1021.0,6.0,131.467688,6.0,0.34723,35.612977,128.206719,35.612862,-0.090583,-0.000101,0.550453,0.032231,-0.000445,0.058247,0.5905,0.0,1.0,0.0,0.0,0.0,-9999.0,-9999.0,-9999.0,-9999.0,-9999.0,-9999.0,-9999.0,-9999.0,-9999.0,-9999.0,-9999.0,-9999.0,-9999.0,-9999.0
P13_HV1_3_interaction,active_and_state_lat_and_long_zero_last_source_row_continuous_segment,P13,HV1,3,keep_right,P13_HV1_3,P13_HV1.1.asc,HV3,60,initiator_active,14262,1,237700.0,237700.001,3.0,3.0,28.260824,101.738966,5.0,190.407647,-5191.113669,-0.00208,0.139413,0.0,28.260818,-0.007271,0.0,5191.237664,-60.022765,6.283055,1.0,0.0,0.0,0.0,5132.439253,-56.099893,1021.0,6.0,132.061185,6.0,0.352948,35.622218,128.239983,35.622118,-0.084139,-0.000108,0.556335,0.003339,-0.000379,0.061701,0.59175,0.0,1.0,0.0,0.0,0.0,-9999.0,-9999.0,-9999.0,-9999.0,-9999.0,-9999.0,-9999.0,-9999.0,-9999.0,-9999.0,-9999.0,-9999.0,-9999.0,-9999.0
P13_HV1_3_interaction,active_and_state_lat_and_long_zero_last_source_row_continuous_segment,P13,HV1,3,keep_right,P13_HV1_3,P13_HV1.1.asc,HV3,60,initiator_active,14263,1,237716.67,237716.6677,3.0,3.0,28.260842,101.739031,5.0,190.878656,-5191.584654,0.001121,0.144977,0.0,28.260804,-0.0077,0.0,5191.708677,-60.022915,6.283153,1.0,0.0,0.0,0.0,5133.032924,-56.097159,1021.0,6.0,132.654835,6.0,0.35868,35.631521,128.273476,35.631437,-0.077573,-0.000113,0.560552,-0.024767,-0.000313,0.064684,0.59375,0.0,1.0,0.0,0.0,0.0,-9999.0,-9999.0,-9999.0,-9999.0,-9999.0,-9999.0,-9999.0,-9999.0,-9999.0,-9999.0,-9999.0,-9999.0,-9999.0,-9999.0
P13_HV1_3_interaction,active_and_state_lat_and_long_zero_last_source_row_continuous_segment,P13,HV1,3,keep_right,P13_HV1_3,P13_HV1.1.asc,HV3,60,initiator_active,14264,1,237733.33,237733.334,3.0,3.0,28.260801,101.738882,5.0,191.349664,-5192.055637,0.014415,0.151114,0.0,28.26092,-0.00818,0.0,5192.179691,-60.023025,6.283256,1.0,0.0,0.0,0.0,5133.626751,-56.09442,1021.0,6.0,133.24864,6.0,0.364418,35.640948,128.307414,35.640878,-0.070873,-0.000118,0.569773,-0.051312,-0.00025,0.066882,0.59525,0.0,1.0,0.0,0.0,0.0,-9999.0,-9999.0,-9999.0,-9999.0,-9999.0,-9999.0,-9999.0,-9999.0,-9999.0,-9999.0,-9999.0,-9999.0,-9999.0,-9999.0
P13_HV1_3_interaction,active_and_state_lat_and_long_zero_last_source_row_continuous_segment,P13,HV1,3,keep_right,P13_HV1_3,P13_HV1.1.asc,HV3,60,initiator_active,14265,1,237750.0,237750.0009,3.0,3.0,28.260813,101.738926,5.0,191.820672,-5192.526621,-0.001028,0.1559,0.0,28.261025,-0.008702,0.0,5192.650707,-60.023092,6.283363,1.0,0.0,0.0,0.0,5134.220734,-56.091684,1021.0,6.0,133.842602,6.0,0.370154,35.650559,128.342012,35.650501,-0.06404,-0.000121,0.58138,-0.076295,-0.000189,0.068295,0.59525,0.0,1.0,0.0,0.0,0.0,-9999.0,-9999.0,-9999.0,-9999.0,-9999.0,-9999.0,-9999.0,-9999.0,-9999.0,-9999.0,-9999.0,-9999.0,-9999.0,-9999.0
P13_HV1_3_interaction,active_and_state_lat_and_long_zero_last_source_row_continuous_segment,P13,HV1,3,keep_right,P13_HV1_3,P13_HV1.1.asc,HV3,60,initiator_active,14266,1,237766.67,237766.6669,3.0,3.0,28.261039,101.739741,5.0,192.291683,-5192.997606,0.000932,0.156503,0.0,28.261033,-0.009282,0.0,5193.121724,-60.023116,6.283476,1.0,0.0,0.0,0.0,5134.814878,-56.088957,1021.0,6.0,134.436724,6.0,0.375881,35.660362,128.377304,35.660317,-0.057093,-0.000124,0.592491,-0.100459,-0.000119,0.069237,0.59575,0.0,1.0,0.0,0.0,0.0,-9999.0,-9999.0,-9999.0,-9999.0,-9999.0,-9999.0,-9999.0,-9999.0,-9999.0,-9999.0,-9999.0,-9999.0,-9999.0,-9999.0
P13_HV1_3_interaction,active_and_state_lat_and_long_zero_last_source_row_continuous_segment,P13,HV1,3,keep_right,P13_HV1_3,P13_HV1.1.asc,HV3,60,initiator_active,14267,1,237783.33,237783.3345,3.0,3.0,28.261016,101.739656,5.0,192.762694,-5193.468592,0.00059,0.162271,0.0,28.261045,-0.009937,0.0,5193.592741,-60.023095,6.283594,1.0,0.0,0.0,0.0,5135.409185,-56.086248,1021.0,6.0,135.03101,6.0,0.381591,35.670332,128.413195,35.670297,-0.050045,-0.000125,0.60152,-0.122554,-3.7e-05,0.069237,0.59625,0.0,1.0,0.0,0.0,0.0,-9999.0,-9999.0,-9999.0,-9999.0,-9999.0,-9999.0,-9999.0,-9999.0,-9999.0,-9999.0,-9999.0,-9999.0,-9999.0,-9999.0
P13_HV1_3_interaction,active_and_state_lat_and_long_zero_last_source_row_continuous_segment,P13,HV1,3,keep_right,P13_HV1_3,P13_HV1.1.asc,HV3,60,initiator_active,14268,1,237800.0,237800.0008,3.0,3.0,28.26104,101.739744,5.0,193.233705,-5193.939578,-0.004816,0.169383,0.0,28.260957,-0.01064,0.0,5194.063759,-60.023028,6.283716,1.0,0.0,0.0,0.0,5136.003658,-56.083563,1021.0,6.0,135.625462,6.0,0.387278,35.680423,128.449524,35.680397,-0.042949,-0.000125,0.607049,-0.144834,5.5e-05,0.068766,0.59775,0.0,1.0,0.0,0.0,0.0,-9999.0,-9999.0,-9999.0,-9999.0,-9999.0,-9999.0,-9999.0,-9999.0,-9999.0,-9999.0,-9999.0,-9999.0,-9999.0,-9999.0
P13_HV1_3_interaction,active_and_state_lat_and_long_zero_last_source_row_continuous_segment,P13,HV1,3,keep_right,P13_HV1_3,P13_HV1.1.asc,HV3,60,initiator_active,14269,1,237816.67,237816.6676,3.0,3.0,28.261049,101.739776,5.0,193.704717,-5194.410563,0.008593,0.172512,0.0,28.260964,-0.011334,0.0,5194.534775,-60.022914,6.283841,1.0,0.0,0.0,0.0,5136.598299,-56.080909,1021.0,6.0,136.220082,6.0,0.392935,35.690566,128.486039,35.690548,-0.035854,-0.000123,0.609888,-0.167145,0.000147,0.068295,0.5975,0.0,1.0,0.0,0.0,0.0,-9999.0,-9999.0,-9999.0,-9999.0,-9999.0,-9999.0,-9999.0,-9999.0,-9999.0,-9999.0,-9999.0,-9999.0,-9999.0,-9999.0
P13_HV1_3_interaction,active_and_state_lat_and_long_zero_last_source_row_continuous_segment,P13,HV1,3,keep_right,P13_HV1_3,P13_HV1.1.asc,HV3,60,initiator_active,14270,1,237833.33,237833.335,3.0,3.0,28.260916,101.739298,5.0,194.175726,-5194.881546,0.001531,0.181341,0.0,28.261076,-0.012055,0.0,5195.005791,-60.022752,6.28397,1.0,0.0,0.0,0.0,5137.193109,-56.078293,1021.0,6.0,136.814871,6.0,0.398555,35.700777,128.522796,35.700765,-0.028799,-0.000119,0.614213,-0.188709,0.00023,0.067981,0.5975,0.0,1.0,0.0,0.0,0.0,-9999.0,-9999.0,-9999.0,-9999.0,-9999.0,-9999.0,-9999.0,-9999.0,-9999.0,-9999.0,-9999.0,-9999.0,-9999.0,-9999.0
P13_HV1_3_interaction,active_and_state_lat_and_long_zero_last_source_row_continuous_segment,P13,HV1,3,keep_right,P13_HV1_3,P13_HV1.1.asc,HV3,60,initiator_active,14271,1,237850.0,237850.0024,3.0,3.0,28.261035,101.739727,5.0,194.646735,-5195.352529,0.008096,0.18745,0.0,28.261092,-0.012744,0.0,5195.476809,-60.022539,6.284102,1.0,0.0,0.0,0.0,5137.78809,-56.075722,1021.0,6.0,137.409831,6.0,0.404131,35.71105,128.559781,35.711044,-0.021818,-0.000115,0.617492,-0.209103,0.000299,0.067353,0.5975,0.0,1.0,0.0,0.0,0.0,-9999.0,-9999.0,-9999.0,-9999.0,-9999.0,-9999.0,-9999.0,-9999.0,-9999.0,-9999.0,-9999.0,-9999.0,-9999.0,-9999.0
P13_HV1_3_interaction,active_and_state_lat_and_long_zero_last_source_row_continuous_segment,P13,HV1,3,keep_right,P13_HV1_3,P13_HV1.1.asc,HV3,60,initiator_active,14272,1,237866.67,237866.667,3.0,3.0,28.261088,101.739917,5.0,195.117746,-5195.823513,0.007804,0.19316,0.0,28.261277,-0.013427,0.0,5195.947828,-60.022275,6.284238,1.0,0.0,0.0,0.0,5138.383242,-56.073202,1021.0,6.0,138.004963,6.0,0.409656,35.721366,128.596919,35.721363,-0.014945,-0.000109,0.619908,-0.228355,0.000356,0.066411,0.59775,0.0,1.0,0.0,0.0,0.0,-9999.0,-9999.0,-9999.0,-9999.0,-9999.0,-9999.0,-9999.0,-9999.0,-9999.0,-9999.0,-9999.0,-9999.0,-9999.0,-9999.0
P13_HV1_3_interaction,active_and_state_lat_and_long_zero_last_source_row_continuous_segment,P13,HV1,3,keep_right,P13_HV1_3,P13_HV1.1.asc,HV3,60,initiator_active,14273,1,237883.33,237883.3336,3.0,3.0,28.261158,101.740171,5.0,195.588758,-5196.294498,0.000461,0.202113,0.0,28.261319,-0.014103,0.0,5196.41885,-60.021957,6.284376,1.0,0.0,0.0,0.0,5138.978566,-56.070739,1021.0,6.0,138.600267,6.0,0.415125,35.731723,128.634201,35.731722,-0.008234,-0.000103,0.62222,-0.247907,0.000402,0.065783,0.598,0.0,1.0,0.0,0.0,0.0,-9999.0,-9999.0,-9999.0,-9999.0,-9999.0,-9999.0,-9999.0,-9999.0,-9999.0,-9999.0,-9999.0,-9999.0,-9999.0,-9999.0
P13_HV1_3_interaction,active_and_state_lat_and_long_zero_last_source_row_continuous_segment,P13,HV1,3,keep_right,P13_HV1_3,P13_HV1.1.asc,HV3,60,initiator_active,14274,1,237900.0,237900.0042,3.0,3.0,28.261341,101.740828,5.0,196.059772,-5196.765484,0.007311,0.210645,0.0,28.26137,-0.014712,0.0,5196.889872,-60.021584,6.284518,1.0,0.0,0.0,0.0,5139.574062,-56.06834,1021.0,6.0,139.195744,6.0,0.420531,35.742107,128.671586,35.742107,-0.001729,-9.6e-05,0.623291,-0.267224,0.000439,0.065312,0.59775,0.0,1.0,0.0,0.0,0.0,-9999.0,-9999.0,-9999.0,-9999.0,-9999.0,-9999.0,-9999.0,-9999.0,-9999.0,-9999.0,-9999.0,-9999.0,-9999.0,-9999.0
P13_HV1_3_interaction,active_and_state_lat_and_long_zero_last_source_row_continuous_segment,P13,HV1,3,keep_right,P13_HV1_3,P13_HV1.1.asc,HV3,60,initiator_active,14275,1,237916.67,237916.6674,3.0,3.0,28.261322,101.74076,5.0,196.530786,-5197.23647,0.007323,0.216647,0.0,28.261492,-0.015299,0.0,5197.360895,-60.021152,6.284663,1.0,0.0,0.0,0.0,5140.169733,-56.066011,1021.0,6.0,139.791394,6.0,0.425869,35.752491,128.708969,35.752491,0.004549,-8.8e-05,0.622941,-0.285419,0.000465,0.064684,0.59775,0.0,1.0,0.0,0.0,0.0,-9999.0,-9999.0,-9999.0,-9999.0,-9999.0,-9999.0,-9999.0,-9999.0,-9999.0,-9999.0,-9999.0,-9999.0,-9999.0,-9999.0
P13_HV1_3_interaction,active_and_state_lat_and_long_zero_last_source_row_continuous_segment,P13,HV1,3,keep_right,P13_HV1_3,P13_HV1.1.asc,HV3,60,initiator_active,14276,1,237933.33,237933.3341,3.0,3.0,28.26143,101.741149,5.0,197.001801,-5197.707457,0.006934,0.225028,0.0,28.26161,-0.01586,0.0,5197.83192,-60.020661,6.284812,1.0,0.0,0.0,0.0,5140.765576,-56.063757,1021.0,6.0,140.387219,6.0,0.431132,35.762869,128.746328,35.762867,0.010572,-8e-05,0.622621,-0.302815,0.000479,0.064056,0.59775,0.0,1.0,0.0,0.0,0.0,-9999.0,-9999.0,-9999.0,-9999.0,-9999.0,-9999.0,-9999.0,-9999.0,-9999.0,-9999.0,-9999.0,-9999.0,-9999.0,-9999.0
P13_HV1_3_interaction,active_and_state_lat_and_long_zero_last_source_row_continuous_segment,P13,HV1,3,keep_right,P13_HV1_3,P13_HV1.1.asc,HV3,60,initiator_active,14277,1,237950.0,237950.0009,3.0,3.0,28.261551,101.741585,5.0,197.472818,-5198.178445,0.009763,0.235931,0.0,28.261754,-0.016396,0.0,5198.302947,-60.020107,6.284965,1.0,0.0,0.0,0.0,5141.361593,-56.061584,1021.0,6.0,140.983217,6.0,0.436315,35.773243,128.783676,35.77324,0.01632,-7.3e-05,0.622881,-0.319344,0.000479,0.063428,0.59775,0.0,1.0,0.0,0.0,0.0,-9999.0,-9999.0,-9999.0,-9999.0,-9999.0,-9999.0,-9999.0,-9999.0,-9999.0,-9999.0,-9999.0,-9999.0,-9999.0,-9999.0
P13_HV1_3_interaction,active_and_state_lat_and_long_zero_last_source_row_continuous_segment,P13,HV1,3,keep_right,P13_HV1_3,P13_HV1.1.asc,HV3,60,initiator_active,14278,1,237966.67,237966.6668,3.0,3.0,28.261666,101.741999,5.0,197.943836,-5198.649435,0.006325,0.241598,0.0,28.261892,-0.016884,0.0,5198.773977,-60.019489,6.285122,1.0,0.0,0.0,0.0,5141.957783,-56.059496,1021.0,6.0,141.579389,6.0,0.441413,35.783631,128.821073,35.783625,0.021768,-6.5e-05,0.623621,-0.335341,0.000471,0.062957,0.5975,0.0,1.0,0.0,0.0,0.0,-9999.0,-9999.0,-9999.0,-9999.0,-9999.0,-9999.0,-9999.0,-9999.0,-9999.0,-9999.0,-9999.0,-9999.0,-9999.0,-9999.0
P13_HV1_3_interaction,active_and_state_lat_and_long_zero_last_source_row_continuous_segment,P13,HV1,3,keep_right,P13_HV1_3,P13_HV1.1.asc,HV3,60,initiator_active,14279,1,237983.33,237983.334,3.0,3.0,28.261834,101.742603,5.0,198.414856,-5199.120426,0.006052,0.249195,0.0,28.261993,-0.017396,0.0,5199.245008,-60.018803,6.285284,1.0,0.0,0.0,0.0,5142.554146,-56.0575,1021.0,6.0,142.175735,6.0,0.44642,35.794017,128.85846,35.794007,0.026896,-5.7e-05,0.623149,-0.351144,0.000458,0.0628,0.5975,0.0,1.0,0.0,0.0,0.0,-9999.0,-9999.0,-9999.0,-9999.0,-9999.0,-9999.0,-9999.0,-9999.0,-9999.0,-9999.0,-9999.0,-9999.0,-9999.0,-9999.0
P13_HV1_3_interaction,active_and_state_lat_and_long_zero_last_source_row_continuous_segment,P13,HV1,3,keep_right,P13_HV1_3,P13_HV1.1.asc,HV3,60,initiator_active,14280,1,238000.01,238000.0062,3.0,3.0,28.261944,101.742997,5.0,198.885878,-5199.591418,-0.004862,0.259867,0.0,28.262059,-0.017908,0.0,5199.716041,-60.018047,6.285451,1.0,0.0,0.0,0.0,5143.150683,-56.0556,1021.0,6.0,142.772254,6.0,0.451333,35.804391,128.895807,35.804377,0.031698,-4.9e-05,0.622492,-0.365938,0.000442,0.062643,0.5975,0.0,1.0,0.0,0.0,0.0,-9999.0,-9999.0,-9999.0,-9999.0,-9999.0,-9999.0,-9999.0,-9999.0,-9999.0,-9999.0,-9999.0,-9999.0,-9999.0,-9999.0
P13_HV1_3_interaction,active_and_state_lat_and_long_zero_last_source_row_continuous_segment,P13,HV1,3,keep_right,P13_HV1_3,P13_HV1.1.asc,HV3,60,initiator_active,14281,1,238016.67,238016.6685,3.0,3.0,28.262042,101.743352,5.0,199.356902,-5200.062411,0.00252,0.265328,0.0,28.261944,-0.018431,0.0,5200.187075,-60.01722,6.285624,1.0,0.0,0.0,0.0,5143.747393,-56.053801,1021.0,6.0,143.368948,6.0,0.456146,35.814754,128.933113,35.814735,0.036178,-4.2e-05,0.621961,-0.37933,0.000421,0.062329,0.5975,0.0,1.0,0.0,0.0,0.0,-9999.0,-9999.0,-9999.0,-9999.0,-9999.0,-9999.0,-9999.0,-9999.0,-9999.0,-9999.0,-9999.0,-9999.0,-9999.0,-9999.0
P13_HV1_3_interaction,active_and_state_lat_and_long_zero_last_source_row_continuous_segment,P13,HV1,3,keep_right,P13_HV1_3,P13_HV1.1.asc,HV3,60,initiator_active,14282,1,238033.34,238033.3406,3.0,3.0,28.262017,101.743261,5.0,199.827925,-5200.533403,0.001172,0.274541,0.0,28.261966,-0.018986,0.0,5200.658107,-60.016318,6.285802,1.0,0.0,1.0,0.0,5144.344276,-56.052106,1021.0,6.0,143.965815,6.0,0.460855,35.825109,128.970393,35.825086,0.040331,-3.6e-05,0.621671,-0.392114,0.000396,0.062172,0.59725,0.0,1.0,0.0,0.0,0.0,-9999.0,-9999.0,-9999.0,-9999.0,-9999.0,-9999.0,-9999.0,-9999.0,-9999.0,-9999.0,-9999.0,-9999.0,-9999.0,-9999.0
P13_HV1_3_interaction,active_and_state_lat_and_long_zero_last_source_row_continuous_segment,P13,HV1,3,keep_right,P13_HV1_3,P13_HV1.1.asc,HV3,60,initiator_active,14283,1,238050.0,238050.0009,3.0,3.0,28.261963,101.743068,5.0,200.298946,-5201.004393,0.001767,0.277789,0.0,28.261974,-0.019278,0.0,5201.129138,-60.015339,6.285986,1.0,0.0,1.0,0.0,5144.941332,-56.050519,1021.0,6.0,144.562855,6.0,0.465457,35.835459,129.007654,35.835432,0.044169,-2.9e-05,0.621298,-0.403117,0.000369,0.061701,0.59725,0.0,1.0,0.0,0.0,0.0,-9999.0,-9999.0,-9999.0,-9999.0,-9999.0,-9999.0,-9999.0,-9999.0,-9999.0,-9999.0,-9999.0,-9999.0,-9999.0,-9999.0
P13_HV1_3_interaction,active_and_state_lat_and_long_zero_last_source_row_continuous_segment,P13,HV1,3,keep_right,P13_HV1_3,P13_HV1.1.asc,HV3,60,initiator_active,14284,1,238066.67,238066.6676,3.0,3.0,28.261974,101.743108,5.0,200.769967,-5201.475383,-0.003983,0.28889,0.0,28.261943,-0.020229,0.0,5201.60017,-60.014278,6.286173,1.0,0.0,1.0,0.0,5145.538561,-56.049045,1021.0,6.0,145.160069,6.0,0.469947,35.845799,129.044876,35.845767,0.047693,-2.3e-05,0.62069,-0.41315,0.000341,0.06123,0.59775,0.0,1.0,0.0,0.0,0.0,-9999.0,-9999.0,-9999.0,-9999.0,-9999.0,-9999.0,-9999.0,-9999.0,-9999.0,-9999.0,-9999.0,-9999.0,-9999.0,-9999.0
P13_HV1_3_interaction,active_and_state_lat_and_long_zero_last_source_row_continuous_segment,P13,HV1,3,keep_right,P13_HV1_3,P13_HV1.1.asc,HV3,60,initiator_active,14285,1,238083.33,238083.3334,3.0,3.0,28.261988,101.743155,5.0,201.240988,-5201.946371,0.007153,0.295388,0.0,28.261894,-0.020908,0.0,5202.071201,-60.013142,6.286368,1.0,0.0,1.0,0.0,5146.135963,-56.047685,1021.0,6.0,145.757456,6.0,0.474323,35.856129,129.082065,35.856093,0.0509,-1.8e-05,0.620217,-0.422609,0.000315,0.060916,0.5975,0.0,1.0,0.0,0.0,0.0,-9999.0,-9999.0,-9999.0,-9999.0,-9999.0,-9999.0,-9999.0,-9999.0,-9999.0,-9999.0,-9999.0,-9999.0,-9999.0,-9999.0
P13_HV1_3_interaction,active_and_state_lat_and_long_zero_last_source_row_continuous_segment,P13,HV1,3,keep_right,P13_HV1_3,P13_HV1.1.asc,HV3,60,initiator_active,14286,1,238100.0,238100.0001,3.0,3.0,28.261908,101.742867,5.0,201.712007,-5202.417357,0.007073,0.304608,0.0,28.262063,-0.021635,0.0,5202.542232,-60.011923,6.28657,1.0,0.0,1.0,0.0,5146.733537,-56.046444,1021.0,6.0,146.355016,6.0,0.478582,35.866451,129.119224,35.866411,0.053805,-1.3e-05,0.619787,-0.430329,0.000291,0.060288,0.5975,0.0,1.0,0.0,0.0,0.0,-9999.0,-9999.0,-9999.0,-9999.0,-9999.0,-9999.0,-9999.0,-9999.0,-9999.0,-9999.0,-9999.0,-9999.0,-9999.0,-9999.0
P13_HV1_3_interaction,active_and_state_lat_and_long_zero_last_source_row_continuous_segment,P13,HV1,3,keep_right,P13_HV1_3,P13_HV1.1.asc,HV3,60,initiator_active,14287,1,238116.68,238116.6767,3.0,3.0,28.261952,101.743026,5.0,202.183025,-5202.888343,0.005949,0.311873,0.0,28.262155,-0.02237,0.0,5203.013265,-60.01062,6.286777,1.0,0.0,1.0,0.0,5147.331283,-56.045324,1021.0,6.0,146.952749,6.0,0.482721,35.876764,129.156352,35.87672,0.056412,-8e-06,0.619211,-0.437127,0.000269,0.05966,0.59825,0.0,1.0,0.0,0.0,0.0,-9999.0,-9999.0,-9999.0,-9999.0,-9999.0,-9999.0,-9999.0,-9999.0,-9999.0,-9999.0,-9999.0,-9999.0,-9999.0,-9999.0
P13_HV1_3_interaction,active_and_state_lat_and_long_zero_last_source_row_continuous_segment,P13,HV1,3,keep_right,P13_HV1_3,P13_HV1.1.asc,HV3,60,initiator_active,14288,1,238133.33,238133.3336,3.0,3.0,28.26212,101.743631,5.0,202.654046,-5203.359329,0.006405,0.321368,0.0,28.262253,-0.023142,0.0,5203.484299,-60.009229,6.286989,1.0,0.0,1.0,0.0,5147.929201,-56.044326,1021.0,6.0,147.550655,6.0,0.486738,35.887066,129.193436,35.887018,0.058729,-4e-06,0.618552,-0.442625,0.00025,0.058875,0.59875,0.0,1.0,0.0,0.0,0.0,-9999.0,-9999.0,-9999.0,-9999.0,-9999.0,-9999.0,-9999.0,-9999.0,-9999.0,-9999.0,-9999.0,-9999.0,-9999.0,-9999.0
P13_HV1_3_interaction,active_and_state_lat_and_long_zero_last_source_row_continuous_segment,P13,HV1,3,keep_right,P13_HV1_3,P13_HV1.1.asc,HV3,60,initiator_active,14289,1,238150.0,238150.0001,3.0,3.0,28.262202,101.743928,5.0,203.125067,-5203.830316,0.00632,0.328739,0.0,28.262354,-0.023916,0.0,5203.955335,-60.007749,6.287208,1.0,0.0,1.0,0.0,5148.527292,-56.043453,1021.0,6.0,148.148733,6.0,0.490631,35.897357,129.230487,35.897306,0.060755,-0.0,0.618086,-0.447626,0.000233,0.058247,0.59875,0.0,1.0,0.0,0.0,0.0,-9999.0,-9999.0,-9999.0,-9999.0,-9999.0,-9999.0,-9999.0,-9999.0,-9999.0,-9999.0,-9999.0,-9999.0,-9999.0,-9999.0
P13_HV1_3_interaction,active_and_state_lat_and_long_zero_last_source_row_continuous_segment,P13,HV1,3,keep_right,P13_HV1_3,P13_HV1.1.asc,HV3,60,initiator_active,14290,1,238166.69,238166.6877,3.0,3.0,28.262304,101.744294,5.0,203.59609,-5204.301304,0.011693,0.341169,0.0,28.262551,-0.024709,0.0,5204.426372,-60.006178,6.287431,1.0,0.0,1.0,0.0,5149.125554,-56.042707,1021.0,6.0,148.746984,6.0,0.494399,35.907642,129.26751,35.907587,0.062497,4e-06,0.617687,-0.451745,0.00022,0.057619,0.60125,0.0,1.0,0.0,0.0,0.0,-9999.0,-9999.0,-9999.0,-9999.0,-9999.0,-9999.0,-9999.0,-9999.0,-9999.0,-9999.0,-9999.0,-9999.0,-9999.0,-9999.0
P13_HV1_3_interaction,active_and_state_lat_and_long_zero_last_source_row_continuous_segment,P13,HV1,3,keep_right,P13_HV1_3,P13_HV1.1.asc,HV3,60,initiator_active,14291,1,238183.33,238183.3338,3.0,3.0,28.262405,101.744657,5.0,204.067113,-5204.772292,-0.004896,0.350252,0.0,28.262619,-0.025467,0.0,5204.897413,-60.004511,6.287661,1.0,0.0,1.0,0.0,5149.723987,-56.042088,1021.0,6.0,149.345406,6.0,0.49804,35.917919,129.304507,35.917862,0.063961,7e-06,0.61719,-0.455007,0.000208,0.056991,0.60375,0.0,1.0,0.0,0.0,0.0,-9999.0,-9999.0,-9999.0,-9999.0,-9999.0,-9999.0,-9999.0,-9999.0,-9999.0,-9999.0,-9999.0,-9999.0,-9999.0,-9999.0
P13_HV1_3_interaction,active_and_state_lat_and_long_zero_last_source_row_continuous_segment,P13,HV1,3,keep_right,P13_HV1_3,P13_HV1.1.asc,HV3,60,initiator_active,14292,1,238200.0,238200.001,3.0,3.0,28.262646,101.745525,5.0,204.538139,-5205.243282,-0.001667,0.361344,0.0,28.26255,-0.02626,0.0,5205.368453,-60.002748,6.287897,1.0,0.0,1.0,0.0,5150.322592,-56.041599,1021.0,6.0,149.944001,6.0,0.501552,35.928185,129.341465,35.928126,0.065162,1e-05,0.616566,-0.45705,0.000198,0.056206,0.60625,0.0,1.0,0.0,0.0,0.0,-9999.0,-9999.0,-9999.0,-9999.0,-9999.0,-9999.0,-9999.0,-9999.0,-9999.0,-9999.0,-9999.0,-9999.0,-9999.0,-9999.0
P13_HV1_3_interaction,active_and_state_lat_and_long_zero_last_source_row_continuous_segment,P13,HV1,3,keep_right,P13_HV1_3,P13_HV1.1.asc,HV3,60,initiator_active,14293,1,238216.67,238216.6672,3.0,3.0,28.262575,101.74527,5.0,205.009164,-5205.71427,0.006039,0.369905,0.0,28.262552,-0.027044,0.0,5205.839492,-60.000884,6.288139,1.0,0.0,1.0,0.0,5150.921368,-56.041239,1021.0,6.0,150.542768,6.0,0.504936,35.938443,129.378395,35.938382,0.066113,1.4e-05,0.616327,-0.45791,0.000186,0.055264,0.60875,0.0,1.0,0.0,0.0,0.0,-9999.0,-9999.0,-9999.0,-9999.0,-9999.0,-9999.0,-9999.0,-9999.0,-9999.0,-9999.0,-9999.0,-9999.0,-9999.0,-9999.0
P13_HV1_3_interaction,active_and_state_lat_and_long_zero_last_source_row_continuous_segment,P13,HV1,3,keep_right,P13_HV1_3,P13_HV1.1.asc,HV3,60,initiator_active,14294,1,238233.33,238233.3339,3.0,3.0,28.262533,101.745119,5.0,205.480188,-5206.185256,0.003643,0.380575,0.0,28.262621,-0.027859,0.0,5206.310531,-59.998917,6.288387,1.0,0.0,1.0,0.0,5151.520315,-56.041009,1021.0,6.0,151.141706,6.0,0.50819,35.948702,129.415325,35.948639,0.066818,1.7e-05,0.616298,-0.458011,0.000174,0.054322,0.61125,0.0,1.0,0.0,0.0,0.0,-9999.0,-9999.0,-9999.0,-9999.0,-9999.0,-9999.0,-9999.0,-9999.0,-9999.0,-9999.0,-9999.0,-9999.0,-9999.0,-9999.0
P13_HV1_3_interaction,active_and_state_lat_and_long_zero_last_source_row_continuous_segment,P13,HV1,3,keep_right,P13_HV1_3,P13_HV1.1.asc,HV3,60,initiator_active,14295,1,238250.0,238250.0003,3.0,3.0,28.2626,101.745358,5.0,205.951211,-5206.656241,0.00654,0.389134,0.0,28.262694,-0.028675,0.0,5206.781571,-59.996845,6.288641,1.0,0.0,1.0,0.0,5152.119433,-56.04091,1021.0,6.0,151.740816,6.0,0.511315,35.958954,129.452235,35.958891,0.0673,1.9e-05,0.615847,-0.456205,0.000163,0.052909,0.61125,0.0,1.0,0.0,0.0,0.0,-9999.0,-9999.0,-9999.0,-9999.0,-9999.0,-9999.0,-9999.0,-9999.0,-9999.0,-9999.0,-9999.0,-9999.0,-9999.0,-9999.0
P13_HV1_3_interaction,active_and_state_lat_and_long_zero_last_source_row_continuous_segment,P13,HV1,3,keep_right,P13_HV1_3,P13_HV1.1.asc,HV3,60,initiator_active,14296,1,238266.67,238266.6674,3.0,3.0,28.262648,101.745531,5.0,206.422234,-5207.127226,0.009553,0.396587,0.0,28.262828,-0.029526,0.0,5207.252611,-59.994665,6.288901,1.0,0.0,1.0,0.0,5152.718722,-56.040941,1021.0,6.0,152.340098,6.0,0.51431,35.969202,129.489125,35.969138,0.067575,2.2e-05,0.615773,-0.452538,0.00015,0.051025,0.6135,0.0,1.0,0.0,0.0,0.0,-9999.0,-9999.0,-9999.0,-9999.0,-9999.0,-9999.0,-9999.0,-9999.0,-9999.0,-9999.0,-9999.0,-9999.0,-9999.0,-9999.0
P13_HV1_3_interaction,active_and_state_lat_and_long_zero_last_source_row_continuous_segment,P13,HV1,3,keep_right,P13_HV1_3,P13_HV1.1.asc,HV3,60,initiator_active,14297,1,238283.35,238283.3469,3.0,3.0,28.262745,101.745882,5.0,206.893257,-5207.59821,0.028579,0.406823,0.0,28.26299,-0.030421,0.0,5207.723654,-59.992374,6.289168,1.0,0.0,1.0,0.0,5153.318182,-56.041102,1021.0,6.0,152.939551,6.0,0.517176,35.979455,129.526039,35.979392,0.067622,2.4e-05,0.61632,-0.449369,0.000139,0.049612,0.61475,0.0,1.0,0.0,0.0,0.0,-9999.0,-9999.0,-9999.0,-9999.0,-9999.0,-9999.0,-9999.0,-9999.0,-9999.0,-9999.0,-9999.0,-9999.0,-9999.0,-9999.0
P13_HV1_3_interaction,active_and_state_lat_and_long_zero_last_source_row_continuous_segment,P13,HV1,3,keep_right,P13_HV1_3,P13_HV1.1.asc,HV3,60,initiator_active,14298,1,238300.0,238300.0002,3.0,3.0,28.262904,101.746455,5.0,207.364282,-5208.069195,0.024298,0.415316,0.0,28.263566,-0.031318,0.0,5208.1947,-59.989971,6.289441,1.0,0.0,1.0,0.0,5153.917813,-56.041392,1021.0,6.0,153.539175,6.0,0.519915,35.989718,129.562984,35.989654,0.067481,2.6e-05,0.616677,-0.442388,0.00013,0.046943,0.6155,0.0,1.0,0.0,0.0,0.0,-9999.0,-9999.0,-9999.0,-9999.0,-9999.0,-9999.0,-9999.0,-9999.0,-9999.0,-9999.0,-9999.0,-9999.0,-9999.0,-9999.0
P13_HV1_3_interaction,active_and_state_lat_and_long_zero_last_source_row_continuous_segment,P13,HV1,3,keep_right,P13_HV1_3,P13_HV1.1.asc,HV3,60,initiator_active,14299,1,238316.67,238316.6675,3.0,3.0,28.263224,101.747608,5.0,207.83531,-5208.540182,0.003839,0.420335,0.0,28.263826,-0.03227,0.0,5208.665754,-59.987451,6.28972,1.0,0.0,1.0,0.0,5154.517615,-56.04181,1021.0,6.0,154.138971,6.0,0.522526,35.999986,129.59995,35.999923,0.06715,2.8e-05,0.617595,-0.434001,0.000122,0.04396,0.61625,0.0,1.0,0.0,0.0,0.0,-9999.0,-9999.0,-9999.0,-9999.0,-9999.0,-9999.0,-9999.0,-9999.0,-9999.0,-9999.0,-9999.0,-9999.0,-9999.0,-9999.0
P13_HV1_3_interaction,active_and_state_lat_and_long_zero_last_source_row_continuous_segment,P13,HV1,3,keep_right,P13_HV1_3,P13_HV1.1.asc,HV3,60,initiator_active,14300,1,238333.33,238333.3334,3.0,3.0,28.263764,101.74955,5.0,208.306346,-5209.011176,-0.000132,0.429744,0.0,28.263877,-0.033254,0.0,5209.136811,-59.984815,6.290004,1.0,0.0,1.0,0.0,5155.117587,-56.042354,1021.0,6.0,154.738939,6.0,0.525012,36.010294,129.637059,36.010233,0.066616,3e-05,0.620684,-0.424576,0.000117,0.04082,0.616,0.0,1.0,0.0,0.0,0.0,-9999.0,-9999.0,-9999.0,-9999.0,-9999.0,-9999.0,-9999.0,-9999.0,-9999.0,-9999.0,-9999.0,-9999.0,-9999.0,-9999.0
P13_HV1_3_interaction,active_and_state_lat_and_long_zero_last_source_row_continuous_segment,P13,HV1,3,keep_right,P13_HV1_3,P13_HV1.1.asc,HV3,60,initiator_active,14301,1,238350.0,238350.0007,3.0,3.0,28.263854,101.749874,5.0,208.777384,-5209.482171,0.000849,0.434521,0.0,28.263844,-0.034243,0.0,5209.607868,-59.982059,6.290294,1.0,0.0,1.0,0.0,5155.717732,-56.043021,1021.0,6.0,155.339079,6.0,0.527375,36.020663,129.674385,36.020602,0.065872,3.2e-05,0.624495,-0.413689,0.00012,0.037366,0.616,0.0,1.0,0.0,0.0,0.0,-9999.0,-9999.0,-9999.0,-9999.0,-9999.0,-9999.0,-9999.0,-9999.0,-9999.0,-9999.0,-9999.0,-9999.0,-9999.0,-9999.0
P13_HV1_3_interaction,active_and_state_lat_and_long_zero_last_source_row_continuous_segment,P13,HV1,3,keep_right,P13_HV1_3,P13_HV1.1.asc,HV3,60,initiator_active,14302,1,238366.67,238366.6673,3.0,3.0,28.263872,101.749938,5.0,209.24842,-5209.953165,0.005277,0.445597,0.0,28.263877,-0.035266,0.0,5210.078924,-59.979181,6.290588,1.0,0.0,0.0,0.0,5156.318049,-56.043811,1021.0,6.0,155.939392,6.0,0.529617,36.031097,129.71195,36.031039,0.064891,3.4e-05,0.628506,-0.402477,0.000134,0.034069,0.61575,0.0,1.0,0.0,0.0,0.0,-9999.0,-9999.0,-9999.0,-9999.0,-9999.0,-9999.0,-9999.0,-9999.0,-9999.0,-9999.0,-9999.0,-9999.0,-9999.0,-9999.0
P13_HV1_3_interaction,active_and_state_lat_and_long_zero_last_source_row_continuous_segment,P13,HV1,3,keep_right,P13_HV1_3,P13_HV1.1.asc,HV3,60,initiator_active,14303,1,238383.33,238383.3336,3.0,3.0,28.263846,101.749846,5.0,209.719456,-5210.424157,0.005453,0.450239,0.0,28.263957,-0.036282,0.0,5210.549979,-59.976181,6.290887,1.0,0.0,0.0,0.0,5156.918539,-56.044719,1021.0,6.0,156.53988,6.0,0.531742,36.0416,129.749759,36.041544,0.063651,3.6e-05,0.632542,-0.391274,0.000158,0.031086,0.61575,0.0,1.0,0.0,0.0,0.0,-9999.0,-9999.0,-9999.0,-9999.0,-9999.0,-9999.0,-9999.0,-9999.0,-9999.0,-9999.0,-9999.0,-9999.0,-9999.0,-9999.0
P13_HV1_3_interaction,active_and_state_lat_and_long_zero_last_source_row_continuous_segment,P13,HV1,3,keep_right,P13_HV1_3,P13_HV1.1.asc,HV3,60,initiator_active,14304,1,238400.0,238400.0003,3.0,3.0,28.263916,101.750098,5.0,210.19049,-5210.895147,0.013098,0.458624,0.0,28.264036,-0.037299,0.0,5211.021036,-59.973055,6.29119,1.0,0.0,0.0,0.0,5157.519205,-56.045743,1021.0,6.0,157.140543,6.0,0.533751,36.052165,129.787795,36.052112,0.062122,3.9e-05,0.635563,-0.380806,0.000189,0.028731,0.616,0.0,1.0,0.0,0.0,0.0,-9999.0,-9999.0,-9999.0,-9999.0,-9999.0,-9999.0,-9999.0,-9999.0,-9999.0,-9999.0,-9999.0,-9999.0,-9999.0,-9999.0
P13_HV1_3_interaction,active_and_state_lat_and_long_zero_last_source_row_continuous_segment,P13,HV1,3,keep_right,P13_HV1_3,P13_HV1.1.asc,HV3,60,initiator_active,14305,1,238416.67,238416.6682,3.0,3.0,28.263997,101.750388,5.0,210.661525,-5211.366136,0.007258,0.468389,0.0,28.264199,-0.038284,0.0,5211.492093,-59.969801,6.291497,1.0,0.0,0.0,0.0,5158.120046,-56.046881,1021.0,6.0,157.741382,6.0,0.535647,36.06276,129.825937,36.06271,0.060299,4.3e-05,0.637192,-0.37026,0.000219,0.02669,0.61575,0.0,1.0,0.0,0.0,0.0,-9999.0,-9999.0,-9999.0,-9999.0,-9999.0,-9999.0,-9999.0,-9999.0,-9999.0,-9999.0,-9999.0,-9999.0,-9999.0,-9999.0
P13_HV1_3_interaction,active_and_state_lat_and_long_zero_last_source_row_continuous_segment,P13,HV1,3,keep_right,P13_HV1_3,P13_HV1.1.asc,HV3,60,initiator_active,14306,1,238433.33,238433.3343,3.0,3.0,28.26414,101.750904,5.0,211.13256,-5211.837125,0.012534,0.475744,0.0,28.264343,-0.039232,0.0,5211.963152,-59.966418,6.291808,1.0,0.0,0.0,0.0,5158.721063,-56.048129,1021.0,6.0,158.342398,6.0,0.537434,36.073395,129.864223,36.073348,0.058178,4.6e-05,0.639698,-0.360032,0.000241,0.02512,0.61575,0.0,1.0,0.0,0.0,0.0,-9999.0,-9999.0,-9999.0,-9999.0,-9999.0,-9999.0,-9999.0,-9999.0,-9999.0,-9999.0,-9999.0,-9999.0,-9999.0,-9999.0
P13_HV1_3_interaction,active_and_state_lat_and_long_zero_last_source_row_continuous_segment,P13,HV1,3,keep_right,P13_HV1_3,P13_HV1.1.asc,HV3,60,initiator_active,14307,1,238450.0,238450.002,3.0,3.0,28.264253,101.751312,5.0,211.603595,-5212.308113,0.008583,0.481767,0.0,28.264541,-0.040172,0.0,5212.434212,-59.962903,6.292122,1.0,0.0,0.0,0.0,5159.322257,-56.049486,1021.0,6.0,158.943592,6.0,0.539113,36.084066,129.902638,36.084023,0.055754,5e-05,0.641494,-0.350907,0.000236,0.024335,0.61575,0.0,1.0,0.0,0.0,0.0,-9999.0,-9999.0,-9999.0,-9999.0,-9999.0,-9999.0,-9999.0,-9999.0,-9999.0,-9999.0,-9999.0,-9999.0,-9999.0,-9999.0
P13_HV1_3_interaction,active_and_state_lat_and_long_zero_last_source_row_continuous_segment,P13,HV1,3,keep_right,P13_HV1_3,P13_HV1.1.asc,HV3,60,initiator_active,14308,1,238466.67,238466.6676,3.0,3.0,28.264442,101.751991,5.0,212.074632,-5212.779102,0.008444,0.488384,0.0,28.264644,-0.041056,0.0,5212.905275,-59.959255,6.292439,1.0,0.0,0.0,0.0,5159.923629,-56.050947,1021.0,6.0,159.544963,6.0,0.540689,36.094761,129.941138,36.094722,0.053052,5.4e-05,0.642663,-0.341364,0.000212,0.023707,0.61575,0.0,1.0,0.0,0.0,0.0,-9999.0,-9999.0,-9999.0,-9999.0,-9999.0,-9999.0,-9999.0,-9999.0,-9999.0,-9999.0,-9999.0,-9999.0,-9999.0,-9999.0
P13_HV1_3_interaction,active_and_state_lat_and_long_zero_last_source_row_continuous_segment,P13,HV1,3,keep_right,P13_HV1_3,P13_HV1.1.asc,HV3,60,initiator_active,14309,1,238483.34,238483.3413,3.0,3.0,28.264606,101.752583,5.0,212.54567,-5213.250092,0.005336,0.498969,0.0,28.264766,-0.041933,0.0,5213.376338,-59.955471,6.292759,1.0,0.0,0.0,0.0,5160.525179,-56.052511,1021.0,6.0,160.146513,6.0,0.542163,36.10547,129.979692,36.105435,0.050106,5.7e-05,0.643105,-0.331101,0.000154,0.023079,0.61575,0.0,1.0,0.0,0.0,0.0,-9999.0,-9999.0,-9999.0,-9999.0,-9999.0,-9999.0,-9999.0,-9999.0,-9999.0,-9999.0,-9999.0,-9999.0,-9999.0,-9999.0
P13_HV1_3_interaction,active_and_state_lat_and_long_zero_last_source_row_continuous_segment,P13,HV1,3,keep_right,P13_HV1_3,P13_HV1.1.asc,HV3,60,initiator_active,14310,1,238500.01,238500.0141,3.0,3.0,28.264709,101.752951,5.0,213.016708,-5213.72108,0.004781,0.506087,0.0,28.264838,-0.042732,0.0,5213.847402,-59.951549,6.293083,1.0,0.0,0.0,0.0,5161.126907,-56.054174,1021.0,6.0,160.748242,6.0,0.543539,36.116176,130.018233,36.116145,0.046939,5.9e-05,0.642564,-0.320986,7.5e-05,0.022765,0.61575,0.0,1.0,0.0,0.0,0.0,-9999.0,-9999.0,-9999.0,-9999.0,-9999.0,-9999.0,-9999.0,-9999.0,-9999.0,-9999.0,-9999.0,-9999.0,-9999.0,-9999.0
P13_HV1_3_interaction,active_and_state_lat_and_long_zero_last_source_row_continuous_segment,P13,HV1,3,keep_right,P13_HV1_3,P13_HV1.1.asc,HV3,60,initiator_active,14311,1,238516.67,238516.6669,3.0,3.0,28.264804,101.753296,5.0,213.487746,-5214.192068,0.008879,0.51294,0.0,28.264905,-0.043507,0.0,5214.318466,-59.947486,6.29341,1.0,0.0,0.0,0.0,5161.728813,-56.055933,1021.0,6.0,161.350149,6.0,0.544819,36.126871,130.056736,36.126845,0.043594,5.9e-05,0.641789,-0.309549,-1.5e-05,0.022137,0.61575,0.0,1.0,0.0,0.0,0.0,-9999.0,-9999.0,-9999.0,-9999.0,-9999.0,-9999.0,-9999.0,-9999.0,-9999.0,-9999.0,-9999.0,-9999.0,-9999.0,-9999.0
P13_HV1_3_interaction,active_and_state_lat_and_long_zero_last_source_row_continuous_segment,P13,HV1,3,keep_right,P13_HV1_3,P13_HV1.1.asc,HV3,60,initiator_active,14312,1,238533.33,238533.3343,3.0,3.0,28.264871,101.753535,5.0,213.958784,-5214.663054,0.019714,0.521435,0.0,28.265098,-0.04426,0.0,5214.78953,-59.943281,6.29374,1.0,0.0,0.0,0.0,5162.330897,-56.057785,1021.0,6.0,161.952235,6.0,0.546008,36.137552,130.095187,36.13753,0.040107,5.8e-05,0.640849,-0.297282,-0.000114,0.021352,0.61575,0.0,1.0,0.0,0.0,0.0,-9999.0,-9999.0,-9999.0,-9999.0,-9999.0,-9999.0,-9999.0,-9999.0,-9999.0,-9999.0,-9999.0,-9999.0,-9999.0,-9999.0
P13_HV1_3_interaction,active_and_state_lat_and_long_zero_last_source_row_continuous_segment,P13,HV1,3,keep_right,P13_HV1_3,P13_HV1.1.asc,HV3,60,initiator_active,14313,1,238550.0,238550.0007,3.0,3.0,28.264972,101.753899,5.0,214.429821,-5215.134039,0.009812,0.52758,0.0,28.265352,-0.044971,0.0,5215.260597,-59.938932,6.294073,1.0,0.0,0.0,0.0,5162.933159,-56.059726,1021.0,6.0,162.554499,6.0,0.547108,36.14822,130.133592,36.148201,0.036517,5.5e-05,0.640174,-0.283498,-0.000217,0.020096,0.61575,0.0,1.0,0.0,0.0,0.0,-9999.0,-9999.0,-9999.0,-9999.0,-9999.0,-9999.0,-9999.0,-9999.0,-9999.0,-9999.0,-9999.0,-9999.0,-9999.0,-9999.0
P13_HV1_3_interaction,active_and_state_lat_and_long_zero_last_source_row_continuous_segment,P13,HV1,3,keep_right,P13_HV1_3,P13_HV1.1.asc,HV3,60,initiator_active,14314,1,238566.67,238566.6671,3.0,3.0,28.265255,101.754919,5.0,214.900859,-5215.605024,0.01101,0.534,0.0,28.265546,-0.045675,0.0,5215.731666,-59.934437,6.29441,1.0,0.0,0.0,0.0,5163.535599,-56.061753,1021.0,6.0,163.156941,6.0,0.548124,36.158881,130.171971,36.158866,0.032854,5e-05,0.639694,-0.268279,-0.000338,0.018369,0.61575,0.0,1.0,0.0,0.0,0.0,-9999.0,-9999.0,-9999.0,-9999.0,-9999.0,-9999.0,-9999.0,-9999.0,-9999.0,-9999.0,-9999.0,-9999.0,-9999.0,-9999.0
P13_HV1_3_interaction,active_and_state_lat_and_long_zero_last_source_row_continuous_segment,P13,HV1,3,keep_right,P13_HV1_3,P13_HV1.1.asc,HV3,60,initiator_active,14315,1,238583.33,238583.3338,3.0,3.0,28.265427,101.755537,5.0,215.3719,-5216.07601,0.011133,0.541338,0.0,28.265701,-0.046339,0.0,5216.202737,-59.929793,6.294751,1.0,0.0,0.0,0.0,5164.138215,-56.06386,1021.0,6.0,163.759561,6.0,0.54906,36.169531,130.210311,36.169519,0.02916,4.4e-05,0.638947,-0.250143,-0.000454,0.015543,0.61575,0.0,1.0,0.0,0.0,0.0,-9999.0,-9999.0,-9999.0,-9999.0,-9999.0,-9999.0,-9999.0,-9999.0,-9999.0,-9999.0,-9999.0,-9999.0,-9999.0,-9999.0
P13_HV1_3_interaction,active_and_state_lat_and_long_zero_last_source_row_continuous_segment,P13,HV1,3,keep_right,P13_HV1_3,P13_HV1.1.asc,HV3,60,initiator_active,14316,1,238600.0,238600.0009,3.0,3.0,28.26563,101.756269,5.0,215.842941,-5216.546997,0.024141,0.54773,0.0,28.265843,-0.047014,0.0,5216.673809,-59.924998,6.295095,1.0,0.0,0.0,0.0,5164.741009,-56.066044,1021.0,6.0,164.362358,6.0,0.54992,36.180171,130.248614,36.180162,0.025479,3.5e-05,0.63833,-0.22762,-0.000569,0.01099,0.61575,0.0,1.0,0.0,0.0,0.0,-9999.0,-9999.0,-9999.0,-9999.0,-9999.0,-9999.0,-9999.0,-9999.0,-9999.0,-9999.0,-9999.0,-9999.0,-9999.0,-9999.0
P13_HV1_3_interaction,active_and_state_lat_and_long_zero_last_source_row_continuous_segment,P13,HV1,3,keep_right,P13_HV1_3,P13_HV1.1.asc,HV3,60,initiator_active,14317,1,238616.67,238616.6675,3.0,3.0,28.265786,101.756829,5.0,216.313983,-5217.017983,-0.004436,0.556193,0.0,28.266193,-0.047682,0.0,5217.144882,-59.920051,6.295442,1.0,0.0,0.0,0.0,5165.34398,-56.068299,1021.0,6.0,164.965333,6.0,0.55071,36.190801,130.286885,36.190795,0.021733,2.5e-05,0.637781,-0.208847,-0.000675,0.008007,0.61575,0.0,1.0,0.0,0.0,0.0,-9999.0,-9999.0,-9999.0,-9999.0,-9999.0,-9999.0,-9999.0,-9999.0,-9999.0,-9999.0,-9999.0,-9999.0,-9999.0,-9999.0
P13_HV1_3_interaction,active_and_state_lat_and_long_zero_last_source_row_continuous_segment,P13,HV1,3,keep_right,P13_HV1_3,P13_HV1.1.asc,HV3,60,initiator_active,14318,1,238633.33,238633.3341,3.0,3.0,28.266036,101.757731,5.0,216.785026,-5217.488968,0.008601,0.562057,0.0,28.266127,-0.048315,0.0,5217.615958,-59.914951,6.295793,1.0,0.0,0.0,0.0,5165.947128,-56.070619,1021.0,6.0,165.568485,6.0,0.551436,36.201424,130.325127,36.20142,0.017962,1.2e-05,0.637288,-0.185174,-0.000772,0.00314,0.61575,0.0,1.0,0.0,0.0,0.0,-9999.0,-9999.0,-9999.0,-9999.0,-9999.0,-9999.0,-9999.0,-9999.0,-9999.0,-9999.0,-9999.0,-9999.0,-9999.0,-9999.0
P13_HV1_3_interaction,active_and_state_lat_and_long_zero_last_source_row_continuous_segment,P13,HV1,3,keep_right,P13_HV1_3,P13_HV1.1.asc,HV3,60,initiator_active,14319,1,238650.0,238650.0008,3.0,3.0,28.266148,101.758134,5.0,217.25607,-5217.959955,0.012169,0.568331,0.0,28.266278,-0.048955,0.0,5218.087032,-59.909694,6.296148,1.0,0.0,0.0,0.0,5166.550453,-56.072999,1021.0,6.0,166.171814,6.0,0.552102,36.21204,130.363343,36.212037,0.014135,-1e-06,0.636863,-0.161285,-0.000853,-0.001727,0.61575,0.0,1.0,0.0,0.0,0.0,-9999.0,-9999.0,-9999.0,-9999.0,-9999.0,-9999.0,-9999.0,-9999.0,-9999.0,-9999.0,-9999.0,-9999.0,-9999.0,-9999.0
P13_HV1_3_interaction,active_and_state_lat_and_long_zero_last_source_row_continuous_segment,P13,HV1,3,keep_right,P13_HV1_3,P13_HV1.1.asc,HV3,60,initiator_active,14320,1,238666.67,238666.6677,3.0,3.0,28.26619,101.758285,5.0,217.727111,-5218.430937,-0.019031,0.575019,0.0,28.266464,-0.049595,0.0,5218.558107,-59.904279,6.296507,1.0,0.0,0.0,0.0,5167.153955,-56.075434,1021.0,6.0,166.77532,6.0,0.552716,36.222649,130.401537,36.222648,0.010212,-1.6e-05,0.636473,-0.137446,-0.000918,-0.006437,0.61575,0.0,1.0,0.0,0.0,0.0,-9999.0,-9999.0,-9999.0,-9999.0,-9999.0,-9999.0,-9999.0,-9999.0,-9999.0,-9999.0,-9999.0,-9999.0,-9999.0,-9999.0
P13_HV1_3_interaction,active_and_state_lat_and_long_zero_last_source_row_continuous_segment,P13,HV1,3,keep_right,P13_HV1_3,P13_HV1.1.asc,HV3,60,initiator_active,14321,1,238683.33,238683.3343,3.0,3.0,28.266371,101.758937,5.0,218.198153,-5218.901919,0.007021,0.580272,0.0,28.266179,-0.050243,0.0,5219.029181,-59.898704,6.296869,1.0,0.0,0.0,0.0,5167.757633,-56.077916,1021.0,6.0,167.379003,6.0,0.553282,36.233253,130.43971,36.233252,0.006156,-3.2e-05,0.636102,-0.11394,-0.000968,-0.010833,0.61575,0.0,1.0,0.0,0.0,0.0,-9999.0,-9999.0,-9999.0,-9999.0,-9999.0,-9999.0,-9999.0,-9999.0,-9999.0,-9999.0,-9999.0,-9999.0,-9999.0,-9999.0
P13_HV1_3_interaction,active_and_state_lat_and_long_zero_last_source_row_continuous_segment,P13,HV1,3,keep_right,P13_HV1_3,P13_HV1.1.asc,HV3,60,initiator_active,14322,1,238700.0,238700.0007,3.0,3.0,28.266297,101.758668,5.0,218.669193,-5219.372898,0.013566,0.589052,0.0,28.266325,-0.050888,0.0,5219.500251,-59.892969,6.297235,1.0,0.0,1.0,0.0,5168.361488,-56.08044,1021.0,6.0,167.982863,6.0,0.553808,36.24385,130.477861,36.24385,0.001922,-4.8e-05,0.635727,-0.091844,-0.001001,-0.014444,0.61575,0.0,1.0,0.0,0.0,0.0,-9999.0,-9999.0,-9999.0,-9999.0,-9999.0,-9999.0,-9999.0,-9999.0,-9999.0,-9999.0,-9999.0,-9999.0,-9999.0,-9999.0
P13_HV1_3_interaction,active_and_state_lat_and_long_zero_last_source_row_continuous_segment,P13,HV1,3,keep_right,P13_HV1_3,P13_HV1.1.asc,HV3,60,initiator_active,14323,1,238716.67,238716.6674,3.0,3.0,28.266229,101.758424,5.0,219.140227,-5219.843871,0.019917,0.592756,0.0,28.266564,-0.051525,0.0,5219.971321,-59.88707,6.297605,1.0,0.0,1.0,0.0,5168.965519,-56.082999,1021.0,6.0,168.586899,6.0,0.554299,36.254441,130.515989,36.254441,-0.002526,-6.5e-05,0.63533,-0.071468,-0.001016,-0.017113,0.61575,0.0,1.0,0.0,0.0,0.0,-9999.0,-9999.0,-9999.0,-9999.0,-9999.0,-9999.0,-9999.0,-9999.0,-9999.0,-9999.0,-9999.0,-9999.0,-9999.0,-9999.0
P13_HV1_3_interaction,active_and_state_lat_and_long_zero_last_source_row_continuous_segment,P13,HV1,3,keep_right,P13_HV1_3,P13_HV1.1.asc,HV3,60,initiator_active,14324,1,238733.33,238733.3345,3.0,3.0,28.266429,101.759145,5.0,219.611261,-5220.314842,0.040727,0.598251,0.0,28.266976,-0.052168,0.0,5220.442393,-59.881006,6.297979,1.0,0.0,1.0,0.0,5169.569726,-56.085588,1021.0,6.0,169.191112,6.0,0.554761,36.265026,130.554095,36.265026,-0.007211,-8.2e-05,0.634941,-0.053161,-0.001011,-0.018683,0.61575,0.0,1.0,0.0,0.0,0.0,-9999.0,-9999.0,-9999.0,-9999.0,-9999.0,-9999.0,-9999.0,-9999.0,-9999.0,-9999.0,-9999.0,-9999.0,-9999.0,-9999.0
P13_HV1_3_interaction,active_and_state_lat_and_long_zero_last_source_row_continuous_segment,P13,HV1,3,keep_right,P13_HV1_3,P13_HV1.1.asc,HV3,60,initiator_active,14325,1,238750.0,238750.0009,3.0,3.0,28.26672,101.760194,5.0,220.082297,-5220.785814,0.016561,0.606051,0.0,28.26755,-0.052816,0.0,5220.913472,-59.874776,6.298355,1.0,0.0,1.0,0.0,5170.17411,-56.088203,1021.0,6.0,169.795502,6.0,0.555199,36.275605,130.592177,36.275603,-0.012145,-9.8e-05,0.634553,-0.037309,-0.000985,-0.018997,0.61575,0.0,1.0,0.0,0.0,0.0,-9999.0,-9999.0,-9999.0,-9999.0,-9999.0,-9999.0,-9999.0,-9999.0,-9999.0,-9999.0,-9999.0,-9999.0,-9999.0,-9999.0
P13_HV1_3_interaction,active_and_state_lat_and_long_zero_last_source_row_continuous_segment,P13,HV1,3,keep_right,P13_HV1_3,P13_HV1.1.asc,HV3,60,initiator_active,14326,1,238766.67,238766.6707,3.0,3.0,28.267306,101.762301,5.0,220.553338,-5221.25679,0.005697,0.609509,0.0,28.267758,-0.053479,0.0,5221.384556,-59.868378,6.298736,1.0,0.0,1.0,0.0,5170.77867,-56.090836,1021.0,6.0,170.400067,6.0,0.555618,36.286177,130.630235,36.286172,-0.017292,-0.000114,0.63416,-0.021641,-0.000936,-0.018369,0.61575,0.0,1.0,0.0,0.0,0.0,-9999.0,-9999.0,-9999.0,-9999.0,-9999.0,-9999.0,-9999.0,-9999.0,-9999.0,-9999.0,-9999.0,-9999.0,-9999.0,-9999.0
P13_HV1_3_interaction,active_and_state_lat_and_long_zero_last_source_row_continuous_segment,P13,HV1,3,keep_right,P13_HV1_3,P13_HV1.1.asc,HV3,60,initiator_active,14327,1,238783.33,238783.3342,3.0,3.0,28.267679,101.763644,5.0,221.024384,-5221.72777,0.009536,0.614688,0.0,28.267841,-0.054139,0.0,5221.855641,-59.861811,6.299119,1.0,0.0,1.0,0.0,5171.383407,-56.093485,1021.0,6.0,171.004809,6.0,0.556023,36.296742,130.66827,36.296735,-0.022618,-0.000129,0.633763,-0.006914,-0.000862,-0.017427,0.61575,0.0,1.0,0.0,0.0,0.0,-9999.0,-9999.0,-9999.0,-9999.0,-9999.0,-9999.0,-9999.0,-9999.0,-9999.0,-9999.0,-9999.0,-9999.0,-9999.0,-9999.0
P13_HV1_3_interaction,active_and_state_lat_and_long_zero_last_source_row_continuous_segment,P13,HV1,3,keep_right,P13_HV1_3,P13_HV1.1.asc,HV3,60,initiator_active,14328,1,238800.0,238800.0003,3.0,3.0,28.267796,101.764065,5.0,221.49543,-5222.198749,0.00626,0.619018,0.0,28.268021,-0.054809,0.0,5222.326725,-59.855072,6.299506,1.0,0.0,1.0,0.0,5171.988319,-56.096143,1021.0,6.0,171.609727,6.0,0.55642,36.3073,130.706281,36.307289,-0.028098,-0.000143,0.633365,0.005697,-0.000767,-0.015857,0.61575,0.0,1.0,0.0,0.0,0.0,-9999.0,-9999.0,-9999.0,-9999.0,-9999.0,-9999.0,-9999.0,-9999.0,-9999.0,-9999.0,-9999.0,-9999.0,-9999.0,-9999.0
P13_HV1_3_interaction,active_and_state_lat_and_long_zero_last_source_row_continuous_segment,P13,HV1,3,keep_right,P13_HV1_3,P13_HV1.1.asc,HV3,60,initiator_active,14329,1,238816.67,238816.6674,3.0,3.0,28.267911,101.764479,5.0,221.966474,-5222.669724,0.009722,0.620447,0.0,28.268097,-0.055481,0.0,5222.797809,-59.848162,6.299895,1.0,0.0,1.0,0.0,5172.593407,-56.098807,1021.0,6.0,172.214822,6.0,0.556811,36.317852,130.744266,36.317836,-0.033663,-0.000154,0.632962,0.018918,-0.000658,-0.014444,0.61575,0.0,1.0,0.0,0.0,0.0,-9999.0,-9999.0,-9999.0,-9999.0,-9999.0,-9999.0,-9999.0,-9999.0,-9999.0,-9999.0,-9999.0,-9999.0,-9999.0,-9999.0
P13_HV1_3_interaction,active_and_state_lat_and_long_zero_last_source_row_continuous_segment,P13,HV1,3,keep_right,P13_HV1_3,P13_HV1.1.asc,HV3,60,initiator_active,14330,1,238833.33,238833.3336,3.0,3.0,28.268063,101.765026,5.0,222.437517,-5223.140698,0.018255,0.624704,0.0,28.268281,-0.056171,0.0,5223.268892,-59.84108,6.300286,1.0,0.0,1.0,0.0,5173.198672,-56.101472,1021.0,6.0,172.820092,6.0,0.557203,36.328396,130.782227,36.328375,-0.039237,-0.000164,0.632555,0.033325,-0.000537,-0.013502,0.61575,0.0,1.0,0.0,0.0,0.0,-9999.0,-9999.0,-9999.0,-9999.0,-9999.0,-9999.0,-9999.0,-9999.0,-9999.0,-9999.0,-9999.0,-9999.0,-9999.0,-9999.0
P13_HV1_3_interaction,active_and_state_lat_and_long_zero_last_source_row_continuous_segment,P13,HV1,3,keep_right,P13_HV1_3,P13_HV1.1.asc,HV3,60,initiator_active,14331,1,238850.0,238850.0009,3.0,3.0,28.268168,101.765404,5.0,222.908558,-5223.61167,0.017902,0.626856,0.0,28.268601,-0.056872,0.0,5223.739976,-59.833823,6.30068,1.0,0.0,1.0,0.0,5173.804112,-56.104133,1021.0,6.0,173.425537,6.0,0.5576,36.338934,130.820162,36.338906,-0.044765,-0.000172,0.632147,0.047966,-0.000411,-0.012717,0.61575,0.0,1.0,0.0,0.0,0.0,-9999.0,-9999.0,-9999.0,-9999.0,-9999.0,-9999.0,-9999.0,-9999.0,-9999.0,-9999.0,-9999.0,-9999.0,-9999.0,-9999.0
P13_HV1_3_interaction,active_and_state_lat_and_long_zero_last_source_row_continuous_segment,P13,HV1,3,keep_right,P13_HV1_3,P13_HV1.1.asc,HV3,60,initiator_active,14332,1,238866.67,238866.6675,3.0,3.0,28.268423,101.766322,5.0,223.3796,-5224.08264,0.013507,0.632247,0.0,28.268861,-0.057543,0.0,5224.211063,-59.826393,6.301074,1.0,0.0,1.0,0.0,5174.409727,-56.106786,1021.0,6.0,174.031159,6.0,0.558005,36.349464,130.85807,36.349429,-0.050194,-0.000177,0.631738,0.063482,-0.000288,-0.012403,0.61575,0.0,1.0,0.0,0.0,0.0,-9999.0,-9999.0,-9999.0,-9999.0,-9999.0,-9999.0,-9999.0,-9999.0,-9999.0,-9999.0,-9999.0,-9999.0,-9999.0,-9999.0
P13_HV1_3_interaction,active_and_state_lat_and_long_zero_last_source_row_continuous_segment,P13,HV1,3,keep_right,P13_HV1_3,P13_HV1.1.asc,HV3,60,initiator_active,14333,1,238883.33,238883.3342,3.0,3.0,28.26874,101.767464,5.0,223.850643,-5224.553611,0.010196,0.634474,0.0,28.269041,-0.05819,0.0,5224.682151,-59.818786,6.30147,1.0,0.0,1.0,0.0,5175.015519,-56.109426,1021.0,6.0,174.636955,6.0,0.558425,36.359987,130.895952,36.359944,-0.055485,-0.000181,0.631329,0.079371,-0.000175,-0.012717,0.61575,0.0,1.0,0.0,0.0,0.0,-9999.0,-9999.0,-9999.0,-9999.0,-9999.0,-9999.0,-9999.0,-9999.0,-9999.0,-9999.0,-9999.0,-9999.0,-9999.0,-9999.0
P13_HV1_3_interaction,active_and_state_lat_and_long_zero_last_source_row_continuous_segment,P13,HV1,3,keep_right,P13_HV1_3,P13_HV1.1.asc,HV3,60,initiator_active,14334,1,238900.0,238900.0006,3.0,3.0,28.268963,101.768265,5.0,224.321687,-5225.024581,0.011153,0.637064,0.0,28.269157,-0.058823,0.0,5225.153239,-59.811004,6.301867,1.0,0.0,1.0,0.0,5175.621485,-56.112047,1021.0,6.0,175.242928,6.0,0.558864,36.370502,130.933808,36.370452,-0.060618,-0.000183,0.630921,0.094782,-7.8e-05,-0.012874,0.61575,0.0,1.0,0.0,0.0,0.0,-9999.0,-9999.0,-9999.0,-9999.0,-9999.0,-9999.0,-9999.0,-9999.0,-9999.0,-9999.0,-9999.0,-9999.0,-9999.0,-9999.0
P13_HV1_3_interaction,active_and_state_lat_and_long_zero_last_source_row_continuous_segment,P13,HV1,3,keep_right,P13_HV1_3,P13_HV1.1.asc,HV3,60,initiator_active,14335,1,238916.69,238916.6854,3.0,3.0,28.269115,101.768815,5.0,224.79273,-5225.495549,0.007484,0.639806,0.0,28.269337,-0.059424,0.0,5225.624326,-59.803045,6.302264,1.0,0.0,1.0,0.0,5176.227627,-56.114646,1021.0,6.0,175.849075,6.0,0.559326,36.38101,130.971637,36.380951,-0.065577,-0.000183,0.630513,0.109676,2e-06,-0.012874,0.61575,0.0,1.0,0.0,0.0,0.0,-9999.0,-9999.0,-9999.0,-9999.0,-9999.0,-9999.0,-9999.0,-9999.0,-9999.0,-9999.0,-9999.0,-9999.0,-9999.0,-9999.0
P13_HV1_3_interaction,active_and_state_lat_and_long_zero_last_source_row_continuous_segment,P13,HV1,3,keep_right,P13_HV1_3,P13_HV1.1.asc,HV3,60,initiator_active,14336,1,238933.33,238933.3341,3.0,3.0,28.269239,101.769261,5.0,225.263771,-5225.966514,0.010943,0.639962,0.0,28.269409,-0.060012,0.0,5226.095413,-59.794909,6.302662,1.0,0.0,1.0,0.0,5176.833945,-56.117217,1021.0,6.0,176.455398,6.0,0.559816,36.391511,131.009438,36.391443,-0.070349,-0.000183,0.630107,0.124019,6.3e-05,-0.012717,0.61475,0.0,1.0,0.0,0.0,0.0,-9999.0,-9999.0,-9999.0,-9999.0,-9999.0,-9999.0,-9999.0,-9999.0,-9999.0,-9999.0,-9999.0,-9999.0,-9999.0,-9999.0
P13_HV1_3_interaction,active_and_state_lat_and_long_zero_last_source_row_continuous_segment,P13,HV1,3,keep_right,P13_HV1_3,P13_HV1.1.asc,HV3,60,initiator_active,14337,1,238950.0,238950.0,3.0,3.0,28.269388,101.769796,5.0,225.73481,-5226.437477,0.018777,0.643249,0.0,28.269621,-0.060554,0.0,5226.566498,-59.786595,6.303059,1.0,0.0,1.0,0.0,5177.440437,-56.119757,1021.0,6.0,177.061895,6.0,0.560339,36.402004,131.047213,36.401927,-0.074923,-0.000181,0.629701,0.137784,0.00011,-0.012717,0.61475,0.0,1.0,0.0,0.0,0.0,-9999.0,-9999.0,-9999.0,-9999.0,-9999.0,-9999.0,-9999.0,-9999.0,-9999.0,-9999.0,-9999.0,-9999.0,-9999.0,-9999.0
P13_HV1_3_interaction,active_and_state_lat_and_long_zero_last_source_row_continuous_segment,P13,HV1,3,keep_right,P13_HV1_3,P13_HV1.1.asc,HV3,60,initiator_active,14338,1,238966.67,238966.6674,3.0,3.0,28.269488,101.770158,5.0,226.205848,-5226.908436,0.018527,0.64578,0.0,28.269911,-0.061029,0.0,5227.037585,-59.778103,6.303455,1.0,0.0,1.0,0.0,5178.047105,-56.122262,1021.0,6.0,177.668568,6.0,0.560899,36.412489,131.084961,36.412403,-0.079291,-0.000179,0.629297,0.150947,0.000145,-0.013031,0.6145,0.0,1.0,0.0,0.0,0.0,-9999.0,-9999.0,-9999.0,-9999.0,-9999.0,-9999.0,-9999.0,-9999.0,-9999.0,-9999.0,-9999.0,-9999.0,-9999.0,-9999.0
P13_HV1_3_interaction,active_and_state_lat_and_long_zero_last_source_row_continuous_segment,P13,HV1,3,keep_right,P13_HV1_3,P13_HV1.1.asc,HV3,60,initiator_active,14339,1,238983.33,238983.3336,3.0,3.0,28.269766,101.771158,5.0,226.676885,-5227.379394,0.017286,0.644328,0.0,28.270227,-0.061449,0.0,5227.508672,-59.769432,6.303851,1.0,0.0,1.0,0.0,5178.653947,-56.124726,1021.0,6.0,178.275415,6.0,0.561499,36.422967,131.122682,36.422872,-0.083446,-0.000176,0.628893,0.163488,0.000173,-0.013031,0.6145,0.0,1.0,0.0,0.0,0.0,-9999.0,-9999.0,-9999.0,-9999.0,-9999.0,-9999.0,-9999.0,-9999.0,-9999.0,-9999.0,-9999.0,-9999.0,-9999.0,-9999.0
P13_HV1_3_interaction,active_and_state_lat_and_long_zero_last_source_row_continuous_segment,P13,HV1,3,keep_right,P13_HV1_3,P13_HV1.1.asc,HV3,60,initiator_active,14340,1,239000.0,239000.0007,3.0,3.0,28.270054,101.772195,5.0,227.147923,-5227.850352,0.013202,0.647333,0.0,28.270476,-0.061863,0.0,5227.979762,-59.760582,6.304246,1.0,0.0,1.0,0.0,5179.260965,-56.127147,1021.0,6.0,178.882437,6.0,0.562143,36.433438,131.160376,36.433333,-0.087382,-0.000173,0.628491,0.175392,0.000196,-0.012717,0.6135,0.0,1.0,0.0,0.0,0.0,-9999.0,-9999.0,-9999.0,-9999.0,-9999.0,-9999.0,-9999.0,-9999.0,-9999.0,-9999.0,-9999.0,-9999.0,-9999.0,-9999.0
P13_HV1_3_interaction,active_and_state_lat_and_long_zero_last_source_row_continuous_segment,P13,HV1,3,keep_right,P13_HV1_3,P13_HV1.1.asc,HV3,60,initiator_active,14341,1,239016.67,239016.6677,3.0,3.0,28.270359,101.773294,5.0,227.618962,-5228.32131,0.010089,0.64934,0.0,28.270651,-0.062199,0.0,5228.450852,-59.751552,6.30464,1.0,0.0,1.0,0.0,5179.868157,-56.12952,1021.0,6.0,179.489633,6.0,0.562836,36.443901,131.198043,36.443787,-0.091097,-0.00017,0.628088,0.186651,0.000216,-0.012717,0.6135,0.0,1.0,0.0,0.0,0.0,-9999.0,-9999.0,-9999.0,-9999.0,-9999.0,-9999.0,-9999.0,-9999.0,-9999.0,-9999.0,-9999.0,-9999.0,-9999.0,-9999.0
P13_HV1_3_interaction,active_and_state_lat_and_long_zero_last_source_row_continuous_segment,P13,HV1,3,keep_right,P13_HV1_3,P13_HV1.1.asc,HV3,60,initiator_active,14342,1,239033.33,239033.3343,3.0,3.0,28.270574,101.774067,5.0,228.09,-5228.792266,0.006505,0.650604,0.0,28.270796,-0.062476,0.0,5228.921941,-59.742343,6.305033,1.0,0.0,0.0,0.0,5180.475524,-56.131843,1021.0,6.0,180.097004,6.0,0.563581,36.454356,131.235683,36.454234,-0.09459,-0.000166,0.627687,0.197261,0.000235,-0.013345,0.61225,0.0,1.0,0.0,0.0,0.0,-9999.0,-9999.0,-9999.0,-9999.0,-9999.0,-9999.0,-9999.0,-9999.0,-9999.0,-9999.0,-9999.0,-9999.0,-9999.0,-9999.0
P13_HV1_3_interaction,active_and_state_lat_and_long_zero_last_source_row_continuous_segment,P13,HV1,3,keep_right,P13_HV1_3,P13_HV1.1.asc,HV3,60,initiator_active,14343,1,239050.0,239050.0009,3.0,3.0,28.270723,101.774603,5.0,228.561037,-5229.263219,-0.001519,0.649791,0.0,28.270889,-0.062705,0.0,5229.393029,-59.732953,6.305424,1.0,0.0,0.0,0.0,5181.083065,-56.134112,1021.0,6.0,180.704549,6.0,0.56438,36.464805,131.273297,36.464673,-0.097847,-0.000162,0.627283,0.20823,0.000253,-0.013816,0.61225,0.0,1.0,0.0,0.0,0.0,-9999.0,-9999.0,-9999.0,-9999.0,-9999.0,-9999.0,-9999.0,-9999.0,-9999.0,-9999.0,-9999.0,-9999.0,-9999.0,-9999.0
P13_HV1_3_interaction,active_and_state_lat_and_long_zero_last_source_row_continuous_segment,P13,HV1,3,keep_right,P13_HV1_3,P13_HV1.1.asc,HV3,60,initiator_active,14344,1,239066.67,239066.6674,3.0,3.0,28.270839,101.775019,5.0,229.032071,-5229.734169,-0.019344,0.647842,0.0,28.270769,-0.062913,0.0,5229.864114,-59.723383,6.305815,1.0,0.0,0.0,0.0,5181.69078,-56.136324,1021.0,6.0,181.312268,6.0,0.565237,36.475245,131.310883,36.475106,-0.100864,-0.000157,0.626876,0.219442,0.000272,-0.014601,0.611,0.0,1.0,0.0,0.0,0.0,-9999.0,-9999.0,-9999.0,-9999.0,-9999.0,-9999.0,-9999.0,-9999.0,-9999.0,-9999.0,-9999.0,-9999.0,-9999.0,-9999.0
P13_HV1_3_interaction,active_and_state_lat_and_long_zero_last_source_row_continuous_segment,P13,HV1,3,keep_right,P13_HV1_3,P13_HV1.1.asc,HV3,60,initiator_active,14345,1,239083.33,239083.3345,3.0,3.0,28.270864,101.775112,5.0,229.503102,-5230.205114,0.005493,0.648282,0.0,28.270536,-0.063111,0.0,5230.335193,-59.713633,6.306204,1.0,0.0,0.0,0.0,5182.29867,-56.138476,1021.0,6.0,181.920161,6.0,0.566155,36.485676,131.348435,36.485529,-0.103668,-0.000153,0.626064,0.228834,0.000288,-0.014915,0.60975,0.0,1.0,0.0,0.0,0.0,-9999.0,-9999.0,-9999.0,-9999.0,-9999.0,-9999.0,-9999.0,-9999.0,-9999.0,-9999.0,-9999.0,-9999.0,-9999.0,-9999.0
P13_HV1_3_interaction,active_and_state_lat_and_long_zero_last_source_row_continuous_segment,P13,HV1,3,keep_right,P13_HV1_3,P13_HV1.1.asc,HV3,60,initiator_active,14346,1,239100.01,239100.0106,3.0,3.0,28.270596,101.774146,5.0,229.974125,-5230.67605,0.009991,0.647811,0.0,28.270611,-0.063286,0.0,5230.806265,-59.703703,6.306592,1.0,0.0,0.0,0.0,5182.906734,-56.140565,1021.0,6.0,182.528227,6.0,0.567137,36.496085,131.385906,36.49593,-0.106277,-0.000148,0.624745,0.236856,0.000297,-0.014444,0.60875,0.0,1.0,0.0,0.0,0.0,-9999.0,-9999.0,-9999.0,-9999.0,-9999.0,-9999.0,-9999.0,-9999.0,-9999.0,-9999.0,-9999.0,-9999.0,-9999.0,-9999.0
P13_HV1_3_interaction,active_and_state_lat_and_long_zero_last_source_row_continuous_segment,P13,HV1,3,keep_right,P13_HV1_3,P13_HV1.1.asc,HV3,60,initiator_active,14347,1,239116.67,239116.6675,3.0,3.0,28.27057,101.774053,5.0,230.445141,-5231.146979,0.05582,0.646459,0.0,28.270778,-0.063405,0.0,5231.277335,-59.693594,6.306978,1.0,0.0,0.0,0.0,5183.514971,-56.142588,1021.0,6.0,183.136467,6.0,0.568185,36.506477,131.423318,36.506315,-0.108699,-0.000143,0.623946,0.244074,0.000299,-0.013816,0.6085,0.0,1.0,0.0,0.0,0.0,-9999.0,-9999.0,-9999.0,-9999.0,-9999.0,-9999.0,-9999.0,-9999.0,-9999.0,-9999.0,-9999.0,-9999.0,-9999.0,-9999.0
P13_HV1_3_interaction,active_and_state_lat_and_long_zero_last_source_row_continuous_segment,P13,HV1,3,keep_right,P13_HV1_3,P13_HV1.1.asc,HV3,60,initiator_active,14348,1,239133.33,239133.3342,3.0,3.0,28.270682,101.774456,5.0,230.916155,-5231.617903,0.022461,0.645025,0.0,28.271647,-0.063525,0.0,5231.748407,-59.683305,6.307362,1.0,0.0,0.0,0.0,5184.123382,-56.144544,1021.0,6.0,183.74488,6.0,0.569302,36.516856,131.460682,36.516688,-0.110966,-0.000138,0.623237,0.248289,0.000295,-0.012717,0.60725,0.0,1.0,0.0,0.0,0.0,-9999.0,-9999.0,-9999.0,-9999.0,-9999.0,-9999.0,-9999.0,-9999.0,-9999.0,-9999.0,-9999.0,-9999.0,-9999.0,-9999.0
P13_HV1_3_interaction,active_and_state_lat_and_long_zero_last_source_row_continuous_segment,P13,HV1,3,keep_right,P13_HV1_3,P13_HV1.1.asc,HV3,60,initiator_active,14349,1,239150.0,239150.0007,3.0,3.0,28.271231,101.776432,5.0,231.387169,-5232.088827,0.013521,0.641816,0.0,28.27191,-0.063609,0.0,5232.219488,-59.672838,6.307745,1.0,0.0,0.0,0.0,5184.731966,-56.14643,1021.0,6.0,184.353466,6.0,0.570489,36.527224,131.498005,36.527048,-0.113081,-0.000133,0.622342,0.250851,0.000288,-0.011147,0.60725,0.0,1.0,0.0,0.0,0.0,-9999.0,-9999.0,-9999.0,-9999.0,-9999.0,-9999.0,-9999.0,-9999.0,-9999.0,-9999.0,-9999.0,-9999.0,-9999.0,-9999.0
P13_HV1_3_interaction,active_and_state_lat_and_long_zero_last_source_row_continuous_segment,P13,HV1,3,keep_right,P13_HV1_3,P13_HV1.1.asc,HV3,60,initiator_active,14350,1,239166.67,239166.6675,3.0,3.0,28.271822,101.77856,5.0,231.85819,-5232.559758,0.017769,0.638699,0.0,28.272138,-0.063663,0.0,5232.690568,-59.662193,6.308124,1.0,0.0,0.0,0.0,5185.340723,-56.148246,1021.0,6.0,184.962225,6.0,0.571747,36.537568,131.535245,36.537387,-0.115033,-0.000128,0.62101,0.252515,0.000284,-0.00942,0.606,0.0,1.0,0.0,0.0,0.0,-9999.0,-9999.0,-9999.0,-9999.0,-9999.0,-9999.0,-9999.0,-9999.0,-9999.0,-9999.0,-9999.0,-9999.0,-9999.0,-9999.0
P13_HV1_3_interaction,active_and_state_lat_and_long_zero_last_source_row_continuous_segment,P13,HV1,3,keep_right,P13_HV1_3,P13_HV1.1.asc,HV3,60,initiator_active,14351,1,239183.33,239183.334,3.0,3.0,28.272011,101.77924,5.0,232.329211,-5233.030686,0.024411,0.63651,0.0,28.272479,-0.063708,0.0,5233.161648,-59.65137,6.308501,1.0,0.0,0.0,0.0,5185.949653,-56.14999,1021.0,6.0,185.571155,6.0,0.573078,36.547895,131.572421,36.547708,-0.116806,-0.000124,0.61981,0.253237,0.000283,-0.007536,0.6035,0.0,1.0,0.0,0.0,0.0,-9999.0,-9999.0,-9999.0,-9999.0,-9999.0,-9999.0,-9999.0,-9999.0,-9999.0,-9999.0,-9999.0,-9999.0,-9999.0,-9999.0
P13_HV1_3_interaction,active_and_state_lat_and_long_zero_last_source_row_continuous_segment,P13,HV1,3,keep_right,P13_HV1_3,P13_HV1.1.asc,HV3,60,initiator_active,14352,1,239200.0,239200.0012,3.0,3.0,28.272275,101.78019,5.0,232.800231,-5233.501612,0.017865,0.632531,0.0,28.272821,-0.06371,0.0,5233.632731,-59.640371,6.308876,1.0,0.0,0.0,0.0,5186.558755,-56.151662,1021.0,6.0,186.180258,6.0,0.574482,36.558193,131.609496,36.558002,-0.118349,-0.000119,0.618182,0.256053,0.000288,-0.006751,0.602,0.0,1.0,0.0,0.0,0.0,-9999.0,-9999.0,-9999.0,-9999.0,-9999.0,-9999.0,-9999.0,-9999.0,-9999.0,-9999.0,-9999.0,-9999.0,-9999.0,-9999.0
P13_HV1_3_interaction,active_and_state_lat_and_long_zero_last_source_row_continuous_segment,P13,HV1,3,keep_right,P13_HV1_3,P13_HV1.1.asc,HV3,60,initiator_active,14353,1,239216.67,239216.6674,3.0,3.0,28.272671,101.781615,5.0,233.271251,-5233.972539,0.013636,0.628495,0.0,28.273093,-0.063675,0.0,5234.103814,-59.629197,6.309247,1.0,0.0,0.0,0.0,5187.168029,-56.153261,1021.0,6.0,186.789532,6.0,0.57596,36.568471,131.646496,36.568275,-0.119636,-0.000114,0.616878,0.260095,0.000298,-0.007065,0.59875,0.0,1.0,0.0,0.0,0.0,-9999.0,-9999.0,-9999.0,-9999.0,-9999.0,-9999.0,-9999.0,-9999.0,-9999.0,-9999.0,-9999.0,-9999.0,-9999.0,-9999.0
P13_HV1_3_interaction,active_and_state_lat_and_long_zero_last_source_row_continuous_segment,P13,HV1,3,keep_right,P13_HV1_3,P13_HV1.1.asc,HV3,60,initiator_active,14354,1,239233.33,239233.334,3.0,3.0,28.272958,101.782649,5.0,233.742273,-5234.443464,0.01695,0.625237,0.0,28.273304,-0.063627,0.0,5234.574898,-59.617848,6.309615,1.0,0.0,0.0,0.0,5187.777475,-56.154785,1021.0,6.0,187.398978,6.0,0.577514,36.578717,131.683381,36.578518,-0.120648,-0.000109,0.614708,0.265967,0.000307,-0.008792,0.5945,0.0,1.0,0.0,0.0,0.0,-9999.0,-9999.0,-9999.0,-9999.0,-9999.0,-9999.0,-9999.0,-9999.0,-9999.0,-9999.0,-9999.0,-9999.0,-9999.0,-9999.0
P13_HV1_3_interaction,active_and_state_lat_and_long_zero_last_source_row_continuous_segment,P13,HV1,3,keep_right,P13_HV1_3,P13_HV1.1.asc,HV3,60,initiator_active,14355,1,239250.0,239250.0,3.0,3.0,28.273195,101.783503,5.0,234.213293,-5234.914388,0.007657,0.620158,0.0,28.273506,-0.063534,0.0,5235.045981,-59.606326,6.30998,1.0,0.0,0.0,0.0,5188.387091,-56.156234,1021.0,6.0,188.008594,6.0,0.579144,36.588826,131.719775,36.588625,-0.121384,-0.000103,0.595574,0.273569,0.00037,-0.010833,0.5945,0.002198,1.0,0.0,0.0,0.0,-9999.0,-9999.0,-9999.0,-9999.0,-9999.0,-9999.0,-9999.0,-9999.0,-9999.0,-9999.0,-9999.0,-9999.0,-9999.0,-9999.0
P13_HV1_3_interaction,active_and_state_lat_and_long_zero_last_source_row_continuous_segment,P13,HV1,3,keep_right,P13_HV1_3,P13_HV1.1.asc,HV3,60,initiator_active,14356,1,239266.67,239266.668,3.0,3.0,28.273434,101.784364,5.0,234.684312,-5235.385309,0.010277,0.616156,0.0,28.273627,-0.063388,0.0,5235.517063,-59.594632,6.31034,1.0,0.0,0.0,0.0,5188.996876,-56.157605,1021.0,6.0,188.618378,6.0,0.580852,36.598752,131.755507,36.598549,-0.121869,-9.8e-05,0.605925,0.282065,0.000278,-0.013502,0.58925,0.0,1.0,0.0,0.0,0.0,-9999.0,-9999.0,-9999.0,-9999.0,-9999.0,-9999.0,-9999.0,-9999.0,-9999.0,-9999.0,-9999.0,-9999.0,-9999.0,-9999.0
P13_HV1_3_interaction,active_and_state_lat_and_long_zero_last_source_row_continuous_segment,P13,HV1,3,keep_right,P13_HV1_3,P13_HV1.1.asc,HV3,60,initiator_active,14357,1,239283.33,239283.3343,3.0,3.0,28.273559,101.784811,5.0,235.155328,-5235.856227,0.011465,0.615362,0.0,28.273747,-0.063202,0.0,5235.988142,-59.582767,6.310697,1.0,0.0,0.0,0.0,5189.606827,-56.158897,1021.0,6.0,189.228328,6.0,0.58264,36.608877,131.791958,36.608673,-0.122176,-9.3e-05,0.608495,0.288462,0.000249,-0.015543,0.5825,0.0,1.0,0.0,0.0,0.0,-9999.0,-9999.0,-9999.0,-9999.0,-9999.0,-9999.0,-9999.0,-9999.0,-9999.0,-9999.0,-9999.0,-9999.0,-9999.0,-9999.0
P13_HV1_3_interaction,active_and_state_lat_and_long_zero_last_source_row_continuous_segment,P13,HV1,3,keep_right,P13_HV1_3,P13_HV1.1.asc,HV3,60,initiator_active,14358,1,239300.0,239300.0007,3.0,3.0,28.273702,101.785327,5.0,235.626342,-5236.327141,0.007671,0.612216,0.0,28.273932,-0.062962,0.0,5236.459219,-59.570731,6.31105,1.0,0.0,0.0,0.0,5190.216947,-56.160108,1021.0,6.0,189.838446,6.0,0.58451,36.618987,131.828354,36.618783,-0.122372,-9e-05,0.607101,0.292563,0.000155,-0.016799,0.57425,0.0,1.0,0.0,0.0,0.0,-9999.0,-9999.0,-9999.0,-9999.0,-9999.0,-9999.0,-9999.0,-9999.0,-9999.0,-9999.0,-9999.0,-9999.0,-9999.0,-9999.0
P13_HV1_3_interaction,active_and_state_lat_and_long_zero_last_source_row_continuous_segment,P13,HV1,3,keep_right,P13_HV1_3,P13_HV1.1.asc,HV3,60,initiator_active,14359,1,239316.67,239316.6675,3.0,3.0,28.273832,101.785794,5.0,236.097352,-5236.798051,0.003335,0.607171,0.0,28.274008,-0.062687,0.0,5236.930295,-59.558526,6.3114,1.0,0.0,0.0,0.0,5190.827235,-56.161238,1021.0,6.0,190.448732,6.0,0.586462,36.629079,131.864685,36.628874,-0.122506,-8.8e-05,0.605917,0.2949,9.2e-05,-0.017427,0.567,0.0,1.0,0.0,0.0,0.0,-9999.0,-9999.0,-9999.0,-9999.0,-9999.0,-9999.0,-9999.0,-9999.0,-9999.0,-9999.0,-9999.0,-9999.0,-9999.0,-9999.0
P13_HV1_3_interaction,active_and_state_lat_and_long_zero_last_source_row_continuous_segment,P13,HV1,3,keep_right,P13_HV1_3,P13_HV1.1.asc,HV3,60,initiator_active,14360,1,239333.33,239333.3338,3.0,3.0,28.273985,101.786347,5.0,236.56836,-5237.268958,0.017749,0.601231,0.0,28.274109,-0.06236,0.0,5237.401367,-59.546153,6.311746,1.0,0.0,0.0,0.0,5191.437692,-56.162286,1021.0,6.0,191.059186,6.0,0.588497,36.639139,131.9009,36.638934,-0.122611,-8.7e-05,0.60332,0.295565,4.9e-05,-0.017427,0.56025,0.0,1.0,0.0,0.0,0.0,-9999.0,-9999.0,-9999.0,-9999.0,-9999.0,-9999.0,-9999.0,-9999.0,-9999.0,-9999.0,-9999.0,-9999.0,-9999.0,-9999.0
P13_HV1_3_interaction,active_and_state_lat_and_long_zero_last_source_row_continuous_segment,P13,HV1,3,keep_right,P13_HV1_3,P13_HV1.1.asc,HV3,60,initiator_active,14361,1,239350.0,239350.001,3.0,3.0,28.274026,101.786493,5.0,237.039364,-5237.739859,0.005241,0.596012,0.0,28.274332,-0.062024,0.0,5237.872438,-59.533612,6.312088,1.0,0.0,0.0,0.0,5192.048317,-56.163251,1021.0,6.0,191.669808,6.0,0.590615,36.649141,131.936909,36.648936,-0.122692,-8.7e-05,0.599719,0.296158,1.9e-05,-0.017113,0.56025,0.0,1.0,0.0,0.0,0.0,-9999.0,-9999.0,-9999.0,-9999.0,-9999.0,-9999.0,-9999.0,-9999.0,-9999.0,-9999.0,-9999.0,-9999.0,-9999.0,-9999.0
P13_HV1_3_interaction,active_and_state_lat_and_long_zero_last_source_row_continuous_segment,P13,HV1,3,keep_right,P13_HV1_3,P13_HV1.1.asc,HV3,60,initiator_active,14362,1,239366.67,239366.6676,3.0,3.0,28.274247,101.787288,5.0,237.510365,-5238.210756,0.013809,0.591398,0.0,28.274452,-0.06168,0.0,5238.343507,-59.520907,6.312426,1.0,0.0,1.0,0.0,5192.659108,-56.164134,1021.0,6.0,192.280596,6.0,0.592817,36.659085,131.972707,36.65888,-0.122748,-8.7e-05,0.595844,0.296678,-7e-06,-0.017113,0.557,0.0,1.0,0.0,0.0,0.0,-9999.0,-9999.0,-9999.0,-9999.0,-9999.0,-9999.0,-9999.0,-9999.0,-9999.0,-9999.0,-9999.0,-9999.0,-9999.0,-9999.0
P13_HV1_3_interaction,active_and_state_lat_and_long_zero_last_source_row_continuous_segment,P13,HV1,3,keep_right,P13_HV1_3,P13_HV1.1.asc,HV3,60,initiator_active,14363,1,239383.33,239383.3337,3.0,3.0,28.274366,101.787716,5.0,237.981364,-5238.68165,0.019372,0.586596,0.0,28.274648,-0.0613,0.0,5238.814574,-59.508037,6.31276,1.0,0.0,1.0,0.0,5193.270065,-56.164933,1021.0,6.0,192.89155,6.0,0.595103,36.668947,132.008208,36.668741,-0.12278,-8.7e-05,0.590153,0.297124,-3.7e-05,-0.016956,0.5545,0.0,1.0,0.0,0.0,0.0,-9999.0,-9999.0,-9999.0,-9999.0,-9999.0,-9999.0,-9999.0,-9999.0,-9999.0,-9999.0,-9999.0,-9999.0,-9999.0,-9999.0
P13_HV1_3_interaction,active_and_state_lat_and_long_zero_last_source_row_continuous_segment,P13,HV1,3,keep_right,P13_HV1_3,P13_HV1.1.asc,HV3,60,initiator_active,14364,1,239400.0,239400.0005,3.0,3.0,28.274557,101.788404,5.0,238.45236,-5239.152541,0.012689,0.579971,0.0,28.274938,-0.060891,0.0,5239.28564,-59.495005,6.31309,1.0,0.0,1.0,0.0,5193.881187,-56.16565,1021.0,6.0,193.502667,6.0,0.597473,36.678706,132.043342,36.6785,-0.122791,-8.8e-05,0.584837,0.297503,-7.5e-05,-0.017113,0.5545,0.0,1.0,0.0,0.0,0.0,-9999.0,-9999.0,-9999.0,-9999.0,-9999.0,-9999.0,-9999.0,-9999.0,-9999.0,-9999.0,-9999.0,-9999.0,-9999.0,-9999.0
P13_HV1_3_interaction,active_and_state_lat_and_long_zero_last_source_row_continuous_segment,P13,HV1,3,keep_right,P13_HV1_3,P13_HV1.1.asc,HV3,60,initiator_active,14365,1,239416.67,239416.6675,3.0,3.0,28.2748,101.78928,5.0,238.923355,-5239.623429,0.018827,0.574526,0.0,28.275119,-0.060448,0.0,5239.756706,-59.481811,6.313417,1.0,0.0,1.0,0.0,5194.492472,-56.166283,1021.0,6.0,194.113947,6.0,0.599926,36.688406,132.078261,36.6882,-0.122779,-9e-05,0.580877,0.297817,-0.000125,-0.017113,0.55375,0.0,1.0,0.0,0.0,0.0,-9999.0,-9999.0,-9999.0,-9999.0,-9999.0,-9999.0,-9999.0,-9999.0,-9999.0,-9999.0,-9999.0,-9999.0,-9999.0,-9999.0
P13_HV1_3_interaction,active_and_state_lat_and_long_zero_last_source_row_continuous_segment,P13,HV1,3,keep_right,P13_HV1_3,P13_HV1.1.asc,HV3,60,initiator_active,14366,1,239433.34,239433.3422,3.0,3.0,28.275034,101.790123,5.0,239.394348,-5240.094315,0.015587,0.571806,0.0,28.275434,-0.060014,0.0,5240.227771,-59.468458,6.313739,1.0,0.0,1.0,0.0,5195.103918,-56.166833,1021.0,6.0,194.725389,6.0,0.602464,36.697995,132.112783,36.69779,-0.122747,-9.2e-05,0.572582,0.298071,-0.000184,-0.017113,0.5535,0.0,1.0,0.0,0.0,0.0,-9999.0,-9999.0,-9999.0,-9999.0,-9999.0,-9999.0,-9999.0,-9999.0,-9999.0,-9999.0,-9999.0,-9999.0,-9999.0,-9999.0
P13_HV1_3_interaction,active_and_state_lat_and_long_zero_last_source_row_continuous_segment,P13,HV1,3,keep_right,P13_HV1_3,P13_HV1.1.asc,HV3,60,initiator_active,14367,1,239450.0,239450.0011,3.0,3.0,28.275266,101.790959,5.0,239.86534,-5240.565198,0.010869,0.566583,0.0,28.275644,-0.059535,0.0,5240.698837,-59.454947,6.314058,1.0,0.0,1.0,0.0,5195.715524,-56.1673,1021.0,6.0,195.336989,6.0,0.605086,36.707414,132.146691,36.707209,-0.122696,-9.6e-05,0.561073,0.298277,-0.000259,-0.017427,0.5535,0.0,1.0,0.0,0.0,0.0,-9999.0,-9999.0,-9999.0,-9999.0,-9999.0,-9999.0,-9999.0,-9999.0,-9999.0,-9999.0,-9999.0,-9999.0,-9999.0,-9999.0
P13_HV1_3_interaction,active_and_state_lat_and_long_zero_last_source_row_continuous_segment,P13,HV1,3,keep_right,P13_HV1_3,P13_HV1.1.asc,HV3,60,initiator_active,14368,1,239466.67,239466.6668,3.0,3.0,28.275555,101.791999,5.0,240.336331,-5241.03608,0.014879,0.560571,0.0,28.275807,-0.059022,0.0,5241.169901,-59.441278,6.314372,1.0,0.0,1.0,0.0,5196.327287,-56.167683,1021.0,6.0,195.948747,6.0,0.607792,36.716618,132.179826,36.716414,-0.122626,-0.000101,0.547771,0.298446,-0.000364,-0.017427,0.5535,0.0,1.0,0.0,0.0,0.0,-9999.0,-9999.0,-9999.0,-9999.0,-9999.0,-9999.0,-9999.0,-9999.0,-9999.0,-9999.0,-9999.0,-9999.0,-9999.0,-9999.0
P13_HV1_3_interaction,active_and_state_lat_and_long_zero_last_source_row_continuous_segment,P13,HV1,3,keep_right,P13_HV1_3,P13_HV1.1.asc,HV3,60,initiator_active,14369,1,239483.33,239483.3345,3.0,3.0,28.275726,101.792612,5.0,240.80732,-5241.506959,-0.029462,0.554982,0.0,28.276033,-0.058503,0.0,5241.640964,-59.427455,6.314683,1.0,0.0,1.0,0.0,5196.939204,-56.167983,1021.0,6.0,196.560657,6.0,0.610583,36.725605,132.212176,36.7254,-0.122538,-0.000109,0.534943,0.298595,-0.000504,-0.017427,0.55325,0.0,1.0,0.0,0.0,0.0,-9999.0,-9999.0,-9999.0,-9999.0,-9999.0,-9999.0,-9999.0,-9999.0,-9999.0,-9999.0,-9999.0,-9999.0,-9999.0,-9999.0
P13_HV1_3_interaction,active_and_state_lat_and_long_zero_last_source_row_continuous_segment,P13,HV1,3,keep_right,P13_HV1_3,P13_HV1.1.asc,HV3,60,initiator_active,14370,1,239500.0,239500.0004,3.0,3.0,28.275922,101.79332,5.0,241.278307,-5241.977834,-0.02428,0.549818,0.0,28.275242,-0.057942,0.0,5242.112023,-59.413477,6.31499,1.0,0.0,1.0,0.0,5197.551271,-56.168199,1021.0,6.0,197.172718,6.0,0.613458,36.734397,132.243828,36.734193,-0.122433,-0.000119,0.525487,0.298736,-0.00067,-0.017427,0.5535,0.0,1.0,0.0,0.0,0.0,-9999.0,-9999.0,-9999.0,-9999.0,-9999.0,-9999.0,-9999.0,-9999.0,-9999.0,-9999.0,-9999.0,-9999.0,-9999.0,-9999.0
P13_HV1_3_interaction,active_and_state_lat_and_long_zero_last_source_row_continuous_segment,P13,HV1,3,keep_right,P13_HV1_3,P13_HV1.1.asc,HV3,60,initiator_active,14371,1,239516.67,239516.6675,3.0,3.0,28.275778,101.792802,5.0,241.749289,-5242.448705,0.019053,0.547247,0.0,28.275134,-0.057359,0.0,5242.583064,-59.399347,6.315294,1.0,0.0,1.0,0.0,5198.163486,-56.168331,1021.0,6.0,197.784925,6.0,0.616417,36.743097,132.275148,36.742893,-0.122311,-0.000132,0.521089,0.298875,-0.000831,-0.017427,0.55275,0.0,1.0,0.0,0.0,0.0,-9999.0,-9999.0,-9999.0,-9999.0,-9999.0,-9999.0,-9999.0,-9999.0,-9999.0,-9999.0,-9999.0,-9999.0,-9999.0,-9999.0
P13_HV1_3_interaction,active_and_state_lat_and_long_zero_last_source_row_continuous_segment,P13,HV1,3,keep_right,P13_HV1_3,P13_HV1.1.asc,HV3,60,initiator_active,14372,1,239533.33,239533.3337,3.0,3.0,28.275031,101.790113,5.0,242.220253,-5242.919556,0.022462,0.542906,0.0,28.275451,-0.056769,0.0,5243.054102,-59.385065,6.315595,1.0,0.0,1.0,0.0,5198.775845,-56.16838,1021.0,6.0,198.397276,6.0,0.619461,36.751716,132.306177,36.751513,-0.122173,-0.000147,0.516173,0.299007,-0.00095,-0.017427,0.5525,0.0,1.0,0.0,0.0,0.0,-9999.0,-9999.0,-9999.0,-9999.0,-9999.0,-9999.0,-9999.0,-9999.0,-9999.0,-9999.0,-9999.0,-9999.0,-9999.0,-9999.0
P13_HV1_3_interaction,active_and_state_lat_and_long_zero_last_source_row_continuous_segment,P13,HV1,3,keep_right,P13_HV1_3,P13_HV1.1.asc,HV3,60,initiator_active,14373,1,239550.0,239550.0001,3.0,3.0,28.275285,101.791025,5.0,242.691213,-5243.390402,0.017435,0.538974,0.0,28.275805,-0.056144,0.0,5243.525141,-59.370632,6.315893,1.0,0.0,1.0,0.0,5199.388348,-56.168345,1021.0,6.0,199.009771,6.0,0.622589,36.760262,132.336945,36.76006,-0.122017,-0.000163,0.512682,0.29912,-0.001001,-0.017427,0.5525,0.0,1.0,0.0,0.0,0.0,-9999.0,-9999.0,-9999.0,-9999.0,-9999.0,-9999.0,-9999.0,-9999.0,-9999.0,-9999.0,-9999.0,-9999.0,-9999.0,-9999.0
P13_HV1_3_interaction,active_and_state_lat_and_long_zero_last_source_row_continuous_segment,P13,HV1,3,keep_right,P13_HV1_3,P13_HV1.1.asc,HV3,60,initiator_active,14374,1,239566.68,239566.6788,3.0,3.0,28.27563,101.792267,5.0,243.162173,-5243.861247,0.019634,0.536863,0.0,28.276081,-0.055532,0.0,5243.996181,-59.356049,6.316188,1.0,0.0,1.0,0.0,5200.000993,-56.168226,1021.0,6.0,199.622408,6.0,0.625801,36.768775,132.367591,36.768573,-0.121846,-0.00018,0.511189,0.299203,-0.000975,-0.017427,0.55225,0.0,1.0,0.0,0.0,0.0,-9999.0,-9999.0,-9999.0,-9999.0,-9999.0,-9999.0,-9999.0,-9999.0,-9999.0,-9999.0,-9999.0,-9999.0,-9999.0,-9999.0
P13_HV1_3_interaction,active_and_state_lat_and_long_zero_last_source_row_continuous_segment,P13,HV1,3,keep_right,P13_HV1_3,P13_HV1.1.asc,HV3,60,initiator_active,14375,1,239583.34,239583.3448,3.0,3.0,28.275943,101.793394,5.0,243.633133,-5244.332091,0.012951,0.532589,0.0,28.276364,-0.054915,0.0,5244.467221,-59.341318,6.316482,1.0,0.0,1.0,0.0,5200.613781,-56.168023,1021.0,6.0,200.235187,6.0,0.629099,36.777267,132.39816,36.777065,-0.121658,-0.000195,0.510116,0.299239,-0.000873,-0.017427,0.55125,0.0,1.0,0.0,0.0,0.0,-9999.0,-9999.0,-9999.0,-9999.0,-9999.0,-9999.0,-9999.0,-9999.0,-9999.0,-9999.0,-9999.0,-9999.0,-9999.0,-9999.0
P13_HV1_3_interaction,active_and_state_lat_and_long_zero_last_source_row_continuous_segment,P13,HV1,3,keep_right,P13_HV1_3,P13_HV1.1.asc,HV3,60,initiator_active,14376,1,239600.01,239600.0132,3.0,3.0,28.276237,101.794453,5.0,244.104093,-5244.802934,0.015203,0.530747,0.0,28.27659,-0.054288,0.0,5244.93826,-59.326438,6.316773,1.0,0.0,1.0,0.0,5201.22671,-56.167737,1021.0,6.0,200.848107,6.0,0.63248,36.785748,132.428692,36.785547,-0.121456,-0.000208,0.509815,0.299217,-0.000707,-0.017427,0.5515,0.0,1.0,0.0,0.0,0.0,-9999.0,-9999.0,-9999.0,-9999.0,-9999.0,-9999.0,-9999.0,-9999.0,-9999.0,-9999.0,-9999.0,-9999.0,-9999.0,-9999.0
P13_HV1_3_interaction,active_and_state_lat_and_long_zero_last_source_row_continuous_segment,P13,HV1,3,keep_right,P13_HV1_3,P13_HV1.1.asc,HV3,60,initiator_active,14377,1,239616.67,239616.6667,3.0,3.0,28.276464,101.795271,5.0,244.575051,-5245.273775,0.012125,0.523588,0.0,28.276808,-0.053671,0.0,5245.409299,-59.311411,6.317063,1.0,0.0,1.0,0.0,5201.83978,-56.167367,1021.0,6.0,201.461167,6.0,0.635947,36.79423,132.459229,36.794031,-0.121229,-0.000218,0.510076,0.299898,-0.000492,-0.017741,0.55125,0.0,1.0,0.0,0.0,0.0,-9999.0,-9999.0,-9999.0,-9999.0,-9999.0,-9999.0,-9999.0,-9999.0,-9999.0,-9999.0,-9999.0,-9999.0,-9999.0,-9999.0
P13_HV1_3_interaction,active_and_state_lat_and_long_zero_last_source_row_continuous_segment,P13,HV1,3,keep_right,P13_HV1_3,P13_HV1.1.asc,HV3,60,initiator_active,14378,1,239633.33,239633.3343,3.0,3.0,28.276709,101.796154,5.0,245.046008,-5245.744614,0.005075,0.522732,0.0,28.276962,-0.053116,0.0,5245.880336,-59.296237,6.317352,1.0,0.0,1.0,0.0,5202.452992,-56.166912,1021.0,6.0,202.074369,6.0,0.639498,36.802719,132.489787,36.80252,-0.120984,-0.000224,0.51042,0.300489,-0.00025,-0.018055,0.55025,0.0,1.0,0.0,0.0,0.0,-9999.0,-9999.0,-9999.0,-9999.0,-9999.0,-9999.0,-9999.0,-9999.0,-9999.0,-9999.0,-9999.0,-9999.0,-9999.0,-9999.0
P13_HV1_3_interaction,active_and_state_lat_and_long_zero_last_source_row_continuous_segment,P13,HV1,3,keep_right,P13_HV1_3,P13_HV1.1.asc,HV3,60,initiator_active,14379,1,239650.0,239650.0005,3.0,3.0,28.276902,101.796846,5.0,245.516963,-5246.21545,0.011632,0.518526,0.0,28.27706,-0.052577,0.0,5246.351371,-59.280919,6.31764,1.0,0.0,1.0,0.0,5203.066345,-56.166374,1021.0,6.0,202.687711,6.0,0.643134,36.811211,132.520361,36.811014,-0.120725,-0.000225,0.510728,0.301002,-1e-06,-0.018369,0.55025,0.0,1.0,0.0,0.0,0.0,-9999.0,-9999.0,-9999.0,-9999.0,-9999.0,-9999.0,-9999.0,-9999.0,-9999.0,-9999.0,-9999.0,-9999.0,-9999.0,-9999.0
P13_HV1_3_interaction,active_and_state_lat_and_long_zero_last_source_row_continuous_segment,P13,HV1,3,keep_right,P13_HV1_3,P13_HV1.1.asc,HV3,60,initiator_active,14380,1,239666.67,239666.6675,3.0,3.0,28.276997,101.797191,5.0,245.987914,-5246.686281,0.016403,0.516021,0.0,28.277246,-0.052065,0.0,5246.822403,-59.265457,6.317927,1.0,0.0,1.0,0.0,5203.679839,-56.165751,1021.0,6.0,203.301195,6.0,0.646855,36.819709,132.550952,36.819512,-0.120459,-0.000223,0.51072,0.30145,0.000236,-0.018683,0.55,0.0,1.0,0.0,0.0,0.0,-9999.0,-9999.0,-9999.0,-9999.0,-9999.0,-9999.0,-9999.0,-9999.0,-9999.0,-9999.0,-9999.0,-9999.0,-9999.0,-9999.0
P13_HV1_3_interaction,active_and_state_lat_and_long_zero_last_source_row_continuous_segment,P13,HV1,3,keep_right,P13_HV1_3,P13_HV1.1.asc,HV3,60,initiator_active,14381,1,239683.33,239683.3335,3.0,3.0,28.27715,101.797739,5.0,246.458862,-5247.157109,0.01289,0.510578,0.0,28.277498,-0.051587,0.0,5247.293434,-59.249851,6.318213,1.0,0.0,1.0,0.0,5204.32757,-56.165002,1021.0,6.0,203.948914,6.0,0.650874,36.828668,132.583206,36.828472,-0.120183,-0.000216,0.509981,0.301441,0.000456,-0.01884,0.55,0.0,1.0,0.0,0.0,0.0,-9999.0,-9999.0,-9999.0,-9999.0,-9999.0,-9999.0,-9999.0,-9999.0,-9999.0,-9999.0,-9999.0,-9999.0,-9999.0,-9999.0
P13_HV1_3_interaction,active_and_state_lat_and_long_zero_last_source_row_continuous_segment,P13,HV1,3,keep_right,P13_HV1_3,P13_HV1.1.asc,HV3,60,initiator_active,14382,1,239700.0,239700.0009,3.0,3.0,28.277376,101.798554,5.0,246.929808,-5247.627933,0.014965,0.507048,0.0,28.277725,-0.051143,0.0,5247.764464,-59.234102,6.318498,1.0,0.0,0.0,0.0,5204.907253,-56.164252,1021.0,6.0,204.528585,6.0,0.654552,36.836676,132.612032,36.83648,-0.119936,-0.000208,0.509557,0.30184,0.000616,-0.019154,0.549,0.0,1.0,0.0,0.0,0.0,-9999.0,-9999.0,-9999.0,-9999.0,-9999.0,-9999.0,-9999.0,-9999.0,-9999.0,-9999.0,-9999.0,-9999.0,-9999.0,-9999.0
P13_HV1_3_interaction,active_and_state_lat_and_long_zero_last_source_row_continuous_segment,P13,HV1,3,keep_right,P13_HV1_3,P13_HV1.1.asc,HV3,60,initiator_active,14383,1,239716.67,239716.6731,3.0,3.0,28.277599,101.799356,5.0,247.400753,-5248.098756,0.014779,0.505673,0.0,28.277971,-0.050735,0.0,5248.235493,-59.218213,6.318783,1.0,0.0,0.0,0.0,5205.521171,-56.163376,1021.0,6.0,205.142491,6.0,0.658528,36.845148,132.642534,36.844954,-0.11969,-0.000196,0.509172,0.301421,0.000743,-0.019154,0.54875,0.0,1.0,0.0,0.0,0.0,-9999.0,-9999.0,-9999.0,-9999.0,-9999.0,-9999.0,-9999.0,-9999.0,-9999.0,-9999.0,-9999.0,-9999.0,-9999.0,-9999.0
P13_HV1_3_interaction,active_and_state_lat_and_long_zero_last_source_row_continuous_segment,P13,HV1,3,keep_right,P13_HV1_3,P13_HV1.1.asc,HV3,60,initiator_active,14384,1,239733.33,239733.3342,3.0,3.0,28.277842,101.800232,5.0,247.871696,-5248.569576,0.011415,0.49972,0.0,28.278181,-0.050364,0.0,5248.706522,-59.202182,6.319067,1.0,0.0,0.0,0.0,5206.135231,-56.162416,1021.0,6.0,205.756538,6.0,0.662589,36.853611,132.672999,36.853417,-0.11946,-0.000183,0.508283,0.301013,0.000828,-0.019154,0.54875,0.0,1.0,0.0,0.0,0.0,-9999.0,-9999.0,-9999.0,-9999.0,-9999.0,-9999.0,-9999.0,-9999.0,-9999.0,-9999.0,-9999.0,-9999.0,-9999.0,-9999.0
P13_HV1_3_interaction,active_and_state_lat_and_long_zero_last_source_row_continuous_segment,P13,HV1,3,keep_right,P13_HV1_3,P13_HV1.1.asc,HV3,60,initiator_active,14385,1,239750.0,239750.0003,3.0,3.0,28.278087,101.801114,5.0,248.342637,-5249.040393,0.019088,0.494742,0.0,28.278357,-0.050045,0.0,5249.177549,-59.186012,6.31935,1.0,0.0,0.0,0.0,5206.749431,-56.161372,1021.0,6.0,206.370726,6.0,0.666735,36.862052,132.703389,36.86186,-0.119245,-0.000168,0.507116,0.300619,0.000873,-0.019154,0.54875,0.0,1.0,0.0,0.0,0.0,-9999.0,-9999.0,-9999.0,-9999.0,-9999.0,-9999.0,-9999.0,-9999.0,-9999.0,-9999.0,-9999.0,-9999.0,-9999.0,-9999.0
P13_HV1_3_interaction,active_and_state_lat_and_long_zero_last_source_row_continuous_segment,P13,HV1,3,keep_right,P13_HV1_3,P13_HV1.1.asc,HV3,60,initiator_active,14386,1,239766.67,239766.6675,3.0,3.0,28.27827,101.80177,5.0,248.813577,-5249.511208,0.012602,0.490928,0.0,28.278649,-0.049772,0.0,5249.648575,-59.169704,6.319632,1.0,0.0,0.0,0.0,5207.363772,-56.160243,1021.0,6.0,206.985053,6.0,0.670966,36.870483,132.733739,36.870291,-0.119045,-0.000154,0.506607,0.30024,0.000885,-0.019154,0.54875,0.0,1.0,0.0,0.0,0.0,-9999.0,-9999.0,-9999.0,-9999.0,-9999.0,-9999.0,-9999.0,-9999.0,-9999.0,-9999.0,-9999.0,-9999.0,-9999.0,-9999.0
P13_HV1_3_interaction,active_and_state_lat_and_long_zero_last_source_row_continuous_segment,P13,HV1,3,keep_right,P13_HV1_3,P13_HV1.1.asc,HV3,60,initiator_active,14387,1,239783.33,239783.3341,3.0,3.0,28.278509,101.802634,5.0,249.284514,-5249.98202,0.0249,0.486764,0.0,28.278899,-0.049549,0.0,5250.1196,-59.153259,6.319912,1.0,0.0,0.0,0.0,5207.978254,-56.15903,1021.0,6.0,207.599521,6.0,0.675282,36.878902,132.764048,36.878711,-0.118858,-0.000139,0.505613,0.299877,0.000869,-0.019154,0.54825,0.0,1.0,0.0,0.0,0.0,-9999.0,-9999.0,-9999.0,-9999.0,-9999.0,-9999.0,-9999.0,-9999.0,-9999.0,-9999.0,-9999.0,-9999.0,-9999.0,-9999.0
P13_HV1_3_interaction,active_and_state_lat_and_long_zero_last_source_row_continuous_segment,P13,HV1,3,keep_right,P13_HV1_3,P13_HV1.1.asc,HV3,60,initiator_active,14388,1,239800.0,239800.0007,3.0,3.0,28.278748,101.803492,5.0,249.755451,-5250.45283,0.027468,0.480837,0.0,28.279246,-0.049327,0.0,5250.590626,-59.136679,6.320191,1.0,0.0,0.0,0.0,5208.592875,-56.157733,1021.0,6.0,208.214128,6.0,0.679683,36.887298,132.794273,36.887107,-0.118685,-0.000125,0.504277,0.299534,0.000833,-0.019154,0.54875,0.0,1.0,0.0,0.0,0.0,-9999.0,-9999.0,-9999.0,-9999.0,-9999.0,-9999.0,-9999.0,-9999.0,-9999.0,-9999.0,-9999.0,-9999.0,-9999.0,-9999.0
P13_HV1_3_interaction,active_and_state_lat_and_long_zero_last_source_row_continuous_segment,P13,HV1,3,keep_right,P13_HV1_3,P13_HV1.1.asc,HV3,60,initiator_active,14389,1,239816.67,239816.667,3.0,3.0,28.2791,101.804759,5.0,250.226386,-5250.923639,0.022655,0.478881,0.0,28.279717,-0.049126,0.0,5251.061653,-59.119965,6.320468,1.0,0.0,0.0,0.0,5209.207637,-56.156353,1021.0,6.0,208.828875,6.0,0.684168,36.895679,132.824444,36.895488,-0.118524,-0.000112,0.503513,0.299209,0.000781,-0.019154,0.548,0.0,1.0,0.0,0.0,0.0,-9999.0,-9999.0,-9999.0,-9999.0,-9999.0,-9999.0,-9999.0,-9999.0,-9999.0,-9999.0,-9999.0,-9999.0,-9999.0,-9999.0
P13_HV1_3_interaction,active_and_state_lat_and_long_zero_last_source_row_continuous_segment,P13,HV1,3,keep_right,P13_HV1_3,P13_HV1.1.asc,HV3,60,initiator_active,14390,1,239833.33,239833.3343,3.0,3.0,28.279469,101.806087,5.0,250.697323,-5251.394448,0.023867,0.47249,0.0,28.280075,-0.048939,0.0,5251.532682,-59.103117,6.320742,1.0,0.0,0.0,0.0,5209.822538,-56.154888,1021.0,6.0,209.44376,6.0,0.688738,36.904048,132.854572,36.903858,-0.118376,-9.9e-05,0.502888,0.298905,0.000719,-0.019154,0.5475,0.0,1.0,0.0,0.0,0.0,-9999.0,-9999.0,-9999.0,-9999.0,-9999.0,-9999.0,-9999.0,-9999.0,-9999.0,-9999.0,-9999.0,-9999.0,-9999.0,-9999.0
P13_HV1_3_interaction,active_and_state_lat_and_long_zero_last_source_row_continuous_segment,P13,HV1,3,keep_right,P13_HV1_3,P13_HV1.1.asc,HV3,60,initiator_active,14391,1,239850.0,239850.0005,3.0,3.0,28.279899,101.807637,5.0,251.168261,-5251.865258,0.010306,0.467101,0.0,28.2804,-0.048775,0.0,5252.003713,-59.086138,6.321013,1.0,0.0,0.0,0.0,5210.437578,-56.15334,1021.0,6.0,210.058785,6.0,0.693392,36.912407,132.884665,36.912218,-0.118238,-8.8e-05,0.502092,0.298621,0.000653,-0.019154,0.5475,0.0,1.0,0.0,0.0,0.0,-9999.0,-9999.0,-9999.0,-9999.0,-9999.0,-9999.0,-9999.0,-9999.0,-9999.0,-9999.0,-9999.0,-9999.0,-9999.0,-9999.0
P13_HV1_3_interaction,active_and_state_lat_and_long_zero_last_source_row_continuous_segment,P13,HV1,3,keep_right,P13_HV1_3,P13_HV1.1.asc,HV3,60,initiator_active,14392,1,239866.67,239866.6676,3.0,3.0,28.280268,101.808964,5.0,251.639201,-5252.336068,0.012155,0.463741,0.0,28.28058,-0.048605,0.0,5252.474744,-59.069029,6.321282,1.0,0.0,0.0,0.0,5211.052757,-56.151708,1021.0,6.0,210.673948,6.0,0.698131,36.920745,132.914682,36.920556,-0.118112,-7.8e-05,0.500752,0.298357,0.000585,-0.019154,0.5475,0.0,1.0,0.0,0.0,0.0,-9999.0,-9999.0,-9999.0,-9999.0,-9999.0,-9999.0,-9999.0,-9999.0,-9999.0,-9999.0,-9999.0,-9999.0,-9999.0,-9999.0
P13_HV1_3_interaction,active_and_state_lat_and_long_zero_last_source_row_continuous_segment,P13,HV1,3,keep_right,P13_HV1_3,P13_HV1.1.asc,HV3,60,initiator_active,14393,1,239883.33,239883.3339,3.0,3.0,28.280479,101.809725,5.0,252.110139,-5252.806877,0.009585,0.454588,0.0,28.280752,-0.048393,0.0,5252.945773,-59.051792,6.321546,1.0,0.0,0.0,0.0,5211.668075,-56.149992,1021.0,6.0,211.289249,6.0,0.702954,36.929066,132.944637,36.928877,-0.117996,-6.9e-05,0.499932,0.298112,0.000518,-0.019154,0.5475,0.0,1.0,0.0,0.0,0.0,-9999.0,-9999.0,-9999.0,-9999.0,-9999.0,-9999.0,-9999.0,-9999.0,-9999.0,-9999.0,-9999.0,-9999.0,-9999.0,-9999.0
P13_HV1_3_interaction,active_and_state_lat_and_long_zero_last_source_row_continuous_segment,P13,HV1,3,keep_right,P13_HV1_3,P13_HV1.1.asc,HV3,60,initiator_active,14394,1,239900.0,239900.0032,3.0,3.0,28.280675,101.81043,5.0,252.581075,-5253.277683,0.009885,0.448794,0.0,28.280901,-0.048213,0.0,5253.4168,-59.034428,6.321807,1.0,0.0,0.0,0.0,5212.283531,-56.148192,1021.0,6.0,211.904689,6.0,0.707861,36.937377,132.974559,36.937189,-0.11789,-6.1e-05,0.499517,0.297886,0.000451,-0.019154,0.54625,0.0,1.0,0.0,0.0,0.0,-9999.0,-9999.0,-9999.0,-9999.0,-9999.0,-9999.0,-9999.0,-9999.0,-9999.0,-9999.0,-9999.0,-9999.0,-9999.0,-9999.0
P13_HV1_3_interaction,active_and_state_lat_and_long_zero_last_source_row_continuous_segment,P13,HV1,3,keep_right,P13_HV1_3,P13_HV1.1.asc,HV3,60,initiator_active,14395,1,239916.67,239916.6688,3.0,3.0,28.280826,101.810973,5.0,253.052009,-5253.748485,0.014066,0.443053,0.0,28.281055,-0.048,0.0,5253.887826,-59.01694,6.322063,1.0,0.0,0.0,0.0,5212.899126,-56.146309,1021.0,6.0,212.520266,6.0,0.712853,36.945683,133.00446,36.945496,-0.117793,-5.4e-05,0.4992,0.297678,0.00039,-0.019154,0.54625,0.0,1.0,0.0,0.0,0.0,-9999.0,-9999.0,-9999.0,-9999.0,-9999.0,-9999.0,-9999.0,-9999.0,-9999.0,-9999.0,-9999.0,-9999.0,-9999.0,-9999.0
P13_HV1_3_interaction,active_and_state_lat_and_long_zero_last_source_row_continuous_segment,P13,HV1,3,keep_right,P13_HV1_3,P13_HV1.1.asc,HV3,60,initiator_active,14396,1,239933.33,239933.3342,3.0,3.0,28.280977,101.811517,5.0,253.52294,-5254.219284,0.01099,0.437082,0.0,28.281272,-0.047746,0.0,5254.358849,-58.999329,6.322314,1.0,0.0,0.0,0.0,5213.514859,-56.144343,1021.0,6.0,213.135981,6.0,0.717929,36.953984,133.034341,36.953796,-0.117706,-4.8e-05,0.498713,0.297487,0.000335,-0.019154,0.54625,0.0,1.0,0.0,0.0,0.0,-9999.0,-9999.0,-9999.0,-9999.0,-9999.0,-9999.0,-9999.0,-9999.0,-9999.0,-9999.0,-9999.0,-9999.0,-9999.0,-9999.0
P13_HV1_3_interaction,active_and_state_lat_and_long_zero_last_source_row_continuous_segment,P13,HV1,3,keep_right,P13_HV1_3,P13_HV1.1.asc,HV3,60,initiator_active,14397,1,239950.0,239950.0008,3.0,3.0,28.281166,101.812199,5.0,253.993868,-5254.69008,0.041268,0.427769,0.0,28.281439,-0.047463,0.0,5254.829871,-58.981596,6.32256,1.0,0.0,0.0,0.0,5214.13073,-56.142293,1021.0,6.0,213.751834,6.0,0.723089,36.962273,133.064182,36.962086,-0.117626,-4.3e-05,0.498216,0.297311,0.000287,-0.019154,0.54625,0.0,1.0,0.0,0.0,0.0,-9999.0,-9999.0,-9999.0,-9999.0,-9999.0,-9999.0,-9999.0,-9999.0,-9999.0,-9999.0,-9999.0,-9999.0,-9999.0,-9999.0
P13_HV1_3_interaction,active_and_state_lat_and_long_zero_last_source_row_continuous_segment,P13,HV1,3,keep_right,P13_HV1_3,P13_HV1.1.asc,HV3,60,initiator_active,14398,1,239966.67,239966.6673,3.0,3.0,28.281358,101.81289,5.0,254.464795,-5255.160873,0.018388,0.420873,0.0,28.282099,-0.047158,0.0,5255.300894,-58.963746,6.322801,1.0,0.0,0.0,0.0,5214.746739,-56.140159,1021.0,6.0,214.367824,6.0,0.728333,36.97056,133.094015,36.970373,-0.117555,-3.8e-05,0.497968,0.29715,0.000244,-0.019154,0.5455,0.0,1.0,0.0,0.0,0.0,-9999.0,-9999.0,-9999.0,-9999.0,-9999.0,-9999.0,-9999.0,-9999.0,-9999.0,-9999.0,-9999.0,-9999.0,-9999.0,-9999.0
P13_HV1_3_interaction,active_and_state_lat_and_long_zero_last_source_row_continuous_segment,P13,HV1,3,keep_right,P13_HV1_3,P13_HV1.1.asc,HV3,60,initiator_active,14399,1,239983.33,239983.3341,3.0,3.0,28.281778,101.814399,5.0,254.935721,-5255.631666,0.008664,0.411823,0.0,28.282327,-0.046843,0.0,5255.771921,-58.945778,6.323036,1.0,0.0,0.0,0.0,5215.362886,-56.137942,1021.0,6.0,214.983952,6.0,0.733662,36.978833,133.1238,36.978647,-0.117491,-3.5e-05,0.496921,0.297001,0.000207,-0.019154,0.545,0.0,1.0,0.0,0.0,0.0,-9999.0,-9999.0,-9999.0,-9999.0,-9999.0,-9999.0,-9999.0,-9999.0,-9999.0,-9999.0,-9999.0,-9999.0,-9999.0,-9999.0
P13_HV1_3_interaction,active_and_state_lat_and_long_zero_last_source_row_continuous_segment,P13,HV1,3,keep_right,P13_HV1_3,P13_HV1.1.asc,HV3,60,initiator_active,14400,1,240000.0,240000.0006,3.0,3.0,28.282247,101.816089,5.0,255.406652,-5256.102462,0.016303,0.401435,0.0,28.282495,-0.04649,0.0,5256.242948,-58.927696,6.323264,1.0,0.0,0.0,0.0,5215.97917,-56.135642,1021.0,6.0,215.600217,6.0,0.739074,36.987089,133.153521,36.986903,-0.117434,-3.2e-05,0.495997,0.296866,0.000171,-0.019154,0.545,0.0,1.0,0.0,0.0,0.0,-9999.0,-9999.0,-9999.0,-9999.0,-9999.0,-9999.0,-9999.0,-9999.0,-9999.0,-9999.0,-9999.0,-9999.0,-9999.0,-9999.0
P13_HV1_3_interaction,active_and_state_lat_and_long_zero_last_source_row_continuous_segment,P13,HV1,3,keep_right,P13_HV1_3,P13_HV1.1.asc,HV3,60,initiator_active,14401,1,240016.67,240016.6674,3.0,3.0,28.282394,101.81662,5.0,255.877581,-5256.573256,0.017576,0.393009,0.0,28.282766,-0.04609,0.0,5256.713973,-58.909503,6.323485,1.0,0.0,0.0,0.0,5216.595591,-56.133258,1021.0,6.0,216.216618,6.0,0.744571,36.995335,133.183206,36.995149,-0.117385,-2.9e-05,0.495548,0.296745,0.000136,-0.019154,0.545,0.0,1.0,0.0,0.0,0.0,-9999.0,-9999.0,-9999.0,-9999.0,-9999.0,-9999.0,-9999.0,-9999.0,-9999.0,-9999.0,-9999.0,-9999.0,-9999.0,-9999.0
P13_HV1_3_interaction,active_and_state_lat_and_long_zero_last_source_row_continuous_segment,P13,HV1,3,keep_right,P13_HV1_3,P13_HV1.1.asc,HV3,60,initiator_active,14402,1,240033.33,240033.3345,3.0,3.0,28.282626,101.817454,5.0,256.348509,-5257.044048,0.010562,0.380126,0.0,28.283017,-0.04565,0.0,5257.184999,-58.891202,6.323698,1.0,0.0,1.0,0.0,5217.21215,-56.130791,1021.0,6.0,216.833157,6.0,0.750152,37.003575,133.21287,37.003389,-0.117332,-2.7e-05,0.495237,0.297409,0.000102,-0.019468,0.545,0.0,1.0,0.0,0.0,0.0,-9999.0,-9999.0,-9999.0,-9999.0,-9999.0,-9999.0,-9999.0,-9999.0,-9999.0,-9999.0,-9999.0,-9999.0,-9999.0,-9999.0
P13_HV1_3_interaction,active_and_state_lat_and_long_zero_last_source_row_continuous_segment,P13,HV1,3,keep_right,P13_HV1_3,P13_HV1.1.asc,HV3,60,initiator_active,14403,1,240050.0,240050.0007,3.0,3.0,28.282907,101.818467,5.0,256.819436,-5257.51484,0.013166,0.366295,0.0,28.283211,-0.045176,0.0,5257.656025,-58.872796,6.323903,1.0,0.0,1.0,0.0,5217.828846,-56.128241,1021.0,6.0,217.449832,6.0,0.755817,37.011808,133.242508,37.011622,-0.117289,-2.6e-05,0.494445,0.2973,7e-05,-0.019468,0.545,0.0,1.0,0.0,0.0,0.0,-9999.0,-9999.0,-9999.0,-9999.0,-9999.0,-9999.0,-9999.0,-9999.0,-9999.0,-9999.0,-9999.0,-9999.0,-9999.0,-9999.0
P13_HV1_3_interaction,active_and_state_lat_and_long_zero_last_source_row_continuous_segment,P13,HV1,3,keep_right,P13_HV1_3,P13_HV1.1.asc,HV3,60,initiator_active,14404,1,240066.67,240066.6672,3.0,3.0,28.2831,101.819162,5.0,257.290363,-5257.985629,-0.088851,0.353656,0.0,28.282367,-0.04466,0.0,5258.127049,-58.854288,6.3241,1.0,0.0,1.0,0.0,5218.445678,-56.125606,1021.0,6.0,218.066643,6.0,0.761566,37.020017,133.272061,37.019831,-0.117257,-2.5e-05,0.493014,0.297218,4e-05,-0.019468,0.54375,0.0,1.0,0.0,0.0,0.0,-9999.0,-9999.0,-9999.0,-9999.0,-9999.0,-9999.0,-9999.0,-9999.0,-9999.0,-9999.0,-9999.0,-9999.0,-9999.0,-9999.0
P13_HV1_3_interaction,active_and_state_lat_and_long_zero_last_source_row_continuous_segment,P13,HV1,3,keep_right,P13_HV1_3,P13_HV1.1.asc,HV3,60,initiator_active,14405,1,240083.33,240083.3339,3.0,3.0,28.283317,101.81994,5.0,257.761288,-5258.456418,0.014688,0.340314,0.0,28.281552,-0.04412,0.0,5258.598049,-58.835682,6.324287,1.0,0.0,1.0,0.0,5219.062647,-56.122889,1021.0,6.0,218.68359,6.0,0.767399,37.028211,133.301558,37.028025,-0.117235,-2.5e-05,0.492351,0.297162,9e-06,-0.019468,0.54375,0.0,1.0,0.0,0.0,0.0,-9999.0,-9999.0,-9999.0,-9999.0,-9999.0,-9999.0,-9999.0,-9999.0,-9999.0,-9999.0,-9999.0,-9999.0,-9999.0,-9999.0
P13_HV1_3_interaction,active_and_state_lat_and_long_zero_last_source_row_continuous_segment,P13,HV1,3,keep_right,P13_HV1_3,P13_HV1.1.asc,HV3,60,initiator_active,14406,1,240100.0,240100.0008,3.0,3.0,28.281623,101.813841,6.0,258.232188,-5258.92718,0.012159,0.329278,0.0,28.28176,-0.043514,0.0,5259.069039,-58.816983,6.324465,1.0,0.0,1.0,0.0,5219.679752,-56.120087,1021.0,6.0,219.300674,6.0,0.773317,37.036397,133.331028,37.036211,-0.117223,-2.5e-05,0.491964,0.29713,-2.1e-05,-0.019468,0.54125,0.0,1.0,0.0,0.0,0.0,-9999.0,-9999.0,-9999.0,-9999.0,-9999.0,-9999.0,-9999.0,-9999.0,-9999.0,-9999.0,-9999.0,-9999.0,-9999.0,-9999.0
P13_HV1_3_interaction,active_and_state_lat_and_long_zero_last_source_row_continuous_segment,P13,HV1,3,keep_right,P13_HV1_3,P13_HV1.1.asc,HV3,60,initiator_active,14407,1,240116.67,240116.6691,3.0,3.0,28.28167,101.814014,6.0,258.703077,-5259.397931,0.016092,0.3119,0.0,28.281987,-0.042843,0.0,5259.540028,-58.798194,6.324631,1.0,0.0,1.0,0.0,5220.296994,-56.117203,1021.0,6.0,219.917892,6.0,0.779318,37.044575,133.360471,37.04439,-0.117209,-2.5e-05,0.49133,0.297893,-4.7e-05,-0.019782,0.53975,0.0,1.0,0.0,0.0,0.0,-9999.0,-9999.0,-9999.0,-9999.0,-9999.0,-9999.0,-9999.0,-9999.0,-9999.0,-9999.0,-9999.0,-9999.0,-9999.0,-9999.0
P13_HV1_3_interaction,active_and_state_lat_and_long_zero_last_source_row_continuous_segment,P13,HV1,3,keep_right,P13_HV1_3,P13_HV1.1.asc,HV3,60,initiator_active,14408,1,240133.33,240133.3341,3.0,3.0,28.281858,101.814689,6.0,259.173966,-5259.868681,0.022794,0.295365,0.0,28.282244,-0.042122,0.0,5260.011018,-58.779318,6.324787,1.0,0.0,1.0,0.0,5220.914371,-56.114234,1021.0,6.0,220.535247,6.0,0.785404,37.052737,133.389851,37.052551,-0.117187,-2.6e-05,0.49016,0.299436,-6.7e-05,-0.02041,0.5375,0.0,1.0,0.0,0.0,0.0,-9999.0,-9999.0,-9999.0,-9999.0,-9999.0,-9999.0,-9999.0,-9999.0,-9999.0,-9999.0,-9999.0,-9999.0,-9999.0,-9999.0
P13_HV1_3_interaction,active_and_state_lat_and_long_zero_last_source_row_continuous_segment,P13,HV1,3,keep_right,P13_HV1_3,P13_HV1.1.asc,HV3,60,initiator_active,14409,1,240150.0,240150.0006,3.0,3.0,28.282117,101.815622,6.0,259.644854,-5260.33943,0.015655,0.275672,0.0,28.282603,-0.041319,0.0,5260.48201,-58.760361,6.32493,1.0,0.0,1.0,0.0,5221.531884,-56.111182,1021.0,6.0,221.152736,6.0,0.791575,37.060879,133.419166,37.060694,-0.117166,-2.8e-05,0.489221,0.300984,-8.5e-05,-0.021038,0.5375,0.0,1.0,0.0,0.0,0.0,-9999.0,-9999.0,-9999.0,-9999.0,-9999.0,-9999.0,-9999.0,-9999.0,-9999.0,-9999.0,-9999.0,-9999.0,-9999.0,-9999.0
P13_HV1_3_interaction,active_and_state_lat_and_long_zero_last_source_row_continuous_segment,P13,HV1,3,keep_right,P13_HV1_3,P13_HV1.1.asc,HV3,60,initiator_active,14410,1,240166.67,240166.6677,3.0,3.0,28.282431,101.816751,6.0,260.115744,-5260.810181,0.009895,0.260297,0.0,28.282845,-0.040506,0.0,5260.953004,-58.741327,6.325061,1.0,0.0,1.0,0.0,5222.149532,-56.108045,1021.0,6.0,221.770361,6.0,0.797831,37.069012,133.448442,37.068827,-0.117145,-2.9e-05,0.48873,0.303337,-0.000103,-0.02198,0.535,0.0,1.0,0.0,0.0,0.0,-9999.0,-9999.0,-9999.0,-9999.0,-9999.0,-9999.0,-9999.0,-9999.0,-9999.0,-9999.0,-9999.0,-9999.0,-9999.0,-9999.0
P13_HV1_3_interaction,active_and_state_lat_and_long_zero_last_source_row_continuous_segment,P13,HV1,3,keep_right,P13_HV1_3,P13_HV1.1.asc,HV3,60,initiator_active,14411,1,240183.33,240183.3343,3.0,3.0,28.28273,101.817829,6.0,260.586636,-5261.280932,0.012457,0.242903,0.0,28.283044,-0.039582,0.0,5261.423998,-58.722222,6.325179,1.0,0.0,1.0,0.0,5222.767315,-56.104824,1021.0,6.0,222.38812,6.0,0.804172,37.077137,133.477694,37.076952,-0.11712,-3.1e-05,0.48837,0.30689,-0.000118,-0.023393,0.532,0.0,1.0,0.0,0.0,0.0,-9999.0,-9999.0,-9999.0,-9999.0,-9999.0,-9999.0,-9999.0,-9999.0,-9999.0,-9999.0,-9999.0,-9999.0,-9999.0,-9999.0
P13_HV1_3_interaction,active_and_state_lat_and_long_zero_last_source_row_continuous_segment,P13,HV1,3,keep_right,P13_HV1_3,P13_HV1.1.asc,HV3,60,initiator_active,14412,1,240200.0,240200.0004,3.0,3.0,28.282925,101.818531,6.0,261.057528,-5261.751684,0.013367,0.224056,0.0,28.283239,-0.038522,0.0,5261.894994,-58.703051,6.325282,1.0,0.0,1.0,0.0,5223.385233,-56.101517,1021.0,6.0,223.006013,6.0,0.810599,37.085257,133.506924,37.085072,-0.117101,-3.3e-05,0.488051,0.311271,-0.00013,-0.02512,0.53025,0.0,1.0,0.0,0.0,0.0,-9999.0,-9999.0,-9999.0,-9999.0,-9999.0,-9999.0,-9999.0,-9999.0,-9999.0,-9999.0,-9999.0,-9999.0,-9999.0,-9999.0
P13_HV1_3_interaction,active_and_state_lat_and_long_zero_last_source_row_continuous_segment,P13,HV1,3,keep_right,P13_HV1_3,P13_HV1.1.asc,HV3,60,initiator_active,14413,1,240216.67,240216.6674,3.0,3.0,28.283146,101.819325,6.0,261.52842,-5262.222437,0.017816,0.203913,0.0,28.283463,-0.037386,0.0,5262.36599,-58.683818,6.325371,1.0,0.0,1.0,0.0,5224.003286,-56.098124,1021.0,6.0,223.624041,6.0,0.817114,37.093369,133.536128,37.093184,-0.11709,-3.5e-05,0.487282,0.317293,-0.000139,-0.027475,0.52775,0.0,0.0,1.0,0.0,0.0,-9999.0,-9999.0,-9999.0,-9999.0,-9999.0,-9999.0,-9999.0,-9999.0,-9999.0,-9999.0,-9999.0,-9999.0,-9999.0,-9999.0
P13_HV1_3_interaction,active_and_state_lat_and_long_zero_last_source_row_continuous_segment,P13,HV1,3,keep_right,P13_HV1_3,P13_HV1.1.asc,HV3,60,initiator_active,14414,1,240233.33,240233.3342,3.0,3.0,28.283349,101.820056,6.0,261.999313,-5262.693189,0.029807,0.186846,0.0,28.28375,-0.036147,0.0,5262.836988,-58.664529,6.325445,1.0,0.0,1.0,0.0,5224.621474,-56.094643,1021.0,6.0,224.242204,6.0,0.823716,37.101458,133.565247,37.101273,-0.11711,-3.7e-05,0.485866,0.323829,-0.00015,-0.029987,0.52675,0.0,0.0,1.0,0.0,0.0,-9999.0,-9999.0,-9999.0,-9999.0,-9999.0,-9999.0,-9999.0,-9999.0,-9999.0,-9999.0,-9999.0,-9999.0,-9999.0,-9999.0
P13_HV1_3_interaction,active_and_state_lat_and_long_zero_last_source_row_continuous_segment,P13,HV1,3,keep_right,P13_HV1_3,P13_HV1.1.asc,HV3,60,initiator_active,14415,1,240250.0,240250.0008,3.0,3.0,28.28361,101.820997,6.0,262.470208,-5263.163942,0.009401,0.16739,0.0,28.284149,-0.034742,0.0,5263.307989,-58.645189,6.325503,1.0,0.0,1.0,0.0,5225.239796,-56.091073,1021.0,6.0,224.8605,6.0,0.830408,37.109526,133.594293,37.109341,-0.117193,-4e-05,0.484188,0.330567,-0.000166,-0.032499,0.52675,0.0,0.0,1.0,0.0,0.0,-9999.0,-9999.0,-9999.0,-9999.0,-9999.0,-9999.0,-9999.0,-9999.0,-9999.0,-9999.0,-9999.0,-9999.0,-9999.0,-9999.0
P13_HV1_3_interaction,active_and_state_lat_and_long_zero_last_source_row_continuous_segment,P13,HV1,3,keep_right,P13_HV1_3,P13_HV1.1.asc,HV3,60,initiator_active,14416,1,240266.67,240266.6676,3.0,3.0,28.283998,101.822392,6.0,262.941106,-5263.634699,0.016234,0.149988,0.0,28.284322,-0.033271,0.0,5263.778994,-58.625803,6.325547,1.0,0.0,1.0,0.0,5225.858252,-56.087413,1021.0,6.0,225.47893,6.0,0.837192,37.117545,133.623161,37.117359,-0.117365,-4.3e-05,0.480887,0.337591,-0.000194,-0.035011,0.5255,0.0,0.0,1.0,0.0,0.0,-9999.0,-9999.0,-9999.0,-9999.0,-9999.0,-9999.0,-9999.0,-9999.0,-9999.0,-9999.0,-9999.0,-9999.0,-9999.0,-9999.0
P13_HV1_3_interaction,active_and_state_lat_and_long_zero_last_source_row_continuous_segment,P13,HV1,3,keep_right,P13_HV1_3,P13_HV1.1.asc,HV3,60,initiator_active,14417,1,240283.33,240283.3338,3.0,3.0,28.284226,101.823215,6.0,263.412006,-5264.105459,0.00944,0.129798,0.0,28.284587,-0.031682,0.0,5264.25,-58.606376,6.325576,1.0,0.0,1.0,0.0,5226.476841,-56.083662,1021.0,6.0,226.097492,6.0,0.844067,37.12551,133.651836,37.125323,-0.117655,-4.7e-05,0.477556,0.344586,-0.000238,-0.037366,0.524,0.0,0.0,1.0,0.0,0.0,-9999.0,-9999.0,-9999.0,-9999.0,-9999.0,-9999.0,-9999.0,-9999.0,-9999.0,-9999.0,-9999.0,-9999.0,-9999.0,-9999.0
P13_HV1_3_interaction,active_and_state_lat_and_long_zero_last_source_row_continuous_segment,P13,HV1,3,keep_right,P13_HV1_3,P13_HV1.1.asc,HV3,60,initiator_active,14418,1,240300.0,240300.0,3.0,3.0,28.284456,101.824043,6.0,263.882909,-5264.576219,0.004818,0.106908,0.0,28.284712,-0.029988,0.0,5264.721009,-58.586914,6.325589,1.0,0.0,1.0,0.0,5227.095563,-56.079816,1021.0,6.0,226.716186,6.0,0.851037,37.133417,133.680301,37.133229,-0.118079,-5.1e-05,0.474555,0.352397,-0.000294,-0.039878,0.5235,0.0,0.0,1.0,0.0,0.0,-9999.0,-9999.0,-9999.0,-9999.0,-9999.0,-9999.0,-9999.0,-9999.0,-9999.0,-9999.0,-9999.0,-9999.0,-9999.0,-9999.0
P13_HV1_3_interaction,active_and_state_lat_and_long_zero_last_source_row_continuous_segment,P13,HV1,3,keep_right,P13_HV1_3,P13_HV1.1.asc,HV3,60,initiator_active,14419,1,240316.67,240316.6676,3.0,3.0,28.284666,101.824797,6.0,264.353813,-5265.046982,0.01208,0.084179,0.0,28.284825,-0.028228,0.0,5265.192018,-58.567423,6.325588,1.0,0.0,1.0,0.0,5227.714415,-56.075876,1021.0,6.0,227.335011,6.0,0.858102,37.141289,133.70864,37.141099,-0.118645,-5.6e-05,0.47238,0.361455,-0.000358,-0.042704,0.523,0.0,0.0,1.0,0.0,0.0,-9999.0,-9999.0,-9999.0,-9999.0,-9999.0,-9999.0,-9999.0,-9999.0,-9999.0,-9999.0,-9999.0,-9999.0,-9999.0,-9999.0
P13_HV1_3_interaction,active_and_state_lat_and_long_zero_last_source_row_continuous_segment,P13,HV1,3,keep_right,P13_HV1_3,P13_HV1.1.asc,HV3,60,initiator_active,14420,1,240333.33,240333.3343,3.0,3.0,28.284752,101.825109,6.0,264.824718,-5265.517746,0.013602,0.061269,0.0,28.285001,-0.026439,0.0,5265.663029,-58.547908,6.325571,1.0,0.0,1.0,0.0,5228.333399,-56.071838,1021.0,6.0,227.953966,6.0,0.865266,37.149105,133.736777,37.148913,-0.119383,-6.3e-05,0.46833,0.370237,-0.000422,-0.045216,0.523,0.0,0.0,1.0,0.0,0.0,-9999.0,-9999.0,-9999.0,-9999.0,-9999.0,-9999.0,-9999.0,-9999.0,-9999.0,-9999.0,-9999.0,-9999.0,-9999.0,-9999.0
P13_HV1_3_interaction,active_and_state_lat_and_long_zero_last_source_row_continuous_segment,P13,HV1,3,keep_right,P13_HV1_3,P13_HV1.1.asc,HV3,60,initiator_active,14421,1,240350.0,240350.0,3.0,3.0,28.284926,101.825735,6.0,265.295624,-5265.98851,0.013187,0.038196,0.0,28.285242,-0.024572,0.0,5266.134042,-58.528376,6.325538,1.0,0.0,1.0,0.0,5228.952512,-56.067701,1021.0,6.0,228.57305,6.0,0.872529,37.156843,133.764636,37.156648,-0.120296,-7.1e-05,0.463753,0.380365,-0.000484,-0.048042,0.523,0.0,0.0,1.0,0.0,0.0,-9999.0,-9999.0,-9999.0,-9999.0,-9999.0,-9999.0,-9999.0,-9999.0,-9999.0,-9999.0,-9999.0,-9999.0,-9999.0,-9999.0
P13_HV1_3_interaction,active_and_state_lat_and_long_zero_last_source_row_continuous_segment,P13,HV1,3,keep_right,P13_HV1_3,P13_HV1.1.asc,HV3,60,initiator_active,14422,1,240366.67,240366.6669,3.0,3.0,28.285115,101.826414,6.0,265.766533,-5266.459277,0.012163,0.01628,0.0,28.285457,-0.022673,0.0,5266.605059,-58.508834,6.325489,1.0,0.0,0.0,0.0,5229.571753,-56.063463,1021.0,6.0,229.192262,6.0,0.879895,37.164512,133.792244,37.164314,-0.121395,-7.9e-05,0.459695,0.391466,-0.000543,-0.051025,0.52275,0.0,0.0,1.0,0.0,0.0,-9999.0,-9999.0,-9999.0,-9999.0,-9999.0,-9999.0,-9999.0,-9999.0,-9999.0,-9999.0,-9999.0,-9999.0,-9999.0,-9999.0
P13_HV1_3_interaction,active_and_state_lat_and_long_zero_last_source_row_continuous_segment,P13,HV1,3,keep_right,P13_HV1_3,P13_HV1.1.asc,HV3,60,initiator_active,14423,1,240383.33,240383.3336,3.0,3.0,28.285353,101.827269,6.0,266.237444,-5266.930048,0.035137,-0.007992,0.0,28.28566,-0.02069,0.0,5267.076078,-58.489289,6.325425,1.0,0.0,0.0,0.0,5230.191121,-56.05912,1021.0,6.0,229.811601,6.0,0.887366,37.172112,133.819602,37.171909,-0.12271,-8.9e-05,0.455887,0.402016,-0.000599,-0.053537,0.52175,0.0,0.0,1.0,0.0,0.0,-9999.0,-9999.0,-9999.0,-9999.0,-9999.0,-9999.0,-9999.0,-9999.0,-9999.0,-9999.0,-9999.0,-9999.0,-9999.0,-9999.0
P13_HV1_3_interaction,active_and_state_lat_and_long_zero_last_source_row_continuous_segment,P13,HV1,3,keep_right,P13_HV1_3,P13_HV1.1.asc,HV3,60,initiator_active,14424,1,240400.0,240400.0003,3.0,3.0,28.285559,101.828012,6.0,266.70836,-5267.400821,0.015344,-0.032524,0.0,28.286209,-0.018646,0.0,5267.547103,-58.469745,6.325345,1.0,0.0,0.0,0.0,5230.810616,-56.054669,1021.0,6.0,230.431065,6.0,0.894944,37.179662,133.846784,37.179455,-0.124238,-9.9e-05,0.453702,0.414018,-0.000644,-0.056363,0.52175,0.0,0.0,1.0,0.0,0.0,-9999.0,-9999.0,-9999.0,-9999.0,-9999.0,-9999.0,-9999.0,-9999.0,-9999.0,-9999.0,-9999.0,-9999.0,-9999.0,-9999.0
P13_HV1_3_interaction,active_and_state_lat_and_long_zero_last_source_row_continuous_segment,P13,HV1,3,keep_right,P13_HV1_3,P13_HV1.1.asc,HV3,60,initiator_active,14425,1,240416.67,240416.6697,3.0,3.0,28.285953,101.829432,6.0,267.17928,-5267.8716,0.013289,-0.049379,0.0,28.286463,-0.016528,0.0,5268.018136,-58.450211,6.325248,1.0,0.0,0.0,0.0,5231.430236,-56.050109,1021.0,6.0,231.050654,6.0,0.902634,37.187189,133.873879,37.186975,-0.126,-0.00011,0.452418,0.425515,-0.000671,-0.058718,0.52175,0.0,0.0,1.0,0.0,0.0,-9999.0,-9999.0,-9999.0,-9999.0,-9999.0,-9999.0,-9999.0,-9999.0,-9999.0,-9999.0,-9999.0,-9999.0,-9999.0,-9999.0
P13_HV1_3_interaction,active_and_state_lat_and_long_zero_last_source_row_continuous_segment,P13,HV1,3,keep_right,P13_HV1_3,P13_HV1.1.asc,HV3,60,initiator_active,14426,1,240433.34,240433.3375,3.0,3.0,28.286338,101.830816,6.0,267.650208,-5268.342388,0.004136,-0.070759,0.0,28.286601,-0.014285,0.0,5268.489174,-58.430692,6.325137,1.0,0.0,0.0,0.0,5232.04998,-56.045436,1021.0,6.0,231.670366,6.0,0.910437,37.194685,133.900865,37.194464,-0.127979,-0.000121,0.450337,0.439272,-0.000672,-0.061701,0.52075,0.0,0.0,1.0,0.0,0.0,-9999.0,-9999.0,-9999.0,-9999.0,-9999.0,-9999.0,-9999.0,-9999.0,-9999.0,-9999.0,-9999.0,-9999.0,-9999.0,-9999.0
P13_HV1_3_interaction,active_and_state_lat_and_long_zero_last_source_row_continuous_segment,P13,HV1,3,keep_right,P13_HV1_3,P13_HV1.1.asc,HV3,60,initiator_active,14427,1,240450.0,240450.0008,3.0,3.0,28.286574,101.831667,6.0,268.121142,-5268.81318,0.017793,-0.088635,0.0,28.286746,-0.011929,0.0,5268.960215,-58.411192,6.32501,1.0,0.0,0.0,0.0,5232.669848,-56.040646,1021.0,6.0,232.290203,6.0,0.918357,37.202141,133.927708,37.201914,-0.13017,-0.000132,0.448195,0.45447,-0.000645,-0.064998,0.52075,0.0,0.0,1.0,0.0,0.0,-9999.0,-9999.0,-9999.0,-9999.0,-9999.0,-9999.0,-9999.0,-9999.0,-9999.0,-9999.0,-9999.0,-9999.0,-9999.0,-9999.0
P13_HV1_3_interaction,active_and_state_lat_and_long_zero_last_source_row_continuous_segment,P13,HV1,3,keep_right,P13_HV1_3,P13_HV1.1.asc,HV3,60,initiator_active,14428,1,240466.67,240466.6678,3.0,3.0,28.286636,101.83189,6.0,268.592077,-5269.283975,0.011676,-0.107915,0.0,28.28702,-0.009521,0.0,5269.431259,-58.391718,6.32487,1.0,0.0,0.0,0.0,5233.28984,-56.035736,1021.0,6.0,232.910162,6.0,0.926398,37.209569,133.954447,37.209332,-0.132573,-0.000142,0.446747,0.471109,-0.000598,-0.068609,0.52075,0.0,0.0,1.0,0.0,0.0,-9999.0,-9999.0,-9999.0,-9999.0,-9999.0,-9999.0,-9999.0,-9999.0,-9999.0,-9999.0,-9999.0,-9999.0,-9999.0,-9999.0
P13_HV1_3_interaction,active_and_state_lat_and_long_zero_last_source_row_continuous_segment,P13,HV1,3,keep_right,P13_HV1_3,P13_HV1.1.asc,HV3,60,initiator_active,14429,1,240483.33,240483.3343,3.0,3.0,28.286895,101.832824,6.0,269.063018,-5269.754775,0.016837,-0.124564,0.0,28.287273,-0.007044,0.0,5269.902309,-58.372274,6.324716,1.0,0.0,0.0,0.0,5233.909955,-56.030701,1021.0,6.0,233.530243,6.0,0.934565,37.216974,133.981107,37.216729,-0.135197,-0.000151,0.445789,0.488811,-0.000535,-0.072377,0.52075,0.0,0.0,1.0,0.0,0.0,-9999.0,-9999.0,-9999.0,-9999.0,-9999.0,-9999.0,-9999.0,-9999.0,-9999.0,-9999.0,-9999.0,-9999.0,-9999.0,-9999.0
P13_HV1_3_interaction,active_and_state_lat_and_long_zero_last_source_row_continuous_segment,P13,HV1,3,keep_right,P13_HV1_3,P13_HV1.1.asc,HV3,60,initiator_active,14430,1,240500.0,240500.001,3.0,3.0,28.287118,101.833626,6.0,269.533964,-5270.225581,0.01044,-0.145057,0.0,28.287513,-0.004516,0.0,5270.373365,-58.352864,6.324551,1.0,0.0,0.0,0.0,5234.530192,-56.025537,1021.0,6.0,234.150447,6.0,0.942861,37.224368,134.007726,37.224113,-0.138027,-0.00016,0.445404,0.509559,-0.000463,-0.077087,0.52075,0.0,0.0,1.0,0.0,0.0,-9999.0,-9999.0,-9999.0,-9999.0,-9999.0,-9999.0,-9999.0,-9999.0,-9999.0,-9999.0,-9999.0,-9999.0,-9999.0,-9999.0
P13_HV1_3_interaction,active_and_state_lat_and_long_zero_last_source_row_continuous_segment,P13,HV1,3,keep_right,P13_HV1_3,P13_HV1.1.asc,HV3,60,initiator_active,14431,1,240516.67,240516.6677,3.0,3.0,28.287414,101.834691,6.0,270.004916,-5270.696393,0.010312,-0.162632,0.0,28.287686,-0.002003,0.0,5270.844426,-58.333494,6.324374,1.0,0.0,0.0,0.0,5235.150552,-56.020238,1021.0,6.0,234.770771,6.0,0.951292,37.231756,134.03432,37.231488,-0.141077,-0.000166,0.445072,0.531783,-0.000383,-0.082111,0.52025,0.0,0.0,1.0,0.0,0.0,-9999.0,-9999.0,-9999.0,-9999.0,-9999.0,-9999.0,-9999.0,-9999.0,-9999.0,-9999.0,-9999.0,-9999.0,-9999.0,-9999.0
P13_HV1_3_interaction,active_and_state_lat_and_long_zero_last_source_row_continuous_segment,P13,HV1,3,keep_right,P13_HV1_3,P13_HV1.1.asc,HV3,60,initiator_active,14432,1,240533.33,240533.3336,3.0,3.0,28.2876,101.835361,6.0,270.475873,-5271.167211,0.00044,-0.182873,0.0,28.287795,0.000461,0.0,5271.315492,-58.31417,6.324187,1.0,0.0,0.0,0.0,5235.771033,-56.0148,1021.0,6.0,235.391217,6.0,0.959863,37.239131,134.060872,37.238851,-0.144346,-0.000172,0.444233,0.557111,-0.000303,-0.088077,0.5205,0.0,0.0,1.0,0.0,0.0,-9999.0,-9999.0,-9999.0,-9999.0,-9999.0,-9999.0,-9999.0,-9999.0,-9999.0,-9999.0,-9999.0,-9999.0,-9999.0,-9999.0
P13_HV1_3_interaction,active_and_state_lat_and_long_zero_last_source_row_continuous_segment,P13,HV1,3,keep_right,P13_HV1_3,P13_HV1.1.asc,HV3,60,initiator_active,14433,1,240550.0,240550.0002,3.0,3.0,28.287772,101.835979,6.0,270.946835,-5271.638034,0.007208,-0.204601,0.0,28.287818,0.002882,0.0,5271.786562,-58.294895,6.323991,1.0,0.0,0.0,0.0,5236.391636,-56.009216,1021.0,6.0,236.011784,6.0,0.968581,37.246483,134.087339,37.24619,-0.147863,-0.000176,0.442979,0.584011,-0.000228,-0.094357,0.5205,0.0,0.0,1.0,0.0,0.0,-9999.0,-9999.0,-9999.0,-9999.0,-9999.0,-9999.0,-9999.0,-9999.0,-9999.0,-9999.0,-9999.0,-9999.0,-9999.0,-9999.0
P13_HV1_3_interaction,active_and_state_lat_and_long_zero_last_source_row_continuous_segment,P13,HV1,3,keep_right,P13_HV1_3,P13_HV1.1.asc,HV3,60,initiator_active,14434,1,240566.67,240566.667,3.0,3.0,28.287798,101.836073,6.0,271.417801,-5272.108861,0.014685,-0.22468,0.0,28.288,0.005215,0.0,5272.257634,-58.275677,6.323785,1.0,0.0,0.0,0.0,5237.01236,-56.003479,1021.0,6.0,236.632471,6.0,0.977452,37.253817,134.113743,37.253509,-0.151658,-0.000179,0.442291,0.61258,-0.000168,-0.100951,0.52075,0.0,0.0,1.0,0.0,0.0,-9999.0,-9999.0,-9999.0,-9999.0,-9999.0,-9999.0,-9999.0,-9999.0,-9999.0,-9999.0,-9999.0,-9999.0,-9999.0,-9999.0
P13_HV1_3_interaction,active_and_state_lat_and_long_zero_last_source_row_continuous_segment,P13,HV1,3,keep_right,P13_HV1_3,P13_HV1.1.asc,HV3,60,initiator_active,14435,1,240583.33,240583.3342,3.0,3.0,28.287878,101.836362,6.0,271.88877,-5272.579692,0.011365,-0.247827,0.0,28.288223,0.007449,0.0,5272.728712,-58.25652,6.32357,1.0,0.0,0.0,0.0,5237.633205,-55.997583,1021.0,6.0,237.253279,6.0,0.986484,37.261138,134.140096,37.260812,-0.155772,-0.000181,0.44141,0.642124,-0.000125,-0.107545,0.52075,0.0,0.0,1.0,0.0,0.0,-9999.0,-9999.0,-9999.0,-9999.0,-9999.0,-9999.0,-9999.0,-9999.0,-9999.0,-9999.0,-9999.0,-9999.0,-9999.0,-9999.0
P13_HV1_3_interaction,active_and_state_lat_and_long_zero_last_source_row_continuous_segment,P13,HV1,3,keep_right,P13_HV1_3,P13_HV1.1.asc,HV3,60,initiator_active,14436,1,240600.0,240600.0008,3.0,3.0,28.288121,101.837237,6.0,272.359746,-5273.05053,0.007188,-0.271499,0.0,28.288408,0.009558,0.0,5273.199797,-58.237432,6.323345,1.0,0.0,0.0,0.0,5238.25417,-55.99152,1021.0,6.0,237.874205,6.0,0.995683,37.268432,134.166356,37.268088,-0.160217,-0.000182,0.44007,0.674723,-9.9e-05,-0.114924,0.52,0.0,0.0,1.0,0.0,0.0,-9999.0,-9999.0,-9999.0,-9999.0,-9999.0,-9999.0,-9999.0,-9999.0,-9999.0,-9999.0,-9999.0,-9999.0,-9999.0,-9999.0
P13_HV1_3_interaction,active_and_state_lat_and_long_zero_last_source_row_continuous_segment,P13,HV1,3,keep_right,P13_HV1_3,P13_HV1.1.asc,HV3,60,initiator_active,14437,1,240616.67,240616.6674,3.0,3.0,28.288316,101.837939,6.0,272.830728,-5273.521375,-0.002717,-0.29557,0.0,28.288435,0.011548,0.0,5273.670887,-58.218417,6.323111,1.0,0.0,0.0,0.0,5238.875256,-55.985281,1021.0,6.0,238.495251,6.0,1.005058,37.275707,134.192546,37.275342,-0.165048,-0.000184,0.439339,0.707273,-8.9e-05,-0.121832,0.5195,0.0,0.0,1.0,0.0,0.0,-9999.0,-9999.0,-9999.0,-9999.0,-9999.0,-9999.0,-9999.0,-9999.0,-9999.0,-9999.0,-9999.0,-9999.0,-9999.0,-9999.0
P13_HV1_3_interaction,active_and_state_lat_and_long_zero_last_source_row_continuous_segment,P13,HV1,3,keep_right,P13_HV1_3,P13_HV1.1.asc,HV3,60,initiator_active,14438,1,240633.33,240633.3337,3.0,3.0,28.288467,101.838481,6.0,273.301716,-5273.992227,0.005682,-0.320135,0.0,28.288366,0.013429,0.0,5274.141981,-58.199484,6.322866,1.0,0.0,0.0,0.0,5239.496461,-55.978859,1021.0,6.0,239.116416,6.0,1.014617,37.282968,134.218684,37.282579,-0.170273,-0.000185,0.438752,0.743071,-9e-05,-0.129525,0.51975,0.0,0.0,1.0,0.0,0.0,-9999.0,-9999.0,-9999.0,-9999.0,-9999.0,-9999.0,-9999.0,-9999.0,-9999.0,-9999.0,-9999.0,-9999.0,-9999.0,-9999.0
P13_HV1_3_interaction,active_and_state_lat_and_long_zero_last_source_row_continuous_segment,P13,HV1,3,keep_right,P13_HV1_3,P13_HV1.1.asc,HV3,60,initiator_active,14439,1,240650.0,240650.0003,3.0,3.0,28.288411,101.838281,6.0,273.772708,-5274.463083,0.016329,-0.344694,0.0,28.288555,0.015243,0.0,5274.613077,-58.18064,6.32261,1.0,0.0,0.0,0.0,5240.117785,-55.972245,1021.0,6.0,239.737699,6.0,1.024369,37.290214,134.244769,37.289799,-0.175912,-0.000186,0.438154,0.781369,-9.6e-05,-0.137689,0.51975,0.0,0.0,1.0,0.0,0.0,-9999.0,-9999.0,-9999.0,-9999.0,-9999.0,-9999.0,-9999.0,-9999.0,-9999.0,-9999.0,-9999.0,-9999.0,-9999.0,-9999.0
P13_HV1_3_interaction,active_and_state_lat_and_long_zero_last_source_row_continuous_segment,P13,HV1,3,keep_right,P13_HV1_3,P13_HV1.1.asc,HV3,60,initiator_active,14440,1,240666.67,240666.6672,3.0,3.0,28.288412,101.838282,6.0,274.243704,-5274.933943,0.008315,-0.369184,0.0,28.288798,0.016995,0.0,5275.084181,-58.16189,6.322342,1.0,0.0,0.0,0.0,5240.739227,-55.965429,1021.0,6.0,240.359099,6.0,1.034323,37.297443,134.270796,37.296999,-0.182019,-0.000188,0.437351,0.819853,-0.000105,-0.145382,0.5195,0.0,0.0,1.0,0.0,0.0,-9999.0,-9999.0,-9999.0,-9999.0,-9999.0,-9999.0,-9999.0,-9999.0,-9999.0,-9999.0,-9999.0,-9999.0,-9999.0,-9999.0
P13_HV1_3_interaction,active_and_state_lat_and_long_zero_last_source_row_continuous_segment,P13,HV1,3,keep_right,P13_HV1_3,P13_HV1.1.asc,HV3,60,initiator_active,14441,1,240683.33,240683.3335,3.0,3.0,28.28869,101.839283,6.0,274.714707,-5275.404811,0.032001,-0.389592,0.0,28.289032,0.018677,0.0,5275.555293,-58.143241,6.322062,1.0,0.0,0.0,0.0,5241.360788,-55.9584,1021.0,6.0,240.980617,6.0,1.04449,37.304651,134.296742,37.304174,-0.188626,-0.000189,0.436387,0.859431,-0.000118,-0.152918,0.51825,0.0,0.0,1.0,0.0,0.0,-9999.0,-9999.0,-9999.0,-9999.0,-9999.0,-9999.0,-9999.0,-9999.0,-9999.0,-9999.0,-9999.0,-9999.0,-9999.0,-9999.0
P13_HV1_3_interaction,active_and_state_lat_and_long_zero_last_source_row_continuous_segment,P13,HV1,3,keep_right,P13_HV1_3,P13_HV1.1.asc,HV3,60,initiator_active,14442,1,240700.0,240700.0006,3.0,3.0,28.288865,101.839916,6.0,275.185718,-5275.875689,0.013214,-0.41221,0.0,28.289484,0.020385,0.0,5276.026414,-58.124701,6.321768,1.0,0.0,1.0,0.0,5241.982467,-55.95115,1021.0,6.0,241.602251,6.0,1.05488,37.311841,134.322629,37.311328,-0.195763,-0.000191,0.435883,0.899768,-0.000133,-0.16014,0.517,0.0,0.0,1.0,0.0,0.0,-9999.0,-9999.0,-9999.0,-9999.0,-9999.0,-9999.0,-9999.0,-9999.0,-9999.0,-9999.0,-9999.0,-9999.0,-9999.0,-9999.0
P13_HV1_3_interaction,active_and_state_lat_and_long_zero_last_source_row_continuous_segment,P13,HV1,3,keep_right,P13_HV1_3,P13_HV1.1.asc,HV3,60,initiator_active,14443,1,240716.67,240716.6673,3.0,3.0,28.289296,101.841467,6.0,275.65674,-5276.346578,0.013365,-0.435127,0.0,28.289709,0.022114,0.0,5276.497547,-58.106276,6.32146,1.0,0.0,1.0,0.0,5242.604263,-55.943666,1021.0,6.0,242.224001,6.0,1.065504,37.319017,134.348462,37.318463,-0.203454,-0.000193,0.435422,0.94051,-0.000147,-0.166891,0.51575,0.0,0.0,1.0,0.0,0.0,-9999.0,-9999.0,-9999.0,-9999.0,-9999.0,-9999.0,-9999.0,-9999.0,-9999.0,-9999.0,-9999.0,-9999.0,-9999.0,-9999.0
P13_HV1_3_interaction,active_and_state_lat_and_long_zero_last_source_row_continuous_segment,P13,HV1,3,keep_right,P13_HV1_3,P13_HV1.1.asc,HV3,60,initiator_active,14444,1,240733.33,240733.3343,3.0,3.0,28.289591,101.842527,6.0,276.127774,-5276.817478,0.010491,-0.454849,0.0,28.289905,0.023917,0.0,5276.968687,-58.087973,6.321137,1.0,0.0,1.0,0.0,5243.226176,-55.935939,1021.0,6.0,242.845867,6.0,1.076372,37.32618,134.374247,37.325579,-0.211703,-0.000196,0.435043,0.982483,-0.000156,-0.173485,0.51425,0.0,0.0,1.0,0.0,0.0,-9999.0,-9999.0,-9999.0,-9999.0,-9999.0,-9999.0,-9999.0,-9999.0,-9999.0,-9999.0,-9999.0,-9999.0,-9999.0,-9999.0
P13_HV1_3_interaction,active_and_state_lat_and_long_zero_last_source_row_continuous_segment,P13,HV1,3,keep_right,P13_HV1_3,P13_HV1.1.asc,HV3,60,initiator_active,14445,1,240750.01,240750.0081,3.0,3.0,28.289817,101.84334,6.0,276.598816,-5277.288389,0.001309,-0.473591,0.0,28.289975,0.02581,0.0,5277.439836,-58.069796,6.320799,1.0,0.0,1.0,0.0,5243.848205,-55.927957,1021.0,6.0,243.467848,6.0,1.087495,37.333325,134.399971,37.332674,-0.220516,-0.000198,0.434233,1.024868,-0.000159,-0.179608,0.51425,0.0,0.0,1.0,0.0,0.0,-9999.0,-9999.0,-9999.0,-9999.0,-9999.0,-9999.0,-9999.0,-9999.0,-9999.0,-9999.0,-9999.0,-9999.0,-9999.0,-9999.0
P13_HV1_3_interaction,active_and_state_lat_and_long_zero_last_source_row_continuous_segment,P13,HV1,3,keep_right,P13_HV1_3,P13_HV1.1.asc,HV3,60,initiator_active,14446,1,240766.67,240766.6677,3.0,3.0,28.289988,101.843959,6.0,277.069867,-5277.759309,0.007321,-0.487655,0.0,28.290053,0.027829,0.0,5277.910991,-58.051751,6.320447,1.0,0.0,1.0,0.0,5244.47035,-55.919708,1021.0,6.0,244.089943,6.0,1.098886,37.340441,134.425587,37.339733,-0.22988,-0.000201,0.432764,1.068449,-0.000155,-0.185574,0.51175,0.0,0.0,1.0,0.0,0.0,-9999.0,-9999.0,-9999.0,-9999.0,-9999.0,-9999.0,-9999.0,-9999.0,-9999.0,-9999.0,-9999.0,-9999.0,-9999.0,-9999.0
P13_HV1_3_interaction,active_and_state_lat_and_long_zero_last_source_row_continuous_segment,P13,HV1,3,keep_right,P13_HV1_3,P13_HV1.1.asc,HV3,60,initiator_active,14447,1,240783.33,240783.3334,3.0,3.0,28.289982,101.843935,6.0,277.540924,-5278.230237,0.007872,-0.502428,0.0,28.290142,0.029975,0.0,5278.382152,-58.033842,6.320082,1.0,0.0,1.0,0.0,5245.09261,-55.91118,1021.0,6.0,244.712152,6.0,1.110556,37.347523,134.451083,37.346754,-0.239752,-0.000203,0.431509,1.115186,-0.000146,-0.192168,0.5095,0.0,0.0,1.0,0.0,0.0,-9999.0,-9999.0,-9999.0,-9999.0,-9999.0,-9999.0,-9999.0,-9999.0,-9999.0,-9999.0,-9999.0,-9999.0,-9999.0,-9999.0
P13_HV1_3_interaction,active_and_state_lat_and_long_zero_last_source_row_continuous_segment,P13,HV1,3,keep_right,P13_HV1_3,P13_HV1.1.asc,HV3,60,initiator_active,14448,1,240800.01,240800.0141,3.0,3.0,28.290109,101.844392,6.0,278.011989,-5278.701173,-0.004611,-0.514799,0.0,28.290159,0.03224,0.0,5278.85332,-58.016074,6.319704,1.0,0.0,1.0,0.0,5245.714984,-55.902361,1021.0,6.0,245.334473,6.0,1.122517,37.35458,134.476489,37.353743,-0.250087,-0.000205,0.430752,1.165799,-0.000132,-0.199704,0.50575,0.0,0.0,1.0,0.0,0.0,-9999.0,-9999.0,-9999.0,-9999.0,-9999.0,-9999.0,-9999.0,-9999.0,-9999.0,-9999.0,-9999.0,-9999.0,-9999.0,-9999.0
P13_HV1_3_interaction,active_and_state_lat_and_long_zero_last_source_row_continuous_segment,P13,HV1,3,keep_right,P13_HV1_3,P13_HV1.1.asc,HV3,60,initiator_active,14449,1,240816.67,240816.6674,3.0,3.0,28.290203,101.84473,6.0,278.483062,-5279.172117,0.008411,-0.527866,0.0,28.290129,0.03461,0.0,5279.324493,-57.99845,6.319315,1.0,0.0,1.0,0.0,5246.337471,-55.893237,1021.0,6.0,245.956907,6.0,1.134785,37.361612,134.501804,37.360701,-0.260867,-0.000207,0.429836,1.219004,-0.000115,-0.207711,0.502,0.0,0.0,1.0,0.0,0.0,-9999.0,-9999.0,-9999.0,-9999.0,-9999.0,-9999.0,-9999.0,-9999.0,-9999.0,-9999.0,-9999.0,-9999.0,-9999.0,-9999.0
P13_HV1_3_interaction,active_and_state_lat_and_long_zero_last_source_row_continuous_segment,P13,HV1,3,keep_right,P13_HV1_3,P13_HV1.1.asc,HV3,60,initiator_active,14450,1,240833.34,240833.3352,3.0,3.0,28.290115,101.844414,6.0,278.95414,-5279.643068,0.047508,-0.538113,0.0,28.290286,0.037064,0.0,5279.795672,-57.980973,6.318916,1.0,0.0,1.0,0.0,5246.960072,-55.883795,1021.0,6.0,246.579452,6.0,1.147372,37.36861,134.526997,37.36762,-0.272048,-0.000208,0.42817,1.277627,-9.7e-05,-0.217288,0.49725,0.0,0.0,1.0,0.0,0.0,-9999.0,-9999.0,-9999.0,-9999.0,-9999.0,-9999.0,-9999.0,-9999.0,-9999.0,-9999.0,-9999.0,-9999.0,-9999.0,-9999.0
P13_HV1_3_interaction,active_and_state_lat_and_long_zero_last_source_row_continuous_segment,P13,HV1,3,keep_right,P13_HV1_3,P13_HV1.1.asc,HV3,60,initiator_active,14451,1,240850.02,240850.0159,3.0,3.0,28.290192,101.844693,6.0,279.425224,-5280.114027,0.013782,-0.547022,0.0,28.291006,0.039569,0.0,5280.266862,-57.963645,6.318509,1.0,0.0,1.0,0.0,5247.582784,-55.874017,1021.0,6.0,247.202107,6.0,1.160294,37.375554,134.551995,37.374478,-0.283636,-0.000209,0.425423,1.339205,-8.6e-05,-0.227493,0.49725,0.0,0.0,1.0,0.0,0.0,-9999.0,-9999.0,-9999.0,-9999.0,-9999.0,-9999.0,-9999.0,-9999.0,-9999.0,-9999.0,-9999.0,-9999.0,-9999.0,-9999.0
P13_HV1_3_interaction,active_and_state_lat_and_long_zero_last_source_row_continuous_segment,P13,HV1,3,keep_right,P13_HV1_3,P13_HV1.1.asc,HV3,60,initiator_active,14452,1,240866.67,240866.6667,3.0,3.0,28.290675,101.846429,6.0,279.896321,-5280.584998,0.009129,-0.555068,0.0,28.291171,0.04208,0.0,5280.738067,-57.946469,6.318097,1.0,0.0,1.0,0.0,5248.205606,-55.863889,1021.0,6.0,247.82487,6.0,1.173567,37.382432,134.576756,37.381263,-0.295637,-0.00021,0.422237,1.404624,-9e-05,-0.23864,0.49325,0.0,0.0,1.0,0.0,0.0,-9999.0,-9999.0,-9999.0,-9999.0,-9999.0,-9999.0,-9999.0,-9999.0,-9999.0,-9999.0,-9999.0,-9999.0,-9999.0,-9999.0
P13_HV1_3_interaction,active_and_state_lat_and_long_zero_last_source_row_continuous_segment,P13,HV1,3,keep_right,P13_HV1_3,P13_HV1.1.asc,HV3,60,initiator_active,14453,1,240883.33,240883.3336,3.0,3.0,28.291113,101.848007,6.0,280.367433,-5281.055986,0.014316,-0.563897,0.0,28.291313,0.044577,0.0,5281.209281,-57.929446,6.31768,1.0,0.0,1.0,0.0,5248.828538,-55.853393,1021.0,6.0,248.44774,6.0,1.187208,37.389238,134.601257,37.387969,-0.30809,-0.000212,0.418784,1.471918,-0.000115,-0.249944,0.489,0.0,0.0,1.0,0.0,0.0,-9999.0,-9999.0,-9999.0,-9999.0,-9999.0,-9999.0,-9999.0,-9999.0,-9999.0,-9999.0,-9999.0,-9999.0,-9999.0,-9999.0
P13_HV1_3_interaction,active_and_state_lat_and_long_zero_last_source_row_continuous_segment,P13,HV1,3,keep_right,P13_HV1_3,P13_HV1.1.asc,HV3,60,initiator_active,14454,1,240900.0,240900.0001,3.0,3.0,28.291239,101.848459,6.0,280.838555,-5281.526984,0.011511,-0.571078,0.0,28.291529,0.047014,0.0,5281.680502,-57.91258,6.317261,1.0,0.0,1.0,0.0,5249.451576,-55.842513,1021.0,6.0,249.070716,6.0,1.201235,37.395969,134.625487,37.39459,-0.321055,-0.000214,0.415666,1.539573,-0.000164,-0.260777,0.485,0.0,0.0,1.0,0.0,0.0,-9999.0,-9999.0,-9999.0,-9999.0,-9999.0,-9999.0,-9999.0,-9999.0,-9999.0,-9999.0,-9999.0,-9999.0,-9999.0,-9999.0
P13_HV1_3_interaction,active_and_state_lat_and_long_zero_last_source_row_continuous_segment,P13,HV1,3,keep_right,P13_HV1_3,P13_HV1.1.asc,HV3,60,initiator_active,14455,1,240916.67,240916.6668,3.0,3.0,28.291423,101.849123,6.0,281.309685,-5281.997993,0.010812,-0.581104,0.0,28.291697,0.049312,0.0,5282.151733,-57.895871,6.316841,1.0,0.0,1.0,0.0,5250.07472,-55.831229,1021.0,6.0,249.693795,6.0,1.215666,37.40264,134.649503,37.401143,-0.334616,-0.000217,0.412939,1.604837,-0.000233,-0.27004,0.48225,0.0,0.0,1.0,0.0,0.0,-9999.0,-9999.0,-9999.0,-9999.0,-9999.0,-9999.0,-9999.0,-9999.0,-9999.0,-9999.0,-9999.0,-9999.0,-9999.0,-9999.0
P13_HV1_3_interaction,active_and_state_lat_and_long_zero_last_source_row_continuous_segment,P13,HV1,3,keep_right,P13_HV1_3,P13_HV1.1.asc,HV3,60,initiator_active,14456,1,240933.33,240933.334,3.0,3.0,28.291616,101.849817,6.0,281.780825,-5282.469012,0.021005,-0.588803,0.0,28.291922,0.051458,0.0,5282.622972,-57.879322,6.316422,1.0,0.0,1.0,0.0,5250.697968,-55.819524,1021.0,6.0,250.316976,6.0,1.230518,37.409226,134.673214,37.4076,-0.348801,-0.000221,0.408505,1.669882,-0.00031,-0.278518,0.481,0.0,0.0,1.0,0.0,0.0,-9999.0,-9999.0,-9999.0,-9999.0,-9999.0,-9999.0,-9999.0,-9999.0,-9999.0,-9999.0,-9999.0,-9999.0,-9999.0,-9999.0
P13_HV1_3_interaction,active_and_state_lat_and_long_zero_last_source_row_continuous_segment,P13,HV1,3,keep_right,P13_HV1_3,P13_HV1.1.asc,HV3,60,initiator_active,14457,1,240950.01,240950.0119,3.0,3.0,28.291777,101.850397,6.0,282.251975,-5282.940042,0.014429,-0.594842,0.0,28.292235,0.053411,0.0,5283.094222,-57.862935,6.316006,1.0,0.0,1.0,0.0,5251.321318,-55.807381,1021.0,6.0,250.940257,6.0,1.245809,37.415712,134.696564,37.413945,-0.363655,-0.000227,0.403184,1.73182,-0.000388,-0.285112,0.481,0.0,0.0,1.0,0.0,0.0,-9999.0,-9999.0,-9999.0,-9999.0,-9999.0,-9999.0,-9999.0,-9999.0,-9999.0,-9999.0,-9999.0,-9999.0,-9999.0,-9999.0
P13_HV1_3_interaction,active_and_state_lat_and_long_zero_last_source_row_continuous_segment,P13,HV1,3,keep_right,P13_HV1_3,P13_HV1.1.asc,HV3,60,initiator_active,14458,1,240966.67,240966.6677,3.0,3.0,28.292087,101.851512,6.0,282.723136,-5283.411083,0.017123,-0.605616,0.0,28.292458,0.055159,0.0,5283.565481,-57.84671,6.315592,1.0,0.0,1.0,0.0,5251.944768,-55.794781,1021.0,6.0,251.563635,6.0,1.261556,37.422072,134.719459,37.420151,-0.379153,-0.000234,0.396421,1.79354,-0.00046,-0.290921,0.48025,0.0,0.0,1.0,0.0,0.0,-9999.0,-9999.0,-9999.0,-9999.0,-9999.0,-9999.0,-9999.0,-9999.0,-9999.0,-9999.0,-9999.0,-9999.0,-9999.0,-9999.0
P13_HV1_3_interaction,active_and_state_lat_and_long_zero_last_source_row_continuous_segment,P13,HV1,3,keep_right,P13_HV1_3,P13_HV1.1.asc,HV3,60,initiator_active,14459,1,240983.33,240983.3337,3.0,3.0,28.292345,101.852442,6.0,283.194307,-5283.882137,0.003748,-0.61302,0.0,28.292661,0.056653,0.0,5284.036751,-57.830652,6.315181,1.0,0.0,1.0,0.0,5252.568314,-55.781708,1021.0,6.0,252.187107,6.0,1.277778,37.428289,134.741842,37.426202,-0.395261,-0.000242,0.388851,1.854494,-0.000522,-0.295788,0.48025,0.0,0.0,1.0,0.0,0.0,-9999.0,-9999.0,-9999.0,-9999.0,-9999.0,-9999.0,-9999.0,-9999.0,-9999.0,-9999.0,-9999.0,-9999.0,-9999.0,-9999.0
P13_HV1_3_interaction,active_and_state_lat_and_long_zero_last_source_row_continuous_segment,P13,HV1,3,keep_right,P13_HV1_3,P13_HV1.1.asc,HV3,60,initiator_active,14460,1,241000.0,241000.0008,3.0,3.0,28.292589,101.853321,6.0,283.66549,-5284.353203,0.00955,-0.621472,0.0,28.292723,0.057941,0.0,5284.508029,-57.814762,6.314773,1.0,0.0,1.0,0.0,5253.191954,-55.768144,1021.0,6.0,252.81067,6.0,1.294492,37.434355,134.763679,37.432089,-0.411936,-0.000251,0.382252,1.914112,-0.000571,-0.299556,0.479,0.0,0.0,1.0,0.0,0.0,-9999.0,-9999.0,-9999.0,-9999.0,-9999.0,-9999.0,-9999.0,-9999.0,-9999.0,-9999.0,-9999.0,-9999.0,-9999.0,-9999.0
P13_HV1_3_interaction,active_and_state_lat_and_long_zero_last_source_row_continuous_segment,P13,HV1,3,keep_right,P13_HV1_3,P13_HV1.1.asc,HV3,60,initiator_active,14461,1,241016.67,241016.6677,3.0,3.0,28.292681,101.853653,6.0,284.136681,-5284.824278,0.010747,-0.628436,0.0,28.292868,0.058992,0.0,5284.979313,-57.799043,6.314369,1.0,0.0,1.0,0.0,5253.815684,-55.754071,1021.0,6.0,253.434322,6.0,1.311714,37.440324,134.785167,37.437865,-0.429115,-0.000261,0.378131,1.972625,-0.000601,-0.302382,0.479,0.0,0.0,1.0,0.0,0.0,-9999.0,-9999.0,-9999.0,-9999.0,-9999.0,-9999.0,-9999.0,-9999.0,-9999.0,-9999.0,-9999.0,-9999.0,-9999.0,-9999.0
P13_HV1_3_interaction,active_and_state_lat_and_long_zero_last_source_row_continuous_segment,P13,HV1,3,keep_right,P13_HV1_3,P13_HV1.1.asc,HV3,60,initiator_active,14462,1,241033.33,241033.3341,3.0,3.0,28.292791,101.854048,6.0,284.607881,-5285.295363,0.010739,-0.63385,0.0,28.293024,0.059867,0.0,5285.450607,-57.783496,6.313968,1.0,0.0,0.0,0.0,5254.439503,-55.739471,1021.0,6.0,254.058059,6.0,1.329464,37.446172,134.80622,37.443508,-0.446698,-0.000271,0.371616,2.031877,-0.0006,-0.305051,0.478,0.0,0.0,1.0,0.0,0.0,-9999.0,-9999.0,-9999.0,-9999.0,-9999.0,-9999.0,-9999.0,-9999.0,-9999.0,-9999.0,-9999.0,-9999.0,-9999.0,-9999.0
P13_HV1_3_interaction,active_and_state_lat_and_long_zero_last_source_row_continuous_segment,P13,HV1,3,keep_right,P13_HV1_3,P13_HV1.1.asc,HV3,60,initiator_active,14463,1,241050.09,241050.09,3.0,3.0,28.292946,101.854605,6.0,285.079089,-5285.766458,-0.004792,-0.638052,0.0,28.29318,0.060579,0.0,5285.921908,-57.768123,6.31357,1.0,0.0,0.0,0.0,5255.063407,-55.724329,1021.0,6.0,254.681878,6.0,1.347757,37.451873,134.826743,37.448991,-0.464597,-0.00028,0.364218,2.090754,-0.000568,-0.307249,0.478,0.0,0.0,1.0,0.0,0.0,-9999.0,-9999.0,-9999.0,-9999.0,-9999.0,-9999.0,-9999.0,-9999.0,-9999.0,-9999.0,-9999.0,-9999.0,-9999.0,-9999.0
P13_HV1_3_interaction,active_and_state_lat_and_long_zero_last_source_row_continuous_segment,P13,HV1,3,keep_right,P13_HV1_3,P13_HV1.1.asc,HV3,60,initiator_active,14464,1,241066.67,241066.6675,3.0,3.0,28.293102,101.855168,6.0,285.550307,-5286.237563,-0.000218,-0.639699,0.0,28.292973,0.06115,0.0,5286.393217,-57.752925,6.313174,1.0,0.0,0.0,0.0,5255.687392,-55.708624,1021.0,6.0,255.305776,6.0,1.366612,37.457423,134.846722,37.454312,-0.482714,-0.000289,0.357199,2.149835,-0.000511,-0.30929,0.478,0.0,0.0,1.0,0.0,0.0,-9999.0,-9999.0,-9999.0,-9999.0,-9999.0,-9999.0,-9999.0,-9999.0,-9999.0,-9999.0,-9999.0,-9999.0,-9999.0,-9999.0
P13_HV1_3_interaction,active_and_state_lat_and_long_zero_last_source_row_continuous_segment,P13,HV1,3,keep_right,P13_HV1_3,P13_HV1.1.asc,HV3,60,initiator_active,14465,1,241083.33,241083.3341,3.0,3.0,28.293129,101.855263,6.0,286.021533,-5286.708678,0.018282,-0.641654,0.0,28.293145,0.061627,0.0,5286.864528,-57.737905,6.312781,1.0,0.0,0.0,0.0,5256.311456,-55.692342,1021.0,6.0,255.92975,6.0,1.386046,37.462842,134.86623,37.459492,-0.500966,-0.000297,0.35198,2.208024,-0.000437,-0.31086,0.478,0.0,0.0,1.0,0.0,0.0,-9999.0,-9999.0,-9999.0,-9999.0,-9999.0,-9999.0,-9999.0,-9999.0,-9999.0,-9999.0,-9999.0,-9999.0,-9999.0,-9999.0
P13_HV1_3_interaction,active_and_state_lat_and_long_zero_last_source_row_continuous_segment,P13,HV1,3,keep_right,P13_HV1_3,P13_HV1.1.asc,HV3,60,initiator_active,14466,1,241100.0,241100.0002,3.0,3.0,28.29296,101.854656,6.0,286.492762,-5287.179797,0.015071,-0.642135,0.0,28.293367,0.062006,0.0,5287.335849,-57.723061,6.31239,1.0,0.0,0.0,0.0,5256.935595,-55.675463,1021.0,6.0,256.553796,6.0,1.406077,37.468165,134.885393,37.464566,-0.519258,-0.000303,0.349031,2.266335,-0.000344,-0.31243,0.478,0.0,0.0,1.0,0.0,0.0,-9999.0,-9999.0,-9999.0,-9999.0,-9999.0,-9999.0,-9999.0,-9999.0,-9999.0,-9999.0,-9999.0,-9999.0,-9999.0,-9999.0
P13_HV1_3_interaction,active_and_state_lat_and_long_zero_last_source_row_continuous_segment,P13,HV1,3,keep_right,P13_HV1_3,P13_HV1.1.asc,HV3,60,initiator_active,14467,1,241116.67,241116.6675,3.0,3.0,28.293286,101.855828,6.0,286.964002,-5287.650928,0.014915,-0.64153,0.0,28.293621,0.062315,0.0,5287.807179,-57.708394,6.312001,1.0,0.0,0.0,0.0,5257.559807,-55.65797,1021.0,6.0,257.177911,6.0,1.426722,37.473426,134.904334,37.469571,-0.537514,-0.000308,0.347599,2.323262,-0.000226,-0.313529,0.478,0.0,0.0,1.0,0.0,0.0,-9999.0,-9999.0,-9999.0,-9999.0,-9999.0,-9999.0,-9999.0,-9999.0,-9999.0,-9999.0,-9999.0,-9999.0,-9999.0,-9999.0
P13_HV1_3_interaction,active_and_state_lat_and_long_zero_last_source_row_continuous_segment,P13,HV1,3,keep_right,P13_HV1_3,P13_HV1.1.asc,HV3,60,initiator_active,14468,1,241133.33,241133.3335,3.0,3.0,28.293481,101.856533,6.0,287.435252,-5288.122069,0.007733,-0.641839,0.0,28.293788,0.062571,0.0,5288.278519,-57.693905,6.311614,1.0,0.0,0.0,0.0,5258.184089,-55.639846,1021.0,6.0,257.802094,6.0,1.447998,37.478632,134.923077,37.474513,-0.555657,-0.00031,0.346417,2.379009,-7.7e-05,-0.314314,0.478,0.0,0.0,1.0,0.0,0.0,-9999.0,-9999.0,-9999.0,-9999.0,-9999.0,-9999.0,-9999.0,-9999.0,-9999.0,-9999.0,-9999.0,-9999.0,-9999.0,-9999.0
P13_HV1_3_interaction,active_and_state_lat_and_long_zero_last_source_row_continuous_segment,P13,HV1,3,keep_right,P13_HV1_3,P13_HV1.1.asc,HV3,60,initiator_active,14469,1,241150.0,241150.0005,3.0,3.0,28.293734,101.857443,6.0,287.906513,-5288.593223,0.010949,-0.642342,0.0,28.293914,0.062763,0.0,5288.749866,-57.679594,6.311229,1.0,0.0,0.0,0.0,5258.808439,-55.621075,1021.0,6.0,258.426342,6.0,1.469921,37.483792,134.94165,37.479403,-0.573608,-0.000309,0.345415,2.433774,0.0001,-0.314942,0.478,0.0,0.0,1.0,0.0,0.0,-9999.0,-9999.0,-9999.0,-9999.0,-9999.0,-9999.0,-9999.0,-9999.0,-9999.0,-9999.0,-9999.0,-9999.0,-9999.0,-9999.0
P13_HV1_3_interaction,active_and_state_lat_and_long_zero_last_source_row_continuous_segment,P13,HV1,3,keep_right,P13_HV1_3,P13_HV1.1.asc,HV3,60,initiator_active,14470,1,241166.67,241166.6667,3.0,3.0,28.293841,101.857826,6.0,288.377782,-5289.064387,0.007356,-0.642785,0.0,28.294075,0.062894,0.0,5289.221222,-57.665461,6.310846,1.0,0.0,0.0,0.0,5259.432856,-55.60164,1021.0,6.0,259.050652,6.0,1.49251,37.488893,134.960015,37.48423,-0.591308,-0.000306,0.343929,2.486085,0.000297,-0.314942,0.47775,0.0,0.0,1.0,0.0,0.0,-9999.0,-9999.0,-9999.0,-9999.0,-9999.0,-9999.0,-9999.0,-9999.0,-9999.0,-9999.0,-9999.0,-9999.0,-9999.0,-9999.0
P13_HV1_3_interaction,active_and_state_lat_and_long_zero_last_source_row_continuous_segment,P13,HV1,3,keep_right,P13_HV1_3,P13_HV1.1.asc,HV3,60,initiator_active,14471,1,241183.33,241183.3341,3.0,3.0,28.293993,101.858376,6.0,288.84906,-5289.53556,-0.004095,-0.643036,0.0,28.294149,0.062968,0.0,5289.692585,-57.651505,6.310465,1.0,0.0,0.0,0.0,5260.057336,-55.581525,1021.0,6.0,259.675023,6.0,1.515779,37.493944,134.978199,37.489003,-0.608678,-0.000299,0.342896,2.537405,0.000502,-0.314628,0.47775,0.0,0.0,1.0,0.0,0.0,-9999.0,-9999.0,-9999.0,-9999.0,-9999.0,-9999.0,-9999.0,-9999.0,-9999.0,-9999.0,-9999.0,-9999.0,-9999.0,-9999.0
P13_HV1_3_interaction,active_and_state_lat_and_long_zero_last_source_row_continuous_segment,P13,HV1,3,keep_right,P13_HV1_3,P13_HV1.1.asc,HV3,60,initiator_active,14472,1,241200.0,241200.0,3.0,3.0,28.294125,101.858849,6.0,289.320347,-5290.006742,0.009818,-0.642892,0.0,28.294103,0.062996,0.0,5290.163953,-57.637728,6.310085,1.0,0.0,0.0,0.0,5260.681879,-55.560713,1021.0,6.0,260.299452,6.0,1.539744,37.498941,134.996187,37.493721,-0.625648,-0.000288,0.341718,2.587251,0.000704,-0.313843,0.478,0.0,0.0,1.0,0.0,0.0,-9999.0,-9999.0,-9999.0,-9999.0,-9999.0,-9999.0,-9999.0,-9999.0,-9999.0,-9999.0,-9999.0,-9999.0,-9999.0,-9999.0
P13_HV1_3_interaction,active_and_state_lat_and_long_zero_last_source_row_continuous_segment,P13,HV1,3,keep_right,P13_HV1_3,P13_HV1.1.asc,HV3,60,initiator_active,14473,1,241216.67,241216.6675,3.0,3.0,28.294103,101.858771,6.0,289.79164,-5290.477933,0.008494,-0.642682,0.0,28.294263,0.062987,0.0,5290.635327,-57.624129,6.309706,1.0,0.0,0.0,0.0,5261.306481,-55.539191,1021.0,6.0,260.923938,6.0,1.56442,37.503897,135.014028,37.498398,-0.642211,-0.000275,0.341465,2.631068,0.00089,-0.311959,0.4775,0.0,0.0,1.0,0.0,0.0,-9999.0,-9999.0,-9999.0,-9999.0,-9999.0,-9999.0,-9999.0,-9999.0,-9999.0,-9999.0,-9999.0,-9999.0,-9999.0,-9999.0
P13_HV1_3_interaction,active_and_state_lat_and_long_zero_last_source_row_continuous_segment,P13,HV1,3,keep_right,P13_HV1_3,P13_HV1.1.asc,HV3,60,initiator_active,14474,1,241233.34,241233.3399,3.0,3.0,28.294174,101.859026,6.0,290.262939,-5290.949131,0.008292,-0.64231,0.0,28.294354,0.062946,0.0,5291.106709,-57.610708,6.309329,1.0,0.0,0.0,0.0,5261.931141,-55.516943,1021.0,6.0,261.548478,6.0,1.589822,37.508822,135.03176,37.503044,-0.658326,-0.000259,0.34156,2.670116,0.001054,-0.308819,0.47725,0.0,0.0,1.0,0.0,0.0,-9999.0,-9999.0,-9999.0,-9999.0,-9999.0,-9999.0,-9999.0,-9999.0,-9999.0,-9999.0,-9999.0,-9999.0,-9999.0,-9999.0
P13_HV1_3_interaction,active_and_state_lat_and_long_zero_last_source_row_continuous_segment,P13,HV1,3,keep_right,P13_HV1_3,P13_HV1.1.asc,HV3,60,initiator_active,14475,1,241250.0,241250.0007,3.0,3.0,28.294322,101.85956,6.0,290.734247,-5291.420338,0.00896,-0.644206,0.0,28.294463,0.062853,0.0,5291.578097,-57.597465,6.308953,1.0,0.0,0.0,0.0,5262.555857,-55.493957,1021.0,6.0,262.173069,6.0,1.615962,37.51372,135.049391,37.507666,-0.673908,-0.00024,0.341673,2.706733,0.001196,-0.305365,0.47725,0.0,0.0,1.0,0.0,0.0,-9999.0,-9999.0,-9999.0,-9999.0,-9999.0,-9999.0,-9999.0,-9999.0,-9999.0,-9999.0,-9999.0,-9999.0,-9999.0,-9999.0
P13_HV1_3_interaction,active_and_state_lat_and_long_zero_last_source_row_continuous_segment,P13,HV1,3,keep_right,P13_HV1_3,P13_HV1.1.asc,HV3,60,initiator_active,14476,1,241266.67,241266.6674,3.0,3.0,28.294412,101.859884,6.0,291.205562,-5291.891555,0.012105,-0.642639,0.0,28.294611,0.062744,0.0,5292.049492,-57.5844,6.308578,1.0,0.0,0.0,0.0,5263.180627,-55.470222,1021.0,6.0,262.797711,6.0,1.642853,37.51859,135.066925,37.512266,-0.688874,-0.000219,0.341744,2.740678,0.001324,-0.301597,0.477,0.0,0.0,1.0,0.0,0.0,-9999.0,-9999.0,-9999.0,-9999.0,-9999.0,-9999.0,-9999.0,-9999.0,-9999.0,-9999.0,-9999.0,-9999.0,-9999.0,-9999.0
P13_HV1_3_interaction,active_and_state_lat_and_long_zero_last_source_row_continuous_segment,P13,HV1,3,keep_right,P13_HV1_3,P13_HV1.1.asc,HV3,60,initiator_active,14477,1,241283.33,241283.3341,3.0,3.0,28.294527,101.860296,6.0,291.676885,-5292.36278,0.008121,-0.642805,0.0,28.294791,0.062628,0.0,5292.520895,-57.571515,6.308203,1.0,0.0,0.0,0.0,5263.805448,-55.445724,1021.0,6.0,263.422401,6.0,1.670505,37.523435,135.084366,37.516846,-0.703154,-0.000196,0.34184,2.771316,0.001438,-0.297358,0.47675,0.0,0.0,1.0,0.0,0.0,-9999.0,-9999.0,-9999.0,-9999.0,-9999.0,-9999.0,-9999.0,-9999.0,-9999.0,-9999.0,-9999.0,-9999.0,-9999.0,-9999.0
P13_HV1_3_interaction,active_and_state_lat_and_long_zero_last_source_row_continuous_segment,P13,HV1,3,keep_right,P13_HV1_3,P13_HV1.1.asc,HV3,60,initiator_active,14478,1,241300.0,241300.0009,3.0,3.0,28.294701,101.860923,6.0,292.148217,-5292.834014,0.00497,-0.641615,0.0,28.294844,0.062513,0.0,5292.992305,-57.558807,6.307829,1.0,0.0,0.0,0.0,5264.430321,-55.420455,1021.0,6.0,264.047138,6.0,1.698929,37.528256,135.101721,37.521412,-0.71668,-0.000171,0.341969,2.798454,0.001536,-0.292648,0.47675,0.0,0.0,1.0,0.0,0.0,-9999.0,-9999.0,-9999.0,-9999.0,-9999.0,-9999.0,-9999.0,-9999.0,-9999.0,-9999.0,-9999.0,-9999.0,-9999.0,-9999.0
P13_HV1_3_interaction,active_and_state_lat_and_long_zero_last_source_row_continuous_segment,P13,HV1,3,keep_right,P13_HV1_3,P13_HV1.1.asc,HV3,60,initiator_active,14479,1,241316.67,241316.6678,3.0,3.0,28.294847,101.861449,6.0,292.619557,-5293.305258,0.008279,-0.64319,0.0,28.294952,0.062379,0.0,5293.463721,-57.546278,6.307455,1.0,0.0,0.0,0.0,5265.055241,-55.394404,1021.0,6.0,264.671919,6.0,1.728136,37.533051,135.118982,37.525963,-0.729355,-0.000145,0.342271,2.813643,0.00158,-0.284327,0.47675,0.0,0.0,1.0,0.0,0.0,-9999.0,-9999.0,-9999.0,-9999.0,-9999.0,-9999.0,-9999.0,-9999.0,-9999.0,-9999.0,-9999.0,-9999.0,-9999.0,-9999.0
P13_HV1_3_interaction,active_and_state_lat_and_long_zero_last_source_row_continuous_segment,P13,HV1,3,keep_right,P13_HV1_3,P13_HV1.1.asc,HV3,60,initiator_active,14480,1,241333.33,241333.3344,3.0,3.0,28.294875,101.861548,6.0,293.090903,-5293.77651,0.00463,-0.644521,0.0,28.295043,0.062236,0.0,5293.935143,-57.533928,6.307081,1.0,0.0,0.0,0.0,5265.680209,-55.367563,1021.0,6.0,265.296743,7.0,-1.866867,37.537834,135.136202,37.530514,-0.74128,-0.000117,0.342327,2.836973,0.001669,-0.280088,0.47675,0.0,0.0,1.0,0.0,0.0,-9999.0,-9999.0,-9999.0,-9999.0,-9999.0,-9999.0,-9999.0,-9999.0,-9999.0,-9999.0,-9999.0,-9999.0,-9999.0,-9999.0
P13_HV1_3_interaction,active_and_state_lat_and_long_zero_last_source_row_continuous_segment,P13,HV1,3,keep_right,P13_HV1_3,P13_HV1.1.asc,HV3,60,initiator_active,14481,1,241350.0,241350.001,3.0,3.0,28.29501,101.862036,6.0,293.562257,-5294.24777,-0.009283,-0.643609,0.0,28.295033,0.062082,0.0,5294.406571,-57.521756,6.306706,1.0,0.0,0.0,0.0,5266.305221,-55.339925,1021.0,6.0,265.921608,7.0,-1.836073,37.542606,135.153381,37.535067,-0.752319,-9e-05,0.342981,2.845693,0.00169,-0.271296,0.47675,0.0,0.0,1.0,0.0,0.0,-9999.0,-9999.0,-9999.0,-9999.0,-9999.0,-9999.0,-9999.0,-9999.0,-9999.0,-9999.0,-9999.0,-9999.0,-9999.0,-9999.0
P13_HV1_3_interaction,active_and_state_lat_and_long_zero_last_source_row_continuous_segment,P13,HV1,3,keep_right,P13_HV1_3,P13_HV1.1.asc,HV3,60,initiator_active,14482,1,241366.67,241366.671,3.0,3.0,28.295071,101.862255,6.0,294.033618,-5294.719039,0.018689,-0.645158,0.0,28.294944,0.061969,0.0,5294.878003,-57.509763,6.306332,1.0,0.0,0.0,0.0,5266.930278,-55.311486,1021.0,6.0,266.546513,7.0,-1.804478,37.547392,135.170611,37.539646,-0.762649,-6.2e-05,0.344499,2.829736,0.001685,-0.254183,0.47675,0.0,0.0,1.0,0.0,0.0,-9999.0,-9999.0,-9999.0,-9999.0,-9999.0,-9999.0,-9999.0,-9999.0,-9999.0,-9999.0,-9999.0,-9999.0,-9999.0,-9999.0
P13_HV1_3_interaction,active_and_state_lat_and_long_zero_last_source_row_continuous_segment,P13,HV1,3,keep_right,P13_HV1_3,P13_HV1.1.asc,HV3,60,initiator_active,14483,1,241383.33,241383.3343,3.0,3.0,28.294945,101.861802,6.0,294.504983,-5295.190312,0.014621,-0.644203,0.0,28.295241,0.061833,0.0,5295.34944,-57.49795,6.305956,1.0,0.0,0.0,0.0,5267.555377,-55.282244,1021.0,6.0,267.171456,7.0,-1.77208,37.552173,135.187822,37.544241,-0.771787,-3.5e-05,0.344588,2.833329,0.001672,-0.245548,0.47675,0.0,0.0,1.0,0.0,0.0,-9999.0,-9999.0,-9999.0,-9999.0,-9999.0,-9999.0,-9999.0,-9999.0,-9999.0,-9999.0,-9999.0,-9999.0,-9999.0,-9999.0
P13_HV1_3_interaction,active_and_state_lat_and_long_zero_last_source_row_continuous_segment,P13,HV1,3,keep_right,P13_HV1_3,P13_HV1.1.asc,HV3,60,initiator_active,14484,1,241400.01,241400.0087,3.0,3.0,28.295089,101.862321,6.0,294.976354,-5295.661593,0.005238,-0.645124,0.0,28.295415,0.061719,0.0,5295.820886,-57.486315,6.30558,1.0,0.0,0.0,0.0,5268.180517,-55.252198,1021.0,6.0,267.796437,7.0,-1.738877,37.556958,135.205047,37.548861,-0.779829,-7e-06,0.345443,2.816364,0.001677,-0.230476,0.47675,0.0,0.0,1.0,0.0,0.0,-9999.0,-9999.0,-9999.0,-9999.0,-9999.0,-9999.0,-9999.0,-9999.0,-9999.0,-9999.0,-9999.0,-9999.0,-9999.0,-9999.0
P13_HV1_3_interaction,active_and_state_lat_and_long_zero_last_source_row_continuous_segment,P13,HV1,3,keep_right,P13_HV1_3,P13_HV1.1.asc,HV3,60,initiator_active,14485,1,241416.67,241416.6668,3.0,3.0,28.295351,101.863265,6.0,295.447736,-5296.132885,0.004422,-0.644761,0.0,28.295473,0.061631,0.0,5296.292338,-57.47486,6.305203,1.0,0.0,0.0,0.0,5268.805698,-55.221348,1021.0,6.0,268.421454,7.0,-1.70487,37.561761,135.22234,37.553521,-0.786723,2e-05,0.346681,2.788941,0.001674,-0.212735,0.47675,0.0,0.0,1.0,0.0,0.0,-9999.0,-9999.0,-9999.0,-9999.0,-9999.0,-9999.0,-9999.0,-9999.0,-9999.0,-9999.0,-9999.0,-9999.0,-9999.0,-9999.0
P13_HV1_3_interaction,active_and_state_lat_and_long_zero_last_source_row_continuous_segment,P13,HV1,3,keep_right,P13_HV1_3,P13_HV1.1.asc,HV3,60,initiator_active,14486,1,241433.33,241433.3343,3.0,3.0,28.295448,101.863611,6.0,295.919124,-5296.604185,0.018748,-0.643663,0.0,28.295591,0.061589,0.0,5296.763796,-57.463585,6.304825,1.0,0.0,0.0,0.0,5269.430919,-55.189697,1021.0,6.0,269.046507,7.0,-1.670063,37.566589,135.239721,37.558232,-0.792341,4.7e-05,0.347882,2.753291,0.001662,-0.193267,0.47675,0.0,0.0,1.0,0.0,0.0,-9999.0,-9999.0,-9999.0,-9999.0,-9999.0,-9999.0,-9999.0,-9999.0,-9999.0,-9999.0,-9999.0,-9999.0,-9999.0,-9999.0
P13_HV1_3_interaction,active_and_state_lat_and_long_zero_last_source_row_continuous_segment,P13,HV1,3,keep_right,P13_HV1_3,P13_HV1.1.asc,HV3,60,initiator_active,14487,1,241450.0,241450.0001,3.0,3.0,28.295499,101.863796,6.0,296.390519,-5297.075493,0.016033,-0.643521,0.0,28.295892,0.061582,0.0,5297.235261,-57.452488,6.304446,1.0,0.0,0.0,0.0,5270.056179,-55.157251,1021.0,6.0,269.671595,7.0,-1.634459,37.571442,135.257191,37.562999,-0.796468,7.4e-05,0.348992,2.715534,0.001655,-0.174584,0.47675,0.0,0.0,1.0,0.0,0.0,-9999.0,-9999.0,-9999.0,-9999.0,-9999.0,-9999.0,-9999.0,-9999.0,-9999.0,-9999.0,-9999.0,-9999.0,-9999.0,-9999.0
P13_HV1_3_interaction,active_and_state_lat_and_long_zero_last_source_row_continuous_segment,P13,HV1,3,keep_right,P13_HV1_3,P13_HV1.1.asc,HV3,60,initiator_active,14488,1,241466.68,241466.681,3.0,3.0,28.295736,101.864649,6.0,296.861922,-5297.54681,0.004471,-0.646172,0.0,28.296075,0.061565,0.0,5297.706735,-57.44157,6.304067,1.0,0.0,0.0,0.0,5270.681478,-55.124017,1021.0,6.0,270.296719,7.0,-1.598068,37.576326,135.274773,37.567831,-0.798953,0.000101,0.350271,2.672308,0.001662,-0.155587,0.47675,0.0,0.0,1.0,0.0,0.0,-9999.0,-9999.0,-9999.0,-9999.0,-9999.0,-9999.0,-9999.0,-9999.0,-9999.0,-9999.0,-9999.0,-9999.0,-9999.0,-9999.0
P13_HV1_3_interaction,active_and_state_lat_and_long_zero_last_source_row_continuous_segment,P13,HV1,3,keep_right,P13_HV1_3,P13_HV1.1.asc,HV3,60,initiator_active,14489,1,241483.33,241483.3342,3.0,3.0,28.296014,101.865651,6.0,297.333335,-5298.018137,0.010759,-0.645441,0.0,28.296152,0.061564,0.0,5298.178215,-57.430832,6.303686,1.0,0.0,0.0,0.0,5271.306816,-55.090003,1021.0,6.0,270.921877,7.0,-1.560896,37.581244,135.29248,37.572736,-0.799642,0.000128,0.351508,2.62567,0.001678,-0.137218,0.47625,0.0,0.0,1.0,0.0,0.0,-9999.0,-9999.0,-9999.0,-9999.0,-9999.0,-9999.0,-9999.0,-9999.0,-9999.0,-9999.0,-9999.0,-9999.0,-9999.0,-9999.0
P13_HV1_3_interaction,active_and_state_lat_and_long_zero_last_source_row_continuous_segment,P13,HV1,3,keep_right,P13_HV1_3,P13_HV1.1.asc,HV3,60,initiator_active,14490,1,241500.02,241500.0172,3.0,3.0,28.296101,101.865962,6.0,297.804755,-5298.489474,-0.007626,-0.642084,0.0,28.296316,0.061596,0.0,5298.649701,-57.420273,6.303305,1.0,0.0,0.0,0.0,5271.932193,-55.055219,1021.0,6.0,271.54707,7.0,-1.522954,37.586197,135.31031,37.577717,-0.798365,0.000155,0.352525,2.57924,0.001701,-0.121047,0.47625,0.0,0.0,1.0,0.0,0.0,-9999.0,-9999.0,-9999.0,-9999.0,-9999.0,-9999.0,-9999.0,-9999.0,-9999.0,-9999.0,-9999.0,-9999.0,-9999.0,-9999.0
P13_HV1_3_interaction,active_and_state_lat_and_long_zero_last_source_row_continuous_segment,P13,HV1,3,keep_right,P13_HV1_3,P13_HV1.1.asc,HV3,60,initiator_active,14491,1,241516.67,241516.6675,3.0,3.0,28.296231,101.866431,6.0,298.276181,-5298.960818,0.020196,-0.643639,0.0,28.296198,0.061689,0.0,5299.121193,-57.409894,6.302923,1.0,0.0,0.0,0.0,5272.557609,-55.019674,1021.0,6.0,272.172299,7.0,-1.484252,37.591185,135.328267,37.582777,-0.795048,0.000183,0.353426,2.529072,0.001719,-0.105661,0.47625,0.0,0.0,1.0,0.0,0.0,-9999.0,-9999.0,-9999.0,-9999.0,-9999.0,-9999.0,-9999.0,-9999.0,-9999.0,-9999.0,-9999.0,-9999.0,-9999.0,-9999.0
P13_HV1_3_interaction,active_and_state_lat_and_long_zero_last_source_row_continuous_segment,P13,HV1,3,keep_right,P13_HV1_3,P13_HV1.1.asc,HV3,60,initiator_active,14492,1,241533.33,241533.3342,3.0,3.0,28.296241,101.866469,6.0,298.747615,-5299.432169,0.011237,-0.644892,0.0,28.296489,0.061764,0.0,5299.592688,-57.399692,6.302541,1.0,0.0,0.0,0.0,5273.183065,-54.983382,1021.0,6.0,272.797563,7.0,-1.444802,37.596208,135.346348,37.587915,-0.789604,0.000211,0.354124,2.47941,0.00169,-0.092787,0.4765,0.0,0.0,1.0,0.0,0.0,-9999.0,-9999.0,-9999.0,-9999.0,-9999.0,-9999.0,-9999.0,-9999.0,-9999.0,-9999.0,-9999.0,-9999.0,-9999.0,-9999.0
P13_HV1_3_interaction,active_and_state_lat_and_long_zero_last_source_row_continuous_segment,P13,HV1,3,keep_right,P13_HV1_3,P13_HV1.1.asc,HV3,60,initiator_active,14493,1,241550.02,241550.0179,3.0,3.0,28.296355,101.866877,6.0,299.219052,-5299.903526,0.011455,-0.645559,0.0,28.296656,0.061828,0.0,5300.064192,-57.38967,6.302159,1.0,0.0,0.0,0.0,5273.80856,-54.946354,1021.0,6.0,273.422863,7.0,-1.404616,37.601261,135.364539,37.59313,-0.78194,0.000238,0.354507,2.434448,0.001582,-0.084152,0.4765,0.0,0.0,1.0,0.0,0.0,-9999.0,-9999.0,-9999.0,-9999.0,-9999.0,-9999.0,-9999.0,-9999.0,-9999.0,-9999.0,-9999.0,-9999.0,-9999.0,-9999.0
P13_HV1_3_interaction,active_and_state_lat_and_long_zero_last_source_row_continuous_segment,P13,HV1,3,keep_right,P13_HV1_3,P13_HV1.1.asc,HV3,60,initiator_active,14494,1,241566.67,241566.6677,3.0,3.0,28.296572,101.867658,6.0,299.690499,-5300.374893,0.008209,-0.645972,0.0,28.296791,0.061891,0.0,5300.535702,-57.379827,6.301776,1.0,0.0,0.0,0.0,5274.434095,-54.908603,1021.0,6.0,274.0482,7.0,-1.363706,37.606341,135.382827,37.598415,-0.77206,0.000262,0.354632,2.392528,0.001265,-0.079128,0.476,0.0,0.0,1.0,0.0,0.0,-9999.0,-9999.0,-9999.0,-9999.0,-9999.0,-9999.0,-9999.0,-9999.0,-9999.0,-9999.0,-9999.0,-9999.0,-9999.0,-9999.0
P13_HV1_3_interaction,active_and_state_lat_and_long_zero_last_source_row_continuous_segment,P13,HV1,3,keep_right,P13_HV1_3,P13_HV1.1.asc,HV3,60,initiator_active,14495,1,241583.34,241583.3386,3.0,3.0,28.29674,101.868263,6.0,300.161954,-5300.846269,0.004328,-0.649637,0.0,28.296894,0.061954,0.0,5301.007218,-57.370164,6.301394,1.0,0.0,0.0,0.0,5275.059671,-54.87014,1021.0,6.0,274.673574,7.0,-1.322084,37.611445,135.401201,37.603765,-0.760036,0.000279,0.354531,2.353841,0.000819,-0.077715,0.476,0.0,0.0,1.0,0.0,0.0,-9999.0,-9999.0,-9999.0,-9999.0,-9999.0,-9999.0,-9999.0,-9999.0,-9999.0,-9999.0,-9999.0,-9999.0,-9999.0,-9999.0
P13_HV1_3_interaction,active_and_state_lat_and_long_zero_last_source_row_continuous_segment,P13,HV1,3,keep_right,P13_HV1_3,P13_HV1.1.asc,HV3,60,initiator_active,14496,1,241600.0,241600.0007,3.0,3.0,28.296848,101.868653,6.0,300.633415,-5301.317653,0.00774,-0.648381,0.0,28.296939,0.061975,0.0,5301.478738,-57.36068,6.301011,1.0,0.0,0.0,0.0,5275.685288,-54.830978,1021.0,6.0,275.298985,7.0,-1.279764,37.616574,135.419667,37.609174,-0.746087,0.000287,0.354409,2.31133,0.00025,-0.07693,0.4755,0.0,0.0,1.0,0.0,0.0,-9999.0,-9999.0,-9999.0,-9999.0,-9999.0,-9999.0,-9999.0,-9999.0,-9999.0,-9999.0,-9999.0,-9999.0,-9999.0,-9999.0
P13_HV1_3_interaction,active_and_state_lat_and_long_zero_last_source_row_continuous_segment,P13,HV1,3,keep_right,P13_HV1_3,P13_HV1.1.asc,HV3,60,initiator_active,14497,1,241616.67,241616.6675,3.0,3.0,28.296918,101.868906,6.0,301.104881,-5301.789043,0.004765,-0.647891,0.0,28.29704,0.062027,0.0,5301.950264,-57.351376,6.300627,1.0,0.0,0.0,0.0,5276.310947,-54.791132,1021.0,6.0,275.924435,7.0,-1.236758,37.621734,135.438241,37.614641,-0.730501,0.000285,0.354375,2.260972,-0.000308,-0.074889,0.4755,0.0,0.0,1.0,0.0,0.0,-9999.0,-9999.0,-9999.0,-9999.0,-9999.0,-9999.0,-9999.0,-9999.0,-9999.0,-9999.0,-9999.0,-9999.0,-9999.0,-9999.0
P13_HV1_3_interaction,active_and_state_lat_and_long_zero_last_source_row_continuous_segment,P13,HV1,3,keep_right,P13_HV1_3,P13_HV1.1.asc,HV3,60,initiator_active,14498,1,241633.33,241633.3342,3.0,3.0,28.296992,101.869171,6.0,301.576354,-5302.260441,-0.016828,-0.648036,0.0,28.296995,0.062092,0.0,5302.421794,-57.342253,6.300243,1.0,0.0,0.0,0.0,5276.936648,-54.750615,1021.0,6.0,276.549923,7.0,-1.193082,37.626929,135.456943,37.620162,-0.713583,0.000275,0.354309,2.199983,-0.000783,-0.070179,0.4755,0.0,0.0,1.0,0.0,0.0,-9999.0,-9999.0,-9999.0,-9999.0,-9999.0,-9999.0,-9999.0,-9999.0,-9999.0,-9999.0,-9999.0,-9999.0,-9999.0,-9999.0
P13_HV1_3_interaction,active_and_state_lat_and_long_zero_last_source_row_continuous_segment,P13,HV1,3,keep_right,P13_HV1_3,P13_HV1.1.asc,HV3,60,initiator_active,14499,1,241650.0,241650.0008,3.0,3.0,28.297068,101.869446,6.0,302.047832,-5302.731845,0.006807,-0.648143,0.0,28.296775,0.06216,0.0,5302.893326,-57.333309,6.299859,1.0,0.0,0.0,0.0,5277.562393,-54.709446,1021.0,6.0,277.175452,7.0,-1.148754,37.632162,135.475782,37.625732,-0.695633,0.000259,0.35424,2.124766,-0.001162,-0.061073,0.4755,0.0,0.0,1.0,0.0,0.0,-9999.0,-9999.0,-9999.0,-9999.0,-9999.0,-9999.0,-9999.0,-9999.0,-9999.0,-9999.0,-9999.0,-9999.0,-9999.0,-9999.0
P13_HV1_3_interaction,active_and_state_lat_and_long_zero_last_source_row_continuous_segment,P13,HV1,3,keep_right,P13_HV1_3,P13_HV1.1.asc,HV3,60,initiator_active,14500,1,241666.67,241666.6677,3.0,3.0,28.296843,101.868636,6.0,302.519313,-5303.203252,0.013516,-0.646094,0.0,28.296913,0.062257,0.0,5303.364859,-57.324546,6.299475,1.0,0.0,0.0,0.0,5278.188182,-54.667645,1021.0,6.0,277.801022,7.0,-1.103793,37.637448,135.494812,37.631359,-0.676994,0.000237,0.354884,2.026619,-0.001458,-0.043803,0.47525,0.0,0.0,1.0,0.0,0.0,-9999.0,-9999.0,-9999.0,-9999.0,-9999.0,-9999.0,-9999.0,-9999.0,-9999.0,-9999.0,-9999.0,-9999.0,-9999.0,-9999.0
P13_HV1_3_interaction,active_and_state_lat_and_long_zero_last_source_row_continuous_segment,P13,HV1,3,keep_right,P13_HV1_3,P13_HV1.1.asc,HV3,60,initiator_active,14501,1,241683.33,241683.3343,3.0,3.0,28.29682,101.868551,6.0,302.990795,-5303.674663,0.012786,-0.647471,0.0,28.297113,0.062347,0.0,5303.836398,-57.315962,6.299091,1.0,0.0,0.0,0.0,5278.814018,-54.625236,1021.0,6.0,278.426636,7.0,-1.058225,37.6428,135.514081,37.637052,-0.65784,0.000211,0.355967,1.909042,-0.001704,-0.019468,0.4755,0.0,0.0,1.0,0.0,0.0,-9999.0,-9999.0,-9999.0,-9999.0,-9999.0,-9999.0,-9999.0,-9999.0,-9999.0,-9999.0,-9999.0,-9999.0,-9999.0,-9999.0
P13_HV1_3_interaction,active_and_state_lat_and_long_zero_last_source_row_continuous_segment,P13,HV1,3,keep_right,P13_HV1_3,P13_HV1.1.asc,HV3,60,initiator_active,14502,1,241700.0,241700.0007,3.0,3.0,28.297014,101.86925,6.0,303.462285,-5304.146082,0.005144,-0.648296,0.0,28.297268,0.062412,0.0,5304.307944,-57.307557,6.298707,1.0,0.0,0.0,0.0,5279.439904,-54.58225,1021.0,6.0,279.052297,7.0,-1.012078,37.648228,135.533621,37.642818,-0.638198,0.000181,0.357255,1.775066,-0.001942,0.010833,0.4755,0.0,0.0,1.0,0.0,0.0,-9999.0,-9999.0,-9999.0,-9999.0,-9999.0,-9999.0,-9999.0,-9999.0,-9999.0,-9999.0,-9999.0,-9999.0,-9999.0,-9999.0
P13_HV1_3_interaction,active_and_state_lat_and_long_zero_last_source_row_continuous_segment,P13,HV1,3,keep_right,P13_HV1_3,P13_HV1.1.asc,HV3,60,initiator_active,14503,1,241716.67,241716.6671,3.0,3.0,28.297208,101.869949,6.0,303.933782,-5304.617509,-0.008005,-0.647044,0.0,28.297356,0.062461,0.0,5304.779494,-57.299333,6.298323,1.0,0.0,0.0,0.0,5280.065841,-54.538717,1021.0,6.0,279.678006,7.0,-0.965385,37.653731,135.553432,37.648659,-0.618025,0.000147,0.358129,1.622923,-0.002206,0.047414,0.4755,0.0,0.0,1.0,0.0,0.0,-9999.0,-9999.0,-9999.0,-9999.0,-9999.0,-9999.0,-9999.0,-9999.0,-9999.0,-9999.0,-9999.0,-9999.0,-9999.0,-9999.0
P13_HV1_3_interaction,active_and_state_lat_and_long_zero_last_source_row_continuous_segment,P13,HV1,3,keep_right,P13_HV1_3,P13_HV1.1.asc,HV3,60,initiator_active,14504,1,241733.33,241733.3347,3.0,3.0,28.297299,101.870277,6.0,304.405286,-5305.088943,-0.011747,-0.647929,0.0,28.297141,0.062523,0.0,5305.251049,-57.291288,6.29794,1.0,0.0,0.0,0.0,5280.691834,-54.494674,1021.0,6.0,280.303769,7.0,-0.918181,37.659288,135.573437,37.65456,-0.596699,0.000108,0.358105,1.493235,-0.002529,0.073633,0.4755,0.0,0.0,1.0,0.0,0.0,-9999.0,-9999.0,-9999.0,-9999.0,-9999.0,-9999.0,-9999.0,-9999.0,-9999.0,-9999.0,-9999.0,-9999.0,-9999.0,-9999.0
P13_HV1_3_interaction,active_and_state_lat_and_long_zero_last_source_row_continuous_segment,P13,HV1,3,keep_right,P13_HV1_3,P13_HV1.1.asc,HV3,60,initiator_active,14505,1,241750.02,241750.0192,3.0,3.0,28.297278,101.870201,6.0,304.876793,-5305.560384,0.002404,-0.645918,0.0,28.296936,0.062592,0.0,5305.722603,-57.283423,6.297557,1.0,0.0,0.0,0.0,5281.317885,-54.450155,1021.0,6.0,280.929588,7.0,-0.870501,37.664897,135.593631,37.66052,-0.574237,6.3e-05,0.358037,1.343711,-0.00291,0.105975,0.4755,0.0,0.0,1.0,0.0,0.0,-9999.0,-9999.0,-9999.0,-9999.0,-9999.0,-9999.0,-9999.0,-9999.0,-9999.0,-9999.0,-9999.0,-9999.0,-9999.0,-9999.0
P13_HV1_3_interaction,active_and_state_lat_and_long_zero_last_source_row_continuous_segment,P13,HV1,3,keep_right,P13_HV1_3,P13_HV1.1.asc,HV3,60,initiator_active,14506,1,241766.67,241766.6668,3.0,3.0,28.297032,101.869314,6.0,305.348301,-5306.031825,0.017485,-0.647047,0.0,28.297068,0.062647,0.0,5306.194157,-57.275737,6.297174,1.0,0.0,0.0,0.0,5281.943998,-54.405196,1021.0,6.0,281.555465,7.0,-0.822381,37.670552,135.613987,37.666529,-0.5505,1.2e-05,0.357507,1.185935,-0.003288,0.13973,0.476,0.0,0.0,1.0,0.0,0.0,-9999.0,-9999.0,-9999.0,-9999.0,-9999.0,-9999.0,-9999.0,-9999.0,-9999.0,-9999.0,-9999.0,-9999.0,-9999.0,-9999.0
P13_HV1_3_interaction,active_and_state_lat_and_long_zero_last_source_row_continuous_segment,P13,HV1,3,keep_right,P13_HV1_3,P13_HV1.1.asc,HV3,60,initiator_active,14507,1,241783.33,241783.3336,3.0,3.0,28.296945,101.869001,6.0,305.819811,-5306.503269,0.013598,-0.649991,0.0,28.297314,0.062645,0.0,5306.665717,-57.268231,6.296792,1.0,0.0,0.0,0.0,5282.570176,-54.359837,1021.0,6.0,282.181406,7.0,-0.77386,37.676247,135.634488,37.672586,-0.525158,-4.5e-05,0.356967,1.0334,-0.003626,0.169403,0.4755,0.0,0.0,1.0,0.0,0.0,-9999.0,-9999.0,-9999.0,-9999.0,-9999.0,-9999.0,-9999.0,-9999.0,-9999.0,-9999.0,-9999.0,-9999.0,-9999.0,-9999.0
P13_HV1_3_interaction,active_and_state_lat_and_long_zero_last_source_row_continuous_segment,P13,HV1,3,keep_right,P13_HV1_3,P13_HV1.1.asc,HV3,60,initiator_active,14508,1,241800.0,241800.0008,3.0,3.0,28.297202,101.869927,6.0,306.291327,-5306.97472,0.001759,-0.650817,0.0,28.29748,0.062628,0.0,5307.137284,-57.260905,6.29641,1.0,0.0,0.0,0.0,5283.196422,-54.314116,1021.0,6.0,282.807413,7.0,-0.724977,37.681978,135.65512,37.678686,-0.498045,-0.000108,0.356264,0.877965,-0.003906,0.197977,0.4755,0.0,0.0,1.0,0.0,0.0,-9999.0,-9999.0,-9999.0,-9999.0,-9999.0,-9999.0,-9999.0,-9999.0,-9999.0,-9999.0,-9999.0,-9999.0,-9999.0,-9999.0
P13_HV1_3_interaction,active_and_state_lat_and_long_zero_last_source_row_continuous_segment,P13,HV1,3,keep_right,P13_HV1_3,P13_HV1.1.asc,HV3,60,initiator_active,14509,1,241816.67,241816.6673,3.0,3.0,28.297416,101.870698,6.0,306.762851,-5307.446181,-0.003537,-0.652878,0.0,28.297486,0.062603,0.0,5307.608856,-57.25376,6.296028,1.0,0.0,0.0,0.0,5283.822739,-54.268074,1021.0,6.0,283.43349,7.0,-0.675773,37.687738,135.675857,37.68482,-0.46896,-0.000174,0.355264,0.726284,-0.004101,0.222783,0.4755,0.0,0.0,1.0,0.0,0.0,-9999.0,-9999.0,-9999.0,-9999.0,-9999.0,-9999.0,-9999.0,-9999.0,-9999.0,-9999.0,-9999.0,-9999.0,-9999.0,-9999.0
P13_HV1_3_interaction,active_and_state_lat_and_long_zero_last_source_row_continuous_segment,P13,HV1,3,keep_right,P13_HV1_3,P13_HV1.1.asc,HV3,60,initiator_active,14510,1,241833.33,241833.3344,3.0,3.0,28.297484,101.870941,6.0,307.234381,-5307.917648,-0.002849,-0.654099,0.0,28.297392,0.062553,0.0,5308.08043,-57.246796,6.295645,1.0,0.0,0.0,0.0,5284.449131,-54.221751,1021.0,6.0,284.05964,7.0,-0.626287,37.693518,135.696666,37.690976,-0.437767,-0.000243,0.354083,0.578621,-0.004197,0.243664,0.4755,0.0,0.0,1.0,0.0,0.0,-9999.0,-9999.0,-9999.0,-9999.0,-9999.0,-9999.0,-9999.0,-9999.0,-9999.0,-9999.0,-9999.0,-9999.0,-9999.0,-9999.0
P13_HV1_3_interaction,active_and_state_lat_and_long_zero_last_source_row_continuous_segment,P13,HV1,3,keep_right,P13_HV1_3,P13_HV1.1.asc,HV3,60,initiator_active,14511,1,241850.04,241850.0427,3.0,3.0,28.297446,101.870804,6.0,307.705914,-5308.38912,0.00618,-0.652776,0.0,28.297329,0.062485,0.0,5308.552005,-57.240013,6.295263,1.0,0.0,0.0,0.0,5285.075602,-54.175186,1021.0,6.0,284.685867,7.0,-0.576559,37.699318,135.717543,37.697148,-0.404404,-0.000312,0.35309,0.435431,-0.004184,0.260463,0.4755,0.0,0.0,1.0,0.0,0.0,-9999.0,-9999.0,-9999.0,-9999.0,-9999.0,-9999.0,-9999.0,-9999.0,-9999.0,-9999.0,-9999.0,-9999.0,-9999.0,-9999.0
P13_HV1_3_interaction,active_and_state_lat_and_long_zero_last_source_row_continuous_segment,P13,HV1,3,keep_right,P13_HV1_3,P13_HV1.1.asc,HV3,60,initiator_active,14512,1,241866.67,241866.6674,3.0,3.0,28.297357,101.870485,6.0,308.177449,-5308.860594,0.01077,-0.655317,0.0,28.29743,0.06244,0.0,5309.023583,-57.233411,6.294879,1.0,0.0,0.0,0.0,5285.702154,-54.128421,1021.0,6.0,285.312175,7.0,-0.526631,37.70513,135.738468,37.703325,-0.368957,-0.00038,0.351899,0.29078,-0.004054,0.275535,0.4755,0.0,0.0,1.0,0.0,0.0,-9999.0,-9999.0,-9999.0,-9999.0,-9999.0,-9999.0,-9999.0,-9999.0,-9999.0,-9999.0,-9999.0,-9999.0,-9999.0,-9999.0
P13_HV1_3_interaction,active_and_state_lat_and_long_zero_last_source_row_continuous_segment,P13,HV1,3,keep_right,P13_HV1_3,P13_HV1.1.asc,HV3,60,initiator_active,14513,1,241883.33,241883.3345,3.0,3.0,28.297369,101.870529,6.0,308.648987,-5309.332073,0.013413,-0.653197,0.0,28.297607,0.062409,0.0,5309.495165,-57.226992,6.294494,1.0,0.0,0.0,0.0,5286.328791,-54.081496,1021.0,6.0,285.938568,7.0,-0.476542,37.710949,135.759418,37.709492,-0.331516,-0.000445,0.35066,0.147993,-0.003807,0.287781,0.47525,0.0,0.0,1.0,0.0,0.0,-9999.0,-9999.0,-9999.0,-9999.0,-9999.0,-9999.0,-9999.0,-9999.0,-9999.0,-9999.0,-9999.0,-9999.0,-9999.0,-9999.0
P13_HV1_3_interaction,active_and_state_lat_and_long_zero_last_source_row_continuous_segment,P13,HV1,3,keep_right,P13_HV1_3,P13_HV1.1.asc,HV3,60,initiator_active,14514,1,241900.0,241900.0,3.0,3.0,28.297509,101.871031,6.0,309.12053,-5309.803559,0.005838,-0.652561,0.0,28.297773,0.062428,0.0,5309.966752,-57.220755,6.294109,1.0,0.0,0.0,0.0,5286.955516,-54.034452,1021.0,6.0,286.565047,7.0,-0.426333,37.716771,135.780375,37.715639,-0.292248,-0.000505,0.349361,0.004236,-0.003459,0.298457,0.4755,0.0,0.0,1.0,0.0,0.0,-9999.0,-9999.0,-9999.0,-9999.0,-9999.0,-9999.0,-9999.0,-9999.0,-9999.0,-9999.0,-9999.0,-9999.0,-9999.0,-9999.0
P13_HV1_3_interaction,active_and_state_lat_and_long_zero_last_source_row_continuous_segment,P13,HV1,3,keep_right,P13_HV1_3,P13_HV1.1.asc,HV3,60,initiator_active,14515,1,241916.67,241916.6674,3.0,3.0,28.297707,101.871745,6.0,309.59208,-5310.275052,0.004882,-0.652683,0.0,28.29784,0.062468,0.0,5310.438344,-57.214699,6.293723,1.0,0.0,0.0,0.0,5287.582333,-53.98733,1021.0,6.0,287.191618,7.0,-0.376047,37.72259,135.801324,37.721753,-0.251323,-0.000558,0.348271,-0.138244,-0.003033,0.306935,0.4755,0.0,0.0,1.0,0.0,0.0,-9999.0,-9999.0,-9999.0,-9999.0,-9999.0,-9999.0,-9999.0,-9999.0,-9999.0,-9999.0,-9999.0,-9999.0,-9999.0,-9999.0
P13_HV1_3_interaction,active_and_state_lat_and_long_zero_last_source_row_continuous_segment,P13,HV1,3,keep_right,P13_HV1_3,P13_HV1.1.asc,HV3,60,initiator_active,14516,1,241933.34,241933.3356,3.0,3.0,28.29781,101.872116,6.0,310.063636,-5310.746551,-0.001926,-0.651443,0.0,28.297867,0.062517,0.0,5310.90994,-57.208824,6.293337,1.0,0.0,0.0,0.0,5288.209245,-53.940172,1021.0,6.0,287.818284,7.0,-0.325724,37.728408,135.822268,37.727829,-0.208928,-0.000604,0.347273,-0.278435,-0.002555,0.313058,0.4755,0.0,0.0,1.0,0.0,0.0,-9999.0,-9999.0,-9999.0,-9999.0,-9999.0,-9999.0,-9999.0,-9999.0,-9999.0,-9999.0,-9999.0,-9999.0,-9999.0,-9999.0
P13_HV1_3_interaction,active_and_state_lat_and_long_zero_last_source_row_continuous_segment,P13,HV1,3,keep_right,P13_HV1_3,P13_HV1.1.asc,HV3,60,initiator_active,14517,1,241950.0,241950.0007,3.0,3.0,28.297869,101.872329,6.0,310.535196,-5311.218056,0.00158,-0.649256,0.0,28.297807,0.062592,0.0,5311.381537,-57.20313,6.292951,1.0,0.0,0.0,0.0,5288.836255,-53.893021,1021.0,6.0,288.445048,7.0,-0.275406,37.73421,135.843155,37.733848,-0.165254,-0.000641,0.345818,-0.414036,-0.002052,0.316198,0.4755,0.0,0.0,1.0,0.0,0.0,-9999.0,-9999.0,-9999.0,-9999.0,-9999.0,-9999.0,-9999.0,-9999.0,-9999.0,-9999.0,-9999.0,-9999.0,-9999.0,-9999.0
P13_HV1_3_interaction,active_and_state_lat_and_long_zero_last_source_row_continuous_segment,P13,HV1,3,keep_right,P13_HV1_3,P13_HV1.1.asc,HV3,60,initiator_active,14518,1,241966.67,241966.6674,3.0,3.0,28.297839,101.87222,6.0,311.006759,-5311.689565,0.002657,-0.649874,0.0,28.297806,0.062698,0.0,5311.853136,-57.197618,6.292564,1.0,0.0,0.0,0.0,5289.463366,-53.845916,1021.0,6.0,289.071913,7.0,-0.225135,37.739992,135.863972,37.7398,-0.120542,-0.00067,0.344665,-0.546049,-0.001543,0.316983,0.4755,0.0,0.0,1.0,0.0,0.0,-9999.0,-9999.0,-9999.0,-9999.0,-9999.0,-9999.0,-9999.0,-9999.0,-9999.0,-9999.0,-9999.0,-9999.0,-9999.0,-9999.0
P13_HV1_3_interaction,active_and_state_lat_and_long_zero_last_source_row_continuous_segment,P13,HV1,3,keep_right,P13_HV1_3,P13_HV1.1.asc,HV3,60,initiator_active,14519,1,241983.33,241983.3344,3.0,3.0,28.297809,101.872111,6.0,311.478324,-5312.161077,0.00582,-0.649497,0.0,28.297849,0.062816,0.0,5312.324738,-57.192286,6.292178,1.0,0.0,0.0,0.0,5290.090581,-53.798899,1021.0,6.0,289.698882,7.0,-0.174951,37.745753,135.884712,37.745679,-0.075086,-0.000691,0.343657,-0.676266,-0.001039,0.315413,0.4755,0.0,0.0,1.0,0.0,0.0,-9999.0,-9999.0,-9999.0,-9999.0,-9999.0,-9999.0,-9999.0,-9999.0,-9999.0,-9999.0,-9999.0,-9999.0,-9999.0,-9999.0
P13_HV1_3_interaction,active_and_state_lat_and_long_zero_last_source_row_continuous_segment,P13,HV1,3,keep_right,P13_HV1_3,P13_HV1.1.asc,HV3,60,initiator_active,14520,1,242000.0,242000.0008,3.0,3.0,28.297817,101.87214,6.0,311.949892,-5312.632594,-0.001288,-0.649107,0.0,28.29789,0.062926,0.0,5312.796342,-57.187134,6.291792,1.0,0.0,0.0,0.0,5290.717902,-53.75201,1021.0,6.0,290.325959,7.0,-0.124895,37.751491,135.905366,37.751479,-0.029119,-0.000703,0.342875,-0.798766,-0.000548,0.311488,0.4755,0.0,0.0,1.0,0.0,0.0,-9999.0,-9999.0,-9999.0,-9999.0,-9999.0,-9999.0,-9999.0,-9999.0,-9999.0,-9999.0,-9999.0,-9999.0,-9999.0,-9999.0
P13_HV1_3_interaction,active_and_state_lat_and_long_zero_last_source_row_continuous_segment,P13,HV1,3,keep_right,P13_HV1_3,P13_HV1.1.asc,HV3,60,initiator_active,14521,1,242016.67,242016.6674,3.0,3.0,28.297885,101.872388,6.0,312.421464,-5313.104115,0.038559,-0.647161,0.0,28.298258,0.06304,0.0,5313.267948,-57.182162,6.291407,1.0,0.0,0.0,0.0,5291.345333,-53.705288,1021.0,6.0,290.953145,7.0,-0.075005,37.757203,135.92593,37.757199,0.017089,-0.000708,0.3423,-0.914139,-8e-05,0.304737,0.4755,0.0,0.0,1.0,0.0,0.0,-9999.0,-9999.0,-9999.0,-9999.0,-9999.0,-9999.0,-9999.0,-9999.0,-9999.0,-9999.0,-9999.0,-9999.0,-9999.0,-9999.0
P13_HV1_3_interaction,active_and_state_lat_and_long_zero_last_source_row_continuous_segment,P13,HV1,3,keep_right,P13_HV1_3,P13_HV1.1.asc,HV3,60,initiator_active,14522,1,242033.33,242033.334,3.0,3.0,28.297868,101.872324,6.0,312.893039,-5313.575641,0.003809,-0.644983,0.0,28.298638,0.063124,0.0,5313.739565,-57.177369,6.291023,1.0,0.0,0.0,0.0,5291.972875,-53.65877,1021.0,6.0,291.580445,7.0,-0.025318,37.762887,135.946392,37.762834,0.06319,-0.000705,0.341727,-1.026138,0.000365,0.296887,0.4755,0.0,0.0,1.0,0.0,0.0,-9999.0,-9999.0,-9999.0,-9999.0,-9999.0,-9999.0,-9999.0,-9999.0,-9999.0,-9999.0,-9999.0,-9999.0,-9999.0,-9999.0
P13_HV1_3_interaction,active_and_state_lat_and_long_zero_last_source_row_continuous_segment,P13,HV1,3,keep_right,P13_HV1_3,P13_HV1.1.asc,HV3,60,initiator_active,14523,1,242050.0,242050.0006,3.0,3.0,28.298568,101.874845,6.0,313.364626,-5314.047179,0.00313,-0.644804,0.0,28.29867,0.063209,0.0,5314.211188,-57.172756,6.29064,1.0,0.0,0.0,0.0,5292.600531,-53.612493,1021.0,6.0,292.207859,7.0,0.024127,37.768535,135.966725,37.768378,0.108774,-0.000695,0.341082,-1.139608,0.000797,0.290136,0.4755,0.0,0.0,1.0,0.0,0.0,-9999.0,-9999.0,-9999.0,-9999.0,-9999.0,-9999.0,-9999.0,-9999.0,-9999.0,-9999.0,-9999.0,-9999.0,-9999.0,-9999.0
P13_HV1_3_interaction,active_and_state_lat_and_long_zero_last_source_row_continuous_segment,P13,HV1,3,keep_right,P13_HV1_3,P13_HV1.1.asc,HV3,60,initiator_active,14524,1,242066.67,242066.6674,3.0,3.0,28.298658,101.875169,6.0,313.83622,-5314.518724,-0.014649,-0.64181,0.0,28.298671,0.06329,0.0,5314.682813,-57.168321,6.290259,1.0,0.0,0.0,0.0,5293.228303,-53.566495,1021.0,6.0,292.835391,7.0,0.073295,37.774148,135.986933,37.773836,0.153528,-0.000678,0.340767,-1.249828,0.001216,0.283071,0.4755,0.0,0.0,1.0,0.0,0.0,-9999.0,-9999.0,-9999.0,-9999.0,-9999.0,-9999.0,-9999.0,-9999.0,-9999.0,-9999.0,-9999.0,-9999.0,-9999.0,-9999.0
P13_HV1_3_interaction,active_and_state_lat_and_long_zero_last_source_row_continuous_segment,P13,HV1,3,keep_right,P13_HV1_3,P13_HV1.1.asc,HV3,60,initiator_active,14525,1,242083.33,242083.3343,3.0,3.0,28.298685,101.875265,6.0,314.307816,-5314.990274,-0.014174,-0.637121,0.0,28.298323,0.063352,0.0,5315.154438,-57.164064,6.289879,1.0,0.0,0.0,0.0,5293.856193,-53.520809,1021.0,6.0,293.463042,7.0,0.122151,37.779722,136.007001,37.779208,0.19713,-0.000654,0.340309,-1.359319,0.001611,0.276948,0.4755,0.0,0.0,1.0,0.0,0.0,-9999.0,-9999.0,-9999.0,-9999.0,-9999.0,-9999.0,-9999.0,-9999.0,-9999.0,-9999.0,-9999.0,-9999.0,-9999.0,-9999.0
P13_HV1_3_interaction,active_and_state_lat_and_long_zero_last_source_row_continuous_segment,P13,HV1,3,keep_right,P13_HV1_3,P13_HV1.1.asc,HV3,60,initiator_active,14526,1,242100.0,242100.0011,3.0,3.0,28.298537,101.874734,6.0,314.779414,-5315.461827,0.004887,-0.636952,0.0,28.298212,0.063427,0.0,5315.626059,-57.159985,6.289501,1.0,0.0,0.0,0.0,5294.484202,-53.475471,1021.0,6.0,294.090815,7.0,0.17066,37.785252,136.026908,37.784494,0.239281,-0.000624,0.339746,-1.469378,0.001972,0.272552,0.4755,0.0,0.0,1.0,0.0,0.0,-9999.0,-9999.0,-9999.0,-9999.0,-9999.0,-9999.0,-9999.0,-9999.0,-9999.0,-9999.0,-9999.0,-9999.0,-9999.0,-9999.0
P13_HV1_3_interaction,active_and_state_lat_and_long_zero_last_source_row_continuous_segment,P13,HV1,3,keep_right,P13_HV1_3,P13_HV1.1.asc,HV3,60,initiator_active,14527,1,242116.67,242116.6669,3.0,3.0,28.298193,101.873497,6.0,315.251009,-5315.933377,0.002774,-0.632552,0.0,28.298233,0.06344,0.0,5316.097681,-57.156082,6.289126,1.0,0.0,0.0,0.0,5295.112333,-53.430516,1021.0,6.0,294.71871,7.0,0.218786,37.790731,136.046632,37.789696,0.279711,-0.000588,0.339009,-1.581809,0.002295,0.270825,0.4755,0.0,0.0,1.0,0.0,0.0,-9999.0,-9999.0,-9999.0,-9999.0,-9999.0,-9999.0,-9999.0,-9999.0,-9999.0,-9999.0,-9999.0,-9999.0,-9999.0,-9999.0
P13_HV1_3_interaction,active_and_state_lat_and_long_zero_last_source_row_continuous_segment,P13,HV1,3,keep_right,P13_HV1_3,P13_HV1.1.asc,HV3,60,initiator_active,14528,1,242133.33,242133.3334,3.0,3.0,28.298241,101.873669,6.0,315.722605,-5316.40493,0.005292,-0.627672,0.0,28.298312,0.063465,0.0,5316.569305,-57.152355,6.288753,1.0,0.0,0.0,0.0,5295.740585,-53.385978,1021.0,6.0,295.346729,7.0,0.266497,37.796155,136.066157,37.794815,0.318249,-0.000547,0.338157,-1.693646,0.00257,0.271296,0.4755,0.0,0.0,1.0,0.0,0.0,-9999.0,-9999.0,-9999.0,-9999.0,-9999.0,-9999.0,-9999.0,-9999.0,-9999.0,-9999.0,-9999.0,-9999.0,-9999.0,-9999.0
P13_HV1_3_interaction,active_and_state_lat_and_long_zero_last_source_row_continuous_segment,P13,HV1,3,keep_right,P13_HV1_3,P13_HV1.1.asc,HV3,60,initiator_active,14529,1,242150.0,242150.0002,3.0,3.0,28.298245,101.873682,6.0,316.194204,-5316.876486,-0.00884,-0.622031,0.0,28.298298,0.063478,0.0,5317.040932,-57.148802,6.288384,1.0,0.0,0.0,0.0,5296.36896,-53.34189,1021.0,6.0,295.974874,7.0,0.313758,37.801519,136.085468,37.799854,0.354781,-0.000502,0.33719,-1.804413,0.002787,0.273494,0.4755,0.0,0.0,1.0,0.0,0.0,-9999.0,-9999.0,-9999.0,-9999.0,-9999.0,-9999.0,-9999.0,-9999.0,-9999.0,-9999.0,-9999.0,-9999.0,-9999.0,-9999.0
P13_HV1_3_interaction,active_and_state_lat_and_long_zero_last_source_row_continuous_segment,P13,HV1,3,keep_right,P13_HV1_3,P13_HV1.1.asc,HV3,60,initiator_active,14530,1,242166.67,242166.6676,3.0,3.0,28.298344,101.87404,6.0,316.665807,-5317.348047,-0.002264,-0.618896,0.0,28.298154,0.063478,0.0,5317.512559,-57.145421,6.288018,1.0,0.0,0.0,0.0,5296.99746,-53.298285,1021.0,6.0,296.603145,7.0,0.360536,37.806818,136.104547,37.804815,0.389231,-0.000453,0.336062,-1.915038,0.002943,0.277262,0.4755,0.0,0.0,1.0,0.0,0.0,-9999.0,-9999.0,-9999.0,-9999.0,-9999.0,-9999.0,-9999.0,-9999.0,-9999.0,-9999.0,-9999.0,-9999.0,-9999.0,-9999.0
P13_HV1_3_interaction,active_and_state_lat_and_long_zero_last_source_row_continuous_segment,P13,HV1,3,keep_right,P13_HV1_3,P13_HV1.1.asc,HV3,60,initiator_active,14531,1,242183.33,242183.3339,3.0,3.0,28.298213,101.873566,6.0,317.13741,-5317.81961,-0.004002,-0.612933,0.0,28.298071,0.063447,0.0,5317.984184,-57.142212,6.287656,1.0,0.0,0.0,0.0,5297.626084,-53.255195,1021.0,6.0,297.231544,7.0,0.4068,37.812052,136.123386,37.809701,0.421614,-0.000403,0.334887,-2.021651,0.00304,0.281658,0.4755,0.0,0.0,1.0,0.0,0.0,-9999.0,-9999.0,-9999.0,-9999.0,-9999.0,-9999.0,-9999.0,-9999.0,-9999.0,-9999.0,-9999.0,-9999.0,-9999.0,-9999.0
P13_HV1_3_interaction,active_and_state_lat_and_long_zero_last_source_row_continuous_segment,P13,HV1,3,keep_right,P13_HV1_3,P13_HV1.1.asc,HV3,60,initiator_active,14532,1,242200.0,242200.0009,3.0,3.0,28.298124,101.873248,6.0,317.609014,-5318.291175,0.013325,-0.606848,0.0,28.298069,0.063372,0.0,5318.45581,-57.139173,6.287299,1.0,0.0,0.0,0.0,5298.254834,-53.212652,1021.0,6.0,297.860071,7.0,0.452518,37.817218,136.141985,37.814517,0.451987,-0.000352,0.333714,-2.123141,0.003078,0.286211,0.4755,0.0,0.0,1.0,0.0,0.0,-9999.0,-9999.0,-9999.0,-9999.0,-9999.0,-9999.0,-9999.0,-9999.0,-9999.0,-9999.0,-9999.0,-9999.0,-9999.0,-9999.0
P13_HV1_3_interaction,active_and_state_lat_and_long_zero_last_source_row_continuous_segment,P13,HV1,3,keep_right,P13_HV1_3,P13_HV1.1.asc,HV3,60,initiator_active,14533,1,242216.69,242216.6881,3.0,3.0,28.298027,101.872897,6.0,318.080618,-5318.76274,0.007468,-0.6005,0.0,28.298249,0.063287,0.0,5318.927438,-57.136303,6.286946,1.0,0.0,0.0,0.0,5298.88371,-53.170683,1021.0,6.0,298.488726,7.0,0.497661,37.822317,136.16034,37.819266,0.480407,-0.0003,0.332496,-2.220525,0.003068,0.291235,0.4755,0.0,0.0,1.0,0.0,0.0,-9999.0,-9999.0,-9999.0,-9999.0,-9999.0,-9999.0,-9999.0,-9999.0,-9999.0,-9999.0,-9999.0,-9999.0,-9999.0,-9999.0
P13_HV1_3_interaction,active_and_state_lat_and_long_zero_last_source_row_continuous_segment,P13,HV1,3,keep_right,P13_HV1_3,P13_HV1.1.asc,HV3,60,initiator_active,14534,1,242233.33,242233.3336,3.0,3.0,28.298169,101.873409,6.0,318.552225,-5319.23431,0.006063,-0.592103,0.0,28.298343,0.063138,0.0,5319.399069,-57.133598,6.286599,1.0,0.0,0.0,0.0,5299.512711,-53.129318,1021.0,6.0,299.117511,7.0,0.542202,37.827351,136.178465,37.823953,0.50702,-0.000249,0.331472,-2.307773,0.003021,0.294375,0.4755,0.0,0.0,1.0,0.0,0.0,-9999.0,-9999.0,-9999.0,-9999.0,-9999.0,-9999.0,-9999.0,-9999.0,-9999.0,-9999.0,-9999.0,-9999.0,-9999.0,-9999.0
P13_HV1_3_interaction,active_and_state_lat_and_long_zero_last_source_row_continuous_segment,P13,HV1,3,keep_right,P13_HV1_3,P13_HV1.1.asc,HV3,60,initiator_active,14535,1,242250.0,242250.0002,3.0,3.0,28.2983,101.873881,6.0,319.023837,-5319.705885,-0.001782,-0.586914,0.0,28.298423,0.062932,0.0,5319.870703,-57.131057,6.286258,1.0,0.0,0.0,0.0,5300.141838,-53.088582,1021.0,6.0,299.746424,7.0,0.586115,37.832324,136.196365,37.828585,0.531876,-0.0002,0.330439,-2.391,0.002949,0.297829,0.4755,0.0,0.0,1.0,0.0,0.0,-9999.0,-9999.0,-9999.0,-9999.0,-9999.0,-9999.0,-9999.0,-9999.0,-9999.0,-9999.0,-9999.0,-9999.0,-9999.0,-9999.0
P13_HV1_3_interaction,active_and_state_lat_and_long_zero_last_source_row_continuous_segment,P13,HV1,3,keep_right,P13_HV1_3,P13_HV1.1.asc,HV3,60,initiator_active,14536,1,242266.67,242266.6675,3.0,3.0,28.298383,101.874179,6.0,319.495452,-5320.177464,-0.009193,-0.580166,0.0,28.298321,0.062674,0.0,5320.342338,-57.128679,6.285922,1.0,0.0,0.0,0.0,5300.77109,-53.048499,1021.0,6.0,300.375466,7.0,0.629375,37.837236,136.21405,37.833165,0.555064,-0.000151,0.329506,-2.467429,0.00287,0.300498,0.4755,0.0,0.0,1.0,0.0,0.0,-9999.0,-9999.0,-9999.0,-9999.0,-9999.0,-9999.0,-9999.0,-9999.0,-9999.0,-9999.0,-9999.0,-9999.0,-9999.0,-9999.0
P13_HV1_3_interaction,active_and_state_lat_and_long_zero_last_source_row_continuous_segment,P13,HV1,3,keep_right,P13_HV1_3,P13_HV1.1.asc,HV3,60,initiator_active,14537,1,242283.33,242283.334,3.0,3.0,28.298398,101.874231,6.0,319.967069,-5320.649047,0.009358,-0.574068,0.0,28.298214,0.062337,0.0,5320.813972,-57.126461,6.285593,1.0,0.0,0.0,0.0,5301.400468,-53.009092,1021.0,6.0,301.004637,7.0,0.67196,37.842093,136.231535,37.837699,0.576675,-0.000104,0.328713,-2.536424,0.002794,0.302068,0.4755,0.0,0.0,1.0,0.0,0.0,-9999.0,-9999.0,-9999.0,-9999.0,-9999.0,-9999.0,-9999.0,-9999.0,-9999.0,-9999.0,-9999.0,-9999.0,-9999.0,-9999.0
P13_HV1_3_interaction,active_and_state_lat_and_long_zero_last_source_row_continuous_segment,P13,HV1,3,keep_right,P13_HV1_3,P13_HV1.1.asc,HV3,60,initiator_active,14538,1,242300.0,242300.0,3.0,3.0,28.298234,101.873643,6.0,320.438686,-5321.12063,0.007014,-0.568466,0.0,28.29839,0.061911,0.0,5321.285606,-57.124403,6.285271,1.0,0.0,0.0,0.0,5302.02997,-52.970381,1021.0,6.0,301.633935,7.0,0.71385,37.846898,136.248831,37.842192,0.596768,-5.8e-05,0.327996,-2.599833,0.002725,0.303167,0.4755,0.0,0.0,1.0,0.0,0.0,-9999.0,-9999.0,-9999.0,-9999.0,-9999.0,-9999.0,-9999.0,-9999.0,-9999.0,-9999.0,-9999.0,-9999.0,-9999.0,-9999.0
P13_HV1_3_interaction,active_and_state_lat_and_long_zero_last_source_row_continuous_segment,P13,HV1,3,keep_right,P13_HV1_3,P13_HV1.1.asc,HV3,60,initiator_active,14539,1,242316.67,242316.6674,3.0,3.0,28.298283,101.873817,6.0,320.910303,-5321.592215,0.002586,-0.563945,0.0,28.298433,0.061422,0.0,5321.757244,-57.122501,6.284954,1.0,0.0,0.0,0.0,5302.659597,-52.932384,1021.0,6.0,302.263362,7.0,0.755026,37.851653,136.265952,37.84665,0.615393,-1.3e-05,0.327357,-2.657769,0.002668,0.303795,0.4755,0.0,0.0,1.0,0.0,0.0,-9999.0,-9999.0,-9999.0,-9999.0,-9999.0,-9999.0,-9999.0,-9999.0,-9999.0,-9999.0,-9999.0,-9999.0,-9999.0,-9999.0
P13_HV1_3_interaction,active_and_state_lat_and_long_zero_last_source_row_continuous_segment,P13,HV1,3,keep_right,P13_HV1_3,P13_HV1.1.asc,HV3,60,initiator_active,14540,1,242333.33,242333.3343,3.0,3.0,28.298439,101.874381,6.0,321.381925,-5322.063805,-0.00071,-0.554965,0.0,28.29845,0.060858,0.0,5322.228882,-57.120756,6.284644,1.0,0.0,0.0,0.0,5303.289347,-52.895121,1021.0,6.0,302.892916,7.0,0.795469,37.856364,136.28291,37.851078,0.632602,3.1e-05,0.326813,-2.709925,0.002621,0.303795,0.4755,0.0,0.0,1.0,0.0,0.0,-9999.0,-9999.0,-9999.0,-9999.0,-9999.0,-9999.0,-9999.0,-9999.0,-9999.0,-9999.0,-9999.0,-9999.0,-9999.0,-9999.0
P13_HV1_3_interaction,active_and_state_lat_and_long_zero_last_source_row_continuous_segment,P13,HV1,3,keep_right,P13_HV1_3,P13_HV1.1.asc,HV3,60,initiator_active,14541,1,242350.0,242350.0009,3.0,3.0,28.298446,101.874405,6.0,321.853549,-5322.535397,-0.001171,-0.548776,0.0,28.298417,0.060239,0.0,5322.700521,-57.119164,6.28434,1.0,0.0,0.0,0.0,5303.919219,-52.858605,1021.0,6.0,303.522596,7.0,0.835165,37.861032,136.299716,37.855479,0.648423,7.4e-05,0.326295,-2.758074,0.002581,0.303795,0.4755,0.0,0.0,1.0,0.0,0.0,-9999.0,-9999.0,-9999.0,-9999.0,-9999.0,-9999.0,-9999.0,-9999.0,-9999.0,-9999.0,-9999.0,-9999.0,-9999.0,-9999.0
P13_HV1_3_interaction,active_and_state_lat_and_long_zero_last_source_row_continuous_segment,P13,HV1,3,keep_right,P13_HV1_3,P13_HV1.1.asc,HV3,60,initiator_active,14542,1,242366.67,242366.6669,3.0,3.0,28.298436,101.874368,6.0,322.325174,-5323.006992,0.006092,-0.54182,0.0,28.298413,0.05956,0.0,5323.17216,-57.117723,6.284042,1.0,0.0,0.0,0.0,5304.549214,-52.822853,1021.0,6.0,304.152402,7.0,0.874098,37.865661,136.316378,37.859858,0.662885,0.000117,0.325802,-2.802286,0.002545,0.303795,0.4755,0.0,0.0,1.0,0.0,0.0,-9999.0,-9999.0,-9999.0,-9999.0,-9999.0,-9999.0,-9999.0,-9999.0,-9999.0,-9999.0,-9999.0,-9999.0,-9999.0,-9999.0
P13_HV1_3_interaction,active_and_state_lat_and_long_zero_last_source_row_continuous_segment,P13,HV1,3,keep_right,P13_HV1_3,P13_HV1.1.asc,HV3,60,initiator_active,14543,1,242383.33,242383.3337,3.0,3.0,28.298398,101.874234,6.0,322.7968,-5323.478589,0.056626,-0.535484,0.0,28.299019,0.058828,0.0,5323.6438,-57.116433,6.283749,1.0,0.0,0.0,0.0,5305.17933,-52.787877,1021.0,6.0,304.782333,7.0,0.912256,37.870251,136.332904,37.864217,0.676009,0.000159,0.325279,-2.843897,0.002508,0.304266,0.4755,0.0,0.0,1.0,0.0,0.0,-9999.0,-9999.0,-9999.0,-9999.0,-9999.0,-9999.0,-9999.0,-9999.0,-9999.0,-9999.0,-9999.0,-9999.0,-9999.0,-9999.0
P13_HV1_3_interaction,active_and_state_lat_and_long_zero_last_source_row_continuous_segment,P13,HV1,3,keep_right,P13_HV1_3,P13_HV1.1.asc,HV3,60,initiator_active,14544,1,242400.0,242400.0008,3.0,3.0,28.298456,101.874441,6.0,323.268427,-5323.950187,0.023752,-0.525984,0.0,28.299608,0.058066,0.0,5324.115454,-57.115292,6.283462,1.0,0.0,0.0,0.0,5305.809566,-52.75369,1021.0,6.0,305.412388,7.0,0.949625,37.874805,136.349298,37.868559,0.687831,0.0002,0.324742,-2.882574,0.002464,0.305051,0.4755,0.0,0.0,1.0,0.0,0.0,-9999.0,-9999.0,-9999.0,-9999.0,-9999.0,-9999.0,-9999.0,-9999.0,-9999.0,-9999.0,-9999.0,-9999.0,-9999.0,-9999.0
P13_HV1_3_interaction,active_and_state_lat_and_long_zero_last_source_row_continuous_segment,P13,HV1,3,keep_right,P13_HV1_3,P13_HV1.1.asc,HV3,60,initiator_active,14545,1,242416.67,242416.6667,3.0,3.0,28.299483,101.878138,6.0,323.740069,-5324.421802,-0.002391,-0.517382,0.0,28.299938,0.05731,0.0,5324.587116,-57.114297,6.28318,1.0,0.0,0.0,0.0,5306.439921,-52.720303,1021.0,6.0,306.042567,7.0,0.986195,37.879323,136.365564,37.872885,0.698381,0.000241,0.324135,-2.919697,0.002408,0.306621,0.4755,0.0,0.0,1.0,0.0,0.0,-9999.0,-9999.0,-9999.0,-9999.0,-9999.0,-9999.0,-9999.0,-9999.0,-9999.0,-9999.0,-9999.0,-9999.0,-9999.0,-9999.0
P13_HV1_3_interaction,active_and_state_lat_and_long_zero_last_source_row_continuous_segment,P13,HV1,3,keep_right,P13_HV1_3,P13_HV1.1.asc,HV3,60,initiator_active,14546,1,242433.33,242433.3341,3.0,3.0,28.299798,101.879273,6.0,324.21172,-5324.893426,-0.001884,-0.509149,0.0,28.29984,0.056544,0.0,5325.058781,-57.113445,6.282903,1.0,0.0,0.0,0.0,5307.070393,-52.687727,1021.0,6.0,306.672867,7.0,1.021954,37.883806,136.381701,37.877195,0.707695,0.00028,0.323416,-2.956234,0.002337,0.30929,0.4755,0.0,0.0,1.0,0.0,0.0,-9999.0,-9999.0,-9999.0,-9999.0,-9999.0,-9999.0,-9999.0,-9999.0,-9999.0,-9999.0,-9999.0,-9999.0,-9999.0,-9999.0
P13_HV1_3_interaction,active_and_state_lat_and_long_zero_last_source_row_continuous_segment,P13,HV1,3,keep_right,P13_HV1_3,P13_HV1.1.asc,HV3,60,initiator_active,14547,1,242450.0,242450.0004,3.0,3.0,28.299911,101.879678,6.0,324.683375,-5325.365055,0.007873,-0.49989,0.0,28.299831,0.055778,0.0,5325.530445,-57.112735,6.282632,1.0,0.0,0.0,0.0,5307.700983,-52.655973,1021.0,6.0,307.303288,7.0,1.056892,37.888252,136.397707,37.881489,0.715827,0.000319,0.322582,-2.992354,0.002249,0.313058,0.4755,0.0,0.0,1.0,0.0,0.0,-9999.0,-9999.0,-9999.0,-9999.0,-9999.0,-9999.0,-9999.0,-9999.0,-9999.0,-9999.0,-9999.0,-9999.0,-9999.0,-9999.0
P13_HV1_3_interaction,active_and_state_lat_and_long_zero_last_source_row_continuous_segment,P13,HV1,3,keep_right,P13_HV1_3,P13_HV1.1.asc,HV3,60,initiator_active,14548,1,242466.67,242466.6669,3.0,3.0,28.299816,101.879339,6.0,325.15503,-5325.836684,0.00123,-0.489568,0.0,28.299945,0.055012,0.0,5326.00211,-57.112164,6.282366,1.0,0.0,0.0,0.0,5308.331688,-52.62505,1021.0,6.0,307.933829,7.0,1.091,37.892661,136.413579,37.885766,0.722845,0.000355,0.321607,-3.028699,0.002141,0.318082,0.4755,0.0,0.0,1.0,0.0,0.0,-9999.0,-9999.0,-9999.0,-9999.0,-9999.0,-9999.0,-9999.0,-9999.0,-9999.0,-9999.0,-9999.0,-9999.0,-9999.0,-9999.0
P13_HV1_3_interaction,active_and_state_lat_and_long_zero_last_source_row_continuous_segment,P13,HV1,3,keep_right,P13_HV1_3,P13_HV1.1.asc,HV3,60,initiator_active,14549,1,242483.34,242483.3414,3.0,3.0,28.299889,101.8796,6.0,325.626686,-5326.308316,0.003663,-0.479429,0.0,28.299952,0.054285,0.0,5326.473777,-57.111729,6.282105,1.0,0.0,0.0,0.0,5308.962507,-52.594968,1021.0,6.0,308.564488,7.0,1.124267,37.897033,136.429319,37.890023,0.728861,0.00039,0.320585,-3.063446,0.002011,0.323577,0.4755,0.0,0.0,1.0,0.0,0.0,-9999.0,-9999.0,-9999.0,-9999.0,-9999.0,-9999.0,-9999.0,-9999.0,-9999.0,-9999.0,-9999.0,-9999.0,-9999.0,-9999.0
P13_HV1_3_interaction,active_and_state_lat_and_long_zero_last_source_row_continuous_segment,P13,HV1,3,keep_right,P13_HV1_3,P13_HV1.1.asc,HV3,60,initiator_active,14550,1,242500.0,242500.0007,3.0,3.0,28.299948,101.879813,6.0,326.098344,-5326.779951,0.001456,-0.468741,0.0,28.299974,0.053567,0.0,5326.945444,-57.111428,6.281851,1.0,0.0,0.0,0.0,5309.593439,-52.565735,1021.0,6.0,309.195265,7.0,1.156686,37.901368,136.444923,37.89426,0.733971,0.000422,0.319434,-3.098618,0.001858,0.330171,0.4755,0.0,0.0,1.0,0.0,0.0,-9999.0,-9999.0,-9999.0,-9999.0,-9999.0,-9999.0,-9999.0,-9999.0,-9999.0,-9999.0,-9999.0,-9999.0,-9999.0,-9999.0
P13_HV1_3_interaction,active_and_state_lat_and_long_zero_last_source_row_continuous_segment,P13,HV1,3,keep_right,P13_HV1_3,P13_HV1.1.asc,HV3,60,initiator_active,14551,1,242516.67,242516.6676,3.0,3.0,28.299976,101.879913,6.0,326.570003,-5327.251587,-0.023196,-0.457038,0.0,28.299717,0.052844,0.0,5327.417111,-57.111255,6.281603,1.0,0.0,0.0,0.0,5310.224483,-52.537361,1021.0,6.0,309.826157,7.0,1.188246,37.905666,136.460398,37.898475,0.738324,0.000452,0.318308,-3.131184,0.001683,0.336608,0.4755,0.0,0.0,1.0,0.0,0.0,-9999.0,-9999.0,-9999.0,-9999.0,-9999.0,-9999.0,-9999.0,-9999.0,-9999.0,-9999.0,-9999.0,-9999.0,-9999.0,-9999.0
P13_HV1_3_interaction,active_and_state_lat_and_long_zero_last_source_row_continuous_segment,P13,HV1,3,keep_right,P13_HV1_3,P13_HV1.1.asc,HV3,60,initiator_active,14552,1,242533.33,242533.3337,3.0,3.0,28.299979,101.879925,6.0,327.041663,-5327.723225,0.005984,-0.44667,0.0,28.299508,0.052095,0.0,5327.888772,-57.11121,6.281361,1.0,0.0,0.0,0.0,5310.855637,-52.509853,1021.0,6.0,310.457164,7.0,1.218941,37.90993,136.475747,37.902667,0.742053,0.000478,0.317169,-3.162388,0.001489,0.343202,0.4755,0.0,0.0,1.0,0.0,0.0,-9999.0,-9999.0,-9999.0,-9999.0,-9999.0,-9999.0,-9999.0,-9999.0,-9999.0,-9999.0,-9999.0,-9999.0,-9999.0,-9999.0
P13_HV1_3_interaction,active_and_state_lat_and_long_zero_last_source_row_continuous_segment,P13,HV1,3,keep_right,P13_HV1_3,P13_HV1.1.asc,HV3,60,initiator_active,14553,1,242550.0,242550.0008,3.0,3.0,28.299517,101.878261,6.0,327.513318,-5328.194859,0.013911,-0.435695,0.0,28.299638,0.051353,0.0,5328.360431,-57.111288,6.281126,1.0,0.0,0.0,0.0,5311.4869,-52.48322,1021.0,6.0,311.088284,7.0,1.248762,37.914162,136.490982,37.906835,0.745313,0.000501,0.31614,-3.190058,0.00128,0.349011,0.4755,0.0,0.0,1.0,0.0,0.0,-9999.0,-9999.0,-9999.0,-9999.0,-9999.0,-9999.0,-9999.0,-9999.0,-9999.0,-9999.0,-9999.0,-9999.0,-9999.0,-9999.0
P13_HV1_3_interaction,active_and_state_lat_and_long_zero_last_source_row_continuous_segment,P13,HV1,3,keep_right,P13_HV1_3,P13_HV1.1.asc,HV3,60,initiator_active,14554,1,242566.67,242566.6674,3.0,3.0,28.299552,101.878387,6.0,327.984972,-5328.666492,0.010529,-0.426527,0.0,28.299828,0.050588,0.0,5328.832094,-57.111487,6.280899,1.0,0.0,0.0,0.0,5312.11827,-52.457468,1021.0,6.0,311.719516,7.0,1.277702,37.918367,136.50612,37.910983,0.748255,0.000521,0.315289,-3.213297,0.001061,0.353564,0.4755,0.0,0.0,1.0,0.0,0.0,-9999.0,-9999.0,-9999.0,-9999.0,-9999.0,-9999.0,-9999.0,-9999.0,-9999.0,-9999.0,-9999.0,-9999.0,-9999.0,-9999.0
P13_HV1_3_interaction,active_and_state_lat_and_long_zero_last_source_row_continuous_segment,P13,HV1,3,keep_right,P13_HV1_3,P13_HV1.1.asc,HV3,60,initiator_active,14555,1,242583.33,242583.3339,3.0,3.0,28.299748,101.879093,6.0,328.45663,-5329.13813,0.005974,-0.415491,0.0,28.299977,0.049742,0.0,5329.303759,-57.111804,6.280679,1.0,0.0,0.0,0.0,5312.749746,-52.432603,1021.0,6.0,312.350858,7.0,1.305756,37.92255,136.52118,37.915113,0.751014,0.000536,0.314663,-3.231586,0.000838,0.356547,0.4755,0.0,0.0,1.0,0.0,0.0,-9999.0,-9999.0,-9999.0,-9999.0,-9999.0,-9999.0,-9999.0,-9999.0,-9999.0,-9999.0,-9999.0,-9999.0,-9999.0,-9999.0
P13_HV1_3_interaction,active_and_state_lat_and_long_zero_last_source_row_continuous_segment,P13,HV1,3,keep_right,P13_HV1_3,P13_HV1.1.asc,HV3,60,initiator_active,14556,1,242600.0,242600.0008,3.0,3.0,28.29991,101.879676,6.0,328.92829,-5329.609771,0.008329,-0.410553,0.0,28.300093,0.048861,0.0,5329.775426,-57.112236,6.280466,1.0,0.0,0.0,0.0,5313.381326,-52.40863,1021.0,6.0,312.982309,7.0,1.332918,37.926717,136.53618,37.919227,0.753683,0.000548,0.31424,-3.245602,0.00062,0.358117,0.4755,0.0,0.0,1.0,0.0,0.0,-9999.0,-9999.0,-9999.0,-9999.0,-9999.0,-9999.0,-9999.0,-9999.0,-9999.0,-9999.0,-9999.0,-9999.0,-9999.0,-9999.0
P13_HV1_3_interaction,active_and_state_lat_and_long_zero_last_source_row_continuous_segment,P13,HV1,3,keep_right,P13_HV1_3,P13_HV1.1.asc,HV3,60,initiator_active,14557,1,242616.67,242616.6675,3.0,3.0,28.300022,101.88008,6.0,329.399954,-5330.081416,0.006047,-0.401634,0.0,28.30017,0.047892,0.0,5330.247095,-57.112781,6.280261,1.0,0.0,0.0,0.0,5314.013009,-52.385554,1021.0,6.0,313.613868,7.0,1.359183,37.93087,136.551133,37.92333,0.756306,0.000557,0.313932,-3.257196,0.000419,0.358902,0.4755,0.0,0.0,1.0,0.0,0.0,-9999.0,-9999.0,-9999.0,-9999.0,-9999.0,-9999.0,-9999.0,-9999.0,-9999.0,-9999.0,-9999.0,-9999.0,-9999.0,-9999.0
P13_HV1_3_interaction,active_and_state_lat_and_long_zero_last_source_row_continuous_segment,P13,HV1,3,keep_right,P13_HV1_3,P13_HV1.1.asc,HV3,60,initiator_active,14558,1,242633.33,242633.3338,3.0,3.0,28.300158,101.880568,6.0,329.871619,-5330.553064,0.006034,-0.396341,0.0,28.300276,0.046876,0.0,5330.718765,-57.113437,6.280062,1.0,0.0,0.0,0.0,5314.644794,-52.363378,1021.0,6.0,314.245533,7.0,1.38455,37.935013,136.566048,37.927421,0.758908,0.000562,0.313738,-3.26639,0.000245,0.358588,0.4755,0.0,0.0,1.0,0.0,0.0,-9999.0,-9999.0,-9999.0,-9999.0,-9999.0,-9999.0,-9999.0,-9999.0,-9999.0,-9999.0,-9999.0,-9999.0,-9999.0,-9999.0
P13_HV1_3_interaction,active_and_state_lat_and_long_zero_last_source_row_continuous_segment,P13,HV1,3,keep_right,P13_HV1_3,P13_HV1.1.asc,HV3,60,initiator_active,14559,1,242650.0,242650.0007,3.0,3.0,28.300216,101.880777,6.0,330.343287,-5331.024714,0.005457,-0.389508,0.0,28.300364,0.045759,0.0,5331.190437,-57.114202,6.279869,1.0,0.0,0.0,0.0,5315.276679,-52.342105,1021.0,6.0,314.877302,7.0,1.409013,37.939147,136.580927,37.931504,0.761474,0.000564,0.313544,-3.27537,0.0001,0.358431,0.4755,0.0,0.0,1.0,0.0,0.0,-9999.0,-9999.0,-9999.0,-9999.0,-9999.0,-9999.0,-9999.0,-9999.0,-9999.0,-9999.0,-9999.0,-9999.0,-9999.0,-9999.0
P13_HV1_3_interaction,active_and_state_lat_and_long_zero_last_source_row_continuous_segment,P13,HV1,3,keep_right,P13_HV1_3,P13_HV1.1.asc,HV3,60,initiator_active,14560,1,242666.67,242666.6675,3.0,3.0,28.300322,101.881159,6.0,330.814956,-5331.496367,0.001647,-0.384814,0.0,28.300447,0.044616,0.0,5331.66211,-57.115075,6.279681,1.0,0.0,0.0,0.0,5315.908663,-52.321738,1021.0,6.0,315.509175,7.0,1.432571,37.94327,136.595772,37.935578,0.763989,0.000565,0.313348,-3.284085,-1.4e-05,0.358431,0.4755,0.0,0.0,1.0,0.0,0.0,-9999.0,-9999.0,-9999.0,-9999.0,-9999.0,-9999.0,-9999.0,-9999.0,-9999.0,-9999.0,-9999.0,-9999.0,-9999.0,-9999.0
P13_HV1_3_interaction,active_and_state_lat_and_long_zero_last_source_row_continuous_segment,P13,HV1,3,keep_right,P13_HV1_3,P13_HV1.1.asc,HV3,60,initiator_active,14561,1,242683.33,242683.3342,3.0,3.0,28.300405,101.881459,6.0,331.286628,-5331.968022,0.004988,-0.379525,0.0,28.300473,0.043419,0.0,5332.133783,-57.116055,6.279498,1.0,0.0,0.0,0.0,5316.540744,-52.302281,1021.0,6.0,316.14115,7.0,1.45522,37.947384,136.610582,37.939643,0.766437,0.000564,0.313153,-3.292477,-0.000104,0.358431,0.4755,0.0,0.0,1.0,0.0,0.0,-9999.0,-9999.0,-9999.0,-9999.0,-9999.0,-9999.0,-9999.0,-9999.0,-9999.0,-9999.0,-9999.0,-9999.0,-9999.0,-9999.0
P13_HV1_3_interaction,active_and_state_lat_and_long_zero_last_source_row_continuous_segment,P13,HV1,3,keep_right,P13_HV1_3,P13_HV1.1.asc,HV3,60,initiator_active,14562,1,242700.13,242700.135,3.0,3.0,28.300457,101.881644,6.0,331.7583,-5332.439679,-0.006593,-0.375582,0.0,28.300426,0.042189,0.0,5332.605458,-57.117139,6.279318,1.0,0.0,0.0,0.0,5317.172921,-52.283735,1021.0,6.0,316.773226,7.0,1.476958,37.951488,136.625358,37.9437,0.768808,0.000561,0.312957,-3.300534,-0.000178,0.358588,0.4755,0.0,0.0,1.0,0.0,0.0,-9999.0,-9999.0,-9999.0,-9999.0,-9999.0,-9999.0,-9999.0,-9999.0,-9999.0,-9999.0,-9999.0,-9999.0,-9999.0,-9999.0
P13_HV1_3_interaction,active_and_state_lat_and_long_zero_last_source_row_continuous_segment,P13,HV1,3,keep_right,P13_HV1_3,P13_HV1.1.asc,HV3,60,initiator_active,14563,1,242716.67,242716.6674,3.0,3.0,28.300511,101.881839,6.0,332.229974,-5332.911338,0.006286,-0.373304,0.0,28.300393,0.040947,0.0,5333.07713,-57.118328,6.27914,1.0,0.0,0.0,0.0,5317.805193,-52.266104,1021.0,6.0,317.405401,7.0,1.497782,37.955584,136.640101,37.94775,0.771092,0.000558,0.312764,-3.3082,-0.000245,0.358588,0.47575,0.0,0.0,1.0,0.0,0.0,-9999.0,-9999.0,-9999.0,-9999.0,-9999.0,-9999.0,-9999.0,-9999.0,-9999.0,-9999.0,-9999.0,-9999.0,-9999.0,-9999.0
P13_HV1_3_interaction,active_and_state_lat_and_long_zero_last_source_row_continuous_segment,P13,HV1,3,keep_right,P13_HV1_3,P13_HV1.1.asc,HV3,60,initiator_active,14564,1,242733.33,242733.3344,3.0,3.0,28.300367,101.881322,6.0,332.701646,-5333.382996,0.013633,-0.370141,0.0,28.300527,0.039729,0.0,5333.548802,-57.119621,6.278964,1.0,0.0,0.0,0.0,5318.437559,-52.24939,1021.0,6.0,318.037674,7.0,1.517689,37.95967,136.654812,37.951793,0.773282,0.000553,0.312572,-3.31548,-0.00031,0.358588,0.4755,0.0,0.0,1.0,0.0,0.0,-9999.0,-9999.0,-9999.0,-9999.0,-9999.0,-9999.0,-9999.0,-9999.0,-9999.0,-9999.0,-9999.0,-9999.0,-9999.0,-9999.0
P13_HV1_3_interaction,active_and_state_lat_and_long_zero_last_source_row_continuous_segment,P13,HV1,3,keep_right,P13_HV1_3,P13_HV1.1.asc,HV3,60,initiator_active,14565,1,242750.0,242750.0009,3.0,3.0,28.300442,101.881591,6.0,333.173319,-5333.854655,0.002873,-0.363173,0.0,28.300719,0.038555,0.0,5334.020477,-57.121017,6.278789,1.0,0.0,0.0,0.0,5319.070016,-52.233595,1021.0,6.0,318.670043,7.0,1.536678,37.963748,136.669493,37.955829,0.775372,0.000547,0.312386,-3.322316,-0.000377,0.358117,0.4755,0.0,0.0,1.0,0.0,0.0,-9999.0,-9999.0,-9999.0,-9999.0,-9999.0,-9999.0,-9999.0,-9999.0,-9999.0,-9999.0,-9999.0,-9999.0,-9999.0,-9999.0
P13_HV1_3_interaction,active_and_state_lat_and_long_zero_last_source_row_continuous_segment,P13,HV1,3,keep_right,P13_HV1_3,P13_HV1.1.asc,HV3,60,initiator_active,14566,1,242766.67,242766.668,3.0,3.0,28.300637,101.882295,6.0,333.644995,-5334.326317,0.005767,-0.361962,0.0,28.300726,0.037467,0.0,5334.492154,-57.122515,6.278613,1.0,0.0,0.0,0.0,5319.702563,-52.218722,1021.0,6.0,319.302507,7.0,1.554745,37.967725,136.683811,37.959766,0.777397,0.000541,0.295828,-3.325377,-0.000387,0.356704,0.4755,0.002198,0.0,1.0,0.0,0.0,-9999.0,-9999.0,-9999.0,-9999.0,-9999.0,-9999.0,-9999.0,-9999.0,-9999.0,-9999.0,-9999.0,-9999.0,-9999.0,-9999.0
P13_HV1_3_interaction,active_and_state_lat_and_long_zero_last_source_row_continuous_segment,P13,HV1,3,keep_right,P13_HV1_3,P13_HV1.1.asc,HV3,60,initiator_active,14567,1,242783.33,242783.3344,3.0,3.0,28.300739,101.882662,6.0,334.116673,-5334.797983,0.006636,-0.358407,0.0,28.300837,0.036474,0.0,5334.963831,-57.124114,6.278436,1.0,0.0,0.0,0.0,5320.335198,-52.204772,1021.0,6.0,319.935063,7.0,1.57189,37.971554,136.697596,37.963555,0.7794,0.000532,0.30784,-3.32325,-0.000548,0.353564,0.4755,0.0,0.0,1.0,0.0,0.0,-9999.0,-9999.0,-9999.0,-9999.0,-9999.0,-9999.0,-9999.0,-9999.0,-9999.0,-9999.0,-9999.0,-9999.0,-9999.0,-9999.0
P13_HV1_3_interaction,active_and_state_lat_and_long_zero_last_source_row_continuous_segment,P13,HV1,3,keep_right,P13_HV1_3,P13_HV1.1.asc,HV3,60,initiator_active,14568,1,242800.0,242800.0009,3.0,3.0,28.300771,101.882776,6.0,334.588352,-5335.26965,0.00279,-0.353917,0.0,28.300904,0.035576,0.0,5335.435509,-57.125813,6.278257,1.0,0.0,0.0,0.0,5320.967917,-52.191745,1021.0,6.0,320.567708,7.0,1.588112,37.975614,136.71221,37.967574,0.78139,0.000522,0.312653,-3.315612,-0.000637,0.34854,0.4755,0.0,0.0,1.0,0.0,0.0,-9999.0,-9999.0,-9999.0,-9999.0,-9999.0,-9999.0,-9999.0,-9999.0,-9999.0,-9999.0,-9999.0,-9999.0,-9999.0,-9999.0
P13_HV1_3_interaction,active_and_state_lat_and_long_zero_last_source_row_continuous_segment,P13,HV1,3,keep_right,P13_HV1_3,P13_HV1.1.asc,HV3,60,initiator_active,14569,1,242816.67,242816.6675,3.0,3.0,28.300889,101.883201,6.0,335.060033,-5335.74132,0.005954,-0.349164,0.0,28.300965,0.034795,0.0,5335.907188,-57.127612,6.278077,1.0,0.0,0.0,0.0,5321.600721,-52.179641,1021.0,6.0,321.200444,7.0,1.603411,37.979704,136.726934,37.971625,0.783352,0.00051,0.313787,-3.302549,-0.000776,0.341632,0.4755,0.0,0.0,1.0,0.0,0.0,-9999.0,-9999.0,-9999.0,-9999.0,-9999.0,-9999.0,-9999.0,-9999.0,-9999.0,-9999.0,-9999.0,-9999.0,-9999.0,-9999.0
P13_HV1_3_interaction,active_and_state_lat_and_long_zero_last_source_row_continuous_segment,P13,HV1,3,keep_right,P13_HV1_3,P13_HV1.1.asc,HV3,60,initiator_active,14570,1,242833.33,242833.3343,3.0,3.0,28.300925,101.883329,6.0,335.531715,-5336.212991,0.00604,-0.344419,0.0,28.30106,0.034136,0.0,5336.378868,-57.129508,6.277896,1.0,0.0,0.0,0.0,5322.233611,-52.168459,1021.0,6.0,321.833269,7.0,1.61779,37.983818,136.741745,37.9757,0.785266,0.000496,0.315006,-3.281895,-0.000868,0.332055,0.4755,0.0,0.0,1.0,0.0,0.0,-9999.0,-9999.0,-9999.0,-9999.0,-9999.0,-9999.0,-9999.0,-9999.0,-9999.0,-9999.0,-9999.0,-9999.0,-9999.0,-9999.0
P13_HV1_3_interaction,active_and_state_lat_and_long_zero_last_source_row_continuous_segment,P13,HV1,3,keep_right,P13_HV1_3,P13_HV1.1.asc,HV3,60,initiator_active,14571,1,242850.0,242850.0039,3.0,3.0,28.301012,101.883643,6.0,336.003398,-5336.684664,0.012152,-0.343076,0.0,28.301218,0.033599,0.0,5336.850549,-57.131502,6.277712,1.0,0.0,0.0,0.0,5322.866584,-52.158194,1021.0,6.0,322.466182,7.0,1.631251,37.987964,136.756671,37.979809,0.787098,0.00048,0.316562,-3.251846,-0.000927,0.319181,0.4755,0.0,0.0,1.0,0.0,0.0,-9999.0,-9999.0,-9999.0,-9999.0,-9999.0,-9999.0,-9999.0,-9999.0,-9999.0,-9999.0,-9999.0,-9999.0,-9999.0,-9999.0
P13_HV1_3_interaction,active_and_state_lat_and_long_zero_last_source_row_continuous_segment,P13,HV1,3,keep_right,P13_HV1_3,P13_HV1.1.asc,HV3,60,initiator_active,14572,1,242866.67,242866.6671,3.0,3.0,28.301107,101.883985,6.0,336.475083,-5337.156339,0.008717,-0.339536,0.0,28.301405,0.033159,0.0,5337.322232,-57.133591,6.277527,1.0,0.0,0.0,0.0,5323.499641,-52.148843,1021.0,6.0,323.099184,7.0,1.643799,37.992134,136.771683,37.98395,0.788529,0.000464,0.317628,-3.231848,-0.000946,0.310389,0.4755,0.0,0.0,1.0,0.0,0.0,-9999.0,-9999.0,-9999.0,-9999.0,-9999.0,-9999.0,-9999.0,-9999.0,-9999.0,-9999.0,-9999.0,-9999.0,-9999.0,-9999.0
P13_HV1_3_interaction,active_and_state_lat_and_long_zero_last_source_row_continuous_segment,P13,HV1,3,keep_right,P13_HV1_3,P13_HV1.1.asc,HV3,60,initiator_active,14573,1,242883.33,242883.3343,3.0,3.0,28.301317,101.88474,6.0,336.946771,-5337.628018,-0.001769,-0.334898,0.0,28.301488,0.032802,0.0,5337.793918,-57.135775,6.27734,1.0,0.0,0.0,0.0,5324.13278,-52.140401,1021.0,6.0,323.732272,7.0,1.655438,37.996337,136.786813,37.988133,0.789548,0.000447,0.319117,-3.201126,-0.000924,0.298143,0.4755,0.0,0.0,1.0,0.0,0.0,-9999.0,-9999.0,-9999.0,-9999.0,-9999.0,-9999.0,-9999.0,-9999.0,-9999.0,-9999.0,-9999.0,-9999.0,-9999.0,-9999.0
P13_HV1_3_interaction,active_and_state_lat_and_long_zero_last_source_row_continuous_segment,P13,HV1,3,keep_right,P13_HV1_3,P13_HV1.1.asc,HV3,60,initiator_active,14574,1,242900.0,242900.0011,3.0,3.0,28.301474,101.885308,6.0,337.418462,-5338.0997,0.000904,-0.335201,0.0,28.30148,0.03255,0.0,5338.265604,-57.138053,6.277152,1.0,0.0,0.0,0.0,5324.766,-52.132862,1021.0,6.0,324.365445,7.0,1.666175,38.000573,136.802061,37.992359,0.790047,0.000432,0.320408,-3.166304,-0.000887,0.284955,0.4755,0.0,0.0,1.0,0.0,0.0,-9999.0,-9999.0,-9999.0,-9999.0,-9999.0,-9999.0,-9999.0,-9999.0,-9999.0,-9999.0,-9999.0,-9999.0,-9999.0,-9999.0
P13_HV1_3_interaction,active_and_state_lat_and_long_zero_last_source_row_continuous_segment,P13,HV1,3,keep_right,P13_HV1_3,P13_HV1.1.asc,HV3,60,initiator_active,14575,1,242916.67,242916.6677,3.0,3.0,28.301471,101.885295,6.0,337.890154,-5338.571384,0.005275,-0.331433,0.0,28.301503,0.032325,0.0,5338.73729,-57.140425,6.276963,1.0,0.0,0.0,0.0,5325.3993,-52.12622,1021.0,6.0,324.998704,7.0,1.676015,38.00484,136.817424,37.996632,0.789841,0.000417,0.321623,-3.132446,-0.000867,0.272866,0.4755,0.0,0.0,1.0,0.0,0.0,-9999.0,-9999.0,-9999.0,-9999.0,-9999.0,-9999.0,-9999.0,-9999.0,-9999.0,-9999.0,-9999.0,-9999.0,-9999.0,-9999.0
P13_HV1_3_interaction,active_and_state_lat_and_long_zero_last_source_row_continuous_segment,P13,HV1,3,keep_right,P13_HV1_3,P13_HV1.1.asc,HV3,60,initiator_active,14576,1,242933.33,242933.3334,3.0,3.0,28.301485,101.885344,6.0,338.361846,-5339.043068,-0.000977,-0.327074,0.0,28.301559,0.032182,0.0,5339.208976,-57.142889,6.276773,1.0,0.0,0.0,0.0,5326.032679,-52.120468,1021.0,6.0,325.632046,7.0,1.684966,38.009135,136.832888,38.000951,0.788731,0.000402,0.322574,-3.102811,-0.00089,0.263289,0.4755,0.0,0.0,1.0,0.0,0.0,-9999.0,-9999.0,-9999.0,-9999.0,-9999.0,-9999.0,-9999.0,-9999.0,-9999.0,-9999.0,-9999.0,-9999.0,-9999.0,-9999.0
P13_HV1_3_interaction,active_and_state_lat_and_long_zero_last_source_row_continuous_segment,P13,HV1,3,keep_right,P13_HV1_3,P13_HV1.1.asc,HV3,60,initiator_active,14577,1,242950.01,242950.0074,3.0,3.0,28.301544,101.885559,6.0,338.833538,-5339.514753,0.009231,-0.324079,0.0,28.301563,0.032116,0.0,5339.680662,-57.145445,6.276582,1.0,0.0,0.0,0.0,5326.666137,-52.115599,1021.0,6.0,326.265472,7.0,1.693033,38.013444,136.848399,38.005308,0.786426,0.000386,0.32269,-3.088928,-0.000931,0.260777,0.4755,0.0,0.0,1.0,0.0,0.0,-9999.0,-9999.0,-9999.0,-9999.0,-9999.0,-9999.0,-9999.0,-9999.0,-9999.0,-9999.0,-9999.0,-9999.0,-9999.0,-9999.0
P13_HV1_3_interaction,active_and_state_lat_and_long_zero_last_source_row_continuous_segment,P13,HV1,3,keep_right,P13_HV1_3,P13_HV1.1.asc,HV3,60,initiator_active,14578,1,242966.67,242966.6676,3.0,3.0,28.301547,101.885571,6.0,339.305231,-5339.986439,0.00989,-0.320097,0.0,28.301743,0.032091,0.0,5340.152348,-57.148092,6.276392,1.0,0.0,0.0,0.0,5327.299673,-52.111608,1021.0,6.0,326.898979,7.0,1.700223,38.017658,136.86357,38.009598,0.782834,0.00037,0.305723,-3.083946,-0.000972,0.263917,0.4755,0.002198,0.0,1.0,0.0,0.0,-9999.0,-9999.0,-9999.0,-9999.0,-9999.0,-9999.0,-9999.0,-9999.0,-9999.0,-9999.0,-9999.0,-9999.0,-9999.0,-9999.0
P13_HV1_3_interaction,active_and_state_lat_and_long_zero_last_source_row_continuous_segment,P13,HV1,3,keep_right,P13_HV1_3,P13_HV1.1.asc,HV3,60,initiator_active,14579,1,242983.34,242983.3367,3.0,3.0,28.301637,101.885893,6.0,339.776924,-5340.458127,0.005604,-0.314676,0.0,28.301875,0.032137,0.0,5340.624037,-57.150828,6.276202,1.0,0.0,0.0,0.0,5327.933283,-52.108494,1021.0,6.0,327.532565,7.0,1.706537,38.021719,136.878189,38.013758,0.778033,0.000352,0.316764,-3.082286,-0.001208,0.26847,0.4755,0.0,0.0,1.0,0.0,0.0,-9999.0,-9999.0,-9999.0,-9999.0,-9999.0,-9999.0,-9999.0,-9999.0,-9999.0,-9999.0,-9999.0,-9999.0,-9999.0,-9999.0
P13_HV1_3_interaction,active_and_state_lat_and_long_zero_last_source_row_continuous_segment,P13,HV1,3,keep_right,P13_HV1_3,P13_HV1.1.asc,HV3,60,initiator_active,14580,1,243000.0,243000.0009,3.0,3.0,28.301823,101.886562,6.0,340.248621,-5340.929818,0.005435,-0.306041,0.0,28.301961,0.032236,0.0,5341.095727,-57.153653,6.276014,1.0,0.0,0.0,0.0,5328.566965,-52.106253,1021.0,6.0,328.166228,7.0,1.711978,38.026,136.893598,38.018158,0.772209,0.00033,0.320348,-3.07897,-0.00137,0.273494,0.4755,0.0,0.0,1.0,0.0,0.0,-9999.0,-9999.0,-9999.0,-9999.0,-9999.0,-9999.0,-9999.0,-9999.0,-9999.0,-9999.0,-9999.0,-9999.0,-9999.0,-9999.0
P13_HV1_3_interaction,active_and_state_lat_and_long_zero_last_source_row_continuous_segment,P13,HV1,3,keep_right,P13_HV1_3,P13_HV1.1.asc,HV3,60,initiator_active,14581,1,243016.67,243016.6674,3.0,3.0,28.301918,101.886906,6.0,340.720319,-5341.401511,0.005531,-0.30158,0.0,28.302046,0.032391,0.0,5341.567418,-57.156563,6.275829,1.0,0.0,0.0,0.0,5329.20072,-52.104883,1021.0,6.0,328.799968,7.0,1.716548,38.030297,136.909069,38.02259,0.765586,0.000305,0.320092,-3.071789,-0.00154,0.27789,0.4755,0.0,0.0,1.0,0.0,0.0,-9999.0,-9999.0,-9999.0,-9999.0,-9999.0,-9999.0,-9999.0,-9999.0,-9999.0,-9999.0,-9999.0,-9999.0,-9999.0,-9999.0
P13_HV1_3_interaction,active_and_state_lat_and_long_zero_last_source_row_continuous_segment,P13,HV1,3,keep_right,P13_HV1_3,P13_HV1.1.asc,HV3,60,initiator_active,14582,1,243033.33,243033.3342,3.0,3.0,28.302003,101.887211,6.0,341.192019,-5341.873206,0.005584,-0.290333,0.0,28.302133,0.03256,0.0,5342.03911,-57.159557,6.275647,1.0,0.0,0.0,0.0,5329.834547,-52.104381,1021.0,6.0,329.433784,7.0,1.720252,38.034601,136.924564,38.02704,0.758374,0.000279,0.319681,-3.060946,-0.001594,0.281501,0.4755,0.0,0.0,1.0,0.0,0.0,-9999.0,-9999.0,-9999.0,-9999.0,-9999.0,-9999.0,-9999.0,-9999.0,-9999.0,-9999.0,-9999.0,-9999.0,-9999.0,-9999.0
P13_HV1_3_interaction,active_and_state_lat_and_long_zero_last_source_row_continuous_segment,P13,HV1,3,keep_right,P13_HV1_3,P13_HV1.1.asc,HV3,60,initiator_active,14583,1,243050.0,243050.0013,3.0,3.0,28.302089,101.887521,6.0,341.66372,-5342.344903,0.005598,-0.284102,0.0,28.30222,0.032737,0.0,5342.510803,-57.162632,6.27547,1.0,0.0,0.0,0.0,5330.468446,-52.104741,1021.0,6.0,330.067677,7.0,1.723093,38.038912,136.940083,38.031503,0.750731,0.000253,0.319248,-3.048586,-0.001562,0.284955,0.4755,0.0,0.0,1.0,0.0,0.0,-9999.0,-9999.0,-9999.0,-9999.0,-9999.0,-9999.0,-9999.0,-9999.0,-9999.0,-9999.0,-9999.0,-9999.0,-9999.0,-9999.0
P13_HV1_3_interaction,active_and_state_lat_and_long_zero_last_source_row_continuous_segment,P13,HV1,3,keep_right,P13_HV1_3,P13_HV1.1.asc,HV3,60,initiator_active,14584,1,243066.67,243066.6679,3.0,3.0,28.302176,101.887835,6.0,342.135422,-5342.816602,0.011079,-0.272534,0.0,28.302405,0.032894,0.0,5342.982496,-57.165786,6.275299,1.0,0.0,0.0,0.0,5331.102415,-52.105959,1021.0,6.0,330.701645,7.0,1.725076,38.043233,136.955639,38.03598,0.742828,0.000227,0.318939,-3.032592,-0.001484,0.28731,0.4755,0.0,0.0,1.0,0.0,0.0,-9999.0,-9999.0,-9999.0,-9999.0,-9999.0,-9999.0,-9999.0,-9999.0,-9999.0,-9999.0,-9999.0,-9999.0,-9999.0,-9999.0
P13_HV1_3_interaction,active_and_state_lat_and_long_zero_last_source_row_continuous_segment,P13,HV1,3,keep_right,P13_HV1_3,P13_HV1.1.asc,HV3,60,initiator_active,14585,1,243083.33,243083.3342,3.0,3.0,28.302264,101.888151,6.0,342.607126,-5343.288302,0.00465,-0.262155,0.0,28.302527,0.033019,0.0,5343.454193,-57.169015,6.275135,1.0,0.0,0.0,0.0,5331.736454,-52.10803,1021.0,6.0,331.335686,7.0,1.726207,38.047569,136.97125,38.040472,0.734841,0.000203,0.318877,-3.010845,-0.001394,0.287624,0.4755,0.0,0.0,1.0,0.0,0.0,-9999.0,-9999.0,-9999.0,-9999.0,-9999.0,-9999.0,-9999.0,-9999.0,-9999.0,-9999.0,-9999.0,-9999.0,-9999.0,-9999.0
P13_HV1_3_interaction,active_and_state_lat_and_long_zero_last_source_row_continuous_segment,P13,HV1,3,keep_right,P13_HV1_3,P13_HV1.1.asc,HV3,60,initiator_active,14586,1,243100.01,243100.0063,3.0,3.0,28.302494,101.88898,6.0,343.078833,-5343.760007,0.005169,-0.252917,0.0,28.302603,0.033095,0.0,5343.925891,-57.172317,6.27498,1.0,0.0,0.0,0.0,5332.370562,-52.110946,1021.0,6.0,331.9698,7.0,1.726493,38.051926,136.986933,38.044983,0.726887,0.000181,0.319004,-2.984986,-0.001318,0.285426,0.4755,0.0,0.0,1.0,0.0,0.0,-9999.0,-9999.0,-9999.0,-9999.0,-9999.0,-9999.0,-9999.0,-9999.0,-9999.0,-9999.0,-9999.0,-9999.0,-9999.0,-9999.0
P13_HV1_3_interaction,active_and_state_lat_and_long_zero_last_source_row_continuous_segment,P13,HV1,3,keep_right,P13_HV1_3,P13_HV1.1.asc,HV3,60,initiator_active,14587,1,243116.67,243116.6668,3.0,3.0,28.302564,101.889229,6.0,343.550542,-5344.231713,0.012346,-0.243662,0.0,28.302717,0.033077,0.0,5344.39759,-57.175688,6.274833,1.0,0.0,0.0,0.0,5333.004738,-52.114702,1021.0,6.0,332.603987,7.0,1.72594,38.056308,137.002709,38.049514,0.719068,0.00016,0.319394,-2.953421,-0.001273,0.281972,0.47525,0.0,0.0,1.0,0.0,0.0,-9999.0,-9999.0,-9999.0,-9999.0,-9999.0,-9999.0,-9999.0,-9999.0,-9999.0,-9999.0,-9999.0,-9999.0,-9999.0,-9999.0
P13_HV1_3_interaction,active_and_state_lat_and_long_zero_last_source_row_continuous_segment,P13,HV1,3,keep_right,P13_HV1_3,P13_HV1.1.asc,HV3,60,initiator_active,14588,1,243133.34,243133.3397,3.0,3.0,28.302643,101.889516,6.0,344.022251,-5344.703421,-0.015055,-0.232952,0.0,28.302795,0.032919,0.0,5344.86929,-57.179125,6.274697,1.0,0.0,0.0,0.0,5333.638981,-52.119288,1021.0,6.0,333.238245,7.0,1.724556,38.060721,137.018594,38.054071,0.71143,0.000139,0.320008,-2.917605,-0.001266,0.276791,0.4755,0.0,0.0,1.0,0.0,0.0,-9999.0,-9999.0,-9999.0,-9999.0,-9999.0,-9999.0,-9999.0,-9999.0,-9999.0,-9999.0,-9999.0,-9999.0,-9999.0,-9999.0
P13_HV1_3_interaction,active_and_state_lat_and_long_zero_last_source_row_continuous_segment,P13,HV1,3,keep_right,P13_HV1_3,P13_HV1.1.asc,HV3,60,initiator_active,14589,1,243150.0,243150.0007,3.0,3.0,28.302818,101.890145,6.0,344.493963,-5345.175131,0.006706,-0.224281,0.0,28.302648,0.032629,0.0,5345.34099,-57.182627,6.274571,1.0,0.0,0.0,0.0,5334.273291,-52.124696,1021.0,6.0,333.872574,7.0,1.722352,38.065169,137.034607,38.058658,0.703999,0.000117,0.320832,-2.876322,-0.0013,0.269412,0.4755,0.0,0.0,1.0,0.0,0.0,-9999.0,-9999.0,-9999.0,-9999.0,-9999.0,-9999.0,-9999.0,-9999.0,-9999.0,-9999.0,-9999.0,-9999.0,-9999.0,-9999.0
P13_HV1_3_interaction,active_and_state_lat_and_long_zero_last_source_row_continuous_segment,P13,HV1,3,keep_right,P13_HV1_3,P13_HV1.1.asc,HV3,60,initiator_active,14590,1,243166.67,243166.6732,3.0,3.0,28.302667,101.889603,6.0,344.965674,-5345.646841,0.010354,-0.214225,0.0,28.302756,0.032199,0.0,5345.812688,-57.186189,6.274456,1.0,0.0,0.0,0.0,5334.907667,-52.130915,1021.0,6.0,334.506974,7.0,1.719337,38.069656,137.05076,38.063279,0.696759,9.5e-05,0.321817,-2.830378,-0.00137,0.260149,0.4755,0.0,0.0,1.0,0.0,0.0,-9999.0,-9999.0,-9999.0,-9999.0,-9999.0,-9999.0,-9999.0,-9999.0,-9999.0,-9999.0,-9999.0,-9999.0,-9999.0,-9999.0
P13_HV1_3_interaction,active_and_state_lat_and_long_zero_last_source_row_continuous_segment,P13,HV1,3,keep_right,P13_HV1_3,P13_HV1.1.asc,HV3,60,initiator_active,14591,1,243183.36,243183.355,3.0,3.0,28.302702,101.889726,6.0,345.437384,-5346.11855,0.006623,-0.203382,0.0,28.302917,0.0316,0.0,5346.284388,-57.189809,6.274353,1.0,0.0,0.0,0.0,5335.54211,-52.137933,1021.0,6.0,335.141444,7.0,1.715522,38.074184,137.067061,38.067938,0.689639,7.2e-05,0.322886,-2.78171,-0.001469,0.249787,0.4755,0.0,0.0,1.0,0.0,0.0,-9999.0,-9999.0,-9999.0,-9999.0,-9999.0,-9999.0,-9999.0,-9999.0,-9999.0,-9999.0,-9999.0,-9999.0,-9999.0,-9999.0
P13_HV1_3_interaction,active_and_state_lat_and_long_zero_last_source_row_continuous_segment,P13,HV1,3,keep_right,P13_HV1_3,P13_HV1.1.asc,HV3,60,initiator_active,14592,1,243200.0,243200.001,3.0,3.0,28.302841,101.890228,6.0,345.909096,-5346.590262,0.01569,-0.194723,0.0,28.303082,0.030876,0.0,5346.756089,-57.193485,6.27426,1.0,0.0,0.0,0.0,5336.176618,-52.145741,1021.0,6.0,335.775983,7.0,1.71092,38.078757,137.083526,38.072639,0.682592,4.6e-05,0.324158,-2.726813,-0.001589,0.23707,0.4755,0.0,0.0,1.0,0.0,0.0,-9999.0,-9999.0,-9999.0,-9999.0,-9999.0,-9999.0,-9999.0,-9999.0,-9999.0,-9999.0,-9999.0,-9999.0,-9999.0,-9999.0
P13_HV1_3_interaction,active_and_state_lat_and_long_zero_last_source_row_continuous_segment,P13,HV1,3,keep_right,P13_HV1_3,P13_HV1.1.asc,HV3,60,initiator_active,14593,1,243216.67,243216.6675,3.0,3.0,28.302971,101.890695,6.0,346.380811,-5347.061976,0.005948,-0.184606,0.0,28.303293,0.029971,0.0,5347.227794,-57.197213,6.274178,1.0,0.0,0.0,0.0,5336.811192,-52.154323,1021.0,6.0,336.410593,7.0,1.705542,38.083376,137.100154,38.077385,0.67547,1.9e-05,0.325359,-2.672066,-0.001718,0.22451,0.4755,0.0,0.0,1.0,0.0,0.0,-9999.0,-9999.0,-9999.0,-9999.0,-9999.0,-9999.0,-9999.0,-9999.0,-9999.0,-9999.0,-9999.0,-9999.0,-9999.0,-9999.0
P13_HV1_3_interaction,active_and_state_lat_and_long_zero_last_source_row_continuous_segment,P13,HV1,3,keep_right,P13_HV1_3,P13_HV1.1.asc,HV3,60,initiator_active,14594,1,243233.33,243233.3339,3.0,3.0,28.303212,101.891563,6.0,346.852528,-5347.533693,0.004948,-0.17521,0.0,28.303382,0.028966,0.0,5347.699501,-57.200992,6.274106,1.0,0.0,0.0,0.0,5337.445832,-52.163668,1021.0,6.0,337.045272,7.0,1.699402,38.08804,137.116944,38.082179,0.668154,-1.1e-05,0.326562,-2.615032,-0.001848,0.211322,0.4755,0.0,0.0,1.0,0.0,0.0,-9999.0,-9999.0,-9999.0,-9999.0,-9999.0,-9999.0,-9999.0,-9999.0,-9999.0,-9999.0,-9999.0,-9999.0,-9999.0,-9999.0
P13_HV1_3_interaction,active_and_state_lat_and_long_zero_last_source_row_continuous_segment,P13,HV1,3,keep_right,P13_HV1_3,P13_HV1.1.asc,HV3,60,initiator_active,14595,1,243250.01,243250.0075,3.0,3.0,28.303341,101.892029,6.0,347.324248,-5348.005414,0.008335,-0.164172,0.0,28.303496,0.027843,0.0,5348.171209,-57.204819,6.274045,1.0,0.0,0.0,0.0,5338.080539,-52.173761,1021.0,6.0,337.680021,7.0,1.692514,38.092746,137.133884,38.08702,0.660458,-4.3e-05,0.327547,-2.561505,-0.001968,0.199861,0.4755,0.0,0.0,1.0,0.0,0.0,-9999.0,-9999.0,-9999.0,-9999.0,-9999.0,-9999.0,-9999.0,-9999.0,-9999.0,-9999.0,-9999.0,-9999.0,-9999.0,-9999.0
P13_HV1_3_interaction,active_and_state_lat_and_long_zero_last_source_row_continuous_segment,P13,HV1,3,keep_right,P13_HV1_3,P13_HV1.1.asc,HV3,60,initiator_active,14596,1,243266.67,243266.6675,3.0,3.0,28.303422,101.892321,6.0,347.79597,-5348.477136,0.005269,-0.154074,0.0,28.303614,0.026641,0.0,5348.642919,-57.208691,6.273993,1.0,0.0,0.0,0.0,5338.71531,-52.18459,1021.0,6.0,338.31484,7.0,1.68489,38.097489,137.15096,38.091905,0.652242,-7.6e-05,0.328261,-2.510238,-0.002068,0.189813,0.4755,0.0,0.0,1.0,0.0,0.0,-9999.0,-9999.0,-9999.0,-9999.0,-9999.0,-9999.0,-9999.0,-9999.0,-9999.0,-9999.0,-9999.0,-9999.0,-9999.0,-9999.0
P13_HV1_3_interaction,active_and_state_lat_and_long_zero_last_source_row_continuous_segment,P13,HV1,3,keep_right,P13_HV1_3,P13_HV1.1.asc,HV3,60,initiator_active,14597,1,243283.33,243283.3342,3.0,3.0,28.303565,101.892834,6.0,348.267693,-5348.94886,-0.015723,-0.143655,0.0,28.303603,0.02533,0.0,5349.11463,-57.212604,6.273949,1.0,0.0,0.0,0.0,5339.350148,-52.196142,1021.0,6.0,338.949728,7.0,1.676545,38.102261,137.16814,38.096829,0.643356,-0.000111,0.328656,-2.464991,-0.002135,0.182748,0.4755,0.0,0.0,1.0,0.0,0.0,-9999.0,-9999.0,-9999.0,-9999.0,-9999.0,-9999.0,-9999.0,-9999.0,-9999.0,-9999.0,-9999.0,-9999.0,-9999.0,-9999.0
P13_HV1_3_interaction,active_and_state_lat_and_long_zero_last_source_row_continuous_segment,P13,HV1,3,keep_right,P13_HV1_3,P13_HV1.1.asc,HV3,60,initiator_active,14598,1,243300.0,243300.0006,3.0,3.0,28.303657,101.893165,6.0,348.739418,-5349.420586,0.014804,-0.130051,0.0,28.303455,0.023995,0.0,5349.586339,-57.216557,6.273914,1.0,0.0,0.0,0.0,5339.985052,-52.208403,1021.0,6.0,339.584685,7.0,1.66749,38.107063,137.185427,38.101793,0.633732,-0.000147,0.329123,-2.42348,-0.002157,0.177881,0.4755,0.0,0.0,1.0,0.0,0.0,-9999.0,-9999.0,-9999.0,-9999.0,-9999.0,-9999.0,-9999.0,-9999.0,-9999.0,-9999.0,-9999.0,-9999.0,-9999.0,-9999.0
P13_HV1_3_interaction,active_and_state_lat_and_long_zero_last_source_row_continuous_segment,P13,HV1,3,keep_right,P13_HV1_3,P13_HV1.1.asc,HV3,60,initiator_active,14599,1,243316.67,243316.6668,3.0,3.0,28.303471,101.892497,6.0,349.211141,-5349.892311,0.011789,-0.121437,0.0,28.303689,0.022631,0.0,5350.058048,-57.220546,6.273887,1.0,0.0,0.0,0.0,5340.620021,-52.221363,1021.0,6.0,340.219712,7.0,1.657737,38.111891,137.202806,38.106793,0.623351,-0.000183,0.329315,-2.385259,-0.00212,0.175055,0.4755,0.0,0.0,1.0,0.0,0.0,-9999.0,-9999.0,-9999.0,-9999.0,-9999.0,-9999.0,-9999.0,-9999.0,-9999.0,-9999.0,-9999.0,-9999.0,-9999.0,-9999.0
P13_HV1_3_interaction,active_and_state_lat_and_long_zero_last_source_row_continuous_segment,P13,HV1,3,keep_right,P13_HV1_3,P13_HV1.1.asc,HV3,60,initiator_active,14600,1,243333.33,243333.3337,3.0,3.0,28.303578,101.892881,6.0,349.682864,-5350.364035,0.006284,-0.110401,0.0,28.303864,0.021225,0.0,5350.52976,-57.224568,6.273867,1.0,0.0,0.0,0.0,5341.255056,-52.23501,1021.0,6.0,340.854807,7.0,1.647297,38.116742,137.220271,38.111824,0.612279,-0.000217,0.329422,-2.346782,-0.00202,0.172857,0.4755,0.0,0.0,1.0,0.0,0.0,-9999.0,-9999.0,-9999.0,-9999.0,-9999.0,-9999.0,-9999.0,-9999.0,-9999.0,-9999.0,-9999.0,-9999.0,-9999.0,-9999.0
P13_HV1_3_interaction,active_and_state_lat_and_long_zero_last_source_row_continuous_segment,P13,HV1,3,keep_right,P13_HV1_3,P13_HV1.1.asc,HV3,60,initiator_active,14601,1,243350.0,243350.0009,3.0,3.0,28.303787,101.893632,6.0,350.15459,-5350.835763,0.01234,-0.099738,0.0,28.303994,0.01983,0.0,5351.001474,-57.22862,6.273854,1.0,0.0,0.0,0.0,5341.890157,-52.249333,1021.0,6.0,341.489972,7.0,1.636182,38.121615,137.237815,38.116884,0.600572,-0.000249,0.32942,-2.309898,-0.001857,0.171915,0.4755,0.0,0.0,1.0,0.0,0.0,-9999.0,-9999.0,-9999.0,-9999.0,-9999.0,-9999.0,-9999.0,-9999.0,-9999.0,-9999.0,-9999.0,-9999.0,-9999.0,-9999.0
P13_HV1_3_interaction,active_and_state_lat_and_long_zero_last_source_row_continuous_segment,P13,HV1,3,keep_right,P13_HV1_3,P13_HV1.1.asc,HV3,60,initiator_active,14602,1,243366.67,243366.667,3.0,3.0,28.303916,101.894098,6.0,350.626319,-5351.307494,0.005206,-0.087292,0.0,28.304205,0.018435,0.0,5351.473191,-57.2327,6.273847,1.0,0.0,0.0,0.0,5342.525323,-52.26432,1021.0,6.0,342.125206,7.0,1.624402,38.126415,137.255094,38.121876,0.588332,-0.000277,0.312891,-2.272318,-0.001582,0.171287,0.4755,0.002198,0.0,1.0,0.0,0.0,-9999.0,-9999.0,-9999.0,-9999.0,-9999.0,-9999.0,-9999.0,-9999.0,-9999.0,-9999.0,-9999.0,-9999.0,-9999.0,-9999.0
P13_HV1_3_interaction,active_and_state_lat_and_long_zero_last_source_row_continuous_segment,P13,HV1,3,keep_right,P13_HV1_3,P13_HV1.1.asc,HV3,60,initiator_active,14603,1,243383.33,243383.3339,3.0,3.0,28.304097,101.894748,6.0,351.09805,-5351.779227,0.004408,-0.079229,0.0,28.30427,0.017034,0.0,5351.94491,-57.236805,6.273846,1.0,0.0,0.0,0.0,5343.160552,-52.279961,1021.0,6.0,342.760506,7.0,1.61197,38.130991,137.271568,38.126646,0.575651,-0.000302,0.307999,-2.235316,-0.001352,0.171287,0.4755,0.002198,0.0,1.0,0.0,0.0,-9999.0,-9999.0,-9999.0,-9999.0,-9999.0,-9999.0,-9999.0,-9999.0,-9999.0,-9999.0,-9999.0,-9999.0,-9999.0,-9999.0
P13_HV1_3_interaction,active_and_state_lat_and_long_zero_last_source_row_continuous_segment,P13,HV1,3,keep_right,P13_HV1_3,P13_HV1.1.asc,HV3,60,initiator_active,14604,1,243400.0,243400.0042,3.0,3.0,28.304248,101.895294,6.0,351.569784,-5352.250963,0.009212,-0.067272,0.0,28.30435,0.015638,0.0,5352.41663,-57.240931,6.27385,1.0,0.0,0.0,0.0,5343.795842,-52.296242,1021.0,6.0,343.39587,7.0,1.598897,38.135662,137.288384,38.131511,0.562648,-0.000322,0.323954,-2.197155,-0.001164,0.17113,0.4755,0.0,0.0,1.0,0.0,0.0,-9999.0,-9999.0,-9999.0,-9999.0,-9999.0,-9999.0,-9999.0,-9999.0,-9999.0,-9999.0,-9999.0,-9999.0,-9999.0,-9999.0
P13_HV1_3_interaction,active_and_state_lat_and_long_zero_last_source_row_continuous_segment,P13,HV1,3,keep_right,P13_HV1_3,P13_HV1.1.asc,HV3,60,initiator_active,14605,1,243416.67,243416.6674,3.0,3.0,28.304307,101.895506,6.0,352.041519,-5352.7227,0.00995,-0.060783,0.0,28.304498,0.014288,0.0,5352.888352,-57.245077,6.273859,1.0,0.0,0.0,0.0,5344.431194,-52.313153,1021.0,6.0,344.031299,7.0,1.585194,38.140596,137.306145,38.136638,0.549439,-0.000339,0.328623,-2.157561,-0.000944,0.170659,0.4755,0.0,0.0,1.0,0.0,0.0,-9999.0,-9999.0,-9999.0,-9999.0,-9999.0,-9999.0,-9999.0,-9999.0,-9999.0,-9999.0,-9999.0,-9999.0,-9999.0,-9999.0
P13_HV1_3_interaction,active_and_state_lat_and_long_zero_last_source_row_continuous_segment,P13,HV1,3,keep_right,P13_HV1_3,P13_HV1.1.asc,HV3,60,initiator_active,14606,1,243433.34,243433.3431,3.0,3.0,28.304426,101.895935,6.0,352.513256,-5353.194439,0.012845,-0.052276,0.0,28.304684,0.01296,0.0,5353.360076,-57.249239,6.273872,1.0,0.0,0.0,0.0,5345.06661,-52.330683,1021.0,6.0,344.666796,7.0,1.570874,38.145573,137.324062,38.141805,0.536141,-0.000353,0.329141,-2.115689,-0.000746,0.169403,0.4755,0.0,0.0,1.0,0.0,0.0,-9999.0,-9999.0,-9999.0,-9999.0,-9999.0,-9999.0,-9999.0,-9999.0,-9999.0,-9999.0,-9999.0,-9999.0,-9999.0,-9999.0
P13_HV1_3_interaction,active_and_state_lat_and_long_zero_last_source_row_continuous_segment,P13,HV1,3,keep_right,P13_HV1_3,P13_HV1.1.asc,HV3,60,initiator_active,14607,1,243450.0,243450.0003,3.0,3.0,28.304581,101.896491,6.0,352.984995,-5353.666181,0.012554,-0.044146,0.0,28.304898,0.011638,0.0,5353.831803,-57.253416,6.273889,1.0,0.0,0.0,0.0,5345.702092,-52.348817,1021.0,6.0,345.302362,7.0,1.555949,38.150583,137.342098,38.146998,0.52296,-0.000363,0.329634,-2.062968,-0.000509,0.163908,0.4755,0.0,0.0,1.0,0.0,0.0,-9999.0,-9999.0,-9999.0,-9999.0,-9999.0,-9999.0,-9999.0,-9999.0,-9999.0,-9999.0,-9999.0,-9999.0,-9999.0,-9999.0
P13_HV1_3_interaction,active_and_state_lat_and_long_zero_last_source_row_continuous_segment,P13,HV1,3,keep_right,P13_HV1_3,P13_HV1.1.asc,HV3,60,initiator_active,14608,1,243466.67,243466.6668,3.0,3.0,28.304791,101.897248,6.0,353.456737,-5354.137926,0.008355,-0.037058,0.0,28.305105,0.010347,0.0,5354.303534,-57.257606,6.27391,1.0,0.0,0.0,0.0,5346.337641,-52.367543,1021.0,6.0,345.937996,7.0,1.540433,38.155622,137.360239,38.152215,0.509866,-0.000369,0.329943,-2.013418,-0.000278,0.159512,0.4755,0.0,0.0,1.0,0.0,0.0,-9999.0,-9999.0,-9999.0,-9999.0,-9999.0,-9999.0,-9999.0,-9999.0,-9999.0,-9999.0,-9999.0,-9999.0,-9999.0,-9999.0
P13_HV1_3_interaction,active_and_state_lat_and_long_zero_last_source_row_continuous_segment,P13,HV1,3,keep_right,P13_HV1_3,P13_HV1.1.asc,HV3,60,initiator_active,14609,1,243483.33,243483.3343,3.0,3.0,28.305002,101.898008,6.0,353.928483,-5354.609674,-0.002545,-0.031339,0.0,28.305186,0.009101,0.0,5354.775267,-57.261807,6.273932,1.0,0.0,0.0,0.0,5346.973255,-52.386846,1021.0,6.0,346.5737,7.0,1.52434,38.160694,137.3785,38.157458,0.497,-0.000371,0.33053,-1.952489,-8.9e-05,0.150563,0.4755,0.0,0.0,1.0,0.0,0.0,-9999.0,-9999.0,-9999.0,-9999.0,-9999.0,-9999.0,-9999.0,-9999.0,-9999.0,-9999.0,-9999.0,-9999.0,-9999.0,-9999.0
P13_HV1_3_interaction,active_and_state_lat_and_long_zero_last_source_row_continuous_segment,P13,HV1,3,keep_right,P13_HV1_3,P13_HV1.1.asc,HV3,60,initiator_active,14610,1,243500.0,243500.0008,3.0,3.0,28.305175,101.898631,6.0,354.400232,-5355.081426,0.026635,-0.024968,0.0,28.305204,0.007896,0.0,5355.247002,-57.266016,6.273958,1.0,0.0,0.0,0.0,5347.608937,-52.406711,1021.0,6.0,347.209474,7.0,1.507685,38.165804,137.396893,38.16273,0.484389,-0.000371,0.331252,-1.885246,4.5e-05,0.138945,0.4755,0.0,0.0,1.0,0.0,0.0,-9999.0,-9999.0,-9999.0,-9999.0,-9999.0,-9999.0,-9999.0,-9999.0,-9999.0,-9999.0,-9999.0,-9999.0,-9999.0,-9999.0
P13_HV1_3_interaction,active_and_state_lat_and_long_zero_last_source_row_continuous_segment,P13,HV1,3,keep_right,P13_HV1_3,P13_HV1.1.asc,HV3,60,initiator_active,14611,1,243516.67,243516.6668,3.0,3.0,28.305165,101.898593,6.0,354.871981,-5355.553178,0.006749,-0.021464,0.0,28.305668,0.006739,0.0,5355.718738,-57.270233,6.273984,1.0,0.0,0.0,0.0,5348.244686,-52.42712,1021.0,6.0,347.845319,7.0,1.490487,38.17095,137.415421,38.168032,0.471964,-0.000369,0.331998,-1.815226,0.000116,0.126071,0.4755,0.0,0.0,1.0,0.0,0.0,-9999.0,-9999.0,-9999.0,-9999.0,-9999.0,-9999.0,-9999.0,-9999.0,-9999.0,-9999.0,-9999.0,-9999.0,-9999.0,-9999.0
P13_HV1_3_interaction,active_and_state_lat_and_long_zero_last_source_row_continuous_segment,P13,HV1,3,keep_right,P13_HV1_3,P13_HV1.1.asc,HV3,60,initiator_active,14612,1,243533.33,243533.3337,3.0,3.0,28.305426,101.899532,6.0,355.343733,-5356.024933,0.00948,-0.014587,0.0,28.305753,0.005649,0.0,5356.190481,-57.274457,6.274012,1.0,0.0,0.0,0.0,5348.880504,-52.448057,1021.0,6.0,348.481234,7.0,1.472761,38.176134,137.434083,38.173367,0.459628,-0.000367,0.332764,-1.742989,0.000119,0.112255,0.4755,0.0,0.0,1.0,0.0,0.0,-9999.0,-9999.0,-9999.0,-9999.0,-9999.0,-9999.0,-9999.0,-9999.0,-9999.0,-9999.0,-9999.0,-9999.0,-9999.0,-9999.0
P13_HV1_3_interaction,active_and_state_lat_and_long_zero_last_source_row_continuous_segment,P13,HV1,3,keep_right,P13_HV1_3,P13_HV1.1.asc,HV3,60,initiator_active,14613,1,243550.0,243550.0009,3.0,3.0,28.305724,101.900608,6.0,355.815491,-5356.496694,0.000964,-0.008024,0.0,28.305894,0.004637,0.0,5356.662225,-57.278685,6.27404,1.0,0.0,0.0,0.0,5349.516391,-52.469502,1021.0,6.0,349.117221,7.0,1.454527,38.181354,137.452875,38.178735,0.447253,-0.000365,0.333474,-1.670234,6.3e-05,0.098282,0.4755,0.0,0.0,1.0,0.0,0.0,-9999.0,-9999.0,-9999.0,-9999.0,-9999.0,-9999.0,-9999.0,-9999.0,-9999.0,-9999.0,-9999.0,-9999.0,-9999.0,-9999.0
P13_HV1_3_interaction,active_and_state_lat_and_long_zero_last_source_row_continuous_segment,P13,HV1,3,keep_right,P13_HV1_3,P13_HV1.1.asc,HV3,60,initiator_active,14614,1,243566.67,243566.6678,3.0,3.0,28.305832,101.900995,6.0,356.28725,-5356.968456,-0.004763,-0.002458,0.0,28.305944,0.00372,0.0,5357.133971,-57.282916,6.274068,1.0,0.0,0.0,0.0,5350.152348,-52.491438,1021.0,6.0,349.753281,7.0,1.435803,38.18661,137.471795,38.184135,0.43477,-0.000364,0.334155,-1.592691,-3.4e-05,0.082582,0.4755,0.0,0.0,1.0,0.0,0.0,-9999.0,-9999.0,-9999.0,-9999.0,-9999.0,-9999.0,-9999.0,-9999.0,-9999.0,-9999.0,-9999.0,-9999.0,-9999.0,-9999.0
P13_HV1_3_interaction,active_and_state_lat_and_long_zero_last_source_row_continuous_segment,P13,HV1,3,keep_right,P13_HV1_3,P13_HV1.1.asc,HV3,60,initiator_active,14615,1,243583.33,243583.3344,3.0,3.0,28.305903,101.901249,6.0,356.759012,-5357.44022,0.003003,0.000723,0.0,28.30587,0.002884,0.0,5357.605717,-57.287148,6.274097,1.0,0.0,0.0,0.0,5350.788376,-52.513845,1021.0,6.0,350.389414,7.0,1.416609,38.191898,137.490834,38.189567,0.422018,-0.000366,0.334701,-1.516453,-0.000154,0.067667,0.4755,0.0,0.0,1.0,0.0,0.0,-9999.0,-9999.0,-9999.0,-9999.0,-9999.0,-9999.0,-9999.0,-9999.0,-9999.0,-9999.0,-9999.0,-9999.0,-9999.0,-9999.0
P13_HV1_3_interaction,active_and_state_lat_and_long_zero_last_source_row_continuous_segment,P13,HV1,3,keep_right,P13_HV1_3,P13_HV1.1.asc,HV3,60,initiator_active,14616,1,243600.0,243600.0008,3.0,3.0,28.305905,101.901257,6.0,357.230773,-5357.911985,0.012535,0.009264,0.0,28.30597,0.002102,0.0,5358.077463,-57.29138,6.274126,1.0,0.0,0.0,0.0,5351.424475,-52.536704,1021.0,6.0,351.02562,7.0,1.396962,38.197218,137.509986,38.195029,0.408902,-0.000369,0.335205,-1.437601,-0.000281,0.052124,0.4755,0.0,0.0,1.0,0.0,0.0,-9999.0,-9999.0,-9999.0,-9999.0,-9999.0,-9999.0,-9999.0,-9999.0,-9999.0,-9999.0,-9999.0,-9999.0,-9999.0,-9999.0
P13_HV1_3_interaction,active_and_state_lat_and_long_zero_last_source_row_continuous_segment,P13,HV1,3,keep_right,P13_HV1_3,P13_HV1.1.asc,HV3,60,initiator_active,14617,1,243616.67,243616.6676,3.0,3.0,28.305895,101.901223,6.0,357.702535,-5358.383749,0.012942,0.015542,0.0,28.306184,0.001452,0.0,5358.549211,-57.295612,6.274155,1.0,0.0,0.0,0.0,5352.060648,-52.559995,1021.0,6.0,351.661902,7.0,1.376885,38.202568,137.529243,38.200522,0.395294,-0.000375,0.335616,-1.359031,-0.0004,0.037209,0.4755,0.0,0.0,1.0,0.0,0.0,-9999.0,-9999.0,-9999.0,-9999.0,-9999.0,-9999.0,-9999.0,-9999.0,-9999.0,-9999.0,-9999.0,-9999.0,-9999.0,-9999.0
P13_HV1_3_interaction,active_and_state_lat_and_long_zero_last_source_row_continuous_segment,P13,HV1,3,keep_right,P13_HV1_3,P13_HV1.1.asc,HV3,60,initiator_active,14618,1,243633.33,243633.3341,3.0,3.0,28.306075,101.901869,6.0,358.174298,-5358.855515,0.028587,0.020451,0.0,28.306365,0.000889,0.0,5359.020963,-57.29984,6.274184,1.0,0.0,0.0,0.0,5352.696894,-52.583697,1021.0,6.0,352.29826,7.0,1.356396,38.207944,137.548599,38.206044,0.381074,-0.000382,0.33592,-1.281608,-0.000502,0.023393,0.4755,0.0,0.0,1.0,0.0,0.0,-9999.0,-9999.0,-9999.0,-9999.0,-9999.0,-9999.0,-9999.0,-9999.0,-9999.0,-9999.0,-9999.0,-9999.0,-9999.0,-9999.0
P13_HV1_3_interaction,active_and_state_lat_and_long_zero_last_source_row_continuous_segment,P13,HV1,3,keep_right,P13_HV1_3,P13_HV1.1.asc,HV3,60,initiator_active,14619,1,243650.0,243650.0009,3.0,3.0,28.306292,101.902651,6.0,358.646065,-5359.327285,0.015135,0.023043,0.0,28.30683,0.000389,0.0,5359.492719,-57.304063,6.274214,1.0,0.0,0.0,0.0,5353.333214,-52.607791,1021.0,6.0,352.934694,7.0,1.335516,38.213345,137.56804,38.211591,0.366123,-0.000391,0.336101,-1.20739,-0.00058,0.011618,0.4755,0.0,0.0,1.0,0.0,0.0,-9999.0,-9999.0,-9999.0,-9999.0,-9999.0,-9999.0,-9999.0,-9999.0,-9999.0,-9999.0,-9999.0,-9999.0,-9999.0,-9999.0
P13_HV1_3_interaction,active_and_state_lat_and_long_zero_last_source_row_continuous_segment,P13,HV1,3,keep_right,P13_HV1_3,P13_HV1.1.asc,HV3,60,initiator_active,14620,1,243666.67,243666.667,3.0,3.0,28.306603,101.903772,6.0,359.117836,-5359.799059,0.014738,0.030225,0.0,28.307053,-5.5e-05,0.0,5359.964481,-57.30828,6.274244,1.0,0.0,0.0,0.0,5353.969611,-52.632256,1021.0,6.0,353.571206,7.0,1.314264,38.218767,137.587562,38.217161,0.350412,-0.000401,0.336223,-1.131902,-0.000628,0.000157,0.4755,0.0,0.0,1.0,0.0,0.0,-9999.0,-9999.0,-9999.0,-9999.0,-9999.0,-9999.0,-9999.0,-9999.0,-9999.0,-9999.0,-9999.0,-9999.0,-9999.0,-9999.0
P13_HV1_3_interaction,active_and_state_lat_and_long_zero_last_source_row_continuous_segment,P13,HV1,3,keep_right,P13_HV1_3,P13_HV1.1.asc,HV3,60,initiator_active,14621,1,243683.33,243683.3343,3.0,3.0,28.306956,101.905041,6.0,359.589614,-5360.27084,0.00464,0.031319,0.0,28.30726,-0.000429,0.0,5360.436248,-57.31249,6.274276,1.0,0.0,0.0,0.0,5354.606084,-52.657073,1021.0,6.0,354.207796,7.0,1.292662,38.22421,137.607157,38.222752,0.333914,-0.000411,0.336272,-1.057003,-0.000638,-0.010205,0.4755,0.0,0.0,1.0,0.0,0.0,-9999.0,-9999.0,-9999.0,-9999.0,-9999.0,-9999.0,-9999.0,-9999.0,-9999.0,-9999.0,-9999.0,-9999.0,-9999.0,-9999.0
P13_HV1_3_interaction,active_and_state_lat_and_long_zero_last_source_row_continuous_segment,P13,HV1,3,keep_right,P13_HV1_3,P13_HV1.1.asc,HV3,60,initiator_active,14622,1,243700.01,243700.0053,3.0,3.0,28.307176,101.905832,6.0,360.061396,-5360.742625,0.014394,0.036519,0.0,28.30736,-0.000799,0.0,5360.908017,-57.316691,6.274308,1.0,0.0,0.0,0.0,5355.242634,-52.68222,1021.0,6.0,354.844465,7.0,1.27073,38.229673,137.626821,38.228361,0.316655,-0.000421,0.33628,-0.979525,-0.000611,-0.020724,0.4755,0.0,0.0,1.0,0.0,0.0,-9999.0,-9999.0,-9999.0,-9999.0,-9999.0,-9999.0,-9999.0,-9999.0,-9999.0,-9999.0,-9999.0,-9999.0,-9999.0,-9999.0
P13_HV1_3_interaction,active_and_state_lat_and_long_zero_last_source_row_continuous_segment,P13,HV1,3,keep_right,P13_HV1_3,P13_HV1.1.asc,HV3,60,initiator_active,14623,1,243716.69,243716.6865,3.0,3.0,28.307299,101.906275,6.0,360.53318,-5361.214412,0.01917,0.038316,0.0,28.307633,-0.001135,0.0,5361.379789,-57.320881,6.274342,1.0,0.0,0.0,0.0,5355.879263,-52.707676,1021.0,6.0,355.481215,7.0,1.248489,38.235153,137.646549,38.233986,0.29865,-0.000431,0.336237,-0.901119,-0.000552,-0.030772,0.4755,0.0,0.0,1.0,0.0,0.0,-9999.0,-9999.0,-9999.0,-9999.0,-9999.0,-9999.0,-9999.0,-9999.0,-9999.0,-9999.0,-9999.0,-9999.0,-9999.0,-9999.0
P13_HV1_3_interaction,active_and_state_lat_and_long_zero_last_source_row_continuous_segment,P13,HV1,3,keep_right,P13_HV1_3,P13_HV1.1.asc,HV3,60,initiator_active,14624,1,243733.33,243733.3342,3.0,3.0,28.30748,101.906927,6.0,361.004967,-5361.686201,0.014823,0.043907,0.0,28.307951,-0.001463,0.0,5361.851566,-57.325062,6.274377,1.0,0.0,0.0,0.0,5356.515972,-52.733421,1021.0,6.0,356.118045,7.0,1.22596,38.240649,137.666336,38.239624,0.279931,-0.000439,0.336153,-0.82069,-0.000469,-0.04082,0.4755,0.0,0.0,1.0,0.0,0.0,-9999.0,-9999.0,-9999.0,-9999.0,-9999.0,-9999.0,-9999.0,-9999.0,-9999.0,-9999.0,-9999.0,-9999.0,-9999.0,-9999.0
P13_HV1_3_interaction,active_and_state_lat_and_long_zero_last_source_row_continuous_segment,P13,HV1,3,keep_right,P13_HV1_3,P13_HV1.1.asc,HV3,60,initiator_active,14625,1,243750.0,243750.0009,3.0,3.0,28.307793,101.908054,6.0,361.476759,-5362.157996,0.016817,0.044615,0.0,28.308234,-0.001774,0.0,5362.323347,-57.32923,6.274414,1.0,0.0,0.0,0.0,5357.152761,-52.759432,1021.0,6.0,356.754958,7.0,1.203165,38.246301,137.686683,38.245414,0.260517,-0.000445,0.340236,-0.739914,-0.000356,-0.05024,0.4755,0.0,0.0,1.0,0.0,0.0,-9999.0,-9999.0,-9999.0,-9999.0,-9999.0,-9999.0,-9999.0,-9999.0,-9999.0,-9999.0,-9999.0,-9999.0,-9999.0,-9999.0
P13_HV1_3_interaction,active_and_state_lat_and_long_zero_last_source_row_continuous_segment,P13,HV1,3,keep_right,P13_HV1_3,P13_HV1.1.asc,HV3,60,initiator_active,14626,1,243766.67,243766.6677,3.0,3.0,28.308075,101.909069,6.0,361.948556,-5362.629795,0.010394,0.046607,0.0,28.308472,-0.00211,0.0,5362.795134,-57.333385,6.274453,1.0,0.0,0.0,0.0,5357.789634,-52.785686,1021.0,6.0,357.391955,7.0,1.180127,38.251722,137.7062,38.250966,0.240481,-0.00045,0.330691,-0.654927,-0.000261,-0.060602,0.4755,0.0,0.0,1.0,0.0,0.0,-9999.0,-9999.0,-9999.0,-9999.0,-9999.0,-9999.0,-9999.0,-9999.0,-9999.0,-9999.0,-9999.0,-9999.0,-9999.0,-9999.0
P13_HV1_3_interaction,active_and_state_lat_and_long_zero_last_source_row_continuous_segment,P13,HV1,3,keep_right,P13_HV1_3,P13_HV1.1.asc,HV3,60,initiator_active,14627,1,243783.33,243783.3343,3.0,3.0,28.308374,101.910148,6.0,362.420357,-5363.1016,0.014241,0.049275,0.0,28.308644,-0.002447,0.0,5363.266924,-57.337528,6.274492,1.0,0.0,0.0,0.0,5358.426588,-52.81216,1021.0,6.0,358.029035,7.0,1.15687,38.257212,137.725963,38.25658,0.21991,-0.000453,0.334025,-0.563968,-0.000168,-0.072691,0.4755,0.0,0.0,1.0,0.0,0.0,-9999.0,-9999.0,-9999.0,-9999.0,-9999.0,-9999.0,-9999.0,-9999.0,-9999.0,-9999.0,-9999.0,-9999.0,-9999.0,-9999.0
P13_HV1_3_interaction,active_and_state_lat_and_long_zero_last_source_row_continuous_segment,P13,HV1,3,keep_right,P13_HV1_3,P13_HV1.1.asc,HV3,60,initiator_active,14628,1,243800.0,243800.0011,3.0,3.0,28.308558,101.91081,6.0,362.892163,-5363.573407,0.015092,0.050423,0.0,28.308876,-0.002773,0.0,5363.738718,-57.341657,6.274533,1.0,0.0,0.0,0.0,5359.063626,-52.83883,1021.0,6.0,358.6662,7.0,1.133417,38.262743,137.745874,38.262227,0.198743,-0.000455,0.334884,-0.476945,-9.5e-05,-0.082582,0.4755,0.0,0.0,1.0,0.0,0.0,-9999.0,-9999.0,-9999.0,-9999.0,-9999.0,-9999.0,-9999.0,-9999.0,-9999.0,-9999.0,-9999.0,-9999.0,-9999.0,-9999.0
P13_HV1_3_interaction,active_and_state_lat_and_long_zero_last_source_row_continuous_segment,P13,HV1,3,keep_right,P13_HV1_3,P13_HV1.1.asc,HV3,60,initiator_active,14629,1,243816.67,243816.6671,3.0,3.0,28.308762,101.911545,6.0,363.363971,-5364.045218,0.00648,0.052296,0.0,28.309148,-0.003109,0.0,5364.210516,-57.345772,6.274575,1.0,0.0,0.0,0.0,5359.700749,-52.865672,1021.0,6.0,359.30345,7.0,1.109794,38.26829,137.765844,38.267881,0.176926,-0.000456,0.334916,-0.395379,-3.9e-05,-0.089647,0.4755,0.0,0.0,1.0,0.0,0.0,-9999.0,-9999.0,-9999.0,-9999.0,-9999.0,-9999.0,-9999.0,-9999.0,-9999.0,-9999.0,-9999.0,-9999.0,-9999.0,-9999.0
P13_HV1_3_interaction,active_and_state_lat_and_long_zero_last_source_row_continuous_segment,P13,HV1,3,keep_right,P13_HV1_3,P13_HV1.1.asc,HV3,60,initiator_active,14630,1,243833.33,243833.3341,3.0,3.0,28.309002,101.912406,6.0,363.835784,-5364.517033,0.016074,0.056146,0.0,28.309274,-0.00344,0.0,5364.682318,-57.349872,6.274619,1.0,0.0,0.0,0.0,5360.337959,-52.892661,1021.0,6.0,359.940788,7.0,1.086023,38.273845,137.785841,38.273533,0.154572,-0.000456,0.334672,-0.309051,7e-06,-0.097968,0.4755,0.0,0.0,1.0,0.0,0.0,-9999.0,-9999.0,-9999.0,-9999.0,-9999.0,-9999.0,-9999.0,-9999.0,-9999.0,-9999.0,-9999.0,-9999.0,-9999.0,-9999.0
P13_HV1_3_interaction,active_and_state_lat_and_long_zero_last_source_row_continuous_segment,P13,HV1,3,keep_right,P13_HV1_3,P13_HV1.1.asc,HV3,60,initiator_active,14631,1,243850.0,243850.0009,3.0,3.0,28.309202,101.913127,6.0,364.3076,-5364.988852,0.011317,0.060453,0.0,28.309526,-0.003722,0.0,5365.154122,-57.353957,6.274663,1.0,0.0,0.0,0.0,5360.975255,-52.919774,1021.0,6.0,360.578213,7.0,1.062128,38.279403,137.805851,38.279176,0.131717,-0.000455,0.33433,-0.224152,5.4e-05,-0.10519,0.4755,0.0,0.0,1.0,0.0,0.0,-9999.0,-9999.0,-9999.0,-9999.0,-9999.0,-9999.0,-9999.0,-9999.0,-9999.0,-9999.0,-9999.0,-9999.0,-9999.0,-9999.0
P13_HV1_3_interaction,active_and_state_lat_and_long_zero_last_source_row_continuous_segment,P13,HV1,3,keep_right,P13_HV1_3,P13_HV1.1.asc,HV3,60,initiator_active,14632,1,243866.67,243866.6675,3.0,3.0,28.309408,101.913869,6.0,364.779419,-5365.460673,0.010459,0.062572,0.0,28.309708,-0.003986,0.0,5365.625931,-57.358025,6.274708,1.0,0.0,0.0,0.0,5361.612641,-52.946987,1021.0,6.0,361.215728,7.0,1.038135,38.284962,137.825863,38.284808,0.108411,-0.000453,0.333943,-0.140022,0.000104,-0.111627,0.4755,0.0,0.0,1.0,0.0,0.0,-9999.0,-9999.0,-9999.0,-9999.0,-9999.0,-9999.0,-9999.0,-9999.0,-9999.0,-9999.0,-9999.0,-9999.0,-9999.0,-9999.0
P13_HV1_3_interaction,active_and_state_lat_and_long_zero_last_source_row_continuous_segment,P13,HV1,3,keep_right,P13_HV1_3,P13_HV1.1.asc,HV3,60,initiator_active,14633,1,243883.34,243883.3351,3.0,3.0,28.30962,101.914633,6.0,365.251243,-5365.932498,0.01685,0.067627,0.0,28.309947,-0.004235,0.0,5366.097743,-57.362076,6.274754,1.0,0.0,0.0,0.0,5362.250115,-52.974275,1021.0,6.0,361.853332,7.0,1.014067,38.29052,137.84587,38.290426,0.084702,-0.000451,0.333539,-0.057631,0.000158,-0.116965,0.4755,0.0,0.0,1.0,0.0,0.0,-9999.0,-9999.0,-9999.0,-9999.0,-9999.0,-9999.0,-9999.0,-9999.0,-9999.0,-9999.0,-9999.0,-9999.0,-9999.0,-9999.0
P13_HV1_3_interaction,active_and_state_lat_and_long_zero_last_source_row_continuous_segment,P13,HV1,3,keep_right,P13_HV1_3,P13_HV1.1.asc,HV3,60,initiator_active,14634,1,243900.0,243900.0008,3.0,3.0,28.309795,101.915263,6.0,365.723069,-5366.404326,0.00741,0.070327,0.0,28.310154,-0.004459,0.0,5366.569559,-57.366109,6.274802,1.0,0.0,0.0,0.0,5362.887681,-53.001614,1021.0,6.0,362.491028,7.0,0.989947,38.296058,137.865809,38.29601,0.060673,-0.000448,0.330298,0.024418,0.000218,-0.121832,0.4755,0.0,0.0,1.0,0.0,0.0,-9999.0,-9999.0,-9999.0,-9999.0,-9999.0,-9999.0,-9999.0,-9999.0,-9999.0,-9999.0,-9999.0,-9999.0,-9999.0,-9999.0
P13_HV1_3_interaction,active_and_state_lat_and_long_zero_last_source_row_continuous_segment,P13,HV1,3,keep_right,P13_HV1_3,P13_HV1.1.asc,HV3,60,initiator_active,14635,1,243916.67,243916.6673,3.0,3.0,28.310088,101.916316,6.0,366.1949,-5366.876159,0.014402,0.072945,0.0,28.310297,-0.004683,0.0,5367.041379,-57.370122,6.274851,1.0,0.0,0.0,0.0,5363.525338,-53.02898,1021.0,6.0,363.128814,7.0,0.965801,38.301578,137.885681,38.301561,0.036389,-0.000443,0.331759,0.104294,0.000274,-0.1256,0.4755,0.0,0.0,1.0,0.0,0.0,-9999.0,-9999.0,-9999.0,-9999.0,-9999.0,-9999.0,-9999.0,-9999.0,-9999.0,-9999.0,-9999.0,-9999.0,-9999.0,-9999.0
P13_HV1_3_interaction,active_and_state_lat_and_long_zero_last_source_row_continuous_segment,P13,HV1,3,keep_right,P13_HV1_3,P13_HV1.1.asc,HV3,60,initiator_active,14636,1,243933.33,243933.3334,3.0,3.0,28.310216,101.916778,6.0,366.666733,-5367.347994,0.018473,0.079238,0.0,28.310565,-0.004865,0.0,5367.513201,-57.374115,6.274902,1.0,0.0,0.0,0.0,5364.163086,-53.056351,1021.0,6.0,363.766694,7.0,0.941652,38.307113,137.905608,38.307112,0.011934,-0.000438,0.332097,0.182575,0.000339,-0.128583,0.4755,0.0,0.0,1.0,0.0,0.0,-9999.0,-9999.0,-9999.0,-9999.0,-9999.0,-9999.0,-9999.0,-9999.0,-9999.0,-9999.0,-9999.0,-9999.0,-9999.0,-9999.0
P13_HV1_3_interaction,active_and_state_lat_and_long_zero_last_source_row_continuous_segment,P13,HV1,3,keep_right,P13_HV1_3,P13_HV1.1.asc,HV3,60,initiator_active,14637,1,243950.01,243950.0053,3.0,3.0,28.310417,101.917501,6.0,367.13857,-5367.819832,0.02678,0.084584,0.0,28.311001,-0.005024,0.0,5367.985028,-57.378087,6.274956,1.0,0.0,0.0,0.0,5364.800929,-53.083702,1021.0,6.0,364.404666,7.0,0.917522,38.312646,137.925525,38.312644,-0.012618,-0.000432,0.33186,0.25781,0.000413,-0.13031,0.4755,0.0,0.0,1.0,0.0,0.0,-9999.0,-9999.0,-9999.0,-9999.0,-9999.0,-9999.0,-9999.0,-9999.0,-9999.0,-9999.0,-9999.0,-9999.0,-9999.0,-9999.0
P13_HV1_3_interaction,active_and_state_lat_and_long_zero_last_source_row_continuous_segment,P13,HV1,3,keep_right,P13_HV1_3,P13_HV1.1.asc,HV3,60,initiator_active,14638,1,243966.67,243966.6676,3.0,3.0,28.310719,101.918588,6.0,367.610411,-5368.291675,0.002037,0.086662,0.0,28.311335,-0.0052,0.0,5368.456864,-57.382035,6.275011,1.0,0.0,0.0,0.0,5365.438865,-53.111011,1021.0,6.0,365.042732,7.0,0.893435,38.31817,137.945411,38.318152,-0.037152,-0.000424,0.331493,0.332134,0.000498,-0.131723,0.4755,0.0,0.0,1.0,0.0,0.0,-9999.0,-9999.0,-9999.0,-9999.0,-9999.0,-9999.0,-9999.0,-9999.0,-9999.0,-9999.0,-9999.0,-9999.0,-9999.0,-9999.0
P13_HV1_3_interaction,active_and_state_lat_and_long_zero_last_source_row_continuous_segment,P13,HV1,3,keep_right,P13_HV1_3,P13_HV1.1.asc,HV3,60,initiator_active,14639,1,243983.33,243983.3345,3.0,3.0,28.311224,101.920406,6.0,368.082261,-5368.763526,0.014581,0.092405,0.0,28.311442,-0.005397,0.0,5368.928703,-57.385958,6.275069,1.0,0.0,0.0,0.0,5366.076897,-53.138256,1021.0,6.0,365.680893,7.0,0.869413,38.323683,137.965258,38.323633,-0.061592,-0.000415,0.331135,0.402455,0.000592,-0.131723,0.4755,0.0,0.0,1.0,0.0,0.0,-9999.0,-9999.0,-9999.0,-9999.0,-9999.0,-9999.0,-9999.0,-9999.0,-9999.0,-9999.0,-9999.0,-9999.0,-9999.0,-9999.0
P13_HV1_3_interaction,active_and_state_lat_and_long_zero_last_source_row_continuous_segment,P13,HV1,3,keep_right,P13_HV1_3,P13_HV1.1.asc,HV3,60,initiator_active,14640,1,244000.0,244000.0004,3.0,3.0,28.311352,101.920867,6.0,368.554114,-5369.23538,0.010444,0.092848,0.0,28.311657,-0.005594,0.0,5369.400545,-57.389857,6.27513,1.0,0.0,0.0,0.0,5366.715025,-53.165414,1021.0,6.0,366.31915,7.0,0.845477,38.329184,137.985061,38.329088,-0.085806,-0.000404,0.330776,0.472102,0.00069,-0.131723,0.4755,0.0,0.0,1.0,0.0,0.0,-9999.0,-9999.0,-9999.0,-9999.0,-9999.0,-9999.0,-9999.0,-9999.0,-9999.0,-9999.0,-9999.0,-9999.0,-9999.0,-9999.0
P13_HV1_3_interaction,active_and_state_lat_and_long_zero_last_source_row_continuous_segment,P13,HV1,3,keep_right,P13_HV1_3,P13_HV1.1.asc,HV3,60,initiator_active,14641,1,244016.67,244016.6669,3.0,3.0,28.311563,101.921627,6.0,369.02597,-5369.707237,0.013563,0.096153,0.0,28.311862,-0.005841,0.0,5369.872391,-57.393729,6.275194,1.0,0.0,0.0,0.0,5367.353249,-53.192465,1021.0,6.0,366.957503,7.0,0.821649,38.334671,138.004816,38.334514,-0.109674,-0.000391,0.330418,0.540731,0.000792,-0.131566,0.4755,0.0,0.0,1.0,0.0,0.0,-9999.0,-9999.0,-9999.0,-9999.0,-9999.0,-9999.0,-9999.0,-9999.0,-9999.0,-9999.0,-9999.0,-9999.0,-9999.0,-9999.0
P13_HV1_3_interaction,active_and_state_lat_and_long_zero_last_source_row_continuous_segment,P13,HV1,3,keep_right,P13_HV1_3,P13_HV1.1.asc,HV3,60,initiator_active,14642,1,244033.33,244033.3338,3.0,3.0,28.311744,101.922278,6.0,369.497829,-5370.179097,0.010555,0.097546,0.0,28.312068,-0.006138,0.0,5370.344241,-57.397575,6.275261,1.0,0.0,0.0,0.0,5367.991571,-53.219388,1021.0,6.0,367.595952,7.0,0.797951,38.340144,138.024517,38.339913,-0.133087,-0.000377,0.330063,0.608055,0.000894,-0.131566,0.4755,0.0,0.0,1.0,0.0,0.0,-9999.0,-9999.0,-9999.0,-9999.0,-9999.0,-9999.0,-9999.0,-9999.0,-9999.0,-9999.0,-9999.0,-9999.0,-9999.0,-9999.0
P13_HV1_3_interaction,active_and_state_lat_and_long_zero_last_source_row_continuous_segment,P13,HV1,3,keep_right,P13_HV1_3,P13_HV1.1.asc,HV3,60,initiator_active,14643,1,244050.0,244050.0004,3.0,3.0,28.311975,101.923111,6.0,369.969692,-5370.650961,0.014472,0.101304,0.0,28.312243,-0.006461,0.0,5370.816094,-57.401393,6.27533,1.0,0.0,0.0,0.0,5368.62999,-53.246162,1021.0,6.0,368.234499,7.0,0.774401,38.3456,138.044161,38.345283,-0.155947,-0.000361,0.329751,0.673811,0.000992,-0.131723,0.4755,0.0,0.0,1.0,0.0,0.0,-9999.0,-9999.0,-9999.0,-9999.0,-9999.0,-9999.0,-9999.0,-9999.0,-9999.0,-9999.0,-9999.0,-9999.0,-9999.0,-9999.0
P13_HV1_3_interaction,active_and_state_lat_and_long_zero_last_source_row_continuous_segment,P13,HV1,3,keep_right,P13_HV1_3,P13_HV1.1.asc,HV3,60,initiator_active,14644,1,244066.67,244066.6677,3.0,3.0,28.312156,101.923761,6.0,370.441558,-5371.122828,0.036953,0.102882,0.0,28.312543,-0.006775,0.0,5371.28795,-57.405184,6.275402,1.0,0.0,0.0,0.0,5369.268508,-53.272767,1021.0,6.0,368.873143,7.0,0.751021,38.351041,138.063747,38.350627,-0.178153,-0.000344,0.329416,0.73935,0.001081,-0.132351,0.4755,0.0,0.0,1.0,0.0,0.0,-9999.0,-9999.0,-9999.0,-9999.0,-9999.0,-9999.0,-9999.0,-9999.0,-9999.0,-9999.0,-9999.0,-9999.0,-9999.0,-9999.0
P13_HV1_3_interaction,active_and_state_lat_and_long_zero_last_source_row_continuous_segment,P13,HV1,3,keep_right,P13_HV1_3,P13_HV1.1.asc,HV3,60,initiator_active,14645,1,244083.33,244083.3335,3.0,3.0,28.312364,101.924509,6.0,370.913428,-5371.594698,0.029008,0.105393,0.0,28.313241,-0.007129,0.0,5371.759814,-57.408945,6.275476,1.0,0.0,0.0,0.0,5369.907124,-53.299183,1021.0,6.0,369.511885,7.0,0.72783,38.356463,138.083266,38.355943,-0.199629,-0.000325,0.328998,0.80366,0.00116,-0.133293,0.4755,0.0,0.0,1.0,0.0,0.0,-9999.0,-9999.0,-9999.0,-9999.0,-9999.0,-9999.0,-9999.0,-9999.0,-9999.0,-9999.0,-9999.0,-9999.0,-9999.0,-9999.0
P13_HV1_3_interaction,active_and_state_lat_and_long_zero_last_source_row_continuous_segment,P13,HV1,3,keep_right,P13_HV1_3,P13_HV1.1.asc,HV3,60,initiator_active,14646,1,244100.0,244100.0002,3.0,3.0,28.312851,101.926262,6.0,371.385304,-5372.066575,0.012431,0.105987,0.0,28.313587,-0.007528,0.0,5372.231688,-57.412677,6.275552,1.0,0.0,0.0,0.0,5370.54584,-53.325392,1021.0,6.0,370.150725,7.0,0.704847,38.361864,138.102712,38.361232,-0.220304,-0.000305,0.328567,0.867785,0.001226,-0.13502,0.4755,0.0,0.0,1.0,0.0,0.0,-9999.0,-9999.0,-9999.0,-9999.0,-9999.0,-9999.0,-9999.0,-9999.0,-9999.0,-9999.0,-9999.0,-9999.0,-9999.0,-9999.0
P13_HV1_3_interaction,active_and_state_lat_and_long_zero_last_source_row_continuous_segment,P13,HV1,3,keep_right,P13_HV1_3,P13_HV1.1.asc,HV3,60,initiator_active,14647,1,244116.67,244116.6673,3.0,3.0,28.313482,101.928536,6.0,371.857192,-5372.538462,0.015528,0.107739,0.0,28.313849,-0.00796,0.0,5372.703568,-57.416379,6.27563,1.0,0.0,0.0,0.0,5371.184656,-53.351374,1021.0,6.0,370.789663,7.0,0.682092,38.367245,138.122081,38.366493,-0.240137,-0.000284,0.328131,0.930799,0.001276,-0.137218,0.4755,0.0,0.0,1.0,0.0,0.0,-9999.0,-9999.0,-9999.0,-9999.0,-9999.0,-9999.0,-9999.0,-9999.0,-9999.0,-9999.0,-9999.0,-9999.0,-9999.0,-9999.0
P13_HV1_3_interaction,active_and_state_lat_and_long_zero_last_source_row_continuous_segment,P13,HV1,3,keep_right,P13_HV1_3,P13_HV1.1.asc,HV3,60,initiator_active,14648,1,244133.33,244133.3335,3.0,3.0,28.313691,101.929286,6.0,372.329084,-5373.010354,0.016181,0.109954,0.0,28.314096,-0.008395,0.0,5373.175452,-57.420051,6.275709,1.0,0.0,0.0,0.0,5371.823571,-53.37711,1021.0,6.0,371.428701,7.0,0.659582,38.372603,138.141372,38.371729,-0.259093,-0.000262,0.327667,0.993442,0.00131,-0.140201,0.4755,0.0,0.0,1.0,0.0,0.0,-9999.0,-9999.0,-9999.0,-9999.0,-9999.0,-9999.0,-9999.0,-9999.0,-9999.0,-9999.0,-9999.0,-9999.0,-9999.0,-9999.0
P13_HV1_3_interaction,active_and_state_lat_and_long_zero_last_source_row_continuous_segment,P13,HV1,3,keep_right,P13_HV1_3,P13_HV1.1.asc,HV3,60,initiator_active,14649,1,244150.0,244150.0007,3.0,3.0,28.313978,101.930322,6.0,372.800981,-5373.482251,0.017006,0.112185,0.0,28.314371,-0.008821,0.0,5373.647341,-57.423692,6.275789,1.0,0.0,0.0,0.0,5372.462587,-53.402584,1021.0,6.0,372.067837,7.0,0.637336,38.377939,138.160579,38.376938,-0.277167,-0.00024,0.327181,1.054883,0.001328,-0.143655,0.4755,0.0,0.0,1.0,0.0,0.0,-9999.0,-9999.0,-9999.0,-9999.0,-9999.0,-9999.0,-9999.0,-9999.0,-9999.0,-9999.0,-9999.0,-9999.0,-9999.0,-9999.0
P13_HV1_3_interaction,active_and_state_lat_and_long_zero_last_source_row_continuous_segment,P13,HV1,3,keep_right,P13_HV1_3,P13_HV1.1.asc,HV3,60,initiator_active,14650,1,244166.67,244166.6676,3.0,3.0,28.314231,101.93123,6.0,373.272882,-5373.954152,0.023997,0.114263,0.0,28.314686,-0.009232,0.0,5374.119234,-57.427303,6.27587,1.0,0.0,0.0,0.0,5373.101703,-53.427776,1021.0,6.0,372.707072,7.0,0.615371,38.38325,138.179701,38.382121,-0.294374,-0.000218,0.326685,1.114353,0.00133,-0.147266,0.4755,0.0,0.0,1.0,0.0,0.0,-9999.0,-9999.0,-9999.0,-9999.0,-9999.0,-9999.0,-9999.0,-9999.0,-9999.0,-9999.0,-9999.0,-9999.0,-9999.0,-9999.0
P13_HV1_3_interaction,active_and_state_lat_and_long_zero_last_source_row_continuous_segment,P13,HV1,3,keep_right,P13_HV1_3,P13_HV1.1.asc,HV3,60,initiator_active,14651,1,244183.33,244183.3341,3.0,3.0,28.314512,101.932243,6.0,373.744788,-5374.426057,0.02829,0.113766,0.0,28.31509,-0.009653,0.0,5374.591134,-57.430882,6.275951,1.0,0.0,0.0,0.0,5373.740919,-53.45267,1021.0,6.0,373.346406,7.0,0.593705,38.388538,138.198736,38.38728,-0.310734,-0.000195,0.32617,1.172321,0.001317,-0.151191,0.4755,0.0,0.0,1.0,0.0,0.0,-9999.0,-9999.0,-9999.0,-9999.0,-9999.0,-9999.0,-9999.0,-9999.0,-9999.0,-9999.0,-9999.0,-9999.0,-9999.0,-9999.0
P13_HV1_3_interaction,active_and_state_lat_and_long_zero_last_source_row_continuous_segment,P13,HV1,3,keep_right,P13_HV1_3,P13_HV1.1.asc,HV3,60,initiator_active,14652,1,244200.0,244200.0007,3.0,3.0,28.314885,101.933587,6.0,374.216699,-5374.897968,0.019892,0.116509,0.0,28.315584,-0.010049,0.0,5375.063041,-57.43443,6.276032,1.0,0.0,0.0,0.0,5374.380237,-53.47725,1021.0,6.0,373.985839,7.0,0.572354,38.393801,138.217683,38.392414,-0.326283,-0.000174,0.32565,1.228063,0.001293,-0.155116,0.4755,0.0,0.0,1.0,0.0,0.0,-9999.0,-9999.0,-9999.0,-9999.0,-9999.0,-9999.0,-9999.0,-9999.0,-9999.0,-9999.0,-9999.0,-9999.0,-9999.0,-9999.0
P13_HV1_3_interaction,active_and_state_lat_and_long_zero_last_source_row_continuous_segment,P13,HV1,3,keep_right,P13_HV1_3,P13_HV1.1.asc,HV3,60,initiator_active,14653,1,244216.67,244216.6677,3.0,3.0,28.315325,101.93517,6.0,374.688618,-5375.369885,0.008065,0.118529,0.0,28.315834,-0.010399,0.0,5375.534955,-57.437945,6.276114,1.0,0.0,0.0,0.0,5375.019654,-53.5015,1021.0,6.0,374.625371,7.0,0.551334,38.399039,138.23654,38.397524,-0.341054,-0.000152,0.325115,1.282081,0.001262,-0.159198,0.4755,0.0,0.0,1.0,0.0,0.0,-9999.0,-9999.0,-9999.0,-9999.0,-9999.0,-9999.0,-9999.0,-9999.0,-9999.0,-9999.0,-9999.0,-9999.0,-9999.0,-9999.0
P13_HV1_3_interaction,active_and_state_lat_and_long_zero_last_source_row_continuous_segment,P13,HV1,3,keep_right,P13_HV1_3,P13_HV1.1.asc,HV3,60,initiator_active,14654,1,244233.33,244233.3337,3.0,3.0,28.31575,101.936699,6.0,375.160544,-5375.841811,0.015552,0.116596,0.0,28.316,-0.010714,0.0,5376.006874,-57.441429,6.276195,1.0,0.0,0.0,0.0,5375.659173,-53.525404,1021.0,6.0,375.265002,7.0,0.53066,38.404253,138.25531,38.402611,-0.355094,-0.000131,0.324588,1.333673,0.001227,-0.163123,0.4755,0.0,0.0,1.0,0.0,0.0,-9999.0,-9999.0,-9999.0,-9999.0,-9999.0,-9999.0,-9999.0,-9999.0,-9999.0,-9999.0,-9999.0,-9999.0,-9999.0,-9999.0
P13_HV1_3_interaction,active_and_state_lat_and_long_zero_last_source_row_continuous_segment,P13,HV1,3,keep_right,P13_HV1_3,P13_HV1.1.asc,HV3,60,initiator_active,14655,1,244250.0,244250.0008,3.0,3.0,28.315901,101.937245,6.0,375.632474,-5376.313739,0.016849,0.117592,0.0,28.316268,-0.011043,0.0,5376.478796,-57.444879,6.276276,1.0,0.0,0.0,0.0,5376.298791,-53.548947,1021.0,6.0,375.904731,7.0,0.510347,38.409442,138.273992,38.407675,-0.368457,-0.000111,0.324085,1.382152,0.001189,-0.166577,0.4755,0.0,0.0,1.0,0.0,0.0,-9999.0,-9999.0,-9999.0,-9999.0,-9999.0,-9999.0,-9999.0,-9999.0,-9999.0,-9999.0,-9999.0,-9999.0,-9999.0,-9999.0
P13_HV1_3_interaction,active_and_state_lat_and_long_zero_last_source_row_continuous_segment,P13,HV1,3,keep_right,P13_HV1_3,P13_HV1.1.asc,HV3,60,initiator_active,14656,1,244266.67,244266.6708,3.0,3.0,28.31613,101.938067,6.0,376.104408,-5376.785671,0.010603,0.118436,0.0,28.316483,-0.011332,0.0,5376.950722,-57.448297,6.276355,1.0,0.0,0.0,0.0,5376.938511,-53.572117,1021.0,6.0,376.544559,7.0,0.490408,38.414609,138.292592,38.412717,-0.381202,-9.2e-05,0.323626,1.426836,0.001151,-0.169246,0.4755,0.0,0.0,1.0,0.0,0.0,-9999.0,-9999.0,-9999.0,-9999.0,-9999.0,-9999.0,-9999.0,-9999.0,-9999.0,-9999.0,-9999.0,-9999.0,-9999.0,-9999.0
P13_HV1_3_interaction,active_and_state_lat_and_long_zero_last_source_row_continuous_segment,P13,HV1,3,keep_right,P13_HV1_3,P13_HV1.1.asc,HV3,60,initiator_active,14657,1,244283.33,244283.3346,3.0,3.0,28.316408,101.939067,6.0,376.576345,-5377.257607,0.020905,0.11777,0.0,28.316701,-0.011597,0.0,5377.422652,-57.451682,6.276434,1.0,0.0,0.0,0.0,5377.57833,-53.5949,1021.0,6.0,377.184486,7.0,0.470856,38.419754,138.311114,38.41774,-0.393384,-7.3e-05,0.323234,1.46703,0.001113,-0.170816,0.4755,0.0,0.0,1.0,0.0,0.0,-9999.0,-9999.0,-9999.0,-9999.0,-9999.0,-9999.0,-9999.0,-9999.0,-9999.0,-9999.0,-9999.0,-9999.0,-9999.0,-9999.0
P13_HV1_3_interaction,active_and_state_lat_and_long_zero_last_source_row_continuous_segment,P13,HV1,3,keep_right,P13_HV1_3,P13_HV1.1.asc,HV3,60,initiator_active,14658,1,244300.0,244300.005,3.0,3.0,28.316571,101.939656,6.0,377.048286,-5377.729547,0.020977,0.119057,0.0,28.317077,-0.011837,0.0,5377.894587,-57.455035,6.276512,1.0,0.0,0.0,0.0,5378.21825,-53.617284,1021.0,6.0,377.82451,7.0,0.451704,38.424879,138.329565,38.422745,-0.405033,-5.5e-05,0.322892,1.503628,0.00108,-0.171601,0.4755,0.0,0.0,1.0,0.0,0.0,-9999.0,-9999.0,-9999.0,-9999.0,-9999.0,-9999.0,-9999.0,-9999.0,-9999.0,-9999.0,-9999.0,-9999.0,-9999.0,-9999.0
P13_HV1_3_interaction,active_and_state_lat_and_long_zero_last_source_row_continuous_segment,P13,HV1,3,keep_right,P13_HV1_3,P13_HV1.1.asc,HV3,60,initiator_active,14659,1,244316.67,244316.6717,3.0,3.0,28.316875,101.940749,6.0,377.520232,-5378.20149,0.020634,0.116212,0.0,28.317398,-0.012022,0.0,5378.366528,-57.458356,6.276588,1.0,0.0,0.0,0.0,5378.858269,-53.639258,1021.0,6.0,378.464632,7.0,0.432963,38.429986,138.34795,38.427733,-0.416165,-3.7e-05,0.322604,1.536661,0.001053,-0.171601,0.4755,0.0,0.0,1.0,0.0,0.0,-9999.0,-9999.0,-9999.0,-9999.0,-9999.0,-9999.0,-9999.0,-9999.0,-9999.0,-9999.0,-9999.0,-9999.0,-9999.0,-9999.0
P13_HV1_3_interaction,active_and_state_lat_and_long_zero_last_source_row_continuous_segment,P13,HV1,3,keep_right,P13_HV1_3,P13_HV1.1.asc,HV3,60,initiator_active,14660,1,244333.33,244333.3336,3.0,3.0,28.317251,101.942104,6.0,377.992184,-5378.67344,0.018035,0.11605,0.0,28.317701,-0.012206,0.0,5378.838475,-57.461644,6.276663,1.0,0.0,0.0,0.0,5379.498388,-53.660812,1021.0,6.0,379.104852,7.0,0.414642,38.435075,138.366271,38.432706,-0.426762,-2e-05,0.322321,1.56812,0.001038,-0.17113,0.47575,0.0,0.0,1.0,0.0,0.0,-9999.0,-9999.0,-9999.0,-9999.0,-9999.0,-9999.0,-9999.0,-9999.0,-9999.0,-9999.0,-9999.0,-9999.0,-9999.0,-9999.0
P13_HV1_3_interaction,active_and_state_lat_and_long_zero_last_source_row_continuous_segment,P13,HV1,3,keep_right,P13_HV1_3,P13_HV1.1.asc,HV3,60,initiator_active,14661,1,244350.0,244350.0011,3.0,3.0,28.317569,101.94325,6.0,378.464141,-5379.145395,0.02431,0.114391,0.0,28.318043,-0.012358,0.0,5379.310426,-57.4649,6.276737,1.0,0.0,0.0,0.0,5380.138607,-53.681936,1021.0,6.0,379.745169,7.0,0.396751,38.443688,138.397276,38.441206,-0.436819,-1e-06,1.163545,1.598026,0.001309,-0.170188,0.47575,0.0,0.0,1.0,0.0,0.0,-9999.0,-9999.0,-9999.0,-9999.0,-9999.0,-9999.0,-9999.0,-9999.0,-9999.0,-9999.0,-9999.0,-9999.0,-9999.0,-9999.0
P13_HV1_3_interaction,active_and_state_lat_and_long_zero_last_source_row_continuous_segment,P13,HV1,3,keep_right,P13_HV1_3,P13_HV1.1.asc,HV3,60,initiator_active,14662,1,244366.67,244366.6673,3.0,3.0,28.317851,101.944264,6.0,378.936103,-5379.617354,0.017247,0.110706,0.0,28.318416,-0.012465,0.0,5379.782384,-57.468125,6.276808,1.0,0.0,0.0,0.0,5380.779004,-53.702623,1021.0,6.0,380.385663,7.0,0.379298,38.460239,138.456861,38.457649,-0.446324,3.3e-05,0.731273,1.623844,0.002526,-0.169403,0.4755,0.0,0.0,1.0,0.0,0.0,-9999.0,-9999.0,-9999.0,-9999.0,-9999.0,-9999.0,-9999.0,-9999.0,-9999.0,-9999.0,-9999.0,-9999.0,-9999.0,-9999.0
P13_HV1_3_interaction,active_and_state_lat_and_long_zero_last_source_row_continuous_segment,P13,HV1,3,keep_right,P13_HV1_3,P13_HV1.1.asc,HV3,60,initiator_active,14663,1,244383.34,244383.343,3.0,3.0,28.318245,101.945682,6.0,379.408072,-5380.08932,0.020283,0.111364,0.0,28.318696,-0.012566,0.0,5380.254348,-57.471319,6.276876,1.0,0.0,0.0,0.0,5381.419646,-53.722866,1021.0,6.0,381.026398,7.0,0.362291,38.467855,138.484279,38.465161,-0.455256,9.4e-05,0.35869,1.648957,0.00435,-0.168932,0.4755,0.0,0.0,1.0,0.0,0.0,-9999.0,-9999.0,-9999.0,-9999.0,-9999.0,-9999.0,-9999.0,-9999.0,-9999.0,-9999.0,-9999.0,-9999.0,-9999.0,-9999.0
P13_HV1_3_interaction,active_and_state_lat_and_long_zero_last_source_row_continuous_segment,P13,HV1,3,keep_right,P13_HV1_3,P13_HV1.1.asc,HV3,60,initiator_active,14664,1,244400.0,244400.0003,3.0,3.0,28.318559,101.946812,6.0,379.880046,-5380.561291,0.016516,0.110881,0.0,28.31906,-0.012594,0.0,5380.726318,-57.474482,6.276943,1.0,0.0,0.0,0.0,5382.060441,-53.742654,1021.0,6.0,381.667286,7.0,0.345738,38.472179,138.499846,38.469386,-0.463587,0.000174,0.243388,1.672718,0.004882,-0.168461,0.4755,0.0,0.0,1.0,0.0,0.0,-9999.0,-9999.0,-9999.0,-9999.0,-9999.0,-9999.0,-9999.0,-9999.0,-9999.0,-9999.0,-9999.0,-9999.0,-9999.0,-9999.0
P13_HV1_3_interaction,active_and_state_lat_and_long_zero_last_source_row_continuous_segment,P13,HV1,3,keep_right,P13_HV1_3,P13_HV1.1.asc,HV3,60,initiator_active,14665,1,244416.67,244416.6669,3.0,3.0,28.318864,101.947912,6.0,380.352025,-5381.033267,0.006549,0.112488,0.0,28.319218,-0.012556,0.0,5381.198293,-57.477615,6.277007,1.0,0.0,0.0,0.0,5382.701332,-53.761981,1021.0,6.0,382.308266,7.0,0.329649,38.475489,138.511759,38.472602,-0.471297,0.000247,0.207989,1.69569,0.003851,-0.168461,0.4755,0.0,0.0,1.0,0.0,0.0,-9999.0,-9999.0,-9999.0,-9999.0,-9999.0,-9999.0,-9999.0,-9999.0,-9999.0,-9999.0,-9999.0,-9999.0,-9999.0,-9999.0
P13_HV1_3_interaction,active_and_state_lat_and_long_zero_last_source_row_continuous_segment,P13,HV1,3,keep_right,P13_HV1_3,P13_HV1.1.asc,HV3,60,initiator_active,14666,1,244433.35,244433.3524,3.0,3.0,28.319197,101.94911,6.0,380.82401,-5381.505249,0.014044,0.109504,0.0,28.319363,-0.01246,0.0,5381.67027,-57.480718,6.27707,1.0,0.0,0.0,0.0,5383.342296,-53.780837,1021.0,6.0,382.949317,7.0,0.314029,38.478477,138.522518,38.475503,-0.4784,0.000293,0.196947,1.716683,0.002,-0.168618,0.4755,0.0,0.0,1.0,0.0,0.0,-9999.0,-9999.0,-9999.0,-9999.0,-9999.0,-9999.0,-9999.0,-9999.0,-9999.0,-9999.0,-9999.0,-9999.0,-9999.0,-9999.0
P13_HV1_3_interaction,active_and_state_lat_and_long_zero_last_source_row_continuous_segment,P13,HV1,3,keep_right,P13_HV1_3,P13_HV1.1.asc,HV3,60,initiator_active,14667,1,244450.01,244450.0136,3.0,3.0,28.319272,101.94938,6.0,381.295997,-5381.977232,0.025485,0.108654,0.0,28.319621,-0.01236,0.0,5382.14225,-57.483791,6.27713,1.0,0.0,0.0,0.0,5383.983324,-53.799217,1021.0,6.0,383.59043,7.0,0.298887,38.481358,138.53289,38.478303,-0.484915,0.000307,0.193419,1.735861,3.5e-05,-0.168461,0.4755,0.0,0.0,1.0,0.0,0.0,-9999.0,-9999.0,-9999.0,-9999.0,-9999.0,-9999.0,-9999.0,-9999.0,-9999.0,-9999.0,-9999.0,-9999.0,-9999.0,-9999.0
P13_HV1_3_interaction,active_and_state_lat_and_long_zero_last_source_row_continuous_segment,P13,HV1,3,keep_right,P13_HV1_3,P13_HV1.1.asc,HV3,60,initiator_active,14668,1,244466.67,244466.6673,3.0,3.0,28.319479,101.950126,6.0,381.767987,-5382.449218,0.011857,0.107425,0.0,28.320001,-0.012223,0.0,5382.614236,-57.486833,6.277189,1.0,0.0,0.0,0.0,5384.624415,-53.817115,1021.0,6.0,384.231603,7.0,0.284226,38.484199,138.543117,38.481069,-0.490862,0.00029,0.192231,1.753418,-0.001601,-0.168461,0.4755,0.0,0.0,1.0,0.0,0.0,-9999.0,-9999.0,-9999.0,-9999.0,-9999.0,-9999.0,-9999.0,-9999.0,-9999.0,-9999.0,-9999.0,-9999.0,-9999.0,-9999.0
P13_HV1_3_interaction,active_and_state_lat_and_long_zero_last_source_row_continuous_segment,P13,HV1,3,keep_right,P13_HV1_3,P13_HV1.1.asc,HV3,60,initiator_active,14669,1,244483.33,244483.3344,3.0,3.0,28.319833,101.9514,6.0,382.239982,-5382.92121,0.020374,0.105898,0.0,28.320212,-0.012059,0.0,5383.086227,-57.489846,6.277246,1.0,0.0,0.0,0.0,5385.265567,-53.834526,1021.0,6.0,384.872835,7.0,0.270054,38.487022,138.553281,38.483822,-0.496291,0.000252,0.191912,1.76706,-0.002715,-0.167519,0.4755,0.0,0.0,1.0,0.0,0.0,-9999.0,-9999.0,-9999.0,-9999.0,-9999.0,-9999.0,-9999.0,-9999.0,-9999.0,-9999.0,-9999.0,-9999.0,-9999.0,-9999.0
P13_HV1_3_interaction,active_and_state_lat_and_long_zero_last_source_row_continuous_segment,P13,HV1,3,keep_right,P13_HV1_3,P13_HV1.1.asc,HV3,60,initiator_active,14670,1,244500.0,244500.0005,3.0,3.0,28.320099,101.952357,6.0,382.711982,-5383.393206,0.021249,0.104255,0.0,28.320584,-0.011876,0.0,5383.558223,-57.49283,6.277301,1.0,0.0,0.0,0.0,5385.906779,-53.851446,1021.0,6.0,385.514124,7.0,0.256373,38.489811,138.56332,38.486547,-0.501239,0.0002,0.185016,1.776909,-0.003303,-0.165635,0.4755,0.0,0.0,1.0,0.0,0.0,-9999.0,-9999.0,-9999.0,-9999.0,-9999.0,-9999.0,-9999.0,-9999.0,-9999.0,-9999.0,-9999.0,-9999.0,-9999.0,-9999.0
P13_HV1_3_interaction,active_and_state_lat_and_long_zero_last_source_row_continuous_segment,P13,HV1,3,keep_right,P13_HV1_3,P13_HV1.1.asc,HV3,60,initiator_active,14671,1,244516.67,244516.6674,3.0,3.0,28.320382,101.953374,6.0,383.183987,-5383.865207,0.028742,0.102558,0.0,28.320911,-0.011679,0.0,5384.030225,-57.495786,6.277355,1.0,0.0,0.0,0.0,5386.54805,-53.86787,1021.0,6.0,386.15547,7.0,0.243187,38.492452,138.572826,38.489129,-0.505738,0.000143,0.187134,1.78223,-0.003424,-0.162495,0.4755,0.0,0.0,1.0,0.0,0.0,-9999.0,-9999.0,-9999.0,-9999.0,-9999.0,-9999.0,-9999.0,-9999.0,-9999.0,-9999.0,-9999.0,-9999.0,-9999.0,-9999.0
P13_HV1_3_interaction,active_and_state_lat_and_long_zero_last_source_row_continuous_segment,P13,HV1,3,keep_right,P13_HV1_3,P13_HV1.1.asc,HV3,60,initiator_active,14672,1,244533.33,244533.3335,3.0,3.0,28.320761,101.954739,6.0,383.655998,-5384.337213,0.021952,0.099171,0.0,28.321402,-0.011471,0.0,5384.502233,-57.498713,6.277407,1.0,0.0,0.0,0.0,5387.189379,-53.883796,1021.0,6.0,386.796871,7.0,0.230499,38.495443,138.583594,38.492067,-0.509795,8.8e-05,0.213237,1.78345,-0.003174,-0.158256,0.4755,0.0,0.0,1.0,0.0,0.0,-9999.0,-9999.0,-9999.0,-9999.0,-9999.0,-9999.0,-9999.0,-9999.0,-9999.0,-9999.0,-9999.0,-9999.0,-9999.0,-9999.0
P13_HV1_3_interaction,active_and_state_lat_and_long_zero_last_source_row_continuous_segment,P13,HV1,3,keep_right,P13_HV1_3,P13_HV1.1.asc,HV3,60,initiator_active,14673,1,244550.0,244550.0008,3.0,3.0,28.32115,101.95614,6.0,384.128014,-5384.809226,0.02019,0.097733,0.0,28.321729,-0.011264,0.0,5384.974249,-57.501613,6.277458,1.0,0.0,0.0,0.0,5387.83077,-53.899224,1021.0,6.0,387.438332,7.0,0.218311,38.49879,138.595643,38.495366,-0.513392,4e-05,0.230521,1.781274,-0.002602,-0.153232,0.4755,0.0,0.0,1.0,0.0,0.0,-9999.0,-9999.0,-9999.0,-9999.0,-9999.0,-9999.0,-9999.0,-9999.0,-9999.0,-9999.0,-9999.0,-9999.0,-9999.0,-9999.0
P13_HV1_3_interaction,active_and_state_lat_and_long_zero_last_source_row_continuous_segment,P13,HV1,3,keep_right,P13_HV1_3,P13_HV1.1.asc,HV3,60,initiator_active,14674,1,244566.67,244566.6674,3.0,3.0,28.321584,101.957703,6.0,384.600039,-5385.281246,0.024066,0.093788,0.0,28.32209,-0.011074,0.0,5385.44627,-57.504485,6.277508,1.0,0.0,0.0,0.0,5388.472228,-53.914152,1021.0,6.0,388.079857,7.0,0.206622,38.502329,138.608383,38.498864,-0.516501,4e-06,0.238893,1.775575,-0.001788,-0.147423,0.4755,0.0,0.0,1.0,0.0,0.0,-9999.0,-9999.0,-9999.0,-9999.0,-9999.0,-9999.0,-9999.0,-9999.0,-9999.0,-9999.0,-9999.0,-9999.0,-9999.0,-9999.0
P13_HV1_3_interaction,active_and_state_lat_and_long_zero_last_source_row_continuous_segment,P13,HV1,3,keep_right,P13_HV1_3,P13_HV1.1.asc,HV3,60,initiator_active,14675,1,244583.33,244583.3342,3.0,3.0,28.321897,101.958828,6.0,385.072069,-5385.753271,0.030241,0.093641,0.0,28.322556,-0.010888,0.0,5385.918298,-57.507331,6.277557,1.0,0.0,0.0,0.0,5389.113756,-53.92858,1021.0,6.0,388.721449,7.0,0.195434,38.505956,138.62144,38.502456,-0.519093,-1.7e-05,0.242575,1.76582,-0.00087,-0.140672,0.4755,0.0,0.0,1.0,0.0,0.0,-9999.0,-9999.0,-9999.0,-9999.0,-9999.0,-9999.0,-9999.0,-9999.0,-9999.0,-9999.0,-9999.0,-9999.0,-9999.0,-9999.0
P13_HV1_3_interaction,active_and_state_lat_and_long_zero_last_source_row_continuous_segment,P13,HV1,3,keep_right,P13_HV1_3,P13_HV1.1.asc,HV3,60,initiator_active,14676,1,244600.0,244600.0003,3.0,3.0,28.322291,101.960247,6.0,385.544105,-5386.225303,0.023492,0.090968,0.0,28.323016,-0.01067,0.0,5386.390335,-57.510152,6.277604,1.0,0.0,0.0,0.0,5389.755354,-53.94251,1021.0,6.0,389.36311,7.0,0.184744,38.509623,138.634641,38.506096,-0.521132,-2.2e-05,0.244224,1.751889,1.2e-05,-0.132979,0.4755,0.0,0.0,1.0,0.0,0.0,-9999.0,-9999.0,-9999.0,-9999.0,-9999.0,-9999.0,-9999.0,-9999.0,-9999.0,-9999.0,-9999.0,-9999.0,-9999.0,-9999.0
P13_HV1_3_interaction,active_and_state_lat_and_long_zero_last_source_row_continuous_segment,P13,HV1,3,keep_right,P13_HV1_3,P13_HV1.1.asc,HV3,60,initiator_active,14677,1,244616.68,244616.679,3.0,3.0,28.322808,101.962108,6.0,386.01615,-5386.697342,0.023068,0.088505,0.0,28.323404,-0.01046,0.0,5386.862378,-57.512948,6.277649,1.0,0.0,0.0,0.0,5390.397025,-53.955944,1021.0,6.0,390.00484,7.0,0.174551,38.51331,138.647915,38.509765,-0.522546,-1.5e-05,0.24503,1.736058,0.000758,-0.125286,0.4755,0.0,0.0,1.0,0.0,0.0,-9999.0,-9999.0,-9999.0,-9999.0,-9999.0,-9999.0,-9999.0,-9999.0,-9999.0,-9999.0,-9999.0,-9999.0,-9999.0,-9999.0
P13_HV1_3_interaction,active_and_state_lat_and_long_zero_last_source_row_continuous_segment,P13,HV1,3,keep_right,P13_HV1_3,P13_HV1.1.asc,HV3,60,initiator_active,14678,1,244633.33,244633.3335,3.0,3.0,28.323212,101.963562,6.0,386.488202,-5387.169389,0.022336,0.085031,0.0,28.32382,-0.010267,0.0,5387.334429,-57.515719,6.277694,1.0,0.0,0.0,0.0,5391.038766,-53.968884,1021.0,6.0,390.646639,7.0,0.164852,38.517011,138.66124,38.513456,-0.52331,3e-06,0.24558,1.714981,0.001319,-0.116337,0.4755,0.0,0.0,1.0,0.0,0.0,-9999.0,-9999.0,-9999.0,-9999.0,-9999.0,-9999.0,-9999.0,-9999.0,-9999.0,-9999.0,-9999.0,-9999.0,-9999.0,-9999.0
P13_HV1_3_interaction,active_and_state_lat_and_long_zero_last_source_row_continuous_segment,P13,HV1,3,keep_right,P13_HV1_3,P13_HV1.1.asc,HV3,60,initiator_active,14679,1,244650.0,244650.0005,3.0,3.0,28.323596,101.964946,6.0,386.96026,-5387.641442,0.01535,0.080452,0.0,28.324145,-0.010087,0.0,5387.806486,-57.518466,6.277737,1.0,0.0,0.0,0.0,5391.680579,-53.981334,1021.0,6.0,391.288506,7.0,0.155643,38.520725,138.674609,38.51717,-0.523331,2.9e-05,0.246031,1.693362,0.001672,-0.108016,0.4755,0.0,0.0,1.0,0.0,0.0,-9999.0,-9999.0,-9999.0,-9999.0,-9999.0,-9999.0,-9999.0,-9999.0,-9999.0,-9999.0,-9999.0,-9999.0,-9999.0,-9999.0
P13_HV1_3_interaction,active_and_state_lat_and_long_zero_last_source_row_continuous_segment,P13,HV1,3,keep_right,P13_HV1_3,P13_HV1.1.asc,HV3,60,initiator_active,14680,1,244666.67,244666.6675,3.0,3.0,28.324006,101.966423,6.0,387.432325,-5388.113501,0.021767,0.076376,0.0,28.324465,-0.009915,0.0,5388.278548,-57.521191,6.277778,1.0,0.0,0.0,0.0,5392.322463,-53.993299,1021.0,6.0,391.930442,7.0,0.14692,38.524457,138.688046,38.520913,-0.522583,5.8e-05,0.246893,1.667055,0.001839,-0.098753,0.47525,0.0,0.0,1.0,0.0,0.0,-9999.0,-9999.0,-9999.0,-9999.0,-9999.0,-9999.0,-9999.0,-9999.0,-9999.0,-9999.0,-9999.0,-9999.0,-9999.0,-9999.0
P13_HV1_3_interaction,active_and_state_lat_and_long_zero_last_source_row_continuous_segment,P13,HV1,3,keep_right,P13_HV1_3,P13_HV1.1.asc,HV3,60,initiator_active,14681,1,244683.33,244683.3344,3.0,3.0,28.324273,101.967382,6.0,387.904395,-5388.585566,0.019573,0.073474,0.0,28.324787,-0.009768,0.0,5388.750616,-57.523894,6.277817,1.0,0.0,0.0,0.0,5392.964417,-54.004785,1021.0,6.0,392.572447,7.0,0.138676,38.528197,138.701509,38.524674,-0.520998,8.9e-05,0.246281,1.639175,0.001842,-0.089804,0.4755,0.0,0.0,1.0,0.0,0.0,-9999.0,-9999.0,-9999.0,-9999.0,-9999.0,-9999.0,-9999.0,-9999.0,-9999.0,-9999.0,-9999.0,-9999.0,-9999.0,-9999.0
P13_HV1_3_interaction,active_and_state_lat_and_long_zero_last_source_row_continuous_segment,P13,HV1,3,keep_right,P13_HV1_3,P13_HV1.1.asc,HV3,60,initiator_active,14682,1,244700.0,244700.0,3.0,3.0,28.324646,101.968725,6.0,388.376471,-5389.057636,0.027152,0.072222,0.0,28.325138,-0.009606,0.0,5389.22269,-57.526578,6.277854,1.0,0.0,0.0,0.0,5393.606442,-54.015798,1021.0,6.0,393.214519,7.0,0.130906,38.531928,138.714941,38.528439,-0.518532,0.000118,0.245247,1.608805,0.001734,-0.080855,0.4755,0.0,0.0,1.0,0.0,0.0,-9999.0,-9999.0,-9999.0,-9999.0,-9999.0,-9999.0,-9999.0,-9999.0,-9999.0,-9999.0,-9999.0,-9999.0,-9999.0,-9999.0
P13_HV1_3_interaction,active_and_state_lat_and_long_zero_last_source_row_continuous_segment,P13,HV1,3,keep_right,P13_HV1_3,P13_HV1.1.asc,HV3,60,initiator_active,14683,1,244716.67,244716.6676,3.0,3.0,28.32495,101.969819,6.0,388.848552,-5389.529711,0.021451,0.069551,0.0,28.32552,-0.009392,0.0,5389.69477,-57.529241,6.277889,1.0,0.0,0.0,0.0,5394.248537,-54.026344,1021.0,6.0,393.856658,7.0,0.123602,38.535654,138.728354,38.532211,-0.515125,0.000145,0.244539,1.577834,0.001524,-0.072691,0.47575,0.0,0.0,1.0,0.0,0.0,-9999.0,-9999.0,-9999.0,-9999.0,-9999.0,-9999.0,-9999.0,-9999.0,-9999.0,-9999.0,-9999.0,-9999.0,-9999.0,-9999.0
P13_HV1_3_interaction,active_and_state_lat_and_long_zero_last_source_row_continuous_segment,P13,HV1,3,keep_right,P13_HV1_3,P13_HV1.1.asc,HV3,60,initiator_active,14684,1,244733.33,244733.3339,3.0,3.0,28.325364,101.97131,6.0,389.320639,-5390.001793,0.020477,0.066564,0.0,28.325873,-0.009166,0.0,5390.166856,-57.531885,6.277922,1.0,0.0,0.0,0.0,5394.8907,-54.036432,1021.0,6.0,394.498865,7.0,0.116757,38.539382,138.741775,38.535997,-0.510761,0.000168,0.244248,1.544199,0.001238,-0.064527,0.4755,0.0,0.0,1.0,0.0,0.0,-9999.0,-9999.0,-9999.0,-9999.0,-9999.0,-9999.0,-9999.0,-9999.0,-9999.0,-9999.0,-9999.0,-9999.0,-9999.0,-9999.0
P13_HV1_3_interaction,active_and_state_lat_and_long_zero_last_source_row_continuous_segment,P13,HV1,3,keep_right,P13_HV1_3,P13_HV1.1.asc,HV3,60,initiator_active,14685,1,244750.0,244750.0005,3.0,3.0,28.325698,101.972513,6.0,389.792733,-5390.47388,0.023042,0.065668,0.0,28.326231,-0.008947,0.0,5390.638948,-57.534511,6.277953,1.0,0.0,0.0,0.0,5395.532933,-54.046069,1021.0,6.0,395.141138,7.0,0.110363,38.543118,138.755225,38.539804,-0.505405,0.000185,0.244181,1.510237,0.000908,-0.057305,0.4755,0.0,0.0,1.0,0.0,0.0,-9999.0,-9999.0,-9999.0,-9999.0,-9999.0,-9999.0,-9999.0,-9999.0,-9999.0,-9999.0,-9999.0,-9999.0,-9999.0,-9999.0
P13_HV1_3_interaction,active_and_state_lat_and_long_zero_last_source_row_continuous_segment,P13,HV1,3,keep_right,P13_HV1_3,P13_HV1.1.asc,HV3,60,initiator_active,14686,1,244766.67,244766.6676,3.0,3.0,28.326044,101.973758,6.0,390.264832,-5390.945973,0.017687,0.063242,0.0,28.32668,-0.008672,0.0,5391.111046,-57.537119,6.277981,1.0,0.0,0.0,0.0,5396.175234,-54.055265,1021.0,6.0,395.783477,7.0,0.104411,38.546866,138.768718,38.543635,-0.499068,0.000197,0.244243,1.473952,0.000516,-0.05024,0.4755,0.0,0.0,1.0,0.0,0.0,-9999.0,-9999.0,-9999.0,-9999.0,-9999.0,-9999.0,-9999.0,-9999.0,-9999.0,-9999.0,-9999.0,-9999.0,-9999.0,-9999.0
P13_HV1_3_interaction,active_and_state_lat_and_long_zero_last_source_row_continuous_segment,P13,HV1,3,keep_right,P13_HV1_3,P13_HV1.1.asc,HV3,60,initiator_active,14687,1,244783.33,244783.3344,3.0,3.0,28.326423,101.975124,6.0,390.736938,-5391.418073,0.024034,0.059298,0.0,28.326983,-0.008401,0.0,5391.583152,-57.53971,6.278008,1.0,0.0,0.0,0.0,5396.817603,-54.064029,1021.0,6.0,396.425882,7.0,0.098892,38.550627,138.782259,38.547491,-0.491749,0.000202,0.244331,1.436971,0.000117,-0.04396,0.4755,0.0,0.0,1.0,0.0,0.0,-9999.0,-9999.0,-9999.0,-9999.0,-9999.0,-9999.0,-9999.0,-9999.0,-9999.0,-9999.0,-9999.0,-9999.0,-9999.0,-9999.0
P13_HV1_3_interaction,active_and_state_lat_and_long_zero_last_source_row_continuous_segment,P13,HV1,3,keep_right,P13_HV1_3,P13_HV1.1.asc,HV3,60,initiator_active,14688,1,244800.0,244800.0008,3.0,3.0,28.326827,101.976579,6.0,391.20905,-5391.890179,0.023041,0.054615,0.0,28.327378,-0.008152,0.0,5392.055263,-57.542284,6.278033,1.0,0.0,0.0,0.0,5397.46004,-54.07237,1021.0,6.0,397.068353,7.0,0.093795,38.554402,138.795848,38.551371,-0.483443,0.0002,0.244386,1.400892,-0.000253,-0.039093,0.47525,0.0,0.0,1.0,0.0,0.0,-9999.0,-9999.0,-9999.0,-9999.0,-9999.0,-9999.0,-9999.0,-9999.0,-9999.0,-9999.0,-9999.0,-9999.0,-9999.0,-9999.0
P13_HV1_3_interaction,active_and_state_lat_and_long_zero_last_source_row_continuous_segment,P13,HV1,3,keep_right,P13_HV1_3,P13_HV1.1.asc,HV3,60,initiator_active,14689,1,244816.67,244816.6671,3.0,3.0,28.327183,101.97786,6.0,391.681168,-5392.362291,0.022863,0.051407,0.0,28.32776,-0.007885,0.0,5392.527381,-57.544843,6.278055,1.0,0.0,0.0,0.0,5398.102545,-54.080299,1021.0,6.0,397.71089,7.0,0.089111,38.55819,138.809484,38.555274,-0.47419,0.000193,0.244315,1.36421,-0.000577,-0.035011,0.4755,0.0,0.0,1.0,0.0,0.0,-9999.0,-9999.0,-9999.0,-9999.0,-9999.0,-9999.0,-9999.0,-9999.0,-9999.0,-9999.0,-9999.0,-9999.0,-9999.0,-9999.0
P13_HV1_3_interaction,active_and_state_lat_and_long_zero_last_source_row_continuous_segment,P13,HV1,3,keep_right,P13_HV1_3,P13_HV1.1.asc,HV3,60,initiator_active,14690,1,244833.33,244833.3344,3.0,3.0,28.32757,101.97925,6.0,392.153293,-5392.834409,0.020455,0.045863,0.0,28.328077,-0.007638,0.0,5392.999505,-57.547388,6.278076,1.0,0.0,0.0,0.0,5398.745118,-54.087826,1021.0,6.0,398.353493,7.0,0.084829,38.561988,138.823158,38.559196,-0.464053,0.00018,0.24422,1.326297,-0.000848,-0.0314,0.4755,0.0,0.0,1.0,0.0,0.0,-9999.0,-9999.0,-9999.0,-9999.0,-9999.0,-9999.0,-9999.0,-9999.0,-9999.0,-9999.0,-9999.0,-9999.0,-9999.0,-9999.0
P13_HV1_3_interaction,active_and_state_lat_and_long_zero_last_source_row_continuous_segment,P13,HV1,3,keep_right,P13_HV1_3,P13_HV1.1.asc,HV3,60,initiator_active,14691,1,244850.0,244850.0002,3.0,3.0,28.327951,101.980623,6.0,392.625424,-5393.306533,0.030617,0.04079,0.0,28.328485,-0.007394,0.0,5393.471634,-57.549921,6.278094,1.0,0.0,0.0,0.0,5399.387758,-54.094962,1021.0,6.0,398.996161,7.0,0.080938,38.565802,138.836889,38.563141,-0.453099,0.000164,0.244404,1.287737,-0.00106,-0.028417,0.4755,0.0,0.0,1.0,0.0,0.0,-9999.0,-9999.0,-9999.0,-9999.0,-9999.0,-9999.0,-9999.0,-9999.0,-9999.0,-9999.0,-9999.0,-9999.0,-9999.0,-9999.0
P13_HV1_3_interaction,active_and_state_lat_and_long_zero_last_source_row_continuous_segment,P13,HV1,3,keep_right,P13_HV1_3,P13_HV1.1.asc,HV3,60,initiator_active,14692,1,244866.67,244866.6674,3.0,3.0,28.328247,101.98169,6.0,393.09756,-5393.778662,0.020359,0.037606,0.0,28.328932,-0.00714,0.0,5393.943771,-57.552441,6.278109,1.0,0.0,0.0,0.0,5400.030465,-54.101718,1021.0,6.0,399.638894,7.0,0.077428,38.569633,138.85068,38.567107,-0.441419,0.000145,0.244592,1.24718,-0.001218,-0.025434,0.47575,0.0,0.0,1.0,0.0,0.0,-9999.0,-9999.0,-9999.0,-9999.0,-9999.0,-9999.0,-9999.0,-9999.0,-9999.0,-9999.0,-9999.0,-9999.0,-9999.0,-9999.0
P13_HV1_3_interaction,active_and_state_lat_and_long_zero_last_source_row_continuous_segment,P13,HV1,3,keep_right,P13_HV1_3,P13_HV1.1.asc,HV3,60,initiator_active,14693,1,244883.33,244883.3342,3.0,3.0,28.328741,101.983466,6.0,393.569703,-5394.250799,0.029516,0.034102,0.0,28.329317,-0.006864,0.0,5394.415914,-57.554952,6.278121,1.0,0.0,0.0,0.0,5400.67324,-54.108106,1021.0,6.0,400.281693,7.0,0.074286,38.573482,138.864535,38.571095,-0.429086,0.000124,0.244745,1.206424,-0.001327,-0.023079,0.4755,0.0,0.0,1.0,0.0,0.0,-9999.0,-9999.0,-9999.0,-9999.0,-9999.0,-9999.0,-9999.0,-9999.0,-9999.0,-9999.0,-9999.0,-9999.0,-9999.0,-9999.0
P13_HV1_3_interaction,active_and_state_lat_and_long_zero_last_source_row_continuous_segment,P13,HV1,3,keep_right,P13_HV1_3,P13_HV1.1.asc,HV3,60,initiator_active,14694,1,244900.0,244900.0007,3.0,3.0,28.329102,101.984767,6.0,394.041853,-5394.722943,0.088106,0.032008,0.0,28.329816,-0.00657,0.0,5394.888065,-57.557452,6.278131,1.0,0.0,0.0,0.0,5401.316083,-54.114138,1021.0,6.0,400.924558,7.0,0.0715,38.577344,138.878439,38.575099,-0.416203,0.000101,0.244623,1.163347,-0.001393,-0.02041,0.47525,0.0,0.0,1.0,0.0,0.0,-9999.0,-9999.0,-9999.0,-9999.0,-9999.0,-9999.0,-9999.0,-9999.0,-9999.0,-9999.0,-9999.0,-9999.0,-9999.0,-9999.0
P13_HV1_3_interaction,active_and_state_lat_and_long_zero_last_source_row_continuous_segment,P13,HV1,3,keep_right,P13_HV1_3,P13_HV1.1.asc,HV3,60,initiator_active,14695,1,244916.67,244916.6676,3.0,3.0,28.329563,101.986427,6.0,394.514011,-5395.195093,0.035587,0.026163,0.0,28.331158,-0.006256,0.0,5395.360228,-57.559945,6.278138,1.0,0.0,0.0,0.0,5401.958992,-54.119827,1021.0,6.0,401.567488,7.0,0.069058,38.58122,138.892391,38.579116,-0.402867,7.7e-05,0.244566,1.118212,-0.001423,-0.017427,0.4755,0.0,0.0,1.0,0.0,0.0,-9999.0,-9999.0,-9999.0,-9999.0,-9999.0,-9999.0,-9999.0,-9999.0,-9999.0,-9999.0,-9999.0,-9999.0,-9999.0,-9999.0
P13_HV1_3_interaction,active_and_state_lat_and_long_zero_last_source_row_continuous_segment,P13,HV1,3,keep_right,P13_HV1_3,P13_HV1.1.asc,HV3,60,initiator_active,14696,1,244933.34,244933.3377,3.0,3.0,28.33055,101.989979,6.0,394.98618,-5395.667256,0.018798,0.023967,0.0,28.331649,-0.005942,0.0,5395.83241,-57.562429,6.278143,1.0,0.0,0.0,0.0,5402.601969,-54.125185,1021.0,6.0,402.210483,7.0,0.066947,38.585109,138.906393,38.583147,-0.389168,5.4e-05,0.244539,1.070863,-0.001425,-0.013973,0.4755,0.0,0.0,1.0,0.0,0.0,-9999.0,-9999.0,-9999.0,-9999.0,-9999.0,-9999.0,-9999.0,-9999.0,-9999.0,-9999.0,-9999.0,-9999.0,-9999.0,-9999.0
P13_HV1_3_interaction,active_and_state_lat_and_long_zero_last_source_row_continuous_segment,P13,HV1,3,keep_right,P13_HV1_3,P13_HV1.1.asc,HV3,60,initiator_active,14697,1,244950.0,244950.0004,3.0,3.0,28.331454,101.993235,6.0,395.458369,-5396.139438,0.026246,0.020933,0.0,28.331992,-0.005591,0.0,5396.304599,-57.564907,6.278144,1.0,0.0,0.0,0.0,5403.245013,-54.130227,1021.0,6.0,402.853545,7.0,0.065153,38.589013,138.920445,38.587189,-0.375179,3e-05,0.24444,1.021896,-0.001406,-0.010205,0.4755,0.0,0.0,1.0,0.0,0.0,-9999.0,-9999.0,-9999.0,-9999.0,-9999.0,-9999.0,-9999.0,-9999.0,-9999.0,-9999.0,-9999.0,-9999.0,-9999.0,-9999.0
P13_HV1_3_interaction,active_and_state_lat_and_long_zero_last_source_row_continuous_segment,P13,HV1,3,keep_right,P13_HV1_3,P13_HV1.1.asc,HV3,60,initiator_active,14698,1,244966.67,244966.6677,3.0,3.0,28.331805,101.994499,6.0,395.930564,-5396.611626,0.034954,0.019081,0.0,28.332473,-0.00522,0.0,5396.776794,-57.56738,6.278144,1.0,0.0,0.0,0.0,5403.888124,-54.134965,1021.0,6.0,403.496672,7.0,0.063662,38.592928,138.934539,38.591239,-0.360988,7e-06,0.244319,0.96955,-0.001373,-0.005338,0.47575,0.0,0.0,1.0,0.0,0.0,-9999.0,-9999.0,-9999.0,-9999.0,-9999.0,-9999.0,-9999.0,-9999.0,-9999.0,-9999.0,-9999.0,-9999.0,-9999.0,-9999.0
P13_HV1_3_interaction,active_and_state_lat_and_long_zero_last_source_row_continuous_segment,P13,HV1,3,keep_right,P13_HV1_3,P13_HV1.1.asc,HV3,60,initiator_active,14699,1,244983.33,244983.3342,3.0,3.0,28.332211,101.995959,6.0,396.402766,-5397.083821,0.021564,0.016278,0.0,28.332997,-0.004818,0.0,5397.248998,-57.569847,6.27814,1.0,0.0,0.0,0.0,5404.531303,-54.139415,1021.0,6.0,404.139864,7.0,0.06246,38.596858,138.94869,38.595302,-0.346648,-1.5e-05,0.244455,0.915166,-0.001329,0.000157,0.47525,0.0,0.0,1.0,0.0,0.0,-9999.0,-9999.0,-9999.0,-9999.0,-9999.0,-9999.0,-9999.0,-9999.0,-9999.0,-9999.0,-9999.0,-9999.0,-9999.0,-9999.0
P13_HV1_3_interaction,active_and_state_lat_and_long_zero_last_source_row_continuous_segment,P13,HV1,3,keep_right,P13_HV1_3,P13_HV1.1.asc,HV3,60,initiator_active,14700,1,245000.0,245000.0007,3.0,3.0,28.332764,101.99795,6.0,396.874976,-5397.556024,0.027056,0.014235,0.0,28.333376,-0.004389,0.0,5397.72121,-57.57231,6.278135,1.0,0.0,0.0,0.0,5405.174548,-54.143592,1021.0,6.0,404.783123,7.0,0.061531,38.600804,138.962895,38.599375,-0.332198,-3.6e-05,0.244496,0.858825,-0.00128,0.00628,0.4755,0.0,0.0,1.0,0.0,0.0,-9999.0,-9999.0,-9999.0,-9999.0,-9999.0,-9999.0,-9999.0,-9999.0,-9999.0,-9999.0,-9999.0,-9999.0,-9999.0,-9999.0
P13_HV1_3_interaction,active_and_state_lat_and_long_zero_last_source_row_continuous_segment,P13,HV1,3,keep_right,P13_HV1_3,P13_HV1.1.asc,HV3,60,initiator_active,14701,1,245016.67,245016.6718,3.0,3.0,28.333176,101.999435,6.0,397.347194,-5398.028235,0.028113,0.013279,0.0,28.333834,-0.003946,0.0,5398.193428,-57.574769,6.278127,1.0,0.0,0.0,0.0,5405.817861,-54.147512,1021.0,6.0,405.426447,7.0,0.06086,38.604764,138.977151,38.603457,-0.317652,-5.7e-05,0.24456,0.80173,-0.001229,0.01256,0.47575,0.0,0.0,1.0,0.0,0.0,-9999.0,-9999.0,-9999.0,-9999.0,-9999.0,-9999.0,-9999.0,-9999.0,-9999.0,-9999.0,-9999.0,-9999.0,-9999.0,-9999.0
P13_HV1_3_interaction,active_and_state_lat_and_long_zero_last_source_row_continuous_segment,P13,HV1,3,keep_right,P13_HV1_3,P13_HV1.1.asc,HV3,60,initiator_active,14702,1,245033.33,245033.334,3.0,3.0,28.333602,102.000965,6.0,397.819419,-5398.500453,0.028049,0.012571,0.0,28.334303,-0.003469,0.0,5398.665654,-57.577224,6.278119,1.0,0.0,0.0,0.0,5406.461241,-54.15119,1021.0,6.0,406.069838,7.0,0.060432,38.608739,138.991462,38.60755,-0.303031,-7.7e-05,0.244639,0.742736,-0.001179,0.019468,0.47575,0.0,0.0,1.0,0.0,0.0,-9999.0,-9999.0,-9999.0,-9999.0,-9999.0,-9999.0,-9999.0,-9999.0,-9999.0,-9999.0,-9999.0,-9999.0,-9999.0,-9999.0
P13_HV1_3_interaction,active_and_state_lat_and_long_zero_last_source_row_continuous_segment,P13,HV1,3,keep_right,P13_HV1_3,P13_HV1.1.asc,HV3,60,initiator_active,14703,1,245050.01,245050.01,3.0,3.0,28.334069,102.002647,6.0,398.291652,-5398.972679,0.024125,0.011512,0.0,28.33477,-0.002998,0.0,5399.137888,-57.579676,6.278109,1.0,0.0,0.0,0.0,5407.104689,-54.154641,1021.0,6.0,406.713294,7.0,0.060229,38.612724,139.005808,38.611648,-0.288333,-9.6e-05,0.24438,0.683422,-0.001128,0.026376,0.47575,0.0,0.0,1.0,0.0,0.0,-9999.0,-9999.0,-9999.0,-9999.0,-9999.0,-9999.0,-9999.0,-9999.0,-9999.0,-9999.0,-9999.0,-9999.0,-9999.0,-9999.0
P13_HV1_3_interaction,active_and_state_lat_and_long_zero_last_source_row_continuous_segment,P13,HV1,3,keep_right,P13_HV1_3,P13_HV1.1.asc,HV3,60,initiator_active,14704,1,245066.67,245066.6674,3.0,3.0,28.334537,102.004332,6.0,398.763892,-5399.444912,0.041361,0.009984,0.0,28.335243,-0.00253,0.0,5399.61013,-57.582125,6.278099,1.0,0.0,0.0,0.0,5407.748204,-54.157884,1021.0,6.0,407.356818,7.0,0.060237,38.616717,139.02018,38.615748,-0.273597,-0.000114,0.244157,0.619885,-0.001074,0.034854,0.4755,0.0,0.0,1.0,0.0,0.0,-9999.0,-9999.0,-9999.0,-9999.0,-9999.0,-9999.0,-9999.0,-9999.0,-9999.0,-9999.0,-9999.0,-9999.0,-9999.0,-9999.0
P13_HV1_3_interaction,active_and_state_lat_and_long_zero_last_source_row_continuous_segment,P13,HV1,3,keep_right,P13_HV1_3,P13_HV1.1.asc,HV3,60,initiator_active,14705,1,245083.33,245083.3342,3.0,3.0,28.334971,102.005896,6.0,399.23614,-5399.917153,0.028476,0.006731,0.0,28.335916,-0.002083,0.0,5400.08238,-57.584571,6.278088,1.0,0.0,0.0,0.0,5408.391786,-54.160934,1021.0,6.0,408.000407,7.0,0.060437,38.620719,139.034587,38.619852,-0.258675,-0.000131,0.244154,0.566167,-0.001021,0.03925,0.4755,0.0,0.0,1.0,0.0,0.0,-9999.0,-9999.0,-9999.0,-9999.0,-9999.0,-9999.0,-9999.0,-9999.0,-9999.0,-9999.0,-9999.0,-9999.0,-9999.0,-9999.0
P13_HV1_3_interaction,active_and_state_lat_and_long_zero_last_source_row_continuous_segment,P13,HV1,3,keep_right,P13_HV1_3,P13_HV1.1.asc,HV3,60,initiator_active,14706,1,245100.0,245100.0001,3.0,3.0,28.335587,102.008115,6.0,399.708397,-5400.389402,0.026583,0.005589,0.0,28.336362,-0.001671,0.0,5400.554641,-57.587015,6.278078,1.0,0.0,0.0,0.0,5409.035436,-54.163807,1021.0,6.0,408.644063,7.0,0.060814,38.62473,139.049026,38.623961,-0.243614,-0.000147,0.244073,0.509988,-0.000969,0.044431,0.47525,0.0,0.0,1.0,0.0,0.0,-9999.0,-9999.0,-9999.0,-9999.0,-9999.0,-9999.0,-9999.0,-9999.0,-9999.0,-9999.0,-9999.0,-9999.0,-9999.0,-9999.0
P13_HV1_3_interaction,active_and_state_lat_and_long_zero_last_source_row_continuous_segment,P13,HV1,3,keep_right,P13_HV1_3,P13_HV1.1.asc,HV3,60,initiator_active,14707,1,245116.67,245116.6671,3.0,3.0,28.336153,102.010151,6.0,400.180664,-5400.861663,0.031488,0.00505,0.0,28.336811,-0.001299,0.0,5401.02691,-57.589457,6.278068,1.0,0.0,0.0,0.0,5409.679153,-54.166519,1021.0,6.0,409.287786,7.0,0.061353,38.628748,139.063493,38.628073,-0.228417,-0.000163,0.24403,0.45578,-0.000907,0.04867,0.4755,0.0,0.0,1.0,0.0,0.0,-9999.0,-9999.0,-9999.0,-9999.0,-9999.0,-9999.0,-9999.0,-9999.0,-9999.0,-9999.0,-9999.0,-9999.0,-9999.0,-9999.0
P13_HV1_3_interaction,active_and_state_lat_and_long_zero_last_source_row_continuous_segment,P13,HV1,3,keep_right,P13_HV1_3,P13_HV1.1.asc,HV3,60,initiator_active,14708,1,245133.33,245133.3337,3.0,3.0,28.336583,102.011699,6.0,400.652939,-5401.33393,0.043206,0.002675,0.0,28.337363,-0.000948,0.0,5401.499186,-57.591897,6.278058,1.0,0.0,0.0,0.0,5410.322938,-54.169085,1021.0,6.0,409.931575,7.0,0.062038,38.632775,139.077989,38.632187,-0.213095,-0.000177,0.243916,0.403197,-0.000829,0.052124,0.4755,0.0,0.0,1.0,0.0,0.0,-9999.0,-9999.0,-9999.0,-9999.0,-9999.0,-9999.0,-9999.0,-9999.0,-9999.0,-9999.0,-9999.0,-9999.0,-9999.0,-9999.0
P13_HV1_3_interaction,active_and_state_lat_and_long_zero_last_source_row_continuous_segment,P13,HV1,3,keep_right,P13_HV1_3,P13_HV1.1.asc,HV3,60,initiator_active,14709,1,245150.0,245150.0002,3.0,3.0,28.337073,102.013463,6.0,401.125221,-5401.806205,0.029442,0.002269,0.0,28.338038,-0.000635,0.0,5401.971472,-57.594337,6.278049,1.0,0.0,0.0,0.0,5410.96679,-54.171521,1021.0,6.0,410.575432,7.0,0.062854,38.636802,139.092487,38.636296,-0.197669,-0.00019,0.243498,0.352716,-0.000733,0.054636,0.4755,0.0,0.0,1.0,0.0,0.0,-9999.0,-9999.0,-9999.0,-9999.0,-9999.0,-9999.0,-9999.0,-9999.0,-9999.0,-9999.0,-9999.0,-9999.0,-9999.0,-9999.0
P13_HV1_3_interaction,active_and_state_lat_and_long_zero_last_source_row_continuous_segment,P13,HV1,3,keep_right,P13_HV1_3,P13_HV1.1.asc,HV3,60,initiator_active,14710,1,245166.67,245166.667,3.0,3.0,28.337723,102.015802,6.0,401.597513,-5402.27849,0.026959,0.002355,0.0,28.33851,-0.000364,0.0,5402.443768,-57.596775,6.27804,1.0,0.0,0.0,0.0,5411.61071,-54.173841,1021.0,6.0,411.219355,7.0,0.063785,38.640833,139.106999,38.640403,-0.182185,-0.000201,0.243479,0.303271,-0.000622,0.056677,0.47575,0.0,0.0,1.0,0.0,0.0,-9999.0,-9999.0,-9999.0,-9999.0,-9999.0,-9999.0,-9999.0,-9999.0,-9999.0,-9999.0,-9999.0,-9999.0,-9999.0,-9999.0
P13_HV1_3_interaction,active_and_state_lat_and_long_zero_last_source_row_continuous_segment,P13,HV1,3,keep_right,P13_HV1_3,P13_HV1.1.asc,HV3,60,initiator_active,14711,1,245183.33,245183.3344,3.0,3.0,28.338283,102.01782,6.0,402.069816,-5402.750786,0.037506,0.000543,0.0,28.339026,-0.000117,0.0,5402.916072,-57.599213,6.278033,1.0,0.0,0.0,0.0,5412.254697,-54.17606,1021.0,6.0,411.863346,7.0,0.064818,38.644871,139.121535,38.644511,-0.166693,-0.00021,0.243523,0.255013,-0.000495,0.058247,0.4755,0.0,0.0,1.0,0.0,0.0,-9999.0,-9999.0,-9999.0,-9999.0,-9999.0,-9999.0,-9999.0,-9999.0,-9999.0,-9999.0,-9999.0,-9999.0,-9999.0,-9999.0
P13_HV1_3_interaction,active_and_state_lat_and_long_zero_last_source_row_continuous_segment,P13,HV1,3,keep_right,P13_HV1_3,P13_HV1.1.asc,HV3,60,initiator_active,14712,1,245200.0,245200.0009,3.0,3.0,28.338735,102.019446,6.0,402.542126,-5403.223089,0.031989,0.00066,0.0,28.339604,9.1e-05,0.0,5403.388386,-57.60165,6.278026,1.0,0.0,0.0,0.0,5412.898752,-54.178193,1021.0,6.0,412.507403,7.0,0.065938,38.648913,139.136087,38.648617,-0.15126,-0.000217,0.243425,0.206926,-0.000355,0.059817,0.47525,0.0,0.0,1.0,0.0,0.0,-9999.0,-9999.0,-9999.0,-9999.0,-9999.0,-9999.0,-9999.0,-9999.0,-9999.0,-9999.0,-9999.0,-9999.0,-9999.0,-9999.0
P13_HV1_3_interaction,active_and_state_lat_and_long_zero_last_source_row_continuous_segment,P13,HV1,3,keep_right,P13_HV1_3,P13_HV1.1.asc,HV3,60,initiator_active,14713,1,245216.67,245216.6674,3.0,3.0,28.339338,102.021618,6.0,403.014446,-5403.695402,0.030972,0.002439,0.0,28.340156,0.000271,0.0,5403.860708,-57.604087,6.27802,1.0,0.0,0.0,0.0,5413.542875,-54.180254,1021.0,6.0,413.151528,7.0,0.06713,38.652957,139.150646,38.652718,-0.135939,-0.000221,0.243202,0.159967,-0.000209,0.061073,0.4755,0.0,0.0,1.0,0.0,0.0,-9999.0,-9999.0,-9999.0,-9999.0,-9999.0,-9999.0,-9999.0,-9999.0,-9999.0,-9999.0,-9999.0,-9999.0,-9999.0,-9999.0
P13_HV1_3_interaction,active_and_state_lat_and_long_zero_last_source_row_continuous_segment,P13,HV1,3,keep_right,P13_HV1_3,P13_HV1.1.asc,HV3,60,initiator_active,14714,1,245233.33,245233.3337,3.0,3.0,28.339871,102.023535,6.0,403.486775,-5404.167724,0.034248,0.002284,0.0,28.340679,0.000428,0.0,5404.33304,-57.606523,6.278016,1.0,0.0,0.0,0.0,5414.187065,-54.182257,1021.0,6.0,413.79572,7.0,0.068381,38.656999,139.165197,38.65681,-0.120805,-0.000223,0.242826,0.112325,-6.1e-05,0.0628,0.4755,0.0,0.0,1.0,0.0,0.0,-9999.0,-9999.0,-9999.0,-9999.0,-9999.0,-9999.0,-9999.0,-9999.0,-9999.0,-9999.0,-9999.0,-9999.0,-9999.0,-9999.0
P13_HV1_3_interaction,active_and_state_lat_and_long_zero_last_source_row_continuous_segment,P13,HV1,3,keep_right,P13_HV1_3,P13_HV1.1.asc,HV3,60,initiator_active,14715,1,245250.0,245250.0001,3.0,3.0,28.340414,102.025491,6.0,403.959113,-5404.640054,0.041931,0.004045,0.0,28.341287,0.000546,0.0,5404.805381,-57.608958,6.278013,1.0,0.0,0.0,0.0,5414.831323,-54.184215,1021.0,6.0,414.43998,7.0,0.069676,38.661039,139.17974,38.660894,-0.105911,-0.000223,0.242486,0.064951,8.3e-05,0.064684,0.4755,0.0,0.0,1.0,0.0,0.0,-9999.0,-9999.0,-9999.0,-9999.0,-9999.0,-9999.0,-9999.0,-9999.0,-9999.0,-9999.0,-9999.0,-9999.0,-9999.0,-9999.0
P13_HV1_3_interaction,active_and_state_lat_and_long_zero_last_source_row_continuous_segment,P13,HV1,3,keep_right,P13_HV1_3,P13_HV1.1.asc,HV3,60,initiator_active,14716,1,245266.67,245266.668,3.0,3.0,28.340965,102.027472,6.0,404.43146,-5405.112394,-0.03219,0.003602,0.0,28.341958,0.000651,0.0,5405.277732,-57.611393,6.278012,1.0,0.0,0.0,0.0,5415.475648,-54.186143,1021.0,6.0,415.084306,7.0,0.071002,38.665075,139.194268,38.664967,-0.091311,-0.00022,0.242144,0.01718,0.000216,0.067039,0.47575,0.0,0.0,1.0,0.0,0.0,-9999.0,-9999.0,-9999.0,-9999.0,-9999.0,-9999.0,-9999.0,-9999.0,-9999.0,-9999.0,-9999.0,-9999.0,-9999.0,-9999.0
P13_HV1_3_interaction,active_and_state_lat_and_long_zero_last_source_row_continuous_segment,P13,HV1,3,keep_right,P13_HV1_3,P13_HV1.1.asc,HV3,60,initiator_active,14717,1,245283.33,245283.3335,3.0,3.0,28.341637,102.029893,6.0,404.903818,-5405.584745,0.031657,0.00492,0.0,28.341525,0.000724,0.0,5405.75009,-57.613825,6.278012,1.0,0.0,0.0,0.0,5416.120041,-54.188054,1021.0,6.0,415.7287,7.0,0.072344,38.66911,139.208795,38.669033,-0.077031,-0.000215,0.242054,-0.029707,0.000334,0.069394,0.4755,0.0,0.0,1.0,0.0,0.0,-9999.0,-9999.0,-9999.0,-9999.0,-9999.0,-9999.0,-9999.0,-9999.0,-9999.0,-9999.0,-9999.0,-9999.0,-9999.0,-9999.0
P13_HV1_3_interaction,active_and_state_lat_and_long_zero_last_source_row_continuous_segment,P13,HV1,3,keep_right,P13_HV1_3,P13_HV1.1.asc,HV3,60,initiator_active,14718,1,245300.0,245300.0007,3.0,3.0,28.34169,102.030085,6.0,405.376182,-5406.057101,0.049953,0.006149,0.0,28.342207,0.000773,0.0,5406.222444,-57.616257,6.278012,1.0,0.0,0.0,0.0,5416.764501,-54.189963,1021.0,6.0,416.373162,7.0,0.07369,38.673144,139.223319,38.673093,-0.063043,-0.000208,0.241922,-0.071741,0.000432,0.070179,0.4755,0.0,0.0,1.0,0.0,0.0,-9999.0,-9999.0,-9999.0,-9999.0,-9999.0,-9999.0,-9999.0,-9999.0,-9999.0,-9999.0,-9999.0,-9999.0,-9999.0,-9999.0
P13_HV1_3_interaction,active_and_state_lat_and_long_zero_last_source_row_continuous_segment,P13,HV1,3,keep_right,P13_HV1_3,P13_HV1.1.asc,HV3,60,initiator_active,14719,1,245316.67,245316.6667,3.0,3.0,28.341788,102.030438,6.0,405.848542,-5406.529455,0.044365,0.006194,0.0,28.343009,0.00078,0.0,5406.694812,-57.618686,6.278015,1.0,0.0,0.0,0.0,5417.409028,-54.191882,1021.0,6.0,417.01769,7.0,0.075026,38.677177,139.237838,38.677146,-0.049363,-0.0002,0.241838,-0.110881,0.000506,0.069394,0.47525,0.0,0.0,1.0,0.0,0.0,-9999.0,-9999.0,-9999.0,-9999.0,-9999.0,-9999.0,-9999.0,-9999.0,-9999.0,-9999.0,-9999.0,-9999.0,-9999.0,-9999.0
P13_HV1_3_interaction,active_and_state_lat_and_long_zero_last_source_row_continuous_segment,P13,HV1,3,keep_right,P13_HV1_3,P13_HV1.1.asc,HV3,60,initiator_active,14720,1,245333.33,245333.3335,3.0,3.0,28.342624,102.033445,6.0,406.320916,-5407.001822,0.038875,0.008545,0.0,28.34374,0.000747,0.0,5407.167192,-57.621114,6.27802,1.0,0.0,0.0,0.0,5418.053622,-54.193822,1021.0,6.0,417.662286,7.0,0.076341,38.68121,139.252357,38.681194,-0.035983,-0.000191,0.241796,-0.144485,0.000564,0.067353,0.4755,0.0,0.0,1.0,0.0,0.0,-9999.0,-9999.0,-9999.0,-9999.0,-9999.0,-9999.0,-9999.0,-9999.0,-9999.0,-9999.0,-9999.0,-9999.0,-9999.0,-9999.0
P13_HV1_3_interaction,active_and_state_lat_and_long_zero_last_source_row_continuous_segment,P13,HV1,3,keep_right,P13_HV1_3,P13_HV1.1.asc,HV3,60,initiator_active,14721,1,245350.0,245350.0002,3.0,3.0,28.343379,102.036164,6.0,406.793303,-5407.474201,0.042265,0.00831,0.0,28.344359,0.000721,0.0,5407.639584,-57.623539,6.278026,1.0,0.0,0.0,0.0,5418.698284,-54.195795,1021.0,6.0,418.30695,7.0,0.077624,38.685239,139.266861,38.685232,-0.022929,-0.000182,0.24145,-0.173379,0.000609,0.064056,0.4755,0.0,0.0,1.0,0.0,0.0,-9999.0,-9999.0,-9999.0,-9999.0,-9999.0,-9999.0,-9999.0,-9999.0,-9999.0,-9999.0,-9999.0,-9999.0,-9999.0,-9999.0
P13_HV1_3_interaction,active_and_state_lat_and_long_zero_last_source_row_continuous_segment,P13,HV1,3,keep_right,P13_HV1_3,P13_HV1.1.asc,HV3,60,initiator_active,14722,1,245366.67,245366.6676,3.0,3.0,28.344064,102.038631,6.0,407.265701,-5407.946592,0.042744,0.008867,0.0,28.345083,0.000648,0.0,5408.111987,-57.625962,6.278034,1.0,0.0,0.0,0.0,5419.343013,-54.19781,1021.0,6.0,418.95168,7.0,0.078865,38.689261,139.28134,38.68926,-0.010282,-0.000171,0.241155,-0.200311,0.000654,0.060445,0.4755,0.0,0.0,1.0,0.0,0.0,-9999.0,-9999.0,-9999.0,-9999.0,-9999.0,-9999.0,-9999.0,-9999.0,-9999.0,-9999.0,-9999.0,-9999.0,-9999.0,-9999.0
P13_HV1_3_interaction,active_and_state_lat_and_long_zero_last_source_row_continuous_segment,P13,HV1,3,keep_right,P13_HV1_3,P13_HV1.1.asc,HV3,60,initiator_active,14723,1,245383.33,245383.3342,3.0,3.0,28.344711,102.04096,6.0,407.73811,-5408.418994,0.044801,0.008741,0.0,28.345821,0.000529,0.0,5408.584402,-57.628382,6.278043,1.0,0.0,0.0,0.0,5419.987808,-54.199877,1021.0,6.0,419.596478,7.0,0.080054,38.693281,139.295811,38.693281,0.001869,-0.00016,0.241155,-0.225836,0.000707,0.056834,0.47575,0.0,0.0,1.0,0.0,0.0,-9999.0,-9999.0,-9999.0,-9999.0,-9999.0,-9999.0,-9999.0,-9999.0,-9999.0,-9999.0,-9999.0,-9999.0,-9999.0,-9999.0
P13_HV1_3_interaction,active_and_state_lat_and_long_zero_last_source_row_continuous_segment,P13,HV1,3,keep_right,P13_HV1_3,P13_HV1.1.asc,HV3,60,initiator_active,14724,1,245400.02,245400.0209,3.0,3.0,28.345439,102.04358,6.0,408.210531,-5408.891408,0.02191,0.008176,0.0,28.346545,0.000364,0.0,5409.056829,-57.630799,6.278054,1.0,0.0,0.0,0.0,5420.632671,-54.202003,1021.0,6.0,420.241343,7.0,0.081184,38.697299,139.310276,38.697296,0.013455,-0.000148,0.241096,-0.248952,0.00077,0.052909,0.4755,0.0,0.0,1.0,0.0,0.0,-9999.0,-9999.0,-9999.0,-9999.0,-9999.0,-9999.0,-9999.0,-9999.0,-9999.0,-9999.0,-9999.0,-9999.0,-9999.0,-9999.0
P13_HV1_3_interaction,active_and_state_lat_and_long_zero_last_source_row_continuous_segment,P13,HV1,3,keep_right,P13_HV1_3,P13_HV1.1.asc,HV3,60,initiator_active,14725,1,245416.67,245416.6673,3.0,3.0,28.346194,102.0463,6.0,408.682964,-5409.363834,0.041039,0.006049,0.0,28.346972,0.000142,0.0,5409.529267,-57.633214,6.278065,1.0,0.0,0.0,0.0,5421.2776,-54.204199,1021.0,6.0,420.886275,7.0,0.082246,38.701315,139.324733,38.701307,0.024451,-0.000134,0.241112,-0.266362,0.000837,0.047414,0.4755,0.0,0.0,1.0,0.0,0.0,-9999.0,-9999.0,-9999.0,-9999.0,-9999.0,-9999.0,-9999.0,-9999.0,-9999.0,-9999.0,-9999.0,-9999.0,-9999.0,-9999.0
P13_HV1_3_interaction,active_and_state_lat_and_long_zero_last_source_row_continuous_segment,P13,HV1,3,keep_right,P13_HV1_3,P13_HV1.1.asc,HV3,60,initiator_active,14726,1,245433.33,245433.3342,3.0,3.0,28.346728,102.04822,6.0,409.155408,-5409.836271,0.041891,0.005931,0.0,28.347664,-8.4e-05,0.0,5410.001713,-57.635628,6.278077,1.0,0.0,0.0,0.0,5421.922596,-54.206469,1021.0,6.0,421.531274,7.0,0.083233,38.705331,139.339191,38.705315,0.034728,-0.00012,0.241133,-0.285367,0.000904,0.043332,0.4755,0.0,0.0,1.0,0.0,0.0,-9999.0,-9999.0,-9999.0,-9999.0,-9999.0,-9999.0,-9999.0,-9999.0,-9999.0,-9999.0,-9999.0,-9999.0,-9999.0,-9999.0
P13_HV1_3_interaction,active_and_state_lat_and_long_zero_last_source_row_continuous_segment,P13,HV1,3,keep_right,P13_HV1_3,P13_HV1.1.asc,HV3,60,initiator_active,14727,1,245450.0,245450.0009,3.0,3.0,28.347314,102.050329,6.0,409.627861,-5410.308716,0.044391,0.003133,0.0,28.348391,-0.000323,0.0,5410.474171,-57.63804,6.278088,1.0,0.0,0.0,0.0,5422.567658,-54.20882,1021.0,6.0,422.176341,7.0,0.084139,38.709342,139.353632,38.709317,0.044232,-0.000104,0.240906,-0.301791,0.000972,0.039093,0.4755,0.0,0.0,1.0,0.0,0.0,-9999.0,-9999.0,-9999.0,-9999.0,-9999.0,-9999.0,-9999.0,-9999.0,-9999.0,-9999.0,-9999.0,-9999.0,-9999.0,-9999.0
P13_HV1_3_interaction,active_and_state_lat_and_long_zero_last_source_row_continuous_segment,P13,HV1,3,keep_right,P13_HV1_3,P13_HV1.1.asc,HV3,60,initiator_active,14728,1,245466.67,245466.6671,3.0,3.0,28.348013,102.052846,6.0,410.100325,-5410.781172,0.04459,0.003189,0.0,28.349108,-0.000585,0.0,5410.946641,-57.640451,6.278099,1.0,0.0,0.0,0.0,5423.212788,-54.21126,1021.0,6.0,422.821474,7.0,0.084957,38.713349,139.368057,38.713313,0.052911,-8.8e-05,0.240679,-0.316297,0.001033,0.035011,0.4755,0.0,0.0,1.0,0.0,0.0,-9999.0,-9999.0,-9999.0,-9999.0,-9999.0,-9999.0,-9999.0,-9999.0,-9999.0,-9999.0,-9999.0,-9999.0,-9999.0,-9999.0
P13_HV1_3_interaction,active_and_state_lat_and_long_zero_last_source_row_continuous_segment,P13,HV1,3,keep_right,P13_HV1_3,P13_HV1.1.asc,HV3,60,initiator_active,14729,1,245483.33,245483.3344,3.0,3.0,28.348761,102.055541,6.0,410.572801,-5411.253641,0.044807,0.002939,0.0,28.349843,-0.000818,0.0,5411.419123,-57.642861,6.278109,1.0,0.0,0.0,0.0,5423.857983,-54.213792,1021.0,6.0,423.466674,7.0,0.085683,38.717349,139.382458,38.717302,0.060696,-7e-05,0.24043,-0.331109,0.001083,0.032028,0.4755,0.0,0.0,1.0,0.0,0.0,-9999.0,-9999.0,-9999.0,-9999.0,-9999.0,-9999.0,-9999.0,-9999.0,-9999.0,-9999.0,-9999.0,-9999.0,-9999.0,-9999.0
P13_HV1_3_interaction,active_and_state_lat_and_long_zero_last_source_row_continuous_segment,P13,HV1,3,keep_right,P13_HV1_3,P13_HV1.1.asc,HV3,60,initiator_active,14730,1,245500.0,245500.0039,3.0,3.0,28.34948,102.058127,6.0,411.045289,-5411.726122,0.047572,0.00227,0.0,28.350609,-0.00102,0.0,5411.891617,-57.645271,6.278117,1.0,0.0,0.0,0.0,5424.503245,-54.216423,1021.0,6.0,424.111941,7.0,0.086311,38.721347,139.39685,38.721288,0.067522,-5.2e-05,0.240433,-0.347657,0.001121,0.030772,0.4755,0.0,0.0,1.0,0.0,0.0,-9999.0,-9999.0,-9999.0,-9999.0,-9999.0,-9999.0,-9999.0,-9999.0,-9999.0,-9999.0,-9999.0,-9999.0,-9999.0,-9999.0
P13_HV1_3_interaction,active_and_state_lat_and_long_zero_last_source_row_continuous_segment,P13,HV1,3,keep_right,P13_HV1_3,P13_HV1.1.asc,HV3,60,initiator_active,14731,1,245516.67,245516.6668,3.0,3.0,28.350216,102.060778,6.0,411.51779,-5412.198615,0.037065,0.004154,0.0,28.351336,-0.001178,0.0,5412.364124,-57.647681,6.278124,1.0,0.0,0.0,0.0,5425.148574,-54.219156,1021.0,6.0,424.757275,7.0,0.086837,38.725343,139.411234,38.725273,0.073372,-3.3e-05,0.240358,-0.364711,0.001145,0.0314,0.4755,0.0,0.0,1.0,0.0,0.0,-9999.0,-9999.0,-9999.0,-9999.0,-9999.0,-9999.0,-9999.0,-9999.0,-9999.0,-9999.0,-9999.0,-9999.0,-9999.0,-9999.0
P13_HV1_3_interaction,active_and_state_lat_and_long_zero_last_source_row_continuous_segment,P13,HV1,3,keep_right,P13_HV1_3,P13_HV1.1.asc,HV3,60,initiator_active,14732,1,245533.33,245533.3341,3.0,3.0,28.351006,102.06362,6.0,411.990303,-5412.671122,0.036255,0.004015,0.0,28.351936,-0.001255,0.0,5412.836643,-57.650091,6.27813,1.0,0.0,0.0,0.0,5425.793968,-54.221998,1021.0,6.0,425.402676,7.0,0.087255,38.729335,139.425606,38.729256,0.078236,-1.3e-05,0.240294,-0.384105,0.001151,0.033755,0.4755,0.0,0.0,1.0,0.0,0.0,-9999.0,-9999.0,-9999.0,-9999.0,-9999.0,-9999.0,-9999.0,-9999.0,-9999.0,-9999.0,-9999.0,-9999.0,-9999.0,-9999.0
P13_HV1_3_interaction,active_and_state_lat_and_long_zero_last_source_row_continuous_segment,P13,HV1,3,keep_right,P13_HV1_3,P13_HV1.1.asc,HV3,60,initiator_active,14733,1,245550.0,245550.0009,3.0,3.0,28.351645,102.065923,6.0,412.462828,-5413.143639,0.039758,0.004989,0.0,28.352563,-0.001302,0.0,5413.309172,-57.652499,6.278134,1.0,0.0,0.0,0.0,5426.439428,-54.224952,1021.0,6.0,426.048143,7.0,0.08756,38.733326,139.439974,38.733239,0.082149,6e-06,0.240236,-0.404655,0.001136,0.037209,0.4755,0.0,0.0,1.0,0.0,0.0,-9999.0,-9999.0,-9999.0,-9999.0,-9999.0,-9999.0,-9999.0,-9999.0,-9999.0,-9999.0,-9999.0,-9999.0,-9999.0,-9999.0
P13_HV1_3_interaction,active_and_state_lat_and_long_zero_last_source_row_continuous_segment,P13,HV1,3,keep_right,P13_HV1_3,P13_HV1.1.asc,HV3,60,initiator_active,14734,1,245566.67,245566.6668,3.0,3.0,28.352238,102.068057,6.0,412.935363,-5413.616167,0.039109,0.006718,0.0,28.353259,-0.001303,0.0,5413.781711,-57.654907,6.278137,1.0,0.0,0.0,0.0,5427.084955,-54.228025,1021.0,6.0,426.693676,7.0,0.087747,38.737312,139.454322,38.737218,0.085231,2.5e-05,0.239933,-0.421744,0.001094,0.040192,0.4755,0.0,0.0,1.0,0.0,0.0,-9999.0,-9999.0,-9999.0,-9999.0,-9999.0,-9999.0,-9999.0,-9999.0,-9999.0,-9999.0,-9999.0,-9999.0,-9999.0,-9999.0
P13_HV1_3_interaction,active_and_state_lat_and_long_zero_last_source_row_continuous_segment,P13,HV1,3,keep_right,P13_HV1_3,P13_HV1.1.asc,HV3,60,initiator_active,14735,1,245583.33,245583.3343,3.0,3.0,28.352894,102.07042,6.0,413.407908,-5414.088705,0.059949,0.005561,0.0,28.353992,-0.001254,0.0,5414.254262,-57.657314,6.278139,1.0,0.0,0.0,0.0,5427.730547,-54.231219,1021.0,6.0,427.339276,7.0,0.087813,38.741291,139.468649,38.741193,0.08756,4.2e-05,0.239688,-0.438802,0.001023,0.04396,0.4755,0.0,0.0,1.0,0.0,0.0,-9999.0,-9999.0,-9999.0,-9999.0,-9999.0,-9999.0,-9999.0,-9999.0,-9999.0,-9999.0,-9999.0,-9999.0,-9999.0,-9999.0
P13_HV1_3_interaction,active_and_state_lat_and_long_zero_last_source_row_continuous_segment,P13,HV1,3,keep_right,P13_HV1_3,P13_HV1.1.asc,HV3,60,initiator_active,14736,1,245600.0,245600.0008,3.0,3.0,28.353585,102.072906,6.0,413.880465,-5414.561255,0.048078,0.004638,0.0,28.354946,-0.001201,0.0,5414.726827,-57.659719,6.278139,1.0,0.0,0.0,0.0,5428.376205,-54.23454,1021.0,6.0,427.984943,7.0,0.087753,38.745172,139.482619,38.745069,0.089306,5.9e-05,0.222919,-0.448633,0.000988,0.04553,0.4755,0.002198,0.0,1.0,0.0,0.0,-9999.0,-9999.0,-9999.0,-9999.0,-9999.0,-9999.0,-9999.0,-9999.0,-9999.0,-9999.0,-9999.0,-9999.0,-9999.0,-9999.0
P13_HV1_3_interaction,active_and_state_lat_and_long_zero_last_source_row_continuous_segment,P13,HV1,3,keep_right,P13_HV1_3,P13_HV1.1.asc,HV3,60,initiator_active,14737,1,245616.67,245616.6668,3.0,3.0,28.354492,102.07617,6.0,414.353036,-5415.033818,0.038682,0.005167,0.0,28.355699,-0.001125,0.0,5415.199406,-57.662124,6.278139,1.0,0.0,0.0,0.0,5429.021926,-54.23799,1021.0,6.0,428.630673,7.0,0.087564,38.748897,139.496029,38.748791,0.090565,7.3e-05,0.234479,-0.455164,0.000795,0.046315,0.4755,0.0,0.0,1.0,0.0,0.0,-9999.0,-9999.0,-9999.0,-9999.0,-9999.0,-9999.0,-9999.0,-9999.0,-9999.0,-9999.0,-9999.0,-9999.0,-9999.0,-9999.0
P13_HV1_3_interaction,active_and_state_lat_and_long_zero_last_source_row_continuous_segment,P13,HV1,3,keep_right,P13_HV1_3,P13_HV1.1.asc,HV3,60,initiator_active,14738,1,245633.33,245633.334,3.0,3.0,28.355347,102.079248,6.0,414.825622,-5415.506396,0.045148,0.004129,0.0,28.35637,-0.00104,0.0,5415.671998,-57.664527,6.278139,1.0,0.0,0.0,0.0,5429.66771,-54.24157,1021.0,6.0,429.276467,7.0,0.087245,38.752848,139.510253,38.75274,0.091432,8.6e-05,0.238894,-0.456707,0.000681,0.044588,0.4755,0.0,0.0,1.0,0.0,0.0,-9999.0,-9999.0,-9999.0,-9999.0,-9999.0,-9999.0,-9999.0,-9999.0,-9999.0,-9999.0,-9999.0,-9999.0,-9999.0,-9999.0
P13_HV1_3_interaction,active_and_state_lat_and_long_zero_last_source_row_continuous_segment,P13,HV1,3,keep_right,P13_HV1_3,P13_HV1.1.asc,HV3,60,initiator_active,14739,1,245650.0,245650.0007,3.0,3.0,28.356021,102.081677,6.0,415.298219,-5415.978987,0.042261,0.003419,0.0,28.35713,-0.000957,0.0,5416.144601,-57.666929,6.278139,1.0,0.0,0.0,0.0,5430.313558,-54.245281,1021.0,6.0,429.922326,7.0,0.086796,38.756815,139.524533,38.756705,0.091998,9.5e-05,0.239117,-0.451626,0.000526,0.041605,0.4755,0.0,0.0,1.0,0.0,0.0,-9999.0,-9999.0,-9999.0,-9999.0,-9999.0,-9999.0,-9999.0,-9999.0,-9999.0,-9999.0,-9999.0,-9999.0,-9999.0,-9999.0
P13_HV1_3_interaction,active_and_state_lat_and_long_zero_last_source_row_continuous_segment,P13,HV1,3,keep_right,P13_HV1_3,P13_HV1.1.asc,HV3,60,initiator_active,14740,1,245666.67,245666.667,3.0,3.0,28.356747,102.084288,6.0,415.770829,-5416.451589,0.046071,0.001226,0.0,28.357808,-0.000872,0.0,5416.617217,-57.66933,6.278139,1.0,0.0,0.0,0.0,5430.959472,-54.249123,1021.0,6.0,430.568251,7.0,0.086216,38.760783,139.538818,38.760673,0.092282,0.000103,0.239133,-0.442914,0.000431,0.037523,0.4755,0.0,0.0,1.0,0.0,0.0,-9999.0,-9999.0,-9999.0,-9999.0,-9999.0,-9999.0,-9999.0,-9999.0,-9999.0,-9999.0,-9999.0,-9999.0,-9999.0,-9999.0
P13_HV1_3_interaction,active_and_state_lat_and_long_zero_last_source_row_continuous_segment,P13,HV1,3,keep_right,P13_HV1_3,P13_HV1.1.asc,HV3,60,initiator_active,14741,1,245683.33,245683.3336,3.0,3.0,28.357482,102.086936,6.0,416.24345,-5416.924203,0.038978,-0.00013,0.0,28.358596,-0.000805,0.0,5417.089844,-57.671729,6.278138,1.0,0.0,0.0,0.0,5431.605451,-54.253094,1021.0,6.0,431.214242,7.0,0.085507,38.76475,139.553101,38.764641,0.09221,0.00011,0.239075,-0.436773,0.000389,0.034854,0.4755,0.0,0.0,1.0,0.0,0.0,-9999.0,-9999.0,-9999.0,-9999.0,-9999.0,-9999.0,-9999.0,-9999.0,-9999.0,-9999.0,-9999.0,-9999.0,-9999.0,-9999.0
P13_HV1_3_interaction,active_and_state_lat_and_long_zero_last_source_row_continuous_segment,P13,HV1,3,keep_right,P13_HV1_3,P13_HV1.1.asc,HV3,60,initiator_active,14742,1,245700.0,245700.0011,3.0,3.0,28.358192,102.08949,6.0,416.716084,-5417.396829,0.051582,-0.001076,0.0,28.359284,-0.000742,0.0,5417.562484,-57.674129,6.278136,1.0,0.0,0.0,0.0,5432.251495,-54.257193,1021.0,6.0,431.860298,7.0,0.08467,38.768717,139.567381,38.768608,0.091745,0.000116,0.238983,-0.431092,0.000391,0.032813,0.4755,0.0,0.0,1.0,0.0,0.0,-9999.0,-9999.0,-9999.0,-9999.0,-9999.0,-9999.0,-9999.0,-9999.0,-9999.0,-9999.0,-9999.0,-9999.0,-9999.0,-9999.0
P13_HV1_3_interaction,active_and_state_lat_and_long_zero_last_source_row_continuous_segment,P13,HV1,3,keep_right,P13_HV1_3,P13_HV1.1.asc,HV3,60,initiator_active,14743,1,245716.67,245716.6678,3.0,3.0,28.35892,102.092113,6.0,417.18873,-5417.869468,0.042012,-0.001904,0.0,28.36016,-0.000676,0.0,5418.035136,-57.676529,6.278133,1.0,0.0,0.0,0.0,5432.897605,-54.261419,1021.0,6.0,432.506421,7.0,0.083707,38.772682,139.581654,38.772575,0.090832,0.000123,0.238866,-0.42932,0.000421,0.033127,0.4755,0.0,0.0,1.0,0.0,0.0,-9999.0,-9999.0,-9999.0,-9999.0,-9999.0,-9999.0,-9999.0,-9999.0,-9999.0,-9999.0,-9999.0,-9999.0,-9999.0,-9999.0
P13_HV1_3_interaction,active_and_state_lat_and_long_zero_last_source_row_continuous_segment,P13,HV1,3,keep_right,P13_HV1_3,P13_HV1.1.asc,HV3,60,initiator_active,14744,1,245733.34,245733.3421,3.0,3.0,28.359714,102.094971,6.0,417.661388,-5418.342119,0.078505,-0.00105,0.0,28.361198,-0.000607,0.0,5418.507802,-57.678929,6.27813,1.0,0.0,0.0,0.0,5433.54378,-54.265771,1021.0,6.0,433.15261,7.0,0.082618,38.776645,139.595921,38.776542,0.089473,0.00013,0.238736,-0.428923,0.000462,0.034854,0.4755,0.0,0.0,1.0,0.0,0.0,-9999.0,-9999.0,-9999.0,-9999.0,-9999.0,-9999.0,-9999.0,-9999.0,-9999.0,-9999.0,-9999.0,-9999.0,-9999.0,-9999.0
P13_HV1_3_interaction,active_and_state_lat_and_long_zero_last_source_row_continuous_segment,P13,HV1,3,keep_right,P13_HV1_3,P13_HV1.1.asc,HV3,60,initiator_active,14745,1,245750.0,245750.0001,3.0,3.0,28.36051,102.097836,6.0,418.13406,-5418.814784,0.04444,-0.002195,0.0,28.362285,-0.000527,0.0,5418.980488,-57.68133,6.278126,1.0,0.0,0.0,0.0,5434.19002,-54.270249,1021.0,6.0,433.798864,7.0,0.081404,38.780606,139.61018,38.780507,0.087701,0.000138,0.238593,-0.429486,0.000493,0.036738,0.4755,0.0,0.0,1.0,0.0,0.0,-9999.0,-9999.0,-9999.0,-9999.0,-9999.0,-9999.0,-9999.0,-9999.0,-9999.0,-9999.0,-9999.0,-9999.0,-9999.0,-9999.0
P13_HV1_3_interaction,active_and_state_lat_and_long_zero_last_source_row_continuous_segment,P13,HV1,3,keep_right,P13_HV1_3,P13_HV1.1.asc,HV3,60,initiator_active,14746,1,245766.67,245766.6675,3.0,3.0,28.361852,102.102667,6.0,418.606752,-5419.287469,0.047061,-0.00207,0.0,28.363014,-0.000437,0.0,5419.45319,-57.683731,6.278121,1.0,0.0,0.0,0.0,5434.836325,-54.274851,1021.0,6.0,434.445184,7.0,0.080066,38.784565,139.624434,38.78447,0.08561,0.000147,0.238482,-0.42712,0.000498,0.037837,0.4755,0.0,0.0,1.0,0.0,0.0,-9999.0,-9999.0,-9999.0,-9999.0,-9999.0,-9999.0,-9999.0,-9999.0,-9999.0,-9999.0,-9999.0,-9999.0,-9999.0,-9999.0
P13_HV1_3_interaction,active_and_state_lat_and_long_zero_last_source_row_continuous_segment,P13,HV1,3,keep_right,P13_HV1_3,P13_HV1.1.asc,HV3,60,initiator_active,14747,1,245783.33,245783.3341,3.0,3.0,28.362656,102.10556,6.0,419.07946,-5419.760169,0.041566,-0.004761,0.0,28.363764,-0.000364,0.0,5419.925904,-57.686134,6.278117,1.0,0.0,0.0,0.0,5435.482695,-54.279577,1021.0,6.0,435.09157,7.0,0.078604,38.788523,139.638683,38.788434,0.08329,0.000155,0.238375,-0.421278,0.000469,0.037837,0.4755,0.0,0.0,1.0,0.0,0.0,-9999.0,-9999.0,-9999.0,-9999.0,-9999.0,-9999.0,-9999.0,-9999.0,-9999.0,-9999.0,-9999.0,-9999.0,-9999.0,-9999.0
P13_HV1_3_interaction,active_and_state_lat_and_long_zero_last_source_row_continuous_segment,P13,HV1,3,keep_right,P13_HV1_3,P13_HV1.1.asc,HV3,60,initiator_active,14748,1,245800.0,245800.0007,3.0,3.0,28.363406,102.108262,6.0,419.55218,-5420.232882,0.051419,-0.007141,0.0,28.364506,-0.000299,0.0,5420.39863,-57.688538,6.278111,1.0,0.0,0.0,0.0,5436.12913,-54.284425,1021.0,6.0,435.738022,7.0,0.07702,38.79248,139.652928,38.792396,0.080779,0.000162,0.23825,-0.414867,0.00041,0.037366,0.4755,0.0,0.0,1.0,0.0,0.0,-9999.0,-9999.0,-9999.0,-9999.0,-9999.0,-9999.0,-9999.0,-9999.0,-9999.0,-9999.0,-9999.0,-9999.0,-9999.0,-9999.0
P13_HV1_3_interaction,active_and_state_lat_and_long_zero_last_source_row_continuous_segment,P13,HV1,3,keep_right,P13_HV1_3,P13_HV1.1.asc,HV3,60,initiator_active,14749,1,245816.67,245816.6674,3.0,3.0,28.36411,102.110797,6.0,420.024912,-5420.705607,0.049163,-0.007649,0.0,28.365338,-0.000234,0.0,5420.871369,-57.690943,6.278105,1.0,0.0,0.0,0.0,5436.775631,-54.289394,1021.0,6.0,436.384539,7.0,0.075317,38.796435,139.667168,38.796357,0.078107,0.000168,0.238129,-0.40798,0.000336,0.036895,0.4755,0.0,0.0,1.0,0.0,0.0,-9999.0,-9999.0,-9999.0,-9999.0,-9999.0,-9999.0,-9999.0,-9999.0,-9999.0,-9999.0,-9999.0,-9999.0,-9999.0,-9999.0
P13_HV1_3_interaction,active_and_state_lat_and_long_zero_last_source_row_continuous_segment,P13,HV1,3,keep_right,P13_HV1_3,P13_HV1.1.asc,HV3,60,initiator_active,14750,1,245833.33,245833.3341,3.0,3.0,28.364935,102.113766,6.0,420.497658,-5421.178345,0.068195,-0.008408,0.0,28.366145,-0.000158,0.0,5421.344122,-57.693351,6.278098,1.0,0.0,0.0,0.0,5437.422196,-54.29448,1021.0,6.0,437.031121,7.0,0.073495,38.80039,139.681403,38.800317,0.075303,0.000173,0.238013,-0.400697,0.000257,0.036895,0.4755,0.0,0.0,1.0,0.0,0.0,-9999.0,-9999.0,-9999.0,-9999.0,-9999.0,-9999.0,-9999.0,-9999.0,-9999.0,-9999.0,-9999.0,-9999.0,-9999.0,-9999.0
P13_HV1_3_interaction,active_and_state_lat_and_long_zero_last_source_row_continuous_segment,P13,HV1,3,keep_right,P13_HV1_3,P13_HV1.1.asc,HV3,60,initiator_active,14751,1,245850.0,245850.0003,3.0,3.0,28.365748,102.116693,6.0,420.970417,-5421.651097,0.066728,-0.008861,0.0,28.367432,-9e-05,0.0,5421.81689,-57.695762,6.27809,1.0,0.0,0.0,0.0,5438.068826,-54.299683,1021.0,6.0,437.67777,7.0,0.071558,38.804343,139.695634,38.804275,0.072391,0.000176,0.237901,-0.39309,0.00018,0.037209,0.4755,0.0,0.0,1.0,0.0,0.0,-9999.0,-9999.0,-9999.0,-9999.0,-9999.0,-9999.0,-9999.0,-9999.0,-9999.0,-9999.0,-9999.0,-9999.0,-9999.0,-9999.0
P13_HV1_3_interaction,active_and_state_lat_and_long_zero_last_source_row_continuous_segment,P13,HV1,3,keep_right,P13_HV1_3,P13_HV1.1.asc,HV3,60,initiator_active,14752,1,245866.67,245866.6676,3.0,3.0,28.366713,102.120168,6.0,421.443191,-5422.123863,0.045585,-0.010147,0.0,28.368416,6e-06,0.0,5422.289679,-57.698175,6.278082,1.0,0.0,0.0,0.0,5438.715521,-54.304999,1021.0,6.0,438.324484,7.0,0.069508,38.808295,139.709861,38.808233,0.069398,0.000179,0.237791,-0.385218,0.00011,0.037209,0.4755,0.0,0.0,1.0,0.0,0.0,-9999.0,-9999.0,-9999.0,-9999.0,-9999.0,-9999.0,-9999.0,-9999.0,-9999.0,-9999.0,-9999.0,-9999.0,-9999.0,-9999.0
P13_HV1_3_interaction,active_and_state_lat_and_long_zero_last_source_row_continuous_segment,P13,HV1,3,keep_right,P13_HV1_3,P13_HV1.1.asc,HV3,60,initiator_active,14753,1,245883.33,245883.3343,3.0,3.0,28.367989,102.124759,6.0,421.915986,-5422.596651,0.049286,-0.013062,0.0,28.369182,0.0001,0.0,5422.762483,-57.70059,6.278072,1.0,0.0,0.0,0.0,5439.362282,-54.310426,1021.0,6.0,438.971263,7.0,0.067347,38.812246,139.724084,38.812189,0.066346,0.00018,0.237681,-0.377148,4.8e-05,0.037366,0.4755,0.0,0.0,1.0,0.0,0.0,-9999.0,-9999.0,-9999.0,-9999.0,-9999.0,-9999.0,-9999.0,-9999.0,-9999.0,-9999.0,-9999.0,-9999.0,-9999.0,-9999.0
P13_HV1_3_interaction,active_and_state_lat_and_long_zero_last_source_row_continuous_segment,P13,HV1,3,keep_right,P13_HV1_3,P13_HV1.1.asc,HV3,60,initiator_active,14754,1,245900.0,245900.0,3.0,3.0,28.368796,102.127665,6.0,422.388796,-5423.069454,0.050743,-0.011762,0.0,28.370013,0.000171,0.0,5423.2353,-57.70301,6.278063,1.0,0.0,0.0,0.0,5440.009107,-54.315962,1021.0,6.0,439.618108,7.0,0.065078,38.816195,139.738303,38.816144,0.063257,0.00018,0.237571,-0.368937,-1e-05,0.037366,0.4755,0.0,0.0,1.0,0.0,0.0,-9999.0,-9999.0,-9999.0,-9999.0,-9999.0,-9999.0,-9999.0,-9999.0,-9999.0,-9999.0,-9999.0,-9999.0,-9999.0,-9999.0
P13_HV1_3_interaction,active_and_state_lat_and_long_zero_last_source_row_continuous_segment,P13,HV1,3,keep_right,P13_HV1_3,P13_HV1.1.asc,HV3,60,initiator_active,14755,1,245916.68,245916.6812,3.0,3.0,28.369593,102.130534,6.0,422.861619,-5423.54227,0.050938,-0.011549,0.0,28.370859,0.000282,0.0,5423.708131,-57.705432,6.278052,1.0,0.0,0.0,0.0,5440.655997,-54.321604,1021.0,6.0,440.265018,7.0,0.062703,38.820144,139.752519,38.820097,0.060151,0.000179,0.23746,-0.360641,-8.3e-05,0.037366,0.4755,0.0,0.0,1.0,0.0,0.0,-9999.0,-9999.0,-9999.0,-9999.0,-9999.0,-9999.0,-9999.0,-9999.0,-9999.0,-9999.0,-9999.0,-9999.0,-9999.0,-9999.0
P13_HV1_3_interaction,active_and_state_lat_and_long_zero_last_source_row_continuous_segment,P13,HV1,3,keep_right,P13_HV1_3,P13_HV1.1.asc,HV3,60,initiator_active,14756,1,245933.34,245933.3361,3.0,3.0,28.370435,102.133567,6.0,423.334456,-5424.0151,0.047109,-0.011986,0.0,28.371709,0.000409,0.0,5424.180975,-57.707858,6.278041,1.0,0.0,0.0,0.0,5441.302952,-54.32735,1021.0,6.0,440.911993,7.0,0.060224,38.824092,139.76673,38.82405,0.057045,0.000177,0.237349,-0.352313,-0.000167,0.037366,0.47525,0.0,0.0,1.0,0.0,0.0,-9999.0,-9999.0,-9999.0,-9999.0,-9999.0,-9999.0,-9999.0,-9999.0,-9999.0,-9999.0,-9999.0,-9999.0,-9999.0,-9999.0
P13_HV1_3_interaction,active_and_state_lat_and_long_zero_last_source_row_continuous_segment,P13,HV1,3,keep_right,P13_HV1_3,P13_HV1.1.asc,HV3,60,initiator_active,14757,1,245950.0,245950.0009,3.0,3.0,28.371284,102.136622,6.0,423.807307,-5424.487944,0.035692,-0.010268,0.0,28.372468,0.000567,0.0,5424.653834,-57.710288,6.278029,1.0,0.0,0.0,0.0,5441.949971,-54.333197,1021.0,6.0,441.559034,7.0,0.057644,38.828038,139.780936,38.828,0.053958,0.000173,0.23724,-0.343998,-0.000259,0.037366,0.47525,0.0,0.0,1.0,0.0,0.0,-9999.0,-9999.0,-9999.0,-9999.0,-9999.0,-9999.0,-9999.0,-9999.0,-9999.0,-9999.0,-9999.0,-9999.0,-9999.0,-9999.0
P13_HV1_3_interaction,active_and_state_lat_and_long_zero_last_source_row_continuous_segment,P13,HV1,3,keep_right,P13_HV1_3,P13_HV1.1.asc,HV3,60,initiator_active,14758,1,245966.67,245966.6669,3.0,3.0,28.372101,102.139564,6.0,424.280172,-5424.960802,0.050369,-0.010786,0.0,28.373076,0.000733,0.0,5425.126705,-57.71272,6.278017,1.0,0.0,0.0,0.0,5442.597056,-54.339143,1021.0,6.0,442.206141,7.0,0.054966,38.831983,139.795139,38.83195,0.050902,0.000168,0.237132,-0.335741,-0.00035,0.037366,0.4755,0.0,0.0,1.0,0.0,0.0,-9999.0,-9999.0,-9999.0,-9999.0,-9999.0,-9999.0,-9999.0,-9999.0,-9999.0,-9999.0,-9999.0,-9999.0,-9999.0,-9999.0
P13_HV1_3_interaction,active_and_state_lat_and_long_zero_last_source_row_continuous_segment,P13,HV1,3,keep_right,P13_HV1_3,P13_HV1.1.asc,HV3,60,initiator_active,14759,1,245983.33,245983.3343,3.0,3.0,28.372765,102.141955,6.0,424.753049,-5425.433671,0.045999,-0.010717,0.0,28.373917,0.000871,0.0,5425.599587,-57.715155,6.278006,1.0,0.0,0.0,0.0,5443.244205,-54.345185,1021.0,6.0,442.853313,7.0,0.052192,38.835927,139.809337,38.835898,0.047894,0.000161,0.237023,-0.327578,-0.000434,0.037209,0.4755,0.0,0.0,1.0,0.0,0.0,-9999.0,-9999.0,-9999.0,-9999.0,-9999.0,-9999.0,-9999.0,-9999.0,-9999.0,-9999.0,-9999.0,-9999.0,-9999.0,-9999.0
P13_HV1_3_interaction,active_and_state_lat_and_long_zero_last_source_row_continuous_segment,P13,HV1,3,keep_right,P13_HV1_3,P13_HV1.1.asc,HV3,60,initiator_active,14760,1,246000.0,246000.0008,3.0,3.0,28.373496,102.144586,6.0,425.225937,-5425.906552,0.048353,-0.012368,0.0,28.374673,0.001004,0.0,5426.072482,-57.717594,6.277994,1.0,0.0,0.0,0.0,5443.89142,-54.351321,1021.0,6.0,443.50055,7.0,0.049325,38.83987,139.823531,38.839844,0.044944,0.000153,0.236915,-0.319545,-0.00052,0.036895,0.47575,0.0,0.0,1.0,0.0,0.0,-9999.0,-9999.0,-9999.0,-9999.0,-9999.0,-9999.0,-9999.0,-9999.0,-9999.0,-9999.0,-9999.0,-9999.0,-9999.0,-9999.0
P13_HV1_3_interaction,active_and_state_lat_and_long_zero_last_source_row_continuous_segment,P13,HV1,3,keep_right,P13_HV1_3,P13_HV1.1.asc,HV3,60,initiator_active,14761,1,246016.67,246016.6676,3.0,3.0,28.374301,102.147483,6.0,425.698839,-5426.379447,0.056925,-0.012044,0.0,28.375474,0.00112,0.0,5426.545391,-57.720035,6.277983,1.0,0.0,0.0,0.0,5444.538699,-54.357548,1021.0,6.0,444.147852,7.0,0.046367,38.843811,139.837721,38.843789,0.042064,0.000144,0.236806,-0.311679,-0.000595,0.036895,0.4755,0.0,0.0,1.0,0.0,0.0,-9999.0,-9999.0,-9999.0,-9999.0,-9999.0,-9999.0,-9999.0,-9999.0,-9999.0,-9999.0,-9999.0,-9999.0,-9999.0,-9999.0
P13_HV1_3_interaction,active_and_state_lat_and_long_zero_last_source_row_continuous_segment,P13,HV1,3,keep_right,P13_HV1_3,P13_HV1.1.asc,HV3,60,initiator_active,14762,1,246033.33,246033.3343,3.0,3.0,28.375076,102.150274,6.0,426.171754,-5426.852355,0.053566,-0.011783,0.0,28.376431,0.001231,0.0,5427.018313,-57.72248,6.277973,1.0,0.0,0.0,0.0,5445.186043,-54.363864,1021.0,6.0,444.79522,7.0,0.043319,38.847752,139.851906,38.847732,0.039264,0.000133,0.236698,-0.304008,-0.000659,0.036895,0.4755,0.0,0.0,1.0,0.0,0.0,-9999.0,-9999.0,-9999.0,-9999.0,-9999.0,-9999.0,-9999.0,-9999.0,-9999.0,-9999.0,-9999.0,-9999.0,-9999.0,-9999.0
P13_HV1_3_interaction,active_and_state_lat_and_long_zero_last_source_row_continuous_segment,P13,HV1,3,keep_right,P13_HV1_3,P13_HV1.1.asc,HV3,60,initiator_active,14763,1,246050.0,246050.0008,3.0,3.0,28.375948,102.153413,6.0,426.644682,-5427.325276,0.047946,-0.012757,0.0,28.377313,0.001318,0.0,5427.491251,-57.724928,6.277963,1.0,0.0,0.0,0.0,5445.833452,-54.370267,1021.0,6.0,445.442653,7.0,0.040186,38.851691,139.866086,38.851673,0.036573,0.000122,0.236598,-0.294756,-0.000705,0.03611,0.4755,0.0,0.0,1.0,0.0,0.0,-9999.0,-9999.0,-9999.0,-9999.0,-9999.0,-9999.0,-9999.0,-9999.0,-9999.0,-9999.0,-9999.0,-9999.0,-9999.0,-9999.0
P13_HV1_3_interaction,active_and_state_lat_and_long_zero_last_source_row_continuous_segment,P13,HV1,3,keep_right,P13_HV1_3,P13_HV1.1.asc,HV3,60,initiator_active,14764,1,246066.67,246066.6678,3.0,3.0,28.376878,102.15676,6.0,427.117626,-5427.798213,0.051204,-0.011987,0.0,28.378117,0.001392,0.0,5427.964203,-57.727379,6.277953,1.0,0.0,0.0,0.0,5446.480925,-54.376754,1021.0,6.0,446.090151,7.0,0.036969,38.855629,139.880263,38.855614,0.03402,0.00011,0.236509,-0.283298,-0.000733,0.034383,0.4755,0.0,0.0,1.0,0.0,0.0,-9999.0,-9999.0,-9999.0,-9999.0,-9999.0,-9999.0,-9999.0,-9999.0,-9999.0,-9999.0,-9999.0,-9999.0,-9999.0,-9999.0
P13_HV1_3_interaction,active_and_state_lat_and_long_zero_last_source_row_continuous_segment,P13,HV1,3,keep_right,P13_HV1_3,P13_HV1.1.asc,HV3,60,initiator_active,14765,1,246083.33,246083.334,3.0,3.0,28.377712,102.159763,6.0,427.590585,-5428.271165,0.038169,-0.012619,0.0,28.378913,0.001448,0.0,5428.437169,-57.729834,6.277944,1.0,0.0,0.0,0.0,5447.128464,-54.383322,1021.0,6.0,446.737714,7.0,0.033671,38.859566,139.894436,38.859553,0.031624,9.8e-05,0.236354,-0.26903,-0.000743,0.0314,0.4755,0.0,0.0,1.0,0.0,0.0,-9999.0,-9999.0,-9999.0,-9999.0,-9999.0,-9999.0,-9999.0,-9999.0,-9999.0,-9999.0,-9999.0,-9999.0,-9999.0,-9999.0
P13_HV1_3_interaction,active_and_state_lat_and_long_zero_last_source_row_continuous_segment,P13,HV1,3,keep_right,P13_HV1_3,P13_HV1.1.asc,HV3,60,initiator_active,14766,1,246100.0,246100.0008,3.0,3.0,28.378544,102.162759,6.0,428.063557,-5428.74413,0.051155,-0.014051,0.0,28.379603,0.001466,0.0,5428.910147,-57.732292,6.277935,1.0,0.0,0.0,0.0,5447.776067,-54.389968,1021.0,6.0,447.385343,7.0,0.030295,38.863499,139.908595,38.863487,0.029377,8.5e-05,0.236088,-0.252333,-0.000744,0.027318,0.4755,0.0,0.0,1.0,0.0,0.0,-9999.0,-9999.0,-9999.0,-9999.0,-9999.0,-9999.0,-9999.0,-9999.0,-9999.0,-9999.0,-9999.0,-9999.0,-9999.0,-9999.0
P13_HV1_3_interaction,active_and_state_lat_and_long_zero_last_source_row_continuous_segment,P13,HV1,3,keep_right,P13_HV1_3,P13_HV1.1.asc,HV3,60,initiator_active,14767,1,246116.67,246116.6671,3.0,3.0,28.379231,102.165231,6.0,428.536542,-5429.217107,0.049901,-0.013548,0.0,28.380438,0.001472,0.0,5429.383137,-57.734754,6.277927,1.0,0.0,0.0,0.0,5448.423735,-54.396688,1021.0,6.0,448.033036,7.0,0.026846,38.86743,139.922746,38.86742,0.027273,7.3e-05,0.236035,-0.231982,-0.00074,0.021666,0.4755,0.0,0.0,1.0,0.0,0.0,-9999.0,-9999.0,-9999.0,-9999.0,-9999.0,-9999.0,-9999.0,-9999.0,-9999.0,-9999.0,-9999.0,-9999.0,-9999.0,-9999.0
P13_HV1_3_interaction,active_and_state_lat_and_long_zero_last_source_row_continuous_segment,P13,HV1,3,keep_right,P13_HV1_3,P13_HV1.1.asc,HV3,60,initiator_active,14768,1,246133.34,246133.3363,3.0,3.0,28.38003,102.168107,6.0,429.009538,-5429.690097,0.045815,-0.013228,0.0,28.381257,0.001477,0.0,5429.856142,-57.737219,6.277919,1.0,0.0,0.0,0.0,5449.071468,-54.403477,1021.0,6.0,448.680795,7.0,0.023328,38.871362,139.936904,38.871354,0.025244,6.1e-05,0.236143,-0.210995,-0.00074,0.0157,0.4755,0.0,0.0,1.0,0.0,0.0,-9999.0,-9999.0,-9999.0,-9999.0,-9999.0,-9999.0,-9999.0,-9999.0,-9999.0,-9999.0,-9999.0,-9999.0,-9999.0,-9999.0
P13_HV1_3_interaction,active_and_state_lat_and_long_zero_last_source_row_continuous_segment,P13,HV1,3,keep_right,P13_HV1_3,P13_HV1.1.asc,HV3,60,initiator_active,14769,1,246150.0,246150.001,3.0,3.0,28.380854,102.171073,6.0,429.482549,-5430.163101,0.048318,-0.011875,0.0,28.382048,0.001493,0.0,5430.329159,-57.739689,6.277911,1.0,0.0,0.0,0.0,5449.719266,-54.410331,1021.0,6.0,449.328619,7.0,0.019746,38.875296,139.951067,38.875289,0.023228,4.9e-05,0.23621,-0.188404,-0.000746,0.009106,0.4755,0.0,0.0,1.0,0.0,0.0,-9999.0,-9999.0,-9999.0,-9999.0,-9999.0,-9999.0,-9999.0,-9999.0,-9999.0,-9999.0,-9999.0,-9999.0,-9999.0,-9999.0
P13_HV1_3_interaction,active_and_state_lat_and_long_zero_last_source_row_continuous_segment,P13,HV1,3,keep_right,P13_HV1_3,P13_HV1.1.asc,HV3,60,initiator_active,14770,1,246166.67,246166.6669,3.0,3.0,28.381639,102.173899,6.0,429.955573,-5430.636118,0.045355,-0.012287,0.0,28.382833,0.001501,0.0,5430.80219,-57.742161,6.277904,1.0,0.0,0.0,0.0,5450.367128,-54.417244,1021.0,6.0,449.976509,7.0,0.016105,38.879233,139.965238,38.879227,0.021139,3.6e-05,0.236263,-0.165966,-0.00076,0.002669,0.4755,0.0,0.0,1.0,0.0,0.0,-9999.0,-9999.0,-9999.0,-9999.0,-9999.0,-9999.0,-9999.0,-9999.0,-9999.0,-9999.0,-9999.0,-9999.0,-9999.0,-9999.0
P13_HV1_3_interaction,active_and_state_lat_and_long_zero_last_source_row_continuous_segment,P13,HV1,3,keep_right,P13_HV1_3,P13_HV1.1.asc,HV3,60,initiator_active,14771,1,246183.33,246183.334,3.0,3.0,28.38245,102.176821,6.0,430.428611,-5431.109149,0.045453,-0.011235,0.0,28.383589,0.001505,0.0,5431.275234,-57.744637,6.277897,1.0,0.0,0.0,0.0,5451.015056,-54.424211,1021.0,6.0,450.624463,7.0,0.012409,38.883167,139.979401,38.883162,0.018893,2.4e-05,0.236045,-0.143845,-0.00078,-0.003454,0.4755,0.0,0.0,1.0,0.0,0.0,-9999.0,-9999.0,-9999.0,-9999.0,-9999.0,-9999.0,-9999.0,-9999.0,-9999.0,-9999.0,-9999.0,-9999.0,-9999.0,-9999.0
P13_HV1_3_interaction,active_and_state_lat_and_long_zero_last_source_row_continuous_segment,P13,HV1,3,keep_right,P13_HV1_3,P13_HV1.1.asc,HV3,60,initiator_active,14772,1,246200.0,246200.0002,3.0,3.0,28.383211,102.179559,6.0,430.901661,-5431.582192,0.049537,-0.009285,0.0,28.384347,0.001525,0.0,5431.748291,-57.747116,6.27789,1.0,0.0,0.0,0.0,5451.663049,-54.431228,1021.0,6.0,451.272483,7.0,0.008665,38.887099,139.993555,38.887095,0.016418,1.1e-05,0.235893,-0.121819,-0.000801,-0.009263,0.4755,0.0,0.0,1.0,0.0,0.0,-9999.0,-9999.0,-9999.0,-9999.0,-9999.0,-9999.0,-9999.0,-9999.0,-9999.0,-9999.0,-9999.0,-9999.0,-9999.0,-9999.0
P13_HV1_3_interaction,active_and_state_lat_and_long_zero_last_source_row_continuous_segment,P13,HV1,3,keep_right,P13_HV1_3,P13_HV1.1.asc,HV3,60,initiator_active,14773,1,246216.67,246216.6667,3.0,3.0,28.383968,102.182283,6.0,431.374724,-5432.055248,0.056514,-0.010374,0.0,28.385232,0.001525,0.0,5432.22136,-57.749598,6.277885,1.0,0.0,0.0,0.0,5452.311106,-54.438289,1021.0,6.0,451.920568,7.0,0.004877,38.891028,140.007701,38.891026,0.013662,-3e-06,0.235764,-0.09935,-0.000819,-0.014915,0.4755,0.0,0.0,1.0,0.0,0.0,-9999.0,-9999.0,-9999.0,-9999.0,-9999.0,-9999.0,-9999.0,-9999.0,-9999.0,-9999.0,-9999.0,-9999.0,-9999.0,-9999.0
P13_HV1_3_interaction,active_and_state_lat_and_long_zero_last_source_row_continuous_segment,P13,HV1,3,keep_right,P13_HV1_3,P13_HV1.1.asc,HV3,60,initiator_active,14774,1,246233.33,246233.3338,3.0,3.0,28.38476,102.185136,6.0,431.8478,-5432.528317,0.052995,-0.010683,0.0,28.386152,0.001493,0.0,5432.694445,-57.752082,6.27788,1.0,0.0,0.0,0.0,5452.959229,-54.445388,1021.0,6.0,452.568719,7.0,0.001052,38.89486,140.021498,38.894859,0.010542,-1.6e-05,0.219067,-0.07943,-0.000765,-0.019154,0.4755,0.002198,0.0,1.0,0.0,0.0,-9999.0,-9999.0,-9999.0,-9999.0,-9999.0,-9999.0,-9999.0,-9999.0,-9999.0,-9999.0,-9999.0,-9999.0,-9999.0,-9999.0
P13_HV1_3_interaction,active_and_state_lat_and_long_zero_last_source_row_continuous_segment,P13,HV1,3,keep_right,P13_HV1_3,P13_HV1.1.asc,HV3,60,initiator_active,14775,1,246250.0,246250.001,3.0,3.0,28.385703,102.18853,6.0,432.320891,-5433.001402,0.052529,-0.009319,0.0,28.387033,0.00146,0.0,5433.167544,-57.754569,6.277875,1.0,0.0,0.0,0.0,5453.607415,-54.45252,1021.0,6.0,453.216932,7.0,-0.002807,38.898538,140.034737,38.898537,0.007035,-2.9e-05,0.23059,-0.059197,-0.00084,-0.023079,0.4755,0.0,0.0,1.0,0.0,0.0,-9999.0,-9999.0,-9999.0,-9999.0,-9999.0,-9999.0,-9999.0,-9999.0,-9999.0,-9999.0,-9999.0,-9999.0,-9999.0,-9999.0
P13_HV1_3_interaction,active_and_state_lat_and_long_zero_last_source_row_continuous_segment,P13,HV1,3,keep_right,P13_HV1_3,P13_HV1.1.asc,HV3,60,initiator_active,14776,1,246266.67,246266.6668,3.0,3.0,28.386594,102.191737,6.0,432.793997,-5433.474501,0.058643,-0.007795,0.0,28.387972,0.00142,0.0,5433.640658,-57.757058,6.277871,1.0,0.0,0.0,0.0,5454.255663,-54.45968,1021.0,6.0,453.865208,7.0,-0.006694,38.902442,140.048792,38.902442,0.00311,-4.3e-05,0.235004,-0.040204,-0.000817,-0.026062,0.4755,0.0,0.0,1.0,0.0,0.0,-9999.0,-9999.0,-9999.0,-9999.0,-9999.0,-9999.0,-9999.0,-9999.0,-9999.0,-9999.0,-9999.0,-9999.0,-9999.0,-9999.0
P13_HV1_3_interaction,active_and_state_lat_and_long_zero_last_source_row_continuous_segment,P13,HV1,3,keep_right,P13_HV1_3,P13_HV1.1.asc,HV3,60,initiator_active,14777,1,246283.33,246283.3342,3.0,3.0,28.38747,102.194893,6.0,433.267118,-5433.947615,0.038089,-0.006727,0.0,28.388842,0.001387,0.0,5434.113789,-57.75955,6.277867,1.0,0.0,0.0,0.0,5454.903975,-54.466863,1021.0,6.0,454.513548,7.0,-0.010602,38.906361,140.0629,38.906361,-0.001256,-5.6e-05,0.235169,-0.023207,-0.000826,-0.027789,0.4755,0.0,0.0,1.0,0.0,0.0,-9999.0,-9999.0,-9999.0,-9999.0,-9999.0,-9999.0,-9999.0,-9999.0,-9999.0,-9999.0,-9999.0,-9999.0,-9999.0,-9999.0
P13_HV1_3_interaction,active_and_state_lat_and_long_zero_last_source_row_continuous_segment,P13,HV1,3,keep_right,P13_HV1_3,P13_HV1.1.asc,HV3,60,initiator_active,14778,1,246300.0,246300.0005,3.0,3.0,28.38846,102.198458,6.0,433.740255,-5434.420745,0.050757,-0.007555,0.0,28.389529,0.001354,0.0,5434.586932,-57.762045,6.277865,1.0,0.0,0.0,0.0,5455.552353,-54.474063,1021.0,6.0,455.161954,7.0,-0.014529,38.91028,140.077008,38.91028,-0.00604,-7e-05,0.235109,-0.006279,-0.000779,-0.029045,0.4755,0.0,0.0,1.0,0.0,0.0,-9999.0,-9999.0,-9999.0,-9999.0,-9999.0,-9999.0,-9999.0,-9999.0,-9999.0,-9999.0,-9999.0,-9999.0,-9999.0,-9999.0
P13_HV1_3_interaction,active_and_state_lat_and_long_zero_last_source_row_continuous_segment,P13,HV1,3,keep_right,P13_HV1_3,P13_HV1.1.asc,HV3,60,initiator_active,14779,1,246316.67,246316.6667,3.0,3.0,28.38916,102.200975,6.0,434.213405,-5434.893888,0.04961,-0.007685,0.0,28.390357,0.001293,0.0,5435.060088,-57.764541,6.277862,1.0,0.0,0.0,0.0,5456.200795,-54.481277,1021.0,6.0,455.810425,7.0,-0.018467,38.914197,140.09111,38.914196,-0.011225,-8.2e-05,0.234995,0.00932,-0.000695,-0.029359,0.4755,0.0,0.0,1.0,0.0,0.0,-9999.0,-9999.0,-9999.0,-9999.0,-9999.0,-9999.0,-9999.0,-9999.0,-9999.0,-9999.0,-9999.0,-9999.0,-9999.0,-9999.0
P13_HV1_3_interaction,active_and_state_lat_and_long_zero_last_source_row_continuous_segment,P13,HV1,3,keep_right,P13_HV1_3,P13_HV1.1.asc,HV3,60,initiator_active,14780,1,246333.33,246333.3344,3.0,3.0,28.389952,102.203826,6.0,434.686567,-5435.367044,0.045525,-0.007415,0.0,28.391171,0.001221,0.0,5435.533257,-57.767039,6.27786,1.0,0.0,0.0,0.0,5456.849303,-54.488498,1021.0,6.0,456.45896,7.0,-0.022414,38.918112,140.105205,38.918109,-0.016762,-9.2e-05,0.234878,0.025045,-0.000592,-0.029045,0.4755,0.0,0.0,1.0,0.0,0.0,-9999.0,-9999.0,-9999.0,-9999.0,-9999.0,-9999.0,-9999.0,-9999.0,-9999.0,-9999.0,-9999.0,-9999.0,-9999.0,-9999.0
P13_HV1_3_interaction,active_and_state_lat_and_long_zero_last_source_row_continuous_segment,P13,HV1,3,keep_right,P13_HV1_3,P13_HV1.1.asc,HV3,60,initiator_active,14781,1,246350.0,246350.0002,3.0,3.0,28.39077,102.206773,6.0,435.159743,-5435.840213,0.04797,-0.008689,0.0,28.391957,0.001144,0.0,5436.00644,-57.769539,6.277859,1.0,0.0,0.0,0.0,5457.497876,-54.495723,1021.0,6.0,457.107562,7.0,-0.026363,38.922026,140.119292,38.922019,-0.022588,-0.000101,0.234758,0.041523,-0.00048,-0.028417,0.4755,0.0,0.0,1.0,0.0,0.0,-9999.0,-9999.0,-9999.0,-9999.0,-9999.0,-9999.0,-9999.0,-9999.0,-9999.0,-9999.0,-9999.0,-9999.0,-9999.0,-9999.0
P13_HV1_3_interaction,active_and_state_lat_and_long_zero_last_source_row_continuous_segment,P13,HV1,3,keep_right,P13_HV1_3,P13_HV1.1.asc,HV3,60,initiator_active,14782,1,246366.67,246366.6667,3.0,3.0,28.391551,102.209583,6.0,435.632933,-5436.313396,0.051918,-0.007488,0.0,28.392769,0.001045,0.0,5436.479636,-57.772041,6.277859,1.0,0.0,0.0,0.0,5458.146514,-54.502945,1021.0,6.0,457.756228,7.0,-0.030309,38.925936,140.133371,38.925926,-0.02866,-0.000108,0.234638,0.057187,-0.000368,-0.027789,0.4755,0.0,0.0,1.0,0.0,0.0,-9999.0,-9999.0,-9999.0,-9999.0,-9999.0,-9999.0,-9999.0,-9999.0,-9999.0,-9999.0,-9999.0,-9999.0,-9999.0,-9999.0
P13_HV1_3_interaction,active_and_state_lat_and_long_zero_last_source_row_continuous_segment,P13,HV1,3,keep_right,P13_HV1_3,P13_HV1.1.asc,HV3,60,initiator_active,14783,1,246383.33,246383.3341,3.0,3.0,28.392357,102.212485,6.0,436.106135,-5436.786592,0.045449,-0.008373,0.0,28.393606,0.000963,0.0,5436.952846,-57.774544,6.277859,1.0,0.0,0.0,0.0,5458.795218,-54.51016,1021.0,6.0,458.40496,7.0,-0.034249,38.929845,140.147441,38.929829,-0.03493,-0.000113,0.23452,0.072007,-0.000264,-0.02669,0.4755,0.0,0.0,1.0,0.0,0.0,-9999.0,-9999.0,-9999.0,-9999.0,-9999.0,-9999.0,-9999.0,-9999.0,-9999.0,-9999.0,-9999.0,-9999.0,-9999.0,-9999.0
P13_HV1_3_interaction,active_and_state_lat_and_long_zero_last_source_row_continuous_segment,P13,HV1,3,keep_right,P13_HV1_3,P13_HV1.1.asc,HV3,60,initiator_active,14784,1,246400.0,246400.0006,3.0,3.0,28.393201,102.215524,6.0,436.579352,-5437.259801,0.0353,-0.005423,0.0,28.394261,0.000869,0.0,5437.426069,-57.777049,6.277859,1.0,0.0,0.0,0.0,5459.443986,-54.517363,1021.0,6.0,459.053756,7.0,-0.038175,38.933751,140.161504,38.933729,-0.041345,-0.000117,0.234426,0.085986,-0.00017,-0.02512,0.4755,0.0,0.0,1.0,0.0,0.0,-9999.0,-9999.0,-9999.0,-9999.0,-9999.0,-9999.0,-9999.0,-9999.0,-9999.0,-9999.0,-9999.0,-9999.0,-9999.0,-9999.0
P13_HV1_3_interaction,active_and_state_lat_and_long_zero_last_source_row_continuous_segment,P13,HV1,3,keep_right,P13_HV1_3,P13_HV1.1.asc,HV3,60,initiator_active,14785,1,246416.67,246416.6673,3.0,3.0,28.393985,102.218346,6.0,437.052582,-5437.733025,0.05776,-0.005456,0.0,28.395042,0.000818,0.0,5437.899303,-57.779555,6.277859,1.0,0.0,0.0,0.0,5460.09282,-54.52455,1021.0,6.0,459.702619,7.0,-0.042085,38.937655,140.175559,38.937626,-0.04782,-0.000119,0.234316,0.101296,-8.7e-05,-0.024021,0.4755,0.0,0.0,1.0,0.0,0.0,-9999.0,-9999.0,-9999.0,-9999.0,-9999.0,-9999.0,-9999.0,-9999.0,-9999.0,-9999.0,-9999.0,-9999.0,-9999.0,-9999.0
P13_HV1_3_interaction,active_and_state_lat_and_long_zero_last_source_row_continuous_segment,P13,HV1,3,keep_right,P13_HV1_3,P13_HV1.1.asc,HV3,60,initiator_active,14786,1,246433.33,246433.3343,3.0,3.0,28.394555,102.220398,6.0,437.525822,-5438.206258,0.052302,-0.005466,0.0,28.395957,0.000763,0.0,5438.372551,-57.782062,6.277859,1.0,0.0,0.0,0.0,5460.74172,-54.531714,1021.0,6.0,460.351546,7.0,-0.045972,38.941557,140.189604,38.941519,-0.054299,-0.000119,0.234188,0.11619,-1.3e-05,-0.022765,0.4755,0.0,0.0,1.0,0.0,0.0,-9999.0,-9999.0,-9999.0,-9999.0,-9999.0,-9999.0,-9999.0,-9999.0,-9999.0,-9999.0,-9999.0,-9999.0,-9999.0,-9999.0
P13_HV1_3_interaction,active_and_state_lat_and_long_zero_last_source_row_continuous_segment,P13,HV1,3,keep_right,P13_HV1_3,P13_HV1.1.asc,HV3,60,initiator_active,14787,1,246450.0,246450.0011,3.0,3.0,28.395523,102.223884,6.0,437.999076,-5438.679506,0.048305,-0.005359,0.0,28.396828,0.000707,0.0,5438.845814,-57.78457,6.277859,1.0,0.0,0.0,0.0,5461.390685,-54.538852,1021.0,6.0,461.000538,7.0,-0.049833,38.945455,140.203639,38.945408,-0.060718,-0.000119,0.234061,0.131698,5.1e-05,-0.021823,0.4755,0.0,0.0,1.0,0.0,0.0,-9999.0,-9999.0,-9999.0,-9999.0,-9999.0,-9999.0,-9999.0,-9999.0,-9999.0,-9999.0,-9999.0,-9999.0,-9999.0,-9999.0
P13_HV1_3_interaction,active_and_state_lat_and_long_zero_last_source_row_continuous_segment,P13,HV1,3,keep_right,P13_HV1_3,P13_HV1.1.asc,HV3,60,initiator_active,14788,1,246466.67,246466.6677,3.0,3.0,28.396393,102.227014,6.0,438.472346,-5439.152769,0.054483,-0.003492,0.0,28.397671,0.000654,0.0,5439.319091,-57.787079,6.277859,1.0,0.0,0.0,0.0,5462.039715,-54.545958,1021.0,6.0,461.649596,7.0,-0.053661,38.949351,140.217665,38.949294,-0.067035,-0.000118,0.233941,0.146512,0.000105,-0.020724,0.4755,0.0,0.0,1.0,0.0,0.0,-9999.0,-9999.0,-9999.0,-9999.0,-9999.0,-9999.0,-9999.0,-9999.0,-9999.0,-9999.0,-9999.0,-9999.0,-9999.0,-9999.0
P13_HV1_3_interaction,active_and_state_lat_and_long_zero_last_source_row_continuous_segment,P13,HV1,3,keep_right,P13_HV1_3,P13_HV1.1.asc,HV3,60,initiator_active,14789,1,246483.33,246483.3337,3.0,3.0,28.397231,102.230032,6.0,438.94563,-5439.626046,0.051946,-0.004062,0.0,28.398563,0.000627,0.0,5439.792383,-57.789589,6.277859,1.0,0.0,0.0,0.0,5462.68881,-54.553028,1021.0,6.0,462.298719,7.0,-0.057453,38.953244,140.23168,38.953176,-0.073204,-0.000116,0.233823,0.16131,0.000147,-0.019782,0.4755,0.0,0.0,1.0,0.0,0.0,-9999.0,-9999.0,-9999.0,-9999.0,-9999.0,-9999.0,-9999.0,-9999.0,-9999.0,-9999.0,-9999.0,-9999.0,-9999.0,-9999.0
P13_HV1_3_interaction,active_and_state_lat_and_long_zero_last_source_row_continuous_segment,P13,HV1,3,keep_right,P13_HV1_3,P13_HV1.1.asc,HV3,60,initiator_active,14790,1,246500.0,246500.0001,3.0,3.0,28.398125,102.23325,6.0,439.418928,-5440.099337,0.047785,-0.00427,0.0,28.399427,0.000588,0.0,5440.265689,-57.792099,6.277859,1.0,0.0,0.0,0.0,5463.337971,-54.560056,1021.0,6.0,462.947907,7.0,-0.061204,38.957135,140.245685,38.957054,-0.079193,-0.000113,0.233708,0.175212,0.00018,-0.018683,0.4755,0.0,0.0,1.0,0.0,0.0,-9999.0,-9999.0,-9999.0,-9999.0,-9999.0,-9999.0,-9999.0,-9999.0,-9999.0,-9999.0,-9999.0,-9999.0,-9999.0,-9999.0
P13_HV1_3_interaction,active_and_state_lat_and_long_zero_last_source_row_continuous_segment,P13,HV1,3,keep_right,P13_HV1_3,P13_HV1.1.asc,HV3,60,initiator_active,14791,1,246516.67,246516.6678,3.0,3.0,28.398996,102.236386,6.0,439.892241,-5440.572644,0.063278,-0.005416,0.0,28.400197,0.000532,0.0,5440.739009,-57.794611,6.277859,1.0,0.0,0.0,0.0,5463.987197,-54.56704,1021.0,6.0,463.59716,7.0,-0.064908,38.961022,140.259679,38.960929,-0.084965,-0.00011,0.233593,0.188917,0.000203,-0.017741,0.4755,0.0,0.0,1.0,0.0,0.0,-9999.0,-9999.0,-9999.0,-9999.0,-9999.0,-9999.0,-9999.0,-9999.0,-9999.0,-9999.0,-9999.0,-9999.0,-9999.0,-9999.0
P13_HV1_3_interaction,active_and_state_lat_and_long_zero_last_source_row_continuous_segment,P13,HV1,3,keep_right,P13_HV1_3,P13_HV1.1.asc,HV3,60,initiator_active,14792,1,246533.33,246533.3344,3.0,3.0,28.399825,102.239372,6.0,440.365568,-5441.045964,0.054238,-0.004754,0.0,28.401254,0.00048,0.0,5441.212344,-57.797123,6.277859,1.0,0.0,0.0,0.0,5464.636489,-54.573973,1021.0,6.0,464.246479,7.0,-0.068562,38.964907,140.273664,38.964802,-0.090487,-0.000106,0.233478,0.202341,0.000221,-0.016956,0.4755,0.0,0.0,1.0,0.0,0.0,-9999.0,-9999.0,-9999.0,-9999.0,-9999.0,-9999.0,-9999.0,-9999.0,-9999.0,-9999.0,-9999.0,-9999.0,-9999.0,-9999.0
P13_HV1_3_interaction,active_and_state_lat_and_long_zero_last_source_row_continuous_segment,P13,HV1,3,keep_right,P13_HV1_3,P13_HV1.1.asc,HV3,60,initiator_active,14793,1,246550.0,246550.0007,3.0,3.0,28.400725,102.242608,6.0,440.838909,-5441.519298,0.050794,-0.005547,0.0,28.402135,0.000429,0.0,5441.685695,-57.799636,6.277859,1.0,0.0,0.0,0.0,5465.285846,-54.580851,1021.0,6.0,464.895862,7.0,-0.072161,38.968788,140.287638,38.968671,-0.095733,-0.000102,0.233362,0.215417,0.000235,-0.016328,0.4755,0.0,0.0,1.0,0.0,0.0,-9999.0,-9999.0,-9999.0,-9999.0,-9999.0,-9999.0,-9999.0,-9999.0,-9999.0,-9999.0,-9999.0,-9999.0,-9999.0,-9999.0
P13_HV1_3_interaction,active_and_state_lat_and_long_zero_last_source_row_continuous_segment,P13,HV1,3,keep_right,P13_HV1_3,P13_HV1.1.asc,HV3,60,initiator_active,14794,1,246566.67,246566.6676,3.0,3.0,28.401706,102.246141,6.0,441.312267,-5441.99265,0.050827,-0.004849,0.0,28.402981,0.000389,0.0,5442.159061,-57.802151,6.277859,1.0,0.0,0.0,0.0,5465.935268,-54.587672,1021.0,6.0,465.54531,7.0,-0.075702,38.972667,140.301602,38.972537,-0.100698,-9.8e-05,0.233248,0.226931,0.000245,-0.015386,0.4755,0.0,0.0,1.0,0.0,0.0,-9999.0,-9999.0,-9999.0,-9999.0,-9999.0,-9999.0,-9999.0,-9999.0,-9999.0,-9999.0,-9999.0,-9999.0,-9999.0,-9999.0
P13_HV1_3_interaction,active_and_state_lat_and_long_zero_last_source_row_continuous_segment,P13,HV1,3,keep_right,P13_HV1_3,P13_HV1.1.asc,HV3,60,initiator_active,14795,1,246583.33,246583.3338,3.0,3.0,28.402558,102.249208,6.0,441.785639,-5442.466016,0.043965,-0.004527,0.0,28.403796,0.000365,0.0,5442.632441,-57.804667,6.277857,1.0,0.0,0.0,0.0,5466.584755,-54.59443,1021.0,6.0,466.194824,7.0,-0.079181,38.976543,140.315556,38.976401,-0.105386,-9.4e-05,0.233141,0.236093,0.000251,-0.013816,0.4755,0.0,0.0,1.0,0.0,0.0,-9999.0,-9999.0,-9999.0,-9999.0,-9999.0,-9999.0,-9999.0,-9999.0,-9999.0,-9999.0,-9999.0,-9999.0,-9999.0,-9999.0
P13_HV1_3_interaction,active_and_state_lat_and_long_zero_last_source_row_continuous_segment,P13,HV1,3,keep_right,P13_HV1_3,P13_HV1.1.asc,HV3,60,initiator_active,14796,1,246600.0,246600.0008,3.0,3.0,28.403404,102.252256,6.0,442.259026,-5442.939395,0.046628,-0.005641,0.0,28.404556,0.000337,0.0,5443.105833,-57.807184,6.277854,1.0,0.0,0.0,0.0,5467.234308,-54.601124,1021.0,6.0,466.844402,7.0,-0.082594,38.980417,140.3295,38.980262,-0.109765,-9e-05,0.233032,0.245211,0.000256,-0.01256,0.4755,0.0,0.0,1.0,0.0,0.0,-9999.0,-9999.0,-9999.0,-9999.0,-9999.0,-9999.0,-9999.0,-9999.0,-9999.0,-9999.0,-9999.0,-9999.0,-9999.0,-9999.0
P13_HV1_3_interaction,active_and_state_lat_and_long_zero_last_source_row_continuous_segment,P13,HV1,3,keep_right,P13_HV1_3,P13_HV1.1.asc,HV3,60,initiator_active,14797,1,246616.67,246616.6669,3.0,3.0,28.404163,102.254986,6.0,442.732425,-5443.412788,0.05083,-0.005147,0.0,28.405347,0.000316,0.0,5443.579239,-57.809703,6.277852,1.0,0.0,0.0,0.0,5467.883926,-54.607749,1021.0,6.0,467.494045,7.0,-0.085938,38.984287,140.343434,38.984121,-0.113807,-8.6e-05,0.232922,0.254212,0.000263,-0.011618,0.4755,0.0,0.0,1.0,0.0,0.0,-9999.0,-9999.0,-9999.0,-9999.0,-9999.0,-9999.0,-9999.0,-9999.0,-9999.0,-9999.0,-9999.0,-9999.0,-9999.0,-9999.0
P13_HV1_3_interaction,active_and_state_lat_and_long_zero_last_source_row_continuous_segment,P13,HV1,3,keep_right,P13_HV1_3,P13_HV1.1.asc,HV3,60,initiator_active,14798,1,246633.33,246633.3342,3.0,3.0,28.404945,102.257802,6.0,443.205838,-5443.886194,0.044509,-0.00496,0.0,28.406167,0.000311,0.0,5444.052659,-57.812224,6.277849,1.0,0.0,0.0,0.0,5468.533609,-54.614303,1021.0,6.0,468.143753,7.0,-0.089211,38.988155,140.357359,38.987978,-0.117483,-8.1e-05,0.232806,0.264209,0.000276,-0.011461,0.4755,0.0,0.0,1.0,0.0,0.0,-9999.0,-9999.0,-9999.0,-9999.0,-9999.0,-9999.0,-9999.0,-9999.0,-9999.0,-9999.0,-9999.0,-9999.0,-9999.0,-9999.0
P13_HV1_3_interaction,active_and_state_lat_and_long_zero_last_source_row_continuous_segment,P13,HV1,3,keep_right,P13_HV1_3,P13_HV1.1.asc,HV3,60,initiator_active,14799,1,246650.01,246650.0056,3.0,3.0,28.40577,102.260773,6.0,443.679264,-5444.359614,0.050804,-0.004977,0.0,28.406935,0.000314,0.0,5444.526091,-57.814746,6.277846,1.0,0.0,0.0,0.0,5469.183358,-54.620782,1021.0,6.0,468.793526,7.0,-0.09241,38.99202,140.371273,38.991833,-0.120793,-7.6e-05,0.232689,0.27361,0.000291,-0.011461,0.4755,0.0,0.0,1.0,0.0,0.0,-9999.0,-9999.0,-9999.0,-9999.0,-9999.0,-9999.0,-9999.0,-9999.0,-9999.0,-9999.0,-9999.0,-9999.0,-9999.0,-9999.0
P13_HV1_3_interaction,active_and_state_lat_and_long_zero_last_source_row_continuous_segment,P13,HV1,3,keep_right,P13_HV1_3,P13_HV1.1.asc,HV3,60,initiator_active,14800,1,246666.67,246666.6678,3.0,3.0,28.406538,102.263536,6.0,444.152703,-5444.833046,0.051634,-0.005072,0.0,28.407788,0.000322,0.0,5444.999537,-57.81727,6.277843,1.0,0.0,0.0,0.0,5469.833172,-54.627185,1021.0,6.0,469.443364,7.0,-0.095531,38.995883,140.385177,38.995686,-0.12375,-7.1e-05,0.232572,0.282053,0.000304,-0.011461,0.47525,0.0,0.0,1.0,0.0,0.0,-9999.0,-9999.0,-9999.0,-9999.0,-9999.0,-9999.0,-9999.0,-9999.0,-9999.0,-9999.0,-9999.0,-9999.0,-9999.0,-9999.0
P13_HV1_3_interaction,active_and_state_lat_and_long_zero_last_source_row_continuous_segment,P13,HV1,3,keep_right,P13_HV1_3,P13_HV1.1.asc,HV3,60,initiator_active,14801,1,246683.33,246683.3343,3.0,3.0,28.407359,102.266491,6.0,444.626155,-5445.306492,0.047558,-0.005188,0.0,28.408648,0.000334,0.0,5445.472997,-57.819795,6.277839,1.0,0.0,0.0,0.0,5470.48305,-54.633509,1021.0,6.0,470.093266,7.0,-0.098572,38.999742,140.399072,38.999537,-0.126369,-6.6e-05,0.232455,0.289577,0.000313,-0.011461,0.4755,0.0,0.0,1.0,0.0,0.0,-9999.0,-9999.0,-9999.0,-9999.0,-9999.0,-9999.0,-9999.0,-9999.0,-9999.0,-9999.0,-9999.0,-9999.0,-9999.0,-9999.0
P13_HV1_3_interaction,active_and_state_lat_and_long_zero_last_source_row_continuous_segment,P13,HV1,3,keep_right,P13_HV1_3,P13_HV1.1.asc,HV3,60,initiator_active,14802,1,246700.0,246700.0011,3.0,3.0,28.408219,102.269587,6.0,445.099622,-5445.779952,0.05454,-0.004109,0.0,28.409446,0.000363,0.0,5445.946471,-57.822322,6.277836,1.0,0.0,0.0,0.0,5471.132994,-54.639751,1021.0,6.0,470.743234,7.0,-0.101532,39.003599,140.412957,39.003387,-0.128665,-6.1e-05,0.232338,0.296222,0.000318,-0.011461,0.4755,0.0,0.0,1.0,0.0,0.0,-9999.0,-9999.0,-9999.0,-9999.0,-9999.0,-9999.0,-9999.0,-9999.0,-9999.0,-9999.0,-9999.0,-9999.0,-9999.0,-9999.0
P13_HV1_3_interaction,active_and_state_lat_and_long_zero_last_source_row_continuous_segment,P13,HV1,3,keep_right,P13_HV1_3,P13_HV1.1.asc,HV3,60,initiator_active,14803,1,246716.67,246716.6669,3.0,3.0,28.409044,102.27256,6.0,445.573103,-5446.253426,0.055187,-0.004729,0.0,28.410387,0.000392,0.0,5446.419958,-57.82485,6.277832,1.0,0.0,0.0,0.0,5471.783003,-54.645909,1021.0,6.0,471.393265,7.0,-0.104408,39.007453,140.426833,39.007235,-0.130653,-5.6e-05,0.232221,0.30203,0.000318,-0.011461,0.47575,0.0,0.0,1.0,0.0,0.0,-9999.0,-9999.0,-9999.0,-9999.0,-9999.0,-9999.0,-9999.0,-9999.0,-9999.0,-9999.0,-9999.0,-9999.0,-9999.0,-9999.0
P13_HV1_3_interaction,active_and_state_lat_and_long_zero_last_source_row_continuous_segment,P13,HV1,3,keep_right,P13_HV1_3,P13_HV1.1.asc,HV3,60,initiator_active,14804,1,246733.34,246733.3381,3.0,3.0,28.409901,102.275642,6.0,446.046597,-5446.726914,0.050996,-0.005071,0.0,28.411279,0.000412,0.0,5446.893462,-57.827379,6.277829,1.0,0.0,0.0,0.0,5472.433078,-54.651982,1021.0,6.0,472.043362,7.0,-0.107198,39.011305,140.440699,39.011081,-0.132349,-5e-05,0.232105,0.307042,0.000316,-0.011461,0.4755,0.0,0.0,1.0,0.0,0.0,-9999.0,-9999.0,-9999.0,-9999.0,-9999.0,-9999.0,-9999.0,-9999.0,-9999.0,-9999.0,-9999.0,-9999.0,-9999.0,-9999.0
P13_HV1_3_interaction,active_and_state_lat_and_long_zero_last_source_row_continuous_segment,P13,HV1,3,keep_right,P13_HV1_3,P13_HV1.1.asc,HV3,60,initiator_active,14805,1,246750.0,246750.001,3.0,3.0,28.410847,102.279048,6.0,446.520108,-5447.200418,0.05086,-0.005214,0.0,28.412128,0.000428,0.0,5447.36698,-57.82991,6.277825,1.0,0.0,0.0,0.0,5473.083217,-54.657969,1021.0,6.0,472.693523,7.0,-0.109901,39.015155,140.454558,39.014926,-0.133769,-4.5e-05,0.231989,0.311298,0.000312,-0.011461,0.4755,0.0,0.0,1.0,0.0,0.0,-9999.0,-9999.0,-9999.0,-9999.0,-9999.0,-9999.0,-9999.0,-9999.0,-9999.0,-9999.0,-9999.0,-9999.0,-9999.0,-9999.0
P13_HV1_3_interaction,active_and_state_lat_and_long_zero_last_source_row_continuous_segment,P13,HV1,3,keep_right,P13_HV1_3,P13_HV1.1.asc,HV3,60,initiator_active,14806,1,246766.67,246766.6674,3.0,3.0,28.411704,102.282135,6.0,446.993633,-5447.673936,0.047105,-0.005278,0.0,28.412976,0.000444,0.0,5447.840512,-57.832442,6.277822,1.0,0.0,0.0,0.0,5473.733421,-54.663867,1021.0,6.0,473.343748,7.0,-0.112516,39.019002,140.468408,39.018769,-0.134933,-4e-05,0.231875,0.314454,0.000308,-0.011304,0.47525,0.0,0.0,1.0,0.0,0.0,-9999.0,-9999.0,-9999.0,-9999.0,-9999.0,-9999.0,-9999.0,-9999.0,-9999.0,-9999.0,-9999.0,-9999.0,-9999.0,-9999.0
P13_HV1_3_interaction,active_and_state_lat_and_long_zero_last_source_row_continuous_segment,P13,HV1,3,keep_right,P13_HV1_3,P13_HV1.1.asc,HV3,60,initiator_active,14807,1,246783.33,246783.3337,3.0,3.0,28.412552,102.285186,6.0,447.467171,-5448.147468,0.046551,-0.005322,0.0,28.413767,0.000458,0.0,5448.314058,-57.834976,6.277818,1.0,0.0,0.0,0.0,5474.38369,-54.669677,1021.0,6.0,473.994038,7.0,-0.115042,39.022847,140.48225,39.022611,-0.13585,-3.5e-05,0.23176,0.317329,0.000305,-0.011304,0.4755,0.0,0.0,1.0,0.0,0.0,-9999.0,-9999.0,-9999.0,-9999.0,-9999.0,-9999.0,-9999.0,-9999.0,-9999.0,-9999.0,-9999.0,-9999.0,-9999.0,-9999.0
P13_HV1_3_interaction,active_and_state_lat_and_long_zero_last_source_row_continuous_segment,P13,HV1,3,keep_right,P13_HV1_3,P13_HV1.1.asc,HV3,60,initiator_active,14808,1,246800.0,246800.0008,3.0,3.0,28.413368,102.288126,6.0,447.940724,-5448.621015,0.046809,-0.005363,0.0,28.414555,0.000473,0.0,5448.787618,-57.837511,6.277814,1.0,0.0,0.0,0.0,5475.034023,-54.675396,1021.0,6.0,474.644393,7.0,-0.117477,39.02669,140.496084,39.026451,-0.136537,-3e-05,0.231644,0.319566,0.000302,-0.011461,0.4755,0.0,0.0,1.0,0.0,0.0,-9999.0,-9999.0,-9999.0,-9999.0,-9999.0,-9999.0,-9999.0,-9999.0,-9999.0,-9999.0,-9999.0,-9999.0,-9999.0,-9999.0
P13_HV1_3_interaction,active_and_state_lat_and_long_zero_last_source_row_continuous_segment,P13,HV1,3,keep_right,P13_HV1_3,P13_HV1.1.asc,HV3,60,initiator_active,14809,1,246816.67,246816.6675,3.0,3.0,28.414155,102.290959,6.0,448.41429,-5449.094574,0.047725,-0.005406,0.0,28.415315,0.000486,0.0,5449.26119,-57.840048,6.277811,1.0,0.0,0.0,0.0,5475.684422,-54.681025,1021.0,6.0,475.294812,7.0,-0.119822,39.03053,140.509909,39.03029,-0.137009,-2.5e-05,0.231452,0.321205,0.000299,-0.011461,0.4755,0.0,0.0,1.0,0.0,0.0,-9999.0,-9999.0,-9999.0,-9999.0,-9999.0,-9999.0,-9999.0,-9999.0,-9999.0,-9999.0,-9999.0,-9999.0,-9999.0,-9999.0
P13_HV1_3_interaction,active_and_state_lat_and_long_zero_last_source_row_continuous_segment,P13,HV1,3,keep_right,P13_HV1_3,P13_HV1.1.asc,HV3,60,initiator_active,14810,1,246833.33,246833.3338,3.0,3.0,28.414946,102.293804,6.0,448.887869,-5449.568147,0.032358,-0.005451,0.0,28.416137,0.000499,0.0,5449.734775,-57.842586,6.277807,1.0,0.0,0.0,0.0,5476.334886,-54.686564,1021.0,6.0,475.945295,7.0,-0.122075,39.034366,140.523718,39.034125,-0.137281,-2e-05,0.231218,0.322288,0.000297,-0.011461,0.4755,0.0,0.0,1.0,0.0,0.0,-9999.0,-9999.0,-9999.0,-9999.0,-9999.0,-9999.0,-9999.0,-9999.0,-9999.0,-9999.0,-9999.0,-9999.0,-9999.0,-9999.0
P13_HV1_3_interaction,active_and_state_lat_and_long_zero_last_source_row_continuous_segment,P13,HV1,3,keep_right,P13_HV1_3,P13_HV1.1.asc,HV3,60,initiator_active,14811,1,246850.0,246850.0003,3.0,3.0,28.415713,102.296567,6.0,449.361461,-5450.041732,0.063318,-0.004294,0.0,28.41674,0.000524,0.0,5450.208373,-57.845126,6.277804,1.0,0.0,0.0,0.0,5476.985414,-54.692011,1021.0,6.0,476.595842,7.0,-0.124237,39.038201,140.537523,39.037959,-0.13737,-1.5e-05,0.231231,0.322855,0.000292,-0.011461,0.4755,0.0,0.0,1.0,0.0,0.0,-9999.0,-9999.0,-9999.0,-9999.0,-9999.0,-9999.0,-9999.0,-9999.0,-9999.0,-9999.0,-9999.0,-9999.0,-9999.0,-9999.0
P13_HV1_3_interaction,active_and_state_lat_and_long_zero_last_source_row_continuous_segment,P13,HV1,3,keep_right,P13_HV1_3,P13_HV1.1.asc,HV3,60,initiator_active,14812,1,246866.67,246866.6676,3.0,3.0,28.416407,102.299065,6.0,449.835066,-5450.51533,0.059861,-0.003642,0.0,28.417881,0.000561,0.0,5450.681983,-57.847668,6.2778,1.0,0.0,0.0,0.0,5477.636007,-54.697367,1021.0,6.0,477.246454,7.0,-0.126307,39.042035,140.551327,39.041794,-0.13729,-1e-05,0.231242,0.322948,0.000287,-0.011461,0.4755,0.0,0.0,1.0,0.0,0.0,-9999.0,-9999.0,-9999.0,-9999.0,-9999.0,-9999.0,-9999.0,-9999.0,-9999.0,-9999.0,-9999.0,-9999.0,-9999.0,-9999.0
P13_HV1_3_interaction,active_and_state_lat_and_long_zero_last_source_row_continuous_segment,P13,HV1,3,keep_right,P13_HV1_3,P13_HV1.1.asc,HV3,60,initiator_active,14813,1,246883.33,246883.3335,3.0,3.0,28.417268,102.302164,6.0,450.308682,-5450.98894,0.043304,-0.002718,0.0,28.418769,0.000582,0.0,5451.155611,-57.85021,6.277797,1.0,0.0,0.0,0.0,5478.286664,-54.702631,1021.0,6.0,477.897129,7.0,-0.128286,39.045871,140.565136,39.045631,-0.137056,-5e-06,0.231261,0.322606,0.000282,-0.011618,0.4755,0.0,0.0,1.0,0.0,0.0,-9999.0,-9999.0,-9999.0,-9999.0,-9999.0,-9999.0,-9999.0,-9999.0,-9999.0,-9999.0,-9999.0,-9999.0,-9999.0,-9999.0
P13_HV1_3_interaction,active_and_state_lat_and_long_zero_last_source_row_continuous_segment,P13,HV1,3,keep_right,P13_HV1_3,P13_HV1.1.asc,HV3,60,initiator_active,14814,1,246900.0,246900.0,3.0,3.0,28.41838,102.306168,6.0,450.782318,-5451.462569,0.057936,-0.002075,0.0,28.41952,0.000608,0.0,5451.629254,-57.852753,6.277794,1.0,0.0,0.0,0.0,5478.937386,-54.707804,1021.0,6.0,478.547869,7.0,-0.130173,39.049704,140.578935,39.049465,-0.136684,-1e-06,0.231025,0.321866,0.000275,-0.011775,0.4755,0.0,0.0,1.0,0.0,0.0,-9999.0,-9999.0,-9999.0,-9999.0,-9999.0,-9999.0,-9999.0,-9999.0,-9999.0,-9999.0,-9999.0,-9999.0,-9999.0,-9999.0
P13_HV1_3_interaction,active_and_state_lat_and_long_zero_last_source_row_continuous_segment,P13,HV1,3,keep_right,P13_HV1_3,P13_HV1.1.asc,HV3,60,initiator_active,14815,1,246916.67,246916.6677,3.0,3.0,28.41913,102.308868,6.0,451.255967,-5451.936212,0.062747,-0.003236,0.0,28.420546,0.000632,0.0,5452.102909,-57.855297,6.277792,1.0,0.0,0.0,0.0,5479.588173,-54.712886,1021.0,6.0,479.198674,7.0,-0.131968,39.053534,140.592721,39.053296,-0.136185,4e-06,0.230787,0.320768,0.000266,-0.012246,0.4755,0.0,0.0,1.0,0.0,0.0,-9999.0,-9999.0,-9999.0,-9999.0,-9999.0,-9999.0,-9999.0,-9999.0,-9999.0,-9999.0,-9999.0,-9999.0,-9999.0,-9999.0
P13_HV1_3_interaction,active_and_state_lat_and_long_zero_last_source_row_continuous_segment,P13,HV1,3,keep_right,P13_HV1_3,P13_HV1.1.asc,HV3,60,initiator_active,14816,1,246933.33,246933.3343,3.0,3.0,28.420003,102.312009,6.0,451.72963,-5452.409868,0.04811,-0.002453,0.0,28.421499,0.000642,0.0,5452.576583,-57.857842,6.27779,1.0,0.0,0.0,0.0,5480.239024,-54.717878,1021.0,6.0,479.849542,7.0,-0.133673,39.057358,140.60649,39.057123,-0.135572,8e-06,0.230539,0.319588,0.000255,-0.012403,0.4755,0.0,0.0,1.0,0.0,0.0,-9999.0,-9999.0,-9999.0,-9999.0,-9999.0,-9999.0,-9999.0,-9999.0,-9999.0,-9999.0,-9999.0,-9999.0,-9999.0,-9999.0
P13_HV1_3_interaction,active_and_state_lat_and_long_zero_last_source_row_continuous_segment,P13,HV1,3,keep_right,P13_HV1_3,P13_HV1.1.asc,HV3,60,initiator_active,14817,1,246950.0,246950.0007,3.0,3.0,28.421069,102.315847,6.0,452.20331,-5452.883542,0.047173,-0.001746,0.0,28.422282,0.000651,0.0,5453.050271,-57.860387,6.27779,1.0,0.0,0.0,0.0,5480.88994,-54.722779,1021.0,6.0,480.500474,7.0,-0.135287,39.061182,140.620256,39.06095,-0.134851,1.2e-05,0.230546,0.318645,0.000242,-0.012717,0.4755,0.0,0.0,1.0,0.0,0.0,-9999.0,-9999.0,-9999.0,-9999.0,-9999.0,-9999.0,-9999.0,-9999.0,-9999.0,-9999.0,-9999.0,-9999.0,-9999.0,-9999.0
P13_HV1_3_interaction,active_and_state_lat_and_long_zero_last_source_row_continuous_segment,P13,HV1,3,keep_right,P13_HV1_3,P13_HV1.1.asc,HV3,60,initiator_active,14818,1,246966.67,246966.6676,3.0,3.0,28.4219,102.318841,6.0,452.677005,-5453.35723,0.04311,-0.002299,0.0,28.423091,0.00064,0.0,5453.523972,-57.862932,6.27779,1.0,0.0,0.0,0.0,5481.54092,-54.72759,1021.0,6.0,481.15147,7.0,-0.136811,39.065006,140.634021,39.064776,-0.134049,1.6e-05,0.23048,0.316667,0.000226,-0.012717,0.4755,0.0,0.0,1.0,0.0,0.0,-9999.0,-9999.0,-9999.0,-9999.0,-9999.0,-9999.0,-9999.0,-9999.0,-9999.0,-9999.0,-9999.0,-9999.0,-9999.0,-9999.0
P13_HV1_3_interaction,active_and_state_lat_and_long_zero_last_source_row_continuous_segment,P13,HV1,3,keep_right,P13_HV1_3,P13_HV1.1.asc,HV3,60,initiator_active,14819,1,246983.33,246983.3337,3.0,3.0,28.422675,102.321629,6.0,453.150713,-5453.830932,0.038245,-0.002341,0.0,28.423824,0.00061,0.0,5453.997686,-57.865477,6.27779,1.0,0.0,0.0,0.0,5482.191964,-54.732312,1021.0,6.0,481.80253,7.0,-0.138245,39.068828,140.647781,39.068601,-0.133178,2e-05,0.23039,0.314485,0.000207,-0.012717,0.476,0.0,0.0,1.0,0.0,0.0,-9999.0,-9999.0,-9999.0,-9999.0,-9999.0,-9999.0,-9999.0,-9999.0,-9999.0,-9999.0,-9999.0,-9999.0,-9999.0,-9999.0
P13_HV1_3_interaction,active_and_state_lat_and_long_zero_last_source_row_continuous_segment,P13,HV1,3,keep_right,P13_HV1_3,P13_HV1.1.asc,HV3,60,initiator_active,14820,1,247000.0,247000.0007,3.0,3.0,28.42345,102.324422,6.0,453.624434,-5454.304646,0.050389,-0.002115,0.0,28.424459,0.00057,0.0,5454.471413,-57.868023,6.27779,1.0,0.0,0.0,0.0,5482.843073,-54.736946,1021.0,6.0,482.453654,7.0,-0.13959,39.072649,140.661536,39.072425,-0.132249,2.3e-05,0.23028,0.312126,0.000188,-0.012717,0.47575,0.0,0.0,1.0,0.0,0.0,-9999.0,-9999.0,-9999.0,-9999.0,-9999.0,-9999.0,-9999.0,-9999.0,-9999.0,-9999.0,-9999.0,-9999.0,-9999.0,-9999.0
P13_HV1_3_interaction,active_and_state_lat_and_long_zero_last_source_row_continuous_segment,P13,HV1,3,keep_right,P13_HV1_3,P13_HV1.1.asc,HV3,60,initiator_active,14821,1,247016.67,247016.6675,3.0,3.0,28.424142,102.326912,6.0,454.098167,-5454.778373,0.051985,-0.00181,0.0,28.425363,0.000526,0.0,5454.94515,-57.870569,6.27779,1.0,0.0,0.0,0.0,5483.494246,-54.741491,1021.0,6.0,483.104841,7.0,-0.140847,39.076468,140.675286,39.076248,-0.131272,2.6e-05,0.230164,0.30962,0.000168,-0.012717,0.4755,0.0,0.0,1.0,0.0,0.0,-9999.0,-9999.0,-9999.0,-9999.0,-9999.0,-9999.0,-9999.0,-9999.0,-9999.0,-9999.0,-9999.0,-9999.0,-9999.0,-9999.0
P13_HV1_3_interaction,active_and_state_lat_and_long_zero_last_source_row_continuous_segment,P13,HV1,3,keep_right,P13_HV1_3,P13_HV1.1.asc,HV3,60,initiator_active,14822,1,247033.33,247033.3342,3.0,3.0,28.424879,102.329564,6.0,454.571911,-5455.252111,0.050895,-0.001501,0.0,28.426208,0.00048,0.0,5455.418903,-57.873116,6.27779,1.0,0.0,0.0,0.0,5484.145483,-54.74595,1021.0,6.0,483.756093,7.0,-0.142017,39.080286,140.689029,39.080069,-0.130256,2.8e-05,0.230041,0.30699,0.000148,-0.012717,0.4755,0.0,0.0,1.0,0.0,0.0,-9999.0,-9999.0,-9999.0,-9999.0,-9999.0,-9999.0,-9999.0,-9999.0,-9999.0,-9999.0,-9999.0,-9999.0,-9999.0,-9999.0
P13_HV1_3_interaction,active_and_state_lat_and_long_zero_last_source_row_continuous_segment,P13,HV1,3,keep_right,P13_HV1_3,P13_HV1.1.asc,HV3,60,initiator_active,14823,1,247050.01,247050.0142,3.0,3.0,28.425796,102.332866,6.0,455.045671,-5455.725864,0.05133,-0.001211,0.0,28.42706,0.000431,0.0,5455.89267,-57.875665,6.27779,1.0,0.0,0.0,0.0,5484.796785,-54.750322,1021.0,6.0,484.407408,7.0,-0.1431,39.084102,140.702766,39.083888,-0.12921,3.1e-05,0.229929,0.304262,0.000128,-0.01256,0.4755,0.0,0.0,1.0,0.0,0.0,-9999.0,-9999.0,-9999.0,-9999.0,-9999.0,-9999.0,-9999.0,-9999.0,-9999.0,-9999.0,-9999.0,-9999.0,-9999.0,-9999.0
P13_HV1_3_interaction,active_and_state_lat_and_long_zero_last_source_row_continuous_segment,P13,HV1,3,keep_right,P13_HV1_3,P13_HV1.1.asc,HV3,60,initiator_active,14824,1,247066.67,247066.6676,3.0,3.0,28.426632,102.335877,6.0,455.519445,-5456.199631,0.051244,-0.000941,0.0,28.427915,0.000382,0.0,5456.366451,-57.878214,6.27779,1.0,0.0,0.0,0.0,5485.448151,-54.754608,1021.0,6.0,485.058787,7.0,-0.144097,39.087916,140.716498,39.087706,-0.128142,3.3e-05,0.229821,0.301458,0.000108,-0.01256,0.4755,0.0,0.0,1.0,0.0,0.0,-9999.0,-9999.0,-9999.0,-9999.0,-9999.0,-9999.0,-9999.0,-9999.0,-9999.0,-9999.0,-9999.0,-9999.0,-9999.0,-9999.0
P13_HV1_3_interaction,active_and_state_lat_and_long_zero_last_source_row_continuous_segment,P13,HV1,3,keep_right,P13_HV1_3,P13_HV1.1.asc,HV3,60,initiator_active,14825,1,247083.33,247083.3337,3.0,3.0,28.427488,102.338955,6.0,455.993232,-5456.673413,0.045665,-0.000689,0.0,28.428672,0.000333,0.0,5456.840246,-57.880764,6.27779,1.0,0.0,0.0,0.0,5486.09958,-54.75881,1021.0,6.0,485.71023,7.0,-0.145009,39.091729,140.730224,39.091522,-0.127059,3.4e-05,0.22972,0.298598,8.8e-05,-0.012403,0.4755,0.0,0.0,1.0,0.0,0.0,-9999.0,-9999.0,-9999.0,-9999.0,-9999.0,-9999.0,-9999.0,-9999.0,-9999.0,-9999.0,-9999.0,-9999.0,-9999.0,-9999.0
P13_HV1_3_interaction,active_and_state_lat_and_long_zero_last_source_row_continuous_segment,P13,HV1,3,keep_right,P13_HV1_3,P13_HV1.1.asc,HV3,60,initiator_active,14826,1,247100.0,247100.0007,3.0,3.0,28.428342,102.342031,6.0,456.467034,-5457.147208,0.066033,-0.000451,0.0,28.429554,0.000284,0.0,5457.314054,-57.883315,6.27779,1.0,0.0,0.0,0.0,5486.751074,-54.762928,1021.0,6.0,486.361736,7.0,-0.145836,39.09554,140.743945,39.095337,-0.12597,3.5e-05,0.229608,0.295703,6.8e-05,-0.011932,0.4755,0.0,0.0,1.0,0.0,0.0,-9999.0,-9999.0,-9999.0,-9999.0,-9999.0,-9999.0,-9999.0,-9999.0,-9999.0,-9999.0,-9999.0,-9999.0,-9999.0,-9999.0
P13_HV1_3_interaction,active_and_state_lat_and_long_zero_last_source_row_continuous_segment,P13,HV1,3,keep_right,P13_HV1_3,P13_HV1.1.asc,HV3,60,initiator_active,14827,1,247116.67,247116.6667,3.0,3.0,28.429053,102.34459,6.0,456.940849,-5457.621016,0.049358,-0.000229,0.0,28.430566,0.000236,0.0,5457.787877,-57.885866,6.27779,1.0,0.0,0.0,0.0,5487.402632,-54.766963,1021.0,6.0,487.013306,7.0,-0.146581,39.09935,140.757661,39.099151,-0.124883,3.6e-05,0.229493,0.292549,4.8e-05,-0.011618,0.4755,0.0,0.0,1.0,0.0,0.0,-9999.0,-9999.0,-9999.0,-9999.0,-9999.0,-9999.0,-9999.0,-9999.0,-9999.0,-9999.0,-9999.0,-9999.0,-9999.0,-9999.0
P13_HV1_3_interaction,active_and_state_lat_and_long_zero_last_source_row_continuous_segment,P13,HV1,3,keep_right,P13_HV1_3,P13_HV1.1.asc,HV3,60,initiator_active,14828,1,247133.33,247133.3343,3.0,3.0,28.430105,102.348377,6.0,457.414679,-5458.09484,0.051904,-0.001216,0.0,28.43133,0.000176,0.0,5458.261716,-57.888419,6.27779,1.0,0.0,0.0,0.0,5488.054254,-54.770915,1021.0,6.0,487.66494,7.0,-0.147243,39.103159,140.771373,39.102963,-0.123809,3.7e-05,0.229537,0.288871,2.2e-05,-0.011304,0.4755,0.0,0.0,1.0,0.0,0.0,-9999.0,-9999.0,-9999.0,-9999.0,-9999.0,-9999.0,-9999.0,-9999.0,-9999.0,-9999.0,-9999.0,-9999.0,-9999.0,-9999.0
P13_HV1_3_interaction,active_and_state_lat_and_long_zero_last_source_row_continuous_segment,P13,HV1,3,keep_right,P13_HV1_3,P13_HV1.1.asc,HV3,60,initiator_active,14829,1,247150.01,247150.0056,3.0,3.0,28.430977,102.351517,6.0,457.888525,-5458.56868,0.058419,-0.000516,0.0,28.43229,0.000119,0.0,5458.735569,-57.890973,6.27779,1.0,0.0,0.0,0.0,5488.70594,-54.774787,1021.0,6.0,488.316637,7.0,-0.147824,39.106973,140.785101,39.10678,-0.122759,3.7e-05,0.229743,0.284445,-7e-06,-0.010676,0.4755,0.0,0.0,1.0,0.0,0.0,-9999.0,-9999.0,-9999.0,-9999.0,-9999.0,-9999.0,-9999.0,-9999.0,-9999.0,-9999.0,-9999.0,-9999.0,-9999.0,-9999.0
P13_HV1_3_interaction,active_and_state_lat_and_long_zero_last_source_row_continuous_segment,P13,HV1,3,keep_right,P13_HV1_3,P13_HV1.1.asc,HV3,60,initiator_active,14830,1,247166.67,247166.6677,3.0,3.0,28.431762,102.354344,6.0,458.362384,-5459.042533,0.046671,-0.000108,0.0,28.433213,7.7e-05,0.0,5459.209437,-57.893528,6.27779,1.0,0.0,0.0,0.0,5489.35769,-54.778579,1021.0,6.0,488.968398,7.0,-0.148325,39.110785,140.798825,39.110595,-0.121728,3.6e-05,0.229501,0.280055,-4.4e-05,-0.010048,0.4755,0.0,0.0,1.0,0.0,0.0,-9999.0,-9999.0,-9999.0,-9999.0,-9999.0,-9999.0,-9999.0,-9999.0,-9999.0,-9999.0,-9999.0,-9999.0,-9999.0,-9999.0
P13_HV1_3_interaction,active_and_state_lat_and_long_zero_last_source_row_continuous_segment,P13,HV1,3,keep_right,P13_HV1_3,P13_HV1.1.asc,HV3,60,initiator_active,14831,1,247183.33,247183.3338,3.0,3.0,28.432777,102.357998,6.0,458.83626,-5459.516402,0.042674,-0.001108,0.0,28.433962,2.9e-05,0.0,5459.683321,-57.896083,6.27779,1.0,0.0,0.0,0.0,5490.009504,-54.782293,1021.0,6.0,489.620222,7.0,-0.148746,39.114592,140.812531,39.114406,-0.120712,3.5e-05,0.229172,0.275686,-8.3e-05,-0.00942,0.4755,0.0,0.0,1.0,0.0,0.0,-9999.0,-9999.0,-9999.0,-9999.0,-9999.0,-9999.0,-9999.0,-9999.0,-9999.0,-9999.0,-9999.0,-9999.0,-9999.0,-9999.0
P13_HV1_3_interaction,active_and_state_lat_and_long_zero_last_source_row_continuous_segment,P13,HV1,3,keep_right,P13_HV1_3,P13_HV1.1.asc,HV3,60,initiator_active,14832,1,247200.0,247200.003,3.0,3.0,28.433602,102.360966,6.0,459.31015,-5459.990285,0.03937,-0.000498,0.0,28.434675,-1.2e-05,0.0,5460.157216,-57.898639,6.27779,1.0,0.0,0.0,0.0,5490.661382,-54.785928,1021.0,6.0,490.27211,7.0,-0.14909,39.1183,140.825881,39.118117,-0.119686,3.4e-05,0.212453,0.272868,-6.5e-05,-0.00942,0.4755,0.002198,0.0,1.0,0.0,0.0,-9999.0,-9999.0,-9999.0,-9999.0,-9999.0,-9999.0,-9999.0,-9999.0,-9999.0,-9999.0,-9999.0,-9999.0,-9999.0,-9999.0
P13_HV1_3_interaction,active_and_state_lat_and_long_zero_last_source_row_continuous_segment,P13,HV1,3,keep_right,P13_HV1_3,P13_HV1.1.asc,HV3,60,initiator_active,14833,1,247216.67,247216.6738,3.0,3.0,28.434317,102.363543,6.0,459.784052,-5460.464181,0.046251,-0.0002,0.0,28.435372,-3.8e-05,0.0,5460.631123,-57.901197,6.27779,1.0,0.0,0.0,0.0,5491.313321,-54.789487,1021.0,6.0,490.924059,7.0,-0.149356,39.121853,140.838672,39.121673,-0.118656,3.2e-05,0.223882,0.270036,-0.000185,-0.00942,0.4755,0.0,0.0,1.0,0.0,0.0,-9999.0,-9999.0,-9999.0,-9999.0,-9999.0,-9999.0,-9999.0,-9999.0,-9999.0,-9999.0,-9999.0,-9999.0,-9999.0,-9999.0
P13_HV1_3_interaction,active_and_state_lat_and_long_zero_last_source_row_continuous_segment,P13,HV1,3,keep_right,P13_HV1_3,P13_HV1.1.asc,HV3,60,initiator_active,14834,1,247233.33,247233.3342,3.0,3.0,28.435003,102.366011,6.0,460.257966,-5460.938089,0.051117,-0.000112,0.0,28.436161,-5.5e-05,0.0,5461.105042,-57.903754,6.27779,1.0,0.0,0.0,0.0,5491.965322,-54.79297,1021.0,6.0,491.576069,7.0,-0.149547,39.125633,140.852277,39.125456,-0.117626,2.9e-05,0.228327,0.267192,-0.000218,-0.009734,0.4755,0.0,0.0,1.0,0.0,0.0,-9999.0,-9999.0,-9999.0,-9999.0,-9999.0,-9999.0,-9999.0,-9999.0,-9999.0,-9999.0,-9999.0,-9999.0,-9999.0,-9999.0
P13_HV1_3_interaction,active_and_state_lat_and_long_zero_last_source_row_continuous_segment,P13,HV1,3,keep_right,P13_HV1_3,P13_HV1.1.asc,HV3,60,initiator_active,14835,1,247250.0,247250.001,3.0,3.0,28.435757,102.368726,6.0,460.731892,-5461.412008,0.051593,-0.00011,0.0,28.437018,-6.7e-05,0.0,5461.578975,-57.906312,6.27779,1.0,0.0,0.0,0.0,5492.617385,-54.796378,1021.0,6.0,492.228141,7.0,-0.149662,39.129427,140.865938,39.129253,-0.116603,2.4e-05,0.228515,0.264358,-0.000291,-0.009734,0.4755,0.0,0.0,1.0,0.0,0.0,-9999.0,-9999.0,-9999.0,-9999.0,-9999.0,-9999.0,-9999.0,-9999.0,-9999.0,-9999.0,-9999.0,-9999.0,-9999.0,-9999.0
P13_HV1_3_interaction,active_and_state_lat_and_long_zero_last_source_row_continuous_segment,P13,HV1,3,keep_right,P13_HV1_3,P13_HV1.1.asc,HV3,60,initiator_active,14836,1,247266.67,247266.667,3.0,3.0,28.436587,102.371713,6.0,461.205832,-5461.885942,0.05513,-0.000135,0.0,28.437876,-7.4e-05,0.0,5462.052922,-57.90887,6.27779,1.0,0.0,0.0,0.0,5493.269511,-54.799712,1021.0,6.0,492.880276,7.0,-0.149702,39.133222,140.879601,39.133052,-0.115592,1.9e-05,0.228479,0.261554,-0.000312,-0.009734,0.4755,0.0,0.0,1.0,0.0,0.0,-9999.0,-9999.0,-9999.0,-9999.0,-9999.0,-9999.0,-9999.0,-9999.0,-9999.0,-9999.0,-9999.0,-9999.0,-9999.0,-9999.0
P13_HV1_3_interaction,active_and_state_lat_and_long_zero_last_source_row_continuous_segment,P13,HV1,3,keep_right,P13_HV1_3,P13_HV1.1.asc,HV3,60,initiator_active,14837,1,247283.33,247283.3342,3.0,3.0,28.437447,102.374811,6.0,461.679786,-5462.359889,0.037718,-0.000169,0.0,28.438723,-7.8e-05,0.0,5462.526883,-57.911428,6.27779,1.0,0.0,0.0,0.0,5493.921702,-54.802973,1021.0,6.0,493.532475,7.0,-0.149669,39.137017,140.89326,39.136849,-0.114599,1.4e-05,0.228389,0.258792,-0.000303,-0.009734,0.4755,0.0,0.0,1.0,0.0,0.0,-9999.0,-9999.0,-9999.0,-9999.0,-9999.0,-9999.0,-9999.0,-9999.0,-9999.0,-9999.0,-9999.0,-9999.0,-9999.0,-9999.0
P13_HV1_3_interaction,active_and_state_lat_and_long_zero_last_source_row_continuous_segment,P13,HV1,3,keep_right,P13_HV1_3,P13_HV1.1.asc,HV3,60,initiator_active,14838,1,247300.0,247300.0008,3.0,3.0,28.438335,102.378007,6.0,462.153754,-5462.833851,0.05438,-0.000207,0.0,28.439368,-7.8e-05,0.0,5463.000858,-57.913987,6.27779,1.0,0.0,0.0,0.0,5494.573956,-54.806161,1021.0,6.0,494.184736,7.0,-0.149564,39.140809,140.906914,39.140644,-0.113626,9e-06,0.228266,0.256084,-0.00028,-0.009734,0.4755,0.0,0.0,1.0,0.0,0.0,-9999.0,-9999.0,-9999.0,-9999.0,-9999.0,-9999.0,-9999.0,-9999.0,-9999.0,-9999.0,-9999.0,-9999.0,-9999.0,-9999.0
P13_HV1_3_interaction,active_and_state_lat_and_long_zero_last_source_row_continuous_segment,P13,HV1,3,keep_right,P13_HV1_3,P13_HV1.1.asc,HV3,60,initiator_active,14839,1,247316.67,247316.6673,3.0,3.0,28.439038,102.380536,6.0,462.627735,-5463.307826,0.056169,-0.000249,0.0,28.440329,-7.5e-05,0.0,5463.474844,-57.916545,6.27779,1.0,0.0,0.0,0.0,5495.226273,-54.809277,1021.0,6.0,494.837061,7.0,-0.149386,39.1446,140.920561,39.144438,-0.112678,5e-06,0.22815,0.25344,-0.000253,-0.00942,0.4755,0.0,0.0,1.0,0.0,0.0,-9999.0,-9999.0,-9999.0,-9999.0,-9999.0,-9999.0,-9999.0,-9999.0,-9999.0,-9999.0,-9999.0,-9999.0,-9999.0,-9999.0
P13_HV1_3_interaction,active_and_state_lat_and_long_zero_last_source_row_continuous_segment,P13,HV1,3,keep_right,P13_HV1_3,P13_HV1.1.asc,HV3,60,initiator_active,14840,1,247333.33,247333.3334,3.0,3.0,28.439821,102.383356,6.0,463.101729,-5463.781813,0.051048,-0.000295,0.0,28.441233,-7e-05,0.0,5463.948846,-57.919104,6.27779,1.0,0.0,0.0,0.0,5495.878654,-54.812323,1021.0,6.0,495.489449,7.0,-0.149137,39.14839,140.934202,39.14823,-0.111759,1e-06,0.228047,0.25087,-0.000228,-0.00942,0.4755,0.0,0.0,1.0,0.0,0.0,-9999.0,-9999.0,-9999.0,-9999.0,-9999.0,-9999.0,-9999.0,-9999.0,-9999.0,-9999.0,-9999.0,-9999.0,-9999.0,-9999.0
P13_HV1_3_interaction,active_and_state_lat_and_long_zero_last_source_row_continuous_segment,P13,HV1,3,keep_right,P13_HV1_3,P13_HV1.1.asc,HV3,60,initiator_active,14841,1,247350.0,247350.0001,3.0,3.0,28.440797,102.38687,6.0,463.575738,-5464.255816,0.027563,0.000852,0.0,28.442081,-4.8e-05,0.0,5464.422864,-57.921662,6.27779,1.0,0.0,0.0,0.0,5496.531098,-54.815299,1021.0,6.0,496.1419,7.0,-0.148818,39.152177,140.947839,39.15202,-0.110869,-3e-06,0.227945,0.24838,-0.000206,-0.00942,0.4755,0.0,0.0,1.0,0.0,0.0,-9999.0,-9999.0,-9999.0,-9999.0,-9999.0,-9999.0,-9999.0,-9999.0,-9999.0,-9999.0,-9999.0,-9999.0,-9999.0,-9999.0
P13_HV1_3_interaction,active_and_state_lat_and_long_zero_last_source_row_continuous_segment,P13,HV1,3,keep_right,P13_HV1_3,P13_HV1.1.asc,HV3,60,initiator_active,14842,1,247366.67,247366.6674,3.0,3.0,28.441658,102.389969,6.0,464.049762,-5464.729833,0.047189,0.000292,0.0,28.442578,-2.6e-05,0.0,5464.896893,-57.92422,6.27779,1.0,0.0,0.0,0.0,5497.183606,-54.818205,1021.0,6.0,496.794414,7.0,-0.148429,39.155964,140.96147,39.155809,-0.110018,-6e-06,0.227861,0.245592,-0.000187,-0.009263,0.4755,0.0,0.0,1.0,0.0,0.0,-9999.0,-9999.0,-9999.0,-9999.0,-9999.0,-9999.0,-9999.0,-9999.0,-9999.0,-9999.0,-9999.0,-9999.0,-9999.0,-9999.0
P13_HV1_3_interaction,active_and_state_lat_and_long_zero_last_source_row_continuous_segment,P13,HV1,3,keep_right,P13_HV1_3,P13_HV1.1.asc,HV3,60,initiator_active,14843,1,247383.33,247383.334,3.0,3.0,28.442311,102.392318,6.0,464.523799,-5465.203864,0.052295,6e-06,0.0,28.4434,-1.5e-05,0.0,5465.370933,-57.926778,6.27779,1.0,0.0,0.0,0.0,5497.836178,-54.821043,1021.0,6.0,497.446992,7.0,-0.147971,39.159749,140.975097,39.159597,-0.109205,-9e-06,0.227761,0.242903,-0.000172,-0.009106,0.4755,0.0,0.0,1.0,0.0,0.0,-9999.0,-9999.0,-9999.0,-9999.0,-9999.0,-9999.0,-9999.0,-9999.0,-9999.0,-9999.0,-9999.0,-9999.0,-9999.0,-9999.0
P13_HV1_3_interaction,active_and_state_lat_and_long_zero_last_source_row_continuous_segment,P13,HV1,3,keep_right,P13_HV1_3,P13_HV1.1.asc,HV3,60,initiator_active,14844,1,247400.1,247400.0955,3.0,3.0,28.442971,102.394695,6.0,464.997845,-5465.677903,0.047262,-8.6e-05,0.0,28.444302,-7e-06,0.0,5465.844986,-57.929336,6.27779,1.0,0.0,0.0,0.0,5498.488812,-54.823813,1021.0,6.0,498.099632,7.0,-0.147445,39.163533,140.988718,39.163383,-0.108433,-1.2e-05,0.227641,0.239924,-0.000159,-0.008792,0.47525,0.0,0.0,1.0,0.0,0.0,-9999.0,-9999.0,-9999.0,-9999.0,-9999.0,-9999.0,-9999.0,-9999.0,-9999.0,-9999.0,-9999.0,-9999.0,-9999.0,-9999.0
P13_HV1_3_interaction,active_and_state_lat_and_long_zero_last_source_row_continuous_segment,P13,HV1,3,keep_right,P13_HV1_3,P13_HV1.1.asc,HV3,60,initiator_active,14845,1,247416.67,247416.6668,3.0,3.0,28.443836,102.397808,6.0,465.471905,-5466.151957,0.036115,0.001095,0.0,28.445015,1.3e-05,0.0,5466.319054,-57.931894,6.27779,1.0,0.0,0.0,0.0,5499.14151,-54.826516,1021.0,6.0,498.752335,7.0,-0.146852,39.167314,141.002332,39.167166,-0.107704,-1.4e-05,0.227524,0.236658,-0.000147,-0.008321,0.4755,0.0,0.0,1.0,0.0,0.0,-9999.0,-9999.0,-9999.0,-9999.0,-9999.0,-9999.0,-9999.0,-9999.0,-9999.0,-9999.0,-9999.0,-9999.0,-9999.0,-9999.0
P13_HV1_3_interaction,active_and_state_lat_and_long_zero_last_source_row_continuous_segment,P13,HV1,3,keep_right,P13_HV1_3,P13_HV1.1.asc,HV3,60,initiator_active,14846,1,247433.33,247433.3344,3.0,3.0,28.444696,102.400907,6.0,465.94598,-5466.626026,0.036514,0.000593,0.0,28.445616,3e-05,0.0,5466.793133,-57.934451,6.27779,1.0,0.0,0.0,0.0,5499.794272,-54.829152,1021.0,6.0,499.405102,7.0,-0.146192,39.171095,141.01594,39.170948,-0.107013,-1.7e-05,0.227411,0.233489,-0.000136,-0.00785,0.4755,0.0,0.0,1.0,0.0,0.0,-9999.0,-9999.0,-9999.0,-9999.0,-9999.0,-9999.0,-9999.0,-9999.0,-9999.0,-9999.0,-9999.0,-9999.0,-9999.0,-9999.0
P13_HV1_3_interaction,active_and_state_lat_and_long_zero_last_source_row_continuous_segment,P13,HV1,3,keep_right,P13_HV1_3,P13_HV1.1.asc,HV3,60,initiator_active,14847,1,247450.0,247450.0013,3.0,3.0,28.445316,102.403137,6.0,466.420066,-5467.100105,0.051276,0.000368,0.0,28.446293,3.6e-05,0.0,5467.267223,-57.937008,6.27779,1.0,0.0,0.0,0.0,5500.447096,-54.831724,1021.0,6.0,500.057931,7.0,-0.145467,39.174873,141.029543,39.174729,-0.106366,-1.9e-05,0.227304,0.229239,-0.000127,-0.006908,0.4755,0.0,0.0,1.0,0.0,0.0,-9999.0,-9999.0,-9999.0,-9999.0,-9999.0,-9999.0,-9999.0,-9999.0,-9999.0,-9999.0,-9999.0,-9999.0,-9999.0,-9999.0
P13_HV1_3_interaction,active_and_state_lat_and_long_zero_last_source_row_continuous_segment,P13,HV1,3,keep_right,P13_HV1_3,P13_HV1.1.asc,HV3,60,initiator_active,14848,1,247466.67,247466.6676,3.0,3.0,28.445921,102.405315,6.0,466.894162,-5467.574195,0.052721,-0.00016,0.0,28.44716,5e-05,0.0,5467.741324,-57.939565,6.27779,1.0,0.0,0.0,0.0,5501.099984,-54.834231,1021.0,6.0,500.710823,7.0,-0.144677,39.17865,141.043141,39.178507,-0.105758,-2.1e-05,0.227199,0.224686,-0.000117,-0.005809,0.47575,0.0,0.0,1.0,0.0,0.0,-9999.0,-9999.0,-9999.0,-9999.0,-9999.0,-9999.0,-9999.0,-9999.0,-9999.0,-9999.0,-9999.0,-9999.0,-9999.0,-9999.0
P13_HV1_3_interaction,active_and_state_lat_and_long_zero_last_source_row_continuous_segment,P13,HV1,3,keep_right,P13_HV1_3,P13_HV1.1.asc,HV3,60,initiator_active,14849,1,247483.33,247483.3342,3.0,3.0,28.44672,102.408193,6.0,467.36827,-5468.048297,0.052063,0.000136,0.0,28.448036,3.8e-05,0.0,5468.21544,-57.942123,6.27779,1.0,0.0,0.0,0.0,5501.752935,-54.836675,1021.0,6.0,501.363778,7.0,-0.143824,39.182426,141.056733,39.182285,-0.105168,-2.3e-05,0.227093,0.220572,-0.00011,-0.004867,0.47525,0.0,0.0,1.0,0.0,0.0,-9999.0,-9999.0,-9999.0,-9999.0,-9999.0,-9999.0,-9999.0,-9999.0,-9999.0,-9999.0,-9999.0,-9999.0,-9999.0,-9999.0
P13_HV1_3_interaction,active_and_state_lat_and_long_zero_last_source_row_continuous_segment,P13,HV1,3,keep_right,P13_HV1_3,P13_HV1.1.asc,HV3,60,initiator_active,14850,1,247500.0,247500.0006,3.0,3.0,28.447599,102.411357,6.0,467.842393,-5468.522414,0.047783,0.000355,0.0,28.448901,2.9e-05,0.0,5468.689571,-57.94468,6.27779,1.0,0.0,0.0,0.0,5502.405949,-54.839057,1021.0,6.0,502.016796,7.0,-0.142908,39.1862,141.070319,39.18606,-0.104588,-2.4e-05,0.226987,0.216079,-0.000105,-0.003768,0.4755,0.0,0.0,1.0,0.0,0.0,-9999.0,-9999.0,-9999.0,-9999.0,-9999.0,-9999.0,-9999.0,-9999.0,-9999.0,-9999.0,-9999.0,-9999.0,-9999.0,-9999.0
P13_HV1_3_interaction,active_and_state_lat_and_long_zero_last_source_row_continuous_segment,P13,HV1,3,keep_right,P13_HV1_3,P13_HV1.1.asc,HV3,60,initiator_active,14851,1,247516.67,247516.6676,3.0,3.0,28.44847,102.414491,6.0,468.316531,-5468.996545,0.050818,-0.000704,0.0,28.449703,7e-06,0.0,5469.163716,-57.947238,6.27779,1.0,0.0,0.0,0.0,5503.059026,-54.841378,1021.0,6.0,502.669876,7.0,-0.141931,39.189972,141.0839,39.189834,-0.103992,-2.6e-05,0.226878,0.212728,-0.000102,-0.00314,0.47575,0.0,0.0,1.0,0.0,0.0,-9999.0,-9999.0,-9999.0,-9999.0,-9999.0,-9999.0,-9999.0,-9999.0,-9999.0,-9999.0,-9999.0,-9999.0,-9999.0,-9999.0
P13_HV1_3_interaction,active_and_state_lat_and_long_zero_last_source_row_continuous_segment,P13,HV1,3,keep_right,P13_HV1_3,P13_HV1.1.asc,HV3,60,initiator_active,14852,1,247533.33,247533.3337,3.0,3.0,28.4493,102.417479,6.0,468.790683,-5469.47069,0.058501,-0.000118,0.0,28.450587,-1.2e-05,0.0,5469.637874,-57.949796,6.27779,1.0,0.0,0.0,0.0,5503.712166,-54.843638,1021.0,6.0,503.32302,7.0,-0.140892,39.193743,141.097475,39.193607,-0.103365,-2.8e-05,0.226767,0.210082,-0.000101,-0.002826,0.47575,0.0,0.0,1.0,0.0,0.0,-9999.0,-9999.0,-9999.0,-9999.0,-9999.0,-9999.0,-9999.0,-9999.0,-9999.0,-9999.0,-9999.0,-9999.0,-9999.0,-9999.0
P13_HV1_3_interaction,active_and_state_lat_and_long_zero_last_source_row_continuous_segment,P13,HV1,3,keep_right,P13_HV1_3,P13_HV1.1.asc,HV3,60,initiator_active,14853,1,247550.0,247550.0002,3.0,3.0,28.450126,102.420455,6.0,469.264848,-5469.944849,0.054196,0.000166,0.0,28.451599,-2.1e-05,0.0,5470.112047,-57.952354,6.27779,1.0,0.0,0.0,0.0,5504.36537,-54.845839,1021.0,6.0,503.976226,7.0,-0.139794,39.197512,141.111042,39.197377,-0.102697,-2.9e-05,0.226578,0.208122,-0.000101,-0.002826,0.47575,0.0,0.0,1.0,0.0,0.0,-9999.0,-9999.0,-9999.0,-9999.0,-9999.0,-9999.0,-9999.0,-9999.0,-9999.0,-9999.0,-9999.0,-9999.0,-9999.0,-9999.0
P13_HV1_3_interaction,active_and_state_lat_and_long_zero_last_source_row_continuous_segment,P13,HV1,3,keep_right,P13_HV1_3,P13_HV1.1.asc,HV3,60,initiator_active,14854,1,247566.67,247566.6673,3.0,3.0,28.451075,102.423869,6.0,469.739028,-5470.419023,0.039697,-0.000953,0.0,28.452394,-3.9e-05,0.0,5470.586238,-57.954913,6.27779,1.0,0.0,0.0,0.0,5505.018636,-54.84798,1021.0,6.0,504.629495,7.0,-0.138637,39.201276,141.124593,39.201143,-0.101995,-3.1e-05,0.226349,0.206072,-9.8e-05,-0.002826,0.4755,0.0,0.0,1.0,0.0,0.0,-9999.0,-9999.0,-9999.0,-9999.0,-9999.0,-9999.0,-9999.0,-9999.0,-9999.0,-9999.0,-9999.0,-9999.0,-9999.0,-9999.0
P13_HV1_3_interaction,active_and_state_lat_and_long_zero_last_source_row_continuous_segment,P13,HV1,3,keep_right,P13_HV1_3,P13_HV1.1.asc,HV3,60,initiator_active,14855,1,247583.33,247583.3336,3.0,3.0,28.45205,102.427382,6.0,470.213225,-5470.893214,0.050062,-0.000449,0.0,28.453107,-5.4e-05,0.0,5471.06044,-57.957472,6.27779,1.0,0.0,0.0,0.0,5505.671966,-54.850064,1021.0,6.0,505.282826,7.0,-0.137422,39.20504,141.138143,39.204909,-0.101268,-3.3e-05,0.226365,0.203955,-9.1e-05,-0.002826,0.4755,0.0,0.0,1.0,0.0,0.0,-9999.0,-9999.0,-9999.0,-9999.0,-9999.0,-9999.0,-9999.0,-9999.0,-9999.0,-9999.0,-9999.0,-9999.0,-9999.0,-9999.0
P13_HV1_3_interaction,active_and_state_lat_and_long_zero_last_source_row_continuous_segment,P13,HV1,3,keep_right,P13_HV1_3,P13_HV1.1.asc,HV3,60,initiator_active,14856,1,247600.0,247600.0005,3.0,3.0,28.452725,102.429809,6.0,470.687435,-5471.367417,0.04737,0.000957,0.0,28.45395,-4.4e-05,0.0,5471.534655,-57.960031,6.27779,1.0,0.0,0.0,0.0,5506.325358,-54.85209,1021.0,6.0,505.93622,7.0,-0.136148,39.208803,141.151691,39.208674,-0.100521,-3.4e-05,0.226301,0.201791,-7.9e-05,-0.002826,0.4755,0.0,0.0,1.0,0.0,0.0,-9999.0,-9999.0,-9999.0,-9999.0,-9999.0,-9999.0,-9999.0,-9999.0,-9999.0,-9999.0,-9999.0,-9999.0,-9999.0,-9999.0
P13_HV1_3_interaction,active_and_state_lat_and_long_zero_last_source_row_continuous_segment,P13,HV1,3,keep_right,P13_HV1_3,P13_HV1.1.asc,HV3,60,initiator_active,14857,1,247616.67,247616.6667,3.0,3.0,28.453524,102.432688,6.0,471.161656,-5471.841632,0.050337,0.000465,0.0,28.454745,-2.9e-05,0.0,5472.008884,-57.96259,6.27779,1.0,0.0,0.0,0.0,5506.978813,-54.854059,1021.0,6.0,506.589677,7.0,-0.134817,39.212566,141.165236,39.212439,-0.099761,-3.5e-05,0.226282,0.199599,-6.4e-05,-0.002826,0.4755,0.0,0.0,1.0,0.0,0.0,-9999.0,-9999.0,-9999.0,-9999.0,-9999.0,-9999.0,-9999.0,-9999.0,-9999.0,-9999.0,-9999.0,-9999.0,-9999.0,-9999.0
P13_HV1_3_interaction,active_and_state_lat_and_long_zero_last_source_row_continuous_segment,P13,HV1,3,keep_right,P13_HV1_3,P13_HV1.1.asc,HV3,60,initiator_active,14858,1,247633.33,247633.3337,3.0,3.0,28.454345,102.435643,6.0,471.635892,-5472.315861,0.057927,0.000178,0.0,28.455621,-2.4e-05,0.0,5472.483126,-57.965149,6.27779,1.0,0.0,0.0,0.0,5507.632331,-54.855972,1021.0,6.0,507.243196,7.0,-0.133429,39.216329,141.178784,39.216204,-0.098994,-3.6e-05,0.226216,0.197393,-4.6e-05,-0.002826,0.4755,0.0,0.0,1.0,0.0,0.0,-9999.0,-9999.0,-9999.0,-9999.0,-9999.0,-9999.0,-9999.0,-9999.0,-9999.0,-9999.0,-9999.0,-9999.0,-9999.0,-9999.0
P13_HV1_3_interaction,active_and_state_lat_and_long_zero_last_source_row_continuous_segment,P13,HV1,3,keep_right,P13_HV1_3,P13_HV1.1.asc,HV3,60,initiator_active,14859,1,247650.0,247650.0008,3.0,3.0,28.455164,102.438592,6.0,472.110141,-5472.790104,0.04882,-0.00162,0.0,28.456494,-2.2e-05,0.0,5472.957384,-57.967708,6.27779,1.0,0.0,0.0,0.0,5508.285912,-54.857829,1021.0,6.0,507.896778,7.0,-0.131986,39.219992,141.19197,39.219869,-0.098226,-3.6e-05,0.20935,0.195186,3.3e-05,-0.002826,0.4755,0.002198,0.0,1.0,0.0,0.0,-9999.0,-9999.0,-9999.0,-9999.0,-9999.0,-9999.0,-9999.0,-9999.0,-9999.0,-9999.0,-9999.0,-9999.0,-9999.0,-9999.0
P13_HV1_3_interaction,active_and_state_lat_and_long_zero_last_source_row_continuous_segment,P13,HV1,3,keep_right,P13_HV1_3,P13_HV1.1.asc,HV3,60,initiator_active,14860,1,247666.67,247666.6667,3.0,3.0,28.456104,102.441973,6.0,472.584406,-5473.264362,0.054026,-0.000885,0.0,28.457368,-4.3e-05,0.0,5473.431655,-57.970268,6.27779,1.0,0.0,0.0,0.0,5508.939553,-54.859631,1021.0,6.0,508.550421,7.0,-0.130487,39.2235,141.204599,39.223379,-0.09746,-3.6e-05,0.220924,0.192999,-2.9e-05,-0.002826,0.4755,0.0,0.0,1.0,0.0,0.0,-9999.0,-9999.0,-9999.0,-9999.0,-9999.0,-9999.0,-9999.0,-9999.0,-9999.0,-9999.0,-9999.0,-9999.0,-9999.0,-9999.0
P13_HV1_3_interaction,active_and_state_lat_and_long_zero_last_source_row_continuous_segment,P13,HV1,3,keep_right,P13_HV1_3,P13_HV1.1.asc,HV3,60,initiator_active,14861,1,247683.33,247683.3345,3.0,3.0,28.456901,102.444843,6.0,473.058684,-5473.738634,0.050201,-0.000496,0.0,28.458244,-4.8e-05,0.0,5473.905941,-57.972827,6.27779,1.0,0.0,0.0,0.0,5509.593255,-54.861379,1021.0,6.0,509.204123,7.0,-0.128934,39.227238,141.218058,39.227119,-0.096701,-3.6e-05,0.225619,0.190831,-1.1e-05,-0.002826,0.4755,0.0,0.0,1.0,0.0,0.0,-9999.0,-9999.0,-9999.0,-9999.0,-9999.0,-9999.0,-9999.0,-9999.0,-9999.0,-9999.0,-9999.0,-9999.0,-9999.0,-9999.0
P13_HV1_3_interaction,active_and_state_lat_and_long_zero_last_source_row_continuous_segment,P13,HV1,3,keep_right,P13_HV1_3,P13_HV1.1.asc,HV3,60,initiator_active,14862,1,247700.0,247700.0007,3.0,3.0,28.457818,102.448145,6.0,473.532977,-5474.212921,0.053867,-0.001579,0.0,28.459079,-5.8e-05,0.0,5474.380242,-57.975387,6.27779,1.0,0.0,0.0,0.0,5510.247018,-54.863073,1021.0,6.0,509.857886,7.0,-0.127327,39.230994,141.231579,39.230877,-0.095953,-3.7e-05,0.225892,0.188697,-4.5e-05,-0.002826,0.4755,0.0,0.0,1.0,0.0,0.0,-9999.0,-9999.0,-9999.0,-9999.0,-9999.0,-9999.0,-9999.0,-9999.0,-9999.0,-9999.0,-9999.0,-9999.0,-9999.0,-9999.0
P13_HV1_3_interaction,active_and_state_lat_and_long_zero_last_source_row_continuous_segment,P13,HV1,3,keep_right,P13_HV1_3,P13_HV1.1.asc,HV3,60,initiator_active,14863,1,247716.67,247716.6671,3.0,3.0,28.458662,102.451183,6.0,474.007285,-5474.687222,0.030607,-0.00109,0.0,28.460003,-6.3e-05,0.0,5474.854557,-57.977947,6.27779,1.0,0.0,0.0,0.0,5510.900844,-54.864715,1021.0,6.0,510.511712,7.0,-0.125666,39.234751,141.245104,39.234635,-0.095219,-3.8e-05,0.225812,0.186606,-4e-05,-0.002826,0.4755,0.0,0.0,1.0,0.0,0.0,-9999.0,-9999.0,-9999.0,-9999.0,-9999.0,-9999.0,-9999.0,-9999.0,-9999.0,-9999.0,-9999.0,-9999.0,-9999.0,-9999.0
P13_HV1_3_interaction,active_and_state_lat_and_long_zero_last_source_row_continuous_segment,P13,HV1,3,keep_right,P13_HV1_3,P13_HV1.1.asc,HV3,60,initiator_active,14864,1,247733.33,247733.3347,3.0,3.0,28.459528,102.454299,6.0,474.481606,-5475.161537,0.069221,-0.002119,0.0,28.460523,-6.9e-05,0.0,5475.328885,-57.980507,6.27779,1.0,0.0,0.0,0.0,5511.554732,-54.866304,1021.0,6.0,511.1656,7.0,-0.123953,39.238504,141.258615,39.23839,-0.094503,-3.8e-05,0.225536,0.184565,-1.7e-05,-0.002826,0.4755,0.0,0.0,1.0,0.0,0.0,-9999.0,-9999.0,-9999.0,-9999.0,-9999.0,-9999.0,-9999.0,-9999.0,-9999.0,-9999.0,-9999.0,-9999.0,-9999.0,-9999.0
P13_HV1_3_interaction,active_and_state_lat_and_long_zero_last_source_row_continuous_segment,P13,HV1,3,keep_right,P13_HV1_3,P13_HV1.1.asc,HV3,60,initiator_active,14865,1,247750.0,247750.0007,3.0,3.0,28.460258,102.456928,6.0,474.955942,-5475.635866,0.054729,-0.001651,0.0,28.461675,-6.8e-05,0.0,5475.803225,-57.983067,6.27779,1.0,0.0,0.0,0.0,5512.208684,-54.867841,1021.0,6.0,511.819551,7.0,-0.122188,39.242254,141.272113,39.242142,-0.093807,-3.8e-05,0.225361,0.182581,1.1e-05,-0.002826,0.4755,0.0,0.0,1.0,0.0,0.0,-9999.0,-9999.0,-9999.0,-9999.0,-9999.0,-9999.0,-9999.0,-9999.0,-9999.0,-9999.0,-9999.0,-9999.0,-9999.0,-9999.0
P13_HV1_3_interaction,active_and_state_lat_and_long_zero_last_source_row_continuous_segment,P13,HV1,3,keep_right,P13_HV1_3,P13_HV1.1.asc,HV3,60,initiator_active,14866,1,247766.67,247766.6676,3.0,3.0,28.4611,102.459958,6.0,475.430289,-5476.110207,0.045466,-0.001532,0.0,28.46255,-5.3e-05,0.0,5476.277583,-57.985627,6.27779,1.0,0.0,0.0,0.0,5512.862697,-54.869327,1021.0,6.0,512.473564,7.0,-0.120371,39.246001,141.285604,39.245891,-0.093134,-3.8e-05,0.225228,0.18066,3.4e-05,-0.002826,0.4755,0.0,0.0,1.0,0.0,0.0,-9999.0,-9999.0,-9999.0,-9999.0,-9999.0,-9999.0,-9999.0,-9999.0,-9999.0,-9999.0,-9999.0,-9999.0,-9999.0,-9999.0
P13_HV1_3_interaction,active_and_state_lat_and_long_zero_last_source_row_continuous_segment,P13,HV1,3,keep_right,P13_HV1_3,P13_HV1.1.asc,HV3,60,initiator_active,14867,1,247783.34,247783.3415,3.0,3.0,28.462131,102.46367,6.0,475.904654,-5476.584566,0.044914,-0.001624,0.0,28.463314,-3.2e-05,0.0,5476.751956,-57.988188,6.277789,1.0,0.0,0.0,0.0,5513.516774,-54.870763,1021.0,6.0,513.127639,7.0,-0.118504,39.249746,141.299087,39.249637,-0.09249,-3.7e-05,0.225103,0.17842,5.2e-05,-0.002669,0.47575,0.0,0.0,1.0,0.0,0.0,-9999.0,-9999.0,-9999.0,-9999.0,-9999.0,-9999.0,-9999.0,-9999.0,-9999.0,-9999.0,-9999.0,-9999.0,-9999.0,-9999.0
P13_HV1_3_interaction,active_and_state_lat_and_long_zero_last_source_row_continuous_segment,P13,HV1,3,keep_right,P13_HV1_3,P13_HV1.1.asc,HV3,60,initiator_active,14868,1,247800.0,247800.0007,3.0,3.0,28.462929,102.466545,6.0,476.379033,-5477.058938,0.053131,-0.001784,0.0,28.464075,-8e-06,0.0,5477.22634,-57.990748,6.277788,1.0,0.0,0.0,0.0,5514.170913,-54.872148,1021.0,6.0,513.781777,7.0,-0.116586,39.25349,141.312564,39.253383,-0.09187,-3.6e-05,0.225,0.176646,6.2e-05,-0.002669,0.4755,0.0,0.0,1.0,0.0,0.0,-9999.0,-9999.0,-9999.0,-9999.0,-9999.0,-9999.0,-9999.0,-9999.0,-9999.0,-9999.0,-9999.0,-9999.0,-9999.0,-9999.0
P13_HV1_3_interaction,active_and_state_lat_and_long_zero_last_source_row_continuous_segment,P13,HV1,3,keep_right,P13_HV1_3,P13_HV1.1.asc,HV3,60,initiator_active,14869,1,247816.67,247816.6716,3.0,3.0,28.463688,102.469276,6.0,476.853424,-5477.533323,0.057754,-0.001954,0.0,28.464993,1.6e-05,0.0,5477.700738,-57.99331,6.277786,1.0,0.0,0.0,0.0,5514.825114,-54.873485,1021.0,6.0,514.435977,7.0,-0.114619,39.257232,141.326036,39.257126,-0.091275,-3.5e-05,0.224913,0.17494,6.5e-05,-0.002669,0.4755,0.0,0.0,1.0,0.0,0.0,-9999.0,-9999.0,-9999.0,-9999.0,-9999.0,-9999.0,-9999.0,-9999.0,-9999.0,-9999.0,-9999.0,-9999.0,-9999.0,-9999.0
P13_HV1_3_interaction,active_and_state_lat_and_long_zero_last_source_row_continuous_segment,P13,HV1,3,keep_right,P13_HV1_3,P13_HV1.1.asc,HV3,60,initiator_active,14870,1,247833.33,247833.3336,3.0,3.0,28.464518,102.472266,6.0,477.327829,-5478.007722,0.051043,-0.002114,0.0,28.46589,4.2e-05,0.0,5478.175152,-57.995872,6.277784,1.0,0.0,0.0,0.0,5515.479378,-54.874772,1021.0,6.0,515.090239,7.0,-0.112602,39.260973,141.339502,39.260868,-0.090706,-3.4e-05,0.224799,0.173306,6.4e-05,-0.002669,0.4755,0.0,0.0,1.0,0.0,0.0,-9999.0,-9999.0,-9999.0,-9999.0,-9999.0,-9999.0,-9999.0,-9999.0,-9999.0,-9999.0,-9999.0,-9999.0,-9999.0,-9999.0
P13_HV1_3_interaction,active_and_state_lat_and_long_zero_last_source_row_continuous_segment,P13,HV1,3,keep_right,P13_HV1_3,P13_HV1.1.asc,HV3,60,initiator_active,14871,1,247850.0,247850.0005,3.0,3.0,28.465475,102.475709,6.0,477.80225,-5478.482136,0.029088,-0.000569,0.0,28.466652,6.7e-05,0.0,5478.64958,-57.998434,6.277782,1.0,0.0,0.0,0.0,5516.133705,-54.876011,1021.0,6.0,515.744563,7.0,-0.110537,39.264711,141.352961,39.264608,-0.090165,-3.3e-05,0.224668,0.171748,6e-05,-0.002669,0.4755,0.0,0.0,1.0,0.0,0.0,-9999.0,-9999.0,-9999.0,-9999.0,-9999.0,-9999.0,-9999.0,-9999.0,-9999.0,-9999.0,-9999.0,-9999.0,-9999.0,-9999.0
P13_HV1_3_interaction,active_and_state_lat_and_long_zero_last_source_row_continuous_segment,P13,HV1,3,keep_right,P13_HV1_3,P13_HV1.1.asc,HV3,60,initiator_active,14872,1,247866.67,247866.6674,3.0,3.0,28.466316,102.478737,6.0,478.276685,-5478.956565,0.044938,-0.003156,0.0,28.467182,0.000115,0.0,5479.124019,-58.000998,6.277779,1.0,0.0,0.0,0.0,5516.788093,-54.877202,1021.0,6.0,516.39895,7.0,-0.108423,39.268448,141.366413,39.268346,-0.089652,-3.2e-05,0.224545,0.170267,5.4e-05,-0.002669,0.4755,0.0,0.0,1.0,0.0,0.0,-9999.0,-9999.0,-9999.0,-9999.0,-9999.0,-9999.0,-9999.0,-9999.0,-9999.0,-9999.0,-9999.0,-9999.0,-9999.0,-9999.0
P13_HV1_3_interaction,active_and_state_lat_and_long_zero_last_source_row_continuous_segment,P13,HV1,3,keep_right,P13_HV1_3,P13_HV1.1.asc,HV3,60,initiator_active,14873,1,247883.33,247883.3336,3.0,3.0,28.466895,102.480821,6.0,478.751131,-5479.431005,0.054331,-0.002911,0.0,28.468006,0.000125,0.0,5479.598469,-58.003561,6.277777,1.0,0.0,0.0,0.0,5517.442545,-54.878346,1021.0,6.0,517.053398,7.0,-0.106262,39.272183,141.379858,39.272082,-0.089168,-3.1e-05,0.224437,0.168865,4.8e-05,-0.002669,0.4755,0.0,0.0,1.0,0.0,0.0,-9999.0,-9999.0,-9999.0,-9999.0,-9999.0,-9999.0,-9999.0,-9999.0,-9999.0,-9999.0,-9999.0,-9999.0,-9999.0,-9999.0
P13_HV1_3_interaction,active_and_state_lat_and_long_zero_last_source_row_continuous_segment,P13,HV1,3,keep_right,P13_HV1_3,P13_HV1.1.asc,HV3,60,initiator_active,14874,1,247900.0,247900.0001,3.0,3.0,28.467557,102.483204,6.0,479.225587,-5479.905454,0.054695,-0.003949,0.0,28.468891,0.000128,0.0,5480.072932,-58.006126,6.277775,1.0,0.0,0.0,0.0,5518.097058,-54.879442,1021.0,6.0,517.707909,7.0,-0.104053,39.275916,141.393297,39.275816,-0.088712,-3e-05,0.224332,0.167544,4.3e-05,-0.002669,0.4755,0.0,0.0,1.0,0.0,0.0,-9999.0,-9999.0,-9999.0,-9999.0,-9999.0,-9999.0,-9999.0,-9999.0,-9999.0,-9999.0,-9999.0,-9999.0,-9999.0,-9999.0
P13_HV1_3_interaction,active_and_state_lat_and_long_zero_last_source_row_continuous_segment,P13,HV1,3,keep_right,P13_HV1_3,P13_HV1.1.asc,HV3,60,initiator_active,14875,1,247916.67,247916.6676,3.0,3.0,28.468459,102.486452,6.0,479.700057,-5480.379919,0.050949,-0.004623,0.0,28.469793,0.000122,0.0,5480.54741,-58.008692,6.277772,1.0,0.0,0.0,0.0,5518.751634,-54.880492,1021.0,6.0,518.362481,7.0,-0.101798,39.279647,141.406731,39.279548,-0.088287,-3e-05,0.224226,0.166303,3.8e-05,-0.002669,0.4755,0.0,0.0,1.0,0.0,0.0,-9999.0,-9999.0,-9999.0,-9999.0,-9999.0,-9999.0,-9999.0,-9999.0,-9999.0,-9999.0,-9999.0,-9999.0,-9999.0,-9999.0
P13_HV1_3_interaction,active_and_state_lat_and_long_zero_last_source_row_continuous_segment,P13,HV1,3,keep_right,P13_HV1_3,P13_HV1.1.asc,HV3,60,initiator_active,14876,1,247933.33,247933.3338,3.0,3.0,28.469346,102.489647,6.0,480.174543,-5480.854398,0.046906,-0.005644,0.0,28.470604,0.000131,0.0,5481.021904,-58.011259,6.277769,1.0,0.0,0.0,0.0,5519.406272,-54.881496,1021.0,6.0,519.017116,7.0,-0.099495,39.283377,141.420159,39.283279,-0.08789,-2.9e-05,0.224195,0.165144,3.3e-05,-0.002669,0.4755,0.0,0.0,1.0,0.0,0.0,-9999.0,-9999.0,-9999.0,-9999.0,-9999.0,-9999.0,-9999.0,-9999.0,-9999.0,-9999.0,-9999.0,-9999.0,-9999.0,-9999.0
P13_HV1_3_interaction,active_and_state_lat_and_long_zero_last_source_row_continuous_segment,P13,HV1,3,keep_right,P13_HV1_3,P13_HV1.1.asc,HV3,60,initiator_active,14877,1,247950.0,247950.0015,3.0,3.0,28.470218,102.492784,6.0,480.649043,-5481.328891,0.050215,-0.004713,0.0,28.471407,0.000134,0.0,5481.49641,-58.013828,6.277766,1.0,0.0,0.0,0.0,5520.060972,-54.882454,1021.0,6.0,519.671813,7.0,-0.097147,39.287108,141.433591,39.287011,-0.087523,-2.9e-05,0.224203,0.164065,3e-05,-0.002669,0.4755,0.0,0.0,1.0,0.0,0.0,-9999.0,-9999.0,-9999.0,-9999.0,-9999.0,-9999.0,-9999.0,-9999.0,-9999.0,-9999.0,-9999.0,-9999.0,-9999.0,-9999.0
P13_HV1_3_interaction,active_and_state_lat_and_long_zero_last_source_row_continuous_segment,P13,HV1,3,keep_right,P13_HV1_3,P13_HV1.1.asc,HV3,60,initiator_active,14878,1,247966.67,247966.6673,3.0,3.0,28.470995,102.495581,6.0,481.123556,-5481.803398,0.051135,-0.007812,0.0,28.472213,0.000159,0.0,5481.97093,-58.016399,6.277763,1.0,0.0,0.0,0.0,5520.715735,-54.883366,1021.0,6.0,520.326572,7.0,-0.094752,39.290837,141.447012,39.29074,-0.087184,-2.8e-05,0.223966,0.163065,2.7e-05,-0.002669,0.4755,0.0,0.0,1.0,0.0,0.0,-9999.0,-9999.0,-9999.0,-9999.0,-9999.0,-9999.0,-9999.0,-9999.0,-9999.0,-9999.0,-9999.0,-9999.0,-9999.0,-9999.0
P13_HV1_3_interaction,active_and_state_lat_and_long_zero_last_source_row_continuous_segment,P13,HV1,3,keep_right,P13_HV1_3,P13_HV1.1.asc,HV3,60,initiator_active,14879,1,247983.33,247983.3334,3.0,3.0,28.471825,102.498571,6.0,481.598083,-5482.277919,0.072006,-0.008066,0.0,28.473176,0.000148,0.0,5482.445463,-58.018971,6.277759,1.0,0.0,0.0,0.0,5521.370559,-54.884232,1021.0,6.0,520.981392,7.0,-0.092312,39.294562,141.460422,39.294466,-0.086874,-2.8e-05,0.223808,0.162144,2.5e-05,-0.002669,0.4755,0.0,0.0,1.0,0.0,0.0,-9999.0,-9999.0,-9999.0,-9999.0,-9999.0,-9999.0,-9999.0,-9999.0,-9999.0,-9999.0,-9999.0,-9999.0,-9999.0,-9999.0
P13_HV1_3_interaction,active_and_state_lat_and_long_zero_last_source_row_continuous_segment,P13,HV1,3,keep_right,P13_HV1_3,P13_HV1.1.asc,HV3,60,initiator_active,14880,1,248000.0,248000.0014,3.0,3.0,28.472639,102.501501,6.0,482.072623,-5482.752453,0.054866,-0.008438,0.0,28.474322,0.000151,0.0,5482.920014,-58.021545,6.277754,1.0,0.0,0.0,0.0,5522.025446,-54.885054,1021.0,6.0,521.636275,7.0,-0.089826,39.298284,141.473824,39.298189,-0.086592,-2.7e-05,0.223684,0.161299,2.4e-05,-0.002669,0.4755,0.0,0.0,1.0,0.0,0.0,-9999.0,-9999.0,-9999.0,-9999.0,-9999.0,-9999.0,-9999.0,-9999.0,-9999.0,-9999.0,-9999.0,-9999.0,-9999.0,-9999.0
P13_HV1_3_interaction,active_and_state_lat_and_long_zero_last_source_row_continuous_segment,P13,HV1,3,keep_right,P13_HV1_3,P13_HV1.1.asc,HV3,60,initiator_active,14881,1,248016.67,248016.6674,3.0,3.0,28.473776,102.505595,6.0,482.547181,-5483.227005,0.05565,-0.009001,0.0,28.475226,0.000165,0.0,5483.394583,-58.024122,6.277749,1.0,0.0,0.0,0.0,5522.680395,-54.885831,1021.0,6.0,522.29122,7.0,-0.087296,39.302005,141.487219,39.30191,-0.086336,-2.7e-05,0.223571,0.16053,2.2e-05,-0.002669,0.4755,0.0,0.0,1.0,0.0,0.0,-9999.0,-9999.0,-9999.0,-9999.0,-9999.0,-9999.0,-9999.0,-9999.0,-9999.0,-9999.0,-9999.0,-9999.0,-9999.0,-9999.0
P13_HV1_3_interaction,active_and_state_lat_and_long_zero_last_source_row_continuous_segment,P13,HV1,3,keep_right,P13_HV1_3,P13_HV1.1.asc,HV3,60,initiator_active,14882,1,248033.33,248033.3337,3.0,3.0,28.474779,102.509206,6.0,483.021757,-5483.701574,0.035526,-0.009694,0.0,28.476063,0.000187,0.0,5483.869167,-58.026701,6.277743,1.0,0.0,0.0,0.0,5523.335406,-54.886563,1021.0,6.0,522.946226,7.0,-0.08472,39.305724,141.500608,39.30563,-0.086107,-2.6e-05,0.22346,0.159835,2.1e-05,-0.002669,0.4755,0.0,0.0,1.0,0.0,0.0,-9999.0,-9999.0,-9999.0,-9999.0,-9999.0,-9999.0,-9999.0,-9999.0,-9999.0,-9999.0,-9999.0,-9999.0,-9999.0,-9999.0
P13_HV1_3_interaction,active_and_state_lat_and_long_zero_last_source_row_continuous_segment,P13,HV1,3,keep_right,P13_HV1_3,P13_HV1.1.asc,HV3,60,initiator_active,14883,1,248050.0,248050.001,3.0,3.0,28.47569,102.512483,6.0,483.496348,-5484.176159,0.047983,-0.010462,0.0,28.476704,0.000216,0.0,5484.343764,-58.029283,6.277737,1.0,0.0,0.0,0.0,5523.990479,-54.887251,1021.0,6.0,523.601294,7.0,-0.0821,39.309442,141.51399,39.309348,-0.085904,-2.6e-05,0.22335,0.15921,1.9e-05,-0.002826,0.4755,0.0,0.0,1.0,0.0,0.0,-9999.0,-9999.0,-9999.0,-9999.0,-9999.0,-9999.0,-9999.0,-9999.0,-9999.0,-9999.0,-9999.0,-9999.0,-9999.0,-9999.0
P13_HV1_3_interaction,active_and_state_lat_and_long_zero_last_source_row_continuous_segment,P13,HV1,3,keep_right,P13_HV1_3,P13_HV1.1.asc,HV3,60,initiator_active,14884,1,248066.67,248066.6676,3.0,3.0,28.476359,102.514891,6.0,483.970951,-5484.650756,0.057229,-0.009588,0.0,28.477552,0.000253,0.0,5484.818372,-58.031868,6.277729,1.0,0.0,0.0,0.0,5524.645614,-54.887895,1021.0,6.0,524.256424,7.0,-0.079435,39.313063,141.527025,39.312969,-0.085725,-2.5e-05,0.206746,0.158652,8.1e-05,-0.002669,0.4755,0.002198,0.0,1.0,0.0,0.0,-9999.0,-9999.0,-9999.0,-9999.0,-9999.0,-9999.0,-9999.0,-9999.0,-9999.0,-9999.0,-9999.0,-9999.0,-9999.0,-9999.0
P13_HV1_3_interaction,active_and_state_lat_and_long_zero_last_source_row_continuous_segment,P13,HV1,3,keep_right,P13_HV1_3,P13_HV1.1.asc,HV3,60,initiator_active,14885,1,248083.33,248083.3341,3.0,3.0,28.477104,102.517574,6.0,484.445566,-5485.125365,0.050596,-0.009511,0.0,28.478478,0.000318,0.0,5485.292994,-58.034456,6.277722,1.0,0.0,0.0,0.0,5525.300809,-54.888494,1021.0,6.0,524.911614,7.0,-0.076726,39.316434,141.539161,39.31634,-0.08557,-2.4e-05,0.201638,0.158164,6.3e-05,-0.002669,0.4755,0.002198,0.0,1.0,0.0,0.0,-9999.0,-9999.0,-9999.0,-9999.0,-9999.0,-9999.0,-9999.0,-9999.0,-9999.0,-9999.0,-9999.0,-9999.0,-9999.0,-9999.0
P13_HV1_3_interaction,active_and_state_lat_and_long_zero_last_source_row_continuous_segment,P13,HV1,3,keep_right,P13_HV1_3,P13_HV1.1.asc,HV3,60,initiator_active,14886,1,248100.0,248100.0002,3.0,3.0,28.478028,102.520902,6.0,484.920196,-5485.599988,0.04322,-0.009856,0.0,28.479249,0.000396,0.0,5485.767632,-58.037046,6.277713,1.0,0.0,0.0,0.0,5525.956061,-54.88905,1021.0,6.0,525.56686,7.0,-0.073973,39.319877,141.551557,39.319784,-0.085437,-2.4e-05,0.217606,0.15774,-1.1e-05,-0.002669,0.4755,0.0,0.0,1.0,0.0,0.0,-9999.0,-9999.0,-9999.0,-9999.0,-9999.0,-9999.0,-9999.0,-9999.0,-9999.0,-9999.0,-9999.0,-9999.0,-9999.0,-9999.0
P13_HV1_3_interaction,active_and_state_lat_and_long_zero_last_source_row_continuous_segment,P13,HV1,3,keep_right,P13_HV1_3,P13_HV1.1.asc,HV3,60,initiator_active,14887,1,248116.67,248116.6673,3.0,3.0,28.4789,102.524039,6.0,485.394841,-5486.074627,0.049802,-0.010342,0.0,28.480012,0.000478,0.0,5486.242282,-58.03964,6.277705,1.0,0.0,0.0,0.0,5526.611371,-54.889562,1021.0,6.0,526.222164,7.0,-0.071175,39.323564,141.564829,39.323471,-0.085326,-2.4e-05,0.222394,0.157372,-5.2e-05,-0.002669,0.47525,0.0,0.0,1.0,0.0,0.0,-9999.0,-9999.0,-9999.0,-9999.0,-9999.0,-9999.0,-9999.0,-9999.0,-9999.0,-9999.0,-9999.0,-9999.0,-9999.0,-9999.0
P13_HV1_3_interaction,active_and_state_lat_and_long_zero_last_source_row_continuous_segment,P13,HV1,3,keep_right,P13_HV1_3,P13_HV1.1.asc,HV3,60,initiator_active,14888,1,248133.33,248133.3334,3.0,3.0,28.479609,102.526593,6.0,485.869498,-5486.549278,0.053266,-0.010841,0.0,28.480877,0.000562,0.0,5486.716945,-58.042236,6.277695,1.0,0.0,0.0,0.0,5527.266742,-54.89003,1021.0,6.0,526.877529,7.0,-0.068334,39.327268,141.578164,39.327175,-0.085235,-2.6e-05,0.222671,0.157063,-0.000102,-0.002669,0.4755,0.0,0.0,1.0,0.0,0.0,-9999.0,-9999.0,-9999.0,-9999.0,-9999.0,-9999.0,-9999.0,-9999.0,-9999.0,-9999.0,-9999.0,-9999.0,-9999.0,-9999.0
P13_HV1_3_interaction,active_and_state_lat_and_long_zero_last_source_row_continuous_segment,P13,HV1,3,keep_right,P13_HV1_3,P13_HV1.1.asc,HV3,60,initiator_active,14889,1,248150.01,248150.0067,3.0,3.0,28.480427,102.529536,6.0,486.344168,-5487.023942,0.05064,-0.01131,0.0,28.481711,0.000646,0.0,5487.191623,-58.044836,6.277686,1.0,0.0,0.0,0.0,5527.922174,-54.890455,1021.0,6.0,527.532955,7.0,-0.065449,39.330973,141.591504,39.330881,-0.085163,-2.7e-05,0.222664,0.156808,-8.9e-05,-0.002669,0.4755,0.0,0.0,1.0,0.0,0.0,-9999.0,-9999.0,-9999.0,-9999.0,-9999.0,-9999.0,-9999.0,-9999.0,-9999.0,-9999.0,-9999.0,-9999.0,-9999.0,-9999.0
P13_HV1_3_interaction,active_and_state_lat_and_long_zero_last_source_row_continuous_segment,P13,HV1,3,keep_right,P13_HV1_3,P13_HV1.1.asc,HV3,60,initiator_active,14890,1,248166.67,248166.6674,3.0,3.0,28.481321,102.532754,6.0,486.818853,-5487.498621,0.057435,-0.011742,0.0,28.4826,0.000729,0.0,5487.666315,-58.047438,6.277676,1.0,0.0,0.0,0.0,5528.577668,-54.890836,1021.0,6.0,528.188443,7.0,-0.06252,39.334678,141.60484,39.334586,-0.08511,-2.8e-05,0.222586,0.156605,-5e-05,-0.002669,0.4755,0.0,0.0,1.0,0.0,0.0,-9999.0,-9999.0,-9999.0,-9999.0,-9999.0,-9999.0,-9999.0,-9999.0,-9999.0,-9999.0,-9999.0,-9999.0,-9999.0,-9999.0
P13_HV1_3_interaction,active_and_state_lat_and_long_zero_last_source_row_continuous_segment,P13,HV1,3,keep_right,P13_HV1_3,P13_HV1.1.asc,HV3,60,initiator_active,14891,1,248183.43,248183.4263,3.0,3.0,28.482133,102.535678,6.0,487.293552,-5487.973313,0.041822,-0.012141,0.0,28.483558,0.00081,0.0,5488.141022,-58.050045,6.277667,1.0,0.0,0.0,0.0,5529.233224,-54.891174,1021.0,6.0,528.843992,7.0,-0.059547,39.338381,141.618171,39.338289,-0.085073,-2.9e-05,0.222486,0.156449,-6e-06,-0.002669,0.47575,0.0,0.0,1.0,0.0,0.0,-9999.0,-9999.0,-9999.0,-9999.0,-9999.0,-9999.0,-9999.0,-9999.0,-9999.0,-9999.0,-9999.0,-9999.0,-9999.0,-9999.0
P13_HV1_3_interaction,active_and_state_lat_and_long_zero_last_source_row_continuous_segment,P13,HV1,3,keep_right,P13_HV1_3,P13_HV1.1.asc,HV3,60,initiator_active,14892,1,248200.0,248200.0002,3.0,3.0,28.483079,102.539084,6.0,487.768266,-5488.448021,0.047412,-0.012507,0.0,28.484245,0.000888,0.0,5488.615743,-58.052654,6.277657,1.0,0.0,0.0,0.0,5529.888842,-54.891468,1021.0,6.0,529.499603,7.0,-0.05653,39.342082,141.631496,39.34199,-0.085057,-2.9e-05,0.222379,0.155952,3.1e-05,-0.002512,0.47525,0.0,0.0,1.0,0.0,0.0,-9999.0,-9999.0,-9999.0,-9999.0,-9999.0,-9999.0,-9999.0,-9999.0,-9999.0,-9999.0,-9999.0,-9999.0,-9999.0,-9999.0
P13_HV1_3_interaction,active_and_state_lat_and_long_zero_last_source_row_continuous_segment,P13,HV1,3,keep_right,P13_HV1_3,P13_HV1.1.asc,HV3,60,initiator_active,14893,1,248216.67,248216.6682,3.0,3.0,28.483907,102.542064,6.0,488.242995,-5488.922744,0.050057,-0.012845,0.0,28.485053,0.000964,0.0,5489.090477,-58.055267,6.277647,1.0,0.0,0.0,0.0,5530.544521,-54.891719,1021.0,6.0,530.155275,7.0,-0.05347,39.345782,141.644814,39.34569,-0.085063,-2.8e-05,0.222271,0.155117,5.7e-05,-0.002198,0.4755,0.0,0.0,1.0,0.0,0.0,-9999.0,-9999.0,-9999.0,-9999.0,-9999.0,-9999.0,-9999.0,-9999.0,-9999.0,-9999.0,-9999.0,-9999.0,-9999.0,-9999.0
P13_HV1_3_interaction,active_and_state_lat_and_long_zero_last_source_row_continuous_segment,P13,HV1,3,keep_right,P13_HV1_3,P13_HV1.1.asc,HV3,60,initiator_active,14894,1,248233.33,248233.3335,3.0,3.0,28.48464,102.544705,6.0,488.717735,-5489.397478,0.053207,-0.013157,0.0,28.48592,0.001034,0.0,5489.565224,-58.057884,6.277637,1.0,0.0,0.0,0.0,5531.200262,-54.891927,1021.0,6.0,530.811009,7.0,-0.050367,39.34948,141.658127,39.349388,-0.085094,-2.7e-05,0.222187,0.153554,7.1e-05,-0.00157,0.47575,0.0,0.0,1.0,0.0,0.0,-9999.0,-9999.0,-9999.0,-9999.0,-9999.0,-9999.0,-9999.0,-9999.0,-9999.0,-9999.0,-9999.0,-9999.0,-9999.0,-9999.0
P13_HV1_3_interaction,active_and_state_lat_and_long_zero_last_source_row_continuous_segment,P13,HV1,3,keep_right,P13_HV1_3,P13_HV1.1.asc,HV3,60,initiator_active,14895,1,248250.0,248250.0001,3.0,3.0,28.48547,102.547693,6.0,489.192489,-5489.872227,0.049865,-0.013442,0.0,28.486785,0.001101,0.0,5490.039986,-58.060504,6.277627,1.0,0.0,0.0,0.0,5531.856065,-54.892092,1021.0,6.0,531.466804,7.0,-0.04722,39.353177,141.671436,39.353084,-0.085169,-2.5e-05,0.222115,0.149716,7.5e-05,0.0,0.47575,0.0,0.0,1.0,0.0,0.0,-9999.0,-9999.0,-9999.0,-9999.0,-9999.0,-9999.0,-9999.0,-9999.0,-9999.0,-9999.0,-9999.0,-9999.0,-9999.0,-9999.0
P13_HV1_3_interaction,active_and_state_lat_and_long_zero_last_source_row_continuous_segment,P13,HV1,3,keep_right,P13_HV1_3,P13_HV1.1.asc,HV3,60,initiator_active,14896,1,248266.67,248266.6671,3.0,3.0,28.486363,102.550908,6.0,489.667258,-5490.34699,0.049705,-0.013701,0.0,28.487615,0.001162,0.0,5490.514762,-58.063128,6.277617,1.0,0.0,0.0,0.0,5532.511929,-54.892215,1021.0,6.0,532.12266,7.0,-0.044031,39.356872,141.684739,39.356779,-0.085297,-2.4e-05,0.221935,0.143223,7.5e-05,0.002669,0.4755,0.0,0.0,1.0,0.0,0.0,-9999.0,-9999.0,-9999.0,-9999.0,-9999.0,-9999.0,-9999.0,-9999.0,-9999.0,-9999.0,-9999.0,-9999.0,-9999.0,-9999.0
P13_HV1_3_interaction,active_and_state_lat_and_long_zero_last_source_row_continuous_segment,P13,HV1,3,keep_right,P13_HV1_3,P13_HV1.1.asc,HV3,60,initiator_active,14897,1,248283.33,248283.3338,3.0,3.0,28.487201,102.553923,6.0,490.142042,-5490.821767,0.049779,-0.013934,0.0,28.488444,0.001218,0.0,5490.989551,-58.065756,6.277607,1.0,0.0,0.0,0.0,5533.167855,-54.892297,1021.0,6.0,532.778578,7.0,-0.0408,39.360563,141.698026,39.36047,-0.085461,-2.3e-05,0.221696,0.134814,6.7e-05,0.006123,0.4755,0.0,0.0,1.0,0.0,0.0,-9999.0,-9999.0,-9999.0,-9999.0,-9999.0,-9999.0,-9999.0,-9999.0,-9999.0,-9999.0,-9999.0,-9999.0,-9999.0,-9999.0
P13_HV1_3_interaction,active_and_state_lat_and_long_zero_last_source_row_continuous_segment,P13,HV1,3,keep_right,P13_HV1_3,P13_HV1.1.asc,HV3,60,initiator_active,14898,1,248300.0,248300.0009,3.0,3.0,28.488029,102.556905,6.0,490.616839,-5491.296558,0.063061,-0.014139,0.0,28.48937,0.001268,0.0,5491.464355,-58.068388,6.277597,1.0,0.0,0.0,0.0,5533.823842,-54.892339,1021.0,6.0,533.434557,7.0,-0.03753,39.364253,141.711312,39.36416,-0.085663,-2.2e-05,0.221709,0.122081,4.8e-05,0.011304,0.4755,0.0,0.0,1.0,0.0,0.0,-9999.0,-9999.0,-9999.0,-9999.0,-9999.0,-9999.0,-9999.0,-9999.0,-9999.0,-9999.0,-9999.0,-9999.0,-9999.0,-9999.0
P13_HV1_3_interaction,active_and_state_lat_and_long_zero_last_source_row_continuous_segment,P13,HV1,3,keep_right,P13_HV1_3,P13_HV1.1.asc,HV3,60,initiator_active,14899,1,248316.67,248316.6674,3.0,3.0,28.488859,102.559891,6.0,491.091649,-5491.771363,0.043108,-0.014323,0.0,28.49032,0.001313,0.0,5491.939175,-58.071024,6.277587,1.0,0.0,0.0,0.0,5534.479891,-54.892345,1021.0,6.0,534.090598,7.0,-0.034223,39.367944,141.724597,39.36785,-0.085875,-2.2e-05,0.221643,0.105324,2.1e-05,0.018055,0.4755,0.0,0.0,1.0,0.0,0.0,-9999.0,-9999.0,-9999.0,-9999.0,-9999.0,-9999.0,-9999.0,-9999.0,-9999.0,-9999.0,-9999.0,-9999.0,-9999.0,-9999.0
P13_HV1_3_interaction,active_and_state_lat_and_long_zero_last_source_row_continuous_segment,P13,HV1,3,keep_right,P13_HV1_3,P13_HV1.1.asc,HV3,60,initiator_active,14900,1,248333.33,248333.3343,3.0,3.0,28.489896,102.563624,6.0,491.566476,-5492.246184,0.04841,-0.014478,0.0,28.491056,0.001353,0.0,5492.414009,-58.073664,6.277577,1.0,0.0,0.0,0.0,5535.136001,-54.892317,1021.0,6.0,534.7467,7.0,-0.030881,39.371634,141.737881,39.37154,-0.08605,-2.2e-05,0.221614,0.084384,-7e-06,0.026376,0.4755,0.0,0.0,1.0,0.0,0.0,-9999.0,-9999.0,-9999.0,-9999.0,-9999.0,-9999.0,-9999.0,-9999.0,-9999.0,-9999.0,-9999.0,-9999.0,-9999.0,-9999.0
P13_HV1_3_interaction,active_and_state_lat_and_long_zero_last_source_row_continuous_segment,P13,HV1,3,keep_right,P13_HV1_3,P13_HV1.1.asc,HV3,60,initiator_active,14901,1,248350.0,248350.0006,3.0,3.0,28.490679,102.566445,6.0,492.041318,-5492.721019,0.053565,-0.01461,0.0,28.491871,0.001387,0.0,5492.888856,-58.076308,6.277567,1.0,0.0,0.0,0.0,5535.792173,-54.892259,1021.0,6.0,535.402863,7.0,-0.02751,39.375325,141.751169,39.375231,-0.086086,-2.3e-05,0.221523,0.062155,-6.9e-05,0.035011,0.4755,0.0,0.0,1.0,0.0,0.0,-9999.0,-9999.0,-9999.0,-9999.0,-9999.0,-9999.0,-9999.0,-9999.0,-9999.0,-9999.0,-9999.0,-9999.0,-9999.0,-9999.0
P13_HV1_3_interaction,active_and_state_lat_and_long_zero_last_source_row_continuous_segment,P13,HV1,3,keep_right,P13_HV1_3,P13_HV1.1.asc,HV3,60,initiator_active,14902,1,248366.67,248366.6674,3.0,3.0,28.491459,102.569254,6.0,492.516172,-5493.195868,0.053486,-0.014721,0.0,28.492791,0.001417,0.0,5493.363717,-58.078955,6.277558,1.0,0.0,0.0,0.0,5536.448407,-54.892176,1021.0,6.0,536.059088,7.0,-0.024113,39.37901,141.764437,39.378916,-0.085898,-2.4e-05,0.221124,0.03679,-0.000116,0.044588,0.4755,0.0,0.0,1.0,0.0,0.0,-9999.0,-9999.0,-9999.0,-9999.0,-9999.0,-9999.0,-9999.0,-9999.0,-9999.0,-9999.0,-9999.0,-9999.0,-9999.0,-9999.0
P13_HV1_3_interaction,active_and_state_lat_and_long_zero_last_source_row_continuous_segment,P13,HV1,3,keep_right,P13_HV1_3,P13_HV1.1.asc,HV3,60,initiator_active,14903,1,248383.33,248383.3343,3.0,3.0,28.492318,102.572344,6.0,492.99104,-5493.67073,0.049354,-0.01601,0.0,28.493655,0.001427,0.0,5493.838593,-58.081608,6.277548,1.0,0.0,0.0,0.0,5537.104701,-54.892073,1021.0,6.0,536.715373,7.0,-0.020695,39.382694,141.777699,39.382602,-0.085342,-2.6e-05,0.22111,0.012718,-0.000172,0.053223,0.4755,0.0,0.0,1.0,0.0,0.0,-9999.0,-9999.0,-9999.0,-9999.0,-9999.0,-9999.0,-9999.0,-9999.0,-9999.0,-9999.0,-9999.0,-9999.0,-9999.0,-9999.0
P13_HV1_3_interaction,active_and_state_lat_and_long_zero_last_source_row_continuous_segment,P13,HV1,3,keep_right,P13_HV1_3,P13_HV1.1.asc,HV3,60,initiator_active,14904,1,248400.0,248400.0001,3.0,3.0,28.493236,102.575651,6.0,493.465924,-5494.145608,0.052415,-0.017972,0.0,28.494508,0.001408,0.0,5494.313483,-58.084264,6.277539,1.0,0.0,0.0,0.0,5537.761057,-54.891955,1021.0,6.0,537.371721,7.0,-0.017262,39.38638,141.790967,39.38629,-0.0843,-3e-05,0.221159,-0.010764,-0.000247,0.061073,0.4755,0.0,0.0,1.0,0.0,0.0,-9999.0,-9999.0,-9999.0,-9999.0,-9999.0,-9999.0,-9999.0,-9999.0,-9999.0,-9999.0,-9999.0,-9999.0,-9999.0,-9999.0
P13_HV1_3_interaction,active_and_state_lat_and_long_zero_last_source_row_continuous_segment,P13,HV1,3,keep_right,P13_HV1_3,P13_HV1.1.asc,HV3,60,initiator_active,14905,1,248416.67,248416.6678,3.0,3.0,28.494066,102.578638,6.0,493.940822,-5494.620499,0.049323,-0.017986,0.0,28.495362,0.001385,0.0,5494.788388,-58.086926,6.277529,1.0,0.0,0.0,0.0,5538.417475,-54.891827,1021.0,6.0,538.028129,7.0,-0.01382,39.390065,141.804235,39.389978,-0.082633,-3.4e-05,0.220994,-0.029967,-0.000333,0.066568,0.4755,0.0,0.0,1.0,0.0,0.0,-9999.0,-9999.0,-9999.0,-9999.0,-9999.0,-9999.0,-9999.0,-9999.0,-9999.0,-9999.0,-9999.0,-9999.0,-9999.0,-9999.0
P13_HV1_3_interaction,active_and_state_lat_and_long_zero_last_source_row_continuous_segment,P13,HV1,3,keep_right,P13_HV1_3,P13_HV1.1.asc,HV3,60,initiator_active,14906,1,248433.33,248433.3334,3.0,3.0,28.494945,102.581803,6.0,494.415734,-5495.095406,0.049285,-0.018229,0.0,28.496183,0.001374,0.0,5495.263306,-58.089593,6.277518,1.0,0.0,0.0,0.0,5539.073954,-54.891694,1021.0,6.0,538.684599,7.0,-0.010372,39.393746,141.817487,39.393665,-0.080258,-4.1e-05,0.22068,-0.046279,-0.000417,0.070179,0.4755,0.0,0.0,1.0,0.0,0.0,-9999.0,-9999.0,-9999.0,-9999.0,-9999.0,-9999.0,-9999.0,-9999.0,-9999.0,-9999.0,-9999.0,-9999.0,-9999.0,-9999.0
P13_HV1_3_interaction,active_and_state_lat_and_long_zero_last_source_row_continuous_segment,P13,HV1,3,keep_right,P13_HV1_3,P13_HV1.1.asc,HV3,60,initiator_active,14907,1,248450.0,248450.001,3.0,3.0,28.495773,102.584782,6.0,494.89066,-5495.570326,0.049405,-0.02159,0.0,28.497005,0.001357,0.0,5495.738239,-58.092266,6.277507,1.0,0.0,0.0,0.0,5539.730494,-54.89156,1021.0,6.0,539.34113,7.0,-0.006923,39.397424,141.830726,39.397349,-0.077108,-4.8e-05,0.220495,-0.057421,-0.000489,0.070964,0.4755,0.0,0.0,1.0,0.0,0.0,-9999.0,-9999.0,-9999.0,-9999.0,-9999.0,-9999.0,-9999.0,-9999.0,-9999.0,-9999.0,-9999.0,-9999.0,-9999.0,-9999.0
P13_HV1_3_interaction,active_and_state_lat_and_long_zero_last_source_row_continuous_segment,P13,HV1,3,keep_right,P13_HV1_3,P13_HV1.1.asc,HV3,60,initiator_active,14908,1,248466.67,248466.6676,3.0,3.0,28.496594,102.587737,6.0,495.365599,-5496.04526,0.049468,-0.024308,0.0,28.497829,0.001326,0.0,5496.213185,-58.094944,6.277495,1.0,0.0,0.0,0.0,5540.387096,-54.89143,1021.0,6.0,539.997723,7.0,-0.003476,39.401099,141.843958,39.401031,-0.073224,-5.7e-05,0.220355,-0.068491,-0.000535,0.070179,0.4755,0.0,0.0,1.0,0.0,0.0,-9999.0,-9999.0,-9999.0,-9999.0,-9999.0,-9999.0,-9999.0,-9999.0,-9999.0,-9999.0,-9999.0,-9999.0,-9999.0,-9999.0
P13_HV1_3_interaction,active_and_state_lat_and_long_zero_last_source_row_continuous_segment,P13,HV1,3,keep_right,P13_HV1_3,P13_HV1.1.asc,HV3,60,initiator_active,14909,1,248483.33,248483.3341,3.0,3.0,28.497417,102.5907,6.0,495.840553,-5496.520208,0.0495,-0.024534,0.0,28.498653,0.001285,0.0,5496.688144,-58.097629,6.277483,1.0,0.0,0.0,0.0,5541.043759,-54.891306,1021.0,6.0,540.654377,7.0,-3.6e-05,39.404773,141.857183,39.404713,-0.068622,-6.6e-05,0.220253,-0.075555,-0.000544,0.067667,0.4755,0.0,0.0,1.0,0.0,0.0,-9999.0,-9999.0,-9999.0,-9999.0,-9999.0,-9999.0,-9999.0,-9999.0,-9999.0,-9999.0,-9999.0,-9999.0,-9999.0,-9999.0
P13_HV1_3_interaction,active_and_state_lat_and_long_zero_last_source_row_continuous_segment,P13,HV1,3,keep_right,P13_HV1_3,P13_HV1.1.asc,HV3,60,initiator_active,14910,1,248500.0,248500.0001,3.0,3.0,28.498241,102.593667,6.0,496.31552,-5496.995169,0.049519,-0.03104,0.0,28.499478,0.001244,0.0,5497.163118,-58.100322,6.277469,1.0,0.0,0.0,0.0,5541.700483,-54.891192,1021.0,6.0,541.311092,7.0,0.003394,39.408445,141.870402,39.408394,-0.063432,-7.5e-05,0.22014,-0.08522,-0.000514,0.065783,0.4755,0.0,0.0,1.0,0.0,0.0,-9999.0,-9999.0,-9999.0,-9999.0,-9999.0,-9999.0,-9999.0,-9999.0,-9999.0,-9999.0,-9999.0,-9999.0,-9999.0,-9999.0
P13_HV1_3_interaction,active_and_state_lat_and_long_zero_last_source_row_continuous_segment,P13,HV1,3,keep_right,P13_HV1_3,P13_HV1.1.asc,HV3,60,initiator_active,14911,1,248516.67,248516.6678,3.0,3.0,28.499066,102.596637,6.0,496.790501,-5497.470144,0.053392,-0.032041,0.0,28.500304,0.001158,0.0,5497.638105,-58.103022,6.277453,1.0,0.0,0.0,0.0,5542.357268,-54.891091,1021.0,6.0,541.967868,7.0,0.006812,39.412115,141.883616,39.412073,-0.057737,-8.3e-05,0.220055,-0.093758,-0.000447,0.062957,0.4755,0.0,0.0,1.0,0.0,0.0,-9999.0,-9999.0,-9999.0,-9999.0,-9999.0,-9999.0,-9999.0,-9999.0,-9999.0,-9999.0,-9999.0,-9999.0,-9999.0,-9999.0
P13_HV1_3_interaction,active_and_state_lat_and_long_zero_last_source_row_continuous_segment,P13,HV1,3,keep_right,P13_HV1_3,P13_HV1.1.asc,HV3,60,initiator_active,14912,1,248533.33,248533.3344,3.0,3.0,28.499891,102.599608,6.0,497.265495,-5497.945134,0.050151,-0.039346,0.0,28.501188,0.001091,0.0,5498.113106,-58.105732,6.277435,1.0,0.0,0.0,0.0,5543.014114,-54.891008,1021.0,6.0,542.624706,7.0,0.010212,39.415784,141.896823,39.41575,-0.051688,-9e-05,0.219946,-0.106013,-0.000352,0.06123,0.4755,0.0,0.0,1.0,0.0,0.0,-9999.0,-9999.0,-9999.0,-9999.0,-9999.0,-9999.0,-9999.0,-9999.0,-9999.0,-9999.0,-9999.0,-9999.0,-9999.0,-9999.0
P13_HV1_3_interaction,active_and_state_lat_and_long_zero_last_source_row_continuous_segment,P13,HV1,3,keep_right,P13_HV1_3,P13_HV1.1.asc,HV3,60,initiator_active,14913,1,248550.0,248550.0009,3.0,3.0,28.500749,102.602695,6.0,497.740504,-5498.420137,0.052436,-0.044543,0.0,28.50205,0.00104,0.0,5498.588121,-58.108453,6.277414,1.0,0.0,0.0,0.0,5543.671022,-54.890945,1021.0,6.0,543.281604,7.0,0.013592,39.419451,141.910024,39.419425,-0.045408,-9.4e-05,0.219813,-0.12125,-0.00024,0.060445,0.4755,0.0,0.0,1.0,0.0,0.0,-9999.0,-9999.0,-9999.0,-9999.0,-9999.0,-9999.0,-9999.0,-9999.0,-9999.0,-9999.0,-9999.0,-9999.0,-9999.0,-9999.0
P13_HV1_3_interaction,active_and_state_lat_and_long_zero_last_source_row_continuous_segment,P13,HV1,3,keep_right,P13_HV1_3,P13_HV1.1.asc,HV3,60,initiator_active,14914,1,248566.67,248566.6675,3.0,3.0,28.501605,102.60578,6.0,498.215527,-5498.895154,0.049269,-0.048445,0.0,28.502903,0.000989,0.0,5499.063151,-58.111187,6.277389,1.0,0.0,0.0,0.0,5544.32799,-54.890909,1021.0,6.0,543.938565,7.0,0.016946,39.423115,141.923216,39.423096,-0.038979,-9.7e-05,0.219677,-0.137648,-0.000125,0.059974,0.4755,0.0,0.0,1.0,0.0,0.0,-9999.0,-9999.0,-9999.0,-9999.0,-9999.0,-9999.0,-9999.0,-9999.0,-9999.0,-9999.0,-9999.0,-9999.0,-9999.0,-9999.0
P13_HV1_3_interaction,active_and_state_lat_and_long_zero_last_source_row_continuous_segment,P13,HV1,3,keep_right,P13_HV1_3,P13_HV1.1.asc,HV3,60,initiator_active,14915,1,248583.33,248583.3335,3.0,3.0,28.502487,102.608951,6.0,498.690565,-5499.370187,0.0461,-0.054903,0.0,28.503691,0.000956,0.0,5499.538195,-58.113934,6.277361,1.0,0.0,0.0,0.0,5544.98502,-54.890904,1021.0,6.0,544.595586,7.0,0.020269,39.426778,141.936399,39.426764,-0.032472,-9.8e-05,0.219549,-0.155431,-2.5e-05,0.059974,0.4755,0.0,0.0,1.0,0.0,0.0,-9999.0,-9999.0,-9999.0,-9999.0,-9999.0,-9999.0,-9999.0,-9999.0,-9999.0,-9999.0,-9999.0,-9999.0,-9999.0,-9999.0
P13_HV1_3_interaction,active_and_state_lat_and_long_zero_last_source_row_continuous_segment,P13,HV1,3,keep_right,P13_HV1_3,P13_HV1.1.asc,HV3,60,initiator_active,14916,1,248600.01,248600.0088,3.0,3.0,28.503313,102.611928,6.0,499.165616,-5499.845233,0.008863,-0.056136,0.0,28.504062,0.000965,0.0,5500.013252,-58.116697,6.277328,1.0,0.0,0.0,0.0,5545.642111,-54.890936,1021.0,6.0,545.252668,7.0,0.023556,39.430437,141.949575,39.430429,-0.025933,-9.8e-05,0.219422,-0.173289,5.3e-05,0.060288,0.4755,0.0,0.0,1.0,0.0,0.0,-9999.0,-9999.0,-9999.0,-9999.0,-9999.0,-9999.0,-9999.0,-9999.0,-9999.0,-9999.0,-9999.0,-9999.0,-9999.0,-9999.0
P13_HV1_3_interaction,active_and_state_lat_and_long_zero_last_source_row_continuous_segment,P13,HV1,3,keep_right,P13_HV1_3,P13_HV1.1.asc,HV3,60,initiator_active,14917,1,248616.67,248616.6676,3.0,3.0,28.504075,102.61467,6.0,499.640681,-5500.320292,-0.057132,-0.063221,0.0,28.504485,0.001096,0.0,5500.488312,-58.119476,6.27729,1.0,0.0,0.0,0.0,5546.299263,-54.891009,1021.0,6.0,545.909812,7.0,0.026801,39.434095,141.962741,39.43409,-0.0194,-9.7e-05,0.219293,-0.191113,0.000103,0.059974,0.4755,0.0,0.0,1.0,0.0,0.0,-9999.0,-9999.0,-9999.0,-9999.0,-9999.0,-9999.0,-9999.0,-9999.0,-9999.0,-9999.0,-9999.0,-9999.0,-9999.0,-9999.0
P13_HV1_3_interaction,active_and_state_lat_and_long_zero_last_source_row_continuous_segment,P13,HV1,3,keep_right,P13_HV1_3,P13_HV1.1.asc,HV3,60,initiator_active,14918,1,248633.33,248633.3336,3.0,3.0,28.504136,102.61489,6.0,500.115749,-5500.795355,0.046703,-0.066396,0.0,28.503754,0.001249,0.0,5500.963374,-58.122274,6.277247,1.0,0.0,0.0,0.0,5546.956476,-54.89113,1021.0,6.0,546.567017,7.0,0.029999,39.43775,141.975899,39.437748,-0.012909,-9.5e-05,0.219164,-0.208834,0.000129,0.059974,0.4755,0.0,0.0,1.0,0.0,0.0,-9999.0,-9999.0,-9999.0,-9999.0,-9999.0,-9999.0,-9999.0,-9999.0,-9999.0,-9999.0,-9999.0,-9999.0,-9999.0,-9999.0
P13_HV1_3_interaction,active_and_state_lat_and_long_zero_last_source_row_continuous_segment,P13,HV1,3,keep_right,P13_HV1_3,P13_HV1.1.asc,HV3,60,initiator_active,14919,1,248650.01,248650.0102,3.0,3.0,28.504009,102.614431,6.0,500.59082,-5501.270421,0.06654,-0.066761,0.0,28.504693,0.001517,0.0,5501.438432,-58.12509,6.277199,1.0,0.0,0.0,0.0,5547.613749,-54.891304,1021.0,6.0,547.224284,7.0,0.033144,39.441402,141.989047,39.441401,-0.006492,-9.2e-05,0.219034,-0.226368,0.000134,0.059974,0.4755,0.0,0.0,1.0,0.0,0.0,-9999.0,-9999.0,-9999.0,-9999.0,-9999.0,-9999.0,-9999.0,-9999.0,-9999.0,-9999.0,-9999.0,-9999.0,-9999.0,-9999.0
P13_HV1_3_interaction,active_and_state_lat_and_long_zero_last_source_row_continuous_segment,P13,HV1,3,keep_right,P13_HV1_3,P13_HV1.1.asc,HV3,60,initiator_active,14920,1,248666.67,248666.6673,3.0,3.0,28.504143,102.614916,6.0,501.065885,-5501.745482,0.058858,-0.072612,0.0,28.505786,0.001883,0.0,5501.913506,-58.127926,6.277147,1.0,0.0,0.0,0.0,5548.271084,-54.891536,1021.0,6.0,547.881611,7.0,0.036232,39.445051,142.002185,39.445051,-0.000178,-9e-05,0.218904,-0.243641,0.000127,0.059974,0.4755,0.0,0.0,1.0,0.0,0.0,-9999.0,-9999.0,-9999.0,-9999.0,-9999.0,-9999.0,-9999.0,-9999.0,-9999.0,-9999.0,-9999.0,-9999.0,-9999.0,-9999.0
P13_HV1_3_interaction,active_and_state_lat_and_long_zero_last_source_row_continuous_segment,P13,HV1,3,keep_right,P13_HV1_3,P13_HV1.1.asc,HV3,60,initiator_active,14921,1,248683.33,248683.3336,3.0,3.0,28.505247,102.61889,6.0,501.540968,-5502.220559,0.056563,-0.073899,0.0,28.506729,0.002292,0.0,5502.388598,-58.130782,6.27709,1.0,0.0,0.0,0.0,5548.928479,-54.891831,1021.0,6.0,548.538999,7.0,0.039256,39.448698,142.015313,39.448698,0.006005,-8.8e-05,0.218775,-0.260585,0.000114,0.059974,0.4755,0.0,0.0,1.0,0.0,0.0,-9999.0,-9999.0,-9999.0,-9999.0,-9999.0,-9999.0,-9999.0,-9999.0,-9999.0,-9999.0,-9999.0,-9999.0,-9999.0,-9999.0
P13_HV1_3_interaction,active_and_state_lat_and_long_zero_last_source_row_continuous_segment,P13,HV1,3,keep_right,P13_HV1_3,P13_HV1.1.asc,HV3,60,initiator_active,14922,1,248700.0,248700.0009,3.0,3.0,28.506276,102.622594,6.0,502.016068,-5502.695655,0.059568,-0.077017,0.0,28.507693,0.002788,0.0,5502.863705,-58.133659,6.277029,1.0,0.0,0.0,0.0,5549.585935,-54.892195,1021.0,6.0,549.196449,7.0,0.042212,39.452342,142.028431,39.45234,0.012036,-8.6e-05,0.218647,-0.277139,9.9e-05,0.059974,0.4755,0.0,0.0,1.0,0.0,0.0,-9999.0,-9999.0,-9999.0,-9999.0,-9999.0,-9999.0,-9999.0,-9999.0,-9999.0,-9999.0,-9999.0,-9999.0,-9999.0,-9999.0
P13_HV1_3_interaction,active_and_state_lat_and_long_zero_last_source_row_continuous_segment,P13,HV1,3,keep_right,P13_HV1_3,P13_HV1.1.asc,HV3,60,initiator_active,14923,1,248716.67,248716.6674,3.0,3.0,28.5072,102.62592,6.0,502.491184,-5503.170766,0.051333,-0.078184,0.0,28.508684,0.003347,0.0,5503.338829,-58.136559,6.276964,1.0,0.0,0.0,0.0,5550.243452,-54.892633,1021.0,6.0,549.85396,7.0,0.045095,39.455983,142.041538,39.455979,0.017893,-8.5e-05,0.218519,-0.293248,8.7e-05,0.059974,0.47575,0.0,0.0,1.0,0.0,0.0,-9999.0,-9999.0,-9999.0,-9999.0,-9999.0,-9999.0,-9999.0,-9999.0,-9999.0,-9999.0,-9999.0,-9999.0,-9999.0,-9999.0
P13_HV1_3_interaction,active_and_state_lat_and_long_zero_last_source_row_continuous_segment,P13,HV1,3,keep_right,P13_HV1_3,P13_HV1.1.asc,HV3,60,initiator_active,14924,1,248733.33,248733.3339,3.0,3.0,28.508189,102.629481,6.0,502.966316,-5503.645894,0.054124,-0.079691,0.0,28.509516,0.003978,0.0,5503.813968,-58.13948,6.276896,1.0,0.0,0.0,0.0,5550.90103,-54.893149,1021.0,6.0,550.511531,7.0,0.0479,39.459621,142.054635,39.459614,0.02356,-8.3e-05,0.218392,-0.308862,8e-05,0.059974,0.4755,0.0,0.0,1.0,0.0,0.0,-9999.0,-9999.0,-9999.0,-9999.0,-9999.0,-9999.0,-9999.0,-9999.0,-9999.0,-9999.0,-9999.0,-9999.0,-9999.0,-9999.0
P13_HV1_3_interaction,active_and_state_lat_and_long_zero_last_source_row_continuous_segment,P13,HV1,3,keep_right,P13_HV1_3,P13_HV1.1.asc,HV3,60,initiator_active,14925,1,248750.0,248750.0,3.0,3.0,28.509111,102.632801,6.0,503.441464,-5504.121038,0.054738,-0.080624,0.0,28.510449,0.004642,0.0,5504.289121,-58.142425,6.276826,1.0,0.0,0.0,0.0,5551.558668,-54.893748,1021.0,6.0,551.169164,7.0,0.050622,39.463256,142.067721,39.463245,0.029021,-8.2e-05,0.218265,-0.32394,7.8e-05,0.059974,0.4755,0.0,0.0,1.0,0.0,0.0,-9999.0,-9999.0,-9999.0,-9999.0,-9999.0,-9999.0,-9999.0,-9999.0,-9999.0,-9999.0,-9999.0,-9999.0,-9999.0,-9999.0
P13_HV1_3_interaction,active_and_state_lat_and_long_zero_last_source_row_continuous_segment,P13,HV1,3,keep_right,P13_HV1_3,P13_HV1.1.asc,HV3,60,initiator_active,14926,1,248766.67,248766.6675,3.0,3.0,28.509967,102.635883,6.0,503.916626,-5504.596195,0.050541,-0.084286,0.0,28.511334,0.005329,0.0,5504.76429,-58.145391,6.276755,1.0,0.0,0.0,0.0,5552.216367,-54.894434,1021.0,6.0,551.826858,7.0,0.053257,39.466888,142.080796,39.466873,0.034262,-8.1e-05,0.218138,-0.338444,8.2e-05,0.059974,0.4755,0.0,0.0,1.0,0.0,0.0,-9999.0,-9999.0,-9999.0,-9999.0,-9999.0,-9999.0,-9999.0,-9999.0,-9999.0,-9999.0,-9999.0,-9999.0,-9999.0,-9999.0
P13_HV1_3_interaction,active_and_state_lat_and_long_zero_last_source_row_continuous_segment,P13,HV1,3,keep_right,P13_HV1_3,P13_HV1.1.asc,HV3,60,initiator_active,14927,1,248783.33,248783.3342,3.0,3.0,28.510905,102.639259,6.0,504.391804,-5505.071369,0.05724,-0.084539,0.0,28.512206,0.005999,0.0,5505.239473,-58.148381,6.276682,1.0,0.0,0.0,0.0,5552.874126,-54.895213,1021.0,6.0,552.484613,7.0,0.0558,39.470517,142.09386,39.470497,0.039275,-7.9e-05,0.218012,-0.352345,9.1e-05,0.059974,0.4755,0.0,0.0,1.0,0.0,0.0,-9999.0,-9999.0,-9999.0,-9999.0,-9999.0,-9999.0,-9999.0,-9999.0,-9999.0,-9999.0,-9999.0,-9999.0,-9999.0,-9999.0
P13_HV1_3_interaction,active_and_state_lat_and_long_zero_last_source_row_continuous_segment,P13,HV1,3,keep_right,P13_HV1_3,P13_HV1.1.asc,HV3,60,initiator_active,14928,1,248800.01,248800.0068,3.0,3.0,28.511755,102.642318,6.0,504.866996,-5505.546557,0.057626,-0.087904,0.0,28.513164,0.006642,0.0,5505.714671,-58.151395,6.27661,1.0,0.0,0.0,0.0,5553.531945,-54.896088,1021.0,6.0,553.142428,7.0,0.058247,39.474142,142.106913,39.474118,0.04405,-7.8e-05,0.217887,-0.365623,0.000104,0.060288,0.4755,0.0,0.0,1.0,0.0,0.0,-9999.0,-9999.0,-9999.0,-9999.0,-9999.0,-9999.0,-9999.0,-9999.0,-9999.0,-9999.0,-9999.0,-9999.0,-9999.0,-9999.0
P13_HV1_3_interaction,active_and_state_lat_and_long_zero_last_source_row_continuous_segment,P13,HV1,3,keep_right,P13_HV1_3,P13_HV1.1.asc,HV3,60,initiator_active,14929,1,248816.67,248816.6674,3.0,3.0,28.512683,102.645659,6.0,505.342203,-5506.02176,0.056966,-0.090454,0.0,28.514122,0.007234,0.0,5506.189885,-58.154432,6.276537,1.0,0.0,0.0,0.0,5554.189825,-54.897063,1021.0,6.0,553.800304,7.0,0.060594,39.477765,142.119955,39.477735,0.048582,-7.6e-05,0.217762,-0.37825,0.00012,0.060445,0.4755,0.0,0.0,1.0,0.0,0.0,-9999.0,-9999.0,-9999.0,-9999.0,-9999.0,-9999.0,-9999.0,-9999.0,-9999.0,-9999.0,-9999.0,-9999.0,-9999.0,-9999.0
P13_HV1_3_interaction,active_and_state_lat_and_long_zero_last_source_row_continuous_segment,P13,HV1,3,keep_right,P13_HV1_3,P13_HV1.1.asc,HV3,60,initiator_active,14930,1,248833.33,248833.3336,3.0,3.0,28.513644,102.64912,6.0,505.817426,-5506.496979,0.061013,-0.094052,0.0,28.515036,0.007779,0.0,5506.665114,-58.157495,6.276464,1.0,0.0,0.0,0.0,5554.847765,-54.898142,1021.0,6.0,554.458241,7.0,0.062838,39.481385,142.132986,39.48135,0.052866,-7.4e-05,0.217638,-0.390223,0.000138,0.060916,0.4755,0.0,0.0,1.0,0.0,0.0,-9999.0,-9999.0,-9999.0,-9999.0,-9999.0,-9999.0,-9999.0,-9999.0,-9999.0,-9999.0,-9999.0,-9999.0,-9999.0,-9999.0
P13_HV1_3_interaction,active_and_state_lat_and_long_zero_last_source_row_continuous_segment,P13,HV1,3,keep_right,P13_HV1_3,P13_HV1.1.asc,HV3,60,initiator_active,14931,1,248850.0,248850.0008,3.0,3.0,28.514596,102.652546,6.0,506.292665,-5506.972215,0.057335,-0.094808,0.0,28.516059,0.008258,0.0,5507.140359,-58.160583,6.276392,1.0,0.0,0.0,0.0,5555.505765,-54.899329,1021.0,6.0,555.116239,7.0,0.064974,39.485002,142.146006,39.484961,0.056896,-7.1e-05,0.217513,-0.401765,0.000157,0.061073,0.4755,0.0,0.0,1.0,0.0,0.0,-9999.0,-9999.0,-9999.0,-9999.0,-9999.0,-9999.0,-9999.0,-9999.0,-9999.0,-9999.0,-9999.0,-9999.0,-9999.0,-9999.0
P13_HV1_3_interaction,active_and_state_lat_and_long_zero_last_source_row_continuous_segment,P13,HV1,3,keep_right,P13_HV1_3,P13_HV1.1.asc,HV3,60,initiator_active,14932,1,248866.67,248866.6676,3.0,3.0,28.515544,102.655959,6.0,506.767919,-5507.447466,0.04527,-0.097343,0.0,28.516938,0.008706,0.0,5507.61562,-58.163697,6.276321,1.0,0.0,0.0,0.0,5556.163825,-54.900627,1021.0,6.0,555.774298,7.0,0.066999,39.488616,142.159017,39.488569,0.060662,-6.8e-05,0.21746,-0.413555,0.000177,0.061544,0.4755,0.0,0.0,1.0,0.0,0.0,-9999.0,-9999.0,-9999.0,-9999.0,-9999.0,-9999.0,-9999.0,-9999.0,-9999.0,-9999.0,-9999.0,-9999.0,-9999.0,-9999.0
P13_HV1_3_interaction,active_and_state_lat_and_long_zero_last_source_row_continuous_segment,P13,HV1,3,keep_right,P13_HV1_3,P13_HV1.1.asc,HV3,60,initiator_active,14933,1,248883.33,248883.3336,3.0,3.0,28.516537,102.659533,6.0,507.24319,-5507.922733,0.051618,-0.097444,0.0,28.517706,0.009092,0.0,5508.090895,-58.166839,6.27625,1.0,0.0,0.0,0.0,5556.821945,-54.902039,1021.0,6.0,556.432416,7.0,0.06891,39.492229,142.172026,39.492177,0.06417,-6.5e-05,0.217447,-0.424657,0.000197,0.062015,0.4755,0.0,0.0,1.0,0.0,0.0,-9999.0,-9999.0,-9999.0,-9999.0,-9999.0,-9999.0,-9999.0,-9999.0,-9999.0,-9999.0,-9999.0,-9999.0,-9999.0,-9999.0
P13_HV1_3_interaction,active_and_state_lat_and_long_zero_last_source_row_continuous_segment,P13,HV1,3,keep_right,P13_HV1_3,P13_HV1.1.asc,HV3,60,initiator_active,14934,1,248900.0,248900.0008,3.0,3.0,28.517315,102.662333,6.0,507.718475,-5508.398015,0.055764,-0.099509,0.0,28.518594,0.009447,0.0,5508.566184,-58.170007,6.27618,1.0,0.0,0.0,0.0,5557.480126,-54.90357,1021.0,6.0,557.090596,7.0,0.070704,39.495839,142.18502,39.495781,0.06744,-6.2e-05,0.217198,-0.434312,0.000215,0.062172,0.4755,0.0,0.0,1.0,0.0,0.0,-9999.0,-9999.0,-9999.0,-9999.0,-9999.0,-9999.0,-9999.0,-9999.0,-9999.0,-9999.0,-9999.0,-9999.0,-9999.0,-9999.0
P13_HV1_3_interaction,active_and_state_lat_and_long_zero_last_source_row_continuous_segment,P13,HV1,3,keep_right,P13_HV1_3,P13_HV1.1.asc,HV3,60,initiator_active,14935,1,248916.68,248916.6811,3.0,3.0,28.518136,102.66529,6.0,508.193773,-5508.87331,0.035942,-0.100927,0.0,28.519362,0.009738,0.0,5509.041487,-58.173202,6.276111,1.0,0.0,0.0,0.0,5558.138366,-54.90522,1021.0,6.0,557.748836,7.0,0.072377,39.499444,142.197999,39.499381,0.070478,-5.8e-05,0.217028,-0.443342,0.000229,0.062329,0.4755,0.0,0.0,1.0,0.0,0.0,-9999.0,-9999.0,-9999.0,-9999.0,-9999.0,-9999.0,-9999.0,-9999.0,-9999.0,-9999.0,-9999.0,-9999.0,-9999.0,-9999.0
P13_HV1_3_interaction,active_and_state_lat_and_long_zero_last_source_row_continuous_segment,P13,HV1,3,keep_right,P13_HV1_3,P13_HV1.1.asc,HV3,60,initiator_active,14936,1,248933.34,248933.3409,3.0,3.0,28.519059,102.668612,6.0,508.669086,-5509.348621,0.047991,-0.100643,0.0,28.520037,0.009991,0.0,5509.516801,-58.176425,6.276044,1.0,0.0,0.0,0.0,5558.796666,-54.906994,1021.0,6.0,558.407136,7.0,0.073927,39.503046,142.210966,39.502978,0.073293,-5.4e-05,0.216894,-0.451363,0.00024,0.062172,0.4755,0.0,0.0,1.0,0.0,0.0,-9999.0,-9999.0,-9999.0,-9999.0,-9999.0,-9999.0,-9999.0,-9999.0,-9999.0,-9999.0,-9999.0,-9999.0,-9999.0,-9999.0
P13_HV1_3_interaction,active_and_state_lat_and_long_zero_last_source_row_continuous_segment,P13,HV1,3,keep_right,P13_HV1_3,P13_HV1.1.asc,HV3,60,initiator_active,14937,1,248950.0,248950.0007,3.0,3.0,28.519661,102.67078,6.0,509.144411,-5509.823942,0.052521,-0.098894,0.0,28.520842,0.010213,0.0,5509.992127,-58.179676,6.275978,1.0,0.0,0.0,0.0,5559.455025,-54.908894,1021.0,6.0,559.065497,7.0,0.075352,39.506645,142.223923,39.506572,0.075889,-5e-05,0.216772,-0.458794,0.000248,0.062172,0.4755,0.0,0.0,1.0,0.0,0.0,-9999.0,-9999.0,-9999.0,-9999.0,-9999.0,-9999.0,-9999.0,-9999.0,-9999.0,-9999.0,-9999.0,-9999.0,-9999.0,-9999.0
P13_HV1_3_interaction,active_and_state_lat_and_long_zero_last_source_row_continuous_segment,P13,HV1,3,keep_right,P13_HV1_3,P13_HV1.1.asc,HV3,60,initiator_active,14938,1,248966.67,248966.6678,3.0,3.0,28.520437,102.673573,6.0,509.619747,-5510.299276,0.056787,-0.099147,0.0,28.52171,0.010404,0.0,5510.467467,-58.182954,6.275913,1.0,0.0,0.0,0.0,5560.113444,-54.910922,1021.0,6.0,559.723918,7.0,0.07665,39.510242,142.236871,39.510164,0.07827,-4.6e-05,0.216654,-0.465636,0.000256,0.062015,0.4755,0.0,0.0,1.0,0.0,0.0,-9999.0,-9999.0,-9999.0,-9999.0,-9999.0,-9999.0,-9999.0,-9999.0,-9999.0,-9999.0,-9999.0,-9999.0,-9999.0,-9999.0
P13_HV1_3_interaction,active_and_state_lat_and_long_zero_last_source_row_continuous_segment,P13,HV1,3,keep_right,P13_HV1_3,P13_HV1.1.asc,HV3,60,initiator_active,14939,1,248983.34,248983.3419,3.0,3.0,28.521279,102.676605,6.0,510.095098,-5510.774624,0.056319,-0.097985,0.0,28.522669,0.010562,0.0,5510.942821,-58.18626,6.27585,1.0,0.0,0.0,0.0,5560.771923,-54.913079,1021.0,6.0,560.382399,7.0,0.077818,39.513836,142.249809,39.513754,0.080442,-4.1e-05,0.216538,-0.471907,0.000263,0.062015,0.4755,0.0,0.0,1.0,0.0,0.0,-9999.0,-9999.0,-9999.0,-9999.0,-9999.0,-9999.0,-9999.0,-9999.0,-9999.0,-9999.0,-9999.0,-9999.0,-9999.0,-9999.0
P13_HV1_3_interaction,active_and_state_lat_and_long_zero_last_source_row_continuous_segment,P13,HV1,3,keep_right,P13_HV1_3,P13_HV1.1.asc,HV3,60,initiator_active,14940,1,249000.0,249000.0007,3.0,3.0,28.522183,102.679857,6.0,510.570462,-5511.249987,0.048178,-0.097052,0.0,28.523568,0.01069,0.0,5511.418191,-58.189592,6.275788,1.0,0.0,0.0,0.0,5561.430461,-54.915368,1021.0,6.0,561.040941,7.0,0.078854,39.517427,142.262738,39.517341,0.082408,-3.7e-05,0.216423,-0.477612,0.000269,0.061701,0.4755,0.0,0.0,1.0,0.0,0.0,-9999.0,-9999.0,-9999.0,-9999.0,-9999.0,-9999.0,-9999.0,-9999.0,-9999.0,-9999.0,-9999.0,-9999.0,-9999.0,-9999.0
P13_HV1_3_interaction,active_and_state_lat_and_long_zero_last_source_row_continuous_segment,P13,HV1,3,keep_right,P13_HV1_3,P13_HV1.1.asc,HV3,60,initiator_active,14941,1,249016.67,249016.6669,3.0,3.0,28.523138,102.683297,6.0,511.045843,-5511.725366,0.044327,-0.096123,0.0,28.524332,0.010783,0.0,5511.893575,-58.192952,6.275728,1.0,0.0,0.0,0.0,5562.089059,-54.917791,1021.0,6.0,561.699542,7.0,0.079757,39.521016,142.275658,39.520926,0.084179,-3.2e-05,0.216309,-0.482524,0.000275,0.06123,0.4755,0.0,0.0,1.0,0.0,0.0,-9999.0,-9999.0,-9999.0,-9999.0,-9999.0,-9999.0,-9999.0,-9999.0,-9999.0,-9999.0,-9999.0,-9999.0,-9999.0,-9999.0
P13_HV1_3_interaction,active_and_state_lat_and_long_zero_last_source_row_continuous_segment,P13,HV1,3,keep_right,P13_HV1_3,P13_HV1.1.asc,HV3,60,initiator_active,14942,1,249033.33,249033.3344,3.0,3.0,28.523969,102.686289,6.0,511.521238,-5512.200759,0.054943,-0.093848,0.0,28.525125,0.010851,0.0,5512.368972,-58.196338,6.27567,1.0,0.0,0.0,0.0,5562.747716,-54.920349,1021.0,6.0,562.358204,7.0,0.080525,39.524603,142.28857,39.52451,0.085777,-2.8e-05,0.2162,-0.4856,0.000278,0.060602,0.47525,0.0,0.0,1.0,0.0,0.0,-9999.0,-9999.0,-9999.0,-9999.0,-9999.0,-9999.0,-9999.0,-9999.0,-9999.0,-9999.0,-9999.0,-9999.0,-9999.0,-9999.0
P13_HV1_3_interaction,active_and_state_lat_and_long_zero_last_source_row_continuous_segment,P13,HV1,3,keep_right,P13_HV1_3,P13_HV1.1.asc,HV3,60,initiator_active,14943,1,249050.0,249050.0004,3.0,3.0,28.524701,102.688924,6.0,511.996646,-5512.676165,0.048822,-0.094804,0.0,28.526015,0.010882,0.0,5512.844382,-58.199749,6.275614,1.0,0.0,0.0,0.0,5563.406432,-54.923044,1021.0,6.0,563.016925,7.0,0.081158,39.528187,142.301474,39.528091,0.087199,-2.3e-05,0.216101,-0.488187,0.000278,0.059974,0.47525,0.0,0.0,1.0,0.0,0.0,-9999.0,-9999.0,-9999.0,-9999.0,-9999.0,-9999.0,-9999.0,-9999.0,-9999.0,-9999.0,-9999.0,-9999.0,-9999.0,-9999.0
P13_HV1_3_interaction,active_and_state_lat_and_long_zero_last_source_row_continuous_segment,P13,HV1,3,keep_right,P13_HV1_3,P13_HV1.1.asc,HV3,60,initiator_active,14944,1,249066.67,249066.6667,3.0,3.0,28.525582,102.692097,6.0,512.472068,-5513.151585,0.05105,-0.092846,0.0,28.526854,0.010846,0.0,5513.319807,-58.203187,6.275561,1.0,0.0,0.0,0.0,5564.065207,-54.925875,1021.0,6.0,563.675706,7.0,0.081653,39.53177,142.314371,39.531671,0.088433,-1.9e-05,0.216,-0.491058,0.000277,0.05966,0.4755,0.0,0.0,1.0,0.0,0.0,-9999.0,-9999.0,-9999.0,-9999.0,-9999.0,-9999.0,-9999.0,-9999.0,-9999.0,-9999.0,-9999.0,-9999.0,-9999.0,-9999.0
P13_HV1_3_interaction,active_and_state_lat_and_long_zero_last_source_row_continuous_segment,P13,HV1,3,keep_right,P13_HV1_3,P13_HV1.1.asc,HV3,60,initiator_active,14945,1,249083.33,249083.3344,3.0,3.0,28.526422,102.695119,6.0,512.947503,-5513.627019,0.055019,-0.092098,0.0,28.527716,0.010775,0.0,5513.795245,-58.20665,6.275509,1.0,0.0,0.0,0.0,5564.724041,-54.928844,1021.0,6.0,564.334547,7.0,0.082011,39.53535,142.327261,39.535249,0.089497,-1.4e-05,0.215906,-0.492241,0.000277,0.058875,0.47575,0.0,0.0,1.0,0.0,0.0,-9999.0,-9999.0,-9999.0,-9999.0,-9999.0,-9999.0,-9999.0,-9999.0,-9999.0,-9999.0,-9999.0,-9999.0,-9999.0,-9999.0
P13_HV1_3_interaction,active_and_state_lat_and_long_zero_last_source_row_continuous_segment,P13,HV1,3,keep_right,P13_HV1_3,P13_HV1.1.asc,HV3,60,initiator_active,14946,1,249100.0,249100.001,3.0,3.0,28.527279,102.698204,6.0,513.422953,-5514.102468,0.048613,-0.089717,0.0,28.528605,0.010683,0.0,5514.270698,-58.210139,6.275458,1.0,0.0,0.0,0.0,5565.382935,-54.931952,1021.0,6.0,564.993448,7.0,0.08223,39.538929,142.340145,39.538826,0.090389,-9e-06,0.215812,-0.492941,0.000275,0.05809,0.4755,0.0,0.0,1.0,0.0,0.0,-9999.0,-9999.0,-9999.0,-9999.0,-9999.0,-9999.0,-9999.0,-9999.0,-9999.0,-9999.0,-9999.0,-9999.0,-9999.0,-9999.0
P13_HV1_3_interaction,active_and_state_lat_and_long_zero_last_source_row_continuous_segment,P13,HV1,3,keep_right,P13_HV1_3,P13_HV1.1.asc,HV3,60,initiator_active,14947,1,249116.67,249116.6678,3.0,3.0,28.528174,102.701427,6.0,513.898418,-5514.577931,0.047875,-0.087594,0.0,28.529409,0.010579,0.0,5514.746166,-58.213652,6.27541,1.0,0.0,0.0,0.0,5566.041887,-54.9352,1021.0,6.0,565.652408,7.0,0.082311,39.542506,142.353022,39.542401,0.091116,-5e-06,0.215725,-0.49237,0.000272,0.056991,0.4755,0.0,0.0,1.0,0.0,0.0,-9999.0,-9999.0,-9999.0,-9999.0,-9999.0,-9999.0,-9999.0,-9999.0,-9999.0,-9999.0,-9999.0,-9999.0,-9999.0,-9999.0
P13_HV1_3_interaction,active_and_state_lat_and_long_zero_last_source_row_continuous_segment,P13,HV1,3,keep_right,P13_HV1_3,P13_HV1.1.asc,HV3,60,initiator_active,14948,1,249133.33,249133.3344,3.0,3.0,28.52901,102.704436,6.0,514.373897,-5515.053409,0.048197,-0.085602,0.0,28.530208,0.010456,0.0,5515.221646,-58.21719,6.275363,1.0,0.0,0.0,0.0,5566.700898,-54.938586,1021.0,6.0,566.311428,7.0,0.082253,39.546082,142.365895,39.545976,0.091693,-1e-06,0.215649,-0.489755,0.000266,0.055264,0.4755,0.0,0.0,1.0,0.0,0.0,-9999.0,-9999.0,-9999.0,-9999.0,-9999.0,-9999.0,-9999.0,-9999.0,-9999.0,-9999.0,-9999.0,-9999.0,-9999.0,-9999.0
P13_HV1_3_interaction,active_and_state_lat_and_long_zero_last_source_row_continuous_segment,P13,HV1,3,keep_right,P13_HV1_3,P13_HV1.1.asc,HV3,60,initiator_active,14949,1,249150.0,249150.001,3.0,3.0,28.529808,102.707307,6.0,514.849389,-5515.5289,0.047711,-0.083608,0.0,28.531044,0.010314,0.0,5515.697139,-58.220752,6.275319,1.0,0.0,0.0,0.0,5567.359969,-54.942111,1021.0,6.0,566.970508,7.0,0.082056,39.549657,142.378764,39.549549,0.09211,4e-06,0.215577,-0.48628,0.000259,0.05338,0.4755,0.0,0.0,1.0,0.0,0.0,-9999.0,-9999.0,-9999.0,-9999.0,-9999.0,-9999.0,-9999.0,-9999.0,-9999.0,-9999.0,-9999.0,-9999.0,-9999.0,-9999.0
P13_HV1_3_interaction,active_and_state_lat_and_long_zero_last_source_row_continuous_segment,P13,HV1,3,keep_right,P13_HV1_3,P13_HV1.1.asc,HV3,60,initiator_active,14950,1,249166.67,249166.6671,3.0,3.0,28.530609,102.710192,6.0,515.324894,-5516.004404,0.047879,-0.078168,0.0,28.531824,0.010152,0.0,5516.172647,-58.224337,6.275276,1.0,0.0,0.0,0.0,5568.019097,-54.945774,1021.0,6.0,567.629647,7.0,0.081721,39.55323,142.391629,39.553122,0.092365,8e-06,0.215513,-0.481133,0.000251,0.051025,0.47525,0.0,0.0,1.0,0.0,0.0,-9999.0,-9999.0,-9999.0,-9999.0,-9999.0,-9999.0,-9999.0,-9999.0,-9999.0,-9999.0,-9999.0,-9999.0,-9999.0,-9999.0
P13_HV1_3_interaction,active_and_state_lat_and_long_zero_last_source_row_continuous_segment,P13,HV1,3,keep_right,P13_HV1_3,P13_HV1.1.asc,HV3,60,initiator_active,14951,1,249183.33,249183.3334,3.0,3.0,28.531441,102.713188,6.0,515.800414,-5516.479923,0.04874,-0.077558,0.0,28.532627,0.010017,0.0,5516.648167,-58.227944,6.275235,1.0,0.0,0.0,0.0,5568.678285,-54.949575,1021.0,6.0,568.288845,7.0,0.081249,39.556803,142.40449,39.556695,0.092456,1.2e-05,0.215383,-0.473904,0.000245,0.048042,0.4755,0.0,0.0,1.0,0.0,0.0,-9999.0,-9999.0,-9999.0,-9999.0,-9999.0,-9999.0,-9999.0,-9999.0,-9999.0,-9999.0,-9999.0,-9999.0,-9999.0,-9999.0
P13_HV1_3_interaction,active_and_state_lat_and_long_zero_last_source_row_continuous_segment,P13,HV1,3,keep_right,P13_HV1_3,P13_HV1.1.asc,HV3,60,initiator_active,14952,1,249200.01,249200.011,3.0,3.0,28.532223,102.716003,6.0,516.275946,-5516.955455,0.051995,-0.07614,0.0,28.533472,0.009836,0.0,5517.1237,-58.231572,6.275196,1.0,0.0,0.0,0.0,5569.337532,-54.953512,1021.0,6.0,568.948103,7.0,0.080642,39.560372,142.417339,39.560264,0.092378,1.6e-05,0.215148,-0.464176,0.000238,0.044274,0.4755,0.0,0.0,1.0,0.0,0.0,-9999.0,-9999.0,-9999.0,-9999.0,-9999.0,-9999.0,-9999.0,-9999.0,-9999.0,-9999.0,-9999.0,-9999.0,-9999.0,-9999.0
P13_HV1_3_interaction,active_and_state_lat_and_long_zero_last_source_row_continuous_segment,P13,HV1,3,keep_right,P13_HV1_3,P13_HV1.1.asc,HV3,60,initiator_active,14953,1,249216.67,249216.667,3.0,3.0,28.533033,102.718919,6.0,516.751491,-5517.431,0.051954,-0.075806,0.0,28.53435,0.009625,0.0,5517.599247,-58.235221,6.275159,1.0,0.0,0.0,0.0,5569.996837,-54.957582,1021.0,6.0,569.60742,7.0,0.079901,39.563939,142.430181,39.563832,0.092104,2e-05,0.215117,-0.453077,0.000234,0.040192,0.4755,0.0,0.0,1.0,0.0,0.0,-9999.0,-9999.0,-9999.0,-9999.0,-9999.0,-9999.0,-9999.0,-9999.0,-9999.0,-9999.0,-9999.0,-9999.0,-9999.0,-9999.0
P13_HV1_3_interaction,active_and_state_lat_and_long_zero_last_source_row_continuous_segment,P13,HV1,3,keep_right,P13_HV1_3,P13_HV1.1.asc,HV3,60,initiator_active,14954,1,249233.33,249233.3344,3.0,3.0,28.533905,102.722058,6.0,517.227051,-5517.906559,0.055653,-0.072717,0.0,28.535225,0.009376,0.0,5518.074809,-58.238892,6.275124,1.0,0.0,0.0,0.0,5570.656201,-54.961785,1021.0,6.0,570.266797,7.0,0.079028,39.56751,142.443035,39.567404,0.091629,2.3e-05,0.215343,-0.438191,0.000232,0.034854,0.4755,0.0,0.0,1.0,0.0,0.0,-9999.0,-9999.0,-9999.0,-9999.0,-9999.0,-9999.0,-9999.0,-9999.0,-9999.0,-9999.0,-9999.0,-9999.0,-9999.0,-9999.0
P13_HV1_3_interaction,active_and_state_lat_and_long_zero_last_source_row_continuous_segment,P13,HV1,3,keep_right,P13_HV1_3,P13_HV1.1.asc,HV3,60,initiator_active,14955,1,249250.0,249250.0011,3.0,3.0,28.534782,102.725217,6.0,517.702626,-5518.382133,0.045341,-0.072779,0.0,28.536125,0.009118,0.0,5518.550386,-58.242582,6.275091,1.0,0.0,0.0,0.0,5571.315623,-54.966116,1021.0,6.0,570.926233,7.0,0.078027,39.571085,142.455905,39.57098,0.090913,2.7e-05,0.215499,-0.421417,0.000234,0.029045,0.4755,0.0,0.0,1.0,0.0,0.0,-9999.0,-9999.0,-9999.0,-9999.0,-9999.0,-9999.0,-9999.0,-9999.0,-9999.0,-9999.0,-9999.0,-9999.0,-9999.0,-9999.0
P13_HV1_3_interaction,active_and_state_lat_and_long_zero_last_source_row_continuous_segment,P13,HV1,3,keep_right,P13_HV1_3,P13_HV1.1.asc,HV3,60,initiator_active,14956,1,249266.67,249266.6667,3.0,3.0,28.535689,102.728481,6.0,518.178215,-5518.857723,0.051673,-0.071802,0.0,28.53688,0.008825,0.0,5519.025977,-58.246293,6.275059,1.0,0.0,0.0,0.0,5571.975104,-54.970572,1021.0,6.0,571.585728,7.0,0.076902,39.57466,142.468775,39.574558,0.089903,3.1e-05,0.215363,-0.403412,0.00023,0.023079,0.47575,0.0,0.0,1.0,0.0,0.0,-9999.0,-9999.0,-9999.0,-9999.0,-9999.0,-9999.0,-9999.0,-9999.0,-9999.0,-9999.0,-9999.0,-9999.0,-9999.0,-9999.0
P13_HV1_3_interaction,active_and_state_lat_and_long_zero_last_source_row_continuous_segment,P13,HV1,3,keep_right,P13_HV1_3,P13_HV1.1.asc,HV3,60,initiator_active,14957,1,249283.33,249283.3343,3.0,3.0,28.536503,102.73141,6.0,518.653818,-5519.333326,0.077484,-0.070316,0.0,28.537871,0.008521,0.0,5519.50158,-58.250023,6.275028,1.0,0.0,0.0,0.0,5572.634644,-54.975149,1021.0,6.0,572.245283,7.0,0.075655,39.578234,142.481642,39.578135,0.088555,3.4e-05,0.215288,-0.383263,0.000203,0.016642,0.4755,0.0,0.0,1.0,0.0,0.0,-9999.0,-9999.0,-9999.0,-9999.0,-9999.0,-9999.0,-9999.0,-9999.0,-9999.0,-9999.0,-9999.0,-9999.0,-9999.0,-9999.0
P13_HV1_3_interaction,active_and_state_lat_and_long_zero_last_source_row_continuous_segment,P13,HV1,3,keep_right,P13_HV1_3,P13_HV1.1.asc,HV3,60,initiator_active,14958,1,249300.0,249300.001,3.0,3.0,28.537311,102.734319,6.0,519.129435,-5519.808943,0.0392,-0.067075,0.0,28.539049,0.008221,0.0,5519.977202,-58.253773,6.274997,1.0,0.0,0.0,0.0,5573.294243,-54.979843,1021.0,6.0,572.904897,7.0,0.074292,39.581807,142.494507,39.581712,0.086738,3.6e-05,0.215209,-0.368206,0.000111,0.012717,0.4755,0.0,0.0,1.0,0.0,0.0,-9999.0,-9999.0,-9999.0,-9999.0,-9999.0,-9999.0,-9999.0,-9999.0,-9999.0,-9999.0,-9999.0,-9999.0,-9999.0,-9999.0
P13_HV1_3_interaction,active_and_state_lat_and_long_zero_last_source_row_continuous_segment,P13,HV1,3,keep_right,P13_HV1_3,P13_HV1.1.asc,HV3,60,initiator_active,14959,1,249316.67,249316.6677,3.0,3.0,28.538516,102.738659,6.0,519.605069,-5520.284577,0.045155,-0.066317,0.0,28.539692,0.007949,0.0,5520.452841,-58.257542,6.274968,1.0,0.0,0.0,0.0,5573.9539,-54.98465,1021.0,6.0,573.56457,7.0,0.072816,39.58538,142.507369,39.58529,0.084456,3.7e-05,0.215065,-0.350264,1.1e-05,0.008164,0.4755,0.0,0.0,1.0,0.0,0.0,-9999.0,-9999.0,-9999.0,-9999.0,-9999.0,-9999.0,-9999.0,-9999.0,-9999.0,-9999.0,-9999.0,-9999.0,-9999.0,-9999.0
P13_HV1_3_interaction,active_and_state_lat_and_long_zero_last_source_row_continuous_segment,P13,HV1,3,keep_right,P13_HV1_3,P13_HV1.1.asc,HV3,60,initiator_active,14960,1,249333.33,249333.3342,3.0,3.0,28.539375,102.741751,6.0,520.080721,-5520.760229,0.048428,-0.06531,0.0,28.540465,0.007673,0.0,5520.92849,-58.26133,6.274939,1.0,0.0,0.0,0.0,5574.613616,-54.989566,1021.0,6.0,574.224302,7.0,0.071232,39.58895,142.520222,39.588866,0.08167,3.6e-05,0.214875,-0.33333,-0.00012,0.004553,0.4755,0.0,0.0,1.0,0.0,0.0,-9999.0,-9999.0,-9999.0,-9999.0,-9999.0,-9999.0,-9999.0,-9999.0,-9999.0,-9999.0,-9999.0,-9999.0,-9999.0,-9999.0
P13_HV1_3_interaction,active_and_state_lat_and_long_zero_last_source_row_continuous_segment,P13,HV1,3,keep_right,P13_HV1_3,P13_HV1.1.asc,HV3,60,initiator_active,14961,1,249350.0,249350.0003,3.0,3.0,28.540068,102.744244,6.0,520.556384,-5521.235892,0.055,-0.062953,0.0,28.541338,0.007416,0.0,5521.404153,-58.265136,6.27491,1.0,0.0,0.0,0.0,5575.273391,-54.994586,1021.0,6.0,574.884094,7.0,0.069544,39.592521,142.533077,39.592444,0.078337,3.3e-05,0.214922,-0.31889,-0.000258,0.002512,0.4755,0.0,0.0,1.0,0.0,0.0,-9999.0,-9999.0,-9999.0,-9999.0,-9999.0,-9999.0,-9999.0,-9999.0,-9999.0,-9999.0,-9999.0,-9999.0,-9999.0,-9999.0
P13_HV1_3_interaction,active_and_state_lat_and_long_zero_last_source_row_continuous_segment,P13,HV1,3,keep_right,P13_HV1_3,P13_HV1.1.asc,HV3,60,initiator_active,14962,1,249366.67,249366.6676,3.0,3.0,28.540868,102.747125,6.0,521.032059,-5521.711569,0.051662,-0.06229,0.0,28.542245,0.007169,0.0,5521.87983,-58.26896,6.274882,1.0,0.0,0.0,0.0,5575.933224,-54.999706,1021.0,6.0,575.543945,7.0,0.067757,39.596093,142.545934,39.596023,0.07445,2.8e-05,0.214878,-0.30614,-0.000382,0.001727,0.4755,0.0,0.0,1.0,0.0,0.0,-9999.0,-9999.0,-9999.0,-9999.0,-9999.0,-9999.0,-9999.0,-9999.0,-9999.0,-9999.0,-9999.0,-9999.0,-9999.0,-9999.0
P13_HV1_3_interaction,active_and_state_lat_and_long_zero_last_source_row_continuous_segment,P13,HV1,3,keep_right,P13_HV1_3,P13_HV1.1.asc,HV3,60,initiator_active,14963,1,249383.33,249383.3341,3.0,3.0,28.541796,102.750466,6.0,521.50775,-5522.18726,0.055185,-0.061414,0.0,28.543114,0.006926,0.0,5522.355523,-58.272801,6.274855,1.0,0.0,0.0,0.0,5576.593117,-55.004922,1021.0,6.0,576.203855,7.0,0.065873,39.599664,142.558791,39.599602,0.070043,2e-05,0.214783,-0.293984,-0.00048,0.002041,0.4755,0.0,0.0,1.0,0.0,0.0,-9999.0,-9999.0,-9999.0,-9999.0,-9999.0,-9999.0,-9999.0,-9999.0,-9999.0,-9999.0,-9999.0,-9999.0,-9999.0,-9999.0
P13_HV1_3_interaction,active_and_state_lat_and_long_zero_last_source_row_continuous_segment,P13,HV1,3,keep_right,P13_HV1_3,P13_HV1.1.asc,HV3,60,initiator_active,14964,1,249400.0,249400.001,3.0,3.0,28.542675,102.75363,6.0,521.983455,-5522.662966,0.048777,-0.059245,0.0,28.544006,0.006709,0.0,5522.831229,-58.27666,6.274827,1.0,0.0,0.0,0.0,5577.253068,-55.01023,1021.0,6.0,576.863824,7.0,0.063898,39.603234,142.571644,39.603181,0.06517,1.1e-05,0.214667,-0.281641,-0.000544,0.00314,0.4755,0.0,0.0,1.0,0.0,0.0,-9999.0,-9999.0,-9999.0,-9999.0,-9999.0,-9999.0,-9999.0,-9999.0,-9999.0,-9999.0,-9999.0,-9999.0,-9999.0,-9999.0
P13_HV1_3_interaction,active_and_state_lat_and_long_zero_last_source_row_continuous_segment,P13,HV1,3,keep_right,P13_HV1_3,P13_HV1.1.asc,HV3,60,initiator_active,14965,1,249416.67,249416.6667,3.0,3.0,28.543574,102.756866,6.0,522.459176,-5523.138687,0.064398,-0.057596,0.0,28.544942,0.00652,0.0,5523.30695,-58.280535,6.274799,1.0,0.0,0.0,0.0,5577.913077,-55.015626,1021.0,6.0,577.523853,7.0,0.061834,39.606804,142.584494,39.606759,0.059886,2e-06,0.214631,-0.269954,-0.000574,0.004239,0.4755,0.0,0.0,1.0,0.0,0.0,-9999.0,-9999.0,-9999.0,-9999.0,-9999.0,-9999.0,-9999.0,-9999.0,-9999.0,-9999.0,-9999.0,-9999.0,-9999.0,-9999.0
P13_HV1_3_interaction,active_and_state_lat_and_long_zero_last_source_row_continuous_segment,P13,HV1,3,keep_right,P13_HV1_3,P13_HV1.1.asc,HV3,60,initiator_active,14966,1,249433.33,249433.3342,3.0,3.0,28.544413,102.759886,6.0,522.93491,-5523.614423,0.055429,-0.055072,0.0,28.545958,0.006364,0.0,5523.782688,-58.284426,6.274772,1.0,0.0,0.0,0.0,5578.573146,-55.021107,1021.0,6.0,578.183941,7.0,0.059687,39.610375,142.597351,39.610338,0.054246,-8e-06,0.214634,-0.259334,-0.000575,0.006123,0.4755,0.0,0.0,1.0,0.0,0.0,-9999.0,-9999.0,-9999.0,-9999.0,-9999.0,-9999.0,-9999.0,-9999.0,-9999.0,-9999.0,-9999.0,-9999.0,-9999.0,-9999.0
P13_HV1_3_interaction,active_and_state_lat_and_long_zero_last_source_row_continuous_segment,P13,HV1,3,keep_right,P13_HV1_3,P13_HV1.1.asc,HV3,60,initiator_active,14967,1,249450.0,249450.0008,3.0,3.0,28.545478,102.763722,6.0,523.410661,-5524.090175,0.054776,-0.052683,0.0,28.546877,0.006221,0.0,5524.258442,-58.288333,6.274746,1.0,0.0,0.0,0.0,5579.233273,-55.026668,1021.0,6.0,578.844088,7.0,0.057459,39.61385,142.609861,39.613821,0.048352,-1.7e-05,0.197962,-0.246868,-0.000491,0.007536,0.4755,0.002198,0.0,1.0,0.0,0.0,-9999.0,-9999.0,-9999.0,-9999.0,-9999.0,-9999.0,-9999.0,-9999.0,-9999.0,-9999.0,-9999.0,-9999.0,-9999.0,-9999.0
P13_HV1_3_interaction,active_and_state_lat_and_long_zero_last_source_row_continuous_segment,P13,HV1,3,keep_right,P13_HV1_3,P13_HV1.1.asc,HV3,60,initiator_active,14968,1,249466.67,249466.6677,3.0,3.0,28.54642,102.767111,6.0,523.886429,-5524.565943,0.050947,-0.05083,0.0,28.54779,0.0061,0.0,5524.734211,-58.292255,6.274719,1.0,0.0,0.0,0.0,5579.893458,-55.032306,1021.0,6.0,579.504292,7.0,0.055156,39.617169,142.621809,39.617146,0.042293,-2.5e-05,0.209196,-0.233196,-0.000529,0.008635,0.4755,0.0,0.0,1.0,0.0,0.0,-9999.0,-9999.0,-9999.0,-9999.0,-9999.0,-9999.0,-9999.0,-9999.0,-9999.0,-9999.0,-9999.0,-9999.0,-9999.0,-9999.0
P13_HV1_3_interaction,active_and_state_lat_and_long_zero_last_source_row_continuous_segment,P13,HV1,3,keep_right,P13_HV1_3,P13_HV1.1.asc,HV3,60,initiator_active,14969,1,249483.33,249483.3336,3.0,3.0,28.547333,102.7704,6.0,524.362211,-5525.041727,0.047196,-0.044615,0.0,28.548613,0.006005,0.0,5525.209994,-58.296191,6.274694,1.0,0.0,0.0,0.0,5580.553698,-55.038015,1021.0,6.0,580.164553,7.0,0.052781,39.620714,142.634571,39.620698,0.03613,-3.3e-05,0.213708,-0.219663,-0.000474,0.009891,0.4755,0.0,0.0,1.0,0.0,0.0,-9999.0,-9999.0,-9999.0,-9999.0,-9999.0,-9999.0,-9999.0,-9999.0,-9999.0,-9999.0,-9999.0,-9999.0,-9999.0,-9999.0
P13_HV1_3_interaction,active_and_state_lat_and_long_zero_last_source_row_continuous_segment,P13,HV1,3,keep_right,P13_HV1_3,P13_HV1.1.asc,HV3,60,initiator_active,14970,1,249500.0,249500.0012,3.0,3.0,28.548214,102.773571,6.0,524.838009,-5525.517526,0.051358,-0.04506,0.0,28.5494,0.005957,0.0,5525.685791,-58.30014,6.274669,1.0,0.0,0.0,0.0,5581.213996,-55.043791,1021.0,6.0,580.824872,7.0,0.05034,39.624276,142.647392,39.624264,0.029943,-4.1e-05,0.213908,-0.204485,-0.000467,0.010519,0.4755,0.0,0.0,1.0,0.0,0.0,-9999.0,-9999.0,-9999.0,-9999.0,-9999.0,-9999.0,-9999.0,-9999.0,-9999.0,-9999.0,-9999.0,-9999.0,-9999.0,-9999.0
P13_HV1_3_interaction,active_and_state_lat_and_long_zero_last_source_row_continuous_segment,P13,HV1,3,keep_right,P13_HV1_3,P13_HV1.1.asc,HV3,60,initiator_active,14971,1,249516.67,249516.6675,3.0,3.0,28.549006,102.776421,6.0,525.31382,-5525.993338,0.06242,-0.038693,0.0,28.550315,0.005897,0.0,5526.161602,-58.304101,6.274646,1.0,0.0,0.0,0.0,5581.874352,-55.04963,1021.0,6.0,581.485249,7.0,0.047836,39.627838,142.660217,39.627831,0.023789,-4.9e-05,0.213876,-0.188606,-0.000421,0.010833,0.4755,0.0,0.0,1.0,0.0,0.0,-9999.0,-9999.0,-9999.0,-9999.0,-9999.0,-9999.0,-9999.0,-9999.0,-9999.0,-9999.0,-9999.0,-9999.0,-9999.0,-9999.0
P13_HV1_3_interaction,active_and_state_lat_and_long_zero_last_source_row_continuous_segment,P13,HV1,3,keep_right,P13_HV1_3,P13_HV1.1.asc,HV3,60,initiator_active,14972,1,249533.33,249533.3342,3.0,3.0,28.549828,102.77938,6.0,525.789644,-5526.469164,0.048763,-0.037463,0.0,28.551296,0.005885,0.0,5526.637428,-58.308074,6.274625,1.0,0.0,0.0,0.0,5582.534768,-55.055526,1021.0,6.0,582.145686,7.0,0.045275,39.6314,142.673041,39.631396,0.017715,-5.5e-05,0.213795,-0.17214,-0.000361,0.010519,0.4755,0.0,0.0,1.0,0.0,0.0,-9999.0,-9999.0,-9999.0,-9999.0,-9999.0,-9999.0,-9999.0,-9999.0,-9999.0,-9999.0,-9999.0,-9999.0,-9999.0,-9999.0
P13_HV1_3_interaction,active_and_state_lat_and_long_zero_last_source_row_continuous_segment,P13,HV1,3,keep_right,P13_HV1_3,P13_HV1.1.asc,HV3,60,initiator_active,14973,1,249550.0,249550.0008,3.0,3.0,28.550836,102.783008,6.0,526.265485,-5526.945006,0.036153,-0.0305,0.0,28.552063,0.005832,0.0,5527.11327,-58.312057,6.274605,1.0,0.0,0.0,0.0,5583.195242,-55.061475,1021.0,6.0,582.806182,7.0,0.042661,39.634961,142.685861,39.63496,0.011748,-6e-05,0.2137,-0.155949,-0.000302,0.010048,0.4755,0.0,0.0,1.0,0.0,0.0,-9999.0,-9999.0,-9999.0,-9999.0,-9999.0,-9999.0,-9999.0,-9999.0,-9999.0,-9999.0,-9999.0,-9999.0,-9999.0,-9999.0
P13_HV1_3_interaction,active_and_state_lat_and_long_zero_last_source_row_continuous_segment,P13,HV1,3,keep_right,P13_HV1_3,P13_HV1.1.asc,HV3,60,initiator_active,14974,1,249566.67,249566.6667,3.0,3.0,28.551703,102.78613,6.0,526.74134,-5527.420863,0.047109,-0.028062,0.0,28.552669,0.0058,0.0,5527.589123,-58.316049,6.274589,1.0,0.0,0.0,0.0,5583.855776,-55.067472,1021.0,6.0,583.466738,7.0,0.04,39.638522,142.698678,39.638521,0.005925,-6.5e-05,0.213602,-0.139077,-0.000254,0.00942,0.4755,0.0,0.0,1.0,0.0,0.0,-9999.0,-9999.0,-9999.0,-9999.0,-9999.0,-9999.0,-9999.0,-9999.0,-9999.0,-9999.0,-9999.0,-9999.0,-9999.0,-9999.0
P13_HV1_3_interaction,active_and_state_lat_and_long_zero_last_source_row_continuous_segment,P13,HV1,3,keep_right,P13_HV1_3,P13_HV1.1.asc,HV3,60,initiator_active,14975,1,249583.33,249583.3344,3.0,3.0,28.552365,102.788512,6.0,527.217208,-5527.896732,0.049283,-0.025142,0.0,28.553484,0.005727,0.0,5528.064988,-58.320048,6.274575,1.0,0.0,0.0,0.0,5584.516368,-55.073511,1021.0,6.0,584.127352,7.0,0.037297,39.64208,142.711489,39.64208,0.000258,-6.9e-05,0.213494,-0.12285,-0.000219,0.009106,0.4755,0.0,0.0,1.0,0.0,0.0,-9999.0,-9999.0,-9999.0,-9999.0,-9999.0,-9999.0,-9999.0,-9999.0,-9999.0,-9999.0,-9999.0,-9999.0,-9999.0,-9999.0
P13_HV1_3_interaction,active_and_state_lat_and_long_zero_last_source_row_continuous_segment,P13,HV1,3,keep_right,P13_HV1_3,P13_HV1.1.asc,HV3,60,initiator_active,14976,1,249600.0,249600.0001,3.0,3.0,28.553061,102.79102,6.0,527.693086,-5528.372612,0.052377,-0.022205,0.0,28.5543,0.005632,0.0,5528.540866,-58.324054,6.274564,1.0,0.0,0.0,0.0,5585.177019,-55.079589,1021.0,6.0,584.788026,7.0,0.034555,39.645637,142.724295,39.645637,-0.005251,-7.2e-05,0.213394,-0.107822,-0.000195,0.009106,0.4755,0.0,0.0,1.0,0.0,0.0,-9999.0,-9999.0,-9999.0,-9999.0,-9999.0,-9999.0,-9999.0,-9999.0,-9999.0,-9999.0,-9999.0,-9999.0,-9999.0,-9999.0
P13_HV1_3_interaction,active_and_state_lat_and_long_zero_last_source_row_continuous_segment,P13,HV1,3,keep_right,P13_HV1_3,P13_HV1.1.asc,HV3,60,initiator_active,14977,1,249616.67,249616.6669,3.0,3.0,28.553894,102.794019,6.0,528.168978,-5528.848506,0.056045,-0.018666,0.0,28.555199,0.005494,0.0,5529.016757,-58.328067,6.274557,1.0,0.0,0.0,0.0,5585.83773,-55.0857,1021.0,6.0,585.448758,7.0,0.031781,39.649194,142.737097,39.649192,-0.010585,-7.5e-05,0.21332,-0.093237,-0.000179,0.009106,0.4755,0.0,0.0,1.0,0.0,0.0,-9999.0,-9999.0,-9999.0,-9999.0,-9999.0,-9999.0,-9999.0,-9999.0,-9999.0,-9999.0,-9999.0,-9999.0,-9999.0,-9999.0
P13_HV1_3_interaction,active_and_state_lat_and_long_zero_last_source_row_continuous_segment,P13,HV1,3,keep_right,P13_HV1_3,P13_HV1.1.asc,HV3,60,initiator_active,14978,1,249633.33,249633.3337,3.0,3.0,28.554737,102.797052,6.0,528.644884,-5529.324413,0.062719,-0.015925,0.0,28.556164,0.005305,0.0,5529.492664,-58.332084,6.274553,1.0,0.0,0.0,0.0,5586.498499,-55.09184,1021.0,6.0,586.10955,7.0,0.028978,39.652748,142.749894,39.652745,-0.01573,-7.8e-05,0.213229,-0.079135,-0.000166,0.009106,0.4755,0.0,0.0,1.0,0.0,0.0,-9999.0,-9999.0,-9999.0,-9999.0,-9999.0,-9999.0,-9999.0,-9999.0,-9999.0,-9999.0,-9999.0,-9999.0,-9999.0,-9999.0
P13_HV1_3_interaction,active_and_state_lat_and_long_zero_last_source_row_continuous_segment,P13,HV1,3,keep_right,P13_HV1_3,P13_HV1.1.asc,HV3,60,initiator_active,14979,1,249650.0,249650.0008,3.0,3.0,28.555666,102.800397,6.0,529.120805,-5529.800336,0.055889,-0.01411,0.0,28.557181,0.005068,0.0,5529.968588,-58.336104,6.274553,1.0,0.0,0.0,0.0,5587.196042,-55.098348,1021.0,6.0,586.807117,7.0,0.025992,39.656499,142.763396,39.656493,-0.020938,-8.1e-05,0.213112,-0.064427,-0.00015,0.008949,0.4755,0.0,0.0,1.0,0.0,0.0,-9999.0,-9999.0,-9999.0,-9999.0,-9999.0,-9999.0,-9999.0,-9999.0,-9999.0,-9999.0,-9999.0,-9999.0,-9999.0,-9999.0
P13_HV1_3_interaction,active_and_state_lat_and_long_zero_last_source_row_continuous_segment,P13,HV1,3,keep_right,P13_HV1_3,P13_HV1.1.asc,HV3,60,initiator_active,14980,1,249666.67,249666.667,3.0,3.0,28.556687,102.804072,6.0,529.596743,-5530.276275,0.055453,-0.01231,0.0,28.558072,0.004761,0.0,5530.444527,-58.340129,6.274556,1.0,0.0,0.0,0.0,5587.820215,-55.10419,1021.0,6.0,587.431311,7.0,0.023302,39.659853,142.77547,39.659845,-0.025395,-8.3e-05,0.213009,-0.051749,-0.000132,0.008792,0.4755,0.0,0.0,1.0,0.0,0.0,-9999.0,-9999.0,-9999.0,-9999.0,-9999.0,-9999.0,-9999.0,-9999.0,-9999.0,-9999.0,-9999.0,-9999.0,-9999.0,-9999.0
P13_HV1_3_interaction,active_and_state_lat_and_long_zero_last_source_row_continuous_segment,P13,HV1,3,keep_right,P13_HV1_3,P13_HV1.1.asc,HV3,60,initiator_active,14981,1,249683.33,249683.3334,3.0,3.0,28.557646,102.807527,6.0,530.072697,-5530.752231,0.048497,-0.011117,0.0,28.558979,0.004405,0.0,5530.920482,-58.344156,6.274562,1.0,0.0,0.0,0.0,5588.481161,-55.110393,1021.0,6.0,588.092281,7.0,0.020438,39.663402,142.788249,39.663391,-0.029896,-8.5e-05,0.212904,-0.03852,-0.000109,0.008478,0.4755,0.0,0.0,1.0,0.0,0.0,-9999.0,-9999.0,-9999.0,-9999.0,-9999.0,-9999.0,-9999.0,-9999.0,-9999.0,-9999.0,-9999.0,-9999.0,-9999.0,-9999.0
P13_HV1_3_interaction,active_and_state_lat_and_long_zero_last_source_row_continuous_segment,P13,HV1,3,keep_right,P13_HV1_3,P13_HV1.1.asc,HV3,60,initiator_active,14982,1,249700.0,249700.0005,3.0,3.0,28.558534,102.810723,6.0,530.548666,-5531.228202,0.047281,-0.009921,0.0,28.559778,0.003988,0.0,5531.396451,-58.348186,6.27457,1.0,0.0,0.0,0.0,5589.142167,-55.116608,1021.0,6.0,588.753309,7.0,0.017561,39.66695,142.80102,39.666935,-0.034175,-8.7e-05,0.212801,-0.026268,-8.2e-05,0.008321,0.4755,0.0,0.0,1.0,0.0,0.0,-9999.0,-9999.0,-9999.0,-9999.0,-9999.0,-9999.0,-9999.0,-9999.0,-9999.0,-9999.0,-9999.0,-9999.0,-9999.0,-9999.0
P13_HV1_3_interaction,active_and_state_lat_and_long_zero_last_source_row_continuous_segment,P13,HV1,3,keep_right,P13_HV1_3,P13_HV1.1.asc,HV3,60,initiator_active,14983,1,249716.67,249716.6669,3.0,3.0,28.559383,102.81378,6.0,531.02465,-5531.704187,0.065525,-0.009431,0.0,28.560632,0.003537,0.0,5531.872434,-58.352219,6.27458,1.0,0.0,0.0,0.0,5589.803231,-55.122832,1021.0,6.0,589.414397,7.0,0.014675,39.670496,142.813785,39.670477,-0.038235,-8.8e-05,0.212698,-0.01499,-5.2e-05,0.008321,0.4755,0.0,0.0,1.0,0.0,0.0,-9999.0,-9999.0,-9999.0,-9999.0,-9999.0,-9999.0,-9999.0,-9999.0,-9999.0,-9999.0,-9999.0,-9999.0,-9999.0,-9999.0
P13_HV1_3_interaction,active_and_state_lat_and_long_zero_last_source_row_continuous_segment,P13,HV1,3,keep_right,P13_HV1_3,P13_HV1.1.asc,HV3,60,initiator_active,14984,1,249733.33,249733.3345,3.0,3.0,28.560172,102.816618,6.0,531.500646,-5532.180186,0.042585,-0.007387,0.0,28.561633,0.003041,0.0,5532.348432,-58.356254,6.274592,1.0,0.0,0.0,0.0,5590.464355,-55.129062,1021.0,6.0,590.075543,7.0,0.011784,39.67404,142.826544,39.674018,-0.042074,-8.8e-05,0.212596,-0.004299,-2e-05,0.008478,0.4755,0.0,0.0,1.0,0.0,0.0,-9999.0,-9999.0,-9999.0,-9999.0,-9999.0,-9999.0,-9999.0,-9999.0,-9999.0,-9999.0,-9999.0,-9999.0,-9999.0,-9999.0
P13_HV1_3_interaction,active_and_state_lat_and_long_zero_last_source_row_continuous_segment,P13,HV1,3,keep_right,P13_HV1_3,P13_HV1.1.asc,HV3,60,initiator_active,14985,1,249750.0,249750.0009,3.0,3.0,28.561178,102.82024,6.0,531.976659,-5532.6562,0.037766,-0.006943,0.0,28.562222,0.002552,0.0,5532.824445,-58.360291,6.274605,1.0,0.0,0.0,0.0,5591.125537,-55.135294,1021.0,6.0,590.736749,7.0,0.00889,39.677582,142.839295,39.677556,-0.045688,-8.8e-05,0.212493,0.005797,1.4e-05,0.008478,0.4755,0.0,0.0,1.0,0.0,0.0,-9999.0,-9999.0,-9999.0,-9999.0,-9999.0,-9999.0,-9999.0,-9999.0,-9999.0,-9999.0,-9999.0,-9999.0,-9999.0,-9999.0
P13_HV1_3_interaction,active_and_state_lat_and_long_zero_last_source_row_continuous_segment,P13,HV1,3,keep_right,P13_HV1_3,P13_HV1.1.asc,HV3,60,initiator_active,14986,1,249766.67,249766.6676,3.0,3.0,28.561988,102.823157,6.0,532.452686,-5533.132229,0.045806,-0.006443,0.0,28.562906,0.002072,0.0,5533.300467,-58.364331,6.274618,1.0,0.0,0.0,0.0,5591.786779,-55.141526,1021.0,6.0,591.398014,7.0,0.005998,39.681122,142.85204,39.681092,-0.049077,-8.8e-05,0.21239,0.015292,4.8e-05,0.008321,0.4755,0.0,0.0,1.0,0.0,0.0,-9999.0,-9999.0,-9999.0,-9999.0,-9999.0,-9999.0,-9999.0,-9999.0,-9999.0,-9999.0,-9999.0,-9999.0,-9999.0,-9999.0
P13_HV1_3_interaction,active_and_state_lat_and_long_zero_last_source_row_continuous_segment,P13,HV1,3,keep_right,P13_HV1_3,P13_HV1.1.asc,HV3,60,initiator_active,14987,1,249783.33,249783.3342,3.0,3.0,28.562536,102.825131,6.0,532.928723,-5533.608267,0.048887,-0.002193,0.0,28.56369,0.001597,0.0,5533.776502,-58.368372,6.274632,1.0,0.0,0.0,0.0,5592.44808,-55.147755,1021.0,6.0,592.059337,7.0,0.003109,39.68466,142.864778,39.684626,-0.05224,-8.6e-05,0.212286,0.024183,8.4e-05,0.008478,0.4755,0.0,0.0,1.0,0.0,0.0,-9999.0,-9999.0,-9999.0,-9999.0,-9999.0,-9999.0,-9999.0,-9999.0,-9999.0,-9999.0,-9999.0,-9999.0,-9999.0,-9999.0
P13_HV1_3_interaction,active_and_state_lat_and_long_zero_last_source_row_continuous_segment,P13,HV1,3,keep_right,P13_HV1_3,P13_HV1.1.asc,HV3,60,initiator_active,14988,1,249800.0,249800.0002,3.0,3.0,28.563288,102.827836,6.0,533.404772,-5534.084318,0.050261,0.00394,0.0,28.564441,0.001188,0.0,5534.25255,-58.372414,6.274645,1.0,0.0,0.0,0.0,5593.109439,-55.153977,1021.0,6.0,592.72072,7.0,0.000226,39.688197,142.877508,39.688158,-0.055179,-8.5e-05,0.212183,0.032474,0.000118,0.008635,0.4755,0.0,0.0,1.0,0.0,0.0,-9999.0,-9999.0,-9999.0,-9999.0,-9999.0,-9999.0,-9999.0,-9999.0,-9999.0,-9999.0,-9999.0,-9999.0,-9999.0,-9999.0
P13_HV1_3_interaction,active_and_state_lat_and_long_zero_last_source_row_continuous_segment,P13,HV1,3,keep_right,P13_HV1_3,P13_HV1.1.asc,HV3,60,initiator_active,14989,1,249816.67,249816.6668,3.0,3.0,28.564098,102.830751,6.0,533.880834,-5534.560382,0.057109,0.005919,0.0,28.56534,0.000867,0.0,5534.72861,-58.376457,6.274659,1.0,0.0,0.0,0.0,5593.770858,-55.160192,1021.0,6.0,593.382162,7.0,-0.002648,39.691731,142.890232,39.691689,-0.057897,-8.2e-05,0.212081,0.040169,0.000151,0.008635,0.4755,0.0,0.0,1.0,0.0,0.0,-9999.0,-9999.0,-9999.0,-9999.0,-9999.0,-9999.0,-9999.0,-9999.0,-9999.0,-9999.0,-9999.0,-9999.0,-9999.0,-9999.0
P13_HV1_3_interaction,active_and_state_lat_and_long_zero_last_source_row_continuous_segment,P13,HV1,3,keep_right,P13_HV1_3,P13_HV1.1.asc,HV3,60,initiator_active,14990,1,249833.33,249833.3342,3.0,3.0,28.56486,102.833495,6.0,534.356908,-5535.036458,0.049115,0.008615,0.0,28.566255,0.000583,0.0,5535.204686,-58.380498,6.274673,1.0,0.0,0.0,0.0,5594.432336,-55.166395,1021.0,6.0,594.043662,7.0,-0.00551,39.695264,142.902949,39.695218,-0.060398,-8e-05,0.211978,0.047277,0.000182,0.008635,0.4755,0.0,0.0,1.0,0.0,0.0,-9999.0,-9999.0,-9999.0,-9999.0,-9999.0,-9999.0,-9999.0,-9999.0,-9999.0,-9999.0,-9999.0,-9999.0,-9999.0,-9999.0
P13_HV1_3_interaction,active_and_state_lat_and_long_zero_last_source_row_continuous_segment,P13,HV1,3,keep_right,P13_HV1_3,P13_HV1.1.asc,HV3,60,initiator_active,14991,1,249850.0,249850.001,3.0,3.0,28.565816,102.836937,6.0,534.832999,-5535.51255,0.066674,0.010747,0.0,28.567098,0.000332,0.0,5535.680776,-58.384537,6.274687,1.0,0.0,0.0,0.0,5595.093873,-55.172585,1021.0,6.0,594.705222,7.0,-0.00836,39.698794,142.915659,39.698745,-0.062685,-7.6e-05,0.211876,0.053808,0.000209,0.008792,0.4755,0.0,0.0,1.0,0.0,0.0,-9999.0,-9999.0,-9999.0,-9999.0,-9999.0,-9999.0,-9999.0,-9999.0,-9999.0,-9999.0,-9999.0,-9999.0,-9999.0,-9999.0
P13_HV1_3_interaction,active_and_state_lat_and_long_zero_last_source_row_continuous_segment,P13,HV1,3,keep_right,P13_HV1_3,P13_HV1.1.asc,HV3,60,initiator_active,14992,1,249866.67,249866.6675,3.0,3.0,28.566664,102.839991,6.0,535.309103,-5535.988657,0.053811,0.011464,0.0,28.568197,9e-05,0.0,5536.156882,-58.388574,6.274701,1.0,0.0,0.0,0.0,5595.755468,-55.178761,1021.0,6.0,595.366841,7.0,-0.011194,39.702323,142.928362,39.70227,-0.064764,-7.3e-05,0.211773,0.059776,0.000233,0.008792,0.4755,0.0,0.0,1.0,0.0,0.0,-9999.0,-9999.0,-9999.0,-9999.0,-9999.0,-9999.0,-9999.0,-9999.0,-9999.0,-9999.0,-9999.0,-9999.0,-9999.0,-9999.0
P13_HV1_3_interaction,active_and_state_lat_and_long_zero_last_source_row_continuous_segment,P13,HV1,3,keep_right,P13_HV1_3,P13_HV1.1.asc,HV3,60,initiator_active,14993,1,249883.33,249883.3335,3.0,3.0,28.567654,102.843553,6.0,535.785224,-5536.464779,0.047175,0.014329,0.0,28.569049,-0.000146,0.0,5536.633005,-58.392607,6.274716,1.0,0.0,0.0,0.0,5596.417123,-55.18492,1021.0,6.0,596.028518,7.0,-0.014012,39.705849,142.941058,39.705793,-0.066641,-6.8e-05,0.21167,0.065194,0.000254,0.008792,0.4755,0.0,0.0,1.0,0.0,0.0,-9999.0,-9999.0,-9999.0,-9999.0,-9999.0,-9999.0,-9999.0,-9999.0,-9999.0,-9999.0,-9999.0,-9999.0,-9999.0,-9999.0
P13_HV1_3_interaction,active_and_state_lat_and_long_zero_last_source_row_continuous_segment,P13,HV1,3,keep_right,P13_HV1_3,P13_HV1.1.asc,HV3,60,initiator_active,14994,1,249900.0,249900.0009,3.0,3.0,28.568646,102.847125,6.0,536.261361,-5536.940918,0.043627,0.01328,0.0,28.569835,-0.000343,0.0,5537.109142,-58.396638,6.274731,1.0,0.0,0.0,0.0,5597.078837,-55.19106,1021.0,6.0,596.690254,7.0,-0.016811,39.709374,142.953747,39.709315,-0.068322,-6.4e-05,0.211566,0.07008,0.000271,0.008792,0.4755,0.0,0.0,1.0,0.0,0.0,-9999.0,-9999.0,-9999.0,-9999.0,-9999.0,-9999.0,-9999.0,-9999.0,-9999.0,-9999.0,-9999.0,-9999.0,-9999.0,-9999.0
P13_HV1_3_interaction,active_and_state_lat_and_long_zero_last_source_row_continuous_segment,P13,HV1,3,keep_right,P13_HV1_3,P13_HV1.1.asc,HV3,60,initiator_active,14995,1,249916.67,249916.6673,3.0,3.0,28.569442,102.849991,6.0,536.737512,-5537.417071,0.055025,0.013392,0.0,28.57057,-0.000559,0.0,5537.585292,-58.400664,6.274746,1.0,0.0,0.0,0.0,5597.740609,-55.197181,1021.0,6.0,597.352049,7.0,-0.019589,39.712897,142.966429,39.712836,-0.069815,-5.9e-05,0.211463,0.074452,0.000284,0.008949,0.4755,0.0,0.0,1.0,0.0,0.0,-9999.0,-9999.0,-9999.0,-9999.0,-9999.0,-9999.0,-9999.0,-9999.0,-9999.0,-9999.0,-9999.0,-9999.0,-9999.0,-9999.0
P13_HV1_3_interaction,active_and_state_lat_and_long_zero_last_source_row_continuous_segment,P13,HV1,3,keep_right,P13_HV1_3,P13_HV1.1.asc,HV3,60,initiator_active,14996,1,249933.33,249933.3345,3.0,3.0,28.570199,102.852716,6.0,537.213677,-5537.893237,0.056571,0.014124,0.0,28.571515,-0.000769,0.0,5538.061455,-58.404688,6.274762,1.0,0.0,0.0,0.0,5598.402441,-55.203281,1021.0,6.0,598.013903,7.0,-0.022347,39.716418,142.979105,39.716354,-0.071127,-5.5e-05,0.21136,0.078329,0.000294,0.008792,0.4755,0.0,0.0,1.0,0.0,0.0,-9999.0,-9999.0,-9999.0,-9999.0,-9999.0,-9999.0,-9999.0,-9999.0,-9999.0,-9999.0,-9999.0,-9999.0,-9999.0,-9999.0
P13_HV1_3_interaction,active_and_state_lat_and_long_zero_last_source_row_continuous_segment,P13,HV1,3,keep_right,P13_HV1_3,P13_HV1.1.asc,HV3,60,initiator_active,14997,1,249950.0,249950.0007,3.0,3.0,28.571029,102.855704,6.0,537.689854,-5538.369416,0.055362,0.012626,0.0,28.572451,-0.000991,0.0,5538.537634,-58.408707,6.274777,1.0,0.0,0.0,0.0,5599.064331,-55.209358,1021.0,6.0,598.675816,7.0,-0.025082,39.719937,142.991774,39.719871,-0.072266,-5e-05,0.211257,0.08173,0.000301,0.008792,0.4755,0.0,0.0,1.0,0.0,0.0,-9999.0,-9999.0,-9999.0,-9999.0,-9999.0,-9999.0,-9999.0,-9999.0,-9999.0,-9999.0,-9999.0,-9999.0,-9999.0,-9999.0
P13_HV1_3_interaction,active_and_state_lat_and_long_zero_last_source_row_continuous_segment,P13,HV1,3,keep_right,P13_HV1_3,P13_HV1.1.asc,HV3,60,initiator_active,14998,1,249966.67,249966.6667,3.0,3.0,28.571986,102.85915,6.0,538.166047,-5538.845611,0.06053,0.014487,0.0,28.573468,-0.001189,0.0,5539.013828,-58.412723,6.274791,1.0,0.0,0.0,0.0,5599.726281,-55.215413,1021.0,6.0,599.337787,7.0,-0.027793,39.723454,143.004436,39.723387,-0.07324,-4.5e-05,0.211154,0.084678,0.000304,0.008792,0.4755,0.0,0.0,1.0,0.0,0.0,-9999.0,-9999.0,-9999.0,-9999.0,-9999.0,-9999.0,-9999.0,-9999.0,-9999.0,-9999.0,-9999.0,-9999.0,-9999.0,-9999.0
P13_HV1_3_interaction,active_and_state_lat_and_long_zero_last_source_row_continuous_segment,P13,HV1,3,keep_right,P13_HV1_3,P13_HV1.1.asc,HV3,60,initiator_active,14999,1,249983.33,249983.3337,3.0,3.0,28.572912,102.862484,6.0,538.642256,-5539.321821,0.039867,0.015683,0.0,28.574354,-0.001346,0.0,5539.49004,-58.416736,6.274806,1.0,0.0,0.0,0.0,5600.388289,-55.221443,1021.0,6.0,599.999817,7.0,-0.030481,39.72697,143.017091,39.726901,-0.074056,-3.9e-05,0.211051,0.087194,0.000305,0.008792,0.4755,0.0,0.0,1.0,0.0,0.0,-9999.0,-9999.0,-9999.0,-9999.0,-9999.0,-9999.0,-9999.0,-9999.0,-9999.0,-9999.0,-9999.0,-9999.0,-9999.0,-9999.0
P13_HV1_3_interaction,active_and_state_lat_and_long_zero_last_source_row_continuous_segment,P13,HV1,3,keep_right,P13_HV1_3,P13_HV1.1.asc,HV3,60,initiator_active,15000,1,250000.0,250000.0003,3.0,3.0,28.573972,102.8663,6.0,539.118481,-5539.798049,0.053223,0.016361,0.0,28.575075,-0.001474,0.0,5539.966265,-58.420745,6.274819,1.0,0.0,0.0,0.0,5601.050356,-55.227449,1021.0,6.0,600.661906,7.0,-0.033143,39.730483,143.02974,39.730413,-0.074725,-3.4e-05,0.210947,0.089301,0.000303,0.008792,0.4755,0.0,0.0,1.0,0.0,0.0,-9999.0,-9999.0,-9999.0,-9999.0,-9999.0,-9999.0,-9999.0,-9999.0,-9999.0,-9999.0,-9999.0,-9999.0,-9999.0,-9999.0
P13_HV1_3_interaction,active_and_state_lat_and_long_zero_last_source_row_continuous_segment,P13,HV1,3,keep_right,P13_HV1_3,P13_HV1.1.asc,HV3,60,initiator_active,15001,1,250016.67,250016.6672,3.0,3.0,28.574687,102.868872,6.0,539.594721,-5540.27429,0.052115,0.016783,0.0,28.575945,-0.001582,0.0,5540.442503,-58.42475,6.274833,1.0,0.0,0.0,0.0,5601.712481,-55.233429,1021.0,6.0,601.324054,7.0,-0.035779,39.733995,143.042383,39.733924,-0.075254,-2.9e-05,0.210844,0.09102,0.000298,0.008792,0.4755,0.0,0.0,1.0,0.0,0.0,-9999.0,-9999.0,-9999.0,-9999.0,-9999.0,-9999.0,-9999.0,-9999.0,-9999.0,-9999.0,-9999.0,-9999.0,-9999.0,-9999.0
P13_HV1_3_interaction,active_and_state_lat_and_long_zero_last_source_row_continuous_segment,P13,HV1,3,keep_right,P13_HV1_3,P13_HV1.1.asc,HV3,60,initiator_active,15002,1,250033.34,250033.3371,3.0,3.0,28.575519,102.871867,6.0,540.070973,-5540.750543,0.041034,0.020463,0.0,28.576769,-0.001673,0.0,5540.918756,-58.42875,6.274846,1.0,0.0,0.0,0.0,5602.374666,-55.239383,1021.0,6.0,601.98626,7.0,-0.038389,39.737505,143.055019,39.737433,-0.075652,-2.4e-05,0.210741,0.092375,0.000291,0.008635,0.4755,0.0,0.0,1.0,0.0,0.0,-9999.0,-9999.0,-9999.0,-9999.0,-9999.0,-9999.0,-9999.0,-9999.0,-9999.0,-9999.0,-9999.0,-9999.0,-9999.0,-9999.0
P13_HV1_3_interaction,active_and_state_lat_and_long_zero_last_source_row_continuous_segment,P13,HV1,3,keep_right,P13_HV1_3,P13_HV1.1.asc,HV3,60,initiator_active,15003,1,250050.0,250050.0007,3.0,3.0,28.576379,102.874964,6.0,540.54724,-5541.226812,0.046846,0.020363,0.0,28.577474,-0.00169,0.0,5541.395022,-58.432745,6.274858,1.0,0.0,0.0,0.0,5603.036909,-55.245311,1021.0,6.0,602.648524,7.0,-0.040972,39.741014,143.067649,39.740941,-0.075928,-2e-05,0.210638,0.093388,0.000283,0.008792,0.4755,0.0,0.0,1.0,0.0,0.0,-9999.0,-9999.0,-9999.0,-9999.0,-9999.0,-9999.0,-9999.0,-9999.0,-9999.0,-9999.0,-9999.0,-9999.0,-9999.0,-9999.0
P13_HV1_3_interaction,active_and_state_lat_and_long_zero_last_source_row_continuous_segment,P13,HV1,3,keep_right,P13_HV1_3,P13_HV1.1.asc,HV3,60,initiator_active,15004,1,250066.67,250066.6677,3.0,3.0,28.577111,102.877599,6.0,541.023519,-5541.703093,0.051894,0.020443,0.0,28.578263,-0.001713,0.0,5541.871299,-58.436735,6.274871,1.0,0.0,0.0,0.0,5603.699211,-55.251212,1021.0,6.0,603.310848,7.0,-0.043529,39.74452,143.080272,39.744447,-0.07609,-1.5e-05,0.210535,0.094083,0.000272,0.008792,0.4755,0.0,0.0,1.0,0.0,0.0,-9999.0,-9999.0,-9999.0,-9999.0,-9999.0,-9999.0,-9999.0,-9999.0,-9999.0,-9999.0,-9999.0,-9999.0,-9999.0,-9999.0
P13_HV1_3_interaction,active_and_state_lat_and_long_zero_last_source_row_continuous_segment,P13,HV1,3,keep_right,P13_HV1_3,P13_HV1.1.asc,HV3,60,initiator_active,15005,1,250083.33,250083.3344,3.0,3.0,28.577865,102.880313,6.0,541.499811,-5542.179386,0.055647,0.02299,0.0,28.579154,-0.001752,0.0,5542.347591,-58.440719,6.274885,1.0,0.0,0.0,0.0,5604.361572,-55.257086,1021.0,6.0,603.973229,7.0,-0.046058,39.748025,143.092889,39.747952,-0.076146,-1.1e-05,0.210431,0.094482,0.00026,0.008792,0.4755,0.0,0.0,1.0,0.0,0.0,-9999.0,-9999.0,-9999.0,-9999.0,-9999.0,-9999.0,-9999.0,-9999.0,-9999.0,-9999.0,-9999.0,-9999.0,-9999.0,-9999.0
P13_HV1_3_interaction,active_and_state_lat_and_long_zero_last_source_row_continuous_segment,P13,HV1,3,keep_right,P13_HV1_3,P13_HV1.1.asc,HV3,60,initiator_active,15006,1,250100.0,250100.0008,3.0,3.0,28.578696,102.883304,6.0,541.976117,-5542.655693,0.059129,0.023014,0.0,28.580081,-0.001758,0.0,5542.823897,-58.444697,6.274898,1.0,0.0,0.0,0.0,5605.023991,-55.262934,1021.0,6.0,604.63567,7.0,-0.048561,39.751528,143.1055,39.751455,-0.076106,-6e-06,0.210328,0.094607,0.000246,0.008792,0.4755,0.0,0.0,1.0,0.0,0.0,-9999.0,-9999.0,-9999.0,-9999.0,-9999.0,-9999.0,-9999.0,-9999.0,-9999.0,-9999.0,-9999.0,-9999.0,-9999.0,-9999.0
P13_HV1_3_interaction,active_and_state_lat_and_long_zero_last_source_row_continuous_segment,P13,HV1,3,keep_right,P13_HV1_3,P13_HV1.1.asc,HV3,60,initiator_active,15007,1,250116.67,250116.6675,3.0,3.0,28.579618,102.886625,6.0,542.452437,-5543.132015,0.055498,0.023335,0.0,28.581058,-0.001772,0.0,5543.300219,-58.448669,6.274912,1.0,0.0,0.0,0.0,5605.686469,-55.268754,1021.0,6.0,605.298169,7.0,-0.051036,39.755029,143.118105,39.754957,-0.075976,-3e-06,0.210225,0.09448,0.000231,0.008792,0.4755,0.0,0.0,1.0,0.0,0.0,-9999.0,-9999.0,-9999.0,-9999.0,-9999.0,-9999.0,-9999.0,-9999.0,-9999.0,-9999.0,-9999.0,-9999.0,-9999.0,-9999.0
P13_HV1_3_interaction,active_and_state_lat_and_long_zero_last_source_row_continuous_segment,P13,HV1,3,keep_right,P13_HV1_3,P13_HV1.1.asc,HV3,60,initiator_active,15008,1,250133.33,250133.3341,3.0,3.0,28.580573,102.890065,6.0,542.928773,-5543.608353,0.061414,0.0222,0.0,28.582008,-0.001791,0.0,5543.776558,-58.452635,6.274926,1.0,0.0,0.0,0.0,5606.349005,-55.274548,1021.0,6.0,605.960726,7.0,-0.053483,39.758529,143.130704,39.758457,-0.075766,1e-06,0.210122,0.094122,0.000216,0.008792,0.4755,0.0,0.0,1.0,0.0,0.0,-9999.0,-9999.0,-9999.0,-9999.0,-9999.0,-9999.0,-9999.0,-9999.0,-9999.0,-9999.0,-9999.0,-9999.0,-9999.0,-9999.0
P13_HV1_3_interaction,active_and_state_lat_and_long_zero_last_source_row_continuous_segment,P13,HV1,3,keep_right,P13_HV1_3,P13_HV1.1.asc,HV3,60,initiator_active,15009,1,250150.0,250150.0008,3.0,3.0,28.581521,102.893475,6.0,543.405125,-5544.084706,0.05871,0.021947,0.0,28.583004,-0.001834,0.0,5544.252912,-58.456594,6.27494,1.0,0.0,0.0,0.0,5607.0116,-55.280315,1021.0,6.0,606.623342,7.0,-0.055904,39.762027,143.143296,39.761955,-0.075483,5e-06,0.210019,0.093555,0.000199,0.008792,0.4755,0.0,0.0,1.0,0.0,0.0,-9999.0,-9999.0,-9999.0,-9999.0,-9999.0,-9999.0,-9999.0,-9999.0,-9999.0,-9999.0,-9999.0,-9999.0,-9999.0,-9999.0
P13_HV1_3_interaction,active_and_state_lat_and_long_zero_last_source_row_continuous_segment,P13,HV1,3,keep_right,P13_HV1_3,P13_HV1.1.asc,HV3,60,initiator_active,15010,1,250166.67,250166.6674,3.0,3.0,28.58252,102.897073,6.0,543.881494,-5544.561076,0.050591,0.025522,0.0,28.58397,-0.001885,0.0,5544.729283,-58.460548,6.274955,1.0,0.0,0.0,0.0,5607.674254,-55.286055,1021.0,6.0,607.286016,7.0,-0.058298,39.765523,143.155883,39.765452,-0.075133,8e-06,0.209916,0.092799,0.000182,0.008792,0.4755,0.0,0.0,1.0,0.0,0.0,-9999.0,-9999.0,-9999.0,-9999.0,-9999.0,-9999.0,-9999.0,-9999.0,-9999.0,-9999.0,-9999.0,-9999.0,-9999.0,-9999.0
P13_HV1_3_interaction,active_and_state_lat_and_long_zero_last_source_row_continuous_segment,P13,HV1,3,keep_right,P13_HV1_3,P13_HV1.1.asc,HV3,60,initiator_active,15011,1,250183.33,250183.3335,3.0,3.0,28.583494,102.900577,6.0,544.357879,-5545.037463,0.034503,0.024334,0.0,28.584781,-0.001892,0.0,5545.20567,-58.464495,6.274969,1.0,0.0,0.0,0.0,5608.336966,-55.291769,1021.0,6.0,607.948748,7.0,-0.060665,39.769018,143.168463,39.768947,-0.074726,1.1e-05,0.209813,0.091873,0.000165,0.008792,0.4755,0.0,0.0,1.0,0.0,0.0,-9999.0,-9999.0,-9999.0,-9999.0,-9999.0,-9999.0,-9999.0,-9999.0,-9999.0,-9999.0,-9999.0,-9999.0,-9999.0,-9999.0
P13_HV1_3_interaction,active_and_state_lat_and_long_zero_last_source_row_continuous_segment,P13,HV1,3,keep_right,P13_HV1_3,P13_HV1.1.asc,HV3,60,initiator_active,15012,1,250200.0,250200.0002,3.0,3.0,28.584391,102.903808,6.0,544.834279,-5545.513864,0.044725,0.0205,0.0,28.585376,-0.00193,0.0,5545.682069,-58.468435,6.274985,1.0,0.0,0.0,0.0,5608.999736,-55.297457,1021.0,6.0,608.611539,7.0,-0.063005,39.77251,143.181038,39.772441,-0.074267,1.3e-05,0.20971,0.090796,0.000147,0.008792,0.4755,0.0,0.0,1.0,0.0,0.0,-9999.0,-9999.0,-9999.0,-9999.0,-9999.0,-9999.0,-9999.0,-9999.0,-9999.0,-9999.0,-9999.0,-9999.0,-9999.0,-9999.0
P13_HV1_3_interaction,active_and_state_lat_and_long_zero_last_source_row_continuous_segment,P13,HV1,3,keep_right,P13_HV1_3,P13_HV1.1.asc,HV3,60,initiator_active,15013,1,250216.67,250216.6705,3.0,3.0,28.585068,102.906247,6.0,545.310692,-5545.990278,0.054742,0.022086,0.0,28.586173,-0.002027,0.0,5546.158479,-58.472369,6.275,1.0,0.0,0.0,0.0,5609.662565,-55.303118,1021.0,6.0,609.274388,7.0,-0.06532,39.776002,143.193606,39.775933,-0.073763,1.5e-05,0.209607,0.089586,0.00013,0.008792,0.4755,0.0,0.0,1.0,0.0,0.0,-9999.0,-9999.0,-9999.0,-9999.0,-9999.0,-9999.0,-9999.0,-9999.0,-9999.0,-9999.0,-9999.0,-9999.0,-9999.0,-9999.0
P13_HV1_3_interaction,active_and_state_lat_and_long_zero_last_source_row_continuous_segment,P13,HV1,3,keep_right,P13_HV1_3,P13_HV1.1.asc,HV3,60,initiator_active,15014,1,250233.33,250233.334,3.0,3.0,28.585748,102.908694,6.0,545.787116,-5546.466703,0.051425,0.023154,0.0,28.587091,-0.002096,0.0,5546.634903,-58.476297,6.275016,1.0,0.0,0.0,0.0,5610.325453,-55.308755,1021.0,6.0,609.937295,7.0,-0.067609,39.779491,143.206169,39.779424,-0.073221,1.7e-05,0.209504,0.088261,0.000112,0.008792,0.4755,0.0,0.0,1.0,0.0,0.0,-9999.0,-9999.0,-9999.0,-9999.0,-9999.0,-9999.0,-9999.0,-9999.0,-9999.0,-9999.0,-9999.0,-9999.0,-9999.0,-9999.0
P13_HV1_3_interaction,active_and_state_lat_and_long_zero_last_source_row_continuous_segment,P13,HV1,3,keep_right,P13_HV1_3,P13_HV1.1.asc,HV3,60,initiator_active,15015,1,250250.0,250250.0007,3.0,3.0,28.586629,102.911866,6.0,546.263554,-5546.943142,0.050278,0.023716,0.0,28.587952,-0.002149,0.0,5547.111342,-58.480219,6.275031,1.0,0.0,0.0,0.0,5610.988398,-55.314367,1021.0,6.0,610.600261,7.0,-0.069873,39.782979,143.218725,39.782913,-0.072646,1.9e-05,0.209401,0.086838,9.5e-05,0.008792,0.4755,0.0,0.0,1.0,0.0,0.0,-9999.0,-9999.0,-9999.0,-9999.0,-9999.0,-9999.0,-9999.0,-9999.0,-9999.0,-9999.0,-9999.0,-9999.0,-9999.0,-9999.0
P13_HV1_3_interaction,active_and_state_lat_and_long_zero_last_source_row_continuous_segment,P13,HV1,3,keep_right,P13_HV1_3,P13_HV1.1.asc,HV3,60,initiator_active,15016,1,250266.67,250266.6676,3.0,3.0,28.58752,102.915071,6.0,546.740006,-5547.419596,0.054086,0.022316,0.0,28.5888,-0.002195,0.0,5547.587795,-58.484135,6.275047,1.0,0.0,0.0,0.0,5611.651402,-55.319954,1021.0,6.0,611.263285,7.0,-0.072111,39.786466,143.231276,39.7864,-0.072044,2.1e-05,0.209298,0.085331,7.7e-05,0.008792,0.4755,0.0,0.0,1.0,0.0,0.0,-9999.0,-9999.0,-9999.0,-9999.0,-9999.0,-9999.0,-9999.0,-9999.0,-9999.0,-9999.0,-9999.0,-9999.0,-9999.0,-9999.0
P13_HV1_3_interaction,active_and_state_lat_and_long_zero_last_source_row_continuous_segment,P13,HV1,3,keep_right,P13_HV1_3,P13_HV1.1.asc,HV3,60,initiator_active,15017,1,250283.33,250283.3341,3.0,3.0,28.588371,102.918135,6.0,547.216473,-5547.896064,0.051607,0.022057,0.0,28.589675,-0.002274,0.0,5548.064263,-58.488044,6.275062,1.0,0.0,0.0,0.0,5612.314465,-55.325516,1021.0,6.0,611.926367,7.0,-0.074326,39.78995,143.243821,39.789886,-0.071421,2.2e-05,0.209195,0.083756,6.1e-05,0.008792,0.4755,0.0,0.0,1.0,0.0,0.0,-9999.0,-9999.0,-9999.0,-9999.0,-9999.0,-9999.0,-9999.0,-9999.0,-9999.0,-9999.0,-9999.0,-9999.0,-9999.0,-9999.0
P13_HV1_3_interaction,active_and_state_lat_and_long_zero_last_source_row_continuous_segment,P13,HV1,3,keep_right,P13_HV1_3,P13_HV1.1.asc,HV3,60,initiator_active,15018,1,250300.0,250300.0008,3.0,3.0,28.589251,102.921304,6.0,547.692955,-5548.372546,0.057052,0.020693,0.0,28.590619,-0.002359,0.0,5548.540745,-58.491947,6.275077,1.0,0.0,0.0,0.0,5612.977585,-55.331056,1021.0,6.0,612.589507,7.0,-0.076516,39.793433,143.256359,39.79337,-0.070782,2.3e-05,0.209093,0.082127,4.5e-05,0.008792,0.4755,0.0,0.0,1.0,0.0,0.0,-9999.0,-9999.0,-9999.0,-9999.0,-9999.0,-9999.0,-9999.0,-9999.0,-9999.0,-9999.0,-9999.0,-9999.0,-9999.0,-9999.0
P13_HV1_3_interaction,active_and_state_lat_and_long_zero_last_source_row_continuous_segment,P13,HV1,3,keep_right,P13_HV1_3,P13_HV1.1.asc,HV3,60,initiator_active,15019,1,250316.67,250316.6703,3.0,3.0,28.590105,102.924378,6.0,548.16945,-5548.849043,0.046774,0.020476,0.0,28.591502,-0.002419,0.0,5549.017243,-58.495845,6.275092,1.0,0.0,0.0,0.0,5613.640764,-55.336572,1021.0,6.0,613.252705,7.0,-0.078683,39.796915,143.268892,39.796853,-0.070132,2.3e-05,0.20899,0.080457,2.9e-05,0.008792,0.4755,0.0,0.0,1.0,0.0,0.0,-9999.0,-9999.0,-9999.0,-9999.0,-9999.0,-9999.0,-9999.0,-9999.0,-9999.0,-9999.0,-9999.0,-9999.0,-9999.0,-9999.0
P13_HV1_3_interaction,active_and_state_lat_and_long_zero_last_source_row_continuous_segment,P13,HV1,3,keep_right,P13_HV1_3,P13_HV1.1.asc,HV3,60,initiator_active,15020,1,250333.33,250333.3341,3.0,3.0,28.591095,102.927941,6.0,548.645962,-5549.325556,0.041179,0.020129,0.0,28.592183,-0.002466,0.0,5549.493755,-58.499738,6.275106,1.0,0.0,0.0,0.0,5614.304001,-55.342065,1021.0,6.0,613.915962,7.0,-0.080827,39.800394,143.281419,39.800334,-0.069474,2.3e-05,0.208887,0.078758,1.4e-05,0.008635,0.4755,0.0,0.0,1.0,0.0,0.0,-9999.0,-9999.0,-9999.0,-9999.0,-9999.0,-9999.0,-9999.0,-9999.0,-9999.0,-9999.0,-9999.0,-9999.0,-9999.0,-9999.0
P13_HV1_3_interaction,active_and_state_lat_and_long_zero_last_source_row_continuous_segment,P13,HV1,3,keep_right,P13_HV1_3,P13_HV1.1.asc,HV3,60,initiator_active,15021,1,250350.0,250350.0004,3.0,3.0,28.591892,102.930812,6.0,549.122488,-5549.802083,0.051268,0.018944,0.0,28.592961,-0.002531,0.0,5549.970279,-58.503625,6.275119,1.0,0.0,0.0,0.0,5614.967297,-55.347537,1021.0,6.0,614.579276,7.0,-0.082949,39.803872,143.29394,39.803813,-0.068813,2.4e-05,0.208785,0.077041,-0.0,0.008635,0.4755,0.0,0.0,1.0,0.0,0.0,-9999.0,-9999.0,-9999.0,-9999.0,-9999.0,-9999.0,-9999.0,-9999.0,-9999.0,-9999.0,-9999.0,-9999.0,-9999.0,-9999.0
P13_HV1_3_interaction,active_and_state_lat_and_long_zero_last_source_row_continuous_segment,P13,HV1,3,keep_right,P13_HV1_3,P13_HV1.1.asc,HV3,60,initiator_active,15022,1,250366.67,250366.6675,3.0,3.0,28.592526,102.933095,6.0,549.599025,-5550.278621,0.051641,0.019132,0.0,28.593793,-0.002572,0.0,5550.446816,-58.507507,6.275131,1.0,0.0,0.0,0.0,5615.63065,-55.352986,1021.0,6.0,615.242649,7.0,-0.085048,39.807349,143.306456,39.80729,-0.068152,2.3e-05,0.208682,0.075318,-1.4e-05,0.008635,0.4755,0.0,0.0,1.0,0.0,0.0,-9999.0,-9999.0,-9999.0,-9999.0,-9999.0,-9999.0,-9999.0,-9999.0,-9999.0,-9999.0,-9999.0,-9999.0,-9999.0,-9999.0
P13_HV1_3_interaction,active_and_state_lat_and_long_zero_last_source_row_continuous_segment,P13,HV1,3,keep_right,P13_HV1_3,P13_HV1.1.asc,HV3,60,initiator_active,15023,1,250383.33,250383.3344,3.0,3.0,28.593388,102.936197,6.0,550.075576,-5550.755172,0.048235,0.018824,0.0,28.594646,-0.002586,0.0,5550.923367,-58.511384,6.275142,1.0,0.0,0.0,0.0,5616.294062,-55.358415,1021.0,6.0,615.906079,7.0,-0.087127,39.810824,143.318965,39.810766,-0.067496,2.3e-05,0.208579,0.073597,-3e-05,0.008635,0.4755,0.0,0.0,1.0,0.0,0.0,-9999.0,-9999.0,-9999.0,-9999.0,-9999.0,-9999.0,-9999.0,-9999.0,-9999.0,-9999.0,-9999.0,-9999.0,-9999.0,-9999.0
P13_HV1_3_interaction,active_and_state_lat_and_long_zero_last_source_row_continuous_segment,P13,HV1,3,keep_right,P13_HV1_3,P13_HV1.1.asc,HV3,60,initiator_active,15024,1,250400.01,250400.0124,3.0,3.0,28.594223,102.939204,6.0,550.55214,-5551.231738,0.062193,0.015289,0.0,28.595477,-0.002595,0.0,5551.399932,-58.515256,6.275153,1.0,0.0,0.0,0.0,5616.957531,-55.363823,1021.0,6.0,616.569568,7.0,-0.089184,39.814297,143.331468,39.814241,-0.066847,2.2e-05,0.208477,0.071889,-4.7e-05,0.008635,0.4755,0.0,0.0,1.0,0.0,0.0,-9999.0,-9999.0,-9999.0,-9999.0,-9999.0,-9999.0,-9999.0,-9999.0,-9999.0,-9999.0,-9999.0,-9999.0,-9999.0,-9999.0
P13_HV1_3_interaction,active_and_state_lat_and_long_zero_last_source_row_continuous_segment,P13,HV1,3,keep_right,P13_HV1_3,P13_HV1.1.asc,HV3,60,initiator_active,15025,1,250416.67,250416.6673,3.0,3.0,28.595048,102.942174,6.0,551.028719,-5551.708317,0.062647,0.012368,0.0,28.596571,-0.00261,0.0,5551.876512,-58.519124,6.275162,1.0,0.0,0.0,0.0,5617.621059,-55.369211,1021.0,6.0,617.233114,7.0,-0.091221,39.817768,143.343966,39.817713,-0.066208,2.1e-05,0.208374,0.0702,-6.7e-05,0.008635,0.4755,0.0,0.0,1.0,0.0,0.0,-9999.0,-9999.0,-9999.0,-9999.0,-9999.0,-9999.0,-9999.0,-9999.0,-9999.0,-9999.0,-9999.0,-9999.0,-9999.0,-9999.0
P13_HV1_3_interaction,active_and_state_lat_and_long_zero_last_source_row_continuous_segment,P13,HV1,3,keep_right,P13_HV1_3,P13_HV1.1.asc,HV3,60,initiator_active,15026,1,250433.33,250433.3342,3.0,3.0,28.595995,102.945582,6.0,551.505312,-5552.184911,0.043979,0.013134,0.0,28.597496,-0.002613,0.0,5552.35311,-58.522989,6.27517,1.0,0.0,0.0,0.0,5618.284645,-55.374579,1021.0,6.0,617.896718,7.0,-0.093239,39.821238,143.356457,39.821184,-0.065582,2e-05,0.208272,0.068539,-8.8e-05,0.008635,0.47525,0.0,0.0,1.0,0.0,0.0,-9999.0,-9999.0,-9999.0,-9999.0,-9999.0,-9999.0,-9999.0,-9999.0,-9999.0,-9999.0,-9999.0,-9999.0,-9999.0,-9999.0
P13_HV1_3_interaction,active_and_state_lat_and_long_zero_last_source_row_continuous_segment,P13,HV1,3,keep_right,P13_HV1_3,P13_HV1.1.asc,HV3,60,initiator_active,15027,1,250450.0,250450.0007,3.0,3.0,28.597093,102.949536,6.0,551.981924,-5552.661524,0.053383,0.011689,0.0,28.598274,-0.002583,0.0,5552.829722,-58.526851,6.275176,1.0,0.0,0.0,0.0,5618.948288,-55.379929,1021.0,6.0,618.560381,7.0,-0.095237,39.824706,143.368943,39.824653,-0.064971,1.8e-05,0.20817,0.066912,-0.000109,0.008478,0.47525,0.0,0.0,1.0,0.0,0.0,-9999.0,-9999.0,-9999.0,-9999.0,-9999.0,-9999.0,-9999.0,-9999.0,-9999.0,-9999.0,-9999.0,-9999.0,-9999.0,-9999.0
P13_HV1_3_interaction,active_and_state_lat_and_long_zero_last_source_row_continuous_segment,P13,HV1,3,keep_right,P13_HV1_3,P13_HV1.1.asc,HV3,60,initiator_active,15028,1,250466.67,250466.6676,3.0,3.0,28.597862,102.952303,6.0,552.45855,-5553.13815,0.054644,0.010113,0.0,28.599172,-0.002537,0.0,5553.306348,-58.530709,6.275181,1.0,0.0,0.0,0.0,5619.61199,-55.38526,1021.0,6.0,619.224101,7.0,-0.097216,39.828173,143.381423,39.828121,-0.064377,1.6e-05,0.208068,0.065323,-0.000129,0.008478,0.4755,0.0,0.0,1.0,0.0,0.0,-9999.0,-9999.0,-9999.0,-9999.0,-9999.0,-9999.0,-9999.0,-9999.0,-9999.0,-9999.0,-9999.0,-9999.0,-9999.0,-9999.0
P13_HV1_3_interaction,active_and_state_lat_and_long_zero_last_source_row_continuous_segment,P13,HV1,3,keep_right,P13_HV1_3,P13_HV1.1.asc,HV3,60,initiator_active,15029,1,250483.33,250483.3343,3.0,3.0,28.598718,102.955386,6.0,552.935189,-5553.614791,0.057577,0.010185,0.0,28.600115,-0.002475,0.0,5553.782989,-58.534565,6.275185,1.0,0.0,0.0,0.0,5620.27575,-55.390573,1021.0,6.0,619.887879,7.0,-0.099177,39.831638,143.393896,39.831587,-0.063801,1.4e-05,0.207966,0.06378,-0.000146,0.008478,0.4755,0.0,0.0,1.0,0.0,0.0,-9999.0,-9999.0,-9999.0,-9999.0,-9999.0,-9999.0,-9999.0,-9999.0,-9999.0,-9999.0,-9999.0,-9999.0,-9999.0,-9999.0
P13_HV1_3_interaction,active_and_state_lat_and_long_zero_last_source_row_continuous_segment,P13,HV1,3,keep_right,P13_HV1_3,P13_HV1.1.asc,HV3,60,initiator_active,15030,1,250500.0,250500.0007,3.0,3.0,28.599628,102.95866,6.0,553.411843,-5554.091446,0.054129,0.009435,0.0,28.601052,-0.002373,0.0,5554.259646,-58.538419,6.275187,1.0,0.0,0.0,0.0,5620.939567,-55.395868,1021.0,6.0,620.551714,7.0,-0.101119,39.835101,143.406364,39.835051,-0.063246,1.1e-05,0.207864,0.062287,-0.000159,0.008321,0.47575,0.0,0.0,1.0,0.0,0.0,-9999.0,-9999.0,-9999.0,-9999.0,-9999.0,-9999.0,-9999.0,-9999.0,-9999.0,-9999.0,-9999.0,-9999.0,-9999.0,-9999.0
P13_HV1_3_interaction,active_and_state_lat_and_long_zero_last_source_row_continuous_segment,P13,HV1,3,keep_right,P13_HV1_3,P13_HV1.1.asc,HV3,60,initiator_active,15031,1,250516.67,250516.6739,3.0,3.0,28.600594,102.96214,6.0,553.888514,-5554.568117,0.050021,0.009421,0.0,28.601953,-0.002235,0.0,5554.736319,-58.542271,6.275187,1.0,0.0,0.0,0.0,5621.603442,-55.401146,1021.0,6.0,621.215608,7.0,-0.103045,39.838563,143.418826,39.838514,-0.062712,9e-06,0.207762,0.060846,-0.000168,0.008321,0.4755,0.0,0.0,1.0,0.0,0.0,-9999.0,-9999.0,-9999.0,-9999.0,-9999.0,-9999.0,-9999.0,-9999.0,-9999.0,-9999.0,-9999.0,-9999.0,-9999.0,-9999.0
P13_HV1_3_interaction,active_and_state_lat_and_long_zero_last_source_row_continuous_segment,P13,HV1,3,keep_right,P13_HV1_3,P13_HV1.1.asc,HV3,60,initiator_active,15032,1,250533.33,250533.3337,3.0,3.0,28.601503,102.965412,6.0,554.365199,-5555.044803,0.060242,0.010407,0.0,28.602824,-0.00207,0.0,5555.213006,-58.54612,6.275187,1.0,0.0,0.0,0.0,5622.267376,-55.406407,1021.0,6.0,621.879559,7.0,-0.104953,39.842023,143.431282,39.841974,-0.062196,6e-06,0.20766,0.059849,-0.000173,0.008164,0.4755,0.0,0.0,1.0,0.0,0.0,-9999.0,-9999.0,-9999.0,-9999.0,-9999.0,-9999.0,-9999.0,-9999.0,-9999.0,-9999.0,-9999.0,-9999.0,-9999.0,-9999.0
P13_HV1_3_interaction,active_and_state_lat_and_long_zero_last_source_row_continuous_segment,P13,HV1,3,keep_right,P13_HV1_3,P13_HV1.1.asc,HV3,60,initiator_active,15033,1,250550.0,250550.0005,3.0,3.0,28.602369,102.96853,6.0,554.8419,-5555.521505,0.052164,0.010355,0.0,28.603743,-0.001873,0.0,5555.689708,-58.549967,6.275187,1.0,0.0,0.0,0.0,5622.931367,-55.411652,1021.0,6.0,622.543568,7.0,-0.106845,39.845481,143.443732,39.845433,-0.061706,3e-06,0.207557,0.058518,-0.000174,0.008164,0.4755,0.0,0.0,1.0,0.0,0.0,-9999.0,-9999.0,-9999.0,-9999.0,-9999.0,-9999.0,-9999.0,-9999.0,-9999.0,-9999.0,-9999.0,-9999.0,-9999.0,-9999.0
P13_HV1_3_interaction,active_and_state_lat_and_long_zero_last_source_row_continuous_segment,P13,HV1,3,keep_right,P13_HV1_3,P13_HV1.1.asc,HV3,60,initiator_active,15034,1,250566.67,250566.6671,3.0,3.0,28.603326,102.971975,6.0,555.318616,-5555.998221,0.057445,0.00818,0.0,28.604673,-0.001666,0.0,5556.166425,-58.55381,6.275187,1.0,0.0,0.0,0.0,5623.595415,-55.416881,1021.0,6.0,623.207635,7.0,-0.10872,39.848938,143.456176,39.848891,-0.061243,0.0,0.207455,0.057256,-0.000172,0.008164,0.47575,0.0,0.0,1.0,0.0,0.0,-9999.0,-9999.0,-9999.0,-9999.0,-9999.0,-9999.0,-9999.0,-9999.0,-9999.0,-9999.0,-9999.0,-9999.0,-9999.0,-9999.0
P13_HV1_3_interaction,active_and_state_lat_and_long_zero_last_source_row_continuous_segment,P13,HV1,3,keep_right,P13_HV1_3,P13_HV1.1.asc,HV3,60,initiator_active,15035,1,250583.33,250583.3336,3.0,3.0,28.604178,102.97504,6.0,555.795346,-5556.474952,0.042756,0.006703,0.0,28.605574,-0.001483,0.0,5556.643158,-58.557651,6.275185,1.0,0.0,0.0,0.0,5624.259522,-55.422094,1021.0,6.0,623.871759,7.0,-0.110579,39.852393,143.468613,39.852346,-0.060806,-3e-06,0.207277,0.056063,-0.000167,0.008164,0.47575,0.0,0.0,1.0,0.0,0.0,-9999.0,-9999.0,-9999.0,-9999.0,-9999.0,-9999.0,-9999.0,-9999.0,-9999.0,-9999.0,-9999.0,-9999.0,-9999.0,-9999.0
P13_HV1_3_interaction,active_and_state_lat_and_long_zero_last_source_row_continuous_segment,P13,HV1,3,keep_right,P13_HV1_3,P13_HV1.1.asc,HV3,60,initiator_active,15036,1,250600.0,250600.0004,3.0,3.0,28.605152,102.978546,6.0,556.272093,-5556.951699,0.04459,0.006897,0.0,28.606318,-0.001299,0.0,5557.119905,-58.56149,6.275183,1.0,0.0,0.0,0.0,5624.923686,-55.427292,1021.0,6.0,624.535941,7.0,-0.112423,39.855843,143.481033,39.855797,-0.060397,-5e-06,0.206982,0.054941,-0.00016,0.008164,0.4755,0.0,0.0,1.0,0.0,0.0,-9999.0,-9999.0,-9999.0,-9999.0,-9999.0,-9999.0,-9999.0,-9999.0,-9999.0,-9999.0,-9999.0,-9999.0,-9999.0,-9999.0
P13_HV1_3_interaction,active_and_state_lat_and_long_zero_last_source_row_continuous_segment,P13,HV1,3,keep_right,P13_HV1_3,P13_HV1.1.asc,HV3,60,initiator_active,15037,1,250616.67,250616.6676,3.0,3.0,28.60593,102.981348,6.0,556.748853,-5557.42846,0.046707,0.004426,0.0,28.607022,-0.001139,0.0,5557.596665,-58.565328,6.27518,1.0,0.0,0.0,0.0,5625.587908,-55.432475,1021.0,6.0,625.200181,7.0,-0.114252,39.859289,143.493442,39.859244,-0.060015,-8e-06,0.206888,0.053888,-0.000152,0.008164,0.4755,0.0,0.0,1.0,0.0,0.0,-9999.0,-9999.0,-9999.0,-9999.0,-9999.0,-9999.0,-9999.0,-9999.0,-9999.0,-9999.0,-9999.0,-9999.0,-9999.0,-9999.0
P13_HV1_3_interaction,active_and_state_lat_and_long_zero_last_source_row_continuous_segment,P13,HV1,3,keep_right,P13_HV1_3,P13_HV1.1.asc,HV3,60,initiator_active,15038,1,250633.33,250633.3334,3.0,3.0,28.606689,102.984081,6.0,557.225626,-5557.905234,0.032792,0.002847,0.0,28.607629,-0.00101,0.0,5558.073437,-58.569163,6.275178,1.0,0.0,0.0,0.0,5626.252187,-55.437643,1021.0,6.0,625.864478,7.0,-0.116066,39.862737,143.505853,39.862692,-0.05966,-1e-05,0.206958,0.052906,-0.000143,0.008164,0.4755,0.0,0.0,1.0,0.0,0.0,-9999.0,-9999.0,-9999.0,-9999.0,-9999.0,-9999.0,-9999.0,-9999.0,-9999.0,-9999.0,-9999.0,-9999.0,-9999.0,-9999.0
P13_HV1_3_interaction,active_and_state_lat_and_long_zero_last_source_row_continuous_segment,P13,HV1,3,keep_right,P13_HV1_3,P13_HV1.1.asc,HV3,60,initiator_active,15039,1,250650.0,250650.0002,3.0,3.0,28.607411,102.986681,6.0,557.702411,-5558.382019,0.055415,5.8e-05,0.0,28.608324,-0.000896,0.0,5558.550217,-58.572999,6.275175,1.0,0.0,0.0,0.0,5626.916524,-55.442797,1021.0,6.0,626.528832,7.0,-0.117865,39.866185,143.518265,39.866141,-0.059331,-1.3e-05,0.206994,0.051992,-0.000134,0.008478,0.4755,0.0,0.0,1.0,0.0,0.0,-9999.0,-9999.0,-9999.0,-9999.0,-9999.0,-9999.0,-9999.0,-9999.0,-9999.0,-9999.0,-9999.0,-9999.0,-9999.0,-9999.0
P13_HV1_3_interaction,active_and_state_lat_and_long_zero_last_source_row_continuous_segment,P13,HV1,3,keep_right,P13_HV1_3,P13_HV1.1.asc,HV3,60,initiator_active,15040,1,250666.67,250666.6676,3.0,3.0,28.607902,102.988448,6.0,558.179205,-5558.858814,0.055839,-0.000619,0.0,28.609253,-0.000797,0.0,5559.027011,-58.576834,6.275172,1.0,0.0,0.0,0.0,5627.580918,-55.447937,1021.0,6.0,627.193244,7.0,-0.119649,39.869634,143.530684,39.869591,-0.059028,-1.5e-05,0.207028,0.051146,-0.000123,0.008792,0.4755,0.0,0.0,1.0,0.0,0.0,-9999.0,-9999.0,-9999.0,-9999.0,-9999.0,-9999.0,-9999.0,-9999.0,-9999.0,-9999.0,-9999.0,-9999.0,-9999.0,-9999.0
P13_HV1_3_interaction,active_and_state_lat_and_long_zero_last_source_row_continuous_segment,P13,HV1,3,keep_right,P13_HV1_3,P13_HV1.1.asc,HV3,60,initiator_active,15041,1,250683.34,250683.3378,3.0,3.0,28.608786,102.991628,6.0,558.656012,-5559.335622,0.051175,-0.003787,0.0,28.61018,-0.000725,0.0,5559.50382,-58.580669,6.275168,1.0,0.0,0.0,0.0,5628.245371,-55.453063,1021.0,6.0,627.857714,7.0,-0.12142,39.873081,143.543092,39.873038,-0.058751,-1.7e-05,0.206807,0.050367,-0.000112,0.008792,0.4755,0.0,0.0,1.0,0.0,0.0,-9999.0,-9999.0,-9999.0,-9999.0,-9999.0,-9999.0,-9999.0,-9999.0,-9999.0,-9999.0,-9999.0,-9999.0,-9999.0,-9999.0
P13_HV1_3_interaction,active_and_state_lat_and_long_zero_last_source_row_continuous_segment,P13,HV1,3,keep_right,P13_HV1_3,P13_HV1.1.asc,HV3,60,initiator_active,15042,1,250700.0,250700.0003,3.0,3.0,28.609719,102.994988,6.0,559.132834,-5559.812445,0.050867,-0.005376,0.0,28.611005,-0.000651,0.0,5559.980645,-58.584505,6.275164,1.0,0.0,0.0,0.0,5628.90988,-55.458176,1021.0,6.0,628.522241,7.0,-0.123177,39.876525,143.55549,39.876482,-0.058498,-1.9e-05,0.20666,0.049652,-0.000101,0.008792,0.4755,0.0,0.0,1.0,0.0,0.0,-9999.0,-9999.0,-9999.0,-9999.0,-9999.0,-9999.0,-9999.0,-9999.0,-9999.0,-9999.0,-9999.0,-9999.0,-9999.0,-9999.0
P13_HV1_3_interaction,active_and_state_lat_and_long_zero_last_source_row_continuous_segment,P13,HV1,3,keep_right,P13_HV1_3,P13_HV1.1.asc,HV3,60,initiator_active,15043,1,250716.67,250716.6668,3.0,3.0,28.610607,102.998185,6.0,559.609672,-5560.289283,0.054785,-0.006331,0.0,28.611879,-0.000594,0.0,5560.457483,-58.588343,6.275158,1.0,0.0,0.0,0.0,5629.574447,-55.463275,1021.0,6.0,629.186825,7.0,-0.12492,39.879967,143.567882,39.879925,-0.05827,-2e-05,0.206621,0.049002,-9e-05,0.008792,0.4755,0.0,0.0,1.0,0.0,0.0,-9999.0,-9999.0,-9999.0,-9999.0,-9999.0,-9999.0,-9999.0,-9999.0,-9999.0,-9999.0,-9999.0,-9999.0,-9999.0,-9999.0
P13_HV1_3_interaction,active_and_state_lat_and_long_zero_last_source_row_continuous_segment,P13,HV1,3,keep_right,P13_HV1_3,P13_HV1.1.asc,HV3,60,initiator_active,15044,1,250733.33,250733.3343,3.0,3.0,28.611429,103.001144,6.0,560.086523,-5560.766136,0.043883,-0.008766,0.0,28.61276,-0.000541,0.0,5560.934336,-58.592182,6.275152,1.0,0.0,0.0,0.0,5630.239072,-55.468361,1021.0,6.0,629.851467,7.0,-0.126649,39.883411,143.580279,39.883369,-0.058066,-2.2e-05,0.206708,0.048413,-8e-05,0.008792,0.4755,0.0,0.0,1.0,0.0,0.0,-9999.0,-9999.0,-9999.0,-9999.0,-9999.0,-9999.0,-9999.0,-9999.0,-9999.0,-9999.0,-9999.0,-9999.0,-9999.0,-9999.0
P13_HV1_3_interaction,active_and_state_lat_and_long_zero_last_source_row_continuous_segment,P13,HV1,3,keep_right,P13_HV1_3,P13_HV1.1.asc,HV3,60,initiator_active,15045,1,250750.0,250750.0004,3.0,3.0,28.612336,103.004408,6.0,560.56339,-5561.243003,0.052653,-0.008506,0.0,28.613556,-0.000463,0.0,5561.411203,-58.596024,6.275145,1.0,0.0,0.0,0.0,5630.903754,-55.473434,1021.0,6.0,630.516166,7.0,-0.128365,39.886854,143.592675,39.886812,-0.057884,-2.3e-05,0.206606,0.047885,-7e-05,0.008792,0.4755,0.0,0.0,1.0,0.0,0.0,-9999.0,-9999.0,-9999.0,-9999.0,-9999.0,-9999.0,-9999.0,-9999.0,-9999.0,-9999.0,-9999.0,-9999.0,-9999.0,-9999.0
P13_HV1_3_interaction,active_and_state_lat_and_long_zero_last_source_row_continuous_segment,P13,HV1,3,keep_right,P13_HV1_3,P13_HV1.1.asc,HV3,60,initiator_active,15046,1,250766.69,250766.6858,3.0,3.0,28.613126,103.007254,6.0,561.04027,-5561.719883,0.047331,-0.011557,0.0,28.614399,-0.000384,0.0,5561.888084,-58.599869,6.275136,1.0,0.0,0.0,0.0,5631.568494,-55.478494,1021.0,6.0,631.180923,7.0,-0.130069,39.890294,143.605057,39.890252,-0.057724,-2.4e-05,0.206339,0.047414,-6e-05,0.008792,0.4755,0.0,0.0,1.0,0.0,0.0,-9999.0,-9999.0,-9999.0,-9999.0,-9999.0,-9999.0,-9999.0,-9999.0,-9999.0,-9999.0,-9999.0,-9999.0,-9999.0,-9999.0
P13_HV1_3_interaction,active_and_state_lat_and_long_zero_last_source_row_continuous_segment,P13,HV1,3,keep_right,P13_HV1_3,P13_HV1.1.asc,HV3,60,initiator_active,15047,1,250783.33,250783.3335,3.0,3.0,28.613995,103.010381,6.0,561.517164,-5562.196778,0.050365,-0.011213,0.0,28.615218,-0.000302,0.0,5562.364978,-58.603717,6.275127,1.0,0.0,0.0,0.0,5632.233291,-55.483541,1021.0,6.0,631.845737,7.0,-0.131759,39.89373,143.617426,39.893688,-0.057584,-2.5e-05,0.206171,0.046999,-5e-05,0.008792,0.4755,0.0,0.0,1.0,0.0,0.0,-9999.0,-9999.0,-9999.0,-9999.0,-9999.0,-9999.0,-9999.0,-9999.0,-9999.0,-9999.0,-9999.0,-9999.0,-9999.0,-9999.0
P13_HV1_3_interaction,active_and_state_lat_and_long_zero_last_source_row_continuous_segment,P13,HV1,3,keep_right,P13_HV1_3,P13_HV1.1.asc,HV3,60,initiator_active,15048,1,250800.0,250800.0008,3.0,3.0,28.614793,103.013255,6.0,561.994072,-5562.673687,0.051182,-0.014025,0.0,28.616038,-0.000169,0.0,5562.841886,-58.607569,6.275115,1.0,0.0,0.0,0.0,5632.898145,-55.488576,1021.0,6.0,632.510608,7.0,-0.133436,39.897163,143.629787,39.897122,-0.057465,-2.6e-05,0.206044,0.046639,-4.2e-05,0.008792,0.4755,0.0,0.0,1.0,0.0,0.0,-9999.0,-9999.0,-9999.0,-9999.0,-9999.0,-9999.0,-9999.0,-9999.0,-9999.0,-9999.0,-9999.0,-9999.0,-9999.0,-9999.0
P13_HV1_3_interaction,active_and_state_lat_and_long_zero_last_source_row_continuous_segment,P13,HV1,3,keep_right,P13_HV1_3,P13_HV1.1.asc,HV3,60,initiator_active,15049,1,250816.67,250816.6677,3.0,3.0,28.615638,103.016297,6.0,562.470993,-5563.150609,0.051076,-0.01471,0.0,28.616916,-4.9e-05,0.0,5563.318808,-58.611425,6.275103,1.0,0.0,0.0,0.0,5633.563057,-55.493598,1021.0,6.0,633.175537,7.0,-0.1351,39.900595,143.642141,39.900554,-0.057365,-2.6e-05,0.205925,0.046329,-3.5e-05,0.008792,0.47525,0.0,0.0,1.0,0.0,0.0,-9999.0,-9999.0,-9999.0,-9999.0,-9999.0,-9999.0,-9999.0,-9999.0,-9999.0,-9999.0,-9999.0,-9999.0,-9999.0,-9999.0
P13_HV1_3_interaction,active_and_state_lat_and_long_zero_last_source_row_continuous_segment,P13,HV1,3,keep_right,P13_HV1_3,P13_HV1.1.asc,HV3,60,initiator_active,15050,1,250833.33,250833.3339,3.0,3.0,28.616464,103.019271,6.0,562.947929,-5563.627545,0.047123,-0.014123,0.0,28.617741,9.1e-05,0.0,5563.795745,-58.615284,6.27509,1.0,0.0,0.0,0.0,5634.228026,-55.498608,1021.0,6.0,633.840522,7.0,-0.136752,39.904025,143.654489,39.903984,-0.057283,-2.7e-05,0.205822,0.046069,-2.8e-05,0.008792,0.4755,0.0,0.0,1.0,0.0,0.0,-9999.0,-9999.0,-9999.0,-9999.0,-9999.0,-9999.0,-9999.0,-9999.0,-9999.0,-9999.0,-9999.0,-9999.0,-9999.0,-9999.0
P13_HV1_3_interaction,active_and_state_lat_and_long_zero_last_source_row_continuous_segment,P13,HV1,3,keep_right,P13_HV1_3,P13_HV1.1.asc,HV3,60,initiator_active,15051,1,250850.01,250850.0116,3.0,3.0,28.617342,103.022431,6.0,563.424879,-5564.104496,0.050295,-0.012843,0.0,28.618558,0.000264,0.0,5564.272695,-58.619148,6.275076,1.0,0.0,0.0,0.0,5634.893052,-55.503606,1021.0,6.0,634.505565,7.0,-0.138391,39.907453,143.66683,39.907412,-0.057217,-2.7e-05,0.205723,0.045856,-2.1e-05,0.008792,0.4755,0.0,0.0,1.0,0.0,0.0,-9999.0,-9999.0,-9999.0,-9999.0,-9999.0,-9999.0,-9999.0,-9999.0,-9999.0,-9999.0,-9999.0,-9999.0,-9999.0,-9999.0
P13_HV1_3_interaction,active_and_state_lat_and_long_zero_last_source_row_continuous_segment,P13,HV1,3,keep_right,P13_HV1_3,P13_HV1.1.asc,HV3,60,initiator_active,15052,1,250866.67,250866.6675,3.0,3.0,28.618134,103.025282,6.0,563.901842,-5564.58146,0.043399,-0.012093,0.0,28.619376,0.000498,0.0,5564.749658,-58.623016,6.275061,1.0,0.0,0.0,0.0,5635.558135,-55.508591,1021.0,6.0,635.170666,7.0,-0.140018,39.910879,143.679166,39.910838,-0.057168,-2.7e-05,0.205623,0.045686,-1.5e-05,0.008792,0.47475,0.0,0.0,1.0,0.0,0.0,-9999.0,-9999.0,-9999.0,-9999.0,-9999.0,-9999.0,-9999.0,-9999.0,-9999.0,-9999.0,-9999.0,-9999.0,-9999.0,-9999.0
P13_HV1_3_interaction,active_and_state_lat_and_long_zero_last_source_row_continuous_segment,P13,HV1,3,keep_right,P13_HV1_3,P13_HV1.1.asc,HV3,60,initiator_active,15053,1,250883.33,250883.3343,3.0,3.0,28.618977,103.028318,6.0,564.378819,-5565.058438,0.05049,-0.012809,0.0,28.620105,0.000714,0.0,5565.226635,-58.626888,6.275046,1.0,0.0,0.0,0.0,5636.223276,-55.513564,1021.0,6.0,635.835823,7.0,-0.141632,39.914304,143.691495,39.914263,-0.057134,-2.8e-05,0.205514,0.045558,-1e-05,0.008792,0.464,0.0,0.0,1.0,0.0,0.0,-9999.0,-9999.0,-9999.0,-9999.0,-9999.0,-9999.0,-9999.0,-9999.0,-9999.0,-9999.0,-9999.0,-9999.0,-9999.0,-9999.0
P13_HV1_3_interaction,active_and_state_lat_and_long_zero_last_source_row_continuous_segment,P13,HV1,3,keep_right,P13_HV1_3,P13_HV1.1.asc,HV3,60,initiator_active,15054,1,250900.0,250900.0006,3.0,3.0,28.619738,103.031056,6.0,564.85581,-5565.535429,0.055238,-0.010534,0.0,28.620979,0.000932,0.0,5565.703625,-58.630763,6.275031,1.0,0.0,0.0,0.0,5636.888474,-55.518525,1021.0,6.0,636.501037,7.0,-0.143234,39.917727,143.703818,39.917686,-0.057113,-2.8e-05,0.205407,0.045468,-6e-06,0.008792,0.44825,0.0,0.0,1.0,0.0,0.0,-9999.0,-9999.0,-9999.0,-9999.0,-9999.0,-9999.0,-9999.0,-9999.0,-9999.0,-9999.0,-9999.0,-9999.0,-9999.0,-9999.0
P13_HV1_3_interaction,active_and_state_lat_and_long_zero_last_source_row_continuous_segment,P13,HV1,3,keep_right,P13_HV1_3,P13_HV1.1.asc,HV3,60,initiator_active,15055,1,250916.67,250916.6675,3.0,3.0,28.620526,103.033892,6.0,565.332813,-5566.012433,0.059461,-0.012699,0.0,28.621867,0.001172,0.0,5566.180629,-58.634641,6.275016,1.0,0.0,0.0,0.0,5637.553729,-55.523474,1021.0,6.0,637.166309,7.0,-0.144823,39.921148,143.716134,39.921108,-0.057106,-2.8e-05,0.20531,0.045414,-2e-06,0.008792,0.42125,0.0,0.0,1.0,0.0,0.0,-9999.0,-9999.0,-9999.0,-9999.0,-9999.0,-9999.0,-9999.0,-9999.0,-9999.0,-9999.0,-9999.0,-9999.0,-9999.0,-9999.0
P13_HV1_3_interaction,active_and_state_lat_and_long_zero_last_source_row_continuous_segment,P13,HV1,3,keep_right,P13_HV1_3,P13_HV1.1.asc,HV3,60,initiator_active,15056,1,250933.33,250933.3348,3.0,3.0,28.62144,103.037182,6.0,565.80983,-5566.489452,0.048793,-0.012113,0.0,28.622833,0.00136,0.0,5566.657649,-58.638523,6.275002,1.0,0.0,0.0,0.0,5638.219041,-55.528411,1021.0,6.0,637.831637,7.0,-0.1464,39.924568,143.728445,39.924527,-0.05711,-2.8e-05,0.205216,0.045393,1e-06,0.008792,0.381,0.0,0.0,1.0,0.0,0.0,-9999.0,-9999.0,-9999.0,-9999.0,-9999.0,-9999.0,-9999.0,-9999.0,-9999.0,-9999.0,-9999.0,-9999.0,-9999.0,-9999.0
P13_HV1_3_interaction,active_and_state_lat_and_long_zero_last_source_row_continuous_segment,P13,HV1,3,keep_right,P13_HV1_3,P13_HV1.1.asc,HV3,60,initiator_active,15057,1,250950.0,250950.0008,3.0,3.0,28.622363,103.040505,6.0,566.286863,-5566.966486,0.050281,-0.011514,0.0,28.623629,0.001537,0.0,5567.134683,-58.642408,6.274989,1.0,0.0,0.0,0.0,5638.88441,-55.533335,1021.0,6.0,638.497023,7.0,-0.147964,39.927986,143.740751,39.927945,-0.057125,-2.8e-05,0.205119,0.045403,4e-06,0.008635,0.381,0.0,0.0,1.0,0.0,0.0,-9999.0,-9999.0,-9999.0,-9999.0,-9999.0,-9999.0,-9999.0,-9999.0,-9999.0,-9999.0,-9999.0,-9999.0,-9999.0,-9999.0
P13_HV1_3_interaction,active_and_state_lat_and_long_zero_last_source_row_continuous_segment,P13,HV1,3,keep_right,P13_HV1_3,P13_HV1.1.asc,HV3,60,initiator_active,15058,1,250966.67,250966.6676,3.0,3.0,28.62324,103.043662,6.0,566.763912,-5567.443535,0.051242,-0.010198,0.0,28.624462,0.001724,0.0,5567.611731,-58.646296,6.274977,1.0,0.0,0.0,0.0,5639.549837,-55.538247,1021.0,6.0,639.162466,7.0,-0.149516,39.931402,143.753049,39.931362,-0.057151,-2.8e-05,0.204944,0.04544,6e-06,0.008635,0.33025,0.0,0.0,1.0,0.0,0.0,-9999.0,-9999.0,-9999.0,-9999.0,-9999.0,-9999.0,-9999.0,-9999.0,-9999.0,-9999.0,-9999.0,-9999.0,-9999.0,-9999.0
P13_HV1_3_interaction,active_and_state_lat_and_long_zero_last_source_row_continuous_segment,P13,HV1,3,keep_right,P13_HV1_3,P13_HV1.1.asc,HV3,60,initiator_active,15059,1,250983.33,250983.3341,3.0,3.0,28.624048,103.046572,6.0,567.240973,-5567.920598,0.061388,-0.009752,0.0,28.62537,0.001861,0.0,5568.088794,-58.650186,6.274966,1.0,0.0,0.0,0.0,5640.21532,-55.543148,1021.0,6.0,639.827965,7.0,-0.151055,39.934814,143.765331,39.934773,-0.057185,-2.7e-05,0.204728,0.045504,7e-06,0.008478,0.275,0.0,0.0,1.0,0.0,0.0,-9999.0,-9999.0,-9999.0,-9999.0,-9999.0,-9999.0,-9999.0,-9999.0,-9999.0,-9999.0,-9999.0,-9999.0,-9999.0,-9999.0
P13_HV1_3_interaction,active_and_state_lat_and_long_zero_last_source_row_continuous_segment,P13,HV1,3,keep_right,P13_HV1_3,P13_HV1.1.asc,HV3,60,initiator_active,15060,1,251000.0,251000.001,3.0,3.0,28.624889,103.049601,6.0,567.718049,-5568.397674,0.05159,-0.007304,0.0,28.626334,0.001966,0.0,5568.565871,-58.654079,6.274957,1.0,0.0,0.0,0.0,5640.88086,-55.548036,1021.0,6.0,640.493522,7.0,-0.152582,39.938225,143.777612,39.938184,-0.057228,-2.7e-05,0.204752,0.045591,7e-06,0.008321,0.227,0.0,0.0,1.0,0.0,0.0,-9999.0,-9999.0,-9999.0,-9999.0,-9999.0,-9999.0,-9999.0,-9999.0,-9999.0,-9999.0,-9999.0,-9999.0,-9999.0,-9999.0
P13_HV1_3_interaction,active_and_state_lat_and_long_zero_last_source_row_continuous_segment,P13,HV1,3,keep_right,P13_HV1_3,P13_HV1.1.asc,HV3,60,initiator_active,15061,1,251016.67,251016.6728,3.0,3.0,28.625881,103.053172,6.0,568.19514,-5568.874767,0.053565,-0.007044,0.0,28.627206,0.002063,0.0,5569.042965,-58.657975,6.27495,1.0,0.0,0.0,0.0,5641.546457,-55.552911,1021.0,6.0,641.159135,7.0,-0.154097,39.941635,143.789887,39.941594,-0.057278,-2.7e-05,0.20447,0.045699,6e-06,0.008164,0.188,0.0,0.0,0.0,0.0,0.0,-9999.0,-9999.0,-9999.0,-9999.0,-9999.0,-9999.0,-9999.0,-9999.0,-9999.0,-9999.0,-9999.0,-9999.0,-9999.0,-9999.0
P13_HV1_3_interaction,active_and_state_lat_and_long_zero_last_source_row_continuous_segment,P13,HV1,3,keep_right,P13_HV1_3,P13_HV1.1.asc,HV3,60,initiator_active,15062,1,251033.33,251033.3337,3.0,3.0,28.626763,103.056348,6.0,568.672247,-5569.351874,0.046653,-0.006245,0.0,28.628067,0.002114,0.0,5569.520073,-58.661871,6.274944,1.0,0.0,0.0,0.0,5642.212111,-55.557775,1021.0,6.0,641.824805,7.0,-0.155599,39.94502,143.802071,39.944978,-0.057334,-2.7e-05,0.200533,0.045828,3e-06,0.008164,0.15875,0.0,0.0,0.0,0.0,0.0,-9999.0,-9999.0,-9999.0,-9999.0,-9999.0,-9999.0,-9999.0,-9999.0,-9999.0,-9999.0,-9999.0,-9999.0,-9999.0,-9999.0
P13_HV1_3_interaction,active_and_state_lat_and_long_zero_last_source_row_continuous_segment,P13,HV1,3,keep_right,P13_HV1_3,P13_HV1.1.asc,HV3,60,initiator_active,15063,1,251050.0,251050.0009,3.0,3.0,28.627652,103.059548,6.0,569.149369,-5569.828997,0.041467,-0.006229,0.0,28.628871,0.002113,0.0,5569.997194,-58.66577,6.27494,1.0,0.0,0.0,0.0,5642.877822,-55.562626,1021.0,6.0,642.490532,7.0,-0.157088,39.948244,143.813677,39.948202,-0.057396,-2.7e-05,0.187158,0.045988,-3.1e-05,0.008164,0.15875,0.0,0.0,0.0,0.0,0.0,-9999.0,-9999.0,-9999.0,-9999.0,-9999.0,-9999.0,-9999.0,-9999.0,-9999.0,-9999.0,-9999.0,-9999.0,-9999.0,-9999.0
P13_HV1_3_interaction,active_and_state_lat_and_long_zero_last_source_row_continuous_segment,P13,HV1,3,keep_right,P13_HV1_3,P13_HV1.1.asc,HV3,60,initiator_active,15064,1,251066.67,251066.6676,3.0,3.0,28.628456,103.062442,6.0,569.626504,-5570.306133,0.048933,-0.005947,0.0,28.629555,0.002083,0.0,5570.474329,-58.66967,6.274938,1.0,0.0,0.0,0.0,5643.543586,-55.567465,1021.0,6.0,643.156311,7.0,-0.158565,39.951155,143.824158,39.951114,-0.057464,-2.9e-05,0.163751,0.046201,-0.000142,0.008164,0.1425,0.0,0.0,0.0,0.0,0.0,-9999.0,-9999.0,-9999.0,-9999.0,-9999.0,-9999.0,-9999.0,-9999.0,-9999.0,-9999.0,-9999.0,-9999.0,-9999.0,-9999.0
P13_HV1_3_interaction,active_and_state_lat_and_long_zero_last_source_row_continuous_segment,P13,HV1,3,keep_right,P13_HV1_3,P13_HV1.1.asc,HV3,60,initiator_active,15065,1,251083.33,251083.3341,3.0,3.0,28.629217,103.065181,6.0,570.103653,-5570.783283,0.040531,-0.005025,0.0,28.630345,0.002013,0.0,5570.951476,-58.673571,6.274938,1.0,0.0,0.0,0.0,5644.209398,-55.572292,1021.0,6.0,643.82214,7.0,-0.160029,39.953537,143.832733,39.953495,-0.057534,-3.4e-05,0.125508,0.046511,-0.000404,0.008164,0.139,0.0,0.0,0.0,0.0,0.0,-9999.0,-9999.0,-9999.0,-9999.0,-9999.0,-9999.0,-9999.0,-9999.0,-9999.0,-9999.0,-9999.0,-9999.0,-9999.0,-9999.0
P13_HV1_3_interaction,active_and_state_lat_and_long_zero_last_source_row_continuous_segment,P13,HV1,3,keep_right,P13_HV1_3,P13_HV1.1.asc,HV3,60,initiator_active,15066,1,251100.0,251100.0008,3.0,3.0,28.629963,103.067866,6.0,570.580813,-5571.260444,0.0501,-0.001603,0.0,28.631042,0.001902,0.0,5571.428635,-58.677473,6.274938,1.0,0.0,0.0,0.0,5644.87525,-55.577106,1021.0,6.0,644.488008,7.0,-0.16148,39.955183,143.83866,39.955142,-0.057602,-4.5e-05,0.085564,0.047361,-0.000859,0.008007,0.13975,0.0,0.0,0.0,0.0,0.0,-9999.0,-9999.0,-9999.0,-9999.0,-9999.0,-9999.0,-9999.0,-9999.0,-9999.0,-9999.0,-9999.0,-9999.0,-9999.0,-9999.0
P13_HV1_3_interaction,active_and_state_lat_and_long_zero_last_source_row_continuous_segment,P13,HV1,3,keep_right,P13_HV1_3,P13_HV1.1.asc,HV3,60,initiator_active,15067,1,251116.67,251116.6741,3.0,3.0,28.630682,103.070456,6.0,571.057986,-5571.737618,0.054892,-0.000749,0.0,28.63191,0.001801,0.0,5571.905807,-58.681377,6.27494,1.0,0.0,0.0,0.0,5645.541132,-55.581907,1021.0,6.0,645.153905,7.0,-0.162919,39.95638,143.842966,39.956338,-0.05767,-6.5e-05,0.056478,0.04802,-0.001509,0.008007,0.14,0.0,1.0,0.0,0.0,0.0,-9999.0,-9999.0,-9999.0,-9999.0,-9999.0,-9999.0,-9999.0,-9999.0,-9999.0,-9999.0,-9999.0,-9999.0,-9999.0,-9999.0
P13_HV1_3_interaction,active_and_state_lat_and_long_zero_last_source_row_continuous_segment,P13,HV1,3,keep_right,P13_HV1_3,P13_HV1.1.asc,HV3,60,initiator_active,15068,1,251133.33,251133.3344,3.0,3.0,28.631459,103.073253,6.0,571.535171,-5572.214804,0.054485,0.000369,0.0,28.632824,0.001671,0.0,5572.382993,-58.685281,6.274944,1.0,0.0,0.0,0.0,5646.207032,-55.586695,1021.0,6.0,645.819821,7.0,-0.164344,39.956765,143.844354,39.956723,-0.057731,-9.8e-05,-0.003262,0.049332,-0.002308,0.00785,0.14,0.0,1.0,0.0,0.0,0.0,-9999.0,-9999.0,-9999.0,-9999.0,-9999.0,-9999.0,-9999.0,-9999.0,-9999.0,-9999.0,-9999.0,-9999.0,-9999.0,-9999.0
P13_HV1_3_interaction,active_and_state_lat_and_long_zero_last_source_row_continuous_segment,P13,HV1,3,keep_right,P13_HV1_3,P13_HV1.1.asc,HV3,60,initiator_active,15069,1,251150.0,251150.0005,3.0,3.0,28.632368,103.076523,6.0,572.012371,-5572.692005,0.047055,0.002911,0.0,28.633698,0.001534,0.0,5572.860194,-58.689185,6.274949,1.0,0.0,0.0,0.0,5646.87294,-55.59147,1021.0,6.0,646.485744,7.0,-0.165756,39.956004,143.841614,39.955962,-0.05778,-0.000146,-0.075032,0.050943,-0.003246,0.007693,0.14,0.0,1.0,0.0,0.0,0.0,-9999.0,-9999.0,-9999.0,-9999.0,-9999.0,-9999.0,-9999.0,-9999.0,-9999.0,-9999.0,-9999.0,-9999.0,-9999.0,-9999.0
P13_HV1_3_interaction,active_and_state_lat_and_long_zero_last_source_row_continuous_segment,P13,HV1,3,keep_right,P13_HV1_3,P13_HV1.1.asc,HV3,60,initiator_active,15070,1,251166.67,251166.6683,3.0,3.0,28.633278,103.079801,6.0,572.489586,-5573.169221,0.052597,0.003871,0.0,28.63454,0.001381,0.0,5573.33741,-58.693088,6.274956,1.0,0.0,0.0,0.0,5647.538836,-55.59623,1021.0,6.0,647.151656,7.0,-0.167154,39.953974,143.834306,39.953932,-0.057813,-0.00021,-0.159513,0.052912,-0.004264,0.007536,0.13975,0.002198,1.0,0.0,0.0,0.0,-9999.0,-9999.0,-9999.0,-9999.0,-9999.0,-9999.0,-9999.0,-9999.0,-9999.0,-9999.0,-9999.0,-9999.0,-9999.0,-9999.0
P13_HV1_3_interaction,active_and_state_lat_and_long_zero_last_source_row_continuous_segment,P13,HV1,3,keep_right,P13_HV1_3,P13_HV1.1.asc,HV3,60,initiator_active,15071,1,251183.33,251183.3342,3.0,3.0,28.63409,103.082724,6.0,572.966815,-5573.646451,0.119543,0.005159,0.0,28.635376,0.001206,0.0,5573.81464,-58.69699,6.274964,1.0,0.0,0.0,0.0,5648.204699,-55.600977,1021.0,6.0,647.817535,7.0,-0.168538,39.95075,143.822698,39.950708,-0.057815,-0.000293,-0.206056,0.056042,-0.005504,0.007065,0.13975,0.0,1.0,0.0,0.0,0.0,-9999.0,-9999.0,-9999.0,-9999.0,-9999.0,-9999.0,-9999.0,-9999.0,-9999.0,-9999.0,-9999.0,-9999.0,-9999.0,-9999.0
P13_HV1_3_interaction,active_and_state_lat_and_long_zero_last_source_row_continuous_segment,P13,HV1,3,keep_right,P13_HV1_3,P13_HV1.1.asc,HV3,60,initiator_active,15072,1,251200.0,251200.0002,3.0,3.0,28.634979,103.085923,6.0,573.444059,-5574.123696,0.061975,0.010253,0.0,28.637256,0.00106,0.0,5574.291889,-58.70089,6.274974,1.0,0.0,0.0,0.0,5648.870511,-55.605708,1021.0,6.0,648.483362,7.0,-0.169906,39.946941,143.808987,39.946899,-0.05779,-0.000396,-0.240469,0.058776,-0.00659,0.006908,0.13975,0.0,1.0,0.0,0.0,0.0,-9999.0,-9999.0,-9999.0,-9999.0,-9999.0,-9999.0,-9999.0,-9999.0,-9999.0,-9999.0,-9999.0,-9999.0,-9999.0,-9999.0
P13_HV1_3_interaction,active_and_state_lat_and_long_zero_last_source_row_continuous_segment,P13,HV1,3,keep_right,P13_HV1_3,P13_HV1.1.asc,HV3,60,initiator_active,15073,1,251216.67,251216.6676,3.0,3.0,28.636372,103.090941,6.0,573.921321,-5574.600959,0.049563,0.01441,0.0,28.638201,0.00093,0.0,5574.769165,-58.704789,6.274985,1.0,0.0,0.0,0.0,5649.536261,-55.610423,1021.0,6.0,649.149128,7.0,-0.171259,39.942762,143.793944,39.94272,-0.057731,-0.000515,-0.258122,0.061843,-0.007461,0.006751,0.13975,0.0,1.0,0.0,0.0,0.0,-9999.0,-9999.0,-9999.0,-9999.0,-9999.0,-9999.0,-9999.0,-9999.0,-9999.0,-9999.0,-9999.0,-9999.0,-9999.0,-9999.0
P13_HV1_3_interaction,active_and_state_lat_and_long_zero_last_source_row_continuous_segment,P13,HV1,3,keep_right,P13_HV1_3,P13_HV1.1.asc,HV3,60,initiator_active,15074,1,251233.33,251233.334,3.0,3.0,28.637772,103.095979,6.0,574.398611,-5575.07825,0.050613,0.016941,0.0,28.63903,0.000781,0.0,5575.246455,-58.708683,6.274998,1.0,0.0,0.0,0.0,5650.201943,-55.61512,1021.0,6.0,649.814824,7.0,-0.172595,39.938275,143.77779,39.938233,-0.057634,-0.000644,-0.275191,0.064747,-0.007844,0.006751,0.13975,0.0,1.0,0.0,0.0,0.0,-9999.0,-9999.0,-9999.0,-9999.0,-9999.0,-9999.0,-9999.0,-9999.0,-9999.0,-9999.0,-9999.0,-9999.0,-9999.0,-9999.0
P13_HV1_3_interaction,active_and_state_lat_and_long_zero_last_source_row_continuous_segment,P13,HV1,3,keep_right,P13_HV1_3,P13_HV1.1.asc,HV3,60,initiator_active,15075,1,251250.0,251250.0007,3.0,3.0,28.638614,103.09901,6.0,574.875915,-5575.555555,0.051594,0.018962,0.0,28.639878,0.000633,0.0,5575.72376,-58.712573,6.275013,1.0,0.0,0.0,0.0,5650.86755,-55.6198,1021.0,6.0,650.480447,7.0,-0.173914,39.9336,143.760958,39.933558,-0.057489,-0.000773,-0.282731,0.067733,-0.007666,0.006908,0.13975,0.0,1.0,0.0,0.0,0.0,-9999.0,-9999.0,-9999.0,-9999.0,-9999.0,-9999.0,-9999.0,-9999.0,-9999.0,-9999.0,-9999.0,-9999.0,-9999.0,-9999.0
P13_HV1_3_interaction,active_and_state_lat_and_long_zero_last_source_row_continuous_segment,P13,HV1,3,keep_right,P13_HV1_3,P13_HV1.1.asc,HV3,60,initiator_active,15076,1,251266.67,251266.6675,3.0,3.0,28.639452,103.102026,6.0,575.353233,-5576.032874,0.055106,0.023737,0.0,28.640772,0.00049,0.0,5576.201079,-58.716458,6.27503,1.0,0.0,0.0,0.0,5651.53308,-55.624461,1021.0,6.0,651.145992,7.0,-0.175213,39.928866,143.743919,39.928825,-0.057286,-0.000894,-0.284311,0.070656,-0.006947,0.006908,0.13975,0.0,1.0,0.0,0.0,0.0,-9999.0,-9999.0,-9999.0,-9999.0,-9999.0,-9999.0,-9999.0,-9999.0,-9999.0,-9999.0,-9999.0,-9999.0,-9999.0,-9999.0
P13_HV1_3_interaction,active_and_state_lat_and_long_zero_last_source_row_continuous_segment,P13,HV1,3,keep_right,P13_HV1_3,P13_HV1.1.asc,HV3,60,initiator_active,15077,1,251283.33,251283.3336,3.0,3.0,28.640308,103.10511,6.0,575.830566,-5576.510208,0.048116,0.024866,0.0,28.64167,0.000341,0.0,5576.678414,-58.720336,6.27505,1.0,0.0,0.0,0.0,5652.198532,-55.629102,1021.0,6.0,651.811458,7.0,-0.176494,39.924129,143.726864,39.924088,-0.057019,-0.000999,-0.283904,0.07338,-0.00577,0.006908,0.137,0.0,1.0,0.0,0.0,0.0,-9999.0,-9999.0,-9999.0,-9999.0,-9999.0,-9999.0,-9999.0,-9999.0,-9999.0,-9999.0,-9999.0,-9999.0,-9999.0,-9999.0
P13_HV1_3_interaction,active_and_state_lat_and_long_zero_last_source_row_continuous_segment,P13,HV1,3,keep_right,P13_HV1_3,P13_HV1.1.asc,HV3,60,initiator_active,15078,1,251300.0,251300.0008,3.0,3.0,28.641232,103.108434,6.0,576.307914,-5576.987557,0.044289,0.029152,0.0,28.642445,0.00013,0.0,5577.155762,-58.724207,6.275072,1.0,0.0,0.0,0.0,5652.863904,-55.633723,1021.0,6.0,652.476846,7.0,-0.177754,39.919407,143.709864,39.919366,-0.056681,-0.001081,-0.282751,0.075795,-0.004263,0.006908,0.12875,0.0,1.0,0.0,0.0,0.0,-9999.0,-9999.0,-9999.0,-9999.0,-9999.0,-9999.0,-9999.0,-9999.0,-9999.0,-9999.0,-9999.0,-9999.0,-9999.0,-9999.0
P13_HV1_3_interaction,active_and_state_lat_and_long_zero_last_source_row_continuous_segment,P13,HV1,3,keep_right,P13_HV1_3,P13_HV1.1.asc,HV3,60,initiator_active,15079,1,251316.67,251316.6674,3.0,3.0,28.642071,103.111457,6.0,576.785276,-5577.46492,0.030791,0.030898,0.0,28.643121,-6.4e-05,0.0,5577.633124,-58.728071,6.275096,1.0,0.0,0.0,0.0,5653.529198,-55.638322,1021.0,6.0,653.142155,7.0,-0.178993,39.914706,143.692942,39.914666,-0.056271,-0.001135,-0.281405,0.077824,-0.002576,0.006908,0.11525,0.0,1.0,0.0,0.0,0.0,-9999.0,-9999.0,-9999.0,-9999.0,-9999.0,-9999.0,-9999.0,-9999.0,-9999.0,-9999.0,-9999.0,-9999.0,-9999.0,-9999.0
P13_HV1_3_interaction,active_and_state_lat_and_long_zero_last_source_row_continuous_segment,P13,HV1,3,keep_right,P13_HV1_3,P13_HV1.1.asc,HV3,60,initiator_active,15080,1,251333.33,251333.3346,3.0,3.0,28.642814,103.114131,6.0,577.262651,-5577.942295,0.055136,0.033901,0.0,28.643722,-0.000311,0.0,5578.110496,-58.731925,6.275122,1.0,0.0,0.0,0.0,5654.194414,-55.642898,1021.0,6.0,653.807385,7.0,-0.180211,39.910027,143.676095,39.909988,-0.055788,-0.001161,-0.280186,0.079422,-0.000854,0.006908,0.09975,0.0,1.0,0.0,0.0,0.0,-9999.0,-9999.0,-9999.0,-9999.0,-9999.0,-9999.0,-9999.0,-9999.0,-9999.0,-9999.0,-9999.0,-9999.0,-9999.0,-9999.0
P13_HV1_3_interaction,active_and_state_lat_and_long_zero_last_source_row_continuous_segment,P13,HV1,3,keep_right,P13_HV1_3,P13_HV1.1.asc,HV3,60,initiator_active,15081,1,251350.0,251350.001,3.0,3.0,28.643377,103.116158,6.0,577.740036,-5578.419681,0.047708,0.038338,0.0,28.644624,-0.00056,0.0,5578.58788,-58.73577,6.275152,1.0,0.0,0.0,0.0,5654.859553,-55.647452,1021.0,6.0,654.472538,7.0,-0.181405,39.905367,143.659321,39.905329,-0.055231,-0.001159,-0.279038,0.080571,0.000778,0.006908,0.08325,0.0,1.0,0.0,0.0,0.0,-9999.0,-9999.0,-9999.0,-9999.0,-9999.0,-9999.0,-9999.0,-9999.0,-9999.0,-9999.0,-9999.0,-9999.0,-9999.0,-9999.0
P13_HV1_3_interaction,active_and_state_lat_and_long_zero_last_source_row_continuous_segment,P13,HV1,3,keep_right,P13_HV1_3,P13_HV1.1.asc,HV3,60,initiator_active,15082,1,251366.67,251366.6672,3.0,3.0,28.644182,103.119054,6.0,578.217433,-5578.897079,0.08076,0.038953,0.0,28.645567,-0.00081,0.0,5579.065278,-58.739605,6.275183,1.0,0.0,0.0,0.0,5655.524613,-55.651983,1021.0,6.0,655.137613,7.0,-0.182577,39.900722,143.642601,39.900685,-0.054604,-0.001131,-0.278289,0.081276,0.002232,0.006908,0.08325,0.0,1.0,0.0,0.0,0.0,-9999.0,-9999.0,-9999.0,-9999.0,-9999.0,-9999.0,-9999.0,-9999.0,-9999.0,-9999.0,-9999.0,-9999.0,-9999.0,-9999.0
P13_HV1_3_interaction,active_and_state_lat_and_long_zero_last_source_row_continuous_segment,P13,HV1,3,keep_right,P13_HV1_3,P13_HV1.1.asc,HV3,60,initiator_active,15083,1,251383.33,251383.3336,3.0,3.0,28.645022,103.122078,6.0,578.694845,-5579.374491,0.048557,0.041383,0.0,28.646778,-0.00113,0.0,5579.542694,-58.743428,6.275217,1.0,0.0,0.0,0.0,5656.189596,-55.65649,1021.0,6.0,655.80261,7.0,-0.183726,39.896088,143.625918,39.896052,-0.05391,-0.001081,-0.277717,0.081558,0.003451,0.006908,0.066,0.0,1.0,0.0,0.0,0.0,-9999.0,-9999.0,-9999.0,-9999.0,-9999.0,-9999.0,-9999.0,-9999.0,-9999.0,-9999.0,-9999.0,-9999.0,-9999.0,-9999.0
P13_HV1_3_interaction,active_and_state_lat_and_long_zero_last_source_row_continuous_segment,P13,HV1,3,keep_right,P13_HV1_3,P13_HV1.1.asc,HV3,60,initiator_active,15084,1,251400.0,251400.0006,3.0,3.0,28.64624,103.126463,6.0,579.172275,-5579.851922,0.050941,0.044312,0.0,28.647585,-0.001467,0.0,5580.020129,-58.747239,6.275254,1.0,0.0,0.0,0.0,5656.854502,-55.660973,1021.0,6.0,656.467531,7.0,-0.184851,39.891462,143.609265,39.891427,-0.053152,-0.001014,-0.277312,0.081448,0.004412,0.006908,0.04975,0.0,1.0,0.0,0.0,0.0,-9999.0,-9999.0,-9999.0,-9999.0,-9999.0,-9999.0,-9999.0,-9999.0,-9999.0,-9999.0,-9999.0,-9999.0,-9999.0,-9999.0
P13_HV1_3_interaction,active_and_state_lat_and_long_zero_last_source_row_continuous_segment,P13,HV1,3,keep_right,P13_HV1_3,P13_HV1.1.asc,HV3,60,initiator_active,15085,1,251416.67,251416.6676,3.0,3.0,28.647183,103.129859,6.0,579.649722,-5580.32937,0.052451,0.04568,0.0,28.648443,-0.001812,0.0,5580.497577,-58.751038,6.275292,1.0,0.0,0.0,0.0,5657.519332,-55.665432,1021.0,6.0,657.132374,7.0,-0.185953,39.886841,143.592629,39.886807,-0.052336,-0.000933,-0.277076,0.08098,0.005114,0.007065,0.033,0.0,1.0,0.0,0.0,0.0,-9999.0,-9999.0,-9999.0,-9999.0,-9999.0,-9999.0,-9999.0,-9999.0,-9999.0,-9999.0,-9999.0,-9999.0,-9999.0,-9999.0
P13_HV1_3_interaction,active_and_state_lat_and_long_zero_last_source_row_continuous_segment,P13,HV1,3,keep_right,P13_HV1_3,P13_HV1.1.asc,HV3,60,initiator_active,15086,1,251433.33,251433.3335,3.0,3.0,28.64801,103.132835,6.0,580.127183,-5580.806831,0.052746,0.049475,0.0,28.649319,-0.002183,0.0,5580.975039,-58.754825,6.275332,1.0,0.0,0.0,0.0,5658.184084,-55.669868,1021.0,6.0,657.79714,7.0,-0.187032,39.882219,143.57599,39.882186,-0.051467,-0.000843,-0.277782,0.080194,0.005574,0.007065,0.017,0.0,1.0,0.0,0.0,0.0,-9999.0,-9999.0,-9999.0,-9999.0,-9999.0,-9999.0,-9999.0,-9999.0,-9999.0,-9999.0,-9999.0,-9999.0,-9999.0,-9999.0
P13_HV1_3_interaction,active_and_state_lat_and_long_zero_last_source_row_continuous_segment,P13,HV1,3,keep_right,P13_HV1_3,P13_HV1.1.asc,HV3,60,initiator_active,15087,1,251450.0,251450.0004,3.0,3.0,28.64888,103.135968,6.0,580.604659,-5581.284307,0.052834,0.051647,0.0,28.650198,-0.002555,0.0,5581.452517,-58.758598,6.275374,1.0,0.0,0.0,0.0,5658.848759,-55.67428,1021.0,6.0,658.461829,7.0,-0.188087,39.877553,143.559192,39.877521,-0.050549,-0.000747,-0.282414,0.079129,0.005813,0.007065,0.017,0.0,1.0,0.0,0.0,0.0,-9999.0,-9999.0,-9999.0,-9999.0,-9999.0,-9999.0,-9999.0,-9999.0,-9999.0,-9999.0,-9999.0,-9999.0,-9999.0,-9999.0
P13_HV1_3_interaction,active_and_state_lat_and_long_zero_last_source_row_continuous_segment,P13,HV1,3,keep_right,P13_HV1_3,P13_HV1.1.asc,HV3,60,initiator_active,15088,1,251466.67,251466.6667,3.0,3.0,28.649758,103.13913,6.0,581.082149,-5581.761798,0.049024,0.052304,0.0,28.651079,-0.002931,0.0,5581.930009,-58.762356,6.275417,1.0,0.0,0.0,0.0,5659.513357,-55.678669,1021.0,6.0,659.12644,7.0,-0.18912,39.872745,143.541882,39.872714,-0.049588,-0.00065,-0.293866,0.077829,0.005842,0.007222,0.002,0.0,1.0,0.0,0.0,0.0,-9999.0,-9999.0,-9999.0,-9999.0,-9999.0,-9999.0,-9999.0,-9999.0,-9999.0,-9999.0,-9999.0,-9999.0,-9999.0,-9999.0
P13_HV1_3_interaction,active_and_state_lat_and_long_zero_last_source_row_continuous_segment,P13,HV1,3,keep_right,P13_HV1_3,P13_HV1.1.asc,HV3,60,initiator_active,15089,1,251483.33,251483.3339,3.0,3.0,28.650638,103.142298,6.0,581.559654,-5582.239303,0.048446,0.05208,0.0,28.651902,-0.003326,0.0,5582.407516,-58.7661,6.275461,1.0,0.0,0.0,0.0,5660.177874,-55.683034,1021.0,6.0,659.790971,7.0,-0.19013,39.867676,143.523633,39.867646,-0.04859,-0.000554,-0.311991,0.076346,0.005661,0.007222,0.0,0.0,1.0,0.0,0.0,0.0,-9999.0,-9999.0,-9999.0,-9999.0,-9999.0,-9999.0,-9999.0,-9999.0,-9999.0,-9999.0,-9999.0,-9999.0,-9999.0,-9999.0
P13_HV1_3_interaction,active_and_state_lat_and_long_zero_last_source_row_continuous_segment,P13,HV1,3,keep_right,P13_HV1_3,P13_HV1.1.asc,HV3,60,initiator_active,15090,1,251500.0,251500.0012,3.0,3.0,28.651487,103.145354,6.0,582.037174,-5582.716823,0.039319,0.054648,0.0,28.652625,-0.00374,0.0,5582.885036,-58.76983,6.275507,1.0,0.0,0.0,0.0,5660.842307,-55.687378,1021.0,6.0,660.455418,7.0,-0.191118,39.862261,143.50414,39.862233,-0.04756,-0.000463,-0.334151,0.074738,0.005269,0.007536,0.0,0.0,1.0,0.0,0.0,0.0,-9999.0,-9999.0,-9999.0,-9999.0,-9999.0,-9999.0,-9999.0,-9999.0,-9999.0,-9999.0,-9999.0,-9999.0,-9999.0,-9999.0
P13_HV1_3_interaction,active_and_state_lat_and_long_zero_last_source_row_continuous_segment,P13,HV1,3,keep_right,P13_HV1_3,P13_HV1.1.asc,HV3,60,initiator_active,15091,1,251516.67,251516.6677,3.0,3.0,28.652306,103.1483,6.0,582.514707,-5583.194356,-0.03807,0.055702,0.0,28.653323,-0.004139,0.0,5583.362568,-58.773545,6.275552,1.0,0.0,0.0,0.0,5661.50665,-55.691699,1021.0,6.0,661.119774,7.0,-0.192084,39.856477,143.483319,39.85645,-0.046501,-0.000381,-0.353351,0.073064,0.004688,0.007536,0.0,0.0,1.0,0.0,0.0,0.0,-9999.0,-9999.0,-9999.0,-9999.0,-9999.0,-9999.0,-9999.0,-9999.0,-9999.0,-9999.0,-9999.0,-9999.0,-9999.0,-9999.0
P13_HV1_3_interaction,active_and_state_lat_and_long_zero_last_source_row_continuous_segment,P13,HV1,3,keep_right,P13_HV1_3,P13_HV1.1.asc,HV3,60,initiator_active,15092,1,251533.33,251533.3341,3.0,3.0,28.652953,103.150629,6.0,582.992252,-5583.671901,0.032822,0.055102,0.0,28.652858,-0.004523,0.0,5583.840107,-58.777244,6.275598,1.0,0.0,0.0,0.0,5662.170898,-55.695998,1021.0,6.0,661.784035,7.0,-0.193029,39.850486,143.461748,39.85046,-0.045417,-0.00031,-0.365374,0.071367,0.003974,0.007536,0.0,0.0,1.0,0.0,0.0,0.0,-9999.0,-9999.0,-9999.0,-9999.0,-9999.0,-9999.0,-9999.0,-9999.0,-9999.0,-9999.0,-9999.0,-9999.0,-9999.0,-9999.0
P13_HV1_3_interaction,active_and_state_lat_and_long_zero_last_source_row_continuous_segment,P13,HV1,3,keep_right,P13_HV1_3,P13_HV1.1.asc,HV3,60,initiator_active,15093,1,251550.0,251550.0001,3.0,3.0,28.653006,103.150821,6.0,583.469803,-5584.149452,0.051576,0.056441,0.0,28.653521,-0.004892,0.0,5584.317642,-58.780928,6.275643,1.0,0.0,0.0,0.0,5662.835046,-55.700277,1021.0,6.0,662.448196,7.0,-0.193953,39.844197,143.43911,39.844172,-0.044312,-0.000251,-0.386151,0.069681,0.003155,0.007222,0.0,0.0,1.0,0.0,0.0,0.0,-9999.0,-9999.0,-9999.0,-9999.0,-9999.0,-9999.0,-9999.0,-9999.0,-9999.0,-9999.0,-9999.0,-9999.0,-9999.0,-9999.0
P13_HV1_3_interaction,active_and_state_lat_and_long_zero_last_source_row_continuous_segment,P13,HV1,3,keep_right,P13_HV1_3,P13_HV1.1.asc,HV3,60,initiator_active,15094,1,251566.67,251566.6674,3.0,3.0,28.653131,103.151273,6.0,583.947351,-5584.627,0.05411,0.058006,0.0,28.654414,-0.005241,0.0,5584.79519,-58.784597,6.275688,1.0,0.0,0.0,0.0,5663.499089,-55.704534,1021.0,6.0,663.112252,7.0,-0.194857,39.83753,143.415107,39.837506,-0.043188,-0.000208,-0.409864,0.06802,0.00218,0.007222,0.0,0.0,1.0,0.0,0.0,0.0,-9999.0,-9999.0,-9999.0,-9999.0,-9999.0,-9999.0,-9999.0,-9999.0,-9999.0,-9999.0,-9999.0,-9999.0,-9999.0,-9999.0
P13_HV1_3_interaction,active_and_state_lat_and_long_zero_last_source_row_continuous_segment,P13,HV1,3,keep_right,P13_HV1_3,P13_HV1.1.asc,HV3,60,initiator_active,15095,1,251583.33,251583.3335,3.0,3.0,28.653951,103.154222,6.0,584.424912,-5585.10456,0.052646,0.058509,0.0,28.65532,-0.005531,0.0,5585.272754,-58.78825,6.275732,1.0,0.0,0.0,0.0,5664.163022,-55.708772,1021.0,6.0,663.776198,7.0,-0.195742,39.830454,143.389635,39.830432,-0.042046,-0.000183,-0.434609,0.066402,0.001054,0.007222,0.0,0.0,1.0,0.0,0.0,0.0,-9999.0,-9999.0,-9999.0,-9999.0,-9999.0,-9999.0,-9999.0,-9999.0,-9999.0,-9999.0,-9999.0,-9999.0,-9999.0,-9999.0
P13_HV1_3_interaction,active_and_state_lat_and_long_zero_last_source_row_continuous_segment,P13,HV1,3,keep_right,P13_HV1_3,P13_HV1.1.asc,HV3,60,initiator_active,15096,1,251600.0,251600.0007,3.0,3.0,28.654865,103.157514,6.0,584.902487,-5585.582136,0.062694,0.060544,0.0,28.656236,-0.005793,0.0,5585.750332,-58.791887,6.275776,1.0,0.0,0.0,0.0,5664.826837,-55.712989,1021.0,6.0,664.440026,7.0,-0.196607,39.82299,143.362765,39.822969,-0.040888,-0.000176,-0.454356,0.064839,-5.1e-05,0.007065,0.0,0.0,1.0,0.0,0.0,0.0,-9999.0,-9999.0,-9999.0,-9999.0,-9999.0,-9999.0,-9999.0,-9999.0,-9999.0,-9999.0,-9999.0,-9999.0,-9999.0,-9999.0
P13_HV1_3_interaction,active_and_state_lat_and_long_zero_last_source_row_continuous_segment,P13,HV1,3,keep_right,P13_HV1_3,P13_HV1.1.asc,HV3,60,initiator_active,15097,1,251616.67,251616.6672,3.0,3.0,28.655759,103.160732,6.0,585.380078,-5586.059726,0.007072,0.061737,0.0,28.657225,-0.006002,0.0,5586.227927,-58.795508,6.275819,1.0,0.0,0.0,0.0,5665.490529,-55.717187,1021.0,6.0,665.103731,7.0,-0.197453,39.815316,143.335139,39.815297,-0.039715,-0.000187,-0.465862,0.063329,-0.001012,0.007222,0.0,0.0,1.0,0.0,0.0,0.0,-9999.0,-9999.0,-9999.0,-9999.0,-9999.0,-9999.0,-9999.0,-9999.0,-9999.0,-9999.0,-9999.0,-9999.0,-9999.0,-9999.0
P13_HV1_3_interaction,active_and_state_lat_and_long_zero_last_source_row_continuous_segment,P13,HV1,3,keep_right,P13_HV1_3,P13_HV1.1.asc,HV3,60,initiator_active,15098,1,251633.33,251633.3342,3.0,3.0,28.656759,103.164332,6.0,585.857685,-5586.537332,0.037028,0.061162,0.0,28.657395,-0.006186,0.0,5586.705534,-58.799112,6.275861,1.0,0.0,0.0,0.0,5666.154093,-55.721366,1021.0,6.0,665.767308,7.0,-0.198282,39.807393,143.306614,39.807374,-0.038527,-0.00021,-0.480577,0.061866,-0.001641,0.007065,0.0,0.0,1.0,0.0,0.0,0.0,-9999.0,-9999.0,-9999.0,-9999.0,-9999.0,-9999.0,-9999.0,-9999.0,-9999.0,-9999.0,-9999.0,-9999.0,-9999.0,-9999.0
P13_HV1_3_interaction,active_and_state_lat_and_long_zero_last_source_row_continuous_segment,P13,HV1,3,keep_right,P13_HV1_3,P13_HV1.1.asc,HV3,60,initiator_active,15099,1,251650.0,251650.001,3.0,3.0,28.657284,103.166223,6.0,586.335304,-5587.014951,0.046883,0.062058,0.0,28.658053,-0.006337,0.0,5587.183147,-58.8027,6.275902,1.0,0.0,0.0,0.0,5666.817526,-55.725527,1021.0,6.0,666.430753,7.0,-0.199092,39.799306,143.277503,39.799289,-0.037325,-0.000241,-0.487297,0.060418,-0.001977,0.007065,0.0,0.0,1.0,0.0,0.0,0.0,-9999.0,-9999.0,-9999.0,-9999.0,-9999.0,-9999.0,-9999.0,-9999.0,-9999.0,-9999.0,-9999.0,-9999.0,-9999.0,-9999.0
P13_HV1_3_interaction,active_and_state_lat_and_long_zero_last_source_row_continuous_segment,P13,HV1,3,keep_right,P13_HV1_3,P13_HV1.1.asc,HV3,60,initiator_active,15100,1,251666.67,251666.6675,3.0,3.0,28.657704,103.167733,6.0,586.812929,-5587.492575,0.051133,0.062556,0.0,28.658828,-0.00645,0.0,5587.660771,-58.806271,6.275942,1.0,0.0,0.0,0.0,5667.480824,-55.72967,1021.0,6.0,667.094064,7.0,-0.199885,39.791159,143.248172,39.791142,-0.036111,-0.000275,-0.489512,0.058955,-0.001988,0.007065,0.0,0.0,1.0,0.0,0.0,0.0,-9999.0,-9999.0,-9999.0,-9999.0,-9999.0,-9999.0,-9999.0,-9999.0,-9999.0,-9999.0,-9999.0,-9999.0,-9999.0,-9999.0
P13_HV1_3_interaction,active_and_state_lat_and_long_zero_last_source_row_continuous_segment,P13,HV1,3,keep_right,P13_HV1_3,P13_HV1.1.asc,HV3,60,initiator_active,15101,1,251683.33,251683.3336,3.0,3.0,28.658444,103.170398,6.0,587.290565,-5587.97021,0.053558,0.061084,0.0,28.659725,-0.006533,0.0,5588.138408,-58.809824,6.275981,1.0,0.0,0.0,0.0,5668.143987,-55.733794,1021.0,6.0,667.757239,7.0,-0.200661,39.782992,143.218771,39.782977,-0.034883,-0.000306,-0.490164,0.057441,-0.001703,0.007065,0.0,0.0,1.0,0.0,0.0,0.0,-9999.0,-9999.0,-9999.0,-9999.0,-9999.0,-9999.0,-9999.0,-9999.0,-9999.0,-9999.0,-9999.0,-9999.0,-9999.0,-9999.0
P13_HV1_3_interaction,active_and_state_lat_and_long_zero_last_source_row_continuous_segment,P13,HV1,3,keep_right,P13_HV1_3,P13_HV1.1.asc,HV3,60,initiator_active,15102,1,251700.0,251700.0009,3.0,3.0,28.659254,103.173316,6.0,587.768214,-5588.447858,0.048981,0.060225,0.0,28.660589,-0.006612,0.0,5588.616061,-58.813361,6.276019,1.0,0.0,0.0,0.0,5668.807014,-55.737902,1021.0,6.0,668.420278,7.0,-0.20142,39.77482,143.189353,39.774806,-0.033646,-0.000329,-0.490305,0.05584,-0.00121,0.007693,0.0,0.0,1.0,0.0,0.0,0.0,-9999.0,-9999.0,-9999.0,-9999.0,-9999.0,-9999.0,-9999.0,-9999.0,-9999.0,-9999.0,-9999.0,-9999.0,-9999.0,-9999.0
P13_HV1_3_interaction,active_and_state_lat_and_long_zero_last_source_row_continuous_segment,P13,HV1,3,keep_right,P13_HV1_3,P13_HV1.1.asc,HV3,60,initiator_active,15103,1,251716.67,251716.6677,3.0,3.0,28.660171,103.176616,6.0,588.245879,-5588.925522,0.051634,0.059665,0.0,28.661434,-0.006674,0.0,5589.093728,-58.816881,6.276057,1.0,0.0,0.0,0.0,5669.469905,-55.741993,1021.0,6.0,669.083181,7.0,-0.202163,39.766648,143.159933,39.766635,-0.032416,-0.000344,-0.490279,0.05272,-0.000604,0.008321,0.0,0.0,1.0,0.0,0.0,0.0,-9999.0,-9999.0,-9999.0,-9999.0,-9999.0,-9999.0,-9999.0,-9999.0,-9999.0,-9999.0,-9999.0,-9999.0,-9999.0,-9999.0
P13_HV1_3_interaction,active_and_state_lat_and_long_zero_last_source_row_continuous_segment,P13,HV1,3,keep_right,P13_HV1_3,P13_HV1.1.asc,HV3,60,initiator_active,15104,1,251733.33,251733.3336,3.0,3.0,28.660997,103.179588,6.0,588.723557,-5589.403199,0.027269,0.059168,0.0,28.662176,-0.006716,0.0,5589.571409,-58.820385,6.276093,1.0,0.0,0.0,0.0,5670.13266,-55.746067,1021.0,6.0,669.745948,7.0,-0.20289,39.758477,143.130518,39.758465,-0.031228,-0.000347,-0.490198,0.046249,3.4e-05,0.010205,0.0,0.0,1.0,0.0,0.0,0.0,-9999.0,-9999.0,-9999.0,-9999.0,-9999.0,-9999.0,-9999.0,-9999.0,-9999.0,-9999.0,-9999.0,-9999.0,-9999.0,-9999.0
P13_HV1_3_interaction,active_and_state_lat_and_long_zero_last_source_row_continuous_segment,P13,HV1,3,keep_right,P13_HV1_3,P13_HV1.1.asc,HV3,60,initiator_active,15105,1,251750.0,251750.0013,3.0,3.0,28.661864,103.182711,6.0,589.20125,-5589.880891,0.057294,0.060268,0.0,28.662742,-0.006734,0.0,5590.049101,-58.823872,6.276128,1.0,0.0,0.0,0.0,5670.795278,-55.750127,1021.0,6.0,670.408579,7.0,-0.203604,39.750308,143.101108,39.750296,-0.030119,-0.000341,-0.490102,0.034646,0.000642,0.01413,0.0,0.0,1.0,0.0,0.0,0.0,-9999.0,-9999.0,-9999.0,-9999.0,-9999.0,-9999.0,-9999.0,-9999.0,-9999.0,-9999.0,-9999.0,-9999.0,-9999.0,-9999.0
P13_HV1_3_interaction,active_and_state_lat_and_long_zero_last_source_row_continuous_segment,P13,HV1,3,keep_right,P13_HV1_3,P13_HV1.1.asc,HV3,60,initiator_active,15106,1,251766.67,251766.667,3.0,3.0,28.662403,103.184652,6.0,589.678954,-5590.358593,0.057393,0.058132,0.0,28.663717,-0.006739,0.0,5590.526805,-58.827343,6.276163,1.0,0.0,0.0,0.0,5671.457761,-55.754174,1021.0,6.0,671.071074,7.0,-0.204305,39.74214,143.071706,39.74213,-0.029014,-0.000325,-0.49,0.024495,0.001184,0.017427,0.0,0.0,1.0,0.0,0.0,0.0,-9999.0,-9999.0,-9999.0,-9999.0,-9999.0,-9999.0,-9999.0,-9999.0,-9999.0,-9999.0,-9999.0,-9999.0,-9999.0,-9999.0
P13_HV1_3_interaction,active_and_state_lat_and_long_zero_last_source_row_continuous_segment,P13,HV1,3,keep_right,P13_HV1_3,P13_HV1.1.asc,HV3,60,initiator_active,15107,1,251783.33,251783.3343,3.0,3.0,28.663219,103.187589,6.0,590.156669,-5590.836307,0.05542,0.057222,0.0,28.664663,-0.006715,0.0,5591.004525,-58.830798,6.276196,1.0,0.0,0.0,0.0,5672.120108,-55.758211,1021.0,6.0,671.733432,7.0,-0.204997,39.733975,143.042309,39.733965,-0.027827,-0.0003,-0.489895,0.017174,0.001648,0.019468,0.0,0.0,1.0,0.0,0.0,0.0,-9999.0,-9999.0,-9999.0,-9999.0,-9999.0,-9999.0,-9999.0,-9999.0,-9999.0,-9999.0,-9999.0,-9999.0,-9999.0,-9999.0
P13_HV1_3_interaction,active_and_state_lat_and_long_zero_last_source_row_continuous_segment,P13,HV1,3,keep_right,P13_HV1_3,P13_HV1.1.asc,HV3,60,initiator_active,15108,1,251800.02,251800.0217,3.0,3.0,28.664195,103.191102,6.0,590.6344,-5591.314037,0.070013,0.058,0.0,28.665582,-0.006675,0.0,5591.482261,-58.834238,6.276228,1.0,0.0,0.0,0.0,5672.782318,-55.762239,1021.0,6.0,672.395654,7.0,-0.205681,39.725811,143.01292,39.725802,-0.026499,-0.000269,-0.489786,0.012143,0.002026,0.02041,0.0,0.0,1.0,0.0,0.0,0.0,-9999.0,-9999.0,-9999.0,-9999.0,-9999.0,-9999.0,-9999.0,-9999.0,-9999.0,-9999.0,-9999.0,-9999.0,-9999.0,-9999.0
P13_HV1_3_interaction,active_and_state_lat_and_long_zero_last_source_row_continuous_segment,P13,HV1,3,keep_right,P13_HV1_3,P13_HV1.1.asc,HV3,60,initiator_active,15109,1,251816.67,251816.6671,3.0,3.0,28.665125,103.194448,6.0,591.112147,-5591.791783,0.045731,0.056288,0.0,28.666691,-0.006599,0.0,5591.960013,-58.837662,6.276259,1.0,0.0,0.0,0.0,5673.444392,-55.766259,1021.0,6.0,673.057741,7.0,-0.206358,39.717649,142.983537,39.717641,-0.02501,-0.000232,-0.489673,0.008161,0.002311,0.020724,0.0,0.0,1.0,0.0,0.0,0.0,-9999.0,-9999.0,-9999.0,-9999.0,-9999.0,-9999.0,-9999.0,-9999.0,-9999.0,-9999.0,-9999.0,-9999.0,-9999.0,-9999.0
P13_HV1_3_interaction,active_and_state_lat_and_long_zero_last_source_row_continuous_segment,P13,HV1,3,keep_right,P13_HV1_3,P13_HV1.1.asc,HV3,60,initiator_active,15110,1,251833.33,251833.3338,3.0,3.0,28.666166,103.198197,6.0,591.589911,-5592.269545,0.058599,0.056568,0.0,28.667492,-0.006525,0.0,5592.437782,-58.84107,6.276289,1.0,0.0,0.0,0.0,5674.106331,-55.770274,1021.0,6.0,673.719691,7.0,-0.20703,39.709489,142.954161,39.709482,-0.023383,-0.000192,-0.48956,0.002901,0.002497,0.021352,0.0,0.0,1.0,0.0,0.0,0.0,-9999.0,-9999.0,-9999.0,-9999.0,-9999.0,-9999.0,-9999.0,-9999.0,-9999.0,-9999.0,-9999.0,-9999.0,-9999.0,-9999.0
P13_HV1_3_interaction,active_and_state_lat_and_long_zero_last_source_row_continuous_segment,P13,HV1,3,keep_right,P13_HV1_3,P13_HV1.1.asc,HV3,60,initiator_active,15111,1,251850.0,251850.0002,3.0,3.0,28.667072,103.201459,6.0,592.067691,-5592.747323,0.05002,0.056336,0.0,28.668454,-0.006426,0.0,5592.915566,-58.844462,6.276319,1.0,0.0,0.0,0.0,5674.768133,-55.774283,1021.0,6.0,674.381505,7.0,-0.207697,39.701331,142.924793,39.701325,-0.02161,-0.000149,-0.489443,-0.001235,0.00259,0.021352,0.0,0.0,1.0,0.0,0.0,0.0,-9999.0,-9999.0,-9999.0,-9999.0,-9999.0,-9999.0,-9999.0,-9999.0,-9999.0,-9999.0,-9999.0,-9999.0,-9999.0,-9999.0
P13_HV1_3_interaction,active_and_state_lat_and_long_zero_last_source_row_continuous_segment,P13,HV1,3,keep_right,P13_HV1_3,P13_HV1.1.asc,HV3,60,initiator_active,15112,1,251866.67,251866.6668,3.0,3.0,28.66798,103.20473,6.0,592.545486,-5593.225116,0.045736,0.055799,0.0,28.669221,-0.006313,0.0,5593.393365,-58.84784,6.276347,1.0,0.0,0.0,0.0,5675.4298,-55.778289,1021.0,6.0,675.043184,7.0,-0.208362,39.693175,142.895431,39.69317,-0.019711,-0.000106,-0.489326,-0.00578,0.002599,0.02041,0.0,0.0,1.0,0.0,0.0,0.0,-9999.0,-9999.0,-9999.0,-9999.0,-9999.0,-9999.0,-9999.0,-9999.0,-9999.0,-9999.0,-9999.0,-9999.0,-9999.0,-9999.0
P13_HV1_3_interaction,active_and_state_lat_and_long_zero_last_source_row_continuous_segment,P13,HV1,3,keep_right,P13_HV1_3,P13_HV1.1.asc,HV3,60,initiator_active,15113,1,251883.33,251883.3342,3.0,3.0,28.668871,103.207935,6.0,593.023296,-5593.702924,0.052892,0.055152,0.0,28.670031,-0.006195,0.0,5593.871177,-58.851202,6.276376,1.0,0.0,0.0,0.0,5676.09133,-55.782293,1021.0,6.0,675.704726,7.0,-0.209025,39.685021,142.866077,39.685017,-0.017668,-6.3e-05,-0.489204,-0.007714,0.002523,0.019154,0.0,0.0,1.0,0.0,0.0,0.0,-9999.0,-9999.0,-9999.0,-9999.0,-9999.0,-9999.0,-9999.0,-9999.0,-9999.0,-9999.0,-9999.0,-9999.0,-9999.0,-9999.0
P13_HV1_3_interaction,active_and_state_lat_and_long_zero_last_source_row_continuous_segment,P13,HV1,3,keep_right,P13_HV1_3,P13_HV1.1.asc,HV3,60,initiator_active,15114,1,251900.0,251900.0009,3.0,3.0,28.669602,103.210569,6.0,593.501119,-5594.180745,0.056744,0.054499,0.0,28.670913,-0.006074,0.0,5594.349003,-58.854548,6.276403,1.0,0.0,0.0,0.0,5676.752725,-55.786296,1021.0,6.0,676.366132,7.0,-0.209688,39.67687,142.83673,39.676867,-0.015531,-2.2e-05,-0.489081,-0.011002,0.002386,0.018369,0.0,0.0,1.0,0.0,0.0,0.0,-9999.0,-9999.0,-9999.0,-9999.0,-9999.0,-9999.0,-9999.0,-9999.0,-9999.0,-9999.0,-9999.0,-9999.0,-9999.0,-9999.0
P13_HV1_3_interaction,active_and_state_lat_and_long_zero_last_source_row_continuous_segment,P13,HV1,3,keep_right,P13_HV1_3,P13_HV1.1.asc,HV3,60,initiator_active,15115,1,251916.67,251916.6675,3.0,3.0,28.670471,103.213697,6.0,593.978955,-5594.658579,0.04994,0.053879,0.0,28.671819,-0.005954,0.0,5594.826843,-58.85788,6.276431,1.0,0.0,0.0,0.0,5677.413984,-55.790299,1021.0,6.0,677.027403,7.0,-0.210351,39.66872,142.807391,39.668717,-0.013345,1.6e-05,-0.48896,-0.015661,0.002203,0.018055,0.0,0.0,1.0,0.0,0.0,0.0,-9999.0,-9999.0,-9999.0,-9999.0,-9999.0,-9999.0,-9999.0,-9999.0,-9999.0,-9999.0,-9999.0,-9999.0,-9999.0,-9999.0
P13_HV1_3_interaction,active_and_state_lat_and_long_zero_last_source_row_continuous_segment,P13,HV1,3,keep_right,P13_HV1_3,P13_HV1.1.asc,HV3,60,initiator_active,15116,1,251933.33,251933.3345,3.0,3.0,28.671386,103.21699,6.0,594.456807,-5595.136429,0.059024,0.05329,0.0,28.672697,-0.005835,0.0,5595.304699,-58.861197,6.276458,1.0,0.0,0.0,0.0,5678.075107,-55.794304,1021.0,6.0,677.688538,7.0,-0.211017,39.660572,142.778059,39.66057,-0.011124,5e-05,-0.488837,-0.019652,0.002,0.017427,0.0,0.0,1.0,0.0,0.0,0.0,-9999.0,-9999.0,-9999.0,-9999.0,-9999.0,-9999.0,-9999.0,-9999.0,-9999.0,-9999.0,-9999.0,-9999.0,-9999.0,-9999.0
P13_HV1_3_interaction,active_and_state_lat_and_long_zero_last_source_row_continuous_segment,P13,HV1,3,keep_right,P13_HV1_3,P13_HV1.1.asc,HV3,60,initiator_active,15117,1,251950.0,251950.0005,3.0,3.0,28.672235,103.220046,6.0,594.934673,-5595.614293,0.055671,0.052745,0.0,28.673686,-0.00572,0.0,5595.78257,-58.864499,6.276485,1.0,0.0,0.0,0.0,5678.736094,-55.798311,1021.0,6.0,678.349537,7.0,-0.211687,39.652426,142.748734,39.652425,-0.008897,8.2e-05,-0.488716,-0.024488,0.001794,0.017113,0.0,0.0,1.0,0.0,0.0,0.0,-9999.0,-9999.0,-9999.0,-9999.0,-9999.0,-9999.0,-9999.0,-9999.0,-9999.0,-9999.0,-9999.0,-9999.0,-9999.0,-9999.0
P13_HV1_3_interaction,active_and_state_lat_and_long_zero_last_source_row_continuous_segment,P13,HV1,3,keep_right,P13_HV1_3,P13_HV1.1.asc,HV3,60,initiator_active,15118,1,251966.67,251966.668,3.0,3.0,28.673189,103.22348,6.0,595.412555,-5596.092172,0.054424,0.052237,0.0,28.674617,-0.005609,0.0,5596.260457,-58.867787,6.276511,1.0,0.0,0.0,0.0,5679.396945,-55.802323,1021.0,6.0,679.0104,7.0,-0.212361,39.644282,142.719417,39.644282,-0.006689,0.000109,-0.488595,-0.02971,0.001592,0.016956,0.0,0.0,1.0,0.0,0.0,0.0,-9999.0,-9999.0,-9999.0,-9999.0,-9999.0,-9999.0,-9999.0,-9999.0,-9999.0,-9999.0,-9999.0,-9999.0,-9999.0,-9999.0
P13_HV1_3_interaction,active_and_state_lat_and_long_zero_last_source_row_continuous_segment,P13,HV1,3,keep_right,P13_HV1_3,P13_HV1.1.asc,HV3,60,initiator_active,15119,1,251983.33,251983.3343,3.0,3.0,28.67415,103.22694,6.0,595.890452,-5596.570068,0.058085,0.050071,0.0,28.675534,-0.005504,0.0,5596.73836,-58.87106,6.276538,1.0,0.0,0.0,0.0,5680.057661,-55.806341,1021.0,6.0,679.671127,7.0,-0.213042,39.636141,142.690106,39.63614,-0.00451,0.000134,-0.488474,-0.034883,0.001398,0.016799,0.0,0.0,1.0,0.0,0.0,0.0,-9999.0,-9999.0,-9999.0,-9999.0,-9999.0,-9999.0,-9999.0,-9999.0,-9999.0,-9999.0,-9999.0,-9999.0,-9999.0,-9999.0
P13_HV1_3_interaction,active_and_state_lat_and_long_zero_last_source_row_continuous_segment,P13,HV1,3,keep_right,P13_HV1_3,P13_HV1.1.asc,HV3,60,initiator_active,15120,1,252000.0,252000.0007,3.0,3.0,28.67507,103.230254,6.0,596.368366,-5597.047979,0.054744,0.048705,0.0,28.676506,-0.005427,0.0,5597.216279,-58.874318,6.276564,1.0,0.0,0.0,0.0,5680.718241,-55.810366,1021.0,6.0,680.331719,7.0,-0.213732,39.628001,142.660803,39.628001,-0.002377,0.000156,-0.488354,-0.040368,0.001215,0.016799,0.0,0.0,1.0,0.0,0.0,0.0,-9999.0,-9999.0,-9999.0,-9999.0,-9999.0,-9999.0,-9999.0,-9999.0,-9999.0,-9999.0,-9999.0,-9999.0,-9999.0,-9999.0
P13_HV1_3_interaction,active_and_state_lat_and_long_zero_last_source_row_continuous_segment,P13,HV1,3,keep_right,P13_HV1_3,P13_HV1.1.asc,HV3,60,initiator_active,15121,1,252016.67,252016.6674,3.0,3.0,28.676018,103.233664,6.0,596.846295,-5597.525905,0.050649,0.047766,0.0,28.677391,-0.005363,0.0,5597.694213,-58.877564,6.276591,1.0,0.0,0.0,0.0,5681.378685,-55.814401,1021.0,6.0,680.992175,7.0,-0.214431,39.619863,142.631507,39.619863,-0.000297,0.000174,-0.488235,-0.045743,0.001042,0.016799,0.0,0.0,1.0,0.0,0.0,0.0,-9999.0,-9999.0,-9999.0,-9999.0,-9999.0,-9999.0,-9999.0,-9999.0,-9999.0,-9999.0,-9999.0,-9999.0,-9999.0,-9999.0
P13_HV1_3_interaction,active_and_state_lat_and_long_zero_last_source_row_continuous_segment,P13,HV1,3,keep_right,P13_HV1_3,P13_HV1.1.asc,HV3,60,initiator_active,15122,1,252033.33,252033.3342,3.0,3.0,28.676963,103.237065,6.0,597.324239,-5598.003847,0.057739,0.047465,0.0,28.678267,-0.005318,0.0,5598.172162,-58.880795,6.276617,1.0,0.0,0.0,0.0,5682.038993,-55.818446,1021.0,6.0,681.652495,7.0,-0.215142,39.611727,142.602218,39.611727,0.001729,0.00019,-0.488114,-0.050605,0.00088,0.016642,0.0,0.0,1.0,0.0,0.0,0.0,-9999.0,-9999.0,-9999.0,-9999.0,-9999.0,-9999.0,-9999.0,-9999.0,-9999.0,-9999.0,-9999.0,-9999.0,-9999.0,-9999.0
P13_HV1_3_interaction,active_and_state_lat_and_long_zero_last_source_row_continuous_segment,P13,HV1,3,keep_right,P13_HV1_3,P13_HV1.1.asc,HV3,60,initiator_active,15123,1,252050.0,252050.0009,3.0,3.0,28.677813,103.240127,6.0,597.802199,-5598.481804,0.057775,0.043553,0.0,28.679267,-0.005265,0.0,5598.650127,-58.884014,6.276642,1.0,0.0,0.0,0.0,5682.699166,-55.822504,1021.0,6.0,682.31268,7.0,-0.215865,39.603593,142.572936,39.603593,0.003698,0.000203,-0.487994,-0.054946,0.000729,0.016328,0.0,0.0,1.0,0.0,0.0,0.0,-9999.0,-9999.0,-9999.0,-9999.0,-9999.0,-9999.0,-9999.0,-9999.0,-9999.0,-9999.0,-9999.0,-9999.0,-9999.0,-9999.0
P13_HV1_3_interaction,active_and_state_lat_and_long_zero_last_source_row_continuous_segment,P13,HV1,3,keep_right,P13_HV1_3,P13_HV1.1.asc,HV3,60,initiator_active,15124,1,252066.67,252066.6668,3.0,3.0,28.678748,103.243493,6.0,598.280173,-5598.959775,0.050433,0.043867,0.0,28.680182,-0.005239,0.0,5599.128108,-58.887221,6.276667,1.0,0.0,0.0,0.0,5683.359203,-55.826575,1021.0,6.0,682.972729,7.0,-0.216603,39.595461,142.543661,39.595461,0.005597,0.000214,-0.487874,-0.059527,0.000581,0.016171,0.0,0.0,1.0,0.0,0.0,0.0,-9999.0,-9999.0,-9999.0,-9999.0,-9999.0,-9999.0,-9999.0,-9999.0,-9999.0,-9999.0,-9999.0,-9999.0,-9999.0,-9999.0
P13_HV1_3_interaction,active_and_state_lat_and_long_zero_last_source_row_continuous_segment,P13,HV1,3,keep_right,P13_HV1_3,P13_HV1.1.asc,HV3,60,initiator_active,15125,1,252083.33,252083.3343,3.0,3.0,28.679749,103.247096,6.0,598.758164,-5599.437764,0.050445,0.045278,0.0,28.681021,-0.005188,0.0,5599.606103,-58.890415,6.276691,1.0,0.0,0.0,0.0,5684.019104,-55.830661,1021.0,6.0,683.632643,7.0,-0.217357,39.587332,142.514393,39.587331,0.007414,0.000222,-0.487755,-0.064316,0.000441,0.016328,0.0,0.0,1.0,0.0,0.0,0.0,-9999.0,-9999.0,-9999.0,-9999.0,-9999.0,-9999.0,-9999.0,-9999.0,-9999.0,-9999.0,-9999.0,-9999.0,-9999.0,-9999.0
P13_HV1_3_interaction,active_and_state_lat_and_long_zero_last_source_row_continuous_segment,P13,HV1,3,keep_right,P13_HV1_3,P13_HV1.1.asc,HV3,60,initiator_active,15126,1,252100.0,252100.0003,3.0,3.0,28.680602,103.250167,6.0,599.23617,-5599.915767,0.054684,0.044285,0.0,28.681863,-0.005118,0.0,5600.084113,-58.893597,6.276714,1.0,0.0,0.0,0.0,5684.67887,-55.834764,1021.0,6.0,684.292421,7.0,-0.218128,39.579203,142.485132,39.579202,0.009146,0.000228,-0.487635,-0.068903,0.000301,0.016485,0.0,0.0,1.0,0.0,0.0,0.0,-9999.0,-9999.0,-9999.0,-9999.0,-9999.0,-9999.0,-9999.0,-9999.0,-9999.0,-9999.0,-9999.0,-9999.0,-9999.0,-9999.0
P13_HV1_3_interaction,active_and_state_lat_and_long_zero_last_source_row_continuous_segment,P13,HV1,3,keep_right,P13_HV1_3,P13_HV1.1.asc,HV3,60,initiator_active,15127,1,252116.67,252116.667,3.0,3.0,28.681441,103.253188,6.0,599.71419,-5600.393784,0.051691,0.043209,0.0,28.68277,-0.005048,0.0,5600.562138,-58.896768,6.276737,1.0,0.0,0.0,0.0,5685.3385,-55.838884,1021.0,6.0,684.952064,7.0,-0.218917,39.571077,142.455878,39.571076,0.010792,0.000232,-0.487516,-0.073281,0.000169,0.016642,0.0,0.0,1.0,0.0,0.0,0.0,-9999.0,-9999.0,-9999.0,-9999.0,-9999.0,-9999.0,-9999.0,-9999.0,-9999.0,-9999.0,-9999.0,-9999.0,-9999.0,-9999.0
P13_HV1_3_interaction,active_and_state_lat_and_long_zero_last_source_row_continuous_segment,P13,HV1,3,keep_right,P13_HV1_3,P13_HV1.1.asc,HV3,60,initiator_active,15128,1,252133.33,252133.3339,3.0,3.0,28.682319,103.256348,6.0,600.192224,-5600.871815,0.050998,0.040485,0.0,28.683626,-0.004979,0.0,5601.040177,-58.899926,6.276759,1.0,0.0,0.0,0.0,5685.997995,-55.843024,1021.0,6.0,685.611571,7.0,-0.219726,39.562953,142.426631,39.562951,0.01235,0.000233,-0.487397,-0.077447,4.8e-05,0.016956,0.0,0.0,1.0,0.0,0.0,0.0,-9999.0,-9999.0,-9999.0,-9999.0,-9999.0,-9999.0,-9999.0,-9999.0,-9999.0,-9999.0,-9999.0,-9999.0,-9999.0,-9999.0
P13_HV1_3_interaction,active_and_state_lat_and_long_zero_last_source_row_continuous_segment,P13,HV1,3,keep_right,P13_HV1_3,P13_HV1.1.asc,HV3,60,initiator_active,15129,1,252150.0,252150.0002,3.0,3.0,28.6832,103.259521,6.0,600.670273,-5601.349861,0.055064,0.040237,0.0,28.684476,-0.004929,0.0,5601.518231,-58.903073,6.276781,1.0,0.0,0.0,0.0,5686.657354,-55.847183,1021.0,6.0,686.270942,7.0,-0.220556,39.554831,142.397391,39.554828,0.013819,0.000233,-0.487278,-0.081394,-6e-05,0.016956,0.0,0.0,1.0,0.0,0.0,0.0,-9999.0,-9999.0,-9999.0,-9999.0,-9999.0,-9999.0,-9999.0,-9999.0,-9999.0,-9999.0,-9999.0,-9999.0,-9999.0,-9999.0
P13_HV1_3_interaction,active_and_state_lat_and_long_zero_last_source_row_continuous_segment,P13,HV1,3,keep_right,P13_HV1_3,P13_HV1.1.asc,HV3,60,initiator_active,15130,1,252166.67,252166.6677,3.0,3.0,28.684051,103.262582,6.0,601.148337,-5601.827921,0.039762,0.036746,0.0,28.685421,-0.004874,0.0,5601.996299,-58.906209,6.276801,1.0,0.0,0.0,0.0,5687.316578,-55.851365,1021.0,6.0,686.930179,7.0,-0.221408,39.54671,142.368157,39.546707,0.015201,0.000231,-0.48716,-0.085123,-0.000151,0.017113,0.0,0.0,1.0,0.0,0.0,0.0,-9999.0,-9999.0,-9999.0,-9999.0,-9999.0,-9999.0,-9999.0,-9999.0,-9999.0,-9999.0,-9999.0,-9999.0,-9999.0,-9999.0
P13_HV1_3_interaction,active_and_state_lat_and_long_zero_last_source_row_continuous_segment,P13,HV1,3,keep_right,P13_HV1_3,P13_HV1.1.asc,HV3,60,initiator_active,15131,1,252183.33,252183.3343,3.0,3.0,28.684935,103.265767,6.0,601.626415,-5602.305996,0.048784,0.036619,0.0,28.686081,-0.004814,0.0,5602.474382,-58.909336,6.276821,1.0,0.0,0.0,0.0,5687.975666,-55.855568,1021.0,6.0,687.58928,7.0,-0.222283,39.538592,142.338931,39.538588,0.016486,0.000228,-0.487043,-0.089263,-0.000227,0.017427,0.0,0.0,1.0,0.0,0.0,0.0,-9999.0,-9999.0,-9999.0,-9999.0,-9999.0,-9999.0,-9999.0,-9999.0,-9999.0,-9999.0,-9999.0,-9999.0,-9999.0,-9999.0
P13_HV1_3_interaction,active_and_state_lat_and_long_zero_last_source_row_continuous_segment,P13,HV1,3,keep_right,P13_HV1_3,P13_HV1.1.asc,HV3,60,initiator_active,15132,1,252200.0,252200.0008,3.0,3.0,28.685752,103.268709,6.0,602.104507,-5602.784085,0.064893,0.035962,0.0,28.687046,-0.004729,0.0,5602.952476,-58.912452,6.276839,1.0,0.0,0.0,0.0,5688.634618,-55.859796,1021.0,6.0,688.248245,7.0,-0.223183,39.530475,142.309711,39.530471,0.017679,0.000223,-0.486926,-0.093316,-0.000288,0.017741,0.0,0.0,1.0,0.0,0.0,0.0,-9999.0,-9999.0,-9999.0,-9999.0,-9999.0,-9999.0,-9999.0,-9999.0,-9999.0,-9999.0,-9999.0,-9999.0,-9999.0,-9999.0
P13_HV1_3_interaction,active_and_state_lat_and_long_zero_last_source_row_continuous_segment,P13,HV1,3,keep_right,P13_HV1_3,P13_HV1.1.asc,HV3,60,initiator_active,15133,1,252216.67,252216.6674,3.0,3.0,28.686488,103.271356,6.0,602.582612,-5603.262186,0.051927,0.036638,0.0,28.688044,-0.00463,0.0,5603.430588,-58.915558,6.276857,1.0,0.0,0.0,0.0,5689.293436,-55.864048,1021.0,6.0,688.907076,7.0,-0.224108,39.52236,142.280497,39.522356,0.018794,0.000218,-0.486808,-0.096373,-0.000335,0.017741,0.0,0.0,1.0,0.0,0.0,0.0,-9999.0,-9999.0,-9999.0,-9999.0,-9999.0,-9999.0,-9999.0,-9999.0,-9999.0,-9999.0,-9999.0,-9999.0,-9999.0,-9999.0
P13_HV1_3_interaction,active_and_state_lat_and_long_zero_last_source_row_continuous_segment,P13,HV1,3,keep_right,P13_HV1_3,P13_HV1.1.asc,HV3,60,initiator_active,15134,1,252233.33,252233.3342,3.0,3.0,28.687587,103.275314,6.0,603.060733,-5603.740304,0.051376,0.035206,0.0,28.688905,-0.004517,0.0,5603.908716,-58.918654,6.276874,1.0,0.0,0.0,0.0,5689.952118,-55.868326,1021.0,6.0,689.565771,7.0,-0.22506,39.514248,142.251291,39.514243,0.019824,0.000212,-0.486692,-0.100015,-0.00037,0.018055,0.0,0.0,1.0,0.0,0.0,0.0,-9999.0,-9999.0,-9999.0,-9999.0,-9999.0,-9999.0,-9999.0,-9999.0,-9999.0,-9999.0,-9999.0,-9999.0,-9999.0,-9999.0
P13_HV1_3_interaction,active_and_state_lat_and_long_zero_last_source_row_continuous_segment,P13,HV1,3,keep_right,P13_HV1_3,P13_HV1.1.asc,HV3,60,initiator_active,15135,1,252250.0,252250.0006,3.0,3.0,28.688477,103.278517,6.0,603.53887,-5604.218438,0.051756,0.030462,0.0,28.689763,-0.004405,0.0,5604.386858,-58.921741,6.27689,1.0,0.0,0.0,0.0,5690.610664,-55.872631,1021.0,6.0,690.224331,7.0,-0.226039,39.506137,142.222091,39.506131,0.020784,0.000206,-0.486575,-0.102676,-0.000395,0.018055,0.0,0.0,1.0,0.0,0.0,0.0,-9999.0,-9999.0,-9999.0,-9999.0,-9999.0,-9999.0,-9999.0,-9999.0,-9999.0,-9999.0,-9999.0,-9999.0,-9999.0,-9999.0
P13_HV1_3_interaction,active_and_state_lat_and_long_zero_last_source_row_continuous_segment,P13,HV1,3,keep_right,P13_HV1_3,P13_HV1.1.asc,HV3,60,initiator_active,15136,1,252266.67,252266.6674,3.0,3.0,28.689333,103.281598,6.0,604.017022,-5604.696586,0.05587,0.031925,0.0,28.690626,-0.004321,0.0,5604.865014,-58.924819,6.276905,1.0,0.0,0.0,0.0,5691.269075,-55.876963,1021.0,6.0,690.882755,7.0,-0.227046,39.498027,142.192899,39.498021,0.021676,0.000199,-0.486457,-0.105161,-0.00041,0.017741,0.0,0.0,1.0,0.0,0.0,0.0,-9999.0,-9999.0,-9999.0,-9999.0,-9999.0,-9999.0,-9999.0,-9999.0,-9999.0,-9999.0,-9999.0,-9999.0,-9999.0,-9999.0
P13_HV1_3_interaction,active_and_state_lat_and_long_zero_last_source_row_continuous_segment,P13,HV1,3,keep_right,P13_HV1_3,P13_HV1.1.asc,HV3,60,initiator_active,15137,1,252283.33,252283.3342,3.0,3.0,28.690194,103.284698,6.0,604.495187,-5605.174748,0.052789,0.0322,0.0,28.691552,-0.004191,0.0,5605.343185,-58.927888,6.276919,1.0,0.0,0.0,0.0,5691.927351,-55.881323,1021.0,6.0,691.541044,7.0,-0.228082,39.48992,142.163713,39.489914,0.0225,0.000192,-0.48634,-0.107474,-0.000419,0.017741,0.0,0.0,1.0,0.0,0.0,0.0,-9999.0,-9999.0,-9999.0,-9999.0,-9999.0,-9999.0,-9999.0,-9999.0,-9999.0,-9999.0,-9999.0,-9999.0,-9999.0,-9999.0
P13_HV1_3_interaction,active_and_state_lat_and_long_zero_last_source_row_continuous_segment,P13,HV1,3,keep_right,P13_HV1_3,P13_HV1.1.asc,HV3,60,initiator_active,15138,1,252300.0,252300.0009,3.0,3.0,28.691092,103.287931,6.0,604.973368,-5605.652925,0.036615,0.030017,0.0,28.692426,-0.00404,0.0,5605.821372,-58.930949,6.276932,1.0,0.0,0.0,0.0,5692.585491,-55.885712,1021.0,6.0,692.199199,7.0,-0.229148,39.481815,142.134533,39.481808,0.023259,0.000185,-0.486223,-0.109612,-0.000421,0.017427,0.0,0.0,1.0,0.0,0.0,0.0,-9999.0,-9999.0,-9999.0,-9999.0,-9999.0,-9999.0,-9999.0,-9999.0,-9999.0,-9999.0,-9999.0,-9999.0,-9999.0,-9999.0
P13_HV1_3_interaction,active_and_state_lat_and_long_zero_last_source_row_continuous_segment,P13,HV1,3,keep_right,P13_HV1_3,P13_HV1.1.asc,HV3,60,initiator_active,15139,1,252316.67,252316.6675,3.0,3.0,28.691992,103.291171,6.0,605.451564,-5606.131117,0.053575,0.029983,0.0,28.693061,-0.003907,0.0,5606.299571,-58.934002,6.276945,1.0,0.0,0.0,0.0,5693.243496,-55.890131,1021.0,6.0,692.857218,7.0,-0.230243,39.473711,142.105361,39.473704,0.023953,0.000178,-0.486106,-0.111582,-0.000417,0.017113,0.0,0.0,1.0,0.0,0.0,0.0,-9999.0,-9999.0,-9999.0,-9999.0,-9999.0,-9999.0,-9999.0,-9999.0,-9999.0,-9999.0,-9999.0,-9999.0,-9999.0,-9999.0
P13_HV1_3_interaction,active_and_state_lat_and_long_zero_last_source_row_continuous_segment,P13,HV1,3,keep_right,P13_HV1_3,P13_HV1.1.asc,HV3,60,initiator_active,15140,1,252333.33,252333.3343,3.0,3.0,28.692731,103.293833,6.0,605.929773,-5606.609323,0.057069,0.028346,0.0,28.694005,-0.003773,0.0,5606.777783,-58.937046,6.276958,1.0,0.0,0.0,0.0,5693.901366,-55.89458,1021.0,6.0,693.515102,7.0,-0.23137,39.46561,142.076196,39.465602,0.024596,0.000171,-0.485987,-0.112365,-0.000408,0.016642,0.0,0.0,1.0,0.0,0.0,0.0,-9999.0,-9999.0,-9999.0,-9999.0,-9999.0,-9999.0,-9999.0,-9999.0,-9999.0,-9999.0,-9999.0,-9999.0,-9999.0,-9999.0
P13_HV1_3_interaction,active_and_state_lat_and_long_zero_last_source_row_continuous_segment,P13,HV1,3,keep_right,P13_HV1_3,P13_HV1.1.asc,HV3,60,initiator_active,15141,1,252350.0,252350.0003,3.0,3.0,28.693507,103.296627,6.0,606.407994,-5607.08754,0.059767,0.028181,0.0,28.694961,-0.003634,0.0,5607.256011,-58.940082,6.276969,1.0,0.0,0.0,0.0,5694.559101,-55.89906,1021.0,6.0,694.17285,7.0,-0.232528,39.45751,142.047037,39.457502,0.025183,0.000164,-0.485869,-0.113248,-0.000395,0.016328,0.0,0.0,1.0,0.0,0.0,0.0,-9999.0,-9999.0,-9999.0,-9999.0,-9999.0,-9999.0,-9999.0,-9999.0,-9999.0,-9999.0,-9999.0,-9999.0,-9999.0,-9999.0
P13_HV1_3_interaction,active_and_state_lat_and_long_zero_last_source_row_continuous_segment,P13,HV1,3,keep_right,P13_HV1_3,P13_HV1.1.asc,HV3,60,initiator_active,15142,1,252366.67,252366.6674,3.0,3.0,28.69448,103.300129,6.0,606.886231,-5607.565774,0.053005,0.027682,0.0,28.695928,-0.003486,0.0,5607.734255,-58.943111,6.27698,1.0,0.0,0.0,0.0,5695.2167,-55.90357,1021.0,6.0,694.830464,7.0,-0.233717,39.449413,142.017886,39.449404,0.025718,0.000158,-0.485749,-0.11319,-0.000377,0.0157,0.0,0.0,1.0,0.0,0.0,0.0,-9999.0,-9999.0,-9999.0,-9999.0,-9999.0,-9999.0,-9999.0,-9999.0,-9999.0,-9999.0,-9999.0,-9999.0,-9999.0,-9999.0
P13_HV1_3_interaction,active_and_state_lat_and_long_zero_last_source_row_continuous_segment,P13,HV1,3,keep_right,P13_HV1_3,P13_HV1.1.asc,HV3,60,initiator_active,15143,1,252383.33,252383.3338,3.0,3.0,28.695459,103.303651,6.0,607.364484,-5608.044023,0.052089,0.027011,0.0,28.696804,-0.003338,0.0,5608.212514,-58.946132,6.276991,1.0,0.0,0.0,0.0,5695.874164,-55.908111,1021.0,6.0,695.487943,7.0,-0.234938,39.441317,141.988742,39.441308,0.02621,0.000152,-0.485627,-0.111809,-0.000356,0.014601,0.0,0.0,1.0,0.0,0.0,0.0,-9999.0,-9999.0,-9999.0,-9999.0,-9999.0,-9999.0,-9999.0,-9999.0,-9999.0,-9999.0,-9999.0,-9999.0,-9999.0,-9999.0
P13_HV1_3_interaction,active_and_state_lat_and_long_zero_last_source_row_continuous_segment,P13,HV1,3,keep_right,P13_HV1_3,P13_HV1.1.asc,HV3,60,initiator_active,15144,1,252400.0,252400.0009,3.0,3.0,28.696369,103.30693,6.0,607.842753,-5608.522288,0.056142,0.026317,0.0,28.697673,-0.003195,0.0,5608.690789,-58.949146,6.277002,1.0,0.0,0.0,0.0,5696.531494,-55.912683,1021.0,6.0,696.145287,7.0,-0.23619,39.433224,141.959605,39.433215,0.026654,0.000146,-0.485503,-0.109493,-0.000332,0.013188,0.0,0.0,1.0,0.0,0.0,0.0,-9999.0,-9999.0,-9999.0,-9999.0,-9999.0,-9999.0,-9999.0,-9999.0,-9999.0,-9999.0,-9999.0,-9999.0,-9999.0,-9999.0
P13_HV1_3_interaction,active_and_state_lat_and_long_zero_last_source_row_continuous_segment,P13,HV1,3,keep_right,P13_HV1_3,P13_HV1.1.asc,HV3,60,initiator_active,15145,1,252416.67,252416.6679,3.0,3.0,28.697238,103.310057,6.0,608.321036,-5609.000567,0.046044,0.025667,0.0,28.698571,-0.00306,0.0,5609.169078,-58.952153,6.277012,1.0,0.0,0.0,0.0,5697.188688,-55.917285,1021.0,6.0,696.802496,7.0,-0.237474,39.425132,141.930476,39.425123,0.027047,0.000141,-0.485379,-0.105827,-0.000307,0.011304,0.0,0.0,1.0,0.0,0.0,0.0,-9999.0,-9999.0,-9999.0,-9999.0,-9999.0,-9999.0,-9999.0,-9999.0,-9999.0,-9999.0,-9999.0,-9999.0,-9999.0,-9999.0
P13_HV1_3_interaction,active_and_state_lat_and_long_zero_last_source_row_continuous_segment,P13,HV1,3,keep_right,P13_HV1_3,P13_HV1.1.asc,HV3,60,initiator_active,15146,1,252433.33,252433.334,3.0,3.0,28.698141,103.313307,6.0,608.799334,-5609.478861,0.048571,0.022675,0.0,28.699328,-0.00296,0.0,5609.647381,-58.955152,6.277023,1.0,0.0,0.0,0.0,5697.845747,-55.921917,1021.0,6.0,697.45957,7.0,-0.238788,39.417043,141.901354,39.417033,0.027369,0.000136,-0.485254,-0.101559,-0.000281,0.009263,0.0,0.0,1.0,0.0,0.0,0.0,-9999.0,-9999.0,-9999.0,-9999.0,-9999.0,-9999.0,-9999.0,-9999.0,-9999.0,-9999.0,-9999.0,-9999.0,-9999.0,-9999.0
P13_HV1_3_interaction,active_and_state_lat_and_long_zero_last_source_row_continuous_segment,P13,HV1,3,keep_right,P13_HV1_3,P13_HV1.1.asc,HV3,60,initiator_active,15147,1,252450.0,252450.0011,3.0,3.0,28.698955,103.316238,6.0,609.277646,-5609.95717,0.052872,0.023149,0.0,28.700166,-0.002865,0.0,5610.125697,-58.958145,6.277032,1.0,0.0,0.0,0.0,5698.50267,-55.926578,1021.0,6.0,698.116509,7.0,-0.240131,39.408956,141.87224,39.408946,0.02761,0.000131,-0.485128,-0.095858,-0.000255,0.006751,0.0,0.0,1.0,0.0,0.0,0.0,-9999.0,-9999.0,-9999.0,-9999.0,-9999.0,-9999.0,-9999.0,-9999.0,-9999.0,-9999.0,-9999.0,-9999.0,-9999.0,-9999.0
P13_HV1_3_interaction,active_and_state_lat_and_long_zero_last_source_row_continuous_segment,P13,HV1,3,keep_right,P13_HV1_3,P13_HV1.1.asc,HV3,60,initiator_active,15148,1,252466.67,252466.667,3.0,3.0,28.699733,103.319037,6.0,609.755972,-5610.435491,0.049755,0.023131,0.0,28.701016,-0.002757,0.0,5610.604027,-58.961132,6.277042,1.0,0.0,0.0,0.0,5699.159459,-55.931268,1021.0,6.0,698.773313,7.0,-0.241504,39.400871,141.843134,39.400861,0.027703,0.000127,-0.485008,-0.092936,-0.000226,0.005495,0.0,0.0,1.0,0.0,0.0,0.0,-9999.0,-9999.0,-9999.0,-9999.0,-9999.0,-9999.0,-9999.0,-9999.0,-9999.0,-9999.0,-9999.0,-9999.0,-9999.0,-9999.0
P13_HV1_3_interaction,active_and_state_lat_and_long_zero_last_source_row_continuous_segment,P13,HV1,3,keep_right,P13_HV1_3,P13_HV1.1.asc,HV3,60,initiator_active,15149,1,252483.33,252483.3336,3.0,3.0,28.700606,103.322183,6.0,610.234311,-5610.913826,0.064359,0.022768,0.0,28.701865,-0.002647,0.0,5611.082372,-58.964113,6.277052,1.0,0.0,0.0,0.0,5699.816113,-55.935985,1021.0,6.0,699.429982,7.0,-0.242905,39.392787,141.814035,39.392778,0.027641,0.000124,-0.484887,-0.089184,-0.000192,0.004082,0.0,0.0,1.0,0.0,0.0,0.0,-9999.0,-9999.0,-9999.0,-9999.0,-9999.0,-9999.0,-9999.0,-9999.0,-9999.0,-9999.0,-9999.0,-9999.0,-9999.0,-9999.0
P13_HV1_3_interaction,active_and_state_lat_and_long_zero_last_source_row_continuous_segment,P13,HV1,3,keep_right,P13_HV1_3,P13_HV1.1.asc,HV3,60,initiator_active,15150,1,252500.0,252500.0014,3.0,3.0,28.70143,103.325149,6.0,610.712664,-5611.392176,0.054666,0.022308,0.0,28.702921,-0.002544,0.0,5611.560731,-58.967087,6.277061,1.0,0.0,0.0,0.0,5700.472632,-55.940728,1021.0,6.0,700.086517,7.0,-0.244333,39.384706,141.784943,39.384697,0.027396,0.000121,-0.484769,-0.08692,-0.000166,0.003454,0.0,0.0,1.0,0.0,0.0,0.0,-9999.0,-9999.0,-9999.0,-9999.0,-9999.0,-9999.0,-9999.0,-9999.0,-9999.0,-9999.0,-9999.0,-9999.0,-9999.0,-9999.0
P13_HV1_3_interaction,active_and_state_lat_and_long_zero_last_source_row_continuous_segment,P13,HV1,3,keep_right,P13_HV1_3,P13_HV1.1.asc,HV3,60,initiator_active,15151,1,252516.67,252516.6676,3.0,3.0,28.702401,103.328645,6.0,611.191033,-5611.87054,0.051914,0.021854,0.0,28.703813,-0.002448,0.0,5612.039108,-58.970055,6.277071,1.0,0.0,0.0,0.0,5701.129017,-55.945497,1021.0,6.0,700.742917,7.0,-0.245787,39.376627,141.755858,39.376618,0.026953,0.000118,-0.484653,-0.085716,-0.000142,0.003925,0.0,0.0,1.0,0.0,0.0,0.0,-9999.0,-9999.0,-9999.0,-9999.0,-9999.0,-9999.0,-9999.0,-9999.0,-9999.0,-9999.0,-9999.0,-9999.0,-9999.0,-9999.0
P13_HV1_3_interaction,active_and_state_lat_and_long_zero_last_source_row_continuous_segment,P13,HV1,3,keep_right,P13_HV1_3,P13_HV1.1.asc,HV3,60,initiator_active,15152,1,252533.33,252533.3343,3.0,3.0,28.703376,103.332154,6.0,611.669418,-5612.348922,0.05201,0.024831,0.0,28.704678,-0.002361,0.0,5612.517499,-58.973018,6.27708,1.0,0.0,0.0,0.0,5701.785266,-55.950292,1021.0,6.0,701.399182,7.0,-0.247268,39.36855,141.72678,39.368541,0.02629,0.000116,-0.484539,-0.087365,-0.000127,0.005809,0.0,0.0,1.0,0.0,0.0,0.0,-9999.0,-9999.0,-9999.0,-9999.0,-9999.0,-9999.0,-9999.0,-9999.0,-9999.0,-9999.0,-9999.0,-9999.0,-9999.0,-9999.0
P13_HV1_3_interaction,active_and_state_lat_and_long_zero_last_source_row_continuous_segment,P13,HV1,3,keep_right,P13_HV1_3,P13_HV1.1.asc,HV3,60,initiator_active,15153,1,252550.0,252550.001,3.0,3.0,28.704245,103.335283,6.0,612.147819,-5612.827318,0.048294,0.022962,0.0,28.705545,-0.002239,0.0,5612.995905,-58.975973,6.27709,1.0,0.0,0.0,0.0,5702.44138,-55.955113,1021.0,6.0,702.055313,7.0,-0.248775,39.360475,141.697709,39.360467,0.025386,0.000114,-0.484433,-0.093322,-0.000121,0.009106,0.0,0.0,1.0,0.0,0.0,0.0,-9999.0,-9999.0,-9999.0,-9999.0,-9999.0,-9999.0,-9999.0,-9999.0,-9999.0,-9999.0,-9999.0,-9999.0,-9999.0,-9999.0
P13_HV1_3_interaction,active_and_state_lat_and_long_zero_last_source_row_continuous_segment,P13,HV1,3,keep_right,P13_HV1_3,P13_HV1.1.asc,HV3,60,initiator_active,15154,1,252566.67,252566.6676,3.0,3.0,28.705111,103.338401,6.0,612.626233,-5613.305728,0.058549,0.023078,0.0,28.706389,-0.002143,0.0,5613.474325,-58.978923,6.277101,1.0,0.0,0.0,0.0,5703.09736,-55.95996,1021.0,6.0,702.711309,7.0,-0.250309,39.352401,141.668643,39.352393,0.02423,0.000112,-0.48434,-0.105433,-0.000127,0.015072,0.0,0.0,1.0,0.0,0.0,0.0,-9999.0,-9999.0,-9999.0,-9999.0,-9999.0,-9999.0,-9999.0,-9999.0,-9999.0,-9999.0,-9999.0,-9999.0,-9999.0,-9999.0
P13_HV1_3_interaction,active_and_state_lat_and_long_zero_last_source_row_continuous_segment,P13,HV1,3,keep_right,P13_HV1_3,P13_HV1.1.asc,HV3,60,initiator_active,15155,1,252583.34,252583.34,3.0,3.0,28.705948,103.341413,6.0,613.104662,-5613.784153,0.056047,0.022092,0.0,28.707375,-0.002073,0.0,5613.95276,-58.981865,6.277111,1.0,0.0,0.0,0.0,5703.753205,-55.964835,1021.0,6.0,703.36717,7.0,-0.251872,39.344328,141.639581,39.344321,0.022855,0.000109,-0.484268,-0.123038,-0.000142,0.023393,0.0,0.0,1.0,0.0,0.0,0.0,-9999.0,-9999.0,-9999.0,-9999.0,-9999.0,-9999.0,-9999.0,-9999.0,-9999.0,-9999.0,-9999.0,-9999.0,-9999.0,-9999.0
P13_HV1_3_interaction,active_and_state_lat_and_long_zero_last_source_row_continuous_segment,P13,HV1,3,keep_right,P13_HV1_3,P13_HV1.1.asc,HV3,60,initiator_active,15156,1,252600.0,252600.0009,3.0,3.0,28.706876,103.344755,6.0,613.583106,-5614.262592,0.048563,0.021679,0.0,28.708249,-0.002028,0.0,5614.431211,-58.984802,6.277123,1.0,0.0,0.0,0.0,5704.408915,-55.969741,1021.0,6.0,704.022896,7.0,-0.253467,39.336256,141.610522,39.33625,0.021321,0.000106,-0.484233,-0.147157,-0.000154,0.034383,0.0,0.0,1.0,0.0,0.0,0.0,-9999.0,-9999.0,-9999.0,-9999.0,-9999.0,-9999.0,-9999.0,-9999.0,-9999.0,-9999.0,-9999.0,-9999.0,-9999.0,-9999.0
P13_HV1_3_interaction,active_and_state_lat_and_long_zero_last_source_row_continuous_segment,P13,HV1,3,keep_right,P13_HV1_3,P13_HV1.1.asc,HV3,60,initiator_active,15157,1,252616.67,252616.6685,3.0,3.0,28.707843,103.348233,6.0,614.061565,-5614.741047,0.030752,0.021581,0.0,28.708982,-0.001998,0.0,5614.909676,-58.987732,6.277134,1.0,0.0,0.0,0.0,5705.064491,-55.974683,1021.0,6.0,704.678488,7.0,-0.255098,39.328183,141.581459,39.328178,0.019611,0.000103,-0.484298,-0.187106,-0.000174,0.051653,0.0,0.0,1.0,0.0,0.0,0.0,-9999.0,-9999.0,-9999.0,-9999.0,-9999.0,-9999.0,-9999.0,-9999.0,-9999.0,-9999.0,-9999.0,-9999.0,-9999.0,-9999.0
P13_HV1_3_interaction,active_and_state_lat_and_long_zero_last_source_row_continuous_segment,P13,HV1,3,keep_right,P13_HV1_3,P13_HV1.1.asc,HV3,60,initiator_active,15158,1,252633.33,252633.3339,3.0,3.0,28.708654,103.351153,6.0,614.540039,-5615.219517,0.069009,0.019902,0.0,28.709609,-0.001977,0.0,5615.388152,-58.990657,6.277146,1.0,0.0,0.0,0.0,5705.719931,-55.979667,1021.0,6.0,705.333946,7.0,-0.256772,39.320109,141.552391,39.320105,0.018105,9.9e-05,-0.484357,-0.216975,-0.000192,0.064684,0.0,0.0,1.0,0.0,0.0,0.0,-9999.0,-9999.0,-9999.0,-9999.0,-9999.0,-9999.0,-9999.0,-9999.0,-9999.0,-9999.0,-9999.0,-9999.0,-9999.0,-9999.0
P13_HV1_3_interaction,active_and_state_lat_and_long_zero_last_source_row_continuous_segment,P13,HV1,3,keep_right,P13_HV1_3,P13_HV1.1.asc,HV3,60,initiator_active,15159,1,252650.02,252650.0181,3.0,3.0,28.709238,103.353257,6.0,615.018524,-5615.697998,0.055749,0.020721,0.0,28.710736,-0.001987,0.0,5615.866642,-58.993575,6.277158,1.0,0.0,0.0,0.0,5706.375237,-55.984699,1021.0,6.0,705.989268,7.0,-0.258495,39.312033,141.523317,39.312029,0.016947,9.6e-05,-0.484486,-0.252879,-0.00024,0.079599,0.0,0.0,1.0,0.0,0.0,0.0,-9999.0,-9999.0,-9999.0,-9999.0,-9999.0,-9999.0,-9999.0,-9999.0,-9999.0,-9999.0,-9999.0,-9999.0,-9999.0,-9999.0
P13_HV1_3_interaction,active_and_state_lat_and_long_zero_last_source_row_continuous_segment,P13,HV1,3,keep_right,P13_HV1_3,P13_HV1.1.asc,HV3,60,initiator_active,15160,1,252666.67,252666.673,3.0,3.0,28.710184,103.356664,6.0,615.497022,-5616.176491,0.051656,0.017797,0.0,28.711638,-0.001988,0.0,5616.345149,-58.996488,6.27717,1.0,0.0,0.0,0.0,5707.030407,-55.989787,1021.0,6.0,706.644456,7.0,-0.260274,39.303953,141.494232,39.30395,0.016311,9.1e-05,-0.48467,-0.291278,-0.000311,0.094828,0.0,0.0,1.0,0.0,0.0,0.0,-9999.0,-9999.0,-9999.0,-9999.0,-9999.0,-9999.0,-9999.0,-9999.0,-9999.0,-9999.0,-9999.0,-9999.0,-9999.0,-9999.0
P13_HV1_3_interaction,active_and_state_lat_and_long_zero_last_source_row_continuous_segment,P13,HV1,3,keep_right,P13_HV1_3,P13_HV1.1.asc,HV3,60,initiator_active,15161,1,252683.33,252683.3345,3.0,3.0,28.711201,103.360323,6.0,615.975538,-5616.655003,0.074718,0.019498,0.0,28.712498,-0.002031,0.0,5616.823671,-58.999396,6.277182,1.0,0.0,0.0,0.0,5707.685443,-55.994937,1021.0,6.0,707.299509,7.0,-0.262117,39.29587,141.465133,39.295867,0.016397,8.6e-05,-0.484889,-0.330254,-0.000382,0.109429,0.0,0.0,1.0,0.0,0.0,0.0,-9999.0,-9999.0,-9999.0,-9999.0,-9999.0,-9999.0,-9999.0,-9999.0,-9999.0,-9999.0,-9999.0,-9999.0,-9999.0,-9999.0
P13_HV1_3_interaction,active_and_state_lat_and_long_zero_last_source_row_continuous_segment,P13,HV1,3,keep_right,P13_HV1_3,P13_HV1.1.asc,HV3,60,initiator_active,15162,1,252700.0,252700.0008,3.0,3.0,28.712069,103.363447,6.0,616.454069,-5617.133529,0.051622,0.020352,0.0,28.713709,-0.002044,0.0,5617.302209,-59.002298,6.277194,1.0,0.0,0.0,0.0,5708.340343,-56.000159,1021.0,6.0,707.954427,7.0,-0.264031,39.287783,141.436018,39.287779,0.017376,7.9e-05,-0.485139,-0.370243,-0.000488,0.123402,0.0,0.0,1.0,0.0,0.0,0.0,-9999.0,-9999.0,-9999.0,-9999.0,-9999.0,-9999.0,-9999.0,-9999.0,-9999.0,-9999.0,-9999.0,-9999.0,-9999.0,-9999.0
P13_HV1_3_interaction,active_and_state_lat_and_long_zero_last_source_row_continuous_segment,P13,HV1,3,keep_right,P13_HV1_3,P13_HV1.1.asc,HV3,60,initiator_active,15163,1,252716.67,252716.6676,3.0,3.0,28.713121,103.367235,6.0,616.932615,-5617.612071,0.038863,0.020615,0.0,28.714507,-0.002045,0.0,5617.780766,-59.005195,6.277206,1.0,0.0,0.0,0.0,5708.995107,-56.00546,1021.0,6.0,708.60921,7.0,-0.266025,39.279691,141.406887,39.279686,0.019418,7e-05,-0.48539,-0.409205,-0.000608,0.135805,0.0,0.0,1.0,0.0,0.0,0.0,-9999.0,-9999.0,-9999.0,-9999.0,-9999.0,-9999.0,-9999.0,-9999.0,-9999.0,-9999.0,-9999.0,-9999.0,-9999.0,-9999.0
P13_HV1_3_interaction,active_and_state_lat_and_long_zero_last_source_row_continuous_segment,P13,HV1,3,keep_right,P13_HV1_3,P13_HV1.1.asc,HV3,60,initiator_active,15164,1,252733.33,252733.3346,3.0,3.0,28.714139,103.370901,6.0,617.41118,-5618.090632,0.053699,0.018927,0.0,28.715195,-0.002043,0.0,5618.259335,-59.008086,6.277218,1.0,0.0,0.0,0.0,5709.649737,-56.01085,1021.0,6.0,709.263858,7.0,-0.268109,39.271594,141.377738,39.271587,0.022656,5.9e-05,-0.485629,-0.447436,-0.000722,0.146638,0.0,0.0,1.0,0.0,0.0,0.0,-9999.0,-9999.0,-9999.0,-9999.0,-9999.0,-9999.0,-9999.0,-9999.0,-9999.0,-9999.0,-9999.0,-9999.0,-9999.0,-9999.0
P13_HV1_3_interaction,active_and_state_lat_and_long_zero_last_source_row_continuous_segment,P13,HV1,3,keep_right,P13_HV1_3,P13_HV1.1.asc,HV3,60,initiator_active,15165,1,252750.0,252750.0007,3.0,3.0,28.714831,103.373391,6.0,617.889758,-5618.569205,0.043942,0.019624,0.0,28.71597,-0.002064,0.0,5618.737916,-59.010972,6.27723,1.0,0.0,0.0,0.0,5710.30423,-56.016337,1021.0,6.0,709.918371,7.0,-0.270292,39.263492,141.348572,39.263483,0.027182,4.6e-05,-0.485844,-0.484723,-0.000816,0.155744,0.0,0.0,1.0,0.0,0.0,0.0,-9999.0,-9999.0,-9999.0,-9999.0,-9999.0,-9999.0,-9999.0,-9999.0,-9999.0,-9999.0,-9999.0,-9999.0,-9999.0,-9999.0
P13_HV1_3_interaction,active_and_state_lat_and_long_zero_last_source_row_continuous_segment,P13,HV1,3,keep_right,P13_HV1_3,P13_HV1.1.asc,HV3,60,initiator_active,15166,1,252766.67,252766.6676,3.0,3.0,28.715642,103.376312,6.0,618.368348,-5619.04779,0.055852,0.019948,0.0,28.716807,-0.002069,0.0,5619.21651,-59.013853,6.277241,1.0,0.0,0.0,0.0,5710.958588,-56.021932,1021.0,6.0,710.572749,7.0,-0.272582,39.255385,141.319387,39.255371,0.033022,3.2e-05,-0.486062,-0.52357,-0.000879,0.164065,0.0,0.0,1.0,0.0,0.0,0.0,-9999.0,-9999.0,-9999.0,-9999.0,-9999.0,-9999.0,-9999.0,-9999.0,-9999.0,-9999.0,-9999.0,-9999.0,-9999.0,-9999.0
P13_HV1_3_interaction,active_and_state_lat_and_long_zero_last_source_row_continuous_segment,P13,HV1,3,keep_right,P13_HV1_3,P13_HV1.1.asc,HV3,60,initiator_active,15167,1,252783.33,252783.3337,3.0,3.0,28.716336,103.378811,6.0,618.84695,-5619.526388,0.059121,0.020014,0.0,28.717747,-0.002067,0.0,5619.695119,-59.016728,6.277253,1.0,0.0,0.0,0.0,5711.612809,-56.027644,1021.0,6.0,711.226991,7.0,-0.274989,39.247273,141.290184,39.247253,0.040195,1.8e-05,-0.486255,-0.562339,-0.000906,0.170973,0.0,0.0,1.0,0.0,0.0,0.0,-9999.0,-9999.0,-9999.0,-9999.0,-9999.0,-9999.0,-9999.0,-9999.0,-9999.0,-9999.0,-9999.0,-9999.0,-9999.0,-9999.0
P13_HV1_3_interaction,active_and_state_lat_and_long_zero_last_source_row_continuous_segment,P13,HV1,3,keep_right,P13_HV1_3,P13_HV1.1.asc,HV3,60,initiator_active,15168,1,252800.0,252800.0009,3.0,3.0,28.717272,103.38218,6.0,619.325567,-5620.005,0.055379,0.01997,0.0,28.718734,-0.002061,0.0,5620.173744,-59.019598,6.277264,1.0,0.0,0.0,0.0,5712.266894,-56.033483,1021.0,6.0,711.881097,7.0,-0.277525,39.239156,141.26096,39.239125,0.048672,3e-06,-0.486443,-0.602584,-0.000899,0.177096,0.0,0.0,1.0,0.0,0.0,0.0,-9999.0,-9999.0,-9999.0,-9999.0,-9999.0,-9999.0,-9999.0,-9999.0,-9999.0,-9999.0,-9999.0,-9999.0,-9999.0,-9999.0
P13_HV1_3_interaction,active_and_state_lat_and_long_zero_last_source_row_continuous_segment,P13,HV1,3,keep_right,P13_HV1_3,P13_HV1.1.asc,HV3,60,initiator_active,15169,1,252816.67,252816.6672,3.0,3.0,28.718239,103.385661,6.0,619.8042,-5620.483629,0.054974,0.021093,0.0,28.719629,-0.00204,0.0,5620.652384,-59.022462,6.277276,1.0,0.0,0.0,0.0,5712.920843,-56.03946,1021.0,6.0,712.535067,7.0,-0.2802,39.230937,141.231372,39.230893,0.058399,-1.2e-05,-0.503128,-0.644882,-0.000857,0.182748,0.0,0.002198,1.0,0.0,0.0,0.0,-9999.0,-9999.0,-9999.0,-9999.0,-9999.0,-9999.0,-9999.0,-9999.0,-9999.0,-9999.0,-9999.0,-9999.0,-9999.0,-9999.0
P13_HV1_3_interaction,active_and_state_lat_and_long_zero_last_source_row_continuous_segment,P13,HV1,3,keep_right,P13_HV1_3,P13_HV1.1.asc,HV3,60,initiator_active,15170,1,252833.33,252833.3342,3.0,3.0,28.719196,103.389105,6.0,620.28285,-5620.962273,0.054925,0.020513,0.0,28.720571,-0.00202,0.0,5621.13104,-59.025321,6.277287,1.0,0.0,0.0,0.0,5713.574653,-56.045587,1021.0,6.0,713.1889,7.0,-0.283025,39.222558,141.201209,39.222497,0.069322,-2.6e-05,-0.49178,-0.688078,-0.000854,0.187458,0.0,0.0,1.0,0.0,0.0,0.0,-9999.0,-9999.0,-9999.0,-9999.0,-9999.0,-9999.0,-9999.0,-9999.0,-9999.0,-9999.0,-9999.0,-9999.0,-9999.0,-9999.0
P13_HV1_3_interaction,active_and_state_lat_and_long_zero_last_source_row_continuous_segment,P13,HV1,3,keep_right,P13_HV1_3,P13_HV1.1.asc,HV3,60,initiator_active,15171,1,252850.0,252850.0008,3.0,3.0,28.720087,103.392314,6.0,620.761514,-5621.440933,0.047169,0.020217,0.0,28.72146,-0.00201,0.0,5621.609712,-59.028174,6.277299,1.0,0.0,0.0,0.0,5714.228323,-56.051876,1021.0,6.0,713.842594,7.0,-0.286013,39.214399,141.171838,39.214315,0.081365,-3.9e-05,-0.487392,-0.732582,-0.000793,0.19154,0.0,0.0,1.0,0.0,0.0,0.0,-9999.0,-9999.0,-9999.0,-9999.0,-9999.0,-9999.0,-9999.0,-9999.0,-9999.0,-9999.0,-9999.0,-9999.0,-9999.0,-9999.0
P13_HV1_3_interaction,active_and_state_lat_and_long_zero_last_source_row_continuous_segment,P13,HV1,3,keep_right,P13_HV1_3,P13_HV1.1.asc,HV3,60,initiator_active,15172,1,252866.67,252866.6675,3.0,3.0,28.721029,103.395703,6.0,621.240193,-5621.919608,0.047309,0.020122,0.0,28.72222,-0.002005,0.0,5622.088397,-59.031021,6.27731,1.0,0.0,0.0,0.0,5714.881855,-56.058339,1021.0,6.0,714.49615,7.0,-0.289176,39.206249,141.142496,39.206135,0.094415,-5.2e-05,-0.487302,-0.780626,-0.000709,0.195936,0.0,0.0,1.0,0.0,0.0,0.0,-9999.0,-9999.0,-9999.0,-9999.0,-9999.0,-9999.0,-9999.0,-9999.0,-9999.0,-9999.0,-9999.0,-9999.0,-9999.0,-9999.0
P13_HV1_3_interaction,active_and_state_lat_and_long_zero_last_source_row_continuous_segment,P13,HV1,3,keep_right,P13_HV1_3,P13_HV1.1.asc,HV3,60,initiator_active,15173,1,252883.34,252883.3391,3.0,3.0,28.721853,103.398672,6.0,621.718887,-5622.398297,0.061754,0.020108,0.0,28.7231,-0.002001,0.0,5622.567096,-59.033862,6.277322,1.0,0.0,0.0,0.0,5715.535249,-56.064991,1021.0,6.0,715.14957,7.0,-0.292528,39.198091,141.113128,39.197941,0.108401,-6.2e-05,-0.487408,-0.828706,-0.0006,0.19939,0.0,0.0,1.0,0.0,0.0,0.0,-9999.0,-9999.0,-9999.0,-9999.0,-9999.0,-9999.0,-9999.0,-9999.0,-9999.0,-9999.0,-9999.0,-9999.0,-9999.0,-9999.0
P13_HV1_3_interaction,active_and_state_lat_and_long_zero_last_source_row_continuous_segment,P13,HV1,3,keep_right,P13_HV1_3,P13_HV1.1.asc,HV3,60,initiator_active,15174,1,252900.0,252900.0007,3.0,3.0,28.722614,103.40141,6.0,622.197594,-5622.876999,0.059166,0.023502,0.0,28.724115,-0.001997,0.0,5623.04581,-59.036699,6.277333,1.0,0.0,0.0,0.0,5716.188506,-56.071846,1021.0,6.0,715.802852,7.0,-0.296084,39.189923,141.083722,39.189729,0.123202,-7.1e-05,-0.48761,-0.880262,-0.00049,0.203315,0.0,0.0,1.0,0.0,0.0,0.0,-9999.0,-9999.0,-9999.0,-9999.0,-9999.0,-9999.0,-9999.0,-9999.0,-9999.0,-9999.0,-9999.0,-9999.0,-9999.0,-9999.0
P13_HV1_3_interaction,active_and_state_lat_and_long_zero_last_source_row_continuous_segment,P13,HV1,3,keep_right,P13_HV1_3,P13_HV1.1.asc,HV3,60,initiator_active,15175,1,252916.67,252916.6675,3.0,3.0,28.723615,103.405013,6.0,622.676317,-5623.355716,0.043759,0.022001,0.0,28.725065,-0.00195,0.0,5623.524541,-59.039529,6.277345,1.0,0.0,0.0,0.0,5716.841624,-56.078917,1021.0,6.0,716.455998,7.0,-0.299856,39.181743,141.054274,39.181497,0.138728,-7.8e-05,-0.487831,-0.932972,-0.000389,0.206926,0.0,0.0,1.0,0.0,0.0,0.0,-9999.0,-9999.0,-9999.0,-9999.0,-9999.0,-9999.0,-9999.0,-9999.0,-9999.0,-9999.0,-9999.0,-9999.0,-9999.0,-9999.0
P13_HV1_3_interaction,active_and_state_lat_and_long_zero_last_source_row_continuous_segment,P13,HV1,3,keep_right,P13_HV1_3,P13_HV1.1.asc,HV3,60,initiator_active,15176,1,252933.33,252933.3343,3.0,3.0,28.724608,103.408589,6.0,623.155056,-5623.834451,0.052579,0.021228,0.0,28.725832,-0.001935,0.0,5624.003287,-59.042353,6.277357,1.0,0.0,0.0,0.0,5717.494604,-56.08622,1021.0,6.0,717.109006,7.0,-0.303862,39.173549,141.024775,39.173242,0.154868,-8.3e-05,-0.488102,-0.988642,-0.000304,0.211008,0.0,0.0,1.0,0.0,0.0,0.0,-9999.0,-9999.0,-9999.0,-9999.0,-9999.0,-9999.0,-9999.0,-9999.0,-9999.0,-9999.0,-9999.0,-9999.0,-9999.0,-9999.0
P13_HV1_3_interaction,active_and_state_lat_and_long_zero_last_source_row_continuous_segment,P13,HV1,3,keep_right,P13_HV1_3,P13_HV1.1.asc,HV3,60,initiator_active,15177,1,252950.0,252950.0008,3.0,3.0,28.72543,103.411548,6.0,623.63381,-5624.3132,0.058365,0.021007,0.0,28.726733,-0.001937,0.0,5624.482046,-59.045172,6.277369,1.0,0.0,0.0,0.0,5718.147444,-56.09377,1021.0,6.0,717.761876,7.0,-0.308115,39.165339,140.995222,39.164964,0.171549,-8.8e-05,-0.488368,-1.044573,-0.000235,0.214619,0.0,0.0,1.0,0.0,0.0,0.0,-9999.0,-9999.0,-9999.0,-9999.0,-9999.0,-9999.0,-9999.0,-9999.0,-9999.0,-9999.0,-9999.0,-9999.0,-9999.0,-9999.0
P13_HV1_3_interaction,active_and_state_lat_and_long_zero_last_source_row_continuous_segment,P13,HV1,3,keep_right,P13_HV1_3,P13_HV1.1.asc,HV3,60,initiator_active,15178,1,252966.67,252966.6675,3.0,3.0,28.72627,103.414573,6.0,624.112577,-5624.791962,0.055676,0.022242,0.0,28.727678,-0.001932,0.0,5624.960821,-59.047984,6.277382,1.0,0.0,0.0,0.0,5718.800145,-56.101585,1021.0,6.0,718.414608,7.0,-0.312634,39.157113,140.965608,39.156659,0.188662,-9.1e-05,-0.488697,-1.103838,-0.000182,0.219015,0.0,0.0,1.0,0.0,0.0,0.0,-9999.0,-9999.0,-9999.0,-9999.0,-9999.0,-9999.0,-9999.0,-9999.0,-9999.0,-9999.0,-9999.0,-9999.0,-9999.0,-9999.0
P13_HV1_3_interaction,active_and_state_lat_and_long_zero_last_source_row_continuous_segment,P13,HV1,3,keep_right,P13_HV1_3,P13_HV1.1.asc,HV3,60,initiator_active,15179,1,252983.33,252983.3341,3.0,3.0,28.727219,103.417989,6.0,624.59136,-5625.27074,0.043794,0.021858,0.0,28.728593,-0.001933,0.0,5625.439611,-59.05079,6.277395,1.0,0.0,0.0,0.0,5719.452705,-56.10968,1021.0,6.0,719.067201,7.0,-0.317433,39.148869,140.935927,39.148326,0.206139,-9.3e-05,-0.489037,-1.163749,-0.000141,0.223254,0.0,0.0,1.0,0.0,0.0,0.0,-9999.0,-9999.0,-9999.0,-9999.0,-9999.0,-9999.0,-9999.0,-9999.0,-9999.0,-9999.0,-9999.0,-9999.0,-9999.0,-9999.0
P13_HV1_3_interaction,active_and_state_lat_and_long_zero_last_source_row_continuous_segment,P13,HV1,3,keep_right,P13_HV1_3,P13_HV1.1.asc,HV3,60,initiator_active,15180,1,253000.01,253000.0088,3.0,3.0,28.728142,103.421311,6.0,625.070158,-5625.749533,0.049595,0.020559,0.0,28.729329,-0.00196,0.0,5625.918416,-59.05359,6.277408,1.0,0.0,0.0,0.0,5720.105125,-56.118073,1021.0,6.0,719.719655,7.0,-0.322531,39.140603,140.906172,39.139963,0.223895,-9.5e-05,-0.489436,-1.226189,-0.000108,0.228121,0.0,0.0,1.0,0.0,0.0,0.0,-9999.0,-9999.0,-9999.0,-9999.0,-9999.0,-9999.0,-9999.0,-9999.0,-9999.0,-9999.0,-9999.0,-9999.0,-9999.0,-9999.0
P13_HV1_3_interaction,active_and_state_lat_and_long_zero_last_source_row_continuous_segment,P13,HV1,3,keep_right,P13_HV1_3,P13_HV1.1.asc,HV3,60,initiator_active,15181,1,253016.67,253016.6675,3.0,3.0,28.728958,103.424249,6.0,625.548971,-5626.228341,0.051546,0.021153,0.0,28.730169,-0.001992,0.0,5626.397233,-59.056385,6.277421,1.0,0.0,0.0,0.0,5720.757403,-56.12678,1021.0,6.0,720.371968,7.0,-0.327945,39.132315,140.876335,39.131568,0.241864,-9.7e-05,-0.489876,-1.290157,-8.1e-05,0.233302,0.0,0.0,1.0,0.0,0.0,0.0,-9999.0,-9999.0,-9999.0,-9999.0,-9999.0,-9999.0,-9999.0,-9999.0,-9999.0,-9999.0,-9999.0,-9999.0,-9999.0,-9999.0
P13_HV1_3_interaction,active_and_state_lat_and_long_zero_last_source_row_continuous_segment,P13,HV1,3,keep_right,P13_HV1_3,P13_HV1.1.asc,HV3,60,initiator_active,15182,1,253033.35,253033.3545,3.0,3.0,28.729743,103.427074,6.0,626.027796,-5626.707162,0.043867,0.019142,0.0,28.731028,-0.002044,0.0,5626.876065,-59.059174,6.277434,1.0,0.0,0.0,0.0,5721.409539,-56.135821,1021.0,6.0,721.024142,7.0,-0.333692,39.124003,140.846411,39.123139,0.259999,-9.7e-05,-0.490348,-1.355111,-5.8e-05,0.23864,0.0,0.0,1.0,0.0,0.0,0.0,-9999.0,-9999.0,-9999.0,-9999.0,-9999.0,-9999.0,-9999.0,-9999.0,-9999.0,-9999.0,-9999.0,-9999.0,-9999.0,-9999.0
P13_HV1_3_interaction,active_and_state_lat_and_long_zero_last_source_row_continuous_segment,P13,HV1,3,keep_right,P13_HV1_3,P13_HV1.1.asc,HV3,60,initiator_active,15183,1,253050.0,253050.0012,3.0,3.0,28.730599,103.430155,6.0,626.506636,-5627.185996,0.044007,0.020348,0.0,28.731707,-0.002088,0.0,5627.35491,-59.061957,6.277447,1.0,0.0,0.0,0.0,5722.061531,-56.145213,1021.0,6.0,721.676173,7.0,-0.339791,39.115665,140.816393,39.114675,0.278267,-9.8e-05,-0.49083,-1.420123,-3.8e-05,0.243821,0.0,0.0,1.0,0.0,0.0,0.0,-9999.0,-9999.0,-9999.0,-9999.0,-9999.0,-9999.0,-9999.0,-9999.0,-9999.0,-9999.0,-9999.0,-9999.0,-9999.0,-9999.0
P13_HV1_3_interaction,active_and_state_lat_and_long_zero_last_source_row_continuous_segment,P13,HV1,3,keep_right,P13_HV1_3,P13_HV1.1.asc,HV3,60,initiator_active,15184,1,253066.67,253066.6668,3.0,3.0,28.731394,103.433019,6.0,626.985489,-5627.664844,0.049808,0.01972,0.0,28.73243,-0.002124,0.0,5627.833767,-59.064735,6.27746,1.0,0.0,0.0,0.0,5722.71338,-56.154974,1021.0,6.0,722.328063,7.0,-0.34626,39.107299,140.786277,39.106174,0.296623,-9.8e-05,-0.491356,-1.486342,-1.9e-05,0.249316,0.0,0.0,1.0,0.0,0.0,0.0,-9999.0,-9999.0,-9999.0,-9999.0,-9999.0,-9999.0,-9999.0,-9999.0,-9999.0,-9999.0,-9999.0,-9999.0,-9999.0,-9999.0
P13_HV1_3_interaction,active_and_state_lat_and_long_zero_last_source_row_continuous_segment,P13,HV1,3,keep_right,P13_HV1_3,P13_HV1.1.asc,HV3,60,initiator_active,15185,1,253083.35,253083.3528,3.0,3.0,28.732074,103.435465,6.0,627.464354,-5628.143704,0.081166,0.015786,0.0,28.733427,-0.002161,0.0,5628.312636,-59.067508,6.277472,1.0,0.0,0.0,0.0,5723.365083,-56.165122,1021.0,6.0,722.979809,7.0,-0.353118,39.098905,140.756059,39.097636,0.315062,-9.8e-05,-0.491843,-1.550787,0.0,0.254026,0.0,0.0,1.0,0.0,0.0,0.0,-9999.0,-9999.0,-9999.0,-9999.0,-9999.0,-9999.0,-9999.0,-9999.0,-9999.0,-9999.0,-9999.0,-9999.0,-9999.0,-9999.0
P13_HV1_3_interaction,active_and_state_lat_and_long_zero_last_source_row_continuous_segment,P13,HV1,3,keep_right,P13_HV1_3,P13_HV1.1.asc,HV3,60,initiator_active,15186,1,253100.0,253100.0003,3.0,3.0,28.732845,103.438243,6.0,627.943231,-5628.622576,0.054342,0.018029,0.0,28.734667,-0.002225,0.0,5628.791524,-59.070277,6.277484,1.0,0.0,0.0,0.0,5724.016641,-56.175677,1021.0,6.0,723.631412,7.0,-0.360382,39.090482,140.725735,39.089059,0.333535,-9.8e-05,-0.492372,-1.616295,2.3e-05,0.25905,0.0,0.0,1.0,0.0,0.0,0.0,-9999.0,-9999.0,-9999.0,-9999.0,-9999.0,-9999.0,-9999.0,-9999.0,-9999.0,-9999.0,-9999.0,-9999.0,-9999.0,-9999.0
P13_HV1_3_interaction,active_and_state_lat_and_long_zero_last_source_row_continuous_segment,P13,HV1,3,keep_right,P13_HV1_3,P13_HV1.1.asc,HV3,60,initiator_active,15187,1,253116.67,253116.6668,3.0,3.0,28.734103,103.442772,6.0,628.422127,-5629.101467,0.046998,0.017818,0.0,28.73551,-0.002252,0.0,5629.270431,-59.07304,6.277495,1.0,0.0,0.0,0.0,5724.668051,-56.186656,1021.0,6.0,724.28287,7.0,-0.368071,39.082028,140.695301,39.080443,0.35203,-9.7e-05,-0.49287,-1.680274,5.1e-05,0.263446,0.0,0.0,1.0,0.0,0.0,0.0,-9999.0,-9999.0,-9999.0,-9999.0,-9999.0,-9999.0,-9999.0,-9999.0,-9999.0,-9999.0,-9999.0,-9999.0,-9999.0,-9999.0
P13_HV1_3_interaction,active_and_state_lat_and_long_zero_last_source_row_continuous_segment,P13,HV1,3,keep_right,P13_HV1_3,P13_HV1.1.asc,HV3,60,initiator_active,15188,1,253133.33,253133.3337,3.0,3.0,28.73512,103.446432,6.0,628.901042,-5629.580376,0.071757,0.018477,0.0,28.736413,-0.002252,0.0,5629.749352,-59.075799,6.277505,1.0,0.0,0.0,0.0,5725.319314,-56.198077,1021.0,6.0,724.934181,7.0,-0.376203,39.073544,140.66476,39.071787,0.370548,-9.6e-05,-0.493277,-1.741012,8.4e-05,0.266586,0.0,0.0,1.0,0.0,0.0,0.0,-9999.0,-9999.0,-9999.0,-9999.0,-9999.0,-9999.0,-9999.0,-9999.0,-9999.0,-9999.0,-9999.0,-9999.0,-9999.0,-9999.0
P13_HV1_3_interaction,active_and_state_lat_and_long_zero_last_source_row_continuous_segment,P13,HV1,3,keep_right,P13_HV1_3,P13_HV1.1.asc,HV3,60,initiator_active,15189,1,253150.0,253150.0009,3.0,3.0,28.735902,103.449247,6.0,629.37997,-5630.059299,0.056013,0.017327,0.0,28.737563,-0.002245,0.0,5630.228289,-59.078554,6.277515,1.0,0.0,0.0,0.0,5725.970427,-56.209958,1021.0,6.0,725.585346,7.0,-0.384796,39.065032,140.634117,39.063095,0.389075,-9.4e-05,-0.493587,-1.798445,0.000121,0.26847,0.0,0.0,1.0,0.0,0.0,0.0,-9999.0,-9999.0,-9999.0,-9999.0,-9999.0,-9999.0,-9999.0,-9999.0,-9999.0,-9999.0,-9999.0,-9999.0,-9999.0,-9999.0
P13_HV1_3_interaction,active_and_state_lat_and_long_zero_last_source_row_continuous_segment,P13,HV1,3,keep_right,P13_HV1_3,P13_HV1.1.asc,HV3,60,initiator_active,15190,1,253166.67,253166.6674,3.0,3.0,28.737011,103.453239,6.0,629.858915,-5630.538239,0.056867,0.014695,0.0,28.738487,-0.002238,0.0,5630.707244,-59.081303,6.277525,1.0,0.0,0.0,0.0,5726.62139,-56.222315,1021.0,6.0,726.236363,7.0,-0.393866,39.056493,140.603375,39.054366,0.407576,-9.1e-05,-0.493793,-1.852462,0.000165,0.269098,0.0,0.0,1.0,0.0,0.0,0.0,-9999.0,-9999.0,-9999.0,-9999.0,-9999.0,-9999.0,-9999.0,-9999.0,-9999.0,-9999.0,-9999.0,-9999.0,-9999.0,-9999.0
P13_HV1_3_interaction,active_and_state_lat_and_long_zero_last_source_row_continuous_segment,P13,HV1,3,keep_right,P13_HV1_3,P13_HV1.1.asc,HV3,60,initiator_active,15191,1,253183.33,253183.3339,3.0,3.0,28.73803,103.456908,6.0,630.337878,-5631.017197,0.050725,0.01417,0.0,28.739408,-0.002235,0.0,5631.186215,-59.084049,6.277533,1.0,0.0,0.0,0.0,5727.272202,-56.235166,1021.0,6.0,726.887232,7.0,-0.403429,39.047928,140.572541,39.045604,0.425996,-8.8e-05,-0.493907,-1.903393,0.00022,0.267685,0.0,0.0,1.0,0.0,0.0,0.0,-9999.0,-9999.0,-9999.0,-9999.0,-9999.0,-9999.0,-9999.0,-9999.0,-9999.0,-9999.0,-9999.0,-9999.0,-9999.0,-9999.0
P13_HV1_3_interaction,active_and_state_lat_and_long_zero_last_source_row_continuous_segment,P13,HV1,3,keep_right,P13_HV1_3,P13_HV1.1.asc,HV3,60,initiator_active,15192,1,253200.0,253200.0009,3.0,3.0,28.738961,103.460258,6.0,630.816857,-5631.49617,0.028193,0.013565,0.0,28.740024,-0.002216,0.0,5631.665201,-59.08679,6.277541,1.0,0.0,0.0,0.0,5727.922861,-56.248525,1021.0,6.0,727.53795,7.0,-0.413502,39.039338,140.541617,39.03681,0.444259,-8.4e-05,-0.493949,-1.951724,0.000288,0.266429,0.0,0.0,1.0,0.0,0.0,0.0,-9999.0,-9999.0,-9999.0,-9999.0,-9999.0,-9999.0,-9999.0,-9999.0,-9999.0,-9999.0,-9999.0,-9999.0,-9999.0,-9999.0
P13_HV1_3_interaction,active_and_state_lat_and_long_zero_last_source_row_continuous_segment,P13,HV1,3,keep_right,P13_HV1_3,P13_HV1.1.asc,HV3,60,initiator_active,15193,1,253216.67,253216.6676,3.0,3.0,28.739831,103.463391,6.0,631.29585,-5631.975158,0.051289,0.011121,0.0,28.740642,-0.002185,0.0,5632.144195,-59.089528,6.277548,1.0,0.0,0.0,0.0,5728.573366,-56.262406,1021.0,6.0,728.188517,7.0,-0.424099,39.030726,140.510613,39.027988,0.462311,-7.8e-05,-0.493834,-1.994811,0.000369,0.263446,0.0,0.0,1.0,0.0,0.0,0.0,-9999.0,-9999.0,-9999.0,-9999.0,-9999.0,-9999.0,-9999.0,-9999.0,-9999.0,-9999.0,-9999.0,-9999.0,-9999.0,-9999.0
P13_HV1_3_interaction,active_and_state_lat_and_long_zero_last_source_row_continuous_segment,P13,HV1,3,keep_right,P13_HV1_3,P13_HV1.1.asc,HV3,60,initiator_active,15194,1,253233.33,253233.3335,3.0,3.0,28.740258,103.464931,6.0,631.774853,-5632.454155,0.052345,0.012732,0.0,28.741506,-0.002165,0.0,5632.623202,-59.092263,6.277554,1.0,0.0,0.0,0.0,5729.223716,-56.276825,1021.0,6.0,728.838931,7.0,-0.435233,39.022092,140.47953,39.019139,0.480022,-7.1e-05,-0.493727,-2.037404,0.000461,0.26062,0.0,0.0,1.0,0.0,0.0,0.0,-9999.0,-9999.0,-9999.0,-9999.0,-9999.0,-9999.0,-9999.0,-9999.0,-9999.0,-9999.0,-9999.0,-9999.0,-9999.0,-9999.0
P13_HV1_3_interaction,active_and_state_lat_and_long_zero_last_source_row_continuous_segment,P13,HV1,3,keep_right,P13_HV1_3,P13_HV1.1.asc,HV3,60,initiator_active,15195,1,253250.01,253250.0105,3.0,3.0,28.74107,103.467851,6.0,632.253867,-5632.933164,0.054983,0.013157,0.0,28.742408,-0.002097,0.0,5633.102223,-59.094994,6.277559,1.0,0.0,0.0,0.0,5729.87391,-56.291795,1021.0,6.0,729.489193,7.0,-0.446919,39.013436,140.448369,39.010266,0.497286,-6.3e-05,-0.493588,-2.077926,0.000566,0.25748,0.0,0.0,1.0,0.0,0.0,0.0,-9999.0,-9999.0,-9999.0,-9999.0,-9999.0,-9999.0,-9999.0,-9999.0,-9999.0,-9999.0,-9999.0,-9999.0,-9999.0,-9999.0
P13_HV1_3_interaction,active_and_state_lat_and_long_zero_last_source_row_continuous_segment,P13,HV1,3,keep_right,P13_HV1_3,P13_HV1.1.asc,HV3,60,initiator_active,15196,1,253266.67,253266.6698,3.0,3.0,28.741942,103.470993,6.0,632.732895,-5633.412187,0.055325,0.011672,0.0,28.743302,-0.002021,0.0,5633.581259,-59.097722,6.277564,1.0,0.0,0.0,0.0,5730.523947,-56.307328,1021.0,6.0,730.1393,7.0,-0.459169,39.004758,140.417131,39.001372,0.513985,-5.2e-05,-0.493469,-2.117754,0.000679,0.254654,0.0,0.0,1.0,0.0,0.0,0.0,-9999.0,-9999.0,-9999.0,-9999.0,-9999.0,-9999.0,-9999.0,-9999.0,-9999.0,-9999.0,-9999.0,-9999.0,-9999.0,-9999.0
P13_HV1_3_interaction,active_and_state_lat_and_long_zero_last_source_row_continuous_segment,P13,HV1,3,keep_right,P13_HV1_3,P13_HV1.1.asc,HV3,60,initiator_active,15197,1,253283.33,253283.3336,3.0,3.0,28.742867,103.47432,6.0,633.211939,-5633.891226,0.044905,0.011616,0.0,28.744185,-0.001933,0.0,5634.06031,-59.100447,6.277567,1.0,0.0,0.0,0.0,5731.173826,-56.323437,1021.0,6.0,730.789252,7.0,-0.471996,38.996058,140.38581,38.992456,0.529996,-4e-05,-0.493427,-2.158255,0.000794,0.25277,0.0,0.0,1.0,0.0,0.0,0.0,-9999.0,-9999.0,-9999.0,-9999.0,-9999.0,-9999.0,-9999.0,-9999.0,-9999.0,-9999.0,-9999.0,-9999.0,-9999.0,-9999.0
P13_HV1_3_interaction,active_and_state_lat_and_long_zero_last_source_row_continuous_segment,P13,HV1,3,keep_right,P13_HV1_3,P13_HV1.1.asc,HV3,60,initiator_active,15198,1,253300.01,253300.0095,3.0,3.0,28.743763,103.477549,6.0,633.690998,-5634.370279,0.054459,0.011224,0.0,28.744955,-0.00183,0.0,5634.539375,-59.103169,6.277571,1.0,0.0,0.0,0.0,5731.823545,-56.340134,1021.0,6.0,731.439047,7.0,-0.485412,38.987335,140.354406,38.983522,0.545251,-2.6e-05,-0.493391,-2.197114,0.000904,0.251043,0.0,0.0,1.0,0.0,0.0,0.0,-9999.0,-9999.0,-9999.0,-9999.0,-9999.0,-9999.0,-9999.0,-9999.0,-9999.0,-9999.0,-9999.0,-9999.0,-9999.0,-9999.0
P13_HV1_3_interaction,active_and_state_lat_and_long_zero_last_source_row_continuous_segment,P13,HV1,3,keep_right,P13_HV1_3,P13_HV1.1.asc,HV3,60,initiator_active,15199,1,253316.67,253316.6673,3.0,3.0,28.744559,103.480413,6.0,634.170071,-5634.849346,0.055485,0.01066,0.0,28.745896,-0.001722,0.0,5635.018454,-59.105888,6.277573,1.0,0.0,0.0,0.0,5732.473103,-56.357432,1021.0,6.0,732.088684,7.0,-0.499429,38.97859,140.322925,38.974572,0.559711,-1e-05,-0.493315,-2.232951,0.000997,0.249002,0.0,0.0,1.0,0.0,0.0,0.0,-9999.0,-9999.0,-9999.0,-9999.0,-9999.0,-9999.0,-9999.0,-9999.0,-9999.0,-9999.0,-9999.0,-9999.0,-9999.0,-9999.0
P13_HV1_3_interaction,active_and_state_lat_and_long_zero_last_source_row_continuous_segment,P13,HV1,3,keep_right,P13_HV1_3,P13_HV1.1.asc,HV3,60,initiator_active,15200,1,253333.33,253333.3341,3.0,3.0,28.745408,103.48347,6.0,634.649157,-5635.328427,0.058305,0.008863,0.0,28.746826,-0.001626,0.0,5635.497548,-59.108605,6.277575,1.0,0.0,0.0,0.0,5733.122499,-56.375341,1021.0,6.0,732.738163,7.0,-0.514059,38.969825,140.29137,38.965607,0.573329,7e-06,-0.493241,-2.266912,0.001067,0.247118,0.0,0.0,1.0,0.0,0.0,0.0,-9999.0,-9999.0,-9999.0,-9999.0,-9999.0,-9999.0,-9999.0,-9999.0,-9999.0,-9999.0,-9999.0,-9999.0,-9999.0,-9999.0
P13_HV1_3_interaction,active_and_state_lat_and_long_zero_last_source_row_continuous_segment,P13,HV1,3,keep_right,P13_HV1_3,P13_HV1.1.asc,HV3,60,initiator_active,15201,1,253350.0,253350.0,3.0,3.0,28.746358,103.486891,6.0,635.128259,-5635.807524,0.054834,0.008792,0.0,28.747801,-0.001528,0.0,5635.976658,-59.111319,6.277576,1.0,0.0,0.0,0.0,5733.771732,-56.393872,1021.0,6.0,733.387481,7.0,-0.529311,38.96104,140.259746,38.956632,0.586076,2.6e-05,-0.49314,-2.298071,0.001114,0.245077,0.0,0.0,1.0,0.0,0.0,0.0,-9999.0,-9999.0,-9999.0,-9999.0,-9999.0,-9999.0,-9999.0,-9999.0,-9999.0,-9999.0,-9999.0,-9999.0,-9999.0,-9999.0
P13_HV1_3_interaction,active_and_state_lat_and_long_zero_last_source_row_continuous_segment,P13,HV1,3,keep_right,P13_HV1_3,P13_HV1.1.asc,HV3,60,initiator_active,15202,1,253366.67,253366.6676,3.0,3.0,28.747312,103.490322,6.0,635.607377,-5636.286636,0.039868,0.006794,0.0,28.748655,-0.001421,0.0,5636.455784,-59.114031,6.277576,1.0,0.0,0.0,0.0,5734.4208,-56.413034,1021.0,6.0,734.036637,7.0,-0.545195,38.952239,140.228062,38.94765,0.59795,4.4e-05,-0.492954,-2.324723,0.001139,0.242251,0.0,0.0,1.0,0.0,0.0,0.0,-9999.0,-9999.0,-9999.0,-9999.0,-9999.0,-9999.0,-9999.0,-9999.0,-9999.0,-9999.0,-9999.0,-9999.0,-9999.0,-9999.0
P13_HV1_3_interaction,active_and_state_lat_and_long_zero_last_source_row_continuous_segment,P13,HV1,3,keep_right,P13_HV1_3,P13_HV1.1.asc,HV3,60,initiator_active,15203,1,253383.33,253383.3344,3.0,3.0,28.748258,103.49373,6.0,636.086511,-5636.765764,0.047249,0.007087,0.0,28.749288,-0.001334,0.0,5636.934924,-59.116742,6.277576,1.0,0.0,0.0,0.0,5735.069702,-56.432836,1021.0,6.0,734.685631,7.0,-0.561719,38.943424,140.196325,38.938663,0.608919,6.3e-05,-0.492753,-2.348902,0.001145,0.239425,0.0,0.0,1.0,0.0,0.0,0.0,-9999.0,-9999.0,-9999.0,-9999.0,-9999.0,-9999.0,-9999.0,-9999.0,-9999.0,-9999.0,-9999.0,-9999.0,-9999.0,-9999.0
P13_HV1_3_interaction,active_and_state_lat_and_long_zero_last_source_row_continuous_segment,P13,HV1,3,keep_right,P13_HV1_3,P13_HV1.1.asc,HV3,60,initiator_active,15204,1,253400.0,253400.001,3.0,3.0,28.748988,103.496356,6.0,636.565657,-5637.244905,0.055736,0.006973,0.0,28.750158,-0.001234,0.0,5637.414074,-59.119451,6.277576,1.0,0.0,0.0,0.0,5735.718438,-56.453285,1021.0,6.0,735.334461,7.0,-0.578893,38.934597,140.164548,38.929676,0.618987,8.2e-05,-0.492453,-2.368066,0.001138,0.235657,0.0,0.0,1.0,0.0,0.0,0.0,-9999.0,-9999.0,-9999.0,-9999.0,-9999.0,-9999.0,-9999.0,-9999.0,-9999.0,-9999.0,-9999.0,-9999.0,-9999.0,-9999.0
P13_HV1_3_interaction,active_and_state_lat_and_long_zero_last_source_row_continuous_segment,P13,HV1,3,keep_right,P13_HV1_3,P13_HV1.1.asc,HV3,60,initiator_active,15205,1,253416.67,253416.667,3.0,3.0,28.749682,103.498855,6.0,637.044815,-5637.724058,0.058733,0.0066,0.0,28.751094,-0.001129,0.0,5637.89324,-59.122159,6.277576,1.0,0.0,0.0,0.0,5736.367005,-56.474389,1021.0,6.0,735.983127,7.0,-0.596721,38.925761,140.132741,38.920693,0.628145,0.000101,-0.492067,-2.382614,0.001121,0.231104,0.0,0.0,1.0,0.0,0.0,0.0,-9999.0,-9999.0,-9999.0,-9999.0,-9999.0,-9999.0,-9999.0,-9999.0,-9999.0,-9999.0,-9999.0,-9999.0,-9999.0,-9999.0
P13_HV1_3_interaction,active_and_state_lat_and_long_zero_last_source_row_continuous_segment,P13,HV1,3,keep_right,P13_HV1_3,P13_HV1.1.asc,HV3,60,initiator_active,15206,1,253433.33,253433.3342,3.0,3.0,28.750623,103.502242,6.0,637.523989,-5638.203225,0.051868,0.004444,0.0,28.752044,-0.001027,0.0,5638.372421,-59.124865,6.277576,1.0,0.0,0.0,0.0,5737.015403,-56.496152,1021.0,6.0,736.631626,7.0,-0.61521,38.916922,140.100918,38.911718,0.636379,0.000119,-0.491598,-2.392501,0.0011,0.225766,0.0,0.0,1.0,0.0,0.0,0.0,-9999.0,-9999.0,-9999.0,-9999.0,-9999.0,-9999.0,-9999.0,-9999.0,-9999.0,-9999.0,-9999.0,-9999.0,-9999.0,-9999.0
P13_HV1_3_interaction,active_and_state_lat_and_long_zero_last_source_row_continuous_segment,P13,HV1,3,keep_right,P13_HV1_3,P13_HV1.1.asc,HV3,60,initiator_active,15207,1,253450.0,253450.0008,3.0,3.0,28.751584,103.505702,6.0,638.003177,-5638.682409,0.054721,0.004736,0.0,28.752901,-0.000952,0.0,5638.851618,-59.12757,6.277576,1.0,0.0,0.0,0.0,5737.663631,-56.518579,1021.0,6.0,737.279959,7.0,-0.634362,38.908082,140.069095,38.902757,0.643688,0.000137,-0.490992,-2.39603,0.001076,0.219015,0.0,0.0,1.0,0.0,0.0,0.0,-9999.0,-9999.0,-9999.0,-9999.0,-9999.0,-9999.0,-9999.0,-9999.0,-9999.0,-9999.0,-9999.0,-9999.0,-9999.0,-9999.0
P13_HV1_3_interaction,active_and_state_lat_and_long_zero_last_source_row_continuous_segment,P13,HV1,3,keep_right,P13_HV1_3,P13_HV1.1.asc,HV3,60,initiator_active,15208,1,253466.67,253466.6679,3.0,3.0,28.752476,103.508914,6.0,638.482382,-5639.161608,0.058644,0.004695,0.0,28.75384,-0.000867,0.0,5639.330829,-59.130273,6.277576,1.0,0.0,0.0,0.0,5738.311688,-56.541672,1021.0,6.0,737.928125,7.0,-0.654183,38.899245,140.037283,38.893814,0.650029,0.000154,-0.490338,-2.395614,0.001054,0.211793,0.0,0.0,1.0,0.0,0.0,0.0,-9999.0,-9999.0,-9999.0,-9999.0,-9999.0,-9999.0,-9999.0,-9999.0,-9999.0,-9999.0,-9999.0,-9999.0,-9999.0,-9999.0
P13_HV1_3_interaction,active_and_state_lat_and_long_zero_last_source_row_continuous_segment,P13,HV1,3,keep_right,P13_HV1_3,P13_HV1.1.asc,HV3,60,initiator_active,15209,1,253483.33,253483.3341,3.0,3.0,28.753357,103.512085,6.0,638.9616,-5639.640821,0.047555,0.002727,0.0,28.754785,-0.000779,0.0,5639.810056,-59.132975,6.277576,1.0,0.0,0.0,0.0,5738.959573,-56.565433,1021.0,6.0,738.576122,7.0,-0.674671,38.890416,140.005499,38.884894,0.65538,0.000171,-0.489572,-2.389085,0.001037,0.203315,0.0,0.0,1.0,0.0,0.0,0.0,-9999.0,-9999.0,-9999.0,-9999.0,-9999.0,-9999.0,-9999.0,-9999.0,-9999.0,-9999.0,-9999.0,-9999.0,-9999.0,-9999.0
P13_HV1_3_interaction,active_and_state_lat_and_long_zero_last_source_row_continuous_segment,P13,HV1,3,keep_right,P13_HV1_3,P13_HV1.1.asc,HV3,60,initiator_active,15210,1,253500.0,253500.001,3.0,3.0,28.754328,103.515582,6.0,639.440835,-5640.12005,0.016095,0.003123,0.0,28.755191,-0.000717,0.0,5640.289298,-59.135676,6.277576,1.0,0.0,0.0,0.0,5739.607286,-56.589861,1021.0,6.0,739.22395,7.0,-0.695828,38.8816,139.97376,38.876003,0.659724,0.000188,-0.488674,-2.375556,0.001023,0.193267,0.0,0.0,1.0,0.0,0.0,0.0,-9999.0,-9999.0,-9999.0,-9999.0,-9999.0,-9999.0,-9999.0,-9999.0,-9999.0,-9999.0,-9999.0,-9999.0,-9999.0,-9999.0
P13_HV1_3_interaction,active_and_state_lat_and_long_zero_last_source_row_continuous_segment,P13,HV1,3,keep_right,P13_HV1_3,P13_HV1.1.asc,HV3,60,initiator_active,15211,1,253516.67,253516.6671,3.0,3.0,28.755181,103.518652,6.0,639.920085,-5640.599294,0.045941,0.003147,0.0,28.75568,-0.000645,0.0,5640.768545,-59.138376,6.277576,1.0,0.0,0.0,0.0,5740.254827,-56.614956,1021.0,6.0,739.871609,7.0,-0.717653,38.872798,139.942074,38.867145,0.662966,0.000205,-0.487811,-2.359812,0.001015,0.183533,0.0,0.0,1.0,0.0,0.0,0.0,-9999.0,-9999.0,-9999.0,-9999.0,-9999.0,-9999.0,-9999.0,-9999.0,-9999.0,-9999.0,-9999.0,-9999.0,-9999.0,-9999.0
P13_HV1_3_interaction,active_and_state_lat_and_long_zero_last_source_row_continuous_segment,P13,HV1,3,keep_right,P13_HV1_3,P13_HV1.1.asc,HV3,60,initiator_active,15212,1,253533.33,253533.3344,3.0,3.0,28.755325,103.51917,6.0,640.399339,-5641.078543,0.053093,0.002926,0.0,28.756481,-0.00057,0.0,5641.247802,-59.141074,6.277576,1.0,0.0,0.0,0.0,5740.902194,-56.640714,1021.0,6.0,740.519098,7.0,-0.740141,38.864015,139.910452,38.858324,0.665065,0.000221,-0.486883,-2.338383,0.001016,0.172857,0.0,0.0,1.0,0.0,0.0,0.0,-9999.0,-9999.0,-9999.0,-9999.0,-9999.0,-9999.0,-9999.0,-9999.0,-9999.0,-9999.0,-9999.0,-9999.0,-9999.0,-9999.0
P13_HV1_3_interaction,active_and_state_lat_and_long_zero_last_source_row_continuous_segment,P13,HV1,3,keep_right,P13_HV1_3,P13_HV1.1.asc,HV3,60,initiator_active,15213,1,253550.0,253550.0008,3.0,3.0,28.756063,103.521827,6.0,640.878603,-5641.557801,0.060084,0.001417,0.0,28.757401,-0.000513,0.0,5641.727072,-59.143772,6.277576,1.0,0.0,0.0,0.0,5741.549388,-56.667132,1021.0,6.0,741.166417,7.0,-0.763291,38.855252,139.878906,38.849544,0.665967,0.000238,-0.485933,-2.312378,0.00102,0.16171,0.0,0.0,1.0,0.0,0.0,0.0,-9999.0,-9999.0,-9999.0,-9999.0,-9999.0,-9999.0,-9999.0,-9999.0,-9999.0,-9999.0,-9999.0,-9999.0,-9999.0,-9999.0
P13_HV1_3_interaction,active_and_state_lat_and_long_zero_last_source_row_continuous_segment,P13,HV1,3,keep_right,P13_HV1_3,P13_HV1.1.asc,HV3,60,initiator_active,15214,1,253566.67,253566.667,3.0,3.0,28.756924,103.524926,6.0,641.357882,-5642.037074,0.052948,0.001607,0.0,28.758372,-0.000459,0.0,5642.206359,-59.146468,6.277576,1.0,0.0,0.0,0.0,5742.196408,-56.694204,1021.0,6.0,741.813566,7.0,-0.787095,38.846512,139.847443,38.840809,0.665601,0.000254,-0.485014,-2.283267,0.001025,0.15072,0.0,0.0,1.0,0.0,0.0,0.0,-9999.0,-9999.0,-9999.0,-9999.0,-9999.0,-9999.0,-9999.0,-9999.0,-9999.0,-9999.0,-9999.0,-9999.0,-9999.0,-9999.0
P13_HV1_3_interaction,active_and_state_lat_and_long_zero_last_source_row_continuous_segment,P13,HV1,3,keep_right,P13_HV1_3,P13_HV1.1.asc,HV3,60,initiator_active,15215,1,253583.33,253583.3336,3.0,3.0,28.757902,103.528446,6.0,641.837176,-5642.516363,0.051639,-0.000142,0.0,28.759246,-0.0004,0.0,5642.685661,-59.149164,6.277576,1.0,0.0,0.0,0.0,5742.843255,-56.721925,1021.0,6.0,742.460545,7.0,-0.811549,38.837796,139.816065,38.832121,0.663894,0.000271,-0.484162,-2.252094,0.001031,0.140358,0.0,0.0,1.0,0.0,0.0,0.0,-9999.0,-9999.0,-9999.0,-9999.0,-9999.0,-9999.0,-9999.0,-9999.0,-9999.0,-9999.0,-9999.0,-9999.0,-9999.0,-9999.0
P13_HV1_3_interaction,active_and_state_lat_and_long_zero_last_source_row_continuous_segment,P13,HV1,3,keep_right,P13_HV1_3,P13_HV1.1.asc,HV3,60,initiator_active,15216,1,253600.0,253600.001,3.0,3.0,28.758814,103.531729,6.0,642.316485,-5642.995667,0.057934,0.000398,0.0,28.760171,-0.000362,0.0,5643.164978,-59.151859,6.277576,1.0,0.0,0.0,0.0,5743.489928,-56.750286,1021.0,6.0,743.107353,7.0,-0.836644,38.829106,139.784782,38.823482,0.660833,0.000288,-0.483295,-2.215914,0.001034,0.129525,0.0,0.0,1.0,0.0,0.0,0.0,-9999.0,-9999.0,-9999.0,-9999.0,-9999.0,-9999.0,-9999.0,-9999.0,-9999.0,-9999.0,-9999.0,-9999.0,-9999.0,-9999.0
P13_HV1_3_interaction,active_and_state_lat_and_long_zero_last_source_row_continuous_segment,P13,HV1,3,keep_right,P13_HV1_3,P13_HV1.1.asc,HV3,60,initiator_active,15217,1,253616.67,253616.6673,3.0,3.0,28.759676,103.534835,6.0,642.79581,-5643.474986,0.051454,-0.001165,0.0,28.761094,-0.000312,0.0,5643.644311,-59.154554,6.277576,1.0,0.0,0.0,0.0,5744.136428,-56.77928,1021.0,6.0,743.75399,7.0,-0.862372,38.820443,139.753594,38.814894,0.656352,0.000305,-0.482545,-2.179503,0.001028,0.120105,0.0,0.0,1.0,0.0,0.0,0.0,-9999.0,-9999.0,-9999.0,-9999.0,-9999.0,-9999.0,-9999.0,-9999.0,-9999.0,-9999.0,-9999.0,-9999.0,-9999.0,-9999.0
P13_HV1_3_interaction,active_and_state_lat_and_long_zero_last_source_row_continuous_segment,P13,HV1,3,keep_right,P13_HV1_3,P13_HV1.1.asc,HV3,60,initiator_active,15218,1,253633.33,253633.3343,3.0,3.0,28.760654,103.538353,6.0,643.27515,-5643.95432,0.083324,-0.002237,0.0,28.762238,-0.00028,0.0,5644.123658,-59.157248,6.277576,1.0,0.0,0.0,0.0,5744.782754,-56.808897,1021.0,6.0,744.400458,7.0,-0.888725,38.811808,139.722508,38.806357,0.65047,0.000321,-0.481782,-2.137962,0.001002,0.110214,0.0,0.0,1.0,0.0,0.0,0.0,-9999.0,-9999.0,-9999.0,-9999.0,-9999.0,-9999.0,-9999.0,-9999.0,-9999.0,-9999.0,-9999.0,-9999.0,-9999.0,-9999.0
P13_HV1_3_interaction,active_and_state_lat_and_long_zero_last_source_row_continuous_segment,P13,HV1,3,keep_right,P13_HV1_3,P13_HV1.1.asc,HV3,60,initiator_active,15219,1,253650.0,253650.0001,3.0,3.0,28.761523,103.541483,6.0,643.754505,-5644.43367,0.050918,-0.004218,0.0,28.763432,-0.00027,0.0,5644.603027,-59.159942,6.277574,1.0,0.0,0.0,0.0,5745.428907,-56.839127,1021.0,6.0,745.046756,7.0,-0.915692,38.803202,139.691528,38.797872,0.643172,0.000337,-0.481097,-2.09495,0.000916,0.101265,0.0,0.0,1.0,0.0,0.0,0.0,-9999.0,-9999.0,-9999.0,-9999.0,-9999.0,-9999.0,-9999.0,-9999.0,-9999.0,-9999.0,-9999.0,-9999.0,-9999.0,-9999.0
P13_HV1_3_interaction,active_and_state_lat_and_long_zero_last_source_row_continuous_segment,P13,HV1,3,keep_right,P13_HV1_3,P13_HV1.1.asc,HV3,60,initiator_active,15220,1,253666.67,253666.6674,3.0,3.0,28.762932,103.546556,6.0,644.233881,-5644.91304,0.048946,-0.004396,0.0,28.764264,-0.000258,0.0,5645.082414,-59.162638,6.277571,1.0,0.0,0.0,0.0,5746.074888,-56.869959,1021.0,6.0,745.692884,7.0,-0.943261,38.794627,139.660656,38.789438,0.634476,0.00035,-0.480457,-2.049273,0.00071,0.092787,0.0,0.0,1.0,0.0,0.0,0.0,-9999.0,-9999.0,-9999.0,-9999.0,-9999.0,-9999.0,-9999.0,-9999.0,-9999.0,-9999.0,-9999.0,-9999.0,-9999.0,-9999.0
P13_HV1_3_interaction,active_and_state_lat_and_long_zero_last_source_row_continuous_segment,P13,HV1,3,keep_right,P13_HV1_3,P13_HV1.1.asc,HV3,60,initiator_active,15221,1,253683.34,253683.3426,3.0,3.0,28.763856,103.549883,6.0,644.713275,-5645.392429,0.049745,-0.006537,0.0,28.765083,-0.000234,0.0,5645.561814,-59.165335,6.277568,1.0,0.0,0.0,0.0,5746.720697,-56.901381,1021.0,6.0,746.338843,7.0,-0.971421,38.786081,139.629893,38.781055,0.62439,0.000359,-0.479904,-2.002985,0.00043,0.085565,0.0,0.0,1.0,0.0,0.0,0.0,-9999.0,-9999.0,-9999.0,-9999.0,-9999.0,-9999.0,-9999.0,-9999.0,-9999.0,-9999.0,-9999.0,-9999.0,-9999.0,-9999.0
P13_HV1_3_interaction,active_and_state_lat_and_long_zero_last_source_row_continuous_segment,P13,HV1,3,keep_right,P13_HV1_3,P13_HV1.1.asc,HV3,60,initiator_active,15222,1,253700.0,253700.0005,3.0,3.0,28.764672,103.552819,6.0,645.192683,-5645.871831,0.050169,-0.007654,0.0,28.765915,-0.000237,0.0,5646.041228,-59.168033,6.277564,1.0,0.0,0.0,0.0,5747.366334,-56.933379,1021.0,6.0,746.984634,7.0,-1.000159,38.777567,139.599241,38.772722,0.612984,0.000362,-0.479363,-1.953013,1.1e-05,0.078343,0.0,0.0,1.0,0.0,0.0,0.0,-9999.0,-9999.0,-9999.0,-9999.0,-9999.0,-9999.0,-9999.0,-9999.0,-9999.0,-9999.0,-9999.0,-9999.0,-9999.0,-9999.0
P13_HV1_3_interaction,active_and_state_lat_and_long_zero_last_source_row_continuous_segment,P13,HV1,3,keep_right,P13_HV1_3,P13_HV1.1.asc,HV3,60,initiator_active,15223,1,253716.67,253716.6673,3.0,3.0,28.765498,103.555792,6.0,645.672104,-5646.351247,0.050306,-0.008749,0.0,28.766752,-0.00023,0.0,5646.520655,-59.170734,6.277559,1.0,0.0,0.0,0.0,5748.0118,-56.965941,1021.0,6.0,747.630256,7.0,-1.029461,38.769084,139.568701,38.764436,0.600303,0.000358,-0.478893,-1.90234,-0.000423,0.07222,0.0,0.0,1.0,0.0,0.0,0.0,-9999.0,-9999.0,-9999.0,-9999.0,-9999.0,-9999.0,-9999.0,-9999.0,-9999.0,-9999.0,-9999.0,-9999.0,-9999.0,-9999.0
P13_HV1_3_interaction,active_and_state_lat_and_long_zero_last_source_row_continuous_segment,P13,HV1,3,keep_right,P13_HV1_3,P13_HV1.1.asc,HV3,60,initiator_active,15224,1,253733.33,253733.3338,3.0,3.0,28.766333,103.558798,6.0,646.15154,-5646.830676,0.050338,-0.008255,0.0,28.76759,-0.000212,0.0,5647.000097,-59.173437,6.277553,1.0,0.0,0.0,0.0,5748.657097,-56.999053,1021.0,6.0,748.275712,7.0,-1.059313,38.760633,139.538277,38.756196,0.586447,0.000347,-0.478418,-1.84759,-0.00086,0.065783,0.0,0.0,1.0,0.0,0.0,0.0,-9999.0,-9999.0,-9999.0,-9999.0,-9999.0,-9999.0,-9999.0,-9999.0,-9999.0,-9999.0,-9999.0,-9999.0,-9999.0,-9999.0
P13_HV1_3_interaction,active_and_state_lat_and_long_zero_last_source_row_continuous_segment,P13,HV1,3,keep_right,P13_HV1_3,P13_HV1.1.asc,HV3,60,initiator_active,15225,1,253750.0,253750.0012,3.0,3.0,28.767171,103.561815,6.0,646.630989,-5647.31012,0.058049,-0.007447,0.0,28.768429,-0.000144,0.0,5647.479553,-59.176143,6.277546,1.0,0.0,0.0,0.0,5749.302224,-57.032698,1021.0,6.0,748.921001,7.0,-1.0897,38.752215,139.507973,38.748,0.571507,0.000329,-0.477956,-1.78983,-0.001251,0.059346,0.0,0.0,1.0,0.0,0.0,0.0,-9999.0,-9999.0,-9999.0,-9999.0,-9999.0,-9999.0,-9999.0,-9999.0,-9999.0,-9999.0,-9999.0,-9999.0,-9999.0,-9999.0
P13_HV1_3_interaction,active_and_state_lat_and_long_zero_last_source_row_continuous_segment,P13,HV1,3,keep_right,P13_HV1_3,P13_HV1.1.asc,HV3,60,initiator_active,15226,1,253766.67,253766.6679,3.0,3.0,28.76801,103.564835,6.0,647.110452,-5647.789578,0.057894,-0.008842,0.0,28.769449,-6e-05,0.0,5647.959023,-59.178852,6.277539,1.0,0.0,0.0,0.0,5749.947183,-57.066861,1021.0,6.0,749.566124,7.0,-1.120605,38.743831,139.477793,38.739848,0.555581,0.000305,-0.477494,-1.728515,-0.001579,0.052595,0.0,0.0,1.0,0.0,0.0,0.0,-9999.0,-9999.0,-9999.0,-9999.0,-9999.0,-9999.0,-9999.0,-9999.0,-9999.0,-9999.0,-9999.0,-9999.0,-9999.0,-9999.0
P13_HV1_3_interaction,active_and_state_lat_and_long_zero_last_source_row_continuous_segment,P13,HV1,3,keep_right,P13_HV1_3,P13_HV1.1.asc,HV3,60,initiator_active,15227,1,253783.34,253783.3386,3.0,3.0,28.768913,103.568086,6.0,647.58993,-5648.26905,0.046533,-0.008967,0.0,28.770328,3.8e-05,0.0,5648.43851,-59.181563,6.27753,1.0,0.0,0.0,0.0,5750.591975,-57.101524,1021.0,6.0,750.211083,7.0,-1.152012,38.735482,139.447734,38.731735,0.538733,0.000276,-0.47707,-1.665844,-0.001842,0.046315,0.0,0.0,1.0,0.0,0.0,0.0,-9999.0,-9999.0,-9999.0,-9999.0,-9999.0,-9999.0,-9999.0,-9999.0,-9999.0,-9999.0,-9999.0,-9999.0,-9999.0,-9999.0
P13_HV1_3_interaction,active_and_state_lat_and_long_zero_last_source_row_continuous_segment,P13,HV1,3,keep_right,P13_HV1_3,P13_HV1.1.asc,HV3,60,initiator_active,15228,1,253800.0,253800.001,3.0,3.0,28.769932,103.571754,6.0,648.069425,-5648.748539,0.037443,-0.007772,0.0,28.771155,0.00015,0.0,5648.918011,-59.184277,6.277521,1.0,0.0,0.0,0.0,5751.236601,-57.136671,1021.0,6.0,750.855878,7.0,-1.183903,38.727167,139.417801,38.723661,0.521076,0.000243,-0.476624,-1.598479,-0.002047,0.039093,0.0,0.0,1.0,0.0,0.0,0.0,-9999.0,-9999.0,-9999.0,-9999.0,-9999.0,-9999.0,-9999.0,-9999.0,-9999.0,-9999.0,-9999.0,-9999.0,-9999.0,-9999.0
P13_HV1_3_interaction,active_and_state_lat_and_long_zero_last_source_row_continuous_segment,P13,HV1,3,keep_right,P13_HV1_3,P13_HV1.1.asc,HV3,60,initiator_active,15229,1,253816.67,253816.667,3.0,3.0,28.770716,103.574576,6.0,648.548933,-5649.228042,0.038888,-0.009193,0.0,28.771655,0.000291,0.0,5649.397525,-59.186993,6.277511,1.0,0.0,0.0,0.0,5751.881062,-57.172282,1021.0,6.0,751.500511,7.0,-1.216259,38.718886,139.38799,38.715623,0.502658,0.000208,-0.47623,-1.530983,-0.0022,0.032656,0.0,0.0,1.0,0.0,0.0,0.0,-9999.0,-9999.0,-9999.0,-9999.0,-9999.0,-9999.0,-9999.0,-9999.0,-9999.0,-9999.0,-9999.0,-9999.0,-9999.0,-9999.0
P13_HV1_3_interaction,active_and_state_lat_and_long_zero_last_source_row_continuous_segment,P13,HV1,3,keep_right,P13_HV1_3,P13_HV1.1.asc,HV3,60,initiator_active,15230,1,253833.35,253833.3492,3.0,3.0,28.771467,103.57728,6.0,649.028455,-5649.707559,0.055966,-0.010263,0.0,28.772405,0.000418,0.0,5649.877048,-59.189712,6.277501,1.0,0.0,0.0,0.0,5752.52536,-57.208338,1021.0,6.0,752.144983,7.0,-1.249062,38.710639,139.358302,38.707619,0.483586,0.00017,-0.475816,-1.458809,-0.002308,0.02512,0.0,0.0,1.0,0.0,0.0,0.0,-9999.0,-9999.0,-9999.0,-9999.0,-9999.0,-9999.0,-9999.0,-9999.0,-9999.0,-9999.0,-9999.0,-9999.0,-9999.0,-9999.0
P13_HV1_3_interaction,active_and_state_lat_and_long_zero_last_source_row_continuous_segment,P13,HV1,3,keep_right,P13_HV1_3,P13_HV1.1.asc,HV3,60,initiator_active,15231,1,253850.0,253850.0009,3.0,3.0,28.77198,103.579126,6.0,649.507985,-5650.187083,0.059244,-0.009328,0.0,28.773363,0.000536,0.0,5650.356584,-59.192434,6.277491,1.0,0.0,0.0,0.0,5753.169496,-57.24482,1021.0,6.0,752.789295,7.0,-1.28229,38.702427,139.328738,38.699646,0.463936,0.000131,-0.475411,-1.383776,-0.002374,0.017113,0.0,0.0,1.0,0.0,0.0,0.0,-9999.0,-9999.0,-9999.0,-9999.0,-9999.0,-9999.0,-9999.0,-9999.0,-9999.0,-9999.0,-9999.0,-9999.0,-9999.0,-9999.0
P13_HV1_3_interaction,active_and_state_lat_and_long_zero_last_source_row_continuous_segment,P13,HV1,3,keep_right,P13_HV1_3,P13_HV1.1.asc,HV3,60,initiator_active,15232,1,253866.67,253866.6672,3.0,3.0,28.772872,103.582339,6.0,649.987529,-5650.666622,0.051442,-0.008974,0.0,28.774315,0.00067,0.0,5650.836137,-59.195159,6.277481,1.0,0.0,0.0,0.0,5753.813472,-57.281706,1021.0,6.0,753.433448,7.0,-1.315923,38.694248,139.299294,38.691704,0.443766,9.2e-05,-0.475025,-1.306442,-0.002404,0.008792,0.0,0.0,1.0,0.0,0.0,0.0,-9999.0,-9999.0,-9999.0,-9999.0,-9999.0,-9999.0,-9999.0,-9999.0,-9999.0,-9999.0,-9999.0,-9999.0,-9999.0,-9999.0
P13_HV1_3_interaction,active_and_state_lat_and_long_zero_last_source_row_continuous_segment,P13,HV1,3,keep_right,P13_HV1_3,P13_HV1.1.asc,HV3,60,initiator_active,15233,1,253883.33,253883.3342,3.0,3.0,28.773857,103.585885,6.0,650.467089,-5651.146177,0.050356,-0.00892,0.0,28.775165,0.000807,0.0,5651.315704,-59.197887,6.277471,1.0,0.0,0.0,0.0,5754.457289,-57.318975,1021.0,6.0,754.077445,7.0,-1.349941,38.686102,139.269966,38.683788,0.423117,5.2e-05,-0.474673,-1.227718,-0.002404,0.000471,0.0,0.0,1.0,0.0,0.0,0.0,-9999.0,-9999.0,-9999.0,-9999.0,-9999.0,-9999.0,-9999.0,-9999.0,-9999.0,-9999.0,-9999.0,-9999.0,-9999.0,-9999.0
P13_HV1_3_interaction,active_and_state_lat_and_long_zero_last_source_row_continuous_segment,P13,HV1,3,keep_right,P13_HV1_3,P13_HV1.1.asc,HV3,60,initiator_active,15234,1,253900.0,253900.0006,3.0,3.0,28.774744,103.589078,6.0,650.946664,-5651.625747,0.050551,-0.00773,0.0,28.776005,0.00095,0.0,5651.795286,-59.200617,6.277461,1.0,0.0,0.0,0.0,5755.100948,-57.356606,1021.0,6.0,754.721286,7.0,-1.38432,38.677987,139.240753,38.675897,0.402073,1.2e-05,-0.474317,-1.144192,-0.002377,-0.009263,0.0,0.0,1.0,0.0,0.0,0.0,-9999.0,-9999.0,-9999.0,-9999.0,-9999.0,-9999.0,-9999.0,-9999.0,-9999.0,-9999.0,-9999.0,-9999.0,-9999.0,-9999.0
P13_HV1_3_interaction,active_and_state_lat_and_long_zero_last_source_row_continuous_segment,P13,HV1,3,keep_right,P13_HV1_3,P13_HV1.1.asc,HV3,60,initiator_active,15235,1,253916.67,253916.6667,3.0,3.0,28.775584,103.592104,6.0,651.426254,-5652.105331,0.051419,-0.006498,0.0,28.776816,0.00108,0.0,5652.274882,-59.203349,6.277451,1.0,0.0,0.0,0.0,5755.744452,-57.394575,1021.0,6.0,755.364973,7.0,-1.419039,38.669902,139.211648,38.668029,0.380655,-2.7e-05,-0.474002,-1.059453,-0.002325,-0.018997,0.0,0.0,1.0,0.0,0.0,0.0,-9999.0,-9999.0,-9999.0,-9999.0,-9999.0,-9999.0,-9999.0,-9999.0,-9999.0,-9999.0,-9999.0,-9999.0,-9999.0,-9999.0
P13_HV1_3_interaction,active_and_state_lat_and_long_zero_last_source_row_continuous_segment,P13,HV1,3,keep_right,P13_HV1_3,P13_HV1.1.asc,HV3,60,initiator_active,15236,1,253933.33,253933.334,3.0,3.0,28.776426,103.595133,6.0,651.905857,-5652.584929,0.051522,-0.009044,0.0,28.777688,0.001207,0.0,5652.754491,-59.206084,6.277443,1.0,0.0,0.0,0.0,5756.387801,-57.432859,1021.0,6.0,756.008508,7.0,-1.454074,38.661847,139.182649,38.660181,0.358931,-6.4e-05,-0.473699,-0.969262,-0.002251,-0.030458,0.0,0.0,1.0,0.0,0.0,0.0,-9999.0,-9999.0,-9999.0,-9999.0,-9999.0,-9999.0,-9999.0,-9999.0,-9999.0,-9999.0,-9999.0,-9999.0,-9999.0,-9999.0
P13_HV1_3_interaction,active_and_state_lat_and_long_zero_last_source_row_continuous_segment,P13,HV1,3,keep_right,P13_HV1_3,P13_HV1.1.asc,HV3,60,initiator_active,15237,1,253950.0,253950.0004,3.0,3.0,28.777244,103.59808,6.0,652.385474,-5653.06454,0.050817,-0.01017,0.0,28.778542,0.001277,0.0,5653.234115,-59.208821,6.277435,1.0,0.0,0.0,0.0,5757.030999,-57.471434,1021.0,6.0,756.651893,7.0,-1.489401,38.65382,139.15375,38.652351,0.336919,-0.000101,-0.473439,-0.876046,-0.002159,-0.042704,0.0,0.0,1.0,0.0,0.0,0.0,-9999.0,-9999.0,-9999.0,-9999.0,-9999.0,-9999.0,-9999.0,-9999.0,-9999.0,-9999.0,-9999.0,-9999.0,-9999.0,-9999.0
P13_HV1_3_interaction,active_and_state_lat_and_long_zero_last_source_row_continuous_segment,P13,HV1,3,keep_right,P13_HV1_3,P13_HV1.1.asc,HV3,60,initiator_active,15238,1,253966.67,253966.6675,3.0,3.0,28.778118,103.601224,6.0,652.865106,-5653.544167,0.022548,-0.00877,0.0,28.7791,0.001315,0.0,5653.713753,-59.21156,6.277428,1.0,0.0,0.0,0.0,5757.674047,-57.510275,1021.0,6.0,757.295128,7.0,-1.524994,38.645817,139.124943,38.644537,0.314599,-0.000135,-0.473243,-0.781746,-0.002054,-0.05495,0.0,0.0,1.0,0.0,0.0,0.0,-9999.0,-9999.0,-9999.0,-9999.0,-9999.0,-9999.0,-9999.0,-9999.0,-9999.0,-9999.0,-9999.0,-9999.0,-9999.0,-9999.0
P13_HV1_3_interaction,active_and_state_lat_and_long_zero_last_source_row_continuous_segment,P13,HV1,3,keep_right,P13_HV1_3,P13_HV1.1.asc,HV3,60,initiator_active,15239,1,253983.33,253983.334,3.0,3.0,28.778966,103.604277,6.0,653.344752,-5654.023807,0.051841,-0.009466,0.0,28.779665,0.001357,0.0,5654.193399,-59.214302,6.277421,1.0,0.0,0.0,0.0,5758.316946,-57.549357,1021.0,6.0,757.938217,7.0,-1.560828,38.637839,139.096219,38.636735,0.291998,-0.000168,-0.4731,-0.682379,-0.001942,-0.068766,0.0,0.0,1.0,0.0,0.0,0.0,-9999.0,-9999.0,-9999.0,-9999.0,-9999.0,-9999.0,-9999.0,-9999.0,-9999.0,-9999.0,-9999.0,-9999.0,-9999.0,-9999.0
P13_HV1_3_interaction,active_and_state_lat_and_long_zero_last_source_row_continuous_segment,P13,HV1,3,keep_right,P13_HV1_3,P13_HV1.1.asc,HV3,60,initiator_active,15240,1,254000.01,254000.0127,3.0,3.0,28.779288,103.605437,6.0,653.824405,-5654.503455,0.052969,-0.00969,0.0,28.78054,0.001372,0.0,5654.673055,-59.217047,6.277415,1.0,0.0,0.0,0.0,5758.959699,-57.588652,1021.0,6.0,758.58116,7.0,-1.596877,38.62988,139.067569,38.628943,0.269083,-0.000199,-0.473036,-0.581473,-0.001823,-0.082739,0.0,0.0,1.0,0.0,0.0,0.0,-9999.0,-9999.0,-9999.0,-9999.0,-9999.0,-9999.0,-9999.0,-9999.0,-9999.0,-9999.0,-9999.0,-9999.0,-9999.0,-9999.0
P13_HV1_3_interaction,active_and_state_lat_and_long_zero_last_source_row_continuous_segment,P13,HV1,3,keep_right,P13_HV1_3,P13_HV1.1.asc,HV3,60,initiator_active,15241,1,254016.67,254016.6667,3.0,3.0,28.780097,103.608351,6.0,654.304069,-5654.983114,0.052199,-0.009618,0.0,28.78142,0.001367,0.0,5655.152727,-59.219794,6.277409,1.0,0.0,0.0,0.0,5759.602307,-57.628135,1021.0,6.0,759.223959,7.0,-1.633114,38.621939,139.038981,38.621157,0.245785,-0.000227,-0.47305,-0.481688,-0.001702,-0.09577,0.0,0.0,1.0,0.0,0.0,0.0,-9999.0,-9999.0,-9999.0,-9999.0,-9999.0,-9999.0,-9999.0,-9999.0,-9999.0,-9999.0,-9999.0,-9999.0,-9999.0,-9999.0
P13_HV1_3_interaction,active_and_state_lat_and_long_zero_last_source_row_continuous_segment,P13,HV1,3,keep_right,P13_HV1_3,P13_HV1.1.asc,HV3,60,initiator_active,15242,1,254033.33,254033.3337,3.0,3.0,28.780982,103.611534,6.0,654.783749,-5655.462788,0.058772,-0.009415,0.0,28.782319,0.00135,0.0,5655.632413,-59.222543,6.277404,1.0,0.0,0.0,0.0,5760.244773,-57.667778,1021.0,6.0,759.866617,7.0,-1.669512,38.614012,139.010445,38.613374,0.222114,-0.000254,-0.473147,-0.377759,-0.001579,-0.1099,0.0,0.0,1.0,0.0,0.0,0.0,-9999.0,-9999.0,-9999.0,-9999.0,-9999.0,-9999.0,-9999.0,-9999.0,-9999.0,-9999.0,-9999.0,-9999.0,-9999.0,-9999.0
P13_HV1_3_interaction,active_and_state_lat_and_long_zero_last_source_row_continuous_segment,P13,HV1,3,keep_right,P13_HV1_3,P13_HV1.1.asc,HV3,60,initiator_active,15243,1,254050.0,254050.0011,3.0,3.0,28.781855,103.614676,6.0,655.263442,-5655.942477,0.045121,-0.00748,0.0,28.783239,0.001323,0.0,5656.112114,-59.225296,6.2774,1.0,0.0,0.0,0.0,5760.887098,-57.707553,1021.0,6.0,760.509135,7.0,-1.706043,38.606097,138.981948,38.605589,0.198026,-0.000279,-0.473324,-0.273643,-0.001449,-0.123559,0.0,0.0,1.0,0.0,0.0,0.0,-9999.0,-9999.0,-9999.0,-9999.0,-9999.0,-9999.0,-9999.0,-9999.0,-9999.0,-9999.0,-9999.0,-9999.0,-9999.0,-9999.0
P13_HV1_3_interaction,active_and_state_lat_and_long_zero_last_source_row_continuous_segment,P13,HV1,3,keep_right,P13_HV1_3,P13_HV1.1.asc,HV3,60,initiator_active,15244,1,254066.67,254066.6679,3.0,3.0,28.782809,103.618113,6.0,655.743152,-5656.422181,0.008133,-0.007985,0.0,28.78401,0.001311,0.0,5656.59183,-59.22805,6.277396,1.0,0.0,0.0,0.0,5761.529285,-57.747433,1021.0,6.0,761.151515,7.0,-1.74268,38.598189,138.95348,38.597799,0.173469,-0.000301,-0.473568,-0.17045,-0.001315,-0.136276,0.0,0.0,1.0,0.0,0.0,0.0,-9999.0,-9999.0,-9999.0,-9999.0,-9999.0,-9999.0,-9999.0,-9999.0,-9999.0,-9999.0,-9999.0,-9999.0,-9999.0,-9999.0
P13_HV1_3_interaction,active_and_state_lat_and_long_zero_last_source_row_continuous_segment,P13,HV1,3,keep_right,P13_HV1_3,P13_HV1.1.asc,HV3,60,initiator_active,15245,1,254083.33,254083.3342,3.0,3.0,28.783615,103.621014,6.0,656.222875,-5656.901899,0.045513,-0.006418,0.0,28.784187,0.001275,0.0,5657.071556,-59.230807,6.277393,1.0,0.0,0.0,0.0,5762.171335,-57.787389,1021.0,6.0,761.793758,7.0,-1.779393,38.590285,138.925027,38.59,0.148443,-0.000321,-0.473893,-0.065323,-0.001174,-0.14915,0.0,0.0,1.0,0.0,0.0,0.0,-9999.0,-9999.0,-9999.0,-9999.0,-9999.0,-9999.0,-9999.0,-9999.0,-9999.0,-9999.0,-9999.0,-9999.0,-9999.0,-9999.0
P13_HV1_3_interaction,active_and_state_lat_and_long_zero_last_source_row_continuous_segment,P13,HV1,3,keep_right,P13_HV1_3,P13_HV1.1.asc,HV3,60,initiator_active,15246,1,254100.0,254100.0002,3.0,3.0,28.784078,103.622681,6.0,656.702609,-5657.381628,0.061952,-0.007027,0.0,28.785059,0.001249,0.0,5657.551288,-59.233566,6.27739,1.0,0.0,0.0,0.0,5762.813249,-57.827393,1021.0,6.0,762.435867,7.0,-1.816154,38.582383,138.896577,38.582187,0.12296,-0.000339,-0.474304,0.042124,-0.001023,-0.162338,0.0,0.0,1.0,0.0,0.0,0.0,-9999.0,-9999.0,-9999.0,-9999.0,-9999.0,-9999.0,-9999.0,-9999.0,-9999.0,-9999.0,-9999.0,-9999.0,-9999.0,-9999.0
P13_HV1_3_interaction,active_and_state_lat_and_long_zero_last_source_row_continuous_segment,P13,HV1,3,keep_right,P13_HV1_3,P13_HV1.1.asc,HV3,60,initiator_active,15247,1,254116.67,254116.6672,3.0,3.0,28.784566,103.624437,6.0,657.182349,-5657.861362,0.053869,-0.005942,0.0,28.786057,0.001214,0.0,5658.031035,-59.236327,6.277387,1.0,0.0,0.0,0.0,5763.455031,-57.867415,1021.0,6.0,763.077843,7.0,-1.852935,38.574477,138.868119,38.574356,0.096972,-0.000354,-0.474758,0.147449,-0.000864,-0.174113,0.0,0.0,1.0,0.0,0.0,0.0,-9999.0,-9999.0,-9999.0,-9999.0,-9999.0,-9999.0,-9999.0,-9999.0,-9999.0,-9999.0,-9999.0,-9999.0,-9999.0,-9999.0
P13_HV1_3_interaction,active_and_state_lat_and_long_zero_last_source_row_continuous_segment,P13,HV1,3,keep_right,P13_HV1_3,P13_HV1.1.asc,HV3,60,initiator_active,15248,1,254133.33,254133.3335,3.0,3.0,28.785575,103.62807,6.0,657.662104,-5658.341112,0.051277,-0.005043,0.0,28.786975,0.001179,0.0,5658.510799,-59.239089,6.277385,1.0,0.0,0.0,0.0,5764.096682,-57.907427,1021.0,6.0,763.719687,6.0,1.735294,38.566566,138.839639,38.566502,0.070508,-0.000366,-0.475295,0.255115,-0.000699,-0.186202,0.0,0.0,1.0,0.0,0.0,0.0,-9999.0,-9999.0,-9999.0,-9999.0,-9999.0,-9999.0,-9999.0,-9999.0,-9999.0,-9999.0,-9999.0,-9999.0,-9999.0,-9999.0
P13_HV1_3_interaction,active_and_state_lat_and_long_zero_last_source_row_continuous_segment,P13,HV1,3,keep_right,P13_HV1_3,P13_HV1.1.asc,HV3,60,initiator_active,15249,1,254150.0,254150.0009,3.0,3.0,28.786506,103.631422,6.0,658.141875,-5658.820878,0.051698,-0.005442,0.0,28.787781,0.001126,0.0,5658.990577,-59.241853,6.277385,1.0,0.0,0.0,0.0,5764.738203,-57.9474,1021.0,6.0,764.361402,6.0,1.698561,38.558646,138.811126,38.558622,0.043539,-0.000376,-0.475848,0.360189,-0.00053,-0.196721,0.0,0.0,1.0,0.0,0.0,0.0,-9999.0,-9999.0,-9999.0,-9999.0,-9999.0,-9999.0,-9999.0,-9999.0,-9999.0,-9999.0,-9999.0,-9999.0,-9999.0,-9999.0
P13_HV1_3_interaction,active_and_state_lat_and_long_zero_last_source_row_continuous_segment,P13,HV1,3,keep_right,P13_HV1_3,P13_HV1.1.asc,HV3,60,initiator_active,15250,1,254166.67,254166.6671,3.0,3.0,28.787403,103.634649,6.0,658.621662,-5659.300659,0.052363,-0.004139,0.0,28.788662,0.00107,0.0,5659.470369,-59.244617,6.277385,1.0,0.0,0.0,0.0,5765.379597,-57.987303,1021.0,6.0,765.002989,6.0,1.661897,38.550714,138.782569,38.55071,0.016103,-0.000383,-0.47646,0.466299,-0.00036,-0.207083,0.0,0.0,1.0,0.0,0.0,0.0,-9999.0,-9999.0,-9999.0,-9999.0,-9999.0,-9999.0,-9999.0,-9999.0,-9999.0,-9999.0,-9999.0,-9999.0,-9999.0,-9999.0
P13_HV1_3_interaction,active_and_state_lat_and_long_zero_last_source_row_continuous_segment,P13,HV1,3,keep_right,P13_HV1_3,P13_HV1.1.asc,HV3,60,initiator_active,15251,1,254183.35,254183.3486,3.0,3.0,28.788212,103.637563,6.0,659.101461,-5659.780454,0.057813,-0.004276,0.0,28.789594,0.001004,0.0,5659.950176,-59.247382,6.277385,1.0,0.0,0.0,0.0,5766.020865,-58.027108,1021.0,6.0,765.64445,6.0,1.625331,38.542766,138.753957,38.542764,-0.011788,-0.000387,-0.477085,0.570877,-0.000189,-0.216346,0.0,0.0,1.0,0.0,0.0,0.0,-9999.0,-9999.0,-9999.0,-9999.0,-9999.0,-9999.0,-9999.0,-9999.0,-9999.0,-9999.0,-9999.0,-9999.0,-9999.0,-9999.0
P13_HV1_3_interaction,active_and_state_lat_and_long_zero_last_source_row_continuous_segment,P13,HV1,3,keep_right,P13_HV1_3,P13_HV1.1.asc,HV3,60,initiator_active,15252,1,254200.01,254200.0105,3.0,3.0,28.789099,103.640756,6.0,659.581276,-5660.260263,0.047275,-0.004064,0.0,28.790515,0.000926,0.0,5660.429999,-59.250149,6.277385,1.0,0.0,0.0,0.0,5766.662008,-58.066785,1021.0,6.0,766.285785,6.0,1.588893,38.5348,138.72528,38.534779,-0.040096,-0.000388,-0.477727,0.674636,-1.9e-05,-0.224824,0.0,0.0,1.0,0.0,0.0,0.0,-9999.0,-9999.0,-9999.0,-9999.0,-9999.0,-9999.0,-9999.0,-9999.0,-9999.0,-9999.0,-9999.0,-9999.0,-9999.0,-9999.0
P13_HV1_3_interaction,active_and_state_lat_and_long_zero_last_source_row_continuous_segment,P13,HV1,3,keep_right,P13_HV1_3,P13_HV1.1.asc,HV3,60,initiator_active,15253,1,254216.67,254216.6677,3.0,3.0,28.790076,103.644273,6.0,660.061106,-5660.740088,0.053971,-0.00366,0.0,28.791306,0.000842,0.0,5660.909836,-59.252917,6.277385,1.0,0.0,0.0,0.0,5767.303028,-58.106305,1021.0,6.0,766.926997,6.0,1.55261,38.526815,138.696535,38.526754,-0.068881,-0.000386,-0.478193,0.768441,0.000145,-0.229063,0.0,0.0,1.0,0.0,0.0,0.0,-9999.0,-9999.0,-9999.0,-9999.0,-9999.0,-9999.0,-9999.0,-9999.0,-9999.0,-9999.0,-9999.0,-9999.0,-9999.0,-9999.0
P13_HV1_3_interaction,active_and_state_lat_and_long_zero_last_source_row_continuous_segment,P13,HV1,3,keep_right,P13_HV1_3,P13_HV1.1.asc,HV3,60,initiator_active,15254,1,254233.33,254233.3336,3.0,3.0,28.790909,103.647271,6.0,660.540951,-5661.219928,0.051647,-0.00321,0.0,28.792206,0.000759,0.0,5661.389687,-59.255686,6.277385,1.0,0.0,0.0,0.0,5767.943927,-58.145641,1021.0,6.0,767.568086,6.0,1.516511,38.518811,138.667718,38.518686,-0.098028,-0.000382,-0.478656,0.862032,0.000302,-0.232831,0.0,0.0,1.0,0.0,0.0,0.0,-9999.0,-9999.0,-9999.0,-9999.0,-9999.0,-9999.0,-9999.0,-9999.0,-9999.0,-9999.0,-9999.0,-9999.0,-9999.0,-9999.0
P13_HV1_3_interaction,active_and_state_lat_and_long_zero_last_source_row_continuous_segment,P13,HV1,3,keep_right,P13_HV1_3,P13_HV1.1.asc,HV3,60,initiator_active,15255,1,254250.0,254250.001,3.0,3.0,28.791755,103.650319,6.0,661.02081,-5661.699782,0.042264,-0.004467,0.0,28.793092,0.000676,0.0,5661.869552,-59.258457,6.277385,1.0,0.0,0.0,0.0,5768.584705,-58.184764,1021.0,6.0,768.209054,6.0,1.480625,38.510784,138.638823,38.510573,-0.127445,-0.000376,-0.47904,0.951769,0.000463,-0.234872,0.0,0.0,1.0,0.0,0.0,0.0,-9999.0,-9999.0,-9999.0,-9999.0,-9999.0,-9999.0,-9999.0,-9999.0,-9999.0,-9999.0,-9999.0,-9999.0,-9999.0,-9999.0
P13_HV1_3_interaction,active_and_state_lat_and_long_zero_last_source_row_continuous_segment,P13,HV1,3,keep_right,P13_HV1_3,P13_HV1.1.asc,HV3,60,initiator_active,15256,1,254266.67,254266.6679,3.0,3.0,28.792636,103.653489,6.0,661.500684,-5662.17965,0.052451,-0.003306,0.0,28.793792,0.000575,0.0,5662.349432,-59.26123,6.277385,1.0,0.0,0.0,0.0,5769.225365,-58.223648,1021.0,6.0,768.849901,6.0,1.444976,38.502736,138.609849,38.502416,-0.15703,-0.000366,-0.479332,1.037341,0.000631,-0.235186,0.0,0.0,1.0,0.0,0.0,0.0,-9999.0,-9999.0,-9999.0,-9999.0,-9999.0,-9999.0,-9999.0,-9999.0,-9999.0,-9999.0,-9999.0,-9999.0,-9999.0,-9999.0
P13_HV1_3_interaction,active_and_state_lat_and_long_zero_last_source_row_continuous_segment,P13,HV1,3,keep_right,P13_HV1_3,P13_HV1.1.asc,HV3,60,initiator_active,15257,1,254283.33,254283.3343,3.0,3.0,28.793444,103.656399,6.0,661.980571,-5662.659533,0.045353,-0.002548,0.0,28.794613,0.000492,0.0,5662.829324,-59.264004,6.277385,1.0,0.0,0.0,0.0,5769.865906,-58.262268,1021.0,6.0,769.49063,6.0,1.409592,38.494663,138.580788,38.494211,-0.186615,-0.000354,-0.479609,1.122072,0.000806,-0.235186,0.0,0.0,1.0,0.0,0.0,0.0,-9999.0,-9999.0,-9999.0,-9999.0,-9999.0,-9999.0,-9999.0,-9999.0,-9999.0,-9999.0,-9999.0,-9999.0,-9999.0,-9999.0
P13_HV1_3_interaction,active_and_state_lat_and_long_zero_last_source_row_continuous_segment,P13,HV1,3,keep_right,P13_HV1_3,P13_HV1.1.asc,HV3,60,initiator_active,15258,1,254300.0,254300.0009,3.0,3.0,28.79423,103.659226,6.0,662.460471,-5663.139428,0.046951,-0.002099,0.0,28.795405,0.000421,0.0,5663.309229,-59.266779,6.277385,1.0,0.0,0.0,0.0,5770.506331,-58.300596,1021.0,6.0,770.13124,6.0,1.374498,38.486565,138.551635,38.485959,-0.216028,-0.000339,-0.479886,1.206307,0.000989,-0.234872,0.0,0.0,1.0,0.0,0.0,0.0,-9999.0,-9999.0,-9999.0,-9999.0,-9999.0,-9999.0,-9999.0,-9999.0,-9999.0,-9999.0,-9999.0,-9999.0,-9999.0,-9999.0
P13_HV1_3_interaction,active_and_state_lat_and_long_zero_last_source_row_continuous_segment,P13,HV1,3,keep_right,P13_HV1_3,P13_HV1.1.asc,HV3,60,initiator_active,15259,1,254316.67,254316.6675,3.0,3.0,28.794991,103.661969,6.0,662.940385,-5663.619336,0.053396,-0.001809,0.0,28.796227,0.000358,0.0,5663.789148,-59.269556,6.277385,1.0,0.0,0.0,0.0,5771.146641,-58.338608,1021.0,6.0,770.771733,6.0,1.33972,38.478439,138.522381,38.477658,-0.245112,-0.00032,-0.480165,1.289669,0.001175,-0.235029,0.0,0.0,1.0,0.0,0.0,0.0,-9999.0,-9999.0,-9999.0,-9999.0,-9999.0,-9999.0,-9999.0,-9999.0,-9999.0,-9999.0,-9999.0,-9999.0,-9999.0,-9999.0
P13_HV1_3_interaction,active_and_state_lat_and_long_zero_last_source_row_continuous_segment,P13,HV1,3,keep_right,P13_HV1_3,P13_HV1.1.asc,HV3,60,initiator_active,15260,1,254333.33,254333.3344,3.0,3.0,28.795796,103.664866,6.0,663.420311,-5664.099257,0.054612,-0.000388,0.0,28.797101,0.000314,0.0,5664.269081,-59.272334,6.277385,1.0,0.0,0.0,0.0,5771.786835,-58.376279,1021.0,6.0,771.41211,6.0,1.305283,38.470283,138.493021,38.46931,-0.273728,-0.000299,-0.48044,1.371739,0.001355,-0.235186,0.0,0.0,1.0,0.0,0.0,0.0,-9999.0,-9999.0,-9999.0,-9999.0,-9999.0,-9999.0,-9999.0,-9999.0,-9999.0,-9999.0,-9999.0,-9999.0,-9999.0,-9999.0
P13_HV1_3_interaction,active_and_state_lat_and_long_zero_last_source_row_continuous_segment,P13,HV1,3,keep_right,P13_HV1_3,P13_HV1.1.asc,HV3,60,initiator_active,15261,1,254350.0,254350.0002,3.0,3.0,28.796672,103.668018,6.0,663.900252,-5664.579193,0.050337,0.000989,0.0,28.798035,0.000274,0.0,5664.749028,-59.275112,6.277385,1.0,0.0,0.0,0.0,5772.426915,-58.413584,1021.0,6.0,772.05237,6.0,1.271211,38.462096,138.463546,38.460913,-0.301736,-0.000275,-0.480744,1.453394,0.001518,-0.235657,0.0,0.0,1.0,0.0,0.0,0.0,-9999.0,-9999.0,-9999.0,-9999.0,-9999.0,-9999.0,-9999.0,-9999.0,-9999.0,-9999.0,-9999.0,-9999.0,-9999.0,-9999.0
P13_HV1_3_interaction,active_and_state_lat_and_long_zero_last_source_row_continuous_segment,P13,HV1,3,keep_right,P13_HV1_3,P13_HV1.1.asc,HV3,60,initiator_active,15262,1,254366.68,254366.6768,3.0,3.0,28.797556,103.671201,6.0,664.380207,-5665.059143,0.057064,0.000171,0.0,28.798852,0.000249,0.0,5665.228991,-59.277892,6.277385,1.0,0.0,0.0,0.0,5773.066882,-58.450498,1021.0,6.0,772.692515,6.0,1.237529,38.453876,138.433953,38.452468,-0.329027,-0.000248,-0.481054,1.53351,0.001659,-0.236285,0.0,0.0,1.0,0.0,0.0,0.0,-9999.0,-9999.0,-9999.0,-9999.0,-9999.0,-9999.0,-9999.0,-9999.0,-9999.0,-9999.0,-9999.0,-9999.0,-9999.0,-9999.0
P13_HV1_3_interaction,active_and_state_lat_and_long_zero_last_source_row_continuous_segment,P13,HV1,3,keep_right,P13_HV1_3,P13_HV1.1.asc,HV3,60,initiator_active,15263,1,254383.33,254383.3334,3.0,3.0,28.798454,103.674436,6.0,664.860178,-5665.539108,0.055221,0.00159,0.0,28.799796,0.000209,0.0,5665.708968,-59.280672,6.277385,1.0,0.0,0.0,0.0,5773.706736,-58.486998,1021.0,6.0,773.332545,6.0,1.204261,38.44562,138.404232,38.443976,-0.355491,-0.000219,-0.481417,1.613482,0.001772,-0.237698,0.0,0.0,1.0,0.0,0.0,0.0,-9999.0,-9999.0,-9999.0,-9999.0,-9999.0,-9999.0,-9999.0,-9999.0,-9999.0,-9999.0,-9999.0,-9999.0,-9999.0,-9999.0
P13_HV1_3_interaction,active_and_state_lat_and_long_zero_last_source_row_continuous_segment,P13,HV1,3,keep_right,P13_HV1_3,P13_HV1.1.asc,HV3,60,initiator_active,15264,1,254400.0,254400.0,3.0,3.0,28.799328,103.67758,6.0,665.340162,-5666.019088,0.053445,0.000894,0.0,28.800731,0.000187,0.0,5666.18896,-59.283452,6.277385,1.0,0.0,0.0,0.0,5774.346477,-58.52306,1021.0,6.0,773.972461,6.0,1.17143,38.437328,138.374381,38.435439,-0.381077,-0.000189,-0.481752,1.690214,0.001856,-0.238797,0.0,0.0,1.0,0.0,0.0,0.0,-9999.0,-9999.0,-9999.0,-9999.0,-9999.0,-9999.0,-9999.0,-9999.0,-9999.0,-9999.0,-9999.0,-9999.0,-9999.0,-9999.0
P13_HV1_3_interaction,active_and_state_lat_and_long_zero_last_source_row_continuous_segment,P13,HV1,3,keep_right,P13_HV1_3,P13_HV1.1.asc,HV3,60,initiator_active,15265,1,254416.67,254416.667,3.0,3.0,28.800257,103.680924,6.0,665.820163,-5666.499083,0.056411,0.001892,0.0,28.801627,0.000164,0.0,5666.668968,-59.286233,6.277387,1.0,0.0,0.0,0.0,5774.986106,-58.558661,1021.0,6.0,774.612261,6.0,1.139059,38.428999,138.344397,38.426857,-0.405717,-0.000157,-0.482118,1.765641,0.001909,-0.240367,0.0,0.0,1.0,0.0,0.0,0.0,-9999.0,-9999.0,-9999.0,-9999.0,-9999.0,-9999.0,-9999.0,-9999.0,-9999.0,-9999.0,-9999.0,-9999.0,-9999.0,-9999.0
P13_HV1_3_interaction,active_and_state_lat_and_long_zero_last_source_row_continuous_segment,P13,HV1,3,keep_right,P13_HV1_3,P13_HV1.1.asc,HV3,60,initiator_active,15266,1,254433.33,254433.3342,3.0,3.0,28.801177,103.684236,6.0,666.300178,-5666.979094,0.05697,0.003177,0.0,28.802572,0.000134,0.0,5667.148991,-59.289012,6.277389,1.0,0.0,0.0,0.0,5775.625624,-58.59378,1021.0,6.0,775.251948,6.0,1.10717,38.420633,138.314278,38.418233,-0.429374,-0.000125,-0.482478,1.838396,0.001936,-0.241937,0.0,0.0,1.0,0.0,0.0,0.0,-9999.0,-9999.0,-9999.0,-9999.0,-9999.0,-9999.0,-9999.0,-9999.0,-9999.0,-9999.0,-9999.0,-9999.0,-9999.0,-9999.0
P13_HV1_3_interaction,active_and_state_lat_and_long_zero_last_source_row_continuous_segment,P13,HV1,3,keep_right,P13_HV1_3,P13_HV1.1.asc,HV3,60,initiator_active,15267,1,254450.0,254450.0019,3.0,3.0,28.802097,103.68755,6.0,666.780209,-5667.45912,0.05668,0.002398,0.0,28.80352,0.000116,0.0,5667.62903,-59.291792,6.277392,1.0,0.0,0.0,0.0,5776.26503,-58.628395,1021.0,6.0,775.89152,6.0,1.075785,38.412229,138.284025,38.409569,-0.452036,-9.3e-05,-0.482793,1.907173,0.001939,-0.243036,0.0,0.0,1.0,0.0,0.0,0.0,-9999.0,-9999.0,-9999.0,-9999.0,-9999.0,-9999.0,-9999.0,-9999.0,-9999.0,-9999.0,-9999.0,-9999.0,-9999.0,-9999.0
P13_HV1_3_interaction,active_and_state_lat_and_long_zero_last_source_row_continuous_segment,P13,HV1,3,keep_right,P13_HV1_3,P13_HV1.1.asc,HV3,60,initiator_active,15268,1,254466.67,254466.6717,3.0,3.0,28.803047,103.690968,6.0,667.260256,-5667.939161,0.06273,0.003396,0.0,28.804528,9.2e-05,0.0,5668.109084,-59.29457,6.277394,1.0,0.0,0.0,0.0,5776.904324,-58.662486,1021.0,6.0,776.530979,6.0,1.044923,38.403789,138.253641,38.400868,-0.47369,-6e-05,-0.483072,1.972348,0.001923,-0.243821,0.0,0.0,1.0,0.0,0.0,0.0,-9999.0,-9999.0,-9999.0,-9999.0,-9999.0,-9999.0,-9999.0,-9999.0,-9999.0,-9999.0,-9999.0,-9999.0,-9999.0,-9999.0
P13_HV1_3_interaction,active_and_state_lat_and_long_zero_last_source_row_continuous_segment,P13,HV1,3,keep_right,P13_HV1_3,P13_HV1.1.asc,HV3,60,initiator_active,15269,1,254483.35,254483.3457,3.0,3.0,28.803993,103.694374,6.0,667.740318,-5668.419219,0.042054,0.004717,0.0,28.805467,6e-05,0.0,5668.589156,-59.297348,6.277397,1.0,0.0,0.0,0.0,5777.543506,-58.696033,1021.0,6.0,777.170322,6.0,1.014604,38.395315,138.223133,38.392132,-0.494331,-2.9e-05,-0.483288,2.033054,0.001892,-0.243978,0.0,0.0,1.0,0.0,0.0,0.0,-9999.0,-9999.0,-9999.0,-9999.0,-9999.0,-9999.0,-9999.0,-9999.0,-9999.0,-9999.0,-9999.0,-9999.0,-9999.0,-9999.0
P13_HV1_3_interaction,active_and_state_lat_and_long_zero_last_source_row_continuous_segment,P13,HV1,3,keep_right,P13_HV1_3,P13_HV1.1.asc,HV3,60,initiator_active,15270,1,254500.0,254500.0008,3.0,3.0,28.805051,103.698183,6.0,668.220398,-5668.899293,0.048346,0.003984,0.0,28.806154,3.6e-05,0.0,5669.069242,-59.300125,6.277401,1.0,0.0,0.0,0.0,5778.182577,-58.729019,1021.0,6.0,777.809551,6.0,0.984845,38.386806,138.192502,38.383366,-0.513939,3e-06,-0.483477,2.090485,0.001855,-0.243821,0.0,0.0,1.0,0.0,0.0,0.0,-9999.0,-9999.0,-9999.0,-9999.0,-9999.0,-9999.0,-9999.0,-9999.0,-9999.0,-9999.0,-9999.0,-9999.0,-9999.0,-9999.0
P13_HV1_3_interaction,active_and_state_lat_and_long_zero_last_source_row_continuous_segment,P13,HV1,3,keep_right,P13_HV1_3,P13_HV1.1.asc,HV3,60,initiator_active,15271,1,254516.67,254516.6677,3.0,3.0,28.805817,103.700941,6.0,668.700492,-5669.379382,0.046056,0.007217,0.0,28.806985,-8e-06,0.0,5669.54934,-59.3029,6.277404,1.0,0.0,0.0,0.0,5778.821535,-58.761426,1021.0,6.0,778.448665,6.0,0.955665,38.378265,138.161754,38.374571,-0.532492,3.3e-05,-0.483653,2.145003,0.001817,-0.243664,0.0,0.0,1.0,0.0,0.0,0.0,-9999.0,-9999.0,-9999.0,-9999.0,-9999.0,-9999.0,-9999.0,-9999.0,-9999.0,-9999.0,-9999.0,-9999.0,-9999.0,-9999.0
P13_HV1_3_interaction,active_and_state_lat_and_long_zero_last_source_row_continuous_segment,P13,HV1,3,keep_right,P13_HV1_3,P13_HV1.1.asc,HV3,60,initiator_active,15272,1,254533.34,254533.3426,3.0,3.0,28.806557,103.703605,6.0,669.180598,-5669.859482,0.055713,0.007578,0.0,28.807786,-1.7e-05,0.0,5670.029451,-59.305674,6.277409,1.0,0.0,0.0,0.0,5779.460382,-58.793239,1021.0,6.0,779.087664,6.0,0.92708,38.369692,138.130891,38.36575,-0.549974,6.3e-05,-0.483817,2.196556,0.001781,-0.243507,0.0,0.0,1.0,0.0,0.0,0.0,-9999.0,-9999.0,-9999.0,-9999.0,-9999.0,-9999.0,-9999.0,-9999.0,-9999.0,-9999.0,-9999.0,-9999.0,-9999.0,-9999.0
P13_HV1_3_interaction,active_and_state_lat_and_long_zero_last_source_row_continuous_segment,P13,HV1,3,keep_right,P13_HV1_3,P13_HV1.1.asc,HV3,60,initiator_active,15273,1,254550.0,254550.001,3.0,3.0,28.807368,103.706526,6.0,669.660717,-5670.339597,0.05399,0.008039,0.0,28.808694,-3.8e-05,0.0,5670.509577,-59.308446,6.277414,1.0,0.0,0.0,0.0,5780.099115,-58.824441,1021.0,6.0,779.726547,6.0,0.899103,38.361088,138.099917,38.356907,-0.566377,9.2e-05,-0.483968,2.245112,0.001748,-0.24335,0.0,0.0,1.0,0.0,0.0,0.0,-9999.0,-9999.0,-9999.0,-9999.0,-9999.0,-9999.0,-9999.0,-9999.0,-9999.0,-9999.0,-9999.0,-9999.0,-9999.0,-9999.0
P13_HV1_3_interaction,active_and_state_lat_and_long_zero_last_source_row_continuous_segment,P13,HV1,3,keep_right,P13_HV1_3,P13_HV1.1.asc,HV3,60,initiator_active,15274,1,254566.67,254566.6674,3.0,3.0,28.808251,103.709702,6.0,670.140851,-5670.819725,0.0498,0.006989,0.0,28.809581,-7e-05,0.0,5670.989718,-59.311217,6.277419,1.0,0.0,0.0,0.0,5780.737736,-58.855018,1021.0,6.0,780.365314,6.0,0.871751,38.352455,138.068838,38.348043,-0.581704,0.000121,-0.484095,2.290383,0.001717,-0.242879,0.0,0.0,1.0,0.0,0.0,0.0,-9999.0,-9999.0,-9999.0,-9999.0,-9999.0,-9999.0,-9999.0,-9999.0,-9999.0,-9999.0,-9999.0,-9999.0,-9999.0,-9999.0
P13_HV1_3_interaction,active_and_state_lat_and_long_zero_last_source_row_continuous_segment,P13,HV1,3,keep_right,P13_HV1_3,P13_HV1.1.asc,HV3,60,initiator_active,15275,1,254583.33,254583.3341,3.0,3.0,28.809144,103.712919,6.0,670.620999,-5671.299869,0.049113,0.006821,0.0,28.810406,-0.000132,0.0,5671.469873,-59.313984,6.277425,1.0,0.0,0.0,0.0,5781.376243,-58.884958,1021.0,6.0,781.003964,6.0,0.845037,38.343794,138.037658,38.339162,-0.59596,0.000149,-0.484204,2.33253,0.001684,-0.242722,0.0,0.0,1.0,0.0,0.0,0.0,-9999.0,-9999.0,-9999.0,-9999.0,-9999.0,-9999.0,-9999.0,-9999.0,-9999.0,-9999.0,-9999.0,-9999.0,-9999.0,-9999.0
P13_HV1_3_interaction,active_and_state_lat_and_long_zero_last_source_row_continuous_segment,P13,HV1,3,keep_right,P13_HV1_3,P13_HV1.1.asc,HV3,60,initiator_active,15276,1,254600.0,254600.0006,3.0,3.0,28.809996,103.715986,6.0,671.101162,-5671.780026,0.05636,0.007113,0.0,28.811257,-0.000206,0.0,5671.950042,-59.31675,6.277432,1.0,0.0,0.0,0.0,5782.014636,-58.914247,1021.0,6.0,781.642497,6.0,0.818972,38.335108,138.006387,38.330267,-0.609163,0.000177,-0.484269,2.370874,0.001646,-0.242251,0.0,0.0,1.0,0.0,0.0,0.0,-9999.0,-9999.0,-9999.0,-9999.0,-9999.0,-9999.0,-9999.0,-9999.0,-9999.0,-9999.0,-9999.0,-9999.0,-9999.0,-9999.0
P13_HV1_3_interaction,active_and_state_lat_and_long_zero_last_source_row_continuous_segment,P13,HV1,3,keep_right,P13_HV1_3,P13_HV1.1.asc,HV3,60,initiator_active,15277,1,254616.67,254616.6675,3.0,3.0,28.810815,103.718934,6.0,671.581339,-5672.260198,0.054637,0.005869,0.0,28.812139,-0.000284,0.0,5672.430225,-59.319515,6.277439,1.0,0.0,0.0,0.0,5782.652914,-58.942874,1021.0,6.0,782.280912,6.0,0.793568,38.326397,137.975029,38.321361,-0.621317,0.000204,-0.484334,2.406694,0.001604,-0.241937,0.0,0.0,1.0,0.0,0.0,0.0,-9999.0,-9999.0,-9999.0,-9999.0,-9999.0,-9999.0,-9999.0,-9999.0,-9999.0,-9999.0,-9999.0,-9999.0,-9999.0,-9999.0
P13_HV1_3_interaction,active_and_state_lat_and_long_zero_last_source_row_continuous_segment,P13,HV1,3,keep_right,P13_HV1_3,P13_HV1.1.asc,HV3,60,initiator_active,15278,1,254633.33,254633.3342,3.0,3.0,28.811727,103.722217,6.0,672.06153,-5672.740384,0.050581,0.00709,0.0,28.813052,-0.000384,0.0,5672.910423,-59.322277,6.277446,1.0,0.0,0.0,0.0,5783.291077,-58.970829,1021.0,6.0,782.919207,6.0,0.768837,38.317665,137.943593,38.312445,-0.632449,0.00023,-0.484355,2.438777,0.001557,-0.241309,0.0,0.0,1.0,0.0,0.0,0.0,-9999.0,-9999.0,-9999.0,-9999.0,-9999.0,-9999.0,-9999.0,-9999.0,-9999.0,-9999.0,-9999.0,-9999.0,-9999.0,-9999.0
P13_HV1_3_interaction,active_and_state_lat_and_long_zero_last_source_row_continuous_segment,P13,HV1,3,keep_right,P13_HV1_3,P13_HV1.1.asc,HV3,60,initiator_active,15279,1,254650.0,254650.0008,3.0,3.0,28.812594,103.725338,6.0,672.541736,-5673.220585,0.04364,0.007913,0.0,28.813789,-0.000467,0.0,5673.390637,-59.325037,6.277453,1.0,0.0,0.0,0.0,5783.929124,-58.998101,1021.0,6.0,783.557384,6.0,0.744787,38.308913,137.912085,38.303523,-0.642578,0.000256,-0.484346,2.467599,0.001504,-0.240524,0.0,0.0,1.0,0.0,0.0,0.0,-9999.0,-9999.0,-9999.0,-9999.0,-9999.0,-9999.0,-9999.0,-9999.0,-9999.0,-9999.0,-9999.0,-9999.0,-9999.0,-9999.0
P13_HV1_3_interaction,active_and_state_lat_and_long_zero_last_source_row_continuous_segment,P13,HV1,3,keep_right,P13_HV1_3,P13_HV1.1.asc,HV3,60,initiator_active,15280,1,254666.67,254666.6674,3.0,3.0,28.813473,103.728504,6.0,673.021957,-5673.700801,0.050424,0.00842,0.0,28.814574,-0.000541,0.0,5673.870861,-59.327796,6.27746,1.0,0.0,0.0,0.0,5784.567054,-59.024683,1021.0,6.0,784.19544,6.0,0.721427,38.300144,137.880518,38.294598,-0.651742,0.00028,-0.484262,2.491982,0.001444,-0.239111,0.0,0.0,1.0,0.0,0.0,0.0,-9999.0,-9999.0,-9999.0,-9999.0,-9999.0,-9999.0,-9999.0,-9999.0,-9999.0,-9999.0,-9999.0,-9999.0,-9999.0,-9999.0
P13_HV1_3_interaction,active_and_state_lat_and_long_zero_last_source_row_continuous_segment,P13,HV1,3,keep_right,P13_HV1_3,P13_HV1.1.asc,HV3,60,initiator_active,15281,1,254683.33,254683.3345,3.0,3.0,28.814152,103.730949,6.0,673.50219,-5674.181028,0.050154,0.008764,0.0,28.815413,-0.000609,0.0,5674.3511,-59.330552,6.277467,1.0,0.0,0.0,0.0,5785.204866,-59.050566,1021.0,6.0,784.833375,6.0,0.698765,38.291361,137.848898,38.285673,-0.659953,0.000304,-0.484163,2.513649,0.001378,-0.237698,0.0,0.0,1.0,0.0,0.0,0.0,-9999.0,-9999.0,-9999.0,-9999.0,-9999.0,-9999.0,-9999.0,-9999.0,-9999.0,-9999.0,-9999.0,-9999.0,-9999.0,-9999.0
P13_HV1_3_interaction,active_and_state_lat_and_long_zero_last_source_row_continuous_segment,P13,HV1,3,keep_right,P13_HV1_3,P13_HV1.1.asc,HV3,60,initiator_active,15282,1,254700.0,254700.0005,3.0,3.0,28.814994,103.73398,6.0,673.982436,-5674.661269,0.034378,0.009036,0.0,28.816088,-0.000674,0.0,5674.831352,-59.333306,6.277475,1.0,0.0,0.0,0.0,5785.84256,-59.075744,1021.0,6.0,785.471188,6.0,0.676808,38.282566,137.817238,38.276751,-0.667243,0.000326,-0.48399,2.530988,0.001309,-0.235657,0.0,0.0,1.0,0.0,0.0,0.0,-9999.0,-9999.0,-9999.0,-9999.0,-9999.0,-9999.0,-9999.0,-9999.0,-9999.0,-9999.0,-9999.0,-9999.0,-9999.0,-9999.0
P13_HV1_3_interaction,active_and_state_lat_and_long_zero_last_source_row_continuous_segment,P13,HV1,3,keep_right,P13_HV1_3,P13_HV1.1.asc,HV3,60,initiator_active,15283,1,254716.67,254716.6667,3.0,3.0,28.815831,103.736992,6.0,674.462696,-5675.141524,0.053817,0.010473,0.0,28.816799,-0.00072,0.0,5675.311615,-59.336057,6.277482,1.0,0.0,0.0,0.0,5786.480136,-59.100212,1021.0,6.0,786.108879,6.0,0.65556,38.273763,137.785546,38.267834,-0.673631,0.000347,-0.483772,2.544893,0.001236,-0.233302,0.0,0.0,1.0,0.0,0.0,0.0,-9999.0,-9999.0,-9999.0,-9999.0,-9999.0,-9999.0,-9999.0,-9999.0,-9999.0,-9999.0,-9999.0,-9999.0,-9999.0,-9999.0
P13_HV1_3_interaction,active_and_state_lat_and_long_zero_last_source_row_continuous_segment,P13,HV1,3,keep_right,P13_HV1_3,P13_HV1.1.asc,HV3,60,initiator_active,15284,1,254733.33,254733.3343,3.0,3.0,28.816375,103.738949,6.0,674.942967,-5675.621789,0.05124,0.008495,0.0,28.817681,-0.000765,0.0,5675.791891,-59.338806,6.27749,1.0,0.0,0.0,0.0,5787.117591,-59.123964,1021.0,6.0,786.746446,6.0,0.635027,38.264953,137.753831,38.258926,-0.679125,0.000367,-0.483542,2.556226,0.001162,-0.230947,0.0,0.0,1.0,0.0,0.0,0.0,-9999.0,-9999.0,-9999.0,-9999.0,-9999.0,-9999.0,-9999.0,-9999.0,-9999.0,-9999.0,-9999.0,-9999.0,-9999.0,-9999.0
P13_HV1_3_interaction,active_and_state_lat_and_long_zero_last_source_row_continuous_segment,P13,HV1,3,keep_right,P13_HV1_3,P13_HV1.1.asc,HV3,60,initiator_active,15285,1,254750.0,254750.0007,3.0,3.0,28.817247,103.742089,6.0,675.42325,-5676.102068,0.059134,0.009223,0.0,28.8185,-0.000837,0.0,5676.272181,-59.341552,6.277497,1.0,0.0,0.0,0.0,5787.754926,-59.146998,1021.0,6.0,787.383889,6.0,0.615212,38.256138,137.722095,38.250027,-0.683718,0.000385,-0.483345,2.566238,0.001091,-0.229063,0.0,0.0,1.0,0.0,0.0,0.0,-9999.0,-9999.0,-9999.0,-9999.0,-9999.0,-9999.0,-9999.0,-9999.0,-9999.0,-9999.0,-9999.0,-9999.0,-9999.0,-9999.0
P13_HV1_3_interaction,active_and_state_lat_and_long_zero_last_source_row_continuous_segment,P13,HV1,3,keep_right,P13_HV1_3,P13_HV1.1.asc,HV3,60,initiator_active,15286,1,254766.67,254766.6676,3.0,3.0,28.818108,103.745187,6.0,675.903549,-5676.58236,0.056461,0.009761,0.0,28.819488,-0.000894,0.0,5676.752486,-59.344295,6.277505,1.0,0.0,0.0,0.0,5788.392139,-59.169309,1021.0,6.0,788.021207,6.0,0.596119,38.247318,137.690345,38.24114,-0.687425,0.000403,-0.483152,2.574122,0.001022,-0.227336,0.0,0.0,1.0,0.0,0.0,0.0,-9999.0,-9999.0,-9999.0,-9999.0,-9999.0,-9999.0,-9999.0,-9999.0,-9999.0,-9999.0,-9999.0,-9999.0,-9999.0,-9999.0
P13_HV1_3_interaction,active_and_state_lat_and_long_zero_last_source_row_continuous_segment,P13,HV1,3,keep_right,P13_HV1_3,P13_HV1.1.asc,HV3,60,initiator_active,15287,1,254783.35,254783.3463,3.0,3.0,28.818992,103.748373,6.0,676.383861,-5677.062667,0.043736,0.010078,0.0,28.820374,-0.00094,0.0,5677.232807,-59.347036,6.277512,1.0,0.0,0.0,0.0,5789.02923,-59.190896,1021.0,6.0,788.658399,6.0,0.57775,38.238495,137.658583,38.232265,-0.690267,0.000419,-0.482978,2.580351,0.000953,-0.225923,0.0,0.0,1.0,0.0,0.0,0.0,-9999.0,-9999.0,-9999.0,-9999.0,-9999.0,-9999.0,-9999.0,-9999.0,-9999.0,-9999.0,-9999.0,-9999.0,-9999.0,-9999.0
P13_HV1_3_interaction,active_and_state_lat_and_long_zero_last_source_row_continuous_segment,P13,HV1,3,keep_right,P13_HV1_3,P13_HV1.1.asc,HV3,60,initiator_active,15288,1,254800.0,254800.0001,3.0,3.0,28.819959,103.751851,6.0,676.864189,-5677.542991,0.049452,0.009064,0.0,28.821124,-0.000992,0.0,5677.713141,-59.349775,6.277519,1.0,0.0,0.0,0.0,5789.666199,-59.211755,1021.0,6.0,789.295465,6.0,0.560107,38.22967,137.626814,38.223402,-0.692262,0.000434,-0.482837,2.585404,0.000881,-0.224981,0.0,0.0,1.0,0.0,0.0,0.0,-9999.0,-9999.0,-9999.0,-9999.0,-9999.0,-9999.0,-9999.0,-9999.0,-9999.0,-9999.0,-9999.0,-9999.0,-9999.0,-9999.0
P13_HV1_3_interaction,active_and_state_lat_and_long_zero_last_source_row_continuous_segment,P13,HV1,3,keep_right,P13_HV1_3,P13_HV1.1.asc,HV3,60,initiator_active,15289,1,254816.67,254816.6675,3.0,3.0,28.820739,103.754659,6.0,677.344532,-5678.023328,0.053809,0.009691,0.0,28.821988,-0.001036,0.0,5678.193489,-59.352511,6.277526,1.0,0.0,0.0,0.0,5790.303043,-59.231887,1021.0,6.0,789.932402,6.0,0.543192,38.220845,137.595043,38.214554,-0.693461,0.000448,-0.48267,2.587731,0.000804,-0.223882,0.0,0.0,1.0,0.0,0.0,0.0,-9999.0,-9999.0,-9999.0,-9999.0,-9999.0,-9999.0,-9999.0,-9999.0,-9999.0,-9999.0,-9999.0,-9999.0,-9999.0,-9999.0
P13_HV1_3_interaction,active_and_state_lat_and_long_zero_last_source_row_continuous_segment,P13,HV1,3,keep_right,P13_HV1_3,P13_HV1.1.asc,HV3,60,initiator_active,15290,1,254833.33,254833.3346,3.0,3.0,28.821536,103.75753,6.0,677.824887,-5678.503678,0.057517,0.01001,0.0,28.822896,-0.001065,0.0,5678.673852,-59.355244,6.277533,1.0,0.0,0.0,0.0,5790.939763,-59.25129,1021.0,6.0,790.569212,6.0,0.527005,38.212022,137.56328,38.205721,-0.693919,0.00046,-0.482461,2.587063,0.000719,-0.222469,0.0,0.0,1.0,0.0,0.0,0.0,-9999.0,-9999.0,-9999.0,-9999.0,-9999.0,-9999.0,-9999.0,-9999.0,-9999.0,-9999.0,-9999.0,-9999.0,-9999.0,-9999.0
P13_HV1_3_interaction,active_and_state_lat_and_long_zero_last_source_row_continuous_segment,P13,HV1,3,keep_right,P13_HV1_3,P13_HV1.1.asc,HV3,60,initiator_active,15291,1,254850.0,254850.0009,3.0,3.0,28.822437,103.760772,6.0,678.305257,-5678.984043,0.058519,0.010114,0.0,28.823826,-0.001083,0.0,5679.154229,-59.357975,6.277539,1.0,0.0,0.0,0.0,5791.576357,-59.269964,1021.0,6.0,791.205892,6.0,0.511546,38.203204,137.531534,38.196905,-0.693693,0.000471,-0.482196,2.583131,0.000625,-0.220585,0.0,0.0,1.0,0.0,0.0,0.0,-9999.0,-9999.0,-9999.0,-9999.0,-9999.0,-9999.0,-9999.0,-9999.0,-9999.0,-9999.0,-9999.0,-9999.0,-9999.0,-9999.0
P13_HV1_3_interaction,active_and_state_lat_and_long_zero_last_source_row_continuous_segment,P13,HV1,3,keep_right,P13_HV1_3,P13_HV1.1.asc,HV3,60,initiator_active,15292,1,254866.67,254866.6674,3.0,3.0,28.823376,103.764152,6.0,678.785643,-5679.464423,0.054943,0.010126,0.0,28.824783,-0.001096,0.0,5679.634623,-59.360704,6.277545,1.0,0.0,0.0,0.0,5792.212825,-59.28791,1021.0,6.0,791.842443,6.0,0.496814,38.194395,137.49982,38.18811,-0.692861,0.000481,-0.481787,2.573618,0.000523,-0.217288,0.0,0.0,1.0,0.0,0.0,0.0,-9999.0,-9999.0,-9999.0,-9999.0,-9999.0,-9999.0,-9999.0,-9999.0,-9999.0,-9999.0,-9999.0,-9999.0,-9999.0,-9999.0
P13_HV1_3_interaction,active_and_state_lat_and_long_zero_last_source_row_continuous_segment,P13,HV1,3,keep_right,P13_HV1_3,P13_HV1.1.asc,HV3,60,initiator_active,15293,1,254883.33,254883.3342,3.0,3.0,28.824314,103.767531,6.0,679.266044,-5679.944819,0.05012,0.00672,0.0,28.825681,-0.001104,0.0,5680.115032,-59.363429,6.277551,1.0,0.0,0.0,0.0,5792.849165,-59.305131,1021.0,6.0,792.478862,6.0,0.482807,38.185597,137.46815,38.179337,-0.69145,0.000488,-0.481326,2.561134,0.000417,-0.21352,0.0,0.0,1.0,0.0,0.0,0.0,-9999.0,-9999.0,-9999.0,-9999.0,-9999.0,-9999.0,-9999.0,-9999.0,-9999.0,-9999.0,-9999.0,-9999.0,-9999.0,-9999.0
P13_HV1_3_interaction,active_and_state_lat_and_long_zero_last_source_row_continuous_segment,P13,HV1,3,keep_right,P13_HV1_3,P13_HV1.1.asc,HV3,60,initiator_active,15294,1,254900.0,254900.0002,3.0,3.0,28.825241,103.770867,6.0,679.746461,-5680.42523,0.05261,0.008199,0.0,28.826543,-0.001151,0.0,5680.595456,-59.366153,6.277557,1.0,0.0,0.0,0.0,5793.485379,-59.321629,1021.0,6.0,793.115151,6.0,0.469522,38.176817,137.436541,38.17059,-0.689522,0.000494,-0.480687,2.542056,0.000312,-0.207868,0.0,0.0,1.0,0.0,0.0,0.0,-9999.0,-9999.0,-9999.0,-9999.0,-9999.0,-9999.0,-9999.0,-9999.0,-9999.0,-9999.0,-9999.0,-9999.0,-9999.0,-9999.0
P13_HV1_3_interaction,active_and_state_lat_and_long_zero_last_source_row_continuous_segment,P13,HV1,3,keep_right,P13_HV1_3,P13_HV1.1.asc,HV3,60,initiator_active,15295,1,254916.67,254916.6667,3.0,3.0,28.826099,103.773956,6.0,680.226892,-5680.905656,0.049566,0.008938,0.0,28.8274,-0.001163,0.0,5681.075894,-59.368874,6.277563,1.0,0.0,0.0,0.0,5794.121463,-59.337408,1021.0,6.0,793.751307,6.0,0.456955,38.168057,137.405005,38.161872,-0.687081,0.000498,-0.479977,2.519343,0.000213,-0.201431,0.0,0.0,1.0,0.0,0.0,0.0,-9999.0,-9999.0,-9999.0,-9999.0,-9999.0,-9999.0,-9999.0,-9999.0,-9999.0,-9999.0,-9999.0,-9999.0,-9999.0,-9999.0
P13_HV1_3_interaction,active_and_state_lat_and_long_zero_last_source_row_continuous_segment,P13,HV1,3,keep_right,P13_HV1_3,P13_HV1.1.asc,HV3,60,initiator_active,15296,1,254933.33,254933.3341,3.0,3.0,28.826982,103.777134,6.0,680.707338,-5681.386096,0.035554,0.009117,0.0,28.828161,-0.001155,0.0,5681.556346,-59.371593,6.277567,1.0,0.0,0.0,0.0,5794.757419,-59.352474,1021.0,6.0,794.387331,6.0,0.445101,38.15932,137.373551,38.153187,-0.684116,0.0005,-0.479204,2.492969,0.000127,-0.194209,0.0,0.0,1.0,0.0,0.0,0.0,-9999.0,-9999.0,-9999.0,-9999.0,-9999.0,-9999.0,-9999.0,-9999.0,-9999.0,-9999.0,-9999.0,-9999.0,-9999.0,-9999.0
P13_HV1_3_interaction,active_and_state_lat_and_long_zero_last_source_row_continuous_segment,P13,HV1,3,keep_right,P13_HV1_3,P13_HV1.1.asc,HV3,60,initiator_active,15297,1,254950.0,254950.0009,3.0,3.0,28.827813,103.780127,6.0,681.187798,-5681.866551,0.044782,0.009033,0.0,28.828808,-0.001138,0.0,5682.036811,-59.37431,6.277572,1.0,0.0,0.0,0.0,5795.393245,-59.366834,1021.0,6.0,795.023222,6.0,0.433952,38.150616,137.342216,38.144542,-0.680742,0.000501,-0.478009,2.451939,5e-05,-0.181963,0.0,0.0,1.0,0.0,0.0,0.0,-9999.0,-9999.0,-9999.0,-9999.0,-9999.0,-9999.0,-9999.0,-9999.0,-9999.0,-9999.0,-9999.0,-9999.0,-9999.0,-9999.0
P13_HV1_3_interaction,active_and_state_lat_and_long_zero_last_source_row_continuous_segment,P13,HV1,3,keep_right,P13_HV1_3,P13_HV1.1.asc,HV3,60,initiator_active,15298,1,254966.67,254966.6725,3.0,3.0,28.828458,103.782447,6.0,681.66827,-5682.347017,0.053888,0.012245,0.0,28.829575,-0.001116,0.0,5682.517286,-59.377024,6.277577,1.0,0.0,0.0,0.0,5796.028942,-59.380495,1021.0,6.0,795.658979,6.0,0.423502,38.141934,137.310961,38.135932,-0.6766,0.000501,-0.477515,2.430021,-3e-06,-0.177724,0.0,0.0,1.0,0.0,0.0,0.0,-9999.0,-9999.0,-9999.0,-9999.0,-9999.0,-9999.0,-9999.0,-9999.0,-9999.0,-9999.0,-9999.0,-9999.0,-9999.0,-9999.0
P13_HV1_3_interaction,active_and_state_lat_and_long_zero_last_source_row_continuous_segment,P13,HV1,3,keep_right,P13_HV1_3,P13_HV1.1.asc,HV3,60,initiator_active,15299,1,254983.33,254983.3341,3.0,3.0,28.829181,103.785053,6.0,682.148753,-5682.827495,0.051241,0.010545,0.0,28.830472,-0.001047,0.0,5682.997775,-59.379736,6.277581,1.0,0.0,0.0,0.0,5796.664507,-59.393464,1021.0,6.0,796.294602,6.0,0.413742,38.133278,137.279801,38.12736,-0.671813,0.0005,-0.476698,2.395325,-2e-05,-0.169403,0.0,0.0,1.0,0.0,0.0,0.0,-9999.0,-9999.0,-9999.0,-9999.0,-9999.0,-9999.0,-9999.0,-9999.0,-9999.0,-9999.0,-9999.0,-9999.0,-9999.0,-9999.0
P13_HV1_3_interaction,active_and_state_lat_and_long_zero_last_source_row_continuous_segment,P13,HV1,3,keep_right,P13_HV1_3,P13_HV1.1.asc,HV3,60,initiator_active,15300,1,255000.0,255000.0009,3.0,3.0,28.830024,103.788087,6.0,682.62925,-5683.307986,0.057067,0.009585,0.0,28.831351,-0.001009,0.0,5683.478279,-59.382444,6.277586,1.0,0.0,0.0,0.0,5797.299942,-59.40575,1021.0,6.0,796.93009,6.0,0.404665,38.124651,137.248744,38.118827,-0.666349,0.000499,-0.475914,2.35947,-7.1e-05,-0.161396,0.0,0.0,1.0,0.0,0.0,0.0,-9999.0,-9999.0,-9999.0,-9999.0,-9999.0,-9999.0,-9999.0,-9999.0,-9999.0,-9999.0,-9999.0,-9999.0,-9999.0,-9999.0
P13_HV1_3_interaction,active_and_state_lat_and_long_zero_last_source_row_continuous_segment,P13,HV1,3,keep_right,P13_HV1_3,P13_HV1.1.asc,HV3,60,initiator_active,15301,1,255016.67,255016.6676,3.0,3.0,28.830899,103.791238,6.0,683.109761,-5683.788492,0.053631,0.009191,0.0,28.832307,-0.000985,0.0,5683.958798,-59.38515,6.27759,1.0,0.0,0.0,0.0,5797.935245,-59.417362,1021.0,6.0,797.565444,6.0,0.396262,38.116052,137.217788,38.110335,-0.660156,0.000496,-0.475206,2.323553,-0.000205,-0.154174,0.0,0.0,1.0,0.0,0.0,0.0,-9999.0,-9999.0,-9999.0,-9999.0,-9999.0,-9999.0,-9999.0,-9999.0,-9999.0,-9999.0,-9999.0,-9999.0,-9999.0,-9999.0
P13_HV1_3_interaction,active_and_state_lat_and_long_zero_last_source_row_continuous_segment,P13,HV1,3,keep_right,P13_HV1_3,P13_HV1.1.asc,HV3,60,initiator_active,15302,1,255033.33,255033.3344,3.0,3.0,28.831827,103.794576,6.0,683.590287,-5684.269013,0.049375,0.010755,0.0,28.833172,-0.000966,0.0,5684.439332,-59.387853,6.277595,1.0,0.0,0.0,0.0,5798.570416,-59.428308,1021.0,6.0,798.200662,6.0,0.388523,38.10748,137.18693,38.101882,-0.653187,0.000491,-0.474606,2.28869,-0.00038,-0.148208,0.0,0.0,1.0,0.0,0.0,0.0,-9999.0,-9999.0,-9999.0,-9999.0,-9999.0,-9999.0,-9999.0,-9999.0,-9999.0,-9999.0,-9999.0,-9999.0,-9999.0,-9999.0
P13_HV1_3_interaction,active_and_state_lat_and_long_zero_last_source_row_continuous_segment,P13,HV1,3,keep_right,P13_HV1_3,P13_HV1.1.asc,HV3,60,initiator_active,15303,1,255050.0,255050.0,3.0,3.0,28.832754,103.797913,6.0,684.070829,-5684.749549,0.059536,0.00996,0.0,28.834059,-0.000927,0.0,5684.919881,-59.390554,6.2776,1.0,0.0,0.0,0.0,5799.205455,-59.438599,1021.0,6.0,798.835744,6.0,0.38144,38.098934,137.156161,38.093466,-0.645408,0.000483,-0.474129,2.255621,-0.000619,-0.143812,0.0,0.0,1.0,0.0,0.0,0.0,-9999.0,-9999.0,-9999.0,-9999.0,-9999.0,-9999.0,-9999.0,-9999.0,-9999.0,-9999.0,-9999.0,-9999.0,-9999.0,-9999.0
P13_HV1_3_interaction,active_and_state_lat_and_long_zero_last_source_row_continuous_segment,P13,HV1,3,keep_right,P13_HV1_3,P13_HV1.1.asc,HV3,60,initiator_active,15304,1,255066.67,255066.6677,3.0,3.0,28.833584,103.800901,6.0,684.551386,-5685.2301,0.065734,0.007859,0.0,28.835164,-0.000905,0.0,5685.400445,-59.393252,6.277604,1.0,0.0,0.0,0.0,5799.840361,-59.448243,1021.0,6.0,799.470691,6.0,0.375002,38.090411,137.125479,38.085087,-0.636839,0.00047,-0.473724,2.222736,-0.000915,-0.140358,0.0,0.0,1.0,0.0,0.0,0.0,-9999.0,-9999.0,-9999.0,-9999.0,-9999.0,-9999.0,-9999.0,-9999.0,-9999.0,-9999.0,-9999.0,-9999.0,-9999.0,-9999.0
P13_HV1_3_interaction,active_and_state_lat_and_long_zero_last_source_row_continuous_segment,P13,HV1,3,keep_right,P13_HV1_3,P13_HV1.1.asc,HV3,60,initiator_active,15305,1,255083.34,255083.3413,3.0,3.0,28.834555,103.804397,6.0,685.031957,-5685.710666,0.027406,0.008484,0.0,28.83605,-0.000915,0.0,5685.881028,-59.395948,6.277609,1.0,0.0,0.0,0.0,5800.475134,-59.45725,1021.0,6.0,800.105502,6.0,0.369201,38.081911,137.09488,38.076741,-0.627511,0.000451,-0.473397,2.190561,-0.001202,-0.138003,0.0,0.0,1.0,0.0,0.0,0.0,-9999.0,-9999.0,-9999.0,-9999.0,-9999.0,-9999.0,-9999.0,-9999.0,-9999.0,-9999.0,-9999.0,-9999.0,-9999.0,-9999.0
P13_HV1_3_interaction,active_and_state_lat_and_long_zero_last_source_row_continuous_segment,P13,HV1,3,keep_right,P13_HV1_3,P13_HV1.1.asc,HV3,60,initiator_active,15306,1,255100.0,255100.0006,3.0,3.0,28.835712,103.808563,6.0,685.512548,-5686.191251,0.046492,0.005475,0.0,28.836583,-0.000913,0.0,5686.361623,-59.398641,6.277614,1.0,0.0,0.0,0.0,5801.109773,-59.46563,1021.0,6.0,800.740188,6.0,0.364026,38.073434,137.064363,38.068427,-0.617489,0.000429,-0.473111,2.158053,-0.001481,-0.136276,0.0,0.0,1.0,0.0,0.0,0.0,-9999.0,-9999.0,-9999.0,-9999.0,-9999.0,-9999.0,-9999.0,-9999.0,-9999.0,-9999.0,-9999.0,-9999.0,-9999.0,-9999.0
P13_HV1_3_interaction,active_and_state_lat_and_long_zero_last_source_row_continuous_segment,P13,HV1,3,keep_right,P13_HV1_3,P13_HV1.1.asc,HV3,60,initiator_active,15307,1,255116.67,255116.6669,3.0,3.0,28.836279,103.810603,6.0,685.99315,-5686.671848,0.060913,0.007128,0.0,28.837414,-0.00095,0.0,5686.842229,-59.401332,6.277619,1.0,0.0,0.0,0.0,5801.744279,-59.473392,1021.0,6.0,801.374757,6.0,0.359466,38.064979,137.033926,38.060142,-0.606835,0.000402,-0.472889,2.126232,-0.001714,-0.135491,0.0,0.0,1.0,0.0,0.0,0.0,-9999.0,-9999.0,-9999.0,-9999.0,-9999.0,-9999.0,-9999.0,-9999.0,-9999.0,-9999.0,-9999.0,-9999.0,-9999.0,-9999.0
P13_HV1_3_interaction,active_and_state_lat_and_long_zero_last_source_row_continuous_segment,P13,HV1,3,keep_right,P13_HV1_3,P13_HV1.1.asc,HV3,60,initiator_active,15308,1,255133.33,255133.3337,3.0,3.0,28.83697,103.813093,6.0,686.473763,-5687.152456,0.037064,0.007927,0.0,28.838333,-0.000953,0.0,5687.322849,-59.404022,6.277623,1.0,0.0,0.0,0.0,5802.37865,-59.480546,1021.0,6.0,802.009208,6.0,0.35551,38.056546,137.003566,38.051885,-0.595632,0.000371,-0.472705,2.094511,-0.001884,-0.135334,0.0,0.0,1.0,0.0,0.0,0.0,-9999.0,-9999.0,-9999.0,-9999.0,-9999.0,-9999.0,-9999.0,-9999.0,-9999.0,-9999.0,-9999.0,-9999.0,-9999.0,-9999.0
P13_HV1_3_interaction,active_and_state_lat_and_long_zero_last_source_row_continuous_segment,P13,HV1,3,keep_right,P13_HV1_3,P13_HV1.1.asc,HV3,60,initiator_active,15309,1,255150.0,255150.0003,3.0,3.0,28.837922,103.816519,6.0,686.954391,-5687.633078,0.058777,0.008126,0.0,28.839022,-0.000942,0.0,5687.803483,-59.406709,6.277628,1.0,0.0,0.0,0.0,5803.012888,-59.487102,1021.0,6.0,802.64354,6.0,0.352146,38.048135,136.973284,38.043653,-0.583983,0.000339,-0.472527,2.061943,-0.001991,-0.135334,0.0,0.0,1.0,0.0,0.0,0.0,-9999.0,-9999.0,-9999.0,-9999.0,-9999.0,-9999.0,-9999.0,-9999.0,-9999.0,-9999.0,-9999.0,-9999.0,-9999.0,-9999.0
P13_HV1_3_interaction,active_and_state_lat_and_long_zero_last_source_row_continuous_segment,P13,HV1,3,keep_right,P13_HV1_3,P13_HV1.1.asc,HV3,60,initiator_active,15310,1,255166.68,255166.6765,3.0,3.0,28.838641,103.819109,6.0,687.435032,-5688.113714,0.064493,0.008064,0.0,28.84008,-0.000925,0.0,5688.28413,-59.409394,6.277632,1.0,0.0,0.0,0.0,5803.64699,-59.49307,1021.0,6.0,803.277754,6.0,0.349363,38.039745,136.943083,38.035445,-0.572003,0.000305,-0.472322,2.027605,-0.002041,-0.13502,0.0,0.0,1.0,0.0,0.0,0.0,-9999.0,-9999.0,-9999.0,-9999.0,-9999.0,-9999.0,-9999.0,-9999.0,-9999.0,-9999.0,-9999.0,-9999.0,-9999.0,-9999.0
P13_HV1_3_interaction,active_and_state_lat_and_long_zero_last_source_row_continuous_segment,P13,HV1,3,keep_right,P13_HV1_3,P13_HV1.1.asc,HV3,60,initiator_active,15311,1,255183.33,255183.3343,3.0,3.0,28.839512,103.822241,6.0,687.915687,-5688.594362,0.056499,0.007924,0.0,28.841104,-0.000908,0.0,5688.764795,-59.412078,6.277636,1.0,0.0,0.0,0.0,5804.280958,-59.49846,1021.0,6.0,803.911849,6.0,0.347148,38.031379,136.912963,38.027259,-0.559777,0.000271,-0.472133,1.993383,-0.002045,-0.13502,0.0,0.0,1.0,0.0,0.0,0.0,-9999.0,-9999.0,-9999.0,-9999.0,-9999.0,-9999.0,-9999.0,-9999.0,-9999.0,-9999.0,-9999.0,-9999.0,-9999.0,-9999.0
P13_HV1_3_interaction,active_and_state_lat_and_long_zero_last_source_row_continuous_segment,P13,HV1,3,keep_right,P13_HV1_3,P13_HV1.1.asc,HV3,60,initiator_active,15312,1,255200.0,255200.001,3.0,3.0,28.840617,103.826221,6.0,688.396359,-5689.075029,0.067742,0.00778,0.0,28.842201,-0.000891,0.0,5689.245476,-59.414759,6.27764,1.0,0.0,0.0,0.0,5804.91479,-59.503284,1021.0,6.0,804.545825,6.0,0.34549,38.023034,136.882924,38.019094,-0.547404,0.000237,-0.471919,1.957894,-0.002015,-0.134706,0.0,0.0,1.0,0.0,0.0,0.0,-9999.0,-9999.0,-9999.0,-9999.0,-9999.0,-9999.0,-9999.0,-9999.0,-9999.0,-9999.0,-9999.0,-9999.0,-9999.0,-9999.0
P13_HV1_3_interaction,active_and_state_lat_and_long_zero_last_source_row_continuous_segment,P13,HV1,3,keep_right,P13_HV1_3,P13_HV1.1.asc,HV3,60,initiator_active,15313,1,255216.67,255216.6668,3.0,3.0,28.841575,103.829669,6.0,688.877048,-5689.555712,0.057812,0.007652,0.0,28.843263,-0.000874,0.0,5689.726177,-59.417438,6.277644,1.0,0.0,0.0,0.0,5805.548487,-59.507552,1021.0,6.0,805.179681,6.0,0.344375,38.014713,136.852967,38.010949,-0.534968,0.000204,-0.471692,1.921779,-0.00196,-0.134235,0.0,0.0,1.0,0.0,0.0,0.0,-9999.0,-9999.0,-9999.0,-9999.0,-9999.0,-9999.0,-9999.0,-9999.0,-9999.0,-9999.0,-9999.0,-9999.0,-9999.0,-9999.0
P13_HV1_3_interaction,active_and_state_lat_and_long_zero_last_source_row_continuous_segment,P13,HV1,3,keep_right,P13_HV1_3,P13_HV1.1.asc,HV3,60,initiator_active,15314,1,255233.33,255233.3343,3.0,3.0,28.842766,103.833957,6.0,689.357756,-5690.036415,0.047756,0.010927,0.0,28.844173,-0.000857,0.0,5690.206895,-59.420115,6.277648,1.0,0.0,0.0,0.0,5806.182049,-59.511274,1021.0,6.0,805.813419,6.0,0.343792,38.006415,136.823094,38.002823,-0.522548,0.000172,-0.471442,1.884837,-0.001889,-0.13345,0.0,0.0,1.0,0.0,0.0,0.0,-9999.0,-9999.0,-9999.0,-9999.0,-9999.0,-9999.0,-9999.0,-9999.0,-9999.0,-9999.0,-9999.0,-9999.0,-9999.0,-9999.0
P13_HV1_3_interaction,active_and_state_lat_and_long_zero_last_source_row_continuous_segment,P13,HV1,3,keep_right,P13_HV1_3,P13_HV1.1.asc,HV3,60,initiator_active,15315,1,255250.0,255250.0002,3.0,3.0,28.843745,103.837481,6.0,689.838481,-5690.517134,0.061387,0.009317,0.0,28.845028,-0.000796,0.0,5690.687627,-59.42279,6.277651,1.0,0.0,0.0,0.0,5806.815475,-59.514463,1021.0,6.0,806.447038,6.0,0.343728,37.99814,136.793303,37.994714,-0.510211,0.000141,-0.471171,1.84725,-0.001806,-0.132351,0.0,0.0,1.0,0.0,0.0,0.0,-9999.0,-9999.0,-9999.0,-9999.0,-9999.0,-9999.0,-9999.0,-9999.0,-9999.0,-9999.0,-9999.0,-9999.0,-9999.0,-9999.0
P13_HV1_3_interaction,active_and_state_lat_and_long_zero_last_source_row_continuous_segment,P13,HV1,3,keep_right,P13_HV1_3,P13_HV1.1.asc,HV3,60,initiator_active,15316,1,255266.67,255266.6672,3.0,3.0,28.844571,103.840456,6.0,690.31922,-5690.997868,0.059908,0.008453,0.0,28.846033,-0.000768,0.0,5691.168374,-59.425462,6.277656,1.0,0.0,0.0,0.0,5807.448766,-59.517129,1021.0,6.0,807.080537,6.0,0.34417,37.989888,136.763596,37.986623,-0.498018,0.000112,-0.470871,1.808772,-0.001715,-0.130781,0.0,0.0,1.0,0.0,0.0,0.0,-9999.0,-9999.0,-9999.0,-9999.0,-9999.0,-9999.0,-9999.0,-9999.0,-9999.0,-9999.0,-9999.0,-9999.0,-9999.0,-9999.0
P13_HV1_3_interaction,active_and_state_lat_and_long_zero_last_source_row_continuous_segment,P13,HV1,3,keep_right,P13_HV1_3,P13_HV1.1.asc,HV3,60,initiator_active,15317,1,255283.33,255283.3343,3.0,3.0,28.84554,103.843944,6.0,690.799975,-5691.478617,0.055553,0.008151,0.0,28.847018,-0.000756,0.0,5691.649138,-59.428132,6.27766,1.0,0.0,0.0,0.0,5808.08192,-59.519282,1021.0,6.0,807.713917,6.0,0.345105,37.981659,136.733972,37.978549,-0.48601,8.5e-05,-0.470563,1.770332,-0.001619,-0.129054,0.0,0.0,1.0,0.0,0.0,0.0,-9999.0,-9999.0,-9999.0,-9999.0,-9999.0,-9999.0,-9999.0,-9999.0,-9999.0,-9999.0,-9999.0,-9999.0,-9999.0,-9999.0
P13_HV1_3_interaction,active_and_state_lat_and_long_zero_last_source_row_continuous_segment,P13,HV1,3,keep_right,P13_HV1_3,P13_HV1.1.asc,HV3,60,initiator_active,15318,1,255300.0,255300.0006,3.0,3.0,28.846532,103.847515,6.0,691.280746,-5691.959382,0.072514,0.008109,0.0,28.848001,-0.000751,0.0,5692.129918,-59.430799,6.277665,1.0,0.0,0.0,0.0,5808.714939,-59.520936,1021.0,6.0,808.347178,6.0,0.346521,37.973453,136.70443,37.970492,-0.474221,5.9e-05,-0.470241,1.731616,-0.001519,-0.127013,0.0,0.0,1.0,0.0,0.0,0.0,-9999.0,-9999.0,-9999.0,-9999.0,-9999.0,-9999.0,-9999.0,-9999.0,-9999.0,-9999.0,-9999.0,-9999.0,-9999.0,-9999.0
P13_HV1_3_interaction,active_and_state_lat_and_long_zero_last_source_row_continuous_segment,P13,HV1,3,keep_right,P13_HV1_3,P13_HV1.1.asc,HV3,60,initiator_active,15319,1,255316.67,255316.667,3.0,3.0,28.847481,103.85093,6.0,691.761534,-5692.440164,0.055736,0.009358,0.0,28.849183,-0.000735,0.0,5692.610716,-59.433464,6.277669,1.0,0.0,0.0,0.0,5809.347822,-59.5221,1021.0,6.0,808.980319,6.0,0.348405,37.965268,136.674966,37.962449,-0.462661,3.4e-05,-0.469941,1.694295,-0.001418,-0.125286,0.0,0.0,1.0,0.0,0.0,0.0,-9999.0,-9999.0,-9999.0,-9999.0,-9999.0,-9999.0,-9999.0,-9999.0,-9999.0,-9999.0,-9999.0,-9999.0,-9999.0,-9999.0
P13_HV1_3_interaction,active_and_state_lat_and_long_zero_last_source_row_continuous_segment,P13,HV1,3,keep_right,P13_HV1_3,P13_HV1.1.asc,HV3,60,initiator_active,15320,1,255333.33,255333.3344,3.0,3.0,28.848606,103.854981,6.0,692.242339,-5692.920963,0.059897,0.008918,0.0,28.850108,-0.000723,0.0,5693.091532,-59.436127,6.277674,1.0,0.0,0.0,0.0,5809.980569,-59.522785,1021.0,6.0,809.613342,6.0,0.350743,37.957008,136.64523,37.954325,-0.451351,1.2e-05,-0.486378,1.657142,-0.001311,-0.123402,0.0,0.002198,1.0,0.0,0.0,0.0,-9999.0,-9999.0,-9999.0,-9999.0,-9999.0,-9999.0,-9999.0,-9999.0,-9999.0,-9999.0,-9999.0,-9999.0,-9999.0,-9999.0
P13_HV1_3_interaction,active_and_state_lat_and_long_zero_last_source_row_continuous_segment,P13,HV1,3,keep_right,P13_HV1_3,P13_HV1.1.asc,HV3,60,initiator_active,15321,1,255350.14,255350.1409,3.0,3.0,28.849647,103.858731,6.0,692.723162,-5693.401781,0.061552,0.00875,0.0,28.851118,-0.000723,0.0,5693.572364,-59.438787,6.277679,1.0,0.0,0.0,0.0,5810.613179,-59.523003,1021.0,6.0,810.246244,6.0,0.353525,37.948618,136.615024,37.946063,-0.440312,-9e-06,-0.474085,1.620367,-0.001261,-0.121361,0.0,0.0,1.0,0.0,0.0,0.0,-9999.0,-9999.0,-9999.0,-9999.0,-9999.0,-9999.0,-9999.0,-9999.0,-9999.0,-9999.0,-9999.0,-9999.0,-9999.0,-9999.0
P13_HV1_3_interaction,active_and_state_lat_and_long_zero_last_source_row_continuous_segment,P13,HV1,3,keep_right,P13_HV1_3,P13_HV1.1.asc,HV3,60,initiator_active,15322,1,255366.67,255366.6717,3.0,3.0,28.850608,103.862187,6.0,693.204001,-5693.882615,0.046714,0.008772,0.0,28.852112,-0.000731,0.0,5694.053213,-59.441445,6.277685,1.0,0.0,0.0,0.0,5811.245649,-59.522765,1021.0,6.0,810.879024,6.0,0.356737,37.940476,136.585713,37.938044,-0.429551,-2.9e-05,-0.469399,1.584275,-0.001162,-0.11932,0.0,0.0,1.0,0.0,0.0,0.0,-9999.0,-9999.0,-9999.0,-9999.0,-9999.0,-9999.0,-9999.0,-9999.0,-9999.0,-9999.0,-9999.0,-9999.0,-9999.0,-9999.0
P13_HV1_3_interaction,active_and_state_lat_and_long_zero_last_source_row_continuous_segment,P13,HV1,3,keep_right,P13_HV1_3,P13_HV1.1.asc,HV3,60,initiator_active,15323,1,255383.33,255383.3345,3.0,3.0,28.851631,103.865872,6.0,693.684858,-5694.363465,0.052443,0.008865,0.0,28.852896,-0.000743,0.0,5694.534077,-59.4441,6.27769,1.0,0.0,0.0,0.0,5811.877983,-59.522079,1021.0,6.0,811.511684,6.0,0.360368,37.932368,136.556526,37.930053,-0.419067,-4.7e-05,-0.468847,1.549724,-0.001044,-0.117593,0.0,0.0,1.0,0.0,0.0,0.0,-9999.0,-9999.0,-9999.0,-9999.0,-9999.0,-9999.0,-9999.0,-9999.0,-9999.0,-9999.0,-9999.0,-9999.0,-9999.0,-9999.0
P13_HV1_3_interaction,active_and_state_lat_and_long_zero_last_source_row_continuous_segment,P13,HV1,3,keep_right,P13_HV1_3,P13_HV1.1.asc,HV3,60,initiator_active,15324,1,255400.0,255400.0009,3.0,3.0,28.852501,103.869003,6.0,694.165729,-5694.844331,0.058372,0.010175,0.0,28.853783,-0.000743,0.0,5695.014955,-59.446753,6.277696,1.0,0.0,0.0,0.0,5812.51018,-59.520957,1021.0,6.0,812.144226,6.0,0.364407,37.924281,136.527412,37.922077,-0.408882,-6.3e-05,-0.468474,1.514731,-0.0009,-0.115395,0.0,0.0,1.0,0.0,0.0,0.0,-9999.0,-9999.0,-9999.0,-9999.0,-9999.0,-9999.0,-9999.0,-9999.0,-9999.0,-9999.0,-9999.0,-9999.0,-9999.0,-9999.0
P13_HV1_3_interaction,active_and_state_lat_and_long_zero_last_source_row_continuous_segment,P13,HV1,3,keep_right,P13_HV1_3,P13_HV1.1.asc,HV3,60,initiator_active,15325,1,255416.67,255416.667,3.0,3.0,28.853333,103.871998,6.0,694.646615,-5695.32521,0.059099,0.01098,0.0,28.854751,-0.000732,0.0,5695.495848,-59.449403,6.277702,1.0,0.0,0.0,0.0,5813.142242,-59.519408,1021.0,6.0,812.77665,6.0,0.36884,37.916212,136.498364,37.914113,-0.398993,-7.7e-05,-0.468164,1.480931,-0.000747,-0.113354,0.0,0.0,1.0,0.0,0.0,0.0,-9999.0,-9999.0,-9999.0,-9999.0,-9999.0,-9999.0,-9999.0,-9999.0,-9999.0,-9999.0,-9999.0,-9999.0,-9999.0,-9999.0
P13_HV1_3_interaction,active_and_state_lat_and_long_zero_last_source_row_continuous_segment,P13,HV1,3,keep_right,P13_HV1_3,P13_HV1.1.asc,HV3,60,initiator_active,15326,1,255433.33,255433.3341,3.0,3.0,28.85427,103.875371,6.0,695.127515,-5695.806105,0.062002,0.013244,0.0,28.855756,-0.000722,0.0,5695.976757,-59.45205,6.277708,1.0,0.0,0.0,0.0,5813.774169,-59.517443,1021.0,6.0,813.408955,6.0,0.373658,37.90816,136.469376,37.90616,-0.389389,-8.8e-05,-0.467891,1.448711,-0.000597,-0.111627,0.0,0.0,1.0,0.0,0.0,0.0,-9999.0,-9999.0,-9999.0,-9999.0,-9999.0,-9999.0,-9999.0,-9999.0,-9999.0,-9999.0,-9999.0,-9999.0,-9999.0,-9999.0
P13_HV1_3_interaction,active_and_state_lat_and_long_zero_last_source_row_continuous_segment,P13,HV1,3,keep_right,P13_HV1_3,P13_HV1.1.asc,HV3,60,initiator_active,15327,1,255450.0,255450.0005,3.0,3.0,28.855244,103.878877,6.0,695.608431,-5696.287016,0.055466,0.013516,0.0,28.856725,-0.000709,0.0,5696.457684,-59.454694,6.277715,1.0,0.0,0.0,0.0,5814.405959,-59.51507,1021.0,6.0,814.041142,6.0,0.37885,37.900124,136.440447,37.898218,-0.380088,-9.6e-05,-0.467604,1.416073,-0.000456,-0.109429,0.0,0.0,1.0,0.0,0.0,0.0,-9999.0,-9999.0,-9999.0,-9999.0,-9999.0,-9999.0,-9999.0,-9999.0,-9999.0,-9999.0,-9999.0,-9999.0,-9999.0,-9999.0
P13_HV1_3_interaction,active_and_state_lat_and_long_zero_last_source_row_continuous_segment,P13,HV1,3,keep_right,P13_HV1_3,P13_HV1.1.asc,HV3,60,initiator_active,15328,1,255466.67,255466.6672,3.0,3.0,28.856273,103.882583,6.0,696.089365,-5696.767943,0.047717,0.016343,0.0,28.857626,-0.000682,0.0,5696.938626,-59.457334,6.277723,1.0,0.0,0.0,0.0,5815.037614,-59.512299,1021.0,6.0,814.673211,6.0,0.384403,37.892104,136.411575,37.890287,-0.371096,-0.000102,-0.467309,1.383449,-0.000323,-0.106917,0.0,0.0,1.0,0.0,0.0,0.0,-9999.0,-9999.0,-9999.0,-9999.0,-9999.0,-9999.0,-9999.0,-9999.0,-9999.0,-9999.0,-9999.0,-9999.0,-9999.0,-9999.0
P13_HV1_3_interaction,active_and_state_lat_and_long_zero_last_source_row_continuous_segment,P13,HV1,3,keep_right,P13_HV1_3,P13_HV1.1.asc,HV3,60,initiator_active,15329,1,255483.33,255483.3334,3.0,3.0,28.857187,103.885874,6.0,696.570314,-5697.248887,0.054492,0.015446,0.0,28.858413,-0.000656,0.0,5697.419582,-59.459969,6.277731,1.0,0.0,0.0,0.0,5815.669133,-59.509139,1021.0,6.0,815.305163,6.0,0.390309,37.884099,136.382756,37.882366,-0.362382,-0.000107,-0.46705,1.353218,-0.000201,-0.105033,0.0,0.0,1.0,0.0,0.0,0.0,-9999.0,-9999.0,-9999.0,-9999.0,-9999.0,-9999.0,-9999.0,-9999.0,-9999.0,-9999.0,-9999.0,-9999.0,-9999.0,-9999.0
P13_HV1_3_interaction,active_and_state_lat_and_long_zero_last_source_row_continuous_segment,P13,HV1,3,keep_right,P13_HV1_3,P13_HV1.1.asc,HV3,60,initiator_active,15330,1,255500.0,255500.0009,3.0,3.0,28.858024,103.888885,6.0,697.051278,-5697.729845,0.067292,0.017645,0.0,28.859344,-0.000684,0.0,5697.900552,-59.4626,6.277741,1.0,0.0,0.0,0.0,5816.300517,-59.505599,1021.0,6.0,815.936997,6.0,0.396556,37.876108,136.353989,37.874454,-0.353952,-0.000109,-0.466782,1.322939,-9.1e-05,-0.102835,0.0,0.0,1.0,0.0,0.0,0.0,-9999.0,-9999.0,-9999.0,-9999.0,-9999.0,-9999.0,-9999.0,-9999.0,-9999.0,-9999.0,-9999.0,-9999.0,-9999.0,-9999.0
P13_HV1_3_interaction,active_and_state_lat_and_long_zero_last_source_row_continuous_segment,P13,HV1,3,keep_right,P13_HV1_3,P13_HV1.1.asc,HV3,60,initiator_active,15331,1,255516.67,255516.6677,3.0,3.0,28.858867,103.89192,6.0,697.532255,-5698.210816,0.056915,0.017272,0.0,28.860444,-0.000691,0.0,5698.381539,-59.465226,6.277752,1.0,0.0,0.0,0.0,5816.966831,-59.501459,1021.0,6.0,816.603806,6.0,0.403509,37.867688,136.323677,37.866113,-0.345342,-0.000109,-0.466525,1.292902,1.3e-05,-0.100951,0.0,0.0,1.0,0.0,0.0,0.0,-9999.0,-9999.0,-9999.0,-9999.0,-9999.0,-9999.0,-9999.0,-9999.0,-9999.0,-9999.0,-9999.0,-9999.0,-9999.0,-9999.0
P13_HV1_3_interaction,active_and_state_lat_and_long_zero_last_source_row_continuous_segment,P13,HV1,3,keep_right,P13_HV1_3,P13_HV1.1.asc,HV3,60,initiator_active,15332,1,255533.33,255533.3336,3.0,3.0,28.859905,103.895658,6.0,698.013249,-5698.691804,0.044841,0.017638,0.0,28.861278,-0.000732,0.0,5698.862543,-59.467848,6.277763,1.0,0.0,0.0,0.0,5817.562878,-59.497412,1021.0,6.0,817.200315,6.0,0.410034,37.860166,136.296598,37.858658,-0.33788,-0.000108,-0.466298,1.266589,9.7e-05,-0.099224,0.0,0.0,1.0,0.0,0.0,0.0,-9999.0,-9999.0,-9999.0,-9999.0,-9999.0,-9999.0,-9999.0,-9999.0,-9999.0,-9999.0,-9999.0,-9999.0,-9999.0,-9999.0
P13_HV1_3_interaction,active_and_state_lat_and_long_zero_last_source_row_continuous_segment,P13,HV1,3,keep_right,P13_HV1_3,P13_HV1.1.asc,HV3,60,initiator_active,15333,1,255550.0,255550.0006,3.0,3.0,28.860918,103.899305,6.0,698.49426,-5699.172809,0.054879,0.017266,0.0,28.862089,-0.000808,0.0,5699.34356,-59.470464,6.277776,1.0,0.0,0.0,0.0,5818.193856,-59.492782,1021.0,6.0,817.831798,6.0,0.417246,37.852213,136.267968,37.850773,-0.330216,-0.000106,-0.466085,1.24087,0.000176,-0.097968,0.0,0.0,1.0,0.0,0.0,0.0,-9999.0,-9999.0,-9999.0,-9999.0,-9999.0,-9999.0,-9999.0,-9999.0,-9999.0,-9999.0,-9999.0,-9999.0,-9999.0,-9999.0
P13_HV1_3_interaction,active_and_state_lat_and_long_zero_last_source_row_continuous_segment,P13,HV1,3,keep_right,P13_HV1_3,P13_HV1.1.asc,HV3,60,initiator_active,15334,1,255566.67,255566.668,3.0,3.0,28.861651,103.901945,6.0,698.975284,-5699.653828,0.055551,0.017617,0.0,28.863009,-0.000911,0.0,5699.824592,-59.473075,6.27779,1.0,0.0,0.0,0.0,5818.824698,-59.487803,1021.0,6.0,818.463164,6.0,0.424761,37.844272,136.239378,37.842895,-0.322784,-0.000102,-0.46589,1.21662,0.000249,-0.097026,0.0,0.0,1.0,0.0,0.0,0.0,-9999.0,-9999.0,-9999.0,-9999.0,-9999.0,-9999.0,-9999.0,-9999.0,-9999.0,-9999.0,-9999.0,-9999.0,-9999.0,-9999.0
P13_HV1_3_interaction,active_and_state_lat_and_long_zero_last_source_row_continuous_segment,P13,HV1,3,keep_right,P13_HV1_3,P13_HV1.1.asc,HV3,60,initiator_active,15335,1,255583.33,255583.3343,3.0,3.0,28.862546,103.905167,6.0,699.456323,-5700.13486,0.036578,0.018282,0.0,28.863742,-0.001024,0.0,5700.305639,-59.475681,6.277804,1.0,0.0,0.0,0.0,5819.455405,-59.482484,1021.0,6.0,819.094414,6.0,0.432571,37.83634,136.210824,37.835024,-0.315579,-9.7e-05,-0.465717,1.194233,0.000315,-0.096555,0.0,0.0,1.0,0.0,0.0,0.0,-9999.0,-9999.0,-9999.0,-9999.0,-9999.0,-9999.0,-9999.0,-9999.0,-9999.0,-9999.0,-9999.0,-9999.0,-9999.0,-9999.0
P13_HV1_3_interaction,active_and_state_lat_and_long_zero_last_source_row_continuous_segment,P13,HV1,3,keep_right,P13_HV1_3,P13_HV1.1.asc,HV3,60,initiator_active,15336,1,255600.0,255600.0007,3.0,3.0,28.863471,103.908497,6.0,699.937377,-5700.615908,0.056069,0.019005,0.0,28.864477,-0.001142,0.0,5700.786697,-59.478282,6.277819,1.0,0.0,0.0,0.0,5820.085977,-59.47683,1021.0,6.0,819.725548,6.0,0.440666,37.828418,136.182304,37.827159,-0.308608,-9.1e-05,-0.465552,1.17292,0.000377,-0.096241,0.0,0.0,1.0,0.0,0.0,0.0,-9999.0,-9999.0,-9999.0,-9999.0,-9999.0,-9999.0,-9999.0,-9999.0,-9999.0,-9999.0,-9999.0,-9999.0,-9999.0,-9999.0
P13_HV1_3_interaction,active_and_state_lat_and_long_zero_last_source_row_continuous_segment,P13,HV1,3,keep_right,P13_HV1_3,P13_HV1.1.asc,HV3,60,initiator_active,15337,1,255616.68,255616.6804,3.0,3.0,28.864046,103.910567,6.0,700.418442,-5701.096967,0.063144,0.019703,0.0,28.865483,-0.001263,0.0,5701.267768,-59.480878,6.277834,1.0,0.0,0.0,0.0,5820.716414,-59.47085,1021.0,6.0,820.356566,6.0,0.449039,37.820505,136.153816,37.8193,-0.30188,-8.4e-05,-0.465396,1.152715,0.000436,-0.096084,0.0,0.0,1.0,0.0,0.0,0.0,-9999.0,-9999.0,-9999.0,-9999.0,-9999.0,-9999.0,-9999.0,-9999.0,-9999.0,-9999.0,-9999.0,-9999.0,-9999.0,-9999.0
P13_HV1_3_interaction,active_and_state_lat_and_long_zero_last_source_row_continuous_segment,P13,HV1,3,keep_right,P13_HV1_3,P13_HV1.1.asc,HV3,60,initiator_active,15338,1,255633.35,255633.3506,3.0,3.0,28.864944,103.9138,6.0,700.89952,-5701.578039,0.071529,0.020349,0.0,28.866491,-0.001383,0.0,5701.748857,-59.483468,6.277849,1.0,0.0,0.0,0.0,5821.346716,-59.464547,1021.0,6.0,820.987468,6.0,0.457682,37.8126,136.12536,37.811446,-0.295416,-7.6e-05,-0.465234,1.132856,0.000493,-0.09577,0.0,0.0,1.0,0.0,0.0,0.0,-9999.0,-9999.0,-9999.0,-9999.0,-9999.0,-9999.0,-9999.0,-9999.0,-9999.0,-9999.0,-9999.0,-9999.0,-9999.0,-9999.0
P13_HV1_3_interaction,active_and_state_lat_and_long_zero_last_source_row_continuous_segment,P13,HV1,3,keep_right,P13_HV1_3,P13_HV1.1.asc,HV3,60,initiator_active,15339,1,255650.0,255650.0012,3.0,3.0,28.866009,103.917633,6.0,701.380616,-5702.059129,0.074603,0.019749,0.0,28.867785,-0.001517,0.0,5702.229963,-59.486053,6.277865,1.0,0.0,0.0,0.0,5821.976883,-59.45793,1021.0,6.0,821.618254,6.0,0.466589,37.804704,136.096934,37.803597,-0.289235,-6.8e-05,-0.465061,1.112993,0.000546,-0.095142,0.0,0.0,1.0,0.0,0.0,0.0,-9999.0,-9999.0,-9999.0,-9999.0,-9999.0,-9999.0,-9999.0,-9999.0,-9999.0,-9999.0,-9999.0,-9999.0,-9999.0,-9999.0
P13_HV1_3_interaction,active_and_state_lat_and_long_zero_last_source_row_continuous_segment,P13,HV1,3,keep_right,P13_HV1_3,P13_HV1.1.asc,HV3,60,initiator_active,15340,1,255666.67,255666.6671,3.0,3.0,28.867087,103.921514,6.0,701.861729,-5702.540236,0.054935,0.020812,0.0,28.868914,-0.001647,0.0,5702.711091,-59.488633,6.277881,1.0,0.0,0.0,0.0,5822.606915,-59.451002,1021.0,6.0,822.248925,6.0,0.47575,37.796817,136.068539,37.795754,-0.283354,-5.8e-05,-0.46487,1.092765,0.000594,-0.094043,0.0,0.0,1.0,0.0,0.0,0.0,-9999.0,-9999.0,-9999.0,-9999.0,-9999.0,-9999.0,-9999.0,-9999.0,-9999.0,-9999.0,-9999.0,-9999.0,-9999.0,-9999.0
P13_HV1_3_interaction,active_and_state_lat_and_long_zero_last_source_row_continuous_segment,P13,HV1,3,keep_right,P13_HV1_3,P13_HV1.1.asc,HV3,60,initiator_active,15341,1,255683.33,255683.3335,3.0,3.0,28.868406,103.926262,6.0,702.342864,-5703.021365,0.053859,0.022051,0.0,28.869819,-0.001775,0.0,5703.192236,-59.491207,6.277898,1.0,0.0,0.0,0.0,5823.236811,-59.443771,1021.0,6.0,822.879481,6.0,0.48516,37.788938,136.040175,37.787917,-0.277772,-4.8e-05,-0.464676,1.072982,0.000634,-0.092787,0.0,0.0,1.0,0.0,0.0,0.0,-9999.0,-9999.0,-9999.0,-9999.0,-9999.0,-9999.0,-9999.0,-9999.0,-9999.0,-9999.0,-9999.0,-9999.0,-9999.0,-9999.0
P13_HV1_3_interaction,active_and_state_lat_and_long_zero_last_source_row_continuous_segment,P13,HV1,3,keep_right,P13_HV1_3,P13_HV1.1.asc,HV3,60,initiator_active,15342,1,255700.04,255700.0427,3.0,3.0,28.869372,103.929738,6.0,702.824016,-5703.502511,0.058391,0.02231,0.0,28.87072,-0.00187,0.0,5703.673397,-59.493776,6.277914,1.0,0.0,0.0,0.0,5823.866573,-59.436242,1021.0,6.0,823.509921,6.0,0.494811,37.781067,136.011842,37.780085,-0.272505,-3.7e-05,-0.464449,1.051649,0.000662,-0.090589,0.0,0.0,1.0,0.0,0.0,0.0,-9999.0,-9999.0,-9999.0,-9999.0,-9999.0,-9999.0,-9999.0,-9999.0,-9999.0,-9999.0,-9999.0,-9999.0,-9999.0,-9999.0
P13_HV1_3_interaction,active_and_state_lat_and_long_zero_last_source_row_continuous_segment,P13,HV1,3,keep_right,P13_HV1_3,P13_HV1.1.asc,HV3,60,initiator_active,15343,1,255716.67,255716.667,3.0,3.0,28.870268,103.932965,6.0,703.305184,-5703.983672,0.062514,0.022549,0.0,28.871721,-0.001961,0.0,5704.154573,-59.496338,6.27793,1.0,0.0,0.0,0.0,5824.496201,-59.42842,1021.0,6.0,824.140247,6.0,0.504695,37.773206,135.983543,37.772259,-0.267553,-2.6e-05,-0.464197,1.029168,0.000679,-0.087606,0.0,0.0,1.0,0.0,0.0,0.0,-9999.0,-9999.0,-9999.0,-9999.0,-9999.0,-9999.0,-9999.0,-9999.0,-9999.0,-9999.0,-9999.0,-9999.0,-9999.0,-9999.0
P13_HV1_3_interaction,active_and_state_lat_and_long_zero_last_source_row_continuous_segment,P13,HV1,3,keep_right,P13_HV1_3,P13_HV1.1.asc,HV3,60,initiator_active,15344,1,255733.33,255733.3337,3.0,3.0,28.871207,103.936344,6.0,703.786366,-5704.464848,0.059818,0.024506,0.0,28.872699,-0.002048,0.0,5704.635766,-59.498894,6.277946,1.0,0.0,0.0,0.0,5825.125693,-59.420312,1021.0,6.0,824.770458,6.0,0.514805,37.765355,135.955279,37.76444,-0.26292,-1.4e-05,-0.463899,1.003918,0.000683,-0.08321,0.0,0.0,1.0,0.0,0.0,0.0,-9999.0,-9999.0,-9999.0,-9999.0,-9999.0,-9999.0,-9999.0,-9999.0,-9999.0,-9999.0,-9999.0,-9999.0,-9999.0,-9999.0
P13_HV1_3_interaction,active_and_state_lat_and_long_zero_last_source_row_continuous_segment,P13,HV1,3,keep_right,P13_HV1_3,P13_HV1.1.asc,HV3,60,initiator_active,15345,1,255750.01,255750.0066,3.0,3.0,28.872242,103.940072,6.0,704.267566,-5704.946042,0.073552,0.024028,0.0,28.873762,-0.002107,0.0,5705.116975,-59.501444,6.277962,1.0,0.0,0.0,0.0,5825.755051,-59.411924,1021.0,6.0,825.400555,6.0,0.525134,37.757515,135.927053,37.756629,-0.258601,-3e-06,-0.46355,0.975073,0.000672,-0.077087,0.0,0.0,1.0,0.0,0.0,0.0,-9999.0,-9999.0,-9999.0,-9999.0,-9999.0,-9999.0,-9999.0,-9999.0,-9999.0,-9999.0,-9999.0,-9999.0,-9999.0,-9999.0
P13_HV1_3_interaction,active_and_state_lat_and_long_zero_last_source_row_continuous_segment,P13,HV1,3,keep_right,P13_HV1_3,P13_HV1.1.asc,HV3,60,initiator_active,15346,1,255766.67,255766.6667,3.0,3.0,28.873197,103.94351,6.0,704.748782,-5705.427251,0.048284,0.023916,0.0,28.874919,-0.002173,0.0,5705.598203,-59.503987,6.277978,1.0,0.0,0.0,0.0,5826.384275,-59.403264,1021.0,6.0,826.030537,6.0,0.535672,37.749686,135.89887,37.748828,-0.254562,9e-06,-0.463165,0.942946,0.000645,-0.069394,0.0,0.0,1.0,0.0,0.0,0.0,-9999.0,-9999.0,-9999.0,-9999.0,-9999.0,-9999.0,-9999.0,-9999.0,-9999.0,-9999.0,-9999.0,-9999.0,-9999.0,-9999.0
P13_HV1_3_interaction,active_and_state_lat_and_long_zero_last_source_row_continuous_segment,P13,HV1,3,keep_right,P13_HV1_3,P13_HV1.1.asc,HV3,60,initiator_active,15347,1,255783.33,255783.3338,3.0,3.0,28.874375,103.947751,6.0,705.230016,-5705.908479,0.055882,0.024048,0.0,28.875715,-0.00224,0.0,5706.079448,-59.506524,6.277994,1.0,0.0,0.0,0.0,5827.013364,-59.394338,1021.0,6.0,826.660406,6.0,0.54641,37.74187,135.870731,37.741037,-0.250741,1.9e-05,-0.462756,0.907781,0.000599,-0.060288,0.0,0.0,1.0,0.0,0.0,0.0,-9999.0,-9999.0,-9999.0,-9999.0,-9999.0,-9999.0,-9999.0,-9999.0,-9999.0,-9999.0,-9999.0,-9999.0,-9999.0,-9999.0
P13_HV1_3_interaction,active_and_state_lat_and_long_zero_last_source_row_continuous_segment,P13,HV1,3,keep_right,P13_HV1_3,P13_HV1.1.asc,HV3,60,initiator_active,15348,1,255800.0,255800.0,3.0,3.0,28.875321,103.951155,6.0,705.711268,-5706.389725,0.058074,0.027663,0.0,28.876686,-0.002302,0.0,5706.560707,-59.509054,6.27801,1.0,0.0,0.0,0.0,5827.64232,-59.385155,1021.0,6.0,827.290162,6.0,0.557339,37.734066,135.842639,37.733257,-0.247082,2.9e-05,-0.462318,0.867811,0.000532,-0.049141,0.0,0.0,1.0,0.0,0.0,0.0,-9999.0,-9999.0,-9999.0,-9999.0,-9999.0,-9999.0,-9999.0,-9999.0,-9999.0,-9999.0,-9999.0,-9999.0,-9999.0,-9999.0
P13_HV1_3_interaction,active_and_state_lat_and_long_zero_last_source_row_continuous_segment,P13,HV1,3,keep_right,P13_HV1_3,P13_HV1.1.asc,HV3,60,initiator_active,15349,1,255816.67,255816.6674,3.0,3.0,28.87618,103.95425,6.0,706.192534,-5706.870984,0.054188,0.028085,0.0,28.877629,-0.002313,0.0,5707.041982,-59.511578,6.278026,1.0,0.0,0.0,0.0,5828.271141,-59.375723,1021.0,6.0,827.919805,6.0,0.568448,37.726276,135.814593,37.72549,-0.243467,3.7e-05,-0.461894,0.825956,0.000444,-0.037209,0.0,0.0,1.0,0.0,0.0,0.0,-9999.0,-9999.0,-9999.0,-9999.0,-9999.0,-9999.0,-9999.0,-9999.0,-9999.0,-9999.0,-9999.0,-9999.0,-9999.0,-9999.0
P13_HV1_3_interaction,active_and_state_lat_and_long_zero_last_source_row_continuous_segment,P13,HV1,3,keep_right,P13_HV1_3,P13_HV1.1.asc,HV3,60,initiator_active,15350,1,255833.33,255833.3342,3.0,3.0,28.87717,103.957813,6.0,706.673816,-5707.35226,0.047157,0.028459,0.0,28.878499,-0.002328,0.0,5707.523273,-59.514093,6.278043,1.0,0.0,0.0,0.0,5828.899829,-59.366054,1021.0,6.0,828.549335,6.0,0.579726,37.718498,135.786594,37.717736,-0.239778,4.4e-05,-0.46149,0.781492,0.000336,-0.024335,0.0,0.0,1.0,0.0,0.0,0.0,-9999.0,-9999.0,-9999.0,-9999.0,-9999.0,-9999.0,-9999.0,-9999.0,-9999.0,-9999.0,-9999.0,-9999.0,-9999.0,-9999.0
P13_HV1_3_interaction,active_and_state_lat_and_long_zero_last_source_row_continuous_segment,P13,HV1,3,keep_right,P13_HV1_3,P13_HV1.1.asc,HV3,60,initiator_active,15351,1,255850.0,255850.0003,3.0,3.0,28.87808,103.961089,6.0,707.155114,-5707.833551,0.056966,0.027269,0.0,28.879345,-0.002347,0.0,5708.004578,-59.516601,6.27806,1.0,0.0,0.0,0.0,5829.528384,-59.356156,1021.0,6.0,829.178754,6.0,0.591162,37.710734,135.758642,37.709996,-0.23594,4.9e-05,-0.461088,0.730618,0.000212,-0.009106,0.0,0.0,1.0,0.0,0.0,0.0,-9999.0,-9999.0,-9999.0,-9999.0,-9999.0,-9999.0,-9999.0,-9999.0,-9999.0,-9999.0,-9999.0,-9999.0,-9999.0,-9999.0
P13_HV1_3_interaction,active_and_state_lat_and_long_zero_last_source_row_continuous_segment,P13,HV1,3,keep_right,P13_HV1_3,P13_HV1.1.asc,HV3,60,initiator_active,15352,1,255866.67,255866.6675,3.0,3.0,28.878892,103.964011,6.0,707.636425,-5708.314856,0.047131,0.029843,0.0,28.880281,-0.002377,0.0,5708.485898,-59.519102,6.278077,1.0,0.0,0.0,0.0,5830.156805,-59.346041,1021.0,6.0,829.80806,6.0,0.602742,37.70298,135.730727,37.702268,-0.231609,5.1e-05,-0.46083,0.693567,7.3e-05,0.000157,0.0,0.0,1.0,0.0,0.0,0.0,-9999.0,-9999.0,-9999.0,-9999.0,-9999.0,-9999.0,-9999.0,-9999.0,-9999.0,-9999.0,-9999.0,-9999.0,-9999.0,-9999.0
P13_HV1_3_interaction,active_and_state_lat_and_long_zero_last_source_row_continuous_segment,P13,HV1,3,keep_right,P13_HV1_3,P13_HV1.1.asc,HV3,60,initiator_active,15353,1,255883.33,255883.3336,3.0,3.0,28.879819,103.967349,6.0,708.117752,-5708.796176,0.062827,0.033303,0.0,28.881173,-0.00238,0.0,5708.967233,-59.521594,6.278094,1.0,0.0,0.0,0.0,5830.785094,-59.335719,1021.0,6.0,830.437256,6.0,0.614456,37.695235,135.702847,37.694553,-0.226761,5.1e-05,-0.460573,0.650203,-7.9e-05,0.011304,0.0,0.0,1.0,0.0,0.0,0.0,-9999.0,-9999.0,-9999.0,-9999.0,-9999.0,-9999.0,-9999.0,-9999.0,-9999.0,-9999.0,-9999.0,-9999.0,-9999.0,-9999.0
P13_HV1_3_interaction,active_and_state_lat_and_long_zero_last_source_row_continuous_segment,P13,HV1,3,keep_right,P13_HV1_3,P13_HV1.1.asc,HV3,60,initiator_active,15354,1,255900.0,255900.0013,3.0,3.0,28.880673,103.970424,6.0,708.599093,-5709.27751,0.054842,0.033859,0.0,28.882169,-0.002356,0.0,5709.448584,-59.524077,6.278113,1.0,0.0,0.0,0.0,5831.413251,-59.325199,1021.0,6.0,831.06634,6.0,0.626291,37.6875,135.675001,37.686851,-0.221269,4.9e-05,-0.460369,0.610111,-0.000219,0.02041,0.0,0.0,1.0,0.0,0.0,0.0,-9999.0,-9999.0,-9999.0,-9999.0,-9999.0,-9999.0,-9999.0,-9999.0,-9999.0,-9999.0,-9999.0,-9999.0,-9999.0,-9999.0
P13_HV1_3_interaction,active_and_state_lat_and_long_zero_last_source_row_continuous_segment,P13,HV1,3,keep_right,P13_HV1_3,P13_HV1.1.asc,HV3,60,initiator_active,15355,1,255916.67,255916.667,3.0,3.0,28.881696,103.974106,6.0,709.08045,-5709.758861,0.05509,0.034653,0.0,28.883047,-0.002353,0.0,5709.929951,-59.526551,6.278132,1.0,0.0,0.0,0.0,5832.041275,-59.314493,1021.0,6.0,831.695315,6.0,0.638236,37.679773,135.647183,37.67916,-0.215027,4.4e-05,-0.460209,0.573452,-0.000339,0.027318,0.0,0.0,1.0,0.0,0.0,0.0,-9999.0,-9999.0,-9999.0,-9999.0,-9999.0,-9999.0,-9999.0,-9999.0,-9999.0,-9999.0,-9999.0,-9999.0,-9999.0,-9999.0
P13_HV1_3_interaction,active_and_state_lat_and_long_zero_last_source_row_continuous_segment,P13,HV1,3,keep_right,P13_HV1_3,P13_HV1.1.asc,HV3,60,initiator_active,15356,1,255933.33,255933.3341,3.0,3.0,28.882626,103.977453,6.0,709.561823,-5710.240227,0.055303,0.034557,0.0,28.883981,-0.002381,0.0,5710.411332,-59.529016,6.278153,1.0,0.0,0.0,0.0,5832.669167,-59.303609,1021.0,6.0,832.324179,6.0,0.65028,37.672053,135.619392,37.671479,-0.207987,3.8e-05,-0.460077,0.538937,-0.00043,0.032499,0.0,0.0,1.0,0.0,0.0,0.0,-9999.0,-9999.0,-9999.0,-9999.0,-9999.0,-9999.0,-9999.0,-9999.0,-9999.0,-9999.0,-9999.0,-9999.0,-9999.0,-9999.0
P13_HV1_3_interaction,active_and_state_lat_and_long_zero_last_source_row_continuous_segment,P13,HV1,3,keep_right,P13_HV1_3,P13_HV1.1.asc,HV3,60,initiator_active,15357,1,255950.0,255950.001,3.0,3.0,28.883506,103.980622,6.0,710.043211,-5710.721608,0.070062,0.038067,0.0,28.884899,-0.002423,0.0,5710.89273,-59.53147,6.278175,1.0,0.0,0.0,0.0,5833.296928,-59.292558,1021.0,6.0,832.952933,6.0,0.662411,37.66434,135.591624,37.663808,-0.200136,3e-05,-0.459967,0.506568,-0.000485,0.035953,0.0,0.0,1.0,0.0,0.0,0.0,-9999.0,-9999.0,-9999.0,-9999.0,-9999.0,-9999.0,-9999.0,-9999.0,-9999.0,-9999.0,-9999.0,-9999.0,-9999.0,-9999.0
P13_HV1_3_interaction,active_and_state_lat_and_long_zero_last_source_row_continuous_segment,P13,HV1,3,keep_right,P13_HV1_3,P13_HV1.1.asc,HV3,60,initiator_active,15358,1,255966.67,255966.6729,3.0,3.0,28.884442,103.983991,6.0,710.524615,-5711.203005,0.043244,0.040693,0.0,28.885979,-0.002444,0.0,5711.374143,-59.533915,6.278197,1.0,0.0,0.0,0.0,5833.924557,-59.281349,1021.0,6.0,833.581579,6.0,0.674619,37.656633,135.563878,37.656146,-0.191496,2.2e-05,-0.459873,0.476032,-0.000502,0.037837,0.0,0.0,1.0,0.0,0.0,0.0,-9999.0,-9999.0,-9999.0,-9999.0,-9999.0,-9999.0,-9999.0,-9999.0,-9999.0,-9999.0,-9999.0,-9999.0,-9999.0,-9999.0
P13_HV1_3_interaction,active_and_state_lat_and_long_zero_last_source_row_continuous_segment,P13,HV1,3,keep_right,P13_HV1_3,P13_HV1.1.asc,HV3,60,initiator_active,15359,1,255983.33,255983.3335,3.0,3.0,28.885482,103.987737,6.0,711.006035,-5711.684418,0.052772,0.041129,0.0,28.886729,-0.002469,0.0,5711.855573,-59.536348,6.278222,1.0,0.0,0.0,0.0,5834.552055,-59.269992,1021.0,6.0,834.210115,6.0,0.686892,37.648932,135.536154,37.648491,-0.182145,1.4e-05,-0.459786,0.444756,-0.000482,0.03925,0.0,0.0,1.0,0.0,0.0,0.0,-9999.0,-9999.0,-9999.0,-9999.0,-9999.0,-9999.0,-9999.0,-9999.0,-9999.0,-9999.0,-9999.0,-9999.0,-9999.0,-9999.0
P13_HV1_3_interaction,active_and_state_lat_and_long_zero_last_source_row_continuous_segment,P13,HV1,3,keep_right,P13_HV1_3,P13_HV1.1.asc,HV3,60,initiator_active,15360,1,256000.0,256000.0011,3.0,3.0,28.88634,103.990822,6.0,711.487471,-5712.165847,0.051232,0.041015,0.0,28.887624,-0.002545,0.0,5712.337016,-59.53877,6.278248,1.0,0.0,0.0,0.0,5835.179421,-59.258494,1021.0,6.0,834.838544,6.0,0.699221,37.641236,135.508451,37.640843,-0.172176,6e-06,-0.459703,0.412604,-0.000427,0.040349,0.0,0.0,1.0,0.0,0.0,0.0,-9999.0,-9999.0,-9999.0,-9999.0,-9999.0,-9999.0,-9999.0,-9999.0,-9999.0,-9999.0,-9999.0,-9999.0,-9999.0,-9999.0
P13_HV1_3_interaction,active_and_state_lat_and_long_zero_last_source_row_continuous_segment,P13,HV1,3,keep_right,P13_HV1_3,P13_HV1.1.asc,HV3,60,initiator_active,15361,1,256016.67,256016.674,3.0,3.0,28.887169,103.993809,6.0,711.96892,-5712.647289,0.076828,0.045455,0.0,28.888516,-0.002617,0.0,5712.818474,-59.54118,6.278275,1.0,0.0,0.0,0.0,5835.806658,-59.246867,1021.0,6.0,835.466864,6.0,0.711593,37.633547,135.480768,37.633199,-0.161689,-0.0,-0.459623,0.379057,-0.000347,0.041448,0.0,0.0,1.0,0.0,0.0,0.0,-9999.0,-9999.0,-9999.0,-9999.0,-9999.0,-9999.0,-9999.0,-9999.0,-9999.0,-9999.0,-9999.0,-9999.0,-9999.0,-9999.0
P13_HV1_3_interaction,active_and_state_lat_and_long_zero_last_source_row_continuous_segment,P13,HV1,3,keep_right,P13_HV1_3,P13_HV1.1.asc,HV3,60,initiator_active,15362,1,256033.33,256033.3345,3.0,3.0,28.888051,103.996984,6.0,712.450384,-5713.128746,0.058283,0.04816,0.0,28.889753,-0.0027,0.0,5713.299949,-59.543578,6.278304,1.0,0.0,0.0,0.0,5836.433763,-59.235121,1021.0,6.0,836.095076,6.0,0.723998,37.625863,135.453106,37.625561,-0.150799,-5e-06,-0.459544,0.342819,-0.000253,0.043175,0.0,0.0,1.0,0.0,0.0,0.0,-9999.0,-9999.0,-9999.0,-9999.0,-9999.0,-9999.0,-9999.0,-9999.0,-9999.0,-9999.0,-9999.0,-9999.0,-9999.0,-9999.0
P13_HV1_3_interaction,active_and_state_lat_and_long_zero_last_source_row_continuous_segment,P13,HV1,3,keep_right,P13_HV1_3,P13_HV1.1.asc,HV3,60,initiator_active,15363,1,256050.0,256050.0,3.0,3.0,28.889157,104.000964,6.0,712.931864,-5713.61022,0.053681,0.047683,0.0,28.890692,-0.002809,0.0,5713.781443,-59.545962,6.278336,1.0,0.0,0.0,0.0,5837.060739,-59.223266,1021.0,6.0,836.723181,6.0,0.736422,37.618184,135.425464,37.617925,-0.139629,-8e-06,-0.459468,0.302206,-0.000156,0.046315,0.0,0.0,1.0,0.0,0.0,0.0,-9999.0,-9999.0,-9999.0,-9999.0,-9999.0,-9999.0,-9999.0,-9999.0,-9999.0,-9999.0,-9999.0,-9999.0,-9999.0,-9999.0
P13_HV1_3_interaction,active_and_state_lat_and_long_zero_last_source_row_continuous_segment,P13,HV1,3,keep_right,P13_HV1_3,P13_HV1.1.asc,HV3,60,initiator_active,15364,1,256066.67,256066.667,3.0,3.0,28.890238,104.004858,6.0,713.413364,-5714.091712,0.057165,0.049662,0.0,28.891619,-0.002955,0.0,5714.262952,-59.548333,6.278368,1.0,0.0,0.0,0.0,5837.687584,-59.211313,1021.0,6.0,837.351179,6.0,0.748853,37.610511,135.39784,37.610292,-0.128229,-1e-05,-0.459397,0.261366,-6.9e-05,0.049298,0.0,0.0,1.0,0.0,0.0,0.0,-9999.0,-9999.0,-9999.0,-9999.0,-9999.0,-9999.0,-9999.0,-9999.0,-9999.0,-9999.0,-9999.0,-9999.0,-9999.0,-9999.0
P13_HV1_3_interaction,active_and_state_lat_and_long_zero_last_source_row_continuous_segment,P13,HV1,3,keep_right,P13_HV1_3,P13_HV1.1.asc,HV3,60,initiator_active,15365,1,256083.33,256083.3339,3.0,3.0,28.891139,104.008101,6.0,713.894879,-5714.57322,0.06373,0.05183,0.0,28.892649,-0.003116,0.0,5714.744477,-59.55069,6.278403,1.0,0.0,0.0,0.0,5838.3143,-59.199275,1021.0,6.0,837.979071,6.0,0.761277,37.602843,135.370234,37.602662,-0.116707,-1e-05,-0.459337,0.214934,-1e-06,0.054322,0.0,0.0,1.0,0.0,0.0,0.0,-9999.0,-9999.0,-9999.0,-9999.0,-9999.0,-9999.0,-9999.0,-9999.0,-9999.0,-9999.0,-9999.0,-9999.0,-9999.0,-9999.0
P13_HV1_3_interaction,active_and_state_lat_and_long_zero_last_source_row_continuous_segment,P13,HV1,3,keep_right,P13_HV1_3,P13_HV1.1.asc,HV3,60,initiator_active,15366,1,256100.04,256100.0362,3.0,3.0,28.892096,104.011544,6.0,714.37641,-5715.054744,0.053993,0.055222,0.0,28.893647,-0.003275,0.0,5715.22602,-59.553032,6.278439,1.0,0.0,0.0,0.0,5838.940887,-59.187163,1021.0,6.0,838.606857,6.0,0.773682,37.595179,135.342643,37.595032,-0.105099,-9e-06,-0.459292,0.166612,4.4e-05,0.059974,0.0,0.0,1.0,0.0,0.0,0.0,-9999.0,-9999.0,-9999.0,-9999.0,-9999.0,-9999.0,-9999.0,-9999.0,-9999.0,-9999.0,-9999.0,-9999.0,-9999.0,-9999.0
P13_HV1_3_interaction,active_and_state_lat_and_long_zero_last_source_row_continuous_segment,P13,HV1,3,keep_right,P13_HV1_3,P13_HV1.1.asc,HV3,60,initiator_active,15367,1,256116.67,256116.6667,3.0,3.0,28.89318,104.015448,6.0,714.857959,-5715.536285,0.049915,0.058123,0.0,28.894544,-0.003435,0.0,5715.707579,-59.55536,6.278477,1.0,0.0,0.0,0.0,5839.567345,-59.174992,1021.0,6.0,839.234537,6.0,0.786051,37.587518,135.315066,37.587402,-0.093425,-8e-06,-0.459265,0.116427,6.2e-05,0.066254,0.0,0.0,1.0,0.0,0.0,0.0,-9999.0,-9999.0,-9999.0,-9999.0,-9999.0,-9999.0,-9999.0,-9999.0,-9999.0,-9999.0,-9999.0,-9999.0,-9999.0,-9999.0
P13_HV1_3_interaction,active_and_state_lat_and_long_zero_last_source_row_continuous_segment,P13,HV1,3,keep_right,P13_HV1_3,P13_HV1.1.asc,HV3,60,initiator_active,15368,1,256133.33,256133.3341,3.0,3.0,28.894097,104.01875,6.0,715.339523,-5716.017842,0.047173,0.059617,0.0,28.895319,-0.00362,0.0,5716.189153,-59.55767,6.278517,1.0,0.0,0.0,0.0,5840.193674,-59.162775,1021.0,6.0,839.862112,6.0,0.798369,37.579861,135.287499,37.579772,-0.081693,-7e-06,-0.459261,0.064381,5.3e-05,0.073162,0.0,0.0,1.0,0.0,0.0,0.0,-9999.0,-9999.0,-9999.0,-9999.0,-9999.0,-9999.0,-9999.0,-9999.0,-9999.0,-9999.0,-9999.0,-9999.0,-9999.0,-9999.0
P13_HV1_3_interaction,active_and_state_lat_and_long_zero_last_source_row_continuous_segment,P13,HV1,3,keep_right,P13_HV1_3,P13_HV1.1.asc,HV3,60,initiator_active,15369,1,256150.0,256150.0001,3.0,3.0,28.89496,104.021857,6.0,715.821103,-5716.499414,0.054741,0.06161,0.0,28.896154,-0.003833,0.0,5716.670739,-59.559965,6.278559,1.0,0.0,0.0,0.0,5840.819876,-59.150526,1021.0,6.0,840.489582,6.0,0.810622,37.572205,135.259939,37.57214,-0.069894,-6e-06,-0.459281,0.011238,2e-05,0.080384,0.0,0.0,1.0,0.0,0.0,0.0,-9999.0,-9999.0,-9999.0,-9999.0,-9999.0,-9999.0,-9999.0,-9999.0,-9999.0,-9999.0,-9999.0,-9999.0,-9999.0,-9999.0
P13_HV1_3_interaction,active_and_state_lat_and_long_zero_last_source_row_continuous_segment,P13,HV1,3,keep_right,P13_HV1_3,P13_HV1.1.asc,HV3,60,initiator_active,15370,1,256166.67,256166.667,3.0,3.0,28.895712,104.024564,6.0,716.302694,-5716.980998,0.055016,0.062217,0.0,28.897069,-0.004063,0.0,5717.15234,-59.562242,6.278603,1.0,0.0,0.0,0.0,5841.445949,-59.138258,1021.0,6.0,841.116947,6.0,0.822794,37.564551,135.232384,37.564506,-0.057962,-6e-06,-0.459303,-0.038722,-3e-05,0.086193,0.0,0.0,1.0,0.0,0.0,0.0,-9999.0,-9999.0,-9999.0,-9999.0,-9999.0,-9999.0,-9999.0,-9999.0,-9999.0,-9999.0,-9999.0,-9999.0,-9999.0,-9999.0
P13_HV1_3_interaction,active_and_state_lat_and_long_zero_last_source_row_continuous_segment,P13,HV1,3,keep_right,P13_HV1_3,P13_HV1.1.asc,HV3,60,initiator_active,15371,1,256183.33,256183.3343,3.0,3.0,28.896611,104.027798,6.0,716.784301,-5717.462596,0.062514,0.065394,0.0,28.897985,-0.004325,0.0,5717.633956,-59.564501,6.278649,1.0,0.0,0.0,0.0,5842.071894,-59.125987,1021.0,6.0,841.744209,6.0,0.834869,37.556897,135.20483,37.556869,-0.0459,-7e-06,-0.459346,-0.08995,-9.2e-05,0.092316,0.0,0.0,1.0,0.0,0.0,0.0,-9999.0,-9999.0,-9999.0,-9999.0,-9999.0,-9999.0,-9999.0,-9999.0,-9999.0,-9999.0,-9999.0,-9999.0,-9999.0,-9999.0
P13_HV1_3_interaction,active_and_state_lat_and_long_zero_last_source_row_continuous_segment,P13,HV1,3,keep_right,P13_HV1_3,P13_HV1.1.asc,HV3,60,initiator_active,15372,1,256200.0,256200.0007,3.0,3.0,28.897528,104.0311,6.0,717.265922,-5717.94421,0.062299,0.068251,0.0,28.899079,-0.00458,0.0,5718.115589,-59.566742,6.278696,1.0,0.0,0.0,0.0,5842.697712,-59.113724,1021.0,6.0,842.371367,6.0,0.846833,37.549243,135.177276,37.549228,-0.033613,-9e-06,-0.459353,-0.133743,-0.000155,0.095299,0.0,0.0,1.0,0.0,0.0,0.0,-9999.0,-9999.0,-9999.0,-9999.0,-9999.0,-9999.0,-9999.0,-9999.0,-9999.0,-9999.0,-9999.0,-9999.0,-9999.0,-9999.0
P13_HV1_3_interaction,active_and_state_lat_and_long_zero_last_source_row_continuous_segment,P13,HV1,3,keep_right,P13_HV1_3,P13_HV1.1.asc,HV3,60,initiator_active,15373,1,256216.67,256216.6675,3.0,3.0,28.898506,104.034622,6.0,717.74756,-5718.42584,0.043868,0.06965,0.0,28.899999,-0.004848,0.0,5718.597239,-59.568965,6.278744,1.0,0.0,0.0,0.0,5843.323403,-59.101485,1021.0,6.0,842.998421,6.0,0.858669,37.54159,135.149723,37.541584,-0.0211,-1.2e-05,-0.459344,-0.174956,-0.000213,0.097026,0.0,0.0,1.0,0.0,0.0,0.0,-9999.0,-9999.0,-9999.0,-9999.0,-9999.0,-9999.0,-9999.0,-9999.0,-9999.0,-9999.0,-9999.0,-9999.0,-9999.0,-9999.0
P13_HV1_3_interaction,active_and_state_lat_and_long_zero_last_source_row_continuous_segment,P13,HV1,3,keep_right,P13_HV1_3,P13_HV1.1.asc,HV3,60,initiator_active,15374,1,256233.33,256233.3336,3.0,3.0,28.899598,104.038553,6.0,718.229215,-5718.907487,0.053486,0.070922,0.0,28.900775,-0.005115,0.0,5719.078904,-59.571168,6.278794,1.0,0.0,0.0,0.0,5843.948967,-59.08928,1021.0,6.0,843.625372,6.0,0.870366,37.533936,135.122168,37.533935,-0.00839,-1.6e-05,-0.459315,-0.213493,-0.000251,0.097497,0.0,0.0,1.0,0.0,0.0,0.0,-9999.0,-9999.0,-9999.0,-9999.0,-9999.0,-9999.0,-9999.0,-9999.0,-9999.0,-9999.0,-9999.0,-9999.0,-9999.0,-9999.0
P13_HV1_3_interaction,active_and_state_lat_and_long_zero_last_source_row_continuous_segment,P13,HV1,3,keep_right,P13_HV1_3,P13_HV1.1.asc,HV3,60,initiator_active,15375,1,256250.0,256250.001,3.0,3.0,28.900364,104.04131,6.0,718.710885,-5719.389149,0.043399,0.072647,0.0,28.901676,-0.005397,0.0,5719.560582,-59.573351,6.278845,1.0,0.0,0.0,0.0,5844.574405,-59.077121,1021.0,6.0,844.25222,6.0,0.88191,37.526281,135.094612,37.526281,0.004451,-2e-05,-0.45928,-0.251157,-0.000258,0.096555,0.0,0.0,1.0,0.0,0.0,0.0,-9999.0,-9999.0,-9999.0,-9999.0,-9999.0,-9999.0,-9999.0,-9999.0,-9999.0,-9999.0,-9999.0,-9999.0,-9999.0,-9999.0
P13_HV1_3_interaction,active_and_state_lat_and_long_zero_last_source_row_continuous_segment,P13,HV1,3,keep_right,P13_HV1_3,P13_HV1.1.asc,HV3,60,initiator_active,15376,1,256266.67,256266.6667,3.0,3.0,28.901221,104.044395,6.0,719.192568,-5719.870823,0.052989,0.074546,0.0,28.902417,-0.005682,0.0,5720.042275,-59.575514,6.278897,1.0,0.0,0.0,0.0,5845.199716,-59.065021,1021.0,6.0,844.878965,6.0,0.893287,37.518626,135.067054,37.518622,0.017386,-2.5e-05,-0.459213,-0.284772,-0.000232,0.094828,0.0,0.0,1.0,0.0,0.0,0.0,-9999.0,-9999.0,-9999.0,-9999.0,-9999.0,-9999.0,-9999.0,-9999.0,-9999.0,-9999.0,-9999.0,-9999.0,-9999.0,-9999.0
P13_HV1_3_interaction,active_and_state_lat_and_long_zero_last_source_row_continuous_segment,P13,HV1,3,keep_right,P13_HV1_3,P13_HV1.1.asc,HV3,60,initiator_active,15377,1,256283.34,256283.3444,3.0,3.0,28.902038,104.047336,6.0,719.674266,-5720.352513,0.055519,0.077691,0.0,28.903317,-0.00595,0.0,5720.523981,-59.577656,6.278951,1.0,0.0,0.0,0.0,5845.824901,-59.052989,1021.0,6.0,845.505608,6.0,0.904486,37.51097,135.039493,37.510958,0.030315,-2.8e-05,-0.459143,-0.318202,-0.000176,0.093101,0.0,0.0,1.0,0.0,0.0,0.0,-9999.0,-9999.0,-9999.0,-9999.0,-9999.0,-9999.0,-9999.0,-9999.0,-9999.0,-9999.0,-9999.0,-9999.0,-9999.0,-9999.0
P13_HV1_3_interaction,active_and_state_lat_and_long_zero_last_source_row_continuous_segment,P13,HV1,3,keep_right,P13_HV1_3,P13_HV1.1.asc,HV3,60,initiator_active,15378,1,256300.0,256300.0008,3.0,3.0,28.902858,104.050289,6.0,720.155976,-5720.834215,0.055292,0.079593,0.0,28.904242,-0.006228,0.0,5721.005702,-59.579777,6.279005,1.0,0.0,0.0,0.0,5846.44996,-59.041037,1021.0,6.0,846.132148,6.0,0.915493,37.503314,135.011929,37.503289,0.043147,-3e-05,-0.459066,-0.35052,-9.3e-05,0.09106,0.0,0.0,1.0,0.0,0.0,0.0,-9999.0,-9999.0,-9999.0,-9999.0,-9999.0,-9999.0,-9999.0,-9999.0,-9999.0,-9999.0,-9999.0,-9999.0,-9999.0,-9999.0
P13_HV1_3_interaction,active_and_state_lat_and_long_zero_last_source_row_continuous_segment,P13,HV1,3,keep_right,P13_HV1_3,P13_HV1.1.asc,HV3,60,initiator_active,15379,1,256316.67,256316.6674,3.0,3.0,28.90378,104.053608,6.0,720.637702,-5721.315932,0.05892,0.079765,0.0,28.905162,-0.0065,0.0,5721.487439,-59.581875,6.279061,1.0,0.0,0.0,0.0,5847.074893,-59.029175,1021.0,6.0,846.758587,6.0,0.926299,37.495655,134.98436,37.495614,0.055778,-3.1e-05,-0.458993,-0.383056,8e-06,0.089333,0.0,0.0,1.0,0.0,0.0,0.0,-9999.0,-9999.0,-9999.0,-9999.0,-9999.0,-9999.0,-9999.0,-9999.0,-9999.0,-9999.0,-9999.0,-9999.0,-9999.0,-9999.0
P13_HV1_3_interaction,active_and_state_lat_and_long_zero_last_source_row_continuous_segment,P13,HV1,3,keep_right,P13_HV1_3,P13_HV1.1.asc,HV3,60,initiator_active,15380,1,256333.42,256333.4171,3.0,3.0,28.904702,104.056929,6.0,721.119443,-5721.797664,0.048609,0.081876,0.0,28.906105,-0.006772,0.0,5721.969191,-59.583952,6.279117,1.0,0.0,0.0,0.0,5847.699701,-59.017412,1021.0,6.0,847.384923,6.0,0.93689,37.487995,134.956784,37.487934,0.068116,-3e-05,-0.458924,-0.415554,0.00012,0.08792,0.0,0.0,1.0,0.0,0.0,0.0,-9999.0,-9999.0,-9999.0,-9999.0,-9999.0,-9999.0,-9999.0,-9999.0,-9999.0,-9999.0,-9999.0,-9999.0,-9999.0,-9999.0
P13_HV1_3_interaction,active_and_state_lat_and_long_zero_last_source_row_continuous_segment,P13,HV1,3,keep_right,P13_HV1_3,P13_HV1.1.asc,HV3,60,initiator_active,15381,1,256350.0,256350.0009,3.0,3.0,28.905653,104.06035,6.0,721.6012,-5722.279412,0.044018,0.082601,0.0,28.906871,-0.007042,0.0,5722.450958,-59.586006,6.279173,1.0,0.0,0.0,0.0,5848.324382,-59.00576,1021.0,6.0,848.011157,6.0,0.947255,37.480333,134.9292,37.480248,0.080086,-2.7e-05,-0.45886,-0.447802,0.000231,0.086821,0.0,0.0,1.0,0.0,0.0,0.0,-9999.0,-9999.0,-9999.0,-9999.0,-9999.0,-9999.0,-9999.0,-9999.0,-9999.0,-9999.0,-9999.0,-9999.0,-9999.0,-9999.0
P13_HV1_3_interaction,active_and_state_lat_and_long_zero_last_source_row_continuous_segment,P13,HV1,3,keep_right,P13_HV1_3,P13_HV1.1.asc,HV3,60,initiator_active,15382,1,256366.67,256366.6674,3.0,3.0,28.90651,104.063437,6.0,722.082971,-5722.761175,0.051634,0.083639,0.0,28.907628,-0.007311,0.0,5722.932738,-59.588036,6.27923,1.0,0.0,0.0,0.0,5848.948939,-58.994229,1021.0,6.0,848.637289,6.0,0.957383,37.472669,134.901607,37.472557,0.091619,-2.2e-05,-0.458803,-0.480022,0.000332,0.086193,0.0,0.0,1.0,0.0,0.0,0.0,-9999.0,-9999.0,-9999.0,-9999.0,-9999.0,-9999.0,-9999.0,-9999.0,-9999.0,-9999.0,-9999.0,-9999.0,-9999.0,-9999.0
P13_HV1_3_interaction,active_and_state_lat_and_long_zero_last_source_row_continuous_segment,P13,HV1,3,keep_right,P13_HV1_3,P13_HV1.1.asc,HV3,60,initiator_active,15383,1,256383.33,256383.3335,3.0,3.0,28.907238,104.066057,6.0,722.564755,-5723.24295,0.055907,0.084798,0.0,28.908517,-0.007569,0.0,5723.414531,-59.590044,6.279288,1.0,0.0,0.0,0.0,5849.57337,-58.982827,1021.0,6.0,849.263319,6.0,0.967262,37.465001,134.874005,37.464861,0.102678,-1.5e-05,-0.458744,-0.510894,0.000418,0.085565,0.0,0.0,1.0,0.0,0.0,0.0,-9999.0,-9999.0,-9999.0,-9999.0,-9999.0,-9999.0,-9999.0,-9999.0,-9999.0,-9999.0,-9999.0,-9999.0,-9999.0,-9999.0
P13_HV1_3_interaction,active_and_state_lat_and_long_zero_last_source_row_continuous_segment,P13,HV1,3,keep_right,P13_HV1_3,P13_HV1.1.asc,HV3,60,initiator_active,15384,1,256400.0,256400.0008,3.0,3.0,28.908058,104.069008,6.0,723.046553,-5723.724738,0.088585,0.085903,0.0,28.909704,-0.007811,0.0,5723.89634,-59.592029,6.279345,1.0,0.0,0.0,0.0,5850.197676,-58.971564,1021.0,6.0,849.889247,6.0,0.976882,37.457331,134.846391,37.45716,0.113218,-8e-06,-0.458693,-0.541518,0.000485,0.085408,0.0,0.0,1.0,0.0,0.0,0.0,-9999.0,-9999.0,-9999.0,-9999.0,-9999.0,-9999.0,-9999.0,-9999.0,-9999.0,-9999.0,-9999.0,-9999.0,-9999.0,-9999.0
P13_HV1_3_interaction,active_and_state_lat_and_long_zero_last_source_row_continuous_segment,P13,HV1,3,keep_right,P13_HV1_3,P13_HV1.1.asc,HV3,60,initiator_active,15385,1,256416.67,256416.6672,3.0,3.0,28.908983,104.072338,6.0,723.528365,-5724.206541,0.036153,0.086963,0.0,28.910839,-0.008036,0.0,5724.37817,-59.59399,6.279402,1.0,0.0,0.0,0.0,5850.821857,-58.96045,1021.0,6.0,850.515073,6.0,0.986233,37.449657,134.818767,37.449455,0.123227,1e-06,-0.458636,-0.570237,0.000533,0.085094,0.0,0.0,1.0,0.0,0.0,0.0,-9999.0,-9999.0,-9999.0,-9999.0,-9999.0,-9999.0,-9999.0,-9999.0,-9999.0,-9999.0,-9999.0,-9999.0,-9999.0,-9999.0
P13_HV1_3_interaction,active_and_state_lat_and_long_zero_last_source_row_continuous_segment,P13,HV1,3,keep_right,P13_HV1_3,P13_HV1.1.asc,HV3,60,initiator_active,15386,1,256433.34,256433.3352,3.0,3.0,28.910442,104.077593,6.0,724.010199,-5724.688365,0.045715,0.086662,0.0,28.911497,-0.008257,0.0,5724.860016,-59.595926,6.27946,1.0,0.0,0.0,0.0,5851.445913,-58.949493,1021.0,6.0,851.140797,6.0,0.995303,37.441981,134.791131,37.441746,0.13268,1e-05,-0.458583,-0.598207,0.000563,0.085094,0.0,0.0,1.0,0.0,0.0,0.0,-9999.0,-9999.0,-9999.0,-9999.0,-9999.0,-9999.0,-9999.0,-9999.0,-9999.0,-9999.0,-9999.0,-9999.0,-9999.0,-9999.0
P13_HV1_3_interaction,active_and_state_lat_and_long_zero_last_source_row_continuous_segment,P13,HV1,3,keep_right,P13_HV1_3,P13_HV1.1.asc,HV3,60,initiator_active,15387,1,256450.0,256450.0011,3.0,3.0,28.91114,104.080104,6.0,724.492049,-5725.170205,0.054415,0.083373,0.0,28.912301,-0.008472,0.0,5725.341874,-59.597839,6.279517,1.0,0.0,0.0,0.0,5852.069844,-58.938702,1021.0,6.0,851.766419,6.0,1.004083,37.434301,134.763485,37.434034,0.141591,2e-05,-0.458512,-0.623027,0.000578,0.084466,0.0,0.0,1.0,0.0,0.0,0.0,-9999.0,-9999.0,-9999.0,-9999.0,-9999.0,-9999.0,-9999.0,-9999.0,-9999.0,-9999.0,-9999.0,-9999.0,-9999.0,-9999.0
P13_HV1_3_interaction,active_and_state_lat_and_long_zero_last_source_row_continuous_segment,P13,HV1,3,keep_right,P13_HV1_3,P13_HV1.1.asc,HV3,60,initiator_active,15388,1,256466.67,256466.6674,3.0,3.0,28.911878,104.082761,6.0,724.97391,-5725.652057,0.045901,0.083431,0.0,28.913118,-0.008713,0.0,5725.823746,-59.599729,6.279573,1.0,0.0,0.0,0.0,5852.69365,-58.928083,1021.0,6.0,852.391939,6.0,1.012564,37.42662,134.735831,37.426319,0.149981,2.9e-05,-0.458412,-0.643935,0.00058,0.082896,0.0,0.0,1.0,0.0,0.0,0.0,-9999.0,-9999.0,-9999.0,-9999.0,-9999.0,-9999.0,-9999.0,-9999.0,-9999.0,-9999.0,-9999.0,-9999.0,-9999.0,-9999.0
P13_HV1_3_interaction,active_and_state_lat_and_long_zero_last_source_row_continuous_segment,P13,HV1,3,keep_right,P13_HV1_3,P13_HV1.1.asc,HV3,60,initiator_active,15389,1,256483.33,256483.3341,3.0,3.0,28.912754,104.085913,6.0,725.455785,-5726.133922,0.048355,0.083444,0.0,28.913913,-0.008921,0.0,5726.305631,-59.601596,6.279629,1.0,0.0,0.0,0.0,5853.31733,-58.917644,1021.0,6.0,853.017357,6.0,1.020739,37.418937,134.708172,37.418604,0.157874,3.9e-05,-0.458271,-0.65977,0.000574,0.079913,0.0,0.0,1.0,0.0,0.0,0.0,-9999.0,-9999.0,-9999.0,-9999.0,-9999.0,-9999.0,-9999.0,-9999.0,-9999.0,-9999.0,-9999.0,-9999.0,-9999.0,-9999.0
P13_HV1_3_interaction,active_and_state_lat_and_long_zero_last_source_row_continuous_segment,P13,HV1,3,keep_right,P13_HV1_3,P13_HV1.1.asc,HV3,60,initiator_active,15390,1,256500.0,256500.0013,3.0,3.0,28.913501,104.088602,6.0,725.937673,-5726.6158,0.051141,0.083162,0.0,28.914747,-0.009095,0.0,5726.787529,-59.60344,6.279683,1.0,0.0,0.0,0.0,5853.940886,-58.90739,1021.0,6.0,853.642672,6.0,1.0286,37.411253,134.680512,37.410888,0.16527,4.8e-05,-0.458095,-0.670939,0.000564,0.075674,0.0,0.0,1.0,0.0,0.0,0.0,-9999.0,-9999.0,-9999.0,-9999.0,-9999.0,-9999.0,-9999.0,-9999.0,-9999.0,-9999.0,-9999.0,-9999.0,-9999.0,-9999.0
P13_HV1_3_interaction,active_and_state_lat_and_long_zero_last_source_row_continuous_segment,P13,HV1,3,keep_right,P13_HV1_3,P13_HV1.1.asc,HV3,60,initiator_active,15391,1,256516.67,256516.6676,3.0,3.0,28.914315,104.091535,6.0,726.419575,-5727.097692,0.047985,0.081396,0.0,28.915579,-0.009249,0.0,5727.269442,-59.605261,6.279735,1.0,0.0,0.0,0.0,5854.564317,-58.897326,1021.0,6.0,854.267885,6.0,1.036141,37.40357,134.652854,37.403174,0.172142,5.7e-05,-0.457896,-0.678573,0.00056,0.07065,0.0,0.0,1.0,0.0,0.0,0.0,-9999.0,-9999.0,-9999.0,-9999.0,-9999.0,-9999.0,-9999.0,-9999.0,-9999.0,-9999.0,-9999.0,-9999.0,-9999.0,-9999.0
P13_HV1_3_interaction,active_and_state_lat_and_long_zero_last_source_row_continuous_segment,P13,HV1,3,keep_right,P13_HV1_3,P13_HV1.1.asc,HV3,60,initiator_active,15392,1,256533.33,256533.3341,3.0,3.0,28.915173,104.094624,6.0,726.90149,-5727.579597,0.05497,0.08109,0.0,28.916409,-0.009369,0.0,5727.751368,-59.607059,6.279786,1.0,0.0,0.0,0.0,5855.187623,-58.887454,1021.0,6.0,854.892995,6.0,1.043357,37.395889,134.625199,37.395463,0.178449,6.6e-05,-0.457681,-0.682957,0.000568,0.064998,0.0,0.0,1.0,0.0,0.0,0.0,-9999.0,-9999.0,-9999.0,-9999.0,-9999.0,-9999.0,-9999.0,-9999.0,-9999.0,-9999.0,-9999.0,-9999.0,-9999.0,-9999.0
P13_HV1_3_interaction,active_and_state_lat_and_long_zero_last_source_row_continuous_segment,P13,HV1,3,keep_right,P13_HV1_3,P13_HV1.1.asc,HV3,60,initiator_active,15393,1,256550.0,256550.0009,3.0,3.0,28.915978,104.097522,6.0,727.38342,-5728.061516,0.051832,0.079123,0.0,28.917331,-0.009461,0.0,5728.233309,-59.608836,6.279836,1.0,0.0,0.0,0.0,5855.810804,-58.877779,1021.0,6.0,855.518002,6.0,1.050244,37.388209,134.597551,37.387755,0.184148,7.6e-05,-0.457453,-0.683963,0.000591,0.058718,0.0,0.0,1.0,0.0,0.0,0.0,-9999.0,-9999.0,-9999.0,-9999.0,-9999.0,-9999.0,-9999.0,-9999.0,-9999.0,-9999.0,-9999.0,-9999.0,-9999.0,-9999.0
P13_HV1_3_interaction,active_and_state_lat_and_long_zero_last_source_row_continuous_segment,P13,HV1,3,keep_right,P13_HV1_3,P13_HV1.1.asc,HV3,60,initiator_active,15394,1,256566.67,256566.6676,3.0,3.0,28.916867,104.100721,6.0,727.865363,-5728.543449,0.047701,0.076093,0.0,28.918167,-0.009542,0.0,5728.715265,-59.610591,6.279883,1.0,0.0,0.0,0.0,5856.43386,-58.868301,1021.0,6.0,856.142907,6.0,1.0568,37.380531,134.569913,37.380052,0.189205,8.6e-05,-0.457206,-0.680681,0.000626,0.051496,0.0,0.0,1.0,0.0,0.0,0.0,-9999.0,-9999.0,-9999.0,-9999.0,-9999.0,-9999.0,-9999.0,-9999.0,-9999.0,-9999.0,-9999.0,-9999.0,-9999.0,-9999.0
P13_HV1_3_interaction,active_and_state_lat_and_long_zero_last_source_row_continuous_segment,P13,HV1,3,keep_right,P13_HV1_3,P13_HV1.1.asc,HV3,60,initiator_active,15395,1,256583.33,256583.3342,3.0,3.0,28.917763,104.103946,6.0,728.347322,-5729.025397,0.05166,0.074269,0.0,28.918961,-0.009576,0.0,5729.197234,-59.612326,6.279928,1.0,0.0,0.0,0.0,5857.056791,-58.859022,1021.0,6.0,856.767708,6.0,1.06302,37.372857,134.542284,37.372356,0.193548,9.6e-05,-0.456968,-0.675732,0.000672,0.044431,0.0,0.0,1.0,0.0,0.0,0.0,-9999.0,-9999.0,-9999.0,-9999.0,-9999.0,-9999.0,-9999.0,-9999.0,-9999.0,-9999.0,-9999.0,-9999.0,-9999.0,-9999.0
P13_HV1_3_interaction,active_and_state_lat_and_long_zero_last_source_row_continuous_segment,P13,HV1,3,keep_right,P13_HV1_3,P13_HV1.1.asc,HV3,60,initiator_active,15396,1,256600.0,256600.0004,3.0,3.0,28.918564,104.10683,6.0,728.829294,-5729.507359,0.048712,0.073996,0.0,28.919817,-0.009573,0.0,5729.679217,-59.61404,6.279971,1.0,0.0,0.0,0.0,5857.679597,-58.849941,1021.0,6.0,857.392405,6.0,1.068905,37.365185,134.514667,37.364665,0.197105,0.000108,-0.456745,-0.669711,0.000726,0.037837,0.0,0.0,1.0,0.0,0.0,0.0,-9999.0,-9999.0,-9999.0,-9999.0,-9999.0,-9999.0,-9999.0,-9999.0,-9999.0,-9999.0,-9999.0,-9999.0,-9999.0,-9999.0
P13_HV1_3_interaction,active_and_state_lat_and_long_zero_last_source_row_continuous_segment,P13,HV1,3,keep_right,P13_HV1_3,P13_HV1.1.asc,HV3,60,initiator_active,15397,1,256616.67,256616.6674,3.0,3.0,28.919391,104.109809,6.0,729.31128,-5729.989334,0.051832,0.072753,0.0,28.920623,-0.009511,0.0,5730.161215,-59.615734,6.280011,1.0,0.0,0.0,0.0,5858.302278,-58.841058,1021.0,6.0,858.017,6.0,1.074453,37.357517,134.48706,37.356982,0.199795,0.00012,-0.45655,-0.664398,0.000784,0.032499,0.0,0.0,1.0,0.0,0.0,0.0,-9999.0,-9999.0,-9999.0,-9999.0,-9999.0,-9999.0,-9999.0,-9999.0,-9999.0,-9999.0,-9999.0,-9999.0,-9999.0,-9999.0
P13_HV1_3_interaction,active_and_state_lat_and_long_zero_last_source_row_continuous_segment,P13,HV1,3,keep_right,P13_HV1_3,P13_HV1.1.asc,HV3,60,initiator_active,15398,1,256633.35,256633.3457,3.0,3.0,28.920223,104.112802,6.0,729.79328,-5730.471323,0.055759,0.066363,0.0,28.921514,-0.009424,0.0,5730.643226,-59.617408,6.280049,1.0,0.0,0.0,0.0,5858.924834,-58.832373,1021.0,6.0,858.64149,6.0,1.079662,37.349851,134.459462,37.349307,0.201575,0.000134,-0.456375,-0.658863,0.00084,0.028103,0.0,0.0,1.0,0.0,0.0,0.0,-9999.0,-9999.0,-9999.0,-9999.0,-9999.0,-9999.0,-9999.0,-9999.0,-9999.0,-9999.0,-9999.0,-9999.0,-9999.0,-9999.0
P13_HV1_3_interaction,active_and_state_lat_and_long_zero_last_source_row_continuous_segment,P13,HV1,3,keep_right,P13_HV1_3,P13_HV1.1.asc,HV3,60,initiator_active,15399,1,256650.0,256650.0012,3.0,3.0,28.921055,104.115798,6.0,730.275293,-5730.953325,0.048533,0.06511,0.0,28.92241,-0.009361,0.0,5731.125252,-59.619064,6.280085,1.0,0.0,0.0,0.0,5859.547265,-58.823885,1021.0,6.0,859.265876,6.0,1.084533,37.342187,134.431874,37.341639,0.202412,0.000148,-0.456227,-0.654217,0.000886,0.02512,0.0,0.0,1.0,0.0,0.0,0.0,-9999.0,-9999.0,-9999.0,-9999.0,-9999.0,-9999.0,-9999.0,-9999.0,-9999.0,-9999.0,-9999.0,-9999.0,-9999.0,-9999.0
P13_HV1_3_interaction,active_and_state_lat_and_long_zero_last_source_row_continuous_segment,P13,HV1,3,keep_right,P13_HV1_3,P13_HV1.1.asc,HV3,60,initiator_active,15400,1,256666.67,256666.6675,3.0,3.0,28.921978,104.119121,6.0,730.757321,-5731.435343,0.044513,0.061525,0.0,28.92318,-0.009239,0.0,5731.607293,-59.620702,6.280118,1.0,0.0,0.0,0.0,5860.169571,-58.815592,1021.0,6.0,859.890159,6.0,1.089066,37.334527,134.404296,37.333978,0.202313,0.000163,-0.456096,-0.649283,0.000913,0.023079,0.0,0.0,1.0,0.0,0.0,0.0,-9999.0,-9999.0,-9999.0,-9999.0,-9999.0,-9999.0,-9999.0,-9999.0,-9999.0,-9999.0,-9999.0,-9999.0,-9999.0,-9999.0
P13_HV1_3_interaction,active_and_state_lat_and_long_zero_last_source_row_continuous_segment,P13,HV1,3,keep_right,P13_HV1_3,P13_HV1.1.asc,HV3,60,initiator_active,15401,1,256683.35,256683.3482,3.0,3.0,28.922814,104.122132,6.0,731.239364,-5731.917374,0.048035,0.059784,0.0,28.923944,-0.009094,0.0,5732.089346,-59.622323,6.280148,1.0,0.0,0.0,0.0,5860.791751,-58.807493,1021.0,6.0,860.514337,6.0,1.093259,37.326868,134.376725,37.326325,0.201296,0.000179,-0.455985,-0.644922,0.000917,0.022294,0.0,0.0,1.0,0.0,0.0,0.0,-9999.0,-9999.0,-9999.0,-9999.0,-9999.0,-9999.0,-9999.0,-9999.0,-9999.0,-9999.0,-9999.0,-9999.0,-9999.0,-9999.0
P13_HV1_3_interaction,active_and_state_lat_and_long_zero_last_source_row_continuous_segment,P13,HV1,3,keep_right,P13_HV1_3,P13_HV1.1.asc,HV3,60,initiator_active,15402,1,256700.0,256700.0008,3.0,3.0,28.923551,104.124782,6.0,731.72142,-5732.399419,0.059874,0.057312,0.0,28.924746,-0.0089,0.0,5732.571413,-59.623928,6.280175,1.0,0.0,0.0,0.0,5861.413806,-58.799588,1021.0,6.0,861.13841,6.0,1.097114,37.319212,134.349164,37.318679,0.199411,0.000194,-0.455887,-0.640087,0.000895,0.022451,0.0,0.0,1.0,0.0,0.0,0.0,-9999.0,-9999.0,-9999.0,-9999.0,-9999.0,-9999.0,-9999.0,-9999.0,-9999.0,-9999.0,-9999.0,-9999.0,-9999.0,-9999.0
P13_HV1_3_interaction,active_and_state_lat_and_long_zero_last_source_row_continuous_segment,P13,HV1,3,keep_right,P13_HV1_3,P13_HV1.1.asc,HV3,60,initiator_active,15403,1,256716.67,256716.6676,3.0,3.0,28.924344,104.127638,6.0,732.203488,-5732.881476,0.050226,0.052195,0.0,28.925727,-0.008654,0.0,5733.053493,-59.625518,6.280199,1.0,0.0,0.0,0.0,5862.035736,-58.791873,1021.0,6.0,861.762379,6.0,1.10063,37.311559,134.321613,37.31104,0.196748,0.000208,-0.455786,-0.633028,0.000847,0.022608,0.0,0.0,1.0,0.0,0.0,0.0,-9999.0,-9999.0,-9999.0,-9999.0,-9999.0,-9999.0,-9999.0,-9999.0,-9999.0,-9999.0,-9999.0,-9999.0,-9999.0,-9999.0
P13_HV1_3_interaction,active_and_state_lat_and_long_zero_last_source_row_continuous_segment,P13,HV1,3,keep_right,P13_HV1_3,P13_HV1.1.asc,HV3,60,initiator_active,15404,1,256733.33,256733.3344,3.0,3.0,28.925245,104.130882,6.0,732.685571,-5733.363547,0.050745,0.052412,0.0,28.926577,-0.008398,0.0,5733.53559,-59.627093,6.280221,1.0,0.0,0.0,0.0,5862.65754,-58.784347,1021.0,6.0,862.386242,6.0,1.103808,37.303909,134.294073,37.303408,0.193394,0.000222,-0.455685,-0.623996,0.000776,0.022608,0.0,0.0,1.0,0.0,0.0,0.0,-9999.0,-9999.0,-9999.0,-9999.0,-9999.0,-9999.0,-9999.0,-9999.0,-9999.0,-9999.0,-9999.0,-9999.0,-9999.0,-9999.0
P13_HV1_3_interaction,active_and_state_lat_and_long_zero_last_source_row_continuous_segment,P13,HV1,3,keep_right,P13_HV1_3,P13_HV1.1.asc,HV3,60,initiator_active,15405,1,256750.0,256750.0008,3.0,3.0,28.926145,104.134122,6.0,733.167669,-5733.845633,0.047686,0.051525,0.0,28.927402,-0.008087,0.0,5734.0177,-59.628654,6.28024,1.0,0.0,0.0,0.0,5863.27922,-58.777007,1021.0,6.0,863.01,6.0,1.106651,37.296263,134.266547,37.295782,0.189431,0.000234,-0.455581,-0.613226,0.000687,0.022451,0.0,0.0,1.0,0.0,0.0,0.0,-9999.0,-9999.0,-9999.0,-9999.0,-9999.0,-9999.0,-9999.0,-9999.0,-9999.0,-9999.0,-9999.0,-9999.0,-9999.0,-9999.0
P13_HV1_3_interaction,active_and_state_lat_and_long_zero_last_source_row_continuous_segment,P13,HV1,3,keep_right,P13_HV1_3,P13_HV1.1.asc,HV3,60,initiator_active,15406,1,256766.67,256766.667,3.0,3.0,28.927,104.1372,6.0,733.649781,-5734.327734,0.050931,0.048997,0.0,28.928229,-0.007718,0.0,5734.499824,-59.630201,6.280257,1.0,0.0,0.0,0.0,5863.900773,-58.769849,1021.0,6.0,863.633653,6.0,1.10916,37.288621,134.239034,37.288162,0.184937,0.000244,-0.455476,-0.600938,0.000592,0.022451,0.0,0.0,1.0,0.0,0.0,0.0,-9999.0,-9999.0,-9999.0,-9999.0,-9999.0,-9999.0,-9999.0,-9999.0,-9999.0,-9999.0,-9999.0,-9999.0,-9999.0,-9999.0
P13_HV1_3_interaction,active_and_state_lat_and_long_zero_last_source_row_continuous_segment,P13,HV1,3,keep_right,P13_HV1_3,P13_HV1.1.asc,HV3,60,initiator_active,15407,1,256783.33,256783.3343,3.0,3.0,28.927799,104.140078,6.0,734.131907,-5734.809848,0.051015,0.047953,0.0,28.929089,-0.007341,0.0,5734.981963,-59.631734,6.280272,1.0,0.0,0.0,0.0,5864.522202,-58.762869,1021.0,6.0,864.2572,6.0,1.111337,37.280982,134.211537,37.280548,0.179988,0.000253,-0.455369,-0.587337,0.000496,0.022451,0.0,0.0,1.0,0.0,0.0,0.0,-9999.0,-9999.0,-9999.0,-9999.0,-9999.0,-9999.0,-9999.0,-9999.0,-9999.0,-9999.0,-9999.0,-9999.0,-9999.0,-9999.0
P13_HV1_3_interaction,active_and_state_lat_and_long_zero_last_source_row_continuous_segment,P13,HV1,3,keep_right,P13_HV1_3,P13_HV1.1.asc,HV3,60,initiator_active,15408,1,256800.0,256800.001,3.0,3.0,28.928653,104.143151,6.0,734.614047,-5735.291977,0.04772,0.046211,0.0,28.929918,-0.006939,0.0,5735.464115,-59.633255,6.280285,1.0,0.0,0.0,0.0,5865.143505,-58.756063,1021.0,6.0,864.880642,6.0,1.113186,37.273348,134.184054,37.272939,0.174653,0.00026,-0.455262,-0.572614,0.000408,0.022451,0.0,0.0,1.0,0.0,0.0,0.0,-9999.0,-9999.0,-9999.0,-9999.0,-9999.0,-9999.0,-9999.0,-9999.0,-9999.0,-9999.0,-9999.0,-9999.0,-9999.0,-9999.0
P13_HV1_3_interaction,active_and_state_lat_and_long_zero_last_source_row_continuous_segment,P13,HV1,3,keep_right,P13_HV1_3,P13_HV1.1.asc,HV3,60,initiator_active,15409,1,256816.67,256816.6675,3.0,3.0,28.929514,104.146252,6.0,735.096201,-5735.774119,0.047721,0.045402,0.0,28.930712,-0.006518,0.0,5735.946282,-59.634763,6.280298,1.0,0.0,0.0,0.0,5865.764682,-58.749426,1021.0,6.0,865.503977,6.0,1.114709,37.265719,134.156588,37.265336,0.168996,0.000266,-0.455154,-0.556945,0.000302,0.022294,0.0,0.0,1.0,0.0,0.0,0.0,-9999.0,-9999.0,-9999.0,-9999.0,-9999.0,-9999.0,-9999.0,-9999.0,-9999.0,-9999.0,-9999.0,-9999.0,-9999.0,-9999.0
P13_HV1_3_interaction,active_and_state_lat_and_long_zero_last_source_row_continuous_segment,P13,HV1,3,keep_right,P13_HV1_3,P13_HV1.1.asc,HV3,60,initiator_active,15410,1,256833.33,256833.3345,3.0,3.0,28.930315,104.149135,6.0,735.578369,-5736.256275,0.047878,0.042894,0.0,28.931508,-0.006106,0.0,5736.428461,-59.636258,6.280309,1.0,0.0,0.0,0.0,5866.385734,-58.742954,1021.0,6.0,866.127206,6.0,1.11591,37.258094,134.129137,37.257737,0.163085,0.00027,-0.455041,-0.540114,0.000188,0.022137,0.0,0.0,1.0,0.0,0.0,0.0,-9999.0,-9999.0,-9999.0,-9999.0,-9999.0,-9999.0,-9999.0,-9999.0,-9999.0,-9999.0,-9999.0,-9999.0,-9999.0,-9999.0
P13_HV1_3_interaction,active_and_state_lat_and_long_zero_last_source_row_continuous_segment,P13,HV1,3,keep_right,P13_HV1_3,P13_HV1.1.asc,HV3,60,initiator_active,15411,1,256850.0,256850.0007,3.0,3.0,28.93111,104.151996,6.0,736.06055,-5736.738444,0.147671,0.040736,0.0,28.932307,-0.005716,0.0,5736.910654,-59.637741,6.28032,1.0,0.0,0.0,0.0,5867.006661,-58.736641,1021.0,6.0,866.750329,6.0,1.116793,37.250473,134.101703,37.250142,0.156978,0.000272,-0.454925,-0.522282,5.1e-05,0.021823,0.0,0.0,1.0,0.0,0.0,0.0,-9999.0,-9999.0,-9999.0,-9999.0,-9999.0,-9999.0,-9999.0,-9999.0,-9999.0,-9999.0,-9999.0,-9999.0,-9999.0,-9999.0
P13_HV1_3_interaction,active_and_state_lat_and_long_zero_last_source_row_continuous_segment,P13,HV1,3,keep_right,P13_HV1_3,P13_HV1.1.asc,HV3,60,initiator_active,15412,1,256866.67,256866.6677,3.0,3.0,28.931907,104.154866,6.0,736.542744,-5737.220626,0.068333,0.039003,0.0,28.934622,-0.005349,0.0,5737.392867,-59.639212,6.280331,1.0,0.0,0.0,0.0,5867.627462,-58.730483,1021.0,6.0,867.373345,6.0,1.117362,37.242858,134.074287,37.242552,0.150738,0.000271,-0.454802,-0.50282,-9.5e-05,0.021038,0.0,0.0,1.0,0.0,0.0,0.0,-9999.0,-9999.0,-9999.0,-9999.0,-9999.0,-9999.0,-9999.0,-9999.0,-9999.0,-9999.0,-9999.0,-9999.0,-9999.0,-9999.0
P13_HV1_3_interaction,active_and_state_lat_and_long_zero_last_source_row_continuous_segment,P13,HV1,3,keep_right,P13_HV1_3,P13_HV1.1.asc,HV3,60,initiator_active,15413,1,256883.33,256883.3336,3.0,3.0,28.933537,104.160734,6.0,737.024958,-5737.702828,0.045329,0.037457,0.0,28.935627,-0.005001,0.0,5737.875113,-59.640673,6.280341,1.0,0.0,0.0,0.0,5868.248137,-58.724472,1021.0,6.0,867.996255,6.0,1.11762,37.235247,134.046888,37.234967,0.144399,0.000268,-0.45468,-0.48342,-0.000238,0.02041,0.0,0.0,1.0,0.0,0.0,0.0,-9999.0,-9999.0,-9999.0,-9999.0,-9999.0,-9999.0,-9999.0,-9999.0,-9999.0,-9999.0,-9999.0,-9999.0,-9999.0,-9999.0
P13_HV1_3_interaction,active_and_state_lat_and_long_zero_last_source_row_continuous_segment,P13,HV1,3,keep_right,P13_HV1_3,P13_HV1.1.asc,HV3,60,initiator_active,15414,1,256900.02,256900.0239,3.0,3.0,28.935191,104.166688,6.0,737.507206,-5738.185064,0.046688,0.034859,0.0,28.936359,-0.004689,0.0,5738.357375,-59.642123,6.280351,1.0,0.0,0.0,0.0,5868.868688,-58.718605,1021.0,6.0,868.619057,6.0,1.117573,37.22764,134.019505,37.227384,0.137996,0.000263,-0.454559,-0.463777,-0.0004,0.019782,0.0,0.0,1.0,0.0,0.0,0.0,-9999.0,-9999.0,-9999.0,-9999.0,-9999.0,-9999.0,-9999.0,-9999.0,-9999.0,-9999.0,-9999.0,-9999.0,-9999.0,-9999.0
P13_HV1_3_interaction,active_and_state_lat_and_long_zero_last_source_row_continuous_segment,P13,HV1,3,keep_right,P13_HV1_3,P13_HV1.1.asc,HV3,60,initiator_active,15415,1,256916.67,256916.6687,3.0,3.0,28.936005,104.169618,6.0,737.989468,-5738.667314,0.04906,0.032409,0.0,28.937139,-0.004399,0.0,5738.839648,-59.643563,6.280361,1.0,0.0,0.0,0.0,5869.489112,-58.712874,1021.0,6.0,869.241753,6.0,1.117225,37.220039,133.992139,37.219806,0.131567,0.000255,-0.454436,-0.4436,-0.000554,0.018997,0.0,0.0,1.0,0.0,0.0,0.0,-9999.0,-9999.0,-9999.0,-9999.0,-9999.0,-9999.0,-9999.0,-9999.0,-9999.0,-9999.0,-9999.0,-9999.0,-9999.0,-9999.0
P13_HV1_3_interaction,active_and_state_lat_and_long_zero_last_source_row_continuous_segment,P13,HV1,3,keep_right,P13_HV1_3,P13_HV1.1.asc,HV3,60,initiator_active,15416,1,256933.33,256933.3346,3.0,3.0,28.936748,104.172293,6.0,738.471743,-5739.149577,0.053619,0.027673,0.0,28.93795,-0.004159,0.0,5739.321935,-59.644994,6.280371,1.0,0.0,0.0,0.0,5870.109411,-58.707274,1021.0,6.0,869.864341,6.0,1.11658,37.212441,133.964789,37.212231,0.125146,0.000244,-0.454311,-0.422985,-0.000698,0.018055,0.0,0.0,1.0,0.0,0.0,0.0,-9999.0,-9999.0,-9999.0,-9999.0,-9999.0,-9999.0,-9999.0,-9999.0,-9999.0,-9999.0,-9999.0,-9999.0,-9999.0,-9999.0
P13_HV1_3_interaction,active_and_state_lat_and_long_zero_last_source_row_continuous_segment,P13,HV1,3,keep_right,P13_HV1_3,P13_HV1.1.asc,HV3,60,initiator_active,15417,1,256950.02,256950.0233,3.0,3.0,28.937548,104.175173,6.0,738.954031,-5739.631853,0.053101,0.027406,0.0,28.938892,-0.003966,0.0,5739.804236,-59.646417,6.28038,1.0,0.0,0.0,0.0,5870.729584,-58.701799,1021.0,6.0,870.486822,6.0,1.115643,37.204849,133.937455,37.204659,0.11876,0.000231,-0.454186,-0.402011,-0.000819,0.016956,0.0,0.0,1.0,0.0,0.0,0.0,-9999.0,-9999.0,-9999.0,-9999.0,-9999.0,-9999.0,-9999.0,-9999.0,-9999.0,-9999.0,-9999.0,-9999.0,-9999.0,-9999.0
P13_HV1_3_interaction,active_and_state_lat_and_long_zero_last_source_row_continuous_segment,P13,HV1,3,keep_right,P13_HV1_3,P13_HV1.1.asc,HV3,60,initiator_active,15418,1,256966.67,256966.6675,3.0,3.0,28.938397,104.178228,6.0,739.436333,-5740.114142,-0.063174,0.02307,0.0,28.938614,-0.003809,0.0,5740.286553,-59.647832,6.280389,1.0,0.0,0.0,0.0,5871.349632,-58.696442,1021.0,6.0,871.109196,6.0,1.114418,37.197163,133.909786,37.196993,0.112422,0.000217,-0.470947,-0.381513,-0.000909,0.016014,0.0,0.002198,1.0,0.0,0.0,0.0,-9999.0,-9999.0,-9999.0,-9999.0,-9999.0,-9999.0,-9999.0,-9999.0,-9999.0,-9999.0,-9999.0,-9999.0,-9999.0,-9999.0
P13_HV1_3_interaction,active_and_state_lat_and_long_zero_last_source_row_continuous_segment,P13,HV1,3,keep_right,P13_HV1_3,P13_HV1.1.asc,HV3,60,initiator_active,15419,1,256983.33,256983.3342,3.0,3.0,28.939335,104.181604,6.0,739.91865,-5740.596447,0.063065,0.018815,0.0,28.93835,-0.003667,0.0,5740.768856,-59.64924,6.280398,1.0,0.0,0.0,0.0,5871.969553,-58.691198,1021.0,6.0,871.73146,6.0,1.11291,37.189331,133.881592,37.18918,0.106171,0.0002,-0.458573,-0.359613,-0.00103,0.014444,0.0,0.0,1.0,0.0,0.0,0.0,-9999.0,-9999.0,-9999.0,-9999.0,-9999.0,-9999.0,-9999.0,-9999.0,-9999.0,-9999.0,-9999.0,-9999.0,-9999.0,-9999.0
P13_HV1_3_interaction,active_and_state_lat_and_long_zero_last_source_row_continuous_segment,P13,HV1,3,keep_right,P13_HV1_3,P13_HV1.1.asc,HV3,60,initiator_active,15420,1,257000.0,257000.0007,3.0,3.0,28.938088,104.177116,6.0,740.400955,-5741.07874,0.051151,0.018533,0.0,28.939391,-0.003545,0.0,5741.251165,-59.650643,6.280405,1.0,0.0,0.0,0.0,5872.589344,-58.686061,1021.0,6.0,872.353613,6.0,1.111125,37.181733,133.854239,37.181599,0.10001,0.000183,-0.454167,-0.338309,-0.001082,0.013031,0.0,0.0,1.0,0.0,0.0,0.0,-9999.0,-9999.0,-9999.0,-9999.0,-9999.0,-9999.0,-9999.0,-9999.0,-9999.0,-9999.0,-9999.0,-9999.0,-9999.0,-9999.0
P13_HV1_3_interaction,active_and_state_lat_and_long_zero_last_source_row_continuous_segment,P13,HV1,3,keep_right,P13_HV1_3,P13_HV1.1.asc,HV3,60,initiator_active,15421,1,257016.67,257016.6721,3.0,3.0,28.938875,104.179952,6.0,740.883264,-5741.561036,0.049749,0.016684,0.0,28.940223,-0.003429,0.0,5741.733489,-59.65204,6.280411,1.0,0.0,0.0,0.0,5873.20901,-58.681024,1021.0,6.0,872.975657,6.0,1.109066,37.174154,133.826955,37.174035,0.09396,0.000164,-0.453784,-0.316068,-0.001094,0.011147,0.0,0.0,1.0,0.0,0.0,0.0,-9999.0,-9999.0,-9999.0,-9999.0,-9999.0,-9999.0,-9999.0,-9999.0,-9999.0,-9999.0,-9999.0,-9999.0,-9999.0,-9999.0
P13_HV1_3_interaction,active_and_state_lat_and_long_zero_last_source_row_continuous_segment,P13,HV1,3,keep_right,P13_HV1_3,P13_HV1.1.asc,HV3,60,initiator_active,15422,1,257033.33,257033.3342,3.0,3.0,28.939817,104.183342,6.0,741.36559,-5742.043349,0.049591,0.014534,0.0,28.941052,-0.003307,0.0,5742.215828,-59.653433,6.280416,1.0,0.0,0.0,0.0,5873.82855,-58.676082,1021.0,6.0,873.597593,6.0,1.106738,37.166581,133.799692,37.166477,0.088031,0.000146,-0.453588,-0.293318,-0.001064,0.008949,0.0,0.0,1.0,0.0,0.0,0.0,-9999.0,-9999.0,-9999.0,-9999.0,-9999.0,-9999.0,-9999.0,-9999.0,-9999.0,-9999.0,-9999.0,-9999.0,-9999.0,-9999.0
P13_HV1_3_interaction,active_and_state_lat_and_long_zero_last_source_row_continuous_segment,P13,HV1,3,keep_right,P13_HV1_3,P13_HV1.1.asc,HV3,60,initiator_active,15423,1,257050.0,257050.001,3.0,3.0,28.940637,104.186295,6.0,741.847929,-5742.525676,0.049343,0.012224,0.0,28.941877,-0.00318,0.0,5742.69818,-59.654822,6.280419,1.0,0.0,0.0,0.0,5874.447964,-58.671227,1021.0,6.0,874.219421,6.0,1.104147,37.159013,133.772445,37.158922,0.082213,0.000129,-0.453442,-0.271231,-0.001014,0.006908,0.0,0.0,1.0,0.0,0.0,0.0,-9999.0,-9999.0,-9999.0,-9999.0,-9999.0,-9999.0,-9999.0,-9999.0,-9999.0,-9999.0,-9999.0,-9999.0,-9999.0,-9999.0
P13_HV1_3_interaction,active_and_state_lat_and_long_zero_last_source_row_continuous_segment,P13,HV1,3,keep_right,P13_HV1_3,P13_HV1.1.asc,HV3,60,initiator_active,15424,1,257066.67,257066.667,3.0,3.0,28.941466,104.189276,6.0,742.330282,-5743.008017,0.044757,0.011001,0.0,28.942732,-0.003033,0.0,5743.180546,-59.656208,6.28042,1.0,0.0,0.0,0.0,5875.067253,-58.666455,1021.0,6.0,874.84114,6.0,1.101297,37.151448,133.745211,37.151369,0.07651,0.000113,-0.453313,-0.248622,-0.000956,0.004553,0.0,0.0,1.0,0.0,0.0,0.0,-9999.0,-9999.0,-9999.0,-9999.0,-9999.0,-9999.0,-9999.0,-9999.0,-9999.0,-9999.0,-9999.0,-9999.0,-9999.0,-9999.0
P13_HV1_3_interaction,active_and_state_lat_and_long_zero_last_source_row_continuous_segment,P13,HV1,3,keep_right,P13_HV1_3,P13_HV1.1.asc,HV3,60,initiator_active,15425,1,257083.34,257083.3364,3.0,3.0,28.942289,104.192239,6.0,742.812649,-5743.490372,0.054928,0.00919,0.0,28.9435,-0.002866,0.0,5743.662926,-59.657592,6.28042,1.0,0.0,0.0,0.0,5875.686416,-58.661758,1021.0,6.0,875.462751,6.0,1.098193,37.143886,133.71799,37.143818,0.070901,9.8e-05,-0.453194,-0.227427,-0.000895,0.002669,0.0,0.0,1.0,0.0,0.0,0.0,-9999.0,-9999.0,-9999.0,-9999.0,-9999.0,-9999.0,-9999.0,-9999.0,-9999.0,-9999.0,-9999.0,-9999.0,-9999.0,-9999.0
P13_HV1_3_interaction,active_and_state_lat_and_long_zero_last_source_row_continuous_segment,P13,HV1,3,keep_right,P13_HV1_3,P13_HV1.1.asc,HV3,60,initiator_active,15426,1,257100.0,257100.0005,3.0,3.0,28.943105,104.195176,6.0,743.29503,-5743.97274,0.060224,0.007083,0.0,28.944464,-0.002688,0.0,5744.14532,-59.658973,6.28042,1.0,0.0,0.0,0.0,5876.305453,-58.65713,1021.0,6.0,876.084254,6.0,1.094839,37.136328,133.69078,37.13627,0.06538,8.4e-05,-0.45308,-0.206444,-0.000835,0.000785,0.0,0.0,1.0,0.0,0.0,0.0,-9999.0,-9999.0,-9999.0,-9999.0,-9999.0,-9999.0,-9999.0,-9999.0,-9999.0,-9999.0,-9999.0,-9999.0,-9999.0,-9999.0
P13_HV1_3_interaction,active_and_state_lat_and_long_zero_last_source_row_continuous_segment,P13,HV1,3,keep_right,P13_HV1_3,P13_HV1.1.asc,HV3,60,initiator_active,15427,1,257116.67,257116.667,3.0,3.0,28.943958,104.198248,6.0,743.777424,-5744.455122,0.05256,0.00608,0.0,28.945444,-0.002489,0.0,5744.627729,-59.660351,6.280418,1.0,0.0,0.0,0.0,5876.924366,-58.652567,1021.0,6.0,876.705648,6.0,1.09124,37.128772,133.66358,37.128724,0.059933,7e-05,-0.45297,-0.186828,-0.000774,-0.000628,0.0,0.0,1.0,0.0,0.0,0.0,-9999.0,-9999.0,-9999.0,-9999.0,-9999.0,-9999.0,-9999.0,-9999.0,-9999.0,-9999.0,-9999.0,-9999.0,-9999.0,-9999.0
P13_HV1_3_interaction,active_and_state_lat_and_long_zero_last_source_row_continuous_segment,P13,HV1,3,keep_right,P13_HV1_3,P13_HV1.1.asc,HV3,60,initiator_active,15428,1,257133.34,257133.3358,3.0,3.0,28.944966,104.201876,6.0,744.259835,-5744.93752,0.027155,0.006246,0.0,28.946194,-0.002271,0.0,5745.110155,-59.661729,6.280414,1.0,0.0,0.0,0.0,5877.543152,-58.648061,1021.0,6.0,877.326933,6.0,1.0874,37.12122,133.63639,37.121179,0.054555,5.8e-05,-0.452863,-0.168172,-0.000712,-0.001727,0.0,0.0,1.0,0.0,0.0,0.0,-9999.0,-9999.0,-9999.0,-9999.0,-9999.0,-9999.0,-9999.0,-9999.0,-9999.0,-9999.0,-9999.0,-9999.0,-9999.0,-9999.0
P13_HV1_3_interaction,active_and_state_lat_and_long_zero_last_source_row_continuous_segment,P13,HV1,3,keep_right,P13_HV1_3,P13_HV1.1.asc,HV3,60,initiator_active,15429,1,257150.01,257150.0101,3.0,3.0,28.945882,104.205176,6.0,744.742262,-5745.419934,0.05861,0.005419,0.0,28.946887,-0.002024,0.0,5745.592592,-59.663104,6.280409,1.0,0.0,0.0,0.0,5878.161813,-58.643608,1021.0,6.0,877.948109,6.0,1.083324,37.113669,133.60921,37.113637,0.049231,4.7e-05,-0.45276,-0.15164,-0.000646,-0.002041,0.0,0.0,1.0,0.0,0.0,0.0,-9999.0,-9999.0,-9999.0,-9999.0,-9999.0,-9999.0,-9999.0,-9999.0,-9999.0,-9999.0,-9999.0,-9999.0,-9999.0,-9999.0
P13_HV1_3_interaction,active_and_state_lat_and_long_zero_last_source_row_continuous_segment,P13,HV1,3,keep_right,P13_HV1_3,P13_HV1.1.asc,HV3,60,initiator_active,15430,1,257166.67,257166.6674,3.0,3.0,28.946421,104.207115,6.0,745.224699,-5745.902359,0.052568,0.005862,0.0,28.947788,-0.001768,0.0,5746.075042,-59.664479,6.280403,1.0,0.0,0.0,0.0,5878.780349,-58.639203,1021.0,6.0,878.569176,6.0,1.079014,37.106122,133.582038,37.106096,0.043971,3.7e-05,-0.452659,-0.136072,-0.000577,-0.001884,0.0,0.0,1.0,0.0,0.0,0.0,-9999.0,-9999.0,-9999.0,-9999.0,-9999.0,-9999.0,-9999.0,-9999.0,-9999.0,-9999.0,-9999.0,-9999.0,-9999.0,-9999.0
P13_HV1_3_interaction,active_and_state_lat_and_long_zero_last_source_row_continuous_segment,P13,HV1,3,keep_right,P13_HV1_3,P13_HV1.1.asc,HV3,60,initiator_active,15431,1,257183.34,257183.3396,3.0,3.0,28.947376,104.210553,6.0,745.70715,-5746.384797,0.049157,0.005473,0.0,28.948657,-0.001493,0.0,5746.557507,-59.665852,6.280396,1.0,0.0,0.0,0.0,5879.398759,-58.634841,1021.0,6.0,879.190134,6.0,1.074475,37.098576,133.554874,37.098556,0.038799,2.8e-05,-0.452557,-0.120744,-0.000501,-0.001727,0.0,0.0,1.0,0.0,0.0,0.0,-9999.0,-9999.0,-9999.0,-9999.0,-9999.0,-9999.0,-9999.0,-9999.0,-9999.0,-9999.0,-9999.0,-9999.0,-9999.0,-9999.0
P13_HV1_3_interaction,active_and_state_lat_and_long_zero_last_source_row_continuous_segment,P13,HV1,3,keep_right,P13_HV1_3,P13_HV1.1.asc,HV3,60,initiator_active,15432,1,257200.0,257200.0002,3.0,3.0,28.948226,104.213613,6.0,746.189616,-5746.86725,0.044391,0.003069,0.0,28.94947,-0.001219,0.0,5747.039986,-59.667223,6.28039,1.0,0.0,0.0,0.0,5880.017044,-58.630518,1021.0,6.0,879.810983,6.0,1.069709,37.091033,133.527719,37.091018,0.033738,2e-05,-0.452456,-0.105727,-0.000417,-0.00157,0.0,0.0,1.0,0.0,0.0,0.0,-9999.0,-9999.0,-9999.0,-9999.0,-9999.0,-9999.0,-9999.0,-9999.0,-9999.0,-9999.0,-9999.0,-9999.0,-9999.0,-9999.0
P13_HV1_3_interaction,active_and_state_lat_and_long_zero_last_source_row_continuous_segment,P13,HV1,3,keep_right,P13_HV1_3,P13_HV1.1.asc,HV3,60,initiator_active,15433,1,257216.67,257216.6728,3.0,3.0,28.949066,104.216639,6.0,746.672095,-5747.349718,0.054594,0.001415,0.0,28.950247,-0.000979,0.0,5747.522478,-59.668594,6.280383,1.0,0.0,0.0,0.0,5880.635203,-58.626228,1021.0,6.0,880.431717,6.0,1.06472,37.083492,133.500571,37.083481,0.028807,1.4e-05,-0.452355,-0.091082,-0.000329,-0.001413,0.0,0.0,1.0,0.0,0.0,0.0,-9999.0,-9999.0,-9999.0,-9999.0,-9999.0,-9999.0,-9999.0,-9999.0,-9999.0,-9999.0,-9999.0,-9999.0,-9999.0,-9999.0
P13_HV1_3_interaction,active_and_state_lat_and_long_zero_last_source_row_continuous_segment,P13,HV1,3,keep_right,P13_HV1_3,P13_HV1.1.asc,HV3,60,initiator_active,15434,1,257233.33,257233.3345,3.0,3.0,28.94984,104.219423,6.0,747.154589,-5747.832198,0.048974,-0.00142,0.0,28.951137,-0.000761,0.0,5748.004984,-59.669964,6.280376,1.0,0.0,0.0,0.0,5881.253237,-58.621967,1021.0,6.0,881.052323,6.0,1.059511,37.075953,133.47343,37.075945,0.024024,1e-05,-0.452253,-0.07686,-0.00024,-0.001256,0.0,0.0,1.0,0.0,0.0,0.0,-9999.0,-9999.0,-9999.0,-9999.0,-9999.0,-9999.0,-9999.0,-9999.0,-9999.0,-9999.0,-9999.0,-9999.0,-9999.0,-9999.0
P13_HV1_3_interaction,active_and_state_lat_and_long_zero_last_source_row_continuous_segment,P13,HV1,3,keep_right,P13_HV1_3,P13_HV1.1.asc,HV3,60,initiator_active,15435,1,257250.0,257250.0008,3.0,3.0,28.950702,104.222528,6.0,747.637095,-5748.314692,0.05483,-0.003232,0.0,28.951977,-0.000582,0.0,5748.487504,-59.671334,6.280369,1.0,0.0,0.0,0.0,5881.871145,-58.617731,1021.0,6.0,881.672799,6.0,1.054088,37.068416,133.446297,37.068411,0.019404,6e-06,-0.452152,-0.063103,-0.000153,-0.001256,0.0,0.0,1.0,0.0,0.0,0.0,-9999.0,-9999.0,-9999.0,-9999.0,-9999.0,-9999.0,-9999.0,-9999.0,-9999.0,-9999.0,-9999.0,-9999.0,-9999.0,-9999.0
P13_HV1_3_interaction,active_and_state_lat_and_long_zero_last_source_row_continuous_segment,P13,HV1,3,keep_right,P13_HV1_3,P13_HV1.1.asc,HV3,60,initiator_active,15436,1,257266.67,257266.6667,3.0,3.0,28.951545,104.225561,6.0,748.119616,-5748.797201,0.047658,-0.004026,0.0,28.952896,-0.000438,0.0,5748.970039,-59.672705,6.280362,1.0,0.0,0.0,0.0,5882.488928,-58.613517,1021.0,6.0,882.293145,6.0,1.048454,37.060881,133.419171,37.060878,0.014959,5e-06,-0.452051,-0.049849,-7.2e-05,-0.001413,0.0,0.0,1.0,0.0,0.0,0.0,-9999.0,-9999.0,-9999.0,-9999.0,-9999.0,-9999.0,-9999.0,-9999.0,-9999.0,-9999.0,-9999.0,-9999.0,-9999.0,-9999.0
P13_HV1_3_interaction,active_and_state_lat_and_long_zero_last_source_row_continuous_segment,P13,HV1,3,keep_right,P13_HV1_3,P13_HV1.1.asc,HV3,60,initiator_active,15437,1,257283.34,257283.3367,3.0,3.0,28.952434,104.228762,6.0,748.602152,-5749.279724,0.050446,-0.007767,0.0,28.953668,-0.000311,0.0,5749.452589,-59.674077,6.280354,1.0,0.0,0.0,0.0,5883.106585,-58.609319,1021.0,6.0,882.913362,6.0,1.042614,37.053348,133.392051,37.053346,0.010698,4e-06,-0.451949,-0.037126,2e-06,-0.001413,0.0,0.0,1.0,0.0,0.0,0.0,-9999.0,-9999.0,-9999.0,-9999.0,-9999.0,-9999.0,-9999.0,-9999.0,-9999.0,-9999.0,-9999.0,-9999.0,-9999.0,-9999.0
P13_HV1_3_interaction,active_and_state_lat_and_long_zero_last_source_row_continuous_segment,P13,HV1,3,keep_right,P13_HV1_3,P13_HV1.1.asc,HV3,60,initiator_active,15438,1,257300.0,257300.0008,3.0,3.0,28.953293,104.231855,6.0,749.084702,-5749.762262,0.051236,-0.009156,0.0,28.95454,-0.00021,0.0,5749.935152,-59.67545,6.280346,1.0,0.0,0.0,0.0,5883.724117,-58.605134,1021.0,6.0,883.533448,6.0,1.036571,37.045816,133.364938,37.045816,0.006631,5e-06,-0.451848,-0.024957,6.6e-05,-0.001413,0.0,0.0,1.0,0.0,0.0,0.0,-9999.0,-9999.0,-9999.0,-9999.0,-9999.0,-9999.0,-9999.0,-9999.0,-9999.0,-9999.0,-9999.0,-9999.0,-9999.0,-9999.0
P13_HV1_3_interaction,active_and_state_lat_and_long_zero_last_source_row_continuous_segment,P13,HV1,3,keep_right,P13_HV1_3,P13_HV1.1.asc,HV3,60,initiator_active,15439,1,257316.67,257316.668,3.0,3.0,28.954088,104.234717,6.0,749.567266,-5750.244813,0.047174,-0.010503,0.0,28.955367,-0.000112,0.0,5750.417729,-59.676827,6.280337,1.0,0.0,0.0,0.0,5884.341523,-58.600959,1021.0,6.0,884.153405,6.0,1.03033,37.038287,133.337832,37.038286,0.002764,7e-06,-0.451746,-0.01336,0.000122,-0.001413,0.0,0.0,1.0,0.0,0.0,0.0,-9999.0,-9999.0,-9999.0,-9999.0,-9999.0,-9999.0,-9999.0,-9999.0,-9999.0,-9999.0,-9999.0,-9999.0,-9999.0,-9999.0
P13_HV1_3_interaction,active_and_state_lat_and_long_zero_last_source_row_continuous_segment,P13,HV1,3,keep_right,P13_HV1_3,P13_HV1.1.asc,HV3,60,initiator_active,15440,1,257333.33,257333.3337,3.0,3.0,28.954967,104.237881,6.0,750.049844,-5750.727378,0.050917,-0.013652,0.0,28.956152,-1.4e-05,0.0,5750.90032,-59.678206,6.280328,1.0,0.0,0.0,0.0,5884.958804,-58.596789,1021.0,6.0,884.773232,6.0,1.023893,37.030759,133.310731,37.030759,-0.0009,9e-06,-0.451644,-0.002349,0.000169,-0.001413,0.0,0.0,1.0,0.0,0.0,0.0,-9999.0,-9999.0,-9999.0,-9999.0,-9999.0,-9999.0,-9999.0,-9999.0,-9999.0,-9999.0,-9999.0,-9999.0,-9999.0,-9999.0
P13_HV1_3_interaction,active_and_state_lat_and_long_zero_last_source_row_continuous_segment,P13,HV1,3,keep_right,P13_HV1_3,P13_HV1.1.asc,HV3,60,initiator_active,15441,1,257350.0,257350.0008,3.0,3.0,28.95576,104.240737,6.0,750.532435,-5751.209957,0.054134,-0.013924,0.0,28.956577,2e-05,0.0,5751.382924,-59.679589,6.280317,1.0,0.0,0.0,0.0,5885.57596,-58.592623,1021.0,6.0,885.392928,6.0,1.017265,37.023233,133.283637,37.023232,-0.004357,1.2e-05,-0.451542,0.008069,0.000208,-0.00157,0.0,0.0,1.0,0.0,0.0,0.0,-9999.0,-9999.0,-9999.0,-9999.0,-9999.0,-9999.0,-9999.0,-9999.0,-9999.0,-9999.0,-9999.0,-9999.0,-9999.0,-9999.0
P13_HV1_3_interaction,active_and_state_lat_and_long_zero_last_source_row_continuous_segment,P13,HV1,3,keep_right,P13_HV1_3,P13_HV1.1.asc,HV3,60,initiator_active,15442,1,257366.67,257366.6675,3.0,3.0,28.956577,104.243676,6.0,751.01504,-5751.69255,0.058283,-0.01304,0.0,28.958031,0.000174,0.0,5751.865535,-59.680977,6.280306,1.0,0.0,0.0,0.0,5886.19299,-58.588456,1021.0,6.0,886.012495,6.0,1.010448,37.015708,133.256549,37.015707,-0.007605,1.6e-05,-0.45144,0.017888,0.00024,-0.001727,0.0,0.0,1.0,0.0,0.0,0.0,-9999.0,-9999.0,-9999.0,-9999.0,-9999.0,-9999.0,-9999.0,-9999.0,-9999.0,-9999.0,-9999.0,-9999.0,-9999.0,-9999.0
P13_HV1_3_interaction,active_and_state_lat_and_long_zero_last_source_row_continuous_segment,P13,HV1,3,keep_right,P13_HV1_3,P13_HV1.1.asc,HV3,60,initiator_active,15443,1,257383.33,257383.334,3.0,3.0,28.957028,104.2453,6.0,751.497653,-5752.17515,0.067726,-0.012842,0.0,28.959037,0.000318,0.0,5752.348171,-59.682368,6.280294,1.0,0.0,0.0,0.0,5886.809894,-58.584285,1021.0,6.0,886.631931,6.0,1.003446,37.008185,133.229466,37.008184,-0.010645,2e-05,-0.451338,0.027107,0.000265,-0.002041,0.0,0.0,1.0,0.0,0.0,0.0,-9999.0,-9999.0,-9999.0,-9999.0,-9999.0,-9999.0,-9999.0,-9999.0,-9999.0,-9999.0,-9999.0,-9999.0,-9999.0,-9999.0
P13_HV1_3_interaction,active_and_state_lat_and_long_zero_last_source_row_continuous_segment,P13,HV1,3,keep_right,P13_HV1_3,P13_HV1.1.asc,HV3,60,initiator_active,15444,1,257400.0,257400.0005,3.0,3.0,28.958517,104.25066,6.0,751.980289,-5752.657774,0.046763,-0.013429,0.0,28.96011,0.000478,0.0,5752.830824,-59.683762,6.280281,1.0,0.0,0.0,0.0,5887.426674,-58.580108,1021.0,6.0,887.251237,6.0,0.996261,37.000664,133.20239,37.000661,-0.013464,2.5e-05,-0.451236,0.036887,0.000286,-0.002512,0.0,0.0,1.0,0.0,0.0,0.0,-9999.0,-9999.0,-9999.0,-9999.0,-9999.0,-9999.0,-9999.0,-9999.0,-9999.0,-9999.0,-9999.0,-9999.0,-9999.0,-9999.0
P13_HV1_3_interaction,active_and_state_lat_and_long_zero_last_source_row_continuous_segment,P13,HV1,3,keep_right,P13_HV1_3,P13_HV1.1.asc,HV3,60,initiator_active,15445,1,257416.67,257416.6707,3.0,3.0,28.959602,104.254566,6.0,752.462943,-5753.140416,0.044153,-0.014305,0.0,28.960854,0.000639,0.0,5753.313494,-59.68516,6.280267,1.0,0.0,0.0,0.0,5888.043328,-58.575923,1021.0,6.0,887.870413,6.0,0.988896,36.993144,133.175319,36.993141,-0.016059,3e-05,-0.451135,0.046824,0.000302,-0.003297,0.0,0.0,1.0,0.0,0.0,0.0,-9999.0,-9999.0,-9999.0,-9999.0,-9999.0,-9999.0,-9999.0,-9999.0,-9999.0,-9999.0,-9999.0,-9999.0,-9999.0,-9999.0
P13_HV1_3_interaction,active_and_state_lat_and_long_zero_last_source_row_continuous_segment,P13,HV1,3,keep_right,P13_HV1_3,P13_HV1.1.asc,HV3,60,initiator_active,15446,1,257433.33,257433.3338,3.0,3.0,28.9605,104.2578,6.0,752.945614,-5753.623074,0.045619,-0.015198,0.0,28.961598,0.000796,0.0,5753.796176,-59.686562,6.280253,1.0,0.0,0.0,0.0,5888.659856,-58.571725,1021.0,6.0,888.489459,6.0,0.981355,36.985626,133.148254,36.985621,-0.018436,3.5e-05,-0.451035,0.056935,0.000315,-0.004396,0.0,0.0,1.0,0.0,0.0,0.0,-9999.0,-9999.0,-9999.0,-9999.0,-9999.0,-9999.0,-9999.0,-9999.0,-9999.0,-9999.0,-9999.0,-9999.0,-9999.0,-9999.0
P13_HV1_3_interaction,active_and_state_lat_and_long_zero_last_source_row_continuous_segment,P13,HV1,3,keep_right,P13_HV1_3,P13_HV1.1.asc,HV3,60,initiator_active,15447,1,257450.01,257450.007,3.0,3.0,28.961222,104.2604,6.0,753.428297,-5754.105744,0.046812,-0.014817,0.0,28.962329,0.000961,0.0,5754.27887,-59.687969,6.280239,1.0,0.0,0.0,0.0,5889.276259,-58.567514,1021.0,6.0,889.108374,6.0,0.973639,36.978109,133.121194,36.978104,-0.020585,4.1e-05,-0.450937,0.068796,0.000322,-0.006437,0.0,0.0,1.0,0.0,0.0,0.0,-9999.0,-9999.0,-9999.0,-9999.0,-9999.0,-9999.0,-9999.0,-9999.0,-9999.0,-9999.0,-9999.0,-9999.0,-9999.0,-9999.0
P13_HV1_3_interaction,active_and_state_lat_and_long_zero_last_source_row_continuous_segment,P13,HV1,3,keep_right,P13_HV1_3,P13_HV1.1.asc,HV3,60,initiator_active,15448,1,257466.67,257466.6673,3.0,3.0,28.961978,104.263122,6.0,753.910992,-5754.588427,0.050909,-0.016049,0.0,28.963125,0.001117,0.0,5754.761577,-59.689379,6.280225,1.0,0.0,0.0,0.0,5889.892537,-58.563285,1021.0,6.0,889.727158,6.0,0.965753,36.970594,133.094139,36.970587,-0.022524,4.6e-05,-0.450842,0.081264,0.000325,-0.008949,0.0,0.0,1.0,0.0,0.0,0.0,-9999.0,-9999.0,-9999.0,-9999.0,-9999.0,-9999.0,-9999.0,-9999.0,-9999.0,-9999.0,-9999.0,-9999.0,-9999.0,-9999.0
P13_HV1_3_interaction,active_and_state_lat_and_long_zero_last_source_row_continuous_segment,P13,HV1,3,keep_right,P13_HV1_3,P13_HV1.1.asc,HV3,60,initiator_active,15449,1,257483.33,257483.3338,3.0,3.0,28.962719,104.265788,6.0,754.3937,-5755.071123,0.054073,-0.015727,0.0,28.963996,0.001269,0.0,5755.244297,-59.690794,6.280211,1.0,0.0,0.0,0.0,5890.508689,-58.559035,1021.0,6.0,890.345813,6.0,0.957699,36.96308,133.067089,36.963072,-0.024278,5.2e-05,-0.450751,0.094419,0.000319,-0.011932,0.0,0.0,1.0,0.0,0.0,0.0,-9999.0,-9999.0,-9999.0,-9999.0,-9999.0,-9999.0,-9999.0,-9999.0,-9999.0,-9999.0,-9999.0,-9999.0,-9999.0,-9999.0
P13_HV1_3_interaction,active_and_state_lat_and_long_zero_last_source_row_continuous_segment,P13,HV1,3,keep_right,P13_HV1_3,P13_HV1.1.asc,HV3,60,initiator_active,15450,1,257500.0,257500.0008,3.0,3.0,28.96355,104.268779,6.0,754.876421,-5755.553832,0.049969,-0.014444,0.0,28.964896,0.001435,0.0,5755.727032,-59.692213,6.280197,1.0,0.0,0.0,0.0,5891.124716,-58.554762,1021.0,6.0,890.964337,6.0,0.94948,36.955568,133.040043,36.955559,-0.025858,5.7e-05,-0.450667,0.109901,0.000306,-0.016014,0.0,0.0,1.0,0.0,0.0,0.0,-9999.0,-9999.0,-9999.0,-9999.0,-9999.0,-9999.0,-9999.0,-9999.0,-9999.0,-9999.0,-9999.0,-9999.0,-9999.0,-9999.0
P13_HV1_3_interaction,active_and_state_lat_and_long_zero_last_source_row_continuous_segment,P13,HV1,3,keep_right,P13_HV1_3,P13_HV1.1.asc,HV3,60,initiator_active,15451,1,257516.67,257516.6675,3.0,3.0,28.964446,104.272007,6.0,755.359157,-5756.036555,0.036446,-0.014959,0.0,28.965605,0.001589,0.0,5756.209782,-59.693636,6.280184,1.0,0.0,0.0,0.0,5891.740617,-58.550462,1021.0,6.0,891.58273,6.0,0.941101,36.948056,133.013001,36.948046,-0.027321,6.2e-05,-0.450587,0.125078,0.000284,-0.020096,0.0,0.0,1.0,0.0,0.0,0.0,-9999.0,-9999.0,-9999.0,-9999.0,-9999.0,-9999.0,-9999.0,-9999.0,-9999.0,-9999.0,-9999.0,-9999.0,-9999.0,-9999.0
P13_HV1_3_interaction,active_and_state_lat_and_long_zero_last_source_row_continuous_segment,P13,HV1,3,keep_right,P13_HV1_3,P13_HV1.1.asc,HV3,60,initiator_active,15452,1,257533.33,257533.3344,3.0,3.0,28.965313,104.275126,6.0,755.841908,-5756.519294,0.067437,-0.01466,0.0,28.966372,0.001704,0.0,5756.692542,-59.695063,6.280171,1.0,0.0,0.0,0.0,5892.356393,-58.546132,1021.0,6.0,892.200993,6.0,0.932564,36.940545,132.985963,36.940534,-0.028693,6.7e-05,-0.450518,0.142442,0.000252,-0.02512,0.0,0.0,1.0,0.0,0.0,0.0,-9999.0,-9999.0,-9999.0,-9999.0,-9999.0,-9999.0,-9999.0,-9999.0,-9999.0,-9999.0,-9999.0,-9999.0,-9999.0,-9999.0
P13_HV1_3_interaction,active_and_state_lat_and_long_zero_last_source_row_continuous_segment,P13,HV1,3,keep_right,P13_HV1_3,P13_HV1.1.asc,HV3,60,initiator_active,15453,1,257550.0,257550.0002,3.0,3.0,28.965909,104.277273,6.0,756.324669,-5757.002043,0.055773,-0.014332,0.0,28.967453,0.001806,0.0,5757.175317,-59.696494,6.280159,1.0,0.0,0.0,0.0,5892.972044,-58.541767,1021.0,6.0,892.819125,6.0,0.923874,36.933035,132.958927,36.933023,-0.030039,7.1e-05,-0.450454,0.159774,0.000213,-0.030144,0.0,0.0,1.0,0.0,0.0,0.0,-9999.0,-9999.0,-9999.0,-9999.0,-9999.0,-9999.0,-9999.0,-9999.0,-9999.0,-9999.0,-9999.0,-9999.0,-9999.0,-9999.0
P13_HV1_3_interaction,active_and_state_lat_and_long_zero_last_source_row_continuous_segment,P13,HV1,3,keep_right,P13_HV1_3,P13_HV1.1.asc,HV3,60,initiator_active,15454,1,257566.69,257566.6908,3.0,3.0,28.966934,104.280963,6.0,756.807446,-5757.484807,0.049403,-0.014472,0.0,28.968366,0.001909,0.0,5757.65811,-59.697929,6.280147,1.0,0.0,0.0,0.0,5893.587569,-58.537363,1021.0,6.0,893.437127,6.0,0.915036,36.925526,132.931893,36.925513,-0.031409,7.4e-05,-0.4504,0.178026,0.000167,-0.035482,0.0,0.0,1.0,0.0,0.0,0.0,-9999.0,-9999.0,-9999.0,-9999.0,-9999.0,-9999.0,-9999.0,-9999.0,-9999.0,-9999.0,-9999.0,-9999.0,-9999.0,-9999.0
P13_HV1_3_interaction,active_and_state_lat_and_long_zero_last_source_row_continuous_segment,P13,HV1,3,keep_right,P13_HV1_3,P13_HV1.1.asc,HV3,60,initiator_active,15455,1,257583.33,257583.3341,3.0,3.0,28.967918,104.284505,6.0,757.290239,-5757.967589,0.052605,-0.012624,0.0,28.969195,0.001985,0.0,5758.140917,-59.699367,6.280136,1.0,0.0,0.0,0.0,5894.202968,-58.532917,1021.0,6.0,894.054998,6.0,0.906052,36.918017,132.904861,36.918002,-0.032843,7.6e-05,-0.45036,0.198123,0.000117,-0.041448,0.0,0.0,1.0,0.0,0.0,0.0,-9999.0,-9999.0,-9999.0,-9999.0,-9999.0,-9999.0,-9999.0,-9999.0,-9999.0,-9999.0,-9999.0,-9999.0,-9999.0,-9999.0
P13_HV1_3_interaction,active_and_state_lat_and_long_zero_last_source_row_continuous_segment,P13,HV1,3,keep_right,P13_HV1_3,P13_HV1.1.asc,HV3,60,initiator_active,15456,1,257600.01,257600.0088,3.0,3.0,28.968778,104.287599,6.0,757.773048,-5758.450385,0.049735,-0.010813,0.0,28.970078,0.002047,0.0,5758.623739,-59.70081,6.280127,1.0,0.0,0.0,0.0,5894.818243,-58.528424,1021.0,6.0,894.672739,6.0,0.896928,36.910508,132.87783,36.910492,-0.034475,7.8e-05,-0.4503,0.212787,6.2e-05,-0.045059,0.0,0.0,1.0,0.0,0.0,0.0,-9999.0,-9999.0,-9999.0,-9999.0,-9999.0,-9999.0,-9999.0,-9999.0,-9999.0,-9999.0,-9999.0,-9999.0,-9999.0,-9999.0
P13_HV1_3_interaction,active_and_state_lat_and_long_zero_last_source_row_continuous_segment,P13,HV1,3,keep_right,P13_HV1_3,P13_HV1.1.asc,HV3,60,initiator_active,15457,1,257616.67,257616.6674,3.0,3.0,28.969633,104.290678,6.0,758.25587,-5758.933196,0.045918,-0.012868,0.0,28.970881,0.002103,0.0,5759.106575,-59.702255,6.280118,1.0,0.0,0.0,0.0,5895.433391,-58.52388,1021.0,6.0,895.290349,6.0,0.887667,36.903,132.850801,36.902983,-0.036318,7.8e-05,-0.450249,0.229294,5e-06,-0.049141,0.0,0.0,1.0,0.0,0.0,0.0,-9999.0,-9999.0,-9999.0,-9999.0,-9999.0,-9999.0,-9999.0,-9999.0,-9999.0,-9999.0,-9999.0,-9999.0,-9999.0,-9999.0
P13_HV1_3_interaction,active_and_state_lat_and_long_zero_last_source_row_continuous_segment,P13,HV1,3,keep_right,P13_HV1_3,P13_HV1.1.asc,HV3,60,initiator_active,15458,1,257633.33,257633.3341,3.0,3.0,28.970492,104.293772,6.0,758.738707,-5759.416021,0.050042,-0.011882,0.0,28.971646,0.0021,0.0,5759.589424,-59.703704,6.280111,1.0,0.0,0.0,0.0,5896.048415,-58.519281,1021.0,6.0,895.907829,6.0,0.878275,36.895493,132.823774,36.895473,-0.038409,7.8e-05,-0.450198,0.245322,-4.6e-05,-0.052752,0.0,0.0,1.0,0.0,0.0,0.0,-9999.0,-9999.0,-9999.0,-9999.0,-9999.0,-9999.0,-9999.0,-9999.0,-9999.0,-9999.0,-9999.0,-9999.0,-9999.0,-9999.0
P13_HV1_3_interaction,active_and_state_lat_and_long_zero_last_source_row_continuous_segment,P13,HV1,3,keep_right,P13_HV1_3,P13_HV1.1.asc,HV3,60,initiator_active,15459,1,257650.0,257650.001,3.0,3.0,28.971263,104.296547,6.0,759.221558,-5759.898859,0.04089,-0.010856,0.0,28.972412,0.002086,0.0,5760.072286,-59.705156,6.280104,1.0,0.0,0.0,0.0,5896.663312,-58.514623,1021.0,6.0,896.525178,6.0,0.868754,36.887986,132.796748,36.887963,-0.040773,7.7e-05,-0.450144,0.260938,-8.7e-05,-0.055892,0.0,0.0,1.0,0.0,0.0,0.0,-9999.0,-9999.0,-9999.0,-9999.0,-9999.0,-9999.0,-9999.0,-9999.0,-9999.0,-9999.0,-9999.0,-9999.0,-9999.0,-9999.0
P13_HV1_3_interaction,active_and_state_lat_and_long_zero_last_source_row_continuous_segment,P13,HV1,3,keep_right,P13_HV1_3,P13_HV1.1.asc,HV3,60,initiator_active,15460,1,257666.67,257666.6676,3.0,3.0,28.972063,104.299428,6.0,759.704421,-5760.38171,0.046763,-0.010383,0.0,28.973131,0.002073,0.0,5760.55516,-59.706611,6.280099,1.0,0.0,0.0,0.0,5897.278084,-58.509902,1021.0,6.0,897.142397,6.0,0.85911,36.880479,132.769723,36.880453,-0.043424,7.5e-05,-0.450089,0.276572,-0.000115,-0.058718,0.0,0.0,1.0,0.0,0.0,0.0,-9999.0,-9999.0,-9999.0,-9999.0,-9999.0,-9999.0,-9999.0,-9999.0,-9999.0,-9999.0,-9999.0,-9999.0,-9999.0,-9999.0
P13_HV1_3_interaction,active_and_state_lat_and_long_zero_last_source_row_continuous_segment,P13,HV1,3,keep_right,P13_HV1_3,P13_HV1.1.asc,HV3,60,initiator_active,15461,1,257683.33,257683.3344,3.0,3.0,28.972753,104.301911,6.0,760.187296,-5760.864573,0.054244,-0.00968,0.0,28.973945,0.002037,0.0,5761.038047,-59.708068,6.280094,1.0,0.0,0.0,0.0,5897.892731,-58.505114,1021.0,6.0,897.759485,6.0,0.849346,36.872972,132.742699,36.872943,-0.046375,7.3e-05,-0.450028,0.291448,-0.000132,-0.060916,0.0,0.0,1.0,0.0,0.0,0.0,-9999.0,-9999.0,-9999.0,-9999.0,-9999.0,-9999.0,-9999.0,-9999.0,-9999.0,-9999.0,-9999.0,-9999.0,-9999.0,-9999.0
P13_HV1_3_interaction,active_and_state_lat_and_long_zero_last_source_row_continuous_segment,P13,HV1,3,keep_right,P13_HV1_3,P13_HV1.1.asc,HV3,60,initiator_active,15462,1,257700.0,257700.0007,3.0,3.0,28.973521,104.304674,6.0,760.670184,-5761.347449,0.050959,-0.008305,0.0,28.974855,0.001967,0.0,5761.520947,-59.709528,6.280091,1.0,0.0,0.0,0.0,5898.507251,-58.500255,1021.0,6.0,898.376442,6.0,0.839466,36.865466,132.715677,36.865432,-0.049622,7.1e-05,-0.449965,0.306352,-0.000138,-0.0628,0.0,0.0,1.0,0.0,0.0,0.0,-9999.0,-9999.0,-9999.0,-9999.0,-9999.0,-9999.0,-9999.0,-9999.0,-9999.0,-9999.0,-9999.0,-9999.0,-9999.0,-9999.0
P13_HV1_3_interaction,active_and_state_lat_and_long_zero_last_source_row_continuous_segment,P13,HV1,3,keep_right,P13_HV1_3,P13_HV1.1.asc,HV3,60,initiator_active,15463,1,257716.67,257716.6669,3.0,3.0,28.974398,104.307831,6.0,761.153086,-5761.830339,0.050591,-0.007061,0.0,28.975676,0.001892,0.0,5762.003863,-59.710991,6.280089,1.0,0.0,0.0,0.0,5899.121646,-58.49532,1021.0,6.0,898.993269,6.0,0.829476,36.85796,132.688655,36.857921,-0.053147,6.9e-05,-0.449901,0.321634,-0.000135,-0.064527,0.0,0.0,1.0,0.0,0.0,0.0,-9999.0,-9999.0,-9999.0,-9999.0,-9999.0,-9999.0,-9999.0,-9999.0,-9999.0,-9999.0,-9999.0,-9999.0,-9999.0,-9999.0
P13_HV1_3_interaction,active_and_state_lat_and_long_zero_last_source_row_continuous_segment,P13,HV1,3,keep_right,P13_HV1_3,P13_HV1.1.asc,HV3,60,initiator_active,15464,1,257733.33,257733.334,3.0,3.0,28.97528,104.311007,6.0,761.636003,-5762.313244,0.050636,-0.005903,0.0,28.976545,0.001808,0.0,5762.486792,-59.712455,6.280089,1.0,0.0,0.0,0.0,5899.735916,-58.490306,1021.0,6.0,899.609966,6.0,0.819378,36.850454,132.661634,36.85041,-0.056926,6.7e-05,-0.449841,0.337628,-0.000125,-0.066254,0.0,0.0,1.0,0.0,0.0,0.0,-9999.0,-9999.0,-9999.0,-9999.0,-9999.0,-9999.0,-9999.0,-9999.0,-9999.0,-9999.0,-9999.0,-9999.0,-9999.0,-9999.0
P13_HV1_3_interaction,active_and_state_lat_and_long_zero_last_source_row_continuous_segment,P13,HV1,3,keep_right,P13_HV1_3,P13_HV1.1.asc,HV3,60,initiator_active,15465,1,257750.0,257750.0048,3.0,3.0,28.976098,104.313952,6.0,762.118933,-5762.796162,0.053783,-0.004776,0.0,28.977395,0.001715,0.0,5762.969736,-59.713921,6.280089,1.0,0.0,0.0,0.0,5900.350059,-58.485208,1021.0,6.0,900.226532,6.0,0.809179,36.842948,132.634613,36.842898,-0.060928,6.5e-05,-0.449785,0.354658,-0.000109,-0.068138,0.0,0.0,1.0,0.0,0.0,0.0,-9999.0,-9999.0,-9999.0,-9999.0,-9999.0,-9999.0,-9999.0,-9999.0,-9999.0,-9999.0,-9999.0,-9999.0,-9999.0,-9999.0
P13_HV1_3_interaction,active_and_state_lat_and_long_zero_last_source_row_continuous_segment,P13,HV1,3,keep_right,P13_HV1_3,P13_HV1.1.asc,HV3,60,initiator_active,15466,1,257766.67,257766.6676,3.0,3.0,28.976967,104.317082,6.0,762.601878,-5763.279095,0.054416,-0.004133,0.0,28.978297,0.001626,0.0,5763.452694,-59.715388,6.280089,1.0,0.0,0.0,0.0,5900.964077,-58.48002,1021.0,6.0,900.842967,6.0,0.798883,36.835442,132.60759,36.835384,-0.065134,6.3e-05,-0.449733,0.37226,-9e-05,-0.070022,0.0,0.0,1.0,0.0,0.0,0.0,-9999.0,-9999.0,-9999.0,-9999.0,-9999.0,-9999.0,-9999.0,-9999.0,-9999.0,-9999.0,-9999.0,-9999.0,-9999.0,-9999.0
P13_HV1_3_interaction,active_and_state_lat_and_long_zero_last_source_row_continuous_segment,P13,HV1,3,keep_right,P13_HV1_3,P13_HV1.1.asc,HV3,60,initiator_active,15467,1,257783.33,257783.3345,3.0,3.0,28.977844,104.320237,6.0,763.084837,-5763.762042,0.051036,-0.001521,0.0,28.979171,0.00152,0.0,5763.935667,-59.716856,6.28009,1.0,0.0,0.0,0.0,5901.577969,-58.474739,1021.0,6.0,901.459273,6.0,0.788494,36.827935,132.580566,36.827869,-0.069524,6.2e-05,-0.449683,0.390381,-7.3e-05,-0.071906,0.0,0.0,1.0,0.0,0.0,0.0,-9999.0,-9999.0,-9999.0,-9999.0,-9999.0,-9999.0,-9999.0,-9999.0,-9999.0,-9999.0,-9999.0,-9999.0,-9999.0,-9999.0
P13_HV1_3_interaction,active_and_state_lat_and_long_zero_last_source_row_continuous_segment,P13,HV1,3,keep_right,P13_HV1_3,P13_HV1.1.asc,HV3,60,initiator_active,15468,1,257800.0,257800.0009,3.0,3.0,28.97875,104.323501,6.0,763.567812,-5764.245005,0.061794,-0.001171,0.0,28.980042,0.001424,0.0,5764.418654,-59.718326,6.280093,1.0,0.0,0.0,0.0,5902.191735,-58.469359,1021.0,6.0,902.075448,6.0,0.778018,36.820428,132.55354,36.820353,-0.074068,6.1e-05,-0.449641,0.409757,-6e-05,-0.074104,0.0,0.0,1.0,0.0,0.0,0.0,-9999.0,-9999.0,-9999.0,-9999.0,-9999.0,-9999.0,-9999.0,-9999.0,-9999.0,-9999.0,-9999.0,-9999.0,-9999.0,-9999.0
P13_HV1_3_interaction,active_and_state_lat_and_long_zero_last_source_row_continuous_segment,P13,HV1,3,keep_right,P13_HV1_3,P13_HV1.1.asc,HV3,60,initiator_active,15469,1,257816.68,257816.6793,3.0,3.0,28.979596,104.326546,6.0,764.0508,-5764.727982,0.057843,0.002541,0.0,28.981125,0.001317,0.0,5764.901657,-59.719795,6.280097,1.0,0.0,0.0,0.0,5902.805375,-58.463874,1021.0,6.0,902.691493,6.0,0.767461,36.81292,132.526511,36.812835,-0.078769,6e-05,-0.449593,0.428364,-5.2e-05,-0.075831,0.0,0.0,1.0,0.0,0.0,0.0,-9999.0,-9999.0,-9999.0,-9999.0,-9999.0,-9999.0,-9999.0,-9999.0,-9999.0,-9999.0,-9999.0,-9999.0,-9999.0,-9999.0
P13_HV1_3_interaction,active_and_state_lat_and_long_zero_last_source_row_continuous_segment,P13,HV1,3,keep_right,P13_HV1_3,P13_HV1.1.asc,HV3,60,initiator_active,15470,1,257833.33,257833.3337,3.0,3.0,28.980556,104.330003,6.0,764.533804,-5765.210974,0.051202,0.005316,0.0,28.982103,0.001232,0.0,5765.384678,-59.721263,6.280102,1.0,0.0,0.0,0.0,5903.418889,-58.458281,1021.0,6.0,903.307407,6.0,0.756828,36.805411,132.49948,36.805316,-0.083611,5.9e-05,-0.449544,0.446979,-5.1e-05,-0.077401,0.0,0.0,1.0,0.0,0.0,0.0,-9999.0,-9999.0,-9999.0,-9999.0,-9999.0,-9999.0,-9999.0,-9999.0,-9999.0,-9999.0,-9999.0,-9999.0,-9999.0,-9999.0
P13_HV1_3_interaction,active_and_state_lat_and_long_zero_last_source_row_continuous_segment,P13,HV1,3,keep_right,P13_HV1_3,P13_HV1.1.asc,HV3,60,initiator_active,15471,1,257850.0,257850.0009,3.0,3.0,28.981607,104.333784,6.0,765.016826,-5765.693983,0.051701,0.006421,0.0,28.982929,0.001131,0.0,5765.867714,-59.72273,6.280108,1.0,0.0,0.0,0.0,5904.032276,-58.452572,1021.0,6.0,903.923192,6.0,0.746123,36.797901,132.472445,36.797795,-0.08858,5.9e-05,-0.449493,0.465555,-5.4e-05,-0.078814,0.0,0.0,1.0,0.0,0.0,0.0,-9999.0,-9999.0,-9999.0,-9999.0,-9999.0,-9999.0,-9999.0,-9999.0,-9999.0,-9999.0,-9999.0,-9999.0,-9999.0,-9999.0
P13_HV1_3_interaction,active_and_state_lat_and_long_zero_last_source_row_continuous_segment,P13,HV1,3,keep_right,P13_HV1_3,P13_HV1.1.asc,HV3,60,initiator_active,15472,1,257866.67,257866.6713,3.0,3.0,28.98253,104.337108,6.0,765.499864,-5766.177009,0.049487,0.010827,0.0,28.983802,0.001021,0.0,5766.350764,-59.724195,6.280117,1.0,0.0,0.0,0.0,5904.645538,-58.446743,1021.0,6.0,904.538846,6.0,0.735354,36.790391,132.445407,36.790272,-0.093657,5.8e-05,-0.44944,0.484045,-6e-05,-0.08007,0.0,0.0,1.0,0.0,0.0,0.0,-9999.0,-9999.0,-9999.0,-9999.0,-9999.0,-9999.0,-9999.0,-9999.0,-9999.0,-9999.0,-9999.0,-9999.0,-9999.0,-9999.0
P13_HV1_3_interaction,active_and_state_lat_and_long_zero_last_source_row_continuous_segment,P13,HV1,3,keep_right,P13_HV1_3,P13_HV1.1.asc,HV3,60,initiator_active,15473,1,257883.33,257883.3342,3.0,3.0,28.98336,104.340096,6.0,765.982915,-5766.660048,0.041885,0.014273,0.0,28.984601,0.00093,0.0,5766.833829,-59.725658,6.280126,1.0,0.0,0.0,0.0,5905.258673,-58.440789,1021.0,6.0,905.15437,6.0,0.724524,36.782879,132.418365,36.782746,-0.098825,5.7e-05,-0.449386,0.502394,-6.7e-05,-0.081169,0.0,0.0,1.0,0.0,0.0,0.0,-9999.0,-9999.0,-9999.0,-9999.0,-9999.0,-9999.0,-9999.0,-9999.0,-9999.0,-9999.0,-9999.0,-9999.0,-9999.0,-9999.0
P13_HV1_3_interaction,active_and_state_lat_and_long_zero_last_source_row_continuous_segment,P13,HV1,3,keep_right,P13_HV1_3,P13_HV1.1.asc,HV3,60,initiator_active,15474,1,257900.0,257900.0008,3.0,3.0,28.984214,104.34317,6.0,766.465981,-5767.143102,0.052346,0.016543,0.0,28.985337,0.000805,0.0,5767.316906,-59.727116,6.280138,1.0,0.0,0.0,0.0,5905.871682,-58.434704,1021.0,6.0,905.769765,6.0,0.713641,36.775367,132.39132,36.775219,-0.104063,5.5e-05,-0.449329,0.520546,-7.1e-05,-0.082111,0.0,0.0,1.0,0.0,0.0,0.0,-9999.0,-9999.0,-9999.0,-9999.0,-9999.0,-9999.0,-9999.0,-9999.0,-9999.0,-9999.0,-9999.0,-9999.0,-9999.0,-9999.0
P13_HV1_3_interaction,active_and_state_lat_and_long_zero_last_source_row_continuous_segment,P13,HV1,3,keep_right,P13_HV1_3,P13_HV1.1.asc,HV3,60,initiator_active,15475,1,257916.67,257916.6673,3.0,3.0,28.98495,104.345819,6.0,766.94906,-5767.626169,0.050236,0.018504,0.0,28.986222,0.000675,0.0,5767.799996,-59.72857,6.280152,1.0,0.0,0.0,0.0,5906.484564,-58.428483,1021.0,6.0,906.385029,6.0,0.702708,36.767853,132.36427,36.76769,-0.109351,5.4e-05,-0.44927,0.538444,-7.3e-05,-0.082896,0.0,0.0,1.0,0.0,0.0,0.0,-9999.0,-9999.0,-9999.0,-9999.0,-9999.0,-9999.0,-9999.0,-9999.0,-9999.0,-9999.0,-9999.0,-9999.0,-9999.0,-9999.0
P13_HV1_3_interaction,active_and_state_lat_and_long_zero_last_source_row_continuous_segment,P13,HV1,3,keep_right,P13_HV1_3,P13_HV1.1.asc,HV3,60,initiator_active,15476,1,257933.33,257933.3342,3.0,3.0,28.985773,104.348783,6.0,767.432151,-5768.109248,0.049939,0.024985,0.0,28.987032,0.000546,0.0,5768.283101,-59.730019,6.280168,1.0,0.0,0.0,0.0,5907.097319,-58.42212,1021.0,6.0,907.000163,6.0,0.691731,36.760338,132.337216,36.760159,-0.114659,5.3e-05,-0.449216,0.556812,-7.1e-05,-0.083838,0.0,0.0,1.0,0.0,0.0,0.0,-9999.0,-9999.0,-9999.0,-9999.0,-9999.0,-9999.0,-9999.0,-9999.0,-9999.0,-9999.0,-9999.0,-9999.0,-9999.0,-9999.0
P13_HV1_3_interaction,active_and_state_lat_and_long_zero_last_source_row_continuous_segment,P13,HV1,3,keep_right,P13_HV1_3,P13_HV1.1.asc,HV3,60,initiator_active,15477,1,257950.0,257950.0002,3.0,3.0,28.986641,104.351907,6.0,767.915257,-5768.592342,0.053803,0.032156,0.0,28.98789,0.000429,0.0,5768.76622,-59.731461,6.280187,1.0,0.0,0.0,0.0,5907.709948,-58.415611,1021.0,6.0,907.615168,6.0,0.680716,36.752821,132.310157,36.752626,-0.11997,5.2e-05,-0.449159,0.574788,-6.5e-05,-0.084623,0.0,0.0,1.0,0.0,0.0,0.0,-9999.0,-9999.0,-9999.0,-9999.0,-9999.0,-9999.0,-9999.0,-9999.0,-9999.0,-9999.0,-9999.0,-9999.0,-9999.0,-9999.0
P13_HV1_3_interaction,active_and_state_lat_and_long_zero_last_source_row_continuous_segment,P13,HV1,3,keep_right,P13_HV1_3,P13_HV1.1.asc,HV3,60,initiator_active,15478,1,257966.69,257966.6867,3.0,3.0,28.987448,104.354813,6.0,768.398377,-5769.07545,0.041107,0.037149,0.0,28.988659,0.000345,0.0,5769.249353,-59.732895,6.280209,1.0,0.0,0.0,0.0,5908.32245,-58.408951,1021.0,6.0,908.230043,6.0,0.669668,36.745304,132.283093,36.74509,-0.125271,5.1e-05,-0.449094,0.59193,-5.7e-05,-0.085094,0.0,0.0,1.0,0.0,0.0,0.0,-9999.0,-9999.0,-9999.0,-9999.0,-9999.0,-9999.0,-9999.0,-9999.0,-9999.0,-9999.0,-9999.0,-9999.0,-9999.0,-9999.0
P13_HV1_3_interaction,active_and_state_lat_and_long_zero_last_source_row_continuous_segment,P13,HV1,3,keep_right,P13_HV1_3,P13_HV1.1.asc,HV3,60,initiator_active,15479,1,257983.68,257983.6818,3.0,3.0,28.988338,104.358018,6.0,768.881511,-5769.558572,0.067214,0.039585,0.0,28.989523,0.000248,0.0,5769.732498,-59.734318,6.280235,1.0,0.0,0.0,0.0,5908.934824,-58.402133,1021.0,6.0,908.844788,6.0,0.658593,36.737785,132.256025,36.737553,-0.13054,5e-05,-0.449031,0.608985,-4.7e-05,-0.085565,0.0,0.0,1.0,0.0,0.0,0.0,-9999.0,-9999.0,-9999.0,-9999.0,-9999.0,-9999.0,-9999.0,-9999.0,-9999.0,-9999.0,-9999.0,-9999.0,-9999.0,-9999.0
P13_HV1_3_interaction,active_and_state_lat_and_long_zero_last_source_row_continuous_segment,P13,HV1,3,keep_right,P13_HV1_3,P13_HV1.1.asc,HV3,60,initiator_active,15480,1,258000.0,258000.0005,3.0,3.0,28.989002,104.360406,6.0,769.364657,-5770.041706,0.057761,0.046569,0.0,28.990611,7.8e-05,0.0,5770.215659,-59.73573,6.280264,1.0,0.0,0.0,0.0,5909.547072,-58.395153,1021.0,6.0,909.459404,6.0,0.647495,36.730264,132.228952,36.730013,-0.135759,5e-05,-0.448963,0.625493,-3.6e-05,-0.085879,0.0,0.0,1.0,0.0,0.0,0.0,-9999.0,-9999.0,-9999.0,-9999.0,-9999.0,-9999.0,-9999.0,-9999.0,-9999.0,-9999.0,-9999.0,-9999.0,-9999.0,-9999.0
P13_HV1_3_interaction,active_and_state_lat_and_long_zero_last_source_row_continuous_segment,P13,HV1,3,keep_right,P13_HV1_3,P13_HV1.1.asc,HV3,60,initiator_active,15481,1,258016.67,258016.6675,3.0,3.0,28.990083,104.3643,6.0,769.84782,-5770.524856,0.052797,0.050019,0.0,28.991541,-0.000117,0.0,5770.698838,-59.737129,6.280298,1.0,0.0,0.0,0.0,5910.159193,-58.388007,1021.0,6.0,910.07389,6.0,0.636379,36.722743,132.201874,36.722472,-0.140915,4.9e-05,-0.448887,0.641003,-2.3e-05,-0.085565,0.0,0.0,1.0,0.0,0.0,0.0,-9999.0,-9999.0,-9999.0,-9999.0,-9999.0,-9999.0,-9999.0,-9999.0,-9999.0,-9999.0,-9999.0,-9999.0,-9999.0,-9999.0
P13_HV1_3_interaction,active_and_state_lat_and_long_zero_last_source_row_continuous_segment,P13,HV1,3,keep_right,P13_HV1_3,P13_HV1.1.asc,HV3,60,initiator_active,15482,1,258033.33,258033.3342,3.0,3.0,28.991092,104.367932,6.0,770.330999,-5771.008023,0.061525,0.049887,0.0,28.992548,-0.000393,0.0,5771.182032,-59.738513,6.280337,1.0,0.0,0.0,0.0,5910.771186,-58.380689,1021.0,6.0,910.688246,6.0,0.625251,36.71522,132.174792,36.71493,-0.145984,4.9e-05,-0.448812,0.656269,-9e-06,-0.085408,0.0,0.0,1.0,0.0,0.0,0.0,-9999.0,-9999.0,-9999.0,-9999.0,-9999.0,-9999.0,-9999.0,-9999.0,-9999.0,-9999.0,-9999.0,-9999.0,-9999.0,-9999.0
P13_HV1_3_interaction,active_and_state_lat_and_long_zero_last_source_row_continuous_segment,P13,HV1,3,keep_right,P13_HV1_3,P13_HV1.1.asc,HV3,60,initiator_active,15483,1,258050.0,258050.0007,3.0,3.0,28.991981,104.371131,6.0,770.814194,-5771.491206,0.048698,0.049587,0.0,28.993463,-0.000792,0.0,5771.665244,-59.739882,6.280379,1.0,0.0,0.0,0.0,5911.383052,-58.373195,1021.0,6.0,911.302474,6.0,0.614115,36.707696,132.147706,36.707386,-0.150944,4.9e-05,-0.448735,0.671213,8e-06,-0.084937,0.0,0.0,1.0,0.0,0.0,0.0,-9999.0,-9999.0,-9999.0,-9999.0,-9999.0,-9999.0,-9999.0,-9999.0,-9999.0,-9999.0,-9999.0,-9999.0,-9999.0,-9999.0
P13_HV1_3_interaction,active_and_state_lat_and_long_zero_last_source_row_continuous_segment,P13,HV1,3,keep_right,P13_HV1_3,P13_HV1.1.asc,HV3,60,initiator_active,15484,1,258066.67,258066.6667,3.0,3.0,28.99306,104.375017,6.0,771.297406,-5771.974406,0.048524,0.050744,0.0,28.994298,-0.001296,0.0,5772.14847,-59.741237,6.280425,1.0,0.0,0.0,0.0,5911.99479,-58.36552,1021.0,6.0,911.916571,6.0,0.602975,36.700171,132.120616,36.69984,-0.155788,4.9e-05,-0.448648,0.684762,2.6e-05,-0.084466,0.0,0.0,1.0,0.0,0.0,0.0,-9999.0,-9999.0,-9999.0,-9999.0,-9999.0,-9999.0,-9999.0,-9999.0,-9999.0,-9999.0,-9999.0,-9999.0,-9999.0,-9999.0
P13_HV1_3_interaction,active_and_state_lat_and_long_zero_last_source_row_continuous_segment,P13,HV1,3,keep_right,P13_HV1_3,P13_HV1.1.asc,HV3,60,initiator_active,15485,1,258083.33,258083.3346,3.0,3.0,28.993869,104.377929,6.0,771.780633,-5772.45762,0.037445,0.050623,0.0,28.995083,-0.001864,0.0,5772.631709,-59.742577,6.280474,1.0,0.0,0.0,0.0,5912.6064,-58.35766,1021.0,6.0,912.53054,6.0,0.591836,36.692645,132.093523,36.692294,-0.160503,5e-05,-0.448549,0.696977,4.3e-05,-0.083681,0.0,0.0,1.0,0.0,0.0,0.0,-9999.0,-9999.0,-9999.0,-9999.0,-9999.0,-9999.0,-9999.0,-9999.0,-9999.0,-9999.0,-9999.0,-9999.0,-9999.0,-9999.0
P13_HV1_3_interaction,active_and_state_lat_and_long_zero_last_source_row_continuous_segment,P13,HV1,3,keep_right,P13_HV1_3,P13_HV1.1.asc,HV3,60,initiator_active,15486,1,258100.0,258100.0005,3.0,3.0,28.994702,104.380927,6.0,772.263873,-5772.940847,0.037921,0.047633,0.0,28.995655,-0.002495,0.0,5773.114961,-59.743903,6.280524,1.0,0.0,0.0,0.0,5913.217882,-58.349612,1021.0,6.0,913.144379,6.0,0.580702,36.685119,132.066427,36.684747,-0.165065,5.1e-05,-0.448449,0.708746,6.2e-05,-0.082896,0.0,0.0,1.0,0.0,0.0,0.0,-9999.0,-9999.0,-9999.0,-9999.0,-9999.0,-9999.0,-9999.0,-9999.0,-9999.0,-9999.0,-9999.0,-9999.0,-9999.0,-9999.0
P13_HV1_3_interaction,active_and_state_lat_and_long_zero_last_source_row_continuous_segment,P13,HV1,3,keep_right,P13_HV1_3,P13_HV1.1.asc,HV3,60,initiator_active,15487,1,258116.67,258116.6676,3.0,3.0,28.995395,104.38342,6.0,772.747126,-5773.424087,0.045899,0.045516,0.0,28.996375,-0.003189,0.0,5773.598223,-59.745215,6.280576,1.0,0.0,0.0,0.0,5913.829237,-58.341371,1021.0,6.0,913.758089,6.0,0.569577,36.677591,132.039328,36.6772,-0.169426,5.2e-05,-0.448372,0.721965,8.3e-05,-0.082896,0.0,0.0,1.0,0.0,0.0,0.0,-9999.0,-9999.0,-9999.0,-9999.0,-9999.0,-9999.0,-9999.0,-9999.0,-9999.0,-9999.0,-9999.0,-9999.0,-9999.0,-9999.0
P13_HV1_3_interaction,active_and_state_lat_and_long_zero_last_source_row_continuous_segment,P13,HV1,3,keep_right,P13_HV1_3,P13_HV1.1.asc,HV3,60,initiator_active,15488,1,258133.33,258133.3336,3.0,3.0,28.995971,104.385495,6.0,773.230388,-5773.907337,0.057067,0.044371,0.0,28.99716,-0.003932,0.0,5774.081498,-59.746513,6.280627,1.0,0.0,0.0,0.0,5914.440463,-58.332934,1021.0,6.0,914.37167,6.0,0.558465,36.670062,132.012225,36.669652,-0.173574,5.3e-05,-0.448293,0.73458,0.000108,-0.083367,0.0,0.0,1.0,0.0,0.0,0.0,-9999.0,-9999.0,-9999.0,-9999.0,-9999.0,-9999.0,-9999.0,-9999.0,-9999.0,-9999.0,-9999.0,-9999.0,-9999.0,-9999.0
P13_HV1_3_interaction,active_and_state_lat_and_long_zero_last_source_row_continuous_segment,P13,HV1,3,keep_right,P13_HV1_3,P13_HV1.1.asc,HV3,60,initiator_active,15489,1,258150.0,258150.001,3.0,3.0,28.996757,104.388326,6.0,773.713663,-5774.390599,0.058161,0.041645,0.0,28.998146,-0.004635,0.0,5774.564786,-59.7478,6.280677,1.0,0.0,0.0,0.0,5915.051561,-58.324297,1021.0,6.0,914.985122,6.0,0.547369,36.662533,131.985118,36.662103,-0.177504,5.5e-05,-0.448214,0.746565,0.000131,-0.083838,0.0,0.0,1.0,0.0,0.0,0.0,-9999.0,-9999.0,-9999.0,-9999.0,-9999.0,-9999.0,-9999.0,-9999.0,-9999.0,-9999.0,-9999.0,-9999.0,-9999.0,-9999.0
P13_HV1_3_interaction,active_and_state_lat_and_long_zero_last_source_row_continuous_segment,P13,HV1,3,keep_right,P13_HV1_3,P13_HV1.1.asc,HV3,60,initiator_active,15490,1,258166.67,258166.6676,3.0,3.0,28.997635,104.391487,6.0,774.196951,-5774.873874,0.049714,0.040891,0.0,28.999086,-0.0053,0.0,5775.048091,-59.749075,6.280725,1.0,0.0,0.0,0.0,5915.662531,-58.315456,1021.0,6.0,915.598444,6.0,0.536294,36.655002,131.958007,36.654554,-0.181195,5.8e-05,-0.448151,0.759329,0.000152,-0.084466,0.0,0.0,1.0,0.0,0.0,0.0,-9999.0,-9999.0,-9999.0,-9999.0,-9999.0,-9999.0,-9999.0,-9999.0,-9999.0,-9999.0,-9999.0,-9999.0,-9999.0,-9999.0
P13_HV1_3_interaction,active_and_state_lat_and_long_zero_last_source_row_continuous_segment,P13,HV1,3,keep_right,P13_HV1_3,P13_HV1.1.asc,HV3,60,initiator_active,15491,1,258183.34,258183.3377,3.0,3.0,28.998631,104.395072,6.0,774.680256,-5775.357167,0.05642,0.042987,0.0,28.999918,-0.005892,0.0,5775.531411,-59.75034,6.280769,1.0,0.0,0.0,0.0,5916.273372,-58.306408,1021.0,6.0,916.211638,6.0,0.525242,36.64747,131.93089,36.647004,-0.184641,6.1e-05,-0.448099,0.772353,0.000169,-0.085408,0.0,0.0,1.0,0.0,0.0,0.0,-9999.0,-9999.0,-9999.0,-9999.0,-9999.0,-9999.0,-9999.0,-9999.0,-9999.0,-9999.0,-9999.0,-9999.0,-9999.0,-9999.0
P13_HV1_3_interaction,active_and_state_lat_and_long_zero_last_source_row_continuous_segment,P13,HV1,3,keep_right,P13_HV1_3,P13_HV1.1.asc,HV3,60,initiator_active,15492,1,258200.0,258200.0003,3.0,3.0,28.999501,104.398202,6.0,775.163577,-5775.840474,0.049588,0.042211,0.0,29.000891,-0.006388,0.0,5776.014745,-59.751593,6.28081,1.0,0.0,0.0,0.0,5916.884085,-58.297149,1021.0,6.0,916.824703,6.0,0.514218,36.639935,131.903768,36.639454,-0.187831,6.4e-05,-0.44807,0.786684,0.000182,-0.087135,0.0,0.0,1.0,0.0,0.0,0.0,-9999.0,-9999.0,-9999.0,-9999.0,-9999.0,-9999.0,-9999.0,-9999.0,-9999.0,-9999.0,-9999.0,-9999.0,-9999.0,-9999.0
P13_HV1_3_interaction,active_and_state_lat_and_long_zero_last_source_row_continuous_segment,P13,HV1,3,keep_right,P13_HV1_3,P13_HV1.1.asc,HV3,60,initiator_active,15493,1,258216.67,258216.6676,3.0,3.0,29.000388,104.401397,6.0,775.646911,-5776.323795,0.055647,0.042194,0.0,29.001701,-0.006747,0.0,5776.498095,-59.752835,6.280848,1.0,0.0,0.0,0.0,5917.494669,-58.287676,1021.0,6.0,917.437639,6.0,0.503226,36.6324,131.876638,36.631903,-0.19079,6.7e-05,-0.448041,0.80036,0.00019,-0.088862,0.0,0.0,1.0,0.0,0.0,0.0,-9999.0,-9999.0,-9999.0,-9999.0,-9999.0,-9999.0,-9999.0,-9999.0,-9999.0,-9999.0,-9999.0,-9999.0,-9999.0,-9999.0
P13_HV1_3_interaction,active_and_state_lat_and_long_zero_last_source_row_continuous_segment,P13,HV1,3,keep_right,P13_HV1_3,P13_HV1.1.asc,HV3,60,initiator_active,15494,1,258233.33,258233.3344,3.0,3.0,29.001304,104.404693,6.0,776.130261,-5776.807132,0.047027,0.044101,0.0,29.002601,-0.007,0.0,5776.981459,-59.754066,6.280881,1.0,0.0,0.0,0.0,5918.105123,-58.277984,1021.0,6.0,918.050446,6.0,0.492269,36.624861,131.8495,36.62435,-0.193505,7e-05,-0.448052,0.816614,0.000191,-0.091845,0.0,0.0,1.0,0.0,0.0,0.0,-9999.0,-9999.0,-9999.0,-9999.0,-9999.0,-9999.0,-9999.0,-9999.0,-9999.0,-9999.0,-9999.0,-9999.0,-9999.0,-9999.0
P13_HV1_3_interaction,active_and_state_lat_and_long_zero_last_source_row_continuous_segment,P13,HV1,3,keep_right,P13_HV1_3,P13_HV1.1.asc,HV3,60,initiator_active,15495,1,258250.0,258250.0005,3.0,3.0,29.002165,104.407792,6.0,776.613625,-5777.290483,0.048724,0.042458,0.0,29.003405,-0.007135,0.0,5777.464837,-59.755287,6.280911,1.0,0.0,0.0,0.0,5918.715449,-58.268071,1021.0,6.0,918.663125,6.0,0.481351,36.61732,131.82235,36.616795,-0.195988,7.3e-05,-0.448097,0.834678,0.000187,-0.09577,0.0,0.0,1.0,0.0,0.0,0.0,-9999.0,-9999.0,-9999.0,-9999.0,-9999.0,-9999.0,-9999.0,-9999.0,-9999.0,-9999.0,-9999.0,-9999.0,-9999.0,-9999.0
P13_HV1_3_interaction,active_and_state_lat_and_long_zero_last_source_row_continuous_segment,P13,HV1,3,keep_right,P13_HV1_3,P13_HV1.1.asc,HV3,60,initiator_active,15496,1,258266.67,258266.668,3.0,3.0,29.002993,104.410775,6.0,777.097004,-5777.773848,0.052878,0.042511,0.0,29.00423,-0.007163,0.0,5777.948229,-59.756496,6.280936,1.0,0.0,0.0,0.0,5919.325645,-58.257931,1021.0,6.0,919.275674,6.0,0.470477,36.609773,131.795183,36.609237,-0.198221,7.7e-05,-0.448226,0.858196,0.00018,-0.10205,0.0,0.0,1.0,0.0,0.0,0.0,-9999.0,-9999.0,-9999.0,-9999.0,-9999.0,-9999.0,-9999.0,-9999.0,-9999.0,-9999.0,-9999.0,-9999.0,-9999.0,-9999.0
P13_HV1_3_interaction,active_and_state_lat_and_long_zero_last_source_row_continuous_segment,P13,HV1,3,keep_right,P13_HV1_3,P13_HV1.1.asc,HV3,60,initiator_active,15497,1,258283.33,258283.3337,3.0,3.0,29.003811,104.413721,6.0,777.580395,-5778.257227,0.060586,0.040561,0.0,29.005149,-0.007123,0.0,5778.431635,-59.757694,6.280959,1.0,0.0,0.0,0.0,5919.935711,-58.247559,1021.0,6.0,919.888095,6.0,0.459653,36.60222,131.767993,36.601673,-0.20023,8e-05,-0.448435,0.886058,0.00017,-0.110214,0.0,0.0,1.0,0.0,0.0,0.0,-9999.0,-9999.0,-9999.0,-9999.0,-9999.0,-9999.0,-9999.0,-9999.0,-9999.0,-9999.0,-9999.0,-9999.0,-9999.0,-9999.0
P13_HV1_3_interaction,active_and_state_lat_and_long_zero_last_source_row_continuous_segment,P13,HV1,3,keep_right,P13_HV1_3,P13_HV1.1.asc,HV3,60,initiator_active,15498,1,258300.01,258300.008,3.0,3.0,29.004671,104.416814,6.0,778.063801,-5778.740619,0.057057,0.040624,0.0,29.006163,-0.006988,0.0,5778.915057,-59.758882,6.280977,1.0,0.0,0.0,0.0,5920.545647,-58.23695,1021.0,6.0,920.500381,6.0,0.448884,36.594659,131.740774,36.594102,-0.202076,8.3e-05,-0.448721,0.917662,0.00015,-0.119948,0.0,0.0,1.0,0.0,0.0,0.0,-9999.0,-9999.0,-9999.0,-9999.0,-9999.0,-9999.0,-9999.0,-9999.0,-9999.0,-9999.0,-9999.0,-9999.0,-9999.0,-9999.0
P13_HV1_3_interaction,active_and_state_lat_and_long_zero_last_source_row_continuous_segment,P13,HV1,3,keep_right,P13_HV1_3,P13_HV1.1.asc,HV3,60,initiator_active,15499,1,258316.67,258316.6708,3.0,3.0,29.005653,104.420353,6.0,778.547223,-5779.224028,0.048775,0.039509,0.0,29.007084,-0.006769,0.0,5779.398496,-59.76006,6.280993,1.0,0.0,0.0,0.0,5921.155454,-58.226096,1021.0,6.0,921.112521,6.0,0.438178,36.58709,131.713522,36.586522,-0.203878,8.5e-05,-0.449042,0.950098,0.000114,-0.129996,0.0,0.0,1.0,0.0,0.0,0.0,-9999.0,-9999.0,-9999.0,-9999.0,-9999.0,-9999.0,-9999.0,-9999.0,-9999.0,-9999.0,-9999.0,-9999.0,-9999.0,-9999.0
P13_HV1_3_interaction,active_and_state_lat_and_long_zero_last_source_row_continuous_segment,P13,HV1,3,keep_right,P13_HV1_3,P13_HV1.1.asc,HV3,60,initiator_active,15500,1,258333.33,258333.3339,3.0,3.0,29.006638,104.423897,6.0,779.030661,-5779.707452,0.044904,0.040202,0.0,29.00787,-0.006468,0.0,5779.881949,-59.761227,6.281006,1.0,0.0,0.0,0.0,5921.765129,-58.214991,1021.0,6.0,921.724514,6.0,0.427544,36.57951,131.686235,36.578931,-0.205742,8.7e-05,-0.449415,0.984513,5.8e-05,-0.140672,0.0,0.0,1.0,0.0,0.0,0.0,-9999.0,-9999.0,-9999.0,-9999.0,-9999.0,-9999.0,-9999.0,-9999.0,-9999.0,-9999.0,-9999.0,-9999.0,-9999.0,-9999.0
P13_HV1_3_interaction,active_and_state_lat_and_long_zero_last_source_row_continuous_segment,P13,HV1,3,keep_right,P13_HV1_3,P13_HV1.1.asc,HV3,60,initiator_active,15501,1,258350.0,258350.0008,3.0,3.0,29.007491,104.426967,6.0,779.514115,-5780.190892,0.048544,0.038996,0.0,29.008652,-0.006134,0.0,5780.365415,-59.762382,6.281017,1.0,0.0,0.0,0.0,5922.374674,-58.203627,1021.0,6.0,922.336361,6.0,0.416991,36.57192,131.658913,36.57133,-0.207836,8.8e-05,-0.449748,1.016027,-1.9e-05,-0.149935,0.0,0.0,1.0,0.0,0.0,0.0,-9999.0,-9999.0,-9999.0,-9999.0,-9999.0,-9999.0,-9999.0,-9999.0,-9999.0,-9999.0,-9999.0,-9999.0,-9999.0,-9999.0
P13_HV1_3_interaction,active_and_state_lat_and_long_zero_last_source_row_continuous_segment,P13,HV1,3,keep_right,P13_HV1_3,P13_HV1.1.asc,HV3,60,initiator_active,15502,1,258366.67,258366.6676,3.0,3.0,29.008244,104.429678,6.0,779.99758,-5780.674344,0.052739,0.03588,0.0,29.009474,-0.005776,0.0,5780.848895,-59.763528,6.281027,1.0,0.0,0.0,0.0,5922.984087,-58.191996,1021.0,6.0,922.948061,6.0,0.406528,36.564322,131.631558,36.563717,-0.21029,8.7e-05,-0.450049,1.045809,-0.00011,-0.158099,0.0,0.0,1.0,0.0,0.0,0.0,-9999.0,-9999.0,-9999.0,-9999.0,-9999.0,-9999.0,-9999.0,-9999.0,-9999.0,-9999.0,-9999.0,-9999.0,-9999.0,-9999.0
P13_HV1_3_interaction,active_and_state_lat_and_long_zero_last_source_row_continuous_segment,P13,HV1,3,keep_right,P13_HV1_3,P13_HV1.1.asc,HV3,60,initiator_active,15503,1,258383.33,258383.3335,3.0,3.0,29.009056,104.432602,6.0,780.48106,-5781.15781,0.053386,0.033568,0.0,29.010358,-0.005427,0.0,5781.332388,-59.764663,6.281035,1.0,0.0,0.0,0.0,5923.593368,-58.180093,1021.0,6.0,923.559615,6.0,0.396163,36.556618,131.603824,36.555996,-0.213262,8.4e-05,-0.467229,1.069224,-0.000206,-0.16328,0.0,0.002198,1.0,0.0,0.0,0.0,-9999.0,-9999.0,-9999.0,-9999.0,-9999.0,-9999.0,-9999.0,-9999.0,-9999.0,-9999.0,-9999.0,-9999.0,-9999.0,-9999.0
P13_HV1_3_interaction,active_and_state_lat_and_long_zero_last_source_row_continuous_segment,P13,HV1,3,keep_right,P13_HV1_3,P13_HV1.1.asc,HV3,60,initiator_active,15504,1,258400.0,258400.0009,3.0,3.0,29.009913,104.435688,6.0,780.964553,-5781.641289,0.044776,0.031744,0.0,29.011279,-0.005081,0.0,5781.815897,-59.76579,6.281042,1.0,0.0,0.0,0.0,5924.202515,-58.16791,1021.0,6.0,924.17102,6.0,0.385904,36.548761,131.575539,36.548118,-0.216873,7.9e-05,-0.454743,1.085541,-0.000357,-0.165007,0.0,0.0,1.0,0.0,0.0,0.0,-9999.0,-9999.0,-9999.0,-9999.0,-9999.0,-9999.0,-9999.0,-9999.0,-9999.0,-9999.0,-9999.0,-9999.0,-9999.0,-9999.0
P13_HV1_3_interaction,active_and_state_lat_and_long_zero_last_source_row_continuous_segment,P13,HV1,3,keep_right,P13_HV1_3,P13_HV1.1.asc,HV3,60,initiator_active,15505,1,258416.67,258416.6671,3.0,3.0,29.010803,104.43889,6.0,781.448061,-5782.124784,0.062506,0.02845,0.0,29.01202,-0.004737,0.0,5782.29942,-59.766907,6.281048,1.0,0.0,0.0,0.0,5924.811526,-58.155443,1021.0,6.0,924.782276,6.0,0.375758,36.541133,131.548078,36.540463,-0.22115,7.2e-05,-0.450443,1.097602,-0.000447,-0.163437,0.0,0.0,1.0,0.0,0.0,0.0,-9999.0,-9999.0,-9999.0,-9999.0,-9999.0,-9999.0,-9999.0,-9999.0,-9999.0,-9999.0,-9999.0,-9999.0,-9999.0,-9999.0
P13_HV1_3_interaction,active_and_state_lat_and_long_zero_last_source_row_continuous_segment,P13,HV1,3,keep_right,P13_HV1_3,P13_HV1.1.asc,HV3,60,initiator_active,15506,1,258433.33,258433.3337,3.0,3.0,29.011652,104.441946,6.0,781.931583,-5782.608292,0.05531,0.023631,0.0,29.013062,-0.004449,0.0,5782.782957,-59.768016,6.281053,1.0,0.0,0.0,0.0,5925.420404,-58.142687,1021.0,6.0,925.393386,6.0,0.36573,36.53352,131.520672,36.53282,-0.226111,6.4e-05,-0.449916,1.102369,-0.000487,-0.159355,0.0,0.0,1.0,0.0,0.0,0.0,-9999.0,-9999.0,-9999.0,-9999.0,-9999.0,-9999.0,-9999.0,-9999.0,-9999.0,-9999.0,-9999.0,-9999.0,-9999.0,-9999.0
P13_HV1_3_interaction,active_and_state_lat_and_long_zero_last_source_row_continuous_segment,P13,HV1,3,keep_right,P13_HV1_3,P13_HV1.1.asc,HV3,60,initiator_active,15507,1,258450.0,258450.0003,3.0,3.0,29.012541,104.445148,6.0,782.415119,-5783.091815,0.048665,0.022682,0.0,29.013965,-0.004174,0.0,5783.26651,-59.769118,6.281058,1.0,0.0,0.0,0.0,5926.029149,-58.12964,1021.0,6.0,926.004349,6.0,0.355825,36.525912,131.493283,36.525177,-0.231672,5.6e-05,-0.449491,1.104256,-0.000462,-0.153546,0.0,0.0,1.0,0.0,0.0,0.0,-9999.0,-9999.0,-9999.0,-9999.0,-9999.0,-9999.0,-9999.0,-9999.0,-9999.0,-9999.0,-9999.0,-9999.0,-9999.0,-9999.0
P13_HV1_3_interaction,active_and_state_lat_and_long_zero_last_source_row_continuous_segment,P13,HV1,3,keep_right,P13_HV1_3,P13_HV1.1.asc,HV3,60,initiator_active,15508,1,258466.67,258466.6678,3.0,3.0,29.013523,104.448681,6.0,782.898672,-5783.575354,0.031951,0.018972,0.0,29.014813,-0.003916,0.0,5783.750078,-59.770214,6.281061,1.0,0.0,0.0,0.0,5926.63776,-58.116299,1021.0,6.0,926.615167,6.0,0.346047,36.518309,131.465911,36.517535,-0.237716,4.9e-05,-0.449048,1.103329,-0.000383,-0.146167,0.0,0.0,1.0,0.0,0.0,0.0,-9999.0,-9999.0,-9999.0,-9999.0,-9999.0,-9999.0,-9999.0,-9999.0,-9999.0,-9999.0,-9999.0,-9999.0,-9999.0,-9999.0
P13_HV1_3_interaction,active_and_state_lat_and_long_zero_last_source_row_continuous_segment,P13,HV1,3,keep_right,P13_HV1_3,P13_HV1.1.asc,HV3,60,initiator_active,15509,1,258483.33,258483.3343,3.0,3.0,29.01437,104.451733,6.0,783.38224,-5784.058908,0.048941,0.015444,0.0,29.015365,-0.003671,0.0,5784.23366,-59.771305,6.281063,1.0,0.0,0.0,0.0,5927.246239,-58.102662,1021.0,6.0,927.225839,6.0,0.336399,36.510711,131.438558,36.509894,-0.244111,4.3e-05,-0.448564,1.099209,-0.000263,-0.137218,0.0,0.0,1.0,0.0,0.0,0.0,-9999.0,-9999.0,-9999.0,-9999.0,-9999.0,-9999.0,-9999.0,-9999.0,-9999.0,-9999.0,-9999.0,-9999.0,-9999.0,-9999.0
P13_HV1_3_interaction,active_and_state_lat_and_long_zero_last_source_row_continuous_segment,P13,HV1,3,keep_right,P13_HV1_3,P13_HV1.1.asc,HV3,60,initiator_active,15510,1,258500.0,258500.0002,3.0,3.0,29.015079,104.454285,6.0,783.865821,-5784.542474,0.054054,0.015407,0.0,29.016217,-0.003433,0.0,5784.717251,-59.772392,6.281063,1.0,0.0,0.0,0.0,5927.854584,-58.088727,1021.0,6.0,927.836365,6.0,0.326884,36.503119,131.411229,36.502258,-0.250737,4e-05,-0.448006,1.089905,-0.000119,-0.126071,0.0,0.0,1.0,0.0,0.0,0.0,-9999.0,-9999.0,-9999.0,-9999.0,-9999.0,-9999.0,-9999.0,-9999.0,-9999.0,-9999.0,-9999.0,-9999.0,-9999.0,-9999.0
P13_HV1_3_interaction,active_and_state_lat_and_long_zero_last_source_row_continuous_segment,P13,HV1,3,keep_right,P13_HV1_3,P13_HV1.1.asc,HV3,60,initiator_active,15511,1,258516.67,258516.6668,3.0,3.0,29.015773,104.456784,6.0,784.349411,-5785.026051,0.053685,0.013139,0.0,29.017117,-0.003184,0.0,5785.200857,-59.773474,6.281063,1.0,0.0,0.0,0.0,5928.462795,-58.074495,1021.0,6.0,928.446747,6.0,0.317505,36.495534,131.383924,36.494627,-0.257387,3.9e-05,-0.447475,1.080598,3.9e-05,-0.114924,0.0,0.0,1.0,0.0,0.0,0.0,-9999.0,-9999.0,-9999.0,-9999.0,-9999.0,-9999.0,-9999.0,-9999.0,-9999.0,-9999.0,-9999.0,-9999.0,-9999.0,-9999.0
P13_HV1_3_interaction,active_and_state_lat_and_long_zero_last_source_row_continuous_segment,P13,HV1,3,keep_right,P13_HV1_3,P13_HV1.1.asc,HV3,60,initiator_active,15512,1,258533.33,258533.3344,3.0,3.0,29.016667,104.460002,6.0,784.833017,-5785.509643,0.032258,0.012001,0.0,29.017913,-0.00293,0.0,5785.684478,-59.774552,6.281063,1.0,0.0,0.0,0.0,5929.070874,-58.059966,1021.0,6.0,929.056984,6.0,0.308262,36.487957,131.356644,36.487002,-0.263891,4.1e-05,-0.446937,1.068749,0.000201,-0.102992,0.0,0.0,1.0,0.0,0.0,0.0,-9999.0,-9999.0,-9999.0,-9999.0,-9999.0,-9999.0,-9999.0,-9999.0,-9999.0,-9999.0,-9999.0,-9999.0,-9999.0,-9999.0
P13_HV1_3_interaction,active_and_state_lat_and_long_zero_last_source_row_continuous_segment,P13,HV1,3,keep_right,P13_HV1_3,P13_HV1.1.asc,HV3,60,initiator_active,15513,1,258550.0,258550.0006,3.0,3.0,29.017564,104.463231,6.0,785.316637,-5785.993249,0.05779,0.010403,0.0,29.018594,-0.002673,0.0,5786.168111,-59.775627,6.281061,1.0,0.0,0.0,0.0,5929.678818,-58.045139,1021.0,6.0,929.667076,6.0,0.299157,36.480385,131.329386,36.479386,-0.270025,4.6e-05,-0.446472,1.059037,0.00036,-0.092316,0.0,0.0,1.0,0.0,0.0,0.0,-9999.0,-9999.0,-9999.0,-9999.0,-9999.0,-9999.0,-9999.0,-9999.0,-9999.0,-9999.0,-9999.0,-9999.0,-9999.0,-9999.0
P13_HV1_3_interaction,active_and_state_lat_and_long_zero_last_source_row_continuous_segment,P13,HV1,3,keep_right,P13_HV1_3,P13_HV1.1.asc,HV3,60,initiator_active,15514,1,258566.67,258566.6729,3.0,3.0,29.018182,104.465456,6.0,785.800269,-5786.476867,0.057365,0.010315,0.0,29.019569,-0.002422,0.0,5786.651757,-59.776699,6.281059,1.0,0.0,0.0,0.0,5930.28663,-58.030015,1021.0,6.0,930.277023,6.0,0.29019,36.472819,131.302148,36.471778,-0.275628,5.3e-05,-0.446036,1.048546,0.000508,-0.081954,0.0,0.0,1.0,0.0,0.0,0.0,-9999.0,-9999.0,-9999.0,-9999.0,-9999.0,-9999.0,-9999.0,-9999.0,-9999.0,-9999.0,-9999.0,-9999.0,-9999.0,-9999.0
P13_HV1_3_interaction,active_and_state_lat_and_long_zero_last_source_row_continuous_segment,P13,HV1,3,keep_right,P13_HV1_3,P13_HV1.1.asc,HV3,60,initiator_active,15515,1,258583.35,258583.35,3.0,3.0,29.019076,104.468674,6.0,786.283915,-5786.960499,0.046334,0.011161,0.0,29.020468,-0.002158,0.0,5787.13542,-59.777768,6.281055,1.0,0.0,0.0,0.0,5930.894307,-58.014594,1021.0,6.0,930.886826,6.0,0.281364,36.465258,131.27493,36.464179,-0.280544,6.2e-05,-0.445652,1.038861,0.000635,-0.072691,0.0,0.0,1.0,0.0,0.0,0.0,-9999.0,-9999.0,-9999.0,-9999.0,-9999.0,-9999.0,-9999.0,-9999.0,-9999.0,-9999.0,-9999.0,-9999.0,-9999.0,-9999.0
P13_HV1_3_interaction,active_and_state_lat_and_long_zero_last_source_row_continuous_segment,P13,HV1,3,keep_right,P13_HV1_3,P13_HV1.1.asc,HV3,60,initiator_active,15516,1,258600.0,258600.0008,3.0,3.0,29.020047,104.47217,6.0,786.767576,-5787.444146,0.052443,0.009231,0.0,29.021264,-0.001876,0.0,5787.619096,-59.778834,6.281052,1.0,0.0,0.0,0.0,5931.5356,-57.997997,1021.0,6.0,931.53035,6.0,0.2722,36.457282,131.246214,36.456169,-0.284796,7.4e-05,-0.445356,1.033706,0.000741,-0.06594,0.0,0.0,1.0,0.0,0.0,0.0,-9999.0,-9999.0,-9999.0,-9999.0,-9999.0,-9999.0,-9999.0,-9999.0,-9999.0,-9999.0,-9999.0,-9999.0,-9999.0,-9999.0
P13_HV1_3_interaction,active_and_state_lat_and_long_zero_last_source_row_continuous_segment,P13,HV1,3,keep_right,P13_HV1_3,P13_HV1.1.asc,HV3,60,initiator_active,15517,1,258616.67,258616.6679,3.0,3.0,29.020854,104.475074,6.0,787.251252,-5787.927808,0.053432,0.008831,0.0,29.022146,-0.001609,0.0,5788.102786,-59.779898,6.281048,1.0,0.0,0.0,0.0,5932.109261,-57.982868,1021.0,6.0,932.105999,6.0,0.264133,36.450146,131.220527,36.449011,-0.28767,8.6e-05,-0.445163,1.031837,0.000807,-0.062015,0.0,0.0,1.0,0.0,0.0,0.0,-9999.0,-9999.0,-9999.0,-9999.0,-9999.0,-9999.0,-9999.0,-9999.0,-9999.0,-9999.0,-9999.0,-9999.0,-9999.0,-9999.0
P13_HV1_3_interaction,active_and_state_lat_and_long_zero_last_source_row_continuous_segment,P13,HV1,3,keep_right,P13_HV1_3,P13_HV1.1.asc,HV3,60,initiator_active,15518,1,258633.33,258633.3345,3.0,3.0,29.021701,104.478125,6.0,787.734941,-5788.411483,0.045564,0.007092,0.0,29.023036,-0.001367,0.0,5788.586491,-59.780959,6.281045,1.0,0.0,0.0,0.0,5932.716537,-57.966563,1021.0,6.0,932.715369,6.0,0.255732,36.442593,131.193335,36.441441,-0.289716,0.0001,-0.445022,1.032412,0.000847,-0.059974,0.0,0.0,1.0,0.0,0.0,0.0,-9999.0,-9999.0,-9999.0,-9999.0,-9999.0,-9999.0,-9999.0,-9999.0,-9999.0,-9999.0,-9999.0,-9999.0,-9999.0,-9999.0
P13_HV1_3_interaction,active_and_state_lat_and_long_zero_last_source_row_continuous_segment,P13,HV1,3,keep_right,P13_HV1_3,P13_HV1.1.asc,HV3,60,initiator_active,15519,1,258650.0,258650.0,3.0,3.0,29.022591,104.481328,6.0,788.218646,-5788.895174,0.059489,0.007074,0.0,29.023806,-0.001142,0.0,5789.070211,-59.782017,6.281041,1.0,0.0,0.0,0.0,5933.32368,-57.949962,1021.0,6.0,933.324595,6.0,0.247475,36.43504,131.166143,36.43388,-0.290721,0.000114,-0.444943,1.035259,0.000846,-0.060445,0.0,0.0,1.0,0.0,0.0,0.0,-9999.0,-9999.0,-9999.0,-9999.0,-9999.0,-9999.0,-9999.0,-9999.0,-9999.0,-9999.0,-9999.0,-9999.0,-9999.0,-9999.0
P13_HV1_3_interaction,active_and_state_lat_and_long_zero_last_source_row_continuous_segment,P13,HV1,3,keep_right,P13_HV1_3,P13_HV1.1.asc,HV3,60,initiator_active,15520,1,258666.67,258666.6676,3.0,3.0,29.023415,104.484295,6.0,788.702364,-5789.378878,0.05472,0.007401,0.0,29.024798,-0.000941,0.0,5789.553944,-59.783074,6.281038,1.0,0.0,0.0,0.0,5933.930688,-57.933067,1021.0,6.0,933.933677,6.0,0.239364,36.427487,131.138953,36.426327,-0.290739,0.000128,-0.444893,1.037972,0.000804,-0.062015,0.0,0.0,1.0,0.0,0.0,0.0,-9999.0,-9999.0,-9999.0,-9999.0,-9999.0,-9999.0,-9999.0,-9999.0,-9999.0,-9999.0,-9999.0,-9999.0,-9999.0,-9999.0
P13_HV1_3_interaction,active_and_state_lat_and_long_zero_last_source_row_continuous_segment,P13,HV1,3,keep_right,P13_HV1_3,P13_HV1.1.asc,HV3,60,initiator_active,15521,1,258683.33,258683.3346,3.0,3.0,29.024301,104.487485,6.0,789.186096,-5789.862596,0.048895,0.007437,0.0,29.025697,-0.000749,0.0,5790.037693,-59.784128,6.281035,1.0,0.0,0.0,0.0,5934.537561,-57.915876,1021.0,6.0,934.542616,6.0,0.231402,36.419935,131.111766,36.418781,-0.289884,0.000141,-0.444831,1.037537,0.000723,-0.0628,0.0,0.0,1.0,0.0,0.0,0.0,-9999.0,-9999.0,-9999.0,-9999.0,-9999.0,-9999.0,-9999.0,-9999.0,-9999.0,-9999.0,-9999.0,-9999.0,-9999.0,-9999.0
P13_HV1_3_interaction,active_and_state_lat_and_long_zero_last_source_row_continuous_segment,P13,HV1,3,keep_right,P13_HV1_3,P13_HV1.1.asc,HV3,60,initiator_active,15522,1,258700.0,258700.0009,3.0,3.0,29.025254,104.490913,6.0,789.669845,-5790.34633,0.048849,0.005697,0.0,29.026484,-0.000575,0.0,5790.521457,-59.785181,6.281033,1.0,0.0,0.0,0.0,5935.144301,-57.89839,1021.0,6.0,935.15141,6.0,0.223588,36.412386,131.084588,36.411244,-0.288281,0.000152,-0.444738,1.032964,0.000607,-0.0628,0.0,0.0,1.0,0.0,0.0,0.0,-9999.0,-9999.0,-9999.0,-9999.0,-9999.0,-9999.0,-9999.0,-9999.0,-9999.0,-9999.0,-9999.0,-9999.0,-9999.0,-9999.0
P13_HV1_3_interaction,active_and_state_lat_and_long_zero_last_source_row_continuous_segment,P13,HV1,3,keep_right,P13_HV1_3,P13_HV1.1.asc,HV3,60,initiator_active,15523,1,258716.67,258716.6682,3.0,3.0,29.026104,104.493974,6.0,790.153608,-5790.830079,0.05299,0.007159,0.0,29.027326,-0.000416,0.0,5791.005234,-59.786231,6.281033,1.0,0.0,0.0,0.0,5935.750905,-57.880612,1021.0,6.0,935.760061,6.0,0.215922,36.404839,131.057422,36.403716,-0.286014,0.000161,-0.444642,1.026512,0.000473,-0.062329,0.0,0.0,1.0,0.0,0.0,0.0,-9999.0,-9999.0,-9999.0,-9999.0,-9999.0,-9999.0,-9999.0,-9999.0,-9999.0,-9999.0,-9999.0,-9999.0,-9999.0,-9999.0
P13_HV1_3_interaction,active_and_state_lat_and_long_zero_last_source_row_continuous_segment,P13,HV1,3,keep_right,P13_HV1_3,P13_HV1.1.asc,HV3,60,initiator_active,15524,1,258733.33,258733.3343,3.0,3.0,29.026891,104.496809,6.0,790.637384,-5791.313841,0.053702,0.0074,0.0,29.028178,-0.000291,0.0,5791.489025,-59.787278,6.281033,1.0,0.0,0.0,0.0,5936.357376,-57.862543,1021.0,6.0,936.368568,6.0,0.208404,36.397297,131.030269,36.396195,-0.28316,0.000167,-0.444542,1.018406,0.000339,-0.062015,0.0,0.0,1.0,0.0,0.0,0.0,-9999.0,-9999.0,-9999.0,-9999.0,-9999.0,-9999.0,-9999.0,-9999.0,-9999.0,-9999.0,-9999.0,-9999.0,-9999.0,-9999.0
P13_HV1_3_interaction,active_and_state_lat_and_long_zero_last_source_row_continuous_segment,P13,HV1,3,keep_right,P13_HV1_3,P13_HV1.1.asc,HV3,60,initiator_active,15525,1,258750.0,258750.0,3.0,3.0,29.027767,104.499962,6.0,791.121174,-5791.797618,0.050382,0.005977,0.0,29.029055,-0.000189,0.0,5791.972831,-59.788324,6.281033,1.0,0.0,0.0,0.0,5936.963711,-57.844186,1021.0,6.0,936.976932,6.0,0.201033,36.389759,131.003132,36.388683,-0.279793,0.000171,-0.444436,1.008597,0.000218,-0.061701,0.0,0.0,1.0,0.0,0.0,0.0,-9999.0,-9999.0,-9999.0,-9999.0,-9999.0,-9999.0,-9999.0,-9999.0,-9999.0,-9999.0,-9999.0,-9999.0,-9999.0,-9999.0
P13_HV1_3_interaction,active_and_state_lat_and_long_zero_last_source_row_continuous_segment,P13,HV1,3,keep_right,P13_HV1_3,P13_HV1.1.asc,HV3,60,initiator_active,15526,1,258766.67,258766.6672,3.0,3.0,29.028625,104.503051,6.0,791.604979,-5792.281408,0.045065,0.008312,0.0,29.02991,-0.000117,0.0,5792.45665,-59.789368,6.281033,1.0,0.0,0.0,0.0,5937.569913,-57.825544,1021.0,6.0,937.585153,6.0,0.193807,36.382225,130.976012,36.381179,-0.275978,0.000174,-0.444331,0.997767,0.000113,-0.061701,0.0,0.0,1.0,0.0,0.0,0.0,-9999.0,-9999.0,-9999.0,-9999.0,-9999.0,-9999.0,-9999.0,-9999.0,-9999.0,-9999.0,-9999.0,-9999.0,-9999.0,-9999.0
P13_HV1_3_interaction,active_and_state_lat_and_long_zero_last_source_row_continuous_segment,P13,HV1,3,keep_right,P13_HV1_3,P13_HV1.1.asc,HV3,60,initiator_active,15527,1,258783.34,258783.343,3.0,3.0,29.029475,104.50611,6.0,792.088798,-5792.765213,0.051497,0.008674,0.0,29.030673,-5.4e-05,0.0,5792.940484,-59.790409,6.281036,1.0,0.0,0.0,0.0,5938.17598,-57.806621,1021.0,6.0,938.19323,6.0,0.186724,36.374697,130.948909,36.373682,-0.271777,0.000175,-0.444224,0.985828,2.1e-05,-0.061701,0.0,0.0,1.0,0.0,0.0,0.0,-9999.0,-9999.0,-9999.0,-9999.0,-9999.0,-9999.0,-9999.0,-9999.0,-9999.0,-9999.0,-9999.0,-9999.0,-9999.0,-9999.0
P13_HV1_3_interaction,active_and_state_lat_and_long_zero_last_source_row_continuous_segment,P13,HV1,3,keep_right,P13_HV1_3,P13_HV1.1.asc,HV3,60,initiator_active,15528,1,258800.0,258800.0,3.0,3.0,29.030286,104.50903,6.0,792.572631,-5793.249032,0.053809,0.008639,0.0,29.031511,-2e-06,0.0,5793.424331,-59.791449,6.281039,1.0,0.0,0.0,0.0,5938.781912,-57.78742,1021.0,6.0,938.801164,6.0,0.179782,36.367174,130.921827,36.366192,-0.267257,0.000175,-0.44411,0.97255,-6.4e-05,-0.061544,0.0,0.0,1.0,0.0,0.0,0.0,-9999.0,-9999.0,-9999.0,-9999.0,-9999.0,-9999.0,-9999.0,-9999.0,-9999.0,-9999.0,-9999.0,-9999.0,-9999.0,-9999.0
P13_HV1_3_interaction,active_and_state_lat_and_long_zero_last_source_row_continuous_segment,P13,HV1,3,keep_right,P13_HV1_3,P13_HV1.1.asc,HV3,60,initiator_active,15529,1,258816.67,258816.6677,3.0,3.0,29.031103,104.511969,6.0,793.056477,-5793.732864,0.0568,0.012402,0.0,29.032455,1.7e-05,0.0,5793.908192,-59.792486,6.281044,1.0,0.0,0.0,0.0,5939.387711,-57.767945,1021.0,6.0,939.408955,6.0,0.172978,36.359657,130.894764,36.358709,-0.262466,0.000173,-0.443999,0.958877,-0.00014,-0.061544,0.0,0.0,1.0,0.0,0.0,0.0,-9999.0,-9999.0,-9999.0,-9999.0,-9999.0,-9999.0,-9999.0,-9999.0,-9999.0,-9999.0,-9999.0,-9999.0,-9999.0,-9999.0
P13_HV1_3_interaction,active_and_state_lat_and_long_zero_last_source_row_continuous_segment,P13,HV1,3,keep_right,P13_HV1_3,P13_HV1.1.asc,HV3,60,initiator_active,15530,1,258833.33,258833.3343,3.0,3.0,29.03196,104.515055,6.0,793.540337,-5794.21671,0.051474,0.013244,0.0,29.033247,5.3e-05,0.0,5794.39207,-59.793519,6.28105,1.0,0.0,0.0,0.0,5939.993375,-57.748202,1021.0,6.0,940.016603,6.0,0.166309,36.352145,130.867722,36.351233,-0.257458,0.00017,-0.443887,0.944546,-0.000216,-0.061544,0.0,0.0,1.0,0.0,0.0,0.0,-9999.0,-9999.0,-9999.0,-9999.0,-9999.0,-9999.0,-9999.0,-9999.0,-9999.0,-9999.0,-9999.0,-9999.0,-9999.0,-9999.0
P13_HV1_3_interaction,active_and_state_lat_and_long_zero_last_source_row_continuous_segment,P13,HV1,3,keep_right,P13_HV1_3,P13_HV1.1.asc,HV3,60,initiator_active,15531,1,258850.0,258850.0003,3.0,3.0,29.032928,104.518542,6.0,794.024213,-5794.700572,0.069293,0.016638,0.0,29.034201,8.7e-05,0.0,5794.875959,-59.794549,6.281057,1.0,0.0,0.0,0.0,5940.598905,-57.728193,1021.0,6.0,940.624108,6.0,0.159772,36.344639,130.840701,36.343764,-0.252289,0.000165,-0.443763,0.928906,-0.000301,-0.06123,0.0,0.0,1.0,0.0,0.0,0.0,-9999.0,-9999.0,-9999.0,-9999.0,-9999.0,-9999.0,-9999.0,-9999.0,-9999.0,-9999.0,-9999.0,-9999.0,-9999.0,-9999.0
P13_HV1_3_interaction,active_and_state_lat_and_long_zero_last_source_row_continuous_segment,P13,HV1,3,keep_right,P13_HV1_3,P13_HV1.1.asc,HV3,60,initiator_active,15532,1,258866.67,258866.6675,3.0,3.0,29.033675,104.521232,6.0,794.508102,-5795.184447,0.059962,0.019297,0.0,29.035401,0.000115,0.0,5795.359866,-59.795574,6.281067,1.0,0.0,0.0,0.0,5941.204301,-57.707925,1021.0,6.0,941.23147,6.0,0.153365,36.337139,130.813702,36.3363,-0.246993,0.000159,-0.443647,0.913666,-0.00039,-0.06123,0.0,0.0,1.0,0.0,0.0,0.0,-9999.0,-9999.0,-9999.0,-9999.0,-9999.0,-9999.0,-9999.0,-9999.0,-9999.0,-9999.0,-9999.0,-9999.0,-9999.0,-9999.0
P13_HV1_3_interaction,active_and_state_lat_and_long_zero_last_source_row_continuous_segment,P13,HV1,3,keep_right,P13_HV1_3,P13_HV1.1.asc,HV3,60,initiator_active,15533,1,258883.33,258883.3341,3.0,3.0,29.034779,104.525204,6.0,794.992008,-5795.668339,0.050432,0.025098,0.0,29.036322,0.00012,0.0,5795.843793,-59.796593,6.281079,1.0,0.0,0.0,0.0,5941.809564,-57.687401,1021.0,6.0,941.83869,6.0,0.147083,36.329645,130.786723,36.328842,-0.24161,0.000152,-0.443531,0.898137,-0.000483,-0.06123,0.0,0.0,1.0,0.0,0.0,0.0,-9999.0,-9999.0,-9999.0,-9999.0,-9999.0,-9999.0,-9999.0,-9999.0,-9999.0,-9999.0,-9999.0,-9999.0,-9999.0,-9999.0
P13_HV1_3_interaction,active_and_state_lat_and_long_zero_last_source_row_continuous_segment,P13,HV1,3,keep_right,P13_HV1_3,P13_HV1.1.asc,HV3,60,initiator_active,15534,1,258900.0,258900.0001,3.0,3.0,29.035901,104.529242,6.0,795.475934,-5796.15225,0.008868,0.026592,0.0,29.037166,0.000123,0.0,5796.327734,-59.797605,6.281093,1.0,0.0,0.0,0.0,5942.414693,-57.666627,1021.0,6.0,942.445768,6.0,0.140924,36.322157,130.759766,36.321389,-0.236178,0.000143,-0.443414,0.88243,-0.000565,-0.06123,0.0,0.0,1.0,0.0,0.0,0.0,-9999.0,-9999.0,-9999.0,-9999.0,-9999.0,-9999.0,-9999.0,-9999.0,-9999.0,-9999.0,-9999.0,-9999.0,-9999.0,-9999.0
P13_HV1_3_interaction,active_and_state_lat_and_long_zero_last_source_row_continuous_segment,P13,HV1,3,keep_right,P13_HV1_3,P13_HV1.1.asc,HV3,60,initiator_active,15535,1,258916.67,258916.6677,3.0,3.0,29.036742,104.532272,6.0,795.959874,-5796.636176,0.006139,0.029261,0.0,29.037026,5.5e-05,0.0,5796.811686,-59.798609,6.281111,1.0,0.0,0.0,0.0,5943.019688,-57.645607,1021.0,6.0,943.052703,6.0,0.134884,36.314675,130.73283,36.313942,-0.230735,0.000133,-0.443296,0.866648,-0.00063,-0.06123,0.0,0.0,1.0,0.0,0.0,0.0,-9999.0,-9999.0,-9999.0,-9999.0,-9999.0,-9999.0,-9999.0,-9999.0,-9999.0,-9999.0,-9999.0,-9999.0,-9999.0,-9999.0
P13_HV1_3_interaction,active_and_state_lat_and_long_zero_last_source_row_continuous_segment,P13,HV1,3,keep_right,P13_HV1_3,P13_HV1.1.asc,HV3,60,initiator_active,15536,1,258933.33,258933.3343,3.0,3.0,29.03724,104.534063,6.0,796.443825,-5797.120113,0.054996,0.031803,0.0,29.037433,-3.4e-05,0.0,5797.295636,-59.799605,6.281131,1.0,0.0,0.0,0.0,5943.624551,-57.624347,1021.0,6.0,943.659495,6.0,0.12896,36.307199,130.705915,36.3065,-0.225315,0.000122,-0.443173,0.850495,-0.000675,-0.061073,0.0,0.0,1.0,0.0,0.0,0.0,-9999.0,-9999.0,-9999.0,-9999.0,-9999.0,-9999.0,-9999.0,-9999.0,-9999.0,-9999.0,-9999.0,-9999.0,-9999.0,-9999.0
P13_HV1_3_interaction,active_and_state_lat_and_long_zero_last_source_row_continuous_segment,P13,HV1,3,keep_right,P13_HV1_3,P13_HV1.1.asc,HV3,60,initiator_active,15537,1,258950.0,258950.0009,3.0,3.0,29.037077,104.533477,6.0,796.927774,-5797.604047,0.056656,0.032425,0.0,29.038368,-0.000195,0.0,5797.779596,-59.800592,6.281154,1.0,0.0,0.0,0.0,5944.22928,-57.60285,1021.0,6.0,944.266146,6.0,0.123149,36.299728,130.679021,36.299062,-0.219943,0.00011,-0.443055,0.834844,-0.000701,-0.061073,0.0,0.0,1.0,0.0,0.0,0.0,-9999.0,-9999.0,-9999.0,-9999.0,-9999.0,-9999.0,-9999.0,-9999.0,-9999.0,-9999.0,-9999.0,-9999.0,-9999.0,-9999.0
P13_HV1_3_interaction,active_and_state_lat_and_long_zero_last_source_row_continuous_segment,P13,HV1,3,keep_right,P13_HV1_3,P13_HV1.1.asc,HV3,60,initiator_active,15538,1,258966.67,258966.6676,3.0,3.0,29.037892,104.536409,6.0,797.411732,-5798.087991,0.035682,0.036782,0.0,29.039304,-0.00039,0.0,5798.263572,-59.80157,6.28118,1.0,0.0,0.0,0.0,5944.833876,-57.581122,1021.0,6.0,944.872654,6.0,0.117446,36.292263,130.652147,36.291628,-0.214642,9.9e-05,-0.442938,0.819367,-0.00071,-0.061073,0.0,0.0,1.0,0.0,0.0,0.0,-9999.0,-9999.0,-9999.0,-9999.0,-9999.0,-9999.0,-9999.0,-9999.0,-9999.0,-9999.0,-9999.0,-9999.0,-9999.0,-9999.0
P13_HV1_3_interaction,active_and_state_lat_and_long_zero_last_source_row_continuous_segment,P13,HV1,3,keep_right,P13_HV1_3,P13_HV1.1.asc,HV3,60,initiator_active,15539,1,258983.33,258983.3345,3.0,3.0,29.03884,104.539825,6.0,797.895707,-5798.571952,0.04065,0.037919,0.0,29.039859,-0.000612,0.0,5798.747562,-59.802538,6.281209,1.0,0.0,0.0,0.0,5945.43834,-57.559168,1021.0,6.0,945.479021,6.0,0.11185,36.284803,130.625292,36.284199,-0.209438,8.7e-05,-0.44282,0.804133,-0.000704,-0.061073,0.0,0.0,1.0,0.0,0.0,0.0,-9999.0,-9999.0,-9999.0,-9999.0,-9999.0,-9999.0,-9999.0,-9999.0,-9999.0,-9999.0,-9999.0,-9999.0,-9999.0,-9999.0
P13_HV1_3_interaction,active_and_state_lat_and_long_zero_last_source_row_continuous_segment,P13,HV1,3,keep_right,P13_HV1_3,P13_HV1.1.asc,HV3,60,initiator_active,15540,1,259000.0,259000.0,3.0,3.0,29.039602,104.542566,6.0,798.379695,-5799.055926,0.055099,0.037196,0.0,29.040581,-0.000905,0.0,5799.231561,-59.803494,6.281241,1.0,0.0,0.0,0.0,5946.042671,-57.536992,1021.0,6.0,946.085245,6.0,0.106356,36.277349,130.598456,36.276773,-0.20435,7.5e-05,-0.442702,0.789204,-0.000684,-0.061073,0.0,0.0,1.0,0.0,0.0,0.0,-9999.0,-9999.0,-9999.0,-9999.0,-9999.0,-9999.0,-9999.0,-9999.0,-9999.0,-9999.0,-9999.0,-9999.0,-9999.0,-9999.0
P13_HV1_3_interaction,active_and_state_lat_and_long_zero_last_source_row_continuous_segment,P13,HV1,3,keep_right,P13_HV1_3,P13_HV1.1.asc,HV3,60,initiator_active,15541,1,259016.68,259016.678,3.0,3.0,29.040197,104.544711,6.0,798.863694,-5799.539909,0.058975,0.038337,0.0,29.041553,-0.001266,0.0,5799.715574,-59.80444,6.281274,1.0,0.0,0.0,0.0,5946.64687,-57.514599,1021.0,6.0,946.691328,6.0,0.100961,36.2699,130.571638,36.269351,-0.199396,6.4e-05,-0.442585,0.774635,-0.000653,-0.061073,0.0,0.0,1.0,0.0,0.0,0.0,-9999.0,-9999.0,-9999.0,-9999.0,-9999.0,-9999.0,-9999.0,-9999.0,-9999.0,-9999.0,-9999.0,-9999.0,-9999.0,-9999.0
P13_HV1_3_interaction,active_and_state_lat_and_long_zero_last_source_row_continuous_segment,P13,HV1,3,keep_right,P13_HV1_3,P13_HV1.1.asc,HV3,60,initiator_active,15542,1,259033.33,259033.3334,3.0,3.0,29.04104,104.547744,6.0,799.347705,-5800.023906,0.050411,0.040328,0.0,29.042507,-0.001656,0.0,5800.199603,-59.805374,6.28131,1.0,0.0,0.0,0.0,5947.250936,-57.491992,1021.0,6.0,947.29727,6.0,0.095664,36.262455,130.544839,36.261933,-0.194593,5.4e-05,-0.442468,0.760473,-0.000613,-0.061073,0.0,0.0,1.0,0.0,0.0,0.0,-9999.0,-9999.0,-9999.0,-9999.0,-9999.0,-9999.0,-9999.0,-9999.0,-9999.0,-9999.0,-9999.0,-9999.0,-9999.0,-9999.0
P13_HV1_3_interaction,active_and_state_lat_and_long_zero_last_source_row_continuous_segment,P13,HV1,3,keep_right,P13_HV1_3,P13_HV1.1.asc,HV3,60,initiator_active,15543,1,259050.0,259050.0002,3.0,3.0,29.042045,104.551362,6.0,799.831732,-5800.507919,0.049855,0.042515,0.0,29.043317,-0.002054,0.0,5800.683647,-59.806298,6.281347,1.0,0.0,0.0,0.0,5947.854871,-57.469178,1021.0,6.0,947.903069,6.0,0.09046,36.255016,130.518057,36.254518,-0.189953,4.4e-05,-0.442352,0.74676,-0.000565,-0.061073,0.0,0.0,1.0,0.0,0.0,0.0,-9999.0,-9999.0,-9999.0,-9999.0,-9999.0,-9999.0,-9999.0,-9999.0,-9999.0,-9999.0,-9999.0,-9999.0,-9999.0,-9999.0
P13_HV1_3_interaction,active_and_state_lat_and_long_zero_last_source_row_continuous_segment,P13,HV1,3,keep_right,P13_HV1_3,P13_HV1.1.asc,HV3,60,initiator_active,15544,1,259066.67,259066.6668,3.0,3.0,29.042927,104.554538,6.0,0.315778,-5800.991947,0.053834,0.044635,0.0,29.044175,-0.002451,0.0,5801.167705,-59.807209,6.281386,1.0,0.0,0.0,0.0,5948.458674,-57.446158,1021.0,6.0,948.508728,6.0,0.085347,36.247581,130.491291,36.247106,-0.185488,3.5e-05,-0.442236,0.73353,-0.000511,-0.061073,0.0,0.0,1.0,0.0,0.0,0.0,-9999.0,-9999.0,-9999.0,-9999.0,-9999.0,-9999.0,-9999.0,-9999.0,-9999.0,-9999.0,-9999.0,-9999.0,-9999.0,-9999.0
P13_HV1_3_interaction,active_and_state_lat_and_long_zero_last_source_row_continuous_segment,P13,HV1,3,keep_right,P13_HV1_3,P13_HV1.1.asc,HV3,60,initiator_active,15545,1,259083.33,259083.3343,3.0,3.0,29.043733,104.557438,6.0,0.799846,-5801.475989,0.051271,0.046612,0.0,29.045008,-0.002842,0.0,5801.651778,-59.808109,6.281425,1.0,0.0,0.0,0.0,5949.062345,-57.422939,1021.0,6.0,949.114245,6.0,0.080324,36.240151,130.464542,36.239698,-0.181207,2.7e-05,-0.442121,0.720813,-0.000452,-0.061073,0.0,0.0,1.0,0.0,0.0,0.0,-9999.0,-9999.0,-9999.0,-9999.0,-9999.0,-9999.0,-9999.0,-9999.0,-9999.0,-9999.0,-9999.0,-9999.0,-9999.0,-9999.0
P13_HV1_3_interaction,active_and_state_lat_and_long_zero_last_source_row_continuous_segment,P13,HV1,3,keep_right,P13_HV1_3,P13_HV1.1.asc,HV3,60,initiator_active,15546,1,259100.0,259100.0003,3.0,3.0,29.044623,104.560644,6.0,1.28394,-5801.960045,0.065095,0.048434,0.0,29.04593,-0.003223,0.0,5802.135864,-59.808995,6.281465,1.0,0.0,0.0,0.0,5949.665884,-57.399522,1021.0,6.0,949.719621,6.0,0.075386,36.232725,130.437808,36.232292,-0.177117,2e-05,-0.442007,0.708634,-0.000391,-0.061073,0.0,0.0,1.0,0.0,0.0,0.0,-9999.0,-9999.0,-9999.0,-9999.0,-9999.0,-9999.0,-9999.0,-9999.0,-9999.0,-9999.0,-9999.0,-9999.0,-9999.0,-9999.0
