window_id,window_rule,subject_id,condition,scenario_id,scenario_name,event_id,source_file,initiator_prefix,sampling_rate_hz,segmentation_rule,source_row,scenario_segment_id,Messzeitpunkt,TimeMS,JPUMultiDriverDemux.driverNumber,HV4.ID4,HV4.v4,HV4.v_kmh4,HV4.LaneID4,HV4.SLaneInfo4 (Lane position on the current lane [m]),HV4.LateralDistance4 (Abstand zur Idealspur),HV4.ax,HV4.ay,HV4.az,HV4.vx,HV4.vy,HV4.vz,HV4.X,HV4.Y,HV4.yaw,HV4.Active,HV4.IndicatorLeft,HV4.IndicatorRight,HV4.BrakePedal,Ego.Global.X,Ego.Global.Y,Ego.ModuleID,Ego.NodeID,Ego.s,Ego.LaneIdx (Lane ID of Ego),Ego.LateralDistance,Ego.v,Ego.v_kmh,Ego.vx,Ego.vy,Ego.vz,Ego.ax,Ego.ay,Ego.az,Ego.SteeringWheel,Ego.AcceleratorPedal,Ego.Bremspedal,Ego.IndicatorLeft,Ego.IndicatorRight,Ego.StateLatAndLong,Ego.StateLong,Ego.THW,Ego.TTC,Ego.DistanceFront,Ego.TRFIDFront,Ego.DistanceFrontLeft,Ego.TRFIDFrontLeft,Ego.DistanceFrontRight,Ego.TRFIDFrontRight,Ego.DistanceRear,Ego.TRFIDRear,Ego.DistanceRearLeft,Ego.TRFIDRearLeft,Ego.DistanceRearRight,Ego.TRFIDRearRight
P25_AV0_4_interaction,active_and_state_lat_and_long_zero_last_source_row_continuous_segment,P25,AV0,4,off_ramp,P25_AV0_4,P25_AV0.1.asc,HV4,60,driver_number,18254,1,304233.46,304233.4641,4.0,4.0,28.282635,101.817486,6.0,83.674868,-6982.023014,0.001709,0.029664,0.0,28.282753,-0.000444,0.0,6982.493674,-0.96405,0.052471,1.0,0.0,0.0,0.0,6898.362815,-1.796974,1021.0,1.0,0.096625,7.0,-0.003474,34.625755,124.652716,34.625735,-0.036403,-7.5e-05,0.275997,0.009059,4.3e-05,0.010048,0.0,0.0,0.0,0.0,0.0,0.0,-9999.0,-9999.0,-9999.0,-9999.0,-9999.0,-9999.0,-9999.0,-9999.0,-9999.0,-9999.0,-9999.0,-9999.0,-9999.0,-9999.0
P25_AV0_4_interaction,active_and_state_lat_and_long_zero_last_source_row_continuous_segment,P25,AV0,4,off_ramp,P25_AV0_4,P25_AV0.1.asc,HV4,60,driver_number,18255,1,304250.0,304250.0007,4.0,4.0,28.282707,101.817747,6.0,84.146245,-6982.49374,0.008946,0.031143,0.0,28.282788,-0.000402,0.0,6982.964405,-0.939329,0.052486,1.0,0.0,0.0,0.0,6898.939027,-1.765413,1021.0,1.0,0.6737,7.0,-0.003608,34.630353,124.669269,34.630333,-0.036321,-7.5e-05,0.275836,0.009086,1e-05,0.010048,0.0,0.0,0.0,0.0,0.0,0.0,-9999.0,-9999.0,-9999.0,-9999.0,-9999.0,-9999.0,-9999.0,-9999.0,-9999.0,-9999.0,-9999.0,-9999.0,-9999.0,-9999.0
P25_AV0_4_interaction,active_and_state_lat_and_long_zero_last_source_row_continuous_segment,P25,AV0,4,off_ramp,P25_AV0_4,P25_AV0.1.asc,HV4,60,driver_number,18256,1,304266.67,304266.6677,4.0,4.0,28.282767,101.817961,6.0,84.617623,-6982.964468,0.006545,0.029857,0.0,28.282937,-0.000412,0.0,6983.435136,-0.9146,0.052505,1.0,0.0,0.0,0.0,6899.515314,-1.733846,1021.0,1.0,1.250852,7.0,-0.00374,34.634948,124.685813,34.634929,-0.036241,-7.5e-05,0.275693,0.009117,-2e-06,0.010205,0.0,0.0,0.0,0.0,0.0,0.0,-9999.0,-9999.0,-9999.0,-9999.0,-9999.0,-9999.0,-9999.0,-9999.0,-9999.0,-9999.0,-9999.0,-9999.0,-9999.0,-9999.0
P25_AV0_4_interaction,active_and_state_lat_and_long_zero_last_source_row_continuous_segment,P25,AV0,4,off_ramp,P25_AV0_4,P25_AV0.1.asc,HV4,60,driver_number,18257,1,304283.33,304283.334,4.0,4.0,28.282863,101.818305,6.0,85.089002,-6983.435196,0.012657,0.028952,0.0,28.283072,-0.000508,0.0,6983.905869,-0.889861,0.052526,1.0,0.0,0.0,0.0,6900.091679,-1.702272,1021.0,1.0,1.82808,7.0,-0.003869,34.639541,124.702348,34.639522,-0.036163,-7.4e-05,0.275544,0.009145,1.3e-05,0.010676,0.0,0.0,0.0,0.0,0.0,0.0,-9999.0,-9999.0,-9999.0,-9999.0,-9999.0,-9999.0,-9999.0,-9999.0,-9999.0,-9999.0,-9999.0,-9999.0,-9999.0,-9999.0
P25_AV0_4_interaction,active_and_state_lat_and_long_zero_last_source_row_continuous_segment,P25,AV0,4,off_ramp,P25_AV0_4,P25_AV0.1.asc,HV4,60,driver_number,18258,1,304300.0,304300.0,4.0,4.0,28.282991,101.818769,6.0,85.560383,-6983.905926,0.001566,0.027042,0.0,28.283288,-0.000689,0.0,6984.376604,-0.865114,0.052549,1.0,0.0,0.0,0.0,6900.668119,-1.670692,1021.0,1.0,2.405385,7.0,-0.003996,34.644132,124.718875,34.644113,-0.036086,-7.4e-05,0.275395,0.009164,5e-05,0.010833,0.0,0.0,0.0,0.0,0.0,0.0,-9999.0,-9999.0,-9999.0,-9999.0,-9999.0,-9999.0,-9999.0,-9999.0,-9999.0,-9999.0,-9999.0,-9999.0,-9999.0,-9999.0
P25_AV0_4_interaction,active_and_state_lat_and_long_zero_last_source_row_continuous_segment,P25,AV0,4,off_ramp,P25_AV0_4,P25_AV0.1.asc,HV4,60,driver_number,18259,1,304316.67,304316.6673,4.0,4.0,28.283178,101.81944,6.0,86.031767,-6984.376658,0.011016,0.02604,0.0,28.283331,-0.000955,0.0,6984.847342,-0.840358,0.052574,1.0,0.0,0.0,0.0,6901.244636,-1.639104,1021.0,1.0,2.982766,7.0,-0.00412,34.648627,124.735059,34.648609,-0.036009,-7.3e-05,0.264841,0.009176,8.6e-05,0.010833,0.353535,0.0,0.0,0.0,0.0,1.0,-9999.0,-9999.0,-9999.0,-9999.0,78.852201,4.0,-9999.0,-9999.0,-9999.0,-9999.0,-9999.0,-9999.0,-9999.0,-9999.0
P25_AV0_4_interaction,active_and_state_lat_and_long_zero_last_source_row_continuous_segment,P25,AV0,4,off_ramp,P25_AV0_4,P25_AV0.1.asc,HV4,60,driver_number,18260,1,304333.34,304333.3357,4.0,4.0,28.283301,101.819884,6.0,86.503154,-6984.847393,0.010164,0.024023,0.0,28.283499,-0.001289,0.0,6985.318081,-0.815594,0.0526,1.0,0.0,0.0,0.0,6901.821227,-1.60751,1021.0,1.0,3.560223,7.0,-0.004241,34.652974,124.750705,34.652955,-0.035934,-7.1e-05,0.258998,0.009181,9.7e-05,0.010833,0.353535,0.0,0.0,0.0,0.0,1.0,-9999.0,-9999.0,-9999.0,-9999.0,78.746289,4.0,-9999.0,-9999.0,-9999.0,-9999.0,-9999.0,-9999.0,-9999.0,-9999.0
P25_AV0_4_interaction,active_and_state_lat_and_long_zero_last_source_row_continuous_segment,P25,AV0,4,off_ramp,P25_AV0_4,P25_AV0.1.asc,HV4,60,driver_number,18261,1,304350.0,304350.0009,4.0,4.0,28.283423,101.820324,6.0,86.974542,-6985.318128,0.012274,0.022915,0.0,28.283721,-0.001643,0.0,6985.788822,-0.790824,0.052627,1.0,0.0,0.0,0.0,6902.397891,-1.57591,1021.0,1.0,4.137751,7.0,-0.00436,34.657271,124.766177,34.657253,-0.035858,-7e-05,0.257394,0.00919,7.3e-05,0.010833,0.353535,0.0,0.0,0.0,0.0,1.0,-9999.0,-9999.0,-9999.0,-9999.0,78.640306,4.0,-9999.0,-9999.0,-9999.0,-9999.0,-9999.0,-9999.0,-9999.0,-9999.0
P25_AV0_4_interaction,active_and_state_lat_and_long_zero_last_source_row_continuous_segment,P25,AV0,4,off_ramp,P25_AV0_4,P25_AV0.1.asc,HV4,60,driver_number,18262,1,304366.67,304366.6677,4.0,4.0,28.283584,101.820902,6.0,87.445933,-6985.788867,-0.008848,0.021253,0.0,28.283813,-0.002018,0.0,6986.259567,-0.766047,0.052653,1.0,0.0,0.0,0.0,6902.974626,-1.544302,1021.0,1.0,4.715352,7.0,-0.004476,34.661556,124.7816,34.661537,-0.035782,-6.9e-05,0.256909,0.009205,2.9e-05,0.010833,0.353535,0.0,0.0,0.0,0.0,1.0,-9999.0,-9999.0,-9999.0,-9999.0,78.534253,4.0,-9999.0,-9999.0,-9999.0,-9999.0,-9999.0,-9999.0,-9999.0,-9999.0
P25_AV0_4_interaction,active_and_state_lat_and_long_zero_last_source_row_continuous_segment,P25,AV0,4,off_ramp,P25_AV0_4,P25_AV0.1.asc,HV4,60,driver_number,18263,1,304383.33,304383.3341,4.0,4.0,28.283823,101.821762,6.0,87.917328,-6986.259609,-0.007429,0.020802,0.0,28.283719,-0.002363,0.0,6986.730311,-0.741264,0.052678,1.0,0.0,0.0,0.0,6903.551432,-1.512689,1021.0,1.0,5.293024,7.0,-0.004589,34.665114,124.794411,34.665096,-0.035704,-7.1e-05,0.102358,0.009292,-0.000259,0.01099,0.353535,0.0,0.0,0.0,0.0,1.0,-9999.0,-9999.0,-9999.0,-9999.0,78.428134,4.0,-9999.0,-9999.0,-9999.0,-9999.0,-9999.0,-9999.0,-9999.0,-9999.0
P25_AV0_4_interaction,active_and_state_lat_and_long_zero_last_source_row_continuous_segment,P25,AV0,4,off_ramp,P25_AV0_4,P25_AV0.1.asc,HV4,60,driver_number,18264,1,304400.0,304400.0028,4.0,4.0,28.283739,101.821462,6.0,88.388723,-6986.73035,0.004636,0.023477,0.0,28.28363,-0.002681,0.0,6987.201053,-0.716476,0.052702,1.0,0.0,0.0,0.0,6904.128287,-1.48107,1021.0,1.0,5.870744,7.0,-0.0047,34.662902,124.786447,34.662884,-0.035626,-8.4e-05,-0.248907,0.00974,-0.001311,0.01099,0.353535,0.0,0.0,0.0,0.0,1.0,-9999.0,-9999.0,-9999.0,-9999.0,78.321967,4.0,-9999.0,-9999.0,-9999.0,-9999.0,-9999.0,-9999.0,-9999.0,-9999.0
P25_AV0_4_interaction,active_and_state_lat_and_long_zero_last_source_row_continuous_segment,P25,AV0,4,off_ramp,P25_AV0_4,P25_AV0.1.asc,HV4,60,driver_number,18265,1,304416.67,304416.6677,4.0,4.0,28.283657,101.821166,6.0,88.860117,-6987.20109,0.007014,0.024783,0.0,28.283724,-0.002937,0.0,6987.671795,-0.691682,0.052725,1.0,0.0,0.0,0.0,6904.705113,-1.44945,1021.0,1.0,6.448436,7.0,-0.004809,34.657375,124.766549,34.657356,-0.035539,-0.000132,-0.369798,0.010747,-0.00417,0.01099,0.353535,0.0,0.0,0.0,0.0,1.0,-9999.0,-9999.0,-9999.0,-9999.0,78.215827,4.0,-9999.0,-9999.0,-9999.0,-9999.0,-9999.0,-9999.0,-9999.0,-9999.0
P25_AV0_4_interaction,active_and_state_lat_and_long_zero_last_source_row_continuous_segment,P25,AV0,4,off_ramp,P25_AV0_4,P25_AV0.1.asc,HV4,60,driver_number,18266,1,304433.33,304433.334,4.0,4.0,28.283668,101.821206,6.0,89.33151,-6987.671829,0.014407,0.024249,0.0,28.28384,-0.003119,0.0,6988.142538,-0.666881,0.052746,1.0,0.0,0.0,0.0,6905.281856,-1.417832,1021.0,1.0,7.026045,7.0,-0.004914,34.650768,124.742765,34.65075,-0.03543,-0.00024,-0.408676,0.012651,-0.008136,0.01099,0.353535,0.0,0.0,0.0,0.0,1.0,-9999.0,-9999.0,-9999.0,-9999.0,78.109769,4.0,-9999.0,-9999.0,-9999.0,-9999.0,-9999.0,-9999.0,-9999.0,-9999.0
P25_AV0_4_interaction,active_and_state_lat_and_long_zero_last_source_row_continuous_segment,P25,AV0,4,off_ramp,P25_AV0_4,P25_AV0.1.asc,HV4,60,driver_number,18267,1,304450.0,304450.0005,4.0,4.0,28.283783,101.821618,6.0,89.802904,-6988.14257,0.003747,0.022113,0.0,28.284066,-0.003283,0.0,6988.613283,-0.642074,0.052765,1.0,0.0,0.0,0.0,6905.858492,-1.386216,1021.0,1.0,7.603548,7.0,-0.005017,34.643814,124.71773,34.643796,-0.035283,-0.000416,-0.421188,0.015404,-0.012132,0.01099,0.353535,0.0,0.0,0.0,0.0,1.0,-9999.0,-9999.0,-9999.0,-9999.0,78.00382,4.0,-9999.0,-9999.0,-9999.0,-9999.0,-9999.0,-9999.0,-9999.0,-9999.0
P25_AV0_4_interaction,active_and_state_lat_and_long_zero_last_source_row_continuous_segment,P25,AV0,4,off_ramp,P25_AV0_4,P25_AV0.1.asc,HV4,60,driver_number,18268,1,304466.68,304466.6819,4.0,4.0,28.28396,101.822256,6.0,90.274301,-6988.613313,0.002162,0.024415,0.0,28.28409,-0.003399,0.0,6989.084031,-0.617261,0.052783,1.0,0.0,0.0,0.0,6906.435014,-1.354603,1021.0,1.0,8.180936,7.0,-0.005115,34.637423,124.694723,34.637405,-0.035083,-0.000637,-0.280257,0.018704,-0.013357,0.01099,0.363636,0.0,0.0,0.0,0.0,1.0,-9999.0,-9999.0,-9999.0,-9999.0,77.897988,4.0,-9999.0,-9999.0,-9999.0,-9999.0,-9999.0,-9999.0,-9999.0,-9999.0
P25_AV0_4_interaction,active_and_state_lat_and_long_zero_last_source_row_continuous_segment,P25,AV0,4,off_ramp,P25_AV0_4,P25_AV0.1.asc,HV4,60,driver_number,18269,1,304483.33,304483.3348,4.0,4.0,28.284097,101.822751,6.0,90.745701,-6989.084058,0.006366,0.025078,0.0,28.284154,-0.003434,0.0,6989.554779,-0.592442,0.052798,1.0,0.0,0.0,0.0,6907.011441,-1.32299,1021.0,1.0,8.758228,7.0,-0.005209,34.636563,124.691627,34.636545,-0.03482,-0.000866,0.063311,0.02198,-0.013019,0.01099,0.363636,0.0,0.0,0.0,0.0,1.0,-9999.0,-9999.0,-9999.0,-9999.0,77.792255,4.0,-9999.0,-9999.0,-9999.0,-9999.0,-9999.0,-9999.0,-9999.0,-9999.0
P25_AV0_4_interaction,active_and_state_lat_and_long_zero_last_source_row_continuous_segment,P25,AV0,4,off_ramp,P25_AV0_4,P25_AV0.1.asc,HV4,60,driver_number,18270,1,304500.0,304500.0002,4.0,4.0,28.284108,101.82279,6.0,91.217102,-6989.554804,0.006541,0.021934,0.0,28.284261,-0.003437,0.0,6990.025528,-0.567616,0.052813,1.0,0.0,0.0,0.0,6907.587844,-1.291373,1021.0,1.0,9.335499,7.0,-0.005297,34.638993,124.700375,34.638976,-0.034488,-0.001049,0.183761,0.024724,-0.009322,0.01099,0.363636,0.0,0.0,0.0,0.0,1.0,-9999.0,-9999.0,-9999.0,-9999.0,77.686545,4.0,-9999.0,-9999.0,-9999.0,-9999.0,-9999.0,-9999.0,-9999.0,-9999.0
P25_AV0_4_interaction,active_and_state_lat_and_long_zero_last_source_row_continuous_segment,P25,AV0,4,off_ramp,P25_AV0_4,P25_AV0.1.asc,HV4,60,driver_number,18271,1,304516.67,304516.6667,4.0,4.0,28.284207,101.823144,6.0,91.688504,-6990.025551,0.006442,0.020918,0.0,28.28437,-0.003428,0.0,6990.496278,-0.542784,0.052826,1.0,0.0,0.0,0.0,6908.16428,-1.259747,1021.0,1.0,9.912801,7.0,-0.005378,34.642488,124.712958,34.642471,-0.034087,-0.001153,0.221585,0.026324,-0.004045,0.01099,0.353535,0.0,0.0,0.0,0.0,1.0,-9999.0,-9999.0,-9999.0,-9999.0,77.580804,4.0,-9999.0,-9999.0,-9999.0,-9999.0,-9999.0,-9999.0,-9999.0,-9999.0
P25_AV0_4_interaction,active_and_state_lat_and_long_zero_last_source_row_continuous_segment,P25,AV0,4,off_ramp,P25_AV0_4,P25_AV0.1.asc,HV4,60,driver_number,18272,1,304533.33,304533.3339,4.0,4.0,28.284316,101.823537,6.0,92.159907,-6990.496299,0.006382,0.018732,0.0,28.284477,-0.003405,0.0,6990.96703,-0.517947,0.052837,1.0,0.0,0.0,0.0,6908.740769,-1.228111,1021.0,1.0,10.490158,7.0,-0.005452,34.646321,124.726754,34.646304,-0.033627,-0.001165,0.234706,0.026608,0.001476,0.01099,0.353535,0.0,0.0,0.0,0.0,1.0,-9999.0,-9999.0,-9999.0,-9999.0,77.475012,4.0,-9999.0,-9999.0,-9999.0,-9999.0,-9999.0,-9999.0,-9999.0,-9999.0
P25_AV0_4_interaction,active_and_state_lat_and_long_zero_last_source_row_continuous_segment,P25,AV0,4,off_ramp,P25_AV0_4,P25_AV0.1.asc,HV4,60,driver_number,18273,1,304550.0,304550.0007,4.0,4.0,28.284423,101.823924,6.0,92.631313,-6990.967049,0.002481,0.017459,0.0,28.284583,-0.003381,0.0,6991.437783,-0.493104,0.052846,1.0,0.0,0.0,0.0,6909.317321,-1.196463,1021.0,1.0,11.067577,7.0,-0.005517,34.650403,124.74145,34.650387,-0.033123,-0.00109,0.252126,0.02568,0.006327,0.01099,0.353535,0.0,0.0,0.0,0.0,1.0,-9999.0,-9999.0,-9999.0,-9999.0,77.369159,4.0,-9999.0,-9999.0,-9999.0,-9999.0,-9999.0,-9999.0,-9999.0,-9999.0
P25_AV0_4_interaction,active_and_state_lat_and_long_zero_last_source_row_continuous_segment,P25,AV0,4,off_ramp,P25_AV0_4,P25_AV0.1.asc,HV4,60,driver_number,18274,1,304566.67,304566.6674,4.0,4.0,28.28453,101.824308,6.0,93.10272,-6991.437801,0.00187,0.014378,0.0,28.284631,-0.003324,0.0,6991.908538,-0.468256,0.052854,1.0,0.0,0.0,0.0,6909.893939,-1.164804,1021.0,1.0,11.645064,7.0,-0.005575,34.654744,124.757079,34.654729,-0.032591,-0.000952,0.265215,0.023764,0.009339,0.01099,0.353535,0.0,0.0,0.0,0.0,1.0,-9999.0,-9999.0,-9999.0,-9999.0,77.263241,4.0,-9999.0,-9999.0,-9999.0,-9999.0,-9999.0,-9999.0,-9999.0,-9999.0
P25_AV0_4_interaction,active_and_state_lat_and_long_zero_last_source_row_continuous_segment,P25,AV0,4,off_ramp,P25_AV0_4,P25_AV0.1.asc,HV4,60,driver_number,18275,1,304583.33,304583.3344,4.0,4.0,28.284604,101.824573,6.0,93.574129,-6991.908554,0.005967,0.011859,0.0,28.284674,-0.00326,0.0,6992.379293,-0.443405,0.052859,1.0,0.0,0.0,0.0,6910.470629,-1.133132,1021.0,1.0,12.222623,7.0,-0.005624,34.659237,124.773252,34.659222,-0.032046,-0.000782,0.271837,0.021097,0.010676,0.01099,0.353535,0.0,0.0,0.0,0.0,1.0,-9999.0,-9999.0,-9999.0,-9999.0,77.157253,4.0,-9999.0,-9999.0,-9999.0,-9999.0,-9999.0,-9999.0,-9999.0,-9999.0
P25_AV0_4_interaction,active_and_state_lat_and_long_zero_last_source_row_continuous_segment,P25,AV0,4,off_ramp,P25_AV0_4,P25_AV0.1.asc,HV4,60,driver_number,18276,1,304600.0,304600.0008,4.0,4.0,28.284646,101.824726,6.0,94.045538,-6992.379307,0.00671,0.007855,0.0,28.284779,-0.003177,0.0,6992.850049,-0.418551,0.052863,1.0,0.0,0.0,0.0,6911.047393,-1.10145,1021.0,1.0,12.800257,7.0,-0.005667,34.663799,124.789677,34.663785,-0.031504,-0.000602,0.274753,0.01799,0.010709,0.01099,0.353535,0.0,0.0,0.0,0.0,1.0,-9999.0,-9999.0,-9999.0,-9999.0,77.051192,4.0,-9999.0,-9999.0,-9999.0,-9999.0,-9999.0,-9999.0,-9999.0,-9999.0
P25_AV0_4_interaction,active_and_state_lat_and_long_zero_last_source_row_continuous_segment,P25,AV0,4,off_ramp,P25_AV0_4,P25_AV0.1.asc,HV4,60,driver_number,18277,1,304616.67,304616.6724,4.0,4.0,28.284723,101.825005,6.0,94.516949,-6992.850062,0.010411,0.004587,0.0,28.28489,-0.003093,0.0,6993.320807,-0.393695,0.052863,1.0,0.0,0.0,0.0,6911.624232,-1.069758,1021.0,1.0,13.377966,7.0,-0.005704,34.668406,124.806262,34.668392,-0.030978,-0.00043,0.278913,0.014695,0.009992,0.01099,0.353535,0.0,0.0,0.0,0.0,1.0,-9999.0,-9999.0,-9999.0,-9999.0,76.945057,4.0,-9999.0,-9999.0,-9999.0,-9999.0,-9999.0,-9999.0,-9999.0,-9999.0
P25_AV0_4_interaction,active_and_state_lat_and_long_zero_last_source_row_continuous_segment,P25,AV0,4,off_ramp,P25_AV0_4,P25_AV0.1.asc,HV4,60,driver_number,18278,1,304633.33,304633.334,4.0,4.0,28.284835,101.825405,6.0,94.988361,-6993.320818,0.007002,0.002787,0.0,28.285057,-0.002976,0.0,6993.791567,-0.368837,0.052862,1.0,0.0,0.0,0.0,6912.201148,-1.038056,1021.0,1.0,13.955752,7.0,-0.005736,34.673037,124.822933,34.673024,-0.030476,-0.000274,0.275116,0.011401,0.008948,0.01099,0.353535,0.0,0.0,0.0,0.0,1.0,-9999.0,-9999.0,-9999.0,-9999.0,76.838848,4.0,-9999.0,-9999.0,-9999.0,-9999.0,-9999.0,-9999.0,-9999.0,-9999.0
P25_AV0_4_interaction,active_and_state_lat_and_long_zero_last_source_row_continuous_segment,P25,AV0,4,off_ramp,P25_AV0_4,P25_AV0.1.asc,HV4,60,driver_number,18279,1,304650.0,304650.0007,4.0,4.0,28.284977,101.825916,6.0,95.459775,-6993.791576,0.016182,0.002644,0.0,28.285232,-0.002837,0.0,6994.262329,-0.343979,0.052859,1.0,0.0,0.0,0.0,6912.77814,-1.006346,1021.0,1.0,14.533615,7.0,-0.005764,34.677534,124.839124,34.677522,-0.030006,-0.000136,0.266668,0.008245,0.007813,0.01099,0.353535,0.0,0.0,0.0,0.0,1.0,-9999.0,-9999.0,-9999.0,-9999.0,76.732565,4.0,-9999.0,-9999.0,-9999.0,-9999.0,-9999.0,-9999.0,-9999.0,-9999.0
P25_AV0_4_interaction,active_and_state_lat_and_long_zero_last_source_row_continuous_segment,P25,AV0,4,off_ramp,P25_AV0_4,P25_AV0.1.asc,HV4,60,driver_number,18280,1,304666.67,304666.6679,4.0,4.0,28.285115,101.826414,6.0,95.931192,-6994.262337,0.006449,-0.001778,0.0,28.285453,-0.002652,0.0,6994.733095,-0.31912,0.052852,1.0,0.0,0.0,0.0,6913.355207,-0.974629,1021.0,1.0,15.111552,7.0,-0.005788,34.681904,124.854855,34.681892,-0.029573,-1.7e-05,0.257328,0.005322,0.006695,0.01099,0.343434,0.0,0.0,0.0,0.0,1.0,-9999.0,-9999.0,-9999.0,-9999.0,76.62621,4.0,-9999.0,-9999.0,-9999.0,-9999.0,-9999.0,-9999.0,-9999.0,-9999.0
P25_AV0_4_interaction,active_and_state_lat_and_long_zero_last_source_row_continuous_segment,P25,AV0,4,off_ramp,P25_AV0_4,P25_AV0.1.asc,HV4,60,driver_number,18281,1,304683.33,304683.3342,4.0,4.0,28.285366,101.827319,6.0,96.402613,-6994.733102,0.001546,-0.004984,0.0,28.285552,-0.002441,0.0,6995.203863,-0.294262,0.052844,1.0,0.0,0.0,0.0,6913.932346,-0.942906,1021.0,1.0,15.689563,7.0,-0.005811,34.686057,124.869804,34.686044,-0.029181,8.4e-05,0.245085,0.002698,0.005637,0.01099,0.343434,0.0,0.0,0.0,0.0,1.0,-9999.0,-9999.0,-9999.0,-9999.0,76.519786,4.0,-9999.0,-9999.0,-9999.0,-9999.0,-9999.0,-9999.0,-9999.0,-9999.0
P25_AV0_4_interaction,active_and_state_lat_and_long_zero_last_source_row_continuous_segment,P25,AV0,4,off_ramp,P25_AV0_4,P25_AV0.1.asc,HV4,60,driver_number,18282,1,304700.0,304700.0006,4.0,4.0,28.285507,101.827824,6.0,96.874036,-6995.20387,0.008926,-0.004741,0.0,28.285585,-0.002214,0.0,6995.674634,-0.269405,0.052832,1.0,0.0,0.0,0.0,6914.509555,-0.911178,1021.0,1.0,16.267643,7.0,-0.005833,34.690089,124.884321,34.690077,-0.028829,0.000168,0.240396,0.000401,0.004662,0.01099,0.343434,0.0,0.0,0.0,0.0,1.0,-9999.0,-9999.0,-9999.0,-9999.0,76.413297,4.0,-9999.0,-9999.0,-9999.0,-9999.0,-9999.0,-9999.0,-9999.0,-9999.0
P25_AV0_4_interaction,active_and_state_lat_and_long_zero_last_source_row_continuous_segment,P25,AV0,4,off_ramp,P25_AV0_4,P25_AV0.1.asc,HV4,60,driver_number,18283,1,304716.67,304716.6669,4.0,4.0,28.285565,101.828035,6.0,97.345461,-6995.674639,0.006614,-0.006034,0.0,28.285735,-0.001928,0.0,6996.145405,-0.244551,0.052819,1.0,0.0,0.0,0.0,6915.086831,-0.879446,1021.0,1.0,16.845791,7.0,-0.005854,34.694073,124.898662,34.694061,-0.028519,0.000237,0.23831,-0.001563,0.003779,0.01099,0.343434,0.0,0.0,0.0,0.0,1.0,-9999.0,-9999.0,-9999.0,-9999.0,76.306742,4.0,-9999.0,-9999.0,-9999.0,-9999.0,-9999.0,-9999.0,-9999.0,-9999.0
P25_AV0_4_interaction,active_and_state_lat_and_long_zero_last_source_row_continuous_segment,P25,AV0,4,off_ramp,P25_AV0_4,P25_AV0.1.asc,HV4,60,driver_number,18284,1,304733.33,304733.3336,4.0,4.0,28.28566,101.828375,6.0,97.816887,-6996.145409,0.005735,-0.006935,0.0,28.285839,-0.0016,0.0,6996.616179,-0.219698,0.052804,1.0,0.0,0.0,0.0,6915.664174,-0.84771,1021.0,1.0,17.424005,7.0,-0.005875,34.698033,124.91292,34.698022,-0.028249,0.000292,0.237265,-0.003214,0.002998,0.01099,0.343434,0.0,0.0,0.0,0.0,1.0,-9999.0,-9999.0,-9999.0,-9999.0,76.200122,4.0,-9999.0,-9999.0,-9999.0,-9999.0,-9999.0,-9999.0,-9999.0,-9999.0
P25_AV0_4_interaction,active_and_state_lat_and_long_zero_last_source_row_continuous_segment,P25,AV0,4,off_ramp,P25_AV0_4,P25_AV0.1.asc,HV4,60,driver_number,18285,1,304750.0,304750.0008,4.0,4.0,28.28579,101.828843,6.0,98.288315,-6996.616182,0.005735,-0.008604,0.0,28.285934,-0.00125,0.0,6997.086954,-0.194847,0.052787,1.0,0.0,0.0,0.0,6916.241582,-0.815972,1021.0,1.0,18.002285,7.0,-0.005897,34.701982,124.927134,34.70197,-0.028018,0.000335,0.236713,-0.004586,0.002316,0.01099,0.343434,0.0,0.0,0.0,0.0,1.0,-9999.0,-9999.0,-9999.0,-9999.0,76.093438,4.0,-9999.0,-9999.0,-9999.0,-9999.0,-9999.0,-9999.0,-9999.0,-9999.0
P25_AV0_4_interaction,active_and_state_lat_and_long_zero_last_source_row_continuous_segment,P25,AV0,4,off_ramp,P25_AV0_4,P25_AV0.1.asc,HV4,60,driver_number,18286,1,304766.67,304766.6677,4.0,4.0,28.285887,101.829192,6.0,98.759745,-6997.086957,0.012745,-0.010514,0.0,28.286062,-0.000896,0.0,6997.557732,-0.169999,0.052769,1.0,0.0,0.0,0.0,6916.819057,-0.784231,1021.0,1.0,18.580631,7.0,-0.00592,34.705923,124.941324,34.705912,-0.027822,0.000368,0.236365,-0.005718,0.001723,0.01099,0.343434,0.0,0.0,0.0,0.0,1.0,-9999.0,-9999.0,-9999.0,-9999.0,75.986692,4.0,-9999.0,-9999.0,-9999.0,-9999.0,-9999.0,-9999.0,-9999.0,-9999.0
P25_AV0_4_interaction,active_and_state_lat_and_long_zero_last_source_row_continuous_segment,P25,AV0,4,off_ramp,P25_AV0_4,P25_AV0.1.asc,HV4,60,driver_number,18287,1,304783.38,304783.3842,4.0,4.0,28.285982,101.829536,6.0,99.231177,-6997.557734,0.009355,-0.011189,0.0,28.28628,-0.000533,0.0,6998.028512,-0.145153,0.052751,1.0,0.0,0.0,0.0,6917.396597,-0.752488,1021.0,1.0,19.159043,7.0,-0.005945,34.70986,124.955495,34.709849,-0.027662,0.000391,0.236126,-0.006645,0.001208,0.01099,0.343434,0.0,0.0,0.0,0.0,1.0,-9999.0,-9999.0,-9999.0,-9999.0,75.879881,4.0,-9999.0,-9999.0,-9999.0,-9999.0,-9999.0,-9999.0,-9999.0,-9999.0
P25_AV0_4_interaction,active_and_state_lat_and_long_zero_last_source_row_continuous_segment,P25,AV0,4,off_ramp,P25_AV0_4,P25_AV0.1.asc,HV4,60,driver_number,18288,1,304800.01,304800.0075,4.0,4.0,28.286169,101.830207,6.0,99.702611,-6998.028513,0.012156,-0.012239,0.0,28.28644,-0.000167,0.0,6998.499296,-0.12031,0.052731,1.0,0.0,0.0,0.0,6917.974203,-0.720744,1021.0,1.0,19.73752,7.0,-0.005972,34.713796,124.969667,34.713785,-0.027534,0.000407,0.236258,-0.007402,0.000749,0.01099,0.343434,0.0,0.0,0.0,0.0,1.0,-9999.0,-9999.0,-9999.0,-9999.0,75.773008,4.0,-9999.0,-9999.0,-9999.0,-9999.0,-9999.0,-9999.0,-9999.0,-9999.0
P25_AV0_4_interaction,active_and_state_lat_and_long_zero_last_source_row_continuous_segment,P25,AV0,4,off_ramp,P25_AV0_4,P25_AV0.1.asc,HV4,60,driver_number,18289,1,304816.67,304816.6696,4.0,4.0,28.286358,101.830888,6.0,100.174048,-6998.499297,0.000228,-0.012176,0.0,28.286518,0.000202,0.0,6998.970082,-0.09547,0.052712,1.0,0.0,0.0,0.0,6918.551874,-0.688998,1021.0,1.0,20.316064,7.0,-0.006001,34.717736,124.98385,34.717725,-0.027436,0.000415,0.236484,-0.008015,0.000346,0.01099,0.343434,0.0,0.0,0.0,0.0,1.0,-9999.0,-9999.0,-9999.0,-9999.0,75.666074,4.0,-9999.0,-9999.0,-9999.0,-9999.0,-9999.0,-9999.0,-9999.0,-9999.0
P25_AV0_4_interaction,active_and_state_lat_and_long_zero_last_source_row_continuous_segment,P25,AV0,4,off_ramp,P25_AV0_4,P25_AV0.1.asc,HV4,60,driver_number,18290,1,304833.33,304833.3334,4.0,4.0,28.286541,101.831548,6.0,100.645489,-6998.970083,0.009024,-0.012014,0.0,28.286605,0.000549,0.0,6999.440869,-0.070633,0.052692,1.0,0.0,0.0,0.0,6919.129611,-0.657251,1021.0,1.0,20.894672,7.0,-0.006033,34.721589,124.997722,34.721579,-0.027366,0.000417,0.226541,-0.0085,-1.3e-05,0.01099,0.343434,0.0,0.0,0.0,0.0,1.0,-9999.0,-9999.0,-9999.0,-9999.0,75.559078,4.0,-9999.0,-9999.0,-9999.0,-9999.0,-9999.0,-9999.0,-9999.0,-9999.0
P25_AV0_4_interaction,active_and_state_lat_and_long_zero_last_source_row_continuous_segment,P25,AV0,4,off_ramp,P25_AV0_4,P25_AV0.1.asc,HV4,60,driver_number,18291,1,304850.0,304850.0002,4.0,4.0,28.28652,101.831471,6.0,101.116929,-6999.44087,0.008644,-0.011467,0.0,28.286765,0.000912,0.0,6999.911659,-0.045799,0.052673,1.0,0.0,0.0,0.0,6919.707412,-0.625502,1021.0,1.0,21.473345,7.0,-0.006067,34.725301,125.011083,34.72529,-0.027323,0.000414,0.220924,-0.008868,-0.000333,0.01099,0.321608,0.0,0.0,0.0,0.0,1.0,-9999.0,-9999.0,-9999.0,-9999.0,75.452018,4.0,-9999.0,-9999.0,-9999.0,-9999.0,-9999.0,-9999.0,-9999.0,-9999.0
P25_AV0_4_interaction,active_and_state_lat_and_long_zero_last_source_row_continuous_segment,P25,AV0,4,off_ramp,P25_AV0_4,P25_AV0.1.asc,HV4,60,driver_number,18292,1,304866.67,304866.6673,4.0,4.0,28.28668,101.832048,6.0,101.588372,-6999.911659,0.005273,-0.010683,0.0,28.286886,0.001238,0.0,7000.382451,-0.020968,0.052655,1.0,0.0,0.0,0.0,6920.285276,-0.593753,1021.0,1.0,22.05208,7.0,-0.006103,34.728963,125.024267,34.728952,-0.027305,0.000405,0.21918,-0.009121,-0.000621,0.01099,0.321608,0.0,0.0,0.0,0.0,1.0,-9999.0,-9999.0,-9999.0,-9999.0,75.344899,4.0,-9999.0,-9999.0,-9999.0,-9999.0,-9999.0,-9999.0,-9999.0,-9999.0
P25_AV0_4_interaction,active_and_state_lat_and_long_zero_last_source_row_continuous_segment,P25,AV0,4,off_ramp,P25_AV0_4,P25_AV0.1.asc,HV4,60,driver_number,18293,1,304883.33,304883.3345,4.0,4.0,28.286837,101.832612,6.0,102.059818,-7000.382451,0.013005,-0.011275,0.0,28.286974,0.001523,0.0,7000.853245,0.003861,0.052639,1.0,0.0,0.0,0.0,6920.8632,-0.562004,1021.0,1.0,22.630876,7.0,-0.006142,34.73261,125.037395,34.732599,-0.027309,0.000392,0.21861,-0.009265,-0.000865,0.01099,0.321608,0.0,0.0,0.0,0.0,1.0,-9999.0,-9999.0,-9999.0,-9999.0,75.237722,4.0,-9999.0,-9999.0,-9999.0,-9999.0,-9999.0,-9999.0,-9999.0,-9999.0
P25_AV0_4_interaction,active_and_state_lat_and_long_zero_last_source_row_continuous_segment,P25,AV0,4,off_ramp,P25_AV0_4,P25_AV0.1.asc,HV4,60,driver_number,18294,1,304900.01,304900.009,4.0,4.0,28.28693,101.832949,6.0,102.531265,-7000.853245,0.016703,-0.010074,0.0,28.287243,0.001773,0.0,7001.324042,0.028687,0.052624,1.0,0.0,0.0,0.0,6921.441186,-0.530254,1021.0,1.0,23.209733,7.0,-0.006184,34.736251,125.050503,34.73624,-0.027333,0.000376,0.218381,-0.009312,-0.001057,0.01099,0.321608,0.0,0.0,0.0,0.0,1.0,-9999.0,-9999.0,-9999.0,-9999.0,75.130486,4.0,-9999.0,-9999.0,-9999.0,-9999.0,-9999.0,-9999.0,-9999.0,-9999.0
P25_AV0_4_interaction,active_and_state_lat_and_long_zero_last_source_row_continuous_segment,P25,AV0,4,off_ramp,P25_AV0_4,P25_AV0.1.asc,HV4,60,driver_number,18295,1,304916.68,304916.6757,4.0,4.0,28.287082,101.833495,6.0,103.002714,-7001.324042,0.005369,-0.008448,0.0,28.287462,0.001978,0.0,7001.794843,0.053511,0.052611,1.0,0.0,0.0,0.0,6922.019232,-0.498503,1021.0,1.0,23.78865,7.0,-0.006229,34.739889,125.0636,34.739878,-0.027374,0.000357,0.218245,-0.009276,-0.001194,0.01099,0.321608,0.0,0.0,0.0,0.0,1.0,-9999.0,-9999.0,-9999.0,-9999.0,75.023192,4.0,-9999.0,-9999.0,-9999.0,-9999.0,-9999.0,-9999.0,-9999.0,-9999.0
P25_AV0_4_interaction,active_and_state_lat_and_long_zero_last_source_row_continuous_segment,P25,AV0,4,off_ramp,P25_AV0_4,P25_AV0.1.asc,HV4,60,driver_number,18296,1,304933.33,304933.3343,4.0,4.0,28.287382,101.834576,6.0,103.474168,-7001.794843,0.00452,-0.008716,0.0,28.287544,0.002153,0.0,7002.265647,0.078333,0.052599,1.0,0.0,0.0,0.0,6922.597339,-0.466752,1021.0,1.0,24.367629,7.0,-0.006277,34.743525,125.076691,34.743515,-0.027432,0.000336,0.218136,-0.00917,-0.001283,0.01099,0.321608,0.0,0.0,0.0,0.0,1.0,-9999.0,-9999.0,-9999.0,-9999.0,74.915843,4.0,-9999.0,-9999.0,-9999.0,-9999.0,-9999.0,-9999.0,-9999.0,-9999.0
P25_AV0_4_interaction,active_and_state_lat_and_long_zero_last_source_row_continuous_segment,P25,AV0,4,off_ramp,P25_AV0_4,P25_AV0.1.asc,HV4,60,driver_number,18297,1,304950.01,304950.0129,4.0,4.0,28.287506,101.835023,6.0,103.945625,-7002.265648,0.004955,-0.006511,0.0,28.287621,0.002267,0.0,7002.736453,0.103153,0.05259,1.0,0.0,0.0,0.0,6923.175507,-0.435,1021.0,1.0,24.946667,7.0,-0.006327,34.74716,125.089775,34.747149,-0.027503,0.000314,0.218023,-0.009009,-0.001332,0.01099,0.321608,0.0,0.0,0.0,0.0,1.0,-9999.0,-9999.0,-9999.0,-9999.0,74.808436,4.0,-9999.0,-9999.0,-9999.0,-9999.0,-9999.0,-9999.0,-9999.0,-9999.0
P25_AV0_4_interaction,active_and_state_lat_and_long_zero_last_source_row_continuous_segment,P25,AV0,4,off_ramp,P25_AV0_4,P25_AV0.1.asc,HV4,60,driver_number,18298,1,304966.67,304966.6668,4.0,4.0,28.287581,101.835293,6.0,104.417083,-7002.736454,0.005224,-0.00623,0.0,28.287705,0.002355,0.0,7003.20726,0.127972,0.052583,1.0,0.0,0.0,0.0,6923.753735,-0.403247,1021.0,1.0,25.525767,7.0,-0.00638,34.750792,125.102852,34.750781,-0.027587,0.000292,0.217901,-0.008803,-0.001348,0.01099,0.321608,0.0,0.0,0.0,0.0,1.0,-9999.0,-9999.0,-9999.0,-9999.0,74.700971,4.0,-9999.0,-9999.0,-9999.0,-9999.0,-9999.0,-9999.0,-9999.0,-9999.0
P25_AV0_4_interaction,active_and_state_lat_and_long_zero_last_source_row_continuous_segment,P25,AV0,4,off_ramp,P25_AV0_4,P25_AV0.1.asc,HV4,60,driver_number,18299,1,304983.33,304983.3339,4.0,4.0,28.287662,101.835584,6.0,104.888543,-7003.207261,0.005365,-0.006961,0.0,28.287792,0.002386,0.0,7003.678068,0.152789,0.052579,1.0,0.0,0.0,0.0,6924.332024,-0.371494,1021.0,1.0,26.104927,7.0,-0.006436,34.754424,125.115927,34.754413,-0.027681,0.00027,0.217974,-0.00856,-0.001336,0.01099,0.321608,0.0,0.0,0.0,0.0,1.0,-9999.0,-9999.0,-9999.0,-9999.0,74.593447,4.0,-9999.0,-9999.0,-9999.0,-9999.0,-9999.0,-9999.0,-9999.0,-9999.0
P25_AV0_4_interaction,active_and_state_lat_and_long_zero_last_source_row_continuous_segment,P25,AV0,4,off_ramp,P25_AV0_4,P25_AV0.1.asc,HV4,60,driver_number,18300,1,305000.01,305000.0088,4.0,4.0,28.287748,101.835894,6.0,105.360004,-7003.67807,0.005458,-0.003566,0.0,28.287882,0.002363,0.0,7004.148878,0.177605,0.052576,1.0,0.0,0.0,0.0,6924.910373,-0.33974,1021.0,1.0,26.684147,7.0,-0.006494,34.758016,125.128858,34.758005,-0.027783,0.000248,0.208893,-0.008282,-0.001303,0.01099,0.321608,0.0,0.0,0.0,0.0,1.0,-9999.0,-9999.0,-9999.0,-9999.0,74.485865,4.0,-9999.0,-9999.0,-9999.0,-9999.0,-9999.0,-9999.0,-9999.0,-9999.0
P25_AV0_4_interaction,active_and_state_lat_and_long_zero_last_source_row_continuous_segment,P25,AV0,4,off_ramp,P25_AV0_4,P25_AV0.1.asc,HV4,60,driver_number,18301,1,305016.67,305016.6677,4.0,4.0,28.287837,101.836214,6.0,105.831466,-7004.148881,-0.008428,-0.001975,0.0,28.287909,0.002316,0.0,7004.61969,0.202421,0.052576,1.0,0.0,0.0,0.0,6925.488782,-0.307985,1021.0,1.0,27.263427,7.0,-0.006555,34.761261,125.140538,34.761249,-0.027894,0.000226,0.187646,-0.00796,-0.001286,0.01099,0.321608,0.0,0.0,0.0,0.0,1.0,-9999.0,-9999.0,-9999.0,-9999.0,74.378225,4.0,-9999.0,-9999.0,-9999.0,-9999.0,-9999.0,-9999.0,-9999.0,-9999.0
P25_AV0_4_interaction,active_and_state_lat_and_long_zero_last_source_row_continuous_segment,P25,AV0,4,off_ramp,P25_AV0_4,P25_AV0.1.asc,HV4,60,driver_number,18302,1,305033.33,305033.3343,4.0,4.0,28.287928,101.83654,6.0,106.30293,-7004.619693,0.008556,-0.000714,0.0,28.287824,0.002246,0.0,7005.090501,0.227236,0.052578,1.0,0.0,0.0,0.0,6926.067245,-0.27623,1021.0,1.0,27.842761,7.0,-0.006618,34.764305,125.151499,34.764294,-0.02801,0.000204,0.180402,-0.007586,-0.001317,0.01099,0.321608,0.0,0.0,0.0,0.0,1.0,-9999.0,-9999.0,-9999.0,-9999.0,74.270533,4.0,-9999.0,-9999.0,-9999.0,-9999.0,-9999.0,-9999.0,-9999.0,-9999.0
P25_AV0_4_interaction,active_and_state_lat_and_long_zero_last_source_row_continuous_segment,P25,AV0,4,off_ramp,P25_AV0_4,P25_AV0.1.asc,HV4,60,driver_number,18303,1,305050.0,305050.0007,4.0,4.0,28.287839,101.83622,6.0,106.774393,-7005.090505,0.000262,0.004873,0.0,28.287942,0.00212,0.0,7005.561312,0.252051,0.052582,1.0,0.0,0.0,0.0,6926.64576,-0.244474,1021.0,1.0,28.422147,7.0,-0.006684,34.767286,125.162229,34.767274,-0.028131,0.000182,0.17809,-0.007141,-0.001399,0.01099,0.321608,0.0,0.0,0.0,0.0,1.0,-9999.0,-9999.0,-9999.0,-9999.0,74.162789,4.0,-9999.0,-9999.0,-9999.0,-9999.0,-9999.0,-9999.0,-9999.0,-9999.0
P25_AV0_4_interaction,active_and_state_lat_and_long_zero_last_source_row_continuous_segment,P25,AV0,4,off_ramp,P25_AV0_4,P25_AV0.1.asc,HV4,60,driver_number,18304,1,305066.67,305066.6674,4.0,4.0,28.287895,101.836422,6.0,107.245856,-7005.561316,-0.001285,0.003893,0.0,28.287935,0.002014,0.0,7006.032124,0.276868,0.052589,1.0,0.0,0.0,0.0,6927.224325,-0.212718,1021.0,1.0,29.001582,7.0,-0.006751,34.770245,125.172883,34.770234,-0.028253,0.000157,0.177311,-0.00663,-0.001503,0.01099,0.321608,0.0,0.0,0.0,0.0,1.0,-9999.0,-9999.0,-9999.0,-9999.0,74.054996,4.0,-9999.0,-9999.0,-9999.0,-9999.0,-9999.0,-9999.0,-9999.0,-9999.0
P25_AV0_4_interaction,active_and_state_lat_and_long_zero_last_source_row_continuous_segment,P25,AV0,4,off_ramp,P25_AV0_4,P25_AV0.1.asc,HV4,60,driver_number,18305,1,305083.33,305083.3343,4.0,4.0,28.287944,101.836599,6.0,107.717321,-7006.032129,0.002978,0.007329,0.0,28.287915,0.001846,0.0,7006.502936,0.301686,0.052598,1.0,0.0,0.0,0.0,6927.802939,-0.18096,1021.0,1.0,29.581067,7.0,-0.006821,34.773197,125.183509,34.773185,-0.028376,0.000131,0.177008,-0.00607,-0.00158,0.01099,0.321608,0.0,0.0,0.0,0.0,1.0,-9999.0,-9999.0,-9999.0,-9999.0,73.947155,4.0,-9999.0,-9999.0,-9999.0,-9999.0,-9999.0,-9999.0,-9999.0,-9999.0
P25_AV0_4_interaction,active_and_state_lat_and_long_zero_last_source_row_continuous_segment,P25,AV0,4,off_ramp,P25_AV0_4,P25_AV0.1.asc,HV4,60,driver_number,18306,1,305100.0,305100.0001,4.0,4.0,28.287924,101.836527,6.0,108.188785,-7006.502942,0.007037,0.006383,0.0,28.287992,0.001643,0.0,7006.973747,0.326506,0.052609,1.0,0.0,0.0,0.0,6928.381602,-0.149202,1021.0,1.0,30.160601,7.0,-0.006892,34.776145,125.194124,34.776134,-0.028496,0.000105,0.176853,-0.005483,-0.0016,0.01099,0.321608,0.0,0.0,0.0,0.0,1.0,-9999.0,-9999.0,-9999.0,-9999.0,73.839265,4.0,-9999.0,-9999.0,-9999.0,-9999.0,-9999.0,-9999.0,-9999.0,-9999.0
P25_AV0_4_interaction,active_and_state_lat_and_long_zero_last_source_row_continuous_segment,P25,AV0,4,off_ramp,P25_AV0_4,P25_AV0.1.asc,HV4,60,driver_number,18307,1,305116.67,305116.6668,4.0,4.0,28.28794,101.836583,6.0,108.660249,-7006.973755,0.006916,0.005808,0.0,28.288109,0.001363,0.0,7007.44456,0.351329,0.052622,1.0,0.0,0.0,0.0,6928.960314,-0.117443,1021.0,1.0,30.740185,7.0,-0.006965,34.779092,125.204731,34.77908,-0.028613,7.9e-05,0.176744,-0.004891,-0.00155,0.01099,0.321608,0.0,0.0,0.0,0.0,1.0,-9999.0,-9999.0,-9999.0,-9999.0,73.731326,4.0,-9999.0,-9999.0,-9999.0,-9999.0,-9999.0,-9999.0,-9999.0,-9999.0
P25_AV0_4_interaction,active_and_state_lat_and_long_zero_last_source_row_continuous_segment,P25,AV0,4,off_ramp,P25_AV0_4,P25_AV0.1.asc,HV4,60,driver_number,18308,1,305133.33,305133.334,4.0,4.0,28.288051,101.836983,6.0,109.131715,-7007.444569,0.006701,0.00536,0.0,28.288224,0.00103,0.0,7007.915375,0.376154,0.052637,1.0,0.0,0.0,0.0,6929.539076,-0.085683,1021.0,1.0,31.319817,7.0,-0.00704,34.782037,125.215332,34.782025,-0.028726,5.4e-05,0.176644,-0.00431,-0.001434,0.01099,0.321608,0.0,0.0,0.0,0.0,1.0,-9999.0,-9999.0,-9999.0,-9999.0,73.62334,4.0,-9999.0,-9999.0,-9999.0,-9999.0,-9999.0,-9999.0,-9999.0,-9999.0
P25_AV0_4_interaction,active_and_state_lat_and_long_zero_last_source_row_continuous_segment,P25,AV0,4,off_ramp,P25_AV0_4,P25_AV0.1.asc,HV4,60,driver_number,18309,1,305150.0,305150.0001,4.0,4.0,28.288167,101.837402,6.0,109.603183,-7007.915385,0.016702,0.00658,0.0,28.288399,0.000704,0.0,7008.386192,0.40098,0.052652,1.0,0.0,0.0,0.0,6930.117887,-0.053921,1021.0,1.0,31.899499,7.0,-0.007116,34.78498,125.225928,34.784968,-0.028832,3.1e-05,0.176619,-0.003755,-0.00127,0.01099,0.321608,0.0,0.0,0.0,0.0,1.0,-9999.0,-9999.0,-9999.0,-9999.0,73.515307,4.0,-9999.0,-9999.0,-9999.0,-9999.0,-9999.0,-9999.0,-9999.0,-9999.0
P25_AV0_4_interaction,active_and_state_lat_and_long_zero_last_source_row_continuous_segment,P25,AV0,4,off_ramp,P25_AV0_4,P25_AV0.1.asc,HV4,60,driver_number,18310,1,305166.67,305166.6668,4.0,4.0,28.28828,101.837806,6.0,110.074652,-7008.386204,0.013891,0.007788,0.0,28.288661,0.000385,0.0,7008.857012,0.425809,0.052667,1.0,0.0,0.0,0.0,6930.696746,-0.022158,1021.0,1.0,32.479229,7.0,-0.007193,34.787929,125.236546,34.787917,-0.028932,1.2e-05,0.177245,-0.003234,-0.001078,0.01099,0.321608,0.0,0.0,0.0,0.0,1.0,-9999.0,-9999.0,-9999.0,-9999.0,73.407228,4.0,-9999.0,-9999.0,-9999.0,-9999.0,-9999.0,-9999.0,-9999.0,-9999.0
P25_AV0_4_interaction,active_and_state_lat_and_long_zero_last_source_row_continuous_segment,P25,AV0,4,off_ramp,P25_AV0_4,P25_AV0.1.asc,HV4,60,driver_number,18311,1,305183.33,305183.3344,4.0,4.0,28.288539,101.838739,6.0,110.546126,-7008.857025,0.012514,0.010507,0.0,28.288922,7.6e-05,0.0,7009.327837,0.450639,0.052683,1.0,0.0,0.0,0.0,6931.275655,0.009607,1021.0,1.0,33.059009,7.0,-0.00727,34.790889,125.2472,34.790877,-0.029024,-4e-06,0.177758,-0.002752,-0.000875,0.01099,0.321608,0.0,0.0,0.0,0.0,1.0,-9999.0,-9999.0,-9999.0,-9999.0,73.299104,4.0,-9999.0,-9999.0,-9999.0,-9999.0,-9999.0,-9999.0,-9999.0,-9999.0
P25_AV0_4_interaction,active_and_state_lat_and_long_zero_last_source_row_continuous_segment,P25,AV0,4,off_ramp,P25_AV0_4,P25_AV0.1.asc,HV4,60,driver_number,18312,1,305200.0,305200.0,4.0,4.0,28.288777,101.839598,6.0,111.017603,-7009.327851,0.0053,0.012288,0.0,28.289082,-0.000197,0.0,7009.798665,0.475473,0.0527,1.0,0.0,0.0,0.0,6931.854613,0.041374,1021.0,1.0,33.638838,7.0,-0.007349,34.793854,125.257875,34.793842,-0.02911,-1.6e-05,0.177977,-0.002313,-0.000676,0.01099,0.321608,0.0,0.0,0.0,0.0,1.0,-9999.0,-9999.0,-9999.0,-9999.0,73.190934,4.0,-9999.0,-9999.0,-9999.0,-9999.0,-9999.0,-9999.0,-9999.0,-9999.0
P25_AV0_4_interaction,active_and_state_lat_and_long_zero_last_source_row_continuous_segment,P25,AV0,4,off_ramp,P25_AV0_4,P25_AV0.1.asc,HV4,60,driver_number,18313,1,305216.67,305216.6668,4.0,4.0,28.289026,101.840494,6.0,111.489085,-7009.798681,0.005356,0.015208,0.0,28.289169,-0.000446,0.0,7010.269496,0.50031,0.052716,1.0,0.0,0.0,0.0,6932.433621,0.073143,1021.0,1.0,34.218716,7.0,-0.007429,34.796821,125.268555,34.796809,-0.029188,-2.6e-05,0.178022,-0.001918,-0.000491,0.01099,0.321608,0.0,0.0,0.0,0.0,1.0,-9999.0,-9999.0,-9999.0,-9999.0,73.08272,4.0,-9999.0,-9999.0,-9999.0,-9999.0,-9999.0,-9999.0,-9999.0,-9999.0
P25_AV0_4_interaction,active_and_state_lat_and_long_zero_last_source_row_continuous_segment,P25,AV0,4,off_ramp,P25_AV0_4,P25_AV0.1.asc,HV4,60,driver_number,18314,1,305233.34,305233.3352,4.0,4.0,28.289126,101.840855,6.0,111.960569,-7010.269513,0.008774,0.0171,0.0,28.289292,-0.000655,0.0,7010.740327,0.525151,0.052732,1.0,0.0,0.0,0.0,6933.012678,0.104915,1021.0,1.0,34.798644,7.0,-0.007508,34.799788,125.279235,34.799775,-0.029258,-3.2e-05,0.177987,-0.001564,-0.000328,0.01099,0.321608,0.0,0.0,0.0,0.0,1.0,-9999.0,-9999.0,-9999.0,-9999.0,72.97446,4.0,-9999.0,-9999.0,-9999.0,-9999.0,-9999.0,-9999.0,-9999.0,-9999.0
P25_AV0_4_interaction,active_and_state_lat_and_long_zero_last_source_row_continuous_segment,P25,AV0,4,off_ramp,P25_AV0_4,P25_AV0.1.asc,HV4,60,driver_number,18315,1,305250.03,305250.0305,4.0,4.0,28.289214,101.841171,6.0,112.432054,-7010.740347,-0.008314,0.016783,0.0,28.289354,-0.00084,0.0,7011.211161,0.549996,0.052749,1.0,0.0,0.0,0.0,6933.591784,0.136688,1021.0,1.0,35.378621,7.0,-0.007589,34.802753,125.289912,34.802741,-0.02932,-3.6e-05,0.17792,-0.00125,-0.000193,0.01099,0.321608,0.0,0.0,0.0,0.0,1.0,-9999.0,-9999.0,-9999.0,-9999.0,72.866151,4.0,-9999.0,-9999.0,-9999.0,-9999.0,-9999.0,-9999.0,-9999.0,-9999.0
P25_AV0_4_interaction,active_and_state_lat_and_long_zero_last_source_row_continuous_segment,P25,AV0,4,off_ramp,P25_AV0_4,P25_AV0.1.asc,HV4,60,driver_number,18316,1,305266.67,305266.6667,4.0,4.0,28.289366,101.841716,6.0,112.903542,-7011.211183,-0.009324,0.020419,0.0,28.289204,-0.001031,0.0,7011.681994,0.574846,0.052765,1.0,0.0,0.0,0.0,6934.17094,0.168464,1021.0,1.0,35.958648,7.0,-0.007669,34.805718,125.300584,34.805705,-0.029376,-3.9e-05,0.177841,-0.000972,-8.5e-05,0.01099,0.321608,0.0,0.0,0.0,0.0,1.0,-9999.0,-9999.0,-9999.0,-9999.0,72.757796,4.0,-9999.0,-9999.0,-9999.0,-9999.0,-9999.0,-9999.0,-9999.0,-9999.0
P25_AV0_4_interaction,active_and_state_lat_and_long_zero_last_source_row_continuous_segment,P25,AV0,4,off_ramp,P25_AV0_4,P25_AV0.1.asc,HV4,60,driver_number,18317,1,305283.33,305283.3342,4.0,4.0,28.289284,101.841424,6.0,113.375029,-7011.682018,0.005688,0.019472,0.0,28.289118,-0.001169,0.0,7012.152825,0.599701,0.052782,1.0,0.0,0.0,0.0,6934.750145,0.200242,1021.0,1.0,36.538724,7.0,-0.00775,34.808681,125.311251,34.808668,-0.029424,-3.9e-05,0.177758,-0.000728,-2e-06,0.01099,0.321608,0.0,0.0,0.0,0.0,1.0,-9999.0,-9999.0,-9999.0,-9999.0,72.649392,4.0,-9999.0,-9999.0,-9999.0,-9999.0,-9999.0,-9999.0,-9999.0,-9999.0
P25_AV0_4_interaction,active_and_state_lat_and_long_zero_last_source_row_continuous_segment,P25,AV0,4,off_ramp,P25_AV0_4,P25_AV0.1.asc,HV4,60,driver_number,18318,1,305300.0,305300.0007,4.0,4.0,28.289127,101.840856,6.0,113.846514,-7012.152851,0.007304,0.020563,0.0,28.289226,-0.00131,0.0,7012.623655,0.624561,0.052799,1.0,0.0,0.0,0.0,6935.329399,0.232023,1021.0,1.0,37.11885,7.0,-0.007831,34.811643,125.321914,34.81163,-0.029465,-3.8e-05,0.177673,-0.000514,5.8e-05,0.01099,0.321608,0.0,0.0,0.0,0.0,1.0,-9999.0,-9999.0,-9999.0,-9999.0,72.540936,4.0,-9999.0,-9999.0,-9999.0,-9999.0,-9999.0,-9999.0,-9999.0,-9999.0
P25_AV0_4_interaction,active_and_state_lat_and_long_zero_last_source_row_continuous_segment,P25,AV0,4,off_ramp,P25_AV0_4,P25_AV0.1.asc,HV4,60,driver_number,18319,1,305316.67,305316.6674,4.0,4.0,28.289166,101.840996,6.0,114.317999,-7012.623683,0.006777,0.018781,0.0,28.289345,-0.001451,0.0,7013.094486,0.649427,0.052816,1.0,0.0,0.0,0.0,6935.908703,0.263807,1021.0,1.0,37.699024,7.0,-0.007913,34.814603,125.33257,34.81459,-0.029499,-3.7e-05,0.177573,-0.000329,0.0001,0.01099,0.306533,0.0,0.0,0.0,0.0,1.0,-9999.0,-9999.0,-9999.0,-9999.0,72.43243,4.0,-9999.0,-9999.0,-9999.0,-9999.0,-9999.0,-9999.0,-9999.0,-9999.0
P25_AV0_4_interaction,active_and_state_lat_and_long_zero_last_source_row_continuous_segment,P25,AV0,4,off_ramp,P25_AV0_4,P25_AV0.1.asc,HV4,60,driver_number,18320,1,305333.33,305333.3336,4.0,4.0,28.289287,101.841433,6.0,114.789485,-7013.094516,0.017309,0.019911,0.0,28.289489,-0.001614,0.0,7013.565319,0.674299,0.052833,1.0,0.0,0.0,0.0,6936.488056,0.295593,1021.0,1.0,38.279249,7.0,-0.007994,34.817561,125.34322,34.817549,-0.029527,-3.5e-05,0.177461,-0.00017,0.000127,0.01099,0.306533,0.0,0.0,0.0,0.0,1.0,-9999.0,-9999.0,-9999.0,-9999.0,72.323878,4.0,-9999.0,-9999.0,-9999.0,-9999.0,-9999.0,-9999.0,-9999.0,-9999.0
P25_AV0_4_interaction,active_and_state_lat_and_long_zero_last_source_row_continuous_segment,P25,AV0,4,off_ramp,P25_AV0_4,P25_AV0.1.asc,HV4,60,driver_number,18321,1,305350.0,305350.0011,4.0,4.0,28.289402,101.841847,6.0,115.260974,-7013.565352,0.011256,0.020862,0.0,28.289743,-0.00175,0.0,7014.036155,0.699176,0.05285,1.0,0.0,0.0,0.0,6937.067458,0.327382,1021.0,1.0,38.859522,7.0,-0.008075,34.820518,125.353864,34.820505,-0.029549,-3.3e-05,0.177355,-3.6e-05,0.000143,0.01099,0.306533,0.0,0.0,0.0,0.0,1.0,-9999.0,-9999.0,-9999.0,-9999.0,72.215278,4.0,-9999.0,-9999.0,-9999.0,-9999.0,-9999.0,-9999.0,-9999.0,-9999.0
P25_AV0_4_interaction,active_and_state_lat_and_long_zero_last_source_row_continuous_segment,P25,AV0,4,off_ramp,P25_AV0_4,P25_AV0.1.asc,HV4,60,driver_number,18322,1,305366.67,305366.6674,4.0,4.0,28.289633,101.84268,6.0,115.732465,-7014.03619,0.009242,0.021539,0.0,28.289944,-0.001866,0.0,7014.506995,0.724059,0.052866,1.0,0.0,0.0,0.0,6937.646909,0.359174,1021.0,1.0,39.439845,7.0,-0.008156,34.823473,125.364501,34.82346,-0.029565,-3e-05,0.177258,7.6e-05,0.000151,0.01099,0.306533,0.0,0.0,0.0,0.0,1.0,-9999.0,-9999.0,-9999.0,-9999.0,72.106633,4.0,-9999.0,-9999.0,-9999.0,-9999.0,-9999.0,-9999.0,-9999.0,-9999.0
P25_AV0_4_interaction,active_and_state_lat_and_long_zero_last_source_row_continuous_segment,P25,AV0,4,off_ramp,P25_AV0_4,P25_AV0.1.asc,HV4,60,driver_number,18323,1,305383.33,305383.3341,4.0,4.0,28.289837,101.843413,6.0,116.203961,-7014.507032,0.020819,0.022019,0.0,28.290071,-0.001964,0.0,7014.977837,0.748948,0.052882,1.0,0.0,0.0,0.0,6938.226409,0.390968,1021.0,1.0,40.020217,7.0,-0.008237,34.826426,125.375133,34.826413,-0.029575,-2.8e-05,0.177167,0.000167,0.000153,0.01099,0.306533,0.0,0.0,0.0,0.0,1.0,-9999.0,-9999.0,-9999.0,-9999.0,71.997943,4.0,-9999.0,-9999.0,-9999.0,-9999.0,-9999.0,-9999.0,-9999.0,-9999.0
P25_AV0_4_interaction,active_and_state_lat_and_long_zero_last_source_row_continuous_segment,P25,AV0,4,off_ramp,P25_AV0_4,P25_AV0.1.asc,HV4,60,driver_number,18324,1,305400.0,305400.0006,4.0,4.0,28.290021,101.844074,6.0,116.675459,-7014.977877,0.010924,0.022384,0.0,28.290425,-0.002049,0.0,7015.448682,0.773843,0.052898,1.0,0.0,0.0,0.0,6938.805959,0.422766,1021.0,1.0,40.600638,7.0,-0.008318,34.829378,125.38576,34.829365,-0.02958,-2.5e-05,0.17708,0.000238,0.00015,0.01099,0.306533,0.0,0.0,0.0,0.0,1.0,-9999.0,-9999.0,-9999.0,-9999.0,71.889206,4.0,-9999.0,-9999.0,-9999.0,-9999.0,-9999.0,-9999.0,-9999.0,-9999.0
P25_AV0_4_interaction,active_and_state_lat_and_long_zero_last_source_row_continuous_segment,P25,AV0,4,off_ramp,P25_AV0_4,P25_AV0.1.asc,HV4,60,driver_number,18325,1,305416.67,305416.6706,4.0,4.0,28.290245,101.844881,6.0,117.146961,-7015.448725,0.004512,0.024362,0.0,28.290563,-0.002122,0.0,7015.919532,0.798745,0.052914,1.0,0.0,0.0,0.0,6939.385558,0.454566,1021.0,1.0,41.181109,7.0,-0.008399,34.832328,125.396381,34.832316,-0.029581,-2.3e-05,0.176995,0.000289,0.000145,0.01099,0.306533,0.0,0.0,0.0,0.0,1.0,-9999.0,-9999.0,-9999.0,-9999.0,71.780424,4.0,-9999.0,-9999.0,-9999.0,-9999.0,-9999.0,-9999.0,-9999.0,-9999.0
P25_AV0_4_interaction,active_and_state_lat_and_long_zero_last_source_row_continuous_segment,P25,AV0,4,off_ramp,P25_AV0_4,P25_AV0.1.asc,HV4,60,driver_number,18326,1,305433.33,305433.3336,4.0,4.0,28.290516,101.845858,6.0,117.618468,-7015.919577,0.00475,0.02502,0.0,28.290639,-0.002148,0.0,7016.390383,0.823653,0.05293,1.0,0.0,0.0,0.0,6939.965206,0.486369,1021.0,1.0,41.761628,7.0,-0.008479,34.835277,125.406998,34.835265,-0.029577,-2e-05,0.176911,0.000324,0.000137,0.01099,0.306533,0.0,0.0,0.0,0.0,1.0,-9999.0,-9999.0,-9999.0,-9999.0,71.671599,4.0,-9999.0,-9999.0,-9999.0,-9999.0,-9999.0,-9999.0,-9999.0,-9999.0
P25_AV0_4_interaction,active_and_state_lat_and_long_zero_last_source_row_continuous_segment,P25,AV0,4,off_ramp,P25_AV0_4,P25_AV0.1.asc,HV4,60,driver_number,18327,1,305450.01,305450.011,4.0,4.0,28.290601,101.846163,6.0,118.089976,-7016.390431,-0.002621,0.02769,0.0,28.290719,-0.002181,0.0,7016.861235,0.848568,0.052946,1.0,0.0,0.0,0.0,6940.544902,0.518175,1021.0,1.0,42.342197,7.0,-0.00856,34.838225,125.417609,34.838212,-0.029569,-1.8e-05,0.176827,0.000342,0.000129,0.01099,0.306533,0.0,0.0,0.0,0.0,1.0,-9999.0,-9999.0,-9999.0,-9999.0,71.562726,4.0,-9999.0,-9999.0,-9999.0,-9999.0,-9999.0,-9999.0,-9999.0,-9999.0
P25_AV0_4_interaction,active_and_state_lat_and_long_zero_last_source_row_continuous_segment,P25,AV0,4,off_ramp,P25_AV0_4,P25_AV0.1.asc,HV4,60,driver_number,18328,1,305466.67,305466.6677,4.0,4.0,28.290678,101.846441,6.0,118.561486,-7016.861287,-0.002121,0.028851,0.0,28.290625,-0.002166,0.0,7017.332088,0.87349,0.052962,1.0,0.0,0.0,0.0,6941.124648,0.549983,1021.0,1.0,42.922815,7.0,-0.00864,34.841171,125.428215,34.841158,-0.029557,-1.6e-05,0.176743,0.000345,0.000119,0.01099,0.306533,0.0,0.0,0.0,0.0,1.0,-9999.0,-9999.0,-9999.0,-9999.0,71.453806,4.0,-9999.0,-9999.0,-9999.0,-9999.0,-9999.0,-9999.0,-9999.0,-9999.0
P25_AV0_4_interaction,active_and_state_lat_and_long_zero_last_source_row_continuous_segment,P25,AV0,4,off_ramp,P25_AV0_4,P25_AV0.1.asc,HV4,60,driver_number,18329,1,305483.33,305483.3341,4.0,4.0,28.290698,101.846511,6.0,119.032997,-7017.332142,0.006092,0.028083,0.0,28.290644,-0.002148,0.0,7017.802939,0.89842,0.052978,1.0,0.0,0.0,0.0,6941.704443,0.581795,1021.0,1.0,43.503482,7.0,-0.00872,34.843978,125.43832,34.843965,-0.029542,-1.5e-05,0.161146,0.000344,8.4e-05,0.01099,0.306533,0.0,0.0,0.0,0.0,1.0,-9999.0,-9999.0,-9999.0,-9999.0,71.344838,4.0,-9999.0,-9999.0,-9999.0,-9999.0,-9999.0,-9999.0,-9999.0,-9999.0
P25_AV0_4_interaction,active_and_state_lat_and_long_zero_last_source_row_continuous_segment,P25,AV0,4,off_ramp,P25_AV0_4,P25_AV0.1.asc,HV4,60,driver_number,18330,1,305500.0,305500.0008,4.0,4.0,28.290607,101.846185,6.0,119.504506,-7017.802996,0.006205,0.029796,0.0,28.290747,-0.002158,0.0,7018.27379,0.923359,0.052995,1.0,0.0,0.0,0.0,6942.284284,0.613609,1021.0,1.0,44.084195,7.0,-0.0088,34.846562,125.447622,34.846549,-0.029523,-1.4e-05,0.152197,0.000348,2e-06,0.01099,0.306533,0.0,0.0,0.0,0.0,1.0,-9999.0,-9999.0,-9999.0,-9999.0,71.235822,4.0,-9999.0,-9999.0,-9999.0,-9999.0,-9999.0,-9999.0,-9999.0,-9999.0
P25_AV0_4_interaction,active_and_state_lat_and_long_zero_last_source_row_continuous_segment,P25,AV0,4,off_ramp,P25_AV0_4,P25_AV0.1.asc,HV4,60,driver_number,18331,1,305516.67,305516.6667,4.0,4.0,28.290694,101.846499,6.0,119.976016,-7018.273851,0.005933,0.030749,0.0,28.290849,-0.002143,0.0,7018.744642,0.948305,0.053013,1.0,0.0,0.0,0.0,6942.864169,0.645426,1021.0,1.0,44.664952,7.0,-0.008879,34.849065,125.456635,34.849053,-0.029502,-1.5e-05,0.14932,0.000374,-0.000133,0.01099,0.306533,0.0,0.0,0.0,0.0,1.0,-9999.0,-9999.0,-9999.0,-9999.0,71.126763,4.0,-9999.0,-9999.0,-9999.0,-9999.0,-9999.0,-9999.0,-9999.0,-9999.0
P25_AV0_4_interaction,active_and_state_lat_and_long_zero_last_source_row_continuous_segment,P25,AV0,4,off_ramp,P25_AV0_4,P25_AV0.1.asc,HV4,60,driver_number,18332,1,305533.33,305533.3342,4.0,4.0,28.290799,101.846875,6.0,120.447528,-7018.744707,0.005827,0.032288,0.0,28.290947,-0.002153,0.0,7019.215496,0.973261,0.053032,1.0,0.0,0.0,0.0,6943.444096,0.677246,1021.0,1.0,45.245751,7.0,-0.008959,34.851543,125.465556,34.851531,-0.029477,-1.9e-05,0.148376,0.000429,-0.000291,0.01099,0.306533,0.0,0.0,0.0,0.0,1.0,-9999.0,-9999.0,-9999.0,-9999.0,71.017665,4.0,-9999.0,-9999.0,-9999.0,-9999.0,-9999.0,-9999.0,-9999.0,-9999.0
P25_AV0_4_interaction,active_and_state_lat_and_long_zero_last_source_row_continuous_segment,P25,AV0,4,off_ramp,P25_AV0_4,P25_AV0.1.asc,HV4,60,driver_number,18333,1,305550.0,305550.0001,4.0,4.0,28.290898,101.847235,6.0,120.919042,-7019.215564,0.003458,0.032505,0.0,28.29098,-0.002179,0.0,7019.686351,0.998226,0.053051,1.0,0.0,0.0,0.0,6944.024064,0.709068,1021.0,1.0,45.826591,7.0,-0.009038,34.854012,125.474444,34.854,-0.029448,-2.5e-05,0.148033,0.000508,-0.000427,0.01099,0.306533,0.0,0.0,0.0,0.0,1.0,-9999.0,-9999.0,-9999.0,-9999.0,70.908527,4.0,-9999.0,-9999.0,-9999.0,-9999.0,-9999.0,-9999.0,-9999.0,-9999.0
P25_AV0_4_interaction,active_and_state_lat_and_long_zero_last_source_row_continuous_segment,P25,AV0,4,off_ramp,P25_AV0_4,P25_AV0.1.asc,HV4,60,driver_number,18334,1,305566.67,305566.6669,4.0,4.0,28.290996,101.847585,6.0,121.390557,-7019.686422,0.005911,0.03439,0.0,28.291105,-0.002209,0.0,7020.157206,1.023199,0.053072,1.0,0.0,0.0,0.0,6944.604073,0.740892,1021.0,1.0,46.407473,7.0,-0.009118,34.856478,125.48332,34.856465,-0.029415,-3.3e-05,0.147878,0.000598,-0.000513,0.01099,0.306533,0.0,0.0,0.0,0.0,1.0,-9999.0,-9999.0,-9999.0,-9999.0,70.799349,4.0,-9999.0,-9999.0,-9999.0,-9999.0,-9999.0,-9999.0,-9999.0,-9999.0
P25_AV0_4_interaction,active_and_state_lat_and_long_zero_last_source_row_continuous_segment,P25,AV0,4,off_ramp,P25_AV0_4,P25_AV0.1.asc,HV4,60,driver_number,18335,1,305583.33,305583.3344,4.0,4.0,28.291009,101.847631,6.0,121.862073,-7020.15728,0.011582,0.034822,0.0,28.29125,-0.002253,0.0,7020.628062,1.048183,0.053094,1.0,0.0,0.0,0.0,6945.184123,0.772719,1021.0,1.0,46.988395,7.0,-0.009196,34.858941,125.492189,34.858929,-0.029377,-4.2e-05,0.147781,0.00069,-0.000538,0.01099,0.306533,0.0,0.0,0.0,0.0,1.0,-9999.0,-9999.0,-9999.0,-9999.0,70.690131,4.0,-9999.0,-9999.0,-9999.0,-9999.0,-9999.0,-9999.0,-9999.0,-9999.0
P25_AV0_4_interaction,active_and_state_lat_and_long_zero_last_source_row_continuous_segment,P25,AV0,4,off_ramp,P25_AV0_4,P25_AV0.1.asc,HV4,60,driver_number,18336,1,305600.0,305600.0009,4.0,4.0,28.291155,101.848157,6.0,122.333591,-7020.628141,0.005759,0.037317,0.0,28.291405,-0.002317,0.0,7021.098921,1.073176,0.053116,1.0,0.0,0.0,0.0,6945.764214,0.804548,1021.0,1.0,47.569359,7.0,-0.009275,34.861403,125.501052,34.861391,-0.029335,-5.1e-05,0.1477,0.00077,-0.000508,0.01099,0.306533,0.0,0.0,0.0,0.0,1.0,-9999.0,-9999.0,-9999.0,-9999.0,70.580875,4.0,-9999.0,-9999.0,-9999.0,-9999.0,-9999.0,-9999.0,-9999.0,-9999.0
P25_AV0_4_interaction,active_and_state_lat_and_long_zero_last_source_row_continuous_segment,P25,AV0,4,off_ramp,P25_AV0_4,P25_AV0.1.asc,HV4,60,driver_number,18337,1,305616.67,305616.6668,4.0,4.0,28.291346,101.848847,6.0,122.805112,-7021.099003,0.005559,0.032497,0.0,28.291499,-0.002371,0.0,7021.569781,1.098179,0.05314,1.0,0.0,0.0,0.0,6946.344346,0.83638,1021.0,1.0,48.150364,7.0,-0.009354,34.863864,125.509911,34.863852,-0.029288,-5.9e-05,0.147624,0.000831,-0.000434,0.01099,0.306533,0.0,0.0,0.0,0.0,1.0,-9999.0,-9999.0,-9999.0,-9999.0,70.47158,4.0,-9999.0,-9999.0,-9999.0,-9999.0,-9999.0,-9999.0,-9999.0,-9999.0
P25_AV0_4_interaction,active_and_state_lat_and_long_zero_last_source_row_continuous_segment,P25,AV0,4,off_ramp,P25_AV0_4,P25_AV0.1.asc,HV4,60,driver_number,18338,1,305633.35,305633.3542,4.0,4.0,28.291453,101.849231,6.0,123.276635,-7021.569867,0.008834,0.033812,0.0,28.291625,-0.002516,0.0,7022.040643,1.123193,0.053164,1.0,0.0,0.0,0.0,6946.924519,0.868214,1021.0,1.0,48.731409,7.0,-0.009432,34.866326,125.518772,34.866313,-0.029237,-6.5e-05,0.147819,0.000867,-0.000332,0.01099,0.306533,0.0,0.0,0.0,0.0,1.0,-9999.0,-9999.0,-9999.0,-9999.0,70.362247,4.0,-9999.0,-9999.0,-9999.0,-9999.0,-9999.0,-9999.0,-9999.0,-9999.0
P25_AV0_4_interaction,active_and_state_lat_and_long_zero_last_source_row_continuous_segment,P25,AV0,4,off_ramp,P25_AV0_4,P25_AV0.1.asc,HV4,60,driver_number,18339,1,305650.0,305650.0008,4.0,4.0,28.291545,101.849564,6.0,123.748159,-7022.040733,0.005687,0.033884,0.0,28.291751,-0.002665,0.0,7022.511506,1.148216,0.053189,1.0,0.0,0.0,0.0,6947.504733,0.900051,1021.0,1.0,49.312496,7.0,-0.009509,34.868794,125.527657,34.868781,-0.029181,-6.9e-05,0.14824,0.000874,-0.000217,0.01099,0.306533,0.0,0.0,0.0,0.0,1.0,-9999.0,-9999.0,-9999.0,-9999.0,70.252874,4.0,-9999.0,-9999.0,-9999.0,-9999.0,-9999.0,-9999.0,-9999.0,-9999.0
P25_AV0_4_interaction,active_and_state_lat_and_long_zero_last_source_row_continuous_segment,P25,AV0,4,off_ramp,P25_AV0_4,P25_AV0.1.asc,HV4,60,driver_number,18340,1,305666.67,305666.6673,4.0,4.0,28.291698,101.850114,6.0,124.219686,-7022.5116,0.009487,0.033659,0.0,28.291845,-0.002803,0.0,7022.982371,1.173248,0.053214,1.0,0.0,0.0,0.0,6948.084988,0.931891,1021.0,1.0,49.893624,7.0,-0.009587,34.871267,125.53656,34.871255,-0.029121,-7.2e-05,0.148465,0.000853,-0.0001,0.01099,0.291457,0.0,0.0,0.0,0.0,1.0,-9999.0,-9999.0,-9999.0,-9999.0,70.143463,4.0,-9999.0,-9999.0,-9999.0,-9999.0,-9999.0,-9999.0,-9999.0,-9999.0
P25_AV0_4_interaction,active_and_state_lat_and_long_zero_last_source_row_continuous_segment,P25,AV0,4,off_ramp,P25_AV0_4,P25_AV0.1.asc,HV4,60,driver_number,18341,1,305683.34,305683.3428,4.0,4.0,28.291799,101.850475,6.0,124.691215,-7022.982469,-0.001426,0.034198,0.0,28.291997,-0.002962,0.0,7023.453237,1.19829,0.053239,1.0,0.0,0.0,0.0,6948.665284,0.963733,1021.0,1.0,50.474793,7.0,-0.009664,34.873742,125.545471,34.87373,-0.029058,-7.2e-05,0.148531,0.000803,1.1e-05,0.01099,0.291457,0.0,0.0,0.0,0.0,1.0,-9999.0,-9999.0,-9999.0,-9999.0,70.034012,4.0,-9999.0,-9999.0,-9999.0,-9999.0,-9999.0,-9999.0,-9999.0,-9999.0
P25_AV0_4_interaction,active_and_state_lat_and_long_zero_last_source_row_continuous_segment,P25,AV0,4,off_ramp,P25_AV0_4,P25_AV0.1.asc,HV4,60,driver_number,18342,1,305700.0,305700.002,4.0,4.0,28.291924,101.850927,6.0,125.162745,-7023.453339,0.011336,0.034543,0.0,28.292013,-0.003109,0.0,7023.924104,1.223341,0.053264,1.0,0.0,0.0,0.0,6949.245621,0.995578,1021.0,1.0,51.056003,7.0,-0.009741,34.876217,125.554382,34.876205,-0.028991,-7.1e-05,0.148517,0.000725,0.000107,0.01099,0.291457,0.0,0.0,0.0,0.0,1.0,-9999.0,-9999.0,-9999.0,-9999.0,69.924523,4.0,-9999.0,-9999.0,-9999.0,-9999.0,-9999.0,-9999.0,-9999.0,-9999.0
P25_AV0_4_interaction,active_and_state_lat_and_long_zero_last_source_row_continuous_segment,P25,AV0,4,off_ramp,P25_AV0_4,P25_AV0.1.asc,HV4,60,driver_number,18343,1,305716.67,305716.6667,4.0,4.0,28.291985,101.851148,6.0,125.634278,-7023.924211,0.005845,0.0347,0.0,28.292219,-0.003244,0.0,7024.394972,1.248402,0.053289,1.0,0.0,0.0,0.0,6949.826,1.027425,1021.0,1.0,51.637255,7.0,-0.009817,34.878692,125.563291,34.87868,-0.028922,-6.9e-05,0.148468,0.000624,0.000186,0.01099,0.291457,0.0,0.0,0.0,0.0,1.0,-9999.0,-9999.0,-9999.0,-9999.0,69.814993,4.0,-9999.0,-9999.0,-9999.0,-9999.0,-9999.0,-9999.0,-9999.0,-9999.0
P25_AV0_4_interaction,active_and_state_lat_and_long_zero_last_source_row_continuous_segment,P25,AV0,4,off_ramp,P25_AV0_4,P25_AV0.1.asc,HV4,60,driver_number,18344,1,305733.33,305733.3339,4.0,4.0,28.292107,101.851586,6.0,126.105811,-7024.395083,0.004886,0.035891,0.0,28.292294,-0.003353,0.0,7024.865843,1.273472,0.053314,1.0,0.0,0.0,0.0,6950.406419,1.059275,1021.0,1.0,52.218548,7.0,-0.009894,34.881166,125.572197,34.881154,-0.028851,-6.5e-05,0.148407,0.000502,0.000244,0.01099,0.291457,0.0,0.0,0.0,0.0,1.0,-9999.0,-9999.0,-9999.0,-9999.0,69.705425,4.0,-9999.0,-9999.0,-9999.0,-9999.0,-9999.0,-9999.0,-9999.0,-9999.0
P25_AV0_4_interaction,active_and_state_lat_and_long_zero_last_source_row_continuous_segment,P25,AV0,4,off_ramp,P25_AV0_4,P25_AV0.1.asc,HV4,60,driver_number,18345,1,305750.0,305750.0008,4.0,4.0,28.292267,101.852162,6.0,126.577348,-7024.865958,0.012664,0.036453,0.0,28.292413,-0.003437,0.0,7025.336714,1.298552,0.053338,1.0,0.0,0.0,0.0,6950.98688,1.091127,1021.0,1.0,52.799882,7.0,-0.00997,34.883638,125.581098,34.883627,-0.028778,-6e-05,0.14834,0.000364,0.000283,0.01099,0.291457,0.0,0.0,0.0,0.0,1.0,-9999.0,-9999.0,-9999.0,-9999.0,69.595818,4.0,-9999.0,-9999.0,-9999.0,-9999.0,-9999.0,-9999.0,-9999.0,-9999.0
P25_AV0_4_interaction,active_and_state_lat_and_long_zero_last_source_row_continuous_segment,P25,AV0,4,off_ramp,P25_AV0_4,P25_AV0.1.asc,HV4,60,driver_number,18346,1,305766.67,305766.6672,4.0,4.0,28.292335,101.852406,6.0,127.048886,-7025.336834,0.007001,0.034998,0.0,28.292565,-0.003505,0.0,7025.807587,1.323642,0.053362,1.0,0.0,0.0,0.0,6951.567382,1.122982,1021.0,1.0,53.381257,7.0,-0.010046,34.88611,125.589996,34.886098,-0.028703,-5.5e-05,0.148272,0.000211,0.000303,0.01099,0.291457,0.0,0.0,0.0,0.0,1.0,-9999.0,-9999.0,-9999.0,-9999.0,69.486171,4.0,-9999.0,-9999.0,-9999.0,-9999.0,-9999.0,-9999.0,-9999.0,-9999.0
P25_AV0_4_interaction,active_and_state_lat_and_long_zero_last_source_row_continuous_segment,P25,AV0,4,off_ramp,P25_AV0_4,P25_AV0.1.asc,HV4,60,driver_number,18347,1,305783.33,305783.3343,4.0,4.0,28.292518,101.853066,6.0,127.520426,-7025.807711,0.016123,0.035877,0.0,28.292754,-0.003585,0.0,7026.278461,1.348742,0.053386,1.0,0.0,0.0,0.0,6952.147925,1.154839,1021.0,1.0,53.962673,7.0,-0.010121,34.88858,125.59889,34.888569,-0.028628,-5e-05,0.1482,4.7e-05,0.00031,0.01099,0.291457,0.0,0.0,0.0,0.0,1.0,-9999.0,-9999.0,-9999.0,-9999.0,69.376485,4.0,-9999.0,-9999.0,-9999.0,-9999.0,-9999.0,-9999.0,-9999.0,-9999.0
P25_AV0_4_interaction,active_and_state_lat_and_long_zero_last_source_row_continuous_segment,P25,AV0,4,off_ramp,P25_AV0_4,P25_AV0.1.asc,HV4,60,driver_number,18348,1,305800.0,305800.0008,4.0,4.0,28.292623,101.853443,6.0,127.991969,-7026.278591,-0.008161,0.036354,0.0,28.292905,-0.003639,0.0,7026.749339,1.373852,0.053409,1.0,0.0,0.0,0.0,6952.728509,1.186699,1021.0,1.0,54.544131,7.0,-0.010197,34.89105,125.607778,34.891038,-0.028552,-4.5e-05,0.148116,-0.000126,0.000307,0.01099,0.291457,0.0,0.0,0.0,0.0,1.0,-9999.0,-9999.0,-9999.0,-9999.0,69.266761,4.0,-9999.0,-9999.0,-9999.0,-9999.0,-9999.0,-9999.0,-9999.0,-9999.0
P25_AV0_4_interaction,active_and_state_lat_and_long_zero_last_source_row_continuous_segment,P25,AV0,4,off_ramp,P25_AV0_4,P25_AV0.1.asc,HV4,60,driver_number,18349,1,305816.67,305816.6675,4.0,4.0,28.292888,101.854397,6.0,128.463515,-7026.749474,0.003932,0.036523,0.0,28.292816,-0.003674,0.0,7027.220218,1.398973,0.053431,1.0,0.0,0.0,0.0,6953.309134,1.218561,1021.0,1.0,55.12563,7.0,-0.010272,34.893487,125.616554,34.893476,-0.028476,-4e-05,0.141613,-0.000302,0.000291,0.01099,0.291457,0.0,0.0,0.0,0.0,1.0,-9999.0,-9999.0,-9999.0,-9999.0,69.156999,4.0,-9999.0,-9999.0,-9999.0,-9999.0,-9999.0,-9999.0,-9999.0,-9999.0
P25_AV0_4_interaction,active_and_state_lat_and_long_zero_last_source_row_continuous_segment,P25,AV0,4,off_ramp,P25_AV0_4,P25_AV0.1.asc,HV4,60,driver_number,18350,1,305833.34,305833.3374,4.0,4.0,28.292837,101.854214,6.0,128.935063,-7027.220357,0.006155,0.034158,0.0,28.292897,-0.003726,0.0,7027.691095,1.424103,0.053454,1.0,0.0,0.0,0.0,6953.889799,1.250425,1021.0,1.0,55.707169,7.0,-0.010348,34.895682,125.624456,34.895671,-0.0284,-3.6e-05,0.126781,-0.000468,0.000234,0.01099,0.291457,0.0,0.0,0.0,0.0,1.0,-9999.0,-9999.0,-9999.0,-9999.0,69.047199,4.0,-9999.0,-9999.0,-9999.0,-9999.0,-9999.0,-9999.0,-9999.0,-9999.0
P25_AV0_4_interaction,active_and_state_lat_and_long_zero_last_source_row_continuous_segment,P25,AV0,4,off_ramp,P25_AV0_4,P25_AV0.1.asc,HV4,60,driver_number,18351,1,305850.0,305850.0011,4.0,4.0,28.292849,101.854256,6.0,129.406609,-7027.691239,0.002175,0.033946,0.0,28.292999,-0.003779,0.0,7028.161973,1.449242,0.053475,1.0,0.0,0.0,0.0,6954.470502,1.282291,1021.0,1.0,56.288744,7.0,-0.010423,34.897737,125.631853,34.897725,-0.028324,-3.3e-05,0.12169,-0.000613,0.000121,0.01099,0.291457,0.0,0.0,0.0,0.0,1.0,-9999.0,-9999.0,-9999.0,-9999.0,68.937361,4.0,-9999.0,-9999.0,-9999.0,-9999.0,-9999.0,-9999.0,-9999.0,-9999.0
P25_AV0_4_interaction,active_and_state_lat_and_long_zero_last_source_row_continuous_segment,P25,AV0,4,off_ramp,P25_AV0_4,P25_AV0.1.asc,HV4,60,driver_number,18352,1,305866.67,305866.6676,4.0,4.0,28.292948,101.854614,6.0,129.878157,-7028.162122,0.016171,0.031957,0.0,28.293074,-0.003812,0.0,7028.632852,1.474391,0.053496,1.0,0.0,0.0,0.0,6955.051238,1.314159,1021.0,1.0,56.870355,7.0,-0.010499,34.899746,125.639087,34.899735,-0.028249,-3.3e-05,0.120058,-0.000721,-3.9e-05,0.01099,0.291457,0.0,0.0,0.0,0.0,1.0,-9999.0,-9999.0,-9999.0,-9999.0,68.827489,4.0,-9999.0,-9999.0,-9999.0,-9999.0,-9999.0,-9999.0,-9999.0,-9999.0
P25_AV0_4_interaction,active_and_state_lat_and_long_zero_last_source_row_continuous_segment,P25,AV0,4,off_ramp,P25_AV0_4,P25_AV0.1.asc,HV4,60,driver_number,18353,1,305883.33,305883.3342,4.0,4.0,28.293018,101.854863,6.0,130.349707,-7028.633007,-0.00679,0.031757,0.0,28.293251,-0.003837,0.0,7029.103733,1.499548,0.053516,1.0,0.0,0.0,0.0,6955.632009,1.346029,1021.0,1.0,57.451999,7.0,-0.010575,34.901741,125.646268,34.90173,-0.028173,-3.5e-05,0.11951,-0.000793,-0.000201,0.01099,0.291457,0.0,0.0,0.0,0.0,1.0,-9999.0,-9999.0,-9999.0,-9999.0,68.717586,4.0,-9999.0,-9999.0,-9999.0,-9999.0,-9999.0,-9999.0,-9999.0,-9999.0
P25_AV0_4_interaction,active_and_state_lat_and_long_zero_last_source_row_continuous_segment,P25,AV0,4,off_ramp,P25_AV0_4,P25_AV0.1.asc,HV4,60,driver_number,18354,1,305900.0,305900.0002,4.0,4.0,28.293208,101.85555,6.0,130.821259,-7029.103893,0.002037,0.031792,0.0,28.293114,-0.003855,0.0,7029.574614,1.524715,0.053535,1.0,0.0,0.0,0.0,6956.212812,1.3779,1021.0,1.0,58.033676,7.0,-0.010651,34.903731,125.653431,34.903719,-0.028096,-3.9e-05,0.119301,-0.000838,-0.000326,0.01099,0.291457,0.0,0.0,0.0,0.0,1.0,-9999.0,-9999.0,-9999.0,-9999.0,68.607652,4.0,-9999.0,-9999.0,-9999.0,-9999.0,-9999.0,-9999.0,-9999.0,-9999.0
P25_AV0_4_interaction,active_and_state_lat_and_long_zero_last_source_row_continuous_segment,P25,AV0,4,off_ramp,P25_AV0_4,P25_AV0.1.asc,HV4,60,driver_number,18355,1,305916.67,305916.6674,4.0,4.0,28.293194,101.855498,6.0,131.292812,-7029.57478,0.014273,0.028469,0.0,28.293231,-0.003862,0.0,7030.045494,1.54989,0.053553,1.0,0.0,0.0,0.0,6956.793649,1.409773,1021.0,1.0,58.615387,7.0,-0.010727,34.905718,125.660585,34.905707,-0.028019,-4.6e-05,0.119197,-0.000868,-0.000393,0.01099,0.291457,0.0,0.0,0.0,0.0,1.0,-9999.0,-9999.0,-9999.0,-9999.0,68.497686,4.0,-9999.0,-9999.0,-9999.0,-9999.0,-9999.0,-9999.0,-9999.0,-9999.0
P25_AV0_4_interaction,active_and_state_lat_and_long_zero_last_source_row_continuous_segment,P25,AV0,4,off_ramp,P25_AV0_4,P25_AV0.1.asc,HV4,60,driver_number,18356,1,305933.33,305933.3342,4.0,4.0,28.293131,101.855273,6.0,131.764363,-7030.045665,0.013967,0.028533,0.0,28.293469,-0.003856,0.0,7030.516376,1.575073,0.05357,1.0,0.0,0.0,0.0,6957.374519,1.441647,1021.0,1.0,59.197131,7.0,-0.010803,34.907704,125.667734,34.907693,-0.027939,-5.2e-05,0.119125,-0.000895,-0.000402,0.01099,0.291457,0.0,0.0,0.0,0.0,1.0,-9999.0,-9999.0,-9999.0,-9999.0,68.387686,4.0,-9999.0,-9999.0,-9999.0,-9999.0,-9999.0,-9999.0,-9999.0,-9999.0
P25_AV0_4_interaction,active_and_state_lat_and_long_zero_last_source_row_continuous_segment,P25,AV0,4,off_ramp,P25_AV0_4,P25_AV0.1.asc,HV4,60,driver_number,18357,1,305950.0,305950.0033,4.0,4.0,28.29335,101.856059,6.0,132.235917,-7030.516552,0.006247,0.027353,0.0,28.293666,-0.003848,0.0,7030.987261,1.600264,0.053586,1.0,0.0,0.0,0.0,6957.955422,1.473523,1021.0,1.0,59.778908,7.0,-0.010879,34.909689,125.674879,34.909677,-0.027858,-5.9e-05,0.119063,-0.000929,-0.00036,0.01099,0.291457,0.0,0.0,0.0,0.0,1.0,-9999.0,-9999.0,-9999.0,-9999.0,68.277655,4.0,-9999.0,-9999.0,-9999.0,-9999.0,-9999.0,-9999.0,-9999.0,-9999.0
P25_AV0_4_interaction,active_and_state_lat_and_long_zero_last_source_row_continuous_segment,P25,AV0,4,off_ramp,P25_AV0_4,P25_AV0.1.asc,HV4,60,driver_number,18358,1,305966.67,305966.6667,4.0,4.0,28.293586,101.856909,6.0,132.707476,-7030.987444,0.005372,0.025532,0.0,28.293764,-0.003808,0.0,7031.458149,1.625462,0.0536,1.0,0.0,0.0,0.0,6958.536358,1.505401,1021.0,1.0,60.360717,7.0,-0.010956,34.911672,125.682021,34.911661,-0.027776,-6.4e-05,0.119053,-0.000978,-0.000282,0.01099,0.291457,0.0,0.0,0.0,0.0,1.0,-9999.0,-9999.0,-9999.0,-9999.0,68.167596,4.0,-9999.0,-9999.0,-9999.0,-9999.0,-9999.0,-9999.0,-9999.0,-9999.0
P25_AV0_4_interaction,active_and_state_lat_and_long_zero_last_source_row_continuous_segment,P25,AV0,4,off_ramp,P25_AV0_4,P25_AV0.1.asc,HV4,60,driver_number,18359,1,305983.34,305983.3445,4.0,4.0,28.293718,101.857387,6.0,133.179037,-7031.458337,0.005613,0.024359,0.0,28.293854,-0.003774,0.0,7031.929038,1.650668,0.053614,1.0,0.0,0.0,0.0,6959.117327,1.537281,1021.0,1.0,60.94256,7.0,-0.011033,34.91366,125.689177,34.913649,-0.027691,-6.8e-05,0.119453,-0.001046,-0.000183,0.01099,0.291457,0.0,0.0,0.0,0.0,1.0,-9999.0,-9999.0,-9999.0,-9999.0,68.057506,4.0,-9999.0,-9999.0,-9999.0,-9999.0,-9999.0,-9999.0,-9999.0,-9999.0
P25_AV0_4_interaction,active_and_state_lat_and_long_zero_last_source_row_continuous_segment,P25,AV0,4,off_ramp,P25_AV0_4,P25_AV0.1.asc,HV4,60,driver_number,18360,1,306000.0,306000.0007,4.0,4.0,28.293808,101.85771,6.0,133.650599,-7031.929232,0.001889,0.024175,0.0,28.293948,-0.003704,0.0,7032.399928,1.675879,0.053625,1.0,0.0,0.0,0.0,6959.698329,1.569162,1021.0,1.0,61.524436,7.0,-0.01111,34.915655,125.696357,34.915644,-0.027606,-7e-05,0.119781,-0.001135,-7.6e-05,0.01099,0.276382,0.0,0.0,0.0,0.0,1.0,-9999.0,-9999.0,-9999.0,-9999.0,67.947385,4.0,-9999.0,-9999.0,-9999.0,-9999.0,-9999.0,-9999.0,-9999.0,-9999.0
P25_AV0_4_interaction,active_and_state_lat_and_long_zero_last_source_row_continuous_segment,P25,AV0,4,off_ramp,P25_AV0_4,P25_AV0.1.asc,HV4,60,driver_number,18361,1,306016.67,306016.6675,4.0,4.0,28.293901,101.858043,6.0,134.122163,-7032.400128,0.012956,0.024494,0.0,28.293986,-0.003588,0.0,7032.87082,1.701097,0.053635,1.0,0.0,0.0,0.0,6960.279364,1.601044,1021.0,1.0,62.106346,7.0,-0.011188,34.917653,125.70355,34.917642,-0.027519,-7e-05,0.119921,-0.001247,2.9e-05,0.01099,0.276382,0.0,0.0,0.0,0.0,1.0,-9999.0,-9999.0,-9999.0,-9999.0,67.837233,4.0,-9999.0,-9999.0,-9999.0,-9999.0,-9999.0,-9999.0,-9999.0,-9999.0
P25_AV0_4_interaction,active_and_state_lat_and_long_zero_last_source_row_continuous_segment,P25,AV0,4,off_ramp,P25_AV0_4,P25_AV0.1.asc,HV4,60,driver_number,18362,1,306033.33,306033.3339,4.0,4.0,28.293964,101.858271,6.0,134.593729,-7032.871025,0.017347,0.023941,0.0,28.29426,-0.003442,0.0,7033.341712,1.726322,0.053645,1.0,0.0,0.0,0.0,6960.860433,1.632928,1021.0,1.0,62.688288,7.0,-0.011265,34.919652,125.710746,34.919641,-0.027431,-6.8e-05,0.11995,-0.001379,0.000123,0.01099,0.276382,0.0,0.0,0.0,0.0,1.0,-9999.0,-9999.0,-9999.0,-9999.0,67.727049,4.0,-9999.0,-9999.0,-9999.0,-9999.0,-9999.0,-9999.0,-9999.0,-9999.0
P25_AV0_4_interaction,active_and_state_lat_and_long_zero_last_source_row_continuous_segment,P25,AV0,4,off_ramp,P25_AV0_4,P25_AV0.1.asc,HV4,60,driver_number,18363,1,306050.0,306050.0001,4.0,4.0,28.294094,101.85874,6.0,135.065296,-7033.341924,0.012827,0.023031,0.0,28.294521,-0.003284,0.0,7033.812609,1.751554,0.053653,1.0,0.0,0.0,0.0,6961.441534,1.664814,1021.0,1.0,63.270264,7.0,-0.011343,34.921651,125.717942,34.92164,-0.027342,-6.6e-05,0.119929,-0.00153,0.000202,0.01099,0.276382,0.0,0.0,0.0,0.0,1.0,-9999.0,-9999.0,-9999.0,-9999.0,67.616834,4.0,-9999.0,-9999.0,-9999.0,-9999.0,-9999.0,-9999.0,-9999.0,-9999.0
P25_AV0_4_interaction,active_and_state_lat_and_long_zero_last_source_row_continuous_segment,P25,AV0,4,off_ramp,P25_AV0_4,P25_AV0.1.asc,HV4,60,driver_number,18364,1,306066.67,306066.6737,4.0,4.0,28.294405,101.859857,6.0,135.536868,-7033.812827,0.005326,0.02086,0.0,28.294699,-0.003136,0.0,7034.283509,1.776792,0.053661,1.0,0.0,0.0,0.0,6962.02267,1.696701,1021.0,1.0,63.852274,7.0,-0.011421,34.923649,125.725136,34.923638,-0.027254,-6.2e-05,0.119886,-0.001697,0.000261,0.01099,0.276382,0.0,0.0,0.0,0.0,1.0,-9999.0,-9999.0,-9999.0,-9999.0,67.50659,4.0,-9999.0,-9999.0,-9999.0,-9999.0,-9999.0,-9999.0,-9999.0,-9999.0
P25_AV0_4_interaction,active_and_state_lat_and_long_zero_last_source_row_continuous_segment,P25,AV0,4,off_ramp,P25_AV0_4,P25_AV0.1.asc,HV4,60,driver_number,18365,1,306083.33,306083.3334,4.0,4.0,28.294628,101.860661,6.0,136.008443,-7034.283733,0.004729,0.021631,0.0,28.294783,-0.00297,0.0,7034.754411,1.802036,0.053668,1.0,0.0,0.0,0.0,6962.603838,1.72859,1021.0,1.0,64.434316,7.0,-0.0115,34.925647,125.732328,34.925636,-0.027165,-5.7e-05,0.119836,-0.001877,0.000301,0.01099,0.276382,0.0,0.0,0.0,0.0,1.0,-9999.0,-9999.0,-9999.0,-9999.0,67.396317,4.0,-9999.0,-9999.0,-9999.0,-9999.0,-9999.0,-9999.0,-9999.0,-9999.0
P25_AV0_4_interaction,active_and_state_lat_and_long_zero_last_source_row_continuous_segment,P25,AV0,4,off_ramp,P25_AV0_4,P25_AV0.1.asc,HV4,60,driver_number,18366,1,306100.0,306100.0009,4.0,4.0,28.294744,101.861078,6.0,136.480022,-7034.754642,0.008207,0.020488,0.0,28.294895,-0.002797,0.0,7035.225315,1.827286,0.053674,1.0,0.0,0.0,0.0,6963.185039,1.76048,1021.0,1.0,65.016392,7.0,-0.011579,34.927643,125.739516,34.927633,-0.027077,-5.2e-05,0.119783,-0.002066,0.000323,0.01099,0.276382,0.0,0.0,0.0,0.0,1.0,-9999.0,-9999.0,-9999.0,-9999.0,67.286014,4.0,-9999.0,-9999.0,-9999.0,-9999.0,-9999.0,-9999.0,-9999.0,-9999.0
P25_AV0_4_interaction,active_and_state_lat_and_long_zero_last_source_row_continuous_segment,P25,AV0,4,off_ramp,P25_AV0_4,P25_AV0.1.asc,HV4,60,driver_number,18367,1,306116.67,306116.6691,4.0,4.0,28.294822,101.86136,6.0,136.951601,-7035.225552,0.01913,0.019493,0.0,28.295077,-0.002633,0.0,7035.69622,1.852541,0.05368,1.0,0.0,0.0,0.0,6963.766274,1.792371,1021.0,1.0,65.598501,7.0,-0.011659,34.929639,125.746701,34.929629,-0.02699,-4.6e-05,0.119729,-0.002262,0.000329,0.01099,0.276382,0.0,0.0,0.0,0.0,1.0,-9999.0,-9999.0,-9999.0,-9999.0,67.175679,4.0,-9999.0,-9999.0,-9999.0,-9999.0,-9999.0,-9999.0,-9999.0,-9999.0
P25_AV0_4_interaction,active_and_state_lat_and_long_zero_last_source_row_continuous_segment,P25,AV0,4,off_ramp,P25_AV0_4,P25_AV0.1.asc,HV4,60,driver_number,18368,1,306133.33,306133.3348,4.0,4.0,28.294964,101.86187,6.0,137.423183,-7035.696464,-0.001661,0.023269,0.0,28.29534,-0.002462,0.0,7036.167129,1.877803,0.053686,1.0,0.0,0.0,0.0,6964.347542,1.824264,1021.0,1.0,66.180643,7.0,-0.011739,34.931634,125.753882,34.931624,-0.026904,-4.1e-05,0.119665,-0.002463,0.000325,0.01099,0.276382,0.0,0.0,0.0,0.0,1.0,-9999.0,-9999.0,-9999.0,-9999.0,67.065314,4.0,-9999.0,-9999.0,-9999.0,-9999.0,-9999.0,-9999.0,-9999.0,-9999.0
P25_AV0_4_interaction,active_and_state_lat_and_long_zero_last_source_row_continuous_segment,P25,AV0,4,off_ramp,P25_AV0_4,P25_AV0.1.asc,HV4,60,driver_number,18369,1,306150.0,306150.0008,4.0,4.0,28.295236,101.862849,6.0,137.894768,-7036.16738,0.003143,0.023427,0.0,28.295312,-0.002243,0.0,7036.638041,1.90307,0.053692,1.0,0.0,0.0,0.0,6964.928844,1.856157,1021.0,1.0,66.762819,7.0,-0.01182,34.933598,125.760952,34.933587,-0.026819,-3.5e-05,0.113185,-0.002664,0.000308,0.01099,0.276382,0.0,0.0,0.0,0.0,1.0,-9999.0,-9999.0,-9999.0,-9999.0,66.954919,4.0,-9999.0,-9999.0,-9999.0,-9999.0,-9999.0,-9999.0,-9999.0,-9999.0
P25_AV0_4_interaction,active_and_state_lat_and_long_zero_last_source_row_continuous_segment,P25,AV0,4,off_ramp,P25_AV0_4,P25_AV0.1.asc,HV4,60,driver_number,18370,1,306166.67,306166.6674,4.0,4.0,28.295326,101.863174,6.0,138.366357,-7036.638298,0.005225,0.020521,0.0,28.295377,-0.002055,0.0,7037.108952,1.928345,0.053699,1.0,0.0,0.0,0.0,6965.510177,1.888052,1021.0,1.0,67.345027,7.0,-0.011901,34.935319,125.767148,34.935309,-0.026735,-3.1e-05,0.098357,-0.00285,0.000251,0.01099,0.276382,0.0,0.0,0.0,0.0,1.0,-9999.0,-9999.0,-9999.0,-9999.0,66.844495,4.0,-9999.0,-9999.0,-9999.0,-9999.0,-9999.0,-9999.0,-9999.0,-9999.0
P25_AV0_4_interaction,active_and_state_lat_and_long_zero_last_source_row_continuous_segment,P25,AV0,4,off_ramp,P25_AV0_4,P25_AV0.1.asc,HV4,60,driver_number,18371,1,306183.33,306183.3334,4.0,4.0,28.295338,101.863216,6.0,138.837945,-7037.109216,0.008487,0.023164,0.0,28.295498,-0.001896,0.0,7037.579864,1.953625,0.053706,1.0,0.0,0.0,0.0,6966.09154,1.919948,1021.0,1.0,67.927264,7.0,-0.011983,34.9369,125.77284,34.93689,-0.026654,-2.8e-05,0.093267,-0.003012,0.000136,0.01099,0.276382,0.0,0.0,0.0,0.0,1.0,-9999.0,-9999.0,-9999.0,-9999.0,66.734042,4.0,-9999.0,-9999.0,-9999.0,-9999.0,-9999.0,-9999.0,-9999.0,-9999.0
P25_AV0_4_interaction,active_and_state_lat_and_long_zero_last_source_row_continuous_segment,P25,AV0,4,off_ramp,P25_AV0_4,P25_AV0.1.asc,HV4,60,driver_number,18372,1,306200.0,306200.0007,4.0,4.0,28.295421,101.863515,6.0,139.309535,-7037.580135,-0.002475,0.022499,0.0,28.295618,-0.00175,0.0,7038.050777,1.978912,0.053714,1.0,0.0,0.0,0.0,6966.672929,1.951845,1021.0,1.0,68.509527,7.0,-0.012066,34.938436,125.778369,34.938426,-0.026573,-2.7e-05,0.091641,-0.003134,-2.6e-05,0.01099,0.276382,0.0,0.0,0.0,0.0,1.0,-9999.0,-9999.0,-9999.0,-9999.0,66.623564,4.0,-9999.0,-9999.0,-9999.0,-9999.0,-9999.0,-9999.0,-9999.0,-9999.0
P25_AV0_4_interaction,active_and_state_lat_and_long_zero_last_source_row_continuous_segment,P25,AV0,4,off_ramp,P25_AV0_4,P25_AV0.1.asc,HV4,60,driver_number,18373,1,306216.67,306216.6673,4.0,4.0,28.295568,101.864046,6.0,139.781127,-7038.051056,0.010998,0.024045,0.0,28.295621,-0.00164,0.0,7038.521692,2.004205,0.053723,1.0,0.0,1.0,0.0,6967.254344,1.983742,1021.0,1.0,69.091817,7.0,-0.01215,34.939957,125.783846,34.939947,-0.026494,-2.9e-05,0.091103,-0.003217,-0.000191,0.01099,0.276382,0.0,0.0,0.0,0.0,1.0,-9999.0,-9999.0,-9999.0,-9999.0,66.513063,4.0,-9999.0,-9999.0,-9999.0,-9999.0,-9999.0,-9999.0,-9999.0,-9999.0
P25_AV0_4_interaction,active_and_state_lat_and_long_zero_last_source_row_continuous_segment,P25,AV0,4,off_ramp,P25_AV0_4,P25_AV0.1.asc,HV4,60,driver_number,18374,1,306233.33,306233.3334,4.0,4.0,28.295598,101.864151,6.0,140.25272,-7038.521977,0.012534,0.021845,0.0,28.295854,-0.001534,0.0,7038.992607,2.029505,0.053733,1.0,0.0,1.0,0.0,6967.835785,2.015639,1021.0,1.0,69.674132,7.0,-0.012235,34.941473,125.789304,34.941463,-0.026414,-3.4e-05,0.090907,-0.00327,-0.000317,0.01099,0.276382,0.0,0.0,0.0,0.0,1.0,-9999.0,-9999.0,-9999.0,-9999.0,66.402538,4.0,-9999.0,-9999.0,-9999.0,-9999.0,-9999.0,-9999.0,-9999.0,-9999.0
P25_AV0_4_interaction,active_and_state_lat_and_long_zero_last_source_row_continuous_segment,P25,AV0,4,off_ramp,P25_AV0_4,P25_AV0.1.asc,HV4,60,driver_number,18375,1,306250.0,306250.0009,4.0,4.0,28.295712,101.864565,6.0,140.724314,-7038.9929,0.01206,0.020988,0.0,28.296046,-0.001488,0.0,7039.463526,2.054812,0.053744,1.0,0.0,1.0,0.0,6968.417251,2.047537,1021.0,1.0,70.256472,7.0,-0.01232,34.942988,125.794755,34.942978,-0.026334,-4e-05,0.090816,-0.003305,-0.000387,0.01099,0.276382,0.0,0.0,0.0,0.0,1.0,-9999.0,-9999.0,-9999.0,-9999.0,66.291989,4.0,-9999.0,-9999.0,-9999.0,-9999.0,-9999.0,-9999.0,-9999.0,-9999.0
P25_AV0_4_interaction,active_and_state_lat_and_long_zero_last_source_row_continuous_segment,P25,AV0,4,off_ramp,P25_AV0_4,P25_AV0.1.asc,HV4,60,driver_number,18376,1,306266.67,306266.671,4.0,4.0,28.295958,101.865449,6.0,141.195912,-7039.463826,0.0093,0.01852,0.0,28.296217,-0.001505,0.0,7039.934448,2.080125,0.053756,1.0,0.0,1.0,0.0,6968.998742,2.079436,1021.0,1.0,70.838837,7.0,-0.012407,34.944501,125.800202,34.944491,-0.026254,-4.6e-05,0.090758,-0.003334,-0.000398,0.01099,0.276382,0.0,0.0,0.0,0.0,1.0,-9999.0,-9999.0,-9999.0,-9999.0,66.181419,4.0,-9999.0,-9999.0,-9999.0,-9999.0,-9999.0,-9999.0,-9999.0,-9999.0
P25_AV0_4_interaction,active_and_state_lat_and_long_zero_last_source_row_continuous_segment,P25,AV0,4,off_ramp,P25_AV0_4,P25_AV0.1.asc,HV4,60,driver_number,18377,1,306283.34,306283.3359,4.0,4.0,28.296146,101.866126,6.0,141.667513,-7039.934755,-0.024704,0.01809,0.0,28.296049,-0.001539,0.0,7040.405372,2.105443,0.053768,1.0,0.0,1.0,0.0,6969.580258,2.111335,1021.0,1.0,71.421228,7.0,-0.012494,34.946013,125.805646,34.946003,-0.026173,-5.3e-05,0.090709,-0.003369,-0.000357,0.01099,0.276382,0.0,0.0,0.0,0.0,1.0,-9999.0,-9999.0,-9999.0,-9999.0,66.070827,4.0,-9999.0,-9999.0,-9999.0,-9999.0,-9999.0,-9999.0,-9999.0,-9999.0
P25_AV0_4_interaction,active_and_state_lat_and_long_zero_last_source_row_continuous_segment,P25,AV0,4,off_ramp,P25_AV0_4,P25_AV0.1.asc,HV4,60,driver_number,18378,1,306300.0,306300.0,4.0,4.0,28.296295,101.866662,6.0,142.139117,-7040.405687,0.00917,0.01845,0.0,28.295868,-0.001601,0.0,7040.876291,2.130767,0.053781,1.0,0.0,1.0,0.0,6970.1618,2.143235,1021.0,1.0,72.003643,7.0,-0.012582,34.947524,125.811087,34.947515,-0.02609,-5.8e-05,0.09071,-0.003416,-0.000281,0.01099,0.276382,0.0,0.0,0.0,0.0,1.0,-9999.0,-9999.0,-9999.0,-9999.0,65.960213,4.0,-9999.0,-9999.0,-9999.0,-9999.0,-9999.0,-9999.0,-9999.0,-9999.0
P25_AV0_4_interaction,active_and_state_lat_and_long_zero_last_source_row_continuous_segment,P25,AV0,4,off_ramp,P25_AV0_4,P25_AV0.1.asc,HV4,60,driver_number,18379,1,306316.67,306316.6672,4.0,4.0,28.295843,101.865034,6.0,142.610716,-7040.876613,0.007254,0.017375,0.0,28.296011,-0.001675,0.0,7041.347209,2.156095,0.053793,1.0,0.0,1.0,0.0,6970.743366,2.175135,1021.0,1.0,72.586084,7.0,-0.012671,34.94904,125.816543,34.94903,-0.026007,-6.1e-05,0.091102,-0.00348,-0.000184,0.01099,0.276382,0.0,0.0,0.0,0.0,1.0,-9999.0,-9999.0,-9999.0,-9999.0,65.849569,4.0,-9999.0,-9999.0,-9999.0,-9999.0,-9999.0,-9999.0,-9999.0,-9999.0
P25_AV0_4_interaction,active_and_state_lat_and_long_zero_last_source_row_continuous_segment,P25,AV0,4,off_ramp,P25_AV0_4,P25_AV0.1.asc,HV4,60,driver_number,18380,1,306333.33,306333.3334,4.0,4.0,28.295944,101.8654,6.0,143.082314,-7041.347539,-0.001251,0.018999,0.0,28.296128,-0.001732,0.0,7041.818129,2.181428,0.053806,1.0,0.0,1.0,0.0,6971.324958,2.207035,1021.0,1.0,73.168551,7.0,-0.012761,34.950562,125.822022,34.950552,-0.025923,-6.4e-05,0.091426,-0.003564,-7.8e-05,0.01099,0.276382,0.0,0.0,0.0,0.0,1.0,-9999.0,-9999.0,-9999.0,-9999.0,65.738899,4.0,-9999.0,-9999.0,-9999.0,-9999.0,-9999.0,-9999.0,-9999.0,-9999.0
P25_AV0_4_interaction,active_and_state_lat_and_long_zero_last_source_row_continuous_segment,P25,AV0,4,off_ramp,P25_AV0_4,P25_AV0.1.asc,HV4,60,driver_number,18381,1,306350.0,306350.0003,4.0,4.0,28.296072,101.865859,6.0,143.553914,-7041.818467,0.005067,0.023087,0.0,28.296119,-0.001766,0.0,7042.28905,2.206766,0.053818,1.0,0.0,1.0,0.0,6971.906576,2.238936,1021.0,1.0,73.751042,7.0,-0.012852,34.952087,125.827513,34.952077,-0.025838,-6.4e-05,0.091571,-0.003669,2.6e-05,0.01099,0.276382,0.0,0.0,0.0,0.0,1.0,-9999.0,-9999.0,-9999.0,-9999.0,65.628207,4.0,-9999.0,-9999.0,-9999.0,-9999.0,-9999.0,-9999.0,-9999.0,-9999.0
P25_AV0_4_interaction,active_and_state_lat_and_long_zero_last_source_row_continuous_segment,P25,AV0,4,off_ramp,P25_AV0_4,P25_AV0.1.asc,HV4,60,driver_number,18382,1,306366.67,306366.6673,4.0,4.0,28.296118,101.866024,6.0,144.025516,-7042.289395,0.006695,0.024645,0.0,28.296215,-0.001734,0.0,7042.75997,2.23211,0.053831,1.0,0.0,1.0,0.0,6972.488219,2.270838,1021.0,1.0,74.333559,7.0,-0.012944,34.953614,125.833009,34.953604,-0.025752,-6.2e-05,0.09161,-0.003793,0.000119,0.01099,0.276382,0.0,0.0,0.0,0.0,1.0,-9999.0,-9999.0,-9999.0,-9999.0,65.51749,4.0,-9999.0,-9999.0,-9999.0,-9999.0,-9999.0,-9999.0,-9999.0,-9999.0
P25_AV0_4_interaction,active_and_state_lat_and_long_zero_last_source_row_continuous_segment,P25,AV0,4,off_ramp,P25_AV0_4,P25_AV0.1.asc,HV4,60,driver_number,18383,1,306383.33,306383.3345,4.0,4.0,28.296161,101.866179,6.0,144.497118,-7042.760324,-0.000425,0.026014,0.0,28.296294,-0.001714,0.0,7043.230893,2.257461,0.053845,1.0,0.0,0.0,0.0,6973.069887,2.30274,1021.0,1.0,74.916102,7.0,-0.013037,34.95514,125.838506,34.955131,-0.025666,-6e-05,0.091601,-0.003935,0.000197,0.01099,0.261307,0.0,0.0,0.0,0.0,1.0,-9999.0,-9999.0,-9999.0,-9999.0,65.406749,4.0,-9999.0,-9999.0,-9999.0,-9999.0,-9999.0,-9999.0,-9999.0,-9999.0
P25_AV0_4_interaction,active_and_state_lat_and_long_zero_last_source_row_continuous_segment,P25,AV0,4,off_ramp,P25_AV0_4,P25_AV0.1.asc,HV4,60,driver_number,18384,1,306400.0,306400.0009,4.0,4.0,28.29627,101.866573,6.0,144.968721,-7043.231254,0.005966,0.026544,0.0,28.296313,-0.001679,0.0,7043.701815,2.282819,0.053859,1.0,0.0,0.0,0.0,6973.65158,2.334642,1021.0,1.0,75.498669,7.0,-0.013131,34.956667,125.844001,34.956657,-0.025581,-5.6e-05,0.091571,-0.004092,0.000256,0.01099,0.261307,0.0,0.0,0.0,0.0,1.0,-9999.0,-9999.0,-9999.0,-9999.0,65.295985,4.0,-9999.0,-9999.0,-9999.0,-9999.0,-9999.0,-9999.0,-9999.0,-9999.0
P25_AV0_4_interaction,active_and_state_lat_and_long_zero_last_source_row_continuous_segment,P25,AV0,4,off_ramp,P25_AV0_4,P25_AV0.1.asc,HV4,60,driver_number,18385,1,306416.67,306416.6673,4.0,4.0,28.29629,101.866644,6.0,145.440326,-7043.702185,0.006857,0.024409,0.0,28.296419,-0.001676,0.0,7044.172738,2.308184,0.053874,1.0,0.0,0.0,0.0,6974.2333,2.366545,1021.0,1.0,76.081263,7.0,-0.013226,34.958193,125.849494,34.958183,-0.025496,-5.1e-05,0.091535,-0.00426,0.000295,0.01099,0.261307,0.0,0.0,0.0,0.0,1.0,-9999.0,-9999.0,-9999.0,-9999.0,65.185196,4.0,-9999.0,-9999.0,-9999.0,-9999.0,-9999.0,-9999.0,-9999.0,-9999.0
P25_AV0_4_interaction,active_and_state_lat_and_long_zero_last_source_row_continuous_segment,P25,AV0,4,off_ramp,P25_AV0_4,P25_AV0.1.asc,HV4,60,driver_number,18386,1,306433.34,306433.3399,4.0,4.0,28.296363,101.866906,6.0,145.911931,-7044.173116,0.002798,0.024985,0.0,28.296533,-0.001707,0.0,7044.643663,2.333557,0.05389,1.0,0.0,0.0,0.0,6974.815044,2.398447,1021.0,1.0,76.663881,7.0,-0.013322,34.959718,125.854984,34.959709,-0.025411,-4.6e-05,0.091495,-0.004438,0.000317,0.01099,0.261307,0.0,0.0,0.0,0.0,1.0,-9999.0,-9999.0,-9999.0,-9999.0,65.074383,4.0,-9999.0,-9999.0,-9999.0,-9999.0,-9999.0,-9999.0,-9999.0,-9999.0
P25_AV0_4_interaction,active_and_state_lat_and_long_zero_last_source_row_continuous_segment,P25,AV0,4,off_ramp,P25_AV0_4,P25_AV0.1.asc,HV4,60,driver_number,18387,1,306450.0,306450.0008,4.0,4.0,28.296476,101.867315,6.0,146.383539,-7044.644049,0.002821,0.024669,0.0,28.296553,-0.00176,0.0,7045.114588,2.358937,0.053906,1.0,0.0,0.0,0.0,6975.396814,2.43035,1021.0,1.0,77.246525,7.0,-0.013419,34.961242,125.860473,34.961233,-0.025327,-4e-05,0.091455,-0.004622,0.000324,0.01099,0.261307,0.0,0.0,0.0,0.0,1.0,-9999.0,-9999.0,-9999.0,-9999.0,64.963546,4.0,-9999.0,-9999.0,-9999.0,-9999.0,-9999.0,-9999.0,-9999.0,-9999.0
P25_AV0_4_interaction,active_and_state_lat_and_long_zero_last_source_row_continuous_segment,P25,AV0,4,off_ramp,P25_AV0_4,P25_AV0.1.asc,HV4,60,driver_number,18388,1,306466.67,306466.6682,4.0,4.0,28.296556,101.867602,6.0,146.855147,-7045.114983,0.014546,0.023715,0.0,28.296626,-0.001844,0.0,7045.585514,2.384323,0.053923,1.0,0.0,0.0,0.0,6975.97861,2.462254,1021.0,1.0,77.829195,7.0,-0.013517,34.962766,125.865958,34.962757,-0.025245,-3.5e-05,0.091407,-0.004811,0.00032,0.01099,0.261307,0.0,0.0,0.0,0.0,1.0,-9999.0,-9999.0,-9999.0,-9999.0,64.852686,4.0,-9999.0,-9999.0,-9999.0,-9999.0,-9999.0,-9999.0,-9999.0,-9999.0
P25_AV0_4_interaction,active_and_state_lat_and_long_zero_last_source_row_continuous_segment,P25,AV0,4,off_ramp,P25_AV0_4,P25_AV0.1.asc,HV4,60,driver_number,18389,1,306483.33,306483.3342,4.0,4.0,28.296576,101.867675,6.0,147.326756,-7045.585917,0.007965,0.023014,0.0,28.296857,-0.001933,0.0,7046.056441,2.409717,0.053941,1.0,0.0,0.0,0.0,6976.560431,2.494157,1021.0,1.0,78.41189,7.0,-0.013617,34.964289,125.871441,34.96428,-0.025164,-3e-05,0.091352,-0.005002,0.000309,0.01099,0.261307,0.0,0.0,0.0,0.0,1.0,-9999.0,-9999.0,-9999.0,-9999.0,64.741801,4.0,-9999.0,-9999.0,-9999.0,-9999.0,-9999.0,-9999.0,-9999.0,-9999.0
P25_AV0_4_interaction,active_and_state_lat_and_long_zero_last_source_row_continuous_segment,P25,AV0,4,off_ramp,P25_AV0_4,P25_AV0.1.asc,HV4,60,driver_number,18390,1,306500.0,306500.0004,4.0,4.0,28.296748,101.868291,6.0,147.798368,-7046.056853,0.006066,0.023334,0.0,28.296977,-0.002049,0.0,7046.527372,2.435117,0.053958,1.0,0.0,0.0,0.0,6977.142277,2.526061,1021.0,1.0,78.99461,7.0,-0.013718,34.965811,125.87692,34.965802,-0.025084,-2.5e-05,0.0913,-0.005194,0.000292,0.01099,0.261307,0.0,0.0,0.0,0.0,1.0,-9999.0,-9999.0,-9999.0,-9999.0,64.630892,4.0,-9999.0,-9999.0,-9999.0,-9999.0,-9999.0,-9999.0,-9999.0,-9999.0
P25_AV0_4_interaction,active_and_state_lat_and_long_zero_last_source_row_continuous_segment,P25,AV0,4,off_ramp,P25_AV0_4,P25_AV0.1.asc,HV4,60,driver_number,18391,1,306516.67,306516.6668,4.0,4.0,28.296923,101.868923,6.0,148.269982,-7046.527792,0.006068,0.022365,0.0,28.297078,-0.002171,0.0,7046.998303,2.460524,0.053975,1.0,0.0,0.0,0.0,6977.724149,2.557964,1021.0,1.0,79.577356,7.0,-0.013821,34.967332,125.882397,34.967323,-0.025007,-2e-05,0.091253,-0.005385,0.000271,0.01099,0.261307,0.0,0.0,0.0,0.0,1.0,-9999.0,-9999.0,-9999.0,-9999.0,64.519963,4.0,-9999.0,-9999.0,-9999.0,-9999.0,-9999.0,-9999.0,-9999.0,-9999.0
P25_AV0_4_interaction,active_and_state_lat_and_long_zero_last_source_row_continuous_segment,P25,AV0,4,off_ramp,P25_AV0_4,P25_AV0.1.asc,HV4,60,driver_number,18392,1,306533.33,306533.3343,4.0,4.0,28.297027,101.869298,6.0,148.741599,-7046.998733,0.006107,0.024127,0.0,28.297179,-0.002267,0.0,7047.469237,2.485937,0.053992,1.0,0.0,0.0,0.0,6978.306046,2.589867,1021.0,1.0,80.160127,7.0,-0.013925,34.968853,125.88787,34.968844,-0.024931,-1.6e-05,0.091209,-0.005575,0.000248,0.01099,0.261307,0.0,0.0,0.0,0.0,1.0,-9999.0,-9999.0,-9999.0,-9999.0,64.409009,4.0,-9999.0,-9999.0,-9999.0,-9999.0,-9999.0,-9999.0,-9999.0,-9999.0
P25_AV0_4_interaction,active_and_state_lat_and_long_zero_last_source_row_continuous_segment,P25,AV0,4,off_ramp,P25_AV0_4,P25_AV0.1.asc,HV4,60,driver_number,18393,1,306550.0,306550.002,4.0,4.0,28.297128,101.869661,6.0,149.213217,-7047.469675,0.006084,0.02495,0.0,28.297281,-0.002331,0.0,7047.940171,2.511356,0.054009,1.0,0.0,0.0,0.0,6978.887968,2.621771,1021.0,1.0,80.742923,7.0,-0.01403,34.970235,125.892846,34.970226,-0.024857,-1.2e-05,0.075669,-0.005752,0.000206,0.01099,0.261307,0.0,0.0,0.0,0.0,1.0,-9999.0,-9999.0,-9999.0,-9999.0,64.298033,4.0,-9999.0,-9999.0,-9999.0,-9999.0,-9999.0,-9999.0,-9999.0,-9999.0
P25_AV0_4_interaction,active_and_state_lat_and_long_zero_last_source_row_continuous_segment,P25,AV0,4,off_ramp,P25_AV0_4,P25_AV0.1.asc,HV4,60,driver_number,18394,1,306566.67,306566.6676,4.0,4.0,28.29723,101.870027,6.0,149.684837,-7047.940619,0.006029,0.025231,0.0,28.297382,-0.00238,0.0,7048.411107,2.536782,0.054025,1.0,0.0,0.0,0.0,6979.469913,2.653674,1021.0,1.0,81.325742,7.0,-0.014137,34.971394,125.897019,34.971386,-0.024786,-1e-05,0.066719,-0.00591,0.000118,0.01099,0.261307,0.0,0.0,0.0,0.0,1.0,-9999.0,-9999.0,-9999.0,-9999.0,64.187036,4.0,-9999.0,-9999.0,-9999.0,-9999.0,-9999.0,-9999.0,-9999.0,-9999.0
P25_AV0_4_interaction,active_and_state_lat_and_long_zero_last_source_row_continuous_segment,P25,AV0,4,off_ramp,P25_AV0_4,P25_AV0.1.asc,HV4,60,driver_number,18395,1,306583.33,306583.334,4.0,4.0,28.297331,101.870392,6.0,150.156458,-7048.411564,-0.004129,0.025315,0.0,28.297417,-0.002422,0.0,7048.882044,2.562215,0.054042,1.0,0.0,0.0,0.0,6980.051878,2.685576,1021.0,1.0,81.908581,7.0,-0.014245,34.972474,125.900905,34.972465,-0.024717,-9e-06,0.063856,-0.00603,-2.7e-05,0.01099,0.261307,0.0,0.0,0.0,0.0,1.0,-9999.0,-9999.0,-9999.0,-9999.0,64.076021,4.0,-9999.0,-9999.0,-9999.0,-9999.0,-9999.0,-9999.0,-9999.0,-9999.0
P25_AV0_4_interaction,active_and_state_lat_and_long_zero_last_source_row_continuous_segment,P25,AV0,4,off_ramp,P25_AV0_4,P25_AV0.1.asc,HV4,60,driver_number,18396,1,306600.0,306600.0008,4.0,4.0,28.297432,101.870755,6.0,150.628081,-7048.88251,0.002451,0.025344,0.0,28.297364,-0.002457,0.0,7049.352981,2.587655,0.054058,1.0,0.0,0.0,0.0,6980.633862,2.717478,1021.0,1.0,82.491438,7.0,-0.014356,34.973528,125.904699,34.973519,-0.024649,-1.1e-05,0.062939,-0.006107,-0.000196,0.01099,0.261307,0.0,0.0,0.0,0.0,1.0,-9999.0,-9999.0,-9999.0,-9999.0,63.964989,4.0,-9999.0,-9999.0,-9999.0,-9999.0,-9999.0,-9999.0,-9999.0,-9999.0
P25_AV0_4_interaction,active_and_state_lat_and_long_zero_last_source_row_continuous_segment,P25,AV0,4,off_ramp,P25_AV0_4,P25_AV0.1.asc,HV4,60,driver_number,18397,1,306616.67,306616.6674,4.0,4.0,28.297383,101.870579,6.0,151.099704,-7049.353456,0.010553,0.025367,0.0,28.297434,-0.002487,0.0,7049.823917,2.613102,0.054074,1.0,0.0,0.0,0.0,6981.215863,2.749379,1021.0,1.0,83.074313,7.0,-0.014467,34.974573,125.908463,34.974564,-0.024582,-1.6e-05,0.062633,-0.006146,-0.000344,0.01099,0.261307,0.0,0.0,0.0,0.0,1.0,-9999.0,-9999.0,-9999.0,-9999.0,63.85394,4.0,-9999.0,-9999.0,-9999.0,-9999.0,-9999.0,-9999.0,-9999.0,-9999.0
P25_AV0_4_interaction,active_and_state_lat_and_long_zero_last_source_row_continuous_segment,P25,AV0,4,off_ramp,P25_AV0_4,P25_AV0.1.asc,HV4,60,driver_number,18398,1,306633.33,306633.3344,4.0,4.0,28.297385,101.870586,6.0,151.571327,-7049.824401,0.010953,0.025393,0.0,28.297604,-0.002511,0.0,7050.294854,2.638557,0.05409,1.0,0.0,0.0,0.0,6981.797882,2.78128,1021.0,1.0,83.657205,7.0,-0.014581,34.975616,125.912217,34.975607,-0.024515,-2.3e-05,0.062517,-0.00616,-0.000441,0.01099,0.261307,0.0,0.0,0.0,0.0,1.0,-9999.0,-9999.0,-9999.0,-9999.0,63.742873,4.0,-9999.0,-9999.0,-9999.0,-9999.0,-9999.0,-9999.0,-9999.0,-9999.0
P25_AV0_4_interaction,active_and_state_lat_and_long_zero_last_source_row_continuous_segment,P25,AV0,4,off_ramp,P25_AV0_4,P25_AV0.1.asc,HV4,60,driver_number,18399,1,306650.0,306650.0007,4.0,4.0,28.297522,101.87108,6.0,152.042952,-7050.295348,0.003427,0.025417,0.0,28.29774,-0.002529,0.0,7050.765794,2.664018,0.054105,1.0,0.0,0.0,0.0,6982.379918,2.813179,1021.0,1.0,84.240115,7.0,-0.014696,34.976657,125.915966,34.976649,-0.024447,-3e-05,0.062461,-0.00616,-0.000477,0.01099,0.261307,0.0,0.0,0.0,0.0,1.0,-9999.0,-9999.0,-9999.0,-9999.0,63.631791,4.0,-9999.0,-9999.0,-9999.0,-9999.0,-9999.0,-9999.0,-9999.0,-9999.0
P25_AV0_4_interaction,active_and_state_lat_and_long_zero_last_source_row_continuous_segment,P25,AV0,4,off_ramp,P25_AV0_4,P25_AV0.1.asc,HV4,60,driver_number,18400,1,306666.67,306666.6674,4.0,4.0,28.297695,101.871702,6.0,152.514579,-7050.766297,0.013475,0.027821,0.0,28.297812,-0.002513,0.0,7051.236735,2.689486,0.054121,1.0,0.0,0.0,0.0,6982.961971,2.845078,1021.0,1.0,84.823042,7.0,-0.014813,34.977698,125.919712,34.977689,-0.02438,-3.8e-05,0.062423,-0.00616,-0.000456,0.01099,0.261307,0.0,0.0,0.0,0.0,1.0,-9999.0,-9999.0,-9999.0,-9999.0,63.520694,4.0,-9999.0,-9999.0,-9999.0,-9999.0,-9999.0,-9999.0,-9999.0,-9999.0
P25_AV0_4_interaction,active_and_state_lat_and_long_zero_last_source_row_continuous_segment,P25,AV0,4,off_ramp,P25_AV0_4,P25_AV0.1.asc,HV4,60,driver_number,18401,1,306683.33,306683.3342,4.0,4.0,28.297769,101.871968,6.0,152.986208,-7051.237248,0.003967,0.02681,0.0,28.297993,-0.002496,0.0,7051.707677,2.714963,0.054136,1.0,0.0,0.0,0.0,6983.544042,2.876977,1021.0,1.0,85.405986,7.0,-0.014932,34.978738,125.923456,34.978729,-0.024311,-4.5e-05,0.062389,-0.006168,-0.000392,0.01099,0.261307,0.0,0.0,0.0,0.0,1.0,-9999.0,-9999.0,-9999.0,-9999.0,63.409582,4.0,-9999.0,-9999.0,-9999.0,-9999.0,-9999.0,-9999.0,-9999.0,-9999.0
P25_AV0_4_interaction,active_and_state_lat_and_long_zero_last_source_row_continuous_segment,P25,AV0,4,off_ramp,P25_AV0_4,P25_AV0.1.asc,HV4,60,driver_number,18402,1,306700.01,306700.0086,4.0,4.0,28.297924,101.872527,6.0,153.457839,-7051.7082,0.005473,0.026338,0.0,28.298068,-0.002497,0.0,7052.178622,2.740447,0.054152,1.0,0.0,0.0,0.0,6984.12613,2.908874,1021.0,1.0,85.988948,7.0,-0.015052,34.979779,125.927204,34.979771,-0.024241,-5.1e-05,0.062588,-0.006191,-0.000298,0.01099,0.261307,0.0,0.0,0.0,0.0,1.0,-9999.0,-9999.0,-9999.0,-9999.0,63.298455,4.0,-9999.0,-9999.0,-9999.0,-9999.0,-9999.0,-9999.0,-9999.0,-9999.0
P25_AV0_4_interaction,active_and_state_lat_and_long_zero_last_source_row_continuous_segment,P25,AV0,4,off_ramp,P25_AV0_4,P25_AV0.1.asc,HV4,60,driver_number,18403,1,306716.67,306716.6673,4.0,4.0,28.298026,101.872894,6.0,153.929472,-7052.179154,0.055883,0.026237,0.0,28.29816,-0.002504,0.0,7052.649567,2.765938,0.054168,1.0,0.0,1.0,0.0,6984.708236,2.940771,1021.0,1.0,86.571927,7.0,-0.015174,34.980826,125.930974,34.980818,-0.02417,-5.5e-05,0.062982,-0.006231,-0.000191,0.01099,0.261307,0.0,0.0,0.0,0.0,1.0,-9999.0,-9999.0,-9999.0,-9999.0,63.187313,4.0,-9999.0,-9999.0,-9999.0,-9999.0,-9999.0,-9999.0,-9999.0,-9999.0
P25_AV0_4_interaction,active_and_state_lat_and_long_zero_last_source_row_continuous_segment,P25,AV0,4,off_ramp,P25_AV0_4,P25_AV0.1.asc,HV4,60,driver_number,18404,1,306733.33,306733.3341,4.0,4.0,28.298114,101.873209,6.0,154.401107,-7052.65011,0.009488,0.027995,0.0,28.299011,-0.002512,0.0,7053.120517,2.791437,0.054183,1.0,0.0,1.0,0.0,6985.290359,2.972667,1021.0,1.0,87.154923,7.0,-0.015298,34.981878,125.934762,34.98187,-0.024098,-5.7e-05,0.063209,-0.006292,-8e-05,0.01099,0.261307,0.0,0.0,0.0,0.0,1.0,-9999.0,-9999.0,-9999.0,-9999.0,63.076155,4.0,-9999.0,-9999.0,-9999.0,-9999.0,-9999.0,-9999.0,-9999.0,-9999.0
P25_AV0_4_interaction,active_and_state_lat_and_long_zero_last_source_row_continuous_segment,P25,AV0,4,off_ramp,P25_AV0_4,P25_AV0.1.asc,HV4,60,driver_number,18405,1,306750.01,306750.0141,4.0,4.0,28.298626,101.875054,6.0,154.872746,-7053.12107,0.004888,0.027313,0.0,28.29913,-0.002497,0.0,7053.591478,2.816944,0.054199,1.0,0.0,1.0,0.0,6985.8725,3.004562,1021.0,1.0,87.737937,7.0,-0.015423,34.982933,125.938559,34.982925,-0.024025,-5.7e-05,0.063299,-0.006373,2.4e-05,0.01099,0.261307,0.0,0.0,0.0,0.0,1.0,-9999.0,-9999.0,-9999.0,-9999.0,62.964985,4.0,-9999.0,-9999.0,-9999.0,-9999.0,-9999.0,-9999.0,-9999.0,-9999.0
P25_AV0_4_interaction,active_and_state_lat_and_long_zero_last_source_row_continuous_segment,P25,AV0,4,off_ramp,P25_AV0_4,P25_AV0.1.asc,HV4,60,driver_number,18406,1,306766.67,306766.6677,4.0,4.0,28.29909,101.876725,6.0,155.344397,-7053.592041,0.007244,0.02699,0.0,28.299199,-0.002496,0.0,7054.06244,2.842459,0.054215,1.0,0.0,1.0,0.0,6986.454659,3.036457,1021.0,1.0,88.320968,7.0,-0.01555,34.983988,125.942358,34.98398,-0.023951,-5.6e-05,0.06332,-0.006473,0.000114,0.01099,0.261307,0.0,0.0,0.0,0.0,1.0,-9999.0,-9999.0,-9999.0,-9999.0,62.853808,4.0,-9999.0,-9999.0,-9999.0,-9999.0,-9999.0,-9999.0,-9999.0,-9999.0
P25_AV0_4_interaction,active_and_state_lat_and_long_zero_last_source_row_continuous_segment,P25,AV0,4,off_ramp,P25_AV0_4,P25_AV0.1.asc,HV4,60,driver_number,18407,1,306783.33,306783.3337,4.0,4.0,28.299171,101.877016,6.0,155.81605,-7054.063013,-0.004691,0.02813,0.0,28.29922,-0.002489,0.0,7054.533403,2.867981,0.054231,1.0,0.0,1.0,0.0,6987.036835,3.06835,1021.0,1.0,88.904018,7.0,-0.015679,34.985044,125.946157,34.985035,-0.023878,-5.3e-05,0.06331,-0.00659,0.000187,0.01099,0.261307,0.0,0.0,0.0,0.0,1.0,-9999.0,-9999.0,-9999.0,-9999.0,62.742616,4.0,-9999.0,-9999.0,-9999.0,-9999.0,-9999.0,-9999.0,-9999.0,-9999.0
P25_AV0_4_interaction,active_and_state_lat_and_long_zero_last_source_row_continuous_segment,P25,AV0,4,off_ramp,P25_AV0_4,P25_AV0.1.asc,HV4,60,driver_number,18408,1,306800.01,306800.0052,4.0,4.0,28.299259,101.877334,6.0,156.287703,-7054.533986,0.004562,0.027676,0.0,28.299201,-0.002487,0.0,7055.004365,2.893511,0.054248,1.0,0.0,1.0,0.0,6987.619029,3.100243,1021.0,1.0,89.487084,7.0,-0.01581,34.986099,125.949955,34.986091,-0.023804,-5e-05,0.063289,-0.00672,0.000242,0.01099,0.261307,0.0,0.0,0.0,0.0,1.0,-9999.0,-9999.0,-9999.0,-9999.0,62.631407,4.0,-9999.0,-9999.0,-9999.0,-9999.0,-9999.0,-9999.0,-9999.0,-9999.0
P25_AV0_4_interaction,active_and_state_lat_and_long_zero_last_source_row_continuous_segment,P25,AV0,4,off_ramp,P25_AV0_4,P25_AV0.1.asc,HV4,60,driver_number,18409,1,306816.67,306816.6675,4.0,4.0,28.299181,101.87705,6.0,156.759356,-7055.004958,0.005123,0.027534,0.0,28.299281,-0.002497,0.0,7055.475326,2.919049,0.054264,1.0,0.0,1.0,0.0,6988.20124,3.132135,1021.0,1.0,90.070169,7.0,-0.015943,34.987153,125.953752,34.987145,-0.02373,-4.5e-05,0.063264,-0.006861,0.000277,0.01099,0.261307,0.0,0.0,0.0,0.0,1.0,-9999.0,-9999.0,-9999.0,-9999.0,62.520181,4.0,-9999.0,-9999.0,-9999.0,-9999.0,-9999.0,-9999.0,-9999.0,-9999.0
P25_AV0_4_interaction,active_and_state_lat_and_long_zero_last_source_row_continuous_segment,P25,AV0,4,off_ramp,P25_AV0_4,P25_AV0.1.asc,HV4,60,driver_number,18410,1,306833.33,306833.3334,4.0,4.0,28.299239,101.877259,6.0,157.23101,-7055.47593,0.005026,0.027588,0.0,28.299366,-0.002512,0.0,7055.946289,2.944595,0.054281,1.0,0.0,1.0,0.0,6988.783469,3.164026,1021.0,1.0,90.65327,7.0,-0.016077,34.988207,125.957547,34.988199,-0.023657,-4e-05,0.063237,-0.007011,0.000296,0.01099,0.261307,0.0,0.0,0.0,0.0,1.0,-9999.0,-9999.0,-9999.0,-9999.0,62.408937,4.0,-9999.0,-9999.0,-9999.0,-9999.0,-9999.0,-9999.0,-9999.0,-9999.0
P25_AV0_4_interaction,active_and_state_lat_and_long_zero_last_source_row_continuous_segment,P25,AV0,4,off_ramp,P25_AV0_4,P25_AV0.1.asc,HV4,60,driver_number,18411,1,306850.0,306850.0007,4.0,4.0,28.299324,101.877565,6.0,157.702665,-7055.946904,0.005007,0.02771,0.0,28.299449,-0.00253,0.0,7056.417253,2.970149,0.054298,1.0,0.0,1.0,0.0,6989.365716,3.195917,1021.0,1.0,91.23639,7.0,-0.016213,34.989261,125.96134,34.989253,-0.023584,-3.5e-05,0.063207,-0.007167,0.000301,0.01099,0.261307,0.0,0.0,0.0,0.0,1.0,-9999.0,-9999.0,-9999.0,-9999.0,62.297677,4.0,-9999.0,-9999.0,-9999.0,-9999.0,-9999.0,-9999.0,-9999.0,-9999.0
P25_AV0_4_interaction,active_and_state_lat_and_long_zero_last_source_row_continuous_segment,P25,AV0,4,off_ramp,P25_AV0_4,P25_AV0.1.asc,HV4,60,driver_number,18412,1,306866.67,306866.6674,4.0,4.0,28.299408,101.877868,6.0,158.174321,-7056.417878,0.00506,0.027842,0.0,28.299533,-0.002548,0.0,7056.888218,2.99571,0.054315,1.0,0.0,1.0,0.0,6989.94798,3.227806,1021.0,1.0,91.819527,7.0,-0.016351,34.990314,125.965131,34.990306,-0.023512,-3e-05,0.063169,-0.007327,0.000297,0.01099,0.261307,0.0,0.0,0.0,0.0,1.0,-9999.0,-9999.0,-9999.0,-9999.0,62.186402,4.0,-9999.0,-9999.0,-9999.0,-9999.0,-9999.0,-9999.0,-9999.0,-9999.0
P25_AV0_4_interaction,active_and_state_lat_and_long_zero_last_source_row_continuous_segment,P25,AV0,4,off_ramp,P25_AV0_4,P25_AV0.1.asc,HV4,60,driver_number,18413,1,306883.33,306883.3343,4.0,4.0,28.299491,101.878168,6.0,158.645979,-7056.888853,-0.005709,0.029662,0.0,28.299585,-0.002567,0.0,7057.359183,3.021279,0.054332,1.0,0.0,1.0,0.0,6990.530262,3.259694,1021.0,1.0,92.402681,7.0,-0.016491,34.991367,125.96892,34.991359,-0.023442,-2.5e-05,0.063129,-0.00749,0.000286,0.01099,0.261307,0.0,0.0,0.0,0.0,1.0,-9999.0,-9999.0,-9999.0,-9999.0,62.07511,4.0,-9999.0,-9999.0,-9999.0,-9999.0,-9999.0,-9999.0,-9999.0,-9999.0
P25_AV0_4_interaction,active_and_state_lat_and_long_zero_last_source_row_continuous_segment,P25,AV0,4,off_ramp,P25_AV0_4,P25_AV0.1.asc,HV4,60,driver_number,18414,1,306900.0,306900.0,4.0,4.0,28.299575,101.87847,6.0,159.117638,-7057.35983,0.011922,0.029009,0.0,28.299524,-0.002565,0.0,7057.830149,3.046856,0.054349,1.0,0.0,1.0,0.0,6991.112562,3.291582,1021.0,1.0,92.985853,7.0,-0.016634,34.992419,125.972707,34.992411,-0.023372,-2.1e-05,0.063094,-0.007654,0.00027,0.01099,0.261307,0.0,0.0,0.0,0.0,1.0,-9999.0,-9999.0,-9999.0,-9999.0,61.963802,4.0,-9999.0,-9999.0,-9999.0,-9999.0,-9999.0,-9999.0,-9999.0,-9999.0
P25_AV0_4_interaction,active_and_state_lat_and_long_zero_last_source_row_continuous_segment,P25,AV0,4,off_ramp,P25_AV0_4,P25_AV0.1.asc,HV4,60,driver_number,18415,1,306916.67,306916.6672,4.0,4.0,28.299538,101.878336,6.0,159.589297,-7057.830806,0.013477,0.028724,0.0,28.299788,-0.002579,0.0,7058.301114,3.072441,0.054367,1.0,0.0,1.0,0.0,6991.694879,3.323468,1021.0,1.0,93.569043,7.0,-0.016778,34.99347,125.976492,34.993462,-0.023304,-1.7e-05,0.063062,-0.007819,0.000251,0.01099,0.261307,0.0,0.0,0.0,0.0,1.0,-9999.0,-9999.0,-9999.0,-9999.0,61.852478,4.0,-9999.0,-9999.0,-9999.0,-9999.0,-9999.0,-9999.0,-9999.0,-9999.0
P25_AV0_4_interaction,active_and_state_lat_and_long_zero_last_source_row_continuous_segment,P25,AV0,4,off_ramp,P25_AV0_4,P25_AV0.1.asc,HV4,60,driver_number,18416,1,306933.33,306933.334,4.0,4.0,28.299624,101.878645,6.0,160.060957,-7058.301782,0.008298,0.030405,0.0,28.299991,-0.002601,0.0,7058.772083,3.098035,0.054385,1.0,0.0,1.0,0.0,6992.277214,3.355353,1021.0,1.0,94.15225,7.0,-0.016924,34.994521,125.980275,34.994513,-0.023238,-1.3e-05,0.063033,-0.007983,0.00023,0.01099,0.261307,0.0,0.0,0.0,0.0,1.0,-9999.0,-9999.0,-9999.0,-9999.0,61.741136,4.0,-9999.0,-9999.0,-9999.0,-9999.0,-9999.0,-9999.0,-9999.0,-9999.0
P25_AV0_4_interaction,active_and_state_lat_and_long_zero_last_source_row_continuous_segment,P25,AV0,4,off_ramp,P25_AV0_4,P25_AV0.1.asc,HV4,60,driver_number,18417,1,306950.0,306950.0007,4.0,4.0,28.2999,101.879641,6.0,160.532621,-7058.772763,0.004891,0.029751,0.0,28.300105,-0.002603,0.0,7059.243055,3.123637,0.054402,1.0,0.0,1.0,0.0,6992.859567,3.387236,1021.0,1.0,94.735475,7.0,-0.017073,34.995571,125.984056,34.995563,-0.023173,-9e-06,0.063006,-0.008145,0.000209,0.01099,0.246231,0.0,0.0,0.0,0.0,1.0,-9999.0,-9999.0,-9999.0,-9999.0,61.629781,4.0,-9999.0,-9999.0,-9999.0,-9999.0,-9999.0,-9999.0,-9999.0,-9999.0
P25_AV0_4_interaction,active_and_state_lat_and_long_zero_last_source_row_continuous_segment,P25,AV0,4,off_ramp,P25_AV0_4,P25_AV0.1.asc,HV4,60,driver_number,18418,1,306966.67,306966.6674,4.0,4.0,28.30006,101.880215,6.0,161.004288,-7059.243746,0.005097,0.0307,0.0,28.300187,-0.002609,0.0,7059.714028,3.149247,0.054421,1.0,0.0,1.0,0.0,6993.441937,3.419119,1021.0,1.0,95.318717,7.0,-0.017224,34.996621,125.987835,34.996613,-0.02311,-6e-06,0.062978,-0.008305,0.000188,0.01099,0.246231,0.0,0.0,0.0,0.0,1.0,-9999.0,-9999.0,-9999.0,-9999.0,61.518411,4.0,-9999.0,-9999.0,-9999.0,-9999.0,-9999.0,-9999.0,-9999.0,-9999.0
P25_AV0_4_interaction,active_and_state_lat_and_long_zero_last_source_row_continuous_segment,P25,AV0,4,off_ramp,P25_AV0_4,P25_AV0.1.asc,HV4,60,driver_number,18419,1,306983.33,306983.334,4.0,4.0,28.300146,101.880526,6.0,161.475956,-7059.71473,0.005374,0.032619,0.0,28.300273,-0.002595,0.0,7060.185001,3.174866,0.054439,1.0,0.0,1.0,0.0,6994.024325,3.451,1021.0,1.0,95.901976,7.0,-0.017377,34.99767,125.991613,34.997663,-0.023049,-3e-06,0.062951,-0.008463,0.000168,0.01099,0.246231,0.0,0.0,0.0,0.0,1.0,-9999.0,-9999.0,-9999.0,-9999.0,61.407026,4.0,-9999.0,-9999.0,-9999.0,-9999.0,-9999.0,-9999.0,-9999.0,-9999.0
P25_AV0_4_interaction,active_and_state_lat_and_long_zero_last_source_row_continuous_segment,P25,AV0,4,off_ramp,P25_AV0_4,P25_AV0.1.asc,HV4,60,driver_number,18420,1,307000.0,307000.0007,4.0,4.0,28.30023,101.880827,6.0,161.947626,-7060.185715,0.009393,0.034416,0.0,28.300364,-0.002585,0.0,7060.655976,3.200494,0.054458,1.0,0.0,1.0,0.0,6994.60673,3.48288,1021.0,1.0,96.485254,7.0,-0.017532,34.998719,125.99539,34.998712,-0.02299,-0.0,0.062924,-0.008617,0.000148,0.01099,0.246231,0.0,0.0,0.0,0.0,1.0,-9999.0,-9999.0,-9999.0,-9999.0,61.295625,4.0,-9999.0,-9999.0,-9999.0,-9999.0,-9999.0,-9999.0,-9999.0,-9999.0
P25_AV0_4_interaction,active_and_state_lat_and_long_zero_last_source_row_continuous_segment,P25,AV0,4,off_ramp,P25_AV0_4,P25_AV0.1.asc,HV4,60,driver_number,18421,1,307016.67,307016.6667,4.0,4.0,28.300318,101.881145,6.0,162.419298,-7060.656702,0.005449,0.034531,0.0,28.300547,-0.002584,0.0,7061.126952,3.226132,0.054478,1.0,0.0,1.0,0.0,6995.189153,3.514758,1021.0,1.0,97.068548,7.0,-0.01769,34.999768,125.999164,34.99976,-0.022934,2e-06,0.062898,-0.008768,0.00013,0.01099,0.246231,0.0,0.0,0.0,0.0,1.0,-9999.0,-9999.0,-9999.0,-9999.0,61.184208,4.0,-9999.0,-9999.0,-9999.0,-9999.0,-9999.0,-9999.0,-9999.0,-9999.0
P25_AV0_4_interaction,active_and_state_lat_and_long_zero_last_source_row_continuous_segment,P25,AV0,4,off_ramp,P25_AV0_4,P25_AV0.1.asc,HV4,60,driver_number,18422,1,307033.33,307033.3348,4.0,4.0,28.300442,101.881591,6.0,162.890971,-7061.127689,0.001601,0.034997,0.0,28.300585,-0.002599,0.0,7061.597931,3.25178,0.054499,1.0,0.0,1.0,0.0,6995.771593,3.546635,1021.0,1.0,97.65186,7.0,-0.01785,35.000816,126.002938,35.000809,-0.022879,4e-06,0.062871,-0.008914,0.000112,0.01099,0.246231,0.0,0.0,0.0,0.0,1.0,-9999.0,-9999.0,-9999.0,-9999.0,61.072775,4.0,-9999.0,-9999.0,-9999.0,-9999.0,-9999.0,-9999.0,-9999.0,-9999.0
P25_AV0_4_interaction,active_and_state_lat_and_long_zero_last_source_row_continuous_segment,P25,AV0,4,off_ramp,P25_AV0_4,P25_AV0.1.asc,HV4,60,driver_number,18423,1,307050.0,307050.0008,4.0,4.0,28.300592,101.882131,6.0,163.362647,-7061.598679,-0.001289,0.035208,0.0,28.300605,-0.002612,0.0,7062.068909,3.277437,0.05452,1.0,0.0,0.0,0.0,6996.354051,3.578511,1021.0,1.0,98.23519,7.0,-0.018012,35.001864,126.006709,35.001856,-0.022827,6e-06,0.062845,-0.009056,9.6e-05,0.01099,0.246231,0.0,0.0,0.0,0.0,1.0,-9999.0,-9999.0,-9999.0,-9999.0,60.961328,4.0,-9999.0,-9999.0,-9999.0,-9999.0,-9999.0,-9999.0,-9999.0,-9999.0
P25_AV0_4_interaction,active_and_state_lat_and_long_zero_last_source_row_continuous_segment,P25,AV0,4,off_ramp,P25_AV0_4,P25_AV0.1.asc,HV4,60,driver_number,18424,1,307066.68,307066.6764,4.0,4.0,28.300598,101.882153,6.0,163.834324,-7062.069669,-0.001514,0.035788,0.0,28.300581,-0.002642,0.0,7062.539887,3.303104,0.054542,1.0,0.0,0.0,0.0,6996.936527,3.610385,1021.0,1.0,98.818537,7.0,-0.018177,35.002911,126.010479,35.002903,-0.022778,7e-06,0.062818,-0.009192,8e-05,0.01099,0.246231,0.0,0.0,0.0,0.0,1.0,-9999.0,-9999.0,-9999.0,-9999.0,60.849863,4.0,-9999.0,-9999.0,-9999.0,-9999.0,-9999.0,-9999.0,-9999.0,-9999.0
P25_AV0_4_interaction,active_and_state_lat_and_long_zero_last_source_row_continuous_segment,P25,AV0,4,off_ramp,P25_AV0_4,P25_AV0.1.asc,HV4,60,driver_number,18425,1,307083.33,307083.3342,4.0,4.0,28.300595,101.88214,6.0,164.306,-7062.540659,-0.011926,0.039477,0.0,28.300525,-0.002671,0.0,7063.010863,3.328782,0.054565,1.0,0.0,0.0,0.0,6997.51902,3.642257,1021.0,1.0,99.401901,7.0,-0.018345,35.003958,126.014248,35.00395,-0.02273,8e-06,0.062792,-0.009324,6.5e-05,0.01099,0.246231,0.0,0.0,0.0,0.0,1.0,-9999.0,-9999.0,-9999.0,-9999.0,60.738381,4.0,-9999.0,-9999.0,-9999.0,-9999.0,-9999.0,-9999.0,-9999.0,-9999.0
P25_AV0_4_interaction,active_and_state_lat_and_long_zero_last_source_row_continuous_segment,P25,AV0,4,off_ramp,P25_AV0_4,P25_AV0.1.asc,HV4,60,driver_number,18426,1,307100.0,307100.0009,4.0,4.0,28.300568,101.882045,6.0,164.777677,-7063.011648,0.016772,0.039109,0.0,28.300394,-0.002689,0.0,7063.481838,3.35447,0.054589,1.0,0.0,0.0,0.0,6998.10153,3.674128,1021.0,1.0,99.985283,7.0,-0.018515,35.004974,126.017907,35.004967,-0.022685,9e-06,0.056364,-0.009447,4.4e-05,0.01099,0.246231,0.0,0.0,0.0,0.0,1.0,-9999.0,-9999.0,-9999.0,-9999.0,60.626882,4.0,-9999.0,-9999.0,-9999.0,-9999.0,-9999.0,-9999.0,-9999.0,-9999.0
P25_AV0_4_interaction,active_and_state_lat_and_long_zero_last_source_row_continuous_segment,P25,AV0,4,off_ramp,P25_AV0_4,P25_AV0.1.asc,HV4,60,driver_number,18427,1,307116.68,307116.6751,4.0,4.0,28.300426,101.881533,6.0,165.249351,-7063.482635,0.018766,0.041149,0.0,28.30077,-0.002743,0.0,7063.952812,3.38017,0.054615,1.0,0.0,0.0,0.0,6998.684058,3.705997,1021.0,1.0,100.568681,7.0,-0.018688,35.005749,126.020695,35.005741,-0.022643,1e-05,0.041555,-0.00955,-8e-06,0.01099,0.246231,0.0,0.0,0.0,0.0,1.0,-9999.0,-9999.0,-9999.0,-9999.0,60.515364,4.0,-9999.0,-9999.0,-9999.0,-9999.0,-9999.0,-9999.0,-9999.0,-9999.0
P25_AV0_4_interaction,active_and_state_lat_and_long_zero_last_source_row_continuous_segment,P25,AV0,4,off_ramp,P25_AV0_4,P25_AV0.1.asc,HV4,60,driver_number,18428,1,307133.33,307133.3334,4.0,4.0,28.300533,101.88192,6.0,165.721025,-7063.95362,0.005245,0.040045,0.0,28.301032,-0.002809,0.0,7064.423791,3.405881,0.054641,1.0,0.0,0.0,0.0,6999.266598,3.737864,1021.0,1.0,101.152093,7.0,-0.018863,35.006383,126.02298,35.006376,-0.022602,9e-06,0.036471,-0.009622,-0.000116,0.01099,0.246231,0.0,0.0,0.0,0.0,1.0,-9999.0,-9999.0,-9999.0,-9999.0,60.403832,4.0,-9999.0,-9999.0,-9999.0,-9999.0,-9999.0,-9999.0,-9999.0,-9999.0
P25_AV0_4_interaction,active_and_state_lat_and_long_zero_last_source_row_continuous_segment,P25,AV0,4,off_ramp,P25_AV0_4,P25_AV0.1.asc,HV4,60,driver_number,18429,1,307150.0,307150.0003,4.0,4.0,28.300926,101.883334,6.0,166.192706,-7064.424612,0.004823,0.04124,0.0,28.3011,-0.002902,0.0,7064.894774,3.431604,0.054668,1.0,0.0,0.0,0.0,6999.84915,3.769729,1021.0,1.0,101.735516,7.0,-0.019041,35.006973,126.025102,35.006966,-0.022563,5e-06,0.034861,-0.009651,-0.000269,0.01099,0.246231,0.0,0.0,0.0,0.0,1.0,-9999.0,-9999.0,-9999.0,-9999.0,60.292296,4.0,-9999.0,-9999.0,-9999.0,-9999.0,-9999.0,-9999.0,-9999.0,-9999.0
P25_AV0_4_interaction,active_and_state_lat_and_long_zero_last_source_row_continuous_segment,P25,AV0,4,off_ramp,P25_AV0_4,P25_AV0.1.asc,HV4,60,driver_number,18430,1,307166.67,307166.6669,4.0,4.0,28.301075,101.883871,6.0,166.66439,-7064.895607,0.00587,0.040122,0.0,28.301186,-0.003028,0.0,7065.365756,3.457339,0.054697,1.0,0.0,0.0,0.0,7000.431712,3.801592,1021.0,1.0,102.318948,7.0,-0.019222,35.007548,126.027173,35.007541,-0.022525,-1e-06,0.034344,-0.009636,-0.000422,0.01099,0.246231,0.0,0.0,0.0,0.0,1.0,-9999.0,-9999.0,-9999.0,-9999.0,60.180753,4.0,-9999.0,-9999.0,-9999.0,-9999.0,-9999.0,-9999.0,-9999.0,-9999.0
P25_AV0_4_interaction,active_and_state_lat_and_long_zero_last_source_row_continuous_segment,P25,AV0,4,off_ramp,P25_AV0_4,P25_AV0.1.asc,HV4,60,driver_number,18431,1,307183.33,307183.3341,4.0,4.0,28.30114,101.884104,6.0,167.136076,-7065.366602,-0.004818,0.039978,0.0,28.301253,-0.003183,0.0,7065.83674,3.483085,0.054725,1.0,0.0,0.0,0.0,7001.014284,3.833453,1021.0,1.0,102.90239,7.0,-0.019406,35.008119,126.029227,35.008111,-0.022488,-9e-06,0.034172,-0.009588,-0.000537,0.01099,0.246231,0.0,0.0,0.0,0.0,1.0,-9999.0,-9999.0,-9999.0,-9999.0,60.069202,4.0,-9999.0,-9999.0,-9999.0,-9999.0,-9999.0,-9999.0,-9999.0,-9999.0
P25_AV0_4_interaction,active_and_state_lat_and_long_zero_last_source_row_continuous_segment,P25,AV0,4,off_ramp,P25_AV0_4,P25_AV0.1.asc,HV4,60,driver_number,18432,1,307200.0,307200.0017,4.0,4.0,28.301235,101.884447,6.0,167.607762,-7065.837599,-0.008978,0.040263,0.0,28.301142,-0.003347,0.0,7066.307723,3.508842,0.054754,1.0,0.0,0.0,0.0,7001.596865,3.865312,1021.0,1.0,103.485842,7.0,-0.019592,35.008687,126.031275,35.00868,-0.022449,-1.9e-05,0.034106,-0.009521,-0.000592,0.01099,0.246231,0.0,0.0,0.0,0.0,1.0,-9999.0,-9999.0,-9999.0,-9999.0,59.957642,4.0,-9999.0,-9999.0,-9999.0,-9999.0,-9999.0,-9999.0,-9999.0,-9999.0
P25_AV0_4_interaction,active_and_state_lat_and_long_zero_last_source_row_continuous_segment,P25,AV0,4,off_ramp,P25_AV0_4,P25_AV0.1.asc,HV4,60,driver_number,18433,1,307216.67,307216.6739,4.0,4.0,28.301213,101.884366,6.0,168.07945,-7066.308595,-0.008906,0.040107,0.0,28.301027,-0.003492,0.0,7066.778704,3.534609,0.054784,1.0,0.0,0.0,0.0,7002.179456,3.897168,1021.0,1.0,104.069303,7.0,-0.019781,35.009256,126.03332,35.009248,-0.02241,-2.9e-05,0.034073,-0.009447,-0.000588,0.01099,0.246231,0.0,0.0,0.0,0.0,1.0,-9999.0,-9999.0,-9999.0,-9999.0,59.846073,4.0,-9999.0,-9999.0,-9999.0,-9999.0,-9999.0,-9999.0,-9999.0,-9999.0
P25_AV0_4_interaction,active_and_state_lat_and_long_zero_last_source_row_continuous_segment,P25,AV0,4,off_ramp,P25_AV0_4,P25_AV0.1.asc,HV4,60,driver_number,18434,1,307233.33,307233.3344,4.0,4.0,28.301067,101.883841,6.0,168.551135,-7066.779588,0.005802,0.041813,0.0,28.300932,-0.003641,0.0,7067.249682,3.560389,0.054813,1.0,0.0,0.0,0.0,7002.762056,3.929023,1021.0,1.0,104.652774,7.0,-0.019972,35.009823,126.035364,35.009816,-0.02237,-3.8e-05,0.03405,-0.009377,-0.000532,0.01099,0.246231,0.0,0.0,0.0,0.0,1.0,-9999.0,-9999.0,-9999.0,-9999.0,59.734493,4.0,-9999.0,-9999.0,-9999.0,-9999.0,-9999.0,-9999.0,-9999.0,-9999.0
P25_AV0_4_interaction,active_and_state_lat_and_long_zero_last_source_row_continuous_segment,P25,AV0,4,off_ramp,P25_AV0_4,P25_AV0.1.asc,HV4,60,driver_number,18435,1,307250.0,307250.0004,4.0,4.0,28.300953,101.883431,6.0,169.022818,-7067.250579,0.004028,0.041111,0.0,28.301045,-0.003762,0.0,7067.720659,3.586179,0.054842,1.0,0.0,0.0,0.0,7003.344667,3.960875,1021.0,1.0,105.236254,7.0,-0.020166,35.010391,126.037407,35.010384,-0.022327,-4.6e-05,0.034072,-0.00932,-0.000439,0.01099,0.246231,0.0,0.0,0.0,0.0,1.0,-9999.0,-9999.0,-9999.0,-9999.0,59.622901,4.0,-9999.0,-9999.0,-9999.0,-9999.0,-9999.0,-9999.0,-9999.0,-9999.0
P25_AV0_4_interaction,active_and_state_lat_and_long_zero_last_source_row_continuous_segment,P25,AV0,4,off_ramp,P25_AV0_4,P25_AV0.1.asc,HV4,60,driver_number,18436,1,307266.67,307266.6667,4.0,4.0,28.30098,101.883528,6.0,169.4945,-7067.721569,-0.000314,0.044134,0.0,28.301083,-0.003891,0.0,7068.191637,3.611981,0.054871,1.0,0.0,0.0,0.0,7003.927286,3.992726,1021.0,1.0,105.819744,7.0,-0.020363,35.010962,126.039464,35.010955,-0.022283,-5.2e-05,0.034443,-0.00928,-0.000326,0.01099,0.246231,0.0,0.0,0.0,0.0,1.0,-9999.0,-9999.0,-9999.0,-9999.0,59.511299,4.0,-9999.0,-9999.0,-9999.0,-9999.0,-9999.0,-9999.0,-9999.0,-9999.0
P25_AV0_4_interaction,active_and_state_lat_and_long_zero_last_source_row_continuous_segment,P25,AV0,4,off_ramp,P25_AV0_4,P25_AV0.1.asc,HV4,60,driver_number,18437,1,307283.34,307283.3362,4.0,4.0,28.301078,101.883883,6.0,169.966185,-7068.19256,0.003515,0.044135,0.0,28.301077,-0.003971,0.0,7068.662615,3.637795,0.0549,1.0,0.0,0.0,0.0,7004.509916,4.024574,1021.0,1.0,106.403243,7.0,-0.020562,35.01154,126.041543,35.011533,-0.022237,-5.6e-05,0.034756,-0.009262,-0.000204,0.01099,0.246231,0.0,0.0,0.0,0.0,1.0,-9999.0,-9999.0,-9999.0,-9999.0,59.399688,4.0,-9999.0,-9999.0,-9999.0,-9999.0,-9999.0,-9999.0,-9999.0,-9999.0
P25_AV0_4_interaction,active_and_state_lat_and_long_zero_last_source_row_continuous_segment,P25,AV0,4,off_ramp,P25_AV0_4,P25_AV0.1.asc,HV4,60,driver_number,18438,1,307300.0,307300.0,4.0,4.0,28.301081,101.883891,6.0,170.43787,-7068.663551,0.011291,0.044155,0.0,28.301162,-0.004051,0.0,7069.133593,3.663621,0.054928,1.0,0.0,0.0,0.0,7005.092555,4.05642,1021.0,1.0,106.986752,7.0,-0.020764,35.012121,126.043635,35.012114,-0.022189,-5.9e-05,0.034908,-0.009265,-8.6e-05,0.01099,0.246231,0.0,0.0,0.0,0.0,1.0,-9999.0,-9999.0,-9999.0,-9999.0,59.288069,4.0,-9999.0,-9999.0,-9999.0,-9999.0,-9999.0,-9999.0,-9999.0,-9999.0
P25_AV0_4_interaction,active_and_state_lat_and_long_zero_last_source_row_continuous_segment,P25,AV0,4,off_ramp,P25_AV0_4,P25_AV0.1.asc,HV4,60,driver_number,18439,1,307316.67,307316.6668,4.0,4.0,28.301106,101.883983,6.0,170.909554,-7069.134542,0.007769,0.044296,0.0,28.301344,-0.004126,0.0,7069.604571,3.689459,0.054957,1.0,0.0,0.0,0.0,7005.675204,4.088264,1021.0,1.0,107.57027,7.0,-0.020968,35.012703,126.045732,35.012696,-0.02214,-5.9e-05,0.034965,-0.009289,2.1e-05,0.01099,0.246231,0.0,0.0,0.0,0.0,1.0,-9999.0,-9999.0,-9999.0,-9999.0,59.17644,4.0,-9999.0,-9999.0,-9999.0,-9999.0,-9999.0,-9999.0,-9999.0,-9999.0
P25_AV0_4_interaction,active_and_state_lat_and_long_zero_last_source_row_continuous_segment,P25,AV0,4,off_ramp,P25_AV0_4,P25_AV0.1.asc,HV4,60,driver_number,18440,1,307333.33,307333.3334,4.0,4.0,28.301256,101.884523,6.0,171.381241,-7069.605534,0.003475,0.044496,0.0,28.301433,-0.004195,0.0,7070.075552,3.71531,0.054986,1.0,0.0,0.0,0.0,7006.257862,4.120107,1021.0,1.0,108.153798,7.0,-0.021175,35.013286,126.047831,35.013279,-0.022089,-5.8e-05,0.034978,-0.009333,0.000112,0.01099,0.246231,0.0,0.0,0.0,0.0,1.0,-9999.0,-9999.0,-9999.0,-9999.0,59.064803,4.0,-9999.0,-9999.0,-9999.0,-9999.0,-9999.0,-9999.0,-9999.0,-9999.0
P25_AV0_4_interaction,active_and_state_lat_and_long_zero_last_source_row_continuous_segment,P25,AV0,4,off_ramp,P25_AV0_4,P25_AV0.1.asc,HV4,60,driver_number,18441,1,307350.0,307350.001,4.0,4.0,28.301408,101.885071,6.0,171.852931,-7070.076528,0.010436,0.0447,0.0,28.301512,-0.004255,0.0,7070.546533,3.741173,0.055014,1.0,0.0,0.0,0.0,7006.840531,4.151947,1021.0,1.0,108.737336,7.0,-0.021384,35.013869,126.04993,35.013862,-0.022037,-5.5e-05,0.034974,-0.009394,0.000185,0.01099,0.246231,0.0,0.0,0.0,0.0,1.0,-9999.0,-9999.0,-9999.0,-9999.0,58.953158,4.0,-9999.0,-9999.0,-9999.0,-9999.0,-9999.0,-9999.0,-9999.0,-9999.0
P25_AV0_4_interaction,active_and_state_lat_and_long_zero_last_source_row_continuous_segment,P25,AV0,4,off_ramp,P25_AV0_4,P25_AV0.1.asc,HV4,60,driver_number,18442,1,307366.67,307366.6674,4.0,4.0,28.301462,101.885264,6.0,172.324622,-7070.547523,0.003311,0.044889,0.0,28.30168,-0.004306,0.0,7071.017515,3.767049,0.055042,1.0,0.0,0.0,0.0,7007.423209,4.183785,1021.0,1.0,109.320884,7.0,-0.021596,35.014452,126.052028,35.014445,-0.021984,-5.1e-05,0.034962,-0.00947,0.000237,0.01099,0.246231,0.0,0.0,0.0,0.0,1.0,-9999.0,-9999.0,-9999.0,-9999.0,58.841506,4.0,-9999.0,-9999.0,-9999.0,-9999.0,-9999.0,-9999.0,-9999.0,-9999.0
P25_AV0_4_interaction,active_and_state_lat_and_long_zero_last_source_row_continuous_segment,P25,AV0,4,off_ramp,P25_AV0_4,P25_AV0.1.asc,HV4,60,driver_number,18443,1,307383.33,307383.3346,4.0,4.0,28.301598,101.885754,6.0,172.796314,-7071.018519,-0.001425,0.045045,0.0,28.301702,-0.004348,0.0,7071.488499,3.792937,0.05507,1.0,0.0,1.0,0.0,7008.005898,4.215621,1021.0,1.0,109.904441,7.0,-0.02181,35.015035,126.054126,35.015028,-0.02193,-4.7e-05,0.034948,-0.009558,0.000271,0.01099,0.246231,0.0,0.0,0.0,0.0,1.0,-9999.0,-9999.0,-9999.0,-9999.0,58.729845,4.0,-9999.0,-9999.0,-9999.0,-9999.0,-9999.0,-9999.0,-9999.0,-9999.0
P25_AV0_4_interaction,active_and_state_lat_and_long_zero_last_source_row_continuous_segment,P25,AV0,4,off_ramp,P25_AV0_4,P25_AV0.1.asc,HV4,60,driver_number,18444,1,307400.0,307400.0009,4.0,4.0,28.301707,101.886146,6.0,173.268009,-7071.489517,0.002728,0.043968,0.0,28.301679,-0.004397,0.0,7071.959483,3.818837,0.055098,1.0,0.0,1.0,0.0,7008.588596,4.247455,1021.0,1.0,110.488008,7.0,-0.022028,35.015617,126.056222,35.015611,-0.021875,-4.2e-05,0.034934,-0.009657,0.000289,0.01099,0.246231,0.0,0.0,0.0,0.0,1.0,-9999.0,-9999.0,-9999.0,-9999.0,58.618176,4.0,-9999.0,-9999.0,-9999.0,-9999.0,-9999.0,-9999.0,-9999.0,-9999.0
P25_AV0_4_interaction,active_and_state_lat_and_long_zero_last_source_row_continuous_segment,P25,AV0,4,off_ramp,P25_AV0_4,P25_AV0.1.asc,HV4,60,driver_number,18445,1,307416.67,307416.6674,4.0,4.0,28.30169,101.886085,6.0,173.739704,-7071.960514,0.003663,0.042171,0.0,28.30172,-0.004464,0.0,7072.430465,3.84475,0.055125,1.0,0.0,1.0,0.0,7009.171304,4.279287,1021.0,1.0,111.071584,7.0,-0.022247,35.016199,126.058318,35.016193,-0.021821,-3.8e-05,0.034912,-0.009763,0.000294,0.01099,0.246231,0.0,0.0,0.0,0.0,1.0,-9999.0,-9999.0,-9999.0,-9999.0,58.506498,4.0,-9999.0,-9999.0,-9999.0,-9999.0,-9999.0,-9999.0,-9999.0,-9999.0
P25_AV0_4_interaction,active_and_state_lat_and_long_zero_last_source_row_continuous_segment,P25,AV0,4,off_ramp,P25_AV0_4,P25_AV0.1.asc,HV4,60,driver_number,18446,1,307433.33,307433.3341,4.0,4.0,28.301701,101.886125,6.0,174.211399,-7072.43151,-0.00029,0.042281,0.0,28.301769,-0.004524,0.0,7072.901448,3.870674,0.055152,1.0,0.0,1.0,0.0,7009.754021,4.311117,1021.0,1.0,111.655171,7.0,-0.02247,35.016781,126.060412,35.016774,-0.021766,-3.3e-05,0.034886,-0.009875,0.000291,0.01099,0.246231,0.0,0.0,0.0,0.0,1.0,-9999.0,-9999.0,-9999.0,-9999.0,58.394809,4.0,-9999.0,-9999.0,-9999.0,-9999.0,-9999.0,-9999.0,-9999.0,-9999.0
P25_AV0_4_interaction,active_and_state_lat_and_long_zero_last_source_row_continuous_segment,P25,AV0,4,off_ramp,P25_AV0_4,P25_AV0.1.asc,HV4,60,driver_number,18447,1,307450.0,307450.0007,4.0,4.0,28.30175,101.8863,6.0,174.683094,-7072.902507,-0.000973,0.043315,0.0,28.301759,-0.004549,0.0,7073.372431,3.896609,0.055178,1.0,0.0,1.0,0.0,7010.336749,4.342945,1021.0,1.0,112.238767,7.0,-0.022695,35.017362,126.062505,35.017356,-0.021712,-2.8e-05,0.034862,-0.009992,0.000282,0.01099,0.246231,0.0,0.0,0.0,0.0,1.0,-9999.0,-9999.0,-9999.0,-9999.0,58.283112,4.0,-9999.0,-9999.0,-9999.0,-9999.0,-9999.0,-9999.0,-9999.0,-9999.0
P25_AV0_4_interaction,active_and_state_lat_and_long_zero_last_source_row_continuous_segment,P25,AV0,4,off_ramp,P25_AV0_4,P25_AV0.1.asc,HV4,60,driver_number,18448,1,307466.67,307466.6667,4.0,4.0,28.301767,101.88636,6.0,175.154791,-7073.373504,-0.003887,0.043581,0.0,28.301711,-0.004545,0.0,7073.843412,3.922557,0.055203,1.0,0.0,1.0,0.0,7010.919486,4.37477,1021.0,1.0,112.822373,7.0,-0.022923,35.017943,126.064596,35.017937,-0.021657,-2.3e-05,0.034842,-0.010113,0.00027,0.01099,0.246231,0.0,0.0,0.0,0.0,1.0,-9999.0,-9999.0,-9999.0,-9999.0,58.171405,4.0,-9999.0,-9999.0,-9999.0,-9999.0,-9999.0,-9999.0,-9999.0,-9999.0
P25_AV0_4_interaction,active_and_state_lat_and_long_zero_last_source_row_continuous_segment,P25,AV0,4,off_ramp,P25_AV0_4,P25_AV0.1.asc,HV4,60,driver_number,18449,1,307483.33,307483.3343,4.0,4.0,28.301751,101.886302,6.0,175.626487,-7073.8445,-0.000499,0.04346,0.0,28.301668,-0.004527,0.0,7074.314392,3.948516,0.055228,1.0,0.0,1.0,0.0,7011.502233,4.406593,1021.0,1.0,113.405988,7.0,-0.023153,35.018524,126.066686,35.018517,-0.021604,-1.9e-05,0.034825,-0.010236,0.000254,0.01099,0.246231,0.0,0.0,0.0,0.0,1.0,-9999.0,-9999.0,-9999.0,-9999.0,58.059688,4.0,-9999.0,-9999.0,-9999.0,-9999.0,-9999.0,-9999.0,-9999.0,-9999.0
P25_AV0_4_interaction,active_and_state_lat_and_long_zero_last_source_row_continuous_segment,P25,AV0,4,off_ramp,P25_AV0_4,P25_AV0.1.asc,HV4,60,driver_number,18450,1,307500.0,307500.0006,4.0,4.0,28.301679,101.886043,6.0,176.098181,-7074.315494,-0.000297,0.043213,0.0,28.301661,-0.004501,0.0,7074.785371,3.974487,0.055253,1.0,0.0,1.0,0.0,7012.08499,4.438414,1021.0,1.0,113.989613,7.0,-0.023387,35.019104,126.068775,35.019098,-0.021551,-1.5e-05,0.034809,-0.010361,0.000236,0.01099,0.246231,0.0,0.0,0.0,0.0,1.0,-9999.0,-9999.0,-9999.0,-9999.0,57.94796,4.0,-9999.0,-9999.0,-9999.0,-9999.0,-9999.0,-9999.0,-9999.0,-9999.0
P25_AV0_4_interaction,active_and_state_lat_and_long_zero_last_source_row_continuous_segment,P25,AV0,4,off_ramp,P25_AV0_4,P25_AV0.1.asc,HV4,60,driver_number,18451,1,307516.67,307516.6672,4.0,4.0,28.301664,101.885989,6.0,176.569876,-7074.786488,-0.000315,0.042944,0.0,28.301656,-0.004471,0.0,7075.256349,4.00047,0.055277,1.0,0.0,1.0,0.0,7012.667757,4.470233,1021.0,1.0,114.573248,7.0,-0.023623,35.019684,126.070864,35.019678,-0.021498,-1.1e-05,0.034794,-0.010487,0.000217,0.01099,0.246231,0.0,0.0,0.0,0.0,1.0,-9999.0,-9999.0,-9999.0,-9999.0,57.836222,4.0,-9999.0,-9999.0,-9999.0,-9999.0,-9999.0,-9999.0,-9999.0,-9999.0
P25_AV0_4_interaction,active_and_state_lat_and_long_zero_last_source_row_continuous_segment,P25,AV0,4,off_ramp,P25_AV0_4,P25_AV0.1.asc,HV4,60,driver_number,18452,1,307533.33,307533.3342,4.0,4.0,28.301659,101.885971,6.0,177.04157,-7075.25748,-0.008039,0.042687,0.0,28.301651,-0.004436,0.0,7075.727327,4.026465,0.055301,1.0,0.0,1.0,0.0,7013.250534,4.502049,1021.0,1.0,115.156892,7.0,-0.023862,35.020264,126.072951,35.020258,-0.021447,-8e-06,0.034779,-0.010613,0.000197,0.01099,0.246231,0.0,0.0,0.0,0.0,1.0,-9999.0,-9999.0,-9999.0,-9999.0,57.724474,4.0,-9999.0,-9999.0,-9999.0,-9999.0,-9999.0,-9999.0,-9999.0,-9999.0
P25_AV0_4_interaction,active_and_state_lat_and_long_zero_last_source_row_continuous_segment,P25,AV0,4,off_ramp,P25_AV0_4,P25_AV0.1.asc,HV4,60,driver_number,18453,1,307550.02,307550.0212,4.0,4.0,28.301653,101.885952,6.0,177.513264,-7075.728472,0.005545,0.042437,0.0,28.301561,-0.004398,0.0,7076.198303,4.052472,0.055325,1.0,0.0,1.0,0.0,7013.83332,4.533863,1021.0,1.0,115.740547,7.0,-0.024105,35.020844,126.075038,35.020837,-0.021397,-5e-06,0.034765,-0.010739,0.000178,0.01099,0.246231,0.0,0.0,0.0,0.0,1.0,-9999.0,-9999.0,-9999.0,-9999.0,57.612716,4.0,-9999.0,-9999.0,-9999.0,-9999.0,-9999.0,-9999.0,-9999.0,-9999.0
P25_AV0_4_interaction,active_and_state_lat_and_long_zero_last_source_row_continuous_segment,P25,AV0,4,off_ramp,P25_AV0_4,P25_AV0.1.asc,HV4,60,driver_number,18454,1,307566.67,307566.6675,4.0,4.0,28.301584,101.885701,6.0,177.984958,-7076.199463,0.007734,0.042203,0.0,28.301671,-0.004357,0.0,7076.669278,4.07849,0.055349,1.0,0.0,1.0,0.0,7014.416117,4.565675,1021.0,1.0,116.32421,7.0,-0.02435,35.021423,126.077124,35.021417,-0.021348,-2e-06,0.034751,-0.010864,0.000159,0.01099,0.246231,0.0,0.0,0.0,0.0,1.0,-9999.0,-9999.0,-9999.0,-9999.0,57.500948,4.0,-9999.0,-9999.0,-9999.0,-9999.0,-9999.0,-9999.0,-9999.0,-9999.0
P25_AV0_4_interaction,active_and_state_lat_and_long_zero_last_source_row_continuous_segment,P25,AV0,4,off_ramp,P25_AV0_4,P25_AV0.1.asc,HV4,60,driver_number,18455,1,307583.33,307583.3342,4.0,4.0,28.301608,101.885788,6.0,178.456651,-7076.670453,-0.003699,0.041983,0.0,28.301765,-0.004315,0.0,7077.140254,4.10452,0.055372,1.0,0.0,1.0,0.0,7014.998923,4.597484,1021.0,1.0,116.907884,7.0,-0.024598,35.022002,126.079208,35.021996,-0.021301,1e-06,0.034737,-0.010987,0.000141,0.01099,0.246231,0.0,0.0,0.0,0.0,1.0,-9999.0,-9999.0,-9999.0,-9999.0,57.389169,4.0,-9999.0,-9999.0,-9999.0,-9999.0,-9999.0,-9999.0,-9999.0,-9999.0
P25_AV0_4_interaction,active_and_state_lat_and_long_zero_last_source_row_continuous_segment,P25,AV0,4,off_ramp,P25_AV0_4,P25_AV0.1.asc,HV4,60,driver_number,18456,1,307600.0,307600.0003,4.0,4.0,28.301735,101.886246,6.0,178.928346,-7077.141444,-0.007532,0.041765,0.0,28.301638,-0.004271,0.0,7077.611231,4.130562,0.055395,1.0,0.0,1.0,0.0,7015.581739,4.62929,1021.0,1.0,117.491567,7.0,-0.024849,35.022581,126.081292,35.022575,-0.021254,3e-06,0.034723,-0.011109,0.000124,0.01099,0.246231,0.0,0.0,0.0,0.0,1.0,-9999.0,-9999.0,-9999.0,-9999.0,57.277382,4.0,-9999.0,-9999.0,-9999.0,-9999.0,-9999.0,-9999.0,-9999.0,-9999.0
P25_AV0_4_interaction,active_and_state_lat_and_long_zero_last_source_row_continuous_segment,P25,AV0,4,off_ramp,P25_AV0_4,P25_AV0.1.asc,HV4,60,driver_number,18457,1,307616.67,307616.6678,4.0,4.0,28.301734,101.886243,6.0,179.400042,-7077.612436,2.2e-05,0.041552,0.0,28.301561,-0.004227,0.0,7078.082204,4.156615,0.055418,1.0,0.0,1.0,0.0,7016.164564,4.661094,1021.0,1.0,118.075259,7.0,-0.025103,35.02316,126.083376,35.023153,-0.02121,5e-06,0.034709,-0.011228,0.000108,0.01099,0.246231,0.0,0.0,0.0,0.0,1.0,-9999.0,-9999.0,-9999.0,-9999.0,57.165587,4.0,-9999.0,-9999.0,-9999.0,-9999.0,-9999.0,-9999.0,-9999.0,-9999.0
P25_AV0_4_interaction,active_and_state_lat_and_long_zero_last_source_row_continuous_segment,P25,AV0,4,off_ramp,P25_AV0_4,P25_AV0.1.asc,HV4,60,driver_number,18458,1,307633.33,307633.334,4.0,4.0,28.301575,101.885671,6.0,179.871735,-7078.083424,0.000327,0.042548,0.0,28.301565,-0.00417,0.0,7078.553176,4.18268,0.055441,1.0,0.0,1.0,0.0,7016.7474,4.692896,1021.0,1.0,118.658962,7.0,-0.02536,35.023738,126.085458,35.023732,-0.021167,6e-06,0.034695,-0.011344,9.2e-05,0.01099,0.246231,0.0,0.0,0.0,0.0,1.0,-9999.0,-9999.0,-9999.0,-9999.0,57.053779,4.0,-9999.0,-9999.0,-9999.0,-9999.0,-9999.0,-9999.0,-9999.0,-9999.0
P25_AV0_4_interaction,active_and_state_lat_and_long_zero_last_source_row_continuous_segment,P25,AV0,4,off_ramp,P25_AV0_4,P25_AV0.1.asc,HV4,60,driver_number,18459,1,307650.0,307650.0008,4.0,4.0,28.301562,101.885622,6.0,180.343428,-7078.554412,-0.014567,0.045245,0.0,28.301537,-0.004117,0.0,7079.024147,4.208757,0.055464,1.0,0.0,1.0,0.0,7017.330245,4.724695,1021.0,1.0,119.242674,7.0,-0.02562,35.024317,126.08754,35.02431,-0.021126,8e-06,0.03468,-0.011456,7.7e-05,0.01099,0.246231,0.0,0.0,0.0,0.0,1.0,-9999.0,-9999.0,-9999.0,-9999.0,56.94196,4.0,-9999.0,-9999.0,-9999.0,-9999.0,-9999.0,-9999.0,-9999.0,-9999.0
P25_AV0_4_interaction,active_and_state_lat_and_long_zero_last_source_row_continuous_segment,P25,AV0,4,off_ramp,P25_AV0_4,P25_AV0.1.asc,HV4,60,driver_number,18460,1,307666.67,307666.6676,4.0,4.0,28.301567,101.885642,6.0,180.815121,-7079.025399,0.005414,0.044999,0.0,28.301366,-0.004032,0.0,7079.495117,4.234846,0.055487,1.0,0.0,1.0,0.0,7017.9131,4.756491,1021.0,1.0,119.826395,7.0,-0.025884,35.024895,126.08962,35.024888,-0.021086,9e-06,0.034666,-0.011565,6.4e-05,0.01099,0.246231,0.0,0.0,0.0,0.0,1.0,-9999.0,-9999.0,-9999.0,-9999.0,56.830132,4.0,-9999.0,-9999.0,-9999.0,-9999.0,-9999.0,-9999.0,-9999.0,-9999.0
P25_AV0_4_interaction,active_and_state_lat_and_long_zero_last_source_row_continuous_segment,P25,AV0,4,off_ramp,P25_AV0_4,P25_AV0.1.asc,HV4,60,driver_number,18461,1,307683.33,307683.3343,4.0,4.0,28.301415,101.885096,6.0,181.286812,-7079.496383,0.000746,0.044956,0.0,28.30148,-0.003965,0.0,7079.966084,4.260947,0.055511,1.0,0.0,1.0,0.0,7018.495965,4.788284,1021.0,1.0,120.410127,7.0,-0.026151,35.025472,126.0917,35.025466,-0.021049,1e-05,0.034652,-0.01167,5.1e-05,0.01099,0.246231,0.0,0.0,0.0,0.0,1.0,-9999.0,-9999.0,-9999.0,-9999.0,56.718292,4.0,-9999.0,-9999.0,-9999.0,-9999.0,-9999.0,-9999.0,-9999.0,-9999.0
P25_AV0_4_interaction,active_and_state_lat_and_long_zero_last_source_row_continuous_segment,P25,AV0,4,off_ramp,P25_AV0_4,P25_AV0.1.asc,HV4,60,driver_number,18462,1,307700.0,307700.0007,4.0,4.0,28.301411,101.885079,6.0,181.758502,-7079.967366,0.006516,0.045165,0.0,28.301501,-0.003914,0.0,7080.437052,4.28706,0.055536,1.0,0.0,1.0,0.0,7019.078839,4.820075,1021.0,1.0,120.993868,7.0,-0.02642,35.02605,126.093779,35.026043,-0.021013,1.1e-05,0.034637,-0.011771,3.9e-05,0.01099,0.246231,0.0,0.0,0.0,0.0,1.0,-9999.0,-9999.0,-9999.0,-9999.0,56.606442,4.0,-9999.0,-9999.0,-9999.0,-9999.0,-9999.0,-9999.0,-9999.0,-9999.0
P25_AV0_4_interaction,active_and_state_lat_and_long_zero_last_source_row_continuous_segment,P25,AV0,4,off_ramp,P25_AV0_4,P25_AV0.1.asc,HV4,60,driver_number,18463,1,307716.67,307716.6668,4.0,4.0,28.301486,101.885349,6.0,182.230193,-7080.43835,0.000637,0.043861,0.0,28.301587,-0.003874,0.0,7080.90802,4.313186,0.05556,1.0,0.0,0.0,0.0,7019.661724,4.851864,1021.0,1.0,121.577618,7.0,-0.026694,35.026627,126.095857,35.026621,-0.020978,1.1e-05,0.034623,-0.011868,2.8e-05,0.01099,0.246231,0.0,0.0,0.0,0.0,1.0,-9999.0,-9999.0,-9999.0,-9999.0,56.494582,4.0,-9999.0,-9999.0,-9999.0,-9999.0,-9999.0,-9999.0,-9999.0,-9999.0
P25_AV0_4_interaction,active_and_state_lat_and_long_zero_last_source_row_continuous_segment,P25,AV0,4,off_ramp,P25_AV0_4,P25_AV0.1.asc,HV4,60,driver_number,18464,1,307733.33,307733.3347,4.0,4.0,28.301556,101.8856,6.0,182.701885,-7080.909333,-0.000296,0.044627,0.0,28.30159,-0.003852,0.0,7081.378988,4.339325,0.055586,1.0,0.0,0.0,0.0,7020.244618,4.883649,1021.0,1.0,122.161378,7.0,-0.02697,35.027204,126.097934,35.027198,-0.020946,1.1e-05,0.034609,-0.01196,1.8e-05,0.01099,0.246231,0.0,0.0,0.0,0.0,1.0,-9999.0,-9999.0,-9999.0,-9999.0,56.382714,4.0,-9999.0,-9999.0,-9999.0,-9999.0,-9999.0,-9999.0,-9999.0,-9999.0
P25_AV0_4_interaction,active_and_state_lat_and_long_zero_last_source_row_continuous_segment,P25,AV0,4,off_ramp,P25_AV0_4,P25_AV0.1.asc,HV4,60,driver_number,18465,1,307750.0,307750.0009,4.0,4.0,28.301592,101.885731,6.0,183.173578,-7081.380318,-0.000171,0.045352,0.0,28.301586,-0.003836,0.0,7081.849956,4.365476,0.055612,1.0,0.0,0.0,0.0,7020.827522,4.915432,1021.0,1.0,122.745148,7.0,-0.02725,35.027781,126.100011,35.027775,-0.020916,1.2e-05,0.034594,-0.012048,9e-06,0.01099,0.246231,0.0,0.0,0.0,0.0,1.0,-9999.0,-9999.0,-9999.0,-9999.0,56.270837,4.0,-9999.0,-9999.0,-9999.0,-9999.0,-9999.0,-9999.0,-9999.0,-9999.0
P25_AV0_4_interaction,active_and_state_lat_and_long_zero_last_source_row_continuous_segment,P25,AV0,4,off_ramp,P25_AV0_4,P25_AV0.1.asc,HV4,60,driver_number,18466,1,307766.67,307766.6673,4.0,4.0,28.301588,101.885716,6.0,183.645271,-7081.851301,-0.007074,0.044827,0.0,28.301551,-0.003841,0.0,7082.320923,4.39164,0.055639,1.0,0.0,0.0,0.0,7021.410436,4.947211,1021.0,1.0,123.328927,7.0,-0.027533,35.028357,126.102086,35.028351,-0.020887,1.2e-05,0.03458,-0.012131,0.0,0.01099,0.246231,0.0,0.0,0.0,0.0,1.0,-9999.0,-9999.0,-9999.0,-9999.0,56.15895,4.0,-9999.0,-9999.0,-9999.0,-9999.0,-9999.0,-9999.0,-9999.0,-9999.0
P25_AV0_4_interaction,active_and_state_lat_and_long_zero_last_source_row_continuous_segment,P25,AV0,4,off_ramp,P25_AV0_4,P25_AV0.1.asc,HV4,60,driver_number,18467,1,307783.33,307783.3336,4.0,4.0,28.301584,101.885704,6.0,184.116964,-7082.322284,0.006438,0.046503,0.0,28.301493,-0.003868,0.0,7082.791888,4.417816,0.055666,1.0,0.0,0.0,0.0,7021.993359,4.978988,1021.0,1.0,123.912716,7.0,-0.02782,35.028934,126.104161,35.028927,-0.02086,1.2e-05,0.034565,-0.012209,-7e-06,0.01099,0.246231,0.0,0.0,0.0,0.0,1.0,-9999.0,-9999.0,-9999.0,-9999.0,56.047053,4.0,-9999.0,-9999.0,-9999.0,-9999.0,-9999.0,-9999.0,-9999.0,-9999.0
P25_AV0_4_interaction,active_and_state_lat_and_long_zero_last_source_row_continuous_segment,P25,AV0,4,off_ramp,P25_AV0_4,P25_AV0.1.asc,HV4,60,driver_number,18468,1,307800.01,307800.0107,4.0,4.0,28.301492,101.885371,6.0,184.588656,-7082.793266,0.000855,0.050583,0.0,28.30158,-0.003871,0.0,7083.262852,4.444006,0.055694,1.0,0.0,0.0,0.0,7022.576293,5.010763,1021.0,1.0,124.496515,7.0,-0.028109,35.02951,126.106235,35.029503,-0.020835,1.1e-05,0.034551,-0.012283,-1.3e-05,0.01099,0.246231,0.0,0.0,0.0,0.0,1.0,-9999.0,-9999.0,-9999.0,-9999.0,55.935145,4.0,-9999.0,-9999.0,-9999.0,-9999.0,-9999.0,-9999.0,-9999.0,-9999.0
P25_AV0_4_interaction,active_and_state_lat_and_long_zero_last_source_row_continuous_segment,P25,AV0,4,off_ramp,P25_AV0_4,P25_AV0.1.asc,HV4,60,driver_number,18469,1,307816.67,307816.6674,4.0,4.0,28.301546,101.885567,6.0,185.060348,-7083.264246,0.013687,0.050187,0.0,28.301651,-0.003855,0.0,7083.733817,4.470208,0.055723,1.0,0.0,0.0,0.0,7023.159236,5.042534,1021.0,1.0,125.080323,7.0,-0.028403,35.030085,126.108308,35.030079,-0.020811,1.1e-05,0.034536,-0.012352,-1.9e-05,0.01099,0.246231,0.0,0.0,0.0,0.0,1.0,-9999.0,-9999.0,-9999.0,-9999.0,55.823227,4.0,-9999.0,-9999.0,-9999.0,-9999.0,-9999.0,-9999.0,-9999.0,-9999.0
P25_AV0_4_interaction,active_and_state_lat_and_long_zero_last_source_row_continuous_segment,P25,AV0,4,off_ramp,P25_AV0_4,P25_AV0.1.asc,HV4,60,driver_number,18470,1,307833.33,307833.3335,4.0,4.0,28.301587,101.885712,6.0,185.532041,-7083.735227,0.004546,0.049847,0.0,28.301824,-0.003859,0.0,7084.204783,4.496425,0.055753,1.0,0.0,0.0,0.0,7023.742189,5.074302,1021.0,1.0,125.664141,7.0,-0.028699,35.030661,126.11038,35.030655,-0.020789,1.1e-05,0.034522,-0.012416,-2.3e-05,0.01099,0.246231,0.0,0.0,0.0,0.0,1.0,-9999.0,-9999.0,-9999.0,-9999.0,55.7113,4.0,-9999.0,-9999.0,-9999.0,-9999.0,-9999.0,-9999.0,-9999.0,-9999.0
P25_AV0_4_interaction,active_and_state_lat_and_long_zero_last_source_row_continuous_segment,P25,AV0,4,off_ramp,P25_AV0_4,P25_AV0.1.asc,HV4,60,driver_number,18471,1,307850.0,307850.0004,4.0,4.0,28.301765,101.886352,6.0,186.003736,-7084.20621,0.00328,0.050238,0.0,28.301879,-0.003895,0.0,7084.67575,4.522657,0.055784,1.0,0.0,0.0,0.0,7024.325151,5.106068,1021.0,1.0,126.247968,7.0,-0.029,35.031236,126.112451,35.03123,-0.020769,1e-05,0.034508,-0.012476,-2.7e-05,0.01099,0.246231,0.0,0.0,0.0,0.0,1.0,-9999.0,-9999.0,-9999.0,-9999.0,55.599365,4.0,-9999.0,-9999.0,-9999.0,-9999.0,-9999.0,-9999.0,-9999.0,-9999.0
P25_AV0_4_interaction,active_and_state_lat_and_long_zero_last_source_row_continuous_segment,P25,AV0,4,off_ramp,P25_AV0_4,P25_AV0.1.asc,HV4,60,driver_number,18472,1,307866.67,307866.6675,4.0,4.0,28.301862,101.886702,6.0,186.475434,-7084.677194,0.002594,0.051033,0.0,28.301955,-0.003949,0.0,7085.146718,4.548902,0.055816,1.0,0.0,0.0,0.0,7024.908124,5.13783,1021.0,1.0,126.831805,7.0,-0.029303,35.031811,126.114521,35.031805,-0.020751,1e-05,0.034493,-0.012532,-3.1e-05,0.01099,0.246231,0.0,0.0,0.0,0.0,1.0,-9999.0,-9999.0,-9999.0,-9999.0,55.487423,4.0,-9999.0,-9999.0,-9999.0,-9999.0,-9999.0,-9999.0,-9999.0,-9999.0
P25_AV0_4_interaction,active_and_state_lat_and_long_zero_last_source_row_continuous_segment,P25,AV0,4,off_ramp,P25_AV0_4,P25_AV0.1.asc,HV4,60,driver_number,18473,1,307883.33,307883.3341,4.0,4.0,28.301907,101.886864,6.0,186.947132,-7085.148178,0.002672,0.050818,0.0,28.301973,-0.00403,0.0,7085.617686,4.575162,0.055848,1.0,0.0,0.0,0.0,7025.491106,5.16959,1021.0,1.0,127.415652,7.0,-0.02961,35.032386,126.116591,35.03238,-0.020734,9e-06,0.034479,-0.012583,-3.3e-05,0.01099,0.246231,0.0,0.0,0.0,0.0,1.0,-9999.0,-9999.0,-9999.0,-9999.0,55.375471,4.0,-9999.0,-9999.0,-9999.0,-9999.0,-9999.0,-9999.0,-9999.0,-9999.0
P25_AV0_4_interaction,active_and_state_lat_and_long_zero_last_source_row_continuous_segment,P25,AV0,4,off_ramp,P25_AV0_4,P25_AV0.1.asc,HV4,60,driver_number,18474,1,307900.0,307900.0008,4.0,4.0,28.301977,101.887116,6.0,187.418831,-7085.619163,-0.000499,0.052385,0.0,28.302011,-0.004118,0.0,7086.088653,4.601437,0.055882,1.0,0.0,0.0,0.0,7026.074098,5.201346,1021.0,1.0,127.999508,7.0,-0.029921,35.032961,126.118659,35.032955,-0.020719,9e-06,0.034464,-0.012629,-3.5e-05,0.01099,0.246231,0.0,0.0,0.0,0.0,1.0,-9999.0,-9999.0,-9999.0,-9999.0,55.263511,4.0,-9999.0,-9999.0,-9999.0,-9999.0,-9999.0,-9999.0,-9999.0,-9999.0
P25_AV0_4_interaction,active_and_state_lat_and_long_zero_last_source_row_continuous_segment,P25,AV0,4,off_ramp,P25_AV0_4,P25_AV0.1.asc,HV4,60,driver_number,18475,1,307916.67,307916.6674,4.0,4.0,28.301995,101.887181,6.0,187.890531,-7086.090147,-0.004997,0.053707,0.0,28.301997,-0.004202,0.0,7086.55962,4.627726,0.055916,1.0,0.0,0.0,0.0,7026.657099,5.2331,1021.0,1.0,128.583373,7.0,-0.030235,35.033535,126.120727,35.033529,-0.020705,8e-06,0.03445,-0.012672,-3.7e-05,0.01099,0.246231,0.0,0.0,0.0,0.0,1.0,-9999.0,-9999.0,-9999.0,-9999.0,55.151541,4.0,-9999.0,-9999.0,-9999.0,-9999.0,-9999.0,-9999.0,-9999.0,-9999.0
P25_AV0_4_interaction,active_and_state_lat_and_long_zero_last_source_row_continuous_segment,P25,AV0,4,off_ramp,P25_AV0_4,P25_AV0.1.asc,HV4,60,driver_number,18476,1,307933.33,307933.3335,4.0,4.0,28.302006,101.887223,6.0,188.362231,-7086.561131,0.005439,0.054847,0.0,28.301953,-0.004289,0.0,7087.030586,4.65403,0.055952,1.0,0.0,0.0,0.0,7027.240111,5.264851,1021.0,1.0,129.167249,7.0,-0.030553,35.034109,126.122794,35.034103,-0.020692,8e-06,0.034435,-0.012711,-3.8e-05,0.01099,0.246231,0.0,0.0,0.0,0.0,1.0,-9999.0,-9999.0,-9999.0,-9999.0,55.039561,4.0,-9999.0,-9999.0,-9999.0,-9999.0,-9999.0,-9999.0,-9999.0,-9999.0
P25_AV0_4_interaction,active_and_state_lat_and_long_zero_last_source_row_continuous_segment,P25,AV0,4,off_ramp,P25_AV0_4,P25_AV0.1.asc,HV4,60,driver_number,18477,1,307950.0,307950.0009,4.0,4.0,28.301956,101.88704,6.0,188.83393,-7087.032114,-0.000115,0.056431,0.0,28.302023,-0.004395,0.0,7087.501551,4.680349,0.055988,1.0,0.0,0.0,0.0,7027.823132,5.296598,1021.0,1.0,129.751133,7.0,-0.030874,35.034683,126.12486,35.034677,-0.020681,7e-06,0.034421,-0.012745,-3.8e-05,0.01099,0.246231,0.0,0.0,0.0,0.0,1.0,-9999.0,-9999.0,-9999.0,-9999.0,54.927571,4.0,-9999.0,-9999.0,-9999.0,-9999.0,-9999.0,-9999.0,-9999.0,-9999.0
P25_AV0_4_interaction,active_and_state_lat_and_long_zero_last_source_row_continuous_segment,P25,AV0,4,off_ramp,P25_AV0_4,P25_AV0.1.asc,HV4,60,driver_number,18478,1,307966.67,307966.6675,4.0,4.0,28.301998,101.887194,6.0,189.305629,-7087.503096,-0.0088,0.057261,0.0,28.302014,-0.004483,0.0,7087.972515,4.706684,0.056024,1.0,0.0,0.0,0.0,7028.406163,5.328343,1021.0,1.0,130.335028,7.0,-0.031199,35.035257,126.126925,35.035251,-0.020671,6e-06,0.034406,-0.012777,-3.8e-05,0.01099,0.246231,0.0,0.0,0.0,0.0,1.0,-9999.0,-9999.0,-9999.0,-9999.0,54.81557,4.0,-9999.0,-9999.0,-9999.0,-9999.0,-9999.0,-9999.0,-9999.0,-9999.0
P25_AV0_4_interaction,active_and_state_lat_and_long_zero_last_source_row_continuous_segment,P25,AV0,4,off_ramp,P25_AV0_4,P25_AV0.1.asc,HV4,60,driver_number,18479,1,307983.33,307983.3345,4.0,4.0,28.302022,101.887278,6.0,189.77733,-7087.974078,0.015738,0.059881,0.0,28.301945,-0.00458,0.0,7088.443478,4.733035,0.056062,1.0,0.0,0.0,0.0,7028.989203,5.360084,1021.0,1.0,130.918932,7.0,-0.031527,35.03583,126.128989,35.035824,-0.020662,6e-06,0.034392,-0.012804,-3.7e-05,0.01099,0.246231,0.0,0.0,0.0,0.0,1.0,-9999.0,-9999.0,-9999.0,-9999.0,54.703561,4.0,-9999.0,-9999.0,-9999.0,-9999.0,-9999.0,-9999.0,-9999.0,-9999.0
P25_AV0_4_interaction,active_and_state_lat_and_long_zero_last_source_row_continuous_segment,P25,AV0,4,off_ramp,P25_AV0_4,P25_AV0.1.asc,HV4,60,driver_number,18480,1,308000.0,308000.0008,4.0,4.0,28.30194,101.886985,6.0,190.249029,-7088.445058,0.005118,0.065246,0.0,28.302158,-0.004662,0.0,7088.914441,4.759403,0.0561,1.0,0.0,0.0,0.0,7029.572254,5.391823,1021.0,1.0,131.502845,7.0,-0.031859,35.036403,126.131052,35.036397,-0.020654,5e-06,0.034377,-0.012828,-3.7e-05,0.01099,0.246231,0.0,0.0,0.0,0.0,1.0,-9999.0,-9999.0,-9999.0,-9999.0,54.59154,4.0,-9999.0,-9999.0,-9999.0,-9999.0,-9999.0,-9999.0,-9999.0,-9999.0
P25_AV0_4_interaction,active_and_state_lat_and_long_zero_last_source_row_continuous_segment,P25,AV0,4,off_ramp,P25_AV0_4,P25_AV0.1.asc,HV4,60,driver_number,18481,1,308016.67,308016.6674,4.0,4.0,28.302076,101.887472,6.0,190.720729,-7088.916039,0.002163,0.067067,0.0,28.302249,-0.004699,0.0,7089.385405,4.785788,0.05614,1.0,0.0,0.0,0.0,7030.155314,5.423559,1021.0,1.0,132.086768,7.0,-0.032194,35.036976,126.133115,35.03697,-0.020648,4e-06,0.034363,-0.012849,-3.6e-05,0.01099,0.246231,0.0,0.0,0.0,0.0,1.0,-9999.0,-9999.0,-9999.0,-9999.0,54.47951,4.0,-9999.0,-9999.0,-9999.0,-9999.0,-9999.0,-9999.0,-9999.0,-9999.0
P25_AV0_4_interaction,active_and_state_lat_and_long_zero_last_source_row_continuous_segment,P25,AV0,4,off_ramp,P25_AV0_4,P25_AV0.1.asc,HV4,60,driver_number,18482,1,308033.33,308033.3341,4.0,4.0,28.302201,101.887923,6.0,191.192432,-7089.387021,0.006141,0.071184,0.0,28.302259,-0.004724,0.0,7089.85637,4.812192,0.056181,1.0,0.0,0.0,0.0,7030.738384,5.455291,1021.0,1.0,132.670701,7.0,-0.032533,35.037549,126.135177,35.037543,-0.020642,4e-06,0.034348,-0.012867,-3.4e-05,0.01099,0.246231,0.0,0.0,0.0,0.0,1.0,-9999.0,-9999.0,-9999.0,-9999.0,54.367473,4.0,-9999.0,-9999.0,-9999.0,-9999.0,-9999.0,-9999.0,-9999.0,-9999.0
P25_AV0_4_interaction,active_and_state_lat_and_long_zero_last_source_row_continuous_segment,P25,AV0,4,off_ramp,P25_AV0_4,P25_AV0.1.asc,HV4,60,driver_number,18483,1,308050.0,308050.0048,4.0,4.0,28.302267,101.888162,6.0,191.664136,-7089.858003,-0.000159,0.074991,0.0,28.302349,-0.004756,0.0,7090.327334,4.838615,0.056225,1.0,0.0,1.0,0.0,7031.321463,5.48702,1021.0,1.0,133.254643,7.0,-0.032876,35.038122,126.137237,35.038115,-0.020638,3e-06,0.034334,-0.012883,-3.3e-05,0.01099,0.231156,0.0,0.0,0.0,0.0,1.0,-9999.0,-9999.0,-9999.0,-9999.0,54.255427,4.0,-9999.0,-9999.0,-9999.0,-9999.0,-9999.0,-9999.0,-9999.0,-9999.0
P25_AV0_4_interaction,active_and_state_lat_and_long_zero_last_source_row_continuous_segment,P25,AV0,4,off_ramp,P25_AV0_4,P25_AV0.1.asc,HV4,60,driver_number,18484,1,308066.67,308066.6669,4.0,4.0,28.30231,101.888317,6.0,192.13584,-7090.328985,-0.001527,0.081884,0.0,28.302336,-0.004751,0.0,7090.798298,4.86506,0.05627,1.0,0.0,1.0,0.0,7031.904553,5.518747,1021.0,1.0,133.838595,7.0,-0.033222,35.038694,126.139297,35.038688,-0.020634,3e-06,0.03432,-0.012895,-3.2e-05,0.01099,0.231156,0.0,0.0,0.0,0.0,1.0,-9999.0,-9999.0,-9999.0,-9999.0,54.14337,4.0,-9999.0,-9999.0,-9999.0,-9999.0,-9999.0,-9999.0,-9999.0,-9999.0
P25_AV0_4_interaction,active_and_state_lat_and_long_zero_last_source_row_continuous_segment,P25,AV0,4,off_ramp,P25_AV0_4,P25_AV0.1.asc,HV4,60,driver_number,18485,1,308083.35,308083.3455,4.0,4.0,28.302348,101.888453,6.0,192.607546,-7090.799967,-0.001215,0.084803,0.0,28.302312,-0.004756,0.0,7091.269261,4.891527,0.056319,1.0,0.0,1.0,0.0,7032.487652,5.55047,1021.0,1.0,134.422556,7.0,-0.033572,35.039266,126.141356,35.03926,-0.020631,2e-06,0.034305,-0.012905,-3e-05,0.01099,0.231156,0.0,0.0,0.0,0.0,1.0,-9999.0,-9999.0,-9999.0,-9999.0,54.031305,4.0,-9999.0,-9999.0,-9999.0,-9999.0,-9999.0,-9999.0,-9999.0,-9999.0
P25_AV0_4_interaction,active_and_state_lat_and_long_zero_last_source_row_continuous_segment,P25,AV0,4,off_ramp,P25_AV0_4,P25_AV0.1.asc,HV4,60,driver_number,18486,1,308100.0,308100.0009,4.0,4.0,28.302323,101.888364,6.0,193.079251,-7091.270948,-0.014184,0.092281,0.0,28.302196,-0.004782,0.0,7091.740221,4.918018,0.056372,1.0,0.0,1.0,0.0,7033.07076,5.58219,1021.0,1.0,135.006527,7.0,-0.033925,35.039837,126.143415,35.039831,-0.020629,2e-06,0.034291,-0.012913,-2.9e-05,0.01099,0.231156,0.0,0.0,0.0,0.0,1.0,-9999.0,-9999.0,-9999.0,-9999.0,53.919228,4.0,-9999.0,-9999.0,-9999.0,-9999.0,-9999.0,-9999.0,-9999.0,-9999.0
P25_AV0_4_interaction,active_and_state_lat_and_long_zero_last_source_row_continuous_segment,P25,AV0,4,off_ramp,P25_AV0_4,P25_AV0.1.asc,HV4,60,driver_number,18487,1,308116.67,308116.6671,4.0,4.0,28.302301,101.888285,6.0,193.550956,-7091.741927,-0.00416,0.093955,0.0,28.301997,-0.004819,0.0,7092.211178,4.944535,0.056428,1.0,0.0,1.0,0.0,7033.653879,5.613908,1021.0,1.0,135.590507,7.0,-0.034282,35.040409,126.145472,35.040403,-0.020628,1e-06,0.034276,-0.012919,-2.7e-05,0.01099,0.231156,0.0,0.0,0.0,0.0,1.0,-9999.0,-9999.0,-9999.0,-9999.0,53.807141,4.0,-9999.0,-9999.0,-9999.0,-9999.0,-9999.0,-9999.0,-9999.0,-9999.0
P25_AV0_4_interaction,active_and_state_lat_and_long_zero_last_source_row_continuous_segment,P25,AV0,4,off_ramp,P25_AV0_4,P25_AV0.1.asc,HV4,60,driver_number,18488,1,308133.33,308133.3335,4.0,4.0,28.302077,101.887478,6.0,194.022658,-7092.212901,0.004207,0.10061,0.0,28.301958,-0.004945,0.0,7092.68213,4.971078,0.056489,1.0,0.0,1.0,0.0,7034.237007,5.645622,1021.0,1.0,136.174497,7.0,-0.034642,35.04098,126.147528,35.040974,-0.020627,1e-06,0.034262,-0.012922,-2.6e-05,0.01099,0.231156,0.0,0.0,0.0,0.0,1.0,-9999.0,-9999.0,-9999.0,-9999.0,53.69504,4.0,-9999.0,-9999.0,-9999.0,-9999.0,-9999.0,-9999.0,-9999.0,-9999.0
P25_AV0_4_interaction,active_and_state_lat_and_long_zero_last_source_row_continuous_segment,P25,AV0,4,off_ramp,P25_AV0_4,P25_AV0.1.asc,HV4,60,driver_number,18489,1,308150.0,308150.0021,4.0,4.0,28.301962,101.887063,6.0,194.494357,-7092.683872,0.003908,0.103491,0.0,28.302054,-0.005091,0.0,7093.15308,4.99765,0.056554,1.0,0.0,1.0,0.0,7034.820145,5.677333,1021.0,1.0,136.758496,7.0,-0.035007,35.041551,126.149584,35.041545,-0.020627,0.0,0.034247,-0.012924,-2.4e-05,0.01099,0.231156,0.0,0.0,0.0,0.0,1.0,-9999.0,-9999.0,-9999.0,-9999.0,53.582925,4.0,-9999.0,-9999.0,-9999.0,-9999.0,-9999.0,-9999.0,-9999.0,-9999.0
P25_AV0_4_interaction,active_and_state_lat_and_long_zero_last_source_row_continuous_segment,P25,AV0,4,off_ramp,P25_AV0_4,P25_AV0.1.asc,HV4,60,driver_number,18490,1,308166.67,308166.6677,4.0,4.0,28.301993,101.887174,6.0,194.966056,-7093.154841,0.003493,0.107017,0.0,28.302091,-0.005347,0.0,7093.624031,5.024251,0.056624,1.0,0.0,1.0,0.0,7035.403292,5.709041,1021.0,1.0,137.342505,7.0,-0.035374,35.042122,126.151639,35.042116,-0.020627,0.0,0.034233,-0.012924,-2.3e-05,0.01099,0.231156,0.0,0.0,0.0,0.0,1.0,-9999.0,-9999.0,-9999.0,-9999.0,53.4708,4.0,-9999.0,-9999.0,-9999.0,-9999.0,-9999.0,-9999.0,-9999.0,-9999.0
P25_AV0_4_interaction,active_and_state_lat_and_long_zero_last_source_row_continuous_segment,P25,AV0,4,off_ramp,P25_AV0_4,P25_AV0.1.asc,HV4,60,driver_number,18491,1,308183.33,308183.3342,4.0,4.0,28.302086,101.88751,6.0,195.437757,-7093.62581,0.000131,0.106589,0.0,28.302141,-0.005666,0.0,7094.09498,5.050883,0.056699,1.0,0.0,1.0,0.0,7035.986449,5.740746,1021.0,1.0,137.926523,7.0,-0.035746,35.042692,126.153693,35.042686,-0.020628,-0.0,0.034219,-0.012923,-2.1e-05,0.01099,0.231156,0.0,0.0,0.0,0.0,1.0,-9999.0,-9999.0,-9999.0,-9999.0,53.358665,4.0,-9999.0,-9999.0,-9999.0,-9999.0,-9999.0,-9999.0,-9999.0,-9999.0
P25_AV0_4_interaction,active_and_state_lat_and_long_zero_last_source_row_continuous_segment,P25,AV0,4,off_ramp,P25_AV0_4,P25_AV0.1.asc,HV4,60,driver_number,18492,1,308200.0,308200.0007,4.0,4.0,28.302119,101.88763,6.0,195.909458,-7094.096778,-0.000532,0.108976,0.0,28.302137,-0.006096,0.0,7094.565929,5.077545,0.056778,1.0,0.0,1.0,0.0,7036.569616,5.772447,1021.0,1.0,138.510551,7.0,-0.036121,35.043233,126.155638,35.043227,-0.020629,-1e-06,0.027809,-0.012917,-3e-05,0.01099,0.231156,0.0,0.0,0.0,0.0,1.0,-9999.0,-9999.0,-9999.0,-9999.0,53.246519,4.0,-9999.0,-9999.0,-9999.0,-9999.0,-9999.0,-9999.0,-9999.0,-9999.0
P25_AV0_4_interaction,active_and_state_lat_and_long_zero_last_source_row_continuous_segment,P25,AV0,4,off_ramp,P25_AV0_4,P25_AV0.1.asc,HV4,60,driver_number,18493,1,308216.67,308216.6687,4.0,4.0,28.302142,101.88771,6.0,196.38116,-7094.567746,-0.004218,0.110342,0.0,28.302129,-0.006609,0.0,7095.036875,5.104239,0.05686,1.0,0.0,1.0,0.0,7037.152792,5.804146,1021.0,1.0,139.094587,7.0,-0.036499,35.043532,126.156714,35.043525,-0.020631,-2e-06,0.013004,-0.012896,-7e-05,0.01099,0.231156,0.0,0.0,0.0,0.0,1.0,-9999.0,-9999.0,-9999.0,-9999.0,53.134364,4.0,-9999.0,-9999.0,-9999.0,-9999.0,-9999.0,-9999.0,-9999.0,-9999.0
P25_AV0_4_interaction,active_and_state_lat_and_long_zero_last_source_row_continuous_segment,P25,AV0,4,off_ramp,P25_AV0_4,P25_AV0.1.asc,HV4,60,driver_number,18494,1,308233.33,308233.3342,4.0,4.0,28.302133,101.887678,6.0,196.852861,-7095.038711,-0.004672,0.10976,0.0,28.302065,-0.007176,0.0,7095.507819,5.130963,0.056946,1.0,0.0,1.0,0.0,7037.735973,5.835842,1021.0,1.0,139.678629,7.0,-0.036881,35.04369,126.157285,35.043684,-0.020633,-4e-06,0.007919,-0.012849,-0.000168,0.01099,0.231156,0.0,0.0,0.0,0.0,1.0,-9999.0,-9999.0,-9999.0,-9999.0,53.022202,4.0,-9999.0,-9999.0,-9999.0,-9999.0,-9999.0,-9999.0,-9999.0,-9999.0
P25_AV0_4_interaction,active_and_state_lat_and_long_zero_last_source_row_continuous_segment,P25,AV0,4,off_ramp,P25_AV0_4,P25_AV0.1.asc,HV4,60,driver_number,18495,1,308250.0,308250.0008,4.0,4.0,28.302093,101.887536,6.0,197.324562,-7095.509674,-0.003593,0.11118,0.0,28.301967,-0.007804,0.0,7095.978761,5.157719,0.057033,1.0,0.0,1.0,0.0,7038.319157,5.867534,1021.0,1.0,140.262674,7.0,-0.037267,35.043804,126.157695,35.043798,-0.020634,-8e-06,0.006316,-0.012763,-0.000309,0.01099,0.231156,0.0,0.0,0.0,0.0,1.0,-9999.0,-9999.0,-9999.0,-9999.0,52.910035,4.0,-9999.0,-9999.0,-9999.0,-9999.0,-9999.0,-9999.0,-9999.0,-9999.0
P25_AV0_4_interaction,active_and_state_lat_and_long_zero_last_source_row_continuous_segment,P25,AV0,4,off_ramp,P25_AV0_4,P25_AV0.1.asc,HV4,60,driver_number,18496,1,308266.67,308266.6681,4.0,4.0,28.302026,101.887293,6.0,197.796262,-7095.980635,0.000453,0.112641,0.0,28.301933,-0.008473,0.0,7096.449699,5.184506,0.057122,1.0,0.0,1.0,0.0,7038.902344,5.899222,1021.0,1.0,140.84672,7.0,-0.037656,35.043904,126.158053,35.043898,-0.020634,-1.4e-05,0.005809,-0.012639,-0.00045,0.01099,0.231156,0.0,0.0,0.0,0.0,1.0,-9999.0,-9999.0,-9999.0,-9999.0,52.797863,4.0,-9999.0,-9999.0,-9999.0,-9999.0,-9999.0,-9999.0,-9999.0,-9999.0
P25_AV0_4_interaction,active_and_state_lat_and_long_zero_last_source_row_continuous_segment,P25,AV0,4,off_ramp,P25_AV0_4,P25_AV0.1.asc,HV4,60,driver_number,18497,1,308283.33,308283.3342,4.0,4.0,28.301936,101.886971,6.0,198.267961,-7096.451592,0.004317,0.115565,0.0,28.301941,-0.009119,0.0,7096.920635,5.211323,0.057212,1.0,0.0,1.0,0.0,7039.485532,5.930907,1021.0,1.0,141.430769,7.0,-0.038049,35.043999,126.158396,35.043993,-0.020632,-2.3e-05,0.005645,-0.012487,-0.000553,0.01099,0.231156,0.0,0.0,0.0,0.0,1.0,-9999.0,-9999.0,-9999.0,-9999.0,52.685686,4.0,-9999.0,-9999.0,-9999.0,-9999.0,-9999.0,-9999.0,-9999.0,-9999.0
P25_AV0_4_interaction,active_and_state_lat_and_long_zero_last_source_row_continuous_segment,P25,AV0,4,off_ramp,P25_AV0_4,P25_AV0.1.asc,HV4,60,driver_number,18498,1,308300.04,308300.0378,4.0,4.0,28.301937,101.886972,6.0,198.739659,-7096.922548,0.004737,0.120679,0.0,28.302005,-0.00971,0.0,7097.391569,5.238173,0.057302,1.0,0.0,1.0,0.0,7040.068723,5.962589,1021.0,1.0,142.014819,7.0,-0.038445,35.044092,126.158732,35.044086,-0.020628,-3.3e-05,0.005591,-0.012321,-0.000598,0.01099,0.231156,0.0,0.0,0.0,0.0,1.0,-9999.0,-9999.0,-9999.0,-9999.0,52.573505,4.0,-9999.0,-9999.0,-9999.0,-9999.0,-9999.0,-9999.0,-9999.0,-9999.0
P25_AV0_4_interaction,active_and_state_lat_and_long_zero_last_source_row_continuous_segment,P25,AV0,4,off_ramp,P25_AV0_4,P25_AV0.1.asc,HV4,60,driver_number,18499,1,308316.67,308316.6677,4.0,4.0,28.301976,101.887114,6.0,199.211357,-7097.393502,0.003655,0.120523,0.0,28.302102,-0.010228,0.0,7097.862503,5.265055,0.057392,1.0,0.0,1.0,0.0,7040.651915,5.994267,1021.0,1.0,142.598871,7.0,-0.038845,35.044185,126.159068,35.044179,-0.02062,-4.3e-05,0.00557,-0.012154,-0.000584,0.01099,0.231156,0.0,0.0,0.0,0.0,1.0,-9999.0,-9999.0,-9999.0,-9999.0,52.461322,4.0,-9999.0,-9999.0,-9999.0,-9999.0,-9999.0,-9999.0,-9999.0,-9999.0
P25_AV0_4_interaction,active_and_state_lat_and_long_zero_last_source_row_continuous_segment,P25,AV0,4,off_ramp,P25_AV0_4,P25_AV0.1.asc,HV4,60,driver_number,18500,1,308333.33,308333.3343,4.0,4.0,28.302044,101.887358,6.0,199.683057,-7097.864456,-0.000385,0.124228,0.0,28.302136,-0.010742,0.0,7098.333436,5.291971,0.057481,1.0,0.0,1.0,0.0,7041.235109,6.025942,1021.0,1.0,143.182924,7.0,-0.039248,35.044278,126.159402,35.044272,-0.020609,-5.2e-05,0.005559,-0.011996,-0.00052,0.01099,0.231156,0.0,0.0,0.0,0.0,1.0,-9999.0,-9999.0,-9999.0,-9999.0,52.349136,4.0,-9999.0,-9999.0,-9999.0,-9999.0,-9999.0,-9999.0,-9999.0,-9999.0
P25_AV0_4_interaction,active_and_state_lat_and_long_zero_last_source_row_continuous_segment,P25,AV0,4,off_ramp,P25_AV0_4,P25_AV0.1.asc,HV4,60,driver_number,18501,1,308350.0,308350.0033,4.0,4.0,28.302132,101.887677,229.0,0.154759,-7098.335409,-0.003491,0.1291,0.0,28.302095,-0.011156,0.0,7098.804368,5.318921,0.057571,1.0,0.0,1.0,0.0,7041.818304,6.057614,1021.0,1.0,143.766979,7.0,-0.039654,35.044371,126.159736,35.044365,-0.020594,-5.9e-05,0.00559,-0.011857,-0.00042,0.01099,0.231156,0.0,0.0,0.0,0.0,1.0,-9999.0,-9999.0,-9999.0,-9999.0,52.236948,4.0,-9999.0,-9999.0,-9999.0,-9999.0,-9999.0,-9999.0,-9999.0,-9999.0
P25_AV0_4_interaction,active_and_state_lat_and_long_zero_last_source_row_continuous_segment,P25,AV0,4,off_ramp,P25_AV0_4,P25_AV0.1.asc,HV4,60,driver_number,18502,1,308366.67,308366.6672,4.0,4.0,28.302132,101.887675,229.0,0.62646,-7098.806361,0.003774,0.129768,0.0,28.302058,-0.011521,0.0,7099.275297,5.345907,0.05766,1.0,0.0,1.0,0.0,7042.401501,6.089283,1021.0,1.0,144.351035,7.0,-0.040064,35.044468,126.160084,35.044462,-0.020576,-6.5e-05,0.005951,-0.01174,-0.000301,0.01099,0.231156,0.0,0.0,0.0,0.0,1.0,-9999.0,-9999.0,-9999.0,-9999.0,52.124757,4.0,-9999.0,-9999.0,-9999.0,-9999.0,-9999.0,-9999.0,-9999.0,-9999.0
P25_AV0_4_interaction,active_and_state_lat_and_long_zero_last_source_row_continuous_segment,P25,AV0,4,off_ramp,P25_AV0_4,P25_AV0.1.asc,HV4,60,driver_number,18503,1,308383.33,308383.334,4.0,4.0,28.302066,101.887436,229.0,1.098161,-7099.27731,0.001414,0.133485,0.0,28.302083,-0.01185,0.0,7099.746224,5.372928,0.057748,1.0,0.0,0.0,0.0,7042.9847,6.120948,1021.0,1.0,144.935093,7.0,-0.040477,35.04457,126.160453,35.044564,-0.020553,-6.9e-05,0.006256,-0.01165,-0.000175,0.01099,0.231156,0.0,0.0,0.0,0.0,1.0,-9999.0,-9999.0,-9999.0,-9999.0,52.012562,4.0,-9999.0,-9999.0,-9999.0,-9999.0,-9999.0,-9999.0,-9999.0,-9999.0
P25_AV0_4_interaction,active_and_state_lat_and_long_zero_last_source_row_continuous_segment,P25,AV0,4,off_ramp,P25_AV0_4,P25_AV0.1.asc,HV4,60,driver_number,18504,1,308400.0,308400.0008,4.0,4.0,28.302089,101.88752,229.0,1.569861,-7099.748257,0.000444,0.137798,0.0,28.302114,-0.012112,0.0,7100.217148,5.399986,0.057837,1.0,0.0,0.0,0.0,7043.567901,6.152611,1021.0,1.0,145.519152,7.0,-0.040893,35.044676,126.160835,35.04467,-0.020527,-7.1e-05,0.006411,-0.011586,-5.3e-05,0.01099,0.0625,0.0,0.0,0.0,0.0,0.0,-9999.0,-9999.0,-9999.0,-9999.0,-9999.0,-9999.0,-9999.0,-9999.0,-9999.0,-9999.0,-9999.0,-9999.0,-9999.0,-9999.0
P25_AV0_4_interaction,active_and_state_lat_and_long_zero_last_source_row_continuous_segment,P25,AV0,4,off_ramp,P25_AV0_4,P25_AV0.1.asc,HV4,60,driver_number,18505,1,308416.67,308416.6674,4.0,4.0,28.302094,101.887538,229.0,2.041561,-7100.219202,-0.011891,0.141932,0.0,28.302115,-0.012295,0.0,7100.688072,5.427081,0.057925,1.0,0.0,0.0,0.0,7044.151104,6.18427,1021.0,1.0,146.103214,7.0,-0.041313,35.044784,126.161223,35.044778,-0.020498,-7e-05,0.006477,-0.01155,5.7e-05,0.01099,0.0625,0.0,0.0,0.0,0.0,0.0,-9999.0,-9999.0,-9999.0,-9999.0,-9999.0,-9999.0,-9999.0,-9999.0,-9999.0,-9999.0,-9999.0,-9999.0,-9999.0,-9999.0
P25_AV0_4_interaction,active_and_state_lat_and_long_zero_last_source_row_continuous_segment,P25,AV0,4,off_ramp,P25_AV0_4,P25_AV0.1.asc,HV4,60,driver_number,18506,1,308433.34,308433.3423,4.0,4.0,28.302117,101.887621,229.0,2.513261,-7100.690146,0.01344,0.142484,0.0,28.301935,-0.012455,0.0,7101.158992,5.454215,0.058013,1.0,0.0,0.0,0.0,7044.734309,6.215926,1021.0,1.0,146.687277,7.0,-0.041735,35.044892,126.161613,35.044886,-0.020465,-6.9e-05,0.0065,-0.011538,0.00015,0.01099,0.118,0.0,0.0,0.0,0.0,0.0,-9999.0,-9999.0,-9999.0,-9999.0,-9999.0,-9999.0,-9999.0,-9999.0,-9999.0,-9999.0,-9999.0,-9999.0,-9999.0,-9999.0
P25_AV0_4_interaction,active_and_state_lat_and_long_zero_last_source_row_continuous_segment,P25,AV0,4,off_ramp,P25_AV0_4,P25_AV0.1.asc,HV4,60,driver_number,18507,1,308450.0,308450.0002,4.0,4.0,28.302016,101.887256,229.0,2.984961,-7101.161086,0.002869,0.146074,0.0,28.302151,-0.012589,0.0,7101.629908,5.481388,0.058103,1.0,0.0,0.0,0.0,7045.317516,6.247579,1021.0,1.0,147.271342,7.0,-0.042161,35.045001,126.162003,35.044995,-0.02043,-6.5e-05,0.006507,-0.011548,0.000224,0.01099,0.14975,0.0,0.0,0.0,0.0,0.0,-9999.0,-9999.0,-9999.0,-9999.0,-9999.0,-9999.0,-9999.0,-9999.0,-9999.0,-9999.0,-9999.0,-9999.0,-9999.0,-9999.0
P25_AV0_4_interaction,active_and_state_lat_and_long_zero_last_source_row_continuous_segment,P25,AV0,4,off_ramp,P25_AV0_4,P25_AV0.1.asc,HV4,60,driver_number,18508,1,308466.67,308466.6668,4.0,4.0,28.302046,101.887367,229.0,3.456659,-7101.632024,-0.000711,0.152443,0.0,28.302173,-0.012688,0.0,7102.100825,5.508602,0.058193,1.0,0.0,0.0,0.0,7045.900724,6.279229,1021.0,1.0,147.855409,7.0,-0.04259,35.045109,126.162394,35.045104,-0.020391,-6.1e-05,0.006507,-0.011577,0.000277,0.01099,0.14975,0.0,0.0,0.0,0.0,0.0,-9999.0,-9999.0,-9999.0,-9999.0,-9999.0,-9999.0,-9999.0,-9999.0,-9999.0,-9999.0,-9999.0,-9999.0,-9999.0,-9999.0
P25_AV0_4_interaction,active_and_state_lat_and_long_zero_last_source_row_continuous_segment,P25,AV0,4,off_ramp,P25_AV0_4,P25_AV0.1.asc,HV4,60,driver_number,18509,1,308483.33,308483.3341,4.0,4.0,28.302174,101.887826,229.0,3.92836,-7102.102962,0.00322,0.155278,0.0,28.30216,-0.012728,0.0,7102.57174,5.535857,0.058284,1.0,0.0,0.0,0.0,7046.483935,6.310876,1021.0,1.0,148.439477,7.0,-0.043022,35.045218,126.162785,35.045212,-0.020351,-5.6e-05,0.006505,-0.011623,0.000312,0.01099,0.17625,0.0,0.0,0.0,0.0,0.0,-9999.0,-9999.0,-9999.0,-9999.0,-9999.0,-9999.0,-9999.0,-9999.0,-9999.0,-9999.0,-9999.0,-9999.0,-9999.0,-9999.0
P25_AV0_4_interaction,active_and_state_lat_and_long_zero_last_source_row_continuous_segment,P25,AV0,4,off_ramp,P25_AV0_4,P25_AV0.1.asc,HV4,60,driver_number,18510,1,308500.0,308500.0,4.0,4.0,28.302167,101.8878,229.0,4.400061,-7102.573897,0.000105,0.159764,0.0,28.302207,-0.012775,0.0,7103.042652,5.563155,0.058377,1.0,0.0,0.0,0.0,7047.067148,6.34252,1021.0,1.0,149.023547,7.0,-0.043457,35.045327,126.163176,35.045321,-0.020308,-5.1e-05,0.006503,-0.011684,0.00033,0.01099,0.19575,0.0,0.0,0.0,0.0,0.0,-9999.0,-9999.0,-9999.0,-9999.0,-9999.0,-9999.0,-9999.0,-9999.0,-9999.0,-9999.0,-9999.0,-9999.0,-9999.0,-9999.0
P25_AV0_4_interaction,active_and_state_lat_and_long_zero_last_source_row_continuous_segment,P25,AV0,4,off_ramp,P25_AV0_4,P25_AV0.1.asc,HV4,60,driver_number,18511,1,308516.67,308516.6675,4.0,4.0,28.302186,101.88787,229.0,4.871762,-7103.044831,-0.000674,0.165419,0.0,28.302202,-0.012814,0.0,7103.513563,5.590497,0.058473,1.0,0.0,0.0,0.0,7047.650362,6.374161,1021.0,1.0,149.60762,7.0,-0.043896,35.045435,126.163566,35.045429,-0.020264,-4.5e-05,0.006494,-0.011757,0.000335,0.01099,0.204,0.0,0.0,0.0,0.0,0.0,-9999.0,-9999.0,-9999.0,-9999.0,-9999.0,-9999.0,-9999.0,-9999.0,-9999.0,-9999.0,-9999.0,-9999.0,-9999.0,-9999.0
P25_AV0_4_interaction,active_and_state_lat_and_long_zero_last_source_row_continuous_segment,P25,AV0,4,off_ramp,P25_AV0_4,P25_AV0.1.asc,HV4,60,driver_number,18512,1,308533.35,308533.3466,4.0,4.0,28.302207,101.887946,229.0,5.343463,-7103.515763,-0.000593,0.168482,0.0,28.30219,-0.012842,0.0,7103.98447,5.617884,0.058571,1.0,0.0,0.0,0.0,7048.233579,6.405799,1021.0,1.0,150.191694,7.0,-0.044337,35.045543,126.163955,35.045537,-0.020218,-4e-05,0.006481,-0.01184,0.000332,0.01099,0.2035,0.0,0.0,0.0,0.0,0.0,-9999.0,-9999.0,-9999.0,-9999.0,-9999.0,-9999.0,-9999.0,-9999.0,-9999.0,-9999.0,-9999.0,-9999.0,-9999.0,-9999.0
P25_AV0_4_interaction,active_and_state_lat_and_long_zero_last_source_row_continuous_segment,P25,AV0,4,off_ramp,P25_AV0_4,P25_AV0.1.asc,HV4,60,driver_number,18513,1,308550.0,308550.0011,4.0,4.0,28.302196,101.887904,229.0,5.815164,-7103.986692,-0.009871,0.176113,0.0,28.302082,-0.01288,0.0,7104.455375,5.645318,0.058672,1.0,0.0,0.0,0.0,7048.816798,6.437433,1021.0,1.0,150.775769,7.0,-0.044782,35.045318,126.163146,35.045313,-0.020171,-3.5e-05,-0.064873,-0.0119,0.000208,0.01099,0.2035,0.0,0.0,0.0,0.0,0.0,-9999.0,-9999.0,-9999.0,-9999.0,-9999.0,-9999.0,-9999.0,-9999.0,-9999.0,-9999.0,-9999.0,-9999.0,-9999.0,-9999.0
P25_AV0_4_interaction,active_and_state_lat_and_long_zero_last_source_row_continuous_segment,P25,AV0,4,off_ramp,P25_AV0_4,P25_AV0.1.asc,HV4,60,driver_number,18514,1,308566.67,308566.6668,4.0,4.0,28.302184,101.887863,229.0,6.286865,-7104.457618,-0.000144,0.180738,0.0,28.30198,-0.012908,0.0,7104.926275,5.672801,0.058778,1.0,0.0,0.0,0.0,7049.400007,6.469064,1021.0,1.0,151.359836,7.0,-0.045231,35.042402,126.152646,35.042396,-0.020122,-3.6e-05,-0.229755,-0.011801,-0.000286,0.01099,0.20325,0.0,0.0,0.0,0.0,0.0,-9999.0,-9999.0,-9999.0,-9999.0,-9999.0,-9999.0,-9999.0,-9999.0,-9999.0,-9999.0,-9999.0,-9999.0,-9999.0,-9999.0
P25_AV0_4_interaction,active_and_state_lat_and_long_zero_last_source_row_continuous_segment,P25,AV0,4,off_ramp,P25_AV0_4,P25_AV0.1.asc,HV4,60,driver_number,18515,1,308583.33,308583.334,4.0,4.0,28.301999,101.887197,229.0,6.758563,-7104.928539,0.000179,0.189026,0.0,28.301979,-0.012985,0.0,7105.39717,5.700334,0.058887,1.0,0.0,0.0,0.0,7049.983173,6.500689,1021.0,1.0,151.943858,7.0,-0.045682,35.037971,126.136697,35.037966,-0.02007,-5.1e-05,-0.276047,-0.011447,-0.001397,0.01099,0.20325,0.0,0.0,0.0,0.0,0.0,-9999.0,-9999.0,-9999.0,-9999.0,-9999.0,-9999.0,-9999.0,-9999.0,-9999.0,-9999.0,-9999.0,-9999.0,-9999.0,-9999.0
P25_AV0_4_interaction,active_and_state_lat_and_long_zero_last_source_row_continuous_segment,P25,AV0,4,off_ramp,P25_AV0_4,P25_AV0.1.asc,HV4,60,driver_number,18516,1,308600.0,308600.0001,4.0,4.0,28.301978,101.88712,229.0,7.23026,-7105.399457,-8.3e-05,0.194085,0.0,28.30198,-0.013058,0.0,7105.868062,5.727919,0.059002,1.0,0.0,0.0,0.0,7050.56627,6.532307,1021.0,1.0,152.527812,7.0,-0.046137,35.03371,126.121355,35.033704,-0.020008,-8.8e-05,-0.238941,-0.010714,-0.002885,0.01099,0.20325,0.0,0.0,0.0,0.0,0.0,-9999.0,-9999.0,-9999.0,-9999.0,-9999.0,-9999.0,-9999.0,-9999.0,-9999.0,-9999.0,-9999.0,-9999.0,-9999.0,-9999.0
P25_AV0_4_interaction,active_and_state_lat_and_long_zero_last_source_row_continuous_segment,P25,AV0,4,off_ramp,P25_AV0_4,P25_AV0.1.asc,HV4,60,driver_number,18517,1,308616.67,308616.6668,4.0,4.0,28.30198,101.887128,229.0,7.701956,-7105.870371,-0.000221,0.202703,0.0,28.301976,-0.013191,0.0,7106.338952,5.755559,0.059123,1.0,0.0,0.0,0.0,7051.149299,6.563918,1021.0,1.0,153.111696,7.0,-0.046594,35.03025,126.108899,35.030244,-0.019931,-0.00015,-0.185856,-0.009667,-0.00413,0.01099,0.20325,0.0,0.0,0.0,0.0,0.0,-9999.0,-9999.0,-9999.0,-9999.0,-9999.0,-9999.0,-9999.0,-9999.0,-9999.0,-9999.0,-9999.0,-9999.0,-9999.0,-9999.0
P25_AV0_4_interaction,active_and_state_lat_and_long_zero_last_source_row_continuous_segment,P25,AV0,4,off_ramp,P25_AV0_4,P25_AV0.1.asc,HV4,60,driver_number,18518,1,308633.33,308633.3343,4.0,4.0,28.301978,101.887121,229.0,8.173653,-7106.341282,-0.004145,0.210753,0.0,28.30197,-0.013358,0.0,7106.809838,5.783256,0.05925,1.0,0.0,0.0,0.0,7051.732269,6.595524,1021.0,1.0,153.695523,7.0,-0.047055,35.027497,126.098989,35.027491,-0.019832,-0.000225,-0.148979,-0.008493,-0.004651,0.01099,0.202,0.0,0.0,0.0,0.0,0.0,-9999.0,-9999.0,-9999.0,-9999.0,-9999.0,-9999.0,-9999.0,-9999.0,-9999.0,-9999.0,-9999.0,-9999.0,-9999.0,-9999.0
P25_AV0_4_interaction,active_and_state_lat_and_long_zero_last_source_row_continuous_segment,P25,AV0,4,off_ramp,P25_AV0_4,P25_AV0.1.asc,HV4,60,driver_number,18519,1,308650.0,308650.0001,4.0,4.0,28.301973,101.887104,229.0,8.645349,-7106.812191,-0.001643,0.219215,0.0,28.301938,-0.013598,0.0,7107.280719,5.811011,0.059383,1.0,0.0,0.0,0.0,7052.315193,6.627124,1021.0,1.0,154.279302,7.0,-0.047518,35.025437,126.091571,35.025431,-0.019709,-0.0003,-0.106446,-0.007406,-0.004301,0.01099,0.202,0.0,0.0,0.0,0.0,0.0,-9999.0,-9999.0,-9999.0,-9999.0,-9999.0,-9999.0,-9999.0,-9999.0,-9999.0,-9999.0,-9999.0,-9999.0,-9999.0,-9999.0
P25_AV0_4_interaction,active_and_state_lat_and_long_zero_last_source_row_continuous_segment,P25,AV0,4,off_ramp,P25_AV0_4,P25_AV0.1.asc,HV4,60,driver_number,18520,1,308666.68,308666.6765,4.0,4.0,28.301935,101.886966,229.0,9.117045,-7107.283095,-0.00389,0.229388,0.0,28.301868,-0.013898,0.0,7107.751597,5.838828,0.059524,1.0,0.0,0.0,0.0,7052.898082,6.65872,1021.0,1.0,154.863047,7.0,-0.047983,35.024009,126.086433,35.024004,-0.019561,-0.000361,-0.075594,-0.006565,-0.003205,0.01099,0.2015,0.0,0.0,0.0,0.0,0.0,-9999.0,-9999.0,-9999.0,-9999.0,-9999.0,-9999.0,-9999.0,-9999.0,-9999.0,-9999.0,-9999.0,-9999.0,-9999.0,-9999.0
P25_AV0_4_interaction,active_and_state_lat_and_long_zero_last_source_row_continuous_segment,P25,AV0,4,off_ramp,P25_AV0_4,P25_AV0.1.asc,HV4,60,driver_number,18521,1,308683.33,308683.3344,4.0,4.0,28.301924,101.886925,229.0,9.58874,-7107.753996,0.003102,0.239036,0.0,28.301859,-0.014246,0.0,7108.22247,5.866708,0.059672,1.0,0.0,0.0,0.0,7053.480946,6.690314,1021.0,1.0,155.446767,7.0,-0.04845,35.022942,126.082593,35.022937,-0.019387,-0.0004,-0.056784,-0.006073,-0.001628,0.01099,0.1995,0.0,0.0,0.0,0.0,0.0,-9999.0,-9999.0,-9999.0,-9999.0,-9999.0,-9999.0,-9999.0,-9999.0,-9999.0,-9999.0,-9999.0,-9999.0,-9999.0,-9999.0
P25_AV0_4_interaction,active_and_state_lat_and_long_zero_last_source_row_continuous_segment,P25,AV0,4,off_ramp,P25_AV0_4,P25_AV0.1.asc,HV4,60,driver_number,18522,1,308700.0,308700.0007,4.0,4.0,28.301834,101.886604,229.0,10.060433,-7108.224891,-0.0001,0.248162,0.0,28.301888,-0.014648,0.0,7108.69334,5.894655,0.059828,1.0,0.0,0.0,0.0,7054.063792,6.721904,1021.0,1.0,156.030468,7.0,-0.048918,35.022087,126.079512,35.022081,-0.019193,-0.00041,-0.04871,-0.005966,9.7e-05,0.01099,0.19925,0.0,0.0,0.0,0.0,0.0,-9999.0,-9999.0,-9999.0,-9999.0,-9999.0,-9999.0,-9999.0,-9999.0,-9999.0,-9999.0,-9999.0,-9999.0,-9999.0,-9999.0
P25_AV0_4_interaction,active_and_state_lat_and_long_zero_last_source_row_continuous_segment,P25,AV0,4,off_ramp,P25_AV0_4,P25_AV0.1.asc,HV4,60,driver_number,18523,1,308716.68,308716.6769,4.0,4.0,28.301884,101.886781,229.0,10.532127,-7108.695784,0.003501,0.256108,0.0,28.301882,-0.015136,0.0,7109.164205,5.922671,0.059993,1.0,0.0,1.0,0.0,7054.646623,6.753492,1021.0,1.0,156.614154,7.0,-0.049388,35.021336,126.076808,35.02133,-0.018981,-0.000393,-0.042793,-0.006221,0.001585,0.01099,0.19925,0.0,0.0,0.0,0.0,0.0,-9999.0,-9999.0,-9999.0,-9999.0,-9999.0,-9999.0,-9999.0,-9999.0,-9999.0,-9999.0,-9999.0,-9999.0,-9999.0,-9999.0
P25_AV0_4_interaction,active_and_state_lat_and_long_zero_last_source_row_continuous_segment,P25,AV0,4,off_ramp,P25_AV0_4,P25_AV0.1.asc,HV4,60,driver_number,18524,1,308733.34,308733.335,4.0,4.0,28.301886,101.886791,229.0,11.00382,-7109.166672,0.010306,0.269933,0.0,28.301996,-0.015715,0.0,7109.635066,5.95076,0.060167,1.0,0.0,1.0,0.0,7055.229441,6.785079,1021.0,1.0,157.197827,7.0,-0.049859,35.020662,126.074383,35.020657,-0.018758,-0.000355,-0.039157,-0.006775,0.002711,0.01099,0.1985,0.0,0.0,0.0,0.0,0.0,-9999.0,-9999.0,-9999.0,-9999.0,-9999.0,-9999.0,-9999.0,-9999.0,-9999.0,-9999.0,-9999.0,-9999.0,-9999.0,-9999.0
P25_AV0_4_interaction,active_and_state_lat_and_long_zero_last_source_row_continuous_segment,P25,AV0,4,off_ramp,P25_AV0_4,P25_AV0.1.asc,HV4,60,driver_number,18525,1,308750.0,308750.0004,4.0,4.0,28.30191,101.886878,229.0,11.475513,-7109.637557,-0.000295,0.27856,0.0,28.302111,-0.016352,0.0,7110.105926,5.978923,0.060349,1.0,0.0,1.0,0.0,7055.812248,6.816663,1021.0,1.0,157.781489,7.0,-0.050332,35.020022,126.072078,35.020017,-0.018526,-0.000303,-0.038273,-0.007556,0.003338,0.01099,0.1985,0.0,0.0,0.0,0.0,0.0,-9999.0,-9999.0,-9999.0,-9999.0,-9999.0,-9999.0,-9999.0,-9999.0,-9999.0,-9999.0,-9999.0,-9999.0,-9999.0,-9999.0
P25_AV0_4_interaction,active_and_state_lat_and_long_zero_last_source_row_continuous_segment,P25,AV0,4,off_ramp,P25_AV0_4,P25_AV0.1.asc,HV4,60,driver_number,18526,1,308766.67,308766.6674,4.0,4.0,28.302081,101.887492,229.0,11.947209,-7110.108439,-0.001305,0.290141,0.0,28.302095,-0.017097,0.0,7110.576781,6.007165,0.06054,1.0,0.0,1.0,0.0,7056.395044,6.848244,1021.0,1.0,158.36514,7.0,-0.050806,35.019378,126.069759,35.019373,-0.018291,-0.000245,-0.039051,-0.008497,0.003544,0.01099,0.1985,0.002198,0.0,0.0,0.0,0.0,-9999.0,-9999.0,-9999.0,-9999.0,-9999.0,-9999.0,-9999.0,-9999.0,-9999.0,-9999.0,-9999.0,-9999.0,-9999.0,-9999.0
P25_AV0_4_interaction,active_and_state_lat_and_long_zero_last_source_row_continuous_segment,P25,AV0,4,off_ramp,P25_AV0_4,P25_AV0.1.asc,HV4,60,driver_number,18527,1,308783.33,308783.334,4.0,4.0,28.302107,101.887586,229.0,12.418905,-7110.579319,-0.004891,0.300711,0.0,28.302072,-0.017918,0.0,7111.047632,6.035488,0.060741,1.0,0.0,1.0,0.0,7056.977829,6.879823,1021.0,1.0,158.94878,7.0,-0.051283,35.018449,126.066416,35.018444,-0.018056,-0.000185,-0.060887,-0.009511,0.003488,0.01099,0.1985,0.0,0.0,0.0,0.0,0.0,-9999.0,-9999.0,-9999.0,-9999.0,-9999.0,-9999.0,-9999.0,-9999.0,-9999.0,-9999.0,-9999.0,-9999.0,-9999.0,-9999.0
P25_AV0_4_interaction,active_and_state_lat_and_long_zero_last_source_row_continuous_segment,P25,AV0,4,off_ramp,P25_AV0_4,P25_AV0.1.asc,HV4,60,driver_number,18528,1,308800.0,308800.0009,4.0,4.0,28.302083,101.887498,229.0,12.8906,-7111.050193,-0.000695,0.311401,0.0,28.301961,-0.018799,0.0,7111.518477,6.063894,0.06095,1.0,0.0,1.0,0.0,7057.5606,6.911399,1021.0,1.0,159.532406,7.0,-0.051762,35.017665,126.063593,35.01766,-0.017826,-0.00013,-0.043719,-0.010556,0.003198,0.01099,0.1985,0.0,0.0,0.0,0.0,0.0,-9999.0,-9999.0,-9999.0,-9999.0,-9999.0,-9999.0,-9999.0,-9999.0,-9999.0,-9999.0,-9999.0,-9999.0,-9999.0,-9999.0
P25_AV0_4_interaction,active_and_state_lat_and_long_zero_last_source_row_continuous_segment,P25,AV0,4,off_ramp,P25_AV0_4,P25_AV0.1.asc,HV4,60,driver_number,18529,1,308816.67,308816.6676,4.0,4.0,28.302029,101.887305,229.0,13.362294,-7111.521062,0.00015,0.319405,0.0,28.301967,-0.019755,0.0,7111.989315,6.092386,0.061169,1.0,0.0,1.0,0.0,7058.143358,6.942972,1021.0,1.0,160.116018,7.0,-0.052243,35.016924,126.060926,35.01692,-0.017601,-8.1e-05,-0.045101,-0.011571,0.002785,0.01099,0.1985,0.0,0.0,0.0,0.0,0.0,-9999.0,-9999.0,-9999.0,-9999.0,-9999.0,-9999.0,-9999.0,-9999.0,-9999.0,-9999.0,-9999.0,-9999.0,-9999.0,-9999.0
P25_AV0_4_interaction,active_and_state_lat_and_long_zero_last_source_row_continuous_segment,P25,AV0,4,off_ramp,P25_AV0_4,P25_AV0.1.asc,HV4,60,driver_number,18530,1,308833.33,308833.3343,4.0,4.0,28.301954,101.887033,229.0,13.833987,-7111.991924,-0.000649,0.332225,0.0,28.30196,-0.0208,0.0,7112.460148,6.120969,0.061396,1.0,0.0,1.0,0.0,7058.726103,6.974541,1021.0,1.0,160.699617,7.0,-0.052728,35.016154,126.058153,35.016149,-0.017384,-3.9e-05,-0.047344,-0.012533,0.002388,0.01099,0.1995,0.0,0.0,0.0,0.0,0.0,-9999.0,-9999.0,-9999.0,-9999.0,-9999.0,-9999.0,-9999.0,-9999.0,-9999.0,-9999.0,-9999.0,-9999.0,-9999.0,-9999.0
P25_AV0_4_interaction,active_and_state_lat_and_long_zero_last_source_row_continuous_segment,P25,AV0,4,off_ramp,P25_AV0_4,P25_AV0.1.asc,HV4,60,driver_number,18531,1,308850.0,308850.0009,4.0,4.0,28.301966,101.887077,229.0,14.305679,-7112.462781,-0.012353,0.345835,0.0,28.301944,-0.021903,0.0,7112.930975,6.149643,0.061632,1.0,0.0,1.0,0.0,7059.308836,7.006106,1021.0,1.0,161.283204,7.0,-0.053215,35.015334,126.055204,35.01533,-0.017176,-2e-06,-0.050123,-0.013424,0.002033,0.01099,0.19975,0.0,0.0,0.0,0.0,0.0,-9999.0,-9999.0,-9999.0,-9999.0,-9999.0,-9999.0,-9999.0,-9999.0,-9999.0,-9999.0,-9999.0,-9999.0,-9999.0,-9999.0
P25_AV0_4_interaction,active_and_state_lat_and_long_zero_last_source_row_continuous_segment,P25,AV0,4,off_ramp,P25_AV0_4,P25_AV0.1.asc,HV4,60,driver_number,18532,1,308866.76,308866.7604,4.0,4.0,28.301952,101.887028,229.0,14.77737,-7112.933633,0.009103,0.35407,0.0,28.301752,-0.023033,0.0,7113.401795,6.178414,0.061876,1.0,0.0,1.0,0.0,7059.891555,7.037667,1021.0,1.0,161.866777,7.0,-0.053706,35.014485,126.052146,35.014481,-0.016978,2.8e-05,-0.051386,-0.014239,0.001715,0.01099,0.19975,0.0,0.0,0.0,0.0,0.0,-9999.0,-9999.0,-9999.0,-9999.0,-9999.0,-9999.0,-9999.0,-9999.0,-9999.0,-9999.0,-9999.0,-9999.0,-9999.0,-9999.0
P25_AV0_4_interaction,active_and_state_lat_and_long_zero_last_source_row_continuous_segment,P25,AV0,4,off_ramp,P25_AV0_4,P25_AV0.1.asc,HV4,60,driver_number,18533,1,308883.33,308883.3341,4.0,4.0,28.301838,101.886618,229.0,15.249059,-7113.404478,0.011132,0.36186,0.0,28.301994,-0.024232,0.0,7113.872607,6.207282,0.062128,1.0,0.0,1.0,0.0,7060.47426,7.069223,1021.0,1.0,162.450336,7.0,-0.054201,35.013622,126.049039,35.013618,-0.01679,5.4e-05,-0.052191,-0.014974,0.00143,0.01099,0.20025,0.0,0.0,0.0,0.0,0.0,-9999.0,-9999.0,-9999.0,-9999.0,-9999.0,-9999.0,-9999.0,-9999.0,-9999.0,-9999.0,-9999.0,-9999.0,-9999.0,-9999.0
P25_AV0_4_interaction,active_and_state_lat_and_long_zero_last_source_row_continuous_segment,P25,AV0,4,off_ramp,P25_AV0_4,P25_AV0.1.asc,HV4,60,driver_number,18534,1,308900.0,308900.0006,4.0,4.0,28.301825,101.88657,229.0,15.720747,-7113.875315,0.001805,0.372771,0.0,28.302124,-0.025488,0.0,7114.343417,6.236253,0.062388,1.0,0.0,1.0,0.0,7061.056952,7.100775,1021.0,1.0,163.033881,7.0,-0.0547,35.012742,126.045871,35.012738,-0.016612,7.5e-05,-0.053109,-0.015635,0.001175,0.01099,0.20025,0.0,0.0,0.0,0.0,0.0,-9999.0,-9999.0,-9999.0,-9999.0,-9999.0,-9999.0,-9999.0,-9999.0,-9999.0,-9999.0,-9999.0,-9999.0,-9999.0,-9999.0
P25_AV0_4_interaction,active_and_state_lat_and_long_zero_last_source_row_continuous_segment,P25,AV0,4,off_ramp,P25_AV0_4,P25_AV0.1.asc,HV4,60,driver_number,18535,1,308916.67,308916.6667,4.0,4.0,28.302083,101.8875,229.0,16.192438,-7114.346151,0.002885,0.382778,0.0,28.30209,-0.026774,0.0,7114.814223,6.265327,0.062654,1.0,0.0,1.0,0.0,7061.639628,7.132321,1021.0,1.0,163.617411,7.0,-0.055204,35.011854,126.042673,35.01185,-0.016444,9.2e-05,-0.0534,-0.016228,0.000946,0.01099,0.202,0.0,0.0,0.0,0.0,0.0,-9999.0,-9999.0,-9999.0,-9999.0,-9999.0,-9999.0,-9999.0,-9999.0,-9999.0,-9999.0,-9999.0,-9999.0,-9999.0,-9999.0
P25_AV0_4_interaction,active_and_state_lat_and_long_zero_last_source_row_continuous_segment,P25,AV0,4,off_ramp,P25_AV0_4,P25_AV0.1.asc,HV4,60,driver_number,18536,1,308933.34,308933.3356,4.0,4.0,28.302136,101.887688,229.0,16.664129,-7114.816982,0.006055,0.394936,0.0,28.302205,-0.028076,0.0,7115.285021,6.294507,0.062928,1.0,0.0,1.0,0.0,7062.222291,7.163862,1021.0,1.0,164.200926,7.0,-0.055711,35.010963,126.039467,35.010959,-0.016287,0.000106,-0.053448,-0.016763,0.00074,0.01099,0.20575,0.0,0.0,0.0,0.0,0.0,-9999.0,-9999.0,-9999.0,-9999.0,-9999.0,-9999.0,-9999.0,-9999.0,-9999.0,-9999.0,-9999.0,-9999.0,-9999.0,-9999.0
P25_AV0_4_interaction,active_and_state_lat_and_long_zero_last_source_row_continuous_segment,P25,AV0,4,off_ramp,P25_AV0_4,P25_AV0.1.asc,HV4,60,driver_number,18537,1,308950.0,308950.0007,4.0,4.0,28.302111,101.887599,229.0,17.13582,-7115.287806,-0.004828,0.404785,0.0,28.302214,-0.029355,0.0,7115.755815,6.323797,0.063207,1.0,0.0,1.0,0.0,7062.804939,7.195398,1021.0,1.0,164.784426,7.0,-0.056224,35.010073,126.036262,35.010069,-0.016139,0.000117,-0.053396,-0.017248,0.000551,0.01099,0.2105,0.0,0.0,0.0,0.0,0.0,-9999.0,-9999.0,-9999.0,-9999.0,-9999.0,-9999.0,-9999.0,-9999.0,-9999.0,-9999.0,-9999.0,-9999.0,-9999.0,-9999.0
P25_AV0_4_interaction,active_and_state_lat_and_long_zero_last_source_row_continuous_segment,P25,AV0,4,off_ramp,P25_AV0_4,P25_AV0.1.asc,HV4,60,driver_number,18538,1,308966.67,308966.667,4.0,4.0,28.302252,101.888106,229.0,17.607512,-7115.758625,-0.001639,0.416534,0.0,28.302145,-0.030636,0.0,7116.226601,6.353199,0.063493,1.0,0.0,1.0,0.0,7063.387572,7.226928,1021.0,1.0,165.367912,7.0,-0.056741,35.009184,126.033062,35.00918,-0.016002,0.000124,-0.053322,-0.017691,0.000379,0.01099,0.21825,0.0,0.0,0.0,0.0,0.0,-9999.0,-9999.0,-9999.0,-9999.0,-9999.0,-9999.0,-9999.0,-9999.0,-9999.0,-9999.0,-9999.0,-9999.0,-9999.0,-9999.0
P25_AV0_4_interaction,active_and_state_lat_and_long_zero_last_source_row_continuous_segment,P25,AV0,4,off_ramp,P25_AV0_4,P25_AV0.1.asc,HV4,60,driver_number,18539,1,308983.33,308983.334,4.0,4.0,28.30217,101.887813,229.0,18.079202,-7116.229437,-0.012839,0.427673,0.0,28.302112,-0.031886,0.0,7116.69738,6.382716,0.063784,1.0,0.0,1.0,0.0,7063.970191,7.258452,1021.0,1.0,165.951382,7.0,-0.057262,35.008297,126.029871,35.008294,-0.015873,0.000129,-0.052927,-0.018097,0.000226,0.01099,0.21825,0.0,0.0,0.0,0.0,0.0,-9999.0,-9999.0,-9999.0,-9999.0,-9999.0,-9999.0,-9999.0,-9999.0,-9999.0,-9999.0,-9999.0,-9999.0,-9999.0,-9999.0
P25_AV0_4_interaction,active_and_state_lat_and_long_zero_last_source_row_continuous_segment,P25,AV0,4,off_ramp,P25_AV0_4,P25_AV0.1.asc,HV4,60,driver_number,18540,1,309000.0,309000.0001,4.0,4.0,28.302128,101.887659,229.0,18.550891,-7116.700242,-0.006022,0.437091,0.0,28.301876,-0.033123,0.0,7117.168149,6.412352,0.06408,1.0,0.0,1.0,0.0,7064.552795,7.289971,1021.0,1.0,166.534838,7.0,-0.057789,35.007427,126.026737,35.007423,-0.015754,0.000131,-0.051827,-0.018473,9.3e-05,0.01099,0.22725,0.0,0.0,0.0,0.0,0.0,-9999.0,-9999.0,-9999.0,-9999.0,-9999.0,-9999.0,-9999.0,-9999.0,-9999.0,-9999.0,-9999.0,-9999.0,-9999.0,-9999.0
P25_AV0_4_interaction,active_and_state_lat_and_long_zero_last_source_row_continuous_segment,P25,AV0,4,off_ramp,P25_AV0_4,P25_AV0.1.asc,HV4,60,driver_number,18541,1,309016.67,309016.6675,4.0,4.0,28.302001,101.887202,229.0,19.022577,-7117.171038,-0.00723,0.449664,0.0,28.301773,-0.034334,0.0,7117.638907,6.442108,0.064382,1.0,0.0,1.0,0.0,7065.135385,7.321484,1021.0,1.0,167.11828,7.0,-0.058321,35.006571,126.023656,35.006568,-0.015645,0.000132,-0.051079,-0.018823,-1.6e-05,0.01099,0.22725,0.0,0.0,0.0,0.0,0.0,-9999.0,-9999.0,-9999.0,-9999.0,-9999.0,-9999.0,-9999.0,-9999.0,-9999.0,-9999.0,-9999.0,-9999.0,-9999.0,-9999.0
P25_AV0_4_interaction,active_and_state_lat_and_long_zero_last_source_row_continuous_segment,P25,AV0,4,off_ramp,P25_AV0_4,P25_AV0.1.asc,HV4,60,driver_number,18542,1,309033.33,309033.3334,4.0,4.0,28.301821,101.886556,229.0,19.494259,-7117.641823,-0.000796,0.46389,0.0,28.30167,-0.035473,0.0,7118.109656,6.471988,0.064689,1.0,0.0,1.0,0.0,7065.717961,7.352991,1021.0,1.0,167.701707,7.0,-0.058859,35.005725,126.020609,35.005721,-0.015544,0.000131,-0.050529,-0.019148,-9.9e-05,0.01099,0.23675,0.0,0.0,0.0,0.0,0.0,-9999.0,-9999.0,-9999.0,-9999.0,-9999.0,-9999.0,-9999.0,-9999.0,-9999.0,-9999.0,-9999.0,-9999.0,-9999.0,-9999.0
P25_AV0_4_interaction,active_and_state_lat_and_long_zero_last_source_row_continuous_segment,P25,AV0,4,off_ramp,P25_AV0_4,P25_AV0.1.asc,HV4,60,driver_number,18543,1,309050.0,309050.0001,4.0,4.0,28.301707,101.886147,229.0,19.965939,-7118.112598,0.003762,0.472094,0.0,28.301652,-0.03657,0.0,7118.580395,6.501996,0.065002,1.0,0.0,0.0,0.0,7066.300523,7.384491,1021.0,1.0,168.28512,7.0,-0.059401,35.00489,126.017604,35.004886,-0.015452,0.000128,-0.049892,-0.019453,-0.000162,0.01099,0.2465,0.0,0.0,0.0,0.0,0.0,-9999.0,-9999.0,-9999.0,-9999.0,-9999.0,-9999.0,-9999.0,-9999.0,-9999.0,-9999.0,-9999.0,-9999.0,-9999.0,-9999.0
P25_AV0_4_interaction,active_and_state_lat_and_long_zero_last_source_row_continuous_segment,P25,AV0,4,off_ramp,P25_AV0_4,P25_AV0.1.asc,HV4,60,driver_number,18544,1,309066.68,309066.6775,4.0,4.0,28.301658,101.885969,229.0,20.437615,-7118.583365,0.000214,0.484741,0.0,28.301696,-0.037637,0.0,7119.051126,6.532135,0.06532,1.0,0.0,0.0,0.0,7066.883072,7.415986,1021.0,1.0,168.868519,7.0,-0.059949,35.004062,126.014624,35.004059,-0.015369,0.000125,-0.049439,-0.019737,-0.000209,0.01099,0.25675,0.0,0.0,0.0,0.0,0.0,-9999.0,-9999.0,-9999.0,-9999.0,-9999.0,-9999.0,-9999.0,-9999.0,-9999.0,-9999.0,-9999.0,-9999.0,-9999.0,-9999.0
P25_AV0_4_interaction,active_and_state_lat_and_long_zero_last_source_row_continuous_segment,P25,AV0,4,off_ramp,P25_AV0_4,P25_AV0.1.asc,HV4,60,driver_number,18545,1,309083.33,309083.3336,4.0,4.0,28.301678,101.88604,229.0,20.909291,-7119.054123,-0.003891,0.499806,0.0,28.301649,-0.038659,0.0,7119.521849,6.562408,0.065643,1.0,0.0,0.0,0.0,7067.465607,7.447474,1021.0,1.0,169.451904,7.0,-0.060502,35.003256,126.011723,35.003253,-0.015293,0.000121,-0.047564,-0.020003,-0.000244,0.01099,0.2665,0.0,0.0,0.0,0.0,0.0,-9999.0,-9999.0,-9999.0,-9999.0,-9999.0,-9999.0,-9999.0,-9999.0,-9999.0,-9999.0,-9999.0,-9999.0,-9999.0,-9999.0
P25_AV0_4_interaction,active_and_state_lat_and_long_zero_last_source_row_continuous_segment,P25,AV0,4,off_ramp,P25_AV0_4,P25_AV0.1.asc,HV4,60,driver_number,18546,1,309100.0,309100.0022,4.0,4.0,28.301692,101.886091,229.0,21.380966,-7119.524873,-0.003755,0.509968,0.0,28.301561,-0.039628,0.0,7119.992562,6.592818,0.065973,1.0,0.0,0.0,0.0,7068.048129,7.478956,1021.0,1.0,170.035276,7.0,-0.061061,35.002509,126.009032,35.002506,-0.015226,0.000117,-0.042732,-0.020253,-0.000267,0.01099,0.2745,0.0,0.0,0.0,0.0,0.0,-9999.0,-9999.0,-9999.0,-9999.0,-9999.0,-9999.0,-9999.0,-9999.0,-9999.0,-9999.0,-9999.0,-9999.0,-9999.0,-9999.0
P25_AV0_4_interaction,active_and_state_lat_and_long_zero_last_source_row_continuous_segment,P25,AV0,4,off_ramp,P25_AV0_4,P25_AV0.1.asc,HV4,60,driver_number,18547,1,309116.67,309116.6678,4.0,4.0,28.30161,101.885798,229.0,21.852639,-7119.995614,0.013589,0.520423,0.0,28.301572,-0.040608,0.0,7120.463264,6.62337,0.066309,1.0,0.0,0.0,0.0,7068.630639,7.510432,1021.0,1.0,170.618636,7.0,-0.061626,35.00187,126.006731,35.001866,-0.015168,0.000112,-0.035263,-0.020492,-0.000273,0.01099,0.2745,0.0,0.0,0.0,0.0,0.0,-9999.0,-9999.0,-9999.0,-9999.0,-9999.0,-9999.0,-9999.0,-9999.0,-9999.0,-9999.0,-9999.0,-9999.0,-9999.0,-9999.0
P25_AV0_4_interaction,active_and_state_lat_and_long_zero_last_source_row_continuous_segment,P25,AV0,4,off_ramp,P25_AV0_4,P25_AV0.1.asc,HV4,60,driver_number,18548,1,309133.33,309133.3335,4.0,4.0,28.301523,101.885483,229.0,22.324309,-7120.466345,0.004453,0.529734,0.0,28.301731,-0.041594,0.0,7120.933959,6.654066,0.066652,1.0,0.0,0.0,0.0,7069.213139,7.541901,1021.0,1.0,171.201985,7.0,-0.062196,35.001395,126.005022,35.001392,-0.015117,0.000108,-0.023584,-0.020732,-0.000262,0.01099,0.28375,0.0,0.0,0.0,0.0,0.0,-9999.0,-9999.0,-9999.0,-9999.0,-9999.0,-9999.0,-9999.0,-9999.0,-9999.0,-9999.0,-9999.0,-9999.0,-9999.0,-9999.0
P25_AV0_4_interaction,active_and_state_lat_and_long_zero_last_source_row_continuous_segment,P25,AV0,4,off_ramp,P25_AV0_4,P25_AV0.1.asc,HV4,60,driver_number,18549,1,309150.0,309150.0009,4.0,4.0,28.301679,101.886043,229.0,22.795979,-7120.937068,0.002235,0.541192,0.0,28.301803,-0.042589,0.0,7121.404646,6.684909,0.067001,1.0,0.0,0.0,0.0,7069.795631,7.573364,1021.0,1.0,171.785325,7.0,-0.062773,35.001068,126.003845,35.001065,-0.015074,0.000104,-0.017782,-0.020982,-0.000231,0.01099,0.2865,0.0,0.0,0.0,0.0,0.0,-9999.0,-9999.0,-9999.0,-9999.0,-9999.0,-9999.0,-9999.0,-9999.0,-9999.0,-9999.0,-9999.0,-9999.0,-9999.0,-9999.0
P25_AV0_4_interaction,active_and_state_lat_and_long_zero_last_source_row_continuous_segment,P25,AV0,4,off_ramp,P25_AV0_4,P25_AV0.1.asc,HV4,60,driver_number,18550,1,309166.67,309166.6674,4.0,4.0,28.301761,101.886341,229.0,23.267649,-7121.407783,0.005369,0.549269,0.0,28.301831,-0.04358,0.0,7121.875324,6.715902,0.067356,1.0,0.0,0.0,0.0,7070.378117,7.604821,1021.0,1.0,172.36866,7.0,-0.063354,35.000875,126.003152,35.000872,-0.015039,0.0001,-0.00664,-0.021256,-0.000188,0.01099,0.2865,0.0,0.0,0.0,0.0,0.0,-9999.0,-9999.0,-9999.0,-9999.0,-9999.0,-9999.0,-9999.0,-9999.0,-9999.0,-9999.0,-9999.0,-9999.0,-9999.0,-9999.0
P25_AV0_4_interaction,active_and_state_lat_and_long_zero_last_source_row_continuous_segment,P25,AV0,4,off_ramp,P25_AV0_4,P25_AV0.1.asc,HV4,60,driver_number,18551,1,309183.33,309183.3341,4.0,4.0,28.301814,101.886531,229.0,23.739319,-7121.87849,-0.001025,0.561714,0.0,28.301878,-0.044601,0.0,7122.345992,6.747049,0.067719,1.0,0.0,0.0,0.0,7070.960601,7.636272,1021.0,1.0,172.951992,7.0,-0.063942,35.000752,126.002708,35.000749,-0.015013,9.8e-05,-0.013738,-0.021551,-8.4e-05,0.01099,0.289,0.002198,0.0,0.0,0.0,0.0,-9999.0,-9999.0,-9999.0,-9999.0,-9999.0,-9999.0,-9999.0,-9999.0,-9999.0,-9999.0,-9999.0,-9999.0,-9999.0,-9999.0
P25_AV0_4_interaction,active_and_state_lat_and_long_zero_last_source_row_continuous_segment,P25,AV0,4,off_ramp,P25_AV0_4,P25_AV0.1.asc,HV4,60,driver_number,18552,1,309200.0,309200.0005,4.0,4.0,28.301869,101.886727,229.0,24.210988,-7122.349188,0.002106,0.569578,0.0,28.30184,-0.045632,0.0,7122.816651,6.778351,0.068088,1.0,0.0,0.0,0.0,7071.543082,7.667717,1021.0,1.0,173.535321,7.0,-0.064536,35.00071,126.002555,35.000707,-0.014997,9.6e-05,0.014516,-0.02189,-0.000113,0.01099,0.289,0.0,0.0,0.0,0.0,0.0,-9999.0,-9999.0,-9999.0,-9999.0,-9999.0,-9999.0,-9999.0,-9999.0,-9999.0,-9999.0,-9999.0,-9999.0,-9999.0,-9999.0
P25_AV0_4_interaction,active_and_state_lat_and_long_zero_last_source_row_continuous_segment,P25,AV0,4,off_ramp,P25_AV0_4,P25_AV0.1.asc,HV4,60,driver_number,18553,1,309216.67,309216.6668,4.0,4.0,28.301862,101.886703,229.0,24.682655,-7122.819876,-0.000956,0.582229,0.0,28.301853,-0.046708,0.0,7123.287299,6.809812,0.068463,1.0,0.0,0.0,0.0,7072.125564,7.699156,1021.0,1.0,174.118651,7.0,-0.065136,35.001177,126.004238,35.001174,-0.014991,9.5e-05,0.036247,-0.022265,-5.4e-05,0.01099,0.29025,0.0,0.0,0.0,0.0,0.0,-9999.0,-9999.0,-9999.0,-9999.0,-9999.0,-9999.0,-9999.0,-9999.0,-9999.0,-9999.0,-9999.0,-9999.0,-9999.0,-9999.0
P25_AV0_4_interaction,active_and_state_lat_and_long_zero_last_source_row_continuous_segment,P25,AV0,4,off_ramp,P25_AV0_4,P25_AV0.1.asc,HV4,60,driver_number,18554,1,309233.33,309233.3339,4.0,4.0,28.301849,101.886656,229.0,25.15432,-7123.290554,-0.001676,0.592407,0.0,28.301814,-0.047752,0.0,7123.757935,6.841435,0.068845,1.0,0.0,0.0,0.0,7072.708054,7.730589,1021.0,1.0,174.701988,7.0,-0.065742,35.001969,126.007087,35.001966,-0.014997,9.5e-05,0.055339,-0.022689,-3e-05,0.01099,0.29125,0.0,0.0,0.0,0.0,0.0,-9999.0,-9999.0,-9999.0,-9999.0,-9999.0,-9999.0,-9999.0,-9999.0,-9999.0,-9999.0,-9999.0,-9999.0,-9999.0,-9999.0
P25_AV0_4_interaction,active_and_state_lat_and_long_zero_last_source_row_continuous_segment,P25,AV0,4,off_ramp,P25_AV0_4,P25_AV0.1.asc,HV4,60,driver_number,18555,1,309250.0,309250.0007,4.0,4.0,28.301836,101.886611,229.0,25.625984,-7123.761221,-0.001565,0.602036,0.0,28.301769,-0.048835,0.0,7124.228561,6.873221,0.069233,1.0,0.0,0.0,0.0,7073.290556,7.762016,1021.0,1.0,175.285337,7.0,-0.066355,35.003055,126.010997,35.003051,-0.015016,9.5e-05,0.069857,-0.023166,4.9e-05,0.01099,0.29225,0.0,0.0,0.0,0.0,0.0,-9999.0,-9999.0,-9999.0,-9999.0,-9999.0,-9999.0,-9999.0,-9999.0,-9999.0,-9999.0,-9999.0,-9999.0,-9999.0,-9999.0
P25_AV0_4_interaction,active_and_state_lat_and_long_zero_last_source_row_continuous_segment,P25,AV0,4,off_ramp,P25_AV0_4,P25_AV0.1.asc,HV4,60,driver_number,18556,1,309266.67,309266.6673,4.0,4.0,28.301792,101.88645,229.0,26.097644,-7124.231876,-0.001486,0.611063,0.0,28.301725,-0.049896,0.0,7124.699174,6.905174,0.069626,1.0,0.0,0.0,0.0,7073.873077,7.793438,1021.0,1.0,175.868704,7.0,-0.066974,35.004346,126.015647,35.004343,-0.015049,9.7e-05,0.082793,-0.023697,0.000149,0.01099,0.293,0.0,0.0,0.0,0.0,0.0,-9999.0,-9999.0,-9999.0,-9999.0,-9999.0,-9999.0,-9999.0,-9999.0,-9999.0,-9999.0,-9999.0,-9999.0,-9999.0,-9999.0
P25_AV0_4_interaction,active_and_state_lat_and_long_zero_last_source_row_continuous_segment,P25,AV0,4,off_ramp,P25_AV0_4,P25_AV0.1.asc,HV4,60,driver_number,18557,1,309283.33,309283.334,4.0,4.0,28.301747,101.886289,229.0,26.569302,-7124.70252,-0.006924,0.624052,0.0,28.301584,-0.050973,0.0,7125.169775,6.937297,0.070026,1.0,0.0,0.0,0.0,7074.455618,7.824854,1021.0,1.0,176.452092,7.0,-0.0676,35.005805,126.020897,35.005802,-0.015097,0.0001,0.090866,-0.024266,0.00024,0.01099,0.293,0.0,0.0,0.0,0.0,0.0,-9999.0,-9999.0,-9999.0,-9999.0,-9999.0,-9999.0,-9999.0,-9999.0,-9999.0,-9999.0,-9999.0,-9999.0,-9999.0,-9999.0
P25_AV0_4_interaction,active_and_state_lat_and_long_zero_last_source_row_continuous_segment,P25,AV0,4,off_ramp,P25_AV0_4,P25_AV0.1.asc,HV4,60,driver_number,18558,1,309300.0,309300.0008,4.0,4.0,28.301703,101.886131,229.0,27.040957,-7125.173152,-0.009054,0.631728,0.0,28.301377,-0.052036,0.0,7125.640361,6.969592,0.070432,1.0,0.0,0.0,0.0,7075.038185,7.856265,1021.0,1.0,177.035504,7.0,-0.068232,35.007432,126.026756,35.007429,-0.015164,0.000105,0.101823,-0.024859,0.000312,0.01099,0.29325,0.0,0.0,0.0,0.0,0.0,-9999.0,-9999.0,-9999.0,-9999.0,-9999.0,-9999.0,-9999.0,-9999.0,-9999.0,-9999.0,-9999.0,-9999.0,-9999.0,-9999.0
P25_AV0_4_interaction,active_and_state_lat_and_long_zero_last_source_row_continuous_segment,P25,AV0,4,off_ramp,P25_AV0_4,P25_AV0.1.asc,HV4,60,driver_number,18559,1,309316.67,309316.6676,4.0,4.0,28.301517,101.885461,229.0,27.512607,-7125.64377,0.018677,0.641002,0.0,28.301313,-0.053101,0.0,7126.110932,7.002062,0.070844,1.0,0.0,0.0,0.0,7075.620778,7.887671,1021.0,1.0,177.618943,7.0,-0.068871,35.009207,126.033144,35.009203,-0.015249,0.00011,0.109134,-0.02545,0.000356,0.01099,0.2935,0.0,0.0,0.0,0.0,0.0,-9999.0,-9999.0,-9999.0,-9999.0,-9999.0,-9999.0,-9999.0,-9999.0,-9999.0,-9999.0,-9999.0,-9999.0,-9999.0,-9999.0
P25_AV0_4_interaction,active_and_state_lat_and_long_zero_last_source_row_continuous_segment,P25,AV0,4,off_ramp,P25_AV0_4,P25_AV0.1.asc,HV4,60,driver_number,18560,1,309333.33,309333.3335,4.0,4.0,28.301291,101.884649,229.0,27.984251,-7126.114372,0.001734,0.651842,0.0,28.301554,-0.054197,0.0,7126.581491,7.03471,0.071261,1.0,0.0,0.0,0.0,7076.203402,7.919071,1021.0,1.0,178.202412,7.0,-0.069518,35.011062,126.039824,35.011059,-0.015355,0.000117,0.11293,-0.026015,0.000376,0.01099,0.2935,0.0,0.0,0.0,0.0,0.0,-9999.0,-9999.0,-9999.0,-9999.0,-9999.0,-9999.0,-9999.0,-9999.0,-9999.0,-9999.0,-9999.0,-9999.0,-9999.0,-9999.0
P25_AV0_4_interaction,active_and_state_lat_and_long_zero_last_source_row_continuous_segment,P25,AV0,4,off_ramp,P25_AV0_4,P25_AV0.1.asc,HV4,60,driver_number,18561,1,309350.03,309350.0258,4.0,4.0,28.301458,101.885249,229.0,28.455893,-7126.584963,-0.002072,0.662132,0.0,28.301535,-0.055264,0.0,7127.052041,7.067538,0.071684,1.0,0.0,0.0,0.0,7076.786056,7.950465,1021.0,1.0,178.785911,7.0,-0.070172,35.012978,126.046721,35.012975,-0.015482,0.000123,0.115841,-0.026533,0.000372,0.01099,0.29375,0.0,0.0,0.0,0.0,0.0,-9999.0,-9999.0,-9999.0,-9999.0,-9999.0,-9999.0,-9999.0,-9999.0,-9999.0,-9999.0,-9999.0,-9999.0,-9999.0,-9999.0
P25_AV0_4_interaction,active_and_state_lat_and_long_zero_last_source_row_continuous_segment,P25,AV0,4,off_ramp,P25_AV0_4,P25_AV0.1.asc,HV4,60,driver_number,18562,1,309366.67,309366.6673,4.0,4.0,28.301558,101.885609,229.0,28.927535,-7127.055545,-0.001833,0.672038,0.0,28.301478,-0.056311,0.0,7127.522577,7.10055,0.072111,1.0,0.0,0.0,0.0,7077.368742,7.981854,1021.0,1.0,179.369442,7.0,-0.070833,35.014918,126.053704,35.014914,-0.01563,0.000129,0.116816,-0.026979,0.000344,0.01099,0.29375,0.0,0.0,0.0,0.0,0.0,-9999.0,-9999.0,-9999.0,-9999.0,-9999.0,-9999.0,-9999.0,-9999.0,-9999.0,-9999.0,-9999.0,-9999.0,-9999.0,-9999.0
P25_AV0_4_interaction,active_and_state_lat_and_long_zero_last_source_row_continuous_segment,P25,AV0,4,off_ramp,P25_AV0_4,P25_AV0.1.asc,HV4,60,driver_number,18563,1,309383.36,309383.3569,4.0,4.0,28.301506,101.885423,229.0,29.399175,-7127.526114,-0.009309,0.680797,0.0,28.301426,-0.057314,0.0,7127.9931,7.133747,0.072544,1.0,0.0,1.0,0.0,7077.951462,8.013236,1021.0,1.0,179.953005,7.0,-0.071502,35.016876,126.060755,35.016873,-0.0158,0.000134,0.118014,-0.027335,0.000297,0.01099,0.2935,0.0,0.0,0.0,0.0,0.0,-9999.0,-9999.0,-9999.0,-9999.0,-9999.0,-9999.0,-9999.0,-9999.0,-9999.0,-9999.0,-9999.0,-9999.0,-9999.0,-9999.0
P25_AV0_4_interaction,active_and_state_lat_and_long_zero_last_source_row_continuous_segment,P25,AV0,4,off_ramp,P25_AV0_4,P25_AV0.1.asc,HV4,60,driver_number,18564,1,309400.0,309400.0,4.0,4.0,28.301451,101.885225,229.0,29.87081,-7127.996669,0.000466,0.69434,0.0,28.301292,-0.058307,0.0,7128.463607,7.167133,0.072983,1.0,0.0,1.0,0.0,7078.534214,8.044613,1021.0,1.0,180.536601,7.0,-0.072179,35.018854,126.067875,35.01885,-0.015991,0.000138,0.119137,-0.027586,0.000237,0.01099,0.2935,0.0,0.0,0.0,0.0,0.0,-9999.0,-9999.0,-9999.0,-9999.0,-9999.0,-9999.0,-9999.0,-9999.0,-9999.0,-9999.0,-9999.0,-9999.0,-9999.0,-9999.0
P25_AV0_4_interaction,active_and_state_lat_and_long_zero_last_source_row_continuous_segment,P25,AV0,4,off_ramp,P25_AV0_4,P25_AV0.1.asc,HV4,60,driver_number,18565,1,309416.67,309416.6668,4.0,4.0,28.301336,101.88481,229.0,30.342441,-7128.46721,0.00281,0.702613,0.0,28.301266,-0.059282,0.0,7128.9341,7.200711,0.073427,1.0,0.0,1.0,0.0,7079.116999,8.075984,1021.0,1.0,181.12023,7.0,-0.072863,35.02085,126.07506,35.020846,-0.016203,0.000142,0.119963,-0.027726,0.000172,0.01099,0.2935,0.0,0.0,0.0,0.0,0.0,-9999.0,-9999.0,-9999.0,-9999.0,-9999.0,-9999.0,-9999.0,-9999.0,-9999.0,-9999.0,-9999.0,-9999.0,-9999.0,-9999.0
P25_AV0_4_interaction,active_and_state_lat_and_long_zero_last_source_row_continuous_segment,P25,AV0,4,off_ramp,P25_AV0_4,P25_AV0.1.asc,HV4,60,driver_number,18566,1,309433.33,309433.3341,4.0,4.0,28.301283,101.88462,229.0,30.814068,-7128.937736,-0.006945,0.712251,0.0,28.301215,-0.060243,0.0,7129.404578,7.234483,0.073876,1.0,0.0,1.0,0.0,7079.699818,8.107348,1021.0,1.0,181.703891,7.0,-0.073556,35.022857,126.082283,35.022853,-0.016433,0.000144,0.120694,-0.027753,0.000107,0.01099,0.2935,0.0,0.0,0.0,0.0,0.0,-9999.0,-9999.0,-9999.0,-9999.0,-9999.0,-9999.0,-9999.0,-9999.0,-9999.0,-9999.0,-9999.0,-9999.0,-9999.0,-9999.0
P25_AV0_4_interaction,active_and_state_lat_and_long_zero_last_source_row_continuous_segment,P25,AV0,4,off_ramp,P25_AV0_4,P25_AV0.1.asc,HV4,60,driver_number,18567,1,309450.0,309450.0001,4.0,4.0,28.301276,101.884595,229.0,31.285691,-7129.408249,-0.001374,0.723623,0.0,28.301109,-0.061199,0.0,7129.875041,7.268453,0.074331,1.0,0.0,1.0,0.0,7080.282671,8.138707,1021.0,1.0,182.287587,7.0,-0.074256,35.024871,126.089534,35.024867,-0.016681,0.000145,0.120887,-0.027669,4.4e-05,0.01099,0.29525,0.0,0.0,0.0,0.0,0.0,-9999.0,-9999.0,-9999.0,-9999.0,-9999.0,-9999.0,-9999.0,-9999.0,-9999.0,-9999.0,-9999.0,-9999.0,-9999.0,-9999.0
P25_AV0_4_interaction,active_and_state_lat_and_long_zero_last_source_row_continuous_segment,P25,AV0,4,off_ramp,P25_AV0_4,P25_AV0.1.asc,HV4,60,driver_number,18568,1,309466.67,309466.6674,4.0,4.0,28.301144,101.884118,229.0,31.757309,-7129.878746,-0.001112,0.733637,0.0,28.301061,-0.062156,0.0,7130.345487,7.302623,0.074792,1.0,0.0,1.0,0.0,7080.865558,8.170059,1021.0,1.0,182.871316,7.0,-0.074965,35.026886,126.096789,35.026882,-0.016946,0.000145,0.120864,-0.027479,-1.5e-05,0.01099,0.29525,0.0,0.0,0.0,0.0,0.0,-9999.0,-9999.0,-9999.0,-9999.0,-9999.0,-9999.0,-9999.0,-9999.0,-9999.0,-9999.0,-9999.0,-9999.0,-9999.0,-9999.0
P25_AV0_4_interaction,active_and_state_lat_and_long_zero_last_source_row_continuous_segment,P25,AV0,4,off_ramp,P25_AV0_4,P25_AV0.1.asc,HV4,60,driver_number,18569,1,309483.33,309483.3335,4.0,4.0,28.301084,101.883901,229.0,32.228922,-7130.349227,0.005752,0.740877,0.0,28.301046,-0.063078,0.0,7130.815919,7.336995,0.075258,1.0,0.0,1.0,0.0,7081.448478,8.201405,1021.0,1.0,183.455078,7.0,-0.075681,35.028901,126.104043,35.028897,-0.017225,0.000144,0.120942,-0.02719,-7e-05,0.01099,0.296,0.0,0.0,0.0,0.0,0.0,-9999.0,-9999.0,-9999.0,-9999.0,-9999.0,-9999.0,-9999.0,-9999.0,-9999.0,-9999.0,-9999.0,-9999.0,-9999.0,-9999.0
P25_AV0_4_interaction,active_and_state_lat_and_long_zero_last_source_row_continuous_segment,P25,AV0,4,off_ramp,P25_AV0_4,P25_AV0.1.asc,HV4,60,driver_number,18570,1,309500.0,309500.0009,4.0,4.0,28.301038,101.883736,229.0,32.700531,-7130.819693,0.006133,0.752709,0.0,28.301118,-0.064034,0.0,7131.286335,7.371574,0.07573,1.0,0.0,1.0,0.0,7082.031433,8.232745,1021.0,1.0,184.038874,7.0,-0.076406,35.030916,126.111299,35.030912,-0.017517,0.000143,0.120888,-0.026811,-0.000121,0.01099,0.29875,0.0,0.0,0.0,0.0,0.0,-9999.0,-9999.0,-9999.0,-9999.0,-9999.0,-9999.0,-9999.0,-9999.0,-9999.0,-9999.0,-9999.0,-9999.0,-9999.0,-9999.0
P25_AV0_4_interaction,active_and_state_lat_and_long_zero_last_source_row_continuous_segment,P25,AV0,4,off_ramp,P25_AV0_4,P25_AV0.1.asc,HV4,60,driver_number,18571,1,309516.69,309516.6873,4.0,4.0,28.30108,101.883888,229.0,33.172137,-7131.290145,0.00174,0.760895,0.0,28.301189,-0.064971,0.0,7131.756737,7.40636,0.076207,1.0,0.0,1.0,0.0,7082.614422,8.26408,1021.0,1.0,184.622704,7.0,-0.077138,35.032933,126.118557,35.032928,-0.017819,0.00014,0.12105,-0.026351,-0.000166,0.01099,0.29875,0.0,0.0,0.0,0.0,0.0,-9999.0,-9999.0,-9999.0,-9999.0,-9999.0,-9999.0,-9999.0,-9999.0,-9999.0,-9999.0,-9999.0,-9999.0,-9999.0,-9999.0
P25_AV0_4_interaction,active_and_state_lat_and_long_zero_last_source_row_continuous_segment,P25,AV0,4,off_ramp,P25_AV0_4,P25_AV0.1.asc,HV4,60,driver_number,18572,1,309533.33,309533.3337,4.0,4.0,28.301155,101.884157,229.0,33.64374,-7131.760583,-0.002313,0.769781,0.0,28.30116,-0.065929,0.0,7132.227125,7.441358,0.076691,1.0,0.0,1.0,0.0,7083.197445,8.295408,1021.0,1.0,185.206567,7.0,-0.077878,35.03495,126.125822,35.034946,-0.018131,0.000137,0.120989,-0.025819,-0.000206,0.01099,0.313,0.0,0.0,0.0,0.0,0.0,-9999.0,-9999.0,-9999.0,-9999.0,-9999.0,-9999.0,-9999.0,-9999.0,-9999.0,-9999.0,-9999.0,-9999.0,-9999.0,-9999.0
P25_AV0_4_interaction,active_and_state_lat_and_long_zero_last_source_row_continuous_segment,P25,AV0,4,off_ramp,P25_AV0_4,P25_AV0.1.asc,HV4,60,driver_number,18573,1,309550.0,309550.001,4.0,4.0,28.301188,101.884278,229.0,34.115339,-7132.231007,0.005569,0.777813,0.0,28.301091,-0.066905,0.0,7132.697496,7.476569,0.077179,1.0,0.0,1.0,0.0,7083.780501,8.326731,1021.0,1.0,185.790464,7.0,-0.078625,35.036964,126.13307,35.036959,-0.01845,0.000133,0.120688,-0.025225,-0.000241,0.01099,0.32275,0.0,0.0,0.0,0.0,0.0,-9999.0,-9999.0,-9999.0,-9999.0,-9999.0,-9999.0,-9999.0,-9999.0,-9999.0,-9999.0,-9999.0,-9999.0,-9999.0,-9999.0
P25_AV0_4_interaction,active_and_state_lat_and_long_zero_last_source_row_continuous_segment,P25,AV0,4,off_ramp,P25_AV0_4,P25_AV0.1.asc,HV4,60,driver_number,18574,1,309566.67,309566.6677,4.0,4.0,28.301125,101.884052,229.0,34.586934,-7132.701414,0.005468,0.78371,0.0,28.301205,-0.067907,0.0,7133.16785,7.511995,0.077673,1.0,0.0,1.0,0.0,7084.363592,8.358049,1021.0,1.0,186.374395,7.0,-0.079379,35.038974,126.140305,35.038969,-0.018775,0.000129,0.120515,-0.024578,-0.00027,0.01099,0.33325,0.0,0.0,0.0,0.0,0.0,-9999.0,-9999.0,-9999.0,-9999.0,-9999.0,-9999.0,-9999.0,-9999.0,-9999.0,-9999.0,-9999.0,-9999.0,-9999.0,-9999.0
P25_AV0_4_interaction,active_and_state_lat_and_long_zero_last_source_row_continuous_segment,P25,AV0,4,off_ramp,P25_AV0_4,P25_AV0.1.asc,HV4,60,driver_number,18575,1,309583.33,309583.3342,4.0,4.0,28.301121,101.884037,229.0,35.058524,-7133.171806,0.004393,0.79224,0.0,28.301242,-0.068924,0.0,7133.63819,7.547639,0.078172,1.0,0.0,1.0,0.0,7084.946716,8.389361,1021.0,1.0,186.958359,7.0,-0.080141,35.040981,126.147533,35.040976,-0.019105,0.000124,0.120404,-0.024128,-0.000295,0.011147,0.33325,0.0,0.0,0.0,0.0,0.0,-9999.0,-9999.0,-9999.0,-9999.0,-9999.0,-9999.0,-9999.0,-9999.0,-9999.0,-9999.0,-9999.0,-9999.0,-9999.0,-9999.0
P25_AV0_4_interaction,active_and_state_lat_and_long_zero_last_source_row_continuous_segment,P25,AV0,4,off_ramp,P25_AV0_4,P25_AV0.1.asc,HV4,60,driver_number,18576,1,309600.0,309600.0007,4.0,4.0,28.301234,101.884443,229.0,35.530111,-7133.642183,0.001704,0.798716,0.0,28.301253,-0.069912,0.0,7134.108513,7.583502,0.078675,1.0,0.0,1.0,0.0,7085.529874,8.420668,1021.0,1.0,187.542356,7.0,-0.08091,35.042989,126.154761,35.042984,-0.019439,0.000119,0.120742,-0.023397,-0.000318,0.011147,0.3445,0.0,0.0,0.0,0.0,0.0,-9999.0,-9999.0,-9999.0,-9999.0,-9999.0,-9999.0,-9999.0,-9999.0,-9999.0,-9999.0,-9999.0,-9999.0,-9999.0,-9999.0
P25_AV0_4_interaction,active_and_state_lat_and_long_zero_last_source_row_continuous_segment,P25,AV0,4,off_ramp,P25_AV0_4,P25_AV0.1.asc,HV4,60,driver_number,18577,1,309616.67,309616.6673,4.0,4.0,28.301262,101.884545,229.0,36.001695,-7134.112544,-0.002958,0.806498,0.0,28.301268,-0.070925,0.0,7134.57882,7.619587,0.079183,1.0,0.0,1.0,0.0,7086.113066,8.45197,1021.0,1.0,188.126387,7.0,-0.081685,35.045019,126.162068,35.045013,-0.019773,0.000114,0.122421,-0.023021,-0.000336,0.011304,0.354,0.0,0.0,0.0,0.0,0.0,-9999.0,-9999.0,-9999.0,-9999.0,-9999.0,-9999.0,-9999.0,-9999.0,-9999.0,-9999.0,-9999.0,-9999.0,-9999.0,-9999.0
P25_AV0_4_interaction,active_and_state_lat_and_long_zero_last_source_row_continuous_segment,P25,AV0,4,off_ramp,P25_AV0_4,P25_AV0.1.asc,HV4,60,driver_number,18578,1,309633.33,309633.3339,4.0,4.0,28.30125,101.884502,229.0,36.473274,-7134.582889,-0.003418,0.811465,0.0,28.301165,-0.071934,0.0,7135.04911,7.655895,0.079694,1.0,0.0,1.0,0.0,7086.696292,8.483267,1021.0,1.0,188.710452,7.0,-0.082467,35.047069,126.169449,35.047063,-0.020108,0.000108,0.123453,-0.022244,-0.00035,0.011304,0.36275,0.0,0.0,0.0,0.0,0.0,-9999.0,-9999.0,-9999.0,-9999.0,-9999.0,-9999.0,-9999.0,-9999.0,-9999.0,-9999.0,-9999.0,-9999.0,-9999.0,-9999.0
P25_AV0_4_interaction,active_and_state_lat_and_long_zero_last_source_row_continuous_segment,P25,AV0,4,off_ramp,P25_AV0_4,P25_AV0.1.asc,HV4,60,driver_number,18579,1,309650.0,309650.0001,4.0,4.0,28.301226,101.884414,229.0,36.944847,-7135.053217,-0.00241,0.81682,0.0,28.301078,-0.072978,0.0,7135.51938,7.692428,0.080209,1.0,0.0,1.0,0.0,7087.279553,8.51456,1021.0,1.0,189.294551,7.0,-0.083256,35.049143,126.176913,35.049137,-0.020437,0.000102,0.125537,-0.021459,-0.000358,0.011304,0.3695,0.0,0.0,0.0,0.0,0.0,-9999.0,-9999.0,-9999.0,-9999.0,-9999.0,-9999.0,-9999.0,-9999.0,-9999.0,-9999.0,-9999.0,-9999.0,-9999.0,-9999.0
P25_AV0_4_interaction,active_and_state_lat_and_long_zero_last_source_row_continuous_segment,P25,AV0,4,off_ramp,P25_AV0_4,P25_AV0.1.asc,HV4,60,driver_number,18580,1,309666.67,309666.6669,4.0,4.0,28.301118,101.884027,229.0,37.416414,-7135.523526,-0.006074,0.819526,0.0,28.301003,-0.074005,0.0,7135.989631,7.729187,0.080727,1.0,0.0,1.0,0.0,7087.862848,8.545848,1021.0,1.0,189.878684,7.0,-0.084051,35.051268,126.184565,35.051262,-0.020759,9.6e-05,0.128489,-0.020683,-0.000356,0.011304,0.3695,0.0,0.0,0.0,0.0,0.0,-9999.0,-9999.0,-9999.0,-9999.0,-9999.0,-9999.0,-9999.0,-9999.0,-9999.0,-9999.0,-9999.0,-9999.0,-9999.0,-9999.0
P25_AV0_4_interaction,active_and_state_lat_and_long_zero_last_source_row_continuous_segment,P25,AV0,4,off_ramp,P25_AV0_4,P25_AV0.1.asc,HV4,60,driver_number,18581,1,309683.33,309683.3335,4.0,4.0,28.30104,101.883744,229.0,37.887975,-7135.993817,-0.002694,0.823169,0.0,28.300871,-0.075021,0.0,7136.459863,7.766172,0.081246,1.0,0.0,1.0,0.0,7088.446179,8.577133,1021.0,1.0,190.462853,7.0,-0.084851,35.053433,126.192357,35.053426,-0.021074,9e-05,0.13199,-0.019923,-0.000347,0.011304,0.3735,0.0,0.0,0.0,0.0,0.0,-9999.0,-9999.0,-9999.0,-9999.0,-9999.0,-9999.0,-9999.0,-9999.0,-9999.0,-9999.0,-9999.0,-9999.0,-9999.0,-9999.0
P25_AV0_4_interaction,active_and_state_lat_and_long_zero_last_source_row_continuous_segment,P25,AV0,4,off_ramp,P25_AV0_4,P25_AV0.1.asc,HV4,60,driver_number,18582,1,309700.0,309700.0029,4.0,4.0,28.300934,101.883362,229.0,38.359528,-7136.464089,0.002096,0.828006,0.0,28.300795,-0.076027,0.0,7136.930076,7.803386,0.081767,1.0,0.0,1.0,0.0,7089.029547,8.608414,1021.0,1.0,191.047058,7.0,-0.085658,35.055776,126.200794,35.05577,-0.021381,8.4e-05,0.146589,-0.019194,-0.000327,0.011304,0.3755,0.0,0.0,0.0,0.0,0.0,-9999.0,-9999.0,-9999.0,-9999.0,-9999.0,-9999.0,-9999.0,-9999.0,-9999.0,-9999.0,-9999.0,-9999.0,-9999.0,-9999.0
P25_AV0_4_interaction,active_and_state_lat_and_long_zero_last_source_row_continuous_segment,P25,AV0,4,off_ramp,P25_AV0_4,P25_AV0.1.asc,HV4,60,driver_number,18583,1,309716.67,309716.6679,4.0,4.0,28.30083,101.882989,229.0,38.831075,-7136.934342,0.00195,0.830303,0.0,28.300818,-0.077001,0.0,7137.400269,7.840828,0.082289,1.0,0.0,0.0,0.0,7089.612954,8.639691,1021.0,1.0,191.631302,7.0,-0.086469,35.058387,126.210194,35.058381,-0.021684,7.9e-05,0.163501,-0.018898,-0.000289,0.011461,0.3755,0.0,0.0,0.0,0.0,0.0,-9999.0,-9999.0,-9999.0,-9999.0,-9999.0,-9999.0,-9999.0,-9999.0,-9999.0,-9999.0,-9999.0,-9999.0,-9999.0,-9999.0
P25_AV0_4_interaction,active_and_state_lat_and_long_zero_last_source_row_continuous_segment,P25,AV0,4,off_ramp,P25_AV0_4,P25_AV0.1.asc,HV4,60,driver_number,18584,1,309733.33,309733.3343,4.0,4.0,28.300794,101.882857,229.0,39.302615,-7137.404576,-0.013722,0.834426,0.0,28.300785,-0.07792,0.0,7137.870444,7.878499,0.082811,1.0,0.0,0.0,0.0,7090.196404,8.670965,1021.0,1.0,192.21559,7.0,-0.087287,35.061298,126.220673,35.061291,-0.021978,7.5e-05,0.182156,-0.018279,-0.000226,0.011461,0.37675,0.0,0.0,0.0,0.0,0.0,-9999.0,-9999.0,-9999.0,-9999.0,-9999.0,-9999.0,-9999.0,-9999.0,-9999.0,-9999.0,-9999.0,-9999.0,-9999.0,-9999.0
P25_AV0_4_interaction,active_and_state_lat_and_long_zero_last_source_row_continuous_segment,P25,AV0,4,off_ramp,P25_AV0_4,P25_AV0.1.asc,HV4,60,driver_number,18585,1,309750.0,309750.0009,4.0,4.0,28.300815,101.882935,229.0,39.774149,-7137.874792,0.007768,0.836489,0.0,28.300536,-0.078774,0.0,7138.340599,7.916401,0.083332,1.0,0.0,0.0,0.0,7090.779903,8.702237,1021.0,1.0,192.799925,7.0,-0.088109,35.064432,126.231956,35.064425,-0.022263,7.2e-05,0.190739,-0.017757,-0.000139,0.011461,0.37675,0.0,0.0,0.0,0.0,0.0,-9999.0,-9999.0,-9999.0,-9999.0,-9999.0,-9999.0,-9999.0,-9999.0,-9999.0,-9999.0,-9999.0,-9999.0,-9999.0,-9999.0
P25_AV0_4_interaction,active_and_state_lat_and_long_zero_last_source_row_continuous_segment,P25,AV0,4,off_ramp,P25_AV0_4,P25_AV0.1.asc,HV4,60,driver_number,18586,1,309766.67,309766.6674,4.0,4.0,28.300651,101.882345,229.0,40.245677,-7138.344989,0.010011,0.838693,0.0,28.300722,-0.079567,0.0,7138.810733,7.954533,0.083853,1.0,0.0,0.0,0.0,7091.363454,8.733507,1021.0,1.0,193.384313,7.0,-0.088937,35.067744,126.243879,35.067737,-0.022539,7.1e-05,0.204908,-0.017343,-4.6e-05,0.011461,0.37675,0.0,0.0,0.0,0.0,0.0,-9999.0,-9999.0,-9999.0,-9999.0,-9999.0,-9999.0,-9999.0,-9999.0,-9999.0,-9999.0,-9999.0,-9999.0,-9999.0,-9999.0
P25_AV0_4_interaction,active_and_state_lat_and_long_zero_last_source_row_continuous_segment,P25,AV0,4,off_ramp,P25_AV0_4,P25_AV0.1.asc,HV4,60,driver_number,18587,1,309783.34,309783.3416,4.0,4.0,28.300581,101.882091,229.0,40.717195,-7138.815165,0.000826,0.841376,0.0,28.300801,-0.080256,0.0,7139.280852,7.992897,0.084372,1.0,0.0,0.0,0.0,7091.94706,8.764775,1021.0,1.0,193.968755,7.0,-0.089769,35.07133,126.256787,35.071322,-0.022808,7.1e-05,0.222004,-0.017036,3.5e-05,0.011461,0.37675,0.0,0.0,0.0,0.0,0.0,-9999.0,-9999.0,-9999.0,-9999.0,-9999.0,-9999.0,-9999.0,-9999.0,-9999.0,-9999.0,-9999.0,-9999.0,-9999.0,-9999.0
P25_AV0_4_interaction,active_and_state_lat_and_long_zero_last_source_row_continuous_segment,P25,AV0,4,off_ramp,P25_AV0_4,P25_AV0.1.asc,HV4,60,driver_number,18588,1,309800.0,309800.0009,4.0,4.0,28.300786,101.88283,229.0,41.188711,-7139.285326,-0.009611,0.842662,0.0,28.300718,-0.080888,0.0,7139.750952,8.031493,0.084889,1.0,0.0,0.0,0.0,7092.530726,8.796041,1021.0,1.0,194.553257,7.0,-0.090606,35.075199,126.270716,35.075191,-0.023073,7.2e-05,0.23878,-0.016831,0.000113,0.011461,0.37725,0.0,0.0,0.0,0.0,0.0,-9999.0,-9999.0,-9999.0,-9999.0,-9999.0,-9999.0,-9999.0,-9999.0,-9999.0,-9999.0,-9999.0,-9999.0,-9999.0,-9999.0
P25_AV0_4_interaction,active_and_state_lat_and_long_zero_last_source_row_continuous_segment,P25,AV0,4,off_ramp,P25_AV0_4,P25_AV0.1.asc,HV4,60,driver_number,18589,1,309816.67,309816.6668,4.0,4.0,28.300788,101.882837,229.0,41.660221,-7139.755469,-0.009731,0.844302,0.0,28.300514,-0.081417,0.0,7140.22103,8.070321,0.085405,1.0,0.0,0.0,0.0,7093.114456,8.827306,1021.0,1.0,195.137824,7.0,-0.091448,35.079325,126.285571,35.079317,-0.023335,7.5e-05,0.253112,-0.016723,0.000188,0.011461,0.37775,0.0,0.0,0.0,0.0,0.0,-9999.0,-9999.0,-9999.0,-9999.0,-9999.0,-9999.0,-9999.0,-9999.0,-9999.0,-9999.0,-9999.0,-9999.0,-9999.0,-9999.0
P25_AV0_4_interaction,active_and_state_lat_and_long_zero_last_source_row_continuous_segment,P25,AV0,4,off_ramp,P25_AV0_4,P25_AV0.1.asc,HV4,60,driver_number,18590,1,309833.33,309833.3343,4.0,4.0,28.300618,101.882226,229.0,42.131723,-7140.225591,-0.001922,0.844632,0.0,28.300348,-0.081893,0.0,7140.691087,8.109382,0.085918,1.0,0.0,0.0,0.0,7093.698255,8.858571,1021.0,1.0,195.722458,7.0,-0.092295,35.083622,126.301039,35.083614,-0.023595,7.8e-05,0.260922,-0.016697,0.000255,0.011304,0.37925,0.0,0.0,0.0,0.0,0.0,-9999.0,-9999.0,-9999.0,-9999.0,-9999.0,-9999.0,-9999.0,-9999.0,-9999.0,-9999.0,-9999.0,-9999.0,-9999.0,-9999.0
P25_AV0_4_interaction,active_and_state_lat_and_long_zero_last_source_row_continuous_segment,P25,AV0,4,off_ramp,P25_AV0_4,P25_AV0.1.asc,HV4,60,driver_number,18591,1,309850.0,309850.0009,4.0,4.0,28.300413,101.881487,229.0,42.603215,-7140.695691,-0.000956,0.843902,0.0,28.300283,-0.08227,0.0,7141.161121,8.148676,0.086429,1.0,0.0,0.0,0.0,7094.282125,8.889834,1021.0,1.0,196.307164,7.0,-0.093146,35.088036,126.316929,35.088028,-0.023858,8.3e-05,0.26709,-0.016736,0.000307,0.011304,0.37925,0.0,0.0,0.0,0.0,0.0,-9999.0,-9999.0,-9999.0,-9999.0,-9999.0,-9999.0,-9999.0,-9999.0,-9999.0,-9999.0,-9999.0,-9999.0,-9999.0,-9999.0
P25_AV0_4_interaction,active_and_state_lat_and_long_zero_last_source_row_continuous_segment,P25,AV0,4,off_ramp,P25_AV0_4,P25_AV0.1.asc,HV4,60,driver_number,18592,1,309866.67,309866.6676,4.0,4.0,28.300312,101.881123,229.0,43.074698,-7141.16577,-0.012743,0.845181,0.0,28.300226,-0.082592,0.0,7141.631135,8.188203,0.086938,1.0,0.0,0.0,0.0,7094.866069,8.921097,1021.0,1.0,196.891943,7.0,-0.094002,35.092523,126.333083,35.092515,-0.024124,8.9e-05,0.270102,-0.016809,0.000333,0.011304,0.38275,0.0,0.0,0.0,0.0,0.0,-9999.0,-9999.0,-9999.0,-9999.0,-9999.0,-9999.0,-9999.0,-9999.0,-9999.0,-9999.0,-9999.0,-9999.0,-9999.0,-9999.0
P25_AV0_4_interaction,active_and_state_lat_and_long_zero_last_source_row_continuous_segment,P25,AV0,4,off_ramp,P25_AV0_4,P25_AV0.1.asc,HV4,60,driver_number,18593,1,309883.33,309883.334,4.0,4.0,28.300255,101.880918,229.0,43.546174,-7141.635829,-0.006083,0.843848,0.0,28.29996,-0.082828,0.0,7142.101128,8.227964,0.087445,1.0,0.0,0.0,0.0,7095.450087,8.952359,1021.0,1.0,197.476797,7.0,-0.094863,35.097032,126.349314,35.097023,-0.024395,9.4e-05,0.270853,-0.016885,0.00033,0.011304,0.38275,0.0,0.0,0.0,0.0,0.0,-9999.0,-9999.0,-9999.0,-9999.0,-9999.0,-9999.0,-9999.0,-9999.0,-9999.0,-9999.0,-9999.0,-9999.0,-9999.0,-9999.0
P25_AV0_4_interaction,active_and_state_lat_and_long_zero_last_source_row_continuous_segment,P25,AV0,4,off_ramp,P25_AV0_4,P25_AV0.1.asc,HV4,60,driver_number,18594,1,309900.0,309900.0009,4.0,4.0,28.3001,101.88036,229.0,44.017641,-7142.105867,-0.004196,0.8416,0.0,28.299857,-0.083031,0.0,7142.571096,8.267958,0.087949,1.0,0.0,0.0,0.0,7096.03418,8.98362,1021.0,1.0,198.061726,7.0,-0.095729,35.101554,126.365596,35.101546,-0.024672,0.0001,0.271557,-0.016935,0.000302,0.011304,0.38275,0.0,0.0,0.0,0.0,0.0,-9999.0,-9999.0,-9999.0,-9999.0,-9999.0,-9999.0,-9999.0,-9999.0,-9999.0,-9999.0,-9999.0,-9999.0,-9999.0,-9999.0
P25_AV0_4_interaction,active_and_state_lat_and_long_zero_last_source_row_continuous_segment,P25,AV0,4,off_ramp,P25_AV0_4,P25_AV0.1.asc,HV4,60,driver_number,18595,1,309916.67,309916.6669,4.0,4.0,28.299889,101.879601,229.0,44.489097,-7142.575882,-0.004091,0.83989,0.0,28.299722,-0.08319,0.0,7143.041044,8.308184,0.08845,1.0,0.0,0.0,0.0,7096.618349,9.014881,1021.0,1.0,198.64673,7.0,-0.096599,35.106138,126.382095,35.106129,-0.024943,0.000113,0.274826,-0.014587,0.001112,0.011304,0.3865,0.0,0.0,0.0,0.0,0.0,-9999.0,-9999.0,-9999.0,-9999.0,-9999.0,-9999.0,-9999.0,-9999.0,-9999.0,-9999.0,-9999.0,-9999.0,-9999.0,-9999.0
P25_AV0_4_interaction,active_and_state_lat_and_long_zero_last_source_row_continuous_segment,P25,AV0,4,off_ramp,P25_AV0_4,P25_AV0.1.asc,HV4,60,driver_number,18596,1,309933.33,309933.3342,4.0,4.0,28.299802,101.879289,229.0,44.960544,-7143.045876,-0.000257,0.835404,0.0,28.29964,-0.083309,0.0,7143.510969,8.348642,0.088948,1.0,0.0,0.0,0.0,7097.202595,9.046141,1021.0,1.0,199.231811,7.0,-0.097474,35.110664,126.39839,35.110655,-0.025209,0.000131,0.270725,-0.014535,0.001443,0.011304,0.3865,0.0,0.0,0.0,0.0,0.0,-9999.0,-9999.0,-9999.0,-9999.0,-9999.0,-9999.0,-9999.0,-9999.0,-9999.0,-9999.0,-9999.0,-9999.0,-9999.0,-9999.0
P25_AV0_4_interaction,active_and_state_lat_and_long_zero_last_source_row_continuous_segment,P25,AV0,4,off_ramp,P25_AV0_4,P25_AV0.1.asc,HV4,60,driver_number,18597,1,309950.07,309950.0681,4.0,4.0,28.299668,101.878805,229.0,45.431982,-7143.515848,0.000444,0.834155,0.0,28.299564,-0.083419,0.0,7143.980873,8.389331,0.089444,1.0,0.0,0.0,0.0,7097.786916,9.077401,1021.0,1.0,199.816967,7.0,-0.098354,35.115167,126.4146,35.115157,-0.025497,0.000162,0.269904,-0.014421,0.002124,0.011304,0.38775,0.0,0.0,0.0,0.0,0.0,-9999.0,-9999.0,-9999.0,-9999.0,-9999.0,-9999.0,-9999.0,-9999.0,-9999.0,-9999.0,-9999.0,-9999.0,-9999.0,-9999.0
P25_AV0_4_interaction,active_and_state_lat_and_long_zero_last_source_row_continuous_segment,P25,AV0,4,off_ramp,P25_AV0_4,P25_AV0.1.asc,HV4,60,driver_number,18598,1,309966.67,309966.6706,4.0,4.0,28.299618,101.878625,229.0,45.903412,-7143.985799,0.003334,0.831091,0.0,28.299579,-0.083464,0.0,7144.450756,8.43025,0.089935,1.0,0.0,0.0,0.0,7098.403781,9.110397,1021.0,3.0,0.0,158.0,-0.099287,35.11991,126.431677,35.119901,-0.025823,0.000202,0.269386,-0.014171,0.00233,0.011304,0.38825,0.0,0.0,0.0,0.0,0.0,-9999.0,-9999.0,-9999.0,-9999.0,-9999.0,-9999.0,-9999.0,-9999.0,-9999.0,-9999.0,-9999.0,-9999.0,-9999.0,-9999.0
P25_AV0_4_interaction,active_and_state_lat_and_long_zero_last_source_row_continuous_segment,P25,AV0,4,off_ramp,P25_AV0_4,P25_AV0.1.asc,HV4,60,driver_number,18599,1,309983.33,309983.3335,4.0,4.0,28.299548,101.878374,229.0,46.374833,-7144.45573,0.003155,0.827393,0.0,28.299569,-0.08344,0.0,7144.92062,8.471398,0.090423,1.0,0.0,0.0,0.0,7098.955783,9.13992,1021.0,3.0,0.0,158.0,-0.100126,35.12415,126.446939,35.12414,-0.026133,0.000239,0.269333,-0.013839,0.002251,0.011304,0.38775,0.0,0.0,0.0,0.0,0.0,-9999.0,-9999.0,-9999.0,-9999.0,-9999.0,-9999.0,-9999.0,-9999.0,-9999.0,-9999.0,-9999.0,-9999.0,-9999.0,-9999.0
P25_AV0_4_interaction,active_and_state_lat_and_long_zero_last_source_row_continuous_segment,P25,AV0,4,off_ramp,P25_AV0_4,P25_AV0.1.asc,HV4,60,driver_number,18600,1,310000.0,310000.0007,4.0,4.0,28.299587,101.878513,229.0,46.846247,-7144.925642,-0.000291,0.823712,0.0,28.299575,-0.083368,0.0,7145.390463,8.512775,0.090907,1.0,0.0,0.0,0.0,7099.540327,9.171179,1021.0,3.0,0.0,158.0,-0.101019,35.128076,126.461073,35.128066,-0.026474,0.000289,0.255579,-0.013336,0.002895,0.011304,0.38525,0.0,0.0,0.0,0.0,0.0,-9999.0,-9999.0,-9999.0,-9999.0,-9999.0,-9999.0,-9999.0,-9999.0,-9999.0,-9999.0,-9999.0,-9999.0,-9999.0,-9999.0
P25_AV0_4_interaction,active_and_state_lat_and_long_zero_last_source_row_continuous_segment,P25,AV0,4,off_ramp,P25_AV0_4,P25_AV0.1.asc,HV4,60,driver_number,18601,1,310016.67,310016.6695,4.0,4.0,28.299576,101.878473,229.0,47.317654,-7145.395534,-0.004176,0.822245,0.0,28.299494,-0.083218,0.0,7145.860286,8.554379,0.091387,1.0,0.0,0.0,0.0,7100.12494,9.202438,1021.0,3.0,0.0,158.0,-0.101916,35.132468,126.476886,35.132458,-0.026827,0.000345,0.267448,-0.012834,0.00356,0.011304,0.38525,0.0,0.0,0.0,0.0,0.0,-9999.0,-9999.0,-9999.0,-9999.0,-9999.0,-9999.0,-9999.0,-9999.0,-9999.0,-9999.0,-9999.0,-9999.0,-9999.0,-9999.0
P25_AV0_4_interaction,active_and_state_lat_and_long_zero_last_source_row_continuous_segment,P25,AV0,4,off_ramp,P25_AV0_4,P25_AV0.1.asc,HV4,60,driver_number,18602,1,310033.34,310033.3359,4.0,4.0,28.299553,101.878392,229.0,47.789052,-7145.865406,-0.00086,0.819518,0.0,28.299408,-0.082993,0.0,7146.330087,8.596209,0.091863,1.0,0.0,0.0,0.0,7100.709626,9.233696,1021.0,3.0,0.0,158.0,-0.102817,35.136995,126.493183,35.136985,-0.027191,0.000404,0.273802,-0.012267,0.003399,0.011304,0.3785,0.0,0.0,0.0,0.0,0.0,-9999.0,-9999.0,-9999.0,-9999.0,-9999.0,-9999.0,-9999.0,-9999.0,-9999.0,-9999.0,-9999.0,-9999.0,-9999.0,-9999.0
P25_AV0_4_interaction,active_and_state_lat_and_long_zero_last_source_row_continuous_segment,P25,AV0,4,off_ramp,P25_AV0_4,P25_AV0.1.asc,HV4,60,driver_number,18603,1,310050.0,310050.0008,4.0,4.0,28.29944,101.877984,229.0,48.260442,-7146.335257,0.013245,0.818192,0.0,28.299422,-0.082732,0.0,7146.799867,8.638267,0.092336,1.0,0.0,1.0,0.0,7101.294386,9.264955,1021.0,3.0,0.0,158.0,-0.103721,35.141585,126.509707,35.141574,-0.027566,0.000455,0.276127,-0.011642,0.002802,0.011304,0.3785,0.0,0.0,0.0,0.0,0.0,-9999.0,-9999.0,-9999.0,-9999.0,-9999.0,-9999.0,-9999.0,-9999.0,-9999.0,-9999.0,-9999.0,-9999.0,-9999.0,-9999.0
P25_AV0_4_interaction,active_and_state_lat_and_long_zero_last_source_row_continuous_segment,P25,AV0,4,off_ramp,P25_AV0_4,P25_AV0.1.asc,HV4,60,driver_number,18604,1,310066.67,310066.6675,4.0,4.0,28.299382,101.877774,229.0,48.731823,-7146.805087,0.007093,0.813627,0.0,28.299582,-0.08239,0.0,7147.269627,8.680549,0.092805,1.0,0.0,1.0,0.0,7101.879224,9.296215,1021.0,3.0,0.0,158.0,-0.10463,35.1462,126.526319,35.146188,-0.027948,0.000494,0.277754,-0.010971,0.002053,0.011304,0.37775,0.0,0.0,0.0,0.0,0.0,-9999.0,-9999.0,-9999.0,-9999.0,-9999.0,-9999.0,-9999.0,-9999.0,-9999.0,-9999.0,-9999.0,-9999.0,-9999.0,-9999.0
P25_AV0_4_interaction,active_and_state_lat_and_long_zero_last_source_row_continuous_segment,P25,AV0,4,off_ramp,P25_AV0_4,P25_AV0.1.asc,HV4,60,driver_number,18605,1,310083.33,310083.3343,4.0,4.0,28.299513,101.878248,229.0,49.203196,-7147.274899,0.002468,0.808863,0.0,28.299622,-0.082022,0.0,7147.73937,8.723057,0.093271,1.0,0.0,1.0,0.0,7102.464138,9.327476,1021.0,3.0,0.0,158.0,-0.105541,35.150867,126.543123,35.150856,-0.028336,0.000521,0.281489,-0.010266,0.001305,0.011304,0.3755,0.0,0.0,0.0,0.0,0.0,-9999.0,-9999.0,-9999.0,-9999.0,-9999.0,-9999.0,-9999.0,-9999.0,-9999.0,-9999.0,-9999.0,-9999.0,-9999.0,-9999.0
P25_AV0_4_interaction,active_and_state_lat_and_long_zero_last_source_row_continuous_segment,P25,AV0,4,off_ramp,P25_AV0_4,P25_AV0.1.asc,HV4,60,driver_number,18606,1,310100.0,310100.0008,4.0,4.0,28.299623,101.878643,229.0,49.674565,-7147.744693,0.001593,0.809608,0.0,28.299647,-0.081647,0.0,7148.209093,8.76579,0.093735,1.0,0.0,1.0,0.0,7103.04913,9.358737,1021.0,3.0,0.0,158.0,-0.106456,35.15558,126.560087,35.155568,-0.028729,0.000536,0.283588,-0.009535,0.000637,0.011304,0.3755,0.0,0.0,0.0,0.0,0.0,-9999.0,-9999.0,-9999.0,-9999.0,-9999.0,-9999.0,-9999.0,-9999.0,-9999.0,-9999.0,-9999.0,-9999.0,-9999.0,-9999.0
P25_AV0_4_interaction,active_and_state_lat_and_long_zero_last_source_row_continuous_segment,P25,AV0,4,off_ramp,P25_AV0_4,P25_AV0.1.asc,HV4,60,driver_number,18607,1,310116.67,310116.6674,4.0,4.0,28.299624,101.878648,229.0,50.145925,-7148.214467,-0.002147,0.803907,0.0,28.299612,-0.081208,0.0,7148.678795,8.808745,0.094195,1.0,0.0,1.0,0.0,7103.6342,9.39,1021.0,3.0,0.0,158.0,-0.107374,35.160326,126.577172,35.160314,-0.029125,0.000541,0.28544,-0.008788,8e-05,0.011304,0.3725,0.0,0.0,0.0,0.0,0.0,-9999.0,-9999.0,-9999.0,-9999.0,-9999.0,-9999.0,-9999.0,-9999.0,-9999.0,-9999.0,-9999.0,-9999.0,-9999.0,-9999.0
P25_AV0_4_interaction,active_and_state_lat_and_long_zero_last_source_row_continuous_segment,P25,AV0,4,off_ramp,P25_AV0_4,P25_AV0.1.asc,HV4,60,driver_number,18608,1,310133.33,310133.3343,4.0,4.0,28.299642,101.878711,229.0,50.617278,-7148.684222,-0.002777,0.80128,0.0,28.299573,-0.080805,0.0,7149.148477,8.851923,0.094654,1.0,0.0,1.0,0.0,7104.21935,9.421265,1021.0,3.0,0.0,158.0,-0.108295,35.165093,126.594336,35.165081,-0.029523,0.000537,0.28624,-0.00803,-0.000364,0.011304,0.36425,0.0,0.0,0.0,0.0,0.0,-9999.0,-9999.0,-9999.0,-9999.0,-9999.0,-9999.0,-9999.0,-9999.0,-9999.0,-9999.0,-9999.0,-9999.0,-9999.0,-9999.0
P25_AV0_4_interaction,active_and_state_lat_and_long_zero_last_source_row_continuous_segment,P25,AV0,4,off_ramp,P25_AV0_4,P25_AV0.1.asc,HV4,60,driver_number,18609,1,310150.0,310150.0008,4.0,4.0,28.299576,101.878473,229.0,51.088622,-7149.153957,-0.001761,0.796161,0.0,28.299445,-0.080363,0.0,7149.618137,8.895322,0.095109,1.0,0.0,1.0,0.0,7104.804579,9.452531,1021.0,3.0,0.0,158.0,-0.109218,35.169857,126.611484,35.169844,-0.029921,0.000528,0.28493,-0.007263,-0.000709,0.011304,0.361,0.0,0.0,0.0,0.0,0.0,-9999.0,-9999.0,-9999.0,-9999.0,-9999.0,-9999.0,-9999.0,-9999.0,-9999.0,-9999.0,-9999.0,-9999.0,-9999.0,-9999.0
P25_AV0_4_interaction,active_and_state_lat_and_long_zero_last_source_row_continuous_segment,P25,AV0,4,off_ramp,P25_AV0_4,P25_AV0.1.asc,HV4,60,driver_number,18610,1,310166.67,310166.6672,4.0,4.0,28.299532,101.878314,229.0,51.559957,-7149.62367,-0.000974,0.789429,0.0,28.299401,-0.079968,0.0,7150.087774,8.938942,0.095563,1.0,0.0,1.0,0.0,7105.389888,9.483799,1021.0,3.0,0.0,158.0,-0.110144,35.174573,126.628463,35.17456,-0.030319,0.000513,0.281941,-0.006486,-0.000975,0.011304,0.361,0.0,0.0,0.0,0.0,0.0,-9999.0,-9999.0,-9999.0,-9999.0,-9999.0,-9999.0,-9999.0,-9999.0,-9999.0,-9999.0,-9999.0,-9999.0,-9999.0,-9999.0
P25_AV0_4_interaction,active_and_state_lat_and_long_zero_last_source_row_continuous_segment,P25,AV0,4,off_ramp,P25_AV0_4,P25_AV0.1.asc,HV4,60,driver_number,18611,1,310183.33,310183.3343,4.0,4.0,28.299413,101.877887,229.0,52.031281,-7150.093362,-0.010974,0.784888,0.0,28.299249,-0.079575,0.0,7150.557391,8.98278,0.096014,1.0,0.0,1.0,0.0,7105.975274,9.515069,1021.0,3.0,0.0,158.0,-0.111072,35.179249,126.645297,35.179236,-0.030716,0.000495,0.278964,-0.005695,-0.001182,0.011304,0.358,0.0,0.0,0.0,0.0,0.0,-9999.0,-9999.0,-9999.0,-9999.0,-9999.0,-9999.0,-9999.0,-9999.0,-9999.0,-9999.0,-9999.0,-9999.0,-9999.0,-9999.0
P25_AV0_4_interaction,active_and_state_lat_and_long_zero_last_source_row_continuous_segment,P25,AV0,4,off_ramp,P25_AV0_4,P25_AV0.1.asc,HV4,60,driver_number,18612,1,310200.0,310200.0005,4.0,4.0,28.299376,101.877752,229.0,52.502597,-7150.563033,0.006486,0.776487,0.0,28.299095,-0.079212,0.0,7151.026984,9.026835,0.096462,1.0,0.0,1.0,0.0,7106.560739,9.546342,1021.0,3.0,0.0,158.0,-0.112001,35.183826,126.661773,35.183812,-0.031109,0.000474,0.27182,-0.004885,-0.001346,0.011304,0.35675,0.0,0.0,0.0,0.0,0.0,-9999.0,-9999.0,-9999.0,-9999.0,-9999.0,-9999.0,-9999.0,-9999.0,-9999.0,-9999.0,-9999.0,-9999.0,-9999.0,-9999.0
P25_AV0_4_interaction,active_and_state_lat_and_long_zero_last_source_row_continuous_segment,P25,AV0,4,off_ramp,P25_AV0_4,P25_AV0.1.asc,HV4,60,driver_number,18613,1,310216.67,310216.6677,4.0,4.0,28.29914,101.876906,229.0,52.973901,-7151.032682,0.004187,0.768394,0.0,28.29916,-0.078894,0.0,7151.496556,9.071105,0.096908,1.0,0.0,1.0,0.0,7107.146281,9.577617,1021.0,3.0,0.0,158.0,-0.112933,35.188316,126.677939,35.188302,-0.031499,0.00045,0.268105,-0.004052,-0.00148,0.011304,0.356,0.0,0.0,0.0,0.0,0.0,-9999.0,-9999.0,-9999.0,-9999.0,-9999.0,-9999.0,-9999.0,-9999.0,-9999.0,-9999.0,-9999.0,-9999.0,-9999.0,-9999.0
P25_AV0_4_interaction,active_and_state_lat_and_long_zero_last_source_row_continuous_segment,P25,AV0,4,off_ramp,P25_AV0_4,P25_AV0.1.asc,HV4,60,driver_number,18614,1,310233.33,310233.3345,4.0,4.0,28.299132,101.876876,229.0,53.445195,-7151.502309,-0.000957,0.760193,0.0,28.299178,-0.078602,0.0,7151.966108,9.115589,0.09735,1.0,0.0,1.0,0.0,7107.731897,9.608895,1021.0,3.0,0.0,158.0,-0.113865,35.192758,126.693928,35.192743,-0.031883,0.000424,0.265175,-0.003194,-0.001587,0.011304,0.3545,0.0,0.0,0.0,0.0,0.0,-9999.0,-9999.0,-9999.0,-9999.0,-9999.0,-9999.0,-9999.0,-9999.0,-9999.0,-9999.0,-9999.0,-9999.0,-9999.0,-9999.0
P25_AV0_4_interaction,active_and_state_lat_and_long_zero_last_source_row_continuous_segment,P25,AV0,4,off_ramp,P25_AV0_4,P25_AV0.1.asc,HV4,60,driver_number,18615,1,310250.0,310250.0007,4.0,4.0,28.299178,101.877042,229.0,53.916482,-7151.971917,0.009896,0.754069,0.0,28.299123,-0.078351,0.0,7152.43564,9.160283,0.097787,1.0,0.0,1.0,0.0,7108.317587,9.640176,1021.0,3.0,0.0,158.0,-0.114799,35.197144,126.709718,35.197129,-0.03226,0.000397,0.262134,-0.002313,-0.001675,0.011304,0.3505,0.0,0.0,0.0,0.0,0.0,-9999.0,-9999.0,-9999.0,-9999.0,-9999.0,-9999.0,-9999.0,-9999.0,-9999.0,-9999.0,-9999.0,-9999.0,-9999.0,-9999.0
P25_AV0_4_interaction,active_and_state_lat_and_long_zero_last_source_row_continuous_segment,P25,AV0,4,off_ramp,P25_AV0_4,P25_AV0.1.asc,HV4,60,driver_number,18616,1,310266.67,310266.6676,4.0,4.0,28.299153,101.876951,229.0,54.38776,-7152.441506,0.003396,0.747266,0.0,28.29927,-0.078095,0.0,7152.905152,9.205185,0.09822,1.0,0.0,1.0,0.0,7108.90335,9.67146,1021.0,3.0,0.0,158.0,-0.115734,35.201493,126.725376,35.201478,-0.03263,0.000368,0.259739,-0.001418,-0.001742,0.011304,0.347,0.0,0.0,0.0,0.0,0.0,-9999.0,-9999.0,-9999.0,-9999.0,-9999.0,-9999.0,-9999.0,-9999.0,-9999.0,-9999.0,-9999.0,-9999.0,-9999.0,-9999.0
P25_AV0_4_interaction,active_and_state_lat_and_long_zero_last_source_row_continuous_segment,P25,AV0,4,off_ramp,P25_AV0_4,P25_AV0.1.asc,HV4,60,driver_number,18617,1,310283.33,310283.3342,4.0,4.0,28.299189,101.87708,229.0,54.85903,-7152.911075,-0.002177,0.7376,0.0,28.299256,-0.077774,0.0,7153.374647,9.250293,0.098648,1.0,0.0,1.0,0.0,7109.489186,9.702748,1021.0,3.0,0.0,158.0,-0.11667,35.205776,126.740795,35.205761,-0.03299,0.000339,0.254532,-0.000513,-0.001788,0.011304,0.347,0.0,0.0,0.0,0.0,0.0,-9999.0,-9999.0,-9999.0,-9999.0,-9999.0,-9999.0,-9999.0,-9999.0,-9999.0,-9999.0,-9999.0,-9999.0,-9999.0,-9999.0
P25_AV0_4_interaction,active_and_state_lat_and_long_zero_last_source_row_continuous_segment,P25,AV0,4,off_ramp,P25_AV0_4,P25_AV0.1.asc,HV4,60,driver_number,18618,1,310300.0,310300.0008,4.0,4.0,28.299282,101.877415,229.0,55.330293,-7153.380628,-0.005068,0.728764,0.0,28.299156,-0.077449,0.0,7153.844121,9.295605,0.09907,1.0,0.0,1.0,0.0,7110.075093,9.734039,1021.0,3.0,0.0,158.0,-0.117605,35.209925,126.75573,35.209909,-0.033339,0.000308,0.245377,0.000399,-0.001815,0.011304,0.34475,0.0,0.0,0.0,0.0,0.0,-9999.0,-9999.0,-9999.0,-9999.0,-9999.0,-9999.0,-9999.0,-9999.0,-9999.0,-9999.0,-9999.0,-9999.0,-9999.0,-9999.0
P25_AV0_4_interaction,active_and_state_lat_and_long_zero_last_source_row_continuous_segment,P25,AV0,4,off_ramp,P25_AV0_4,P25_AV0.1.asc,HV4,60,driver_number,18619,1,310316.67,310316.6673,4.0,4.0,28.299222,101.8772,229.0,55.801547,-7153.85016,-0.010778,0.717373,0.0,28.298967,-0.077108,0.0,7154.313574,9.341119,0.099485,1.0,0.0,1.0,0.0,7110.661069,9.765333,1021.0,3.0,0.0,158.0,-0.118541,35.21394,126.770184,35.213924,-0.033677,0.000278,0.238103,0.001315,-0.001838,0.011304,0.3435,0.0,0.0,0.0,0.0,0.0,-9999.0,-9999.0,-9999.0,-9999.0,-9999.0,-9999.0,-9999.0,-9999.0,-9999.0,-9999.0,-9999.0,-9999.0,-9999.0,-9999.0
P25_AV0_4_interaction,active_and_state_lat_and_long_zero_last_source_row_continuous_segment,P25,AV0,4,off_ramp,P25_AV0_4,P25_AV0.1.asc,HV4,60,driver_number,18620,1,310333.33,310333.3344,4.0,4.0,28.299098,101.876754,229.0,56.272791,-7154.319672,-0.000756,0.709416,0.0,28.298822,-0.076728,0.0,7154.783004,9.38683,0.099894,1.0,0.0,1.0,0.0,7111.247112,9.796632,1021.0,3.0,0.0,158.0,-0.119477,35.217865,126.784314,35.217849,-0.034002,0.000247,0.233618,0.002236,-0.001855,0.011304,0.3435,0.0,0.0,0.0,0.0,0.0,-9999.0,-9999.0,-9999.0,-9999.0,-9999.0,-9999.0,-9999.0,-9999.0,-9999.0,-9999.0,-9999.0,-9999.0,-9999.0,-9999.0
P25_AV0_4_interaction,active_and_state_lat_and_long_zero_last_source_row_continuous_segment,P25,AV0,4,off_ramp,P25_AV0_4,P25_AV0.1.asc,HV4,60,driver_number,18621,1,310350.0,310350.0008,4.0,4.0,28.298862,101.875903,229.0,56.744023,-7154.789161,0.003477,0.701814,0.0,28.298784,-0.076306,0.0,7155.252413,9.432737,0.100296,1.0,0.0,1.0,0.0,7111.833221,9.827934,1021.0,3.0,0.0,158.0,-0.120413,35.221713,126.798168,35.221696,-0.034313,0.000216,0.229303,0.003159,-0.001881,0.011304,0.3435,0.0,0.0,0.0,0.0,0.0,-9999.0,-9999.0,-9999.0,-9999.0,-9999.0,-9999.0,-9999.0,-9999.0,-9999.0,-9999.0,-9999.0,-9999.0,-9999.0,-9999.0
P25_AV0_4_interaction,active_and_state_lat_and_long_zero_last_source_row_continuous_segment,P25,AV0,4,off_ramp,P25_AV0_4,P25_AV0.1.asc,HV4,60,driver_number,18622,1,310366.69,310366.6866,4.0,4.0,28.298801,101.875684,229.0,57.215245,-7155.25863,-6e-06,0.689787,0.0,28.298805,-0.075799,0.0,7155.721803,9.478838,0.10069,1.0,0.0,1.0,0.0,7112.419393,9.859241,1021.0,3.0,0.0,158.0,-0.121347,35.225507,126.811825,35.22549,-0.034609,0.000184,0.226829,0.004074,-0.001886,0.011304,0.34375,0.0,0.0,0.0,0.0,0.0,-9999.0,-9999.0,-9999.0,-9999.0,-9999.0,-9999.0,-9999.0,-9999.0,-9999.0,-9999.0,-9999.0,-9999.0,-9999.0,-9999.0
P25_AV0_4_interaction,active_and_state_lat_and_long_zero_last_source_row_continuous_segment,P25,AV0,4,off_ramp,P25_AV0_4,P25_AV0.1.asc,HV4,60,driver_number,18623,1,310383.33,310383.3341,4.0,4.0,28.298798,101.875673,229.0,57.686458,-7155.728081,-0.000903,0.680112,0.0,28.298771,-0.075264,0.0,7156.191174,9.525128,0.101076,1.0,0.0,0.0,0.0,7113.005629,9.890552,1021.0,3.0,0.0,158.0,-0.122281,35.229271,126.825377,35.229254,-0.034888,0.000153,0.225266,0.004973,-0.001868,0.011304,0.34375,0.0,0.0,0.0,0.0,0.0,-9999.0,-9999.0,-9999.0,-9999.0,-9999.0,-9999.0,-9999.0,-9999.0,-9999.0,-9999.0,-9999.0,-9999.0,-9999.0,-9999.0
P25_AV0_4_interaction,active_and_state_lat_and_long_zero_last_source_row_continuous_segment,P25,AV0,4,off_ramp,P25_AV0_4,P25_AV0.1.asc,HV4,60,driver_number,18624,1,310400.0,310400.0009,4.0,4.0,28.298791,101.875648,229.0,58.157663,-7156.197513,-4.1e-05,0.668251,0.0,28.298697,-0.074655,0.0,7156.660526,9.571607,0.101453,1.0,0.0,0.0,0.0,7113.591928,9.921868,1021.0,3.0,0.0,158.0,-0.123213,35.233005,126.838819,35.232988,-0.035151,0.000123,0.223141,0.005847,-0.001809,0.011304,0.34375,0.0,0.0,0.0,0.0,0.0,-9999.0,-9999.0,-9999.0,-9999.0,-9999.0,-9999.0,-9999.0,-9999.0,-9999.0,-9999.0,-9999.0,-9999.0,-9999.0,-9999.0
P25_AV0_4_interaction,active_and_state_lat_and_long_zero_last_source_row_continuous_segment,P25,AV0,4,off_ramp,P25_AV0_4,P25_AV0.1.asc,HV4,60,driver_number,18625,1,310416.67,310416.6673,4.0,4.0,28.29875,101.875499,229.0,58.628859,-7156.666926,4.5e-05,0.655936,0.0,28.298685,-0.074024,0.0,7157.129858,9.618269,0.101822,1.0,0.0,0.0,0.0,7114.178288,9.953189,1021.0,3.0,0.0,158.0,-0.124144,35.236678,126.85204,35.23666,-0.035395,9.3e-05,0.218193,0.006686,-0.001713,0.011304,0.34375,0.0,0.0,0.0,0.0,0.0,-9999.0,-9999.0,-9999.0,-9999.0,-9999.0,-9999.0,-9999.0,-9999.0,-9999.0,-9999.0,-9999.0,-9999.0,-9999.0,-9999.0
P25_AV0_4_interaction,active_and_state_lat_and_long_zero_last_source_row_continuous_segment,P25,AV0,4,off_ramp,P25_AV0_4,P25_AV0.1.asc,HV4,60,driver_number,18626,1,310433.33,310433.3336,4.0,4.0,28.298683,101.875259,229.0,59.100046,-7157.136321,-0.000595,0.644539,0.0,28.298656,-0.073306,0.0,7157.599172,9.665112,0.102181,1.0,0.0,0.0,0.0,7114.76471,9.984515,1021.0,3.0,0.0,158.0,-0.125073,35.240254,126.864915,35.240236,-0.035622,6.6e-05,0.212139,0.007488,-0.001598,0.011304,0.34375,0.0,0.0,0.0,0.0,0.0,-9999.0,-9999.0,-9999.0,-9999.0,-9999.0,-9999.0,-9999.0,-9999.0,-9999.0,-9999.0,-9999.0,-9999.0,-9999.0,-9999.0
P25_AV0_4_interaction,active_and_state_lat_and_long_zero_last_source_row_continuous_segment,P25,AV0,4,off_ramp,P25_AV0_4,P25_AV0.1.asc,HV4,60,driver_number,18627,1,310450.0,310450.0007,4.0,4.0,28.298672,101.875221,229.0,59.571225,-7157.605698,-0.00441,0.632036,0.0,28.298621,-0.072542,0.0,7158.068468,9.712133,0.102532,1.0,0.0,0.0,0.0,7115.351191,10.015846,1021.0,3.0,0.0,158.0,-0.126,35.243757,126.877525,35.243739,-0.03583,4e-05,0.209322,0.008251,-0.001478,0.011304,0.34375,0.0,0.0,0.0,0.0,0.0,-9999.0,-9999.0,-9999.0,-9999.0,-9999.0,-9999.0,-9999.0,-9999.0,-9999.0,-9999.0,-9999.0,-9999.0,-9999.0,-9999.0
P25_AV0_4_interaction,active_and_state_lat_and_long_zero_last_source_row_continuous_segment,P25,AV0,4,off_ramp,P25_AV0_4,P25_AV0.1.asc,HV4,60,driver_number,18628,1,310466.67,310466.6674,4.0,4.0,28.298638,101.875098,229.0,60.042395,-7158.075057,-0.004156,0.618826,0.0,28.298499,-0.071697,0.0,7158.537746,9.759328,0.102872,1.0,0.0,0.0,0.0,7115.937731,10.047183,1021.0,3.0,0.0,158.0,-0.126925,35.247218,126.889984,35.247199,-0.03602,1.7e-05,0.206422,0.008976,-0.001359,0.011147,0.34375,0.0,0.0,0.0,0.0,0.0,-9999.0,-9999.0,-9999.0,-9999.0,-9999.0,-9999.0,-9999.0,-9999.0,-9999.0,-9999.0,-9999.0,-9999.0,-9999.0,-9999.0
P25_AV0_4_interaction,active_and_state_lat_and_long_zero_last_source_row_continuous_segment,P25,AV0,4,off_ramp,P25_AV0_4,P25_AV0.1.asc,HV4,60,driver_number,18629,1,310483.35,310483.3455,4.0,4.0,28.298573,101.874862,229.0,60.513556,-7158.544399,-0.003887,0.604406,0.0,28.298434,-0.070805,0.0,7159.007004,9.806692,0.103203,1.0,0.0,0.0,0.0,7116.524328,10.078525,1021.0,3.0,0.0,158.0,-0.127848,35.25063,126.90227,35.250612,-0.03619,-4e-06,0.203731,0.00966,-0.00124,0.011147,0.34375,0.0,0.0,0.0,0.0,0.0,-9999.0,-9999.0,-9999.0,-9999.0,-9999.0,-9999.0,-9999.0,-9999.0,-9999.0,-9999.0,-9999.0,-9999.0,-9999.0,-9999.0
P25_AV0_4_interaction,active_and_state_lat_and_long_zero_last_source_row_continuous_segment,P25,AV0,4,off_ramp,P25_AV0_4,P25_AV0.1.asc,HV4,60,driver_number,18630,1,310500.0,310500.0008,4.0,4.0,28.298453,101.874429,229.0,60.984708,-7159.013721,0.005709,0.591923,0.0,28.298419,-0.069862,0.0,7159.476245,9.854224,0.103523,1.0,0.0,0.0,0.0,7117.110981,10.109874,1021.0,3.0,0.0,158.0,-0.128767,35.254012,126.914444,35.253993,-0.036342,-2.4e-05,0.202555,0.0103,-0.001115,0.011147,0.34375,0.0,0.0,0.0,0.0,0.0,-9999.0,-9999.0,-9999.0,-9999.0,-9999.0,-9999.0,-9999.0,-9999.0,-9999.0,-9999.0,-9999.0,-9999.0,-9999.0,-9999.0
P25_AV0_4_interaction,active_and_state_lat_and_long_zero_last_source_row_continuous_segment,P25,AV0,4,off_ramp,P25_AV0_4,P25_AV0.1.asc,HV4,60,driver_number,18631,1,310516.67,310516.6667,4.0,4.0,28.298391,101.874206,229.0,61.455851,-7159.483027,-0.000792,0.575398,0.0,28.298489,-0.068833,0.0,7159.945469,9.901917,0.103833,1.0,0.0,0.0,0.0,7117.697691,10.141228,1021.0,3.0,0.0,158.0,-0.129684,35.257384,126.926581,35.257365,-0.036474,-4.1e-05,0.202194,0.010892,-0.00098,0.011147,0.34375,0.0,0.0,0.0,0.0,0.0,-9999.0,-9999.0,-9999.0,-9999.0,-9999.0,-9999.0,-9999.0,-9999.0,-9999.0,-9999.0,-9999.0,-9999.0,-9999.0,-9999.0
P25_AV0_4_interaction,active_and_state_lat_and_long_zero_last_source_row_continuous_segment,P25,AV0,4,off_ramp,P25_AV0_4,P25_AV0.1.asc,HV4,60,driver_number,18632,1,310533.36,310533.3554,4.0,4.0,28.298456,101.874443,229.0,61.926986,-7159.952316,-0.00418,0.56136,0.0,28.298407,-0.067774,0.0,7160.414678,9.94977,0.104132,1.0,0.0,0.0,0.0,7118.284457,10.172588,1021.0,3.0,0.0,158.0,-0.130598,35.260754,126.938714,35.260735,-0.036587,-5.6e-05,0.202297,0.011434,-0.000833,0.01099,0.34375,0.0,0.0,0.0,0.0,0.0,-9999.0,-9999.0,-9999.0,-9999.0,-9999.0,-9999.0,-9999.0,-9999.0,-9999.0,-9999.0,-9999.0,-9999.0,-9999.0,-9999.0
P25_AV0_4_interaction,active_and_state_lat_and_long_zero_last_source_row_continuous_segment,P25,AV0,4,off_ramp,P25_AV0_4,P25_AV0.1.asc,HV4,60,driver_number,18633,1,310550.0,310550.0006,4.0,4.0,28.298473,101.874502,229.0,62.398115,-7160.421591,-0.003974,0.545213,0.0,28.298345,-0.066642,0.0,7160.88387,9.997777,0.10442,1.0,0.0,0.0,0.0,7118.871279,10.203954,1021.0,3.0,0.0,158.0,-0.131509,35.264126,126.950855,35.264107,-0.036682,-6.8e-05,0.202391,0.011919,-0.000674,0.01099,0.34375,0.0,0.0,0.0,0.0,0.0,-9999.0,-9999.0,-9999.0,-9999.0,-9999.0,-9999.0,-9999.0,-9999.0,-9999.0,-9999.0,-9999.0,-9999.0,-9999.0,-9999.0
P25_AV0_4_interaction,active_and_state_lat_and_long_zero_last_source_row_continuous_segment,P25,AV0,4,off_ramp,P25_AV0_4,P25_AV0.1.asc,HV4,60,driver_number,18634,1,310566.67,310566.6668,4.0,4.0,28.298363,101.874105,229.0,62.869235,-7160.890849,-0.001253,0.53053,0.0,28.298301,-0.06545,0.0,7161.353045,10.045934,0.104697,1.0,0.0,0.0,0.0,7119.458156,10.235327,1021.0,3.0,0.0,158.0,-0.132416,35.2675,126.963,35.267481,-0.036758,-7.8e-05,0.202476,0.012346,-0.000508,0.010833,0.34375,0.0,0.0,0.0,0.0,0.0,-9999.0,-9999.0,-9999.0,-9999.0,-9999.0,-9999.0,-9999.0,-9999.0,-9999.0,-9999.0,-9999.0,-9999.0,-9999.0,-9999.0
P25_AV0_4_interaction,active_and_state_lat_and_long_zero_last_source_row_continuous_segment,P25,AV0,4,off_ramp,P25_AV0_4,P25_AV0.1.asc,HV4,60,driver_number,18635,1,310583.33,310583.3343,4.0,4.0,28.298303,101.87389,229.0,63.340347,-7161.360091,-0.003556,0.515373,0.0,28.298222,-0.064192,0.0,7161.822204,10.094237,0.104963,1.0,0.0,0.0,0.0,7120.04509,10.266707,1021.0,3.0,0.0,158.0,-0.13332,35.270876,126.975152,35.270856,-0.036817,-8.5e-05,0.202627,0.012712,-0.000341,0.010676,0.34375,0.0,0.0,0.0,0.0,0.0,-9999.0,-9999.0,-9999.0,-9999.0,-9999.0,-9999.0,-9999.0,-9999.0,-9999.0,-9999.0,-9999.0,-9999.0,-9999.0,-9999.0
P25_AV0_4_interaction,active_and_state_lat_and_long_zero_last_source_row_continuous_segment,P25,AV0,4,off_ramp,P25_AV0_4,P25_AV0.1.asc,HV4,60,driver_number,18636,1,310600.0,310600.0009,4.0,4.0,28.298282,101.873816,229.0,63.811451,-7161.829318,-0.006683,0.498617,0.0,28.29814,-0.062888,0.0,7162.291347,10.142682,0.105218,1.0,0.0,0.0,0.0,7120.63208,10.298093,1021.0,3.0,0.0,158.0,-0.13422,35.274254,126.987313,35.274234,-0.036859,-8.9e-05,0.202749,0.013018,-0.000182,0.010676,0.34375,0.0,0.0,0.0,0.0,0.0,-9999.0,-9999.0,-9999.0,-9999.0,-9999.0,-9999.0,-9999.0,-9999.0,-9999.0,-9999.0,-9999.0,-9999.0,-9999.0,-9999.0
P25_AV0_4_interaction,active_and_state_lat_and_long_zero_last_source_row_continuous_segment,P25,AV0,4,off_ramp,P25_AV0_4,P25_AV0.1.asc,HV4,60,driver_number,18637,1,310616.67,310616.6676,4.0,4.0,28.298185,101.873464,229.0,64.282547,-7162.298529,-0.015607,0.480415,0.0,28.298043,-0.061544,0.0,7162.760475,10.191264,0.105462,1.0,0.0,0.0,0.0,7121.219125,10.329486,1021.0,3.0,0.0,158.0,-0.135116,35.277633,126.999479,35.277614,-0.036881,-9e-05,0.202803,0.013797,-3.6e-05,0.010205,0.34375,0.0,0.0,0.0,0.0,0.0,-9999.0,-9999.0,-9999.0,-9999.0,-9999.0,-9999.0,-9999.0,-9999.0,-9999.0,-9999.0,-9999.0,-9999.0,-9999.0,-9999.0
P25_AV0_4_interaction,active_and_state_lat_and_long_zero_last_source_row_continuous_segment,P25,AV0,4,off_ramp,P25_AV0_4,P25_AV0.1.asc,HV4,60,driver_number,18638,1,310633.33,310633.3341,4.0,4.0,28.298077,101.873078,229.0,64.753635,-7162.767725,-0.014102,0.466252,0.0,28.297671,-0.060175,0.0,7163.229586,10.239979,0.105694,1.0,0.0,0.0,0.0,7121.806227,10.360886,1021.0,3.0,0.0,158.0,-0.136009,35.281013,127.011648,35.280994,-0.036883,-9e-05,0.202846,0.014311,9e-05,0.010048,0.3425,0.002198,0.0,0.0,0.0,0.0,-9999.0,-9999.0,-9999.0,-9999.0,-9999.0,-9999.0,-9999.0,-9999.0,-9999.0,-9999.0,-9999.0,-9999.0,-9999.0,-9999.0
P25_AV0_4_interaction,active_and_state_lat_and_long_zero_last_source_row_continuous_segment,P25,AV0,4,off_ramp,P25_AV0_4,P25_AV0.1.asc,HV4,60,driver_number,18639,1,310650.0,310650.0008,4.0,4.0,28.297906,101.87246,229.0,65.224714,-7163.236905,0.00431,0.45079,0.0,28.297595,-0.058722,0.0,7163.698678,10.288821,0.105915,1.0,0.0,0.0,0.0,7122.393384,10.392293,1021.0,3.0,0.0,158.0,-0.136898,35.284142,127.022911,35.284123,-0.036872,-8.6e-05,0.182652,0.014448,0.000227,0.010048,0.3425,0.002198,0.0,0.0,0.0,0.0,-9999.0,-9999.0,-9999.0,-9999.0,-9999.0,-9999.0,-9999.0,-9999.0,-9999.0,-9999.0,-9999.0,-9999.0,-9999.0,-9999.0
P25_AV0_4_interaction,active_and_state_lat_and_long_zero_last_source_row_continuous_segment,P25,AV0,4,off_ramp,P25_AV0_4,P25_AV0.1.asc,HV4,60,driver_number,18640,1,310666.67,310666.6674,4.0,4.0,28.297547,101.871171,229.0,65.69578,-7163.706067,0.001113,0.431904,0.0,28.297622,-0.057182,0.0,7164.167757,10.337787,0.106124,1.0,0.0,0.0,0.0,7122.980594,10.423707,1021.0,3.0,0.0,158.0,-0.137782,35.287259,127.034133,35.28724,-0.036849,-8.2e-05,0.19712,0.01486,0.000263,0.009891,0.335,0.0,0.0,0.0,0.0,0.0,-9999.0,-9999.0,-9999.0,-9999.0,-9999.0,-9999.0,-9999.0,-9999.0,-9999.0,-9999.0,-9999.0,-9999.0,-9999.0,-9999.0
P25_AV0_4_interaction,active_and_state_lat_and_long_zero_last_source_row_continuous_segment,P25,AV0,4,off_ramp,P25_AV0_4,P25_AV0.1.asc,HV4,60,driver_number,18641,1,310683.33,310683.3339,4.0,4.0,28.297625,101.87145,229.0,66.16684,-7164.175216,-0.005946,0.421778,0.0,28.297598,-0.055627,0.0,7164.636824,10.386873,0.106323,1.0,0.0,0.0,0.0,7123.567856,10.455128,1021.0,3.0,0.0,158.0,-0.138663,35.290611,127.046198,35.290591,-0.036818,-7.7e-05,0.202041,0.015233,0.000299,0.009734,0.335,0.0,0.0,0.0,0.0,0.0,-9999.0,-9999.0,-9999.0,-9999.0,-9999.0,-9999.0,-9999.0,-9999.0,-9999.0,-9999.0,-9999.0,-9999.0,-9999.0,-9999.0
P25_AV0_4_interaction,active_and_state_lat_and_long_zero_last_source_row_continuous_segment,P25,AV0,4,off_ramp,P25_AV0_4,P25_AV0.1.asc,HV4,60,driver_number,18642,1,310700.0,310700.0,4.0,4.0,28.297626,101.871453,229.0,66.637895,-7164.644353,0.00269,0.403298,0.0,28.29758,-0.053997,0.0,7165.105878,10.436074,0.10651,1.0,0.0,0.0,0.0,7124.155173,10.486556,1021.0,3.0,0.0,158.0,-0.139539,35.293982,127.058336,35.293963,-0.03678,-7.2e-05,0.202418,0.015255,0.000285,0.009734,0.335,0.0,0.0,0.0,0.0,0.0,-9999.0,-9999.0,-9999.0,-9999.0,-9999.0,-9999.0,-9999.0,-9999.0,-9999.0,-9999.0,-9999.0,-9999.0,-9999.0,-9999.0
P25_AV0_4_interaction,active_and_state_lat_and_long_zero_last_source_row_continuous_segment,P25,AV0,4,off_ramp,P25_AV0_4,P25_AV0.1.asc,HV4,60,driver_number,18643,1,310716.67,310716.6667,4.0,4.0,28.297543,101.871156,229.0,67.108943,-7165.113478,0.000302,0.387404,0.0,28.297586,-0.052332,0.0,7165.57492,10.485387,0.106688,1.0,0.0,1.0,0.0,7124.742545,10.517992,1021.0,3.0,0.0,158.0,-0.140411,35.297356,127.070482,35.297337,-0.036739,-6.7e-05,0.202453,0.015253,0.000307,0.009734,0.3305,0.0,0.0,0.0,0.0,0.0,-9999.0,-9999.0,-9999.0,-9999.0,-9999.0,-9999.0,-9999.0,-9999.0,-9999.0,-9999.0,-9999.0,-9999.0,-9999.0,-9999.0
P25_AV0_4_interaction,active_and_state_lat_and_long_zero_last_source_row_continuous_segment,P25,AV0,4,off_ramp,P25_AV0_4,P25_AV0.1.asc,HV4,60,driver_number,18644,1,310733.33,310733.3341,4.0,4.0,28.297597,101.871351,229.0,67.579986,-7165.582592,-0.010188,0.375215,0.0,28.297553,-0.05066,0.0,7166.043951,10.534807,0.106855,1.0,0.0,1.0,0.0,7125.329974,10.549434,1021.0,3.0,0.0,158.0,-0.141279,35.300729,127.082626,35.30071,-0.036695,-6.2e-05,0.202391,0.015234,0.000341,0.009734,0.31425,0.0,0.0,0.0,0.0,0.0,-9999.0,-9999.0,-9999.0,-9999.0,-9999.0,-9999.0,-9999.0,-9999.0,-9999.0,-9999.0,-9999.0,-9999.0,-9999.0,-9999.0
P25_AV0_4_interaction,active_and_state_lat_and_long_zero_last_source_row_continuous_segment,P25,AV0,4,off_ramp,P25_AV0_4,P25_AV0.1.asc,HV4,60,driver_number,18645,1,310750.0,310750.0,4.0,4.0,28.297584,101.871303,229.0,68.051023,-7166.051694,-0.019842,0.359979,0.0,28.297409,-0.048938,0.0,7166.512969,10.58433,0.107012,1.0,0.0,1.0,0.0,7125.917458,10.580885,1021.0,3.0,0.0,158.0,-0.142142,35.304101,127.094765,35.304082,-0.036648,-5.6e-05,0.202296,0.015201,0.000371,0.009734,0.31425,0.0,0.0,0.0,0.0,0.0,-9999.0,-9999.0,-9999.0,-9999.0,-9999.0,-9999.0,-9999.0,-9999.0,-9999.0,-9999.0,-9999.0,-9999.0,-9999.0,-9999.0
P25_AV0_4_interaction,active_and_state_lat_and_long_zero_last_source_row_continuous_segment,P25,AV0,4,off_ramp,P25_AV0_4,P25_AV0.1.asc,HV4,60,driver_number,18646,1,310766.67,310766.6674,4.0,4.0,28.297464,101.870871,229.0,68.522053,-7166.520785,-0.001741,0.342075,0.0,28.297115,-0.047194,0.0,7166.981974,10.633952,0.10716,1.0,0.0,1.0,0.0,7126.504999,10.612342,1021.0,3.0,0.0,158.0,-0.143001,35.307472,127.106898,35.307453,-0.036584,-4.9e-05,0.202193,0.01647,0.00039,0.009106,0.3025,0.0,0.0,0.0,0.0,0.0,-9999.0,-9999.0,-9999.0,-9999.0,-9999.0,-9999.0,-9999.0,-9999.0,-9999.0,-9999.0,-9999.0,-9999.0,-9999.0,-9999.0
P25_AV0_4_interaction,active_and_state_lat_and_long_zero_last_source_row_continuous_segment,P25,AV0,4,off_ramp,P25_AV0_4,P25_AV0.1.asc,HV4,60,driver_number,18647,1,310783.33,310783.334,4.0,4.0,28.29724,101.870064,229.0,68.993076,-7166.989863,0.002873,0.328151,0.0,28.297076,-0.045473,0.0,7167.450966,10.683668,0.107299,1.0,0.0,1.0,0.0,7127.092595,10.643807,1021.0,3.0,0.0,158.0,-0.143856,35.31084,127.119024,35.310821,-0.036503,-4.3e-05,0.202088,0.018032,0.000394,0.008321,0.28925,0.0,0.0,0.0,0.0,0.0,-9999.0,-9999.0,-9999.0,-9999.0,-9999.0,-9999.0,-9999.0,-9999.0,-9999.0,-9999.0,-9999.0,-9999.0,-9999.0,-9999.0
P25_AV0_4_interaction,active_and_state_lat_and_long_zero_last_source_row_continuous_segment,P25,AV0,4,off_ramp,P25_AV0_4,P25_AV0.1.asc,HV4,60,driver_number,18648,1,310800.0,310800.0008,4.0,4.0,28.297098,101.869552,229.0,69.46409,-7167.458928,-0.004787,0.311303,0.0,28.297099,-0.043768,0.0,7167.919947,10.733475,0.107429,1.0,0.0,1.0,0.0,7127.680247,10.67528,1021.0,3.0,0.0,158.0,-0.144706,35.314196,127.131107,35.314178,-0.036407,-3.6e-05,0.200801,0.020233,0.000383,0.007222,0.28925,0.0,0.0,0.0,0.0,0.0,-9999.0,-9999.0,-9999.0,-9999.0,-9999.0,-9999.0,-9999.0,-9999.0,-9999.0,-9999.0,-9999.0,-9999.0,-9999.0,-9999.0
P25_AV0_4_interaction,active_and_state_lat_and_long_zero_last_source_row_continuous_segment,P25,AV0,4,off_ramp,P25_AV0_4,P25_AV0.1.asc,HV4,60,driver_number,18649,1,310816.67,310816.6676,4.0,4.0,28.297097,101.86955,229.0,69.935099,-7167.927983,-0.020457,0.292808,0.0,28.296937,-0.042123,0.0,7168.388919,10.783367,0.107551,1.0,0.0,1.0,0.0,7128.267954,10.706761,1021.0,3.0,0.0,158.0,-0.145551,35.317526,127.143095,35.317508,-0.036314,-3e-05,0.198467,0.022102,0.000351,0.00628,0.27425,0.0,0.0,0.0,0.0,0.0,-9999.0,-9999.0,-9999.0,-9999.0,-9999.0,-9999.0,-9999.0,-9999.0,-9999.0,-9999.0,-9999.0,-9999.0,-9999.0,-9999.0
P25_AV0_4_interaction,active_and_state_lat_and_long_zero_last_source_row_continuous_segment,P25,AV0,4,off_ramp,P25_AV0_4,P25_AV0.1.asc,HV4,60,driver_number,18650,1,310833.33,310833.3335,4.0,4.0,28.297056,101.869403,229.0,70.406103,-7168.39703,-0.010322,0.277616,0.0,28.296615,-0.040484,0.0,7168.857879,10.833341,0.107663,1.0,0.0,1.0,0.0,7128.855717,10.738251,1021.0,3.0,0.0,158.0,-0.14639,35.320759,127.154732,35.32074,-0.036246,-2.5e-05,0.190981,0.02303,0.000293,0.005809,0.24625,0.0,0.0,0.0,0.0,0.0,-9999.0,-9999.0,-9999.0,-9999.0,-9999.0,-9999.0,-9999.0,-9999.0,-9999.0,-9999.0,-9999.0,-9999.0,-9999.0,-9999.0
P25_AV0_4_interaction,active_and_state_lat_and_long_zero_last_source_row_continuous_segment,P25,AV0,4,off_ramp,P25_AV0_4,P25_AV0.1.asc,HV4,60,driver_number,18651,1,310850.0,310850.0,4.0,4.0,28.296764,101.868352,229.0,70.877099,-7168.866064,-0.005009,0.257101,0.0,28.296475,-0.038893,0.0,7169.326825,10.883391,0.107767,1.0,0.0,1.0,0.0,7129.443533,10.769749,1021.0,3.0,0.0,158.0,-0.147224,35.3239,127.166038,35.323881,-0.03622,-2.1e-05,0.187275,0.02306,0.000199,0.00628,0.2355,0.0,0.0,0.0,0.0,0.0,-9999.0,-9999.0,-9999.0,-9999.0,-9999.0,-9999.0,-9999.0,-9999.0,-9999.0,-9999.0,-9999.0,-9999.0,-9999.0,-9999.0
P25_AV0_4_interaction,active_and_state_lat_and_long_zero_last_source_row_continuous_segment,P25,AV0,4,off_ramp,P25_AV0_4,P25_AV0.1.asc,HV4,60,driver_number,18652,1,310866.67,310866.6668,4.0,4.0,28.296527,101.867497,229.0,71.348087,-7169.335086,-0.012105,0.237788,0.0,28.296356,-0.037346,0.0,7169.795762,10.933512,0.107862,1.0,0.0,1.0,0.0,7130.031401,10.801256,1021.0,3.0,0.0,158.0,-0.148052,35.326998,127.177191,35.326979,-0.036235,-1.9e-05,0.184259,0.02321,7.8e-05,0.00628,0.227,0.0,0.0,0.0,0.0,0.0,-9999.0,-9999.0,-9999.0,-9999.0,-9999.0,-9999.0,-9999.0,-9999.0,-9999.0,-9999.0,-9999.0,-9999.0,-9999.0,-9999.0
P25_AV0_4_interaction,active_and_state_lat_and_long_zero_last_source_row_continuous_segment,P25,AV0,4,off_ramp,P25_AV0_4,P25_AV0.1.asc,HV4,60,driver_number,18653,1,310883.33,310883.3342,4.0,4.0,28.296431,101.867153,229.0,71.819069,-7169.804099,-0.005848,0.223415,0.0,28.296177,-0.035846,0.0,7170.26469,10.983699,0.107947,1.0,0.0,1.0,0.0,7130.619321,10.832771,1021.0,3.0,0.0,158.0,-0.148874,35.330003,127.18801,35.329984,-0.036286,-1.9e-05,0.176743,0.023472,-5.8e-05,0.00628,0.227,0.0,0.0,0.0,0.0,0.0,-9999.0,-9999.0,-9999.0,-9999.0,-9999.0,-9999.0,-9999.0,-9999.0,-9999.0,-9999.0,-9999.0,-9999.0,-9999.0,-9999.0
P25_AV0_4_interaction,active_and_state_lat_and_long_zero_last_source_row_continuous_segment,P25,AV0,4,off_ramp,P25_AV0_4,P25_AV0.1.asc,HV4,60,driver_number,18654,1,310900.0,310900.0001,4.0,4.0,28.296254,101.866513,229.0,72.290045,-7170.273102,-0.011994,0.202865,0.0,28.296051,-0.034359,0.0,7170.733608,11.033948,0.108023,1.0,0.0,1.0,0.0,7131.20729,10.864296,1021.0,3.0,0.0,158.0,-0.14969,35.332777,127.197997,35.332758,-0.03637,-2.1e-05,0.159492,0.023846,-0.000215,0.00628,0.22,0.0,0.0,0.0,0.0,0.0,-9999.0,-9999.0,-9999.0,-9999.0,-9999.0,-9999.0,-9999.0,-9999.0,-9999.0,-9999.0,-9999.0,-9999.0,-9999.0,-9999.0
P25_AV0_4_interaction,active_and_state_lat_and_long_zero_last_source_row_continuous_segment,P25,AV0,4,off_ramp,P25_AV0_4,P25_AV0.1.asc,HV4,60,driver_number,18655,1,310916.67,310916.6675,4.0,4.0,28.296127,101.866058,229.0,72.761016,-7170.742097,-0.005668,0.179298,0.0,28.295876,-0.032933,0.0,7171.202518,11.084252,0.108088,1.0,0.0,1.0,0.0,7131.795305,10.895828,1021.0,3.0,0.0,158.0,-0.1505,35.335317,127.20714,35.335298,-0.036482,-2.7e-05,0.146447,0.024326,-0.000409,0.00628,0.22,0.0,0.0,0.0,0.0,0.0,-9999.0,-9999.0,-9999.0,-9999.0,-9999.0,-9999.0,-9999.0,-9999.0,-9999.0,-9999.0,-9999.0,-9999.0,-9999.0,-9999.0
P25_AV0_4_interaction,active_and_state_lat_and_long_zero_last_source_row_continuous_segment,P25,AV0,4,off_ramp,P25_AV0_4,P25_AV0.1.asc,HV4,60,driver_number,18656,1,310933.33,310933.3342,4.0,4.0,28.29595,101.865421,229.0,73.23198,-7171.211084,-0.000986,0.159224,0.0,28.295786,-0.031543,0.0,7171.67142,11.134607,0.108143,1.0,0.0,1.0,0.0,7132.383362,10.92737,1021.0,3.0,0.0,158.0,-0.151304,35.337578,127.21528,35.337559,-0.036618,-3.6e-05,0.127349,0.024924,-0.00065,0.00628,0.215,0.0,0.0,0.0,0.0,0.0,-9999.0,-9999.0,-9999.0,-9999.0,-9999.0,-9999.0,-9999.0,-9999.0,-9999.0,-9999.0,-9999.0,-9999.0,-9999.0,-9999.0
P25_AV0_4_interaction,active_and_state_lat_and_long_zero_last_source_row_continuous_segment,P25,AV0,4,off_ramp,P25_AV0_4,P25_AV0.1.asc,HV4,60,driver_number,18657,1,310950.0,310950.0008,4.0,4.0,28.295828,101.86498,229.0,73.70294,-7171.680063,-0.011478,0.141524,0.0,28.295729,-0.030191,0.0,7172.140316,11.185005,0.108185,1.0,0.0,1.0,0.0,7132.971456,10.95892,1021.0,3.0,0.0,158.0,-0.152102,35.339503,127.22221,35.339484,-0.036775,-5e-05,0.10963,0.02564,-0.000932,0.00628,0.208,0.0,0.0,0.0,0.0,0.0,-9999.0,-9999.0,-9999.0,-9999.0,-9999.0,-9999.0,-9999.0,-9999.0,-9999.0,-9999.0,-9999.0,-9999.0,-9999.0,-9999.0
P25_AV0_4_interaction,active_and_state_lat_and_long_zero_last_source_row_continuous_segment,P25,AV0,4,off_ramp,P25_AV0_4,P25_AV0.1.asc,HV4,60,driver_number,18658,1,310966.67,310966.6674,4.0,4.0,28.295777,101.864798,229.0,74.173896,-7172.149037,-0.012946,0.117461,0.0,28.295525,-0.028768,0.0,7172.609206,11.235442,0.108215,1.0,0.0,1.0,0.0,7133.559583,10.990478,1021.0,3.0,0.0,158.0,-0.152892,35.341231,127.228431,35.341211,-0.036947,-6.8e-05,0.097593,0.026473,-0.001235,0.00628,0.20625,0.0,0.0,0.0,0.0,0.0,-9999.0,-9999.0,-9999.0,-9999.0,-9999.0,-9999.0,-9999.0,-9999.0,-9999.0,-9999.0,-9999.0,-9999.0,-9999.0,-9999.0
P25_AV0_4_interaction,active_and_state_lat_and_long_zero_last_source_row_continuous_segment,P25,AV0,4,off_ramp,P25_AV0_4,P25_AV0.1.asc,HV4,60,driver_number,18659,1,310983.33,310983.3341,4.0,4.0,28.295633,101.864278,229.0,74.644849,-7172.618005,-0.015604,0.097573,0.0,28.295279,-0.02734,0.0,7173.078089,11.285911,0.108232,1.0,0.0,1.0,0.0,7134.147738,11.022045,1021.0,3.0,0.0,158.0,-0.153676,35.342652,127.233547,35.342632,-0.037131,-9.2e-05,0.075912,0.027419,-0.001529,0.00628,0.20625,0.0,0.0,0.0,0.0,0.0,-9999.0,-9999.0,-9999.0,-9999.0,-9999.0,-9999.0,-9999.0,-9999.0,-9999.0,-9999.0,-9999.0,-9999.0,-9999.0,-9999.0
P25_AV0_4_interaction,active_and_state_lat_and_long_zero_last_source_row_continuous_segment,P25,AV0,4,off_ramp,P25_AV0_4,P25_AV0.1.asc,HV4,60,driver_number,18660,1,311000.0,311000.0009,4.0,4.0,28.295417,101.863501,229.0,75.115796,-7173.086967,-0.015164,0.082986,0.0,28.295009,-0.025874,0.0,7173.546965,11.336407,0.108236,1.0,0.0,1.0,0.0,7134.735917,11.05362,1021.0,3.0,0.0,158.0,-0.154453,35.343587,127.236914,35.343567,-0.037321,-0.00012,0.043537,0.028477,-0.001817,0.00628,0.20625,0.0,0.0,0.0,0.0,0.0,-9999.0,-9999.0,-9999.0,-9999.0,-9999.0,-9999.0,-9999.0,-9999.0,-9999.0,-9999.0,-9999.0,-9999.0,-9999.0,-9999.0
P25_AV0_4_interaction,active_and_state_lat_and_long_zero_last_source_row_continuous_segment,P25,AV0,4,off_ramp,P25_AV0_4,P25_AV0.1.asc,HV4,60,driver_number,18661,1,311016.69,311016.6888,4.0,4.0,28.295148,101.862534,229.0,75.586738,-7173.555922,-0.018642,0.060794,0.0,28.294747,-0.02429,0.0,7174.015834,11.386924,0.108225,1.0,0.0,1.0,0.0,7135.324111,11.085203,1021.0,3.0,0.0,158.0,-0.155223,35.344052,127.238586,35.344032,-0.037514,-0.000153,0.018203,0.029642,-0.002115,0.00628,0.20575,0.0,0.0,0.0,0.0,0.0,-9999.0,-9999.0,-9999.0,-9999.0,-9999.0,-9999.0,-9999.0,-9999.0,-9999.0,-9999.0,-9999.0,-9999.0,-9999.0,-9999.0
P25_AV0_4_interaction,active_and_state_lat_and_long_zero_last_source_row_continuous_segment,P25,AV0,4,off_ramp,P25_AV0_4,P25_AV0.1.asc,HV4,60,driver_number,18662,1,311033.33,311033.3342,4.0,4.0,28.294882,101.861577,229.0,76.057673,-7174.024871,-0.012002,0.044646,0.0,28.294465,-0.022652,0.0,7174.484696,11.437457,0.108201,1.0,0.0,1.0,0.0,7135.912313,11.116795,1021.0,3.0,0.0,158.0,-0.155984,35.344063,127.238628,35.344043,-0.037706,-0.000191,-0.017203,0.030917,-0.002348,0.00628,0.206,0.002198,1.0,0.0,0.0,0.0,-9999.0,-9999.0,-9999.0,-9999.0,-9999.0,-9999.0,-9999.0,-9999.0,-9999.0,-9999.0,-9999.0,-9999.0,-9999.0,-9999.0
P25_AV0_4_interaction,active_and_state_lat_and_long_zero_last_source_row_continuous_segment,P25,AV0,4,off_ramp,P25_AV0_4,P25_AV0.1.asc,HV4,60,driver_number,18663,1,311050.0,311050.0006,4.0,4.0,28.294592,101.86053,229.0,76.528604,-7174.493813,-0.024325,0.027188,0.0,28.294176,-0.020931,0.0,7174.953553,11.488001,0.108163,1.0,0.0,0.0,0.0,7136.500515,11.148395,1021.0,3.0,0.0,158.0,-0.156737,35.343606,127.236981,35.343585,-0.03789,-0.000233,-0.031237,0.03228,-0.002598,0.00628,0.206,0.002198,1.0,0.0,0.0,0.0,-9999.0,-9999.0,-9999.0,-9999.0,-9999.0,-9999.0,-9999.0,-9999.0,-9999.0,-9999.0,-9999.0,-9999.0,-9999.0,-9999.0
P25_AV0_4_interaction,active_and_state_lat_and_long_zero_last_source_row_continuous_segment,P25,AV0,4,off_ramp,P25_AV0_4,P25_AV0.1.asc,HV4,60,driver_number,18664,1,311066.67,311066.6676,4.0,4.0,28.294366,101.859716,229.0,76.999529,-7174.96275,-0.039434,0.009807,0.0,28.293711,-0.019079,0.0,7175.422404,11.538551,0.108111,1.0,0.0,0.0,0.0,7137.08871,11.180003,1021.0,3.0,0.0,158.0,-0.157482,35.34308,127.235088,35.343059,-0.038063,-0.000278,-0.025225,0.033699,-0.002784,0.006437,0.20575,0.0,1.0,0.0,0.0,0.0,-9999.0,-9999.0,-9999.0,-9999.0,-9999.0,-9999.0,-9999.0,-9999.0,-9999.0,-9999.0,-9999.0,-9999.0,-9999.0,-9999.0
P25_AV0_4_interaction,active_and_state_lat_and_long_zero_last_source_row_continuous_segment,P25,AV0,4,off_ramp,P25_AV0_4,P25_AV0.1.asc,HV4,60,driver_number,18665,1,311083.33,311083.3339,4.0,4.0,28.293974,101.858305,229.0,77.470449,-7175.431682,-0.00765,-0.005811,0.0,28.293141,-0.017154,0.0,7175.891246,11.589102,0.108046,1.0,0.0,0.0,0.0,7137.676896,11.21162,1021.0,3.0,0.0,158.0,-0.158218,35.342665,127.233592,35.342644,-0.038221,-0.000324,-0.026728,0.035141,-0.002774,0.006437,0.20575,0.0,1.0,0.0,0.0,0.0,-9999.0,-9999.0,-9999.0,-9999.0,-9999.0,-9999.0,-9999.0,-9999.0,-9999.0,-9999.0,-9999.0,-9999.0,-9999.0,-9999.0
P25_AV0_4_interaction,active_and_state_lat_and_long_zero_last_source_row_continuous_segment,P25,AV0,4,off_ramp,P25_AV0_4,P25_AV0.1.asc,HV4,60,driver_number,18666,1,311100.0,311100.0005,4.0,4.0,28.293383,101.85618,229.0,77.94136,-7175.900604,-0.010673,-0.022348,0.0,28.293018,-0.015132,0.0,7176.360081,11.639649,0.107968,1.0,0.0,0.0,0.0,7138.265075,11.243246,1021.0,3.0,0.0,158.0,-0.158944,35.342152,127.231746,35.342131,-0.03836,-0.000369,-0.033481,0.036568,-0.002611,0.006437,0.20575,0.0,1.0,0.0,0.0,0.0,-9999.0,-9999.0,-9999.0,-9999.0,-9999.0,-9999.0,-9999.0,-9999.0,-9999.0,-9999.0,-9999.0,-9999.0,-9999.0,-9999.0
P25_AV0_4_interaction,active_and_state_lat_and_long_zero_last_source_row_continuous_segment,P25,AV0,4,off_ramp,P25_AV0_4,P25_AV0.1.asc,HV4,60,driver_number,18667,1,311116.67,311116.6675,4.0,4.0,28.293078,101.855081,229.0,78.412263,-7176.369521,-0.016837,-0.040764,0.0,28.292816,-0.013046,0.0,7176.828915,11.69019,0.107879,1.0,0.0,0.0,0.0,7138.853245,11.274881,1021.0,3.0,0.0,158.0,-0.15966,35.341416,127.229097,35.341395,-0.038478,-0.000409,-0.057806,0.037744,-0.002192,0.006908,0.20575,0.0,1.0,0.0,0.0,0.0,-9999.0,-9999.0,-9999.0,-9999.0,-9999.0,-9999.0,-9999.0,-9999.0,-9999.0,-9999.0,-9999.0,-9999.0,-9999.0,-9999.0
P25_AV0_4_interaction,active_and_state_lat_and_long_zero_last_source_row_continuous_segment,P25,AV0,4,off_ramp,P25_AV0_4,P25_AV0.1.asc,HV4,60,driver_number,18668,1,311133.33,311133.3334,4.0,4.0,28.292929,101.854546,229.0,78.883164,-7176.838435,-0.016171,-0.057611,0.0,28.292465,-0.010955,0.0,7177.297745,11.740718,0.107779,1.0,0.0,0.0,0.0,7139.441402,11.306526,1021.0,3.0,0.0,158.0,-0.160366,35.340576,127.226075,35.340555,-0.038574,-0.000442,-0.048202,0.039048,-0.001767,0.006908,0.20575,0.0,1.0,0.0,0.0,0.0,-9999.0,-9999.0,-9999.0,-9999.0,-9999.0,-9999.0,-9999.0,-9999.0,-9999.0,-9999.0,-9999.0,-9999.0,-9999.0,-9999.0
P25_AV0_4_interaction,active_and_state_lat_and_long_zero_last_source_row_continuous_segment,P25,AV0,4,off_ramp,P25_AV0_4,P25_AV0.1.asc,HV4,60,driver_number,18669,1,311150.0,311150.0008,4.0,4.0,28.292676,101.853634,158.0,79.354063,-7177.307348,-0.01915,-0.077151,0.0,28.292195,-0.008836,0.0,7177.766572,11.79123,0.107668,1.0,0.0,0.0,0.0,7140.029545,11.338181,1021.0,3.0,0.0,158.0,-0.161062,35.339762,127.223144,35.339741,-0.038671,-0.000467,-0.049087,0.036987,-0.001264,0.008478,0.20575,0.0,1.0,0.0,0.0,0.0,-9999.0,-9999.0,-9999.0,-9999.0,-9999.0,-9999.0,-9999.0,-9999.0,-9999.0,-9999.0,-9999.0,-9999.0,-9999.0,-9999.0
P25_AV0_4_interaction,active_and_state_lat_and_long_zero_last_source_row_continuous_segment,P25,AV0,4,off_ramp,P25_AV0_4,P25_AV0.1.asc,HV4,60,driver_number,18670,1,311166.67,311166.6678,4.0,4.0,28.292331,101.852392,158.0,79.824956,-7177.776257,-0.010228,-0.09862,0.0,28.291921,-0.006771,0.0,7178.235396,11.841722,0.107547,1.0,0.0,0.0,0.0,7140.617674,11.369846,1021.0,3.0,0.0,158.0,-0.161746,35.338943,127.220194,35.338922,-0.038757,-0.000482,-0.049143,0.035512,-0.000729,0.009734,0.20575,0.0,1.0,0.0,0.0,0.0,-9999.0,-9999.0,-9999.0,-9999.0,-9999.0,-9999.0,-9999.0,-9999.0,-9999.0,-9999.0,-9999.0,-9999.0,-9999.0,-9999.0
P25_AV0_4_interaction,active_and_state_lat_and_long_zero_last_source_row_continuous_segment,P25,AV0,4,off_ramp,P25_AV0_4,P25_AV0.1.asc,HV4,60,driver_number,18671,1,311183.33,311183.3334,4.0,4.0,28.292036,101.851329,158.0,80.295846,-7178.245164,-0.016599,-0.120975,0.0,28.291725,-0.004786,0.0,7178.704219,11.892186,0.107416,1.0,0.0,0.0,0.0,7141.205788,11.40152,1021.0,3.0,0.0,158.0,-0.16242,35.338123,127.217242,35.338101,-0.038806,-0.000489,-0.04913,0.036513,-0.000169,0.009734,0.20575,0.0,1.0,0.0,0.0,0.0,-9999.0,-9999.0,-9999.0,-9999.0,-9999.0,-9999.0,-9999.0,-9999.0,-9999.0,-9999.0,-9999.0,-9999.0,-9999.0,-9999.0
P25_AV0_4_interaction,active_and_state_lat_and_long_zero_last_source_row_continuous_segment,P25,AV0,4,off_ramp,P25_AV0_4,P25_AV0.1.asc,HV4,60,driver_number,18672,1,311200.0,311200.0005,4.0,4.0,28.291836,101.850611,158.0,80.766733,-7178.71407,-0.027659,-0.139979,0.0,28.291378,-0.002902,0.0,7179.173042,11.942618,0.107275,1.0,0.0,0.0,0.0,7141.793889,11.433205,1021.0,3.0,0.0,158.0,-0.163083,35.337308,127.214309,35.337287,-0.038884,-0.000486,-0.04862,0.026206,0.000365,0.015072,0.20575,0.0,1.0,0.0,0.0,0.0,-9999.0,-9999.0,-9999.0,-9999.0,-9999.0,-9999.0,-9999.0,-9999.0,-9999.0,-9999.0,-9999.0,-9999.0,-9999.0,-9999.0
P25_AV0_4_interaction,active_and_state_lat_and_long_zero_last_source_row_continuous_segment,P25,AV0,4,off_ramp,P25_AV0_4,P25_AV0.1.asc,HV4,60,driver_number,18673,1,311216.67,311216.6676,4.0,4.0,28.291587,101.849714,158.0,81.237618,-7179.182976,-0.031754,-0.16928,0.0,28.290901,-0.00106,0.0,7179.641863,11.99301,0.107124,1.0,0.0,0.0,0.0,7142.381975,11.464899,1021.0,3.0,0.0,158.0,-0.163737,35.336501,127.211404,35.33648,-0.038954,-0.000475,-0.048285,0.020694,0.00087,0.018055,0.20575,0.0,1.0,0.0,0.0,0.0,-9999.0,-9999.0,-9999.0,-9999.0,-9999.0,-9999.0,-9999.0,-9999.0,-9999.0,-9999.0,-9999.0,-9999.0,-9999.0,-9999.0
P25_AV0_4_interaction,active_and_state_lat_and_long_zero_last_source_row_continuous_segment,P25,AV0,4,off_ramp,P25_AV0_4,P25_AV0.1.asc,HV4,60,driver_number,18674,1,311233.33,311233.3342,4.0,4.0,28.291147,101.848131,158.0,81.708499,-7179.65188,-0.02072,-0.198325,0.0,28.290403,0.000624,0.0,7180.11068,12.043356,0.106961,1.0,0.0,0.0,0.0,7142.970047,11.4966,1021.0,3.0,0.0,158.0,-0.164381,35.335697,127.208508,35.335675,-0.038971,-0.000456,-0.048229,0.013643,0.001319,0.021666,0.20575,0.002198,1.0,0.0,0.0,0.0,-9999.0,-9999.0,-9999.0,-9999.0,-9999.0,-9999.0,-9999.0,-9999.0,-9999.0,-9999.0,-9999.0,-9999.0,-9999.0,-9999.0
P25_AV0_4_interaction,active_and_state_lat_and_long_zero_last_source_row_continuous_segment,P25,AV0,4,off_ramp,P25_AV0_4,P25_AV0.1.asc,HV4,60,driver_number,18675,1,311250.0,311250.0005,4.0,4.0,28.290637,101.846293,158.0,82.179373,-7180.12078,-0.015877,-0.225456,0.0,28.290092,0.002182,0.0,7180.579496,12.093648,0.106785,1.0,0.0,0.0,0.0,7143.558105,11.528308,1021.0,3.0,0.0,158.0,-0.165019,35.334643,127.204713,35.334621,-0.038869,-0.000429,-0.068251,0.01382,0.001752,0.021666,0.20575,0.002198,1.0,0.0,0.0,0.0,-9999.0,-9999.0,-9999.0,-9999.0,-9999.0,-9999.0,-9999.0,-9999.0,-9999.0,-9999.0,-9999.0,-9999.0,-9999.0,-9999.0
P25_AV0_4_interaction,active_and_state_lat_and_long_zero_last_source_row_continuous_segment,P25,AV0,4,off_ramp,P25_AV0_4,P25_AV0.1.asc,HV4,60,driver_number,18676,1,311266.67,311266.6676,4.0,4.0,28.290231,101.84483,158.0,82.650243,-7180.58968,-0.023317,-0.257012,0.0,28.289793,0.003666,0.0,7181.048313,12.143878,0.106595,1.0,0.0,0.0,0.0,7144.146146,11.560022,1021.0,3.0,0.0,158.0,-0.16565,35.333581,127.20089,35.333559,-0.03866,-0.000397,-0.053538,0.005672,0.00202,0.025434,0.206,0.0,1.0,0.0,0.0,0.0,-9999.0,-9999.0,-9999.0,-9999.0,-9999.0,-9999.0,-9999.0,-9999.0,-9999.0,-9999.0,-9999.0,-9999.0,-9999.0,-9999.0
P25_AV0_4_interaction,active_and_state_lat_and_long_zero_last_source_row_continuous_segment,P25,AV0,4,off_ramp,P25_AV0_4,P25_AV0.1.asc,HV4,60,driver_number,18677,1,311283.34,311283.3353,4.0,4.0,28.289959,101.843854,158.0,83.121112,-7181.058581,-0.024274,-0.288892,0.0,28.289397,0.005115,0.0,7181.517132,12.194036,0.106389,1.0,0.0,0.0,0.0,7144.734169,11.59174,1021.0,3.0,0.0,158.0,-0.166275,35.332758,127.197929,35.332737,-0.038263,-0.000361,-0.048303,0.003723,0.002221,0.026062,0.206,0.0,1.0,0.0,0.0,0.0,-9999.0,-9999.0,-9999.0,-9999.0,-9999.0,-9999.0,-9999.0,-9999.0,-9999.0,-9999.0,-9999.0,-9999.0,-9999.0,-9999.0
P25_AV0_4_interaction,active_and_state_lat_and_long_zero_last_source_row_continuous_segment,P25,AV0,4,off_ramp,P25_AV0_4,P25_AV0.1.asc,HV4,60,driver_number,18678,1,311300.0,311300.001,4.0,4.0,28.289599,101.842556,158.0,83.591978,-7181.527485,-0.027956,-0.313614,0.0,28.288992,0.006526,0.0,7181.985953,12.244115,0.106164,1.0,0.0,0.0,0.0,7145.322178,11.623462,1021.0,3.0,0.0,158.0,-0.166897,35.33196,127.195057,35.33194,-0.037664,-0.000323,-0.047672,0.00254,0.002312,0.026062,0.206,0.0,1.0,0.0,0.0,0.0,-9999.0,-9999.0,-9999.0,-9999.0,-9999.0,-9999.0,-9999.0,-9999.0,-9999.0,-9999.0,-9999.0,-9999.0,-9999.0,-9999.0
P25_AV0_4_interaction,active_and_state_lat_and_long_zero_last_source_row_continuous_segment,P25,AV0,4,off_ramp,P25_AV0_4,P25_AV0.1.asc,HV4,60,driver_number,18679,1,311316.67,311316.6675,4.0,4.0,28.289194,101.841099,158.0,84.062842,-7181.996391,-0.024571,-0.345047,0.0,28.288531,0.008029,0.0,7182.454777,12.294105,0.105921,1.0,0.0,0.0,0.0,7145.910174,11.655187,1021.0,3.0,0.0,158.0,-0.167514,35.331168,127.192205,35.331149,-0.036875,-0.000284,-0.047463,0.000174,0.002368,0.026376,0.20575,0.0,1.0,0.0,0.0,0.0,-9999.0,-9999.0,-9999.0,-9999.0,-9999.0,-9999.0,-9999.0,-9999.0,-9999.0,-9999.0,-9999.0,-9999.0,-9999.0,-9999.0
P25_AV0_4_interaction,active_and_state_lat_and_long_zero_last_source_row_continuous_segment,P25,AV0,4,off_ramp,P25_AV0_4,P25_AV0.1.asc,HV4,60,driver_number,18680,1,311333.33,311333.3336,4.0,4.0,28.288758,101.83953,158.0,84.533704,-7182.465299,-0.02761,-0.379039,0.0,28.288126,0.009646,0.0,7182.923604,12.343997,0.105656,1.0,0.0,0.0,0.0,7146.498155,11.686914,1021.0,3.0,0.0,158.0,-0.168127,35.330378,127.189361,35.33036,-0.035907,-0.000244,-0.047379,-0.002011,0.00238,0.026376,0.20575,0.0,1.0,0.0,0.0,0.0,-9999.0,-9999.0,-9999.0,-9999.0,-9999.0,-9999.0,-9999.0,-9999.0,-9999.0,-9999.0,-9999.0,-9999.0,-9999.0,-9999.0
P25_AV0_4_interaction,active_and_state_lat_and_long_zero_last_source_row_continuous_segment,P25,AV0,4,off_ramp,P25_AV0_4,P25_AV0.1.asc,HV4,60,driver_number,18681,1,311350.0,311350.0,4.0,4.0,28.288326,101.837973,158.0,85.004563,-7182.93421,-0.031408,-0.402654,0.0,28.287637,0.011358,0.0,7183.392434,12.393784,0.105369,1.0,0.0,0.0,0.0,7147.086124,11.718644,1021.0,3.0,0.0,158.0,-0.168739,35.329589,127.186519,35.329572,-0.034777,-0.000205,-0.047347,-0.004639,0.002345,0.026376,0.20575,0.0,1.0,0.0,0.0,0.0,-9999.0,-9999.0,-9999.0,-9999.0,-9999.0,-9999.0,-9999.0,-9999.0,-9999.0,-9999.0,-9999.0,-9999.0,-9999.0,-9999.0
P25_AV0_4_interaction,active_and_state_lat_and_long_zero_last_source_row_continuous_segment,P25,AV0,4,off_ramp,P25_AV0_4,P25_AV0.1.asc,HV4,60,driver_number,18682,1,311366.67,311366.6675,4.0,4.0,28.287895,101.836421,158.0,85.475421,-7183.403126,-0.027293,-0.432607,0.0,28.287111,0.013279,0.0,7183.861269,12.443457,0.105059,1.0,0.0,0.0,0.0,7147.674079,11.750374,1021.0,3.0,0.0,158.0,-0.169348,35.3288,127.18368,35.328784,-0.033503,-0.000167,-0.047334,-0.007657,0.002265,0.026376,0.20575,0.0,1.0,0.0,0.0,0.0,-9999.0,-9999.0,-9999.0,-9999.0,-9999.0,-9999.0,-9999.0,-9999.0,-9999.0,-9999.0,-9999.0,-9999.0,-9999.0,-9999.0
P25_AV0_4_interaction,active_and_state_lat_and_long_zero_last_source_row_continuous_segment,P25,AV0,4,off_ramp,P25_AV0_4,P25_AV0.1.asc,HV4,60,driver_number,18683,1,311383.33,311383.3337,4.0,4.0,28.287374,101.834546,158.0,85.946275,-7183.872046,-0.038011,-0.456816,0.0,28.286647,0.015382,0.0,7184.330107,12.493009,0.104726,1.0,0.0,1.0,0.0,7148.262021,11.782105,1021.0,3.0,0.0,158.0,-0.169957,35.328011,127.180841,35.327997,-0.032104,-0.00013,-0.04732,-0.011015,0.00215,0.026376,0.20575,0.0,1.0,0.0,0.0,0.0,-9999.0,-9999.0,-9999.0,-9999.0,-9999.0,-9999.0,-9999.0,-9999.0,-9999.0,-9999.0,-9999.0,-9999.0,-9999.0,-9999.0
P25_AV0_4_interaction,active_and_state_lat_and_long_zero_last_source_row_continuous_segment,P25,AV0,4,off_ramp,P25_AV0_4,P25_AV0.1.asc,HV4,60,driver_number,18684,1,311400.0,311400.0008,4.0,4.0,28.286881,101.832773,158.0,86.417128,-7184.34097,-0.034446,-0.48522,0.0,28.285951,0.017724,0.0,7184.798951,12.54243,0.10437,1.0,0.0,1.0,0.0,7148.84995,11.813834,1021.0,3.0,0.0,158.0,-0.170566,35.327223,127.178003,35.32721,-0.030596,-9.5e-05,-0.047299,-0.014668,0.002012,0.026376,0.20575,0.0,1.0,0.0,0.0,0.0,-9999.0,-9999.0,-9999.0,-9999.0,-9999.0,-9999.0,-9999.0,-9999.0,-9999.0,-9999.0,-9999.0,-9999.0,-9999.0,-9999.0
P25_AV0_4_interaction,active_and_state_lat_and_long_zero_last_source_row_continuous_segment,P25,AV0,4,off_ramp,P25_AV0_4,P25_AV0.1.asc,HV4,60,driver_number,18685,1,311416.67,311416.6676,4.0,4.0,28.286328,101.83078,158.0,86.887979,-7184.809899,-0.029424,-0.510768,0.0,28.285419,0.020278,0.0,7185.267798,12.591715,0.10399,1.0,0.0,1.0,0.0,7149.437866,11.845562,1021.0,3.0,0.0,158.0,-0.171176,35.326435,127.175167,35.326423,-0.028999,-6.3e-05,-0.047265,-0.019229,0.00186,0.02669,0.20575,0.0,1.0,0.0,0.0,0.0,-9999.0,-9999.0,-9999.0,-9999.0,-9999.0,-9999.0,-9999.0,-9999.0,-9999.0,-9999.0,-9999.0,-9999.0,-9999.0,-9999.0
P25_AV0_4_interaction,active_and_state_lat_and_long_zero_last_source_row_continuous_segment,P25,AV0,4,off_ramp,P25_AV0_4,P25_AV0.1.asc,HV4,60,driver_number,18686,1,311433.33,311433.3335,4.0,4.0,28.285661,101.82838,158.0,87.358825,-7185.278831,-0.026173,-0.533923,0.0,28.284917,0.023054,0.0,7185.736652,12.640856,0.103587,1.0,0.0,1.0,0.0,7150.025769,11.877286,1021.0,3.0,0.0,158.0,-0.171789,35.32565,127.17234,35.32564,-0.027328,-3.4e-05,-0.04701,-0.023346,0.001701,0.02669,0.20575,0.0,1.0,0.0,0.0,0.0,-9999.0,-9999.0,-9999.0,-9999.0,-9999.0,-9999.0,-9999.0,-9999.0,-9999.0,-9999.0,-9999.0,-9999.0,-9999.0,-9999.0
P25_AV0_4_interaction,active_and_state_lat_and_long_zero_last_source_row_continuous_segment,P25,AV0,4,off_ramp,P25_AV0_4,P25_AV0.1.asc,HV4,60,driver_number,18687,1,311450.0,311450.001,4.0,4.0,28.28517,101.826612,158.0,87.829669,-7185.74777,-0.022621,-0.557114,0.0,28.284497,0.026054,0.0,7186.205513,12.689848,0.103164,1.0,0.0,1.0,0.0,7150.613659,11.909005,1021.0,3.0,0.0,158.0,-0.172406,35.324869,127.169527,35.324859,-0.025588,-7e-06,-0.046854,-0.027636,0.00154,0.02669,0.20575,0.0,1.0,0.0,0.0,0.0,-9999.0,-9999.0,-9999.0,-9999.0,-9999.0,-9999.0,-9999.0,-9999.0,-9999.0,-9999.0,-9999.0,-9999.0,-9999.0,-9999.0
P25_AV0_4_interaction,active_and_state_lat_and_long_zero_last_source_row_continuous_segment,P25,AV0,4,off_ramp,P25_AV0_4,P25_AV0.1.asc,HV4,60,driver_number,18688,1,311466.67,311466.6677,4.0,4.0,28.284695,101.8249,158.0,88.300513,-7186.216717,-0.033872,-0.581001,0.0,28.284075,0.029224,0.0,7186.674383,12.738683,0.10272,1.0,0.0,1.0,0.0,7151.201537,11.940718,1021.0,3.0,0.0,158.0,-0.173029,35.324088,127.166718,35.32408,-0.023802,1.7e-05,-0.046891,-0.033391,0.00138,0.027318,0.20575,0.0,1.0,0.0,0.0,0.0,-9999.0,-9999.0,-9999.0,-9999.0,-9999.0,-9999.0,-9999.0,-9999.0,-9999.0,-9999.0,-9999.0,-9999.0,-9999.0,-9999.0
P25_AV0_4_interaction,active_and_state_lat_and_long_zero_last_source_row_continuous_segment,P25,AV0,4,off_ramp,P25_AV0_4,P25_AV0.1.asc,HV4,60,driver_number,18689,1,311483.33,311483.3341,4.0,4.0,28.284303,101.82349,158.0,88.771358,-7186.685673,-0.024448,-0.603249,0.0,28.283529,0.032528,0.0,7187.143263,12.787356,0.102259,1.0,0.0,1.0,0.0,7151.789402,11.972424,1021.0,3.0,0.0,158.0,-0.173658,35.323305,127.163898,35.323298,-0.021995,3.8e-05,-0.047105,-0.039597,0.001225,0.028103,0.20575,0.0,1.0,0.0,0.0,0.0,-9999.0,-9999.0,-9999.0,-9999.0,-9999.0,-9999.0,-9999.0,-9999.0,-9999.0,-9999.0,-9999.0,-9999.0,-9999.0,-9999.0
P25_AV0_4_interaction,active_and_state_lat_and_long_zero_last_source_row_continuous_segment,P25,AV0,4,off_ramp,P25_AV0_4,P25_AV0.1.asc,HV4,60,driver_number,18690,1,311500.0,311500.0007,4.0,4.0,28.283786,101.821631,158.0,89.242204,-7187.154638,-0.041445,-0.625899,0.0,28.283086,0.035903,0.0,7187.612151,12.835861,0.10178,1.0,0.0,1.0,0.0,7152.377254,12.004121,1021.0,3.0,0.0,158.0,-0.174295,35.32252,127.16107,35.322514,-0.02016,5.7e-05,-0.047177,-0.045537,0.001075,0.028731,0.20575,0.0,1.0,0.0,0.0,0.0,-9999.0,-9999.0,-9999.0,-9999.0,-9999.0,-9999.0,-9999.0,-9999.0,-9999.0,-9999.0,-9999.0,-9999.0,-9999.0,-9999.0
P25_AV0_4_interaction,active_and_state_lat_and_long_zero_last_source_row_continuous_segment,P25,AV0,4,off_ramp,P25_AV0_4,P25_AV0.1.asc,HV4,60,driver_number,18691,1,311516.67,311516.6677,4.0,4.0,28.283318,101.819946,158.0,89.713048,-7187.623613,-0.02864,-0.651216,0.0,28.282391,0.039303,0.0,7188.081049,12.884192,0.101287,1.0,0.0,1.0,0.0,7152.965093,12.035807,1021.0,3.0,0.0,158.0,-0.174943,35.321734,127.158241,35.321729,-0.018302,7.4e-05,-0.047191,-0.051561,0.000931,0.029359,0.20575,0.0,1.0,0.0,0.0,0.0,-9999.0,-9999.0,-9999.0,-9999.0,-9999.0,-9999.0,-9999.0,-9999.0,-9999.0,-9999.0,-9999.0,-9999.0,-9999.0,-9999.0
P25_AV0_4_interaction,active_and_state_lat_and_long_zero_last_source_row_continuous_segment,P25,AV0,4,off_ramp,P25_AV0_4,P25_AV0.1.asc,HV4,60,driver_number,18692,1,311533.34,311533.3391,4.0,4.0,28.282732,101.817837,158.0,90.183893,-7188.092596,-0.029315,-0.675652,0.0,28.281906,0.042699,0.0,7188.549955,12.932342,0.10078,1.0,0.0,1.0,0.0,7153.552921,12.06748,1021.0,3.0,0.0,158.0,-0.175603,35.320948,127.155411,35.320944,-0.016428,8.8e-05,-0.047187,-0.057978,0.000793,0.030144,0.20575,0.0,1.0,0.0,0.0,0.0,-9999.0,-9999.0,-9999.0,-9999.0,-9999.0,-9999.0,-9999.0,-9999.0,-9999.0,-9999.0,-9999.0,-9999.0,-9999.0,-9999.0
P25_AV0_4_interaction,active_and_state_lat_and_long_zero_last_source_row_continuous_segment,P25,AV0,4,off_ramp,P25_AV0_4,P25_AV0.1.asc,HV4,60,driver_number,18693,1,311550.0,311550.0026,4.0,4.0,28.282143,101.815713,158.0,90.654736,-7188.561588,-0.023305,-0.697954,0.0,28.281422,0.046041,0.0,7189.018872,12.980305,0.10026,1.0,0.0,1.0,0.0,7154.140735,12.099139,1021.0,3.0,0.0,158.0,-0.176276,35.320162,127.152582,35.320159,-0.014533,0.0001,-0.047173,-0.062812,0.000663,0.030144,0.20575,0.0,1.0,0.0,0.0,0.0,-9999.0,-9999.0,-9999.0,-9999.0,-9999.0,-9999.0,-9999.0,-9999.0,-9999.0,-9999.0,-9999.0,-9999.0,-9999.0,-9999.0
P25_AV0_4_interaction,active_and_state_lat_and_long_zero_last_source_row_continuous_segment,P25,AV0,4,off_ramp,P25_AV0_4,P25_AV0.1.asc,HV4,60,driver_number,18694,1,311566.67,311566.6673,4.0,4.0,28.281651,101.813943,158.0,91.125579,-7189.03059,-0.021442,-0.718205,0.0,28.280949,0.049313,0.0,7189.487801,13.028075,0.099729,1.0,0.0,1.0,0.0,7154.728538,12.130782,1021.0,3.0,0.0,158.0,-0.176964,35.319376,127.149754,35.319374,-0.012612,0.000109,-0.047158,-0.068354,0.000532,0.030458,0.20575,0.0,1.0,0.0,0.0,0.0,-9999.0,-9999.0,-9999.0,-9999.0,-9999.0,-9999.0,-9999.0,-9999.0,-9999.0,-9999.0,-9999.0,-9999.0,-9999.0,-9999.0
P25_AV0_4_interaction,active_and_state_lat_and_long_zero_last_source_row_continuous_segment,P25,AV0,4,off_ramp,P25_AV0_4,P25_AV0.1.asc,HV4,60,driver_number,18695,1,311583.33,311583.3335,4.0,4.0,28.281216,101.812377,158.0,91.596424,-7189.499605,-0.019734,-0.742471,0.0,28.280657,0.052528,0.0,7189.956743,13.075645,0.099189,1.0,0.0,1.0,0.0,7155.316328,12.162407,1021.0,3.0,0.0,158.0,-0.177669,35.318591,127.146926,35.318589,-0.010677,0.000117,-0.047144,-0.073295,0.000403,0.030458,0.20575,0.0,1.0,0.0,0.0,0.0,-9999.0,-9999.0,-9999.0,-9999.0,-9999.0,-9999.0,-9999.0,-9999.0,-9999.0,-9999.0,-9999.0,-9999.0,-9999.0,-9999.0
P25_AV0_4_interaction,active_and_state_lat_and_long_zero_last_source_row_continuous_segment,P25,AV0,4,off_ramp,P25_AV0_4,P25_AV0.1.asc,HV4,60,driver_number,18696,1,311600.0,311600.0001,4.0,4.0,28.280758,101.810727,158.0,92.06727,-7189.968632,-0.038716,-0.761214,0.0,28.280189,0.055628,0.0,7190.4257,13.123011,0.098639,1.0,0.0,1.0,0.0,7155.904107,12.194014,1021.0,3.0,0.0,158.0,-0.178393,35.317805,127.1441,35.317804,-0.008736,0.000123,-0.047133,-0.078917,0.000279,0.030772,0.206,0.0,1.0,0.0,0.0,0.0,-9999.0,-9999.0,-9999.0,-9999.0,-9999.0,-9999.0,-9999.0,-9999.0,-9999.0,-9999.0,-9999.0,-9999.0,-9999.0,-9999.0
P25_AV0_4_interaction,active_and_state_lat_and_long_zero_last_source_row_continuous_segment,P25,AV0,4,off_ramp,P25_AV0_4,P25_AV0.1.asc,HV4,60,driver_number,18697,1,311616.67,311616.6701,4.0,4.0,28.280479,101.809725,158.0,92.538122,-7190.437675,-0.038525,-0.779062,0.0,28.279474,0.058651,0.0,7190.89467,13.170166,0.098081,1.0,0.0,1.0,0.0,7156.491873,12.2256,1021.0,3.0,0.0,158.0,-0.179136,35.31702,127.141273,35.31702,-0.006797,0.000126,-0.047119,-0.083892,0.000163,0.030772,0.206,0.0,1.0,0.0,0.0,0.0,-9999.0,-9999.0,-9999.0,-9999.0,-9999.0,-9999.0,-9999.0,-9999.0,-9999.0,-9999.0,-9999.0,-9999.0,-9999.0,-9999.0
P25_AV0_4_interaction,active_and_state_lat_and_long_zero_last_source_row_continuous_segment,P25,AV0,4,off_ramp,P25_AV0_4,P25_AV0.1.asc,HV4,60,driver_number,18698,1,311633.33,311633.3341,4.0,4.0,28.279851,101.807464,158.0,93.008974,-7190.906731,-0.038455,-0.798035,0.0,28.27885,0.061535,0.0,7191.36365,13.217106,0.097516,1.0,0.0,1.0,0.0,7157.079627,12.257164,1021.0,3.0,0.0,158.0,-0.179901,35.316235,127.138447,35.316235,-0.004894,0.000128,-0.047106,-0.091495,5.7e-05,0.032028,0.20575,0.0,1.0,0.0,0.0,0.0,-9999.0,-9999.0,-9999.0,-9999.0,-9999.0,-9999.0,-9999.0,-9999.0,-9999.0,-9999.0,-9999.0,-9999.0,-9999.0,-9999.0
P25_AV0_4_interaction,active_and_state_lat_and_long_zero_last_source_row_continuous_segment,P25,AV0,4,off_ramp,P25_AV0_4,P25_AV0.1.asc,HV4,60,driver_number,18699,1,311650.04,311650.041,4.0,4.0,28.279137,101.804892,158.0,93.479823,-7191.375796,-0.027765,-0.812296,0.0,28.278191,0.064304,0.0,7191.832641,13.263826,0.096946,1.0,0.0,1.0,0.0,7157.66737,12.288703,1021.0,3.0,0.0,158.0,-0.18069,35.31545,127.135621,35.31545,-0.003109,0.000128,-0.047121,-0.108581,-2.5e-05,0.037837,0.20575,0.0,1.0,0.0,0.0,0.0,-9999.0,-9999.0,-9999.0,-9999.0,-9999.0,-9999.0,-9999.0,-9999.0,-9999.0,-9999.0,-9999.0,-9999.0,-9999.0,-9999.0
P25_AV0_4_interaction,active_and_state_lat_and_long_zero_last_source_row_continuous_segment,P25,AV0,4,off_ramp,P25_AV0_4,P25_AV0.1.asc,HV4,60,driver_number,18700,1,311666.67,311666.6674,4.0,4.0,28.278513,101.802647,158.0,93.950673,-7191.844872,-0.029625,-0.828826,0.0,28.277696,0.066957,0.0,7192.301644,13.31032,0.09637,1.0,0.0,1.0,0.0,7158.255101,12.320215,1021.0,3.0,0.0,158.0,-0.181505,35.314665,127.132795,35.314665,-0.001372,0.000127,-0.047129,-0.120892,-9.9e-05,0.041448,0.20575,0.0,1.0,0.0,0.0,0.0,-9999.0,-9999.0,-9999.0,-9999.0,-9999.0,-9999.0,-9999.0,-9999.0,-9999.0,-9999.0,-9999.0,-9999.0,-9999.0,-9999.0
P25_AV0_4_interaction,active_and_state_lat_and_long_zero_last_source_row_continuous_segment,P25,AV0,4,off_ramp,P25_AV0_4,P25_AV0.1.asc,HV4,60,driver_number,18701,1,311683.33,311683.334,4.0,4.0,28.277942,101.80059,158.0,94.421522,-7192.31396,-0.030722,-0.841344,0.0,28.277158,0.069495,0.0,7192.770662,13.356586,0.09579,1.0,0.0,1.0,0.0,7158.842821,12.351698,1021.0,3.0,0.0,158.0,-0.182349,35.31388,127.129967,35.31388,0.000341,0.000124,-0.047143,-0.133556,-0.000171,0.045216,0.20575,0.0,1.0,0.0,0.0,0.0,-9999.0,-9999.0,-9999.0,-9999.0,-9999.0,-9999.0,-9999.0,-9999.0,-9999.0,-9999.0,-9999.0,-9999.0,-9999.0,-9999.0
P25_AV0_4_interaction,active_and_state_lat_and_long_zero_last_source_row_continuous_segment,P25,AV0,4,off_ramp,P25_AV0_4,P25_AV0.1.asc,HV4,60,driver_number,18702,1,311700.0,311700.0008,4.0,4.0,28.277431,101.798751,158.0,94.892372,-7192.783063,-0.034695,-0.85076,0.0,28.276606,0.071896,0.0,7193.239693,13.402619,0.095207,1.0,0.0,1.0,0.0,7159.430529,12.383147,1021.0,3.0,0.0,158.0,-0.183225,35.313094,127.127138,35.313094,0.002061,0.00012,-0.047162,-0.146619,-0.000241,0.049141,0.20575,0.0,1.0,0.0,0.0,0.0,-9999.0,-9999.0,-9999.0,-9999.0,-9999.0,-9999.0,-9999.0,-9999.0,-9999.0,-9999.0,-9999.0,-9999.0,-9999.0,-9999.0
P25_AV0_4_interaction,active_and_state_lat_and_long_zero_last_source_row_continuous_segment,P25,AV0,4,off_ramp,P25_AV0_4,P25_AV0.1.asc,HV4,60,driver_number,18703,1,311716.67,311716.6672,4.0,4.0,28.276883,101.796778,158.0,95.363224,-7193.252179,-0.038384,-0.862206,0.0,28.275961,0.074207,0.0,7193.708739,13.448416,0.094622,1.0,0.0,0.0,0.0,7160.018226,12.41456,1021.0,3.0,0.0,158.0,-0.184137,35.312307,127.124307,35.312307,0.003815,0.000116,-0.047188,-0.16049,-0.000306,0.05338,0.20575,0.0,1.0,0.0,0.0,0.0,-9999.0,-9999.0,-9999.0,-9999.0,-9999.0,-9999.0,-9999.0,-9999.0,-9999.0,-9999.0,-9999.0,-9999.0,-9999.0,-9999.0
P25_AV0_4_interaction,active_and_state_lat_and_long_zero_last_source_row_continuous_segment,P25,AV0,4,off_ramp,P25_AV0_4,P25_AV0.1.asc,HV4,60,driver_number,18704,1,311733.33,311733.3341,4.0,4.0,28.276297,101.794669,158.0,95.834077,-7193.721309,-0.037995,-0.872902,0.0,28.275281,0.076386,0.0,7194.177796,13.493976,0.094036,1.0,0.0,0.0,0.0,7160.605911,12.445934,1021.0,3.0,0.0,158.0,-0.185088,35.311521,127.121474,35.31152,0.005634,0.00011,-0.047217,-0.17425,-0.000367,0.057462,0.20575,0.0,1.0,0.0,0.0,0.0,-9999.0,-9999.0,-9999.0,-9999.0,-9999.0,-9999.0,-9999.0,-9999.0,-9999.0,-9999.0,-9999.0,-9999.0,-9999.0,-9999.0
P25_AV0_4_interaction,active_and_state_lat_and_long_zero_last_source_row_continuous_segment,P25,AV0,4,off_ramp,P25_AV0_4,P25_AV0.1.asc,HV4,60,driver_number,18705,1,311750.0,311750.0007,4.0,4.0,28.275621,101.792235,158.0,96.304928,-7194.190451,-0.033695,-0.879777,0.0,28.274606,0.078394,0.0,7194.646865,13.539294,0.093449,1.0,0.0,0.0,0.0,7161.193587,12.477266,1021.0,3.0,0.0,158.0,-0.18608,35.310733,127.118638,35.310732,0.007556,0.000103,-0.047247,-0.187638,-0.000421,0.06123,0.20575,0.0,1.0,0.0,0.0,0.0,-9999.0,-9999.0,-9999.0,-9999.0,-9999.0,-9999.0,-9999.0,-9999.0,-9999.0,-9999.0,-9999.0,-9999.0,-9999.0,-9999.0
P25_AV0_4_interaction,active_and_state_lat_and_long_zero_last_source_row_continuous_segment,P25,AV0,4,off_ramp,P25_AV0_4,P25_AV0.1.asc,HV4,60,driver_number,18706,1,311766.67,311766.6672,4.0,4.0,28.274943,101.789794,158.0,96.775779,-7194.659605,-0.022754,-0.887246,0.0,28.27406,0.08027,0.0,7195.115947,13.58437,0.092863,1.0,0.0,0.0,0.0,7161.781251,12.508551,1021.0,3.0,0.0,158.0,-0.187118,35.309947,127.115808,35.309945,0.009661,9.5e-05,-0.046999,-0.19346,-0.000479,0.06123,0.20575,0.0,1.0,0.0,0.0,0.0,-9999.0,-9999.0,-9999.0,-9999.0,-9999.0,-9999.0,-9999.0,-9999.0,-9999.0,-9999.0,-9999.0,-9999.0,-9999.0,-9999.0
P25_AV0_4_interaction,active_and_state_lat_and_long_zero_last_source_row_continuous_segment,P25,AV0,4,off_ramp,P25_AV0_4,P25_AV0.1.asc,HV4,60,driver_number,18707,1,311783.33,311783.334,4.0,4.0,28.274303,101.787492,158.0,97.246628,-7195.128771,-0.026354,-0.894654,0.0,28.27364,0.081985,0.0,7195.585045,13.6292,0.092279,1.0,0.0,0.0,0.0,7162.368905,12.539788,1021.0,3.0,0.0,158.0,-0.188204,35.309163,127.112987,35.309161,0.01189,8.7e-05,-0.046984,-0.209388,-0.000514,0.065783,0.20575,0.0,1.0,0.0,0.0,0.0,-9999.0,-9999.0,-9999.0,-9999.0,-9999.0,-9999.0,-9999.0,-9999.0,-9999.0,-9999.0,-9999.0,-9999.0,-9999.0,-9999.0
P25_AV0_4_interaction,active_and_state_lat_and_long_zero_last_source_row_continuous_segment,P25,AV0,4,off_ramp,P25_AV0_4,P25_AV0.1.asc,HV4,60,driver_number,18708,1,311800.0,311800.0007,4.0,4.0,28.273848,101.785851,158.0,97.71748,-7195.597952,-0.034661,-0.901378,0.0,28.273125,0.083527,0.0,7196.054158,13.673784,0.091696,1.0,0.0,0.0,0.0,7162.956548,12.570973,1021.0,3.0,0.0,158.0,-0.189342,35.308376,127.110154,35.308373,0.01427,7.9e-05,-0.047214,-0.224365,-0.000531,0.069708,0.20575,0.0,1.0,0.0,0.0,0.0,-9999.0,-9999.0,-9999.0,-9999.0,-9999.0,-9999.0,-9999.0,-9999.0,-9999.0,-9999.0,-9999.0,-9999.0,-9999.0,-9999.0
P25_AV0_4_interaction,active_and_state_lat_and_long_zero_last_source_row_continuous_segment,P25,AV0,4,off_ramp,P25_AV0_4,P25_AV0.1.asc,HV4,60,driver_number,18709,1,311816.67,311816.6669,4.0,4.0,28.273397,101.78423,158.0,98.188334,-7196.067149,-0.02444,-0.904692,0.0,28.272539,0.084924,0.0,7196.523286,13.71812,0.091115,1.0,0.0,0.0,0.0,7163.544182,12.602101,1021.0,3.0,0.0,158.0,-0.190535,35.307586,127.10731,35.307582,0.016808,7e-05,-0.047358,-0.244109,-0.000523,0.075674,0.20575,0.0,1.0,0.0,0.0,0.0,-9999.0,-9999.0,-9999.0,-9999.0,-9999.0,-9999.0,-9999.0,-9999.0,-9999.0,-9999.0,-9999.0,-9999.0,-9999.0,-9999.0
P25_AV0_4_interaction,active_and_state_lat_and_long_zero_last_source_row_continuous_segment,P25,AV0,4,off_ramp,P25_AV0_4,P25_AV0.1.asc,HV4,60,driver_number,18710,1,311833.33,311833.3341,4.0,4.0,28.272813,101.782128,158.0,98.659189,-7196.536361,-0.044192,-0.909133,0.0,28.272063,0.086155,0.0,7196.992428,13.762206,0.090537,1.0,0.0,0.0,0.0,7164.131805,12.633169,1021.0,3.0,0.0,158.0,-0.191787,35.306794,127.104459,35.306789,0.019563,6.1e-05,-0.047419,-0.258027,-0.000516,0.078657,0.20575,0.0,1.0,0.0,0.0,0.0,-9999.0,-9999.0,-9999.0,-9999.0,-9999.0,-9999.0,-9999.0,-9999.0,-9999.0,-9999.0,-9999.0,-9999.0,-9999.0,-9999.0
P25_AV0_4_interaction,active_and_state_lat_and_long_zero_last_source_row_continuous_segment,P25,AV0,4,off_ramp,P25_AV0_4,P25_AV0.1.asc,HV4,60,driver_number,18711,1,311850.0,311850.0,4.0,4.0,28.272311,101.780321,158.0,99.130044,-7197.005586,-0.036169,-0.911011,0.0,28.271263,0.087223,0.0,7197.461585,13.80604,0.089963,1.0,0.0,0.0,0.0,7164.719419,12.664174,1021.0,3.0,0.0,158.0,-0.193103,35.306001,127.101603,35.305994,0.022546,5.3e-05,-0.047467,-0.272546,-0.000505,0.08164,0.20575,0.0,1.0,0.0,0.0,0.0,-9999.0,-9999.0,-9999.0,-9999.0,-9999.0,-9999.0,-9999.0,-9999.0,-9999.0,-9999.0,-9999.0,-9999.0,-9999.0,-9999.0
P25_AV0_4_interaction,active_and_state_lat_and_long_zero_last_source_row_continuous_segment,P25,AV0,4,off_ramp,P25_AV0_4,P25_AV0.1.asc,HV4,60,driver_number,18712,1,311866.67,311866.6675,4.0,4.0,28.271671,101.778016,158.0,99.6009,-7197.474826,-0.029771,-0.914636,0.0,28.270656,0.088162,0.0,7197.930752,13.849623,0.089391,1.0,0.0,0.0,0.0,7165.307023,12.69511,1021.0,3.0,0.0,158.0,-0.194485,35.305206,127.098742,35.305197,0.02576,4.4e-05,-0.047507,-0.28666,-0.000491,0.084152,0.20575,0.0,1.0,0.0,0.0,0.0,-9999.0,-9999.0,-9999.0,-9999.0,-9999.0,-9999.0,-9999.0,-9999.0,-9999.0,-9999.0,-9999.0,-9999.0,-9999.0,-9999.0
P25_AV0_4_interaction,active_and_state_lat_and_long_zero_last_source_row_continuous_segment,P25,AV0,4,off_ramp,P25_AV0_4,P25_AV0.1.asc,HV4,60,driver_number,18713,1,311883.33,311883.3342,4.0,4.0,28.270938,101.775377,158.0,100.071753,-7197.944076,-0.032935,-0.911616,0.0,28.27008,0.088966,0.0,7198.399933,13.892953,0.088824,1.0,0.0,0.0,0.0,7165.894617,12.725976,1021.0,3.0,0.0,158.0,-0.195939,35.30441,127.095878,35.304398,0.02921,3.6e-05,-0.047546,-0.301361,-0.000471,0.086664,0.20575,0.0,1.0,0.0,0.0,0.0,-9999.0,-9999.0,-9999.0,-9999.0,-9999.0,-9999.0,-9999.0,-9999.0,-9999.0,-9999.0,-9999.0,-9999.0,-9999.0,-9999.0
P25_AV0_4_interaction,active_and_state_lat_and_long_zero_last_source_row_continuous_segment,P25,AV0,4,off_ramp,P25_AV0_4,P25_AV0.1.asc,HV4,60,driver_number,18714,1,311900.0,311900.0008,4.0,4.0,28.270383,101.77338,158.0,100.542606,-7198.41334,-0.030005,-0.914151,0.0,28.269502,0.089665,0.0,7198.869128,13.93603,0.088261,1.0,0.0,0.0,0.0,7166.482202,12.756765,1021.0,3.0,0.0,158.0,-0.197468,35.303613,127.093008,35.303598,0.032919,2.8e-05,-0.047548,-0.311327,-0.000454,0.086664,0.20575,0.0,1.0,0.0,0.0,0.0,-9999.0,-9999.0,-9999.0,-9999.0,-9999.0,-9999.0,-9999.0,-9999.0,-9999.0,-9999.0,-9999.0,-9999.0,-9999.0,-9999.0
P25_AV0_4_interaction,active_and_state_lat_and_long_zero_last_source_row_continuous_segment,P25,AV0,4,off_ramp,P25_AV0_4,P25_AV0.1.asc,HV4,60,driver_number,18715,1,311916.67,311916.6673,4.0,4.0,28.269781,101.771212,158.0,101.013458,-7198.882617,-0.030019,-0.910272,0.0,28.268954,0.090242,0.0,7199.338336,13.978855,0.087702,1.0,0.0,0.0,0.0,7167.069778,12.787475,1021.0,3.0,0.0,158.0,-0.199075,35.302815,127.090135,35.302796,0.036847,2.1e-05,-0.047588,-0.326556,-0.000425,0.088862,0.20575,0.0,1.0,0.0,0.0,0.0,-9999.0,-9999.0,-9999.0,-9999.0,-9999.0,-9999.0,-9999.0,-9999.0,-9999.0,-9999.0,-9999.0,-9999.0,-9999.0,-9999.0
P25_AV0_4_interaction,active_and_state_lat_and_long_zero_last_source_row_continuous_segment,P25,AV0,4,off_ramp,P25_AV0_4,P25_AV0.1.asc,HV4,60,driver_number,18716,1,311933.33,311933.3338,4.0,4.0,28.269228,101.769221,158.0,101.48431,-7199.351907,-0.027047,-0.912016,0.0,28.268438,0.090725,0.0,7199.807558,14.021427,0.087148,1.0,0.0,0.0,0.0,7167.657345,12.818102,1021.0,3.0,0.0,158.0,-0.200766,35.302015,127.087256,35.301992,0.040983,1.4e-05,-0.047624,-0.341282,-0.00039,0.090589,0.20575,0.0,1.0,0.0,0.0,0.0,-9999.0,-9999.0,-9999.0,-9999.0,-9999.0,-9999.0,-9999.0,-9999.0,-9999.0,-9999.0,-9999.0,-9999.0,-9999.0,-9999.0
P25_AV0_4_interaction,active_and_state_lat_and_long_zero_last_source_row_continuous_segment,P25,AV0,4,off_ramp,P25_AV0_4,P25_AV0.1.asc,HV4,60,driver_number,18717,1,311950.0,311950.001,4.0,4.0,28.26868,101.767249,158.0,101.955162,-7199.821211,-0.03656,-0.90884,0.0,28.267853,0.09104,0.0,7200.276794,14.063748,0.0866,1.0,0.0,0.0,0.0,7168.244904,12.848641,1021.0,3.0,0.0,158.0,-0.202543,35.301214,127.084372,35.301185,0.045324,8e-06,-0.047647,-0.35549,-0.00035,0.091845,0.20575,0.0,1.0,0.0,0.0,0.0,-9999.0,-9999.0,-9999.0,-9999.0,-9999.0,-9999.0,-9999.0,-9999.0,-9999.0,-9999.0,-9999.0,-9999.0,-9999.0,-9999.0
P25_AV0_4_interaction,active_and_state_lat_and_long_zero_last_source_row_continuous_segment,P25,AV0,4,off_ramp,P25_AV0_4,P25_AV0.1.asc,HV4,60,driver_number,18718,1,311966.67,311966.6669,4.0,4.0,28.268188,101.765478,158.0,102.426014,-7200.290529,-0.022475,-0.906102,0.0,28.267237,0.091279,0.0,7200.746043,14.105818,0.086056,1.0,0.0,0.0,0.0,7168.832453,12.879088,1021.0,3.0,0.0,158.0,-0.204412,35.300412,127.081482,35.300376,0.049834,3e-06,-0.04768,-0.371161,-0.000309,0.093572,0.20575,0.0,1.0,0.0,0.0,0.0,-9999.0,-9999.0,-9999.0,-9999.0,-9999.0,-9999.0,-9999.0,-9999.0,-9999.0,-9999.0,-9999.0,-9999.0,-9999.0,-9999.0
P25_AV0_4_interaction,active_and_state_lat_and_long_zero_last_source_row_continuous_segment,P25,AV0,4,off_ramp,P25_AV0_4,P25_AV0.1.asc,HV4,60,driver_number,18719,1,311983.33,311983.3341,4.0,4.0,28.267525,101.763089,158.0,102.896865,-7200.759859,-0.028773,-0.90496,0.0,28.266805,0.091412,0.0,7201.215304,14.147637,0.085518,1.0,0.0,0.0,0.0,7169.419995,12.909439,1021.0,3.0,0.0,158.0,-0.206376,35.299607,127.078586,35.299565,0.054499,-2e-06,-0.047712,-0.386878,-0.000267,0.095142,0.20575,0.0,1.0,0.0,0.0,0.0,-9999.0,-9999.0,-9999.0,-9999.0,-9999.0,-9999.0,-9999.0,-9999.0,-9999.0,-9999.0,-9999.0,-9999.0,-9999.0,-9999.0
P25_AV0_4_interaction,active_and_state_lat_and_long_zero_last_source_row_continuous_segment,P25,AV0,4,off_ramp,P25_AV0_4,P25_AV0.1.asc,HV4,60,driver_number,18720,1,312000.0,312000.0006,4.0,4.0,28.267026,101.761295,158.0,103.367715,-7201.229201,-0.024367,-0.900387,0.0,28.266331,0.091404,0.0,7201.68458,14.189206,0.084985,1.0,0.0,0.0,0.0,7170.007528,12.939689,1021.0,3.0,0.0,158.0,-0.20844,35.298801,127.075683,35.298751,0.059297,-6e-06,-0.047761,-0.404602,-0.000222,0.097497,0.20575,0.0,1.0,0.0,0.0,0.0,-9999.0,-9999.0,-9999.0,-9999.0,-9999.0,-9999.0,-9999.0,-9999.0,-9999.0,-9999.0,-9999.0,-9999.0,-9999.0,-9999.0
P25_AV0_4_interaction,active_and_state_lat_and_long_zero_last_source_row_continuous_segment,P25,AV0,4,off_ramp,P25_AV0_4,P25_AV0.1.asc,HV4,60,driver_number,18721,1,312016.67,312016.6668,4.0,4.0,28.266542,101.759552,158.0,103.838566,-7201.698558,-0.023043,-0.89928,0.0,28.265837,0.091324,0.0,7202.153871,14.230526,0.084457,1.0,0.0,0.0,0.0,7170.595053,12.969834,1021.0,3.0,0.0,158.0,-0.210609,35.297993,127.072774,35.297934,0.064237,-9e-06,-0.04777,-0.417622,-0.00019,0.097497,0.20575,0.0,1.0,0.0,0.0,0.0,-9999.0,-9999.0,-9999.0,-9999.0,-9999.0,-9999.0,-9999.0,-9999.0,-9999.0,-9999.0,-9999.0,-9999.0,-9999.0,-9999.0
P25_AV0_4_interaction,active_and_state_lat_and_long_zero_last_source_row_continuous_segment,P25,AV0,4,off_ramp,P25_AV0_4,P25_AV0.1.asc,HV4,60,driver_number,18722,1,312033.34,312033.3425,4.0,4.0,28.266105,101.757978,158.0,104.309417,-7202.16793,-0.025872,-0.896746,0.0,28.265393,0.091126,0.0,7202.623175,14.271598,0.083934,1.0,0.0,0.0,0.0,7171.18257,12.999869,1021.0,3.0,0.0,158.0,-0.212887,35.297182,127.069857,35.297114,0.069258,-1.2e-05,-0.047835,-0.437291,-0.000153,0.10048,0.207,0.0,1.0,0.0,0.0,0.0,-9999.0,-9999.0,-9999.0,-9999.0,-9999.0,-9999.0,-9999.0,-9999.0,-9999.0,-9999.0,-9999.0,-9999.0,-9999.0,-9999.0
P25_AV0_4_interaction,active_and_state_lat_and_long_zero_last_source_row_continuous_segment,P25,AV0,4,off_ramp,P25_AV0_4,P25_AV0.1.asc,HV4,60,driver_number,18723,1,312050.0,312050.0001,4.0,4.0,28.265622,101.756239,158.0,104.780269,-7202.637314,-0.030636,-0.894951,0.0,28.264899,0.09084,0.0,7203.092493,14.312421,0.083417,1.0,0.0,1.0,0.0,7171.77008,13.02979,1021.0,3.0,0.0,158.0,-0.215279,35.29637,127.066932,35.296292,0.074383,-1.4e-05,-0.047848,-0.45079,-0.000129,0.10048,0.207,0.0,1.0,0.0,0.0,0.0,-9999.0,-9999.0,-9999.0,-9999.0,-9999.0,-9999.0,-9999.0,-9999.0,-9999.0,-9999.0,-9999.0,-9999.0,-9999.0,-9999.0
P25_AV0_4_interaction,active_and_state_lat_and_long_zero_last_source_row_continuous_segment,P25,AV0,4,off_ramp,P25_AV0_4,P25_AV0.1.asc,HV4,60,driver_number,18724,1,312066.67,312066.6669,4.0,4.0,28.265154,101.754556,158.0,105.251121,-7203.106712,-0.031241,-0.891895,0.0,28.264339,0.090466,0.0,7203.561824,14.352998,0.082903,1.0,0.0,1.0,0.0,7172.357582,13.059591,1021.0,3.0,0.0,158.0,-0.21779,35.295555,127.063998,35.295465,0.079566,-1.6e-05,-0.047908,-0.469851,-0.0001,0.102992,0.20825,0.0,1.0,0.0,0.0,0.0,-9999.0,-9999.0,-9999.0,-9999.0,-9999.0,-9999.0,-9999.0,-9999.0,-9999.0,-9999.0,-9999.0,-9999.0,-9999.0,-9999.0
P25_AV0_4_interaction,active_and_state_lat_and_long_zero_last_source_row_continuous_segment,P25,AV0,4,off_ramp,P25_AV0_4,P25_AV0.1.asc,HV4,60,driver_number,18725,1,312083.33,312083.3339,4.0,4.0,28.264621,101.752637,158.0,105.721972,-7203.576123,-0.034127,-0.890611,0.0,28.263743,0.090005,0.0,7204.031167,14.393327,0.082394,1.0,0.0,1.0,0.0,7172.945077,13.089269,1021.0,3.0,0.0,158.0,-0.220424,35.294738,127.061056,35.294636,0.0848,-1.7e-05,-0.047956,-0.487355,-7.6e-05,0.104719,0.20825,0.0,1.0,0.0,0.0,0.0,-9999.0,-9999.0,-9999.0,-9999.0,-9999.0,-9999.0,-9999.0,-9999.0,-9999.0,-9999.0,-9999.0,-9999.0,-9999.0,-9999.0
P25_AV0_4_interaction,active_and_state_lat_and_long_zero_last_source_row_continuous_segment,P25,AV0,4,off_ramp,P25_AV0_4,P25_AV0.1.asc,HV4,60,driver_number,18726,1,312100.0,312100.0008,4.0,4.0,28.264056,101.750603,158.0,106.192821,-7204.045545,-0.03076,-0.88687,0.0,28.263152,0.089492,0.0,7204.500521,14.43341,0.081887,1.0,0.0,1.0,0.0,7173.532565,13.118818,1021.0,3.0,0.0,158.0,-0.223186,35.293918,127.058104,35.293803,0.09009,-1.9e-05,-0.047971,-0.501304,-6.4e-05,0.104719,0.20825,0.0,1.0,0.0,0.0,0.0,-9999.0,-9999.0,-9999.0,-9999.0,-9999.0,-9999.0,-9999.0,-9999.0,-9999.0,-9999.0,-9999.0,-9999.0,-9999.0,-9999.0
P25_AV0_4_interaction,active_and_state_lat_and_long_zero_last_source_row_continuous_segment,P25,AV0,4,off_ramp,P25_AV0_4,P25_AV0.1.asc,HV4,60,driver_number,18727,1,312116.67,312116.6673,4.0,4.0,28.263436,101.748371,158.0,106.663668,-7204.514978,-0.026725,-0.8843,0.0,28.262598,0.088946,0.0,7204.969886,14.473247,0.081384,1.0,0.0,1.0,0.0,7174.120046,13.148233,1021.0,3.0,0.0,158.0,-0.226081,35.293095,127.055142,35.292966,0.095387,-1.9e-05,-0.048048,-0.521707,-4.3e-05,0.107702,0.21125,0.0,1.0,0.0,0.0,0.0,-9999.0,-9999.0,-9999.0,-9999.0,-9999.0,-9999.0,-9999.0,-9999.0,-9999.0,-9999.0,-9999.0,-9999.0,-9999.0,-9999.0
P25_AV0_4_interaction,active_and_state_lat_and_long_zero_last_source_row_continuous_segment,P25,AV0,4,off_ramp,P25_AV0_4,P25_AV0.1.asc,HV4,60,driver_number,18728,1,312133.33,312133.3341,4.0,4.0,28.262874,101.746347,158.0,107.134513,-7204.984422,-0.030057,-0.878138,0.0,28.262103,0.088376,0.0,7205.439262,14.512838,0.080883,1.0,0.0,1.0,0.0,7174.70752,13.177509,1021.0,3.0,0.0,158.0,-0.229115,35.292269,127.05217,35.292126,0.100701,-2e-05,-0.048092,-0.538431,-2.9e-05,0.108958,0.21325,0.0,1.0,0.0,0.0,0.0,-9999.0,-9999.0,-9999.0,-9999.0,-9999.0,-9999.0,-9999.0,-9999.0,-9999.0,-9999.0,-9999.0,-9999.0,-9999.0,-9999.0
P25_AV0_4_interaction,active_and_state_lat_and_long_zero_last_source_row_continuous_segment,P25,AV0,4,off_ramp,P25_AV0_4,P25_AV0.1.asc,HV4,60,driver_number,18729,1,312150.0,312150.0008,4.0,4.0,28.262354,101.744473,158.0,107.605355,-7205.453878,-0.030901,-0.876676,0.0,28.261554,0.087842,0.0,7205.908651,14.552185,0.080384,1.0,0.0,1.0,0.0,7175.294987,13.206642,1021.0,3.0,0.0,158.0,-0.232291,35.291441,127.049187,35.291282,0.106029,-2e-05,-0.048135,-0.555191,-1.7e-05,0.110214,0.2145,0.0,1.0,0.0,0.0,0.0,-9999.0,-9999.0,-9999.0,-9999.0,-9999.0,-9999.0,-9999.0,-9999.0,-9999.0,-9999.0,-9999.0,-9999.0,-9999.0,-9999.0
P25_AV0_4_interaction,active_and_state_lat_and_long_zero_last_source_row_continuous_segment,P25,AV0,4,off_ramp,P25_AV0_4,P25_AV0.1.asc,HV4,60,driver_number,18730,1,312166.67,312166.6673,4.0,4.0,28.261832,101.742594,158.0,108.076197,-7205.923345,-0.038541,-0.870123,0.0,28.260998,0.087295,0.0,7206.378051,14.591289,0.079887,1.0,0.0,1.0,0.0,7175.882448,13.235626,1021.0,3.0,0.0,158.0,-0.235616,35.290609,127.046193,35.290434,0.111353,-2.1e-05,-0.04819,-0.572967,-6e-06,0.111941,0.215,0.0,1.0,0.0,0.0,0.0,-9999.0,-9999.0,-9999.0,-9999.0,-9999.0,-9999.0,-9999.0,-9999.0,-9999.0,-9999.0,-9999.0,-9999.0,-9999.0,-9999.0
P25_AV0_4_interaction,active_and_state_lat_and_long_zero_last_source_row_continuous_segment,P25,AV0,4,off_ramp,P25_AV0_4,P25_AV0.1.asc,HV4,60,driver_number,18731,1,312183.33,312183.3344,4.0,4.0,28.261276,101.740593,158.0,108.547036,-7206.392823,-0.034942,-0.864555,0.0,28.260295,0.086785,0.0,7206.847461,14.630151,0.079392,1.0,0.0,1.0,0.0,7176.469903,13.264457,1021.0,3.0,0.0,158.0,-0.239093,35.289775,127.043189,35.289582,0.116655,-2.1e-05,-0.048154,-0.590721,4e-06,0.113668,0.215,0.0,1.0,0.0,0.0,0.0,-9999.0,-9999.0,-9999.0,-9999.0,-9999.0,-9999.0,-9999.0,-9999.0,-9999.0,-9999.0,-9999.0,-9999.0,-9999.0,-9999.0
P25_AV0_4_interaction,active_and_state_lat_and_long_zero_last_source_row_continuous_segment,P25,AV0,4,off_ramp,P25_AV0_4,P25_AV0.1.asc,HV4,60,driver_number,18732,1,312200.0,312200.0007,4.0,4.0,28.260656,101.738361,158.0,109.017872,-7206.862311,-0.026077,-0.861099,0.0,28.259705,0.08634,0.0,7207.316879,14.668771,0.078899,1.0,0.0,1.0,0.0,7177.057352,13.29313,1021.0,3.0,0.0,158.0,-0.242728,35.288949,127.040217,35.288738,0.121953,-2.1e-05,-0.046974,-0.604738,8e-06,0.113668,0.215,0.0,1.0,0.0,0.0,0.0,-9999.0,-9999.0,-9999.0,-9999.0,-9999.0,-9999.0,-9999.0,-9999.0,-9999.0,-9999.0,-9999.0,-9999.0,-9999.0,-9999.0
P25_AV0_4_interaction,active_and_state_lat_and_long_zero_last_source_row_continuous_segment,P25,AV0,4,off_ramp,P25_AV0_4,P25_AV0.1.asc,HV4,60,driver_number,18733,1,312216.67,312216.6667,4.0,4.0,28.259983,101.73594,158.0,109.488703,-7207.331807,-0.029323,-0.854455,0.0,28.259224,0.085896,0.0,7207.786308,14.707153,0.078408,1.0,0.0,1.0,0.0,7177.644795,13.321639,1021.0,3.0,0.0,158.0,-0.246525,35.288137,127.037292,35.287907,0.127174,-2e-05,-0.046373,-0.625783,2e-05,0.116965,0.21675,0.0,1.0,0.0,0.0,0.0,-9999.0,-9999.0,-9999.0,-9999.0,-9999.0,-9999.0,-9999.0,-9999.0,-9999.0,-9999.0,-9999.0,-9999.0,-9999.0,-9999.0
P25_AV0_4_interaction,active_and_state_lat_and_long_zero_last_source_row_continuous_segment,P25,AV0,4,off_ramp,P25_AV0_4,P25_AV0.1.asc,HV4,60,driver_number,18734,1,312233.33,312233.3342,4.0,4.0,28.259467,101.734082,158.0,109.959531,-7207.801313,-0.016341,-0.849501,0.0,28.258753,0.085512,0.0,7208.255748,14.745297,0.077918,1.0,0.0,1.0,0.0,7178.232232,13.34998,1021.0,3.0,0.0,158.0,-0.25049,35.287337,127.034414,35.287089,0.132373,-2e-05,-0.044988,-0.642621,3.6e-05,0.118378,0.21675,0.0,1.0,0.0,0.0,0.0,-9999.0,-9999.0,-9999.0,-9999.0,-9999.0,-9999.0,-9999.0,-9999.0,-9999.0,-9999.0,-9999.0,-9999.0,-9999.0,-9999.0
P25_AV0_4_interaction,active_and_state_lat_and_long_zero_last_source_row_continuous_segment,P25,AV0,4,off_ramp,P25_AV0_4,P25_AV0.1.asc,HV4,60,driver_number,18735,1,312250.0,312250.0008,4.0,4.0,28.25896,101.732256,158.0,110.430357,-7208.27083,-0.029354,-0.84588,0.0,28.258386,0.085114,0.0,7208.7252,14.783205,0.077431,1.0,0.0,1.0,0.0,7178.819665,13.378148,1021.0,3.0,0.0,158.0,-0.254629,35.286553,127.031591,35.286285,0.137455,-1.9e-05,-0.044327,-0.66985,6.1e-05,0.124658,0.218,0.0,1.0,0.0,0.0,0.0,-9999.0,-9999.0,-9999.0,-9999.0,-9999.0,-9999.0,-9999.0,-9999.0,-9999.0,-9999.0,-9999.0,-9999.0,-9999.0,-9999.0
P25_AV0_4_interaction,active_and_state_lat_and_long_zero_last_source_row_continuous_segment,P25,AV0,4,off_ramp,P25_AV0_4,P25_AV0.1.asc,HV4,60,driver_number,18736,1,312266.68,312266.6799,4.0,4.0,28.258597,101.73095,158.0,110.901183,-7208.740358,-0.019521,-0.840618,0.0,28.257844,0.084727,0.0,7209.194664,14.820878,0.076947,1.0,0.0,1.0,0.0,7179.407093,13.406136,1021.0,3.0,0.0,158.0,-0.258946,35.285774,127.028786,35.285486,0.142497,-1.8e-05,-0.043681,-0.690826,8.2e-05,0.128112,0.2185,0.0,1.0,0.0,0.0,0.0,-9999.0,-9999.0,-9999.0,-9999.0,-9999.0,-9999.0,-9999.0,-9999.0,-9999.0,-9999.0,-9999.0,-9999.0,-9999.0,-9999.0
P25_AV0_4_interaction,active_and_state_lat_and_long_zero_last_source_row_continuous_segment,P25,AV0,4,off_ramp,P25_AV0_4,P25_AV0.1.asc,HV4,60,driver_number,18737,1,312283.33,312283.3344,4.0,4.0,28.258122,101.729239,158.0,111.372007,-7209.209899,-0.015792,-0.834599,0.0,28.257559,0.084373,0.0,7209.664138,14.858318,0.076464,1.0,0.0,1.0,0.0,7179.994517,13.433939,1021.0,3.0,0.0,158.0,-0.263447,35.285026,127.026094,35.284718,0.147508,-1.6e-05,-0.040826,-0.711804,9.2e-05,0.131566,0.2185,0.0,1.0,0.0,0.0,0.0,-9999.0,-9999.0,-9999.0,-9999.0,-9999.0,-9999.0,-9999.0,-9999.0,-9999.0,-9999.0,-9999.0,-9999.0,-9999.0,-9999.0
P25_AV0_4_interaction,active_and_state_lat_and_long_zero_last_source_row_continuous_segment,P25,AV0,4,off_ramp,P25_AV0_4,P25_AV0.1.asc,HV4,60,driver_number,18738,1,312300.0,312300.0007,4.0,4.0,28.257662,101.727583,158.0,111.842829,-7209.679449,-0.027891,-0.828161,0.0,28.257204,0.08405,0.0,7210.133626,14.895526,0.075985,1.0,0.0,1.0,0.0,7180.581937,13.461552,1021.0,3.0,0.0,158.0,-0.268139,35.284328,127.02358,35.283998,0.152496,-1.5e-05,-0.037497,-0.734469,9.8e-05,0.135805,0.21925,0.0,1.0,0.0,0.0,0.0,-9999.0,-9999.0,-9999.0,-9999.0,-9999.0,-9999.0,-9999.0,-9999.0,-9999.0,-9999.0,-9999.0,-9999.0,-9999.0,-9999.0
P25_AV0_4_interaction,active_and_state_lat_and_long_zero_last_source_row_continuous_segment,P25,AV0,4,off_ramp,P25_AV0_4,P25_AV0.1.asc,HV4,60,driver_number,18739,1,312316.67,312316.6667,4.0,4.0,28.257408,101.726669,158.0,112.313652,-7210.149013,-0.031919,-0.825214,0.0,28.256672,0.083725,0.0,7210.603126,14.932504,0.075508,1.0,0.0,1.0,0.0,7181.169355,13.488969,1021.0,3.0,0.0,158.0,-0.273026,35.283678,127.021241,35.283327,0.157524,-1.3e-05,-0.034575,-0.748086,8.6e-05,0.135805,0.21925,0.0,1.0,0.0,0.0,0.0,-9999.0,-9999.0,-9999.0,-9999.0,-9999.0,-9999.0,-9999.0,-9999.0,-9999.0,-9999.0,-9999.0,-9999.0,-9999.0,-9999.0
P25_AV0_4_interaction,active_and_state_lat_and_long_zero_last_source_row_continuous_segment,P25,AV0,4,off_ramp,P25_AV0_4,P25_AV0.1.asc,HV4,60,driver_number,18740,1,312333.33,312333.3334,4.0,4.0,28.256952,101.725027,158.0,112.784474,-7210.618587,-0.027526,-0.819498,0.0,28.256103,0.08336,0.0,7211.072634,14.969253,0.075035,1.0,0.0,1.0,0.0,7181.756772,13.516184,1021.0,3.0,0.0,158.0,-0.278114,35.283061,127.019018,35.282686,0.162467,-1.2e-05,-0.03306,-0.783095,0.000109,0.145696,0.22025,0.0,1.0,0.0,0.0,0.0,-9999.0,-9999.0,-9999.0,-9999.0,-9999.0,-9999.0,-9999.0,-9999.0,-9999.0,-9999.0,-9999.0,-9999.0,-9999.0,-9999.0
P25_AV0_4_interaction,active_and_state_lat_and_long_zero_last_source_row_continuous_segment,P25,AV0,4,off_ramp,P25_AV0_4,P25_AV0.1.asc,HV4,60,driver_number,18741,1,312350.0,312350.0009,4.0,4.0,28.256387,101.722991,158.0,113.255291,-7211.088171,-0.026495,-0.813891,0.0,28.255603,0.082994,0.0,7211.54215,15.005775,0.074566,1.0,0.0,1.0,0.0,7182.344188,13.543192,1021.0,3.0,0.0,158.0,-0.28341,35.282454,127.016836,35.282057,0.167399,-1e-05,-0.032538,-0.809284,0.000124,0.151505,0.22025,0.0,1.0,0.0,0.0,0.0,-9999.0,-9999.0,-9999.0,-9999.0,-9999.0,-9999.0,-9999.0,-9999.0,-9999.0,-9999.0,-9999.0,-9999.0,-9999.0,-9999.0
P25_AV0_4_interaction,active_and_state_lat_and_long_zero_last_source_row_continuous_segment,P25,AV0,4,off_ramp,P25_AV0_4,P25_AV0.1.asc,HV4,60,driver_number,18742,1,312366.67,312366.6677,4.0,4.0,28.255855,101.721079,158.0,113.726105,-7211.557762,-0.030396,-0.809591,0.0,28.255113,0.082608,0.0,7212.011676,15.042071,0.0741,1.0,0.0,1.0,0.0,7182.931603,13.569984,1021.0,3.0,0.0,158.0,-0.288921,35.28185,127.01466,35.281429,0.172355,-8e-06,-0.031918,-0.837683,0.000135,0.158256,0.22075,0.0,1.0,0.0,0.0,0.0,-9999.0,-9999.0,-9999.0,-9999.0,-9999.0,-9999.0,-9999.0,-9999.0,-9999.0,-9999.0,-9999.0,-9999.0,-9999.0,-9999.0
P25_AV0_4_interaction,active_and_state_lat_and_long_zero_last_source_row_continuous_segment,P25,AV0,4,off_ramp,P25_AV0_4,P25_AV0.1.asc,HV4,60,driver_number,18743,1,312383.33,312383.3335,4.0,4.0,28.255364,101.719309,158.0,114.196916,-7212.027363,-0.038772,-0.805284,0.0,28.254565,0.082208,0.0,7212.481211,15.078142,0.073637,1.0,0.0,0.0,0.0,7183.519019,13.596555,1021.0,3.0,0.0,158.0,-0.294652,35.281266,127.012559,35.28082,0.177449,-6e-06,-0.030245,-0.851765,0.000105,0.158256,0.22075,0.0,1.0,0.0,0.0,0.0,-9999.0,-9999.0,-9999.0,-9999.0,-9999.0,-9999.0,-9999.0,-9999.0,-9999.0,-9999.0,-9999.0,-9999.0,-9999.0,-9999.0
P25_AV0_4_interaction,active_and_state_lat_and_long_zero_last_source_row_continuous_segment,P25,AV0,4,off_ramp,P25_AV0_4,P25_AV0.1.asc,HV4,60,driver_number,18744,1,312400.0,312400.0008,4.0,4.0,28.254841,101.717429,158.0,114.667723,-7212.496972,-0.021071,-0.798545,0.0,28.253929,0.081781,0.0,7212.950753,15.113989,0.073178,1.0,0.0,0.0,0.0,7184.106435,13.622897,1021.0,3.0,0.0,158.0,-0.300612,35.28069,127.010484,35.280218,0.182536,-4e-06,-0.030154,-0.895781,0.000115,0.171915,0.22075,0.0,1.0,0.0,0.0,0.0,-9999.0,-9999.0,-9999.0,-9999.0,-9999.0,-9999.0,-9999.0,-9999.0,-9999.0,-9999.0,-9999.0,-9999.0,-9999.0,-9999.0
P25_AV0_4_interaction,active_and_state_lat_and_long_zero_last_source_row_continuous_segment,P25,AV0,4,off_ramp,P25_AV0_4,P25_AV0.1.asc,HV4,60,driver_number,18745,1,312416.67,312416.6673,4.0,4.0,28.254224,101.715205,158.0,115.138525,-7212.966588,-0.022038,-0.796984,0.0,28.253553,0.081344,0.0,7213.420303,15.149615,0.072723,1.0,0.0,0.0,0.0,7184.693852,13.649004,1021.0,3.0,0.0,158.0,-0.306807,35.28012,127.008432,35.27962,0.187819,-3e-06,-0.028845,-0.910451,7.5e-05,0.171915,0.22075,0.0,1.0,0.0,0.0,0.0,-9999.0,-9999.0,-9999.0,-9999.0,-9999.0,-9999.0,-9999.0,-9999.0,-9999.0,-9999.0,-9999.0,-9999.0,-9999.0,-9999.0
P25_AV0_4_interaction,active_and_state_lat_and_long_zero_last_source_row_continuous_segment,P25,AV0,4,off_ramp,P25_AV0_4,P25_AV0.1.asc,HV4,60,driver_number,18746,1,312433.34,312433.3395,4.0,4.0,28.253735,101.713447,158.0,115.609323,-7213.436211,-0.027223,-0.790368,0.0,28.253143,0.080842,0.0,7213.889863,15.18502,0.072272,1.0,0.0,0.0,0.0,7185.281271,13.674869,1021.0,3.0,0.0,158.0,-0.313244,35.279562,127.006425,35.279034,0.193166,-1e-06,-0.028188,-0.956382,8e-05,0.186045,0.22025,0.0,1.0,0.0,0.0,0.0,-9999.0,-9999.0,-9999.0,-9999.0,-9999.0,-9999.0,-9999.0,-9999.0,-9999.0,-9999.0,-9999.0,-9999.0,-9999.0,-9999.0
P25_AV0_4_interaction,active_and_state_lat_and_long_zero_last_source_row_continuous_segment,P25,AV0,4,off_ramp,P25_AV0_4,P25_AV0.1.asc,HV4,60,driver_number,18747,1,312450.0,312450.0007,4.0,4.0,28.253352,101.712067,158.0,116.080119,-7213.905845,-0.031173,-0.784732,0.0,28.252627,0.080367,0.0,7214.359432,15.220206,0.071823,1.0,0.0,0.0,0.0,7185.868691,13.700482,1021.0,3.0,0.0,158.0,-0.319932,35.279006,127.004421,35.278446,0.198702,-0.0,-0.028066,-0.987695,6.6e-05,0.193267,0.22025,0.0,1.0,0.0,0.0,0.0,-9999.0,-9999.0,-9999.0,-9999.0,-9999.0,-9999.0,-9999.0,-9999.0,-9999.0,-9999.0,-9999.0,-9999.0,-9999.0,-9999.0
P25_AV0_4_interaction,active_and_state_lat_and_long_zero_last_source_row_continuous_segment,P25,AV0,4,off_ramp,P25_AV0_4,P25_AV0.1.asc,HV4,60,driver_number,18748,1,312466.67,312466.6684,4.0,4.0,28.252899,101.710435,158.0,116.550912,-7214.375487,-0.030871,-0.7776,0.0,28.252074,0.079884,0.0,7214.829008,15.255173,0.071378,1.0,0.0,0.0,0.0,7186.456114,13.725836,1021.0,3.0,0.0,158.0,-0.326879,35.278449,127.002418,35.277856,0.204584,0.0,-0.027345,-1.004001,1.6e-05,0.193267,0.22025,0.0,1.0,0.0,0.0,0.0,-9999.0,-9999.0,-9999.0,-9999.0,-9999.0,-9999.0,-9999.0,-9999.0,-9999.0,-9999.0,-9999.0,-9999.0,-9999.0,-9999.0
P25_AV0_4_interaction,active_and_state_lat_and_long_zero_last_source_row_continuous_segment,P25,AV0,4,off_ramp,P25_AV0_4,P25_AV0.1.asc,HV4,60,driver_number,18749,1,312483.33,312483.3339,4.0,4.0,28.25235,101.708461,158.0,117.0217,-7214.845136,-0.030498,-0.771264,0.0,28.251528,0.079412,0.0,7215.298592,15.289925,0.070937,1.0,0.0,0.0,0.0,7187.043538,13.750924,1021.0,3.0,0.0,158.0,-0.334092,35.277893,127.000414,35.277264,0.210653,1e-06,-0.027269,-1.050293,7e-06,0.206612,0.22025,0.0,1.0,0.0,0.0,0.0,-9999.0,-9999.0,-9999.0,-9999.0,-9999.0,-9999.0,-9999.0,-9999.0,-9999.0,-9999.0,-9999.0,-9999.0,-9999.0,-9999.0
P25_AV0_4_interaction,active_and_state_lat_and_long_zero_last_source_row_continuous_segment,P25,AV0,4,off_ramp,P25_AV0_4,P25_AV0.1.asc,HV4,60,driver_number,18750,1,312500.0,312500.0041,4.0,4.0,28.2518,101.70648,158.0,117.492483,-7215.314792,-0.026378,-0.75954,0.0,28.250987,0.078962,0.0,7215.768182,15.324462,0.0705,1.0,0.0,0.0,0.0,7187.630965,13.775737,1021.0,3.0,0.0,158.0,-0.34158,35.277339,126.998421,35.276672,0.217026,0.0,-0.026557,-1.081446,-1.4e-05,0.212735,0.22025,0.0,1.0,0.0,0.0,0.0,-9999.0,-9999.0,-9999.0,-9999.0,-9999.0,-9999.0,-9999.0,-9999.0,-9999.0,-9999.0,-9999.0,-9999.0,-9999.0,-9999.0
P25_AV0_4_interaction,active_and_state_lat_and_long_zero_last_source_row_continuous_segment,P25,AV0,4,off_ramp,P25_AV0_4,P25_AV0.1.asc,HV4,60,driver_number,18751,1,312516.67,312516.6671,4.0,4.0,28.251257,101.704525,158.0,117.963261,-7215.784454,-0.043475,-0.752901,0.0,28.250445,0.07854,0.0,7216.237779,15.358788,0.070067,1.0,0.0,0.0,0.0,7188.218395,13.800265,1021.0,3.0,0.0,158.0,-0.349351,35.276787,126.996432,35.276077,0.223832,-0.0,-0.026206,-1.100129,-5.7e-05,0.212735,0.22025,0.0,1.0,0.0,0.0,0.0,-9999.0,-9999.0,-9999.0,-9999.0,-9999.0,-9999.0,-9999.0,-9999.0,-9999.0,-9999.0,-9999.0,-9999.0,-9999.0,-9999.0
P25_AV0_4_interaction,active_and_state_lat_and_long_zero_last_source_row_continuous_segment,P25,AV0,4,off_ramp,P25_AV0_4,P25_AV0.1.asc,HV4,60,driver_number,18752,1,312533.33,312533.3342,4.0,4.0,28.250751,101.702704,158.0,118.434034,-7216.254123,-0.020244,-0.742552,0.0,28.24977,0.078134,0.0,7216.70738,15.392904,0.069639,1.0,0.0,0.0,0.0,7188.805828,13.824502,1021.0,3.0,0.0,158.0,-0.357414,35.276229,126.994425,35.275473,0.230932,-1e-06,-0.026185,-1.142554,-6e-05,0.223097,0.22025,0.0,1.0,0.0,0.0,0.0,-9999.0,-9999.0,-9999.0,-9999.0,-9999.0,-9999.0,-9999.0,-9999.0,-9999.0,-9999.0,-9999.0,-9999.0,-9999.0,-9999.0
P25_AV0_4_interaction,active_and_state_lat_and_long_zero_last_source_row_continuous_segment,P25,AV0,4,off_ramp,P25_AV0_4,P25_AV0.1.asc,HV4,60,driver_number,18753,1,312550.0,312550.0,4.0,4.0,28.250066,101.700238,158.0,118.904801,-7216.723796,-0.021,-0.736042,0.0,28.249414,0.077711,0.0,7217.176987,15.426814,0.069217,1.0,0.0,0.0,0.0,7189.393264,13.848439,1021.0,3.0,0.0,158.0,-0.365777,35.275666,126.992396,35.27486,0.238401,-2e-06,-0.026183,-1.172679,-6.8e-05,0.227493,0.22025,0.0,1.0,0.0,0.0,0.0,-9999.0,-9999.0,-9999.0,-9999.0,-9999.0,-9999.0,-9999.0,-9999.0,-9999.0,-9999.0,-9999.0,-9999.0,-9999.0,-9999.0
P25_AV0_4_interaction,active_and_state_lat_and_long_zero_last_source_row_continuous_segment,P25,AV0,4,off_ramp,P25_AV0_4,P25_AV0.1.asc,HV4,60,driver_number,18754,1,312566.67,312566.6667,4.0,4.0,28.249585,101.698507,158.0,119.375562,-7217.193475,-0.022438,-0.726075,0.0,28.249025,0.077253,0.0,7217.646603,15.46052,0.0688,1.0,0.0,0.0,0.0,7189.980704,13.872067,1021.0,3.0,0.0,158.0,-0.374448,35.275092,126.990331,35.274232,0.246261,-4e-06,-0.0264,-1.203085,-6.9e-05,0.231575,0.22025,0.0,1.0,0.0,0.0,0.0,-9999.0,-9999.0,-9999.0,-9999.0,-9999.0,-9999.0,-9999.0,-9999.0,-9999.0,-9999.0,-9999.0,-9999.0,-9999.0,-9999.0
P25_AV0_4_interaction,active_and_state_lat_and_long_zero_last_source_row_continuous_segment,P25,AV0,4,off_ramp,P25_AV0_4,P25_AV0.1.asc,HV4,60,driver_number,18755,1,312583.33,312583.3339,4.0,4.0,28.249223,101.697204,158.0,119.84632,-7217.663162,-0.026645,-0.718442,0.0,28.248619,0.076787,0.0,7218.116227,15.494024,0.068389,1.0,0.0,0.0,0.0,7190.568147,13.895377,1021.0,3.0,0.0,158.0,-0.383437,35.274506,126.988221,35.273587,0.254546,-5e-06,-0.026705,-1.225462,-8.3e-05,0.231575,0.22025,0.0,1.0,0.0,0.0,0.0,-9999.0,-9999.0,-9999.0,-9999.0,-9999.0,-9999.0,-9999.0,-9999.0,-9999.0,-9999.0,-9999.0,-9999.0,-9999.0,-9999.0
P25_AV0_4_interaction,active_and_state_lat_and_long_zero_last_source_row_continuous_segment,P25,AV0,4,off_ramp,P25_AV0_4,P25_AV0.1.asc,HV4,60,driver_number,18756,1,312600.0,312600.0002,4.0,4.0,28.248822,101.695761,158.0,120.317075,-7218.132856,-0.026577,-0.709046,0.0,28.248118,0.076283,0.0,7218.585857,15.527329,0.067985,1.0,0.0,0.0,0.0,7191.155593,13.918361,1021.0,3.0,0.0,158.0,-0.392752,35.273898,126.986034,35.272917,0.263139,-6e-06,-0.027627,-1.26227,-6.9e-05,0.237698,0.22025,0.0,1.0,0.0,0.0,0.0,-9999.0,-9999.0,-9999.0,-9999.0,-9999.0,-9999.0,-9999.0,-9999.0,-9999.0,-9999.0,-9999.0,-9999.0,-9999.0,-9999.0
P25_AV0_4_interaction,active_and_state_lat_and_long_zero_last_source_row_continuous_segment,P25,AV0,4,off_ramp,P25_AV0_4,P25_AV0.1.asc,HV4,60,driver_number,18757,1,312616.67,312616.6668,4.0,4.0,28.248382,101.694173,158.0,120.787825,-7218.602557,-0.022577,-0.699142,0.0,28.247673,0.07573,0.0,7219.055493,15.560438,0.067587,1.0,0.0,0.0,0.0,7191.743042,13.941011,1021.0,3.0,0.0,158.0,-0.402401,35.273272,126.98378,35.272223,0.27208,-7e-06,-0.028064,-1.291808,-5.1e-05,0.24021,0.22025,0.0,1.0,0.0,0.0,0.0,-9999.0,-9999.0,-9999.0,-9999.0,-9999.0,-9999.0,-9999.0,-9999.0,-9999.0,-9999.0,-9999.0,-9999.0,-9999.0,-9999.0
P25_AV0_4_interaction,active_and_state_lat_and_long_zero_last_source_row_continuous_segment,P25,AV0,4,off_ramp,P25_AV0_4,P25_AV0.1.asc,HV4,60,driver_number,18758,1,312633.33,312633.3344,4.0,4.0,28.247882,101.692376,158.0,121.258571,-7219.072263,-0.026493,-0.693451,0.0,28.247269,0.075116,0.0,7219.525136,15.593352,0.067197,1.0,0.0,0.0,0.0,7192.330494,13.963317,1021.0,3.0,0.0,158.0,-0.412393,35.272631,126.981471,35.271509,0.28134,-8e-06,-0.02836,-1.320761,-3.4e-05,0.242094,0.22025,0.0,1.0,0.0,0.0,0.0,-9999.0,-9999.0,-9999.0,-9999.0,-9999.0,-9999.0,-9999.0,-9999.0,-9999.0,-9999.0,-9999.0,-9999.0,-9999.0,-9999.0
P25_AV0_4_interaction,active_and_state_lat_and_long_zero_last_source_row_continuous_segment,P25,AV0,4,off_ramp,P25_AV0_4,P25_AV0.1.asc,HV4,60,driver_number,18759,1,312650.0,312650.0003,4.0,4.0,28.24747,101.690894,158.0,121.729313,-7219.541976,-0.019552,-0.685134,0.0,28.246805,0.07444,0.0,7219.994785,15.626075,0.066813,1.0,0.0,0.0,0.0,7192.917948,13.98527,1021.0,3.0,0.0,158.0,-0.422737,35.271975,126.97911,35.270776,0.290883,-8e-06,-0.028616,-1.350035,-1.3e-05,0.243821,0.22025,0.0,1.0,0.0,0.0,0.0,-9999.0,-9999.0,-9999.0,-9999.0,-9999.0,-9999.0,-9999.0,-9999.0,-9999.0,-9999.0,-9999.0,-9999.0,-9999.0,-9999.0
P25_AV0_4_interaction,active_and_state_lat_and_long_zero_last_source_row_continuous_segment,P25,AV0,4,off_ramp,P25_AV0_4,P25_AV0.1.asc,HV4,60,driver_number,18760,1,312666.67,312666.6668,4.0,4.0,28.247034,101.689323,158.0,122.20005,-7220.011694,-0.019037,-0.674426,0.0,28.246483,0.073713,0.0,7220.464439,15.658607,0.066436,1.0,0.0,0.0,0.0,7193.505406,14.006863,1021.0,3.0,0.0,158.0,-0.433441,35.271305,126.976698,35.270024,0.300664,-8e-06,-0.028849,-1.379539,1e-05,0.245391,0.22025,0.0,1.0,0.0,0.0,0.0,-9999.0,-9999.0,-9999.0,-9999.0,-9999.0,-9999.0,-9999.0,-9999.0,-9999.0,-9999.0,-9999.0,-9999.0,-9999.0,-9999.0
P25_AV0_4_interaction,active_and_state_lat_and_long_zero_last_source_row_continuous_segment,P25,AV0,4,off_ramp,P25_AV0_4,P25_AV0.1.asc,HV4,60,driver_number,18761,1,312683.33,312683.3342,4.0,4.0,28.246629,101.687863,158.0,122.670782,-7220.481418,-0.027151,-0.66654,0.0,28.246112,0.072938,0.0,7220.934102,15.690952,0.066066,1.0,0.0,0.0,0.0,7194.092866,14.028087,1021.0,3.0,0.0,158.0,-0.444515,35.270621,126.974235,35.269253,0.310638,-8e-06,-0.029067,-1.409159,3.7e-05,0.246804,0.22025,0.0,1.0,0.0,0.0,0.0,-9999.0,-9999.0,-9999.0,-9999.0,-9999.0,-9999.0,-9999.0,-9999.0,-9999.0,-9999.0,-9999.0,-9999.0,-9999.0,-9999.0
P25_AV0_4_interaction,active_and_state_lat_and_long_zero_last_source_row_continuous_segment,P25,AV0,4,off_ramp,P25_AV0_4,P25_AV0.1.asc,HV4,60,driver_number,18762,1,312700.0,312700.0003,4.0,4.0,28.246312,101.686722,158.0,123.141512,-7220.95115,-0.020927,-0.657742,0.0,28.245672,0.072106,0.0,7221.40377,15.723113,0.065703,1.0,0.0,0.0,0.0,7194.680328,14.048932,1021.0,3.0,0.0,158.0,-0.455966,35.269922,126.971718,35.268463,0.320765,-7e-06,-0.029267,-1.438439,6.4e-05,0.247903,0.22025,0.0,1.0,0.0,0.0,0.0,-9999.0,-9999.0,-9999.0,-9999.0,-9999.0,-9999.0,-9999.0,-9999.0,-9999.0,-9999.0,-9999.0,-9999.0,-9999.0,-9999.0
P25_AV0_4_interaction,active_and_state_lat_and_long_zero_last_source_row_continuous_segment,P25,AV0,4,off_ramp,P25_AV0_4,P25_AV0.1.asc,HV4,60,driver_number,18763,1,312716.67,312716.6669,4.0,4.0,28.245873,101.685144,158.0,123.612238,-7221.420887,-0.027137,-0.647373,0.0,28.245283,0.07125,0.0,7221.873444,15.755091,0.065346,1.0,0.0,1.0,0.0,7195.267793,14.06939,1021.0,3.0,0.0,158.0,-0.467804,35.269209,126.969151,35.267655,0.331017,-6e-06,-0.029398,-1.465542,8.6e-05,0.247903,0.22025,0.0,1.0,0.0,0.0,0.0,-9999.0,-9999.0,-9999.0,-9999.0,-9999.0,-9999.0,-9999.0,-9999.0,-9999.0,-9999.0,-9999.0,-9999.0,-9999.0,-9999.0
P25_AV0_4_interaction,active_and_state_lat_and_long_zero_last_source_row_continuous_segment,P25,AV0,4,off_ramp,P25_AV0_4,P25_AV0.1.asc,HV4,60,driver_number,18764,1,312733.33,312733.3336,4.0,4.0,28.245485,101.683746,158.0,124.082959,-7221.890629,-0.027117,-0.637754,0.0,28.24478,0.07039,0.0,7222.343123,15.786889,0.064997,1.0,0.0,1.0,0.0,7195.855259,14.089451,1021.0,3.0,0.0,158.0,-0.480038,35.268481,126.966532,35.266829,0.341332,-4e-06,-0.029573,-1.494894,0.00011,0.248845,0.21925,0.0,1.0,0.0,0.0,0.0,-9999.0,-9999.0,-9999.0,-9999.0,-9999.0,-9999.0,-9999.0,-9999.0,-9999.0,-9999.0,-9999.0,-9999.0,-9999.0,-9999.0
P25_AV0_4_interaction,active_and_state_lat_and_long_zero_last_source_row_continuous_segment,P25,AV0,4,off_ramp,P25_AV0_4,P25_AV0.1.asc,HV4,60,driver_number,18765,1,312750.0,312750.0,4.0,4.0,28.245045,101.682163,158.0,124.553676,-7222.360377,-0.030031,-0.626397,0.0,28.2443,0.0695,0.0,7222.812806,15.81851,0.064653,1.0,0.0,1.0,0.0,7196.442727,14.109109,1021.0,3.0,0.0,158.0,-0.492675,35.267739,126.96386,35.265986,0.351667,-2e-06,-0.02973,-1.523924,0.000133,0.24963,0.219,0.0,1.0,0.0,0.0,0.0,-9999.0,-9999.0,-9999.0,-9999.0,-9999.0,-9999.0,-9999.0,-9999.0,-9999.0,-9999.0,-9999.0,-9999.0,-9999.0,-9999.0
P25_AV0_4_interaction,active_and_state_lat_and_long_zero_last_source_row_continuous_segment,P25,AV0,4,off_ramp,P25_AV0_4,P25_AV0.1.asc,HV4,60,driver_number,18766,1,312766.67,312766.6676,4.0,4.0,28.244543,101.680354,158.0,125.024386,-7222.830127,-0.026585,-0.615596,0.0,28.243773,0.068602,0.0,7223.282492,15.849957,0.064317,1.0,0.0,1.0,0.0,7197.030197,14.128353,1021.0,3.0,0.0,158.0,-0.505726,35.266981,126.961132,35.265124,0.361963,0.0,-0.029944,-1.554968,0.000158,0.251357,0.219,0.0,1.0,0.0,0.0,0.0,-9999.0,-9999.0,-9999.0,-9999.0,-9999.0,-9999.0,-9999.0,-9999.0,-9999.0,-9999.0,-9999.0,-9999.0,-9999.0,-9999.0
P25_AV0_4_interaction,active_and_state_lat_and_long_zero_last_source_row_continuous_segment,P25,AV0,4,off_ramp,P25_AV0_4,P25_AV0.1.asc,HV4,60,driver_number,18767,1,312783.33,312783.3342,4.0,4.0,28.244038,101.678538,158.0,125.49509,-7223.299881,-0.022577,-0.603866,0.0,28.243336,0.067702,0.0,7223.75218,15.881232,0.063988,1.0,0.0,1.0,0.0,7197.617668,14.147176,1021.0,3.0,0.0,158.0,-0.519197,35.266208,126.95835,35.264244,0.37221,3e-06,-0.030065,-1.582003,0.000175,0.251357,0.219,0.0,1.0,0.0,0.0,0.0,-9999.0,-9999.0,-9999.0,-9999.0,-9999.0,-9999.0,-9999.0,-9999.0,-9999.0,-9999.0,-9999.0,-9999.0,-9999.0,-9999.0
P25_AV0_4_interaction,active_and_state_lat_and_long_zero_last_source_row_continuous_segment,P25,AV0,4,off_ramp,P25_AV0_4,P25_AV0.1.asc,HV4,60,driver_number,18768,1,312800.0,312800.0007,4.0,4.0,28.243541,101.676746,158.0,125.965788,-7223.769638,-0.026585,-0.5927,0.0,28.242939,0.066793,0.0,7224.221873,15.912341,0.063666,1.0,0.0,1.0,0.0,7198.20514,14.165567,1021.0,3.0,0.0,158.0,-0.533099,35.265328,126.955183,35.263256,0.382343,7e-06,-0.046188,-1.612178,0.000252,0.252927,0.219,0.002198,1.0,0.0,0.0,0.0,-9999.0,-9999.0,-9999.0,-9999.0,-9999.0,-9999.0,-9999.0,-9999.0,-9999.0,-9999.0,-9999.0,-9999.0,-9999.0,-9999.0
P25_AV0_4_interaction,active_and_state_lat_and_long_zero_last_source_row_continuous_segment,P25,AV0,4,off_ramp,P25_AV0_4,P25_AV0.1.asc,HV4,60,driver_number,18769,1,312816.67,312816.6677,4.0,4.0,28.243137,101.675293,158.0,126.436481,-7224.239398,-0.030495,-0.576617,0.0,28.242448,0.065863,0.0,7224.69157,15.943285,0.063351,1.0,0.0,1.0,0.0,7198.792611,14.18352,1021.0,3.0,0.0,158.0,-0.547438,35.264278,126.951401,35.262096,0.392333,1e-05,-0.035822,-1.64325,0.000192,0.254968,0.219,0.0,1.0,0.0,0.0,0.0,-9999.0,-9999.0,-9999.0,-9999.0,-9999.0,-9999.0,-9999.0,-9999.0,-9999.0,-9999.0,-9999.0,-9999.0,-9999.0,-9999.0
P25_AV0_4_interaction,active_and_state_lat_and_long_zero_last_source_row_continuous_segment,P25,AV0,4,off_ramp,P25_AV0_4,P25_AV0.1.asc,HV4,60,driver_number,18770,1,312833.34,312833.3365,4.0,4.0,28.242707,101.673745,158.0,126.907168,-7224.709162,-0.039467,-0.563906,0.0,28.241825,0.064961,0.0,7225.161269,15.974067,0.063043,1.0,0.0,1.0,0.0,7199.380079,14.201025,1021.0,3.0,0.0,158.0,-0.562225,35.263432,126.948356,35.261139,0.402187,1.4e-05,-0.031236,-1.669313,0.000202,0.254968,0.219,0.0,1.0,0.0,0.0,0.0,-9999.0,-9999.0,-9999.0,-9999.0,-9999.0,-9999.0,-9999.0,-9999.0,-9999.0,-9999.0,-9999.0,-9999.0,-9999.0,-9999.0
P25_AV0_4_interaction,active_and_state_lat_and_long_zero_last_source_row_continuous_segment,P25,AV0,4,off_ramp,P25_AV0_4,P25_AV0.1.asc,HV4,60,driver_number,18771,1,312850.0,312850.0001,4.0,4.0,28.242184,101.671864,158.0,127.377849,-7225.178927,-0.019353,-0.550382,0.0,28.241278,0.064056,0.0,7225.630967,16.004693,0.062744,1.0,0.0,1.0,0.0,7199.967546,14.218073,1021.0,3.0,0.0,158.0,-0.577468,35.262589,126.94532,35.260184,0.411845,1.7e-05,-0.031114,-1.700514,0.000165,0.25748,0.21825,0.0,1.0,0.0,0.0,0.0,-9999.0,-9999.0,-9999.0,-9999.0,-9999.0,-9999.0,-9999.0,-9999.0,-9999.0,-9999.0,-9999.0,-9999.0,-9999.0,-9999.0
P25_AV0_4_interaction,active_and_state_lat_and_long_zero_last_source_row_continuous_segment,P25,AV0,4,off_ramp,P25_AV0_4,P25_AV0.1.asc,HV4,60,driver_number,18772,1,312866.67,312866.6676,4.0,4.0,28.241487,101.669352,158.0,127.84852,-7225.648692,-0.021567,-0.536269,0.0,28.240925,0.063148,0.0,7226.100667,16.035165,0.062453,1.0,0.0,1.0,0.0,7200.555012,14.234657,1021.0,3.0,0.0,158.0,-0.593174,35.261732,126.942236,35.259215,0.421315,1.9e-05,-0.031175,-1.72736,0.000161,0.258265,0.218,0.0,1.0,0.0,0.0,0.0,-9999.0,-9999.0,-9999.0,-9999.0,-9999.0,-9999.0,-9999.0,-9999.0,-9999.0,-9999.0,-9999.0,-9999.0,-9999.0,-9999.0
P25_AV0_4_interaction,active_and_state_lat_and_long_zero_last_source_row_continuous_segment,P25,AV0,4,off_ramp,P25_AV0_4,P25_AV0.1.asc,HV4,60,driver_number,18773,1,312883.33,312883.334,4.0,4.0,28.241107,101.667986,158.0,128.319185,-7226.118459,-0.032323,-0.526066,0.0,28.240481,0.06222,0.0,7226.570371,16.065489,0.062171,1.0,0.0,1.0,0.0,7201.142477,14.250769,1021.0,3.0,0.0,158.0,-0.609352,35.260859,126.939092,35.25823,0.43059,2.2e-05,-0.031685,-1.753699,0.000177,0.25905,0.218,0.0,0.0,0.0,0.0,0.0,-9999.0,-9999.0,-9999.0,-9999.0,-9999.0,-9999.0,-9999.0,-9999.0,-9999.0,-9999.0,-9999.0,-9999.0,-9999.0,-9999.0
P25_AV0_4_interaction,active_and_state_lat_and_long_zero_last_source_row_continuous_segment,P25,AV0,4,off_ramp,P25_AV0_4,P25_AV0.1.asc,HV4,60,driver_number,18774,1,312900.0,312900.0002,4.0,4.0,28.240737,101.666653,158.0,128.789845,-7226.588229,-0.015792,-0.511358,0.0,28.240005,0.061226,0.0,7227.040076,16.095666,0.061899,1.0,0.0,1.0,0.0,7201.729941,14.266399,1021.0,3.0,0.0,158.0,-0.62601,35.259955,126.935838,35.257214,0.439659,2.5e-05,-0.032851,-1.777754,0.000193,0.25905,0.218,0.0,0.0,0.0,0.0,0.0,-9999.0,-9999.0,-9999.0,-9999.0,-9999.0,-9999.0,-9999.0,-9999.0,-9999.0,-9999.0,-9999.0,-9999.0,-9999.0,-9999.0
P25_AV0_4_interaction,active_and_state_lat_and_long_zero_last_source_row_continuous_segment,P25,AV0,4,off_ramp,P25_AV0_4,P25_AV0.1.asc,HV4,60,driver_number,18775,1,312916.67,312916.6711,4.0,4.0,28.240203,101.664731,158.0,129.260499,-7227.058,-0.01825,-0.500587,0.0,28.239739,0.060171,0.0,7227.509784,16.125702,0.061635,1.0,0.0,1.0,0.0,7202.317403,14.281542,1021.0,3.0,0.0,158.0,-0.643155,35.259023,126.932482,35.25617,0.448498,2.9e-05,-0.033603,-1.802602,0.000209,0.259364,0.218,0.0,0.0,0.0,0.0,0.0,-9999.0,-9999.0,-9999.0,-9999.0,-9999.0,-9999.0,-9999.0,-9999.0,-9999.0,-9999.0,-9999.0,-9999.0,-9999.0,-9999.0
P25_AV0_4_interaction,active_and_state_lat_and_long_zero_last_source_row_continuous_segment,P25,AV0,4,off_ramp,P25_AV0_4,P25_AV0.1.asc,HV4,60,driver_number,18776,1,312933.33,312933.3335,4.0,4.0,28.239866,101.663518,158.0,129.731147,-7227.527773,-0.026593,-0.490095,0.0,28.239391,0.059044,0.0,7227.979495,16.1556,0.061381,1.0,0.0,1.0,0.0,7202.904862,14.29619,1021.0,3.0,0.0,158.0,-0.660794,35.258071,126.929054,35.255107,0.457103,3.2e-05,-0.033919,-1.825428,0.000221,0.259364,0.218,0.0,0.0,0.0,0.0,0.0,-9999.0,-9999.0,-9999.0,-9999.0,-9999.0,-9999.0,-9999.0,-9999.0,-9999.0,-9999.0,-9999.0,-9999.0,-9999.0,-9999.0
P25_AV0_4_interaction,active_and_state_lat_and_long_zero_last_source_row_continuous_segment,P25,AV0,4,off_ramp,P25_AV0_4,P25_AV0.1.asc,HV4,60,driver_number,18777,1,312950.0,312950.0007,4.0,4.0,28.23958,101.662487,158.0,130.201791,-7227.99755,-0.031198,-0.480884,0.0,28.238939,0.057835,0.0,7228.449209,16.185361,0.061135,1.0,0.0,1.0,0.0,7203.492318,14.310335,1021.0,3.0,0.0,158.0,-0.678935,35.257103,126.92557,35.25403,0.465454,3.6e-05,-0.034089,-1.847577,0.00023,0.25905,0.218,0.0,0.0,0.0,0.0,0.0,-9999.0,-9999.0,-9999.0,-9999.0,-9999.0,-9999.0,-9999.0,-9999.0,-9999.0,-9999.0,-9999.0,-9999.0,-9999.0,-9999.0
P25_AV0_4_interaction,active_and_state_lat_and_long_zero_last_source_row_continuous_segment,P25,AV0,4,off_ramp,P25_AV0_4,P25_AV0.1.asc,HV4,60,driver_number,18778,1,312966.67,312966.6667,4.0,4.0,28.239163,101.660985,158.0,130.67243,-7228.467329,-0.029895,-0.468966,0.0,28.238361,0.056582,0.0,7228.918923,16.214989,0.060898,1.0,0.0,1.0,0.0,7204.07977,14.323972,1021.0,3.0,0.0,158.0,-0.697584,35.256121,126.922037,35.252941,0.473552,4e-05,-0.034114,-1.866357,0.000233,0.25748,0.218,0.0,0.0,0.0,0.0,0.0,-9999.0,-9999.0,-9999.0,-9999.0,-9999.0,-9999.0,-9999.0,-9999.0,-9999.0,-9999.0,-9999.0,-9999.0,-9999.0,-9999.0
P25_AV0_4_interaction,active_and_state_lat_and_long_zero_last_source_row_continuous_segment,P25,AV0,4,off_ramp,P25_AV0_4,P25_AV0.1.asc,HV4,60,driver_number,18779,1,312983.33,312983.3342,4.0,4.0,28.238672,101.659221,158.0,131.143063,-7228.937109,-0.018709,-0.460514,0.0,28.237936,0.055272,0.0,7229.388636,16.244487,0.060669,1.0,0.0,1.0,0.0,7204.667217,14.337093,1021.0,3.0,0.0,158.0,-0.716746,35.255129,126.918463,35.251842,0.481382,4.4e-05,-0.034124,-1.88465,0.000237,0.256381,0.218,0.0,0.0,0.0,0.0,0.0,-9999.0,-9999.0,-9999.0,-9999.0,-9999.0,-9999.0,-9999.0,-9999.0,-9999.0,-9999.0,-9999.0,-9999.0,-9999.0,-9999.0
P25_AV0_4_interaction,active_and_state_lat_and_long_zero_last_source_row_continuous_segment,P25,AV0,4,off_ramp,P25_AV0_4,P25_AV0.1.asc,HV4,60,driver_number,18780,1,313000.0,313000.0002,4.0,4.0,28.238105,101.657179,158.0,131.613687,-7229.406887,-0.021968,-0.447385,0.0,28.237593,0.053913,0.0,7229.85835,16.273858,0.060448,1.0,0.0,1.0,0.0,7205.25466,14.349693,1021.0,3.0,0.0,158.0,-0.736429,35.254124,126.914847,35.250734,0.488902,4.8e-05,-0.034205,-1.904601,0.000249,0.256381,0.218,0.0,0.0,0.0,0.0,0.0,-9999.0,-9999.0,-9999.0,-9999.0,-9999.0,-9999.0,-9999.0,-9999.0,-9999.0,-9999.0,-9999.0,-9999.0,-9999.0,-9999.0
P25_AV0_4_interaction,active_and_state_lat_and_long_zero_last_source_row_continuous_segment,P25,AV0,4,off_ramp,P25_AV0_4,P25_AV0.1.asc,HV4,60,driver_number,18781,1,313016.67,313016.6667,4.0,4.0,28.237774,101.655987,158.0,132.084305,-7229.876666,-0.022447,-0.435387,0.0,28.237213,0.052542,0.0,7230.328067,16.303104,0.060233,1.0,0.0,1.0,0.0,7205.842096,14.361767,1021.0,3.0,0.0,158.0,-0.756637,35.253013,126.910847,35.249522,0.496136,5.3e-05,-0.050752,-1.91868,0.00032,0.254183,0.218,0.002198,0.0,0.0,0.0,0.0,-9999.0,-9999.0,-9999.0,-9999.0,-9999.0,-9999.0,-9999.0,-9999.0,-9999.0,-9999.0,-9999.0,-9999.0,-9999.0,-9999.0
P25_AV0_4_interaction,active_and_state_lat_and_long_zero_last_source_row_continuous_segment,P25,AV0,4,off_ramp,P25_AV0_4,P25_AV0.1.asc,HV4,60,driver_number,18782,1,313033.33,313033.3341,4.0,4.0,28.237404,101.654655,158.0,132.554919,-7230.346447,-0.022553,-0.42245,0.0,28.236828,0.051193,0.0,7230.797784,16.332229,0.060026,1.0,0.0,1.0,0.0,7206.429525,14.373309,1021.0,3.0,0.0,158.0,-0.777375,35.251728,126.906219,35.248138,0.503078,5.7e-05,-0.040601,-1.927304,0.00024,0.249787,0.218,0.0,0.0,0.0,0.0,0.0,-9999.0,-9999.0,-9999.0,-9999.0,-9999.0,-9999.0,-9999.0,-9999.0,-9999.0,-9999.0,-9999.0,-9999.0,-9999.0,-9999.0
P25_AV0_4_interaction,active_and_state_lat_and_long_zero_last_source_row_continuous_segment,P25,AV0,4,off_ramp,P25_AV0_4,P25_AV0.1.asc,HV4,60,driver_number,18783,1,313050.0,313050.0005,4.0,4.0,28.237021,101.653274,158.0,133.025527,-7230.816229,-0.026479,-0.411971,0.0,28.236442,0.049868,0.0,7231.267502,16.361236,0.059825,1.0,0.0,0.0,0.0,7207.016943,14.384316,1021.0,3.0,0.0,158.0,-0.798647,35.250647,126.902331,35.246963,0.509643,6.2e-05,-0.036213,-1.944676,0.000263,0.249787,0.218,0.0,0.0,0.0,0.0,0.0,-9999.0,-9999.0,-9999.0,-9999.0,-9999.0,-9999.0,-9999.0,-9999.0,-9999.0,-9999.0,-9999.0,-9999.0,-9999.0,-9999.0
P25_AV0_4_interaction,active_and_state_lat_and_long_zero_last_source_row_continuous_segment,P25,AV0,4,off_ramp,P25_AV0_4,P25_AV0.1.asc,HV4,60,driver_number,18784,1,313066.67,313066.6676,4.0,4.0,28.236635,101.651886,158.0,133.496129,-7231.286011,-0.030213,-0.400209,0.0,28.235965,0.048511,0.0,7231.73722,16.390129,0.05963,1.0,0.0,0.0,0.0,7207.604353,14.394783,1021.0,3.0,0.0,158.0,-0.820459,35.249579,126.898485,35.245804,0.515889,6.5e-05,-0.035513,-1.946723,0.000214,0.24335,0.218,0.0,0.0,0.0,0.0,0.0,-9999.0,-9999.0,-9999.0,-9999.0,-9999.0,-9999.0,-9999.0,-9999.0,-9999.0,-9999.0,-9999.0,-9999.0,-9999.0,-9999.0
P25_AV0_4_interaction,active_and_state_lat_and_long_zero_last_source_row_continuous_segment,P25,AV0,4,off_ramp,P25_AV0_4,P25_AV0.1.asc,HV4,60,driver_number,18785,1,313083.33,313083.3342,4.0,4.0,28.236217,101.65038,158.0,133.966726,-7231.755794,-0.022892,-0.391435,0.0,28.235486,0.04721,0.0,7232.206938,16.418909,0.059442,1.0,0.0,0.0,0.0,7208.191755,14.404706,1021.0,3.0,0.0,158.0,-0.842812,35.248512,126.894643,35.24465,0.52178,6.9e-05,-0.035071,-1.949578,0.000208,0.237698,0.218,0.0,0.0,0.0,0.0,0.0,-9999.0,-9999.0,-9999.0,-9999.0,-9999.0,-9999.0,-9999.0,-9999.0,-9999.0,-9999.0,-9999.0,-9999.0,-9999.0,-9999.0
P25_AV0_4_interaction,active_and_state_lat_and_long_zero_last_source_row_continuous_segment,P25,AV0,4,off_ramp,P25_AV0_4,P25_AV0.1.asc,HV4,60,driver_number,18786,1,313100.0,313100.001,4.0,4.0,28.235709,101.648553,158.0,134.437314,-7232.225575,-0.025938,-0.378913,0.0,28.235103,0.045913,0.0,7232.676654,16.44758,0.059259,1.0,0.0,0.0,0.0,7208.779148,14.414083,1021.0,3.0,0.0,158.0,-0.86571,35.247447,126.890808,35.243502,0.52731,7.3e-05,-0.034562,-1.947867,0.000225,0.230476,0.218,0.0,0.0,0.0,0.0,0.0,-9999.0,-9999.0,-9999.0,-9999.0,-9999.0,-9999.0,-9999.0,-9999.0,-9999.0,-9999.0,-9999.0,-9999.0,-9999.0,-9999.0
P25_AV0_4_interaction,active_and_state_lat_and_long_zero_last_source_row_continuous_segment,P25,AV0,4,off_ramp,P25_AV0_4,P25_AV0.1.asc,HV4,60,driver_number,18787,1,313116.67,313116.6671,4.0,4.0,28.235291,101.647048,158.0,134.907896,-7232.695355,-0.029883,-0.366027,0.0,28.234636,0.044678,0.0,7233.14637,16.476146,0.059081,1.0,0.0,0.0,0.0,7209.366531,14.422913,1021.0,3.0,0.0,158.0,-0.889154,35.246382,126.886975,35.242362,0.53234,7.7e-05,-0.034488,-1.960897,0.000289,0.230476,0.218,0.0,0.0,0.0,0.0,0.0,-9999.0,-9999.0,-9999.0,-9999.0,-9999.0,-9999.0,-9999.0,-9999.0,-9999.0,-9999.0,-9999.0,-9999.0,-9999.0,-9999.0
P25_AV0_4_interaction,active_and_state_lat_and_long_zero_last_source_row_continuous_segment,P25,AV0,4,off_ramp,P25_AV0_4,P25_AV0.1.asc,HV4,60,driver_number,18788,1,313133.33,313133.334,4.0,4.0,28.234883,101.645578,158.0,135.378472,-7233.165135,-0.018816,-0.35535,0.0,28.234163,0.043476,0.0,7233.616084,16.50461,0.05891,1.0,0.0,0.0,0.0,7209.953905,14.431195,1021.0,3.0,0.0,158.0,-0.913145,35.245324,126.883166,35.241233,0.537004,8.2e-05,-0.033736,-1.948941,0.000329,0.2198,0.218,0.0,0.0,0.0,0.0,0.0,-9999.0,-9999.0,-9999.0,-9999.0,-9999.0,-9999.0,-9999.0,-9999.0,-9999.0,-9999.0,-9999.0,-9999.0,-9999.0,-9999.0
P25_AV0_4_interaction,active_and_state_lat_and_long_zero_last_source_row_continuous_segment,P25,AV0,4,off_ramp,P25_AV0_4,P25_AV0.1.asc,HV4,60,driver_number,18789,1,313150.0,313150.0,4.0,4.0,28.234383,101.64378,158.0,135.849041,-7233.634913,-0.02443,-0.34355,0.0,28.23381,0.042306,0.0,7234.085797,16.532974,0.058744,1.0,0.0,0.0,0.0,7210.541269,14.438924,1021.0,3.0,0.0,158.0,-0.937687,35.244198,126.879111,35.240064,0.53975,5.8e-05,-0.034535,-2.056423,-0.001188,0.207554,0.218,0.0,0.0,0.0,0.0,0.0,-9999.0,-9999.0,-9999.0,-9999.0,-9999.0,-9999.0,-9999.0,-9999.0,-9999.0,-9999.0,-9999.0,-9999.0,-9999.0,-9999.0
P25_AV0_4_interaction,active_and_state_lat_and_long_zero_last_source_row_continuous_segment,P25,AV0,4,off_ramp,P25_AV0_4,P25_AV0.1.asc,HV4,60,driver_number,18790,1,313166.67,313166.6746,4.0,4.0,28.234003,101.64241,158.0,136.319602,-7234.104689,-0.022299,-0.329505,0.0,28.233411,0.041142,0.0,7234.555509,16.561243,0.058584,1.0,0.0,0.0,0.0,7211.128621,14.44609,1021.0,3.0,0.0,158.0,-0.962791,35.243117,126.87522,35.238939,0.542626,1.6e-05,-0.032907,-2.014507,-0.003315,0.186987,0.218,0.0,0.0,0.0,0.0,0.0,-9999.0,-9999.0,-9999.0,-9999.0,-9999.0,-9999.0,-9999.0,-9999.0,-9999.0,-9999.0,-9999.0,-9999.0,-9999.0,-9999.0
P25_AV0_4_interaction,active_and_state_lat_and_long_zero_last_source_row_continuous_segment,P25,AV0,4,off_ramp,P25_AV0_4,P25_AV0.1.asc,HV4,60,driver_number,18791,1,313183.33,313183.3342,4.0,4.0,28.233604,101.640973,158.0,136.790158,-7234.574465,-0.022296,-0.320858,0.0,28.233034,0.040058,0.0,7235.025221,16.58942,0.058429,1.0,0.0,0.0,0.0,7211.715961,14.45269,1021.0,3.0,0.0,158.0,-0.988459,35.242052,126.871388,35.237831,0.545465,-5.1e-05,-0.032667,-2.021925,-0.004361,0.186987,0.218,0.0,0.0,0.0,0.0,0.0,-9999.0,-9999.0,-9999.0,-9999.0,-9999.0,-9999.0,-9999.0,-9999.0,-9999.0,-9999.0,-9999.0,-9999.0,-9999.0,-9999.0
P25_AV0_4_interaction,active_and_state_lat_and_long_zero_last_source_row_continuous_segment,P25,AV0,4,off_ramp,P25_AV0_4,P25_AV0.1.asc,HV4,60,driver_number,18792,1,313200.0,313200.0009,4.0,4.0,28.233222,101.639599,158.0,137.260708,-7235.04424,-0.022401,-0.30907,0.0,28.232656,0.038943,0.0,7235.494931,16.617507,0.05828,1.0,0.0,0.0,0.0,7212.30329,14.458726,1021.0,3.0,0.0,158.0,-1.01469,35.241016,126.867657,35.236746,0.548593,-0.000128,-0.030619,-1.957007,-0.004704,0.156529,0.218,0.0,0.0,0.0,0.0,0.0,-9999.0,-9999.0,-9999.0,-9999.0,-9999.0,-9999.0,-9999.0,-9999.0,-9999.0,-9999.0,-9999.0,-9999.0,-9999.0,-9999.0
P25_AV0_4_interaction,active_and_state_lat_and_long_zero_last_source_row_continuous_segment,P25,AV0,4,off_ramp,P25_AV0_4,P25_AV0.1.asc,HV4,60,driver_number,18793,1,313216.67,313216.6677,4.0,4.0,28.232845,101.638241,158.0,137.731253,-7235.514013,-0.022469,-0.30105,0.0,28.232277,0.037862,0.0,7235.96464,16.645508,0.058137,1.0,0.0,0.0,0.0,7212.890607,14.464204,1021.0,3.0,0.0,158.0,-1.041478,35.240006,126.864022,35.23569,0.551514,-0.000204,-0.029594,-1.928097,-0.004514,0.141143,0.218,0.0,0.0,0.0,0.0,0.0,-9999.0,-9999.0,-9999.0,-9999.0,-9999.0,-9999.0,-9999.0,-9999.0,-9999.0,-9999.0,-9999.0,-9999.0,-9999.0,-9999.0
P25_AV0_4_interaction,active_and_state_lat_and_long_zero_last_source_row_continuous_segment,P25,AV0,4,off_ramp,P25_AV0_4,P25_AV0.1.asc,HV4,60,driver_number,18794,1,313233.33,313233.3343,4.0,4.0,28.232466,101.636879,158.0,138.201791,-7235.983786,-0.025624,-0.291832,0.0,28.231865,0.036761,0.0,7236.434348,16.673425,0.058,1.0,0.0,0.0,0.0,7213.477913,14.469129,1021.0,3.0,0.0,158.0,-1.068816,35.239126,126.860853,35.234782,0.553293,-0.000287,-0.019291,-1.994454,-0.005092,0.123559,0.218,0.002198,0.0,0.0,0.0,0.0,-9999.0,-9999.0,-9999.0,-9999.0,-9999.0,-9999.0,-9999.0,-9999.0,-9999.0,-9999.0,-9999.0,-9999.0,-9999.0,-9999.0
P25_AV0_4_interaction,active_and_state_lat_and_long_zero_last_source_row_continuous_segment,P25,AV0,4,off_ramp,P25_AV0_4,P25_AV0.1.asc,HV4,60,driver_number,18795,1,313250.0,313250.0008,4.0,4.0,28.232087,101.635513,158.0,138.672323,-7236.453557,-0.02243,-0.285378,0.0,28.231454,0.035667,0.0,7236.904054,16.70126,0.057868,1.0,0.0,0.0,0.0,7214.065206,14.47349,1021.0,3.0,0.0,158.0,-1.096717,35.237936,126.856571,35.233605,0.552491,-0.00037,-0.046642,-1.992784,-0.005342,0.123559,0.218,0.002198,0.0,0.0,0.0,0.0,-9999.0,-9999.0,-9999.0,-9999.0,-9999.0,-9999.0,-9999.0,-9999.0,-9999.0,-9999.0,-9999.0,-9999.0,-9999.0,-9999.0
P25_AV0_4_interaction,active_and_state_lat_and_long_zero_last_source_row_continuous_segment,P25,AV0,4,off_ramp,P25_AV0_4,P25_AV0.1.asc,HV4,60,driver_number,18796,1,313266.67,313266.6675,4.0,4.0,28.231649,101.633936,158.0,139.142848,-7236.923325,-0.033986,-0.275608,0.0,28.231077,0.034545,0.0,7237.373757,16.729017,0.057741,1.0,0.0,0.0,0.0,7214.652484,14.477273,1021.0,3.0,0.0,158.0,-1.125195,35.236736,126.85225,35.232435,0.550514,-0.000461,-0.030795,-1.901345,-0.005463,0.087606,0.21875,0.0,0.0,0.0,0.0,0.0,-9999.0,-9999.0,-9999.0,-9999.0,-9999.0,-9999.0,-9999.0,-9999.0,-9999.0,-9999.0,-9999.0,-9999.0,-9999.0,-9999.0
P25_AV0_4_interaction,active_and_state_lat_and_long_zero_last_source_row_continuous_segment,P25,AV0,4,off_ramp,P25_AV0_4,P25_AV0.1.asc,HV4,60,driver_number,18797,1,313283.33,313283.3335,4.0,4.0,28.231265,101.632554,158.0,139.613367,-7237.393092,-0.019577,-0.264118,0.0,28.230493,0.033453,0.0,7237.843458,16.756696,0.057618,1.0,0.0,0.0,0.0,7215.239746,14.480487,1021.0,3.0,0.0,158.0,-1.15424,35.2358,126.848879,35.231553,0.547062,-0.000544,-0.025658,-1.846601,-0.004606,0.068766,0.21875,0.0,0.0,0.0,0.0,0.0,-9999.0,-9999.0,-9999.0,-9999.0,-9999.0,-9999.0,-9999.0,-9999.0,-9999.0,-9999.0,-9999.0,-9999.0,-9999.0,-9999.0
P25_AV0_4_interaction,active_and_state_lat_and_long_zero_last_source_row_continuous_segment,P25,AV0,4,off_ramp,P25_AV0_4,P25_AV0.1.asc,HV4,60,driver_number,18798,1,313300.0,313300.0001,4.0,4.0,28.230792,101.63085,158.0,140.08388,-7237.862856,-0.02437,-0.255439,0.0,28.230188,0.032414,0.0,7238.313155,16.784302,0.057501,1.0,0.0,0.0,0.0,7215.826994,14.483144,1021.0,3.0,0.0,158.0,-1.183839,35.234913,126.845687,35.230744,0.542005,-0.000608,-0.024468,-1.78695,-0.003335,0.049612,0.219,0.0,0.0,0.0,0.0,0.0,-9999.0,-9999.0,-9999.0,-9999.0,-9999.0,-9999.0,-9999.0,-9999.0,-9999.0,-9999.0,-9999.0,-9999.0,-9999.0,-9999.0
P25_AV0_4_interaction,active_and_state_lat_and_long_zero_last_source_row_continuous_segment,P25,AV0,4,off_ramp,P25_AV0_4,P25_AV0.1.asc,HV4,60,driver_number,18799,1,313316.67,313316.6744,4.0,4.0,28.230328,101.62918,158.0,140.554384,-7238.332615,-0.026002,-0.244958,0.0,28.229741,0.031385,0.0,7238.78285,16.811836,0.057388,1.0,0.0,0.0,0.0,7216.414228,14.48526,1021.0,3.0,0.0,158.0,-1.213979,35.234057,126.842603,35.229994,0.535023,-0.000648,-0.02422,-1.766574,-0.001854,0.049612,0.219,0.0,0.0,0.0,0.0,0.0,-9999.0,-9999.0,-9999.0,-9999.0,-9999.0,-9999.0,-9999.0,-9999.0,-9999.0,-9999.0,-9999.0,-9999.0,-9999.0,-9999.0
P25_AV0_4_interaction,active_and_state_lat_and_long_zero_last_source_row_continuous_segment,P25,AV0,4,off_ramp,P25_AV0_4,P25_AV0.1.asc,HV4,60,driver_number,18800,1,313333.33,313333.334,4.0,4.0,28.229983,101.627941,158.0,141.024882,-7238.802373,-0.01049,-0.23753,0.0,28.229331,0.030368,0.0,7239.252542,16.839302,0.05728,1.0,0.0,0.0,0.0,7217.001449,14.486847,1021.0,3.0,0.0,158.0,-1.244647,35.233231,126.839633,35.229299,0.526368,-0.000666,-0.023456,-1.699277,-0.00054,0.0314,0.22025,0.0,0.0,0.0,0.0,0.0,-9999.0,-9999.0,-9999.0,-9999.0,-9999.0,-9999.0,-9999.0,-9999.0,-9999.0,-9999.0,-9999.0,-9999.0,-9999.0,-9999.0
P25_AV0_4_interaction,active_and_state_lat_and_long_zero_last_source_row_continuous_segment,P25,AV0,4,off_ramp,P25_AV0_4,P25_AV0.1.asc,HV4,60,driver_number,18801,1,313350.0,313350.0013,4.0,4.0,28.229523,101.626283,158.0,141.495374,-7239.272127,-0.02034,-0.225501,0.0,28.229134,0.029383,0.0,7239.722232,16.866701,0.057176,1.0,0.0,0.0,0.0,7217.588657,14.48792,1021.0,3.0,0.0,158.0,-1.275826,35.23245,126.83682,35.228666,0.516379,-0.000663,-0.022231,-1.582723,0.000577,-0.006594,0.2215,0.002198,0.0,0.0,0.0,0.0,-9999.0,-9999.0,-9999.0,-9999.0,-9999.0,-9999.0,-9999.0,-9999.0,-9999.0,-9999.0,-9999.0,-9999.0,-9999.0,-9999.0
P25_AV0_4_interaction,active_and_state_lat_and_long_zero_last_source_row_continuous_segment,P25,AV0,4,off_ramp,P25_AV0_4,P25_AV0.1.asc,HV4,60,driver_number,18802,1,313366.67,313366.6675,4.0,4.0,28.229242,101.62527,158.0,141.965859,-7239.74188,-0.019136,-0.216658,0.0,28.228774,0.028463,0.0,7240.191922,16.894037,0.057077,1.0,0.0,0.0,0.0,7218.175851,14.4885,1021.0,3.0,0.0,158.0,-1.307498,35.231451,126.833223,35.227836,0.504695,-0.000644,-0.042137,-1.508634,0.001403,-0.024021,0.2235,0.0,0.0,0.0,0.0,0.0,-9999.0,-9999.0,-9999.0,-9999.0,-9999.0,-9999.0,-9999.0,-9999.0,-9999.0,-9999.0,-9999.0,-9999.0,-9999.0,-9999.0
P25_AV0_4_interaction,active_and_state_lat_and_long_zero_last_source_row_continuous_segment,P25,AV0,4,off_ramp,P25_AV0_4,P25_AV0.1.asc,HV4,60,driver_number,18803,1,313383.33,313383.3338,4.0,4.0,28.228963,101.624269,158.0,142.436341,-7240.211632,-0.01843,-0.205748,0.0,28.228446,0.02754,0.0,7240.661609,16.921312,0.056982,1.0,0.0,0.0,0.0,7218.763029,14.488607,1021.0,3.0,0.0,158.0,-1.33964,35.230645,126.83032,35.227223,0.490969,-0.000618,-0.022789,-1.468885,0.001747,-0.024021,0.2235,0.0,0.0,0.0,0.0,0.0,-9999.0,-9999.0,-9999.0,-9999.0,-9999.0,-9999.0,-9999.0,-9999.0,-9999.0,-9999.0,-9999.0,-9999.0,-9999.0,-9999.0
P25_AV0_4_interaction,active_and_state_lat_and_long_zero_last_source_row_continuous_segment,P25,AV0,4,off_ramp,P25_AV0_4,P25_AV0.1.asc,HV4,60,driver_number,18804,1,313400.0,313400.001,4.0,4.0,28.228613,101.623008,158.0,142.906818,-7240.681381,-0.029385,-0.199689,0.0,28.228093,0.026675,0.0,7241.131294,16.948529,0.056893,1.0,0.0,0.0,0.0,7219.350193,14.48826,1021.0,3.0,0.0,158.0,-1.372234,35.229964,126.82787,35.226752,0.475754,-0.000585,-0.021138,-1.346975,0.001943,-0.057619,0.2255,0.0,0.0,0.0,0.0,0.0,-9999.0,-9999.0,-9999.0,-9999.0,-9999.0,-9999.0,-9999.0,-9999.0,-9999.0,-9999.0,-9999.0,-9999.0,-9999.0,-9999.0
P25_AV0_4_interaction,active_and_state_lat_and_long_zero_last_source_row_continuous_segment,P25,AV0,4,off_ramp,P25_AV0_4,P25_AV0.1.asc,HV4,60,driver_number,18805,1,313416.67,313416.6676,4.0,4.0,28.228292,101.62185,158.0,143.377289,-7241.151129,-0.020456,-0.187734,0.0,28.227656,0.025794,0.0,7241.600976,16.975691,0.056808,1.0,0.0,0.0,0.0,7219.937344,14.487483,1021.0,3.0,0.0,158.0,-1.405258,35.229329,126.825584,35.226341,0.458821,-0.000553,-0.020435,-1.264743,0.001939,-0.071906,0.2265,0.0,0.0,0.0,0.0,0.0,-9999.0,-9999.0,-9999.0,-9999.0,-9999.0,-9999.0,-9999.0,-9999.0,-9999.0,-9999.0,-9999.0,-9999.0,-9999.0,-9999.0
P25_AV0_4_interaction,active_and_state_lat_and_long_zero_last_source_row_continuous_segment,P25,AV0,4,off_ramp,P25_AV0_4,P25_AV0.1.asc,HV4,60,driver_number,18806,1,313433.33,313433.3344,4.0,4.0,28.227847,101.62025,158.0,143.847753,-7241.620873,-0.018728,-0.177571,0.0,28.227299,0.024981,0.0,7242.070654,17.0028,0.056728,1.0,0.0,0.0,0.0,7220.524483,14.486299,1021.0,3.0,0.0,158.0,-1.438688,35.228735,126.823447,35.225988,0.439934,-0.000523,-0.019606,-1.210326,0.001773,-0.071906,0.2265,0.0,0.0,0.0,0.0,0.0,-9999.0,-9999.0,-9999.0,-9999.0,-9999.0,-9999.0,-9999.0,-9999.0,-9999.0,-9999.0,-9999.0,-9999.0,-9999.0,-9999.0
P25_AV0_4_interaction,active_and_state_lat_and_long_zero_last_source_row_continuous_segment,P25,AV0,4,off_ramp,P25_AV0_4,P25_AV0.1.asc,HV4,60,driver_number,18807,1,313450.0,313450.0008,4.0,4.0,28.227484,101.618943,158.0,144.318211,-7242.090613,-0.019079,-0.169093,0.0,28.22701,0.024166,0.0,7242.540329,17.029859,0.056653,1.0,0.0,0.0,0.0,7221.111611,14.48473,1021.0,3.0,0.0,158.0,-1.472501,35.228183,126.82146,35.225684,0.419619,-0.000493,-0.019044,-1.087164,0.001699,-0.099538,0.229,0.0,0.0,0.0,0.0,0.0,-9999.0,-9999.0,-9999.0,-9999.0,-9999.0,-9999.0,-9999.0,-9999.0,-9999.0,-9999.0,-9999.0,-9999.0,-9999.0,-9999.0
P25_AV0_4_interaction,active_and_state_lat_and_long_zero_last_source_row_continuous_segment,P25,AV0,4,off_ramp,P25_AV0_4,P25_AV0.1.asc,HV4,60,driver_number,18808,1,313466.68,313466.6767,4.0,4.0,28.227142,101.617712,158.0,144.788663,-7242.56035,-0.019261,-0.161376,0.0,28.226664,0.023325,0.0,7243.010002,17.056871,0.056584,1.0,0.0,0.0,0.0,7221.698728,14.482801,1021.0,3.0,0.0,158.0,-1.506673,35.227668,126.819605,35.225423,0.397743,-0.000467,-0.018683,-0.996937,0.001593,-0.111156,0.23,0.0,0.0,0.0,0.0,0.0,-9999.0,-9999.0,-9999.0,-9999.0,-9999.0,-9999.0,-9999.0,-9999.0,-9999.0,-9999.0,-9999.0,-9999.0,-9999.0,-9999.0
P25_AV0_4_interaction,active_and_state_lat_and_long_zero_last_source_row_continuous_segment,P25,AV0,4,off_ramp,P25_AV0_4,P25_AV0.1.asc,HV4,60,driver_number,18809,1,313483.33,313483.3336,4.0,4.0,28.22685,101.616661,158.0,145.259111,-7243.030085,-0.022567,-0.157429,0.0,28.226334,0.022454,0.0,7243.479671,17.083839,0.056521,1.0,0.0,0.0,0.0,7222.285835,14.480541,1021.0,3.0,0.0,158.0,-1.541176,35.227186,126.817869,35.225199,0.374167,-0.000442,-0.018088,-0.929289,0.00143,-0.111156,0.23,0.0,0.0,0.0,0.0,0.0,-9999.0,-9999.0,-9999.0,-9999.0,-9999.0,-9999.0,-9999.0,-9999.0,-9999.0,-9999.0,-9999.0,-9999.0,-9999.0,-9999.0
P25_AV0_4_interaction,active_and_state_lat_and_long_zero_last_source_row_continuous_segment,P25,AV0,4,off_ramp,P25_AV0_4,P25_AV0.1.asc,HV4,60,driver_number,18810,1,313500.0,313500.0008,4.0,4.0,28.226502,101.615408,158.0,145.729553,-7243.499817,0.082788,-0.15385,0.0,28.227045,0.02151,0.0,7243.949338,17.110763,0.056462,1.0,0.0,0.0,0.0,7222.872932,14.477972,1021.0,3.0,0.0,158.0,-1.575985,35.226752,126.816306,35.22502,0.349254,-0.000419,-0.016521,-0.82746,0.001327,-0.12403,0.2325,0.0,0.0,0.0,0.0,0.0,-9999.0,-9999.0,-9999.0,-9999.0,-9999.0,-9999.0,-9999.0,-9999.0,-9999.0,-9999.0,-9999.0,-9999.0,-9999.0,-9999.0
P25_AV0_4_interaction,active_and_state_lat_and_long_zero_last_source_row_continuous_segment,P25,AV0,4,off_ramp,P25_AV0_4,P25_AV0.1.asc,HV4,60,driver_number,18811,1,313516.67,313516.6676,4.0,4.0,28.226145,101.614123,158.0,146.199989,-7243.969546,-0.020297,-0.14817,0.0,28.22774,0.020521,0.0,7244.419025,17.137646,0.056407,1.0,0.0,0.0,0.0,7223.46002,14.475124,1021.0,3.0,0.0,158.0,-1.611073,35.226371,126.814934,35.224889,0.323025,-0.000397,-0.01501,-0.733581,0.00127,-0.132037,0.2325,0.0,0.0,0.0,0.0,0.0,-9999.0,-9999.0,-9999.0,-9999.0,-9999.0,-9999.0,-9999.0,-9999.0,-9999.0,-9999.0,-9999.0,-9999.0,-9999.0,-9999.0
P25_AV0_4_interaction,active_and_state_lat_and_long_zero_last_source_row_continuous_segment,P25,AV0,4,off_ramp,P25_AV0_4,P25_AV0.1.asc,HV4,60,driver_number,18812,1,313533.33,313533.3342,4.0,4.0,28.227734,101.619844,158.0,146.670444,-7244.439296,-0.027224,-0.14554,0.0,28.22737,0.019506,0.0,7244.88872,17.164489,0.056356,1.0,0.0,0.0,0.0,7224.0471,14.472023,1021.0,3.0,0.0,158.0,-1.646414,35.226045,126.813763,35.224804,0.295739,-0.000375,-0.012634,-0.617699,0.001303,-0.148051,0.2365,0.0,0.0,0.0,0.0,0.0,-9999.0,-9999.0,-9999.0,-9999.0,-9999.0,-9999.0,-9999.0,-9999.0,-9999.0,-9999.0,-9999.0,-9999.0,-9999.0,-9999.0
P25_AV0_4_interaction,active_and_state_lat_and_long_zero_last_source_row_continuous_segment,P25,AV0,4,off_ramp,P25_AV0_4,P25_AV0.1.asc,HV4,60,driver_number,18813,1,313550.0,313550.0002,4.0,4.0,28.22757,101.619254,158.0,147.140904,-7244.909053,-0.025247,-0.142778,0.0,28.226933,0.018469,0.0,7245.35841,17.191291,0.056308,1.0,0.0,0.0,0.0,7224.634173,14.468698,1021.0,3.0,0.0,158.0,-1.681977,35.225773,126.812783,35.224759,0.267306,-0.000353,-0.011424,-0.53649,0.00129,-0.148051,0.2365,0.0,0.0,0.0,0.0,0.0,-9999.0,-9999.0,-9999.0,-9999.0,-9999.0,-9999.0,-9999.0,-9999.0,-9999.0,-9999.0,-9999.0,-9999.0,-9999.0,-9999.0
P25_AV0_4_interaction,active_and_state_lat_and_long_zero_last_source_row_continuous_segment,P25,AV0,4,off_ramp,P25_AV0_4,P25_AV0.1.asc,HV4,60,driver_number,18814,1,313566.67,313566.6674,4.0,4.0,28.227142,101.617712,158.0,147.611358,-7245.378805,-0.026834,-0.140382,0.0,28.226498,0.017434,0.0,7245.828096,17.218053,0.056261,1.0,0.0,0.0,0.0,7225.221241,14.465178,1021.0,3.0,0.0,158.0,-1.717735,35.225545,126.811963,35.224742,0.237953,-0.000331,-0.009282,-0.435979,0.001322,-0.155116,0.23775,0.0,0.0,0.0,0.0,0.0,-9999.0,-9999.0,-9999.0,-9999.0,-9999.0,-9999.0,-9999.0,-9999.0,-9999.0,-9999.0,-9999.0,-9999.0,-9999.0,-9999.0
P25_AV0_4_interaction,active_and_state_lat_and_long_zero_last_source_row_continuous_segment,P25,AV0,4,off_ramp,P25_AV0_4,P25_AV0.1.asc,HV4,60,driver_number,18815,1,313583.33,313583.3341,4.0,4.0,28.226722,101.6162,158.0,148.081804,-7245.848553,-0.018319,-0.135289,0.0,28.226053,0.016416,0.0,7246.297776,17.244776,0.056215,1.0,0.0,0.0,0.0,7225.808303,14.461492,1021.0,3.0,0.0,158.0,-1.753659,35.225372,126.811338,35.224758,0.207893,-0.000308,-0.007303,-0.331513,0.001378,-0.162966,0.2395,0.0,0.0,0.0,0.0,0.0,-9999.0,-9999.0,-9999.0,-9999.0,-9999.0,-9999.0,-9999.0,-9999.0,-9999.0,-9999.0,-9999.0,-9999.0,-9999.0,-9999.0
P25_AV0_4_interaction,active_and_state_lat_and_long_zero_last_source_row_continuous_segment,P25,AV0,4,off_ramp,P25_AV0_4,P25_AV0.1.asc,HV4,60,driver_number,18816,1,313600.0,313600.0006,4.0,4.0,28.226274,101.614586,158.0,148.552243,-7246.318296,0.015092,-0.130352,0.0,28.225705,0.015457,0.0,7246.767452,17.271461,0.05617,1.0,0.0,0.0,0.0,7226.395362,14.457669,1021.0,3.0,0.0,158.0,-1.789719,35.225236,126.810848,35.224789,0.177278,-0.000284,-0.006226,-0.216934,0.001493,-0.174427,0.24,0.0,0.0,0.0,0.0,0.0,-9999.0,-9999.0,-9999.0,-9999.0,-9999.0,-9999.0,-9999.0,-9999.0,-9999.0,-9999.0,-9999.0,-9999.0,-9999.0,-9999.0
P25_AV0_4_interaction,active_and_state_lat_and_long_zero_last_source_row_continuous_segment,P25,AV0,4,off_ramp,P25_AV0_4,P25_AV0.1.asc,HV4,60,driver_number,18817,1,313616.67,313616.6669,4.0,4.0,28.2259,101.613241,158.0,149.022675,-7246.788033,-0.019155,-0.12651,0.0,28.225897,0.01458,0.0,7247.237126,17.298108,0.056124,1.0,0.0,0.0,0.0,7226.982418,14.45374,1021.0,3.0,0.0,229.0,1.799116,35.225144,126.81052,35.224841,0.146088,-0.000259,-0.003731,-0.127977,0.001545,-0.174427,0.24,0.0,0.0,0.0,0.0,0.0,-9999.0,-9999.0,-9999.0,-9999.0,-9999.0,-9999.0,-9999.0,-9999.0,-9999.0,-9999.0,-9999.0,-9999.0,-9999.0,-9999.0
P25_AV0_4_interaction,active_and_state_lat_and_long_zero_last_source_row_continuous_segment,P25,AV0,4,off_ramp,P25_AV0_4,P25_AV0.1.asc,HV4,60,driver_number,18818,1,313633.33,313633.3338,4.0,4.0,28.22583,101.612988,158.0,149.493104,-7247.25777,-0.023914,-0.122201,0.0,28.225515,0.013792,0.0,7247.706803,17.32472,0.056078,1.0,0.0,0.0,0.0,7227.569473,14.449736,1021.0,3.0,0.0,229.0,1.762875,35.225097,126.810349,35.224911,0.114535,-0.000232,-0.001875,-0.024112,0.001609,-0.180236,0.241,0.0,0.0,0.0,0.0,0.0,-9999.0,-9999.0,-9999.0,-9999.0,-9999.0,-9999.0,-9999.0,-9999.0,-9999.0,-9999.0,-9999.0,-9999.0,-9999.0,-9999.0
P25_AV0_4_interaction,active_and_state_lat_and_long_zero_last_source_row_continuous_segment,P25,AV0,4,off_ramp,P25_AV0_4,P25_AV0.1.asc,HV4,60,driver_number,18819,1,313650.0,313650.0008,4.0,4.0,28.225737,101.612652,158.0,149.963534,-7247.727509,-0.026054,-0.116081,0.0,28.225113,0.013104,0.0,7248.176475,17.351296,0.056031,1.0,0.0,0.0,0.0,7228.156526,14.445685,1021.0,3.0,0.0,229.0,1.726587,35.225078,126.81028,35.22498,0.082878,-0.000204,-0.000477,0.093738,0.001709,-0.191697,0.242,0.0,0.0,0.0,0.0,0.0,-9999.0,-9999.0,-9999.0,-9999.0,-9999.0,-9999.0,-9999.0,-9999.0,-9999.0,-9999.0,-9999.0,-9999.0,-9999.0,-9999.0
P25_AV0_4_interaction,active_and_state_lat_and_long_zero_last_source_row_continuous_segment,P25,AV0,4,off_ramp,P25_AV0_4,P25_AV0.1.asc,HV4,60,driver_number,18820,1,313666.67,313666.6667,4.0,4.0,28.225315,101.611134,158.0,150.433957,-7248.197244,-0.025802,-0.111912,0.0,28.224677,0.012525,0.0,7248.646143,17.377839,0.055984,1.0,0.0,0.0,0.0,7228.743579,14.441619,1021.0,3.0,0.0,229.0,1.690285,35.225101,126.810362,35.225063,0.051094,-0.000174,0.001742,0.19802,0.001798,-0.197349,0.24225,0.0,0.0,0.0,0.0,0.0,-9999.0,-9999.0,-9999.0,-9999.0,-9999.0,-9999.0,-9999.0,-9999.0,-9999.0,-9999.0,-9999.0,-9999.0,-9999.0,-9999.0
P25_AV0_4_interaction,active_and_state_lat_and_long_zero_last_source_row_continuous_segment,P25,AV0,4,off_ramp,P25_AV0_4,P25_AV0.1.asc,HV4,60,driver_number,18821,1,313683.34,313683.3436,4.0,4.0,28.224895,101.609623,158.0,150.904373,-7248.666973,-0.025076,-0.107589,0.0,28.22425,0.012037,0.0,7249.115804,17.40435,0.055936,1.0,0.0,0.0,0.0,7229.330633,14.437569,1021.0,3.0,0.0,229.0,1.653999,35.225143,126.810513,35.225137,0.019291,-0.000144,0.002741,0.301751,0.00186,-0.202687,0.24225,0.0,0.0,0.0,0.0,0.0,-9999.0,-9999.0,-9999.0,-9999.0,-9999.0,-9999.0,-9999.0,-9999.0,-9999.0,-9999.0,-9999.0,-9999.0,-9999.0,-9999.0
P25_AV0_4_interaction,active_and_state_lat_and_long_zero_last_source_row_continuous_segment,P25,AV0,4,off_ramp,P25_AV0_4,P25_AV0.1.asc,HV4,60,driver_number,18822,1,313700.0,313700.0001,4.0,4.0,28.224462,101.608063,158.0,151.374782,-7249.136697,-0.027653,-0.100145,0.0,28.223801,0.011651,0.0,7249.585461,17.43083,0.055888,1.0,0.0,0.0,0.0,7229.917689,14.433566,1021.0,3.0,0.0,229.0,1.61776,35.225226,126.810813,35.225224,-0.012504,-0.000113,0.006559,0.392692,0.001872,-0.202687,0.24225,0.0,0.0,0.0,0.0,0.0,-9999.0,-9999.0,-9999.0,-9999.0,-9999.0,-9999.0,-9999.0,-9999.0,-9999.0,-9999.0,-9999.0,-9999.0,-9999.0,-9999.0
P25_AV0_4_interaction,active_and_state_lat_and_long_zero_last_source_row_continuous_segment,P25,AV0,4,off_ramp,P25_AV0_4,P25_AV0.1.asc,HV4,60,driver_number,18823,1,313716.67,313716.6673,4.0,4.0,28.224041,101.606546,158.0,151.845184,-7249.606416,-0.044949,-0.096826,0.0,28.223266,0.011325,0.0,7250.055111,17.457282,0.05584,1.0,0.0,0.0,0.0,7230.504747,14.429639,1021.0,3.0,0.0,229.0,1.581596,35.225349,126.811255,35.225321,-0.044087,-8.1e-05,0.00856,0.496733,0.0019,-0.208339,0.2435,0.0,0.0,0.0,0.0,0.0,-9999.0,-9999.0,-9999.0,-9999.0,-9999.0,-9999.0,-9999.0,-9999.0,-9999.0,-9999.0,-9999.0,-9999.0,-9999.0,-9999.0
P25_AV0_4_interaction,active_and_state_lat_and_long_zero_last_source_row_continuous_segment,P25,AV0,4,off_ramp,P25_AV0_4,P25_AV0.1.asc,HV4,60,driver_number,18824,1,313733.34,313733.3358,4.0,4.0,28.223571,101.604855,158.0,152.315579,-7250.076129,-0.021767,-0.093032,0.0,28.222634,0.011067,0.0,7250.524753,17.483705,0.055793,1.0,0.0,0.0,0.0,7231.091808,14.425818,1021.0,3.0,0.0,229.0,1.545537,35.225493,126.811775,35.225412,-0.075372,-4.9e-05,0.0105,0.600704,0.00195,-0.214305,0.2475,0.0,0.0,0.0,0.0,0.0,-9999.0,-9999.0,-9999.0,-9999.0,-9999.0,-9999.0,-9999.0,-9999.0,-9999.0,-9999.0,-9999.0,-9999.0,-9999.0,-9999.0
P25_AV0_4_interaction,active_and_state_lat_and_long_zero_last_source_row_continuous_segment,P25,AV0,4,off_ramp,P25_AV0_4,P25_AV0.1.asc,HV4,60,driver_number,18825,1,313750.0,313750.0006,4.0,4.0,28.222891,101.602408,158.0,152.785963,-7250.545833,-0.01494,-0.087067,0.0,28.222304,0.010872,0.0,7250.994388,17.510102,0.055747,1.0,0.0,0.0,0.0,7231.678873,14.422132,1021.0,3.0,0.0,229.0,1.509614,35.225661,126.81238,35.225501,-0.106354,-1.6e-05,0.012336,0.694359,0.001983,-0.216346,0.24925,0.0,0.0,0.0,0.0,0.0,-9999.0,-9999.0,-9999.0,-9999.0,-9999.0,-9999.0,-9999.0,-9999.0,-9999.0,-9999.0,-9999.0,-9999.0,-9999.0,-9999.0
P25_AV0_4_interaction,active_and_state_lat_and_long_zero_last_source_row_continuous_segment,P25,AV0,4,off_ramp,P25_AV0_4,P25_AV0.1.asc,HV4,60,driver_number,18826,1,313766.67,313766.6667,4.0,4.0,28.222452,101.600828,158.0,153.256338,-7251.01553,-0.021756,-0.082359,0.0,28.222025,0.010682,0.0,7251.464019,17.536475,0.055702,1.0,0.0,0.0,0.0,7232.265942,14.41861,1021.0,3.0,0.0,229.0,1.473854,35.225833,126.812998,35.225567,-0.136963,1.7e-05,0.013194,0.782096,0.001986,-0.216346,0.24925,0.0,0.0,0.0,0.0,0.0,-9999.0,-9999.0,-9999.0,-9999.0,-9999.0,-9999.0,-9999.0,-9999.0,-9999.0,-9999.0,-9999.0,-9999.0,-9999.0,-9999.0
P25_AV0_4_interaction,active_and_state_lat_and_long_zero_last_source_row_continuous_segment,P25,AV0,4,off_ramp,P25_AV0_4,P25_AV0.1.asc,HV4,60,driver_number,18827,1,313783.34,313783.3418,4.0,4.0,28.222179,101.599844,158.0,153.726709,-7251.485223,-0.007169,-0.076829,0.0,28.221655,0.010531,0.0,7251.933646,17.562824,0.05566,1.0,0.0,0.0,0.0,7232.853016,14.415279,1021.0,3.0,0.0,229.0,1.438284,35.225995,126.813584,35.225599,-0.167078,5e-05,0.013637,0.872242,0.001986,-0.217916,0.2505,0.0,0.0,0.0,0.0,0.0,-9999.0,-9999.0,-9999.0,-9999.0,-9999.0,-9999.0,-9999.0,-9999.0,-9999.0,-9999.0,-9999.0,-9999.0,-9999.0,-9999.0
P25_AV0_4_interaction,active_and_state_lat_and_long_zero_last_source_row_continuous_segment,P25,AV0,4,off_ramp,P25_AV0_4,P25_AV0.1.asc,HV4,60,driver_number,18828,1,313800.0,313800.001,4.0,4.0,28.221844,101.598637,158.0,154.197074,-7251.954913,-0.019995,-0.074795,0.0,28.221511,0.010386,0.0,7252.403269,17.589151,0.055619,1.0,0.0,0.0,0.0,7233.440094,14.412166,1021.0,3.0,0.0,229.0,1.402932,35.226152,126.814146,35.225603,-0.196619,8.3e-05,0.014353,0.956997,0.00197,-0.217759,0.25075,0.0,0.0,0.0,0.0,0.0,-9999.0,-9999.0,-9999.0,-9999.0,-9999.0,-9999.0,-9999.0,-9999.0,-9999.0,-9999.0,-9999.0,-9999.0,-9999.0,-9999.0
P25_AV0_4_interaction,active_and_state_lat_and_long_zero_last_source_row_continuous_segment,P25,AV0,4,off_ramp,P25_AV0_4,P25_AV0.1.asc,HV4,60,driver_number,18829,1,313816.67,313816.6676,4.0,4.0,28.221595,101.597742,158.0,154.667434,-7252.424598,-0.023028,-0.073355,0.0,28.221155,0.010206,0.0,7252.87289,17.615457,0.055582,1.0,0.0,0.0,0.0,7234.027176,14.409297,1021.0,3.0,0.0,229.0,1.367823,35.226299,126.814677,35.225577,-0.225492,0.000116,0.0153,1.039904,0.00195,-0.217759,0.25075,0.0,0.0,0.0,0.0,0.0,-9999.0,-9999.0,-9999.0,-9999.0,-9999.0,-9999.0,-9999.0,-9999.0,-9999.0,-9999.0,-9999.0,-9999.0,-9999.0,-9999.0
P25_AV0_4_interaction,active_and_state_lat_and_long_zero_last_source_row_continuous_segment,P25,AV0,4,off_ramp,P25_AV0_4,P25_AV0.1.asc,HV4,60,driver_number,18830,1,313833.33,313833.3343,4.0,4.0,28.221344,101.596839,158.0,155.137791,-7252.894282,-0.028737,-0.071649,0.0,28.220708,0.009968,0.0,7253.342506,17.641743,0.055547,1.0,0.0,0.0,0.0,7234.614263,14.406697,1021.0,3.0,0.0,229.0,1.332982,35.226437,126.815173,35.225524,-0.253607,0.000148,0.015891,1.11892,0.001921,-0.216189,0.252,0.0,0.0,0.0,0.0,0.0,-9999.0,-9999.0,-9999.0,-9999.0,-9999.0,-9999.0,-9999.0,-9999.0,-9999.0,-9999.0,-9999.0,-9999.0,-9999.0,-9999.0
P25_AV0_4_interaction,active_and_state_lat_and_long_zero_last_source_row_continuous_segment,P25,AV0,4,off_ramp,P25_AV0_4,P25_AV0.1.asc,HV4,60,driver_number,18831,1,313850.0,313850.0011,4.0,4.0,28.220963,101.595467,158.0,155.608142,-7253.36396,-0.02184,-0.068014,0.0,28.220273,0.009725,0.0,7253.812115,17.668009,0.055514,1.0,0.0,0.0,0.0,7235.201354,14.40439,1021.0,3.0,0.0,229.0,1.298435,35.226555,126.815596,35.225435,-0.280877,0.00018,0.015841,1.197369,0.001896,-0.216189,0.252,0.0,0.0,0.0,0.0,0.0,-9999.0,-9999.0,-9999.0,-9999.0,-9999.0,-9999.0,-9999.0,-9999.0,-9999.0,-9999.0,-9999.0,-9999.0,-9999.0,-9999.0
P25_AV0_4_interaction,active_and_state_lat_and_long_zero_last_source_row_continuous_segment,P25,AV0,4,off_ramp,P25_AV0_4,P25_AV0.1.asc,HV4,60,driver_number,18832,1,313866.67,313866.6674,4.0,4.0,28.220469,101.593687,158.0,156.078485,-7253.833632,-0.0214,-0.067735,0.0,28.219912,0.009427,0.0,7254.281718,17.694256,0.055484,1.0,0.0,0.0,0.0,7235.788449,14.4024,1021.0,3.0,0.0,229.0,1.264203,35.226647,126.815929,35.225307,-0.30728,0.000211,0.016189,1.265768,0.001849,-0.213049,0.252,0.0,0.0,0.0,0.0,0.0,-9999.0,-9999.0,-9999.0,-9999.0,-9999.0,-9999.0,-9999.0,-9999.0,-9999.0,-9999.0,-9999.0,-9999.0,-9999.0,-9999.0
P25_AV0_4_interaction,active_and_state_lat_and_long_zero_last_source_row_continuous_segment,P25,AV0,4,off_ramp,P25_AV0_4,P25_AV0.1.asc,HV4,60,driver_number,18833,1,313883.33,313883.3341,4.0,4.0,28.220091,101.592327,158.0,156.548821,-7254.303298,-0.017572,-0.066389,0.0,28.219555,0.009092,0.0,7254.751317,17.720484,0.055456,1.0,0.0,0.0,0.0,7236.375546,14.400749,1021.0,3.0,0.0,229.0,1.230309,35.226732,126.816235,35.225161,-0.332709,0.000241,0.017732,1.334506,0.001798,-0.211165,0.252,0.0,0.0,0.0,0.0,0.0,-9999.0,-9999.0,-9999.0,-9999.0,-9999.0,-9999.0,-9999.0,-9999.0,-9999.0,-9999.0,-9999.0,-9999.0,-9999.0,-9999.0
P25_AV0_4_interaction,active_and_state_lat_and_long_zero_last_source_row_continuous_segment,P25,AV0,4,off_ramp,P25_AV0_4,P25_AV0.1.asc,HV4,60,driver_number,18834,1,313900.0,313900.0011,4.0,4.0,28.219734,101.591041,158.0,157.019151,-7254.772959,-0.020871,-0.065269,0.0,28.219255,0.008716,0.0,7255.220911,17.746694,0.055431,1.0,0.0,0.0,0.0,7236.962647,14.399458,1021.0,3.0,0.0,229.0,1.196775,35.226842,126.81663,35.225032,-0.357065,0.000271,0.021725,1.404779,0.00177,-0.211165,0.252,0.0,0.0,0.0,0.0,0.0,-9999.0,-9999.0,-9999.0,-9999.0,-9999.0,-9999.0,-9999.0,-9999.0,-9999.0,-9999.0,-9999.0,-9999.0,-9999.0,-9999.0
P25_AV0_4_interaction,active_and_state_lat_and_long_zero_last_source_row_continuous_segment,P25,AV0,4,off_ramp,P25_AV0_4,P25_AV0.1.asc,HV4,60,driver_number,18835,1,313916.67,313916.6668,4.0,4.0,28.219408,101.58987,158.0,157.489476,-7255.242615,-0.02169,-0.065039,0.0,28.218902,0.00832,0.0,7255.6905,17.772885,0.055406,1.0,0.0,0.0,0.0,7237.549751,14.398548,1021.0,3.0,0.0,229.0,1.163621,35.22699,126.817166,35.224937,-0.380332,0.0003,0.025407,1.466292,0.001748,-0.20881,0.252,0.0,0.0,0.0,0.0,0.0,-9999.0,-9999.0,-9999.0,-9999.0,-9999.0,-9999.0,-9999.0,-9999.0,-9999.0,-9999.0,-9999.0,-9999.0,-9999.0,-9999.0
P25_AV0_4_interaction,active_and_state_lat_and_long_zero_last_source_row_continuous_segment,P25,AV0,4,off_ramp,P25_AV0_4,P25_AV0.1.asc,HV4,60,driver_number,18836,1,313933.35,313933.3454,4.0,4.0,28.219081,101.588693,158.0,157.959795,-7255.712268,-0.071751,-0.063349,0.0,28.21854,0.007887,0.0,7256.160085,17.799059,0.055383,1.0,0.0,0.0,0.0,7238.136857,14.398038,1021.0,3.0,0.0,229.0,1.130867,35.227155,126.81776,35.224857,-0.402434,0.000329,0.027498,1.523151,0.001723,-0.205827,0.2525,0.002198,0.0,0.0,0.0,0.0,-9999.0,-9999.0,-9999.0,-9999.0,-9999.0,-9999.0,-9999.0,-9999.0,-9999.0,-9999.0,-9999.0,-9999.0,-9999.0,-9999.0
P25_AV0_4_interaction,active_and_state_lat_and_long_zero_last_source_row_continuous_segment,P25,AV0,4,off_ramp,P25_AV0_4,P25_AV0.1.asc,HV4,60,driver_number,18837,1,313950.0,313950.0,4.0,4.0,28.218721,101.587394,158.0,158.430109,-7256.181915,-0.029006,-0.062041,0.0,28.217428,0.007479,0.0,7256.629661,17.825214,0.055361,1.0,0.0,0.0,0.0,7238.723967,14.397946,1021.0,3.0,0.0,229.0,1.098529,35.227164,126.817791,35.22462,-0.423384,0.000358,0.02515,1.580292,0.001701,-0.204414,0.2525,0.0,0.0,0.0,0.0,0.0,-9999.0,-9999.0,-9999.0,-9999.0,-9999.0,-9999.0,-9999.0,-9999.0,-9999.0,-9999.0,-9999.0,-9999.0,-9999.0,-9999.0
P25_AV0_4_interaction,active_and_state_lat_and_long_zero_last_source_row_continuous_segment,P25,AV0,4,off_ramp,P25_AV0_4,P25_AV0.1.asc,HV4,60,driver_number,18838,1,313966.67,313966.667,4.0,4.0,28.217942,101.584592,158.0,158.900413,-7256.651554,-0.018252,-0.063612,0.0,28.21702,0.007068,0.0,7257.099223,17.851351,0.055339,1.0,0.0,0.0,0.0,7239.311078,14.39829,1021.0,3.0,0.0,229.0,1.066627,35.227268,126.818166,35.224488,-0.44257,0.000371,0.027039,1.723547,0.000261,-0.196878,0.2525,0.0,0.0,0.0,0.0,0.0,-9999.0,-9999.0,-9999.0,-9999.0,-9999.0,-9999.0,-9999.0,-9999.0,-9999.0,-9999.0,-9999.0,-9999.0,-9999.0,-9999.0
P25_AV0_4_interaction,active_and_state_lat_and_long_zero_last_source_row_continuous_segment,P25,AV0,4,off_ramp,P25_AV0_4,P25_AV0.1.asc,HV4,60,driver_number,18839,1,313983.33,313983.3344,4.0,4.0,28.217186,101.58187,158.0,159.370701,-7257.121179,-0.019198,-0.061135,0.0,28.216713,0.006655,0.0,7257.568779,17.877471,0.055316,1.0,0.0,0.0,0.0,7239.89819,14.399092,1021.0,3.0,0.0,229.0,1.035182,35.227372,126.81854,35.224369,-0.459944,0.000372,0.029388,1.778658,-0.00071,-0.196878,0.2525,0.0,0.0,0.0,0.0,0.0,-9999.0,-9999.0,-9999.0,-9999.0,-9999.0,-9999.0,-9999.0,-9999.0,-9999.0,-9999.0,-9999.0,-9999.0,-9999.0,-9999.0
P25_AV0_4_interaction,active_and_state_lat_and_long_zero_last_source_row_continuous_segment,P25,AV0,4,off_ramp,P25_AV0_4,P25_AV0.1.asc,HV4,60,driver_number,18840,1,314000.0,314000.0007,4.0,4.0,28.216868,101.580726,158.0,159.840983,-7257.590798,-0.020111,-0.057779,0.0,28.216389,0.006292,0.0,7258.038332,17.903573,0.055294,1.0,0.0,0.0,0.0,7240.485304,14.400378,1021.0,3.0,0.0,229.0,1.00422,35.227482,126.818935,35.224256,-0.476747,0.000343,0.030957,1.815807,-0.002225,-0.19154,0.2525,0.0,0.0,0.0,0.0,0.0,-9999.0,-9999.0,-9999.0,-9999.0,-9999.0,-9999.0,-9999.0,-9999.0,-9999.0,-9999.0,-9999.0,-9999.0,-9999.0,-9999.0
P25_AV0_4_interaction,active_and_state_lat_and_long_zero_last_source_row_continuous_segment,P25,AV0,4,off_ramp,P25_AV0_4,P25_AV0.1.asc,HV4,60,driver_number,18841,1,314016.67,314016.6702,4.0,4.0,28.216553,101.579592,158.0,160.31126,-7258.060413,-0.028283,-0.055853,0.0,28.216051,0.005992,0.0,7258.507879,17.929658,0.055271,1.0,0.0,0.0,0.0,7241.072418,14.402161,1021.0,3.0,0.0,229.0,0.973755,35.22759,126.819324,35.22414,-0.493029,0.000297,0.032105,1.831115,-0.003037,-0.178352,0.2525,0.0,0.0,0.0,0.0,0.0,-9999.0,-9999.0,-9999.0,-9999.0,-9999.0,-9999.0,-9999.0,-9999.0,-9999.0,-9999.0,-9999.0,-9999.0,-9999.0,-9999.0
P25_AV0_4_interaction,active_and_state_lat_and_long_zero_last_source_row_continuous_segment,P25,AV0,4,off_ramp,P25_AV0_4,P25_AV0.1.asc,HV4,60,driver_number,18842,1,314033.33,314033.3341,4.0,4.0,28.216221,101.578396,158.0,160.781532,-7258.530024,-0.021915,-0.0547,0.0,28.215592,0.005732,0.0,7258.977422,17.955727,0.055247,1.0,0.0,0.0,0.0,7241.659533,14.404453,1021.0,3.0,0.0,229.0,0.943797,35.22769,126.819683,35.224018,-0.508603,0.000243,0.032611,1.857435,-0.003337,-0.170188,0.25325,0.0,0.0,0.0,0.0,0.0,-9999.0,-9999.0,-9999.0,-9999.0,-9999.0,-9999.0,-9999.0,-9999.0,-9999.0,-9999.0,-9999.0,-9999.0,-9999.0,-9999.0
P25_AV0_4_interaction,active_and_state_lat_and_long_zero_last_source_row_continuous_segment,P25,AV0,4,off_ramp,P25_AV0_4,P25_AV0.1.asc,HV4,60,driver_number,18843,1,314050.0,314050.0042,4.0,4.0,28.215816,101.576936,158.0,161.251798,-7258.999629,-0.007968,-0.053899,0.0,28.215366,0.005504,0.0,7259.446958,17.98178,0.055223,1.0,0.0,0.0,0.0,7242.246648,14.407268,1021.0,3.0,0.0,229.0,0.914363,35.227942,126.820592,35.224084,-0.52136,0.000168,0.037044,1.997918,-0.004501,-0.170188,0.25325,0.0,0.0,0.0,0.0,0.0,-9999.0,-9999.0,-9999.0,-9999.0,-9999.0,-9999.0,-9999.0,-9999.0,-9999.0,-9999.0,-9999.0,-9999.0,-9999.0,-9999.0
P25_AV0_4_interaction,active_and_state_lat_and_long_zero_last_source_row_continuous_segment,P25,AV0,4,off_ramp,P25_AV0_4,P25_AV0.1.asc,HV4,60,driver_number,18844,1,314066.67,314066.6675,4.0,4.0,28.215409,101.575472,158.0,161.722056,-7259.469228,-0.021202,-0.053268,0.0,28.215148,0.005304,0.0,7259.916492,18.007818,0.055198,1.0,0.0,0.0,0.0,7242.833763,14.410642,1021.0,3.0,0.0,229.0,0.885485,35.228033,126.820918,35.22401,-0.53234,7.9e-05,0.03472,1.986856,-0.005713,-0.152604,0.2535,0.0,0.0,0.0,0.0,0.0,-9999.0,-9999.0,-9999.0,-9999.0,-9999.0,-9999.0,-9999.0,-9999.0,-9999.0,-9999.0,-9999.0,-9999.0,-9999.0,-9999.0
P25_AV0_4_interaction,active_and_state_lat_and_long_zero_last_source_row_continuous_segment,P25,AV0,4,off_ramp,P25_AV0_4,P25_AV0.1.asc,HV4,60,driver_number,18845,1,314083.33,314083.3341,4.0,4.0,28.2153,101.57508,158.0,162.192311,-7259.938826,-0.021914,-0.05273,0.0,28.214789,0.005133,0.0,7260.386023,18.03384,0.055173,1.0,0.0,0.0,0.0,7243.420876,14.414588,1021.0,3.0,0.0,229.0,0.857179,35.228092,126.82113,35.22393,-0.541485,-1.7e-05,0.033738,2.016023,-0.005684,-0.152604,0.2535,0.0,0.0,0.0,0.0,0.0,-9999.0,-9999.0,-9999.0,-9999.0,-9999.0,-9999.0,-9999.0,-9999.0,-9999.0,-9999.0,-9999.0,-9999.0,-9999.0,-9999.0
P25_AV0_4_interaction,active_and_state_lat_and_long_zero_last_source_row_continuous_segment,P25,AV0,4,off_ramp,P25_AV0_4,P25_AV0.1.asc,HV4,60,driver_number,18846,1,314100.0,314100.0001,4.0,4.0,28.214972,101.573897,158.0,162.662562,-7260.408419,-0.021785,-0.050581,0.0,28.214424,0.004988,0.0,7260.855548,18.059847,0.055147,1.0,0.0,0.0,0.0,7244.007986,14.419111,1021.0,3.0,0.0,229.0,0.82945,35.228048,126.820973,35.223769,-0.549062,-0.000106,0.017783,1.995258,-0.004961,-0.13502,0.254,0.002198,0.0,0.0,0.0,0.0,-9999.0,-9999.0,-9999.0,-9999.0,-9999.0,-9999.0,-9999.0,-9999.0,-9999.0,-9999.0,-9999.0,-9999.0,-9999.0,-9999.0
P25_AV0_4_interaction,active_and_state_lat_and_long_zero_last_source_row_continuous_segment,P25,AV0,4,off_ramp,P25_AV0_4,P25_AV0.1.asc,HV4,60,driver_number,18847,1,314116.67,314116.6674,4.0,4.0,28.214606,101.572583,158.0,163.132807,-7260.878008,-0.021791,-0.047586,0.0,28.214061,0.004892,0.0,7261.325068,18.08584,0.05512,1.0,0.0,0.0,0.0,7244.595089,14.424214,1021.0,3.0,0.0,229.0,0.8023,35.227763,126.819946,35.223395,-0.554739,-0.000179,0.013467,2.014379,-0.003918,-0.13502,0.254,0.002198,0.0,0.0,0.0,0.0,-9999.0,-9999.0,-9999.0,-9999.0,-9999.0,-9999.0,-9999.0,-9999.0,-9999.0,-9999.0,-9999.0,-9999.0,-9999.0,-9999.0
P25_AV0_4_interaction,active_and_state_lat_and_long_zero_last_source_row_continuous_segment,P25,AV0,4,off_ramp,P25_AV0_4,P25_AV0.1.asc,HV4,60,driver_number,18848,1,314133.33,314133.3342,4.0,4.0,28.214243,101.571274,158.0,163.603046,-7261.347591,-0.02189,-0.046329,0.0,28.213698,0.004862,0.0,7261.794582,18.111818,0.055094,1.0,0.0,0.0,0.0,7245.182183,14.429898,1021.0,3.0,0.0,229.0,0.77573,35.227562,126.819223,35.22313,-0.558787,-0.000234,0.030934,1.989103,-0.00287,-0.119634,0.256,0.0,0.0,0.0,0.0,0.0,-9999.0,-9999.0,-9999.0,-9999.0,-9999.0,-9999.0,-9999.0,-9999.0,-9999.0,-9999.0,-9999.0,-9999.0,-9999.0,-9999.0
P25_AV0_4_interaction,active_and_state_lat_and_long_zero_last_source_row_continuous_segment,P25,AV0,4,off_ramp,P25_AV0_4,P25_AV0.1.asc,HV4,60,driver_number,18849,1,314150.0,314150.001,4.0,4.0,28.21388,101.569967,158.0,164.073279,-7261.817169,-0.022018,-0.048291,0.0,28.213332,0.004834,0.0,7262.264092,18.137783,0.055067,1.0,0.0,0.0,0.0,7245.769268,14.436161,1021.0,3.0,0.0,229.0,0.74974,35.22761,126.819398,35.223142,-0.561104,-0.00027,0.035471,1.982621,-0.001782,-0.113668,0.257,0.0,0.0,0.0,0.0,0.0,-9999.0,-9999.0,-9999.0,-9999.0,-9999.0,-9999.0,-9999.0,-9999.0,-9999.0,-9999.0,-9999.0,-9999.0,-9999.0,-9999.0
P25_AV0_4_interaction,active_and_state_lat_and_long_zero_last_source_row_continuous_segment,P25,AV0,4,off_ramp,P25_AV0_4,P25_AV0.1.asc,HV4,60,driver_number,18850,1,314166.67,314166.6676,4.0,4.0,28.213515,101.568655,158.0,164.543506,-7262.286742,-0.028359,-0.046102,0.0,28.2129,0.004793,0.0,7262.733596,18.163734,0.05504,1.0,0.0,0.0,0.0,7246.356346,14.443003,1021.0,3.0,0.0,229.0,0.724328,35.227679,126.819644,35.223202,-0.561597,-0.000289,0.035821,1.985852,-0.000774,-0.113668,0.257,0.0,0.0,0.0,0.0,0.0,-9999.0,-9999.0,-9999.0,-9999.0,-9999.0,-9999.0,-9999.0,-9999.0,-9999.0,-9999.0,-9999.0,-9999.0,-9999.0,-9999.0
P25_AV0_4_interaction,active_and_state_lat_and_long_zero_last_source_row_continuous_segment,P25,AV0,4,off_ramp,P25_AV0_4,P25_AV0.1.asc,HV4,60,driver_number,18851,1,314183.33,314183.3334,4.0,4.0,28.213149,101.567335,158.0,165.013726,-7262.756309,-0.022007,-0.044475,0.0,28.212469,0.004784,0.0,7263.203093,18.189672,0.055014,1.0,0.0,0.0,0.0,7246.943418,14.450421,1021.0,3.0,0.0,229.0,0.699492,35.227755,126.819919,35.223297,-0.560426,-0.000293,0.036126,1.971957,0.00014,-0.108958,0.25975,0.0,0.0,0.0,0.0,0.0,-9999.0,-9999.0,-9999.0,-9999.0,-9999.0,-9999.0,-9999.0,-9999.0,-9999.0,-9999.0,-9999.0,-9999.0,-9999.0,-9999.0
P25_AV0_4_interaction,active_and_state_lat_and_long_zero_last_source_row_continuous_segment,P25,AV0,4,off_ramp,P25_AV0_4,P25_AV0.1.asc,HV4,60,driver_number,18852,1,314200.0,314200.0007,4.0,4.0,28.212664,101.565589,158.0,165.483939,-7263.22587,-0.021899,-0.040844,0.0,28.212104,0.004817,0.0,7263.672584,18.215597,0.054987,1.0,0.0,0.0,0.0,7247.530483,14.458413,1021.0,3.0,0.0,229.0,0.675228,35.227848,126.820253,35.223433,-0.55769,-0.000283,0.03711,1.95564,0.000917,-0.10519,0.25975,0.0,0.0,0.0,0.0,0.0,-9999.0,-9999.0,-9999.0,-9999.0,-9999.0,-9999.0,-9999.0,-9999.0,-9999.0,-9999.0,-9999.0,-9999.0,-9999.0,-9999.0
P25_AV0_4_interaction,active_and_state_lat_and_long_zero_last_source_row_continuous_segment,P25,AV0,4,off_ramp,P25_AV0_4,P25_AV0.1.asc,HV4,60,driver_number,18853,1,314216.67,314216.6675,4.0,4.0,28.212285,101.564227,158.0,165.954146,-7263.695424,-0.026032,-0.040752,0.0,28.211737,0.004851,0.0,7264.14207,18.24151,0.054962,1.0,0.0,0.0,0.0,7248.117542,14.466974,1021.0,3.0,0.0,229.0,0.651533,35.227965,126.820673,35.223616,-0.553506,-0.000262,0.037958,1.932441,0.001527,-0.10048,0.262,0.0,0.0,0.0,0.0,0.0,-9999.0,-9999.0,-9999.0,-9999.0,-9999.0,-9999.0,-9999.0,-9999.0,-9999.0,-9999.0,-9999.0,-9999.0,-9999.0,-9999.0
P25_AV0_4_interaction,active_and_state_lat_and_long_zero_last_source_row_continuous_segment,P25,AV0,4,off_ramp,P25_AV0_4,P25_AV0.1.asc,HV4,60,driver_number,18854,1,314233.33,314233.3344,4.0,4.0,28.211921,101.562916,158.0,166.424346,-7264.164973,-0.022897,-0.034308,0.0,28.211309,0.004887,0.0,7264.611549,18.267412,0.054938,1.0,0.0,0.0,0.0,7248.704593,14.476097,1021.0,3.0,0.0,229.0,0.628401,35.228101,126.821165,35.22384,-0.547917,-0.000231,0.038432,1.914531,0.001995,-0.099538,0.26425,0.0,0.0,0.0,0.0,0.0,-9999.0,-9999.0,-9999.0,-9999.0,-9999.0,-9999.0,-9999.0,-9999.0,-9999.0,-9999.0,-9999.0,-9999.0,-9999.0,-9999.0
P25_AV0_4_interaction,active_and_state_lat_and_long_zero_last_source_row_continuous_segment,P25,AV0,4,off_ramp,P25_AV0_4,P25_AV0.1.asc,HV4,60,driver_number,18855,1,314250.0,314250.0006,4.0,4.0,28.21152,101.561473,158.0,166.89454,-7264.634517,-0.022154,-0.034541,0.0,28.210933,0.004961,0.0,7265.081023,18.293304,0.054915,1.0,0.0,0.0,0.0,7249.291637,14.485778,1021.0,3.0,0.0,229.0,0.605825,35.228254,126.821716,35.224099,-0.541044,-0.000195,0.038815,1.893058,0.002328,-0.098753,0.26575,0.0,0.0,0.0,0.0,0.0,-9999.0,-9999.0,-9999.0,-9999.0,-9999.0,-9999.0,-9999.0,-9999.0,-9999.0,-9999.0,-9999.0,-9999.0,-9999.0,-9999.0
P25_AV0_4_interaction,active_and_state_lat_and_long_zero_last_source_row_continuous_segment,P25,AV0,4,off_ramp,P25_AV0_4,P25_AV0.1.asc,HV4,60,driver_number,18856,1,314266.67,314266.6676,4.0,4.0,28.211118,101.560025,158.0,167.364727,-7265.104054,-0.015302,-0.030858,0.0,28.210595,0.004995,0.0,7265.550491,18.319186,0.054894,1.0,0.0,0.0,0.0,7249.878674,14.496009,1021.0,3.0,0.0,229.0,0.583799,35.22843,126.822349,35.224397,-0.533046,-0.000153,0.039415,1.86687,0.00254,-0.097497,0.26825,0.0,0.0,0.0,0.0,0.0,-9999.0,-9999.0,-9999.0,-9999.0,-9999.0,-9999.0,-9999.0,-9999.0,-9999.0,-9999.0,-9999.0,-9999.0,-9999.0,-9999.0
P25_AV0_4_interaction,active_and_state_lat_and_long_zero_last_source_row_continuous_segment,P25,AV0,4,off_ramp,P25_AV0_4,P25_AV0.1.asc,HV4,60,driver_number,18857,1,314283.33,314283.3338,4.0,4.0,28.210748,101.558693,158.0,167.834907,-7265.573585,-0.021933,-0.025919,0.0,28.210312,0.005026,0.0,7266.019954,18.34506,0.054876,1.0,0.0,1.0,0.0,7250.465704,14.506783,1021.0,3.0,0.0,229.0,0.562315,35.228628,126.823061,35.22473,-0.524077,-0.00011,0.039898,1.837603,0.00265,-0.096241,0.26825,0.0,0.0,0.0,0.0,0.0,-9999.0,-9999.0,-9999.0,-9999.0,-9999.0,-9999.0,-9999.0,-9999.0,-9999.0,-9999.0,-9999.0,-9999.0,-9999.0,-9999.0
P25_AV0_4_interaction,active_and_state_lat_and_long_zero_last_source_row_continuous_segment,P25,AV0,4,off_ramp,P25_AV0_4,P25_AV0.1.asc,HV4,60,driver_number,18858,1,314300.0,314300.0008,4.0,4.0,28.210468,101.557684,158.0,168.305083,-7266.043112,-0.022927,-0.023108,0.0,28.209939,0.005045,0.0,7266.489412,18.370926,0.05486,1.0,0.0,1.0,0.0,7251.052726,14.518089,1021.0,3.0,0.0,229.0,0.541364,35.228866,126.823919,35.225113,-0.514275,-6.5e-05,0.042073,1.804509,0.002677,-0.094514,0.2705,0.0,0.0,0.0,0.0,0.0,-9999.0,-9999.0,-9999.0,-9999.0,-9999.0,-9999.0,-9999.0,-9999.0,-9999.0,-9999.0,-9999.0,-9999.0,-9999.0,-9999.0
P25_AV0_4_interaction,active_and_state_lat_and_long_zero_last_source_row_continuous_segment,P25,AV0,4,off_ramp,P25_AV0_4,P25_AV0.1.asc,HV4,60,driver_number,18859,1,314316.68,314316.6764,4.0,4.0,28.210129,101.556466,158.0,168.775253,-7266.512634,-0.018923,-0.018899,0.0,28.209558,0.005042,0.0,7266.958864,18.396785,0.054847,1.0,0.0,1.0,0.0,7251.639742,14.52992,1021.0,3.0,0.0,229.0,0.520936,35.229159,126.824972,35.225557,-0.503745,-2.1e-05,0.044186,1.773467,0.002657,-0.094514,0.2705,0.0,0.0,0.0,0.0,0.0,-9999.0,-9999.0,-9999.0,-9999.0,-9999.0,-9999.0,-9999.0,-9999.0,-9999.0,-9999.0,-9999.0,-9999.0,-9999.0,-9999.0
P25_AV0_4_interaction,active_and_state_lat_and_long_zero_last_source_row_continuous_segment,P25,AV0,4,off_ramp,P25_AV0_4,P25_AV0.1.asc,HV4,60,driver_number,18860,1,314333.34,314333.3407,4.0,4.0,28.209748,101.555094,158.0,169.245417,-7266.982151,-0.022117,-0.017781,0.0,28.209236,0.004999,0.0,7267.428311,18.422639,0.054837,1.0,0.0,1.0,0.0,7252.226752,14.542264,1021.0,3.0,0.0,229.0,0.501021,35.229502,126.826207,35.226057,-0.492689,2.3e-05,0.046543,1.727503,0.00258,-0.089333,0.27425,0.0,0.0,0.0,0.0,0.0,-9999.0,-9999.0,-9999.0,-9999.0,-9999.0,-9999.0,-9999.0,-9999.0,-9999.0,-9999.0,-9999.0,-9999.0,-9999.0,-9999.0
P25_AV0_4_interaction,active_and_state_lat_and_long_zero_last_source_row_continuous_segment,P25,AV0,4,off_ramp,P25_AV0_4,P25_AV0.1.asc,HV4,60,driver_number,18861,1,314350.0,314350.0007,4.0,4.0,28.2094,101.553839,158.0,169.715575,-7267.451661,-0.034534,-0.014153,0.0,28.208862,0.0049,0.0,7267.897752,18.448489,0.054831,1.0,0.0,1.0,0.0,7252.813757,14.555109,1021.0,3.0,0.0,229.0,0.481607,35.22992,126.827711,35.226633,-0.48118,6.5e-05,0.049711,1.684406,0.002485,-0.085879,0.27675,0.0,0.0,0.0,0.0,0.0,-9999.0,-9999.0,-9999.0,-9999.0,-9999.0,-9999.0,-9999.0,-9999.0,-9999.0,-9999.0,-9999.0,-9999.0,-9999.0,-9999.0
P25_AV0_4_interaction,active_and_state_lat_and_long_zero_last_source_row_continuous_segment,P25,AV0,4,off_ramp,P25_AV0_4,P25_AV0.1.asc,HV4,60,driver_number,18862,1,314366.67,314366.6668,4.0,4.0,28.209052,101.552587,158.0,170.185728,-7267.921167,0.021107,-0.01139,0.0,28.208338,0.004749,0.0,7268.367187,18.474334,0.054829,1.0,0.0,1.0,0.0,7253.400757,14.568445,1021.0,3.0,0.0,229.0,0.462683,35.230389,126.829402,35.227264,-0.469303,0.000105,0.051249,1.638035,0.002294,-0.08164,0.27925,0.0,0.0,0.0,0.0,0.0,-9999.0,-9999.0,-9999.0,-9999.0,-9999.0,-9999.0,-9999.0,-9999.0,-9999.0,-9999.0,-9999.0,-9999.0,-9999.0,-9999.0
P25_AV0_4_interaction,active_and_state_lat_and_long_zero_last_source_row_continuous_segment,P25,AV0,4,off_ramp,P25_AV0_4,P25_AV0.1.asc,HV4,60,driver_number,18863,1,314383.33,314383.3335,4.0,4.0,28.208574,101.550867,158.0,170.655873,-7268.390665,-0.01256,-0.010872,0.0,28.20865,0.004535,0.0,7268.836616,18.500177,0.054829,1.0,0.0,0.0,0.0,7253.987753,14.582256,1021.0,3.0,0.0,229.0,0.444234,35.230917,126.831301,35.227951,-0.457128,0.00014,0.054036,1.591345,0.002011,-0.077715,0.27925,0.0,0.0,0.0,0.0,0.0,-9999.0,-9999.0,-9999.0,-9999.0,-9999.0,-9999.0,-9999.0,-9999.0,-9999.0,-9999.0,-9999.0,-9999.0,-9999.0,-9999.0
P25_AV0_4_interaction,active_and_state_lat_and_long_zero_last_source_row_continuous_segment,P25,AV0,4,off_ramp,P25_AV0_4,P25_AV0.1.asc,HV4,60,driver_number,18864,1,314400.0,314400.0007,4.0,4.0,28.208514,101.550651,158.0,171.126013,-7268.860159,-0.025259,-0.010378,0.0,28.208353,0.004247,0.0,7269.306049,18.526018,0.054833,1.0,0.0,0.0,0.0,7254.574747,14.596531,1021.0,3.0,0.0,229.0,0.426249,35.23152,126.833471,35.228713,-0.444706,0.000169,0.057801,1.542175,0.001526,-0.073162,0.28125,0.0,0.0,0.0,0.0,0.0,-9999.0,-9999.0,-9999.0,-9999.0,-9999.0,-9999.0,-9999.0,-9999.0,-9999.0,-9999.0,-9999.0,-9999.0,-9999.0,-9999.0
P25_AV0_4_interaction,active_and_state_lat_and_long_zero_last_source_row_continuous_segment,P25,AV0,4,off_ramp,P25_AV0_4,P25_AV0.1.asc,HV4,60,driver_number,18865,1,314416.67,314416.6677,4.0,4.0,28.208545,101.550762,158.0,171.596157,-7269.329656,-0.020772,-0.009496,0.0,28.207933,0.003884,0.0,7269.775476,18.551855,0.05484,1.0,0.0,0.0,0.0,7255.16174,14.611256,1021.0,3.0,0.0,229.0,0.408712,35.232202,126.835927,35.229553,-0.432026,0.000189,0.061108,1.503553,0.000937,-0.073162,0.28125,0.0,0.0,0.0,0.0,0.0,-9999.0,-9999.0,-9999.0,-9999.0,-9999.0,-9999.0,-9999.0,-9999.0,-9999.0,-9999.0,-9999.0,-9999.0,-9999.0,-9999.0
P25_AV0_4_interaction,active_and_state_lat_and_long_zero_last_source_row_continuous_segment,P25,AV0,4,off_ramp,P25_AV0_4,P25_AV0.1.asc,HV4,60,driver_number,18866,1,314433.33,314433.3335,4.0,4.0,28.208143,101.549313,158.0,172.066294,-7269.799147,-0.019356,-0.007458,0.0,28.207584,0.003478,0.0,7270.244896,18.577691,0.054849,1.0,0.0,0.0,0.0,7255.748733,14.626417,1021.0,3.0,0.0,229.0,0.39161,35.232967,126.838681,35.230472,-0.419258,0.000199,0.065439,1.444292,0.000366,-0.065155,0.2875,0.0,0.0,0.0,0.0,0.0,-9999.0,-9999.0,-9999.0,-9999.0,-9999.0,-9999.0,-9999.0,-9999.0,-9999.0,-9999.0,-9999.0,-9999.0,-9999.0,-9999.0
P25_AV0_4_interaction,active_and_state_lat_and_long_zero_last_source_row_continuous_segment,P25,AV0,4,off_ramp,P25_AV0_4,P25_AV0.1.asc,HV4,60,driver_number,18867,1,314450.0,314450.001,4.0,4.0,28.20776,101.547935,158.0,172.536425,-7270.268632,-0.01998,-0.005049,0.0,28.207284,0.003057,0.0,7270.714311,18.603524,0.05486,1.0,0.0,0.0,0.0,7256.335727,14.641999,1021.0,3.0,0.0,229.0,0.37493,35.233804,126.841694,35.23146,-0.406374,0.000199,0.067519,1.394505,-0.000158,-0.061073,0.29025,0.0,0.0,0.0,0.0,0.0,-9999.0,-9999.0,-9999.0,-9999.0,-9999.0,-9999.0,-9999.0,-9999.0,-9999.0,-9999.0,-9999.0,-9999.0,-9999.0,-9999.0
P25_AV0_4_interaction,active_and_state_lat_and_long_zero_last_source_row_continuous_segment,P25,AV0,4,off_ramp,P25_AV0_4,P25_AV0.1.asc,HV4,60,driver_number,18868,1,314466.67,314466.6673,4.0,4.0,28.207423,101.546723,158.0,173.00655,-7270.738111,-0.016804,-0.002663,0.0,28.206957,0.002632,0.0,7271.183721,18.629355,0.054873,1.0,0.0,0.0,0.0,7256.922724,14.657989,1021.0,3.0,0.0,229.0,0.358657,35.234699,126.844915,35.232502,-0.393398,0.000192,0.07054,1.345084,-0.000605,-0.057305,0.293,0.0,0.0,0.0,0.0,0.0,-9999.0,-9999.0,-9999.0,-9999.0,-9999.0,-9999.0,-9999.0,-9999.0,-9999.0,-9999.0,-9999.0,-9999.0,-9999.0,-9999.0
P25_AV0_4_interaction,active_and_state_lat_and_long_zero_last_source_row_continuous_segment,P25,AV0,4,off_ramp,P25_AV0_4,P25_AV0.1.asc,HV4,60,driver_number,18869,1,314483.33,314483.3334,4.0,4.0,28.207117,101.545622,158.0,173.47667,-7271.207586,-0.026272,-0.003318,0.0,28.206617,0.002197,0.0,7271.653125,18.655185,0.054886,1.0,0.0,0.0,0.0,7257.509724,14.674373,1021.0,3.0,0.0,229.0,0.342776,35.235652,126.848348,35.2336,-0.380304,0.000178,0.072565,1.3047,-0.000984,-0.057305,0.293,0.0,0.0,0.0,0.0,0.0,-9999.0,-9999.0,-9999.0,-9999.0,-9999.0,-9999.0,-9999.0,-9999.0,-9999.0,-9999.0,-9999.0,-9999.0,-9999.0,-9999.0
P25_AV0_4_interaction,active_and_state_lat_and_long_zero_last_source_row_continuous_segment,P25,AV0,4,off_ramp,P25_AV0_4,P25_AV0.1.asc,HV4,60,driver_number,18870,1,314500.0,314500.001,4.0,4.0,28.206817,101.544542,158.0,173.946785,-7271.677055,-0.019799,-0.001672,0.0,28.206195,0.001751,0.0,7272.122524,18.681015,0.054901,1.0,0.0,0.0,0.0,7258.09673,14.691136,1021.0,3.0,0.0,229.0,0.327274,35.236679,126.852046,35.234766,-0.367222,0.000159,0.07693,1.250043,-0.001255,-0.051653,0.29625,0.0,0.0,0.0,0.0,0.0,-9999.0,-9999.0,-9999.0,-9999.0,-9999.0,-9999.0,-9999.0,-9999.0,-9999.0,-9999.0,-9999.0,-9999.0,-9999.0,-9999.0
P25_AV0_4_interaction,active_and_state_lat_and_long_zero_last_source_row_continuous_segment,P25,AV0,4,off_ramp,P25_AV0_4,P25_AV0.1.asc,HV4,60,driver_number,18871,1,314516.67,314516.6675,4.0,4.0,28.206398,101.543035,158.0,174.416893,-7272.146518,-0.018747,0.000425,0.0,28.205861,0.001308,0.0,7272.591916,18.706843,0.054915,1.0,0.0,0.0,0.0,7258.683741,14.708265,1021.0,3.0,0.0,229.0,0.312137,35.237798,126.856073,35.236019,-0.354098,0.000136,0.081479,1.209433,-0.001458,-0.051653,0.29625,0.0,0.0,0.0,0.0,0.0,-9999.0,-9999.0,-9999.0,-9999.0,-9999.0,-9999.0,-9999.0,-9999.0,-9999.0,-9999.0,-9999.0,-9999.0,-9999.0,-9999.0
P25_AV0_4_interaction,active_and_state_lat_and_long_zero_last_source_row_continuous_segment,P25,AV0,4,off_ramp,P25_AV0_4,P25_AV0.1.asc,HV4,60,driver_number,18872,1,314533.33,314533.3334,4.0,4.0,28.20603,101.541708,158.0,174.886995,-7272.615975,-0.015706,0.002032,0.0,28.20557,0.000899,0.0,7273.061302,18.732671,0.05493,1.0,0.0,0.0,0.0,7259.270761,14.725746,1021.0,3.0,0.0,229.0,0.297351,35.239009,126.860431,35.237359,-0.340993,0.00011,0.086141,1.164493,-0.001575,-0.049926,0.29975,0.0,0.0,0.0,0.0,0.0,-9999.0,-9999.0,-9999.0,-9999.0,-9999.0,-9999.0,-9999.0,-9999.0,-9999.0,-9999.0,-9999.0,-9999.0,-9999.0,-9999.0
P25_AV0_4_interaction,active_and_state_lat_and_long_zero_last_source_row_continuous_segment,P25,AV0,4,off_ramp,P25_AV0_4,P25_AV0.1.asc,HV4,60,driver_number,18873,1,314550.0,314550.0014,4.0,4.0,28.205705,101.540538,158.0,175.357091,-7273.085426,-0.019738,0.002048,0.0,28.205308,0.000509,0.0,7273.530684,18.758499,0.054945,1.0,0.0,0.0,0.0,7259.857791,14.743566,1021.0,3.0,0.0,229.0,0.282902,35.240288,126.865035,35.238762,-0.327938,8.3e-05,0.088192,1.122452,-0.001623,-0.049298,0.30325,0.0,0.0,0.0,0.0,0.0,-9999.0,-9999.0,-9999.0,-9999.0,-9999.0,-9999.0,-9999.0,-9999.0,-9999.0,-9999.0,-9999.0,-9999.0,-9999.0,-9999.0
P25_AV0_4_interaction,active_and_state_lat_and_long_zero_last_source_row_continuous_segment,P25,AV0,4,off_ramp,P25_AV0_4,P25_AV0.1.asc,HV4,60,driver_number,18874,1,314566.67,314566.6672,4.0,4.0,28.205439,101.53958,158.0,175.827183,-7273.554873,-0.016647,0.007066,0.0,28.204984,0.000195,0.0,7274.000061,18.784326,0.054958,1.0,0.0,0.0,0.0,7260.444832,14.761712,1021.0,3.0,0.0,229.0,0.26878,35.241615,126.869814,35.240207,-0.314976,5.6e-05,0.090784,1.082249,-0.001612,-0.049298,0.31275,0.0,0.0,0.0,0.0,0.0,-9999.0,-9999.0,-9999.0,-9999.0,-9999.0,-9999.0,-9999.0,-9999.0,-9999.0,-9999.0,-9999.0,-9999.0,-9999.0,-9999.0
P25_AV0_4_interaction,active_and_state_lat_and_long_zero_last_source_row_continuous_segment,P25,AV0,4,off_ramp,P25_AV0_4,P25_AV0.1.asc,HV4,60,driver_number,18875,1,314583.33,314583.3341,4.0,4.0,28.205143,101.538516,158.0,176.29727,-7274.024315,-0.023647,0.009361,0.0,28.204712,-6.6e-05,0.0,7274.469432,18.810155,0.054972,1.0,0.0,0.0,0.0,7261.031885,14.780173,1021.0,3.0,0.0,229.0,0.25497,35.242994,126.87478,35.241699,-0.302177,3e-05,0.093404,1.042487,-0.001555,-0.049298,0.31275,0.0,0.0,0.0,0.0,0.0,-9999.0,-9999.0,-9999.0,-9999.0,-9999.0,-9999.0,-9999.0,-9999.0,-9999.0,-9999.0,-9999.0,-9999.0,-9999.0,-9999.0
P25_AV0_4_interaction,active_and_state_lat_and_long_zero_last_source_row_continuous_segment,P25,AV0,4,off_ramp,P25_AV0_4,P25_AV0.1.asc,HV4,60,driver_number,18876,1,314600.0,314600.0008,4.0,4.0,28.204845,101.537444,158.0,176.767352,-7274.493752,-0.019504,0.010828,0.0,28.204266,-0.000287,0.0,7274.938799,18.835986,0.054985,1.0,0.0,0.0,0.0,7261.618951,14.798935,1021.0,3.0,0.0,229.0,0.24146,35.244475,126.880109,35.243285,-0.289603,5e-06,0.099959,1.003366,-0.001456,-0.049298,0.31275,0.0,0.0,0.0,0.0,0.0,-9999.0,-9999.0,-9999.0,-9999.0,-9999.0,-9999.0,-9999.0,-9999.0,-9999.0,-9999.0,-9999.0,-9999.0,-9999.0,-9999.0
P25_AV0_4_interaction,active_and_state_lat_and_long_zero_last_source_row_continuous_segment,P25,AV0,4,off_ramp,P25_AV0_4,P25_AV0.1.asc,HV4,60,driver_number,18877,1,314616.67,314616.6674,4.0,4.0,28.204515,101.536254,158.0,177.237429,-7274.963184,-0.018623,0.012014,0.0,28.203988,-0.000478,0.0,7275.408158,18.861819,0.054998,1.0,0.0,0.0,0.0,7262.206033,14.817987,1021.0,3.0,0.0,229.0,0.22824,35.246067,126.885842,35.244976,-0.27731,-1.8e-05,0.10565,0.965067,-0.001323,-0.049926,0.3245,0.0,0.0,0.0,0.0,0.0,-9999.0,-9999.0,-9999.0,-9999.0,-9999.0,-9999.0,-9999.0,-9999.0,-9999.0,-9999.0,-9999.0,-9999.0,-9999.0,-9999.0
P25_AV0_4_interaction,active_and_state_lat_and_long_zero_last_source_row_continuous_segment,P25,AV0,4,off_ramp,P25_AV0_4,P25_AV0.1.asc,HV4,60,driver_number,18878,1,314633.33,314633.3342,4.0,4.0,28.204103,101.534772,158.0,177.707499,-7275.432608,-0.016906,0.013095,0.0,28.203712,-0.000645,0.0,7275.877513,18.887654,0.055011,1.0,0.0,0.0,0.0,7262.793131,14.837318,1021.0,3.0,0.0,229.0,0.215297,35.24776,126.891936,35.246761,-0.265346,-3.8e-05,0.110913,0.927969,-0.001162,-0.050397,0.3295,0.0,0.0,0.0,0.0,0.0,-9999.0,-9999.0,-9999.0,-9999.0,-9999.0,-9999.0,-9999.0,-9999.0,-9999.0,-9999.0,-9999.0,-9999.0,-9999.0,-9999.0
P25_AV0_4_interaction,active_and_state_lat_and_long_zero_last_source_row_continuous_segment,P25,AV0,4,off_ramp,P25_AV0_4,P25_AV0.1.asc,HV4,60,driver_number,18879,1,314650.0,314650.0001,4.0,4.0,28.203833,101.533798,158.0,178.177564,-7275.902029,-0.019379,0.013631,0.0,28.203388,-0.000775,0.0,7276.346863,18.913493,0.055024,1.0,0.0,0.0,0.0,7263.380249,14.856916,1021.0,3.0,0.0,229.0,0.202619,35.249523,126.898284,35.24861,-0.253746,-5.6e-05,0.113182,0.892868,-0.000986,-0.050868,0.33325,0.0,0.0,0.0,0.0,0.0,-9999.0,-9999.0,-9999.0,-9999.0,-9999.0,-9999.0,-9999.0,-9999.0,-9999.0,-9999.0,-9999.0,-9999.0,-9999.0,-9999.0
P25_AV0_4_interaction,active_and_state_lat_and_long_zero_last_source_row_continuous_segment,P25,AV0,4,off_ramp,P25_AV0_4,P25_AV0.1.asc,HV4,60,driver_number,18880,1,314666.67,314666.6691,4.0,4.0,28.203571,101.532855,158.0,178.647625,-7276.371444,-0.006259,0.014886,0.0,28.203187,-0.000909,0.0,7276.816207,18.939335,0.055037,1.0,0.0,0.0,0.0,7263.967388,14.876771,1021.0,3.0,0.0,229.0,0.190196,35.251344,126.904838,35.250509,-0.242546,-7.1e-05,0.11708,0.858568,-0.000806,-0.051182,0.3365,0.0,0.0,0.0,0.0,0.0,-9999.0,-9999.0,-9999.0,-9999.0,-9999.0,-9999.0,-9999.0,-9999.0,-9999.0,-9999.0,-9999.0,-9999.0,-9999.0,-9999.0
P25_AV0_4_interaction,active_and_state_lat_and_long_zero_last_source_row_continuous_segment,P25,AV0,4,off_ramp,P25_AV0_4,P25_AV0.1.asc,HV4,60,driver_number,18881,1,314683.33,314683.3341,4.0,4.0,28.203226,101.531614,158.0,179.11768,-7276.840854,-0.015951,0.018404,0.0,28.20302,-0.000991,0.0,7277.285549,18.965181,0.055049,1.0,0.0,0.0,0.0,7264.554549,14.896871,1021.0,3.0,0.0,229.0,0.178018,35.25323,126.911629,35.252468,-0.231781,-8.2e-05,0.120493,0.82594,-0.000634,-0.051653,0.3365,0.0,0.0,0.0,0.0,0.0,-9999.0,-9999.0,-9999.0,-9999.0,-9999.0,-9999.0,-9999.0,-9999.0,-9999.0,-9999.0,-9999.0,-9999.0,-9999.0,-9999.0
P25_AV0_4_interaction,active_and_state_lat_and_long_zero_last_source_row_continuous_segment,P25,AV0,4,off_ramp,P25_AV0_4,P25_AV0.1.asc,HV4,60,driver_number,18882,1,314700.0,314700.0002,4.0,4.0,28.203134,101.531284,158.0,179.587733,-7277.310261,-0.01643,0.018392,0.0,28.20275,-0.001058,0.0,7277.754887,18.991032,0.055062,1.0,0.0,0.0,0.0,7265.141732,14.917208,1021.0,3.0,0.0,229.0,0.166074,35.255203,126.91873,35.254507,-0.221476,-9.1e-05,0.125878,0.795081,-0.000468,-0.052281,0.33875,0.0,0.0,0.0,0.0,0.0,-9999.0,-9999.0,-9999.0,-9999.0,-9999.0,-9999.0,-9999.0,-9999.0,-9999.0,-9999.0,-9999.0,-9999.0,-9999.0,-9999.0
P25_AV0_4_interaction,active_and_state_lat_and_long_zero_last_source_row_continuous_segment,P25,AV0,4,off_ramp,P25_AV0_4,P25_AV0.1.asc,HV4,60,driver_number,18883,1,314716.67,314716.6673,4.0,4.0,28.202887,101.530393,158.0,180.057782,-7277.779665,-0.016262,0.017154,0.0,28.202477,-0.001133,0.0,7278.22422,19.016887,0.055075,1.0,0.0,1.0,0.0,7265.728941,14.937771,1021.0,3.0,0.0,229.0,0.154356,35.257282,126.926215,35.256647,-0.211664,-9.7e-05,0.132327,0.76412,-0.000306,-0.052281,0.33875,0.0,0.0,0.0,0.0,0.0,-9999.0,-9999.0,-9999.0,-9999.0,-9999.0,-9999.0,-9999.0,-9999.0,-9999.0,-9999.0,-9999.0,-9999.0,-9999.0,-9999.0
P25_AV0_4_interaction,active_and_state_lat_and_long_zero_last_source_row_continuous_segment,P25,AV0,4,off_ramp,P25_AV0_4,P25_AV0.1.asc,HV4,60,driver_number,18884,1,314733.33,314733.3335,4.0,4.0,28.202613,101.529407,158.0,180.527826,-7278.249064,-0.016181,0.020411,0.0,28.202206,-0.00123,0.0,7278.693548,19.042747,0.055089,1.0,0.0,1.0,0.0,7266.316177,14.958552,1021.0,3.0,0.0,229.0,0.142853,35.259525,126.93429,35.258944,-0.20236,-0.000101,0.143294,0.735845,-0.000149,-0.052752,0.345,0.0,0.0,0.0,0.0,0.0,-9999.0,-9999.0,-9999.0,-9999.0,-9999.0,-9999.0,-9999.0,-9999.0,-9999.0,-9999.0,-9999.0,-9999.0,-9999.0,-9999.0
P25_AV0_4_interaction,active_and_state_lat_and_long_zero_last_source_row_continuous_segment,P25,AV0,4,off_ramp,P25_AV0_4,P25_AV0.1.asc,HV4,60,driver_number,18885,1,314750.0,314750.0002,4.0,4.0,28.202341,101.528429,158.0,180.997867,-7278.718458,-0.023148,0.019263,0.0,28.201904,-0.001284,0.0,7279.162871,19.068612,0.055103,1.0,0.0,1.0,0.0,7266.903443,14.979542,1021.0,3.0,0.0,229.0,0.131556,35.2619,126.942841,35.261369,-0.193591,-0.000102,0.148039,0.708336,7e-06,-0.052909,0.34875,0.0,0.0,0.0,0.0,0.0,-9999.0,-9999.0,-9999.0,-9999.0,-9999.0,-9999.0,-9999.0,-9999.0,-9999.0,-9999.0,-9999.0,-9999.0,-9999.0,-9999.0
P25_AV0_4_interaction,active_and_state_lat_and_long_zero_last_source_row_continuous_segment,P25,AV0,4,off_ramp,P25_AV0_4,P25_AV0.1.asc,HV4,60,driver_number,18886,1,314766.67,314766.6731,4.0,4.0,28.202071,101.527457,158.0,181.467902,-7279.187848,-0.019737,0.020188,0.0,28.201514,-0.001349,0.0,7279.632189,19.094482,0.055117,1.0,0.0,1.0,0.0,7267.49074,15.000732,1021.0,3.0,0.0,229.0,0.120459,35.264333,126.951599,35.263846,-0.185357,-0.0001,0.151957,0.682816,0.000157,-0.053223,0.3535,0.0,0.0,0.0,0.0,0.0,-9999.0,-9999.0,-9999.0,-9999.0,-9999.0,-9999.0,-9999.0,-9999.0,-9999.0,-9999.0,-9999.0,-9999.0,-9999.0,-9999.0
P25_AV0_4_interaction,active_and_state_lat_and_long_zero_last_source_row_continuous_segment,P25,AV0,4,off_ramp,P25_AV0_4,P25_AV0.1.asc,HV4,60,driver_number,18887,1,314783.33,314783.3342,4.0,4.0,28.201712,101.526161,158.0,181.937932,-7279.657232,-0.019457,0.021136,0.0,28.201213,-0.00141,0.0,7280.1015,19.120357,0.055131,1.0,0.0,1.0,0.0,7268.078072,15.022116,1021.0,3.0,0.0,229.0,0.109553,35.266929,126.960944,35.266481,-0.177662,-9.6e-05,0.163873,0.658116,0.000294,-0.053223,0.3535,0.0,0.0,0.0,0.0,0.0,-9999.0,-9999.0,-9999.0,-9999.0,-9999.0,-9999.0,-9999.0,-9999.0,-9999.0,-9999.0,-9999.0,-9999.0,-9999.0,-9999.0
P25_AV0_4_interaction,active_and_state_lat_and_long_zero_last_source_row_continuous_segment,P25,AV0,4,off_ramp,P25_AV0_4,P25_AV0.1.asc,HV4,60,driver_number,18888,1,314800.0,314800.0001,4.0,4.0,28.201349,101.524857,158.0,182.407956,-7280.126609,-0.070257,0.02424,0.0,28.200645,-0.001483,0.0,7280.570806,19.146238,0.055146,1.0,0.0,1.0,0.0,7268.665439,15.043685,1021.0,3.0,0.0,229.0,0.09883,35.269712,126.970963,35.2693,-0.170501,-9e-05,0.17418,0.636565,0.000415,-0.053851,0.35975,0.0,0.0,0.0,0.0,0.0,-9999.0,-9999.0,-9999.0,-9999.0,-9999.0,-9999.0,-9999.0,-9999.0,-9999.0,-9999.0,-9999.0,-9999.0,-9999.0,-9999.0
P25_AV0_4_interaction,active_and_state_lat_and_long_zero_last_source_row_continuous_segment,P25,AV0,4,off_ramp,P25_AV0_4,P25_AV0.1.asc,HV4,60,driver_number,18889,1,314816.67,314816.6667,4.0,4.0,28.201051,101.523782,158.0,182.877975,-7280.595981,-0.033817,0.024595,0.0,28.19966,-0.001522,0.0,7281.040098,19.172125,0.055162,1.0,0.0,1.0,0.0,7269.252847,15.065434,1021.0,3.0,0.0,229.0,0.088284,35.27265,126.981542,35.27227,-0.163874,-8.2e-05,0.182441,0.615037,0.000535,-0.053851,0.35975,0.0,0.0,0.0,0.0,0.0,-9999.0,-9999.0,-9999.0,-9999.0,-9999.0,-9999.0,-9999.0,-9999.0,-9999.0,-9999.0,-9999.0,-9999.0,-9999.0,-9999.0
P25_AV0_4_interaction,active_and_state_lat_and_long_zero_last_source_row_continuous_segment,P25,AV0,4,off_ramp,P25_AV0_4,P25_AV0.1.asc,HV4,60,driver_number,18890,1,314833.34,314833.342,4.0,4.0,28.20006,101.520215,158.0,183.347981,-7281.06534,-0.013653,0.024664,0.0,28.199189,-0.00156,0.0,7281.509377,19.198018,0.055178,1.0,0.0,1.0,0.0,7269.840296,15.087355,1021.0,3.0,0.0,229.0,0.077908,35.275714,126.99257,35.275361,-0.157762,-7.2e-05,0.189173,0.597794,0.000642,-0.05495,0.3785,0.0,0.0,0.0,0.0,0.0,-9999.0,-9999.0,-9999.0,-9999.0,-9999.0,-9999.0,-9999.0,-9999.0,-9999.0,-9999.0,-9999.0,-9999.0,-9999.0,-9999.0
P25_AV0_4_interaction,active_and_state_lat_and_long_zero_last_source_row_continuous_segment,P25,AV0,4,off_ramp,P25_AV0_4,P25_AV0.1.asc,HV4,60,driver_number,18891,1,314850.0,314850.0012,4.0,4.0,28.199378,101.517761,158.0,183.817973,-7281.534685,-0.012387,0.026896,0.0,28.198975,-0.001615,0.0,7281.978648,19.223917,0.055195,1.0,0.0,1.0,0.0,7270.427791,15.109445,1021.0,3.0,0.0,229.0,0.067697,35.278856,127.00388,35.278527,-0.152162,-6e-05,0.191927,0.581299,0.000736,-0.055735,0.389,0.0,0.0,0.0,0.0,0.0,-9999.0,-9999.0,-9999.0,-9999.0,-9999.0,-9999.0,-9999.0,-9999.0,-9999.0,-9999.0,-9999.0,-9999.0,-9999.0,-9999.0
P25_AV0_4_interaction,active_and_state_lat_and_long_zero_last_source_row_continuous_segment,P25,AV0,4,off_ramp,P25_AV0_4,P25_AV0.1.asc,HV4,60,driver_number,18892,1,314866.67,314866.6673,4.0,4.0,28.199076,101.516672,158.0,184.287958,-7282.004023,-0.013611,0.030334,0.0,28.198763,-0.001657,0.0,7282.447916,19.249823,0.055212,1.0,0.0,1.0,0.0,7271.015331,15.131696,1021.0,3.0,0.0,229.0,0.057646,35.282042,127.015351,35.281735,-0.147066,-4.7e-05,0.19483,0.567114,0.000809,-0.056834,0.398,0.0,0.0,0.0,0.0,0.0,-9999.0,-9999.0,-9999.0,-9999.0,-9999.0,-9999.0,-9999.0,-9999.0,-9999.0,-9999.0,-9999.0,-9999.0,-9999.0,-9999.0
P25_AV0_4_interaction,active_and_state_lat_and_long_zero_last_source_row_continuous_segment,P25,AV0,4,off_ramp,P25_AV0_4,P25_AV0.1.asc,HV4,60,driver_number,18893,1,314883.33,314883.3338,4.0,4.0,28.198872,101.51594,158.0,184.757941,-7282.473357,-0.007274,0.031547,0.0,28.198566,-0.00169,0.0,7282.917179,19.275738,0.055231,1.0,0.0,1.0,0.0,7271.602918,15.154106,1021.0,3.0,0.0,229.0,0.04775,35.285272,127.026979,35.284984,-0.142464,-3.3e-05,0.19753,0.554451,0.000858,-0.057933,0.398,0.0,0.0,0.0,0.0,0.0,-9999.0,-9999.0,-9999.0,-9999.0,-9999.0,-9999.0,-9999.0,-9999.0,-9999.0,-9999.0,-9999.0,-9999.0,-9999.0,-9999.0
P25_AV0_4_interaction,active_and_state_lat_and_long_zero_last_source_row_continuous_segment,P25,AV0,4,off_ramp,P25_AV0_4,P25_AV0.1.asc,HV4,60,driver_number,18894,1,314900.0,314900.0009,4.0,4.0,28.19865,101.51514,158.0,185.227919,-7282.942688,-0.014087,0.030626,0.0,28.198415,-0.001723,0.0,7283.386439,19.301661,0.055251,1.0,0.0,1.0,0.0,7272.190554,15.176669,1021.0,3.0,0.0,229.0,0.038004,35.288592,127.038932,35.288321,-0.13837,-1.9e-05,0.203784,0.540582,0.000896,-0.057933,0.398,0.0,0.0,0.0,0.0,0.0,-9999.0,-9999.0,-9999.0,-9999.0,-9999.0,-9999.0,-9999.0,-9999.0,-9999.0,-9999.0,-9999.0,-9999.0,-9999.0,-9999.0
P25_AV0_4_interaction,active_and_state_lat_and_long_zero_last_source_row_continuous_segment,P25,AV0,4,off_ramp,P25_AV0_4,P25_AV0.1.asc,HV4,60,driver_number,18895,1,314916.67,314916.6699,4.0,4.0,28.198505,101.514618,158.0,185.697895,-7283.412015,-0.00435,0.032572,0.0,28.198205,-0.001798,0.0,7283.855696,19.327592,0.055272,1.0,0.0,1.0,0.0,7272.778239,15.199382,1021.0,3.0,0.0,229.0,0.028406,35.292017,127.051262,35.29176,-0.134768,-4e-06,0.210155,0.530183,0.000919,-0.058718,0.407,0.0,0.0,0.0,0.0,0.0,-9999.0,-9999.0,-9999.0,-9999.0,-9999.0,-9999.0,-9999.0,-9999.0,-9999.0,-9999.0,-9999.0,-9999.0,-9999.0,-9999.0
P25_AV0_4_interaction,active_and_state_lat_and_long_zero_last_source_row_continuous_segment,P25,AV0,4,off_ramp,P25_AV0_4,P25_AV0.1.asc,HV4,60,driver_number,18896,1,314933.33,314933.3343,4.0,4.0,28.198298,101.513873,158.0,186.167867,-7283.881338,-0.017262,0.031535,0.0,28.198067,-0.001888,0.0,7284.324949,19.353533,0.055294,1.0,0.0,1.0,0.0,7273.365975,15.222243,1021.0,3.0,0.0,229.0,0.018952,35.29556,127.064017,35.295315,-0.131647,1.2e-05,0.217582,0.520865,0.000939,-0.059346,0.415,0.0,0.0,0.0,0.0,0.0,-9999.0,-9999.0,-9999.0,-9999.0,-9999.0,-9999.0,-9999.0,-9999.0,-9999.0,-9999.0,-9999.0,-9999.0,-9999.0,-9999.0
P25_AV0_4_interaction,active_and_state_lat_and_long_zero_last_source_row_continuous_segment,P25,AV0,4,off_ramp,P25_AV0_4,P25_AV0.1.asc,HV4,60,driver_number,18897,1,314950.03,314950.0298,4.0,4.0,28.198169,101.513408,158.0,186.637837,-7284.350659,-0.015845,0.031653,0.0,28.197787,-0.002017,0.0,7284.794199,19.379482,0.055317,1.0,0.0,1.0,0.0,7273.953765,15.245247,1021.0,3.0,0.0,229.0,0.009639,35.299204,127.077133,35.298968,-0.128992,2.8e-05,0.223345,0.512979,0.000952,-0.059974,0.4235,0.0,0.0,0.0,0.0,0.0,-9999.0,-9999.0,-9999.0,-9999.0,-9999.0,-9999.0,-9999.0,-9999.0,-9999.0,-9999.0,-9999.0,-9999.0,-9999.0,-9999.0
P25_AV0_4_interaction,active_and_state_lat_and_long_zero_last_source_row_continuous_segment,P25,AV0,4,off_ramp,P25_AV0_4,P25_AV0.1.asc,HV4,60,driver_number,18898,1,314966.67,314966.6674,4.0,4.0,28.197923,101.512522,158.0,187.107803,-7284.819976,-0.015624,0.029467,0.0,28.197524,-0.002175,0.0,7285.263443,19.40544,0.055341,1.0,0.0,1.0,0.0,7274.54161,15.268393,1021.0,3.0,0.0,229.0,0.000464,35.302971,127.090694,35.302743,-0.1268,4.4e-05,0.23,0.504918,0.000965,-0.059974,0.4235,0.0,0.0,0.0,0.0,0.0,-9999.0,-9999.0,-9999.0,-9999.0,-9999.0,-9999.0,-9999.0,-9999.0,-9999.0,-9999.0,-9999.0,-9999.0,-9999.0,-9999.0
P25_AV0_4_interaction,active_and_state_lat_and_long_zero_last_source_row_continuous_segment,P25,AV0,4,off_ramp,P25_AV0_4,P25_AV0.1.asc,HV4,60,driver_number,18899,1,314983.33,314983.3335,4.0,4.0,28.197655,101.511558,158.0,187.577765,-7285.289288,-0.01567,0.028721,0.0,28.197264,-0.002372,0.0,7285.732683,19.431407,0.055366,1.0,0.0,1.0,0.0,7275.129512,15.291679,1021.0,3.0,0.0,229.0,-0.008574,35.306813,127.104527,35.306592,-0.124995,6e-05,0.235557,0.504036,0.00096,-0.062329,0.42575,0.0,0.0,0.0,0.0,0.0,-9999.0,-9999.0,-9999.0,-9999.0,-9999.0,-9999.0,-9999.0,-9999.0,-9999.0,-9999.0,-9999.0,-9999.0,-9999.0,-9999.0
P25_AV0_4_interaction,active_and_state_lat_and_long_zero_last_source_row_continuous_segment,P25,AV0,4,off_ramp,P25_AV0_4,P25_AV0.1.asc,HV4,60,driver_number,18900,1,315000.0,315000.001,4.0,4.0,28.197394,101.510619,158.0,188.047723,-7285.758595,-0.015781,0.025192,0.0,28.197002,-0.002574,0.0,7286.201918,19.457381,0.05539,1.0,0.0,1.0,0.0,7275.717473,15.315103,1021.0,3.0,0.0,229.0,-0.017478,35.310899,127.119236,35.310683,-0.123568,7.6e-05,0.254558,0.503545,0.000947,-0.06437,0.4285,0.0,0.0,0.0,0.0,0.0,-9999.0,-9999.0,-9999.0,-9999.0,-9999.0,-9999.0,-9999.0,-9999.0,-9999.0,-9999.0,-9999.0,-9999.0,-9999.0,-9999.0
P25_AV0_4_interaction,active_and_state_lat_and_long_zero_last_source_row_continuous_segment,P25,AV0,4,off_ramp,P25_AV0_4,P25_AV0.1.asc,HV4,60,driver_number,18901,1,315016.67,315016.6674,4.0,4.0,28.197133,101.509679,158.0,188.517676,-7286.227898,-0.015901,0.026657,0.0,28.196738,-0.002812,0.0,7286.671148,19.483362,0.055413,1.0,0.0,1.0,0.0,7276.305496,15.338665,1021.0,3.0,0.0,229.0,-0.026247,35.315306,127.135102,35.315094,-0.122507,9.1e-05,0.273836,0.503829,0.000939,-0.066254,0.4325,0.0,0.0,0.0,0.0,0.0,-9999.0,-9999.0,-9999.0,-9999.0,-9999.0,-9999.0,-9999.0,-9999.0,-9999.0,-9999.0,-9999.0,-9999.0,-9999.0,-9999.0
P25_AV0_4_interaction,active_and_state_lat_and_long_zero_last_source_row_continuous_segment,P25,AV0,4,off_ramp,P25_AV0_4,P25_AV0.1.asc,HV4,60,driver_number,18902,1,315033.33,315033.3335,4.0,4.0,28.196871,101.508734,158.0,188.987625,-7286.697196,-0.022993,0.024352,0.0,28.196441,-0.003017,0.0,7287.140374,19.50935,0.055436,1.0,0.0,1.0,0.0,7276.893587,15.362365,1021.0,3.0,0.0,229.0,-0.034883,35.320021,127.152076,35.319811,-0.121842,0.000107,0.29161,0.500554,0.000962,-0.066254,0.4325,0.0,0.0,0.0,0.0,0.0,-9999.0,-9999.0,-9999.0,-9999.0,-9999.0,-9999.0,-9999.0,-9999.0,-9999.0,-9999.0,-9999.0,-9999.0,-9999.0,-9999.0
P25_AV0_4_interaction,active_and_state_lat_and_long_zero_last_source_row_continuous_segment,P25,AV0,4,off_ramp,P25_AV0_4,P25_AV0.1.asc,HV4,60,driver_number,18903,1,315050.0,315050.0002,4.0,4.0,28.196606,101.507781,158.0,189.45757,-7287.166489,-0.019669,0.022074,0.0,28.196052,-0.003207,0.0,7287.609593,19.535345,0.055457,1.0,0.0,0.0,0.0,7277.481751,15.386202,1021.0,3.0,0.0,229.0,-0.043385,35.324939,127.169779,35.32473,-0.121518,0.000123,0.299119,0.506199,0.000993,-0.069394,0.4435,0.0,0.0,0.0,0.0,0.0,-9999.0,-9999.0,-9999.0,-9999.0,-9999.0,-9999.0,-9999.0,-9999.0,-9999.0,-9999.0,-9999.0,-9999.0,-9999.0,-9999.0
P25_AV0_4_interaction,active_and_state_lat_and_long_zero_last_source_row_continuous_segment,P25,AV0,4,off_ramp,P25_AV0_4,P25_AV0.1.asc,HV4,60,driver_number,18904,1,315066.67,315066.6675,4.0,4.0,28.196249,101.506496,158.0,189.927509,-7287.635777,-0.015583,0.023626,0.0,28.195752,-0.003388,0.0,7288.078806,19.561346,0.055477,1.0,0.0,0.0,0.0,7278.069991,15.410177,1021.0,3.0,0.0,229.0,-0.051754,35.329936,127.187771,35.329727,-0.12158,0.00014,0.30494,0.505052,0.001025,-0.069394,0.4435,0.0,0.0,0.0,0.0,0.0,-9999.0,-9999.0,-9999.0,-9999.0,-9999.0,-9999.0,-9999.0,-9999.0,-9999.0,-9999.0,-9999.0,-9999.0,-9999.0,-9999.0
P25_AV0_4_interaction,active_and_state_lat_and_long_zero_last_source_row_continuous_segment,P25,AV0,4,off_ramp,P25_AV0_4,P25_AV0.1.asc,HV4,60,driver_number,18905,1,315083.33,315083.3334,4.0,4.0,28.195888,101.505197,158.0,190.397442,-7288.105058,-0.012601,0.022511,0.0,28.195525,-0.003513,0.0,7288.548014,19.587352,0.055495,1.0,0.0,0.0,0.0,7278.658308,15.434292,1021.0,3.0,0.0,229.0,-0.059988,35.335106,127.206381,35.334895,-0.121991,0.000157,0.317248,0.508917,0.00103,-0.070964,0.451,0.0,0.0,0.0,0.0,0.0,-9999.0,-9999.0,-9999.0,-9999.0,-9999.0,-9999.0,-9999.0,-9999.0,-9999.0,-9999.0,-9999.0,-9999.0,-9999.0,-9999.0
P25_AV0_4_interaction,active_and_state_lat_and_long_zero_last_source_row_continuous_segment,P25,AV0,4,off_ramp,P25_AV0_4,P25_AV0.1.asc,HV4,60,driver_number,18906,1,315100.0,315100.0049,4.0,4.0,28.195622,101.504239,158.0,190.86737,-7288.574334,-0.01609,0.023376,0.0,28.195292,-0.003576,0.0,7289.017218,19.613364,0.055511,1.0,0.0,0.0,0.0,7279.246706,15.458545,1021.0,3.0,0.0,229.0,-0.068087,35.34049,127.225765,35.340277,-0.122749,0.000174,0.329634,0.512214,0.001013,-0.071906,0.45775,0.0,0.0,0.0,0.0,0.0,-9999.0,-9999.0,-9999.0,-9999.0,-9999.0,-9999.0,-9999.0,-9999.0,-9999.0,-9999.0,-9999.0,-9999.0,-9999.0,-9999.0
P25_AV0_4_interaction,active_and_state_lat_and_long_zero_last_source_row_continuous_segment,P25,AV0,4,off_ramp,P25_AV0_4,P25_AV0.1.asc,HV4,60,driver_number,18907,1,315116.67,315116.6672,4.0,4.0,28.195419,101.50351,158.0,191.337294,-7289.043606,-0.007006,0.023504,0.0,28.195119,-0.003596,0.0,7289.486418,19.639382,0.055525,1.0,0.0,0.0,0.0,7279.835188,15.482939,1021.0,3.0,0.0,229.0,-0.076051,35.346074,127.245867,35.345857,-0.123841,0.000191,0.341028,0.516113,0.000988,-0.072691,0.45775,0.0,0.0,0.0,0.0,0.0,-9999.0,-9999.0,-9999.0,-9999.0,-9999.0,-9999.0,-9999.0,-9999.0,-9999.0,-9999.0,-9999.0,-9999.0,-9999.0,-9999.0
P25_AV0_4_interaction,active_and_state_lat_and_long_zero_last_source_row_continuous_segment,P25,AV0,4,off_ramp,P25_AV0_4,P25_AV0.1.asc,HV4,60,driver_number,18908,1,315133.33,315133.3334,4.0,4.0,28.195158,101.502569,158.0,191.807215,-7289.512874,-0.009708,0.021051,0.0,28.194971,-0.00357,0.0,7289.955615,19.665406,0.055538,1.0,0.0,0.0,0.0,7280.423756,15.507476,1021.0,3.0,0.0,229.0,-0.083878,35.351782,127.266414,35.35156,-0.125252,0.000207,0.346291,0.52017,0.000952,-0.073162,0.46425,0.0,0.0,0.0,0.0,0.0,-9999.0,-9999.0,-9999.0,-9999.0,-9999.0,-9999.0,-9999.0,-9999.0,-9999.0,-9999.0,-9999.0,-9999.0,-9999.0,-9999.0
P25_AV0_4_interaction,active_and_state_lat_and_long_zero_last_source_row_continuous_segment,P25,AV0,4,off_ramp,P25_AV0_4,P25_AV0.1.asc,HV4,60,driver_number,18909,1,315150.0,315150.001,4.0,4.0,28.195061,101.502218,158.0,192.277133,-7289.982139,-0.013434,0.021866,0.0,28.194811,-0.003522,0.0,7290.424809,19.691435,0.055549,1.0,0.0,0.0,0.0,7281.012414,15.532155,1021.0,3.0,0.0,229.0,-0.091566,35.357555,127.287198,35.357327,-0.126956,0.000223,0.349039,0.525116,0.000904,-0.073633,0.47425,0.0,0.0,0.0,0.0,0.0,-9999.0,-9999.0,-9999.0,-9999.0,-9999.0,-9999.0,-9999.0,-9999.0,-9999.0,-9999.0,-9999.0,-9999.0,-9999.0,-9999.0
P25_AV0_4_interaction,active_and_state_lat_and_long_zero_last_source_row_continuous_segment,P25,AV0,4,off_ramp,P25_AV0_4,P25_AV0.1.asc,HV4,60,driver_number,18910,1,315166.67,315166.6672,4.0,4.0,28.194891,101.501606,158.0,192.747048,-7290.451402,-0.010371,0.020453,0.0,28.194593,-0.003435,0.0,7290.894,19.71747,0.055558,1.0,0.0,0.0,0.0,7281.601162,15.556979,1021.0,3.0,0.0,229.0,-0.099115,35.363367,127.308122,35.363132,-0.128934,0.000237,0.351822,0.529716,0.000833,-0.073633,0.47425,0.0,0.0,0.0,0.0,0.0,-9999.0,-9999.0,-9999.0,-9999.0,-9999.0,-9999.0,-9999.0,-9999.0,-9999.0,-9999.0,-9999.0,-9999.0,-9999.0,-9999.0
P25_AV0_4_interaction,active_and_state_lat_and_long_zero_last_source_row_continuous_segment,P25,AV0,4,off_ramp,P25_AV0_4,P25_AV0.1.asc,HV4,60,driver_number,18911,1,315183.33,315183.3334,4.0,4.0,28.194699,101.500918,158.0,193.216961,-7290.920662,-0.016715,0.016797,0.0,28.194393,-0.003315,0.0,7291.363187,19.74351,0.055566,1.0,0.0,0.0,0.0,7282.19,15.581949,1021.0,3.0,0.0,229.0,-0.106523,35.369244,127.329278,35.369001,-0.131147,0.00025,0.356569,0.535867,0.000739,-0.073947,0.47625,0.0,0.0,0.0,0.0,0.0,-9999.0,-9999.0,-9999.0,-9999.0,-9999.0,-9999.0,-9999.0,-9999.0,-9999.0,-9999.0,-9999.0,-9999.0,-9999.0,-9999.0
P25_AV0_4_interaction,active_and_state_lat_and_long_zero_last_source_row_continuous_segment,P25,AV0,4,off_ramp,P25_AV0_4,P25_AV0.1.asc,HV4,60,driver_number,18912,1,315200.0,315200.0002,4.0,4.0,28.194506,101.500223,158.0,193.68687,-7291.389917,-0.013527,0.017591,0.0,28.194108,-0.003211,0.0,7291.83237,19.769555,0.055573,1.0,0.0,0.0,0.0,7282.77893,15.607067,1021.0,3.0,0.0,229.0,-0.113788,35.375185,127.350666,35.374933,-0.13357,0.000261,0.360559,0.542297,0.00063,-0.074104,0.47625,0.0,0.0,0.0,0.0,0.0,-9999.0,-9999.0,-9999.0,-9999.0,-9999.0,-9999.0,-9999.0,-9999.0,-9999.0,-9999.0,-9999.0,-9999.0,-9999.0,-9999.0
P25_AV0_4_interaction,active_and_state_lat_and_long_zero_last_source_row_continuous_segment,P25,AV0,4,off_ramp,P25_AV0_4,P25_AV0.1.asc,HV4,60,driver_number,18913,1,315216.67,315216.667,4.0,4.0,28.194253,101.499312,158.0,194.156775,-7291.859169,-0.01654,0.017421,0.0,28.193878,-0.003059,0.0,7292.301548,19.795604,0.055578,1.0,0.0,0.0,0.0,7283.367953,15.632336,1021.0,3.0,0.0,229.0,-0.120909,35.381271,127.372576,35.381009,-0.136169,0.000271,0.371714,0.549721,0.00052,-0.074418,0.479,0.0,0.0,0.0,0.0,0.0,-9999.0,-9999.0,-9999.0,-9999.0,-9999.0,-9999.0,-9999.0,-9999.0,-9999.0,-9999.0,-9999.0,-9999.0,-9999.0,-9999.0
P25_AV0_4_interaction,active_and_state_lat_and_long_zero_last_source_row_continuous_segment,P25,AV0,4,off_ramp,P25_AV0_4,P25_AV0.1.asc,HV4,60,driver_number,18914,1,315233.33,315233.3341,4.0,4.0,28.193996,101.498384,158.0,194.626676,-7292.328417,0.025371,0.016642,0.0,28.193597,-0.00288,0.0,7292.770722,19.821657,0.055581,1.0,0.0,0.0,0.0,7283.957071,15.657757,1021.0,3.0,0.0,229.0,-0.127882,35.387498,127.394993,35.387225,-0.138929,0.000278,0.379409,0.556869,0.000415,-0.074418,0.479,0.0,0.0,0.0,0.0,0.0,-9999.0,-9999.0,-9999.0,-9999.0,-9999.0,-9999.0,-9999.0,-9999.0,-9999.0,-9999.0,-9999.0,-9999.0,-9999.0,-9999.0
P25_AV0_4_interaction,active_and_state_lat_and_long_zero_last_source_row_continuous_segment,P25,AV0,4,off_ramp,P25_AV0_4,P25_AV0.1.asc,HV4,60,driver_number,18915,1,315250.0,315250.0009,4.0,4.0,28.19374,101.497463,158.0,195.096573,-7292.79766,0.027506,0.014448,0.0,28.194305,-0.002706,0.0,7293.239894,19.847715,0.055584,1.0,0.0,0.0,0.0,7284.546286,15.683333,1021.0,3.0,0.0,229.0,-0.134705,35.393887,127.417994,35.393603,-0.141821,0.000284,0.390149,0.564462,0.000329,-0.074418,0.48175,0.0,0.0,0.0,0.0,0.0,-9999.0,-9999.0,-9999.0,-9999.0,-9999.0,-9999.0,-9999.0,-9999.0,-9999.0,-9999.0,-9999.0,-9999.0,-9999.0,-9999.0
P25_AV0_4_interaction,active_and_state_lat_and_long_zero_last_source_row_continuous_segment,P25,AV0,4,off_ramp,P25_AV0_4,P25_AV0.1.asc,HV4,60,driver_number,18916,1,315266.67,315266.6674,4.0,4.0,28.193808,101.49771,158.0,195.566468,-7293.266901,-0.03806,0.012232,0.0,28.194278,-0.002526,0.0,7293.709078,19.873778,0.055586,1.0,0.0,0.0,0.0,7285.1356,15.709067,1021.0,3.0,0.0,229.0,-0.141377,35.400447,127.441609,35.400151,-0.144819,0.000289,0.39855,0.572405,0.000258,-0.074418,0.48175,0.0,0.0,0.0,0.0,0.0,-9999.0,-9999.0,-9999.0,-9999.0,-9999.0,-9999.0,-9999.0,-9999.0,-9999.0,-9999.0,-9999.0,-9999.0,-9999.0,-9999.0
P25_AV0_4_interaction,active_and_state_lat_and_long_zero_last_source_row_continuous_segment,P25,AV0,4,off_ramp,P25_AV0_4,P25_AV0.1.asc,HV4,60,driver_number,18917,1,315283.33,315283.3334,4.0,4.0,28.194534,101.500323,158.0,196.036375,-7293.736154,-0.014604,0.012219,0.0,28.193812,-0.002356,0.0,7294.178256,19.899843,0.055586,1.0,0.0,0.0,0.0,7285.725017,15.73496,1021.0,3.0,0.0,229.0,-0.147895,35.407089,127.465521,35.40678,-0.147898,0.000293,0.403558,0.580619,0.000196,-0.074418,0.48275,0.0,0.0,0.0,0.0,0.0,-9999.0,-9999.0,-9999.0,-9999.0,-9999.0,-9999.0,-9999.0,-9999.0,-9999.0,-9999.0,-9999.0,-9999.0,-9999.0,-9999.0
P25_AV0_4_interaction,active_and_state_lat_and_long_zero_last_source_row_continuous_segment,P25,AV0,4,off_ramp,P25_AV0_4,P25_AV0.1.asc,HV4,60,driver_number,18918,1,315300.0,315300.0003,4.0,4.0,28.193961,101.498258,158.0,196.506276,-7294.205401,-0.018611,0.010005,0.0,28.193542,-0.002169,0.0,7294.647429,19.925911,0.055586,1.0,0.0,0.0,0.0,7286.314537,15.761017,1021.0,3.0,0.0,229.0,-0.154256,35.413859,127.489891,35.413537,-0.151035,0.000295,0.412461,0.589031,0.000136,-0.074418,0.48675,0.0,0.0,0.0,0.0,0.0,-9999.0,-9999.0,-9999.0,-9999.0,-9999.0,-9999.0,-9999.0,-9999.0,-9999.0,-9999.0,-9999.0,-9999.0,-9999.0,-9999.0
P25_AV0_4_interaction,active_and_state_lat_and_long_zero_last_source_row_continuous_segment,P25,AV0,4,off_ramp,P25_AV0_4,P25_AV0.1.asc,HV4,60,driver_number,18919,1,315316.67,315316.6671,4.0,4.0,28.193691,101.497287,158.0,196.976172,-7294.674643,-0.014458,0.009957,0.0,28.193232,-0.001999,0.0,7295.116596,19.951982,0.055586,1.0,0.0,0.0,0.0,7286.904163,15.787238,1021.0,3.0,0.0,229.0,-0.160458,35.420812,127.514924,35.420477,-0.154209,0.000297,0.4242,0.597574,7.8e-05,-0.074418,0.48675,0.0,0.0,0.0,0.0,0.0,-9999.0,-9999.0,-9999.0,-9999.0,-9999.0,-9999.0,-9999.0,-9999.0,-9999.0,-9999.0,-9999.0,-9999.0,-9999.0,-9999.0
P25_AV0_4_interaction,active_and_state_lat_and_long_zero_last_source_row_continuous_segment,P25,AV0,4,off_ramp,P25_AV0_4,P25_AV0.1.asc,HV4,60,driver_number,18920,1,315333.33,315333.3342,4.0,4.0,28.193387,101.496191,158.0,197.446063,-7295.14388,-0.017372,0.008257,0.0,28.192986,-0.001831,0.0,7295.585758,19.978055,0.055586,1.0,0.0,0.0,0.0,7287.493897,15.813628,1021.0,3.0,0.0,229.0,-0.166498,35.427895,127.540421,35.427545,-0.1574,0.000298,0.429584,0.60618,2.5e-05,-0.074104,0.50075,0.0,0.0,0.0,0.0,0.0,-9999.0,-9999.0,-9999.0,-9999.0,-9999.0,-9999.0,-9999.0,-9999.0,-9999.0,-9999.0,-9999.0,-9999.0,-9999.0,-9999.0
P25_AV0_4_interaction,active_and_state_lat_and_long_zero_last_source_row_continuous_segment,P25,AV0,4,off_ramp,P25_AV0_4,P25_AV0.1.asc,HV4,60,driver_number,18921,1,315350.0,315350.001,4.0,4.0,28.193111,101.495201,158.0,197.915949,-7295.613112,-0.01406,0.008003,0.0,28.192692,-0.00166,0.0,7296.054916,20.004131,0.055586,1.0,0.0,0.0,0.0,7288.083742,15.840189,1021.0,3.0,0.0,229.0,-0.172373,35.435042,127.566153,35.434679,-0.160593,0.000298,0.432542,0.614809,-2.1e-05,-0.074104,0.50075,0.0,0.0,0.0,0.0,0.0,-9999.0,-9999.0,-9999.0,-9999.0,-9999.0,-9999.0,-9999.0,-9999.0,-9999.0,-9999.0,-9999.0,-9999.0,-9999.0,-9999.0
P25_AV0_4_interaction,active_and_state_lat_and_long_zero_last_source_row_continuous_segment,P25,AV0,4,off_ramp,P25_AV0_4,P25_AV0.1.asc,HV4,60,driver_number,18922,1,315366.67,315366.6674,4.0,4.0,28.192842,101.49423,158.0,198.385831,-7296.082339,0.080537,0.007898,0.0,28.192904,-0.001499,0.0,7296.524069,20.03021,0.055586,1.0,0.0,0.0,0.0,7288.673697,15.866923,1021.0,3.0,0.0,229.0,-0.178081,35.442214,127.591969,35.441835,-0.16377,0.000297,0.433753,0.623412,-7.4e-05,-0.073947,0.507,0.0,0.0,0.0,0.0,0.0,-9999.0,-9999.0,-9999.0,-9999.0,-9999.0,-9999.0,-9999.0,-9999.0,-9999.0,-9999.0,-9999.0,-9999.0,-9999.0,-9999.0
P25_AV0_4_interaction,active_and_state_lat_and_long_zero_last_source_row_continuous_segment,P25,AV0,4,off_ramp,P25_AV0_4,P25_AV0.1.asc,HV4,60,driver_number,18923,1,315383.33,315383.3339,4.0,4.0,28.192575,101.49327,158.0,198.855708,-7296.551562,0.036347,0.006885,0.0,28.19431,-0.001319,0.0,7296.993232,20.056291,0.055585,1.0,0.0,1.0,0.0,7289.263765,15.893833,1021.0,3.0,0.0,229.0,-0.183619,35.449418,127.617904,35.449025,-0.166921,0.000295,0.435989,0.631317,-0.000135,-0.073162,0.51375,0.0,0.0,0.0,0.0,0.0,-9999.0,-9999.0,-9999.0,-9999.0,-9999.0,-9999.0,-9999.0,-9999.0,-9999.0,-9999.0,-9999.0,-9999.0,-9999.0,-9999.0
P25_AV0_4_interaction,active_and_state_lat_and_long_zero_last_source_row_continuous_segment,P25,AV0,4,off_ramp,P25_AV0_4,P25_AV0.1.asc,HV4,60,driver_number,18924,1,315400.0,315400.0003,4.0,4.0,28.193575,101.49687,158.0,199.325596,-7297.020795,-0.025213,0.00765,0.0,28.194518,-0.001152,0.0,7297.462415,20.082375,0.055583,1.0,0.0,1.0,0.0,7289.853944,15.920923,1021.0,3.0,0.0,229.0,-0.188985,35.456641,127.643908,35.456233,-0.170047,0.000292,0.436835,0.637453,-0.000206,-0.07222,0.52,0.0,0.0,0.0,0.0,0.0,-9999.0,-9999.0,-9999.0,-9999.0,-9999.0,-9999.0,-9999.0,-9999.0,-9999.0,-9999.0,-9999.0,-9999.0,-9999.0,-9999.0
P25_AV0_4_interaction,active_and_state_lat_and_long_zero_last_source_row_continuous_segment,P25,AV0,4,off_ramp,P25_AV0_4,P25_AV0.1.asc,HV4,60,driver_number,18925,1,315416.67,315416.6674,4.0,4.0,28.194613,101.500607,158.0,199.795503,-7297.490048,-0.021104,0.00609,0.0,28.194086,-0.000978,0.0,7297.931597,20.108461,0.055581,1.0,0.0,1.0,0.0,7290.444235,15.948193,1021.0,3.0,0.0,229.0,-0.194176,35.463891,127.670009,35.463469,-0.173126,0.000288,0.438991,0.645833,-0.00029,-0.07222,0.52,0.0,0.0,0.0,0.0,0.0,-9999.0,-9999.0,-9999.0,-9999.0,-9999.0,-9999.0,-9999.0,-9999.0,-9999.0,-9999.0,-9999.0,-9999.0,-9999.0,-9999.0
P25_AV0_4_interaction,active_and_state_lat_and_long_zero_last_source_row_continuous_segment,P25,AV0,4,off_ramp,P25_AV0_4,P25_AV0.1.asc,HV4,60,driver_number,18926,1,315433.33,315433.3335,4.0,4.0,28.194308,101.499507,158.0,200.26541,-7297.9593,-0.018169,0.006725,0.0,28.193775,-0.000832,0.0,7298.400772,20.134549,0.055579,1.0,0.0,1.0,0.0,7291.034639,15.975648,1021.0,3.0,0.0,229.0,-0.199189,35.471165,127.696193,35.470727,-0.176134,0.000282,0.440096,0.652899,-0.000384,-0.071749,0.5275,0.0,0.0,0.0,0.0,0.0,-9999.0,-9999.0,-9999.0,-9999.0,-9999.0,-9999.0,-9999.0,-9999.0,-9999.0,-9999.0,-9999.0,-9999.0,-9999.0,-9999.0
P25_AV0_4_interaction,active_and_state_lat_and_long_zero_last_source_row_continuous_segment,P25,AV0,4,off_ramp,P25_AV0_4,P25_AV0.1.asc,HV4,60,driver_number,18927,1,315450.0,315450.0001,4.0,4.0,28.19391,101.498077,158.0,200.73531,-7298.428546,-0.016774,0.005277,0.0,28.193453,-0.000685,0.0,7298.869943,20.160638,0.055579,1.0,0.0,1.0,0.0,7291.625156,16.003288,1021.0,3.0,0.0,229.0,-0.204024,35.478453,127.72243,35.478001,-0.17905,0.000275,0.440717,0.660939,-0.000491,-0.071749,0.5275,0.0,0.0,0.0,0.0,0.0,-9999.0,-9999.0,-9999.0,-9999.0,-9999.0,-9999.0,-9999.0,-9999.0,-9999.0,-9999.0,-9999.0,-9999.0,-9999.0,-9999.0
P25_AV0_4_interaction,active_and_state_lat_and_long_zero_last_source_row_continuous_segment,P25,AV0,4,off_ramp,P25_AV0_4,P25_AV0.1.asc,HV4,60,driver_number,18928,1,315466.67,315466.6676,4.0,4.0,28.193624,101.497045,158.0,201.205205,-7298.897786,-0.015448,0.004407,0.0,28.19317,-0.000568,0.0,7299.339107,20.18673,0.055579,1.0,0.0,1.0,0.0,7292.215785,16.031116,1021.0,3.0,0.0,229.0,-0.208676,35.485773,127.748784,35.485307,-0.181877,0.000265,0.444285,0.667173,-0.000601,-0.071121,0.5295,0.0,0.0,0.0,0.0,0.0,-9999.0,-9999.0,-9999.0,-9999.0,-9999.0,-9999.0,-9999.0,-9999.0,-9999.0,-9999.0,-9999.0,-9999.0,-9999.0,-9999.0
P25_AV0_4_interaction,active_and_state_lat_and_long_zero_last_source_row_continuous_segment,P25,AV0,4,off_ramp,P25_AV0_4,P25_AV0.1.asc,HV4,60,driver_number,18929,1,315483.33,315483.3339,4.0,4.0,28.193313,101.495928,158.0,201.675094,-7299.367021,-0.015804,0.003921,0.0,28.192936,-0.000473,0.0,7299.808267,20.212823,0.055579,1.0,0.0,1.0,0.0,7292.806528,16.059135,1021.0,3.0,0.0,229.0,-0.213145,35.493152,127.775348,35.492672,-0.184594,0.000254,0.4487,0.674716,-0.000702,-0.071121,0.5295,0.0,0.0,0.0,0.0,0.0,-9999.0,-9999.0,-9999.0,-9999.0,-9999.0,-9999.0,-9999.0,-9999.0,-9999.0,-9999.0,-9999.0,-9999.0,-9999.0,-9999.0
P25_AV0_4_interaction,active_and_state_lat_and_long_zero_last_source_row_continuous_segment,P25,AV0,4,off_ramp,P25_AV0_4,P25_AV0.1.asc,HV4,60,driver_number,18930,1,315500.0,315500.0009,4.0,4.0,28.193041,101.494949,158.0,202.144979,-7299.836252,-0.016167,0.003626,0.0,28.19268,-0.000393,0.0,7300.277423,20.238918,0.055579,1.0,0.0,1.0,0.0,7293.397385,16.087347,1021.0,3.0,0.0,229.0,-0.217427,35.50071,127.802557,35.500217,-0.187219,0.000242,0.462572,0.679611,-0.000771,-0.070179,0.5305,0.0,0.0,0.0,0.0,0.0,-9999.0,-9999.0,-9999.0,-9999.0,-9999.0,-9999.0,-9999.0,-9999.0,-9999.0,-9999.0,-9999.0,-9999.0,-9999.0,-9999.0
P25_AV0_4_interaction,active_and_state_lat_and_long_zero_last_source_row_continuous_segment,P25,AV0,4,off_ramp,P25_AV0_4,P25_AV0.1.asc,HV4,60,driver_number,18931,1,315516.67,315516.6668,4.0,4.0,28.192804,101.494094,158.0,202.61486,-7300.305478,-0.018888,0.003421,0.0,28.192391,-0.000326,0.0,7300.746575,20.265013,0.055579,1.0,0.0,1.0,0.0,7293.988358,16.115753,1021.0,3.0,0.0,229.0,-0.221522,35.508441,127.830388,35.507934,-0.189752,0.000229,0.471221,0.683032,-0.000791,-0.068766,0.5305,0.0,0.0,0.0,0.0,0.0,-9999.0,-9999.0,-9999.0,-9999.0,-9999.0,-9999.0,-9999.0,-9999.0,-9999.0,-9999.0,-9999.0,-9999.0,-9999.0,-9999.0
P25_AV0_4_interaction,active_and_state_lat_and_long_zero_last_source_row_continuous_segment,P25,AV0,4,off_ramp,P25_AV0_4,P25_AV0.1.asc,HV4,60,driver_number,18932,1,315533.33,315533.3341,4.0,4.0,28.192545,101.493163,158.0,203.084737,-7300.7747,-0.018348,0.003265,0.0,28.192078,-0.00027,0.0,7301.215722,20.291109,0.055579,1.0,0.0,1.0,0.0,7294.579451,16.144355,1021.0,3.0,0.0,229.0,-0.225427,35.516333,127.858797,35.515812,-0.19224,0.000216,0.481636,0.677943,-0.00076,-0.064056,0.53175,0.0,0.0,0.0,0.0,0.0,-9999.0,-9999.0,-9999.0,-9999.0,-9999.0,-9999.0,-9999.0,-9999.0,-9999.0,-9999.0,-9999.0,-9999.0,-9999.0,-9999.0
P25_AV0_4_interaction,active_and_state_lat_and_long_zero_last_source_row_continuous_segment,P25,AV0,4,off_ramp,P25_AV0_4,P25_AV0.1.asc,HV4,60,driver_number,18933,1,315550.0,315550.0001,4.0,4.0,28.192234,101.492041,158.0,203.554609,-7301.243918,0.000862,0.003145,0.0,28.191807,-0.000225,0.0,7301.684863,20.317206,0.055579,1.0,0.0,1.0,0.0,7295.170665,16.173155,1021.0,3.0,0.0,229.0,-0.229142,35.524395,127.887823,35.523862,-0.194605,0.000204,0.490276,0.678006,-0.000692,-0.061544,0.53425,0.0,0.0,0.0,0.0,0.0,-9999.0,-9999.0,-9999.0,-9999.0,-9999.0,-9999.0,-9999.0,-9999.0,-9999.0,-9999.0,-9999.0,-9999.0,-9999.0,-9999.0
P25_AV0_4_interaction,active_and_state_lat_and_long_zero_last_source_row_continuous_segment,P25,AV0,4,off_ramp,P25_AV0_4,P25_AV0.1.asc,HV4,60,driver_number,18934,1,315566.67,315566.6672,4.0,4.0,28.191925,101.49093,158.0,204.024476,-7301.71313,-0.015035,0.003058,0.0,28.191777,-0.000191,0.0,7302.154001,20.343304,0.055579,1.0,0.0,1.0,0.0,7295.762005,16.202152,1021.0,3.0,0.0,229.0,-0.232667,35.532589,127.917321,35.532044,-0.196775,0.000193,0.499074,0.683745,-0.000606,-0.061544,0.53425,0.0,0.0,0.0,0.0,0.0,-9999.0,-9999.0,-9999.0,-9999.0,-9999.0,-9999.0,-9999.0,-9999.0,-9999.0,-9999.0,-9999.0,-9999.0,-9999.0,-9999.0
P25_AV0_4_interaction,active_and_state_lat_and_long_zero_last_source_row_continuous_segment,P25,AV0,4,off_ramp,P25_AV0_4,P25_AV0.1.asc,HV4,60,driver_number,18935,1,315583.35,315583.3493,4.0,4.0,28.191814,101.490532,158.0,204.494339,-7302.182339,-0.014172,0.003003,0.0,28.191504,-0.000166,0.0,7302.623138,20.369402,0.055579,1.0,0.0,1.0,0.0,7296.353471,16.231347,1021.0,3.0,0.0,229.0,-0.236,35.5409,127.947239,35.540344,-0.198795,0.000184,0.505047,0.67832,-0.000527,-0.057305,0.5365,0.0,0.0,0.0,0.0,0.0,-9999.0,-9999.0,-9999.0,-9999.0,-9999.0,-9999.0,-9999.0,-9999.0,-9999.0,-9999.0,-9999.0,-9999.0,-9999.0,-9999.0
P25_AV0_4_interaction,active_and_state_lat_and_long_zero_last_source_row_continuous_segment,P25,AV0,4,off_ramp,P25_AV0_4,P25_AV0.1.asc,HV4,60,driver_number,18936,1,315600.0,315600.0002,4.0,4.0,28.191652,101.489947,158.0,204.964201,-7302.651546,-0.009731,0.004672,0.0,28.191296,-0.000149,0.0,7303.09227,20.3955,0.055579,1.0,0.0,1.0,0.0,7296.945065,16.260742,1021.0,3.0,0.0,229.0,-0.239141,35.549339,127.977622,35.548774,-0.200565,0.000176,0.513314,0.682817,-0.000463,-0.057305,0.5365,0.0,0.0,0.0,0.0,0.0,-9999.0,-9999.0,-9999.0,-9999.0,-9999.0,-9999.0,-9999.0,-9999.0,-9999.0,-9999.0,-9999.0,-9999.0,-9999.0,-9999.0
P25_AV0_4_interaction,active_and_state_lat_and_long_zero_last_source_row_continuous_segment,P25,AV0,4,off_ramp,P25_AV0_4,P25_AV0.1.asc,HV4,60,driver_number,18937,1,315616.67,315616.6668,4.0,4.0,28.191386,101.488989,158.0,205.434058,-7303.120749,-0.013325,0.005604,0.0,28.191136,-0.000118,0.0,7303.561399,20.421598,0.055579,1.0,0.0,1.0,0.0,7297.536791,16.290337,1021.0,3.0,0.0,229.0,-0.24209,35.55787,128.008331,35.557295,-0.202107,0.000168,0.51716,0.680683,-0.000425,-0.05495,0.53925,0.0,0.0,0.0,0.0,0.0,-9999.0,-9999.0,-9999.0,-9999.0,-9999.0,-9999.0,-9999.0,-9999.0,-9999.0,-9999.0,-9999.0,-9999.0,-9999.0,-9999.0
P25_AV0_4_interaction,active_and_state_lat_and_long_zero_last_source_row_continuous_segment,P25,AV0,4,off_ramp,P25_AV0_4,P25_AV0.1.asc,HV4,60,driver_number,18938,1,315633.33,315633.3341,4.0,4.0,28.191215,101.488375,158.0,205.903912,-7303.589949,-0.016985,0.004474,0.0,28.190888,-8.7e-05,0.0,7304.030525,20.447697,0.055581,1.0,0.0,1.0,0.0,7298.128648,16.320132,1021.0,3.0,0.0,229.0,-0.244847,35.566452,128.039228,35.565871,-0.203409,0.000161,0.519657,0.678621,-0.000402,-0.052909,0.53925,0.0,0.0,0.0,0.0,0.0,-9999.0,-9999.0,-9999.0,-9999.0,-9999.0,-9999.0,-9999.0,-9999.0,-9999.0,-9999.0,-9999.0,-9999.0,-9999.0,-9999.0
P25_AV0_4_interaction,active_and_state_lat_and_long_zero_last_source_row_continuous_segment,P25,AV0,4,off_ramp,P25_AV0_4,P25_AV0.1.asc,HV4,60,driver_number,18939,1,315650.01,315650.01,4.0,4.0,28.191025,101.48769,158.0,206.373764,-7304.059147,-0.012667,0.008105,0.0,28.190606,-5.8e-05,0.0,7304.499646,20.473798,0.055583,1.0,0.0,1.0,0.0,7298.720639,16.350127,1021.0,3.0,0.0,229.0,-0.247411,35.575053,128.070191,35.574465,-0.204458,0.000155,0.520166,0.680851,-0.000417,-0.052909,0.53925,0.0,0.0,0.0,0.0,0.0,-9999.0,-9999.0,-9999.0,-9999.0,-9999.0,-9999.0,-9999.0,-9999.0,-9999.0,-9999.0,-9999.0,-9999.0,-9999.0,-9999.0
P25_AV0_4_interaction,active_and_state_lat_and_long_zero_last_source_row_continuous_segment,P25,AV0,4,off_ramp,P25_AV0_4,P25_AV0.1.asc,HV4,60,driver_number,18940,1,315666.67,315666.6677,4.0,4.0,28.190747,101.486688,158.0,206.843611,-7304.528339,-0.008491,0.009185,0.0,28.190423,-1.2e-05,0.0,7304.968763,20.4999,0.055587,1.0,0.0,1.0,0.0,7299.312763,16.380322,1021.0,3.0,0.0,229.0,-0.249782,35.583662,128.101184,35.58307,-0.205331,0.000148,0.520503,0.673402,-0.000438,-0.049298,0.539,0.0,0.0,0.0,0.0,0.0,-9999.0,-9999.0,-9999.0,-9999.0,-9999.0,-9999.0,-9999.0,-9999.0,-9999.0,-9999.0,-9999.0,-9999.0,-9999.0,-9999.0
P25_AV0_4_interaction,active_and_state_lat_and_long_zero_last_source_row_continuous_segment,P25,AV0,4,off_ramp,P25_AV0_4,P25_AV0.1.asc,HV4,60,driver_number,18941,1,315683.34,315683.3352,4.0,4.0,28.190501,101.485803,158.0,207.313453,-7304.997528,-0.024044,0.010105,0.0,28.190282,2.2e-05,0.0,7305.437877,20.526005,0.055591,1.0,0.0,1.0,0.0,7299.90502,16.410716,1021.0,3.0,0.0,229.0,-0.251962,35.592271,128.132177,35.591675,-0.206046,0.00014,0.520539,0.662671,-0.000464,-0.044588,0.53875,0.0,0.0,0.0,0.0,0.0,-9999.0,-9999.0,-9999.0,-9999.0,-9999.0,-9999.0,-9999.0,-9999.0,-9999.0,-9999.0,-9999.0,-9999.0,-9999.0,-9999.0
P25_AV0_4_interaction,active_and_state_lat_and_long_zero_last_source_row_continuous_segment,P25,AV0,4,off_ramp,P25_AV0_4,P25_AV0.1.asc,HV4,60,driver_number,18942,1,315700.0,315700.0007,4.0,4.0,28.190353,101.48527,158.0,207.783293,-7305.466713,-0.011053,0.01283,0.0,28.189906,4e-05,0.0,7305.906988,20.552113,0.055597,1.0,0.0,1.0,0.0,7300.497411,16.441308,1021.0,3.0,0.0,229.0,-0.253952,35.600889,128.163201,35.60029,-0.206569,0.000132,0.52092,0.650581,-0.000492,-0.039564,0.53875,0.0,0.0,0.0,0.0,0.0,-9999.0,-9999.0,-9999.0,-9999.0,-9999.0,-9999.0,-9999.0,-9999.0,-9999.0,-9999.0,-9999.0,-9999.0,-9999.0,-9999.0
P25_AV0_4_interaction,active_and_state_lat_and_long_zero_last_source_row_continuous_segment,P25,AV0,4,off_ramp,P25_AV0_4,P25_AV0.1.asc,HV4,60,driver_number,18943,1,315716.67,315716.6676,4.0,4.0,28.190082,101.484295,158.0,208.253129,-7305.935895,-0.014783,0.012742,0.0,28.189713,7.7e-05,0.0,7306.376093,20.578223,0.055603,1.0,0.0,0.0,0.0,7301.089935,16.472094,1021.0,3.0,0.0,229.0,-0.255756,35.609529,128.194304,35.608928,-0.206909,0.000124,0.523067,0.633541,-0.000526,-0.032813,0.539,0.0,0.0,0.0,0.0,0.0,-9999.0,-9999.0,-9999.0,-9999.0,-9999.0,-9999.0,-9999.0,-9999.0,-9999.0,-9999.0,-9999.0,-9999.0,-9999.0,-9999.0
P25_AV0_4_interaction,active_and_state_lat_and_long_zero_last_source_row_continuous_segment,P25,AV0,4,off_ramp,P25_AV0_4,P25_AV0.1.asc,HV4,60,driver_number,18944,1,315733.33,315733.3342,4.0,4.0,28.189814,101.483331,158.0,208.72296,-7306.405072,-0.012462,0.016308,0.0,28.189493,8.7e-05,0.0,7306.845194,20.604338,0.055612,1.0,0.0,0.0,0.0,7301.682594,16.503072,1021.0,3.0,0.0,229.0,-0.257375,35.618203,128.225529,35.6176,-0.207131,0.000115,0.524925,0.596162,-0.000572,-0.018055,0.539,0.0,0.0,0.0,0.0,0.0,-9999.0,-9999.0,-9999.0,-9999.0,-9999.0,-9999.0,-9999.0,-9999.0,-9999.0,-9999.0,-9999.0,-9999.0,-9999.0,-9999.0
P25_AV0_4_interaction,active_and_state_lat_and_long_zero_last_source_row_continuous_segment,P25,AV0,4,off_ramp,P25_AV0_4,P25_AV0.1.asc,HV4,60,driver_number,18945,1,315750.0,315750.0001,4.0,4.0,28.18959,101.482523,158.0,209.192787,-7306.874244,-0.00855,0.017961,0.0,28.189297,8.7e-05,0.0,7307.314291,20.630457,0.055622,1.0,0.0,0.0,0.0,7302.275387,16.534236,1021.0,3.0,0.0,229.0,-0.258816,35.626915,128.256895,35.626314,-0.207027,0.000105,0.526753,0.577385,-0.000617,-0.011147,0.537,0.0,0.0,0.0,0.0,0.0,-9999.0,-9999.0,-9999.0,-9999.0,-9999.0,-9999.0,-9999.0,-9999.0,-9999.0,-9999.0,-9999.0,-9999.0,-9999.0,-9999.0
P25_AV0_4_interaction,active_and_state_lat_and_long_zero_last_source_row_continuous_segment,P25,AV0,4,off_ramp,P25_AV0_4,P25_AV0.1.asc,HV4,60,driver_number,18946,1,315766.67,315766.6673,4.0,4.0,28.189389,101.481801,158.0,209.662611,-7307.343414,-0.011922,0.016917,0.0,28.189159,4.7e-05,0.0,7307.783385,20.656582,0.055634,1.0,0.0,0.0,0.0,7302.868317,16.565582,1021.0,3.0,0.0,229.0,-0.260082,35.635643,128.288315,35.635045,-0.206392,9.3e-05,0.527383,0.574221,-0.000701,-0.011147,0.537,0.0,0.0,0.0,0.0,0.0,-9999.0,-9999.0,-9999.0,-9999.0,-9999.0,-9999.0,-9999.0,-9999.0,-9999.0,-9999.0,-9999.0,-9999.0,-9999.0,-9999.0
P25_AV0_4_interaction,active_and_state_lat_and_long_zero_last_source_row_continuous_segment,P25,AV0,4,off_ramp,P25_AV0_4,P25_AV0.1.asc,HV4,60,driver_number,18947,1,315783.33,315783.3334,4.0,4.0,28.189226,101.481213,158.0,210.132432,-7307.81258,-0.015149,0.017386,0.0,28.188901,-5.4e-05,0.0,7308.252477,20.682711,0.055648,1.0,0.0,0.0,0.0,7303.461382,16.597106,1021.0,3.0,0.0,229.0,-0.261178,35.644404,128.319853,35.643812,-0.205394,8.1e-05,0.529844,0.539917,-0.000759,0.000942,0.53525,0.0,0.0,0.0,0.0,0.0,-9999.0,-9999.0,-9999.0,-9999.0,-9999.0,-9999.0,-9999.0,-9999.0,-9999.0,-9999.0,-9999.0,-9999.0,-9999.0,-9999.0
P25_AV0_4_interaction,active_and_state_lat_and_long_zero_last_source_row_continuous_segment,P25,AV0,4,off_ramp,P25_AV0_4,P25_AV0.1.asc,HV4,60,driver_number,18948,1,315800.0,315800.0006,4.0,4.0,28.18906,101.480615,158.0,210.60225,-7308.281743,-0.01506,0.019157,0.0,28.188663,-0.0002,0.0,7308.721563,20.708846,0.055663,1.0,0.0,0.0,0.0,7304.054584,16.628803,1021.0,3.0,0.0,229.0,-0.262109,35.653193,128.351495,35.652611,-0.203794,6.8e-05,0.530692,0.533916,-0.000848,0.000942,0.53525,0.0,0.0,0.0,0.0,0.0,-9999.0,-9999.0,-9999.0,-9999.0,-9999.0,-9999.0,-9999.0,-9999.0,-9999.0,-9999.0,-9999.0,-9999.0,-9999.0,-9999.0
P25_AV0_4_interaction,active_and_state_lat_and_long_zero_last_source_row_continuous_segment,P25,AV0,4,off_ramp,P25_AV0_4,P25_AV0.1.asc,HV4,60,driver_number,18949,1,315816.67,315816.6696,4.0,4.0,28.188775,101.479589,158.0,211.072064,-7308.750902,-0.015548,0.017569,0.0,28.188408,-0.000353,0.0,7309.190645,20.734986,0.05568,1.0,0.0,0.0,0.0,7304.647924,16.660669,1021.0,3.0,0.0,229.0,-0.262879,35.661989,128.383161,35.661419,-0.201704,5.3e-05,0.53066,0.504633,-0.000896,0.009734,0.52925,0.0,0.0,0.0,0.0,0.0,-9999.0,-9999.0,-9999.0,-9999.0,-9999.0,-9999.0,-9999.0,-9999.0,-9999.0,-9999.0,-9999.0,-9999.0,-9999.0,-9999.0
P25_AV0_4_interaction,active_and_state_lat_and_long_zero_last_source_row_continuous_segment,P25,AV0,4,off_ramp,P25_AV0_4,P25_AV0.1.asc,HV4,60,driver_number,18950,1,315833.33,315833.3335,4.0,4.0,28.188538,101.478735,158.0,211.541874,-7309.220056,-0.012354,0.019104,0.0,28.188182,-0.000557,0.0,7309.659723,20.761131,0.055698,1.0,0.0,0.0,0.0,7305.241402,16.692699,1021.0,3.0,0.0,229.0,-0.263493,35.670782,128.414814,35.670226,-0.199049,3.8e-05,0.530122,0.487701,-0.000941,0.012874,0.5265,0.0,0.0,0.0,0.0,0.0,-9999.0,-9999.0,-9999.0,-9999.0,-9999.0,-9999.0,-9999.0,-9999.0,-9999.0,-9999.0,-9999.0,-9999.0,-9999.0,-9999.0
P25_AV0_4_interaction,active_and_state_lat_and_long_zero_last_source_row_continuous_segment,P25,AV0,4,off_ramp,P25_AV0_4,P25_AV0.1.asc,HV4,60,driver_number,18951,1,315850.0,315850.0002,4.0,4.0,28.188279,101.477804,158.0,212.01168,-7309.689206,-0.008554,0.01887,0.0,28.187988,-0.000758,0.0,7310.128797,20.787281,0.055717,1.0,0.0,0.0,0.0,7305.835018,16.724888,1021.0,3.0,0.0,229.0,-0.263956,35.679566,128.446437,35.679029,-0.195801,2.2e-05,0.529502,0.471793,-0.000969,0.014915,0.524,0.0,0.0,0.0,0.0,0.0,-9999.0,-9999.0,-9999.0,-9999.0,-9999.0,-9999.0,-9999.0,-9999.0,-9999.0,-9999.0,-9999.0,-9999.0,-9999.0,-9999.0
P25_AV0_4_interaction,active_and_state_lat_and_long_zero_last_source_row_continuous_segment,P25,AV0,4,off_ramp,P25_AV0_4,P25_AV0.1.asc,HV4,60,driver_number,18952,1,315866.67,315866.6669,4.0,4.0,28.188079,101.477084,158.0,212.481482,-7310.158352,-0.008192,0.020878,0.0,28.187849,-0.000979,0.0,7310.597867,20.813436,0.055736,1.0,0.0,0.0,0.0,7306.428772,16.75723,1021.0,3.0,0.0,229.0,-0.264273,35.688344,128.478039,35.687828,-0.191975,5e-06,0.529122,0.455812,-0.000979,0.016328,0.5215,0.002198,0.0,0.0,0.0,0.0,-9999.0,-9999.0,-9999.0,-9999.0,-9999.0,-9999.0,-9999.0,-9999.0,-9999.0,-9999.0,-9999.0,-9999.0,-9999.0,-9999.0
P25_AV0_4_interaction,active_and_state_lat_and_long_zero_last_source_row_continuous_segment,P25,AV0,4,off_ramp,P25_AV0_4,P25_AV0.1.asc,HV4,60,driver_number,18953,1,315883.33,315883.3346,4.0,4.0,28.187916,101.476498,158.0,212.951281,-7310.627496,-0.011705,0.022343,0.0,28.187678,-0.001181,0.0,7311.066935,20.839597,0.055756,1.0,0.0,0.0,0.0,7307.022664,16.78972,1021.0,3.0,0.0,229.0,-0.26445,35.696856,128.508681,35.696363,-0.187614,-1e-05,0.508223,0.439102,-0.000935,0.017427,0.5215,0.0,0.0,0.0,0.0,0.0,-9999.0,-9999.0,-9999.0,-9999.0,-9999.0,-9999.0,-9999.0,-9999.0,-9999.0,-9999.0,-9999.0,-9999.0,-9999.0,-9999.0
P25_AV0_4_interaction,active_and_state_lat_and_long_zero_last_source_row_continuous_segment,P25,AV0,4,off_ramp,P25_AV0_4,P25_AV0.1.asc,HV4,60,driver_number,18954,1,315900.0,315900.0007,4.0,4.0,28.187781,101.47601,158.0,213.421078,-7311.096636,-0.008773,0.022221,0.0,28.187503,-0.001385,0.0,7311.536,20.865763,0.055776,1.0,0.0,0.0,0.0,7307.616691,16.822354,1021.0,3.0,0.0,229.0,-0.264491,35.705537,128.539933,35.705069,-0.182775,-2.6e-05,0.527455,0.421404,-0.000915,0.018369,0.51925,0.0,0.0,0.0,0.0,0.0,-9999.0,-9999.0,-9999.0,-9999.0,-9999.0,-9999.0,-9999.0,-9999.0,-9999.0,-9999.0,-9999.0,-9999.0,-9999.0,-9999.0
P25_AV0_4_interaction,active_and_state_lat_and_long_zero_last_source_row_continuous_segment,P25,AV0,4,off_ramp,P25_AV0_4,P25_AV0.1.asc,HV4,60,driver_number,18955,1,315916.67,315916.6667,4.0,4.0,28.187581,101.47529,158.0,213.890871,-7311.565773,-0.00889,0.01901,0.0,28.187357,-0.001594,0.0,7312.005061,20.891936,0.055796,1.0,0.0,0.0,0.0,7308.210855,16.855126,1021.0,3.0,0.0,229.0,-0.264401,35.714281,128.571413,35.71384,-0.177506,-4.1e-05,0.525872,0.404836,-0.00092,0.018369,0.51925,0.0,0.0,0.0,0.0,0.0,-9999.0,-9999.0,-9999.0,-9999.0,-9999.0,-9999.0,-9999.0,-9999.0,-9999.0,-9999.0,-9999.0,-9999.0,-9999.0,-9999.0
P25_AV0_4_interaction,active_and_state_lat_and_long_zero_last_source_row_continuous_segment,P25,AV0,4,off_ramp,P25_AV0_4,P25_AV0.1.asc,HV4,60,driver_number,18956,1,315933.33,315933.3339,4.0,4.0,28.18743,101.474747,158.0,214.360662,-7312.034908,-0.016146,0.020345,0.0,28.187175,-0.001825,0.0,7312.47412,20.918114,0.055816,1.0,0.0,0.0,0.0,7308.805157,16.88803,1021.0,3.0,0.0,229.0,-0.264187,35.722995,128.602782,35.722581,-0.171869,-5.6e-05,0.523741,0.386094,-0.000873,0.01884,0.515,0.0,0.0,0.0,0.0,0.0,-9999.0,-9999.0,-9999.0,-9999.0,-9999.0,-9999.0,-9999.0,-9999.0,-9999.0,-9999.0,-9999.0,-9999.0,-9999.0,-9999.0
P25_AV0_4_interaction,active_and_state_lat_and_long_zero_last_source_row_continuous_segment,P25,AV0,4,off_ramp,P25_AV0_4,P25_AV0.1.asc,HV4,60,driver_number,18957,1,315950.0,315950.001,4.0,4.0,28.187283,101.474217,158.0,214.830451,-7312.504039,-0.009839,0.018259,0.0,28.186932,-0.002034,0.0,7312.943175,20.944298,0.055835,1.0,0.0,0.0,0.0,7309.399598,16.921062,1021.0,3.0,0.0,229.0,-0.263854,35.731668,128.634004,35.731282,-0.165928,-7e-05,0.521356,0.366905,-0.000791,0.019154,0.51175,0.0,0.0,0.0,0.0,0.0,-9999.0,-9999.0,-9999.0,-9999.0,-9999.0,-9999.0,-9999.0,-9999.0,-9999.0,-9999.0,-9999.0,-9999.0,-9999.0,-9999.0
P25_AV0_4_interaction,active_and_state_lat_and_long_zero_last_source_row_continuous_segment,P25,AV0,4,off_ramp,P25_AV0_4,P25_AV0.1.asc,HV4,60,driver_number,18958,1,315966.67,315966.6674,4.0,4.0,28.18704,101.473345,158.0,215.300236,-7312.973167,-0.009082,0.019843,0.0,28.186774,-0.002234,0.0,7313.412226,20.970487,0.055854,1.0,0.0,0.0,0.0,7309.994177,16.954214,1021.0,3.0,0.0,229.0,-0.263408,35.740313,128.665127,35.739956,-0.159744,-8.2e-05,0.519196,0.347824,-0.000698,0.018997,0.5085,0.0,0.0,0.0,0.0,0.0,-9999.0,-9999.0,-9999.0,-9999.0,-9999.0,-9999.0,-9999.0,-9999.0,-9999.0,-9999.0,-9999.0,-9999.0,-9999.0,-9999.0
P25_AV0_4_interaction,active_and_state_lat_and_long_zero_last_source_row_continuous_segment,P25,AV0,4,off_ramp,P25_AV0_4,P25_AV0.1.asc,HV4,60,driver_number,18959,1,315983.33,315983.3341,4.0,4.0,28.18685,101.472661,158.0,215.770017,-7313.442291,-0.003992,0.015892,0.0,28.186557,-0.002398,0.0,7313.881274,20.99668,0.055871,1.0,0.0,0.0,0.0,7310.588893,16.987481,1021.0,3.0,0.0,229.0,-0.262854,35.748878,128.695961,35.748549,-0.15337,-9.3e-05,0.512839,0.328248,-0.000606,0.018997,0.5085,0.0,0.0,0.0,0.0,0.0,-9999.0,-9999.0,-9999.0,-9999.0,-9999.0,-9999.0,-9999.0,-9999.0,-9999.0,-9999.0,-9999.0,-9999.0,-9999.0,-9999.0
P25_AV0_4_interaction,active_and_state_lat_and_long_zero_last_source_row_continuous_segment,P25,AV0,4,off_ramp,P25_AV0_4,P25_AV0.1.asc,HV4,60,driver_number,18960,1,316000.0,316000.0007,4.0,4.0,28.186699,101.472115,158.0,216.239796,-7313.911413,-0.002206,0.017916,0.0,28.186609,-0.00257,0.0,7314.350319,21.022879,0.055888,1.0,0.0,0.0,0.0,7311.183747,17.020857,1021.0,3.0,0.0,229.0,-0.2622,35.757344,128.72644,35.757043,-0.146865,-0.000102,0.50707,0.308334,-0.000528,0.01884,0.50575,0.0,0.0,0.0,0.0,0.0,-9999.0,-9999.0,-9999.0,-9999.0,-9999.0,-9999.0,-9999.0,-9999.0,-9999.0,-9999.0,-9999.0,-9999.0,-9999.0,-9999.0
P25_AV0_4_interaction,active_and_state_lat_and_long_zero_last_source_row_continuous_segment,P25,AV0,4,off_ramp,P25_AV0_4,P25_AV0.1.asc,HV4,60,driver_number,18961,1,316016.67,316016.6673,4.0,4.0,28.186524,101.471486,158.0,216.709571,-7314.380531,-0.011085,0.016197,0.0,28.186499,-0.0027,0.0,7314.819364,21.049082,0.055902,1.0,0.0,0.0,0.0,7311.778736,17.054335,1021.0,3.0,0.0,229.0,-0.26145,35.765723,128.756603,35.765448,-0.14028,-0.00011,0.501915,0.288238,-0.000469,0.018683,0.504,0.0,0.0,0.0,0.0,0.0,-9999.0,-9999.0,-9999.0,-9999.0,-9999.0,-9999.0,-9999.0,-9999.0,-9999.0,-9999.0,-9999.0,-9999.0,-9999.0,-9999.0
P25_AV0_4_interaction,active_and_state_lat_and_long_zero_last_source_row_continuous_segment,P25,AV0,4,off_ramp,P25_AV0_4,P25_AV0.1.asc,HV4,60,driver_number,18962,1,316033.33,316033.3343,4.0,4.0,28.186591,101.471727,158.0,217.179348,-7314.849649,-0.013761,0.014077,0.0,28.186284,-0.002795,0.0,7315.288407,21.075289,0.055915,1.0,0.0,0.0,0.0,7312.37386,17.08791,1021.0,3.0,0.0,229.0,-0.260612,35.774021,128.786476,35.773771,-0.133664,-0.000118,0.497015,0.268098,-0.000426,0.018683,0.502,0.0,0.0,0.0,0.0,0.0,-9999.0,-9999.0,-9999.0,-9999.0,-9999.0,-9999.0,-9999.0,-9999.0,-9999.0,-9999.0,-9999.0,-9999.0,-9999.0,-9999.0
P25_AV0_4_interaction,active_and_state_lat_and_long_zero_last_source_row_continuous_segment,P25,AV0,4,off_ramp,P25_AV0_4,P25_AV0.1.asc,HV4,60,driver_number,18963,1,316050.0,316050.0018,4.0,4.0,28.186407,101.471065,158.0,217.649122,-7315.318766,-0.010333,0.013935,0.0,28.186077,-0.002872,0.0,7315.757445,21.101499,0.055926,1.0,0.0,1.0,0.0,7312.969117,17.121574,1021.0,3.0,0.0,229.0,-0.259692,35.782263,128.816146,35.782037,-0.12706,-0.000125,0.494707,0.248038,-0.000395,0.018683,0.502,0.0,0.0,0.0,0.0,0.0,-9999.0,-9999.0,-9999.0,-9999.0,-9999.0,-9999.0,-9999.0,-9999.0,-9999.0,-9999.0,-9999.0,-9999.0,-9999.0,-9999.0
P25_AV0_4_interaction,active_and_state_lat_and_long_zero_last_source_row_continuous_segment,P25,AV0,4,off_ramp,P25_AV0_4,P25_AV0.1.asc,HV4,60,driver_number,18964,1,316066.67,316066.6667,4.0,4.0,28.186169,101.47021,158.0,218.118892,-7315.787878,-0.017181,0.013076,0.0,28.185874,-0.002898,0.0,7316.226481,21.127713,0.055935,1.0,0.0,1.0,0.0,7313.564507,17.155322,1021.0,3.0,0.0,229.0,-0.258695,35.790464,128.845671,35.790261,-0.120505,-0.000131,0.491584,0.228166,-0.000368,0.018683,0.49975,0.0,0.0,0.0,0.0,0.0,-9999.0,-9999.0,-9999.0,-9999.0,-9999.0,-9999.0,-9999.0,-9999.0,-9999.0,-9999.0,-9999.0,-9999.0,-9999.0,-9999.0
P25_AV0_4_interaction,active_and_state_lat_and_long_zero_last_source_row_continuous_segment,P25,AV0,4,off_ramp,P25_AV0_4,P25_AV0.1.asc,HV4,60,driver_number,18965,1,316083.33,316083.3343,4.0,4.0,28.185991,101.469566,158.0,218.588659,-7316.256987,-0.013877,0.013426,0.0,28.185582,-0.002886,0.0,7316.695512,21.15393,0.055942,1.0,0.0,1.0,0.0,7314.16003,17.189148,1021.0,3.0,0.0,229.0,-0.257628,35.798622,128.87504,35.798441,-0.114036,-0.000137,0.489,0.208574,-0.000339,0.01884,0.496,0.0,0.0,0.0,0.0,0.0,-9999.0,-9999.0,-9999.0,-9999.0,-9999.0,-9999.0,-9999.0,-9999.0,-9999.0,-9999.0,-9999.0,-9999.0,-9999.0,-9999.0
P25_AV0_4_interaction,active_and_state_lat_and_long_zero_last_source_row_continuous_segment,P25,AV0,4,off_ramp,P25_AV0_4,P25_AV0.1.asc,HV4,60,driver_number,18966,1,316100.02,316100.0177,4.0,4.0,28.18573,101.468629,158.0,219.058423,-7316.726092,-0.009791,0.011051,0.0,28.185378,-0.002821,0.0,7317.164538,21.18015,0.055948,1.0,0.0,1.0,0.0,7314.755685,17.223045,1021.0,3.0,0.0,229.0,-0.256497,35.806714,128.90417,35.806552,-0.107681,-0.000142,0.484289,0.189348,-0.000309,0.01884,0.496,0.0,0.0,0.0,0.0,0.0,-9999.0,-9999.0,-9999.0,-9999.0,-9999.0,-9999.0,-9999.0,-9999.0,-9999.0,-9999.0,-9999.0,-9999.0,-9999.0,-9999.0
P25_AV0_4_interaction,active_and_state_lat_and_long_zero_last_source_row_continuous_segment,P25,AV0,4,off_ramp,P25_AV0_4,P25_AV0.1.asc,HV4,60,driver_number,18967,1,316116.67,316116.6667,4.0,4.0,28.185466,101.467678,158.0,219.528181,-7317.195192,-0.105314,0.008913,0.0,28.185215,-0.002744,0.0,7317.633561,21.206373,0.055951,1.0,0.0,1.0,0.0,7315.351471,17.257008,1021.0,3.0,0.0,229.0,-0.255308,35.814723,128.933004,35.81458,-0.101469,-0.000147,0.478917,0.17056,-0.000279,0.01884,0.491,0.0,0.0,0.0,0.0,0.0,-9999.0,-9999.0,-9999.0,-9999.0,-9999.0,-9999.0,-9999.0,-9999.0,-9999.0,-9999.0,-9999.0,-9999.0,-9999.0,-9999.0
P25_AV0_4_interaction,active_and_state_lat_and_long_zero_last_source_row_continuous_segment,P25,AV0,4,off_ramp,P25_AV0_4,P25_AV0.1.asc,HV4,60,driver_number,18968,1,316133.33,316133.3336,4.0,4.0,28.185297,101.467068,158.0,219.997937,-7317.664289,-0.015678,0.006914,0.0,28.183588,-0.002649,0.0,7318.102575,21.232597,0.055952,1.0,0.0,1.0,0.0,7315.947388,17.29103,1021.0,3.0,0.0,229.0,-0.254066,35.822641,128.961507,35.822514,-0.095423,-0.000151,0.473239,0.152279,-0.000251,0.018997,0.48875,0.0,0.0,0.0,0.0,0.0,-9999.0,-9999.0,-9999.0,-9999.0,-9999.0,-9999.0,-9999.0,-9999.0,-9999.0,-9999.0,-9999.0,-9999.0,-9999.0,-9999.0
P25_AV0_4_interaction,active_and_state_lat_and_long_zero_last_source_row_continuous_segment,P25,AV0,4,off_ramp,P25_AV0_4,P25_AV0.1.asc,HV4,60,driver_number,18969,1,316150.0,316150.001,4.0,4.0,28.184338,101.463615,158.0,220.467683,-7318.133377,0.003349,0.006667,0.0,28.183568,-0.002533,0.0,7318.571568,21.258822,0.055952,1.0,0.0,1.0,0.0,7316.543433,17.325107,1021.0,3.0,0.0,229.0,-0.252776,35.830493,128.989775,35.830381,-0.089561,-0.000155,0.470746,0.134564,-0.000226,0.018997,0.48875,0.0,0.0,0.0,0.0,0.0,-9999.0,-9999.0,-9999.0,-9999.0,-9999.0,-9999.0,-9999.0,-9999.0,-9999.0,-9999.0,-9999.0,-9999.0,-9999.0,-9999.0
P25_AV0_4_interaction,active_and_state_lat_and_long_zero_last_source_row_continuous_segment,P25,AV0,4,off_ramp,P25_AV0_4,P25_AV0.1.asc,HV4,60,driver_number,18970,1,316166.67,316166.667,4.0,4.0,28.183457,101.460445,158.0,220.937408,-7318.602444,-0.014229,0.003431,0.0,28.183513,-0.002361,0.0,7319.040562,21.285048,0.05595,1.0,0.0,1.0,0.0,7317.139608,17.359233,1021.0,3.0,0.0,229.0,-0.251446,35.838301,129.017882,35.838202,-0.083903,-0.000159,0.467276,0.117463,-0.0002,0.019154,0.48525,0.0,0.0,0.0,0.0,0.0,-9999.0,-9999.0,-9999.0,-9999.0,-9999.0,-9999.0,-9999.0,-9999.0,-9999.0,-9999.0,-9999.0,-9999.0,-9999.0,-9999.0
P25_AV0_4_interaction,active_and_state_lat_and_long_zero_last_source_row_continuous_segment,P25,AV0,4,off_ramp,P25_AV0_4,P25_AV0.1.asc,HV4,60,driver_number,18971,1,316183.33,316183.3336,4.0,4.0,28.183596,101.460945,158.0,221.407134,-7319.071512,-0.012588,0.001252,0.0,28.183298,-0.00221,0.0,7319.509553,21.311276,0.055946,1.0,0.0,1.0,0.0,7317.73591,17.393402,1021.0,3.0,0.0,229.0,-0.250079,35.846049,129.045776,35.845963,-0.07849,-0.000162,0.463793,0.097935,-0.000166,0.02041,0.484,0.0,0.0,0.0,0.0,0.0,-9999.0,-9999.0,-9999.0,-9999.0,-9999.0,-9999.0,-9999.0,-9999.0,-9999.0,-9999.0,-9999.0,-9999.0,-9999.0,-9999.0
P25_AV0_4_interaction,active_and_state_lat_and_long_zero_last_source_row_continuous_segment,P25,AV0,4,off_ramp,P25_AV0_4,P25_AV0.1.asc,HV4,60,driver_number,18972,1,316200.0,316200.0007,4.0,4.0,28.183394,101.46022,158.0,221.876858,-7319.540578,-0.011816,0.000882,0.0,28.183068,-0.002044,0.0,7319.978541,21.337503,0.055941,1.0,0.0,1.0,0.0,7318.332339,17.427609,1021.0,3.0,0.0,229.0,-0.24868,35.85374,129.073464,35.853665,-0.073326,-0.000164,0.460238,0.078755,-0.000124,0.021823,0.48275,0.0,0.0,0.0,0.0,0.0,-9999.0,-9999.0,-9999.0,-9999.0,-9999.0,-9999.0,-9999.0,-9999.0,-9999.0,-9999.0,-9999.0,-9999.0,-9999.0,-9999.0
P25_AV0_4_interaction,active_and_state_lat_and_long_zero_last_source_row_continuous_segment,P25,AV0,4,off_ramp,P25_AV0_4,P25_AV0.1.asc,HV4,60,driver_number,18973,1,316216.67,316216.6676,4.0,4.0,28.183193,101.459495,158.0,222.346579,-7320.00964,-0.018908,-0.001965,0.0,28.182864,-0.001842,0.0,7320.447525,21.363731,0.055934,1.0,0.0,1.0,0.0,7318.928895,17.46185,1021.0,3.0,0.0,229.0,-0.247256,35.861385,129.100985,35.861319,-0.068396,-0.000166,0.457623,0.06375,-9e-05,0.021823,0.48275,0.0,0.0,0.0,0.0,0.0,-9999.0,-9999.0,-9999.0,-9999.0,-9999.0,-9999.0,-9999.0,-9999.0,-9999.0,-9999.0,-9999.0,-9999.0,-9999.0,-9999.0
P25_AV0_4_interaction,active_and_state_lat_and_long_zero_last_source_row_continuous_segment,P25,AV0,4,off_ramp,P25_AV0_4,P25_AV0.1.asc,HV4,60,driver_number,18974,1,316233.34,316233.3359,4.0,4.0,28.182969,101.458689,158.0,222.816295,-7320.478699,-0.009273,-0.003308,0.0,28.182583,-0.00163,0.0,7320.916505,21.389957,0.055925,1.0,0.0,1.0,0.0,7319.525577,17.496117,1021.0,3.0,0.0,229.0,-0.245812,35.868972,129.1283,35.868916,-0.063749,-0.000167,0.453348,0.040559,-4.3e-05,0.025434,0.4785,0.0,0.0,0.0,0.0,0.0,-9999.0,-9999.0,-9999.0,-9999.0,-9999.0,-9999.0,-9999.0,-9999.0,-9999.0,-9999.0,-9999.0,-9999.0,-9999.0,-9999.0
P25_AV0_4_interaction,active_and_state_lat_and_long_zero_last_source_row_continuous_segment,P25,AV0,4,off_ramp,P25_AV0_4,P25_AV0.1.asc,HV4,60,driver_number,18975,1,316250.0,316250.0008,4.0,4.0,28.182706,101.457743,158.0,223.286008,-7320.947754,-0.033658,-0.007332,0.0,28.182439,-0.00143,0.0,7321.385482,21.416182,0.055915,1.0,0.0,1.0,0.0,7320.122384,17.530408,1021.0,3.0,0.0,229.0,-0.244351,35.876477,129.155318,35.876428,-0.05935,-0.000167,0.448926,0.021977,-6e-06,0.027475,0.47525,0.0,0.0,0.0,0.0,0.0,-9999.0,-9999.0,-9999.0,-9999.0,-9999.0,-9999.0,-9999.0,-9999.0,-9999.0,-9999.0,-9999.0,-9999.0,-9999.0,-9999.0
P25_AV0_4_interaction,active_and_state_lat_and_long_zero_last_source_row_continuous_segment,P25,AV0,4,off_ramp,P25_AV0_4,P25_AV0.1.asc,HV4,60,driver_number,18976,1,316266.67,316266.672,4.0,4.0,28.182505,101.457019,158.0,223.755717,-7321.416805,-0.012122,-0.007599,0.0,28.18192,-0.001234,0.0,7321.854454,21.442405,0.055904,1.0,0.0,1.0,0.0,7320.719316,17.564715,1021.0,3.0,0.0,229.0,-0.24288,35.883938,129.182175,35.883895,-0.055138,-0.000167,0.446478,0.009034,1.6e-05,0.027475,0.47525,0.0,0.0,0.0,0.0,0.0,-9999.0,-9999.0,-9999.0,-9999.0,-9999.0,-9999.0,-9999.0,-9999.0,-9999.0,-9999.0,-9999.0,-9999.0,-9999.0,-9999.0
P25_AV0_4_interaction,active_and_state_lat_and_long_zero_last_source_row_continuous_segment,P25,AV0,4,off_ramp,P25_AV0_4,P25_AV0.1.asc,HV4,60,driver_number,18977,1,316283.33,316283.3342,4.0,4.0,28.182159,101.455772,158.0,224.225422,-7321.885852,-0.006923,-0.011596,0.0,28.181755,-0.001019,0.0,7322.32342,21.468625,0.055891,1.0,0.0,1.0,0.0,7321.316372,17.599036,1021.0,3.0,0.0,229.0,-0.241404,35.891326,129.208772,35.891289,-0.05116,-0.000166,0.441247,-0.013038,4.2e-05,0.0314,0.47275,0.0,0.0,0.0,0.0,0.0,-9999.0,-9999.0,-9999.0,-9999.0,-9999.0,-9999.0,-9999.0,-9999.0,-9999.0,-9999.0,-9999.0,-9999.0,-9999.0,-9999.0
P25_AV0_4_interaction,active_and_state_lat_and_long_zero_last_source_row_continuous_segment,P25,AV0,4,off_ramp,P25_AV0_4,P25_AV0.1.asc,HV4,60,driver_number,18978,1,316300.0,316300.0009,4.0,4.0,28.181819,101.454547,158.0,224.69512,-7322.354892,-0.015376,-0.011961,0.0,28.181637,-0.000809,0.0,7322.792383,21.494842,0.055876,1.0,0.0,1.0,0.0,7321.91355,17.633363,1021.0,3.0,0.0,229.0,-0.239927,35.898634,129.235082,35.898603,-0.047358,-0.000166,0.436686,-0.029874,6.1e-05,0.033441,0.4705,0.0,0.0,0.0,0.0,0.0,-9999.0,-9999.0,-9999.0,-9999.0,-9999.0,-9999.0,-9999.0,-9999.0,-9999.0,-9999.0,-9999.0,-9999.0,-9999.0,-9999.0
P25_AV0_4_interaction,active_and_state_lat_and_long_zero_last_source_row_continuous_segment,P25,AV0,4,off_ramp,P25_AV0_4,P25_AV0.1.asc,HV4,60,driver_number,18979,1,316316.67,316316.6675,4.0,4.0,28.181697,101.454111,158.0,225.164815,-7322.82393,-0.013296,-0.016061,0.0,28.181391,-0.000583,0.0,7323.261344,21.521055,0.05586,1.0,0.0,1.0,0.0,7322.510851,17.667694,1021.0,3.0,0.0,229.0,-0.238453,35.905883,129.261177,35.905856,-0.043681,-0.000165,0.433204,-0.041259,6.5e-05,0.033441,0.4705,0.0,0.0,0.0,0.0,0.0,-9999.0,-9999.0,-9999.0,-9999.0,-9999.0,-9999.0,-9999.0,-9999.0,-9999.0,-9999.0,-9999.0,-9999.0,-9999.0,-9999.0
P25_AV0_4_interaction,active_and_state_lat_and_long_zero_last_source_row_continuous_segment,P25,AV0,4,off_ramp,P25_AV0_4,P25_AV0.1.asc,HV4,60,driver_number,18980,1,316333.33,316333.3342,4.0,4.0,28.181509,101.453433,158.0,225.634507,-7323.292966,-0.008695,-0.016992,0.0,28.181186,-0.000352,0.0,7323.730301,21.547263,0.055843,1.0,0.0,1.0,0.0,7323.108273,17.702023,1021.0,3.0,0.0,229.0,-0.236988,35.913057,129.287004,35.913034,-0.040127,-0.000163,0.428737,-0.055773,7e-05,0.034854,0.46875,0.0,0.0,0.0,0.0,0.0,-9999.0,-9999.0,-9999.0,-9999.0,-9999.0,-9999.0,-9999.0,-9999.0,-9999.0,-9999.0,-9999.0,-9999.0,-9999.0,-9999.0
P25_AV0_4_interaction,active_and_state_lat_and_long_zero_last_source_row_continuous_segment,P25,AV0,4,off_ramp,P25_AV0_4,P25_AV0.1.asc,HV4,60,driver_number,18981,1,316350.0,316350.0009,4.0,4.0,28.18128,101.452608,158.0,226.104196,-7323.761998,-0.012114,-0.016787,0.0,28.181045,-0.000102,0.0,7324.199255,21.573467,0.055824,1.0,0.0,1.0,0.0,7323.705814,17.736347,1021.0,3.0,0.0,229.0,-0.235534,35.920175,129.312629,35.920156,-0.036689,-0.000162,0.42623,-0.069923,7.8e-05,0.036267,0.46575,0.0,0.0,0.0,0.0,0.0,-9999.0,-9999.0,-9999.0,-9999.0,-9999.0,-9999.0,-9999.0,-9999.0,-9999.0,-9999.0,-9999.0,-9999.0,-9999.0,-9999.0
P25_AV0_4_interaction,active_and_state_lat_and_long_zero_last_source_row_continuous_segment,P25,AV0,4,off_ramp,P25_AV0_4,P25_AV0.1.asc,HV4,60,driver_number,18982,1,316366.67,316366.667,4.0,4.0,28.181113,101.452008,158.0,226.573882,-7324.231028,-0.016203,-0.018861,0.0,28.180816,0.000161,0.0,7324.668207,21.599665,0.055804,1.0,0.0,1.0,0.0,7324.303476,17.770662,1021.0,3.0,0.0,229.0,-0.234096,35.927259,129.338132,35.927243,-0.033328,-0.000161,0.424126,-0.080256,8.8e-05,0.036267,0.4655,0.0,0.0,0.0,0.0,0.0,-9999.0,-9999.0,-9999.0,-9999.0,-9999.0,-9999.0,-9999.0,-9999.0,-9999.0,-9999.0,-9999.0,-9999.0,-9999.0,-9999.0
P25_AV0_4_interaction,active_and_state_lat_and_long_zero_last_source_row_continuous_segment,P25,AV0,4,off_ramp,P25_AV0_4,P25_AV0.1.asc,HV4,60,driver_number,18983,1,316383.33,316383.3343,4.0,4.0,28.180944,101.4514,158.0,227.043565,-7324.700055,-0.009152,-0.021385,0.0,28.180578,0.000428,0.0,7325.137155,21.625858,0.055783,1.0,0.0,0.0,0.0,7324.901256,17.804964,1021.0,3.0,0.0,229.0,-0.232678,35.934315,129.363534,35.934302,-0.030043,-0.000159,0.422613,-0.090328,0.000107,0.03611,0.4655,0.0,0.0,0.0,0.0,0.0,-9999.0,-9999.0,-9999.0,-9999.0,-9999.0,-9999.0,-9999.0,-9999.0,-9999.0,-9999.0,-9999.0,-9999.0,-9999.0,-9999.0
P25_AV0_4_interaction,active_and_state_lat_and_long_zero_last_source_row_continuous_segment,P25,AV0,4,off_ramp,P25_AV0_4,P25_AV0.1.asc,HV4,60,driver_number,18984,1,316400.0,316400.0007,4.0,4.0,28.180681,101.450451,158.0,227.513244,-7325.169078,-0.012385,-0.021811,0.0,28.180431,0.000678,0.0,7325.606101,21.652045,0.055762,1.0,0.0,0.0,0.0,7325.499155,17.83925,1021.0,3.0,0.0,229.0,-0.231282,35.941317,129.38874,35.941307,-0.026846,-0.000157,0.418181,-0.100118,0.000134,0.03611,0.4655,0.0,0.0,0.0,0.0,0.0,-9999.0,-9999.0,-9999.0,-9999.0,-9999.0,-9999.0,-9999.0,-9999.0,-9999.0,-9999.0,-9999.0,-9999.0,-9999.0,-9999.0
P25_AV0_4_interaction,active_and_state_lat_and_long_zero_last_source_row_continuous_segment,P25,AV0,4,off_ramp,P25_AV0_4,P25_AV0.1.asc,HV4,60,driver_number,18985,1,316416.67,316416.6668,4.0,4.0,28.180501,101.449805,158.0,227.982919,-7325.638099,-0.013381,-0.022727,0.0,28.180229,0.000937,0.0,7326.075043,21.678225,0.055739,1.0,0.0,0.0,0.0,7326.097172,17.873517,1021.0,3.0,0.0,229.0,-0.229911,35.948234,129.413641,35.948226,-0.02375,-0.000154,0.41273,-0.109583,0.000168,0.035482,0.4655,0.0,0.0,0.0,0.0,0.0,-9999.0,-9999.0,-9999.0,-9999.0,-9999.0,-9999.0,-9999.0,-9999.0,-9999.0,-9999.0,-9999.0,-9999.0,-9999.0,-9999.0
P25_AV0_4_interaction,active_and_state_lat_and_long_zero_last_source_row_continuous_segment,P25,AV0,4,off_ramp,P25_AV0_4,P25_AV0.1.asc,HV4,60,driver_number,18986,1,316433.33,316433.3342,4.0,4.0,28.180328,101.44918,158.0,228.452592,-7326.107117,-0.003352,-0.022676,0.0,28.180082,0.001206,0.0,7326.543983,21.7044,0.055717,1.0,0.0,0.0,0.0,7326.695306,17.907763,1021.0,3.0,0.0,229.0,-0.228568,35.95508,129.438288,35.955074,-0.020735,-0.000151,0.40922,-0.116524,0.0002,0.034383,0.46575,0.0,0.0,0.0,0.0,0.0,-9999.0,-9999.0,-9999.0,-9999.0,-9999.0,-9999.0,-9999.0,-9999.0,-9999.0,-9999.0,-9999.0,-9999.0,-9999.0,-9999.0
P25_AV0_4_interaction,active_and_state_lat_and_long_zero_last_source_row_continuous_segment,P25,AV0,4,off_ramp,P25_AV0_4,P25_AV0.1.asc,HV4,60,driver_number,18987,1,316450.0,316450.001,4.0,4.0,28.180118,101.448424,158.0,228.922262,-7326.576132,-0.013142,-0.023159,0.0,28.179988,0.001477,0.0,7327.012921,21.730568,0.055694,1.0,0.0,0.0,0.0,7327.293556,17.941984,1021.0,3.0,0.0,229.0,-0.227255,35.961867,129.46272,35.961862,-0.017819,-0.000148,0.406145,-0.122992,0.000226,0.033441,0.466,0.0,0.0,0.0,0.0,0.0,-9999.0,-9999.0,-9999.0,-9999.0,-9999.0,-9999.0,-9999.0,-9999.0,-9999.0,-9999.0,-9999.0,-9999.0,-9999.0,-9999.0
P25_AV0_4_interaction,active_and_state_lat_and_long_zero_last_source_row_continuous_segment,P25,AV0,4,off_ramp,P25_AV0_4,P25_AV0.1.asc,HV4,60,driver_number,18988,1,316466.67,316466.6667,4.0,4.0,28.180054,101.448193,158.0,229.391929,-7327.045145,-0.021215,-0.023796,0.0,28.17974,0.001734,0.0,7327.481857,21.756729,0.055671,1.0,0.0,0.0,0.0,7327.89192,17.976179,1021.0,3.0,0.0,229.0,-0.225976,35.968605,129.486978,35.968602,-0.014988,-0.000144,0.402895,-0.124826,0.000244,0.030772,0.46575,0.0,0.0,0.0,0.0,0.0,-9999.0,-9999.0,-9999.0,-9999.0,-9999.0,-9999.0,-9999.0,-9999.0,-9999.0,-9999.0,-9999.0,-9999.0,-9999.0,-9999.0
P25_AV0_4_interaction,active_and_state_lat_and_long_zero_last_source_row_continuous_segment,P25,AV0,4,off_ramp,P25_AV0_4,P25_AV0.1.asc,HV4,60,driver_number,18989,1,316483.34,316483.3369,4.0,4.0,28.179879,101.447563,158.0,229.861595,-7327.514157,-0.016832,-0.020967,0.0,28.179361,0.001971,0.0,7327.95079,21.782884,0.055649,1.0,0.0,0.0,0.0,7328.490399,18.010346,1021.0,3.0,0.0,229.0,-0.224731,35.975299,129.511078,35.975297,-0.012311,-0.00014,0.400619,-0.132842,0.000274,0.030772,0.46575,0.0,0.0,0.0,0.0,0.0,-9999.0,-9999.0,-9999.0,-9999.0,-9999.0,-9999.0,-9999.0,-9999.0,-9999.0,-9999.0,-9999.0,-9999.0,-9999.0,-9999.0
P25_AV0_4_interaction,active_and_state_lat_and_long_zero_last_source_row_continuous_segment,P25,AV0,4,off_ramp,P25_AV0_4,P25_AV0.1.asc,HV4,60,driver_number,18990,1,316500.0,316500.001,4.0,4.0,28.179563,101.446427,158.0,230.331255,-7327.983165,-0.008748,-0.022408,0.0,28.179135,0.002216,0.0,7328.419716,21.809033,0.055627,1.0,0.0,0.0,0.0,7329.088991,18.044482,1021.0,3.0,0.0,229.0,-0.223522,35.98195,129.535019,35.981948,-0.009767,-0.000135,0.397757,-0.135287,0.000301,0.028731,0.4655,0.0,0.0,0.0,0.0,0.0,-9999.0,-9999.0,-9999.0,-9999.0,-9999.0,-9999.0,-9999.0,-9999.0,-9999.0,-9999.0,-9999.0,-9999.0,-9999.0,-9999.0
P25_AV0_4_interaction,active_and_state_lat_and_long_zero_last_source_row_continuous_segment,P25,AV0,4,off_ramp,P25_AV0_4,P25_AV0.1.asc,HV4,60,driver_number,18991,1,316516.67,316516.6677,4.0,4.0,28.179221,101.445195,158.0,230.80091,-7328.452167,-0.01591,-0.023198,0.0,28.178958,0.002415,0.0,7328.888639,21.835176,0.055607,1.0,0.0,0.0,0.0,7329.687696,18.078587,1021.0,3.0,0.0,229.0,-0.222352,35.988541,129.558748,35.98854,-0.007379,-0.00013,0.394104,-0.134938,0.000318,0.025748,0.46575,0.0,0.0,0.0,0.0,0.0,-9999.0,-9999.0,-9999.0,-9999.0,-9999.0,-9999.0,-9999.0,-9999.0,-9999.0,-9999.0,-9999.0,-9999.0,-9999.0,-9999.0
P25_AV0_4_interaction,active_and_state_lat_and_long_zero_last_source_row_continuous_segment,P25,AV0,4,off_ramp,P25_AV0_4,P25_AV0.1.asc,HV4,60,driver_number,18992,1,316533.33,316533.3335,4.0,4.0,28.179062,101.444624,158.0,231.270562,-7328.921166,-0.016835,-0.022737,0.0,28.178685,0.002606,0.0,7329.35756,21.861312,0.055587,1.0,0.0,0.0,0.0,7330.286513,18.112658,1021.0,3.0,0.0,229.0,-0.22122,35.99509,129.582323,35.995089,-0.005195,-0.000124,0.392274,-0.141346,0.000348,0.025748,0.46575,0.0,0.0,0.0,0.0,0.0,-9999.0,-9999.0,-9999.0,-9999.0,-9999.0,-9999.0,-9999.0,-9999.0,-9999.0,-9999.0,-9999.0,-9999.0,-9999.0,-9999.0
P25_AV0_4_interaction,active_and_state_lat_and_long_zero_last_source_row_continuous_segment,P25,AV0,4,off_ramp,P25_AV0_4,P25_AV0.1.asc,HV4,60,driver_number,18993,1,316550.0,316550.0001,4.0,4.0,28.178825,101.44377,158.0,231.74021,-7329.390163,-0.010394,-0.022904,0.0,28.17847,0.002743,0.0,7329.826476,21.887441,0.055568,1.0,0.0,0.0,0.0,7330.885442,18.146695,1021.0,3.0,0.0,229.0,-0.220129,36.00162,129.605834,36.00162,-0.003182,-0.000118,0.391646,-0.137829,0.000359,0.02198,0.46575,0.0,0.0,0.0,0.0,0.0,-9999.0,-9999.0,-9999.0,-9999.0,-9999.0,-9999.0,-9999.0,-9999.0,-9999.0,-9999.0,-9999.0,-9999.0,-9999.0,-9999.0
P25_AV0_4_interaction,active_and_state_lat_and_long_zero_last_source_row_continuous_segment,P25,AV0,4,off_ramp,P25_AV0_4,P25_AV0.1.asc,HV4,60,driver_number,18994,1,316566.67,316566.6676,4.0,4.0,28.178545,101.442762,158.0,232.209853,-7329.859155,0.13654,-0.02317,0.0,28.178964,0.002861,0.0,7330.295389,21.913565,0.055551,1.0,0.0,0.0,0.0,7331.484481,18.180698,1021.0,3.0,0.0,229.0,-0.219079,36.008146,129.629326,36.008146,-0.001363,-0.000112,0.391512,-0.136043,0.00037,0.019154,0.46575,0.0,0.0,0.0,0.0,0.0,-9999.0,-9999.0,-9999.0,-9999.0,-9999.0,-9999.0,-9999.0,-9999.0,-9999.0,-9999.0,-9999.0,-9999.0,-9999.0,-9999.0
P25_AV0_4_interaction,active_and_state_lat_and_long_zero_last_source_row_continuous_segment,P25,AV0,4,off_ramp,P25_AV0_4,P25_AV0.1.asc,HV4,60,driver_number,18995,1,316583.33,316583.3341,4.0,4.0,28.178383,101.44218,158.0,232.679494,-7330.328144,0.015897,-0.021812,0.0,28.180673,0.002957,0.0,7330.764321,21.939684,0.055534,1.0,0.0,0.0,0.0,7332.083632,18.214665,1021.0,3.0,0.0,229.0,-0.218069,36.014671,129.652817,36.014671,0.00025,-0.000106,0.391592,-0.132806,0.000381,0.016014,0.46575,0.0,0.0,0.0,0.0,0.0,-9999.0,-9999.0,-9999.0,-9999.0,-9999.0,-9999.0,-9999.0,-9999.0,-9999.0,-9999.0,-9999.0,-9999.0,-9999.0,-9999.0
P25_AV0_4_interaction,active_and_state_lat_and_long_zero_last_source_row_continuous_segment,P25,AV0,4,off_ramp,P25_AV0_4,P25_AV0.1.asc,HV4,60,driver_number,18996,1,316600.0,316600.0009,4.0,4.0,28.180102,101.448367,158.0,233.149152,-7330.797152,-0.020477,-0.021833,0.0,28.180732,0.00302,0.0,7331.233274,21.965798,0.055519,1.0,0.0,0.0,0.0,7332.682893,18.248598,1021.0,3.0,0.0,229.0,-0.217101,36.021201,129.676322,36.0212,0.00159,-9.9e-05,0.391905,-0.136551,0.000395,0.016014,0.46575,0.0,0.0,0.0,0.0,0.0,-9999.0,-9999.0,-9999.0,-9999.0,-9999.0,-9999.0,-9999.0,-9999.0,-9999.0,-9999.0,-9999.0,-9999.0,-9999.0,-9999.0
P25_AV0_4_interaction,active_and_state_lat_and_long_zero_last_source_row_continuous_segment,P25,AV0,4,off_ramp,P25_AV0_4,P25_AV0.1.asc,HV4,60,driver_number,18997,1,316616.67,316616.6677,4.0,4.0,28.180805,101.450898,158.0,233.618831,-7331.266181,-0.024376,-0.022587,0.0,28.180367,0.003032,0.0,7331.702225,21.991906,0.055506,1.0,0.0,0.0,0.0,7333.282265,18.282495,1021.0,3.0,0.0,229.0,-0.216174,36.027735,129.699846,36.027735,0.002835,-9.3e-05,0.392105,-0.113683,0.000384,0.005495,0.466,0.0,0.0,0.0,0.0,0.0,-9999.0,-9999.0,-9999.0,-9999.0,-9999.0,-9999.0,-9999.0,-9999.0,-9999.0,-9999.0,-9999.0,-9999.0,-9999.0,-9999.0
P25_AV0_4_interaction,active_and_state_lat_and_long_zero_last_source_row_continuous_segment,P25,AV0,4,off_ramp,P25_AV0_4,P25_AV0.1.asc,HV4,60,driver_number,18998,1,316633.33,316633.3343,4.0,4.0,28.180561,101.45002,158.0,234.088508,-7331.735208,-0.015175,-0.022527,0.0,28.180002,0.003003,0.0,7332.17117,22.018008,0.055494,1.0,0.0,0.0,0.0,7333.881748,18.31636,1021.0,3.0,0.0,229.0,-0.215286,36.034268,129.723364,36.034267,0.003851,-8.6e-05,0.391916,-0.101104,0.000376,-0.000628,0.46575,0.0,0.0,0.0,0.0,0.0,-9999.0,-9999.0,-9999.0,-9999.0,-9999.0,-9999.0,-9999.0,-9999.0,-9999.0,-9999.0,-9999.0,-9999.0,-9999.0,-9999.0
P25_AV0_4_interaction,active_and_state_lat_and_long_zero_last_source_row_continuous_segment,P25,AV0,4,off_ramp,P25_AV0_4,P25_AV0.1.asc,HV4,60,driver_number,18999,1,316650.0,316650.0008,4.0,4.0,28.180164,101.448591,158.0,234.558179,-7332.204229,-0.020112,-0.020388,0.0,28.179729,0.00295,0.0,7332.64011,22.044104,0.055482,1.0,0.0,0.0,0.0,7334.481342,18.350194,1021.0,3.0,0.0,229.0,-0.214434,36.040798,129.746872,36.040797,0.00459,-8e-05,0.39172,-0.086433,0.000377,-0.007222,0.46575,0.002198,0.0,0.0,0.0,0.0,-9999.0,-9999.0,-9999.0,-9999.0,-9999.0,-9999.0,-9999.0,-9999.0,-9999.0,-9999.0,-9999.0,-9999.0,-9999.0,-9999.0
P25_AV0_4_interaction,active_and_state_lat_and_long_zero_last_source_row_continuous_segment,P25,AV0,4,off_ramp,P25_AV0_4,P25_AV0.1.asc,HV4,60,driver_number,19000,1,316666.67,316666.6674,4.0,4.0,28.179875,101.447551,158.0,235.027845,-7332.673246,-0.013284,-0.020583,0.0,28.179423,0.002902,0.0,7333.109046,22.070194,0.055472,1.0,0.0,0.0,0.0,7335.081046,18.384,1021.0,3.0,0.0,229.0,-0.213616,36.047059,129.769411,36.047058,0.004997,-7.2e-05,0.370791,-0.071474,0.000417,-0.013502,0.46575,0.0,0.0,0.0,0.0,0.0,-9999.0,-9999.0,-9999.0,-9999.0,-9999.0,-9999.0,-9999.0,-9999.0,-9999.0,-9999.0,-9999.0,-9999.0,-9999.0,-9999.0
P25_AV0_4_interaction,active_and_state_lat_and_long_zero_last_source_row_continuous_segment,P25,AV0,4,off_ramp,P25_AV0_4,P25_AV0.1.asc,HV4,60,driver_number,19001,1,316683.33,316683.3346,4.0,4.0,28.179561,101.446421,158.0,235.497506,-7333.142258,-0.009079,-0.022079,0.0,28.179241,0.002826,0.0,7333.577977,22.096278,0.055462,1.0,0.0,0.0,0.0,7335.680857,18.417782,1021.0,3.0,0.0,229.0,-0.212829,36.05349,129.792563,36.053489,0.004996,-6.6e-05,0.390454,-0.057986,0.000394,-0.018683,0.46575,0.0,0.0,0.0,0.0,0.0,-9999.0,-9999.0,-9999.0,-9999.0,-9999.0,-9999.0,-9999.0,-9999.0,-9999.0,-9999.0,-9999.0,-9999.0,-9999.0,-9999.0
P25_AV0_4_interaction,active_and_state_lat_and_long_zero_last_source_row_continuous_segment,P25,AV0,4,off_ramp,P25_AV0_4,P25_AV0.1.asc,HV4,60,driver_number,19002,1,316700.0,316700.0006,4.0,4.0,28.179312,101.445524,158.0,235.967162,-7333.611265,-0.002167,-0.020847,0.0,28.179134,0.00271,0.0,7334.046906,22.122356,0.055454,1.0,0.0,0.0,0.0,7336.280777,18.451542,1021.0,3.0,0.0,229.0,-0.212069,36.060008,129.816027,36.060007,0.004515,-6e-05,0.391255,-0.045834,0.000318,-0.022765,0.46575,0.0,0.0,0.0,0.0,0.0,-9999.0,-9999.0,-9999.0,-9999.0,-9999.0,-9999.0,-9999.0,-9999.0,-9999.0,-9999.0,-9999.0,-9999.0,-9999.0,-9999.0
P25_AV0_4_interaction,active_and_state_lat_and_long_zero_last_source_row_continuous_segment,P25,AV0,4,off_ramp,P25_AV0_4,P25_AV0.1.asc,HV4,60,driver_number,19003,1,316716.67,316716.6668,4.0,4.0,28.179166,101.444997,158.0,236.436815,-7334.080271,-0.008764,-0.019878,0.0,28.179081,0.002599,0.0,7334.515834,22.148429,0.055445,1.0,0.0,1.0,0.0,7336.880806,18.485284,1021.0,3.0,0.0,229.0,-0.211333,36.066529,129.839503,36.066528,0.003505,-5.5e-05,0.391255,-0.034888,0.000262,-0.025748,0.46575,0.0,0.0,0.0,0.0,0.0,-9999.0,-9999.0,-9999.0,-9999.0,-9999.0,-9999.0,-9999.0,-9999.0,-9999.0,-9999.0,-9999.0,-9999.0,-9999.0,-9999.0
P25_AV0_4_interaction,active_and_state_lat_and_long_zero_last_source_row_continuous_segment,P25,AV0,4,off_ramp,P25_AV0_4,P25_AV0.1.asc,HV4,60,driver_number,19004,1,316733.33,316733.3344,4.0,4.0,28.179116,101.444817,158.0,236.906467,-7334.549275,-0.011925,-0.01916,0.0,28.178875,0.002491,0.0,7334.984761,22.174495,0.055438,1.0,0.0,1.0,0.0,7337.480944,18.51901,1021.0,3.0,0.0,229.0,-0.210618,36.073048,129.862972,36.073048,0.001935,-5.2e-05,0.391091,-0.026243,0.000215,-0.027161,0.46575,0.0,0.0,0.0,0.0,0.0,-9999.0,-9999.0,-9999.0,-9999.0,-9999.0,-9999.0,-9999.0,-9999.0,-9999.0,-9999.0,-9999.0,-9999.0,-9999.0,-9999.0
P25_AV0_4_interaction,active_and_state_lat_and_long_zero_last_source_row_continuous_segment,P25,AV0,4,off_ramp,P25_AV0_4,P25_AV0.1.asc,HV4,60,driver_number,19005,1,316750.0,316750.0046,4.0,4.0,28.179008,101.444429,158.0,237.376118,-7335.018278,-0.014612,-0.018578,0.0,28.17866,0.002383,0.0,7335.453684,22.200556,0.05543,1.0,0.0,1.0,0.0,7338.081192,18.552725,1021.0,3.0,0.0,229.0,-0.209922,36.079564,129.886429,36.079564,-0.000213,-4.9e-05,0.390871,-0.019505,0.00016,-0.027161,0.46575,0.0,0.0,0.0,0.0,0.0,-9999.0,-9999.0,-9999.0,-9999.0,-9999.0,-9999.0,-9999.0,-9999.0,-9999.0,-9999.0,-9999.0,-9999.0,-9999.0,-9999.0
P25_AV0_4_interaction,active_and_state_lat_and_long_zero_last_source_row_continuous_segment,P25,AV0,4,off_ramp,P25_AV0_4,P25_AV0.1.asc,HV4,60,driver_number,19006,1,316766.67,316766.6676,4.0,4.0,28.178776,101.443592,158.0,237.845765,-7335.487279,-0.011546,-0.018059,0.0,28.178435,0.002276,0.0,7335.922604,22.226612,0.055423,1.0,0.0,1.0,0.0,7338.68155,18.58643,1021.0,3.0,0.0,229.0,-0.209241,36.086076,129.909872,36.086075,-0.002906,-4.6e-05,0.390631,-0.011254,9.5e-05,-0.02669,0.46575,0.0,0.0,0.0,0.0,0.0,-9999.0,-9999.0,-9999.0,-9999.0,-9999.0,-9999.0,-9999.0,-9999.0,-9999.0,-9999.0,-9999.0,-9999.0,-9999.0,-9999.0
P25_AV0_4_interaction,active_and_state_lat_and_long_zero_last_source_row_continuous_segment,P25,AV0,4,off_ramp,P25_AV0_4,P25_AV0.1.asc,HV4,60,driver_number,19007,1,316783.33,316783.3341,4.0,4.0,28.178538,101.442737,158.0,238.315408,-7335.956275,-0.014922,-0.017573,0.0,28.178245,0.00217,0.0,7336.391521,22.252663,0.055416,1.0,0.0,1.0,0.0,7339.282016,18.620128,1021.0,3.0,0.0,229.0,-0.208573,36.092586,129.933309,36.092585,-0.006075,-4.6e-05,0.390651,-0.001872,3.4e-05,-0.026062,0.46575,0.0,0.0,0.0,0.0,0.0,-9999.0,-9999.0,-9999.0,-9999.0,-9999.0,-9999.0,-9999.0,-9999.0,-9999.0,-9999.0,-9999.0,-9999.0,-9999.0,-9999.0
P25_AV0_4_interaction,active_and_state_lat_and_long_zero_last_source_row_continuous_segment,P25,AV0,4,off_ramp,P25_AV0_4,P25_AV0.1.asc,HV4,60,driver_number,19008,1,316800.0,316800.0001,4.0,4.0,28.178339,101.44202,158.0,238.785048,-7336.425269,-0.015234,-0.017111,0.0,28.178004,0.002067,0.0,7336.860434,22.278708,0.05541,1.0,0.0,1.0,0.0,7339.882591,18.653822,1021.0,3.0,0.0,229.0,-0.207915,36.099094,129.956737,36.099092,-0.009659,-4.5e-05,0.390318,0.008165,-1.4e-05,-0.025748,0.46575,0.0,0.0,0.0,0.0,0.0,-9999.0,-9999.0,-9999.0,-9999.0,-9999.0,-9999.0,-9999.0,-9999.0,-9999.0,-9999.0,-9999.0,-9999.0,-9999.0,-9999.0
P25_AV0_4_interaction,active_and_state_lat_and_long_zero_last_source_row_continuous_segment,P25,AV0,4,off_ramp,P25_AV0_4,P25_AV0.1.asc,HV4,60,driver_number,19009,1,316816.67,316816.6677,4.0,4.0,28.178121,101.441236,158.0,239.254684,-7336.894259,-0.013951,-0.016675,0.0,28.177731,0.001969,0.0,7337.329344,22.304749,0.055403,1.0,0.0,1.0,0.0,7340.483275,18.687517,1021.0,3.0,0.0,229.0,-0.207262,36.105595,129.980144,36.105593,-0.013594,-4.6e-05,0.390016,0.019973,-4.5e-05,-0.025748,0.46575,0.0,0.0,0.0,0.0,0.0,-9999.0,-9999.0,-9999.0,-9999.0,-9999.0,-9999.0,-9999.0,-9999.0,-9999.0,-9999.0,-9999.0,-9999.0,-9999.0,-9999.0
P25_AV0_4_interaction,active_and_state_lat_and_long_zero_last_source_row_continuous_segment,P25,AV0,4,off_ramp,P25_AV0_4,P25_AV0.1.asc,HV4,60,driver_number,19010,1,316833.33,316833.3341,4.0,4.0,28.177877,101.440358,158.0,239.724316,-7337.363246,-0.012807,-0.016268,0.0,28.177494,0.001877,0.0,7337.79825,22.330784,0.055396,1.0,0.0,1.0,0.0,7341.084068,18.721214,1021.0,3.0,0.0,229.0,-0.206613,36.112093,130.003535,36.112089,-0.017812,-4.7e-05,0.389787,0.032604,-6.5e-05,-0.025748,0.46575,0.0,0.0,0.0,0.0,0.0,-9999.0,-9999.0,-9999.0,-9999.0,-9999.0,-9999.0,-9999.0,-9999.0,-9999.0,-9999.0,-9999.0,-9999.0,-9999.0,-9999.0
P25_AV0_4_interaction,active_and_state_lat_and_long_zero_last_source_row_continuous_segment,P25,AV0,4,off_ramp,P25_AV0_4,P25_AV0.1.asc,HV4,60,driver_number,19011,1,316850.02,316850.0223,4.0,4.0,28.177615,101.439414,158.0,240.193944,-7337.832229,-0.017116,-0.015893,0.0,28.177303,0.001791,0.0,7338.267152,22.356815,0.05539,1.0,0.0,1.0,0.0,7341.684968,18.754919,1021.0,3.0,0.0,229.0,-0.205961,36.118586,130.026911,36.11858,-0.022262,-4.8e-05,0.389533,0.045891,-8e-05,-0.025748,0.46575,0.0,0.0,0.0,0.0,0.0,-9999.0,-9999.0,-9999.0,-9999.0,-9999.0,-9999.0,-9999.0,-9999.0,-9999.0,-9999.0,-9999.0,-9999.0,-9999.0,-9999.0
P25_AV0_4_interaction,active_and_state_lat_and_long_zero_last_source_row_continuous_segment,P25,AV0,4,off_ramp,P25_AV0_4,P25_AV0.1.asc,HV4,60,driver_number,19012,1,316866.67,316866.6672,4.0,4.0,28.177388,101.438595,158.0,240.663568,-7338.301208,-0.016595,-0.016748,0.0,28.176968,0.001698,0.0,7338.736051,22.382841,0.055383,1.0,0.0,1.0,0.0,7342.285976,18.788636,1021.0,3.0,0.0,229.0,-0.205305,36.125075,130.050272,36.125065,-0.026899,-5e-05,0.389288,0.058924,-9.5e-05,-0.025434,0.46575,0.0,0.0,0.0,0.0,0.0,-9999.0,-9999.0,-9999.0,-9999.0,-9999.0,-9999.0,-9999.0,-9999.0,-9999.0,-9999.0,-9999.0,-9999.0,-9999.0,-9999.0
P25_AV0_4_interaction,active_and_state_lat_and_long_zero_last_source_row_continuous_segment,P25,AV0,4,off_ramp,P25_AV0_4,P25_AV0.1.asc,HV4,60,driver_number,19013,1,316883.33,316883.3334,4.0,4.0,28.177161,101.437779,158.0,241.133189,-7338.770184,0.000872,-0.015933,0.0,28.176842,0.001614,0.0,7339.204944,22.408862,0.055377,1.0,0.0,1.0,0.0,7342.887092,18.822368,1021.0,3.0,0.0,229.0,-0.204638,36.13156,130.073617,36.131546,-0.031677,-5.1e-05,0.389054,0.073127,-0.000109,-0.025434,0.46575,0.0,0.0,0.0,0.0,0.0,-9999.0,-9999.0,-9999.0,-9999.0,-9999.0,-9999.0,-9999.0,-9999.0,-9999.0,-9999.0,-9999.0,-9999.0,-9999.0,-9999.0
P25_AV0_4_interaction,active_and_state_lat_and_long_zero_last_source_row_continuous_segment,P25,AV0,4,off_ramp,P25_AV0_4,P25_AV0.1.asc,HV4,60,driver_number,19014,1,316900.0,316900.0007,4.0,4.0,28.176829,101.436585,158.0,241.602803,-7339.239155,-0.008676,-0.015435,0.0,28.176795,0.001548,0.0,7339.673837,22.434879,0.05537,1.0,0.0,1.0,0.0,7343.488315,18.85612,1021.0,3.0,0.0,229.0,-0.203958,36.138041,130.096947,36.138022,-0.036565,-5.3e-05,0.388832,0.085676,-0.000127,-0.024649,0.46575,0.0,0.0,0.0,0.0,0.0,-9999.0,-9999.0,-9999.0,-9999.0,-9999.0,-9999.0,-9999.0,-9999.0,-9999.0,-9999.0,-9999.0,-9999.0,-9999.0,-9999.0
P25_AV0_4_interaction,active_and_state_lat_and_long_zero_last_source_row_continuous_segment,P25,AV0,4,off_ramp,P25_AV0_4,P25_AV0.1.asc,HV4,60,driver_number,19015,1,316916.67,316916.6675,4.0,4.0,28.176849,101.436656,158.0,242.072418,-7339.708125,-0.016946,-0.015167,0.0,28.176646,0.001495,0.0,7340.142729,22.460891,0.055362,1.0,0.0,1.0,0.0,7344.089644,18.889896,1021.0,3.0,0.0,229.0,-0.203259,36.144517,130.120262,36.144493,-0.041509,-5.6e-05,0.388611,0.09957,-0.000146,-0.024335,0.46525,0.0,0.0,0.0,0.0,0.0,-9999.0,-9999.0,-9999.0,-9999.0,-9999.0,-9999.0,-9999.0,-9999.0,-9999.0,-9999.0,-9999.0,-9999.0,-9999.0,-9999.0
P25_AV0_4_interaction,active_and_state_lat_and_long_zero_last_source_row_continuous_segment,P25,AV0,4,off_ramp,P25_AV0_4,P25_AV0.1.asc,HV4,60,driver_number,19016,1,316933.33,316933.3339,4.0,4.0,28.176723,101.436202,158.0,242.54203,-7340.177094,-0.01016,-0.015005,0.0,28.176377,0.00145,0.0,7340.611618,22.486898,0.055355,1.0,0.0,1.0,0.0,7344.69108,18.923701,1021.0,3.0,0.0,229.0,-0.202538,36.150989,130.143562,36.15096,-0.046468,-5.8e-05,0.388386,0.11351,-0.000162,-0.024021,0.46475,0.0,0.0,0.0,0.0,0.0,-9999.0,-9999.0,-9999.0,-9999.0,-9999.0,-9999.0,-9999.0,-9999.0,-9999.0,-9999.0,-9999.0,-9999.0,-9999.0,-9999.0
P25_AV0_4_interaction,active_and_state_lat_and_long_zero_last_source_row_continuous_segment,P25,AV0,4,off_ramp,P25_AV0_4,P25_AV0.1.asc,HV4,60,driver_number,19017,1,316950.0,316950.0009,4.0,4.0,28.176505,101.435418,158.0,243.01164,-7340.64606,-0.007592,-0.014894,0.0,28.176188,0.001413,0.0,7341.080503,22.512902,0.055348,1.0,0.0,1.0,0.0,7345.292622,18.957539,1021.0,3.0,0.0,229.0,-0.201789,36.157457,130.166846,36.157421,-0.051408,-6.1e-05,0.388162,0.127396,-0.000175,-0.023707,0.46475,0.0,0.0,0.0,0.0,0.0,-9999.0,-9999.0,-9999.0,-9999.0,-9999.0,-9999.0,-9999.0,-9999.0,-9999.0,-9999.0,-9999.0,-9999.0,-9999.0,-9999.0
P25_AV0_4_interaction,active_and_state_lat_and_long_zero_last_source_row_continuous_segment,P25,AV0,4,off_ramp,P25_AV0_4,P25_AV0.1.asc,HV4,60,driver_number,19018,1,316966.67,316966.6676,4.0,4.0,28.176293,101.434654,158.0,243.481245,-7341.115023,-0.004633,-0.013614,0.0,28.176108,0.001397,0.0,7341.549385,22.5389,0.05534,1.0,0.0,1.0,0.0,7345.894271,18.991414,1021.0,3.0,0.0,229.0,-0.20101,36.163921,130.190115,36.163877,-0.056296,-6.4e-05,0.387947,0.141139,-0.000185,-0.023393,0.4645,0.0,0.0,0.0,0.0,0.0,-9999.0,-9999.0,-9999.0,-9999.0,-9999.0,-9999.0,-9999.0,-9999.0,-9999.0,-9999.0,-9999.0,-9999.0,-9999.0,-9999.0
P25_AV0_4_interaction,active_and_state_lat_and_long_zero_last_source_row_continuous_segment,P25,AV0,4,off_ramp,P25_AV0_4,P25_AV0.1.asc,HV4,60,driver_number,19019,1,316983.33,316983.3335,4.0,4.0,28.176125,101.43405,158.0,243.950848,-7341.583983,-0.008721,-0.014059,0.0,28.176005,0.001385,0.0,7342.018266,22.564895,0.055332,1.0,0.0,1.0,0.0,7346.496024,19.02533,1021.0,3.0,0.0,229.0,-0.200194,36.17038,130.213369,36.170329,-0.0611,-6.7e-05,0.387728,0.155428,-0.000188,-0.023393,0.4645,0.0,0.0,0.0,0.0,0.0,-9999.0,-9999.0,-9999.0,-9999.0,-9999.0,-9999.0,-9999.0,-9999.0,-9999.0,-9999.0,-9999.0,-9999.0,-9999.0,-9999.0
P25_AV0_4_interaction,active_and_state_lat_and_long_zero_last_source_row_continuous_segment,P25,AV0,4,off_ramp,P25_AV0_4,P25_AV0.1.asc,HV4,60,driver_number,19020,1,317000.0,317000.0007,4.0,4.0,28.17607,101.433851,158.0,244.420449,-7342.052942,-0.034765,-0.013049,0.0,28.175858,0.001382,0.0,7342.487146,22.590886,0.055324,1.0,0.0,1.0,0.0,7347.097884,19.059292,1021.0,3.0,0.0,229.0,-0.199339,36.176835,130.236607,36.176775,-0.06581,-7e-05,0.387513,0.167868,-0.000188,-0.022765,0.4645,0.0,0.0,0.0,0.0,0.0,-9999.0,-9999.0,-9999.0,-9999.0,-9999.0,-9999.0,-9999.0,-9999.0,-9999.0,-9999.0,-9999.0,-9999.0,-9999.0,-9999.0
P25_AV0_4_interaction,active_and_state_lat_and_long_zero_last_source_row_continuous_segment,P25,AV0,4,off_ramp,P25_AV0_4,P25_AV0.1.asc,HV4,60,driver_number,19021,1,317016.67,317016.6674,4.0,4.0,28.175932,101.433355,158.0,244.890049,-7342.521899,-0.033406,-0.012364,0.0,28.175106,0.001391,0.0,7342.956022,22.616873,0.055317,1.0,0.0,1.0,0.0,7347.699847,19.093304,1021.0,3.0,0.0,229.0,-0.19844,36.183188,130.259477,36.18312,-0.070398,-7.3e-05,0.370412,0.179961,-0.000123,-0.022137,0.4645,0.002198,0.0,0.0,0.0,0.0,-9999.0,-9999.0,-9999.0,-9999.0,-9999.0,-9999.0,-9999.0,-9999.0,-9999.0,-9999.0,-9999.0,-9999.0,-9999.0,-9999.0
P25_AV0_4_interaction,active_and_state_lat_and_long_zero_last_source_row_continuous_segment,P25,AV0,4,off_ramp,P25_AV0_4,P25_AV0.1.asc,HV4,60,driver_number,19022,1,317033.33,317033.3338,4.0,4.0,28.175568,101.432045,158.0,245.359644,-7342.990853,-0.000133,-0.011347,0.0,28.174793,0.00139,0.0,7343.424885,22.642856,0.055309,1.0,0.0,1.0,0.0,7348.301914,19.12737,1021.0,3.0,0.0,229.0,-0.197493,36.189292,130.28145,36.189214,-0.074834,-7.5e-05,0.365682,0.192805,-0.000128,-0.02198,0.4645,0.0,0.0,0.0,0.0,0.0,-9999.0,-9999.0,-9999.0,-9999.0,-9999.0,-9999.0,-9999.0,-9999.0,-9999.0,-9999.0,-9999.0,-9999.0,-9999.0,-9999.0
P25_AV0_4_interaction,active_and_state_lat_and_long_zero_last_source_row_continuous_segment,P25,AV0,4,off_ramp,P25_AV0_4,P25_AV0.1.asc,HV4,60,driver_number,19023,1,317050.01,317050.0052,4.0,4.0,28.174827,101.429379,158.0,245.829227,-7343.459794,-0.006439,-0.010621,0.0,28.174754,0.001398,0.0,7343.893746,22.668836,0.055302,1.0,0.0,0.0,0.0,7348.904081,19.161492,1021.0,3.0,0.0,229.0,-0.196495,36.195636,130.304288,36.195549,-0.079096,-7.8e-05,0.385641,0.205565,-0.000157,-0.02198,0.4645,0.0,0.0,0.0,0.0,0.0,-9999.0,-9999.0,-9999.0,-9999.0,-9999.0,-9999.0,-9999.0,-9999.0,-9999.0,-9999.0,-9999.0,-9999.0,-9999.0,-9999.0
P25_AV0_4_interaction,active_and_state_lat_and_long_zero_last_source_row_continuous_segment,P25,AV0,4,off_ramp,P25_AV0_4,P25_AV0.1.asc,HV4,60,driver_number,19024,1,317066.67,317066.6676,4.0,4.0,28.174792,101.429251,158.0,246.298806,-7343.928732,-0.007758,-0.011721,0.0,28.17464,0.001408,0.0,7344.362606,22.694812,0.055295,1.0,0.0,0.0,0.0,7349.506349,19.195676,1021.0,3.0,0.0,229.0,-0.195441,36.202064,130.327432,36.201969,-0.083171,-8.1e-05,0.38637,0.217782,-0.00021,-0.02198,0.46325,0.0,0.0,0.0,0.0,0.0,-9999.0,-9999.0,-9999.0,-9999.0,-9999.0,-9999.0,-9999.0,-9999.0,-9999.0,-9999.0,-9999.0,-9999.0,-9999.0,-9999.0
P25_AV0_4_interaction,active_and_state_lat_and_long_zero_last_source_row_continuous_segment,P25,AV0,4,off_ramp,P25_AV0_4,P25_AV0.1.asc,HV4,60,driver_number,19025,1,317083.34,317083.3444,4.0,4.0,28.174701,101.428922,158.0,246.768385,-7344.39767,-0.004292,-0.010892,0.0,28.174508,0.001408,0.0,7344.831463,22.720786,0.055289,1.0,0.0,0.0,0.0,7350.108721,19.229925,1021.0,3.0,0.0,229.0,-0.194327,36.208491,130.350566,36.208386,-0.087054,-8.5e-05,0.385852,0.229446,-0.000207,-0.02198,0.46325,0.0,0.0,0.0,0.0,0.0,-9999.0,-9999.0,-9999.0,-9999.0,-9999.0,-9999.0,-9999.0,-9999.0,-9999.0,-9999.0,-9999.0,-9999.0,-9999.0,-9999.0
P25_AV0_4_interaction,active_and_state_lat_and_long_zero_last_source_row_continuous_segment,P25,AV0,4,off_ramp,P25_AV0_4,P25_AV0.1.asc,HV4,60,driver_number,19026,1,317100.0,317100.0008,4.0,4.0,28.174575,101.42847,158.0,247.237962,-7344.866606,-0.010892,-0.008965,0.0,28.174397,0.001424,0.0,7345.30032,22.746756,0.055283,1.0,0.0,0.0,0.0,7350.711196,19.264242,1021.0,3.0,0.0,229.0,-0.193151,36.214903,130.373649,36.214789,-0.090744,-8.8e-05,0.38492,0.240156,-0.000166,-0.021823,0.46325,0.0,0.0,0.0,0.0,0.0,-9999.0,-9999.0,-9999.0,-9999.0,-9999.0,-9999.0,-9999.0,-9999.0,-9999.0,-9999.0,-9999.0,-9999.0,-9999.0,-9999.0
P25_AV0_4_interaction,active_and_state_lat_and_long_zero_last_source_row_continuous_segment,P25,AV0,4,off_ramp,P25_AV0_4,P25_AV0.1.asc,HV4,60,driver_number,19027,1,317116.67,317116.6676,4.0,4.0,28.174473,101.428101,158.0,247.707537,-7345.33554,-0.008654,-0.010016,0.0,28.17423,0.001421,0.0,7345.769174,22.772724,0.055277,1.0,0.0,0.0,0.0,7351.313774,19.298631,1021.0,3.0,0.0,229.0,-0.191909,36.221301,130.396684,36.221178,-0.094232,-9e-05,0.384356,0.250684,-0.000114,-0.021823,0.46325,0.0,0.0,0.0,0.0,0.0,-9999.0,-9999.0,-9999.0,-9999.0,-9999.0,-9999.0,-9999.0,-9999.0,-9999.0,-9999.0,-9999.0,-9999.0,-9999.0,-9999.0
P25_AV0_4_interaction,active_and_state_lat_and_long_zero_last_source_row_continuous_segment,P25,AV0,4,off_ramp,P25_AV0_4,P25_AV0.1.asc,HV4,60,driver_number,19028,1,317133.35,317133.3491,4.0,4.0,28.174306,101.427503,158.0,248.177109,-7345.804472,0.002975,-0.007393,0.0,28.174086,0.001404,0.0,7346.238025,22.798689,0.055272,1.0,0.0,0.0,0.0,7351.916455,19.333095,1021.0,3.0,0.0,229.0,-0.190598,36.22769,130.419683,36.227559,-0.097517,-9.2e-05,0.383784,0.260236,-6.4e-05,-0.021666,0.46325,0.0,0.0,0.0,0.0,0.0,-9999.0,-9999.0,-9999.0,-9999.0,-9999.0,-9999.0,-9999.0,-9999.0,-9999.0,-9999.0,-9999.0,-9999.0,-9999.0,-9999.0
P25_AV0_4_interaction,active_and_state_lat_and_long_zero_last_source_row_continuous_segment,P25,AV0,4,off_ramp,P25_AV0_4,P25_AV0.1.asc,HV4,60,driver_number,19029,1,317150.0,317150.0018,4.0,4.0,28.174158,101.426969,158.0,248.646679,-7346.273402,-0.007083,-0.006785,0.0,28.174116,0.001394,0.0,7346.706875,22.824652,0.055268,1.0,0.0,0.0,0.0,7352.519238,19.367637,1021.0,3.0,0.0,229.0,-0.189215,36.23407,130.442651,36.23393,-0.100604,-9.2e-05,0.383396,0.268815,-2.1e-05,-0.021352,0.46325,0.0,0.0,0.0,0.0,0.0,-9999.0,-9999.0,-9999.0,-9999.0,-9999.0,-9999.0,-9999.0,-9999.0,-9999.0,-9999.0,-9999.0,-9999.0,-9999.0,-9999.0
P25_AV0_4_interaction,active_and_state_lat_and_long_zero_last_source_row_continuous_segment,P25,AV0,4,off_ramp,P25_AV0_4,P25_AV0.1.asc,HV4,60,driver_number,19030,1,317166.67,317166.6672,4.0,4.0,28.174111,101.4268,158.0,249.116247,-7346.742331,-0.005895,-0.006638,0.0,28.17398,0.001389,0.0,7347.175725,22.850612,0.055265,1.0,0.0,0.0,0.0,7353.122123,19.40226,1021.0,3.0,0.0,229.0,-0.187757,36.240444,130.465598,36.240296,-0.103492,-9.2e-05,0.38313,0.276809,1.4e-05,-0.021038,0.46325,0.0,0.0,0.0,0.0,0.0,-9999.0,-9999.0,-9999.0,-9999.0,-9999.0,-9999.0,-9999.0,-9999.0,-9999.0,-9999.0,-9999.0,-9999.0,-9999.0,-9999.0
P25_AV0_4_interaction,active_and_state_lat_and_long_zero_last_source_row_continuous_segment,P25,AV0,4,off_ramp,P25_AV0_4,P25_AV0.1.asc,HV4,60,driver_number,19031,1,317183.33,317183.3343,4.0,4.0,28.174057,101.426606,158.0,249.585815,-7347.211259,-0.009142,-0.006131,0.0,28.173875,0.001364,0.0,7347.644573,22.876572,0.055262,1.0,0.0,0.0,0.0,7353.725109,19.436965,1021.0,3.0,0.0,229.0,-0.186221,36.246814,130.488529,36.246658,-0.10618,-9.2e-05,0.382931,0.284217,4.4e-05,-0.020724,0.46325,0.0,0.0,0.0,0.0,0.0,-9999.0,-9999.0,-9999.0,-9999.0,-9999.0,-9999.0,-9999.0,-9999.0,-9999.0,-9999.0,-9999.0,-9999.0,-9999.0,-9999.0
P25_AV0_4_interaction,active_and_state_lat_and_long_zero_last_source_row_continuous_segment,P25,AV0,4,off_ramp,P25_AV0_4,P25_AV0.1.asc,HV4,60,driver_number,19032,1,317200.0,317200.0008,4.0,4.0,28.173931,101.42615,158.0,250.055381,-7347.680185,-0.009929,-0.003698,0.0,28.173717,0.001326,0.0,7348.113419,22.902529,0.05526,1.0,0.0,0.0,0.0,7354.328197,19.471756,1021.0,3.0,0.0,229.0,-0.184606,36.253179,130.511446,36.253017,-0.10866,-9.1e-05,0.382736,0.291801,7.4e-05,-0.020724,0.46325,0.0,0.0,0.0,0.0,0.0,-9999.0,-9999.0,-9999.0,-9999.0,-9999.0,-9999.0,-9999.0,-9999.0,-9999.0,-9999.0,-9999.0,-9999.0,-9999.0,-9999.0
P25_AV0_4_interaction,active_and_state_lat_and_long_zero_last_source_row_continuous_segment,P25,AV0,4,off_ramp,P25_AV0_4,P25_AV0.1.asc,HV4,60,driver_number,19033,1,317216.67,317216.6674,4.0,4.0,28.173799,101.425675,158.0,250.524945,-7348.14911,-0.009145,-0.001903,0.0,28.173519,0.001301,0.0,7348.582262,22.928486,0.05526,1.0,0.0,0.0,0.0,7354.931386,19.506634,1021.0,3.0,0.0,229.0,-0.182909,36.259541,130.534348,36.259371,-0.110949,-8.9e-05,0.382507,0.297236,0.000102,-0.020096,0.46275,0.0,0.0,0.0,0.0,0.0,-9999.0,-9999.0,-9999.0,-9999.0,-9999.0,-9999.0,-9999.0,-9999.0,-9999.0,-9999.0,-9999.0,-9999.0,-9999.0,-9999.0
P25_AV0_4_interaction,active_and_state_lat_and_long_zero_last_source_row_continuous_segment,P25,AV0,4,off_ramp,P25_AV0_4,P25_AV0.1.asc,HV4,60,driver_number,19034,1,317233.33,317233.3342,4.0,4.0,28.173634,101.425083,158.0,250.994506,-7348.618032,-0.009234,-0.000434,0.0,28.173381,0.001273,0.0,7349.051102,22.954442,0.05526,1.0,0.0,0.0,0.0,7355.534676,19.541602,1021.0,3.0,0.0,229.0,-0.181128,36.265887,130.557195,36.265711,-0.113074,-8.7e-05,0.381064,0.298631,0.000122,-0.018055,0.462,0.0,0.0,0.0,0.0,0.0,-9999.0,-9999.0,-9999.0,-9999.0,-9999.0,-9999.0,-9999.0,-9999.0,-9999.0,-9999.0,-9999.0,-9999.0,-9999.0,-9999.0
P25_AV0_4_interaction,active_and_state_lat_and_long_zero_last_source_row_continuous_segment,P25,AV0,4,off_ramp,P25_AV0_4,P25_AV0.1.asc,HV4,60,driver_number,19035,1,317250.0,317250.0001,4.0,4.0,28.173443,101.424395,158.0,251.464064,-7349.086951,-0.006157,-0.000734,0.0,28.173222,0.001235,0.0,7349.51994,22.980398,0.05526,1.0,0.0,0.0,0.0,7356.138067,19.576661,1021.0,3.0,0.0,229.0,-0.179262,36.272213,130.579966,36.27203,-0.114989,-8.5e-05,0.38018,0.3045,0.000146,-0.018055,0.462,0.0,0.0,0.0,0.0,0.0,-9999.0,-9999.0,-9999.0,-9999.0,-9999.0,-9999.0,-9999.0,-9999.0,-9999.0,-9999.0,-9999.0,-9999.0,-9999.0,-9999.0
P25_AV0_4_interaction,active_and_state_lat_and_long_zero_last_source_row_continuous_segment,P25,AV0,4,off_ramp,P25_AV0_4,P25_AV0.1.asc,HV4,60,driver_number,19036,1,317266.67,317266.6675,4.0,4.0,28.173304,101.423896,158.0,251.93362,-7349.555867,-0.016517,0.002666,0.0,28.173081,0.001177,0.0,7349.988775,23.006353,0.055263,1.0,0.0,0.0,0.0,7356.741558,19.611811,1021.0,3.0,0.0,229.0,-0.17731,36.278529,130.602703,36.278341,-0.116737,-8.2e-05,0.379803,0.30318,0.00016,-0.015386,0.462,0.0,0.0,0.0,0.0,0.0,-9999.0,-9999.0,-9999.0,-9999.0,-9999.0,-9999.0,-9999.0,-9999.0,-9999.0,-9999.0,-9999.0,-9999.0,-9999.0,-9999.0
P25_AV0_4_interaction,active_and_state_lat_and_long_zero_last_source_row_continuous_segment,P25,AV0,4,off_ramp,P25_AV0_4,P25_AV0.1.asc,HV4,60,driver_number,19037,1,317283.33,317283.3343,4.0,4.0,28.173171,101.423416,158.0,252.403173,-7350.024781,-0.01086,0.002874,0.0,28.172827,0.001107,0.0,7350.457607,23.032309,0.055266,1.0,0.0,0.0,0.0,7357.345149,19.647054,1021.0,3.0,0.0,229.0,-0.175271,36.284839,130.625422,36.284647,-0.118282,-8e-05,0.379559,0.3044,0.000176,-0.013973,0.462,0.0,0.0,0.0,0.0,0.0,-9999.0,-9999.0,-9999.0,-9999.0,-9999.0,-9999.0,-9999.0,-9999.0,-9999.0,-9999.0,-9999.0,-9999.0,-9999.0,-9999.0
P25_AV0_4_interaction,active_and_state_lat_and_long_zero_last_source_row_continuous_segment,P25,AV0,4,off_ramp,P25_AV0_4,P25_AV0.1.asc,HV4,60,driver_number,19038,1,317300.0,317300.0008,4.0,4.0,28.172943,101.422595,158.0,252.872724,-7350.493693,-0.009885,0.003176,0.0,28.172653,0.001021,0.0,7350.926436,23.058266,0.055271,1.0,0.0,0.0,0.0,7357.94884,19.682391,1021.0,3.0,0.0,229.0,-0.173144,36.291146,130.648127,36.290949,-0.119595,-7.6e-05,0.379348,0.30843,0.000201,-0.013973,0.462,0.0,0.0,0.0,0.0,0.0,-9999.0,-9999.0,-9999.0,-9999.0,-9999.0,-9999.0,-9999.0,-9999.0,-9999.0,-9999.0,-9999.0,-9999.0,-9999.0,-9999.0
P25_AV0_4_interaction,active_and_state_lat_and_long_zero_last_source_row_continuous_segment,P25,AV0,4,off_ramp,P25_AV0_4,P25_AV0.1.asc,HV4,60,driver_number,19039,1,317316.67,317316.6674,4.0,4.0,28.172736,101.421851,158.0,253.34227,-7350.9626,-0.010002,0.005806,0.0,28.172488,0.00091,0.0,7351.395261,23.084224,0.055278,1.0,0.0,0.0,0.0,7358.552631,19.717821,1021.0,3.0,0.0,229.0,-0.170929,36.29745,130.670819,36.297249,-0.120709,-7.3e-05,0.379157,0.305609,0.000222,-0.011461,0.46125,0.0,0.0,0.0,0.0,0.0,-9999.0,-9999.0,-9999.0,-9999.0,-9999.0,-9999.0,-9999.0,-9999.0,-9999.0,-9999.0,-9999.0,-9999.0,-9999.0,-9999.0
P25_AV0_4_interaction,active_and_state_lat_and_long_zero_last_source_row_continuous_segment,P25,AV0,4,off_ramp,P25_AV0_4,P25_AV0.1.asc,HV4,60,driver_number,19040,1,317333.33,317333.3336,4.0,4.0,28.17257,101.421253,158.0,253.811813,-7351.431505,-0.02406,0.006776,0.0,28.172256,0.000793,0.0,7351.864084,23.110183,0.055285,1.0,0.0,0.0,0.0,7359.156522,19.753346,1021.0,3.0,0.0,229.0,-0.168625,36.30375,130.693499,36.303546,-0.121605,-6.9e-05,0.378958,0.305254,0.000248,-0.010205,0.461,0.0,0.0,0.0,0.0,0.0,-9999.0,-9999.0,-9999.0,-9999.0,-9999.0,-9999.0,-9999.0,-9999.0,-9999.0,-9999.0,-9999.0,-9999.0,-9999.0,-9999.0
P25_AV0_4_interaction,active_and_state_lat_and_long_zero_last_source_row_continuous_segment,P25,AV0,4,off_ramp,P25_AV0_4,P25_AV0.1.asc,HV4,60,driver_number,19041,1,317350.0,317350.001,4.0,4.0,28.172404,101.420656,158.0,254.281354,-7351.900407,-0.007934,0.010369,0.0,28.171942,0.000689,0.0,7352.332902,23.136144,0.055294,1.0,0.0,0.0,0.0,7359.760512,19.788966,1021.0,3.0,0.0,229.0,-0.166232,36.310046,130.716166,36.30984,-0.122256,-6.4e-05,0.378748,0.307293,0.000279,-0.010205,0.461,0.0,0.0,0.0,0.0,0.0,-9999.0,-9999.0,-9999.0,-9999.0,-9999.0,-9999.0,-9999.0,-9999.0,-9999.0,-9999.0,-9999.0,-9999.0,-9999.0,-9999.0
P25_AV0_4_interaction,active_and_state_lat_and_long_zero_last_source_row_continuous_segment,P25,AV0,4,off_ramp,P25_AV0_4,P25_AV0.1.asc,HV4,60,driver_number,19042,1,317366.67,317366.6672,4.0,4.0,28.172055,101.419399,158.0,254.75089,-7352.369304,-0.009298,0.010699,0.0,28.171803,0.000572,0.0,7352.801715,23.162107,0.055304,1.0,0.0,0.0,0.0,7360.364602,19.82468,1021.0,3.0,0.0,229.0,-0.16375,36.316339,130.738819,36.316131,-0.122715,-6e-05,0.378351,0.302081,0.000299,-0.007536,0.46075,0.0,0.0,0.0,0.0,0.0,-9999.0,-9999.0,-9999.0,-9999.0,-9999.0,-9999.0,-9999.0,-9999.0,-9999.0,-9999.0,-9999.0,-9999.0,-9999.0,-9999.0
P25_AV0_4_interaction,active_and_state_lat_and_long_zero_last_source_row_continuous_segment,P25,AV0,4,off_ramp,P25_AV0_4,P25_AV0.1.asc,HV4,60,driver_number,19043,1,317383.34,317383.3365,4.0,4.0,28.171876,101.418753,158.0,255.220422,-7352.838196,-0.007368,0.013326,0.0,28.17171,0.000427,0.0,7353.270526,23.188074,0.055315,1.0,0.0,1.0,0.0,7360.968791,19.860488,1021.0,3.0,0.0,229.0,-0.161179,36.322619,130.761427,36.322411,-0.122929,-5.4e-05,0.377397,0.302813,0.000321,-0.007536,0.46075,0.0,0.0,0.0,0.0,0.0,-9999.0,-9999.0,-9999.0,-9999.0,-9999.0,-9999.0,-9999.0,-9999.0,-9999.0,-9999.0,-9999.0,-9999.0,-9999.0,-9999.0
P25_AV0_4_interaction,active_and_state_lat_and_long_zero_last_source_row_continuous_segment,P25,AV0,4,off_ramp,P25_AV0_4,P25_AV0.1.asc,HV4,60,driver_number,19044,1,317400.0,317400.0002,4.0,4.0,28.171725,101.41821,158.0,255.689951,-7353.307087,-0.010656,0.015091,0.0,28.171551,0.000303,0.0,7353.739335,23.214043,0.055327,1.0,0.0,1.0,0.0,7361.573079,19.89639,1021.0,3.0,0.0,229.0,-0.158521,36.328881,130.78397,36.328672,-0.122966,-4.9e-05,0.376404,0.294375,0.000325,-0.004082,0.46075,0.0,0.0,0.0,0.0,0.0,-9999.0,-9999.0,-9999.0,-9999.0,-9999.0,-9999.0,-9999.0,-9999.0,-9999.0,-9999.0,-9999.0,-9999.0,-9999.0,-9999.0
P25_AV0_4_interaction,active_and_state_lat_and_long_zero_last_source_row_continuous_segment,P25,AV0,4,off_ramp,P25_AV0_4,P25_AV0.1.asc,HV4,60,driver_number,19045,1,317416.67,317416.6676,4.0,4.0,28.171648,101.417935,158.0,256.159479,-7353.775976,-0.017031,0.017364,0.0,28.171344,0.000155,0.0,7354.208141,23.240017,0.055341,1.0,0.0,1.0,0.0,7362.177466,19.932385,1021.0,3.0,0.0,229.0,-0.155775,36.335132,130.806476,36.334925,-0.122792,-4.4e-05,0.375956,0.290375,0.000326,-0.002669,0.46075,0.0,0.0,0.0,0.0,0.0,-9999.0,-9999.0,-9999.0,-9999.0,-9999.0,-9999.0,-9999.0,-9999.0,-9999.0,-9999.0,-9999.0,-9999.0,-9999.0,-9999.0
P25_AV0_4_interaction,active_and_state_lat_and_long_zero_last_source_row_continuous_segment,P25,AV0,4,off_ramp,P25_AV0_4,P25_AV0.1.asc,HV4,60,driver_number,19046,1,317433.33,317433.3335,4.0,4.0,28.171462,101.417263,158.0,256.629004,-7354.244861,-0.017369,0.01896,0.0,28.171056,2e-05,0.0,7354.676943,23.265995,0.055357,1.0,0.0,1.0,0.0,7362.781953,19.968471,1021.0,3.0,0.0,229.0,-0.152943,36.341379,130.828964,36.341173,-0.122399,-3.8e-05,0.375685,0.284953,0.00032,-0.000942,0.46075,0.0,0.0,0.0,0.0,0.0,-9999.0,-9999.0,-9999.0,-9999.0,-9999.0,-9999.0,-9999.0,-9999.0,-9999.0,-9999.0,-9999.0,-9999.0,-9999.0,-9999.0
P25_AV0_4_interaction,active_and_state_lat_and_long_zero_last_source_row_continuous_segment,P25,AV0,4,off_ramp,P25_AV0_4,P25_AV0.1.asc,HV4,60,driver_number,19047,1,317450.0,317450.0003,4.0,4.0,28.171203,101.416329,158.0,257.098525,-7354.713743,-0.003656,0.022428,0.0,28.170866,-0.000128,0.0,7355.14574,23.291978,0.055373,1.0,0.0,1.0,0.0,7363.386538,20.004648,1021.0,3.0,0.0,229.0,-0.150026,36.347622,130.851439,36.347418,-0.12177,-3.3e-05,0.375459,0.283099,0.000322,-0.000942,0.46075,0.0,0.0,0.0,0.0,0.0,-9999.0,-9999.0,-9999.0,-9999.0,-9999.0,-9999.0,-9999.0,-9999.0,-9999.0,-9999.0,-9999.0,-9999.0,-9999.0,-9999.0
P25_AV0_4_interaction,active_and_state_lat_and_long_zero_last_source_row_continuous_segment,P25,AV0,4,off_ramp,P25_AV0_4,P25_AV0.1.asc,HV4,60,driver_number,19048,1,317466.67,317466.6667,4.0,4.0,28.170912,101.415282,158.0,257.568042,-7355.18262,-0.009317,0.02767,0.0,28.17077,-0.000237,0.0,7355.614534,23.317967,0.055392,1.0,0.0,1.0,0.0,7363.991222,20.040914,1021.0,3.0,0.0,229.0,-0.147025,36.353862,130.873903,36.353661,-0.120945,-2.7e-05,0.375257,0.274428,0.000315,0.00157,0.4595,0.0,0.0,0.0,0.0,0.0,-9999.0,-9999.0,-9999.0,-9999.0,-9999.0,-9999.0,-9999.0,-9999.0,-9999.0,-9999.0,-9999.0,-9999.0,-9999.0,-9999.0
P25_AV0_4_interaction,active_and_state_lat_and_long_zero_last_source_row_continuous_segment,P25,AV0,4,off_ramp,P25_AV0_4,P25_AV0.1.asc,HV4,60,driver_number,19049,1,317483.33,317483.3343,4.0,4.0,28.170836,101.415008,158.0,258.037556,-7355.651494,-0.01054,0.032104,0.0,28.170643,-0.000339,0.0,7356.083326,23.343964,0.055412,1.0,0.0,1.0,0.0,7364.596005,20.077268,1021.0,3.0,0.0,229.0,-0.143942,36.360092,130.896333,36.359895,-0.119907,-2.2e-05,0.374312,0.268639,0.000309,0.002669,0.4595,0.0,0.0,0.0,0.0,0.0,-9999.0,-9999.0,-9999.0,-9999.0,-9999.0,-9999.0,-9999.0,-9999.0,-9999.0,-9999.0,-9999.0,-9999.0,-9999.0,-9999.0
P25_AV0_4_interaction,active_and_state_lat_and_long_zero_last_source_row_continuous_segment,P25,AV0,4,off_ramp,P25_AV0_4,P25_AV0.1.asc,HV4,60,driver_number,19050,1,317500.0,317500.0009,4.0,4.0,28.170692,101.414491,158.0,258.507068,-7356.120366,-0.01044,0.035769,0.0,28.170453,-0.000437,0.0,7356.552116,23.369969,0.055435,1.0,0.0,1.0,0.0,7365.200887,20.113708,1021.0,3.0,0.0,229.0,-0.140779,36.366307,130.918706,36.366114,-0.118657,-1.7e-05,0.373445,0.262997,0.000302,0.003454,0.459,0.0,0.0,0.0,0.0,0.0,-9999.0,-9999.0,-9999.0,-9999.0,-9999.0,-9999.0,-9999.0,-9999.0,-9999.0,-9999.0,-9999.0,-9999.0,-9999.0,-9999.0
P25_AV0_4_interaction,active_and_state_lat_and_long_zero_last_source_row_continuous_segment,P25,AV0,4,off_ramp,P25_AV0_4,P25_AV0.1.asc,HV4,60,driver_number,19051,1,317516.67,317516.6733,4.0,4.0,28.170556,101.414,158.0,258.976578,-7356.589236,-0.002686,0.040956,0.0,28.170316,-0.000551,0.0,7357.020901,23.395984,0.05546,1.0,0.0,1.0,0.0,7365.805867,20.150233,1021.0,3.0,0.0,229.0,-0.137537,36.372511,130.941041,36.372323,-0.117202,-1.2e-05,0.372874,0.257148,0.000291,0.004082,0.458,0.0,0.0,0.0,0.0,0.0,-9999.0,-9999.0,-9999.0,-9999.0,-9999.0,-9999.0,-9999.0,-9999.0,-9999.0,-9999.0,-9999.0,-9999.0,-9999.0,-9999.0
P25_AV0_4_interaction,active_and_state_lat_and_long_zero_last_source_row_continuous_segment,P25,AV0,4,off_ramp,P25_AV0_4,P25_AV0.1.asc,HV4,60,driver_number,19052,1,317533.33,317533.3341,4.0,4.0,28.170366,101.413318,158.0,259.446085,-7357.058102,-0.016918,0.04378,0.0,28.170245,-0.000665,0.0,7357.489684,23.42201,0.055489,1.0,0.0,1.0,0.0,7366.410947,20.18684,1021.0,3.0,0.0,229.0,-0.134218,36.378707,130.963345,36.378523,-0.115563,-7e-06,0.372379,0.249977,0.000274,0.005024,0.45725,0.0,0.0,0.0,0.0,0.0,-9999.0,-9999.0,-9999.0,-9999.0,-9999.0,-9999.0,-9999.0,-9999.0,-9999.0,-9999.0,-9999.0,-9999.0,-9999.0,-9999.0
P25_AV0_4_interaction,active_and_state_lat_and_long_zero_last_source_row_continuous_segment,P25,AV0,4,off_ramp,P25_AV0_4,P25_AV0.1.asc,HV4,60,driver_number,19053,1,317550.0,317550.001,4.0,4.0,28.170294,101.413059,158.0,259.91559,-7357.526965,-0.011273,0.050049,0.0,28.169968,-0.000806,0.0,7357.958465,23.448048,0.05552,1.0,0.0,1.0,0.0,7367.016124,20.223527,1021.0,3.0,0.0,229.0,-0.130823,36.384897,130.985631,36.38472,-0.113759,-3e-06,0.372118,0.243077,0.000247,0.005652,0.456,0.0,0.0,0.0,0.0,0.0,-9999.0,-9999.0,-9999.0,-9999.0,-9999.0,-9999.0,-9999.0,-9999.0,-9999.0,-9999.0,-9999.0,-9999.0,-9999.0,-9999.0
P25_AV0_4_interaction,active_and_state_lat_and_long_zero_last_source_row_continuous_segment,P25,AV0,4,off_ramp,P25_AV0_4,P25_AV0.1.asc,HV4,60,driver_number,19054,1,317566.67,317566.6676,4.0,4.0,28.170104,101.412373,158.0,260.385093,-7357.995826,-0.002475,0.053824,0.0,28.169825,-0.000947,0.0,7358.42724,23.474099,0.055555,1.0,0.0,1.0,0.0,7367.6214,20.260294,1021.0,3.0,0.0,229.0,-0.127356,36.391085,131.007905,36.390913,-0.111789,1e-06,0.371912,0.237265,0.000204,0.005652,0.456,0.0,0.0,0.0,0.0,0.0,-9999.0,-9999.0,-9999.0,-9999.0,-9999.0,-9999.0,-9999.0,-9999.0,-9999.0,-9999.0,-9999.0,-9999.0,-9999.0,-9999.0
P25_AV0_4_interaction,active_and_state_lat_and_long_zero_last_source_row_continuous_segment,P25,AV0,4,off_ramp,P25_AV0_4,P25_AV0.1.asc,HV4,60,driver_number,19055,1,317583.34,317583.3383,4.0,4.0,28.169874,101.411548,158.0,260.854591,-7358.464682,-0.002816,0.057559,0.0,28.169821,-0.001119,0.0,7358.896013,23.500166,0.055594,1.0,0.0,1.0,0.0,7368.226775,20.297137,1021.0,3.0,0.0,229.0,-0.123817,36.397269,131.030169,36.397104,-0.109688,3e-06,0.371713,0.229102,0.000143,0.006437,0.4545,0.0,0.0,0.0,0.0,0.0,-9999.0,-9999.0,-9999.0,-9999.0,-9999.0,-9999.0,-9999.0,-9999.0,-9999.0,-9999.0,-9999.0,-9999.0,-9999.0,-9999.0
P25_AV0_4_interaction,active_and_state_lat_and_long_zero_last_source_row_continuous_segment,P25,AV0,4,off_ramp,P25_AV0_4,P25_AV0.1.asc,HV4,60,driver_number,19056,1,317600.0,317600.0006,4.0,4.0,28.169804,101.411296,158.0,261.324088,-7358.933536,-0.010306,0.066589,0.0,28.169725,-0.001327,0.0,7359.364784,23.52625,0.055638,1.0,0.0,1.0,0.0,7368.832249,20.334054,1021.0,3.0,0.0,229.0,-0.12021,36.403451,131.052424,36.403293,-0.107485,5e-06,0.371515,0.219829,7e-05,0.007536,0.4545,0.0,0.0,0.0,0.0,0.0,-9999.0,-9999.0,-9999.0,-9999.0,-9999.0,-9999.0,-9999.0,-9999.0,-9999.0,-9999.0,-9999.0,-9999.0,-9999.0,-9999.0
P25_AV0_4_interaction,active_and_state_lat_and_long_zero_last_source_row_continuous_segment,P25,AV0,4,off_ramp,P25_AV0_4,P25_AV0.1.asc,HV4,60,driver_number,19057,1,317616.67,317616.6675,4.0,4.0,28.169798,101.411271,158.0,261.793585,-7359.402388,-0.01039,0.069983,0.0,28.169551,-0.00155,0.0,7359.833553,23.552351,0.055685,1.0,0.0,1.0,0.0,7369.437821,20.371043,1021.0,3.0,0.0,229.0,-0.116536,36.409628,131.074661,36.409476,-0.105189,6e-06,0.370803,0.210269,-6e-06,0.008635,0.4535,0.0,0.0,0.0,0.0,0.0,-9999.0,-9999.0,-9999.0,-9999.0,-9999.0,-9999.0,-9999.0,-9999.0,-9999.0,-9999.0,-9999.0,-9999.0,-9999.0,-9999.0
P25_AV0_4_interaction,active_and_state_lat_and_long_zero_last_source_row_continuous_segment,P25,AV0,4,off_ramp,P25_AV0_4,P25_AV0.1.asc,HV4,60,driver_number,19058,1,317633.33,317633.3343,4.0,4.0,28.169639,101.410699,158.0,262.263079,-7359.871238,-0.010115,0.07905,0.0,28.169379,-0.00183,0.0,7360.302318,23.578473,0.055738,1.0,0.0,1.0,0.0,7370.043493,20.408101,1021.0,3.0,0.0,229.0,-0.112799,36.415784,131.096821,36.415638,-0.102836,5e-06,0.369457,0.1966,-7.3e-05,0.011304,0.451,0.0,0.0,0.0,0.0,0.0,-9999.0,-9999.0,-9999.0,-9999.0,-9999.0,-9999.0,-9999.0,-9999.0,-9999.0,-9999.0,-9999.0,-9999.0,-9999.0,-9999.0
P25_AV0_4_interaction,active_and_state_lat_and_long_zero_last_source_row_continuous_segment,P25,AV0,4,off_ramp,P25_AV0_4,P25_AV0.1.asc,HV4,60,driver_number,19059,1,317650.0,317650.0002,4.0,4.0,28.169464,101.410072,158.0,262.732571,-7360.340084,-0.00998,0.084001,0.0,28.169211,-0.002121,0.0,7360.771078,23.604616,0.055795,1.0,0.0,1.0,0.0,7370.649263,20.445226,1021.0,3.0,0.0,229.0,-0.109001,36.421926,131.118933,36.421788,-0.100383,3e-06,0.368904,0.189276,-0.000145,0.011304,0.451,0.0,0.0,0.0,0.0,0.0,-9999.0,-9999.0,-9999.0,-9999.0,-9999.0,-9999.0,-9999.0,-9999.0,-9999.0,-9999.0,-9999.0,-9999.0,-9999.0,-9999.0
P25_AV0_4_interaction,active_and_state_lat_and_long_zero_last_source_row_continuous_segment,P25,AV0,4,off_ramp,P25_AV0_4,P25_AV0.1.asc,HV4,60,driver_number,19060,1,317666.67,317666.6668,4.0,4.0,28.169295,101.409461,158.0,263.20206,-7360.808926,-0.009925,0.091335,0.0,28.169045,-0.002474,0.0,7361.239834,23.630783,0.055858,1.0,0.0,1.0,0.0,7371.255132,20.482413,1021.0,3.0,0.0,229.0,-0.105146,36.428058,131.14101,36.427927,-0.09787,-0.0,0.368123,0.17551,-0.000202,0.013816,0.44825,0.0,0.0,0.0,0.0,0.0,-9999.0,-9999.0,-9999.0,-9999.0,-9999.0,-9999.0,-9999.0,-9999.0,-9999.0,-9999.0,-9999.0,-9999.0,-9999.0,-9999.0
P25_AV0_4_interaction,active_and_state_lat_and_long_zero_last_source_row_continuous_segment,P25,AV0,4,off_ramp,P25_AV0_4,P25_AV0.1.asc,HV4,60,driver_number,19061,1,317683.33,317683.3336,4.0,4.0,28.169128,101.408861,158.0,263.671546,-7361.277764,-0.006025,0.097994,0.0,28.16888,-0.002843,0.0,7361.708587,23.656975,0.055926,1.0,0.0,1.0,0.0,7371.861099,20.519661,1021.0,3.0,0.0,229.0,-0.101235,36.434172,131.163019,36.434047,-0.095271,-4e-06,0.366644,0.16772,-0.00026,0.013816,0.44825,0.0,0.0,0.0,0.0,0.0,-9999.0,-9999.0,-9999.0,-9999.0,-9999.0,-9999.0,-9999.0,-9999.0,-9999.0,-9999.0,-9999.0,-9999.0,-9999.0,-9999.0
P25_AV0_4_interaction,active_and_state_lat_and_long_zero_last_source_row_continuous_segment,P25,AV0,4,off_ramp,P25_AV0_4,P25_AV0.1.asc,HV4,60,driver_number,19062,1,317700.0,317700.0002,4.0,4.0,28.168962,101.408264,158.0,264.141029,-7361.746598,-0.013173,0.106087,0.0,28.168773,-0.003245,0.0,7362.177335,23.683194,0.056,1.0,0.0,1.0,0.0,7372.467165,20.556967,1021.0,3.0,0.0,229.0,-0.097273,36.44026,131.184935,36.440142,-0.092606,-9e-06,0.365065,0.155453,-0.000302,0.015543,0.4475,0.0,0.0,0.0,0.0,0.0,-9999.0,-9999.0,-9999.0,-9999.0,-9999.0,-9999.0,-9999.0,-9999.0,-9999.0,-9999.0,-9999.0,-9999.0,-9999.0,-9999.0
P25_AV0_4_interaction,active_and_state_lat_and_long_zero_last_source_row_continuous_segment,P25,AV0,4,off_ramp,P25_AV0_4,P25_AV0.1.asc,HV4,60,driver_number,19063,1,317716.67,317716.6678,4.0,4.0,28.168829,101.407785,158.0,264.61051,-7362.215428,-0.010694,0.116841,0.0,28.168553,-0.003669,0.0,7362.646079,23.709443,0.05608,1.0,0.0,0.0,0.0,7373.073329,20.594326,1021.0,3.0,0.0,229.0,-0.093262,36.446318,131.206744,36.446207,-0.089873,-1.4e-05,0.363019,0.146096,-0.00034,0.016014,0.446,0.0,0.0,0.0,0.0,0.0,-9999.0,-9999.0,-9999.0,-9999.0,-9999.0,-9999.0,-9999.0,-9999.0,-9999.0,-9999.0,-9999.0,-9999.0,-9999.0,-9999.0
P25_AV0_4_interaction,active_and_state_lat_and_long_zero_last_source_row_continuous_segment,P25,AV0,4,off_ramp,P25_AV0_4,P25_AV0.1.asc,HV4,60,driver_number,19064,1,317733.33,317733.3344,4.0,4.0,28.168663,101.407186,158.0,265.079988,-7362.684254,-0.009772,0.124673,0.0,28.168381,-0.004102,0.0,7363.114818,23.735725,0.056166,1.0,0.0,0.0,0.0,7373.679592,20.631737,1021.0,3.0,0.0,229.0,-0.089205,36.452347,131.22845,36.452243,-0.087072,-2e-05,0.361323,0.136559,-0.000367,0.016485,0.445,0.0,0.0,0.0,0.0,0.0,-9999.0,-9999.0,-9999.0,-9999.0,-9999.0,-9999.0,-9999.0,-9999.0,-9999.0,-9999.0,-9999.0,-9999.0,-9999.0,-9999.0
P25_AV0_4_interaction,active_and_state_lat_and_long_zero_last_source_row_continuous_segment,P25,AV0,4,off_ramp,P25_AV0_4,P25_AV0.1.asc,HV4,60,driver_number,19065,1,317750.0,317750.0007,4.0,4.0,28.168464,101.406471,158.0,265.549463,-7363.153075,-0.009761,0.137435,0.0,28.168218,-0.004583,0.0,7363.583552,23.762042,0.056259,1.0,0.0,0.0,0.0,7374.285952,20.669196,1021.0,3.0,0.0,229.0,-0.085105,36.458343,131.250036,36.458246,-0.084213,-2.7e-05,0.359454,0.128027,-0.000388,0.016485,0.445,0.0,0.0,0.0,0.0,0.0,-9999.0,-9999.0,-9999.0,-9999.0,-9999.0,-9999.0,-9999.0,-9999.0,-9999.0,-9999.0,-9999.0,-9999.0,-9999.0,-9999.0
P25_AV0_4_interaction,active_and_state_lat_and_long_zero_last_source_row_continuous_segment,P25,AV0,4,off_ramp,P25_AV0_4,P25_AV0.1.asc,HV4,60,driver_number,19066,1,317766.67,317766.6674,4.0,4.0,28.168299,101.405878,158.0,266.018935,-7363.621892,-0.009787,0.149152,0.0,28.168055,-0.005081,0.0,7364.052282,23.788396,0.05636,1.0,0.0,0.0,0.0,7374.892409,20.706701,1021.0,3.0,0.0,229.0,-0.080965,36.464319,131.271549,36.464228,-0.08132,-3.3e-05,0.358304,0.118225,-0.000396,0.016956,0.44375,0.0,0.0,0.0,0.0,0.0,-9999.0,-9999.0,-9999.0,-9999.0,-9999.0,-9999.0,-9999.0,-9999.0,-9999.0,-9999.0,-9999.0,-9999.0,-9999.0,-9999.0
P25_AV0_4_interaction,active_and_state_lat_and_long_zero_last_source_row_continuous_segment,P25,AV0,4,off_ramp,P25_AV0_4,P25_AV0.1.asc,HV4,60,driver_number,19067,1,317783.33,317783.3334,4.0,4.0,28.168136,101.405291,158.0,266.488404,-7364.090704,-0.009797,0.162407,0.0,28.167891,-0.005582,0.0,7364.521006,23.814793,0.056468,1.0,0.0,0.0,0.0,7375.498964,20.744249,1021.0,3.0,0.0,229.0,-0.076788,36.47027,131.292973,36.470186,-0.078415,-4e-05,0.356544,0.107605,-0.000391,0.017741,0.4415,0.0,0.0,0.0,0.0,0.0,-9999.0,-9999.0,-9999.0,-9999.0,-9999.0,-9999.0,-9999.0,-9999.0,-9999.0,-9999.0,-9999.0,-9999.0,-9999.0,-9999.0
P25_AV0_4_interaction,active_and_state_lat_and_long_zero_last_source_row_continuous_segment,P25,AV0,4,off_ramp,P25_AV0_4,P25_AV0.1.asc,HV4,60,driver_number,19068,1,317800.0,317800.0009,4.0,4.0,28.167973,101.404703,158.0,266.957871,-7364.559511,-0.012906,0.177944,0.0,28.167695,-0.006113,0.0,7364.989725,23.841234,0.056585,1.0,0.0,0.0,0.0,7376.105615,20.781836,1021.0,3.0,0.0,229.0,-0.072576,36.476179,131.314246,36.476101,-0.075499,-4.6e-05,0.353628,0.098142,-0.000377,0.018055,0.44,0.0,0.0,0.0,0.0,0.0,-9999.0,-9999.0,-9999.0,-9999.0,-9999.0,-9999.0,-9999.0,-9999.0,-9999.0,-9999.0,-9999.0,-9999.0,-9999.0,-9999.0
P25_AV0_4_interaction,active_and_state_lat_and_long_zero_last_source_row_continuous_segment,P25,AV0,4,off_ramp,P25_AV0_4,P25_AV0.1.asc,HV4,60,driver_number,19069,1,317816.67,317816.6675,4.0,4.0,28.167809,101.404113,158.0,267.427335,-7365.028313,-0.005804,0.191752,0.0,28.1675,-0.006661,0.0,7365.458437,23.867725,0.056712,1.0,0.0,0.0,0.0,7376.712363,20.819461,1021.0,3.0,0.0,229.0,-0.068332,36.482052,131.335388,36.48198,-0.072581,-5.2e-05,0.35176,0.089459,-0.000359,0.018055,0.44,0.0,0.0,0.0,0.0,0.0,-9999.0,-9999.0,-9999.0,-9999.0,-9999.0,-9999.0,-9999.0,-9999.0,-9999.0,-9999.0,-9999.0,-9999.0,-9999.0,-9999.0
P25_AV0_4_interaction,active_and_state_lat_and_long_zero_last_source_row_continuous_segment,P25,AV0,4,off_ramp,P25_AV0_4,P25_AV0.1.asc,HV4,60,driver_number,19070,1,317833.33,317833.3342,4.0,4.0,28.167587,101.403313,158.0,267.896795,-7365.497109,-0.002021,0.204605,0.0,28.167429,-0.007258,0.0,7365.927144,23.894268,0.056848,1.0,0.0,0.0,0.0,7377.319207,20.857119,1021.0,3.0,0.0,229.0,-0.06406,36.48788,131.356368,36.487814,-0.069683,-5.8e-05,0.348606,0.079276,-0.000337,0.018683,0.43625,0.0,0.0,0.0,0.0,0.0,-9999.0,-9999.0,-9999.0,-9999.0,-9999.0,-9999.0,-9999.0,-9999.0,-9999.0,-9999.0,-9999.0,-9999.0,-9999.0,-9999.0
P25_AV0_4_interaction,active_and_state_lat_and_long_zero_last_source_row_continuous_segment,P25,AV0,4,off_ramp,P25_AV0_4,P25_AV0.1.asc,HV4,60,driver_number,19071,1,317850.0,317850.0012,4.0,4.0,28.167451,101.402825,158.0,268.366252,-7365.965899,-0.00561,0.224238,0.0,28.167361,-0.007931,0.0,7366.395847,23.92087,0.056996,1.0,0.0,0.0,0.0,7377.926146,20.894809,1021.0,3.0,0.0,229.0,-0.059762,36.493671,131.377216,36.49361,-0.066819,-6.3e-05,0.34715,0.068807,-0.000312,0.019468,0.43375,0.0,0.0,0.0,0.0,0.0,-9999.0,-9999.0,-9999.0,-9999.0,-9999.0,-9999.0,-9999.0,-9999.0,-9999.0,-9999.0,-9999.0,-9999.0,-9999.0,-9999.0
P25_AV0_4_interaction,active_and_state_lat_and_long_zero_last_source_row_continuous_segment,P25,AV0,4,off_ramp,P25_AV0_4,P25_AV0.1.asc,HV4,60,driver_number,19072,1,317866.67,317866.6673,4.0,4.0,28.167412,101.402684,158.0,268.835708,-7366.434686,-0.009832,0.239368,0.0,28.167253,-0.008646,0.0,7366.864545,23.947534,0.057155,1.0,0.0,0.0,0.0,7378.53318,20.932527,1021.0,3.0,0.0,229.0,-0.055441,36.499443,131.397993,36.499387,-0.063992,-6.8e-05,0.345897,0.060386,-0.000289,0.019468,0.43375,0.0,0.0,0.0,0.0,0.0,-9999.0,-9999.0,-9999.0,-9999.0,-9999.0,-9999.0,-9999.0,-9999.0,-9999.0,-9999.0,-9999.0,-9999.0,-9999.0,-9999.0
P25_AV0_4_interaction,active_and_state_lat_and_long_zero_last_source_row_continuous_segment,P25,AV0,4,off_ramp,P25_AV0_4,P25_AV0.1.asc,HV4,60,driver_number,19073,1,317883.33,317883.3342,4.0,4.0,28.167314,101.402329,158.0,269.305163,-7366.903468,-0.017458,0.256446,0.0,28.16705,-0.009459,0.0,7367.333237,23.974264,0.057327,1.0,0.0,0.0,0.0,7379.140309,20.970271,1021.0,3.0,0.0,229.0,-0.051099,36.505185,131.418668,36.505134,-0.061214,-7.3e-05,0.343771,0.050551,-0.000262,0.020096,0.4315,0.0,0.0,0.0,0.0,0.0,-9999.0,-9999.0,-9999.0,-9999.0,-9999.0,-9999.0,-9999.0,-9999.0,-9999.0,-9999.0,-9999.0,-9999.0,-9999.0,-9999.0
P25_AV0_4_interaction,active_and_state_lat_and_long_zero_last_source_row_continuous_segment,P25,AV0,4,off_ramp,P25_AV0_4,P25_AV0.1.asc,HV4,60,driver_number,19074,1,317900.0,317900.0041,4.0,4.0,28.16717,101.401813,158.0,269.774616,-7367.372244,-0.011519,0.271211,0.0,28.166818,-0.010337,0.0,7367.801921,24.001065,0.057512,1.0,0.0,0.0,0.0,7379.747533,21.008037,1021.0,3.0,0.0,229.0,-0.04674,36.510893,131.439213,36.510846,-0.058509,-7.7e-05,0.341693,0.03856,-0.00023,0.021666,0.429,0.0,0.0,0.0,0.0,0.0,-9999.0,-9999.0,-9999.0,-9999.0,-9999.0,-9999.0,-9999.0,-9999.0,-9999.0,-9999.0,-9999.0,-9999.0,-9999.0,-9999.0
P25_AV0_4_interaction,active_and_state_lat_and_long_zero_last_source_row_continuous_segment,P25,AV0,4,off_ramp,P25_AV0_4,P25_AV0.1.asc,HV4,60,driver_number,19075,1,317916.67,317916.6668,4.0,4.0,28.166904,101.400854,158.0,270.244064,-7367.841013,-0.013528,0.285569,0.0,28.166585,-0.011343,0.0,7368.270597,24.027942,0.05771,1.0,0.0,0.0,0.0,7380.354851,21.045823,1021.0,3.0,0.0,229.0,-0.042366,36.516573,131.459663,36.51653,-0.055845,-8e-05,0.3402,0.030622,-0.000203,0.021666,0.429,0.0,0.0,0.0,0.0,0.0,-9999.0,-9999.0,-9999.0,-9999.0,-9999.0,-9999.0,-9999.0,-9999.0,-9999.0,-9999.0,-9999.0,-9999.0,-9999.0,-9999.0
P25_AV0_4_interaction,active_and_state_lat_and_long_zero_last_source_row_continuous_segment,P25,AV0,4,off_ramp,P25_AV0_4,P25_AV0.1.asc,HV4,60,driver_number,19076,1,317933.36,317933.362,4.0,4.0,28.166721,101.400197,158.0,270.713509,-7368.309775,-0.009704,0.301208,0.0,28.166383,-0.012469,0.0,7368.739265,24.054899,0.057922,1.0,0.0,0.0,0.0,7380.962262,21.083626,1021.0,3.0,0.0,229.0,-0.037981,36.522221,131.479994,36.522182,-0.053247,-8.4e-05,0.337733,0.019337,-0.000175,0.023079,0.423,0.0,0.0,0.0,0.0,0.0,-9999.0,-9999.0,-9999.0,-9999.0,-9999.0,-9999.0,-9999.0,-9999.0,-9999.0,-9999.0,-9999.0,-9999.0,-9999.0,-9999.0
P25_AV0_4_interaction,active_and_state_lat_and_long_zero_last_source_row_continuous_segment,P25,AV0,4,off_ramp,P25_AV0_4,P25_AV0.1.asc,HV4,60,driver_number,19077,1,317950.0,317950.0008,4.0,4.0,28.166471,101.399296,158.0,271.18295,-7368.778528,-0.009696,0.316332,0.0,28.166219,-0.013757,0.0,7369.207924,24.081941,0.058148,1.0,0.0,0.0,0.0,7381.569767,21.121443,1021.0,3.0,0.0,229.0,-0.033587,36.527819,131.50015,36.527784,-0.050711,-8.6e-05,0.335096,0.008625,-0.00015,0.024335,0.4205,0.0,0.0,0.0,0.0,0.0,-9999.0,-9999.0,-9999.0,-9999.0,-9999.0,-9999.0,-9999.0,-9999.0,-9999.0,-9999.0,-9999.0,-9999.0,-9999.0,-9999.0
P25_AV0_4_interaction,active_and_state_lat_and_long_zero_last_source_row_continuous_segment,P25,AV0,4,off_ramp,P25_AV0_4,P25_AV0.1.asc,HV4,60,driver_number,19078,1,317966.67,317966.6685,4.0,4.0,28.1663,101.398681,158.0,271.652387,-7369.247273,0.008786,0.329627,0.0,28.166247,-0.015159,0.0,7369.676576,24.109072,0.058386,1.0,0.0,0.0,0.0,7382.177365,21.159272,1021.0,3.0,0.0,229.0,-0.029187,36.533381,131.52017,36.533349,-0.048248,-8.9e-05,0.332701,-0.003086,-0.000127,0.026062,0.41775,0.0,0.0,0.0,0.0,0.0,-9999.0,-9999.0,-9999.0,-9999.0,-9999.0,-9999.0,-9999.0,-9999.0,-9999.0,-9999.0,-9999.0,-9999.0,-9999.0,-9999.0
P25_AV0_4_interaction,active_and_state_lat_and_long_zero_last_source_row_continuous_segment,P25,AV0,4,off_ramp,P25_AV0_4,P25_AV0.1.asc,HV4,60,driver_number,19079,1,317983.34,317983.3447,4.0,4.0,28.166137,101.398092,158.0,272.121822,-7369.716011,-0.003707,0.343606,0.0,28.166295,-0.016691,0.0,7370.145224,24.136294,0.058638,1.0,0.0,0.0,0.0,7382.785055,21.197108,1021.0,3.0,0.0,229.0,-0.024783,36.538908,131.54007,36.53888,-0.045831,-9.1e-05,0.330644,-0.010377,-0.000114,0.026062,0.41775,0.0,0.0,0.0,0.0,0.0,-9999.0,-9999.0,-9999.0,-9999.0,-9999.0,-9999.0,-9999.0,-9999.0,-9999.0,-9999.0,-9999.0,-9999.0,-9999.0,-9999.0
P25_AV0_4_interaction,active_and_state_lat_and_long_zero_last_source_row_continuous_segment,P25,AV0,4,off_ramp,P25_AV0_4,P25_AV0.1.asc,HV4,60,driver_number,19080,1,318000.0,318000.0005,4.0,4.0,28.166318,101.398746,158.0,272.591258,-7370.184746,-0.010893,0.35945,0.0,28.166195,-0.018328,0.0,7370.613866,24.163613,0.058902,1.0,0.0,0.0,0.0,7383.392837,21.23495,1021.0,3.0,0.0,229.0,-0.020379,36.544378,131.559762,36.544352,-0.043495,-9.2e-05,0.326665,-0.023357,-9.8e-05,0.028417,0.41775,0.0,0.0,0.0,0.0,0.0,-9999.0,-9999.0,-9999.0,-9999.0,-9999.0,-9999.0,-9999.0,-9999.0,-9999.0,-9999.0,-9999.0,-9999.0,-9999.0,-9999.0
P25_AV0_4_interaction,active_and_state_lat_and_long_zero_last_source_row_continuous_segment,P25,AV0,4,off_ramp,P25_AV0_4,P25_AV0.1.asc,HV4,60,driver_number,19081,1,318016.67,318016.6674,4.0,4.0,28.166262,101.398545,158.0,273.060693,-7370.653475,-0.003566,0.370292,0.0,28.166004,-0.020058,0.0,7371.082501,24.191033,0.059178,1.0,0.0,0.0,0.0,7384.000711,21.272794,1021.0,3.0,0.0,229.0,-0.015978,36.549781,131.579213,36.549758,-0.041234,-9.4e-05,0.322456,-0.036932,-8.4e-05,0.031086,0.4165,0.0,0.0,0.0,0.0,0.0,-9999.0,-9999.0,-9999.0,-9999.0,-9999.0,-9999.0,-9999.0,-9999.0,-9999.0,-9999.0,-9999.0,-9999.0,-9999.0,-9999.0
P25_AV0_4_interaction,active_and_state_lat_and_long_zero_last_source_row_continuous_segment,P25,AV0,4,off_ramp,P25_AV0_4,P25_AV0.1.asc,HV4,60,driver_number,19082,1,318033.33,318033.3341,4.0,4.0,28.166102,101.397968,158.0,273.530126,-7371.122197,-0.003531,0.38509,0.0,28.165993,-0.021886,0.0,7371.551127,24.218556,0.059465,1.0,0.0,0.0,0.0,7384.608674,21.310637,1021.0,3.0,0.0,229.0,-0.011583,36.555129,131.598465,36.555108,-0.039087,-9.5e-05,0.319519,-0.05967,-5.9e-05,0.037523,0.4145,0.0,0.0,0.0,0.0,0.0,-9999.0,-9999.0,-9999.0,-9999.0,-9999.0,-9999.0,-9999.0,-9999.0,-9999.0,-9999.0,-9999.0,-9999.0,-9999.0,-9999.0
P25_AV0_4_interaction,active_and_state_lat_and_long_zero_last_source_row_continuous_segment,P25,AV0,4,off_ramp,P25_AV0_4,P25_AV0.1.asc,HV4,60,driver_number,19083,1,318050.0,318050.0004,4.0,4.0,28.165972,101.397499,158.0,273.999556,-7371.59091,-0.008344,0.398226,0.0,28.165907,-0.023774,0.0,7372.019746,24.246186,0.059762,1.0,0.0,1.0,0.0,7385.216728,21.348475,1021.0,3.0,0.0,229.0,-0.007199,36.560425,131.617529,36.560406,-0.036908,-9.6e-05,0.316767,-0.066383,-6.7e-05,0.037523,0.4145,0.0,0.0,0.0,0.0,0.0,-9999.0,-9999.0,-9999.0,-9999.0,-9999.0,-9999.0,-9999.0,-9999.0,-9999.0,-9999.0,-9999.0,-9999.0,-9999.0,-9999.0
P25_AV0_4_interaction,active_and_state_lat_and_long_zero_last_source_row_continuous_segment,P25,AV0,4,off_ramp,P25_AV0_4,P25_AV0.1.asc,HV4,60,driver_number,19084,1,318066.67,318066.6676,4.0,4.0,28.16596,101.397457,158.0,274.468986,-7372.059618,-0.018529,0.409486,0.0,28.165706,-0.025708,0.0,7372.488357,24.273927,0.060067,1.0,0.0,1.0,0.0,7385.82487,21.386303,1021.0,3.0,0.0,229.0,-0.002828,36.565672,131.636419,36.565655,-0.034763,-9.7e-05,0.313295,-0.089165,-6.2e-05,0.04396,0.41325,0.0,0.0,0.0,0.0,0.0,-9999.0,-9999.0,-9999.0,-9999.0,-9999.0,-9999.0,-9999.0,-9999.0,-9999.0,-9999.0,-9999.0,-9999.0,-9999.0,-9999.0
P25_AV0_4_interaction,active_and_state_lat_and_long_zero_last_source_row_continuous_segment,P25,AV0,4,off_ramp,P25_AV0_4,P25_AV0.1.asc,HV4,60,driver_number,19085,1,318083.33,318083.3335,4.0,4.0,28.165834,101.397003,158.0,274.938413,-7372.528318,-0.011749,0.424551,0.0,28.165418,-0.027642,0.0,7372.956957,24.301782,0.060381,1.0,0.0,1.0,0.0,7386.433102,21.424119,1021.0,3.0,0.0,229.0,0.001525,36.57087,131.655133,36.570856,-0.032575,-9.8e-05,0.310513,-0.10422,-7.1e-05,0.047257,0.41325,0.0,0.0,0.0,0.0,0.0,-9999.0,-9999.0,-9999.0,-9999.0,-9999.0,-9999.0,-9999.0,-9999.0,-9999.0,-9999.0,-9999.0,-9999.0,-9999.0,-9999.0
P25_AV0_4_interaction,active_and_state_lat_and_long_zero_last_source_row_continuous_segment,P25,AV0,4,off_ramp,P25_AV0_4,P25_AV0.1.asc,HV4,60,driver_number,19086,1,318100.0,318100.0011,4.0,4.0,28.165548,101.395974,158.0,275.407836,-7372.997007,-0.010547,0.440009,0.0,28.165222,-0.029562,0.0,7373.425546,24.329754,0.060702,1.0,0.0,1.0,0.0,7387.04142,21.461918,1021.0,3.0,0.0,229.0,0.005856,36.575984,131.673542,36.575971,-0.030298,-9.9e-05,0.304174,-0.117979,-8.9e-05,0.049926,0.41325,0.0,0.0,0.0,0.0,0.0,-9999.0,-9999.0,-9999.0,-9999.0,-9999.0,-9999.0,-9999.0,-9999.0,-9999.0,-9999.0,-9999.0,-9999.0,-9999.0,-9999.0
P25_AV0_4_interaction,active_and_state_lat_and_long_zero_last_source_row_continuous_segment,P25,AV0,4,off_ramp,P25_AV0_4,P25_AV0.1.asc,HV4,60,driver_number,19087,1,318116.67,318116.6668,4.0,4.0,28.165316,101.395137,158.0,275.877254,-7373.465686,-0.010567,0.454291,0.0,28.165037,-0.031417,0.0,7373.894124,24.357846,0.06103,1.0,0.0,1.0,0.0,7387.649826,21.499696,1021.0,3.0,0.0,229.0,0.010162,36.581,131.691599,36.580989,-0.027861,-0.000101,0.298794,-0.125466,-0.000122,0.049926,0.41325,0.0,0.0,0.0,0.0,0.0,-9999.0,-9999.0,-9999.0,-9999.0,-9999.0,-9999.0,-9999.0,-9999.0,-9999.0,-9999.0,-9999.0,-9999.0,-9999.0,-9999.0
P25_AV0_4_interaction,active_and_state_lat_and_long_zero_last_source_row_continuous_segment,P25,AV0,4,off_ramp,P25_AV0_4,P25_AV0.1.asc,HV4,60,driver_number,19088,1,318133.33,318133.3336,4.0,4.0,28.165129,101.394465,158.0,276.346668,-7373.934354,-0.007491,0.466744,0.0,28.164882,-0.033185,0.0,7374.362692,24.386064,0.061364,1.0,0.0,1.0,0.0,7388.258317,21.53745,1021.0,3.0,0.0,229.0,0.014439,36.58593,131.709348,36.585921,-0.025334,-0.000103,0.293713,-0.144278,-0.000143,0.054322,0.412,0.0,0.0,0.0,0.0,0.0,-9999.0,-9999.0,-9999.0,-9999.0,-9999.0,-9999.0,-9999.0,-9999.0,-9999.0,-9999.0,-9999.0,-9999.0,-9999.0,-9999.0
P25_AV0_4_interaction,active_and_state_lat_and_long_zero_last_source_row_continuous_segment,P25,AV0,4,off_ramp,P25_AV0_4,P25_AV0.1.asc,HV4,60,driver_number,19089,1,318150.0,318150.0026,4.0,4.0,28.164944,101.393797,158.0,276.816078,-7374.403013,-0.016917,0.484693,0.0,28.164661,-0.034926,0.0,7374.83125,24.414411,0.061704,1.0,0.0,1.0,0.0,7388.866892,21.575176,1021.0,3.0,0.0,229.0,0.018684,36.590801,131.726884,36.590794,-0.022625,-0.000106,0.29148,-0.152489,-0.000171,0.054322,0.412,0.0,0.0,0.0,0.0,0.0,-9999.0,-9999.0,-9999.0,-9999.0,-9999.0,-9999.0,-9999.0,-9999.0,-9999.0,-9999.0,-9999.0,-9999.0,-9999.0,-9999.0
P25_AV0_4_interaction,active_and_state_lat_and_long_zero_last_source_row_continuous_segment,P25,AV0,4,off_ramp,P25_AV0_4,P25_AV0.1.asc,HV4,60,driver_number,19090,1,318166.67,318166.6667,4.0,4.0,28.164815,101.393333,158.0,277.285486,-7374.871662,-0.010516,0.496117,0.0,28.164409,-0.036526,0.0,7375.299795,24.442891,0.06205,1.0,0.0,1.0,0.0,7389.475551,21.612871,1021.0,3.0,0.0,229.0,0.022892,36.59565,131.744341,36.595645,-0.019771,-0.000109,0.290284,-0.167022,-0.000179,0.056677,0.412,0.0,0.0,0.0,0.0,0.0,-9999.0,-9999.0,-9999.0,-9999.0,-9999.0,-9999.0,-9999.0,-9999.0,-9999.0,-9999.0,-9999.0,-9999.0,-9999.0,-9999.0
P25_AV0_4_interaction,active_and_state_lat_and_long_zero_last_source_row_continuous_segment,P25,AV0,4,off_ramp,P25_AV0_4,P25_AV0.1.asc,HV4,60,driver_number,19091,1,318183.33,318183.3342,4.0,4.0,28.164514,101.392252,158.0,277.754888,-7375.340299,-0.01019,0.513051,0.0,28.164224,-0.038053,0.0,7375.768329,24.471508,0.062401,1.0,0.0,1.0,0.0,7390.084292,21.65053,1021.0,3.0,0.0,229.0,0.027061,36.60047,131.761694,36.600467,-0.016745,-0.000112,0.288101,-0.176084,-0.000179,0.056677,0.412,0.0,0.0,0.0,0.0,0.0,-9999.0,-9999.0,-9999.0,-9999.0,-9999.0,-9999.0,-9999.0,-9999.0,-9999.0,-9999.0,-9999.0,-9999.0,-9999.0,-9999.0
P25_AV0_4_interaction,active_and_state_lat_and_long_zero_last_source_row_continuous_segment,P25,AV0,4,off_ramp,P25_AV0_4,P25_AV0.1.asc,HV4,60,driver_number,19092,1,318200.0,318200.0001,4.0,4.0,28.164315,101.391534,158.0,278.224286,-7375.808925,-0.006422,0.531798,0.0,28.16404,-0.03949,0.0,7376.23685,24.500266,0.062758,1.0,0.0,1.0,0.0,7390.693117,21.688152,1021.0,3.0,0.0,230.0,0.031188,36.605247,131.77889,36.605245,-0.013574,-0.000115,0.285776,-0.187516,-0.000161,0.057462,0.412,0.0,0.0,0.0,0.0,0.0,-9999.0,-9999.0,-9999.0,-9999.0,-9999.0,-9999.0,-9999.0,-9999.0,-9999.0,-9999.0,-9999.0,-9999.0,-9999.0,-9999.0
P25_AV0_4_interaction,active_and_state_lat_and_long_zero_last_source_row_continuous_segment,P25,AV0,4,off_ramp,P25_AV0_4,P25_AV0.1.asc,HV4,60,driver_number,19093,1,318216.68,318216.6774,4.0,4.0,28.164132,101.390876,158.0,278.69368,-7376.277539,-0.009768,0.546079,0.0,28.163913,-0.040808,0.0,7376.70536,24.529171,0.063122,1.0,0.0,1.0,0.0,7391.302024,21.725732,1021.0,3.0,0.0,230.0,0.035268,36.61,131.795999,36.609998,-0.010265,-0.000117,0.284491,-0.197719,-0.000132,0.057619,0.412,0.0,0.0,0.0,0.0,0.0,-9999.0,-9999.0,-9999.0,-9999.0,-9999.0,-9999.0,-9999.0,-9999.0,-9999.0,-9999.0,-9999.0,-9999.0,-9999.0,-9999.0
P25_AV0_4_interaction,active_and_state_lat_and_long_zero_last_source_row_continuous_segment,P25,AV0,4,off_ramp,P25_AV0_4,P25_AV0.1.asc,HV4,60,driver_number,19094,1,318233.33,318233.334,4.0,4.0,28.16398,101.390328,158.0,279.16307,-7376.746143,-0.0145,0.563866,0.0,28.163729,-0.042059,0.0,7377.173858,24.558226,0.063493,1.0,0.0,1.0,0.0,7391.911013,21.763267,1021.0,3.0,0.0,230.0,0.039299,36.614726,131.813014,36.614725,-0.00684,-0.000119,0.283075,-0.207835,-9.5e-05,0.057619,0.412,0.0,0.0,0.0,0.0,0.0,-9999.0,-9999.0,-9999.0,-9999.0,-9999.0,-9999.0,-9999.0,-9999.0,-9999.0,-9999.0,-9999.0,-9999.0,-9999.0,-9999.0
P25_AV0_4_interaction,active_and_state_lat_and_long_zero_last_source_row_continuous_segment,P25,AV0,4,off_ramp,P25_AV0_4,P25_AV0.1.asc,HV4,60,driver_number,19095,1,318250.0,318250.0008,4.0,4.0,28.163824,101.389767,158.0,279.632457,-7377.214735,-0.007277,0.582702,0.0,28.163479,-0.043221,0.0,7377.642344,24.587438,0.063871,1.0,0.0,1.0,0.0,7392.520084,21.800754,1021.0,3.0,0.0,230.0,0.043278,36.61944,131.829982,36.619439,-0.00333,-0.00012,0.28268,-0.218182,-5.3e-05,0.057619,0.412,0.0,0.0,0.0,0.0,0.0,-9999.0,-9999.0,-9999.0,-9999.0,-9999.0,-9999.0,-9999.0,-9999.0,-9999.0,-9999.0,-9999.0,-9999.0,-9999.0,-9999.0
P25_AV0_4_interaction,active_and_state_lat_and_long_zero_last_source_row_continuous_segment,P25,AV0,4,off_ramp,P25_AV0_4,P25_AV0.1.asc,HV4,60,driver_number,19096,1,318266.67,318266.6672,4.0,4.0,28.163601,101.388964,158.0,280.101839,-7377.683315,-0.0097,0.599123,0.0,28.163341,-0.044306,0.0,7378.110815,24.61681,0.064257,1.0,0.0,1.0,0.0,7393.129237,21.83819,1021.0,3.0,0.0,230.0,0.047201,36.62415,131.846942,36.62415,0.000236,-0.000121,0.282652,-0.228676,-7e-06,0.057305,0.41175,0.0,0.0,0.0,0.0,0.0,-9999.0,-9999.0,-9999.0,-9999.0,-9999.0,-9999.0,-9999.0,-9999.0,-9999.0,-9999.0,-9999.0,-9999.0,-9999.0,-9999.0
P25_AV0_4_interaction,active_and_state_lat_and_long_zero_last_source_row_continuous_segment,P25,AV0,4,off_ramp,P25_AV0_4,P25_AV0.1.asc,HV4,60,driver_number,19097,1,318283.33,318283.3336,4.0,4.0,28.163411,101.388278,158.0,280.571217,-7378.151881,-0.010619,0.619144,0.0,28.163157,-0.045358,0.0,7378.579274,24.646348,0.064654,1.0,0.0,1.0,0.0,7393.738472,21.875572,1021.0,3.0,0.0,230.0,0.051066,36.628861,131.863901,36.628861,0.003832,-0.00012,0.28271,-0.239255,4.2e-05,0.057305,0.41175,0.0,0.0,0.0,0.0,0.0,-9999.0,-9999.0,-9999.0,-9999.0,-9999.0,-9999.0,-9999.0,-9999.0,-9999.0,-9999.0,-9999.0,-9999.0,-9999.0,-9999.0
P25_AV0_4_interaction,active_and_state_lat_and_long_zero_last_source_row_continuous_segment,P25,AV0,4,off_ramp,P25_AV0_4,P25_AV0.1.asc,HV4,60,driver_number,19098,1,318300.0,318300.0006,4.0,4.0,28.163252,101.387708,158.0,281.04059,-7378.620436,-0.010666,0.641919,0.0,28.162962,-0.046408,0.0,7379.047718,24.676058,0.06506,1.0,0.0,1.0,0.0,7394.347789,21.912896,1021.0,3.0,0.0,230.0,0.054868,36.633562,131.880823,36.633561,0.007434,-0.000119,0.281506,-0.249838,8.9e-05,0.056677,0.412,0.0,0.0,0.0,0.0,0.0,-9999.0,-9999.0,-9999.0,-9999.0,-9999.0,-9999.0,-9999.0,-9999.0,-9999.0,-9999.0,-9999.0,-9999.0,-9999.0,-9999.0
P25_AV0_4_interaction,active_and_state_lat_and_long_zero_last_source_row_continuous_segment,P25,AV0,4,off_ramp,P25_AV0_4,P25_AV0.1.asc,HV4,60,driver_number,19099,1,318316.67,318316.6676,4.0,4.0,28.16306,101.387015,158.0,281.50996,-7379.088977,-0.010682,0.658886,0.0,28.162766,-0.047414,0.0,7379.516148,24.705945,0.065478,1.0,0.0,1.0,0.0,7394.957189,21.950159,1021.0,3.0,0.0,230.0,0.058605,36.638244,131.897678,36.638242,0.011021,-0.000117,0.280746,-0.260388,0.00013,0.056677,0.412,0.0,0.0,0.0,0.0,0.0,-9999.0,-9999.0,-9999.0,-9999.0,-9999.0,-9999.0,-9999.0,-9999.0,-9999.0,-9999.0,-9999.0,-9999.0,-9999.0,-9999.0
P25_AV0_4_interaction,active_and_state_lat_and_long_zero_last_source_row_continuous_segment,P25,AV0,4,off_ramp,P25_AV0_4,P25_AV0.1.asc,HV4,60,driver_number,19100,1,318333.33,318333.3342,4.0,4.0,28.162864,101.38631,158.0,281.979324,-7379.557505,-0.011507,0.679826,0.0,28.1626,-0.048488,0.0,7379.984563,24.736015,0.065909,1.0,0.0,1.0,0.0,7395.56667,21.987358,1021.0,3.0,0.0,230.0,0.062273,36.642918,131.914506,36.642916,0.014604,-0.000115,0.280475,-0.267477,0.00016,0.055264,0.412,0.0,0.0,0.0,0.0,0.0,-9999.0,-9999.0,-9999.0,-9999.0,-9999.0,-9999.0,-9999.0,-9999.0,-9999.0,-9999.0,-9999.0,-9999.0,-9999.0,-9999.0
P25_AV0_4_interaction,active_and_state_lat_and_long_zero_last_source_row_continuous_segment,P25,AV0,4,off_ramp,P25_AV0_4,P25_AV0.1.asc,HV4,60,driver_number,19101,1,318350.0,318350.0001,4.0,4.0,28.162667,101.385601,158.0,282.448684,-7380.026018,-0.011508,0.698433,0.0,28.162373,-0.049589,0.0,7380.452963,24.766273,0.066353,1.0,0.0,1.0,0.0,7396.176234,22.02449,1021.0,3.0,0.0,230.0,0.065871,36.64759,131.931323,36.647585,0.018132,-0.000112,0.280368,-0.277827,0.000186,0.055264,0.412,0.0,0.0,0.0,0.0,0.0,-9999.0,-9999.0,-9999.0,-9999.0,-9999.0,-9999.0,-9999.0,-9999.0,-9999.0,-9999.0,-9999.0,-9999.0,-9999.0,-9999.0
P25_AV0_4_interaction,active_and_state_lat_and_long_zero_last_source_row_continuous_segment,P25,AV0,4,off_ramp,P25_AV0_4,P25_AV0.1.asc,HV4,60,driver_number,19102,1,318366.67,318366.6668,4.0,4.0,28.162494,101.384979,158.0,282.918039,-7380.494517,-0.010863,0.718428,0.0,28.162164,-0.050745,0.0,7380.921347,24.796726,0.066811,1.0,0.0,1.0,0.0,7396.78588,22.061552,1021.0,3.0,0.0,230.0,0.069393,36.652259,131.948132,36.652253,0.02159,-0.000108,0.280277,-0.286393,0.000206,0.054636,0.412,0.0,0.0,0.0,0.0,0.0,-9999.0,-9999.0,-9999.0,-9999.0,-9999.0,-9999.0,-9999.0,-9999.0,-9999.0,-9999.0,-9999.0,-9999.0,-9999.0,-9999.0
P25_AV0_4_interaction,active_and_state_lat_and_long_zero_last_source_row_continuous_segment,P25,AV0,4,off_ramp,P25_AV0_4,P25_AV0.1.asc,HV4,60,driver_number,19103,1,318383.33,318383.3342,4.0,4.0,28.162267,101.38416,158.0,283.387388,-7380.963,-0.014813,0.738928,0.0,28.16196,-0.051983,0.0,7381.389715,24.827378,0.067283,1.0,0.0,0.0,0.0,7397.395608,22.098542,1021.0,3.0,0.0,230.0,0.072839,36.656926,131.964934,36.656918,0.024954,-0.000105,0.280197,-0.294703,0.000224,0.054008,0.412,0.0,0.0,0.0,0.0,0.0,-9999.0,-9999.0,-9999.0,-9999.0,-9999.0,-9999.0,-9999.0,-9999.0,-9999.0,-9999.0,-9999.0,-9999.0,-9999.0,-9999.0
P25_AV0_4_interaction,active_and_state_lat_and_long_zero_last_source_row_continuous_segment,P25,AV0,4,off_ramp,P25_AV0_4,P25_AV0.1.asc,HV4,60,driver_number,19104,1,318400.0,318400.0001,4.0,4.0,28.162062,101.383424,158.0,283.856732,-7381.431468,-0.00384,0.757548,0.0,28.161856,-0.053342,0.0,7381.858065,24.858235,0.067772,1.0,0.0,0.0,0.0,7398.005419,22.135456,1021.0,3.0,0.0,230.0,0.076205,36.661591,131.981729,36.66158,0.028196,-0.000101,0.280081,-0.304246,0.000242,0.054008,0.412,0.0,0.0,0.0,0.0,0.0,-9999.0,-9999.0,-9999.0,-9999.0,-9999.0,-9999.0,-9999.0,-9999.0,-9999.0,-9999.0,-9999.0,-9999.0,-9999.0,-9999.0
P25_AV0_4_interaction,active_and_state_lat_and_long_zero_last_source_row_continuous_segment,P25,AV0,4,off_ramp,P25_AV0_4,P25_AV0.1.asc,HV4,60,driver_number,19105,1,318416.68,318416.6778,4.0,4.0,28.161825,101.382569,158.0,284.32607,-7381.89992,-0.034382,0.774629,0.0,28.161615,-0.05482,0.0,7382.3264,24.889304,0.068275,1.0,0.0,0.0,0.0,7398.615313,22.172292,1021.0,3.0,0.0,230.0,0.079488,36.666254,131.998513,36.66624,0.031299,-9.7e-05,0.279935,-0.313409,0.000256,0.054008,0.41175,0.0,0.0,0.0,0.0,0.0,-9999.0,-9999.0,-9999.0,-9999.0,-9999.0,-9999.0,-9999.0,-9999.0,-9999.0,-9999.0,-9999.0,-9999.0,-9999.0,-9999.0
P25_AV0_4_interaction,active_and_state_lat_and_long_zero_last_source_row_continuous_segment,P25,AV0,4,off_ramp,P25_AV0_4,P25_AV0.1.asc,HV4,60,driver_number,19106,1,318433.33,318433.3344,4.0,4.0,28.161812,101.382522,158.0,284.795405,-7382.368357,-0.052437,0.795272,0.0,28.160927,-0.056425,0.0,7382.794715,24.920589,0.068795,1.0,0.0,0.0,0.0,7399.225289,22.209047,1021.0,3.0,0.0,230.0,0.082686,36.67091,132.015278,36.670894,0.034258,-9.2e-05,0.279529,-0.322164,0.000268,0.054008,0.412,0.0,0.0,0.0,0.0,0.0,-9999.0,-9999.0,-9999.0,-9999.0,-9999.0,-9999.0,-9999.0,-9999.0,-9999.0,-9999.0,-9999.0,-9999.0,-9999.0,-9999.0
P25_AV0_4_interaction,active_and_state_lat_and_long_zero_last_source_row_continuous_segment,P25,AV0,4,off_ramp,P25_AV0_4,P25_AV0.1.asc,HV4,60,driver_number,19107,1,318450.0,318450.0006,4.0,4.0,28.161315,101.380735,158.0,285.264731,-7382.836775,-0.052925,0.815231,0.0,28.159979,-0.058175,0.0,7383.263002,24.952094,0.06933,1.0,0.0,0.0,0.0,7399.835348,22.245718,1021.0,3.0,0.0,230.0,0.085796,36.675561,132.032021,36.675543,0.03707,-8.8e-05,0.279352,-0.3305,0.000275,0.054008,0.41175,0.002198,0.0,0.0,0.0,0.0,-9999.0,-9999.0,-9999.0,-9999.0,-9999.0,-9999.0,-9999.0,-9999.0,-9999.0,-9999.0,-9999.0,-9999.0,-9999.0,-9999.0
P25_AV0_4_interaction,active_and_state_lat_and_long_zero_last_source_row_continuous_segment,P25,AV0,4,off_ramp,P25_AV0_4,P25_AV0.1.asc,HV4,60,driver_number,19108,1,318466.67,318466.6668,4.0,4.0,28.160476,101.377713,158.0,285.734042,-7383.305166,-0.053924,0.83281,0.0,28.159116,-0.060013,0.0,7383.731259,24.983824,0.06988,1.0,0.0,0.0,0.0,7400.445489,22.282303,1021.0,3.0,0.0,230.0,0.088815,36.67995,132.047818,36.679928,0.039732,-8.2e-05,0.258847,-0.338376,0.000309,0.054008,0.41175,0.002198,0.0,0.0,0.0,0.0,-9999.0,-9999.0,-9999.0,-9999.0,-9999.0,-9999.0,-9999.0,-9999.0,-9999.0,-9999.0,-9999.0,-9999.0,-9999.0,-9999.0
P25_AV0_4_interaction,active_and_state_lat_and_long_zero_last_source_row_continuous_segment,P25,AV0,4,off_ramp,P25_AV0_4,P25_AV0.1.asc,HV4,60,driver_number,19109,1,318483.33,318483.3341,4.0,4.0,28.159523,101.374283,158.0,286.203334,-7383.773527,-0.066618,0.850692,0.0,28.158132,-0.061964,0.0,7384.199485,25.015785,0.070444,1.0,0.0,0.0,0.0,7401.05571,22.3188,1021.0,3.0,0.0,230.0,0.091742,36.684243,132.063275,36.684219,0.042243,-7.7e-05,0.257675,-0.345851,0.000324,0.054008,0.41175,0.002198,0.0,0.0,0.0,0.0,-9999.0,-9999.0,-9999.0,-9999.0,-9999.0,-9999.0,-9999.0,-9999.0,-9999.0,-9999.0,-9999.0,-9999.0,-9999.0,-9999.0
P25_AV0_4_interaction,active_and_state_lat_and_long_zero_last_source_row_continuous_segment,P25,AV0,4,off_ramp,P25_AV0_4,P25_AV0.1.asc,HV4,60,driver_number,19110,1,318500.0,318500.0001,4.0,4.0,28.158651,101.371144,158.0,286.672609,-7384.241859,-0.077601,0.868537,0.0,28.156934,-0.064007,0.0,7384.667678,25.047981,0.071023,1.0,0.0,0.0,0.0,7401.666007,22.355205,1021.0,3.0,0.0,230.0,0.094573,36.688624,132.079045,36.688597,0.0446,-7.3e-05,0.274091,-0.35292,0.000218,0.054008,0.41175,0.0,0.0,0.0,0.0,0.0,-9999.0,-9999.0,-9999.0,-9999.0,-9999.0,-9999.0,-9999.0,-9999.0,-9999.0,-9999.0,-9999.0,-9999.0,-9999.0,-9999.0
P25_AV0_4_interaction,active_and_state_lat_and_long_zero_last_source_row_continuous_segment,P25,AV0,4,off_ramp,P25_AV0_4,P25_AV0.1.asc,HV4,60,driver_number,19111,1,318516.67,318516.6668,4.0,4.0,28.157559,101.367214,158.0,287.141864,-7384.710158,-0.078337,0.889882,0.0,28.155592,-0.06614,0.0,7385.135834,25.080418,0.071616,1.0,0.0,0.0,0.0,7402.276385,22.391517,1021.0,3.0,0.0,230.0,0.097307,36.693244,132.09568,36.693215,0.046806,-6.9e-05,0.278472,-0.359531,0.000166,0.054008,0.41075,0.002198,0.0,0.0,0.0,0.0,-9999.0,-9999.0,-9999.0,-9999.0,-9999.0,-9999.0,-9999.0,-9999.0,-9999.0,-9999.0,-9999.0,-9999.0,-9999.0,-9999.0
P25_AV0_4_interaction,active_and_state_lat_and_long_zero_last_source_row_continuous_segment,P25,AV0,4,off_ramp,P25_AV0_4,P25_AV0.1.asc,HV4,60,driver_number,19112,1,318533.33,318533.3341,4.0,4.0,28.15627,101.362571,158.0,287.611094,-7385.178421,-0.087715,0.90516,0.0,28.154191,-0.068312,0.0,7385.60395,25.113099,0.072221,1.0,0.0,0.0,0.0,7402.886843,22.427735,1021.0,3.0,0.0,230.0,0.099941,36.697619,132.111427,36.697586,0.048862,-6.6e-05,0.258188,-0.365676,0.000151,0.054008,0.41075,0.002198,0.0,0.0,0.0,0.0,-9999.0,-9999.0,-9999.0,-9999.0,-9999.0,-9999.0,-9999.0,-9999.0,-9999.0,-9999.0,-9999.0,-9999.0,-9999.0,-9999.0
P25_AV0_4_interaction,active_and_state_lat_and_long_zero_last_source_row_continuous_segment,P25,AV0,4,off_ramp,P25_AV0_4,P25_AV0.1.asc,HV4,60,driver_number,19113,1,318550.0,318550.0008,4.0,4.0,28.15492,101.357713,158.0,288.080299,-7385.646645,-0.10137,0.926022,0.0,28.152638,-0.070518,0.0,7386.072024,25.146029,0.072839,1.0,0.0,0.0,0.0,7403.497381,22.463855,1021.0,3.0,0.0,230.0,0.102474,36.7019,132.126839,36.701865,0.050769,-6.3e-05,0.257056,-0.371429,0.000188,0.054008,0.41075,0.002198,0.0,0.0,0.0,0.0,-9999.0,-9999.0,-9999.0,-9999.0,-9999.0,-9999.0,-9999.0,-9999.0,-9999.0,-9999.0,-9999.0,-9999.0,-9999.0,-9999.0
P25_AV0_4_interaction,active_and_state_lat_and_long_zero_last_source_row_continuous_segment,P25,AV0,4,off_ramp,P25_AV0_4,P25_AV0.1.asc,HV4,60,driver_number,19114,1,318566.67,318566.6672,4.0,4.0,28.15344,101.352386,158.0,288.549476,-7386.114829,-0.110676,0.943888,0.0,28.150888,-0.072736,0.0,7386.540054,25.179215,0.073468,1.0,0.0,0.0,0.0,7404.107997,22.499876,1021.0,3.0,0.0,230.0,0.104904,36.706268,132.142566,36.706231,0.052529,-6.1e-05,0.273483,-0.376787,0.000131,0.054008,0.41075,0.0,0.0,0.0,0.0,0.0,-9999.0,-9999.0,-9999.0,-9999.0,-9999.0,-9999.0,-9999.0,-9999.0,-9999.0,-9999.0,-9999.0,-9999.0,-9999.0,-9999.0
P25_AV0_4_interaction,active_and_state_lat_and_long_zero_last_source_row_continuous_segment,P25,AV0,4,off_ramp,P25_AV0_4,P25_AV0.1.asc,HV4,60,driver_number,19115,1,318583.33,318583.3338,4.0,4.0,28.151772,101.346381,158.0,289.018622,-7386.58297,-0.138429,0.963,0.0,28.148913,-0.074937,0.0,7387.008036,25.21266,0.074109,1.0,0.0,0.0,0.0,7404.718691,22.535797,1021.0,3.0,0.0,230.0,0.10723,36.710875,132.15915,36.710835,0.054146,-5.8e-05,0.277633,-0.381709,0.000133,0.054008,0.41075,0.0,0.0,0.0,0.0,0.0,-9999.0,-9999.0,-9999.0,-9999.0,-9999.0,-9999.0,-9999.0,-9999.0,-9999.0,-9999.0,-9999.0,-9999.0,-9999.0,-9999.0
P25_AV0_4_interaction,active_and_state_lat_and_long_zero_last_source_row_continuous_segment,P25,AV0,4,off_ramp,P25_AV0_4,P25_AV0.1.asc,HV4,60,driver_number,19116,1,318600.0,318600.0002,4.0,4.0,28.149944,101.339798,158.0,289.487734,-7387.051063,-0.161479,0.985684,0.0,28.146454,-0.077134,0.0,7387.475964,25.246369,0.07476,1.0,0.0,0.0,0.0,7405.329469,22.571616,1021.0,3.0,0.0,230.0,0.10945,36.715497,132.175789,36.715455,0.055625,-5.6e-05,0.278044,-0.386224,0.00013,0.054008,0.408,0.0,0.0,0.0,0.0,0.0,-9999.0,-9999.0,-9999.0,-9999.0,-9999.0,-9999.0,-9999.0,-9999.0,-9999.0,-9999.0,-9999.0,-9999.0,-9999.0,-9999.0
P25_AV0_4_interaction,active_and_state_lat_and_long_zero_last_source_row_continuous_segment,P25,AV0,4,off_ramp,P25_AV0_4,P25_AV0.1.asc,HV4,60,driver_number,19117,1,318616.67,318616.6676,4.0,4.0,28.147736,101.331851,158.0,289.956807,-7387.519103,-0.172824,1.001815,0.0,28.143675,-0.079268,0.0,7387.943829,25.280347,0.075421,1.0,0.0,0.0,0.0,7405.940329,22.607333,1021.0,3.0,0.0,230.0,0.111562,36.72012,132.192432,36.720076,0.056971,-5.3e-05,0.27788,-0.38996,0.000178,0.053851,0.40575,0.0,0.0,0.0,0.0,0.0,-9999.0,-9999.0,-9999.0,-9999.0,-9999.0,-9999.0,-9999.0,-9999.0,-9999.0,-9999.0,-9999.0,-9999.0,-9999.0,-9999.0
P25_AV0_4_interaction,active_and_state_lat_and_long_zero_last_source_row_continuous_segment,P25,AV0,4,off_ramp,P25_AV0_4,P25_AV0.1.asc,HV4,60,driver_number,19118,1,318633.33,318633.3342,4.0,4.0,28.145084,101.322301,158.0,290.425832,-7387.987082,-0.200656,1.022462,0.0,28.140644,-0.081368,0.0,7388.411628,25.314599,0.076093,1.0,0.0,0.0,0.0,7406.551272,22.642945,1021.0,3.0,0.0,230.0,0.113566,36.724739,132.20906,36.724693,0.058193,-5e-05,0.277695,-0.392929,0.000238,0.053537,0.402,0.0,0.0,0.0,0.0,0.0,-9999.0,-9999.0,-9999.0,-9999.0,-9999.0,-9999.0,-9999.0,-9999.0,-9999.0,-9999.0,-9999.0,-9999.0,-9999.0,-9999.0
P25_AV0_4_interaction,active_and_state_lat_and_long_zero_last_source_row_continuous_segment,P25,AV0,4,off_ramp,P25_AV0_4,P25_AV0.1.asc,HV4,60,driver_number,19119,1,318650.01,318650.0052,4.0,4.0,28.142209,101.311954,158.0,290.894806,-7388.454995,-0.25681,1.042716,0.0,28.137028,-0.083422,0.0,7388.879354,25.34913,0.076775,1.0,0.0,0.0,0.0,7407.162299,22.678452,1021.0,3.0,0.0,230.0,0.11546,36.729355,132.225678,36.729307,0.059292,-4.5e-05,0.277549,-0.395924,0.000289,0.05338,0.3995,0.0,0.0,0.0,0.0,0.0,-9999.0,-9999.0,-9999.0,-9999.0,-9999.0,-9999.0,-9999.0,-9999.0,-9999.0,-9999.0,-9999.0,-9999.0,-9999.0,-9999.0
P25_AV0_4_interaction,active_and_state_lat_and_long_zero_last_source_row_continuous_segment,P25,AV0,4,off_ramp,P25_AV0_4,P25_AV0.1.asc,HV4,60,driver_number,19120,1,318666.67,318666.6668,4.0,4.0,28.138945,101.300203,158.0,291.363722,-7388.922836,-0.292299,1.059723,0.0,28.132588,-0.085406,0.0,7389.346994,25.383945,0.077466,1.0,0.0,0.0,0.0,7407.773408,22.713853,1021.0,3.0,0.0,230.0,0.117244,36.733967,132.242281,36.733917,0.060275,-4e-05,0.277083,-0.397394,0.00032,0.052752,0.3975,0.0,0.0,0.0,0.0,0.0,-9999.0,-9999.0,-9999.0,-9999.0,-9999.0,-9999.0,-9999.0,-9999.0,-9999.0,-9999.0,-9999.0,-9999.0,-9999.0,-9999.0
P25_AV0_4_interaction,active_and_state_lat_and_long_zero_last_source_row_continuous_segment,P25,AV0,4,off_ramp,P25_AV0_4,P25_AV0.1.asc,HV4,60,driver_number,19121,1,318683.33,318683.3341,4.0,4.0,28.134861,101.285499,158.0,291.832569,-7389.390593,-0.335223,1.080108,0.0,28.127428,-0.087365,0.0,7389.814536,25.419048,0.078168,1.0,0.0,0.0,0.0,7408.384601,22.749147,1021.0,3.0,0.0,230.0,0.118916,36.738562,132.258824,36.738511,0.061147,-3.5e-05,0.275983,-0.398904,0.000333,0.052281,0.3975,0.0,0.0,0.0,0.0,0.0,-9999.0,-9999.0,-9999.0,-9999.0,-9999.0,-9999.0,-9999.0,-9999.0,-9999.0,-9999.0,-9999.0,-9999.0,-9999.0,-9999.0
P25_AV0_4_interaction,active_and_state_lat_and_long_zero_last_source_row_continuous_segment,P25,AV0,4,off_ramp,P25_AV0_4,P25_AV0.1.asc,HV4,60,driver_number,19122,1,318700.0,318700.0008,4.0,4.0,28.130124,101.268445,158.0,292.301333,-7389.858254,-0.35322,1.098729,0.0,28.121715,-0.089294,0.0,7390.281967,25.454443,0.078879,1.0,0.0,0.0,0.0,7408.995877,22.784334,1021.0,3.0,0.0,230.0,0.120477,36.743145,132.275322,36.743093,0.061896,-2.9e-05,0.275486,-0.401239,0.00033,0.052281,0.3975,0.0,0.0,0.0,0.0,0.0,-9999.0,-9999.0,-9999.0,-9999.0,-9999.0,-9999.0,-9999.0,-9999.0,-9999.0,-9999.0,-9999.0,-9999.0,-9999.0,-9999.0
P25_AV0_4_interaction,active_and_state_lat_and_long_zero_last_source_row_continuous_segment,P25,AV0,4,off_ramp,P25_AV0_4,P25_AV0.1.asc,HV4,60,driver_number,19123,1,318716.67,318716.6668,4.0,4.0,28.124605,101.248578,158.0,292.770003,-7390.325804,-0.360772,1.115374,0.0,28.115737,-0.091188,0.0,7390.749279,25.490135,0.079601,1.0,0.0,1.0,0.0,7409.607236,22.819413,1021.0,3.0,0.0,230.0,0.121925,36.747723,132.291802,36.74767,0.06255,-2.4e-05,0.275264,-0.400486,0.000313,0.051182,0.39725,0.0,0.0,0.0,0.0,0.0,-9999.0,-9999.0,-9999.0,-9999.0,-9999.0,-9999.0,-9999.0,-9999.0,-9999.0,-9999.0,-9999.0,-9999.0,-9999.0,-9999.0
P25_AV0_4_interaction,active_and_state_lat_and_long_zero_last_source_row_continuous_segment,P25,AV0,4,off_ramp,P25_AV0_4,P25_AV0.1.asc,HV4,60,driver_number,19124,1,318733.33,318733.3336,4.0,4.0,28.118741,101.227468,169.0,0.454085,-7390.793236,-0.398227,1.133309,0.0,28.109551,-0.093088,0.0,7391.216467,25.526128,0.080332,1.0,0.0,1.0,0.0,7410.218677,22.854384,1021.0,3.0,0.0,230.0,0.123261,36.752297,132.30827,36.752243,0.063095,-1.9e-05,0.275087,-0.400201,0.000288,0.050397,0.396,0.0,0.0,0.0,0.0,0.0,-9999.0,-9999.0,-9999.0,-9999.0,-9999.0,-9999.0,-9999.0,-9999.0,-9999.0,-9999.0,-9999.0,-9999.0,-9999.0,-9999.0
P25_AV0_4_interaction,active_and_state_lat_and_long_zero_last_source_row_continuous_segment,P25,AV0,4,off_ramp,P25_AV0_4,P25_AV0.1.asc,HV4,60,driver_number,19125,1,318750.0,318750.0008,4.0,4.0,28.112699,101.205718,169.0,0.922954,-7391.260545,-0.458798,1.149187,0.0,28.102585,-0.094939,0.0,7391.683526,25.562426,0.081073,1.0,0.0,1.0,0.0,7410.830201,22.889246,1021.0,3.0,0.0,230.0,0.124485,36.756869,132.324729,36.756814,0.063544,-1.4e-05,0.274936,-0.397236,0.000259,0.04867,0.3955,0.0,0.0,0.0,0.0,0.0,-9999.0,-9999.0,-9999.0,-9999.0,-9999.0,-9999.0,-9999.0,-9999.0,-9999.0,-9999.0,-9999.0,-9999.0,-9999.0,-9999.0
P25_AV0_4_interaction,active_and_state_lat_and_long_zero_last_source_row_continuous_segment,P25,AV0,4,off_ramp,P25_AV0_4,P25_AV0.1.asc,HV4,60,driver_number,19126,1,318766.67,318766.6679,4.0,4.0,28.1062,101.18232,169.0,1.39176,-7391.727727,-0.465977,1.161974,0.0,28.094785,-0.096829,0.0,7392.15044,25.599033,0.081823,1.0,0.0,1.0,0.0,7411.441807,22.924001,1021.0,3.0,0.0,230.0,0.125596,36.761414,132.341091,36.761359,0.063855,-1e-05,0.272079,-0.398219,0.000237,0.04867,0.3955,0.0,0.0,0.0,0.0,0.0,-9999.0,-9999.0,-9999.0,-9999.0,-9999.0,-9999.0,-9999.0,-9999.0,-9999.0,-9999.0,-9999.0,-9999.0,-9999.0,-9999.0
P25_AV0_4_interaction,active_and_state_lat_and_long_zero_last_source_row_continuous_segment,P25,AV0,4,off_ramp,P25_AV0_4,P25_AV0.1.asc,HV4,60,driver_number,19127,1,318783.33,318783.3334,4.0,4.0,28.098728,101.155421,169.0,1.860478,-7392.194765,-0.454351,1.178477,0.0,28.086997,-0.098701,0.0,7392.617199,25.635952,0.082583,1.0,0.0,1.0,0.0,7412.053495,22.958647,1021.0,3.0,0.0,230.0,0.126594,36.765899,132.357236,36.765843,0.064041,-7e-06,0.268216,-0.39684,0.000214,0.047885,0.395,0.0,0.0,0.0,0.0,0.0,-9999.0,-9999.0,-9999.0,-9999.0,-9999.0,-9999.0,-9999.0,-9999.0,-9999.0,-9999.0,-9999.0,-9999.0,-9999.0,-9999.0
P25_AV0_4_interaction,active_and_state_lat_and_long_zero_last_source_row_continuous_segment,P25,AV0,4,off_ramp,P25_AV0_4,P25_AV0.1.asc,HV4,60,driver_number,19128,1,318800.0,318800.0001,4.0,4.0,28.090866,101.127119,169.0,2.329041,-7392.661648,-0.445256,1.194336,0.0,28.079393,-0.100569,0.0,7393.083803,25.673186,0.083351,1.0,0.0,1.0,0.0,7412.665264,22.993186,1021.0,3.0,0.0,230.0,0.127481,36.770304,132.373094,36.770248,0.064112,-3e-06,0.262697,-0.394696,0.000187,0.046943,0.39375,0.0,0.0,0.0,0.0,0.0,-9999.0,-9999.0,-9999.0,-9999.0,-9999.0,-9999.0,-9999.0,-9999.0,-9999.0,-9999.0,-9999.0,-9999.0,-9999.0,-9999.0
P25_AV0_4_interaction,active_and_state_lat_and_long_zero_last_source_row_continuous_segment,P25,AV0,4,off_ramp,P25_AV0_4,P25_AV0.1.asc,HV4,60,driver_number,19129,1,318816.68,318816.6752,4.0,4.0,28.083174,101.099428,169.0,2.797503,-7393.128379,-0.438487,1.204509,0.0,28.071927,-0.102435,0.0,7393.550255,25.710741,0.084128,1.0,0.0,1.0,0.0,7413.277113,23.027617,1021.0,3.0,0.0,230.0,0.128256,36.774618,132.388624,36.774562,0.064057,-1e-06,0.257517,-0.392957,0.000153,0.046315,0.39375,0.0,0.0,0.0,0.0,0.0,-9999.0,-9999.0,-9999.0,-9999.0,-9999.0,-9999.0,-9999.0,-9999.0,-9999.0,-9999.0,-9999.0,-9999.0,-9999.0,-9999.0
P25_AV0_4_interaction,active_and_state_lat_and_long_zero_last_source_row_continuous_segment,P25,AV0,4,off_ramp,P25_AV0_4,P25_AV0.1.asc,HV4,60,driver_number,19130,1,318833.33,318833.3342,4.0,4.0,28.075645,101.072321,169.0,3.265864,-7393.594959,-0.43313,1.219856,0.0,28.064565,-0.104321,0.0,7394.016556,25.74862,0.084913,1.0,0.0,1.0,0.0,7413.88904,23.061941,1021.0,3.0,0.0,230.0,0.128919,36.778855,132.403878,36.7788,0.063884,1e-06,0.253283,-0.389659,0.000102,0.045216,0.39125,0.0,0.0,0.0,0.0,0.0,-9999.0,-9999.0,-9999.0,-9999.0,-9999.0,-9999.0,-9999.0,-9999.0,-9999.0,-9999.0,-9999.0,-9999.0,-9999.0,-9999.0
P25_AV0_4_interaction,active_and_state_lat_and_long_zero_last_source_row_continuous_segment,P25,AV0,4,off_ramp,P25_AV0_4,P25_AV0.1.asc,HV4,60,driver_number,19131,1,318850.0,318850.0009,4.0,4.0,28.068234,101.045643,169.0,3.734118,-7394.061389,-0.428712,1.229229,0.0,28.057286,-0.106177,0.0,7394.482708,25.786826,0.085705,1.0,0.0,1.0,0.0,7414.501044,23.096158,1021.0,3.0,0.0,230.0,0.129472,36.783044,132.418957,36.782989,0.063579,3e-06,0.251399,-0.38871,3.2e-05,0.045216,0.3875,0.0,0.0,0.0,0.0,0.0,-9999.0,-9999.0,-9999.0,-9999.0,-9999.0,-9999.0,-9999.0,-9999.0,-9999.0,-9999.0,-9999.0,-9999.0,-9999.0,-9999.0
P25_AV0_4_interaction,active_and_state_lat_and_long_zero_last_source_row_continuous_segment,P25,AV0,4,off_ramp,P25_AV0_4,P25_AV0.1.asc,HV4,60,driver_number,19132,1,318866.67,318866.6681,4.0,4.0,28.060916,101.019298,169.0,4.202236,-7394.527672,-0.425128,1.240042,0.0,28.050075,-0.108033,0.0,7394.948712,25.825362,0.086503,1.0,0.0,1.0,0.0,7415.113124,23.130269,1021.0,3.0,0.0,230.0,0.129914,36.787214,132.433972,36.78716,0.06314,2e-06,0.250633,-0.387367,-5.9e-05,0.045216,0.3875,0.0,0.0,0.0,0.0,0.0,-9999.0,-9999.0,-9999.0,-9999.0,-9999.0,-9999.0,-9999.0,-9999.0,-9999.0,-9999.0,-9999.0,-9999.0,-9999.0,-9999.0
P25_AV0_4_interaction,active_and_state_lat_and_long_zero_last_source_row_continuous_segment,P25,AV0,4,off_ramp,P25_AV0_4,P25_AV0.1.asc,HV4,60,driver_number,19133,1,318883.33,318883.3344,4.0,4.0,28.053673,100.993222,169.0,4.670248,-7394.993807,-0.422312,1.248994,0.0,28.042919,-0.109872,0.0,7395.414567,25.864231,0.087308,1.0,0.0,1.0,0.0,7415.725279,23.164275,1021.0,3.0,0.0,230.0,0.130247,36.791372,132.448941,36.791319,0.062585,0.0,0.249604,-0.38566,-0.000157,0.045216,0.3835,0.0,0.0,0.0,0.0,0.0,-9999.0,-9999.0,-9999.0,-9999.0,-9999.0,-9999.0,-9999.0,-9999.0,-9999.0,-9999.0,-9999.0,-9999.0,-9999.0,-9999.0
P25_AV0_4_interaction,active_and_state_lat_and_long_zero_last_source_row_continuous_segment,P25,AV0,4,off_ramp,P25_AV0_4,P25_AV0.1.asc,HV4,60,driver_number,19134,1,318900.0,318900.0008,4.0,4.0,28.046491,100.967367,169.0,5.138151,-7395.459795,-0.420252,1.260932,0.0,28.035804,-0.111685,0.0,7395.880275,25.903436,0.088117,1.0,0.0,1.0,0.0,7416.337509,23.198175,1021.0,3.0,0.0,230.0,0.13047,36.795506,132.463822,36.795454,0.061942,-3e-06,0.248199,-0.382086,-0.000245,0.044588,0.3785,0.0,0.0,0.0,0.0,0.0,-9999.0,-9999.0,-9999.0,-9999.0,-9999.0,-9999.0,-9999.0,-9999.0,-9999.0,-9999.0,-9999.0,-9999.0,-9999.0,-9999.0
P25_AV0_4_interaction,active_and_state_lat_and_long_zero_last_source_row_continuous_segment,P25,AV0,4,off_ramp,P25_AV0_4,P25_AV0.1.asc,HV4,60,driver_number,19135,1,318916.67,318916.6675,4.0,4.0,28.039357,100.941685,169.0,5.60594,-7395.925637,-0.418869,1.268353,0.0,28.028719,-0.113437,0.0,7396.345836,25.942979,0.08893,1.0,0.0,1.0,0.0,7416.949815,23.23197,1021.0,3.0,0.0,230.0,0.130585,36.799622,132.478639,36.799571,0.061217,-8e-06,0.247215,-0.379049,-0.000312,0.044274,0.37375,0.0,0.0,0.0,0.0,0.0,-9999.0,-9999.0,-9999.0,-9999.0,-9999.0,-9999.0,-9999.0,-9999.0,-9999.0,-9999.0,-9999.0,-9999.0,-9999.0,-9999.0
P25_AV0_4_interaction,active_and_state_lat_and_long_zero_last_source_row_continuous_segment,P25,AV0,4,off_ramp,P25_AV0_4,P25_AV0.1.asc,HV4,60,driver_number,19136,1,318933.33,318933.3344,4.0,4.0,28.032258,100.91613,169.0,6.073606,-7396.391334,-0.41814,1.277983,0.0,28.021652,-0.115129,0.0,7396.811249,25.982863,0.089747,1.0,0.0,1.0,0.0,7417.562194,23.265662,1021.0,3.0,0.0,230.0,0.130593,36.803726,132.493414,36.803676,0.060417,-1.4e-05,0.246624,-0.375398,-0.000349,0.043803,0.3705,0.0,0.0,0.0,0.0,0.0,-9999.0,-9999.0,-9999.0,-9999.0,-9999.0,-9999.0,-9999.0,-9999.0,-9999.0,-9999.0,-9999.0,-9999.0,-9999.0,-9999.0
P25_AV0_4_interaction,active_and_state_lat_and_long_zero_last_source_row_continuous_segment,P25,AV0,4,off_ramp,P25_AV0_4,P25_AV0.1.asc,HV4,60,driver_number,19137,1,318950.0,318950.0003,4.0,4.0,28.025184,100.890663,169.0,6.541157,-7396.856884,-0.417975,1.284433,0.0,28.014594,-0.116739,0.0,7397.276514,26.023089,0.090566,1.0,0.0,1.0,0.0,7418.174648,23.299251,1021.0,3.0,0.0,230.0,0.130494,36.807818,132.508144,36.80777,0.059547,-2e-05,0.245608,-0.372715,-0.000362,0.043803,0.3705,0.0,0.0,0.0,0.0,0.0,-9999.0,-9999.0,-9999.0,-9999.0,-9999.0,-9999.0,-9999.0,-9999.0,-9999.0,-9999.0,-9999.0,-9999.0,-9999.0,-9999.0
P25_AV0_4_interaction,active_and_state_lat_and_long_zero_last_source_row_continuous_segment,P25,AV0,4,off_ramp,P25_AV0_4,P25_AV0.1.asc,HV4,60,driver_number,19138,1,318966.67,318966.6675,4.0,4.0,28.018123,100.865242,169.0,7.008591,-7397.322288,-0.41831,1.290323,0.0,28.007535,-0.118291,0.0,7397.741631,26.06366,0.091386,1.0,0.0,1.0,0.0,7418.787176,23.332739,1021.0,3.0,0.0,230.0,0.130289,36.811887,132.522795,36.811841,0.058625,-2.6e-05,0.244385,-0.368295,-0.000352,0.043175,0.369,0.0,0.0,0.0,0.0,0.0,-9999.0,-9999.0,-9999.0,-9999.0,-9999.0,-9999.0,-9999.0,-9999.0,-9999.0,-9999.0,-9999.0,-9999.0,-9999.0,-9999.0
P25_AV0_4_interaction,active_and_state_lat_and_long_zero_last_source_row_continuous_segment,P25,AV0,4,off_ramp,P25_AV0_4,P25_AV0.1.asc,HV4,60,driver_number,19139,1,318983.33,318983.3335,4.0,4.0,28.011065,100.839835,169.0,7.475908,-7397.787545,-0.419094,1.298355,0.0,28.000467,-0.119756,0.0,7398.206601,26.104577,0.092207,1.0,0.0,1.0,0.0,7419.399777,23.366126,1021.0,3.0,0.0,230.0,0.12998,36.815946,132.537405,36.815901,0.057647,-3.1e-05,0.243846,-0.364515,-0.00033,0.042861,0.36775,0.0,0.0,0.0,0.0,0.0,-9999.0,-9999.0,-9999.0,-9999.0,-9999.0,-9999.0,-9999.0,-9999.0,-9999.0,-9999.0,-9999.0,-9999.0,-9999.0,-9999.0
P25_AV0_4_interaction,active_and_state_lat_and_long_zero_last_source_row_continuous_segment,P25,AV0,4,off_ramp,P25_AV0_4,P25_AV0.1.asc,HV4,60,driver_number,19140,1,319000.0,319000.0008,4.0,4.0,28.004003,100.814409,169.0,7.943106,-7398.252655,-0.420231,1.302078,0.0,27.993383,-0.121085,0.0,7398.671421,26.145841,0.093029,1.0,0.0,1.0,0.0,7420.012452,23.399413,1021.0,3.0,0.0,230.0,0.129567,36.819977,132.551917,36.819933,0.056613,-3.6e-05,0.241329,-0.360975,-0.000305,0.042704,0.36775,0.0,0.0,0.0,0.0,0.0,-9999.0,-9999.0,-9999.0,-9999.0,-9999.0,-9999.0,-9999.0,-9999.0,-9999.0,-9999.0,-9999.0,-9999.0,-9999.0,-9999.0
P25_AV0_4_interaction,active_and_state_lat_and_long_zero_last_source_row_continuous_segment,P25,AV0,4,off_ramp,P25_AV0_4,P25_AV0.1.asc,HV4,60,driver_number,19141,1,319016.67,319016.6673,4.0,4.0,27.996928,100.788939,169.0,8.41018,-7398.717618,-0.421681,1.309647,0.0,27.986278,-0.122328,0.0,7399.136091,26.187454,0.093849,1.0,0.0,1.0,0.0,7420.625198,23.432602,1021.0,3.0,0.0,230.0,0.129052,36.823942,132.566191,36.8239,0.055529,-4.1e-05,0.236309,-0.357684,-0.000287,0.042704,0.36775,0.0,0.0,0.0,0.0,0.0,-9999.0,-9999.0,-9999.0,-9999.0,-9999.0,-9999.0,-9999.0,-9999.0,-9999.0,-9999.0,-9999.0,-9999.0,-9999.0,-9999.0
P25_AV0_4_interaction,active_and_state_lat_and_long_zero_last_source_row_continuous_segment,P25,AV0,4,off_ramp,P25_AV0_4,P25_AV0.1.asc,HV4,60,driver_number,19142,1,319033.33,319033.3346,4.0,4.0,27.989834,100.763402,169.0,8.877129,-7399.182433,-0.423345,1.312381,0.0,27.979147,-0.123414,0.0,7399.600611,26.229416,0.094669,1.0,0.0,1.0,0.0,7421.238017,23.465693,1021.0,3.0,0.0,230.0,0.128436,36.827835,132.580205,36.827795,0.054405,-4.6e-05,0.232131,-0.35427,-0.000287,0.042704,0.368,0.0,0.0,0.0,0.0,0.0,-9999.0,-9999.0,-9999.0,-9999.0,-9999.0,-9999.0,-9999.0,-9999.0,-9999.0,-9999.0,-9999.0,-9999.0,-9999.0,-9999.0
P25_AV0_4_interaction,active_and_state_lat_and_long_zero_last_source_row_continuous_segment,P25,AV0,4,off_ramp,P25_AV0_4,P25_AV0.1.asc,HV4,60,driver_number,19143,1,319050.0,319050.0031,4.0,4.0,27.982716,100.737779,169.0,9.343957,-7399.647099,-0.425188,1.318725,0.0,27.971987,-0.124408,0.0,7400.06498,26.27173,0.095487,1.0,0.0,0.0,0.0,7421.850905,23.498688,1021.0,3.0,0.0,230.0,0.127719,36.831635,132.593885,36.831596,0.053251,-5.1e-05,0.225569,-0.350756,-0.000311,0.042704,0.36825,0.0,0.0,0.0,0.0,0.0,-9999.0,-9999.0,-9999.0,-9999.0,-9999.0,-9999.0,-9999.0,-9999.0,-9999.0,-9999.0,-9999.0,-9999.0,-9999.0,-9999.0
P25_AV0_4_interaction,active_and_state_lat_and_long_zero_last_source_row_continuous_segment,P25,AV0,4,off_ramp,P25_AV0_4,P25_AV0.1.asc,HV4,60,driver_number,19144,1,319066.67,319066.6667,4.0,4.0,27.975571,100.712056,169.0,9.810667,-7400.111615,-0.427118,1.320682,0.0,27.964795,-0.125259,0.0,7400.529196,26.314396,0.096303,1.0,0.0,0.0,0.0,7422.463863,23.531588,1021.0,3.0,0.0,230.0,0.126904,36.835316,132.607139,36.83528,0.052103,-5.7e-05,0.219402,-0.344447,-0.000356,0.041605,0.368,0.0,0.0,0.0,0.0,0.0,-9999.0,-9999.0,-9999.0,-9999.0,-9999.0,-9999.0,-9999.0,-9999.0,-9999.0,-9999.0,-9999.0,-9999.0,-9999.0,-9999.0
P25_AV0_4_interaction,active_and_state_lat_and_long_zero_last_source_row_continuous_segment,P25,AV0,4,off_ramp,P25_AV0_4,P25_AV0.1.asc,HV4,60,driver_number,19145,1,319083.33,319083.3341,4.0,4.0,27.968395,100.686223,169.0,10.277246,-7400.57598,-0.429105,1.323917,0.0,27.957571,-0.125999,0.0,7400.99326,26.357415,0.097118,1.0,0.0,0.0,0.0,7423.076886,23.564393,1021.0,3.0,0.0,230.0,0.125991,36.8389,132.620041,36.838865,0.050959,-6.3e-05,0.212688,-0.338897,-0.000426,0.04082,0.368,0.0,0.0,0.0,0.0,0.0,-9999.0,-9999.0,-9999.0,-9999.0,-9999.0,-9999.0,-9999.0,-9999.0,-9999.0,-9999.0,-9999.0,-9999.0,-9999.0,-9999.0
P25_AV0_4_interaction,active_and_state_lat_and_long_zero_last_source_row_continuous_segment,P25,AV0,4,off_ramp,P25_AV0_4,P25_AV0.1.asc,HV4,60,driver_number,19146,1,319100.0,319100.0006,4.0,4.0,27.961187,100.660274,169.0,10.74369,-7401.040194,-0.431083,1.324857,0.0,27.950313,-0.126617,0.0,7401.45717,26.400788,0.09793,1.0,0.0,0.0,0.0,7423.689975,23.597105,1021.0,3.0,0.0,230.0,0.124981,36.842371,132.632536,36.842337,0.049806,-7.1e-05,0.206187,-0.335245,-0.000516,0.04082,0.368,0.0,0.0,0.0,0.0,0.0,-9999.0,-9999.0,-9999.0,-9999.0,-9999.0,-9999.0,-9999.0,-9999.0,-9999.0,-9999.0,-9999.0,-9999.0,-9999.0,-9999.0
P25_AV0_4_interaction,active_and_state_lat_and_long_zero_last_source_row_continuous_segment,P25,AV0,4,off_ramp,P25_AV0_4,P25_AV0.1.asc,HV4,60,driver_number,19147,1,319116.67,319116.6674,4.0,4.0,27.953946,100.634205,169.0,11.210012,-7401.504255,-0.433014,1.326419,0.0,27.943022,-0.127157,0.0,7401.920925,26.444514,0.098739,1.0,0.0,0.0,0.0,7424.303127,23.629726,1021.0,3.0,0.0,230.0,0.123877,36.845765,132.644755,36.845733,0.048734,-8.1e-05,0.202777,-0.31951,-0.000592,0.035953,0.368,0.0,0.0,0.0,0.0,0.0,-9999.0,-9999.0,-9999.0,-9999.0,-9999.0,-9999.0,-9999.0,-9999.0,-9999.0,-9999.0,-9999.0,-9999.0,-9999.0,-9999.0
P25_AV0_4_interaction,active_and_state_lat_and_long_zero_last_source_row_continuous_segment,P25,AV0,4,off_ramp,P25_AV0_4,P25_AV0.1.asc,HV4,60,driver_number,19148,1,319133.34,319133.336,4.0,4.0,27.946671,100.608016,169.0,11.676215,-7401.968163,-0.434856,1.325486,0.0,27.935699,-0.127575,0.0,7402.384524,26.488594,0.099546,1.0,0.0,0.0,0.0,7424.91634,23.662258,1021.0,3.0,0.0,230.0,0.12268,36.84911,132.656795,36.849079,0.047713,-9.1e-05,0.199984,-0.307756,-0.000657,0.032656,0.368,0.0,0.0,0.0,0.0,0.0,-9999.0,-9999.0,-9999.0,-9999.0,-9999.0,-9999.0,-9999.0,-9999.0,-9999.0,-9999.0,-9999.0,-9999.0,-9999.0,-9999.0
P25_AV0_4_interaction,active_and_state_lat_and_long_zero_last_source_row_continuous_segment,P25,AV0,4,off_ramp,P25_AV0_4,P25_AV0.1.asc,HV4,60,driver_number,19149,1,319150.0,319150.0007,4.0,4.0,27.939364,100.58171,169.0,12.142279,-7402.431917,-0.436592,1.327197,0.0,27.928345,-0.127933,0.0,7402.847967,26.533028,0.100349,1.0,0.0,0.0,0.0,7425.529614,23.694703,1021.0,3.0,0.0,230.0,0.121393,36.852414,132.668692,36.852385,0.04665,-0.000103,0.198059,-0.304087,-0.000708,0.032656,0.368,0.0,0.0,0.0,0.0,0.0,-9999.0,-9999.0,-9999.0,-9999.0,-9999.0,-9999.0,-9999.0,-9999.0,-9999.0,-9999.0,-9999.0,-9999.0,-9999.0,-9999.0
P25_AV0_4_interaction,active_and_state_lat_and_long_zero_last_source_row_continuous_segment,P25,AV0,4,off_ramp,P25_AV0_4,P25_AV0.1.asc,HV4,60,driver_number,19150,1,319166.67,319166.6675,4.0,4.0,27.932026,100.555292,169.0,12.608201,-7402.895516,-0.438176,1.324673,0.0,27.920964,-0.128175,0.0,7403.311252,26.577816,0.10115,1.0,0.0,0.0,0.0,7426.142947,23.727064,1021.0,3.0,0.0,230.0,0.120019,36.855703,132.680531,36.855675,0.045609,-0.000115,0.197542,-0.288968,-0.000713,0.028103,0.368,0.0,0.0,0.0,0.0,0.0,-9999.0,-9999.0,-9999.0,-9999.0,-9999.0,-9999.0,-9999.0,-9999.0,-9999.0,-9999.0,-9999.0,-9999.0,-9999.0,-9999.0
P25_AV0_4_interaction,active_and_state_lat_and_long_zero_last_source_row_continuous_segment,P25,AV0,4,off_ramp,P25_AV0_4,P25_AV0.1.asc,HV4,60,driver_number,19151,1,319183.33,319183.3342,4.0,4.0,27.924658,100.528769,169.0,13.074002,-7403.358959,-0.4396,1.323336,0.0,27.913557,-0.128375,0.0,7403.77438,26.622958,0.101948,1.0,0.0,0.0,0.0,7426.756339,23.759343,1021.0,3.0,0.0,230.0,0.11856,36.858989,132.692362,36.858962,0.044553,-0.000126,0.197589,-0.269919,-0.000665,0.02198,0.368,0.0,0.0,0.0,0.0,0.0,-9999.0,-9999.0,-9999.0,-9999.0,-9999.0,-9999.0,-9999.0,-9999.0,-9999.0,-9999.0,-9999.0,-9999.0,-9999.0,-9999.0
P25_AV0_4_interaction,active_and_state_lat_and_long_zero_last_source_row_continuous_segment,P25,AV0,4,off_ramp,P25_AV0_4,P25_AV0.1.asc,HV4,60,driver_number,19152,1,319200.0,319200.0001,4.0,4.0,27.917263,100.502148,169.0,13.539681,-7403.822246,-0.440876,1.324352,0.0,27.906127,-0.128465,0.0,7404.237349,26.668451,0.102742,1.0,0.0,0.0,0.0,7427.369791,23.791544,1021.0,3.0,0.0,230.0,0.117021,36.862281,132.704211,36.862255,0.043347,-0.000137,0.198,-0.265723,-0.000602,0.02198,0.368,0.0,0.0,0.0,0.0,0.0,-9999.0,-9999.0,-9999.0,-9999.0,-9999.0,-9999.0,-9999.0,-9999.0,-9999.0,-9999.0,-9999.0,-9999.0,-9999.0,-9999.0
P25_AV0_4_interaction,active_and_state_lat_and_long_zero_last_source_row_continuous_segment,P25,AV0,4,off_ramp,P25_AV0_4,P25_AV0.1.asc,HV4,60,driver_number,19153,1,319216.67,319216.6672,4.0,4.0,27.909845,100.475441,169.0,14.005216,-7404.285376,-0.441946,1.320497,0.0,27.898677,-0.128489,0.0,7404.700159,26.714298,0.103533,1.0,0.0,0.0,0.0,7427.983301,23.82367,1021.0,3.0,0.0,230.0,0.115402,36.865581,132.716093,36.865557,0.042079,-0.000145,0.198443,-0.244425,-0.000489,0.015229,0.368,0.0,0.0,0.0,0.0,0.0,-9999.0,-9999.0,-9999.0,-9999.0,-9999.0,-9999.0,-9999.0,-9999.0,-9999.0,-9999.0,-9999.0,-9999.0,-9999.0,-9999.0
P25_AV0_4_interaction,active_and_state_lat_and_long_zero_last_source_row_continuous_segment,P25,AV0,4,off_ramp,P25_AV0_4,P25_AV0.1.asc,HV4,60,driver_number,19154,1,319233.33,319233.3343,4.0,4.0,27.902404,100.448656,169.0,14.470604,-7404.748348,-0.442853,1.319666,0.0,27.891211,-0.128444,0.0,7405.162809,26.760496,0.10432,1.0,0.0,0.0,0.0,7428.596871,23.855724,1021.0,3.0,0.0,230.0,0.113709,36.868884,132.727984,36.868862,0.040659,-0.000152,0.198511,-0.230574,-0.000361,0.011618,0.368,0.0,0.0,0.0,0.0,0.0,-9999.0,-9999.0,-9999.0,-9999.0,-9999.0,-9999.0,-9999.0,-9999.0,-9999.0,-9999.0,-9999.0,-9999.0,-9999.0,-9999.0
P25_AV0_4_interaction,active_and_state_lat_and_long_zero_last_source_row_continuous_segment,P25,AV0,4,off_ramp,P25_AV0_4,P25_AV0.1.asc,HV4,60,driver_number,19155,1,319250.0,319250.0005,4.0,4.0,27.894946,100.421805,169.0,14.935873,-7405.211161,-0.443552,1.314055,0.0,27.88373,-0.128343,0.0,7405.625298,26.807045,0.105104,1.0,0.0,0.0,0.0,7429.210499,23.887709,1021.0,3.0,0.0,230.0,0.111944,36.87219,132.739886,36.87217,0.03907,-0.000157,0.198688,-0.21542,-0.000226,0.007693,0.368,0.0,0.0,0.0,0.0,0.0,-9999.0,-9999.0,-9999.0,-9999.0,-9999.0,-9999.0,-9999.0,-9999.0,-9999.0,-9999.0,-9999.0,-9999.0,-9999.0,-9999.0
P25_AV0_4_interaction,active_and_state_lat_and_long_zero_last_source_row_continuous_segment,P25,AV0,4,off_ramp,P25_AV0_4,P25_AV0.1.asc,HV4,60,driver_number,19156,1,319266.67,319266.6675,4.0,4.0,27.887472,100.394899,169.0,15.401016,-7405.673816,-0.444072,1.3096,0.0,27.87624,-0.128223,0.0,7406.087627,26.853944,0.105884,1.0,0.0,0.0,0.0,7429.824185,23.919629,1021.0,3.0,0.0,230.0,0.11011,36.8755,132.751799,36.875481,0.037303,-0.00016,0.198833,-0.198179,-9.4e-05,0.00314,0.368,0.0,0.0,0.0,0.0,0.0,-9999.0,-9999.0,-9999.0,-9999.0,-9999.0,-9999.0,-9999.0,-9999.0,-9999.0,-9999.0,-9999.0,-9999.0,-9999.0,-9999.0
P25_AV0_4_interaction,active_and_state_lat_and_long_zero_last_source_row_continuous_segment,P25,AV0,4,off_ramp,P25_AV0_4,P25_AV0.1.asc,HV4,60,driver_number,19157,1,319283.33,319283.334,4.0,4.0,27.879986,100.36795,169.0,15.866012,-7406.136312,-0.444417,1.304461,0.0,27.868742,-0.128072,0.0,7406.549795,26.901191,0.10666,1.0,0.0,0.0,0.0,7430.43793,23.951489,1021.0,3.0,0.0,230.0,0.108213,36.878811,132.763721,36.878794,0.035349,-0.00016,0.198915,-0.17959,2.6e-05,-0.001727,0.368,0.0,0.0,0.0,0.0,0.0,-9999.0,-9999.0,-9999.0,-9999.0,-9999.0,-9999.0,-9999.0,-9999.0,-9999.0,-9999.0,-9999.0,-9999.0,-9999.0,-9999.0
P25_AV0_4_interaction,active_and_state_lat_and_long_zero_last_source_row_continuous_segment,P25,AV0,4,off_ramp,P25_AV0_4,P25_AV0.1.asc,HV4,60,driver_number,19158,1,319300.0,319300.0009,4.0,4.0,27.872491,100.340969,169.0,16.330859,-7406.598649,-0.444596,1.298129,0.0,27.861239,-0.127879,0.0,7407.011802,26.948785,0.107432,1.0,0.0,0.0,0.0,7431.051733,23.983292,1021.0,3.0,0.0,230.0,0.106256,36.882124,132.775647,36.882109,0.033175,-0.000159,0.198953,-0.161121,0.000126,-0.00628,0.368,0.0,0.0,0.0,0.0,0.0,-9999.0,-9999.0,-9999.0,-9999.0,-9999.0,-9999.0,-9999.0,-9999.0,-9999.0,-9999.0,-9999.0,-9999.0,-9999.0,-9999.0
P25_AV0_4_interaction,active_and_state_lat_and_long_zero_last_source_row_continuous_segment,P25,AV0,4,off_ramp,P25_AV0_4,P25_AV0.1.asc,HV4,60,driver_number,19159,1,319316.67,319316.6669,4.0,4.0,27.864991,100.313966,169.0,16.79559,-7407.060826,-0.444612,1.289676,0.0,27.853735,-0.127668,0.0,7407.473648,26.996723,0.1082,1.0,0.0,0.0,0.0,7431.665594,24.015043,1021.0,3.0,0.0,230.0,0.104244,36.885438,132.787575,36.885425,0.030741,-0.000156,0.198928,-0.143074,0.000202,-0.010362,0.368,0.0,0.0,0.0,0.0,0.0,-9999.0,-9999.0,-9999.0,-9999.0,-9999.0,-9999.0,-9999.0,-9999.0,-9999.0,-9999.0,-9999.0,-9999.0,-9999.0,-9999.0
P25_AV0_4_interaction,active_and_state_lat_and_long_zero_last_source_row_continuous_segment,P25,AV0,4,off_ramp,P25_AV0_4,P25_AV0.1.asc,HV4,60,driver_number,19160,1,319333.33,319333.3336,4.0,4.0,27.857487,100.286953,169.0,17.260193,-7407.522843,-0.444481,1.279276,0.0,27.846232,-0.127441,0.0,7407.935332,27.045004,0.108962,1.0,0.0,0.0,0.0,7432.279513,24.046746,1021.0,3.0,0.0,230.0,0.102182,36.888751,132.799502,36.88874,0.028017,-0.000152,0.198856,-0.124591,0.000253,-0.014287,0.368,0.0,0.0,0.0,0.0,0.0,-9999.0,-9999.0,-9999.0,-9999.0,-9999.0,-9999.0,-9999.0,-9999.0,-9999.0,-9999.0,-9999.0,-9999.0,-9999.0,-9999.0
P25_AV0_4_interaction,active_and_state_lat_and_long_zero_last_source_row_continuous_segment,P25,AV0,4,off_ramp,P25_AV0_4,P25_AV0.1.asc,HV4,60,driver_number,19161,1,319350.0,319350.0003,4.0,4.0,27.849983,100.259939,169.0,17.724646,-7407.9847,-0.444235,1.270774,0.0,27.838732,-0.127211,0.0,7408.396854,27.093625,0.109719,1.0,0.0,0.0,0.0,7432.893489,24.078407,1021.0,3.0,0.0,230.0,0.100074,36.892062,132.811424,36.892054,0.024933,-0.000148,0.19875,-0.114873,0.000266,-0.014287,0.368,0.0,0.0,0.0,0.0,0.0,-9999.0,-9999.0,-9999.0,-9999.0,-9999.0,-9999.0,-9999.0,-9999.0,-9999.0,-9999.0,-9999.0,-9999.0,-9999.0,-9999.0
P25_AV0_4_interaction,active_and_state_lat_and_long_zero_last_source_row_continuous_segment,P25,AV0,4,off_ramp,P25_AV0_4,P25_AV0.1.asc,HV4,60,driver_number,19162,1,319366.67,319366.6674,4.0,4.0,27.842482,100.232934,169.0,18.18895,-7408.446397,-0.443866,1.25885,0.0,27.831238,-0.12696,0.0,7408.858216,27.142583,0.110469,1.0,0.0,0.0,0.0,7433.507522,24.11003,1021.0,3.0,0.0,230.0,0.097925,36.895372,132.823339,36.895366,0.021629,-0.000143,0.198523,-0.08487,0.000288,-0.022137,0.368,0.002198,0.0,0.0,0.0,0.0,-9999.0,-9999.0,-9999.0,-9999.0,-9999.0,-9999.0,-9999.0,-9999.0,-9999.0,-9999.0,-9999.0,-9999.0,-9999.0,-9999.0
P25_AV0_4_interaction,active_and_state_lat_and_long_zero_last_source_row_continuous_segment,P25,AV0,4,off_ramp,P25_AV0_4,P25_AV0.1.asc,HV4,60,driver_number,19163,1,319383.33,319383.3345,4.0,4.0,27.834985,100.205944,169.0,18.653142,-7408.907934,-0.4434,1.244716,0.0,27.823752,-0.126675,0.0,7409.319416,27.191875,0.111212,1.0,0.0,1.0,0.0,7434.121612,24.141621,1021.0,3.0,0.0,230.0,0.09574,36.898416,132.834299,36.898412,0.018009,-0.000138,0.177859,-0.064611,0.000326,-0.025748,0.368,0.002198,0.0,0.0,0.0,0.0,-9999.0,-9999.0,-9999.0,-9999.0,-9999.0,-9999.0,-9999.0,-9999.0,-9999.0,-9999.0,-9999.0,-9999.0,-9999.0,-9999.0
P25_AV0_4_interaction,active_and_state_lat_and_long_zero_last_source_row_continuous_segment,P25,AV0,4,off_ramp,P25_AV0_4,P25_AV0.1.asc,HV4,60,driver_number,19164,1,319400.0,319400.0002,4.0,4.0,27.827494,100.178979,169.0,19.117204,-7409.369312,-0.442875,1.234863,0.0,27.816275,-0.126393,0.0,7409.780455,27.241498,0.111946,1.0,0.0,1.0,0.0,7434.735755,24.173184,1021.0,3.0,0.0,230.0,0.093526,36.901366,132.844917,36.901363,0.01406,-0.000132,0.17668,-0.044936,0.000334,-0.028731,0.368,0.0,0.0,0.0,0.0,0.0,-9999.0,-9999.0,-9999.0,-9999.0,-9999.0,-9999.0,-9999.0,-9999.0,-9999.0,-9999.0,-9999.0,-9999.0,-9999.0,-9999.0
P25_AV0_4_interaction,active_and_state_lat_and_long_zero_last_source_row_continuous_segment,P25,AV0,4,off_ramp,P25_AV0_4,P25_AV0.1.asc,HV4,60,driver_number,19165,1,319416.67,319416.668,4.0,4.0,27.820012,100.152044,169.0,19.581117,-7409.830531,-0.44228,1.220134,0.0,27.808808,-0.126029,0.0,7410.241334,27.291447,0.112671,1.0,0.0,1.0,0.0,7435.349948,24.204726,1021.0,3.0,0.0,230.0,0.091287,36.904568,132.856447,36.904567,0.009772,-0.000128,0.196891,-0.025864,0.000241,-0.031086,0.36825,0.0,0.0,0.0,0.0,0.0,-9999.0,-9999.0,-9999.0,-9999.0,-9999.0,-9999.0,-9999.0,-9999.0,-9999.0,-9999.0,-9999.0,-9999.0,-9999.0,-9999.0
P25_AV0_4_interaction,active_and_state_lat_and_long_zero_last_source_row_continuous_segment,P25,AV0,4,off_ramp,P25_AV0_4,P25_AV0.1.asc,HV4,60,driver_number,19166,1,319433.33,319433.3334,4.0,4.0,27.81254,100.125145,169.0,20.044882,-7410.29159,-0.441641,1.205413,0.0,27.801353,-0.125633,0.0,7410.702052,27.341718,0.113387,1.0,0.0,1.0,0.0,7435.964196,24.236253,1021.0,3.0,0.0,230.0,0.089029,36.907862,132.868302,36.907861,0.005149,-0.000125,0.197826,-0.006669,0.000137,-0.033127,0.368,0.0,0.0,0.0,0.0,0.0,-9999.0,-9999.0,-9999.0,-9999.0,-9999.0,-9999.0,-9999.0,-9999.0,-9999.0,-9999.0,-9999.0,-9999.0,-9999.0,-9999.0
P25_AV0_4_interaction,active_and_state_lat_and_long_zero_last_source_row_continuous_segment,P25,AV0,4,off_ramp,P25_AV0_4,P25_AV0.1.asc,HV4,60,driver_number,19167,1,319450.0,319450.0008,4.0,4.0,27.805079,100.098285,169.0,20.508537,-7410.752491,-0.440954,1.185233,0.0,27.79391,-0.125178,0.0,7411.162611,27.392309,0.114091,1.0,0.0,1.0,0.0,7436.578499,24.267769,1021.0,3.0,0.0,230.0,0.086758,36.91116,132.880177,36.91116,0.000215,-0.000124,0.19793,0.013009,9.9e-05,-0.035011,0.368,0.0,0.0,0.0,0.0,0.0,-9999.0,-9999.0,-9999.0,-9999.0,-9999.0,-9999.0,-9999.0,-9999.0,-9999.0,-9999.0,-9999.0,-9999.0,-9999.0,-9999.0
P25_AV0_4_interaction,active_and_state_lat_and_long_zero_last_source_row_continuous_segment,P25,AV0,4,off_ramp,P25_AV0_4,P25_AV0.1.asc,HV4,60,driver_number,19168,1,319466.67,319466.6667,4.0,4.0,27.79763,100.071468,169.0,20.972062,-7411.213233,-0.440264,1.169762,0.0,27.786481,-0.12471,0.0,7411.62301,27.443212,0.114782,1.0,0.0,1.0,0.0,7437.192857,24.29928,1021.0,3.0,0.0,230.0,0.08448,36.914459,132.892051,36.914458,-0.005029,-0.000122,0.197887,0.028833,0.000102,-0.035011,0.368,0.0,0.0,0.0,0.0,0.0,-9999.0,-9999.0,-9999.0,-9999.0,-9999.0,-9999.0,-9999.0,-9999.0,-9999.0,-9999.0,-9999.0,-9999.0,-9999.0,-9999.0
P25_AV0_4_interaction,active_and_state_lat_and_long_zero_last_source_row_continuous_segment,P25,AV0,4,off_ramp,P25_AV0_4,P25_AV0.1.asc,HV4,60,driver_number,19169,1,319483.33,319483.3343,4.0,4.0,27.790194,100.044698,169.0,21.435439,-7411.673817,-0.439569,1.151221,0.0,27.779065,-0.12413,0.0,7412.083251,27.494423,0.11546,1.0,0.0,1.0,0.0,7437.807269,24.330792,1021.0,3.0,0.0,230.0,0.0822,36.917755,132.90392,36.917754,-0.010519,-0.00012,0.197788,0.049675,0.00013,-0.036738,0.368,0.0,0.0,0.0,0.0,0.0,-9999.0,-9999.0,-9999.0,-9999.0,-9999.0,-9999.0,-9999.0,-9999.0,-9999.0,-9999.0,-9999.0,-9999.0,-9999.0,-9999.0
P25_AV0_4_interaction,active_and_state_lat_and_long_zero_last_source_row_continuous_segment,P25,AV0,4,off_ramp,P25_AV0_4,P25_AV0.1.asc,HV4,60,driver_number,19170,1,319500.0,319500.0008,4.0,4.0,27.782771,100.017976,169.0,21.89867,-7412.134245,-0.438878,1.129201,0.0,27.771662,-0.12343,0.0,7412.543333,27.545937,0.116124,1.0,0.0,1.0,0.0,7438.421737,24.362312,1021.0,3.0,0.0,230.0,0.079923,36.92105,132.915781,36.921047,-0.016233,-0.000117,0.197677,0.069544,0.000164,-0.037837,0.368,0.0,0.0,0.0,0.0,0.0,-9999.0,-9999.0,-9999.0,-9999.0,-9999.0,-9999.0,-9999.0,-9999.0,-9999.0,-9999.0,-9999.0,-9999.0,-9999.0,-9999.0
P25_AV0_4_interaction,active_and_state_lat_and_long_zero_last_source_row_continuous_segment,P25,AV0,4,off_ramp,P25_AV0_4,P25_AV0.1.asc,HV4,60,driver_number,19171,1,319516.67,319516.6675,4.0,4.0,27.775362,99.991303,169.0,22.361795,-7412.594515,-0.438208,1.109525,0.0,27.764274,-0.12268,0.0,7413.003258,27.597749,0.116772,1.0,0.0,1.0,0.0,7439.036259,24.393844,1021.0,3.0,0.0,230.0,0.077657,36.924343,132.927635,36.924336,-0.022142,-0.000114,0.197565,0.089156,0.000192,-0.038622,0.368,0.0,0.0,0.0,0.0,0.0,-9999.0,-9999.0,-9999.0,-9999.0,-9999.0,-9999.0,-9999.0,-9999.0,-9999.0,-9999.0,-9999.0,-9999.0,-9999.0,-9999.0
P25_AV0_4_interaction,active_and_state_lat_and_long_zero_last_source_row_continuous_segment,P25,AV0,4,off_ramp,P25_AV0_4,P25_AV0.1.asc,HV4,60,driver_number,19172,1,319533.33,319533.3335,4.0,4.0,27.767966,99.964679,169.0,22.824788,-7413.054629,-0.437555,1.08453,0.0,27.756899,-0.121784,0.0,7413.463026,27.649851,0.117403,1.0,0.0,1.0,0.0,7439.650835,24.425395,1021.0,3.0,0.0,230.0,0.075406,36.927633,132.93948,36.927623,-0.028191,-0.000111,0.197459,0.110359,0.000211,-0.039878,0.368,0.0,0.0,0.0,0.0,0.0,-9999.0,-9999.0,-9999.0,-9999.0,-9999.0,-9999.0,-9999.0,-9999.0,-9999.0,-9999.0,-9999.0,-9999.0,-9999.0,-9999.0
P25_AV0_4_interaction,active_and_state_lat_and_long_zero_last_source_row_continuous_segment,P25,AV0,4,off_ramp,P25_AV0_4,P25_AV0.1.asc,HV4,60,driver_number,19173,1,319550.0,319550.0009,4.0,4.0,27.760585,99.938105,169.0,23.287636,-7413.514589,-0.436939,1.060915,0.0,27.749537,-0.120795,0.0,7413.922638,27.702238,0.118016,1.0,0.0,1.0,0.0,7440.265464,24.456971,1021.0,3.0,0.0,230.0,0.073177,36.930922,132.951318,36.930906,-0.034334,-0.000107,0.197368,0.13263,0.000222,-0.041448,0.368,0.0,0.0,0.0,0.0,0.0,-9999.0,-9999.0,-9999.0,-9999.0,-9999.0,-9999.0,-9999.0,-9999.0,-9999.0,-9999.0,-9999.0,-9999.0,-9999.0,-9999.0
P25_AV0_4_interaction,active_and_state_lat_and_long_zero_last_source_row_continuous_segment,P25,AV0,4,off_ramp,P25_AV0_4,P25_AV0.1.asc,HV4,60,driver_number,19174,1,319566.67,319566.6667,4.0,4.0,27.753216,99.911579,169.0,23.75034,-7413.974393,-0.43636,1.037264,0.0,27.742188,-0.119707,0.0,7414.382095,27.754902,0.11861,1.0,0.0,1.0,0.0,7440.880147,24.488578,1021.0,3.0,0.0,230.0,0.070976,36.934207,132.963147,36.934185,-0.040551,-0.000103,0.197258,0.154707,0.000225,-0.042861,0.368,0.0,0.0,0.0,0.0,0.0,-9999.0,-9999.0,-9999.0,-9999.0,-9999.0,-9999.0,-9999.0,-9999.0,-9999.0,-9999.0,-9999.0,-9999.0,-9999.0,-9999.0
P25_AV0_4_interaction,active_and_state_lat_and_long_zero_last_source_row_continuous_segment,P25,AV0,4,off_ramp,P25_AV0_4,P25_AV0.1.asc,HV4,60,driver_number,19175,1,319583.33,319583.3335,4.0,4.0,27.745861,99.8851,169.0,24.21294,-7414.434044,-0.435819,1.010162,0.0,27.734852,-0.118463,0.0,7414.841398,27.807836,0.119184,1.0,0.0,1.0,0.0,7441.494883,24.520222,1021.0,3.0,0.0,230.0,0.06881,36.937492,132.974972,36.937463,-0.046796,-0.0001,0.197347,0.180417,0.000225,-0.045687,0.368,0.0,0.0,0.0,0.0,0.0,-9999.0,-9999.0,-9999.0,-9999.0,-9999.0,-9999.0,-9999.0,-9999.0,-9999.0,-9999.0,-9999.0,-9999.0,-9999.0,-9999.0
P25_AV0_4_interaction,active_and_state_lat_and_long_zero_last_source_row_continuous_segment,P25,AV0,4,off_ramp,P25_AV0_4,P25_AV0.1.asc,HV4,60,driver_number,19176,1,319600.0,319600.001,4.0,4.0,27.738519,99.858668,169.0,24.675408,-7414.893541,-0.435309,0.976625,0.0,27.727528,-0.117078,0.0,7415.300546,27.861033,0.119736,1.0,0.0,1.0,0.0,7442.109672,24.551911,1021.0,3.0,0.0,230.0,0.066685,36.940775,132.98679,36.940737,-0.053094,-9.6e-05,0.19711,0.199179,0.000208,-0.045687,0.368,0.0,0.0,0.0,0.0,0.0,-9999.0,-9999.0,-9999.0,-9999.0,-9999.0,-9999.0,-9999.0,-9999.0,-9999.0,-9999.0,-9999.0,-9999.0,-9999.0,-9999.0
P25_AV0_4_interaction,active_and_state_lat_and_long_zero_last_source_row_continuous_segment,P25,AV0,4,off_ramp,P25_AV0_4,P25_AV0.1.asc,HV4,60,driver_number,19177,1,319616.67,319616.6667,4.0,4.0,27.731189,99.832279,169.0,25.137735,-7415.352887,-0.434867,0.951885,0.0,27.720215,-0.115599,0.0,7415.759543,27.914485,0.120266,1.0,0.0,1.0,0.0,7442.724512,24.583651,1021.0,3.0,0.0,230.0,0.064608,36.944052,132.998588,36.944004,-0.059398,-9.3e-05,0.196874,0.222692,0.00019,-0.047571,0.368,0.0,0.0,0.0,0.0,0.0,-9999.0,-9999.0,-9999.0,-9999.0,-9999.0,-9999.0,-9999.0,-9999.0,-9999.0,-9999.0,-9999.0,-9999.0,-9999.0,-9999.0
P25_AV0_4_interaction,active_and_state_lat_and_long_zero_last_source_row_continuous_segment,P25,AV0,4,off_ramp,P25_AV0_4,P25_AV0.1.asc,HV4,60,driver_number,19178,1,319633.33,319633.3341,4.0,4.0,27.72387,99.805933,169.0,25.599919,-7415.812081,-0.434448,0.914805,0.0,27.712913,-0.113932,0.0,7416.218388,27.968183,0.120773,1.0,0.0,1.0,0.0,7443.339404,24.615448,1021.0,3.0,0.0,230.0,0.062585,36.947325,133.010371,36.947267,-0.065715,-9e-05,0.196722,0.242661,0.000166,-0.048042,0.368,0.0,0.0,0.0,0.0,0.0,-9999.0,-9999.0,-9999.0,-9999.0,-9999.0,-9999.0,-9999.0,-9999.0,-9999.0,-9999.0,-9999.0,-9999.0,-9999.0,-9999.0
P25_AV0_4_interaction,active_and_state_lat_and_long_zero_last_source_row_continuous_segment,P25,AV0,4,off_ramp,P25_AV0_4,P25_AV0.1.asc,HV4,60,driver_number,19179,1,319650.0,319650.001,4.0,4.0,27.716563,99.779626,169.0,26.062,-7416.271125,-0.434075,0.878201,0.0,27.705621,-0.112175,0.0,7416.677082,28.022117,0.121256,1.0,0.0,1.0,0.0,7443.954348,24.647308,1021.0,3.0,0.0,230.0,0.060623,36.950595,133.022141,36.950524,-0.072028,-8.7e-05,0.196598,0.261428,0.000141,-0.048042,0.368,0.0,0.0,0.0,0.0,0.0,-9999.0,-9999.0,-9999.0,-9999.0,-9999.0,-9999.0,-9999.0,-9999.0,-9999.0,-9999.0,-9999.0,-9999.0,-9999.0,-9999.0
P25_AV0_4_interaction,active_and_state_lat_and_long_zero_last_source_row_continuous_segment,P25,AV0,4,off_ramp,P25_AV0_4,P25_AV0.1.asc,HV4,60,driver_number,19180,1,319666.67,319666.6733,4.0,4.0,27.709266,99.753356,169.0,26.52395,-7416.73002,-0.433759,0.847362,0.0,27.698339,-0.110311,0.0,7417.135628,28.076279,0.121712,1.0,0.0,1.0,0.0,7444.569343,24.679237,1021.0,3.0,0.0,230.0,0.058726,36.953861,133.033899,36.953778,-0.078312,-8.5e-05,0.196483,0.280088,0.00012,-0.048042,0.368,0.0,0.0,0.0,0.0,0.0,-9999.0,-9999.0,-9999.0,-9999.0,-9999.0,-9999.0,-9999.0,-9999.0,-9999.0,-9999.0,-9999.0,-9999.0,-9999.0,-9999.0
P25_AV0_4_interaction,active_and_state_lat_and_long_zero_last_source_row_continuous_segment,P25,AV0,4,off_ramp,P25_AV0_4,P25_AV0.1.asc,HV4,60,driver_number,19181,1,319683.33,319683.3335,4.0,4.0,27.701979,99.727123,169.0,26.985761,-7417.188766,-0.433474,0.806735,0.0,27.691065,-0.108275,0.0,7417.594025,28.130659,0.122142,1.0,0.0,1.0,0.0,7445.184388,24.71124,1021.0,3.0,0.0,230.0,0.056902,36.957123,133.045644,36.957027,-0.084513,-8.3e-05,0.196361,0.30012,0.000107,-0.04867,0.368,0.0,0.0,0.0,0.0,0.0,-9999.0,-9999.0,-9999.0,-9999.0,-9999.0,-9999.0,-9999.0,-9999.0,-9999.0,-9999.0,-9999.0,-9999.0,-9999.0,-9999.0
P25_AV0_4_interaction,active_and_state_lat_and_long_zero_last_source_row_continuous_segment,P25,AV0,4,off_ramp,P25_AV0_4,P25_AV0.1.asc,HV4,60,driver_number,19182,1,319700.04,319700.0367,4.0,4.0,27.694701,99.700923,169.0,27.447433,-7417.647366,-0.433231,0.764056,0.0,27.6838,-0.106108,0.0,7418.052275,28.185244,0.122543,1.0,0.0,1.0,0.0,7445.799484,24.743325,1021.0,3.0,0.0,230.0,0.055155,36.960285,133.057028,36.960174,-0.090588,-8.1e-05,0.179507,0.321378,0.000167,-0.049926,0.368,0.002198,0.0,0.0,0.0,0.0,-9999.0,-9999.0,-9999.0,-9999.0,-9999.0,-9999.0,-9999.0,-9999.0,-9999.0,-9999.0,-9999.0,-9999.0,-9999.0,-9999.0
P25_AV0_4_interaction,active_and_state_lat_and_long_zero_last_source_row_continuous_segment,P25,AV0,4,off_ramp,P25_AV0_4,P25_AV0.1.asc,HV4,60,driver_number,19183,1,319716.67,319716.6674,4.0,4.0,27.687431,99.674753,169.0,27.909,-7418.105821,-0.433037,0.726841,0.0,27.676542,-0.103818,0.0,7418.510381,28.240025,0.122915,1.0,0.0,0.0,0.0,7446.414627,24.775496,1021.0,3.0,0.0,230.0,0.053492,36.963295,133.067864,36.963169,-0.096498,-7.9e-05,0.191445,0.344635,9.6e-05,-0.052124,0.368,0.0,0.0,0.0,0.0,0.0,-9999.0,-9999.0,-9999.0,-9999.0,-9999.0,-9999.0,-9999.0,-9999.0,-9999.0,-9999.0,-9999.0,-9999.0,-9999.0,-9999.0
P25_AV0_4_interaction,active_and_state_lat_and_long_zero_last_source_row_continuous_segment,P25,AV0,4,off_ramp,P25_AV0_4,P25_AV0.1.asc,HV4,60,driver_number,19184,1,319733.34,319733.3381,4.0,4.0,27.68017,99.648612,169.0,28.370438,-7418.564131,-0.432878,0.68354,0.0,27.669292,-0.101357,0.0,7418.968342,28.294989,0.123256,1.0,0.0,0.0,0.0,7447.029817,24.807761,1021.0,3.0,0.0,230.0,0.05192,36.966526,133.079492,36.966384,-0.102243,-7.7e-05,0.195449,0.370541,0.000118,-0.055578,0.368,0.0,0.0,1.0,0.0,0.0,-9999.0,-9999.0,-9999.0,-9999.0,-9999.0,-9999.0,-9999.0,-9999.0,-9999.0,-9999.0,-9999.0,-9999.0,-9999.0,-9999.0
P25_AV0_4_interaction,active_and_state_lat_and_long_zero_last_source_row_continuous_segment,P25,AV0,4,off_ramp,P25_AV0_4,P25_AV0.1.asc,HV4,60,driver_number,19185,1,319750.0,319750.0008,4.0,4.0,27.672916,99.622498,169.0,28.831739,-7419.022298,-0.432765,0.641579,0.0,27.662048,-0.098657,0.0,7419.42616,28.350125,0.123565,1.0,0.0,0.0,0.0,7447.645056,24.840124,1021.0,3.0,0.0,230.0,0.050444,36.969768,133.091164,36.96961,-0.107873,-7.5e-05,0.195664,0.387451,7.2e-05,-0.055578,0.368,0.0,0.0,1.0,0.0,0.0,-9999.0,-9999.0,-9999.0,-9999.0,-9999.0,-9999.0,-9999.0,-9999.0,-9999.0,-9999.0,-9999.0,-9999.0,-9999.0,-9999.0
P25_AV0_4_interaction,active_and_state_lat_and_long_zero_last_source_row_continuous_segment,P25,AV0,4,off_ramp,P25_AV0_4,P25_AV0.1.asc,HV4,60,driver_number,19186,1,319766.67,319766.6676,4.0,4.0,27.665669,99.596408,169.0,29.292904,-7419.480324,-0.432687,0.601107,0.0,27.654809,-0.095777,0.0,7419.883838,28.405422,0.123842,1.0,0.0,0.0,0.0,7448.260342,24.872594,1021.0,3.0,0.0,230.0,0.049071,36.973008,133.102829,36.972834,-0.11335,-7.4e-05,0.195599,0.411846,7.3e-05,-0.058718,0.368,0.0,0.0,1.0,0.0,0.0,-9999.0,-9999.0,-9999.0,-9999.0,-9999.0,-9999.0,-9999.0,-9999.0,-9999.0,-9999.0,-9999.0,-9999.0,-9999.0,-9999.0
P25_AV0_4_interaction,active_and_state_lat_and_long_zero_last_source_row_continuous_segment,P25,AV0,4,off_ramp,P25_AV0_4,P25_AV0.1.asc,HV4,60,driver_number,19187,1,319783.33,319783.3343,4.0,4.0,27.658428,99.570339,169.0,29.753963,-7419.93821,-0.432637,0.553547,0.0,27.647575,-0.09267,0.0,7420.341376,28.460868,0.124086,1.0,0.0,0.0,0.0,7448.875677,24.905174,1021.0,3.0,0.0,230.0,0.047807,36.976245,133.114482,36.976054,-0.118733,-7.3e-05,0.195513,0.428035,8e-05,-0.058718,0.368,0.0,0.0,1.0,0.0,0.0,-9999.0,-9999.0,-9999.0,-9999.0,-9999.0,-9999.0,-9999.0,-9999.0,-9999.0,-9999.0,-9999.0,-9999.0,-9999.0,-9999.0
P25_AV0_4_interaction,active_and_state_lat_and_long_zero_last_source_row_continuous_segment,P25,AV0,4,off_ramp,P25_AV0_4,P25_AV0.1.asc,HV4,60,driver_number,19188,1,319800.0,319800.0002,4.0,4.0,27.651192,99.544289,169.0,30.214893,-7420.395957,-0.432614,0.507964,0.0,27.640346,-0.089413,0.0,7420.798775,28.516451,0.124296,1.0,0.0,0.0,0.0,7449.49106,24.937872,1021.0,3.0,0.0,230.0,0.046657,36.979478,133.12612,36.97927,-0.123955,-7.1e-05,0.195349,0.45292,0.000103,-0.062329,0.368,0.0,0.0,1.0,0.0,0.0,-9999.0,-9999.0,-9999.0,-9999.0,-9999.0,-9999.0,-9999.0,-9999.0,-9999.0,-9999.0,-9999.0,-9999.0,-9999.0,-9999.0
P25_AV0_4_interaction,active_and_state_lat_and_long_zero_last_source_row_continuous_segment,P25,AV0,4,off_ramp,P25_AV0_4,P25_AV0.1.asc,HV4,60,driver_number,19189,1,319816.67,319816.6675,4.0,4.0,27.64396,99.518257,169.0,30.675689,-7420.853566,-0.432612,0.462934,0.0,27.633121,-0.086005,0.0,7421.256038,28.572159,0.124473,1.0,0.0,0.0,0.0,7450.10649,24.970692,1021.0,3.0,0.0,230.0,0.045627,36.982706,133.137741,36.982481,-0.12908,-7e-05,0.195231,0.468415,0.000115,-0.062329,0.368,0.0,0.0,1.0,0.0,0.0,-9999.0,-9999.0,-9999.0,-9999.0,-9999.0,-9999.0,-9999.0,-9999.0,-9999.0,-9999.0,-9999.0,-9999.0,-9999.0,-9999.0
P25_AV0_4_interaction,active_and_state_lat_and_long_zero_last_source_row_continuous_segment,P25,AV0,4,off_ramp,P25_AV0_4,P25_AV0.1.asc,HV4,60,driver_number,19190,1,319833.33,319833.3341,4.0,4.0,27.636733,99.492239,169.0,31.136353,-7421.31104,-0.432628,0.412338,0.0,27.625899,-0.082471,0.0,7421.713166,28.627977,0.124615,1.0,0.0,0.0,0.0,7450.721967,25.003642,1021.0,3.0,0.0,230.0,0.044722,36.985929,133.149344,36.985686,-0.134037,-6.7e-05,0.195052,0.491844,0.000129,-0.065626,0.368,0.0,0.0,1.0,0.0,0.0,-9999.0,-9999.0,-9999.0,-9999.0,-9999.0,-9999.0,-9999.0,-9999.0,-9999.0,-9999.0,-9999.0,-9999.0,-9999.0,-9999.0
P25_AV0_4_interaction,active_and_state_lat_and_long_zero_last_source_row_continuous_segment,P25,AV0,4,off_ramp,P25_AV0_4,P25_AV0.1.asc,HV4,60,driver_number,19191,1,319850.0,319850.0003,4.0,4.0,27.629509,99.466234,169.0,31.596907,-7421.76838,-0.432665,0.360877,0.0,27.61868,-0.078755,0.0,7422.170161,28.683892,0.124722,1.0,0.0,0.0,0.0,7451.337491,25.036725,1021.0,3.0,0.0,230.0,0.043949,36.989147,133.160929,36.988886,-0.138869,-6.5e-05,0.194885,0.512909,0.000142,-0.068138,0.368,0.0,0.0,1.0,0.0,0.0,-9999.0,-9999.0,-9999.0,-9999.0,-9999.0,-9999.0,-9999.0,-9999.0,-9999.0,-9999.0,-9999.0,-9999.0,-9999.0,-9999.0
P25_AV0_4_interaction,active_and_state_lat_and_long_zero_last_source_row_continuous_segment,P25,AV0,4,off_ramp,P25_AV0_4,P25_AV0.1.asc,HV4,60,driver_number,19192,1,319866.68,319866.675,4.0,4.0,27.622289,99.44024,169.0,32.057333,-7422.225587,-0.432713,0.315143,0.0,27.611463,-0.074906,0.0,7422.627024,28.739891,0.124793,1.0,0.0,0.0,0.0,7451.953061,25.069948,1021.0,3.0,0.0,230.0,0.043314,36.992359,133.172493,36.992081,-0.14356,-6.2e-05,0.194715,0.536424,0.00015,-0.071749,0.368,0.0,0.0,1.0,0.0,0.0,-9999.0,-9999.0,-9999.0,-9999.0,-9999.0,-9999.0,-9999.0,-9999.0,-9999.0,-9999.0,-9999.0,-9999.0,-9999.0,-9999.0
P25_AV0_4_interaction,active_and_state_lat_and_long_zero_last_source_row_continuous_segment,P25,AV0,4,off_ramp,P25_AV0_4,P25_AV0.1.asc,HV4,60,driver_number,19193,1,319883.33,319883.3335,4.0,4.0,27.615071,99.414256,169.0,32.517629,-7422.682663,-0.43278,0.261249,0.0,27.604248,-0.070825,0.0,7423.083757,28.795959,0.124828,1.0,0.0,0.0,0.0,7452.568677,25.103318,1021.0,3.0,0.0,230.0,0.042822,36.995566,133.184039,36.99527,-0.148159,-6e-05,0.194521,0.560811,0.00016,-0.075831,0.368,0.0,0.0,1.0,0.0,0.0,-9999.0,-9999.0,-9999.0,-9999.0,-9999.0,-9999.0,-9999.0,-9999.0,-9999.0,-9999.0,-9999.0,-9999.0,-9999.0,-9999.0
P25_AV0_4_interaction,active_and_state_lat_and_long_zero_last_source_row_continuous_segment,P25,AV0,4,off_ramp,P25_AV0_4,P25_AV0.1.asc,HV4,60,driver_number,19194,1,319900.0,319900.001,4.0,4.0,27.607856,99.38828,169.0,32.977794,-7423.13961,-0.432853,0.211089,0.0,27.597035,-0.066637,0.0,7423.540362,28.852084,0.124828,1.0,0.0,0.0,0.0,7453.184338,25.13684,1021.0,3.0,0.0,230.0,0.042479,36.998768,133.195565,36.998453,-0.15272,-5.7e-05,0.194354,0.578752,0.000151,-0.077401,0.368,0.0,0.0,1.0,0.0,0.0,-9999.0,-9999.0,-9999.0,-9999.0,-9999.0,-9999.0,-9999.0,-9999.0,-9999.0,-9999.0,-9999.0,-9999.0,-9999.0,-9999.0
P25_AV0_4_interaction,active_and_state_lat_and_long_zero_last_source_row_continuous_segment,P25,AV0,4,off_ramp,P25_AV0_4,P25_AV0.1.asc,HV4,60,driver_number,19195,1,319916.67,319916.6675,4.0,4.0,27.600642,99.36231,169.0,33.437846,-7423.596429,-0.432926,0.16508,0.0,27.589823,-0.062299,0.0,7423.99684,28.908251,0.124791,1.0,0.0,0.0,0.0,7453.800044,25.170519,1021.0,3.0,0.0,230.0,0.042291,37.001965,133.207073,37.001631,-0.157287,-5.5e-05,0.194225,0.592704,0.000131,-0.077401,0.368,0.0,0.0,1.0,0.0,0.0,-9999.0,-9999.0,-9999.0,-9999.0,-9999.0,-9999.0,-9999.0,-9999.0,-9999.0,-9999.0,-9999.0,-9999.0,-9999.0,-9999.0
P25_AV0_4_interaction,active_and_state_lat_and_long_zero_last_source_row_continuous_segment,P25,AV0,4,off_ramp,P25_AV0_4,P25_AV0.1.asc,HV4,60,driver_number,19196,1,319933.33,319933.334,4.0,4.0,27.593429,99.336344,169.0,33.897773,-7424.053122,-0.433007,0.114708,0.0,27.582611,-0.057777,0.0,7424.453193,28.964447,0.124719,1.0,0.0,0.0,0.0,7454.415795,25.20436,1021.0,3.0,0.0,230.0,0.042263,37.005157,133.218564,37.004803,-0.16182,-5.3e-05,0.194064,0.610943,0.000115,-0.079128,0.368,0.0,0.0,1.0,0.0,0.0,-9999.0,-9999.0,-9999.0,-9999.0,-9999.0,-9999.0,-9999.0,-9999.0,-9999.0,-9999.0,-9999.0,-9999.0,-9999.0,-9999.0
P25_AV0_4_interaction,active_and_state_lat_and_long_zero_last_source_row_continuous_segment,P25,AV0,4,off_ramp,P25_AV0_4,P25_AV0.1.asc,HV4,60,driver_number,19197,1,319950.0,319950.0003,4.0,4.0,27.586217,99.310382,169.0,34.357571,-7424.509691,-0.433088,0.064972,0.0,27.5754,-0.053094,0.0,7424.909424,29.020658,0.124612,1.0,0.0,0.0,0.0,7455.031589,25.238369,1021.0,3.0,0.0,230.0,0.042399,37.008343,133.230036,37.00797,-0.166319,-5.1e-05,0.1939,0.62984,0.000111,-0.081169,0.368,0.0,0.0,1.0,0.0,0.0,-9999.0,-9999.0,-9999.0,-9999.0,-9999.0,-9999.0,-9999.0,-9999.0,-9999.0,-9999.0,-9999.0,-9999.0,-9999.0,-9999.0
P25_AV0_4_interaction,active_and_state_lat_and_long_zero_last_source_row_continuous_segment,P25,AV0,4,off_ramp,P25_AV0_4,P25_AV0.1.asc,HV4,60,driver_number,19198,1,319966.67,319966.6672,4.0,4.0,27.579006,99.284421,169.0,34.817243,-7424.966138,-0.433152,0.022484,0.0,27.568189,-0.048303,0.0,7425.365532,29.076871,0.124471,1.0,0.0,0.0,0.0,7455.647427,25.27255,1021.0,3.0,0.0,230.0,0.042705,37.011525,133.241491,37.011131,-0.170805,-4.9e-05,0.19378,0.643521,0.000108,-0.081169,0.368,0.0,0.0,1.0,0.0,0.0,-9999.0,-9999.0,-9999.0,-9999.0,-9999.0,-9999.0,-9999.0,-9999.0,-9999.0,-9999.0,-9999.0,-9999.0,-9999.0,-9999.0
P25_AV0_4_interaction,active_and_state_lat_and_long_zero_last_source_row_continuous_segment,P25,AV0,4,off_ramp,P25_AV0_4,P25_AV0.1.asc,HV4,60,driver_number,19199,1,319983.33,319983.3341,4.0,4.0,27.571795,99.258461,169.0,35.276796,-7425.422463,-0.433227,-0.028572,0.0,27.560977,-0.043355,0.0,7425.821521,29.133074,0.124296,1.0,0.0,0.0,0.0,7456.263309,25.306907,1021.0,3.0,0.0,230.0,0.043184,37.014702,133.252928,37.014287,-0.175248,-4.7e-05,0.193632,0.660256,0.000115,-0.082425,0.368,0.0,0.0,1.0,0.0,0.0,-9999.0,-9999.0,-9999.0,-9999.0,-9999.0,-9999.0,-9999.0,-9999.0,-9999.0,-9999.0,-9999.0,-9999.0,-9999.0,-9999.0
P25_AV0_4_interaction,active_and_state_lat_and_long_zero_last_source_row_continuous_segment,P25,AV0,4,off_ramp,P25_AV0_4,P25_AV0.1.asc,HV4,60,driver_number,19200,1,320000.0,320000.0002,4.0,4.0,27.564583,99.2325,169.0,35.736225,-7425.878669,-0.433296,-0.078546,0.0,27.553765,-0.038314,0.0,7426.277392,29.189253,0.124089,1.0,0.0,0.0,0.0,7456.879234,25.341447,1021.0,3.0,0.0,230.0,0.043843,37.017874,133.264346,37.017438,-0.17962,-4.5e-05,0.193461,0.679171,0.000131,-0.084623,0.368,0.0,0.0,1.0,0.0,0.0,-9999.0,-9999.0,-9999.0,-9999.0,-9999.0,-9999.0,-9999.0,-9999.0,-9999.0,-9999.0,-9999.0,-9999.0,-9999.0,-9999.0
P25_AV0_4_interaction,active_and_state_lat_and_long_zero_last_source_row_continuous_segment,P25,AV0,4,off_ramp,P25_AV0_4,P25_AV0.1.asc,HV4,60,driver_number,19201,1,320016.67,320016.6677,4.0,4.0,27.557371,99.206537,169.0,36.195529,-7426.334756,-0.433349,-0.123606,0.0,27.546552,-0.033247,0.0,7426.733145,29.245396,0.123851,1.0,0.0,0.0,0.0,7457.495201,25.376172,1021.0,3.0,0.0,230.0,0.044686,37.021041,133.275746,37.020584,-0.183962,-4.3e-05,0.193342,0.692378,0.000145,-0.084623,0.368,0.0,0.0,1.0,0.0,0.0,-9999.0,-9999.0,-9999.0,-9999.0,-9999.0,-9999.0,-9999.0,-9999.0,-9999.0,-9999.0,-9999.0,-9999.0,-9999.0,-9999.0
P25_AV0_4_interaction,active_and_state_lat_and_long_zero_last_source_row_continuous_segment,P25,AV0,4,off_ramp,P25_AV0_4,P25_AV0.1.asc,HV4,60,driver_number,19202,1,320033.34,320033.3352,4.0,4.0,27.550159,99.180571,169.0,36.654709,-7426.790727,-0.4334,-0.171335,0.0,27.539338,-0.028097,0.0,7427.188784,29.301489,0.123583,1.0,0.0,0.0,0.0,7458.11121,25.411089,1021.0,3.0,0.0,230.0,0.045717,37.024202,133.287128,37.023724,-0.188227,-4e-05,0.193169,0.710949,0.000164,-0.086821,0.368,0.0,0.0,1.0,0.0,0.0,-9999.0,-9999.0,-9999.0,-9999.0,-9999.0,-9999.0,-9999.0,-9999.0,-9999.0,-9999.0,-9999.0,-9999.0,-9999.0,-9999.0
P25_AV0_4_interaction,active_and_state_lat_and_long_zero_last_source_row_continuous_segment,P25,AV0,4,off_ramp,P25_AV0_4,P25_AV0.1.asc,HV4,60,driver_number,19203,1,320050.0,320050.0008,4.0,4.0,27.542945,99.154602,169.0,37.113766,-7427.246583,-0.43344,-0.216234,0.0,27.532122,-0.022949,0.0,7427.644309,29.35752,0.123286,1.0,0.0,1.0,0.0,7458.727261,25.446201,1021.0,3.0,0.0,230.0,0.046941,37.027359,133.298491,37.026859,-0.192435,-3.7e-05,0.19303,0.725741,0.000177,-0.087606,0.368,0.0,0.0,1.0,0.0,0.0,-9999.0,-9999.0,-9999.0,-9999.0,-9999.0,-9999.0,-9999.0,-9999.0,-9999.0,-9999.0,-9999.0,-9999.0,-9999.0,-9999.0
P25_AV0_4_interaction,active_and_state_lat_and_long_zero_last_source_row_continuous_segment,P25,AV0,4,off_ramp,P25_AV0_4,P25_AV0.1.asc,HV4,60,driver_number,19204,1,320066.67,320066.6677,4.0,4.0,27.53573,99.128628,169.0,37.572701,-7427.702326,-0.433481,-0.263187,0.0,27.524905,-0.01782,0.0,7428.099722,29.413476,0.12296,1.0,0.0,1.0,0.0,7459.343353,25.481513,1021.0,3.0,0.0,230.0,0.048362,37.03051,133.309836,37.029988,-0.196585,-3.4e-05,0.192889,0.740739,0.000187,-0.088548,0.368,0.0,0.0,1.0,0.0,0.0,-9999.0,-9999.0,-9999.0,-9999.0,-9999.0,-9999.0,-9999.0,-9999.0,-9999.0,-9999.0,-9999.0,-9999.0,-9999.0,-9999.0
P25_AV0_4_interaction,active_and_state_lat_and_long_zero_last_source_row_continuous_segment,P25,AV0,4,off_ramp,P25_AV0_4,P25_AV0.1.asc,HV4,60,driver_number,19205,1,320083.33,320083.3341,4.0,4.0,27.528514,99.102649,169.0,38.031514,-7428.157957,-0.43351,-0.307308,0.0,27.517686,-0.012719,0.0,7428.555024,29.469345,0.122608,1.0,0.0,1.0,0.0,7459.959486,25.517029,1021.0,3.0,0.0,230.0,0.049985,37.033657,133.321164,37.033113,-0.200679,-3.1e-05,0.19277,0.753174,0.000189,-0.088548,0.368,0.0,0.0,1.0,0.0,0.0,-9999.0,-9999.0,-9999.0,-9999.0,-9999.0,-9999.0,-9999.0,-9999.0,-9999.0,-9999.0,-9999.0,-9999.0,-9999.0,-9999.0
P25_AV0_4_interaction,active_and_state_lat_and_long_zero_last_source_row_continuous_segment,P25,AV0,4,off_ramp,P25_AV0_4,P25_AV0.1.asc,HV4,60,driver_number,19206,1,320100.0,320100.0006,4.0,4.0,27.521295,99.076663,169.0,38.490206,-7428.613477,-0.433542,-0.355047,0.0,27.510465,-0.007618,0.0,7429.010217,29.525114,0.12223,1.0,0.0,1.0,0.0,7460.57566,25.552754,1021.0,3.0,0.0,230.0,0.051814,37.036798,133.332474,37.036233,-0.204696,-2.8e-05,0.192626,0.768152,0.000192,-0.089647,0.368,0.0,0.0,1.0,0.0,0.0,-9999.0,-9999.0,-9999.0,-9999.0,-9999.0,-9999.0,-9999.0,-9999.0,-9999.0,-9999.0,-9999.0,-9999.0,-9999.0,-9999.0
P25_AV0_4_interaction,active_and_state_lat_and_long_zero_last_source_row_continuous_segment,P25,AV0,4,off_ramp,P25_AV0_4,P25_AV0.1.asc,HV4,60,driver_number,19207,1,320116.67,320116.6675,4.0,4.0,27.514075,99.050671,169.0,38.94877,-7429.068888,-0.433566,-0.399406,0.0,27.503242,-0.002642,0.0,7429.465303,29.580772,0.121827,1.0,0.0,1.0,0.0,7461.191873,25.588691,1021.0,3.0,0.0,230.0,0.053853,37.039935,133.343768,37.039348,-0.208645,-2.5e-05,0.19251,0.780117,0.000191,-0.089647,0.368,0.0,0.0,1.0,0.0,0.0,-9999.0,-9999.0,-9999.0,-9999.0,-9999.0,-9999.0,-9999.0,-9999.0,-9999.0,-9999.0,-9999.0,-9999.0,-9999.0,-9999.0
P25_AV0_4_interaction,active_and_state_lat_and_long_zero_last_source_row_continuous_segment,P25,AV0,4,off_ramp,P25_AV0_4,P25_AV0.1.asc,HV4,60,driver_number,19208,1,320133.34,320133.3416,4.0,4.0,27.506853,99.024672,169.0,39.407213,-7429.524191,-0.43359,-0.444679,0.0,27.496016,0.002287,0.0,7429.920283,29.636305,0.121399,1.0,0.0,1.0,0.0,7461.808127,25.624845,1021.0,3.0,0.0,230.0,0.056105,37.043068,133.355045,37.042458,-0.212519,-2.2e-05,0.192393,0.792232,0.000189,-0.089804,0.368,0.0,0.0,1.0,0.0,0.0,-9999.0,-9999.0,-9999.0,-9999.0,-9999.0,-9999.0,-9999.0,-9999.0,-9999.0,-9999.0,-9999.0,-9999.0,-9999.0,-9999.0
P25_AV0_4_interaction,active_and_state_lat_and_long_zero_last_source_row_continuous_segment,P25,AV0,4,off_ramp,P25_AV0_4,P25_AV0.1.asc,HV4,60,driver_number,19209,1,320150.01,320150.0122,4.0,4.0,27.499629,98.998665,169.0,39.865538,-7429.979389,-0.4336,-0.48573,0.0,27.488788,0.007104,0.0,7430.375157,29.691702,0.120949,1.0,0.0,1.0,0.0,7462.42442,25.661219,1021.0,3.0,0.0,230.0,0.058576,37.046196,133.366306,37.045565,-0.216308,-1.9e-05,0.19228,0.803675,0.000187,-0.089804,0.368,0.0,0.0,1.0,0.0,0.0,-9999.0,-9999.0,-9999.0,-9999.0,-9999.0,-9999.0,-9999.0,-9999.0,-9999.0,-9999.0,-9999.0,-9999.0,-9999.0,-9999.0
P25_AV0_4_interaction,active_and_state_lat_and_long_zero_last_source_row_continuous_segment,P25,AV0,4,off_ramp,P25_AV0_4,P25_AV0.1.asc,HV4,60,driver_number,19210,1,320166.67,320166.6674,4.0,4.0,27.492403,98.972649,169.0,40.323744,-7430.434481,-0.433604,-0.525814,0.0,27.481558,0.011851,0.0,7430.829929,29.746951,0.120475,1.0,0.0,1.0,0.0,7463.040752,25.697816,1021.0,3.0,0.0,230.0,0.061267,37.04932,133.377552,37.048667,-0.219996,-1.6e-05,0.192169,0.814813,0.000186,-0.089804,0.368,0.0,0.0,1.0,0.0,0.0,-9999.0,-9999.0,-9999.0,-9999.0,-9999.0,-9999.0,-9999.0,-9999.0,-9999.0,-9999.0,-9999.0,-9999.0,-9999.0,-9999.0
P25_AV0_4_interaction,active_and_state_lat_and_long_zero_last_source_row_continuous_segment,P25,AV0,4,off_ramp,P25_AV0_4,P25_AV0.1.asc,HV4,60,driver_number,19211,1,320183.35,320183.3534,4.0,4.0,27.485174,98.946625,169.0,40.781818,-7430.88947,-0.433602,-0.564531,0.0,27.474326,0.016503,0.0,7431.284598,29.802042,0.11998,1.0,0.0,1.0,0.0,7463.657122,25.73464,1021.0,3.0,0.0,230.0,0.064182,37.052439,133.38878,37.051765,-0.223557,-1.2e-05,0.191938,0.827178,0.000188,-0.090432,0.368,0.0,0.0,1.0,0.0,0.0,-9999.0,-9999.0,-9999.0,-9999.0,-9999.0,-9999.0,-9999.0,-9999.0,-9999.0,-9999.0,-9999.0,-9999.0,-9999.0,-9999.0
P25_AV0_4_interaction,active_and_state_lat_and_long_zero_last_source_row_continuous_segment,P25,AV0,4,off_ramp,P25_AV0_4,P25_AV0.1.asc,HV4,60,driver_number,19212,1,320200.0,320200.001,4.0,4.0,27.477942,98.920592,169.0,41.239772,-7431.344356,-0.433595,-0.603555,0.0,27.46709,0.021104,0.0,7431.739167,29.856962,0.119465,1.0,0.0,1.0,0.0,7464.273531,25.771694,1021.0,3.0,0.0,231.0,0.067325,37.055552,133.399986,37.054856,-0.226992,-9e-06,0.191833,0.837967,0.000189,-0.090589,0.368,0.0,0.0,1.0,0.0,0.0,-9999.0,-9999.0,-9999.0,-9999.0,-9999.0,-9999.0,-9999.0,-9999.0,-9999.0,-9999.0,-9999.0,-9999.0,-9999.0,-9999.0
P25_AV0_4_interaction,active_and_state_lat_and_long_zero_last_source_row_continuous_segment,P25,AV0,4,off_ramp,P25_AV0_4,P25_AV0.1.asc,HV4,60,driver_number,19213,1,320216.67,320216.6678,4.0,4.0,27.470708,98.89455,169.0,41.697611,-7431.799141,-0.433569,-0.638819,0.0,27.459853,0.025623,0.0,7432.193635,29.911702,0.118929,1.0,0.0,1.0,0.0,7464.889978,25.808982,1021.0,3.0,0.0,231.0,0.0707,37.058661,133.411181,37.057946,-0.230294,-6e-06,0.191769,0.84915,0.000191,-0.09106,0.368,0.0,0.0,1.0,0.0,0.0,-9999.0,-9999.0,-9999.0,-9999.0,-9999.0,-9999.0,-9999.0,-9999.0,-9999.0,-9999.0,-9999.0,-9999.0,-9999.0,-9999.0
P25_AV0_4_interaction,active_and_state_lat_and_long_zero_last_source_row_continuous_segment,P25,AV0,4,off_ramp,P25_AV0_4,P25_AV0.1.asc,HV4,60,driver_number,19214,1,320233.33,320233.3339,4.0,4.0,27.463472,98.868499,169.0,42.155334,-7432.253827,-0.433526,-0.669905,0.0,27.452613,0.030042,0.0,7432.648005,29.966252,0.118374,1.0,0.0,1.0,0.0,7465.506462,25.846507,1021.0,3.0,0.0,231.0,0.074308,37.061767,133.422362,37.061032,-0.233455,-3e-06,0.191663,0.859928,0.000189,-0.091531,0.368,0.0,0.0,1.0,0.0,0.0,-9999.0,-9999.0,-9999.0,-9999.0,-9999.0,-9999.0,-9999.0,-9999.0,-9999.0,-9999.0,-9999.0,-9999.0,-9999.0,-9999.0
P25_AV0_4_interaction,active_and_state_lat_and_long_zero_last_source_row_continuous_segment,P25,AV0,4,off_ramp,P25_AV0_4,P25_AV0.1.asc,HV4,60,driver_number,19215,1,320250.0,320250.001,4.0,4.0,27.456233,98.842439,169.0,42.612921,-7432.708413,-0.433486,-0.705158,0.0,27.445371,0.034451,0.0,7433.102278,30.020604,0.117802,1.0,0.0,1.0,0.0,7466.122984,25.884272,1021.0,3.0,0.0,231.0,0.078154,37.064869,133.433528,37.064115,-0.236481,0.0,0.191556,0.869109,0.000184,-0.091531,0.368,0.0,0.0,1.0,0.0,0.0,-9999.0,-9999.0,-9999.0,-9999.0,-9999.0,-9999.0,-9999.0,-9999.0,-9999.0,-9999.0,-9999.0,-9999.0,-9999.0,-9999.0
P25_AV0_4_interaction,active_and_state_lat_and_long_zero_last_source_row_continuous_segment,P25,AV0,4,off_ramp,P25_AV0_4,P25_AV0.1.asc,HV4,60,driver_number,19216,1,320266.67,320266.6674,4.0,4.0,27.448992,98.816371,169.0,43.070391,-7433.162901,-0.433416,-0.732958,0.0,27.438127,0.038737,0.0,7433.556454,30.074747,0.117214,1.0,0.0,1.0,0.0,7466.739542,25.92228,1021.0,3.0,0.0,231.0,0.082241,37.067966,133.444679,37.067194,-0.239361,3e-06,0.191429,0.879463,0.000178,-0.092159,0.368,0.0,0.0,1.0,0.0,0.0,-9999.0,-9999.0,-9999.0,-9999.0,-9999.0,-9999.0,-9999.0,-9999.0,-9999.0,-9999.0,-9999.0,-9999.0,-9999.0,-9999.0
P25_AV0_4_interaction,active_and_state_lat_and_long_zero_last_source_row_continuous_segment,P25,AV0,4,off_ramp,P25_AV0_4,P25_AV0.1.asc,HV4,60,driver_number,19217,1,320283.33,320283.3334,4.0,4.0,27.441749,98.790296,169.0,43.527747,-7433.617292,-0.433337,-0.759798,0.0,27.43088,0.042948,0.0,7434.010534,30.128675,0.116611,1.0,0.0,1.0,0.0,7467.356137,25.960534,1021.0,3.0,0.0,231.0,0.086571,37.07106,133.455814,37.070269,-0.242096,6e-06,0.1913,0.889393,0.000171,-0.092787,0.368,0.0,0.0,1.0,0.0,0.0,-9999.0,-9999.0,-9999.0,-9999.0,-9999.0,-9999.0,-9999.0,-9999.0,-9999.0,-9999.0,-9999.0,-9999.0,-9999.0,-9999.0
P25_AV0_4_interaction,active_and_state_lat_and_long_zero_last_source_row_continuous_segment,P25,AV0,4,off_ramp,P25_AV0_4,P25_AV0.1.asc,HV4,60,driver_number,19218,1,320300.01,320300.0074,4.0,4.0,27.434504,98.764213,169.0,43.98499,-7434.071587,-0.433242,-0.784137,0.0,27.423633,0.047071,0.0,7434.464519,30.182381,0.115995,1.0,0.0,1.0,0.0,7467.972769,25.999036,1021.0,3.0,0.0,231.0,0.091148,37.074148,133.466933,37.073341,-0.244673,9e-06,0.191139,0.901668,0.000166,-0.094514,0.368,0.0,0.0,1.0,0.0,0.0,-9999.0,-9999.0,-9999.0,-9999.0,-9999.0,-9999.0,-9999.0,-9999.0,-9999.0,-9999.0,-9999.0,-9999.0,-9999.0,-9999.0
P25_AV0_4_interaction,active_and_state_lat_and_long_zero_last_source_row_continuous_segment,P25,AV0,4,off_ramp,P25_AV0_4,P25_AV0.1.asc,HV4,60,driver_number,19219,1,320316.67,320316.6674,4.0,4.0,27.427257,98.738125,169.0,44.442094,-7434.525786,-0.433147,-0.808976,0.0,27.416384,0.051088,0.0,7434.918409,30.235856,0.115367,1.0,0.0,1.0,0.0,7468.589436,26.03779,1021.0,3.0,0.0,231.0,0.095973,37.077232,133.478035,37.076408,-0.247103,1.2e-05,0.190982,0.913129,0.000159,-0.096084,0.368,0.0,0.0,1.0,0.0,0.0,-9999.0,-9999.0,-9999.0,-9999.0,-9999.0,-9999.0,-9999.0,-9999.0,-9999.0,-9999.0,-9999.0,-9999.0,-9999.0,-9999.0
P25_AV0_4_interaction,active_and_state_lat_and_long_zero_last_source_row_continuous_segment,P25,AV0,4,off_ramp,P25_AV0_4,P25_AV0.1.asc,HV4,60,driver_number,19220,1,320333.34,320333.3381,4.0,4.0,27.420008,98.71203,169.0,44.899082,-7434.97989,-0.433045,-0.832385,0.0,27.409133,0.054981,0.0,7435.372206,30.289094,0.114729,1.0,0.0,1.0,0.0,7469.206138,26.076799,1021.0,3.0,0.0,231.0,0.101051,37.080311,133.489119,37.079472,-0.249397,1.4e-05,0.190826,0.923826,0.000147,-0.097497,0.368,0.0,0.0,1.0,0.0,0.0,-9999.0,-9999.0,-9999.0,-9999.0,-9999.0,-9999.0,-9999.0,-9999.0,-9999.0,-9999.0,-9999.0,-9999.0,-9999.0,-9999.0
P25_AV0_4_interaction,active_and_state_lat_and_long_zero_last_source_row_continuous_segment,P25,AV0,4,off_ramp,P25_AV0_4,P25_AV0.1.asc,HV4,60,driver_number,19221,1,320350.0,320350.0008,4.0,4.0,27.412759,98.685931,169.0,45.355959,-7435.433899,-0.432935,-0.85444,0.0,27.401882,0.058746,0.0,7435.82591,30.342091,0.114083,1.0,0.0,1.0,0.0,7469.822876,26.116065,1021.0,3.0,0.0,231.0,0.106385,37.083385,133.500188,37.082532,-0.251597,1.6e-05,0.190715,0.930645,0.000127,-0.097497,0.368,0.0,0.0,1.0,0.0,0.0,-9999.0,-9999.0,-9999.0,-9999.0,-9999.0,-9999.0,-9999.0,-9999.0,-9999.0,-9999.0,-9999.0,-9999.0,-9999.0,-9999.0
P25_AV0_4_interaction,active_and_state_lat_and_long_zero_last_source_row_continuous_segment,P25,AV0,4,off_ramp,P25_AV0_4,P25_AV0.1.asc,HV4,60,driver_number,19222,1,320366.67,320366.6714,4.0,4.0,27.405508,98.659828,169.0,45.812727,-7435.887815,-0.43282,-0.872755,0.0,27.39463,0.062307,0.0,7436.27952,30.39484,0.11343,1.0,0.0,1.0,0.0,7470.439648,26.155591,1021.0,3.0,0.0,231.0,0.111975,37.086455,133.511238,37.085588,-0.253665,1.8e-05,0.190525,0.943132,0.000108,-0.099852,0.368,0.0,0.0,1.0,0.0,0.0,-9999.0,-9999.0,-9999.0,-9999.0,-9999.0,-9999.0,-9999.0,-9999.0,-9999.0,-9999.0,-9999.0,-9999.0,-9999.0,-9999.0
P25_AV0_4_interaction,active_and_state_lat_and_long_zero_last_source_row_continuous_segment,P25,AV0,4,off_ramp,P25_AV0_4,P25_AV0.1.asc,HV4,60,driver_number,19223,1,320383.33,320383.3343,4.0,4.0,27.398256,98.633721,169.0,46.269353,-7436.341638,-0.432733,-0.896494,0.0,27.387377,0.065686,0.0,7436.733039,30.447335,0.112772,1.0,0.0,0.0,0.0,7471.056455,26.19538,1021.0,3.0,0.0,231.0,0.117827,37.08952,133.522271,37.088639,-0.255641,2e-05,0.190341,0.955305,9.5e-05,-0.102207,0.368,0.0,0.0,1.0,0.0,0.0,-9999.0,-9999.0,-9999.0,-9999.0,-9999.0,-9999.0,-9999.0,-9999.0,-9999.0,-9999.0,-9999.0,-9999.0,-9999.0,-9999.0
P25_AV0_4_interaction,active_and_state_lat_and_long_zero_last_source_row_continuous_segment,P25,AV0,4,off_ramp,P25_AV0_4,P25_AV0.1.asc,HV4,60,driver_number,19224,1,320400.0,320400.0009,4.0,4.0,27.391003,98.607612,169.0,46.725863,-7436.795367,-0.432669,-0.921199,0.0,27.380123,0.068798,0.0,7437.186466,30.499572,0.112109,1.0,0.0,0.0,0.0,7471.673296,26.235435,1021.0,3.0,0.0,231.0,0.123942,37.09258,133.533288,37.091686,-0.257564,2.1e-05,0.190195,0.964127,7.5e-05,-0.103306,0.368,0.0,0.0,1.0,0.0,0.0,-9999.0,-9999.0,-9999.0,-9999.0,-9999.0,-9999.0,-9999.0,-9999.0,-9999.0,-9999.0,-9999.0,-9999.0,-9999.0,-9999.0
P25_AV0_4_interaction,active_and_state_lat_and_long_zero_last_source_row_continuous_segment,P25,AV0,4,off_ramp,P25_AV0_4,P25_AV0.1.asc,HV4,60,driver_number,19225,1,320416.67,320416.6672,4.0,4.0,27.38375,98.581499,169.0,47.182265,-7437.249005,-0.432611,-0.942345,0.0,27.372867,0.071625,0.0,7437.639802,30.551543,0.111443,1.0,0.0,0.0,0.0,7472.29017,26.275758,1021.0,3.0,0.0,231.0,0.130323,37.095636,133.54429,37.094729,-0.259458,2.2e-05,0.190072,0.971257,5.1e-05,-0.103777,0.368,0.0,0.0,1.0,0.0,0.0,-9999.0,-9999.0,-9999.0,-9999.0,-9999.0,-9999.0,-9999.0,-9999.0,-9999.0,-9999.0,-9999.0,-9999.0,-9999.0,-9999.0
P25_AV0_4_interaction,active_and_state_lat_and_long_zero_last_source_row_continuous_segment,P25,AV0,4,off_ramp,P25_AV0_4,P25_AV0.1.asc,HV4,60,driver_number,19226,1,320433.34,320433.336,4.0,4.0,27.376495,98.555383,169.0,47.638561,-7437.70255,-0.432611,-0.970976,0.0,27.365611,0.074161,0.0,7438.093047,30.603244,0.110772,1.0,0.0,0.0,0.0,7472.907078,26.316352,1021.0,3.0,0.0,231.0,0.136972,37.098689,133.555279,37.097768,-0.261347,2.3e-05,0.189968,0.977127,2.6e-05,-0.103777,0.368,0.0,0.0,1.0,0.0,0.0,-9999.0,-9999.0,-9999.0,-9999.0,-9999.0,-9999.0,-9999.0,-9999.0,-9999.0,-9999.0,-9999.0,-9999.0,-9999.0,-9999.0
P25_AV0_4_interaction,active_and_state_lat_and_long_zero_last_source_row_continuous_segment,P25,AV0,4,off_ramp,P25_AV0_4,P25_AV0.1.asc,HV4,60,driver_number,19227,1,320450.0,320450.001,4.0,4.0,27.369239,98.529262,169.0,48.094714,-7438.156004,-0.432631,-0.997758,0.0,27.358353,0.076388,0.0,7438.546203,30.654665,0.110096,1.0,0.0,0.0,0.0,7473.524019,26.357218,1021.0,3.0,0.0,231.0,0.143892,37.101738,133.566256,37.100804,-0.263211,2.3e-05,0.189839,0.98492,9e-06,-0.104562,0.368,0.0,0.0,1.0,0.0,0.0,-9999.0,-9999.0,-9999.0,-9999.0,-9999.0,-9999.0,-9999.0,-9999.0,-9999.0,-9999.0,-9999.0,-9999.0,-9999.0,-9999.0
P25_AV0_4_interaction,active_and_state_lat_and_long_zero_last_source_row_continuous_segment,P25,AV0,4,off_ramp,P25_AV0_4,P25_AV0.1.asc,HV4,60,driver_number,19228,1,320466.67,320466.6672,4.0,4.0,27.361982,98.503136,169.0,48.550751,-7438.609367,-0.432669,-1.021631,0.0,27.351092,0.078307,0.0,7438.999269,30.705801,0.109414,1.0,0.0,0.0,0.0,7474.140992,26.398359,1021.0,3.0,0.0,231.0,0.151084,37.104783,133.57722,37.103836,-0.265061,2.3e-05,0.189736,0.990647,-4e-06,-0.104562,0.368,0.0,0.0,1.0,0.0,0.0,-9999.0,-9999.0,-9999.0,-9999.0,-9999.0,-9999.0,-9999.0,-9999.0,-9999.0,-9999.0,-9999.0,-9999.0,-9999.0,-9999.0
P25_AV0_4_interaction,active_and_state_lat_and_long_zero_last_source_row_continuous_segment,P25,AV0,4,off_ramp,P25_AV0_4,P25_AV0.1.asc,HV4,60,driver_number,19229,1,320483.33,320483.3341,4.0,4.0,27.354723,98.477002,169.0,49.006683,-7439.062641,-0.432749,-1.048993,0.0,27.343829,0.07998,0.0,7439.452246,30.756643,0.108726,1.0,0.0,0.0,0.0,7474.757998,26.439776,1021.0,3.0,0.0,231.0,0.15855,37.107826,133.588172,37.106866,-0.266897,2.3e-05,0.189636,0.996299,-9e-06,-0.104562,0.368,0.0,0.0,1.0,0.0,0.0,-9999.0,-9999.0,-9999.0,-9999.0,-9999.0,-9999.0,-9999.0,-9999.0,-9999.0,-9999.0,-9999.0,-9999.0,-9999.0,-9999.0
P25_AV0_4_interaction,active_and_state_lat_and_long_zero_last_source_row_continuous_segment,P25,AV0,4,off_ramp,P25_AV0_4,P25_AV0.1.asc,HV4,60,driver_number,19230,1,320500.0,320500.0008,4.0,4.0,27.347461,98.45086,169.0,49.46251,-7439.515824,-0.432863,-1.079215,0.0,27.336563,0.081458,0.0,7439.905136,30.807184,0.108028,1.0,0.0,0.0,0.0,7475.375036,26.481471,1021.0,3.0,0.0,231.0,0.166293,37.110865,133.599113,37.109892,-0.268708,2.3e-05,0.189535,1.001862,-9e-06,-0.104562,0.368,0.0,0.0,1.0,0.0,0.0,-9999.0,-9999.0,-9999.0,-9999.0,-9999.0,-9999.0,-9999.0,-9999.0,-9999.0,-9999.0,-9999.0,-9999.0,-9999.0,-9999.0
P25_AV0_4_interaction,active_and_state_lat_and_long_zero_last_source_row_continuous_segment,P25,AV0,4,off_ramp,P25_AV0_4,P25_AV0.1.asc,HV4,60,driver_number,19231,1,320516.67,320516.6674,4.0,4.0,27.340196,98.424707,169.0,49.918195,-7439.968919,-0.432988,-1.105639,0.0,27.329293,0.082719,0.0,7440.357938,30.857416,0.107319,1.0,0.0,0.0,0.0,7475.992106,26.523446,1021.0,3.0,0.0,231.0,0.174313,37.113901,133.610043,37.112915,-0.270481,2.3e-05,0.189428,1.007702,-3e-06,-0.104719,0.368,0.0,0.0,1.0,0.0,0.0,-9999.0,-9999.0,-9999.0,-9999.0,-9999.0,-9999.0,-9999.0,-9999.0,-9999.0,-9999.0,-9999.0,-9999.0,-9999.0,-9999.0
P25_AV0_4_interaction,active_and_state_lat_and_long_zero_last_source_row_continuous_segment,P25,AV0,4,off_ramp,P25_AV0_4,P25_AV0.1.asc,HV4,60,driver_number,19232,1,320533.33,320533.3342,4.0,4.0,27.332928,98.398542,169.0,50.373763,-7440.421925,-0.433149,-1.136288,0.0,27.322019,0.083889,0.0,7440.810653,30.90733,0.106597,1.0,0.0,0.0,0.0,7476.609207,26.565703,1021.0,3.0,0.0,231.0,0.182612,37.116933,133.62096,37.115935,-0.27221,2.3e-05,0.189318,1.013789,6e-06,-0.105033,0.368,0.0,0.0,1.0,0.0,0.0,-9999.0,-9999.0,-9999.0,-9999.0,-9999.0,-9999.0,-9999.0,-9999.0,-9999.0,-9999.0,-9999.0,-9999.0,-9999.0,-9999.0
P25_AV0_4_interaction,active_and_state_lat_and_long_zero_last_source_row_continuous_segment,P25,AV0,4,off_ramp,P25_AV0_4,P25_AV0.1.asc,HV4,60,driver_number,19233,1,320550.0,320550.0009,4.0,4.0,27.325657,98.372364,169.0,50.829227,-7440.874844,-0.433273,-1.15781,0.0,27.314741,0.084985,0.0,7441.263282,30.956918,0.10586,1.0,0.0,0.0,0.0,7477.22634,26.608244,1021.0,3.0,0.0,231.0,0.191193,37.119963,133.631866,37.118952,-0.27389,2.3e-05,0.189215,1.018929,1.4e-05,-0.105033,0.368,0.0,0.0,1.0,0.0,0.0,-9999.0,-9999.0,-9999.0,-9999.0,-9999.0,-9999.0,-9999.0,-9999.0,-9999.0,-9999.0,-9999.0,-9999.0,-9999.0,-9999.0
P25_AV0_4_interaction,active_and_state_lat_and_long_zero_last_source_row_continuous_segment,P25,AV0,4,off_ramp,P25_AV0_4,P25_AV0.1.asc,HV4,60,driver_number,19234,1,320566.67,320566.6669,4.0,4.0,27.31838,98.346169,169.0,51.284589,-7441.327675,-0.433424,-1.184793,0.0,27.307458,0.086124,0.0,7441.715826,31.006172,0.105107,1.0,0.0,0.0,0.0,7477.843503,26.651069,1021.0,3.0,0.0,231.0,0.200057,37.122989,133.64276,37.121967,-0.275514,2.3e-05,0.189099,1.025086,2.3e-05,-0.105504,0.368,0.0,0.0,1.0,0.0,0.0,-9999.0,-9999.0,-9999.0,-9999.0,-9999.0,-9999.0,-9999.0,-9999.0,-9999.0,-9999.0,-9999.0,-9999.0,-9999.0,-9999.0
P25_AV0_4_interaction,active_and_state_lat_and_long_zero_last_source_row_continuous_segment,P25,AV0,4,off_ramp,P25_AV0_4,P25_AV0.1.asc,HV4,60,driver_number,19235,1,320583.33,320583.3334,4.0,4.0,27.3111,98.31996,169.0,51.739808,-7441.78042,-0.433558,-1.209658,0.0,27.30017,0.087332,0.0,7442.168285,31.055086,0.104335,1.0,0.0,0.0,0.0,7478.460697,26.694181,1021.0,3.0,0.0,231.0,0.209205,37.126012,133.653643,37.124978,-0.277085,2.4e-05,0.188997,1.029877,2.7e-05,-0.105504,0.368,0.0,0.0,1.0,0.0,0.0,-9999.0,-9999.0,-9999.0,-9999.0,-9999.0,-9999.0,-9999.0,-9999.0,-9999.0,-9999.0,-9999.0,-9999.0,-9999.0,-9999.0
P25_AV0_4_interaction,active_and_state_lat_and_long_zero_last_source_row_continuous_segment,P25,AV0,4,off_ramp,P25_AV0_4,P25_AV0.1.asc,HV4,60,driver_number,19236,1,320600.0,320600.0006,4.0,4.0,27.303815,98.293733,169.0,52.19491,-7442.233078,-0.433672,-1.233677,0.0,27.292878,0.08867,0.0,7442.620659,31.103651,0.103543,1.0,0.0,0.0,0.0,7479.077921,26.737582,1021.0,3.0,0.0,231.0,0.21864,37.129032,133.664514,37.127987,-0.278601,2.4e-05,0.188891,1.034893,2.8e-05,-0.105661,0.368,0.0,0.0,1.0,0.0,0.0,-9999.0,-9999.0,-9999.0,-9999.0,-9999.0,-9999.0,-9999.0,-9999.0,-9999.0,-9999.0,-9999.0,-9999.0,-9999.0,-9999.0
P25_AV0_4_interaction,active_and_state_lat_and_long_zero_last_source_row_continuous_segment,P25,AV0,4,off_ramp,P25_AV0_4,P25_AV0.1.asc,HV4,60,driver_number,19237,1,320616.67,320616.6676,4.0,4.0,27.296525,98.267489,169.0,52.64991,-7442.685651,-0.433737,-1.253041,0.0,27.285582,0.090179,0.0,7443.072948,31.151862,0.102732,1.0,0.0,0.0,0.0,7479.695176,26.781272,1021.0,3.0,0.0,231.0,0.228362,37.132048,133.675375,37.130992,-0.280057,2.5e-05,0.18878,1.040129,2.7e-05,-0.105975,0.368,0.0,0.0,1.0,0.0,0.0,-9999.0,-9999.0,-9999.0,-9999.0,-9999.0,-9999.0,-9999.0,-9999.0,-9999.0,-9999.0,-9999.0,-9999.0,-9999.0,-9999.0
P25_AV0_4_interaction,active_and_state_lat_and_long_zero_last_source_row_continuous_segment,P25,AV0,4,off_ramp,P25_AV0_4,P25_AV0.1.asc,HV4,60,driver_number,19238,1,320633.33,320633.3343,4.0,4.0,27.28923,98.24123,169.0,53.104808,-7443.138139,-0.433774,-1.272247,0.0,27.278281,0.091897,0.0,7443.525154,31.199713,0.101901,1.0,0.0,0.0,0.0,7480.31246,26.825253,1021.0,3.0,0.0,231.0,0.238373,37.135062,133.686223,37.133995,-0.281451,2.5e-05,0.188669,1.04518,2.3e-05,-0.106289,0.368,0.0,0.0,1.0,0.0,0.0,-9999.0,-9999.0,-9999.0,-9999.0,-9999.0,-9999.0,-9999.0,-9999.0,-9999.0,-9999.0,-9999.0,-9999.0,-9999.0,-9999.0
P25_AV0_4_interaction,active_and_state_lat_and_long_zero_last_source_row_continuous_segment,P25,AV0,4,off_ramp,P25_AV0_4,P25_AV0.1.asc,HV4,60,driver_number,19239,1,320650.0,320650.0001,4.0,4.0,27.281932,98.214955,169.0,53.559565,-7443.590541,-0.433797,-1.292858,0.0,27.270977,0.093813,0.0,7443.977276,31.247198,0.10105,1.0,0.0,0.0,0.0,7480.929774,26.869527,1021.0,3.0,0.0,231.0,0.248675,37.138073,133.697061,37.136996,-0.282791,2.5e-05,0.188565,1.049657,1.8e-05,-0.106446,0.368,0.0,0.0,1.0,0.0,0.0,-9999.0,-9999.0,-9999.0,-9999.0,-9999.0,-9999.0,-9999.0,-9999.0,-9999.0,-9999.0,-9999.0,-9999.0,-9999.0,-9999.0
P25_AV0_4_interaction,active_and_state_lat_and_long_zero_last_source_row_continuous_segment,P25,AV0,4,off_ramp,P25_AV0_4,P25_AV0.1.asc,HV4,60,driver_number,19240,1,320666.67,320666.6669,4.0,4.0,27.27463,98.188667,169.0,54.014205,-7444.042858,-0.433774,-1.30881,0.0,27.263669,0.095894,0.0,7444.429314,31.294312,0.100181,1.0,0.0,0.0,0.0,7481.547116,26.914095,1021.0,3.0,0.0,231.0,0.259269,37.14108,133.707889,37.139994,-0.284081,2.6e-05,0.188467,1.053573,1e-05,-0.106446,0.368,0.0,0.0,1.0,0.0,0.0,-9999.0,-9999.0,-9999.0,-9999.0,-9999.0,-9999.0,-9999.0,-9999.0,-9999.0,-9999.0,-9999.0,-9999.0,-9999.0,-9999.0
P25_AV0_4_interaction,active_and_state_lat_and_long_zero_last_source_row_continuous_segment,P25,AV0,4,off_ramp,P25_AV0_4,P25_AV0.1.asc,HV4,60,driver_number,19241,1,320683.33,320683.3343,4.0,4.0,27.267324,98.162366,169.0,54.468742,-7444.49509,-0.433747,-1.328315,0.0,27.256359,0.098181,0.0,7444.88127,31.341051,0.099293,1.0,0.0,0.0,0.0,7482.164488,26.958958,1021.0,3.0,0.0,231.0,0.270156,37.144085,133.718708,37.14299,-0.285319,2.6e-05,0.18837,1.057329,2e-06,-0.106446,0.368,0.0,0.0,1.0,0.0,0.0,-9999.0,-9999.0,-9999.0,-9999.0,-9999.0,-9999.0,-9999.0,-9999.0,-9999.0,-9999.0,-9999.0,-9999.0,-9999.0,-9999.0
P25_AV0_4_interaction,active_and_state_lat_and_long_zero_last_source_row_continuous_segment,P25,AV0,4,off_ramp,P25_AV0_4,P25_AV0.1.asc,HV4,60,driver_number,19242,1,320700.0,320700.0041,4.0,4.0,27.260014,98.136052,169.0,54.923179,-7444.947238,-0.43372,-1.349218,0.0,27.249045,0.10059,0.0,7445.333141,31.387409,0.098389,1.0,0.0,0.0,0.0,7482.781888,27.004118,1021.0,3.0,0.0,231.0,0.281337,37.147088,133.729517,37.145983,-0.286503,2.6e-05,0.188274,1.060919,-6e-06,-0.106446,0.368,0.0,0.0,1.0,0.0,0.0,-9999.0,-9999.0,-9999.0,-9999.0,-9999.0,-9999.0,-9999.0,-9999.0,-9999.0,-9999.0,-9999.0,-9999.0,-9999.0,-9999.0
P25_AV0_4_interaction,active_and_state_lat_and_long_zero_last_source_row_continuous_segment,P25,AV0,4,off_ramp,P25_AV0_4,P25_AV0.1.asc,HV4,60,driver_number,19243,1,320716.67,320716.6673,4.0,4.0,27.252702,98.109727,169.0,55.377478,-7445.399301,-0.433669,-1.367302,0.0,27.241728,0.103088,0.0,7445.78493,31.433381,0.097469,1.0,0.0,1.0,0.0,7483.399317,27.049575,1021.0,3.0,0.0,231.0,0.292814,37.150088,133.740316,37.148974,-0.287629,2.6e-05,0.188177,1.064336,-1.2e-05,-0.106446,0.368,0.0,0.0,1.0,0.0,0.0,-9999.0,-9999.0,-9999.0,-9999.0,-9999.0,-9999.0,-9999.0,-9999.0,-9999.0,-9999.0,-9999.0,-9999.0,-9999.0,-9999.0
P25_AV0_4_interaction,active_and_state_lat_and_long_zero_last_source_row_continuous_segment,P25,AV0,4,off_ramp,P25_AV0_4,P25_AV0.1.asc,HV4,60,driver_number,19244,1,320733.33,320733.3342,4.0,4.0,27.245387,98.083392,169.0,55.831657,-7445.85128,-0.433649,-1.389584,0.0,27.234408,0.105626,0.0,7446.236637,31.478963,0.096535,1.0,0.0,1.0,0.0,7484.016773,27.095331,1021.0,3.0,0.0,231.0,0.304587,37.153085,133.751106,37.151963,-0.288698,2.5e-05,0.188081,1.067575,-1.7e-05,-0.106446,0.368,0.0,0.0,1.0,0.0,0.0,-9999.0,-9999.0,-9999.0,-9999.0,-9999.0,-9999.0,-9999.0,-9999.0,-9999.0,-9999.0,-9999.0,-9999.0,-9999.0,-9999.0
P25_AV0_4_interaction,active_and_state_lat_and_long_zero_last_source_row_continuous_segment,P25,AV0,4,off_ramp,P25_AV0_4,P25_AV0.1.asc,HV4,60,driver_number,19245,1,320750.0,320750.0048,4.0,4.0,27.238068,98.057046,169.0,56.285736,-7446.303175,-0.433614,-1.408532,0.0,27.227085,0.108162,0.0,7446.68826,31.524148,0.095588,1.0,0.0,1.0,0.0,7484.634258,27.141386,1021.0,3.0,0.0,231.0,0.316658,37.15608,133.761888,37.15495,-0.289706,2.5e-05,0.187986,1.070635,-2.1e-05,-0.106446,0.368,0.0,0.0,1.0,0.0,0.0,-9999.0,-9999.0,-9999.0,-9999.0,-9999.0,-9999.0,-9999.0,-9999.0,-9999.0,-9999.0,-9999.0,-9999.0,-9999.0,-9999.0
P25_AV0_4_interaction,active_and_state_lat_and_long_zero_last_source_row_continuous_segment,P25,AV0,4,off_ramp,P25_AV0_4,P25_AV0.1.asc,HV4,60,driver_number,19246,1,320766.67,320766.6675,4.0,4.0,27.230747,98.030688,169.0,56.739713,-7446.754986,-0.433582,-1.428506,0.0,27.219758,0.110719,0.0,7447.139801,31.568933,0.094629,1.0,0.0,1.0,0.0,7485.25177,27.187741,1021.0,3.0,0.0,231.0,0.329028,37.158976,133.772313,37.157839,-0.290656,2.5e-05,0.171205,1.07346,3.9e-05,-0.106446,0.368,0.002198,0.0,1.0,0.0,0.0,-9999.0,-9999.0,-9999.0,-9999.0,-9999.0,-9999.0,-9999.0,-9999.0,-9999.0,-9999.0,-9999.0,-9999.0,-9999.0,-9999.0
P25_AV0_4_interaction,active_and_state_lat_and_long_zero_last_source_row_continuous_segment,P25,AV0,4,off_ramp,P25_AV0_4,P25_AV0.1.asc,HV4,60,driver_number,19247,1,320783.34,320783.3374,4.0,4.0,27.223422,98.004319,169.0,57.193557,-7447.206712,-0.433566,-1.449931,0.0,27.212429,0.113239,0.0,7447.591259,31.613311,0.093658,1.0,0.0,1.0,0.0,7485.869307,27.234398,1021.0,3.0,0.0,231.0,0.341696,37.161721,133.782196,37.160577,-0.291545,2.5e-05,0.183128,1.076193,-4.1e-05,-0.105975,0.368,0.0,0.0,1.0,0.0,0.0,-9999.0,-9999.0,-9999.0,-9999.0,-9999.0,-9999.0,-9999.0,-9999.0,-9999.0,-9999.0,-9999.0,-9999.0,-9999.0,-9999.0
P25_AV0_4_interaction,active_and_state_lat_and_long_zero_last_source_row_continuous_segment,P25,AV0,4,off_ramp,P25_AV0_4,P25_AV0.1.asc,HV4,60,driver_number,19248,1,320800.0,320800.0002,4.0,4.0,27.216094,97.977939,169.0,57.647279,-7447.658355,-0.433531,-1.466813,0.0,27.205097,0.115679,0.0,7448.042636,31.657278,0.092677,1.0,0.0,1.0,0.0,7486.486869,27.281356,1021.0,3.0,0.0,231.0,0.354665,37.164689,133.792879,37.163539,-0.292374,2.5e-05,0.18723,1.078704,-3.8e-05,-0.105661,0.368,0.0,0.0,1.0,0.0,0.0,-9999.0,-9999.0,-9999.0,-9999.0,-9999.0,-9999.0,-9999.0,-9999.0,-9999.0,-9999.0,-9999.0,-9999.0,-9999.0,-9999.0
P25_AV0_4_interaction,active_and_state_lat_and_long_zero_last_source_row_continuous_segment,P25,AV0,4,off_ramp,P25_AV0_4,P25_AV0.1.asc,HV4,60,driver_number,19249,1,320816.67,320816.6675,4.0,4.0,27.208764,97.951549,169.0,58.1009,-7448.109914,-0.433508,-1.485411,0.0,27.197762,0.118073,0.0,7448.49393,31.700827,0.091687,1.0,0.0,1.0,0.0,7487.104456,27.328618,1021.0,3.0,0.0,231.0,0.367935,37.16767,133.803614,37.166514,-0.293152,2.3e-05,0.187489,1.080389,-8.4e-05,-0.10519,0.368,0.0,0.0,1.0,0.0,0.0,-9999.0,-9999.0,-9999.0,-9999.0,-9999.0,-9999.0,-9999.0,-9999.0,-9999.0,-9999.0,-9999.0,-9999.0,-9999.0,-9999.0
P25_AV0_4_interaction,active_and_state_lat_and_long_zero_last_source_row_continuous_segment,P25,AV0,4,off_ramp,P25_AV0_4,P25_AV0.1.asc,HV4,60,driver_number,19250,1,320833.33,320833.3335,4.0,4.0,27.20143,97.925147,169.0,58.554419,-7448.561389,-0.4335,-1.505274,0.0,27.190424,0.12039,0.0,7448.945142,31.743955,0.090688,1.0,0.0,1.0,0.0,7487.72207,27.376183,1021.0,3.0,0.0,231.0,0.381506,37.170653,133.814351,37.169491,-0.293874,2.2e-05,0.187497,1.082172,-9e-05,-0.105033,0.368,0.0,0.0,1.0,0.0,0.0,-9999.0,-9999.0,-9999.0,-9999.0,-9999.0,-9999.0,-9999.0,-9999.0,-9999.0,-9999.0,-9999.0,-9999.0,-9999.0,-9999.0
P25_AV0_4_interaction,active_and_state_lat_and_long_zero_last_source_row_continuous_segment,P25,AV0,4,off_ramp,P25_AV0_4,P25_AV0.1.asc,HV4,60,driver_number,19251,1,320850.0,320850.0007,4.0,4.0,27.194093,97.898735,169.0,59.007809,-7449.01278,-0.433493,-1.524356,0.0,27.183083,0.122612,0.0,7449.396271,31.786657,0.089681,1.0,0.0,1.0,0.0,7488.339711,27.424051,1021.0,3.0,0.0,231.0,0.395379,37.173538,133.824737,37.172371,-0.294543,2.1e-05,0.170763,1.083333,-1.2e-05,-0.104719,0.368,0.002198,0.0,1.0,0.0,0.0,-9999.0,-9999.0,-9999.0,-9999.0,-9999.0,-9999.0,-9999.0,-9999.0,-9999.0,-9999.0,-9999.0,-9999.0,-9999.0,-9999.0
P25_AV0_4_interaction,active_and_state_lat_and_long_zero_last_source_row_continuous_segment,P25,AV0,4,off_ramp,P25_AV0_4,P25_AV0.1.asc,HV4,60,driver_number,19252,1,320866.67,320866.6676,4.0,4.0,27.186754,97.872313,169.0,59.461076,-7449.464088,-0.433463,-1.539001,0.0,27.175739,0.124727,0.0,7449.847319,31.828927,0.088666,1.0,0.0,1.0,0.0,7488.957375,27.472225,1021.0,3.0,0.0,231.0,0.409555,37.176273,133.834583,37.175101,-0.295146,2e-05,0.182692,1.085217,-6.7e-05,-0.104719,0.368,0.0,0.0,1.0,0.0,0.0,-9999.0,-9999.0,-9999.0,-9999.0,-9999.0,-9999.0,-9999.0,-9999.0,-9999.0,-9999.0,-9999.0,-9999.0,-9999.0,-9999.0
P25_AV0_4_interaction,active_and_state_lat_and_long_zero_last_source_row_continuous_segment,P25,AV0,4,off_ramp,P25_AV0_4,P25_AV0.1.asc,HV4,60,driver_number,19253,1,320883.34,320883.3362,4.0,4.0,27.179411,97.84588,169.0,59.914241,-7449.915312,-0.433395,-1.550847,0.0,27.168393,0.126828,0.0,7450.298284,31.87076,0.087643,1.0,0.0,1.0,0.0,7489.575062,27.520703,1021.0,3.0,0.0,231.0,0.424034,37.179231,133.845231,37.178055,-0.29569,2e-05,0.186815,1.085678,-4.3e-05,-0.104248,0.368,0.0,0.0,1.0,0.0,0.0,-9999.0,-9999.0,-9999.0,-9999.0,-9999.0,-9999.0,-9999.0,-9999.0,-9999.0,-9999.0,-9999.0,-9999.0,-9999.0,-9999.0
P25_AV0_4_interaction,active_and_state_lat_and_long_zero_last_source_row_continuous_segment,P25,AV0,4,off_ramp,P25_AV0_4,P25_AV0.1.asc,HV4,60,driver_number,19254,1,320900.0,320900.0007,4.0,4.0,27.172066,97.819437,169.0,60.367303,-7450.366452,-0.433293,-1.559489,0.0,27.161045,0.128885,0.0,7450.749168,31.912155,0.086614,1.0,0.0,1.0,0.0,7490.192775,27.569486,1021.0,3.0,0.0,231.0,0.438817,37.182203,133.855932,37.181024,-0.296184,1.9e-05,0.18708,1.086352,-7e-05,-0.103934,0.368,0.0,0.0,1.0,0.0,0.0,-9999.0,-9999.0,-9999.0,-9999.0,-9999.0,-9999.0,-9999.0,-9999.0,-9999.0,-9999.0,-9999.0,-9999.0,-9999.0,-9999.0
P25_AV0_4_interaction,active_and_state_lat_and_long_zero_last_source_row_continuous_segment,P25,AV0,4,off_ramp,P25_AV0_4,P25_AV0.1.asc,HV4,60,driver_number,19255,1,320916.67,320916.6683,4.0,4.0,27.164719,97.792988,169.0,60.820239,-7450.817508,-0.433169,-1.568471,0.0,27.153696,0.130943,0.0,7451.199968,31.953107,0.08558,1.0,0.0,1.0,0.0,7490.810512,27.618575,1021.0,3.0,0.0,231.0,0.453903,37.185177,133.866637,37.183994,-0.296614,1.7e-05,0.187087,1.087651,-6.3e-05,-0.103934,0.368,0.0,0.0,1.0,0.0,0.0,-9999.0,-9999.0,-9999.0,-9999.0,-9999.0,-9999.0,-9999.0,-9999.0,-9999.0,-9999.0,-9999.0,-9999.0,-9999.0,-9999.0
P25_AV0_4_interaction,active_and_state_lat_and_long_zero_last_source_row_continuous_segment,P25,AV0,4,off_ramp,P25_AV0_4,P25_AV0.1.asc,HV4,60,driver_number,19256,1,320933.33,320933.334,4.0,4.0,27.157371,97.766535,169.0,61.273052,-7451.268481,-0.432994,-1.571522,0.0,27.146347,0.132948,0.0,7451.650687,31.993616,0.084543,1.0,0.0,1.0,0.0,7491.428275,27.66797,1021.0,3.0,0.0,231.0,0.469294,37.18815,133.87734,37.186964,-0.296992,1.7e-05,0.187068,1.087579,-4.1e-05,-0.103463,0.368,0.0,0.0,1.0,0.0,0.0,-9999.0,-9999.0,-9999.0,-9999.0,-9999.0,-9999.0,-9999.0,-9999.0,-9999.0,-9999.0,-9999.0,-9999.0,-9999.0,-9999.0
P25_AV0_4_interaction,active_and_state_lat_and_long_zero_last_source_row_continuous_segment,P25,AV0,4,off_ramp,P25_AV0_4,P25_AV0.1.asc,HV4,60,driver_number,19257,1,320950.0,320950.0004,4.0,4.0,27.150022,97.740079,169.0,61.725761,-7451.719368,-0.432825,-1.57869,0.0,27.138999,0.134951,0.0,7452.101322,32.033679,0.083503,1.0,0.0,1.0,0.0,7492.046063,27.717671,1021.0,3.0,0.0,231.0,0.484988,37.191122,133.88804,37.189934,-0.297301,1.6e-05,0.186997,1.088129,-1.7e-05,-0.103306,0.368,0.0,0.0,1.0,0.0,0.0,-9999.0,-9999.0,-9999.0,-9999.0,-9999.0,-9999.0,-9999.0,-9999.0,-9999.0,-9999.0,-9999.0,-9999.0,-9999.0,-9999.0
P25_AV0_4_interaction,active_and_state_lat_and_long_zero_last_source_row_continuous_segment,P25,AV0,4,off_ramp,P25_AV0_4,P25_AV0.1.asc,HV4,60,driver_number,19258,1,320966.67,320966.6672,4.0,4.0,27.142673,97.713623,169.0,62.178364,-7452.170172,-0.432632,-1.582764,0.0,27.131652,0.136865,0.0,7452.551873,32.073296,0.082462,1.0,0.0,1.0,0.0,7492.663876,27.767679,1021.0,3.0,0.0,231.0,0.500988,37.194092,133.898733,37.192902,-0.297546,1.6e-05,0.186898,1.088878,4e-06,-0.103306,0.368,0.0,0.0,1.0,0.0,0.0,-9999.0,-9999.0,-9999.0,-9999.0,-9999.0,-9999.0,-9999.0,-9999.0,-9999.0,-9999.0,-9999.0,-9999.0,-9999.0,-9999.0
P25_AV0_4_interaction,active_and_state_lat_and_long_zero_last_source_row_continuous_segment,P25,AV0,4,off_ramp,P25_AV0_4,P25_AV0.1.asc,HV4,60,driver_number,19259,1,320983.33,320983.3342,4.0,4.0,27.135325,97.68717,169.0,62.630848,-7452.62089,-0.432403,-1.582396,0.0,27.124306,0.138701,0.0,7453.002342,32.112465,0.081423,1.0,0.0,1.0,0.0,7493.281714,27.817993,1021.0,3.0,0.0,231.0,0.517292,37.197061,133.909421,37.19587,-0.297735,1.6e-05,0.186812,1.088651,1.7e-05,-0.102992,0.368,0.0,0.0,1.0,0.0,0.0,-9999.0,-9999.0,-9999.0,-9999.0,-9999.0,-9999.0,-9999.0,-9999.0,-9999.0,-9999.0,-9999.0,-9999.0,-9999.0,-9999.0
P25_AV0_4_interaction,active_and_state_lat_and_long_zero_last_source_row_continuous_segment,P25,AV0,4,off_ramp,P25_AV0_4,P25_AV0.1.asc,HV4,60,driver_number,19260,1,321000.0,321000.0031,4.0,4.0,27.127978,97.660722,169.0,63.083207,-7453.071522,-0.432197,-1.585015,0.0,27.116962,0.140425,0.0,7453.452726,32.151188,0.080386,1.0,0.0,1.0,0.0,7493.899577,27.868613,1021.0,3.0,0.0,231.0,0.5339,37.200029,133.920104,37.198836,-0.297875,1.7e-05,0.186738,1.087865,2.2e-05,-0.102521,0.368,0.0,0.0,1.0,0.0,0.0,-9999.0,-9999.0,-9999.0,-9999.0,-9999.0,-9999.0,-9999.0,-9999.0,-9999.0,-9999.0,-9999.0,-9999.0,-9999.0,-9999.0
P25_AV0_4_interaction,active_and_state_lat_and_long_zero_last_source_row_continuous_segment,P25,AV0,4,off_ramp,P25_AV0_4,P25_AV0.1.asc,HV4,60,driver_number,19261,1,321016.67,321016.6669,4.0,4.0,27.120633,97.63428,169.0,63.535459,-7453.522069,-0.431991,-1.586507,0.0,27.10962,0.142004,0.0,7453.903025,32.189463,0.079353,1.0,0.0,1.0,0.0,7494.517464,27.91954,1021.0,3.0,0.0,231.0,0.550814,37.202996,133.930785,37.201802,-0.297986,1.7e-05,0.186729,1.084163,1.6e-05,-0.100951,0.368,0.0,0.0,1.0,0.0,0.0,-9999.0,-9999.0,-9999.0,-9999.0,-9999.0,-9999.0,-9999.0,-9999.0,-9999.0,-9999.0,-9999.0,-9999.0,-9999.0,-9999.0
P25_AV0_4_interaction,active_and_state_lat_and_long_zero_last_source_row_continuous_segment,P25,AV0,4,off_ramp,P25_AV0_4,P25_AV0.1.asc,HV4,60,driver_number,19262,1,321033.33,321033.3342,4.0,4.0,27.113291,97.607846,169.0,63.987604,-7453.97253,-0.431771,-1.585273,0.0,27.102281,0.143439,0.0,7454.35324,32.22729,0.078325,1.0,0.0,1.0,0.0,7495.135375,27.970773,1021.0,3.0,0.0,231.0,0.568031,37.205963,133.941465,37.204769,-0.298048,1.7e-05,0.186682,1.081912,8e-06,-0.100009,0.368,0.0,0.0,1.0,0.0,0.0,-9999.0,-9999.0,-9999.0,-9999.0,-9999.0,-9999.0,-9999.0,-9999.0,-9999.0,-9999.0,-9999.0,-9999.0,-9999.0,-9999.0
P25_AV0_4_interaction,active_and_state_lat_and_long_zero_last_source_row_continuous_segment,P25,AV0,4,off_ramp,P25_AV0_4,P25_AV0.1.asc,HV4,60,driver_number,19263,1,321050.0,321050.0006,4.0,4.0,27.10595,97.581421,169.0,64.439631,-7454.422904,-0.43156,-1.584126,0.0,27.094946,0.144708,0.0,7454.80337,32.264671,0.077303,1.0,0.0,0.0,0.0,7495.75331,28.022312,1021.0,3.0,0.0,231.0,0.585553,37.208929,133.952143,37.207735,-0.298051,1.7e-05,0.186614,1.079874,2e-06,-0.099224,0.368,0.0,0.0,1.0,0.0,0.0,-9999.0,-9999.0,-9999.0,-9999.0,-9999.0,-9999.0,-9999.0,-9999.0,-9999.0,-9999.0,-9999.0,-9999.0,-9999.0,-9999.0
P25_AV0_4_interaction,active_and_state_lat_and_long_zero_last_source_row_continuous_segment,P25,AV0,4,off_ramp,P25_AV0_4,P25_AV0.1.asc,HV4,60,driver_number,19264,1,321066.67,321066.6672,4.0,4.0,27.098613,97.555007,169.0,64.891537,-7454.873191,-0.431336,-1.579489,0.0,27.087613,0.145798,0.0,7455.253414,32.301605,0.076289,1.0,0.0,0.0,0.0,7496.37127,28.074156,1021.0,3.0,0.0,231.0,0.603377,37.211894,133.962818,37.210701,-0.297988,1.7e-05,0.186553,1.07724,-3e-06,-0.098282,0.368,0.0,0.0,1.0,0.0,0.0,-9999.0,-9999.0,-9999.0,-9999.0,-9999.0,-9999.0,-9999.0,-9999.0,-9999.0,-9999.0,-9999.0,-9999.0,-9999.0,-9999.0
P25_AV0_4_interaction,active_and_state_lat_and_long_zero_last_source_row_continuous_segment,P25,AV0,4,off_ramp,P25_AV0_4,P25_AV0.1.asc,HV4,60,driver_number,19265,1,321083.34,321083.3379,4.0,4.0,27.091279,97.528604,169.0,65.343331,-7455.32339,-0.431107,-1.573869,0.0,27.080285,0.146733,0.0,7455.703371,32.338094,0.075284,1.0,0.0,0.0,0.0,7496.989253,28.126304,1021.0,3.0,0.0,231.0,0.621505,37.214858,133.973491,37.213667,-0.297842,1.7e-05,0.186467,1.076753,-0.0,-0.098282,0.368,0.0,0.0,1.0,0.0,0.0,-9999.0,-9999.0,-9999.0,-9999.0,-9999.0,-9999.0,-9999.0,-9999.0,-9999.0,-9999.0,-9999.0,-9999.0,-9999.0,-9999.0
P25_AV0_4_interaction,active_and_state_lat_and_long_zero_last_source_row_continuous_segment,P25,AV0,4,off_ramp,P25_AV0_4,P25_AV0.1.asc,HV4,60,driver_number,19266,1,321100.0,321100.0001,4.0,4.0,27.083949,97.502215,169.0,65.795014,-7455.773502,-0.430869,-1.563979,0.0,27.072961,0.147457,0.0,7456.153242,32.37414,0.074289,1.0,0.0,0.0,0.0,7497.60726,28.178756,1021.0,3.0,0.0,231.0,0.639935,37.217822,133.98416,37.216632,-0.297621,1.7e-05,0.186407,1.074047,1e-06,-0.097497,0.368,0.0,0.0,1.0,0.0,0.0,-9999.0,-9999.0,-9999.0,-9999.0,-9999.0,-9999.0,-9999.0,-9999.0,-9999.0,-9999.0,-9999.0,-9999.0,-9999.0,-9999.0
P25_AV0_4_interaction,active_and_state_lat_and_long_zero_last_source_row_continuous_segment,P25,AV0,4,off_ramp,P25_AV0_4,P25_AV0.1.asc,HV4,60,driver_number,19267,1,321116.67,321116.6706,4.0,4.0,27.076622,97.47584,169.0,66.246581,-7456.223525,-0.430634,-1.555809,0.0,27.065641,0.148051,0.0,7456.603026,32.409744,0.073305,1.0,0.0,0.0,0.0,7498.225291,28.231512,1021.0,3.0,0.0,231.0,0.658667,37.220787,133.994832,37.219599,-0.297374,1.7e-05,0.186437,1.064424,-9e-06,-0.094043,0.368,0.0,0.0,1.0,0.0,0.0,-9999.0,-9999.0,-9999.0,-9999.0,-9999.0,-9999.0,-9999.0,-9999.0,-9999.0,-9999.0,-9999.0,-9999.0,-9999.0,-9999.0
P25_AV0_4_interaction,active_and_state_lat_and_long_zero_last_source_row_continuous_segment,P25,AV0,4,off_ramp,P25_AV0_4,P25_AV0.1.asc,HV4,60,driver_number,19268,1,321133.33,321133.3334,4.0,4.0,27.069301,97.449482,169.0,66.69803,-7456.673459,-0.430377,-1.543466,0.0,27.058327,0.148478,0.0,7457.052722,32.44491,0.072332,1.0,0.0,0.0,0.0,7498.843346,28.284571,1021.0,3.0,0.0,231.0,0.677699,37.223752,134.005505,37.222566,-0.297046,1.7e-05,0.186368,1.063314,-5e-06,-0.094043,0.368,0.0,0.0,1.0,0.0,0.0,-9999.0,-9999.0,-9999.0,-9999.0,-9999.0,-9999.0,-9999.0,-9999.0,-9999.0,-9999.0,-9999.0,-9999.0,-9999.0,-9999.0
P25_AV0_4_interaction,active_and_state_lat_and_long_zero_last_source_row_continuous_segment,P25,AV0,4,off_ramp,P25_AV0_4,P25_AV0.1.asc,HV4,60,driver_number,19269,1,321150.0,321150.002,4.0,4.0,27.061984,97.423141,169.0,67.149363,-7457.123304,-0.430098,-1.527532,0.0,27.051019,0.148756,0.0,7457.50233,32.479641,0.071373,1.0,0.0,0.0,0.0,7499.461424,28.33793,1021.0,3.0,0.0,231.0,0.69703,37.226718,134.016185,37.225536,-0.296694,1.7e-05,0.186417,1.05285,-1.5e-05,-0.090432,0.368,0.0,0.0,1.0,0.0,0.0,-9999.0,-9999.0,-9999.0,-9999.0,-9999.0,-9999.0,-9999.0,-9999.0,-9999.0,-9999.0,-9999.0,-9999.0,-9999.0,-9999.0
P25_AV0_4_interaction,active_and_state_lat_and_long_zero_last_source_row_continuous_segment,P25,AV0,4,off_ramp,P25_AV0_4,P25_AV0.1.asc,HV4,60,driver_number,19270,1,321166.67,321166.6674,4.0,4.0,27.054672,97.396821,169.0,67.600578,-7457.573059,-0.429799,-1.508865,0.0,27.043717,0.148906,0.0,7457.951848,32.513941,0.070428,1.0,0.0,0.0,0.0,7500.079526,28.391588,1021.0,3.0,0.0,232.0,0.716659,37.229688,134.026875,37.228508,-0.296323,1.6e-05,0.186548,1.034748,-4.9e-05,-0.083838,0.368,0.0,0.0,1.0,0.0,0.0,-9999.0,-9999.0,-9999.0,-9999.0,-9999.0,-9999.0,-9999.0,-9999.0,-9999.0,-9999.0,-9999.0,-9999.0,-9999.0,-9999.0
P25_AV0_4_interaction,active_and_state_lat_and_long_zero_last_source_row_continuous_segment,P25,AV0,4,off_ramp,P25_AV0_4,P25_AV0.1.asc,HV4,60,driver_number,19271,1,321183.33,321183.3342,4.0,4.0,27.047367,97.370522,169.0,68.051677,-7458.022722,-0.429482,-1.488288,0.0,27.036423,0.148944,0.0,7458.401277,32.547815,0.0695,1.0,0.0,0.0,0.0,7500.697652,28.445544,1021.0,3.0,0.0,232.0,0.736584,37.232659,134.037573,37.231484,-0.295794,1.5e-05,0.186487,1.032905,-7.2e-05,-0.083838,0.368,0.0,0.0,1.0,0.0,0.0,-9999.0,-9999.0,-9999.0,-9999.0,-9999.0,-9999.0,-9999.0,-9999.0,-9999.0,-9999.0,-9999.0,-9999.0,-9999.0,-9999.0
P25_AV0_4_interaction,active_and_state_lat_and_long_zero_last_source_row_continuous_segment,P25,AV0,4,off_ramp,P25_AV0_4,P25_AV0.1.asc,HV4,60,driver_number,19272,1,321200.0,321200.0006,4.0,4.0,27.040069,97.344248,169.0,68.502665,-7458.472295,-0.429153,-1.464656,0.0,27.029136,0.148829,0.0,7458.850616,32.581269,0.068589,1.0,0.0,0.0,0.0,7501.315802,28.499793,1021.0,3.0,0.0,232.0,0.756802,37.235631,134.048273,37.234462,-0.295086,1.4e-05,0.186482,1.024604,-0.000111,-0.081483,0.368,0.0,0.0,1.0,0.0,0.0,-9999.0,-9999.0,-9999.0,-9999.0,-9999.0,-9999.0,-9999.0,-9999.0,-9999.0,-9999.0,-9999.0,-9999.0,-9999.0,-9999.0
P25_AV0_4_interaction,active_and_state_lat_and_long_zero_last_source_row_continuous_segment,P25,AV0,4,off_ramp,P25_AV0_4,P25_AV0.1.asc,HV4,60,driver_number,19273,1,321216.67,321216.667,4.0,4.0,27.032778,97.318001,169.0,68.953529,-7458.921775,-0.428856,-1.446997,0.0,27.021857,0.148583,0.0,7459.299863,32.614309,0.067697,1.0,0.0,0.0,0.0,7501.933975,28.554336,1021.0,3.0,0.0,232.0,0.777311,37.238605,134.058977,37.237443,-0.294188,1.1e-05,0.186466,1.016553,-0.000152,-0.079442,0.368,0.0,0.0,1.0,0.0,0.0,-9999.0,-9999.0,-9999.0,-9999.0,-9999.0,-9999.0,-9999.0,-9999.0,-9999.0,-9999.0,-9999.0,-9999.0,-9999.0,-9999.0
P25_AV0_4_interaction,active_and_state_lat_and_long_zero_last_source_row_continuous_segment,P25,AV0,4,off_ramp,P25_AV0_4,P25_AV0.1.asc,HV4,60,driver_number,19274,1,321233.33,321233.3334,4.0,4.0,27.025495,97.291783,169.0,69.404269,-7459.371162,-0.428541,-1.423009,0.0,27.014587,0.148129,0.0,7459.749018,32.646943,0.066825,1.0,0.0,0.0,0.0,7502.552173,28.60917,1021.0,3.0,0.0,232.0,0.798109,37.241578,134.069682,37.240425,-0.293037,8e-06,0.186382,1.013028,-0.000203,-0.079442,0.368,0.0,0.0,1.0,0.0,0.0,-9999.0,-9999.0,-9999.0,-9999.0,-9999.0,-9999.0,-9999.0,-9999.0,-9999.0,-9999.0,-9999.0,-9999.0,-9999.0,-9999.0
P25_AV0_4_interaction,active_and_state_lat_and_long_zero_last_source_row_continuous_segment,P25,AV0,4,off_ramp,P25_AV0_4,P25_AV0.1.asc,HV4,60,driver_number,19275,1,321250.0,321250.0017,4.0,4.0,27.018221,97.265595,169.0,69.854888,-7459.820456,-0.428237,-1.39648,0.0,27.007325,0.147448,0.0,7460.198081,32.679176,0.065976,1.0,0.0,0.0,0.0,7503.170395,28.664293,1021.0,3.0,0.0,232.0,0.819195,37.244551,134.080385,37.243409,-0.291652,5e-06,0.186296,1.00885,-0.000251,-0.079913,0.368,0.0,0.0,1.0,0.0,0.0,-9999.0,-9999.0,-9999.0,-9999.0,-9999.0,-9999.0,-9999.0,-9999.0,-9999.0,-9999.0,-9999.0,-9999.0,-9999.0,-9999.0
P25_AV0_4_interaction,active_and_state_lat_and_long_zero_last_source_row_continuous_segment,P25,AV0,4,off_ramp,P25_AV0_4,P25_AV0.1.asc,HV4,60,driver_number,19276,1,321266.67,321266.6678,4.0,4.0,27.010955,97.239438,169.0,70.305406,-7460.269656,-0.42797,-1.374935,0.0,27.000072,0.146565,0.0,7460.647051,32.711016,0.06515,1.0,0.0,0.0,0.0,7503.78864,28.719704,1021.0,3.0,0.0,232.0,0.840568,37.247524,134.091088,37.246395,-0.290064,-0.0,0.186211,1.004076,-0.000284,-0.079599,0.368,0.0,0.0,1.0,0.0,0.0,-9999.0,-9999.0,-9999.0,-9999.0,-9999.0,-9999.0,-9999.0,-9999.0,-9999.0,-9999.0,-9999.0,-9999.0,-9999.0,-9999.0
P25_AV0_4_interaction,active_and_state_lat_and_long_zero_last_source_row_continuous_segment,P25,AV0,4,off_ramp,P25_AV0_4,P25_AV0.1.asc,HV4,60,driver_number,19277,1,321283.33,321283.3339,4.0,4.0,27.003698,97.213311,169.0,70.755791,-7460.718761,-0.427693,-1.347345,0.0,26.992828,0.145448,0.0,7461.095926,32.742469,0.064347,1.0,0.0,0.0,0.0,7504.40691,28.775402,1021.0,3.0,0.0,232.0,0.862225,37.250497,134.10179,37.249382,-0.288302,-5e-06,0.186128,0.998822,-0.000298,-0.079599,0.368,0.0,0.0,1.0,0.0,0.0,-9999.0,-9999.0,-9999.0,-9999.0,-9999.0,-9999.0,-9999.0,-9999.0,-9999.0,-9999.0,-9999.0,-9999.0,-9999.0,-9999.0
P25_AV0_4_interaction,active_and_state_lat_and_long_zero_last_source_row_continuous_segment,P25,AV0,4,off_ramp,P25_AV0_4,P25_AV0.1.asc,HV4,60,driver_number,19278,1,321300.0,321300.0001,4.0,4.0,26.996449,97.187216,169.0,71.206043,-7461.16777,-0.427453,-1.322758,0.0,26.985592,0.144083,0.0,7461.544707,32.773543,0.063569,1.0,0.0,0.0,0.0,7505.025203,28.831385,1021.0,3.0,0.0,232.0,0.884166,37.253471,134.112497,37.25237,-0.286441,-1e-05,0.186116,0.987277,-0.000286,-0.077087,0.368,0.0,0.0,1.0,0.0,0.0,-9999.0,-9999.0,-9999.0,-9999.0,-9999.0,-9999.0,-9999.0,-9999.0,-9999.0,-9999.0,-9999.0,-9999.0,-9999.0,-9999.0
P25_AV0_4_interaction,active_and_state_lat_and_long_zero_last_source_row_continuous_segment,P25,AV0,4,off_ramp,P25_AV0_4,P25_AV0.1.asc,HV4,60,driver_number,19279,1,321316.67,321316.6673,4.0,4.0,26.989209,97.161152,169.0,71.656165,-7461.616683,-0.427216,-1.294703,0.0,26.978365,0.14248,0.0,7461.993393,32.804244,0.062815,1.0,0.0,0.0,0.0,7505.643521,28.887651,1021.0,3.0,0.0,232.0,0.906387,37.256447,134.12321,37.255361,-0.284496,-1.4e-05,0.186096,0.976656,-0.000264,-0.075203,0.368,0.0,0.0,1.0,0.0,0.0,-9999.0,-9999.0,-9999.0,-9999.0,-9999.0,-9999.0,-9999.0,-9999.0,-9999.0,-9999.0,-9999.0,-9999.0,-9999.0,-9999.0
P25_AV0_4_interaction,active_and_state_lat_and_long_zero_last_source_row_continuous_segment,P25,AV0,4,off_ramp,P25_AV0_4,P25_AV0.1.asc,HV4,60,driver_number,19280,1,321333.33,321333.3343,4.0,4.0,26.981978,97.135119,169.0,72.106198,-7462.065499,-0.426993,-1.267622,0.0,26.971147,0.140685,0.0,7462.441983,32.834581,0.062087,1.0,0.0,0.0,0.0,7506.261862,28.944197,1021.0,3.0,0.0,232.0,0.928887,37.259425,134.133931,37.258355,-0.282473,-1.9e-05,0.186093,0.96421,-0.000236,-0.072691,0.368,0.0,0.0,1.0,0.0,0.0,-9999.0,-9999.0,-9999.0,-9999.0,-9999.0,-9999.0,-9999.0,-9999.0,-9999.0,-9999.0,-9999.0,-9999.0,-9999.0,-9999.0
P25_AV0_4_interaction,active_and_state_lat_and_long_zero_last_source_row_continuous_segment,P25,AV0,4,off_ramp,P25_AV0_4,P25_AV0.1.asc,HV4,60,driver_number,19281,1,321350.0,321350.0006,4.0,4.0,26.974755,97.109117,169.0,72.556089,-7462.514218,-0.426798,-1.240015,0.0,26.963936,0.138608,0.0,7462.890475,32.864562,0.061384,1.0,0.0,0.0,0.0,7506.880229,29.001018,1021.0,3.0,0.0,232.0,0.95166,37.262454,134.144834,37.261393,-0.281173,-5e-06,0.186716,0.889083,0.000661,-0.072691,0.368,0.0,0.0,1.0,0.0,0.0,-9999.0,-9999.0,-9999.0,-9999.0,-9999.0,-9999.0,-9999.0,-9999.0,-9999.0,-9999.0,-9999.0,-9999.0,-9999.0,-9999.0
P25_AV0_4_interaction,active_and_state_lat_and_long_zero_last_source_row_continuous_segment,P25,AV0,4,off_ramp,P25_AV0_4,P25_AV0.1.asc,HV4,60,driver_number,19282,1,321366.67,321366.6674,4.0,4.0,26.96754,97.083146,169.0,73.005833,-7462.962838,-0.426619,-1.21434,0.0,26.956734,0.136345,0.0,7463.338871,32.894193,0.060705,1.0,0.0,0.0,0.0,7507.498621,29.058104,1021.0,3.0,0.0,232.0,0.974697,37.265452,134.155627,37.264404,-0.279502,1.8e-05,0.186488,0.868749,0.001843,-0.066254,0.368,0.0,0.0,1.0,0.0,0.0,-9999.0,-9999.0,-9999.0,-9999.0,-9999.0,-9999.0,-9999.0,-9999.0,-9999.0,-9999.0,-9999.0,-9999.0,-9999.0,-9999.0
P25_AV0_4_interaction,active_and_state_lat_and_long_zero_last_source_row_continuous_segment,P25,AV0,4,off_ramp,P25_AV0_4,P25_AV0.1.asc,HV4,60,driver_number,19283,1,321383.33,321383.3344,4.0,4.0,26.960334,97.057203,151.0,0.02544,-7463.41136,-0.426443,-1.183188,0.0,26.949539,0.133838,0.0,7463.787168,32.923482,0.060051,1.0,0.0,0.0,0.0,7508.11704,29.115447,1021.0,3.0,0.0,232.0,0.997989,37.268452,134.166426,37.26742,-0.277267,5.5e-05,0.186408,0.861855,0.002356,-0.066254,0.368,0.0,0.0,1.0,0.0,0.0,-9999.0,-9999.0,-9999.0,-9999.0,-9999.0,-9999.0,-9999.0,-9999.0,-9999.0,-9999.0,-9999.0,-9999.0,-9999.0,-9999.0
P25_AV0_4_interaction,active_and_state_lat_and_long_zero_last_source_row_continuous_segment,P25,AV0,4,off_ramp,P25_AV0_4,P25_AV0.1.asc,HV4,60,driver_number,19284,1,321400.0,321400.0002,4.0,4.0,26.953136,97.031288,151.0,0.474669,-7463.859782,-0.42628,-1.154594,0.0,26.942352,0.131201,0.0,7464.235367,32.952436,0.05942,1.0,0.0,0.0,0.0,7508.735485,29.173045,1021.0,3.0,0.0,232.0,1.021533,37.271454,134.177236,37.270443,-0.274586,9.5e-05,0.186454,0.841467,0.002406,-0.061073,0.368,0.0,0.0,1.0,0.0,0.0,-9999.0,-9999.0,-9999.0,-9999.0,-9999.0,-9999.0,-9999.0,-9999.0,-9999.0,-9999.0,-9999.0,-9999.0,-9999.0,-9999.0
P25_AV0_4_interaction,active_and_state_lat_and_long_zero_last_source_row_continuous_segment,P25,AV0,4,off_ramp,P25_AV0_4,P25_AV0.1.asc,HV4,60,driver_number,19285,1,321416.67,321416.6673,4.0,4.0,26.945944,97.0054,151.0,0.923782,-7464.308105,-0.426137,-1.130222,0.0,26.935172,0.128437,0.0,7464.683467,32.981064,0.058812,1.0,0.0,0.0,0.0,7509.353957,29.230891,1021.0,3.0,0.0,232.0,1.045324,37.274271,134.187376,37.273279,-0.271964,0.000141,0.169842,0.757034,0.002909,-0.055735,0.368,0.0,0.0,1.0,0.0,0.0,-9999.0,-9999.0,-9999.0,-9999.0,-9999.0,-9999.0,-9999.0,-9999.0,-9999.0,-9999.0,-9999.0,-9999.0,-9999.0,-9999.0
P25_AV0_4_interaction,active_and_state_lat_and_long_zero_last_source_row_continuous_segment,P25,AV0,4,off_ramp,P25_AV0_4,P25_AV0.1.asc,HV4,60,driver_number,19286,1,321433.33,321433.3342,4.0,4.0,26.938761,96.979539,151.0,1.372778,-7464.756327,-0.425986,-1.100271,0.0,26.927998,0.125522,0.0,7465.131467,33.009373,0.058226,1.0,0.0,0.0,0.0,7509.972455,29.288968,1021.0,3.0,0.0,232.0,1.069345,37.277168,134.197804,37.276189,-0.270071,0.000189,0.182486,0.738004,0.00314,-0.050397,0.368,0.0,0.0,1.0,0.0,0.0,-9999.0,-9999.0,-9999.0,-9999.0,-9999.0,-9999.0,-9999.0,-9999.0,-9999.0,-9999.0,-9999.0,-9999.0,-9999.0,-9999.0
P25_AV0_4_interaction,active_and_state_lat_and_long_zero_last_source_row_continuous_segment,P25,AV0,4,off_ramp,P25_AV0_4,P25_AV0.1.asc,HV4,60,driver_number,19287,1,321450.0,321450.0008,4.0,4.0,26.931584,96.953703,151.0,1.821656,-7465.204447,-0.425837,-1.069212,0.0,26.920832,0.122517,0.0,7465.579366,33.037371,0.057662,1.0,0.0,0.0,0.0,7510.590982,29.347261,1021.0,3.0,0.0,232.0,1.093579,37.280153,134.208551,37.279188,-0.268215,0.000243,0.185214,0.722867,0.003161,-0.046315,0.368,0.0,0.0,1.0,0.0,0.0,-9999.0,-9999.0,-9999.0,-9999.0,-9999.0,-9999.0,-9999.0,-9999.0,-9999.0,-9999.0,-9999.0,-9999.0,-9999.0,-9999.0
P25_AV0_4_interaction,active_and_state_lat_and_long_zero_last_source_row_continuous_segment,P25,AV0,4,off_ramp,P25_AV0_4,P25_AV0.1.asc,HV4,60,driver_number,19288,1,321466.67,321466.6675,4.0,4.0,26.924414,96.927891,151.0,2.270417,-7465.652466,-0.425689,-1.038324,0.0,26.913672,0.11947,0.0,7466.027165,33.065066,0.057118,1.0,0.0,0.0,0.0,7511.209538,29.405764,1021.0,3.0,0.0,232.0,1.118021,37.283166,134.219398,37.282214,-0.26645,0.00029,0.186147,0.693109,0.002562,-0.035953,0.368,0.0,0.0,1.0,0.0,0.0,-9999.0,-9999.0,-9999.0,-9999.0,-9999.0,-9999.0,-9999.0,-9999.0,-9999.0,-9999.0,-9999.0,-9999.0,-9999.0,-9999.0
P25_AV0_4_interaction,active_and_state_lat_and_long_zero_last_source_row_continuous_segment,P25,AV0,4,off_ramp,P25_AV0_4,P25_AV0.1.asc,HV4,60,driver_number,19289,1,321483.33,321483.3342,4.0,4.0,26.917251,96.902103,151.0,2.719061,-7466.100383,-0.42552,-1.001924,0.0,26.906518,0.11642,0.0,7466.474862,33.092467,0.056594,1.0,0.0,0.0,0.0,7511.828125,29.464471,1021.0,3.0,0.0,232.0,1.142665,37.28619,134.230283,37.285251,-0.264621,0.000325,0.186425,0.67514,0.001727,-0.030772,0.368,0.0,0.0,1.0,0.0,0.0,-9999.0,-9999.0,-9999.0,-9999.0,-9999.0,-9999.0,-9999.0,-9999.0,-9999.0,-9999.0,-9999.0,-9999.0,-9999.0,-9999.0
P25_AV0_4_interaction,active_and_state_lat_and_long_zero_last_source_row_continuous_segment,P25,AV0,4,off_ramp,P25_AV0_4,P25_AV0.1.asc,HV4,60,driver_number,19290,1,321500.0,321500.0016,4.0,4.0,26.910094,96.876338,151.0,3.167587,-7466.548196,-0.425338,-0.962685,0.0,26.899371,0.113406,0.0,7466.922456,33.119584,0.056091,1.0,0.0,0.0,0.0,7512.446743,29.523378,1021.0,3.0,0.0,232.0,1.167508,37.289219,134.241188,37.288294,-0.262664,0.000345,0.186523,0.657127,0.000889,-0.025748,0.368,0.0,0.0,1.0,0.0,0.0,-9999.0,-9999.0,-9999.0,-9999.0,-9999.0,-9999.0,-9999.0,-9999.0,-9999.0,-9999.0,-9999.0,-9999.0,-9999.0,-9999.0
P25_AV0_4_interaction,active_and_state_lat_and_long_zero_last_source_row_continuous_segment,P25,AV0,4,off_ramp,P25_AV0_4,P25_AV0.1.asc,HV4,60,driver_number,19291,1,321516.67,321516.6674,4.0,4.0,26.902944,96.850597,151.0,3.615995,-7466.995907,-0.425154,-0.926151,0.0,26.89223,0.110491,0.0,7467.369948,33.146425,0.055607,1.0,0.0,0.0,0.0,7513.065394,29.58248,1021.0,3.0,0.0,232.0,1.192543,37.292252,134.252106,37.291342,-0.260521,0.000352,0.186551,0.640793,0.00016,-0.021666,0.368,0.0,0.0,1.0,0.0,0.0,-9999.0,-9999.0,-9999.0,-9999.0,-9999.0,-9999.0,-9999.0,-9999.0,-9999.0,-9999.0,-9999.0,-9999.0,-9999.0,-9999.0
P25_AV0_4_interaction,active_and_state_lat_and_long_zero_last_source_row_continuous_segment,P25,AV0,4,off_ramp,P25_AV0_4,P25_AV0.1.asc,HV4,60,driver_number,19292,1,321533.33,321533.3343,4.0,4.0,26.8958,96.824879,151.0,4.064285,-7467.443513,-0.424951,-0.882768,0.0,26.885097,0.107634,0.0,7467.817335,33.173002,0.055145,1.0,0.0,0.0,0.0,7513.684077,29.641774,1021.0,3.0,0.0,232.0,1.217768,37.295287,134.263032,37.294394,-0.258091,0.000349,0.186503,0.633194,-0.000418,-0.021666,0.368,0.0,0.0,1.0,0.0,0.0,-9999.0,-9999.0,-9999.0,-9999.0,-9999.0,-9999.0,-9999.0,-9999.0,-9999.0,-9999.0,-9999.0,-9999.0,-9999.0,-9999.0
P25_AV0_4_interaction,active_and_state_lat_and_long_zero_last_source_row_continuous_segment,P25,AV0,4,off_ramp,P25_AV0_4,P25_AV0.1.asc,HV4,60,driver_number,19293,1,321550.0,321550.0008,4.0,4.0,26.888663,96.799186,151.0,4.512457,-7467.891014,-0.424737,-0.839373,0.0,26.87797,0.104939,0.0,7468.264619,33.199327,0.054705,1.0,0.0,0.0,0.0,7514.302793,29.701256,1021.0,3.0,0.0,232.0,1.243179,37.298325,134.273969,37.297449,-0.25552,0.000338,0.18656,0.602705,-0.000826,-0.011932,0.368,0.0,0.0,1.0,0.0,0.0,-9999.0,-9999.0,-9999.0,-9999.0,-9999.0,-9999.0,-9999.0,-9999.0,-9999.0,-9999.0,-9999.0,-9999.0,-9999.0,-9999.0
P25_AV0_4_interaction,active_and_state_lat_and_long_zero_last_source_row_continuous_segment,P25,AV0,4,off_ramp,P25_AV0_4,P25_AV0.1.asc,HV4,60,driver_number,19294,1,321566.67,321566.6673,4.0,4.0,26.881532,96.773516,151.0,4.960512,-7468.338411,-0.424508,-0.791169,0.0,26.87085,0.102389,0.0,7468.711798,33.225411,0.054288,1.0,0.0,0.0,0.0,7514.921542,29.760919,1021.0,3.0,0.0,232.0,1.26877,37.301366,134.284918,37.30051,-0.252698,0.000321,0.186539,0.584661,-0.001108,-0.00785,0.368,0.0,0.0,1.0,0.0,0.0,-9999.0,-9999.0,-9999.0,-9999.0,-9999.0,-9999.0,-9999.0,-9999.0,-9999.0,-9999.0,-9999.0,-9999.0,-9999.0,-9999.0
P25_AV0_4_interaction,active_and_state_lat_and_long_zero_last_source_row_continuous_segment,P25,AV0,4,off_ramp,P25_AV0_4,P25_AV0.1.asc,HV4,60,driver_number,19295,1,321583.33,321583.3342,4.0,4.0,26.874409,96.747872,151.0,5.408448,-7468.785701,-0.424283,-0.737316,0.0,26.863738,0.099896,0.0,7469.15887,33.25127,0.053897,1.0,0.0,0.0,0.0,7515.540325,29.820761,1021.0,3.0,0.0,232.0,1.294536,37.304409,134.295873,37.303574,-0.249584,0.0003,0.186397,0.56447,-0.001282,-0.00314,0.368,0.0,0.0,0.0,0.0,0.0,-9999.0,-9999.0,-9999.0,-9999.0,-9999.0,-9999.0,-9999.0,-9999.0,-9999.0,-9999.0,-9999.0,-9999.0,-9999.0,-9999.0
P25_AV0_4_interaction,active_and_state_lat_and_long_zero_last_source_row_continuous_segment,P25,AV0,4,off_ramp,P25_AV0_4,P25_AV0.1.asc,HV4,60,driver_number,19296,1,321600.0,321600.0002,4.0,4.0,26.867293,96.722255,151.0,5.856266,-7469.232884,-0.42408,-0.693672,0.0,26.856632,0.097515,0.0,7469.605836,33.276916,0.053535,1.0,0.0,0.0,0.0,7516.159142,29.880774,1021.0,3.0,0.0,232.0,1.320472,37.307452,134.306828,37.30664,-0.246174,0.000278,0.186217,0.54388,-0.001387,0.001413,0.368,0.0,0.0,0.0,0.0,0.0,-9999.0,-9999.0,-9999.0,-9999.0,-9999.0,-9999.0,-9999.0,-9999.0,-9999.0,-9999.0,-9999.0,-9999.0,-9999.0,-9999.0
P25_AV0_4_interaction,active_and_state_lat_and_long_zero_last_source_row_continuous_segment,P25,AV0,4,off_ramp,P25_AV0_4,P25_AV0.1.asc,HV4,60,driver_number,19297,1,321616.67,321616.6668,4.0,4.0,26.860184,96.696663,151.0,6.303966,-7469.67996,-0.423886,-0.640485,0.0,26.849534,0.095084,0.0,7470.052695,33.302365,0.053204,1.0,0.0,0.0,0.0,7516.777993,29.940955,1021.0,3.0,0.0,232.0,1.346573,37.310496,134.317785,37.309708,-0.242447,0.000254,0.186086,0.523568,-0.001445,0.005495,0.368,0.0,0.0,0.0,0.0,0.0,-9999.0,-9999.0,-9999.0,-9999.0,-9999.0,-9999.0,-9999.0,-9999.0,-9999.0,-9999.0,-9999.0,-9999.0,-9999.0,-9999.0
P25_AV0_4_interaction,active_and_state_lat_and_long_zero_last_source_row_continuous_segment,P25,AV0,4,off_ramp,P25_AV0_4,P25_AV0.1.asc,HV4,60,driver_number,19298,1,321633.33,321633.3342,4.0,4.0,26.853082,96.671097,151.0,6.751548,-7470.126927,-0.423719,-0.588394,0.0,26.842443,0.092576,0.0,7470.499445,33.327629,0.052906,1.0,0.0,0.0,0.0,7517.39688,30.001297,1021.0,3.0,0.0,232.0,1.372834,37.31354,134.328746,37.312779,-0.238331,0.000229,0.185966,0.511685,-0.001475,0.005495,0.368,0.0,0.0,0.0,0.0,0.0,-9999.0,-9999.0,-9999.0,-9999.0,-9999.0,-9999.0,-9999.0,-9999.0,-9999.0,-9999.0,-9999.0,-9999.0,-9999.0,-9999.0
P25_AV0_4_interaction,active_and_state_lat_and_long_zero_last_source_row_continuous_segment,P25,AV0,4,off_ramp,P25_AV0_4,P25_AV0.1.asc,HV4,60,driver_number,19299,1,321650.0,321650.0011,4.0,4.0,26.845988,96.645556,151.0,7.199011,-7470.573786,-0.423571,-0.541171,0.0,26.835358,0.090025,0.0,7470.946087,33.352725,0.052643,1.0,0.0,0.0,0.0,7518.015802,30.061796,1021.0,3.0,0.0,232.0,1.399249,37.316587,134.339714,37.315854,-0.233955,0.000205,0.185917,0.480312,-0.001473,0.013659,0.368,0.0,0.0,0.0,0.0,0.0,-9999.0,-9999.0,-9999.0,-9999.0,-9999.0,-9999.0,-9999.0,-9999.0,-9999.0,-9999.0,-9999.0,-9999.0,-9999.0,-9999.0
P25_AV0_4_interaction,active_and_state_lat_and_long_zero_last_source_row_continuous_segment,P25,AV0,4,off_ramp,P25_AV0_4,P25_AV0.1.asc,HV4,60,driver_number,19300,1,321666.67,321666.6677,4.0,4.0,26.8389,96.620039,151.0,7.646357,-7471.020535,-0.423448,-0.491478,0.0,26.82828,0.087299,0.0,7471.392619,33.377666,0.052417,1.0,0.0,0.0,0.0,7518.634761,30.122446,1021.0,3.0,0.0,232.0,1.425813,37.319636,134.35069,37.318932,-0.229248,0.00018,0.185842,0.459671,-0.001466,0.016799,0.3685,0.0,0.0,0.0,0.0,0.0,-9999.0,-9999.0,-9999.0,-9999.0,-9999.0,-9999.0,-9999.0,-9999.0,-9999.0,-9999.0,-9999.0,-9999.0,-9999.0,-9999.0
P25_AV0_4_interaction,active_and_state_lat_and_long_zero_last_source_row_continuous_segment,P25,AV0,4,off_ramp,P25_AV0_4,P25_AV0.1.asc,HV4,60,driver_number,19301,1,321683.33,321683.3336,4.0,4.0,26.831818,96.594546,151.0,8.093585,-7471.467174,-0.423345,-0.441095,0.0,26.821207,0.084398,0.0,7471.83904,33.402466,0.052229,1.0,0.0,0.0,0.0,7519.253756,30.18324,1021.0,3.0,0.0,232.0,1.452519,37.322687,134.361673,37.322014,-0.224143,0.000156,0.18575,0.445296,-0.001453,0.016799,0.3685,0.0,0.0,0.0,0.0,0.0,-9999.0,-9999.0,-9999.0,-9999.0,-9999.0,-9999.0,-9999.0,-9999.0,-9999.0,-9999.0,-9999.0,-9999.0,-9999.0,-9999.0
P25_AV0_4_interaction,active_and_state_lat_and_long_zero_last_source_row_continuous_segment,P25,AV0,4,off_ramp,P25_AV0_4,P25_AV0.1.asc,HV4,60,driver_number,19302,1,321700.0,321700.001,4.0,4.0,26.824743,96.569073,151.0,8.540694,-7471.913702,-0.423268,-0.391112,0.0,26.81414,0.081198,0.0,7472.28535,33.427141,0.052082,1.0,0.0,0.0,0.0,7519.872789,30.244173,1021.0,3.0,0.0,232.0,1.479361,37.32574,134.372662,37.325098,-0.218757,0.000132,0.18568,0.416404,-0.001427,0.022765,0.368,0.0,0.0,0.0,0.0,0.0,-9999.0,-9999.0,-9999.0,-9999.0,-9999.0,-9999.0,-9999.0,-9999.0,-9999.0,-9999.0,-9999.0,-9999.0,-9999.0,-9999.0
P25_AV0_4_interaction,active_and_state_lat_and_long_zero_last_source_row_continuous_segment,P25,AV0,4,off_ramp,P25_AV0_4,P25_AV0.1.asc,HV4,60,driver_number,19303,1,321716.67,321716.6676,4.0,4.0,26.817673,96.543622,151.0,8.987686,-7472.360118,-0.423212,-0.3356,0.0,26.807077,0.077732,0.0,7472.731548,33.451704,0.051976,1.0,0.0,0.0,0.0,7520.49186,30.305239,1021.0,3.0,0.0,232.0,1.506334,37.328794,134.383658,37.328186,-0.213016,0.000108,0.185586,0.400414,-0.001402,0.022765,0.368,0.0,0.0,0.0,0.0,0.0,-9999.0,-9999.0,-9999.0,-9999.0,-9999.0,-9999.0,-9999.0,-9999.0,-9999.0,-9999.0,-9999.0,-9999.0,-9999.0,-9999.0
P25_AV0_4_interaction,active_and_state_lat_and_long_zero_last_source_row_continuous_segment,P25,AV0,4,off_ramp,P25_AV0_4,P25_AV0.1.asc,HV4,60,driver_number,19304,1,321733.33,321733.3339,4.0,4.0,26.810608,96.518188,151.0,9.43456,-7472.806421,-0.423168,-0.285393,0.0,26.800019,0.074069,0.0,7473.177634,33.476169,0.05191,1.0,0.0,0.0,0.0,7521.110969,30.366431,1021.0,3.0,0.0,232.0,1.533431,37.33185,134.39466,37.331276,-0.206979,8.5e-05,0.185499,0.377492,-0.001365,0.025434,0.368,0.0,0.0,0.0,0.0,0.0,-9999.0,-9999.0,-9999.0,-9999.0,-9999.0,-9999.0,-9999.0,-9999.0,-9999.0,-9999.0,-9999.0,-9999.0,-9999.0,-9999.0
P25_AV0_4_interaction,active_and_state_lat_and_long_zero_last_source_row_continuous_segment,P25,AV0,4,off_ramp,P25_AV0_4,P25_AV0.1.asc,HV4,60,driver_number,19305,1,321750.0,321750.0001,4.0,4.0,26.803547,96.492771,151.0,9.881316,-7473.252612,-0.423131,-0.242404,0.0,26.792964,0.070154,0.0,7473.623606,33.500549,0.051885,1.0,0.0,0.0,0.0,7521.730118,30.427744,1021.0,3.0,0.0,232.0,1.560647,37.334908,134.405668,37.334368,-0.200699,6.3e-05,0.185416,0.352461,-0.001322,0.028731,0.368,0.0,0.0,0.0,0.0,0.0,-9999.0,-9999.0,-9999.0,-9999.0,-9999.0,-9999.0,-9999.0,-9999.0,-9999.0,-9999.0,-9999.0,-9999.0,-9999.0,-9999.0
P25_AV0_4_interaction,active_and_state_lat_and_long_zero_last_source_row_continuous_segment,P25,AV0,4,off_ramp,P25_AV0_4,P25_AV0.1.asc,HV4,60,driver_number,19306,1,321766.67,321766.6672,4.0,4.0,26.796491,96.467368,151.0,10.327954,-7473.698689,-0.423111,-0.194534,0.0,26.785913,0.065902,0.0,7474.069464,33.52486,0.0519,1.0,0.0,0.0,0.0,7522.349307,30.48917,1021.0,3.0,0.0,232.0,1.587973,37.337967,134.416682,37.337462,-0.194173,4.1e-05,0.185325,0.328273,-0.001274,0.0314,0.368,0.0,0.0,0.0,0.0,0.0,-9999.0,-9999.0,-9999.0,-9999.0,-9999.0,-9999.0,-9999.0,-9999.0,-9999.0,-9999.0,-9999.0,-9999.0,-9999.0,-9999.0
P25_AV0_4_interaction,active_and_state_lat_and_long_zero_last_source_row_continuous_segment,P25,AV0,4,off_ramp,P25_AV0_4,P25_AV0.1.asc,HV4,60,driver_number,19307,1,321783.33,321783.3343,4.0,4.0,26.789439,96.441979,151.0,10.774474,-7474.144651,-0.423095,-0.147246,0.0,26.778865,0.061359,0.0,7474.515208,33.549112,0.051956,1.0,0.0,0.0,0.0,7522.968536,30.550703,1021.0,3.0,0.0,232.0,1.615404,37.341029,134.427704,37.340558,-0.187505,2.1e-05,0.185232,0.293089,-0.001222,0.038622,0.368,0.0,0.0,0.0,0.0,0.0,-9999.0,-9999.0,-9999.0,-9999.0,-9999.0,-9999.0,-9999.0,-9999.0,-9999.0,-9999.0,-9999.0,-9999.0,-9999.0,-9999.0
P25_AV0_4_interaction,active_and_state_lat_and_long_zero_last_source_row_continuous_segment,P25,AV0,4,off_ramp,P25_AV0_4,P25_AV0.1.asc,HV4,60,driver_number,19308,1,321800.0,321800.0008,4.0,4.0,26.782389,96.4166,151.0,11.220877,-7474.590499,-0.423073,-0.107111,0.0,26.771819,0.056584,0.0,7474.960836,33.57332,0.052048,1.0,0.0,0.0,0.0,7523.587806,30.612335,1021.0,3.0,0.0,232.0,1.642931,37.344092,134.438731,37.343655,-0.180634,1e-06,0.185127,0.264311,-0.001177,0.042861,0.368,0.0,0.0,0.0,0.0,0.0,-9999.0,-9999.0,-9999.0,-9999.0,-9999.0,-9999.0,-9999.0,-9999.0,-9999.0,-9999.0,-9999.0,-9999.0,-9999.0,-9999.0
P25_AV0_4_interaction,active_and_state_lat_and_long_zero_last_source_row_continuous_segment,P25,AV0,4,off_ramp,P25_AV0_4,P25_AV0.1.asc,HV4,60,driver_number,19309,1,321816.67,321816.6675,4.0,4.0,26.775342,96.391231,151.0,11.667162,-7475.036232,-0.423061,-0.062257,0.0,26.764775,0.051554,0.0,7475.406348,33.597494,0.052177,1.0,0.0,0.0,0.0,7524.207119,30.674059,1021.0,3.0,0.0,232.0,1.670548,37.347156,134.449763,37.346753,-0.173572,-1.9e-05,0.185015,0.234607,-0.00114,0.047257,0.368,0.0,0.0,0.0,0.0,0.0,-9999.0,-9999.0,-9999.0,-9999.0,-9999.0,-9999.0,-9999.0,-9999.0,-9999.0,-9999.0,-9999.0,-9999.0,-9999.0,-9999.0
P25_AV0_4_interaction,active_and_state_lat_and_long_zero_last_source_row_continuous_segment,P25,AV0,4,off_ramp,P25_AV0_4,P25_AV0.1.asc,HV4,60,driver_number,19310,1,321833.33,321833.3341,4.0,4.0,26.768297,96.365868,151.0,12.113329,-7475.481848,-0.423048,-0.017537,0.0,26.757732,0.046352,0.0,7475.851743,33.621646,0.052339,1.0,0.0,0.0,0.0,7524.826475,30.735865,1021.0,3.0,0.0,232.0,1.698245,37.350226,134.460815,37.349856,-0.166327,-3.7e-05,0.185363,0.20366,-0.001112,0.051967,0.368,0.002198,0.0,0.0,0.0,0.0,-9999.0,-9999.0,-9999.0,-9999.0,-9999.0,-9999.0,-9999.0,-9999.0,-9999.0,-9999.0,-9999.0,-9999.0,-9999.0,-9999.0
P25_AV0_4_interaction,active_and_state_lat_and_long_zero_last_source_row_continuous_segment,P25,AV0,4,off_ramp,P25_AV0_4,P25_AV0.1.asc,HV4,60,driver_number,19311,1,321850.0,321850.0007,4.0,4.0,26.761253,96.340511,151.0,12.559379,-7475.927347,-0.423032,0.024946,0.0,26.750689,0.041059,0.0,7476.297022,33.645788,0.052532,1.0,0.0,0.0,0.0,7525.445874,30.797746,1021.0,3.0,0.0,232.0,1.726014,37.35305,134.470981,37.352712,-0.1589,-5.5e-05,0.165267,0.171861,-0.001056,0.056834,0.368,0.0,0.0,0.0,0.0,0.0,-9999.0,-9999.0,-9999.0,-9999.0,-9999.0,-9999.0,-9999.0,-9999.0,-9999.0,-9999.0,-9999.0,-9999.0,-9999.0,-9999.0
P25_AV0_4_interaction,active_and_state_lat_and_long_zero_last_source_row_continuous_segment,P25,AV0,4,off_ramp,P25_AV0_4,P25_AV0.1.asc,HV4,60,driver_number,19312,1,321866.67,321866.6669,4.0,4.0,26.754211,96.315158,151.0,13.005311,-7476.37273,-0.423023,0.069872,0.0,26.743648,0.035714,0.0,7476.742183,33.669931,0.052755,1.0,0.0,0.0,0.0,7526.065314,30.859694,1021.0,3.0,0.0,232.0,1.753847,37.356027,134.481696,37.35572,-0.151283,-7.3e-05,0.18365,0.140562,-0.001054,0.06123,0.368,0.0,0.0,0.0,0.0,0.0,-9999.0,-9999.0,-9999.0,-9999.0,-9999.0,-9999.0,-9999.0,-9999.0,-9999.0,-9999.0,-9999.0,-9999.0,-9999.0,-9999.0
P25_AV0_4_interaction,active_and_state_lat_and_long_zero_last_source_row_continuous_segment,P25,AV0,4,off_ramp,P25_AV0_4,P25_AV0.1.asc,HV4,60,driver_number,19313,1,321883.33,321883.3344,4.0,4.0,26.747168,96.289807,151.0,13.451126,-7476.817995,-0.423007,0.111634,0.0,26.736606,0.03036,0.0,7477.187225,33.694088,0.053004,1.0,0.0,0.0,0.0,7526.684799,30.921699,1021.0,3.0,0.0,232.0,1.781735,37.359088,134.492718,37.358813,-0.143478,-9.1e-05,0.18431,0.106952,-0.001089,0.066411,0.368,0.0,0.0,0.0,0.0,0.0,-9999.0,-9999.0,-9999.0,-9999.0,-9999.0,-9999.0,-9999.0,-9999.0,-9999.0,-9999.0,-9999.0,-9999.0,-9999.0,-9999.0
P25_AV0_4_interaction,active_and_state_lat_and_long_zero_last_source_row_continuous_segment,P25,AV0,4,off_ramp,P25_AV0_4,P25_AV0.1.asc,HV4,60,driver_number,19314,1,321900.01,321900.0077,4.0,4.0,26.740127,96.264456,151.0,13.896823,-7477.263141,-0.422986,0.1504,0.0,26.729563,0.025064,0.0,7477.632148,33.718268,0.053278,1.0,0.0,0.0,0.0,7527.30433,30.983754,1021.0,3.0,0.0,232.0,1.80967,37.362154,134.503756,37.361909,-0.135496,-0.00011,0.184271,0.072444,-0.001094,0.071749,0.368,0.0,0.0,0.0,0.0,0.0,-9999.0,-9999.0,-9999.0,-9999.0,-9999.0,-9999.0,-9999.0,-9999.0,-9999.0,-9999.0,-9999.0,-9999.0,-9999.0,-9999.0
P25_AV0_4_interaction,active_and_state_lat_and_long_zero_last_source_row_continuous_segment,P25,AV0,4,off_ramp,P25_AV0_4,P25_AV0.1.asc,HV4,60,driver_number,19315,1,321916.67,321916.6688,4.0,4.0,26.733084,96.239104,151.0,14.342403,-7477.708169,-0.422965,0.189521,0.0,26.72252,0.019807,0.0,7478.076952,33.742484,0.053575,1.0,0.0,0.0,0.0,7527.923908,31.045848,1021.0,3.0,0.0,149.0,-1.787358,37.365221,134.514796,37.365004,-0.127321,-0.000128,0.184143,0.038858,-0.001068,0.076459,0.368,0.0,0.0,0.0,0.0,0.0,-9999.0,-9999.0,-9999.0,-9999.0,-9999.0,-9999.0,-9999.0,-9999.0,-9999.0,-9999.0,-9999.0,-9999.0,-9999.0,-9999.0
P25_AV0_4_interaction,active_and_state_lat_and_long_zero_last_source_row_continuous_segment,P25,AV0,4,off_ramp,P25_AV0_4,P25_AV0.1.asc,HV4,60,driver_number,19316,1,321933.33,321933.3349,4.0,4.0,26.726042,96.213751,151.0,14.787866,-7478.153078,-0.422953,0.232057,0.0,26.715477,0.014675,0.0,7478.521636,33.766745,0.053892,1.0,0.0,0.0,0.0,7528.543534,31.107973,1021.0,3.0,0.0,149.0,-1.759357,37.368288,134.525835,37.368098,-0.118945,-0.000145,0.183974,0.003633,-0.001023,0.08164,0.368,0.0,0.0,0.0,0.0,0.0,-9999.0,-9999.0,-9999.0,-9999.0,-9999.0,-9999.0,-9999.0,-9999.0,-9999.0,-9999.0,-9999.0,-9999.0,-9999.0,-9999.0
P25_AV0_4_interaction,active_and_state_lat_and_long_zero_last_source_row_continuous_segment,P25,AV0,4,off_ramp,P25_AV0_4,P25_AV0.1.asc,HV4,60,driver_number,19317,1,321950.0,321950.0008,4.0,4.0,26.718999,96.188396,151.0,15.233211,-7478.597867,-0.422942,0.273186,0.0,26.708432,0.009726,0.0,7478.966199,33.791063,0.054228,1.0,0.0,0.0,0.0,7529.163209,31.17012,1021.0,3.0,0.0,149.0,-1.731339,37.371353,134.536871,37.37119,-0.1103,-0.000162,0.183846,-0.020189,-0.000981,0.08164,0.368,0.0,0.0,0.0,0.0,0.0,-9999.0,-9999.0,-9999.0,-9999.0,-9999.0,-9999.0,-9999.0,-9999.0,-9999.0,-9999.0,-9999.0,-9999.0,-9999.0,-9999.0
P25_AV0_4_interaction,active_and_state_lat_and_long_zero_last_source_row_continuous_segment,P25,AV0,4,off_ramp,P25_AV0_4,P25_AV0.1.asc,HV4,60,driver_number,19318,1,321966.67,321966.6674,4.0,4.0,26.711955,96.163037,151.0,15.678438,-7479.042535,-0.422937,0.313484,0.0,26.701386,0.004995,0.0,7479.410641,33.815448,0.054581,1.0,0.0,0.0,0.0,7529.782935,31.232278,1021.0,3.0,0.0,149.0,-1.70331,37.374325,134.547569,37.374187,-0.101522,-0.000177,0.167558,-0.065317,-0.000858,0.090589,0.368,0.0,0.0,0.0,0.0,0.0,-9999.0,-9999.0,-9999.0,-9999.0,-9999.0,-9999.0,-9999.0,-9999.0,-9999.0,-9999.0,-9999.0,-9999.0,-9999.0,-9999.0
P25_AV0_4_interaction,active_and_state_lat_and_long_zero_last_source_row_continuous_segment,P25,AV0,4,off_ramp,P25_AV0_4,P25_AV0.1.asc,HV4,60,driver_number,19319,1,321983.33,321983.3342,4.0,4.0,26.704909,96.137674,151.0,16.123549,-7479.487082,-0.422955,0.35917,0.0,26.694339,0.000506,0.0,7479.85496,33.839912,0.054952,1.0,0.0,0.0,0.0,7530.40271,31.29444,1021.0,3.0,0.0,149.0,-1.675282,37.377303,134.558292,37.377189,-0.092547,-0.000192,0.182413,-0.100746,-0.000853,0.095142,0.368,0.0,0.0,0.0,0.0,0.0,-9999.0,-9999.0,-9999.0,-9999.0,-9999.0,-9999.0,-9999.0,-9999.0,-9999.0,-9999.0,-9999.0,-9999.0,-9999.0,-9999.0
P25_AV0_4_interaction,active_and_state_lat_and_long_zero_last_source_row_continuous_segment,P25,AV0,4,off_ramp,P25_AV0_4,P25_AV0.1.asc,HV4,60,driver_number,19320,1,322000.0,322000.0009,4.0,4.0,26.697863,96.112306,151.0,16.568541,-7479.931508,-0.422974,0.39948,0.0,26.687289,-0.003678,0.0,7480.299157,33.864466,0.055339,1.0,0.0,0.0,0.0,7531.022536,31.356594,1021.0,3.0,0.0,149.0,-1.647264,37.380357,134.569284,37.380264,-0.083308,-0.000206,0.183053,-0.126143,-0.000833,0.095142,0.368,0.0,0.0,0.0,0.0,0.0,-9999.0,-9999.0,-9999.0,-9999.0,-9999.0,-9999.0,-9999.0,-9999.0,-9999.0,-9999.0,-9999.0,-9999.0,-9999.0,-9999.0
P25_AV0_4_interaction,active_and_state_lat_and_long_zero_last_source_row_continuous_segment,P25,AV0,4,off_ramp,P25_AV0_4,P25_AV0.1.asc,HV4,60,driver_number,19321,1,322016.67,322016.6674,4.0,4.0,26.690814,96.086931,151.0,17.013417,-7480.375812,-0.42304,0.450517,0.0,26.680238,-0.007599,0.0,7480.743231,33.889123,0.055744,1.0,0.0,0.0,0.0,7531.642415,31.418731,1021.0,3.0,0.0,149.0,-1.619266,37.383412,134.580283,37.383339,-0.07393,-0.00022,0.182941,-0.170002,-0.000791,0.102835,0.368,0.0,0.0,0.0,0.0,0.0,-9999.0,-9999.0,-9999.0,-9999.0,-9999.0,-9999.0,-9999.0,-9999.0,-9999.0,-9999.0,-9999.0,-9999.0,-9999.0,-9999.0
P25_AV0_4_interaction,active_and_state_lat_and_long_zero_last_source_row_continuous_segment,P25,AV0,4,off_ramp,P25_AV0_4,P25_AV0.1.asc,HV4,60,driver_number,19322,1,322033.35,322033.3461,4.0,4.0,26.683764,96.06155,151.0,17.458174,-7480.819993,-0.423127,0.499995,0.0,26.673184,-0.011199,0.0,7481.187181,33.913895,0.056167,1.0,0.0,0.0,0.0,7532.262347,31.480841,1021.0,3.0,0.0,149.0,-1.591297,37.386465,134.591275,37.38641,-0.064358,-0.000232,0.182781,-0.203652,-0.000737,0.105975,0.368,0.0,0.0,0.0,0.0,0.0,-9999.0,-9999.0,-9999.0,-9999.0,-9999.0,-9999.0,-9999.0,-9999.0,-9999.0,-9999.0,-9999.0,-9999.0,-9999.0,-9999.0
P25_AV0_4_interaction,active_and_state_lat_and_long_zero_last_source_row_continuous_segment,P25,AV0,4,off_ramp,P25_AV0_4,P25_AV0.1.asc,HV4,60,driver_number,19323,1,322050.0,322050.0003,4.0,4.0,26.676711,96.036161,151.0,17.902814,-7481.26405,-0.42324,0.54757,0.0,26.666127,-0.014458,0.0,7481.631006,33.938797,0.056609,1.0,0.0,0.0,0.0,7532.882334,31.542916,1021.0,3.0,0.0,149.0,-1.563367,37.389516,134.602256,37.389476,-0.054589,-0.000244,0.182583,-0.237435,-0.000671,0.108958,0.368,0.0,0.0,0.0,0.0,0.0,-9999.0,-9999.0,-9999.0,-9999.0,-9999.0,-9999.0,-9999.0,-9999.0,-9999.0,-9999.0,-9999.0,-9999.0,-9999.0,-9999.0
P25_AV0_4_interaction,active_and_state_lat_and_long_zero_last_source_row_continuous_segment,P25,AV0,4,off_ramp,P25_AV0_4,P25_AV0.1.asc,HV4,60,driver_number,19324,1,322066.67,322066.6676,4.0,4.0,26.669656,96.010761,151.0,18.347337,-7481.707983,-0.42339,0.597253,0.0,26.659066,-0.017471,0.0,7482.074704,33.963842,0.057073,1.0,0.0,0.0,0.0,7533.502377,31.604943,1021.0,3.0,0.0,149.0,-1.535487,37.392562,134.613225,37.392536,-0.044638,-0.000255,0.182386,-0.269838,-0.000602,0.111156,0.368,0.002198,0.0,0.0,0.0,0.0,-9999.0,-9999.0,-9999.0,-9999.0,-9999.0,-9999.0,-9999.0,-9999.0,-9999.0,-9999.0,-9999.0,-9999.0,-9999.0,-9999.0
P25_AV0_4_interaction,active_and_state_lat_and_long_zero_last_source_row_continuous_segment,P25,AV0,4,off_ramp,P25_AV0_4,P25_AV0.1.asc,HV4,60,driver_number,19325,1,322083.33,322083.3342,4.0,4.0,26.662597,95.985348,151.0,18.791741,-7482.151791,-0.423545,0.644742,0.0,26.652001,-0.020379,0.0,7482.518276,33.989045,0.057562,1.0,0.0,0.0,0.0,7534.122477,31.666915,1021.0,3.0,0.0,149.0,-1.507666,37.395352,134.623267,37.395336,-0.034494,-0.000263,0.161985,-0.297454,-0.000499,0.111156,0.368,0.002198,0.0,0.0,0.0,0.0,-9999.0,-9999.0,-9999.0,-9999.0,-9999.0,-9999.0,-9999.0,-9999.0,-9999.0,-9999.0,-9999.0,-9999.0,-9999.0,-9999.0
P25_AV0_4_interaction,active_and_state_lat_and_long_zero_last_source_row_continuous_segment,P25,AV0,4,off_ramp,P25_AV0_4,P25_AV0.1.asc,HV4,60,driver_number,19326,1,322100.0,322100.0001,4.0,4.0,26.655534,95.959921,151.0,19.236028,-7482.595473,-0.423683,0.683876,0.0,26.644931,-0.023166,0.0,7482.961721,34.014419,0.058076,1.0,0.0,0.0,0.0,7534.74263,31.728822,1021.0,3.0,0.0,149.0,-1.479913,37.398129,134.633264,37.398121,-0.024245,-0.000271,0.176463,-0.331397,-0.000467,0.113668,0.368,0.0,0.0,0.0,0.0,0.0,-9999.0,-9999.0,-9999.0,-9999.0,-9999.0,-9999.0,-9999.0,-9999.0,-9999.0,-9999.0,-9999.0,-9999.0,-9999.0,-9999.0
P25_AV0_4_interaction,active_and_state_lat_and_long_zero_last_source_row_continuous_segment,P25,AV0,4,off_ramp,P25_AV0_4,P25_AV0.1.asc,HV4,60,driver_number,19327,1,322116.67,322116.6676,4.0,4.0,26.648466,95.934479,151.0,19.680197,-7483.039028,-0.423866,0.733341,0.0,26.637857,-0.026003,0.0,7483.405037,34.039977,0.058618,1.0,0.0,0.0,0.0,7535.362837,31.790654,1021.0,3.0,0.0,149.0,-1.452237,37.401137,134.644092,37.401134,-0.013911,-0.000278,0.181155,-0.364349,-0.000408,0.115709,0.368,0.0,0.0,0.0,0.0,0.0,-9999.0,-9999.0,-9999.0,-9999.0,-9999.0,-9999.0,-9999.0,-9999.0,-9999.0,-9999.0,-9999.0,-9999.0,-9999.0,-9999.0
P25_AV0_4_interaction,active_and_state_lat_and_long_zero_last_source_row_continuous_segment,P25,AV0,4,off_ramp,P25_AV0_4,P25_AV0.1.asc,HV4,60,driver_number,19328,1,322133.33,322133.3342,4.0,4.0,26.641395,95.909021,151.0,20.124247,-7483.482456,-0.424028,0.775381,0.0,26.630778,-0.028817,0.0,7483.848223,34.065731,0.059189,1.0,0.0,0.0,0.0,7535.983103,31.852402,1021.0,3.0,0.0,149.0,-1.424649,37.404161,134.654981,37.404161,-0.003494,-0.000285,0.181485,-0.393015,-0.000376,0.115866,0.36675,0.0,0.0,0.0,0.0,0.0,-9999.0,-9999.0,-9999.0,-9999.0,-9999.0,-9999.0,-9999.0,-9999.0,-9999.0,-9999.0,-9999.0,-9999.0,-9999.0,-9999.0
P25_AV0_4_interaction,active_and_state_lat_and_long_zero_last_source_row_continuous_segment,P25,AV0,4,off_ramp,P25_AV0_4,P25_AV0.1.asc,HV4,60,driver_number,19329,1,322150.0,322150.0007,4.0,4.0,26.634318,95.883546,151.0,20.568179,-7483.925755,-0.424198,0.817861,0.0,26.623694,-0.031679,0.0,7484.291279,34.091693,0.05979,1.0,0.0,0.0,0.0,7536.603429,31.914057,1021.0,3.0,0.0,149.0,-1.397156,37.407186,134.665869,37.407185,0.006967,-0.00029,0.181463,-0.42138,-0.00029,0.115866,0.362,0.0,0.0,0.0,0.0,0.0,-9999.0,-9999.0,-9999.0,-9999.0,-9999.0,-9999.0,-9999.0,-9999.0,-9999.0,-9999.0,-9999.0,-9999.0,-9999.0,-9999.0
P25_AV0_4_interaction,active_and_state_lat_and_long_zero_last_source_row_continuous_segment,P25,AV0,4,off_ramp,P25_AV0_4,P25_AV0.1.asc,HV4,60,driver_number,19330,1,322166.67,322166.667,4.0,4.0,26.627237,95.858053,151.0,21.011992,-7484.368924,-0.424361,0.859746,0.0,26.616604,-0.034665,0.0,7484.734204,34.117877,0.060422,1.0,0.0,0.0,0.0,7537.223816,31.975611,1021.0,3.0,0.0,149.0,-1.369768,37.410207,134.676743,37.410202,0.017416,-0.000294,0.181343,-0.449689,-0.000175,0.115866,0.362,0.0,0.0,0.0,0.0,0.0,-9999.0,-9999.0,-9999.0,-9999.0,-9999.0,-9999.0,-9999.0,-9999.0,-9999.0,-9999.0,-9999.0,-9999.0,-9999.0,-9999.0
P25_AV0_4_interaction,active_and_state_lat_and_long_zero_last_source_row_continuous_segment,P25,AV0,4,off_ramp,P25_AV0_4,P25_AV0.1.asc,HV4,60,driver_number,19331,1,322183.33,322183.3342,4.0,4.0,26.62015,95.83254,151.0,21.455687,-7484.811964,-0.424526,0.904141,0.0,26.609509,-0.037825,0.0,7485.176997,34.144295,0.061086,1.0,0.0,0.0,0.0,7537.844264,32.037054,1021.0,3.0,0.0,149.0,-1.342494,37.413223,134.687601,37.413212,0.0278,-0.000296,0.181194,-0.477803,-5.3e-05,0.115866,0.3565,0.0,0.0,0.0,0.0,0.0,-9999.0,-9999.0,-9999.0,-9999.0,-9999.0,-9999.0,-9999.0,-9999.0,-9999.0,-9999.0,-9999.0,-9999.0,-9999.0,-9999.0
P25_AV0_4_interaction,active_and_state_lat_and_long_zero_last_source_row_continuous_segment,P25,AV0,4,off_ramp,P25_AV0_4,P25_AV0.1.asc,HV4,60,driver_number,19332,1,322200.0,322200.0002,4.0,4.0,26.613058,95.807008,151.0,21.899262,-7485.254872,-0.424647,0.940989,0.0,26.602409,-0.041108,0.0,7485.619656,34.170956,0.061782,1.0,0.0,0.0,0.0,7538.464774,32.098378,1021.0,3.0,0.0,149.0,-1.315342,37.416234,134.698441,37.416214,0.038069,-0.000295,0.181039,-0.505592,6.4e-05,0.115866,0.3495,0.0,0.0,0.0,0.0,0.0,-9999.0,-9999.0,-9999.0,-9999.0,-9999.0,-9999.0,-9999.0,-9999.0,-9999.0,-9999.0,-9999.0,-9999.0,-9999.0,-9999.0
P25_AV0_4_interaction,active_and_state_lat_and_long_zero_last_source_row_continuous_segment,P25,AV0,4,off_ramp,P25_AV0_4,P25_AV0.1.asc,HV4,60,driver_number,19333,1,322216.67,322216.6674,4.0,4.0,26.60596,95.781455,151.0,22.342718,-7485.697649,-0.42476,0.980723,0.0,26.595303,-0.044633,0.0,7486.062182,34.197874,0.06251,1.0,0.0,0.0,0.0,7539.085348,32.159576,1021.0,3.0,0.0,149.0,-1.28832,37.419239,134.709261,37.419208,0.048177,-0.000293,0.180882,-0.53294,0.000168,0.115866,0.34025,0.0,0.0,0.0,0.0,0.0,-9999.0,-9999.0,-9999.0,-9999.0,-9999.0,-9999.0,-9999.0,-9999.0,-9999.0,-9999.0,-9999.0,-9999.0,-9999.0,-9999.0
P25_AV0_4_interaction,active_and_state_lat_and_long_zero_last_source_row_continuous_segment,P25,AV0,4,off_ramp,P25_AV0_4,P25_AV0.1.asc,HV4,60,driver_number,19334,1,322233.33,322233.3342,4.0,4.0,26.598856,95.755882,151.0,22.786054,-7486.140293,-0.424869,1.020242,0.0,26.588191,-0.048289,0.0,7486.504573,34.225057,0.063268,1.0,0.0,0.0,0.0,7539.705985,32.220638,1021.0,3.0,0.0,149.0,-1.261437,37.422239,134.720062,37.422194,0.058081,-0.000289,0.180729,-0.560477,0.000258,0.11618,0.32975,0.0,0.0,0.0,0.0,0.0,-9999.0,-9999.0,-9999.0,-9999.0,-9999.0,-9999.0,-9999.0,-9999.0,-9999.0,-9999.0,-9999.0,-9999.0,-9999.0,-9999.0
P25_AV0_4_interaction,active_and_state_lat_and_long_zero_last_source_row_continuous_segment,P25,AV0,4,off_ramp,P25_AV0_4,P25_AV0.1.asc,HV4,60,driver_number,19335,1,322250.0,322250.0008,4.0,4.0,26.591747,95.73029,151.0,23.22927,-7486.582803,-0.424928,1.053841,0.0,26.581073,-0.052104,0.0,7486.946828,34.252517,0.064056,1.0,0.0,0.0,0.0,7540.326687,32.281556,1021.0,3.0,0.0,149.0,-1.2347,37.425234,134.730842,37.425173,0.067747,-0.000284,0.180606,-0.586644,0.00033,0.11618,0.32975,0.0,0.0,0.0,0.0,0.0,-9999.0,-9999.0,-9999.0,-9999.0,-9999.0,-9999.0,-9999.0,-9999.0,-9999.0,-9999.0,-9999.0,-9999.0,-9999.0,-9999.0
P25_AV0_4_interaction,active_and_state_lat_and_long_zero_last_source_row_continuous_segment,P25,AV0,4,off_ramp,P25_AV0_4,P25_AV0.1.asc,HV4,60,driver_number,19336,1,322266.67,322266.6669,4.0,4.0,26.584633,95.704677,151.0,23.672366,-7487.025179,-0.424969,1.087175,0.0,26.57395,-0.056087,0.0,7487.388946,34.280263,0.064873,1.0,0.0,0.0,0.0,7540.947454,32.342323,1021.0,3.0,0.0,149.0,-1.208119,37.428223,134.741603,37.428144,0.077152,-0.000278,0.180455,-0.6121,0.000388,0.11618,0.319,0.0,0.0,0.0,0.0,0.0,-9999.0,-9999.0,-9999.0,-9999.0,-9999.0,-9999.0,-9999.0,-9999.0,-9999.0,-9999.0,-9999.0,-9999.0,-9999.0,-9999.0
P25_AV0_4_interaction,active_and_state_lat_and_long_zero_last_source_row_continuous_segment,P25,AV0,4,off_ramp,P25_AV0_4,P25_AV0.1.asc,HV4,60,driver_number,19337,1,322283.33,322283.3342,4.0,4.0,26.577512,95.679044,151.0,24.115341,-7487.46742,-0.42499,1.12121,0.0,26.566822,-0.060239,0.0,7487.830927,34.308304,0.065716,1.0,0.0,0.0,0.0,7541.568286,32.402931,1021.0,3.0,0.0,149.0,-1.181701,37.431206,134.752342,37.431107,0.086269,-0.000271,0.180287,-0.636789,0.000432,0.11618,0.30575,0.0,0.0,0.0,0.0,0.0,-9999.0,-9999.0,-9999.0,-9999.0,-9999.0,-9999.0,-9999.0,-9999.0,-9999.0,-9999.0,-9999.0,-9999.0,-9999.0,-9999.0
P25_AV0_4_interaction,active_and_state_lat_and_long_zero_last_source_row_continuous_segment,P25,AV0,4,off_ramp,P25_AV0_4,P25_AV0.1.asc,HV4,60,driver_number,19338,1,322300.0,322300.0008,4.0,4.0,26.570387,95.653392,151.0,24.558194,-7487.909525,-0.424994,1.153674,0.0,26.559689,-0.064469,0.0,7488.27277,34.336649,0.066584,1.0,0.0,0.0,0.0,7542.189185,32.463371,1021.0,3.0,0.0,149.0,-1.155452,37.434173,134.763021,37.434052,0.095075,-0.000264,0.178956,-0.66065,0.000466,0.11618,0.288,0.0,0.0,0.0,0.0,0.0,-9999.0,-9999.0,-9999.0,-9999.0,-9999.0,-9999.0,-9999.0,-9999.0,-9999.0,-9999.0,-9999.0,-9999.0,-9999.0,-9999.0
P25_AV0_4_interaction,active_and_state_lat_and_long_zero_last_source_row_continuous_segment,P25,AV0,4,off_ramp,P25_AV0_4,P25_AV0.1.asc,HV4,60,driver_number,19339,1,322316.67,322316.6673,4.0,4.0,26.563256,95.627722,151.0,25.000927,-7488.351493,-0.425034,1.19112,0.0,26.55255,-0.068711,0.0,7488.714473,34.365306,0.067475,1.0,0.0,0.0,0.0,7542.81015,32.523638,1021.0,3.0,0.0,149.0,-1.129381,37.437077,134.773476,37.436933,0.103549,-0.000256,0.173665,-0.683631,0.000492,0.11618,0.288,0.0,0.0,0.0,0.0,0.0,-9999.0,-9999.0,-9999.0,-9999.0,-9999.0,-9999.0,-9999.0,-9999.0,-9999.0,-9999.0,-9999.0,-9999.0,-9999.0,-9999.0
P25_AV0_4_interaction,active_and_state_lat_and_long_zero_last_source_row_continuous_segment,P25,AV0,4,off_ramp,P25_AV0_4,P25_AV0.1.asc,HV4,60,driver_number,19340,1,322333.33,322333.3334,4.0,4.0,26.55612,95.602033,151.0,25.443538,-7488.793323,-0.425064,1.226187,0.0,26.545406,-0.07293,0.0,7489.156037,34.394286,0.068387,1.0,0.0,0.0,0.0,7543.431182,32.583724,1021.0,3.0,0.0,149.0,-1.103494,37.439894,134.783617,37.439727,0.111677,-0.000247,0.168552,-0.705687,0.000508,0.11618,0.24275,0.0,0.0,0.0,0.0,0.0,-9999.0,-9999.0,-9999.0,-9999.0,-9999.0,-9999.0,-9999.0,-9999.0,-9999.0,-9999.0,-9999.0,-9999.0,-9999.0,-9999.0
P25_AV0_4_interaction,active_and_state_lat_and_long_zero_last_source_row_continuous_segment,P25,AV0,4,off_ramp,P25_AV0_4,P25_AV0.1.asc,HV4,60,driver_number,19341,1,322350.0,322350.0009,4.0,4.0,26.548979,95.576324,151.0,25.886026,-7489.235015,-0.425116,1.261676,0.0,26.538256,-0.077052,0.0,7489.597459,34.423597,0.069318,1.0,0.0,0.0,0.0,7544.052279,32.643622,1021.0,3.0,0.0,149.0,-1.077798,37.442598,134.793354,37.442408,0.119444,-0.000239,0.162474,-0.726774,0.000507,0.11618,0.24275,0.0,0.0,0.0,0.0,0.0,-9999.0,-9999.0,-9999.0,-9999.0,-9999.0,-9999.0,-9999.0,-9999.0,-9999.0,-9999.0,-9999.0,-9999.0,-9999.0,-9999.0
P25_AV0_4_interaction,active_and_state_lat_and_long_zero_last_source_row_continuous_segment,P25,AV0,4,off_ramp,P25_AV0_4,P25_AV0.1.asc,HV4,60,driver_number,19342,1,322366.67,322366.6675,4.0,4.0,26.541832,95.550596,151.0,26.328392,-7489.676567,-0.425198,1.299531,0.0,26.531101,-0.081073,0.0,7490.03874,34.453249,0.070269,1.0,0.0,0.0,0.0,7544.67344,32.703328,1021.0,3.0,0.0,149.0,-1.052298,37.445228,134.80282,37.44501,0.127585,-0.000216,0.154511,-0.685249,0.001268,0.11618,0.21675,0.0,0.0,0.0,0.0,0.0,-9999.0,-9999.0,-9999.0,-9999.0,-9999.0,-9999.0,-9999.0,-9999.0,-9999.0,-9999.0,-9999.0,-9999.0,-9999.0,-9999.0
P25_AV0_4_interaction,active_and_state_lat_and_long_zero_last_source_row_continuous_segment,P25,AV0,4,off_ramp,P25_AV0_4,P25_AV0.1.asc,HV4,60,driver_number,19343,1,322383.33,322383.3342,4.0,4.0,26.534679,95.524846,151.0,26.770635,-7490.117979,-0.425298,1.336088,0.0,26.523939,-0.084925,0.0,7490.479877,34.483251,0.071237,1.0,0.0,0.0,0.0,7545.294663,32.762841,1021.0,3.0,0.0,149.0,-1.026993,37.447629,134.811464,37.447385,0.135051,-0.000184,0.140886,-0.704372,0.002321,0.11618,0.18675,0.0,0.0,0.0,0.0,0.0,-9999.0,-9999.0,-9999.0,-9999.0,-9999.0,-9999.0,-9999.0,-9999.0,-9999.0,-9999.0,-9999.0,-9999.0,-9999.0,-9999.0
P25_AV0_4_interaction,active_and_state_lat_and_long_zero_last_source_row_continuous_segment,P25,AV0,4,off_ramp,P25_AV0_4,P25_AV0.1.asc,HV4,60,driver_number,19344,1,322400.0,322400.0009,4.0,4.0,26.527521,95.499074,151.0,27.212755,-7490.55925,-0.425511,1.383469,0.0,26.516769,-0.088576,0.0,7490.92087,34.513614,0.072222,1.0,0.0,0.0,0.0,7545.915945,32.82216,1021.0,3.0,0.0,149.0,-1.001886,37.44977,134.81917,37.449501,0.141751,-0.000139,0.124305,-0.721485,0.002893,0.11618,0.18675,0.0,0.0,0.0,0.0,0.0,-9999.0,-9999.0,-9999.0,-9999.0,-9999.0,-9999.0,-9999.0,-9999.0,-9999.0,-9999.0,-9999.0,-9999.0,-9999.0,-9999.0
P25_AV0_4_interaction,active_and_state_lat_and_long_zero_last_source_row_continuous_segment,P25,AV0,4,off_ramp,P25_AV0_4,P25_AV0.1.asc,HV4,60,driver_number,19345,1,322416.67,322416.6667,4.0,4.0,26.520355,95.473278,151.0,27.65475,-7491.000379,-0.425704,1.420987,0.0,26.509592,-0.091956,0.0,7491.361718,34.54435,0.073225,1.0,0.0,0.0,0.0,7546.537283,32.881279,1021.0,3.0,0.0,149.0,-0.976982,37.451683,134.826059,37.451392,0.147711,-8.8e-05,0.112112,-0.73661,0.0031,0.115395,0.12375,0.0,0.0,0.0,0.0,0.0,-9999.0,-9999.0,-9999.0,-9999.0,-9999.0,-9999.0,-9999.0,-9999.0,-9999.0,-9999.0,-9999.0,-9999.0,-9999.0,-9999.0
P25_AV0_4_interaction,active_and_state_lat_and_long_zero_last_source_row_continuous_segment,P25,AV0,4,off_ramp,P25_AV0_4,P25_AV0.1.asc,HV4,60,driver_number,19346,1,322433.33,322433.3341,4.0,4.0,26.513182,95.447454,151.0,28.09662,-7491.441363,-0.426007,1.469595,0.0,26.502406,-0.095171,0.0,7491.802419,34.57547,0.074247,1.0,0.0,0.0,0.0,7547.158672,32.940192,1021.0,3.0,0.0,149.0,-0.952285,37.453339,134.832022,37.453027,0.152965,-3.6e-05,0.094659,-0.749302,0.003052,0.114924,0.088,0.0,0.0,0.0,0.0,0.0,-9999.0,-9999.0,-9999.0,-9999.0,-9999.0,-9999.0,-9999.0,-9999.0,-9999.0,-9999.0,-9999.0,-9999.0,-9999.0,-9999.0
P25_AV0_4_interaction,active_and_state_lat_and_long_zero_last_source_row_continuous_segment,P25,AV0,4,off_ramp,P25_AV0_4,P25_AV0.1.asc,HV4,60,driver_number,19347,1,322450.0,322450.0002,4.0,4.0,26.506,95.421601,151.0,28.538365,-7491.882203,-0.426394,1.520002,0.0,26.49521,-0.098088,0.0,7492.242972,34.606985,0.075289,1.0,0.0,0.0,0.0,7547.780108,32.998897,1021.0,3.0,0.0,149.0,-0.927799,37.454525,134.83629,37.454192,0.157996,2e-05,0.064677,-0.701972,0.003431,0.114139,0.05075,0.0,0.0,0.0,0.0,0.0,-9999.0,-9999.0,-9999.0,-9999.0,-9999.0,-9999.0,-9999.0,-9999.0,-9999.0,-9999.0,-9999.0,-9999.0,-9999.0,-9999.0
P25_AV0_4_interaction,active_and_state_lat_and_long_zero_last_source_row_continuous_segment,P25,AV0,4,off_ramp,P25_AV0_4,P25_AV0.1.asc,HV4,60,driver_number,19348,1,322466.67,322466.6674,4.0,4.0,26.49881,95.395715,151.0,28.979984,-7492.322897,-0.426834,1.570579,0.0,26.488004,-0.100796,0.0,7492.683375,34.638911,0.076353,1.0,0.0,0.0,0.0,7548.401585,33.0574,1021.0,3.0,0.0,149.0,-0.903518,37.455476,134.839715,37.45512,0.163474,7.7e-05,0.053444,-0.712374,0.003715,0.113197,0.0125,0.0,0.0,0.0,0.0,0.0,-9999.0,-9999.0,-9999.0,-9999.0,-9999.0,-9999.0,-9999.0,-9999.0,-9999.0,-9999.0,-9999.0,-9999.0,-9999.0,-9999.0
P25_AV0_4_interaction,active_and_state_lat_and_long_zero_last_source_row_continuous_segment,P25,AV0,4,off_ramp,P25_AV0_4,P25_AV0.1.asc,HV4,60,driver_number,19349,1,322483.34,322483.3361,4.0,4.0,26.491608,95.36979,151.0,29.421477,-7492.763443,-0.427388,1.626052,0.0,26.480784,-0.103265,0.0,7493.123628,34.671259,0.077442,1.0,0.0,0.0,0.0,7549.023096,33.115707,1021.0,3.0,0.0,149.0,-0.879433,37.456169,134.842209,37.455789,0.168844,0.000141,0.035994,-0.723551,0.003777,0.112412,0.0125,0.0,0.0,0.0,0.0,0.0,-9999.0,-9999.0,-9999.0,-9999.0,-9999.0,-9999.0,-9999.0,-9999.0,-9999.0,-9999.0,-9999.0,-9999.0,-9999.0,-9999.0
P25_AV0_4_interaction,active_and_state_lat_and_long_zero_last_source_row_continuous_segment,P25,AV0,4,off_ramp,P25_AV0_4,P25_AV0.1.asc,HV4,60,driver_number,19350,1,322500.0,322500.0008,4.0,4.0,26.484395,95.343823,151.0,29.862841,-7493.203841,-0.427958,1.675463,0.0,26.47355,-0.105545,0.0,7493.563727,34.704047,0.078558,1.0,0.0,0.0,0.0,7549.644637,33.173817,1021.0,3.0,0.0,149.0,-0.855547,37.456277,134.842598,37.455873,0.174082,0.000199,-0.007809,-0.733116,0.00319,0.111156,0.0,0.0,0.0,0.0,0.0,0.0,-9999.0,-9999.0,-9999.0,-9999.0,-9999.0,-9999.0,-9999.0,-9999.0,-9999.0,-9999.0,-9999.0,-9999.0,-9999.0,-9999.0
P25_AV0_4_interaction,active_and_state_lat_and_long_zero_last_source_row_continuous_segment,P25,AV0,4,off_ramp,P25_AV0_4,P25_AV0.1.asc,HV4,60,driver_number,19351,1,322516.67,322516.6676,4.0,4.0,26.477168,95.317806,151.0,30.304077,-7493.644087,-0.428741,1.740099,0.0,26.466299,-0.107676,0.0,7494.003671,34.737289,0.079706,1.0,0.0,0.0,0.0,7550.266198,33.231726,1021.0,3.0,0.0,149.0,-0.831863,37.455802,134.840888,37.455374,0.179169,0.000242,-0.038567,-0.742761,0.002161,0.110214,0.0,0.0,0.0,0.0,0.0,0.0,-9999.0,-9999.0,-9999.0,-9999.0,-9999.0,-9999.0,-9999.0,-9999.0,-9999.0,-9999.0,-9999.0,-9999.0,-9999.0,-9999.0
P25_AV0_4_interaction,active_and_state_lat_and_long_zero_last_source_row_continuous_segment,P25,AV0,4,off_ramp,P25_AV0_4,P25_AV0.1.asc,HV4,60,driver_number,19352,1,322533.33,322533.3342,4.0,4.0,26.469927,95.291736,151.0,30.745183,-7494.08418,-0.429694,1.81352,0.0,26.45903,-0.109695,0.0,7494.443458,34.771003,0.080888,1.0,0.0,0.0,0.0,7550.887772,33.28943,1021.0,3.0,0.0,149.0,-0.808384,37.454712,134.836962,37.454259,0.184068,0.000265,-0.079633,-0.753785,0.000866,0.110214,0.0,0.0,0.0,0.0,0.0,0.0,-9999.0,-9999.0,-9999.0,-9999.0,-9999.0,-9999.0,-9999.0,-9999.0,-9999.0,-9999.0,-9999.0,-9999.0,-9999.0,-9999.0
P25_AV0_4_interaction,active_and_state_lat_and_long_zero_last_source_row_continuous_segment,P25,AV0,4,off_ramp,P25_AV0_4,P25_AV0.1.asc,HV4,60,driver_number,19353,1,322550.0,322550.0011,4.0,4.0,26.462667,95.265602,151.0,31.186158,-7494.524119,-0.430696,1.878479,0.0,26.451738,-0.11154,0.0,7494.883086,34.805208,0.082111,1.0,0.0,0.0,0.0,7551.509347,33.346925,1021.0,3.0,0.0,149.0,-0.785114,37.452902,134.830448,37.452426,0.1888,0.000266,-0.117385,-0.759757,-0.000506,0.108173,0.0,0.0,0.0,0.0,0.0,0.0,-9999.0,-9999.0,-9999.0,-9999.0,-9999.0,-9999.0,-9999.0,-9999.0,-9999.0,-9999.0,-9999.0,-9999.0,-9999.0,-9999.0
P25_AV0_4_interaction,active_and_state_lat_and_long_zero_last_source_row_continuous_segment,P25,AV0,4,off_ramp,P25_AV0_4,P25_AV0.1.asc,HV4,60,driver_number,19354,1,322566.67,322566.6677,4.0,4.0,26.455387,95.239394,151.0,31.627001,-7494.963901,-0.431896,1.953917,0.0,26.444422,-0.113402,0.0,7495.322552,34.839924,0.083379,1.0,0.0,0.0,0.0,7552.130913,33.404208,1021.0,3.0,0.0,149.0,-0.762056,37.450676,134.822434,37.450177,0.193317,0.000244,-0.14187,-0.76948,-0.001832,0.108173,0.0,0.0,0.0,0.0,0.0,0.0,-9999.0,-9999.0,-9999.0,-9999.0,-9999.0,-9999.0,-9999.0,-9999.0,-9999.0,-9999.0,-9999.0,-9999.0,-9999.0,-9999.0
P25_AV0_4_interaction,active_and_state_lat_and_long_zero_last_source_row_continuous_segment,P25,AV0,4,off_ramp,P25_AV0_4,P25_AV0.1.asc,HV4,60,driver_number,19355,1,322583.34,322583.3382,4.0,4.0,26.448084,95.213102,151.0,32.06771,-7495.403524,-0.433183,2.032058,0.0,26.437079,-0.11542,0.0,7495.761854,34.875173,0.084698,1.0,0.0,0.0,0.0,7552.752461,33.461275,1021.0,3.0,0.0,149.0,-0.739212,37.44764,134.811503,37.447118,0.197604,0.000202,-0.202609,-0.778152,-0.00301,0.108016,0.0,0.0,0.0,0.0,0.0,0.0,-9999.0,-9999.0,-9999.0,-9999.0,-9999.0,-9999.0,-9999.0,-9999.0,-9999.0,-9999.0,-9999.0,-9999.0,-9999.0,-9999.0
P25_AV0_4_interaction,active_and_state_lat_and_long_zero_last_source_row_continuous_segment,P25,AV0,4,off_ramp,P25_AV0_4,P25_AV0.1.asc,HV4,60,driver_number,19356,1,322600.0,322600.0012,4.0,4.0,26.440754,95.186715,151.0,32.508284,-7495.842984,-0.434492,2.104241,0.0,26.429706,-0.117565,0.0,7496.200987,34.910974,0.086071,1.0,0.0,0.0,0.0,7553.373978,33.518122,1021.0,3.0,0.0,149.0,-0.716585,37.443576,134.796874,37.443033,0.20167,0.000141,-0.264526,-0.785793,-0.004043,0.107702,0.0,0.0,0.0,0.0,0.0,0.0,-9999.0,-9999.0,-9999.0,-9999.0,-9999.0,-9999.0,-9999.0,-9999.0,-9999.0,-9999.0,-9999.0,-9999.0,-9999.0,-9999.0
P25_AV0_4_interaction,active_and_state_lat_and_long_zero_last_source_row_continuous_segment,P25,AV0,4,off_ramp,P25_AV0_4,P25_AV0.1.asc,HV4,60,driver_number,19357,1,322616.67,322616.6667,4.0,4.0,26.433396,95.160227,151.0,32.948722,-7496.28228,-0.436061,2.194893,0.0,26.422301,-0.120035,0.0,7496.639951,34.947351,0.087505,1.0,0.0,0.0,0.0,7553.99545,33.574746,1021.0,3.0,0.0,149.0,-0.694179,37.438461,134.778458,37.437896,0.205519,6.4e-05,-0.32834,-0.793403,-0.004987,0.107702,0.0,0.0,0.0,0.0,0.0,0.0,-9999.0,-9999.0,-9999.0,-9999.0,-9999.0,-9999.0,-9999.0,-9999.0,-9999.0,-9999.0,-9999.0,-9999.0,-9999.0,-9999.0
P25_AV0_4_interaction,active_and_state_lat_and_long_zero_last_source_row_continuous_segment,P25,AV0,4,off_ramp,P25_AV0_4,P25_AV0.1.asc,HV4,60,driver_number,19358,1,322633.33,322633.3335,4.0,4.0,26.426008,95.133627,151.0,33.38902,-7496.721408,-0.437676,2.279066,0.0,26.414859,-0.122684,0.0,7497.07874,34.984325,0.089002,1.0,0.0,0.0,0.0,7554.616857,33.631143,1021.0,3.0,0.0,149.0,-0.671996,37.432259,134.756134,37.431675,0.209156,-3.1e-05,-0.394153,-0.799956,-0.00624,0.107545,0.0,0.0,0.0,0.0,0.0,0.0,-9999.0,-9999.0,-9999.0,-9999.0,-9999.0,-9999.0,-9999.0,-9999.0,-9999.0,-9999.0,-9999.0,-9999.0,-9999.0,-9999.0
P25_AV0_4_interaction,active_and_state_lat_and_long_zero_last_source_row_continuous_segment,P25,AV0,4,off_ramp,P25_AV0_4,P25_AV0.1.asc,HV4,60,driver_number,19359,1,322650.0,322650.0011,4.0,4.0,26.418584,95.106904,151.0,33.829178,-7497.160365,-0.439592,2.377259,0.0,26.407377,-0.125622,0.0,7497.517352,35.021922,0.090569,1.0,0.0,0.0,0.0,7555.238182,33.687311,1021.0,3.0,0.0,149.0,-0.650038,37.425243,134.730874,37.424639,0.212591,-0.000147,-0.427124,-0.806099,-0.007473,0.107702,0.0,0.0,0.0,0.0,0.0,0.0,-9999.0,-9999.0,-9999.0,-9999.0,-9999.0,-9999.0,-9999.0,-9999.0,-9999.0,-9999.0,-9999.0,-9999.0,-9999.0,-9999.0
P25_AV0_4_interaction,active_and_state_lat_and_long_zero_last_source_row_continuous_segment,P25,AV0,4,off_ramp,P25_AV0_4,P25_AV0.1.asc,HV4,60,driver_number,19360,1,322666.67,322666.6674,4.0,4.0,26.411123,95.080044,151.0,34.269193,-7497.599148,-0.441578,2.471785,0.0,26.399849,-0.128881,0.0,7497.955783,35.06017,0.092211,1.0,0.0,0.0,0.0,7555.859414,33.743245,1021.0,3.0,0.0,149.0,-0.628307,37.417822,134.704159,37.417199,0.215837,-0.000284,-0.449577,-0.811586,-0.008633,0.107702,0.0,0.0,0.0,0.0,0.0,0.0,-9999.0,-9999.0,-9999.0,-9999.0,-9999.0,-9999.0,-9999.0,-9999.0,-9999.0,-9999.0,-9999.0,-9999.0,-9999.0,-9999.0
P25_AV0_4_interaction,active_and_state_lat_and_long_zero_last_source_row_continuous_segment,P25,AV0,4,off_ramp,P25_AV0_4,P25_AV0.1.asc,HV4,60,driver_number,19361,1,322683.33,322683.3338,4.0,4.0,26.403619,95.053028,151.0,34.709063,-7498.037753,-0.443568,2.567613,0.0,26.392274,-0.132749,0.0,7498.394028,35.099096,0.093932,1.0,0.0,0.0,0.0,7556.480543,33.798944,1021.0,3.0,0.0,149.0,-0.606806,37.410125,134.676451,37.409485,0.218904,-0.000434,-0.46066,-0.816542,-0.009112,0.107545,0.0,0.0,0.0,0.0,0.0,0.0,-9999.0,-9999.0,-9999.0,-9999.0,-9999.0,-9999.0,-9999.0,-9999.0,-9999.0,-9999.0,-9999.0,-9999.0,-9999.0,-9999.0
P25_AV0_4_interaction,active_and_state_lat_and_long_zero_last_source_row_continuous_segment,P25,AV0,4,off_ramp,P25_AV0_4,P25_AV0.1.asc,HV4,60,driver_number,19362,1,322700.0,322700.0002,4.0,4.0,26.396067,95.025842,151.0,35.148785,-7498.476175,-0.445296,2.647033,0.0,26.38465,-0.137194,0.0,7498.832084,35.138725,0.095735,1.0,0.0,0.0,0.0,7557.101565,33.854405,1021.0,3.0,0.0,149.0,-0.585536,37.402324,134.648368,37.401667,0.221806,-0.000584,-0.464472,-0.821094,-0.008833,0.107545,0.0,0.0,0.0,0.0,0.0,0.0,-9999.0,-9999.0,-9999.0,-9999.0,-9999.0,-9999.0,-9999.0,-9999.0,-9999.0,-9999.0,-9999.0,-9999.0,-9999.0,-9999.0
P25_AV0_4_interaction,active_and_state_lat_and_long_zero_last_source_row_continuous_segment,P25,AV0,4,off_ramp,P25_AV0_4,P25_AV0.1.asc,HV4,60,driver_number,19363,1,322716.67,322716.6669,4.0,4.0,26.388468,94.998485,151.0,35.588356,-7498.914412,-0.447053,2.738588,0.0,26.376979,-0.142502,0.0,7499.269946,35.179081,0.097622,1.0,0.0,0.0,0.0,7557.722478,33.909629,1021.0,3.0,0.0,149.0,-0.564497,37.394487,134.620154,37.393813,0.224552,-0.000722,-0.465738,-0.825344,-0.007849,0.107702,0.0,0.0,0.0,0.0,0.0,0.0,-9999.0,-9999.0,-9999.0,-9999.0,-9999.0,-9999.0,-9999.0,-9999.0,-9999.0,-9999.0,-9999.0,-9999.0,-9999.0,-9999.0
P25_AV0_4_interaction,active_and_state_lat_and_long_zero_last_source_row_continuous_segment,P25,AV0,4,off_ramp,P25_AV0_4,P25_AV0.1.asc,HV4,60,driver_number,19364,1,322733.33,322733.3346,4.0,4.0,26.38082,94.970953,151.0,36.027773,-7499.352458,-0.448689,2.827421,0.0,26.369258,-0.148499,0.0,7499.70761,35.220188,0.099592,1.0,0.0,0.0,0.0,7558.343281,33.964613,1021.0,3.0,0.0,149.0,-0.543692,37.386637,134.591895,37.385947,0.227151,-0.000839,-0.466132,-0.829362,-0.006357,0.107702,0.0,0.0,0.0,0.0,0.0,0.0,-9999.0,-9999.0,-9999.0,-9999.0,-9999.0,-9999.0,-9999.0,-9999.0,-9999.0,-9999.0,-9999.0,-9999.0,-9999.0,-9999.0
P25_AV0_4_interaction,active_and_state_lat_and_long_zero_last_source_row_continuous_segment,P25,AV0,4,off_ramp,P25_AV0_4,P25_AV0.1.asc,HV4,60,driver_number,19365,1,322750.0,322750.0008,4.0,4.0,26.373124,94.943247,150.0,0.019252,-7499.79031,-0.449923,2.89962,0.0,26.361487,-0.155229,0.0,7500.145071,35.262069,0.101647,1.0,0.0,0.0,0.0,7558.963975,34.019357,1021.0,3.0,0.0,149.0,-0.523121,37.378783,134.563619,37.378078,0.229611,-0.000927,-0.466227,-0.833209,-0.004582,0.107702,0.0,0.0,0.0,0.0,0.0,0.0,-9999.0,-9999.0,-9999.0,-9999.0,-9999.0,-9999.0,-9999.0,-9999.0,-9999.0,-9999.0,-9999.0,-9999.0,-9999.0,-9999.0
P25_AV0_4_interaction,active_and_state_lat_and_long_zero_last_source_row_continuous_segment,P25,AV0,4,off_ramp,P25_AV0_4,P25_AV0.1.asc,HV4,60,driver_number,19366,1,322766.67,322766.6667,4.0,4.0,26.365378,94.915361,170.0,0.462656,-7500.227964,-0.451206,2.985765,0.0,26.353668,-0.16279,0.0,7500.582326,35.304747,0.103782,1.0,0.0,0.0,0.0,7559.584558,34.073859,1021.0,3.0,0.0,149.0,-0.502785,37.370927,134.535337,37.370207,0.231936,-0.000985,-0.466218,-0.83692,-0.002721,0.107702,0.0,0.0,0.0,0.0,0.0,0.0,-9999.0,-9999.0,-9999.0,-9999.0,-9999.0,-9999.0,-9999.0,-9999.0,-9999.0,-9999.0,-9999.0,-9999.0,-9999.0,-9999.0
P25_AV0_4_interaction,active_and_state_lat_and_long_zero_last_source_row_continuous_segment,P25,AV0,4,off_ramp,P25_AV0_4,P25_AV0.1.asc,HV4,60,driver_number,19367,1,322783.33,322783.3335,4.0,4.0,26.357584,94.887302,170.0,0.905025,-7500.665415,-0.452339,3.072002,0.0,26.345803,-0.171058,0.0,7501.01937,35.348243,0.105997,1.0,0.0,0.0,0.0,7560.205031,34.128118,1021.0,3.0,0.0,149.0,-0.482685,37.36307,134.507053,37.362337,0.234133,-0.001012,-0.466171,-0.840514,-0.000932,0.107702,0.0,0.0,0.0,0.0,0.0,0.0,-9999.0,-9999.0,-9999.0,-9999.0,-9999.0,-9999.0,-9999.0,-9999.0,-9999.0,-9999.0,-9999.0,-9999.0,-9999.0,-9999.0
P25_AV0_4_interaction,active_and_state_lat_and_long_zero_last_source_row_continuous_segment,P25,AV0,4,off_ramp,P25_AV0_4,P25_AV0.1.asc,HV4,60,driver_number,19368,1,322800.01,322800.0075,4.0,4.0,26.349741,94.859068,170.0,1.346601,-7501.102659,-0.453239,3.148614,0.0,26.337888,-0.17984,0.0,7501.456199,35.392579,0.108286,1.0,0.0,0.0,0.0,7560.825394,34.182134,1021.0,3.0,0.0,149.0,-0.462822,37.355213,134.478768,37.354467,0.236206,-0.001012,-0.466107,-0.844008,0.000681,0.108173,0.0,0.0,0.0,0.0,0.0,0.0,-9999.0,-9999.0,-9999.0,-9999.0,-9999.0,-9999.0,-9999.0,-9999.0,-9999.0,-9999.0,-9999.0,-9999.0,-9999.0,-9999.0
P25_AV0_4_interaction,active_and_state_lat_and_long_zero_last_source_row_continuous_segment,P25,AV0,4,off_ramp,P25_AV0_4,P25_AV0.1.asc,HV4,60,driver_number,19369,1,322816.67,322816.673,4.0,4.0,26.341851,94.830664,170.0,1.787376,-7501.539691,-0.454091,3.228505,0.0,26.329925,-0.189156,0.0,7501.892808,35.437775,0.110647,1.0,0.0,0.0,0.0,7561.445647,34.235905,1021.0,3.0,0.0,149.0,-0.443198,37.347356,134.450483,37.346597,0.23816,-0.000986,-0.466034,-0.847385,0.002053,0.108487,0.0,0.0,0.0,0.0,0.0,0.0,-9999.0,-9999.0,-9999.0,-9999.0,-9999.0,-9999.0,-9999.0,-9999.0,-9999.0,-9999.0,-9999.0,-9999.0,-9999.0,-9999.0
P25_AV0_4_interaction,active_and_state_lat_and_long_zero_last_source_row_continuous_segment,P25,AV0,4,off_ramp,P25_AV0_4,P25_AV0.1.asc,HV4,60,driver_number,19370,1,322833.34,322833.3382,4.0,4.0,26.333913,94.802086,170.0,2.227351,-7501.976508,-0.454812,3.306473,0.0,26.321916,-0.198897,0.0,7502.329192,35.483853,0.113074,1.0,0.0,0.0,0.0,7562.065789,34.289432,1021.0,3.0,0.0,149.0,-0.423812,37.339499,134.422198,37.338728,0.239976,-0.000941,-0.465988,-0.853208,0.003157,0.109743,0.0,0.0,0.0,0.0,0.0,0.0,-9999.0,-9999.0,-9999.0,-9999.0,-9999.0,-9999.0,-9999.0,-9999.0,-9999.0,-9999.0,-9999.0,-9999.0,-9999.0,-9999.0
P25_AV0_4_interaction,active_and_state_lat_and_long_zero_last_source_row_continuous_segment,P25,AV0,4,off_ramp,P25_AV0_4,P25_AV0.1.asc,HV4,60,driver_number,19371,1,322850.0,322850.0009,4.0,4.0,26.325926,94.773335,170.0,2.666519,-7502.413105,-0.455379,3.37725,0.0,26.31386,-0.209009,0.0,7502.765346,35.530832,0.115564,1.0,0.0,0.0,0.0,7562.685821,34.342712,1021.0,3.0,0.0,149.0,-0.404665,37.331642,134.393911,37.33086,0.241678,-0.00088,-0.465909,-0.856305,0.003964,0.109743,0.0,0.0,0.0,0.0,0.0,0.0,-9999.0,-9999.0,-9999.0,-9999.0,-9999.0,-9999.0,-9999.0,-9999.0,-9999.0,-9999.0,-9999.0,-9999.0,-9999.0,-9999.0
P25_AV0_4_interaction,active_and_state_lat_and_long_zero_last_source_row_continuous_segment,P25,AV0,4,off_ramp,P25_AV0_4,P25_AV0.1.asc,HV4,60,driver_number,19372,1,322866.67,322866.6668,4.0,4.0,26.317893,94.744416,170.0,3.104879,-7502.849477,-0.455892,3.452127,0.0,26.305758,-0.219362,0.0,7503.201267,35.578732,0.118109,1.0,0.0,0.0,0.0,7563.305743,34.395744,1021.0,3.0,0.0,149.0,-0.38576,37.323785,134.365626,37.322992,0.243277,-0.000808,-0.465833,-0.860293,0.004514,0.110214,0.0,0.0,0.0,0.0,0.0,0.0,-9999.0,-9999.0,-9999.0,-9999.0,-9999.0,-9999.0,-9999.0,-9999.0,-9999.0,-9999.0,-9999.0,-9999.0,-9999.0,-9999.0
P25_AV0_4_interaction,active_and_state_lat_and_long_zero_last_source_row_continuous_segment,P25,AV0,4,off_ramp,P25_AV0_4,P25_AV0.1.asc,HV4,60,driver_number,19373,1,322883.33,322883.3341,4.0,4.0,26.309815,94.715334,170.0,3.542429,-7503.28562,-0.456189,3.520096,0.0,26.297613,-0.229827,0.0,7503.636949,35.62757,0.120706,1.0,0.0,0.0,0.0,7563.925555,34.448529,1021.0,3.0,0.0,149.0,-0.367097,37.315928,134.337342,37.315125,0.244779,-0.000729,-0.465754,-0.864163,0.004839,0.110685,0.0,0.0,0.0,0.0,0.0,0.0,-9999.0,-9999.0,-9999.0,-9999.0,-9999.0,-9999.0,-9999.0,-9999.0,-9999.0,-9999.0,-9999.0,-9999.0,-9999.0,-9999.0
P25_AV0_4_interaction,active_and_state_lat_and_long_zero_last_source_row_continuous_segment,P25,AV0,4,off_ramp,P25_AV0_4,P25_AV0.1.asc,HV4,60,driver_number,19374,1,322900.0,322900.0007,4.0,4.0,26.301691,94.686088,170.0,3.979167,-7503.721529,-0.456591,3.59254,0.0,26.289426,-0.240268,0.0,7504.072387,35.677364,0.123347,1.0,0.0,0.0,0.0,7564.545256,34.501064,1021.0,3.0,0.0,149.0,-0.348676,37.308072,134.309059,37.30726,0.246206,-0.000647,-0.465655,-0.866909,0.004992,0.110685,0.0,0.0,0.0,0.0,0.0,0.0,-9999.0,-9999.0,-9999.0,-9999.0,-9999.0,-9999.0,-9999.0,-9999.0,-9999.0,-9999.0,-9999.0,-9999.0,-9999.0,-9999.0
P25_AV0_4_interaction,active_and_state_lat_and_long_zero_last_source_row_continuous_segment,P25,AV0,4,off_ramp,P25_AV0_4,P25_AV0.1.asc,HV4,60,driver_number,19375,1,322916.67,322916.6675,4.0,4.0,26.293525,94.656691,170.0,4.418597,-7504.157199,-0.456994,3.663166,0.0,26.281196,-0.250566,0.0,7504.507577,35.728132,0.12603,1.0,0.0,0.0,0.0,7565.164847,34.553349,1021.0,3.0,0.0,149.0,-0.3305,37.300217,134.28078,37.299395,0.247553,-0.000563,-0.465565,-0.870247,0.005015,0.110999,0.0,0.0,0.0,0.0,0.0,0.0,-9999.0,-9999.0,-9999.0,-9999.0,-9999.0,-9999.0,-9999.0,-9999.0,-9999.0,-9999.0,-9999.0,-9999.0,-9999.0,-9999.0
P25_AV0_4_interaction,active_and_state_lat_and_long_zero_last_source_row_continuous_segment,P25,AV0,4,off_ramp,P25_AV0_4,P25_AV0.1.asc,HV4,60,driver_number,19376,1,322933.33,322933.3345,4.0,4.0,26.285316,94.627139,170.0,4.860654,-7504.592625,-0.457355,3.728969,0.0,26.272924,-0.260645,0.0,7504.942513,35.779893,0.128748,1.0,0.0,0.0,0.0,7565.784328,34.605383,1021.0,3.0,0.0,149.0,-0.312567,37.292362,134.252502,37.291532,0.248828,-0.00048,-0.465467,-0.873144,0.004931,0.111156,0.0,0.0,0.0,0.0,0.0,0.0,-9999.0,-9999.0,-9999.0,-9999.0,-9999.0,-9999.0,-9999.0,-9999.0,-9999.0,-9999.0,-9999.0,-9999.0,-9999.0,-9999.0
P25_AV0_4_interaction,active_and_state_lat_and_long_zero_last_source_row_continuous_segment,P25,AV0,4,off_ramp,P25_AV0_4,P25_AV0.1.asc,HV4,60,driver_number,19377,1,322950.01,322950.0067,4.0,4.0,26.277065,94.597436,170.0,5.301886,-7505.027803,-0.457731,3.793307,0.0,26.264613,-0.270456,0.0,7505.377191,35.832663,0.131499,1.0,0.0,0.0,0.0,7566.403699,34.657165,1021.0,3.0,0.0,149.0,-0.29488,37.284508,134.224228,37.283669,0.25003,-0.0004,-0.465373,-0.876284,0.004765,0.11147,0.0,0.0,0.0,0.0,0.0,0.0,-9999.0,-9999.0,-9999.0,-9999.0,-9999.0,-9999.0,-9999.0,-9999.0,-9999.0,-9999.0,-9999.0,-9999.0,-9999.0,-9999.0
P25_AV0_4_interaction,active_and_state_lat_and_long_zero_last_source_row_continuous_segment,P25,AV0,4,off_ramp,P25_AV0_4,P25_AV0.1.asc,HV4,60,driver_number,19378,1,322966.67,322966.6672,4.0,4.0,26.268774,94.567585,170.0,5.742291,-7505.462728,-0.458181,3.858292,0.0,26.256261,-0.279925,0.0,7505.811605,35.886458,0.134277,1.0,0.0,0.0,0.0,7567.022959,34.708696,1021.0,3.0,0.0,149.0,-0.277438,37.276655,134.195956,37.275808,0.251169,-0.000323,-0.465272,-0.878986,0.004537,0.111627,0.0,0.0,0.0,0.0,0.0,0.0,-9999.0,-9999.0,-9999.0,-9999.0,-9999.0,-9999.0,-9999.0,-9999.0,-9999.0,-9999.0,-9999.0,-9999.0,-9999.0,-9999.0
P25_AV0_4_interaction,active_and_state_lat_and_long_zero_last_source_row_continuous_segment,P25,AV0,4,off_ramp,P25_AV0_4,P25_AV0.1.asc,HV4,60,driver_number,19379,1,322983.33,322983.3336,4.0,4.0,26.260442,94.537591,170.0,6.181872,-7505.897394,-0.458745,3.921613,0.0,26.247871,-0.288951,0.0,7506.24575,35.941295,0.137081,1.0,0.0,0.0,0.0,7567.642109,34.759973,1021.0,3.0,0.0,149.0,-0.260244,37.268802,134.167687,37.267948,0.252238,-0.00025,-0.465189,-0.882951,0.004272,0.112412,0.0,0.0,0.0,0.0,0.0,0.0,-9999.0,-9999.0,-9999.0,-9999.0,-9999.0,-9999.0,-9999.0,-9999.0,-9999.0,-9999.0,-9999.0,-9999.0,-9999.0,-9999.0
P25_AV0_4_interaction,active_and_state_lat_and_long_zero_last_source_row_continuous_segment,P25,AV0,4,off_ramp,P25_AV0_4,P25_AV0.1.asc,HV4,60,driver_number,19380,1,323000.0,323000.0011,4.0,4.0,26.252071,94.507456,170.0,6.620628,-7506.331796,-0.459519,3.988878,0.0,26.23944,-0.29748,0.0,7506.67962,35.99719,0.139906,1.0,0.0,0.0,0.0,7568.261149,34.810996,1021.0,3.0,0.0,149.0,-0.243296,37.26095,134.139421,37.26009,0.253251,-0.000181,-0.465086,-0.885132,0.003988,0.112412,0.0,0.0,0.0,0.0,0.0,0.0,-9999.0,-9999.0,-9999.0,-9999.0,-9999.0,-9999.0,-9999.0,-9999.0,-9999.0,-9999.0,-9999.0,-9999.0,-9999.0,-9999.0
P25_AV0_4_interaction,active_and_state_lat_and_long_zero_last_source_row_continuous_segment,P25,AV0,4,off_ramp,P25_AV0_4,P25_AV0.1.asc,HV4,60,driver_number,19381,1,323016.67,323016.667,4.0,4.0,26.24366,94.477178,170.0,7.058562,-7506.765929,-0.460403,4.052618,0.0,26.230967,-0.305409,0.0,7507.11321,36.054159,0.142753,1.0,0.0,0.0,0.0,7568.880078,34.861765,1021.0,3.0,0.0,149.0,-0.226597,37.253099,134.111158,37.252232,0.254201,-0.000118,-0.465007,-0.889264,0.003695,0.113354,0.0,0.0,0.0,0.0,0.0,0.0,-9999.0,-9999.0,-9999.0,-9999.0,-9999.0,-9999.0,-9999.0,-9999.0,-9999.0,-9999.0,-9999.0,-9999.0,-9999.0,-9999.0
P25_AV0_4_interaction,active_and_state_lat_and_long_zero_last_source_row_continuous_segment,P25,AV0,4,off_ramp,P25_AV0_4,P25_AV0.1.asc,HV4,60,driver_number,19382,1,323033.33,323033.3339,4.0,4.0,26.235209,94.446752,170.0,7.495675,-7507.199788,-0.461673,4.119812,0.0,26.222452,-0.312811,0.0,7507.546515,36.112221,0.145621,1.0,0.0,0.0,0.0,7569.498897,34.912278,1021.0,3.0,0.0,149.0,-0.210147,37.245249,134.082897,37.244375,0.255099,-5.9e-05,-0.46492,-0.892634,0.003399,0.113982,0.0,0.0,0.0,0.0,0.0,0.0,-9999.0,-9999.0,-9999.0,-9999.0,-9999.0,-9999.0,-9999.0,-9999.0,-9999.0,-9999.0,-9999.0,-9999.0,-9999.0,-9999.0
P25_AV0_4_interaction,active_and_state_lat_and_long_zero_last_source_row_continuous_segment,P25,AV0,4,off_ramp,P25_AV0_4,P25_AV0.1.asc,HV4,60,driver_number,19383,1,323050.0,323050.001,4.0,4.0,26.226715,94.416174,170.0,7.93197,-7507.633366,-0.462775,4.177115,0.0,26.213889,-0.319611,0.0,7507.979527,36.17139,0.148509,1.0,0.0,0.0,0.0,7570.117605,34.962535,1021.0,3.0,0.0,149.0,-0.193947,37.2374,134.054639,37.23652,0.25596,-5e-06,-0.464817,-0.894594,0.003105,0.113982,0.0,0.0,0.0,0.0,0.0,0.0,-9999.0,-9999.0,-9999.0,-9999.0,-9999.0,-9999.0,-9999.0,-9999.0,-9999.0,-9999.0,-9999.0,-9999.0,-9999.0,-9999.0
P25_AV0_4_interaction,active_and_state_lat_and_long_zero_last_source_row_continuous_segment,P25,AV0,4,off_ramp,P25_AV0_4,P25_AV0.1.asc,HV4,60,driver_number,19384,1,323066.67,323066.6675,4.0,4.0,26.218176,94.385434,170.0,8.367448,-7508.066658,-0.463988,4.236451,0.0,26.205282,-0.325965,0.0,7508.412241,36.231686,0.151418,1.0,0.0,0.0,0.0,7570.736203,35.012535,1021.0,3.0,0.0,149.0,-0.177996,37.229551,134.026384,37.228665,0.256785,4.4e-05,-0.464725,-0.897523,0.002814,0.114453,0.0,0.0,0.0,0.0,0.0,0.0,-9999.0,-9999.0,-9999.0,-9999.0,-9999.0,-9999.0,-9999.0,-9999.0,-9999.0,-9999.0,-9999.0,-9999.0,-9999.0,-9999.0
P25_AV0_4_interaction,active_and_state_lat_and_long_zero_last_source_row_continuous_segment,P25,AV0,4,off_ramp,P25_AV0_4,P25_AV0.1.asc,HV4,60,driver_number,19385,1,323083.33,323083.3334,4.0,4.0,26.209591,94.354529,170.0,8.807343,-7508.499658,-0.465103,4.289602,0.0,26.196632,-0.33196,0.0,7508.844651,36.293122,0.15435,1.0,0.0,0.0,0.0,7571.35469,35.062278,1021.0,3.0,0.0,149.0,-0.162298,37.221703,133.998132,37.220812,0.257574,8.8e-05,-0.464642,-0.901081,0.00253,0.115238,0.0,0.0,0.0,0.0,0.0,0.0,-9999.0,-9999.0,-9999.0,-9999.0,-9999.0,-9999.0,-9999.0,-9999.0,-9999.0,-9999.0,-9999.0,-9999.0,-9999.0,-9999.0
P25_AV0_4_interaction,active_and_state_lat_and_long_zero_last_source_row_continuous_segment,P25,AV0,4,off_ramp,P25_AV0_4,P25_AV0.1.asc,HV4,60,driver_number,19386,1,323100.0,323100.0002,4.0,4.0,26.200962,94.323464,170.0,9.247794,-7508.93236,-0.466111,4.336209,0.0,26.18794,-0.337624,0.0,7509.276751,36.355714,0.157304,1.0,0.0,0.0,0.0,7571.973067,35.111762,1021.0,3.0,0.0,149.0,-0.14685,37.213856,133.969883,37.21296,0.258341,0.000127,-0.464541,-0.903246,0.002252,0.115395,0.0,0.0,0.0,0.0,0.0,0.0,-9999.0,-9999.0,-9999.0,-9999.0,-9999.0,-9999.0,-9999.0,-9999.0,-9999.0,-9999.0,-9999.0,-9999.0,-9999.0,-9999.0
P25_AV0_4_interaction,active_and_state_lat_and_long_zero_last_source_row_continuous_segment,P25,AV0,4,off_ramp,P25_AV0_4,P25_AV0.1.asc,HV4,60,driver_number,19387,1,323116.67,323116.6668,4.0,4.0,26.192291,94.292248,170.0,9.687425,-7509.364757,-0.467173,4.38715,0.0,26.179207,-0.343085,0.0,7509.708534,36.419473,0.160281,1.0,0.0,0.0,0.0,7572.591334,35.160987,1021.0,3.0,0.0,149.0,-0.131656,37.206011,133.941639,37.205109,0.259095,0.000162,-0.464433,-0.905056,0.001984,0.115395,0.0,0.0,0.0,0.0,0.0,0.0,-9999.0,-9999.0,-9999.0,-9999.0,-9999.0,-9999.0,-9999.0,-9999.0,-9999.0,-9999.0,-9999.0,-9999.0,-9999.0,-9999.0
P25_AV0_4_interaction,active_and_state_lat_and_long_zero_last_source_row_continuous_segment,P25,AV0,4,off_ramp,P25_AV0_4,P25_AV0.1.asc,HV4,60,driver_number,19388,1,323133.33,323133.3341,4.0,4.0,26.183579,94.260883,170.0,10.12624,-7509.796845,-0.46798,4.426867,0.0,26.170435,-0.348303,0.0,7510.139996,36.484413,0.163281,1.0,0.0,0.0,0.0,7573.20949,35.209953,1021.0,3.0,0.0,149.0,-0.116714,37.198166,133.913399,37.197259,0.259837,0.000192,-0.464325,-0.906853,0.001725,0.115395,0.0,0.0,0.0,0.0,0.0,0.0,-9999.0,-9999.0,-9999.0,-9999.0,-9999.0,-9999.0,-9999.0,-9999.0,-9999.0,-9999.0,-9999.0,-9999.0,-9999.0,-9999.0
P25_AV0_4_interaction,active_and_state_lat_and_long_zero_last_source_row_continuous_segment,P25,AV0,4,off_ramp,P25_AV0_4,P25_AV0.1.asc,HV4,60,driver_number,19389,1,323150.0,323150.0042,4.0,4.0,26.174826,94.229374,170.0,10.564243,-7510.228616,-0.468846,4.472012,0.0,26.161627,-0.353403,0.0,7510.571129,36.550545,0.166304,1.0,0.0,0.0,0.0,7573.827535,35.258659,1021.0,3.0,0.0,149.0,-0.102026,37.190323,133.885164,37.18941,0.260565,0.000219,-0.464217,-0.908634,0.001479,0.115395,0.0,0.0,0.0,0.0,0.0,0.0,-9999.0,-9999.0,-9999.0,-9999.0,-9999.0,-9999.0,-9999.0,-9999.0,-9999.0,-9999.0,-9999.0,-9999.0,-9999.0,-9999.0
P25_AV0_4_interaction,active_and_state_lat_and_long_zero_last_source_row_continuous_segment,P25,AV0,4,off_ramp,P25_AV0_4,P25_AV0.1.asc,HV4,60,driver_number,19390,1,323166.69,323166.6898,4.0,4.0,26.166036,94.19773,170.0,11.001436,-7510.660066,-0.469588,4.511954,0.0,26.152783,-0.35833,0.0,7511.001929,36.617879,0.169349,1.0,0.0,0.0,0.0,7574.44547,35.307105,1021.0,3.0,0.0,149.0,-0.087592,37.182481,133.856933,37.181563,0.261275,0.000241,-0.464108,-0.91039,0.001245,0.115395,0.0,0.0,0.0,0.0,0.0,0.0,-9999.0,-9999.0,-9999.0,-9999.0,-9999.0,-9999.0,-9999.0,-9999.0,-9999.0,-9999.0,-9999.0,-9999.0,-9999.0,-9999.0
P25_AV0_4_interaction,active_and_state_lat_and_long_zero_last_source_row_continuous_segment,P25,AV0,4,off_ramp,P25_AV0_4,P25_AV0.1.asc,HV4,60,driver_number,19391,1,323183.33,323183.3343,4.0,4.0,26.15721,94.165954,170.0,11.437825,-7511.091189,-0.470235,4.550859,0.0,26.143905,-0.363183,0.0,7511.432389,36.686427,0.172417,1.0,0.0,0.0,0.0,7575.063293,35.355289,1021.0,3.0,0.0,149.0,-0.073412,37.174641,133.828706,37.173718,0.261958,0.00026,-0.464012,-0.912791,0.001026,0.115709,0.0,0.0,0.0,0.0,0.0,0.0,-9999.0,-9999.0,-9999.0,-9999.0,-9999.0,-9999.0,-9999.0,-9999.0,-9999.0,-9999.0,-9999.0,-9999.0,-9999.0,-9999.0
P25_AV0_4_interaction,active_and_state_lat_and_long_zero_last_source_row_continuous_segment,P25,AV0,4,off_ramp,P25_AV0_4,P25_AV0.1.asc,HV4,60,driver_number,19392,1,323200.0,323200.0003,4.0,4.0,26.148348,94.134052,170.0,11.873415,-7511.521978,-0.470691,4.583199,0.0,26.134995,-0.367936,0.0,7511.862504,36.756196,0.175506,1.0,0.0,0.0,0.0,7575.681007,35.403212,1021.0,3.0,0.0,149.0,-0.059488,37.166801,133.800484,37.165873,0.262622,0.000275,-0.463904,-0.914466,0.000821,0.115709,0.0,0.0,0.0,0.0,0.0,0.0,-9999.0,-9999.0,-9999.0,-9999.0,-9999.0,-9999.0,-9999.0,-9999.0,-9999.0,-9999.0,-9999.0,-9999.0,-9999.0,-9999.0
P25_AV0_4_interaction,active_and_state_lat_and_long_zero_last_source_row_continuous_segment,P25,AV0,4,off_ramp,P25_AV0_4,P25_AV0.1.asc,HV4,60,driver_number,19393,1,323216.67,323216.6672,4.0,4.0,26.139454,94.102033,170.0,12.308208,-7511.952429,-0.471114,4.617949,0.0,26.126057,-0.372663,0.0,7512.292268,36.827196,0.178615,1.0,0.0,0.0,0.0,7576.298609,35.450873,1021.0,3.0,0.0,149.0,-0.045819,37.158963,133.772266,37.15803,0.263264,0.000286,-0.463803,-0.916446,0.000629,0.115866,0.0,0.002198,0.0,0.0,0.0,0.0,-9999.0,-9999.0,-9999.0,-9999.0,-9999.0,-9999.0,-9999.0,-9999.0,-9999.0,-9999.0,-9999.0,-9999.0,-9999.0,-9999.0
P25_AV0_4_interaction,active_and_state_lat_and_long_zero_last_source_row_continuous_segment,P25,AV0,4,off_ramp,P25_AV0_4,P25_AV0.1.asc,HV4,60,driver_number,19394,1,323233.33,323233.3341,4.0,4.0,26.130529,94.069905,170.0,12.742211,-7512.382535,-0.47149,4.650445,0.0,26.11709,-0.377277,0.0,7512.721675,36.899435,0.181744,1.0,0.0,0.0,0.0,7576.9161,35.498272,1021.0,3.0,0.0,149.0,-0.032406,37.150879,133.743165,37.149942,0.263888,0.000295,-0.483665,-0.917977,0.000424,0.115709,0.0,0.002198,0.0,0.0,0.0,0.0,-9999.0,-9999.0,-9999.0,-9999.0,-9999.0,-9999.0,-9999.0,-9999.0,-9999.0,-9999.0,-9999.0,-9999.0,-9999.0,-9999.0
P25_AV0_4_interaction,active_and_state_lat_and_long_zero_last_source_row_continuous_segment,P25,AV0,4,off_ramp,P25_AV0_4,P25_AV0.1.asc,HV4,60,driver_number,19395,1,323250.0,323250.0001,4.0,4.0,26.121577,94.037676,170.0,13.18102,-7512.812292,-0.471887,4.684191,0.0,26.108097,-0.381802,0.0,7513.150721,36.97292,0.184891,1.0,0.0,0.0,0.0,7577.533477,35.545407,1021.0,3.0,0.0,149.0,-0.019249,37.142692,133.71369,37.14175,0.264492,0.0003,-0.485081,-0.919533,0.0002,0.115866,0.0,0.0,0.0,0.0,0.0,0.0,-9999.0,-9999.0,-9999.0,-9999.0,-9999.0,-9999.0,-9999.0,-9999.0,-9999.0,-9999.0,-9999.0,-9999.0,-9999.0,-9999.0
P25_AV0_4_interaction,active_and_state_lat_and_long_zero_last_source_row_continuous_segment,P25,AV0,4,off_ramp,P25_AV0_4,P25_AV0.1.asc,HV4,60,driver_number,19396,1,323266.67,323266.6677,4.0,4.0,26.112597,94.005348,170.0,13.619659,-7513.241694,-0.472193,4.713495,0.0,26.099077,-0.386204,0.0,7513.579398,37.047659,0.188055,1.0,0.0,0.0,0.0,7578.150737,35.592279,1021.0,3.0,0.0,149.0,-0.006349,37.134742,133.685072,37.133796,0.265073,0.000301,-0.465338,-0.921102,-1.3e-05,0.115866,0.0,0.0,0.0,0.0,0.0,0.0,-9999.0,-9999.0,-9999.0,-9999.0,-9999.0,-9999.0,-9999.0,-9999.0,-9999.0,-9999.0,-9999.0,-9999.0,-9999.0,-9999.0
P25_AV0_4_interaction,active_and_state_lat_and_long_zero_last_source_row_continuous_segment,P25,AV0,4,off_ramp,P25_AV0_4,P25_AV0.1.asc,HV4,60,driver_number,19397,1,323283.33,323283.3339,4.0,4.0,26.10359,93.972924,170.0,14.057511,-7513.670734,-0.472589,4.745401,0.0,26.090033,-0.390483,0.0,7514.007702,37.123659,0.191236,1.0,0.0,0.0,0.0,7578.767885,35.638887,1021.0,3.0,0.0,149.0,0.006293,37.126808,133.656507,37.125857,0.265632,0.000299,-0.479303,-0.922514,-0.000161,0.115709,0.0,0.002198,0.0,0.0,0.0,0.0,-9999.0,-9999.0,-9999.0,-9999.0,-9999.0,-9999.0,-9999.0,-9999.0,-9999.0,-9999.0,-9999.0,-9999.0,-9999.0,-9999.0
P25_AV0_4_interaction,active_and_state_lat_and_long_zero_last_source_row_continuous_segment,P25,AV0,4,off_ramp,P25_AV0_4,P25_AV0.1.asc,HV4,60,driver_number,19398,1,323300.0,323300.0001,4.0,4.0,26.094559,93.940411,170.0,14.494582,-7514.099408,-0.473018,4.776673,0.0,26.080964,-0.394596,0.0,7514.435627,37.200927,0.194431,1.0,0.0,0.0,0.0,7579.384919,35.68523,1021.0,3.0,0.0,149.0,0.018678,37.118728,133.627421,37.117774,0.266168,0.000295,-0.468992,-0.923963,-0.000303,0.115395,0.0,0.0,0.0,0.0,0.0,0.0,-9999.0,-9999.0,-9999.0,-9999.0,-9999.0,-9999.0,-9999.0,-9999.0,-9999.0,-9999.0,-9999.0,-9999.0,-9999.0,-9999.0
P25_AV0_4_interaction,active_and_state_lat_and_long_zero_last_source_row_continuous_segment,P25,AV0,4,off_ramp,P25_AV0_4,P25_AV0.1.asc,HV4,60,driver_number,19399,1,323316.67,323316.6675,4.0,4.0,26.085502,93.907806,170.0,14.930877,-7514.52771,-0.473441,4.805544,0.0,26.071869,-0.398553,0.0,7514.863167,37.279471,0.197641,1.0,0.0,0.0,0.0,7580.001838,35.731309,1021.0,3.0,0.0,149.0,0.030805,37.11087,133.599132,37.109912,0.266678,0.000289,-0.46384,-0.925341,-0.00037,0.115395,0.0,0.0,0.0,0.0,0.0,0.0,-9999.0,-9999.0,-9999.0,-9999.0,-9999.0,-9999.0,-9999.0,-9999.0,-9999.0,-9999.0,-9999.0,-9999.0,-9999.0,-9999.0
P25_AV0_4_interaction,active_and_state_lat_and_long_zero_last_source_row_continuous_segment,P25,AV0,4,off_ramp,P25_AV0_4,P25_AV0.1.asc,HV4,60,driver_number,19400,1,323333.33,323333.3335,4.0,4.0,26.076419,93.87511,170.0,15.366402,-7514.955634,-0.473811,4.831981,0.0,26.062751,-0.402378,0.0,7515.290316,37.359296,0.200865,1.0,0.0,0.0,0.0,7580.618646,35.777123,1021.0,3.0,0.0,149.0,0.042673,37.103035,133.570928,37.102074,0.267163,0.000283,-0.463253,-0.926654,-0.000408,0.115395,0.0,0.0,0.0,0.0,0.0,0.0,-9999.0,-9999.0,-9999.0,-9999.0,-9999.0,-9999.0,-9999.0,-9999.0,-9999.0,-9999.0,-9999.0,-9999.0,-9999.0,-9999.0
P25_AV0_4_interaction,active_and_state_lat_and_long_zero_last_source_row_continuous_segment,P25,AV0,4,off_ramp,P25_AV0_4,P25_AV0.1.asc,HV4,60,driver_number,19401,1,323350.0,323350.0008,4.0,4.0,26.067313,93.842326,170.0,15.801162,-7515.383174,-0.474039,4.853024,0.0,26.05361,-0.406075,0.0,7515.717069,37.44041,0.204101,1.0,0.0,0.0,0.0,7581.235342,35.822672,1021.0,3.0,0.0,149.0,0.054283,37.095206,133.542742,37.094241,0.267621,0.000276,-0.463008,-0.927911,-0.000416,0.115395,0.0,0.0,0.0,0.0,0.0,0.0,-9999.0,-9999.0,-9999.0,-9999.0,-9999.0,-9999.0,-9999.0,-9999.0,-9999.0,-9999.0,-9999.0,-9999.0,-9999.0,-9999.0
P25_AV0_4_interaction,active_and_state_lat_and_long_zero_last_source_row_continuous_segment,P25,AV0,4,off_ramp,P25_AV0_4,P25_AV0.1.asc,HV4,60,driver_number,19402,1,323366.67,323366.6673,4.0,4.0,26.058183,93.809458,170.0,16.235162,-7515.810325,-0.474352,4.87894,0.0,26.044448,-0.409678,0.0,7516.143419,37.522817,0.207349,1.0,0.0,0.0,0.0,7581.851927,35.867955,1021.0,3.0,0.0,149.0,0.065634,37.08738,133.514567,37.086411,0.268053,0.000269,-0.462856,-0.929106,-0.000417,0.115395,0.0,0.0,0.0,0.0,0.0,0.0,-9999.0,-9999.0,-9999.0,-9999.0,-9999.0,-9999.0,-9999.0,-9999.0,-9999.0,-9999.0,-9999.0,-9999.0,-9999.0,-9999.0
P25_AV0_4_interaction,active_and_state_lat_and_long_zero_last_source_row_continuous_segment,P25,AV0,4,off_ramp,P25_AV0_4,P25_AV0.1.asc,HV4,60,driver_number,19403,1,323383.33,323383.3342,4.0,4.0,26.049032,93.776514,170.0,16.668409,-7516.237081,-0.474535,4.899277,0.0,26.035267,-0.413127,0.0,7516.569362,37.606522,0.210608,1.0,0.0,0.0,0.0,7582.468401,35.912972,1021.0,3.0,0.0,149.0,0.076725,37.079555,133.486398,37.078583,0.268457,0.000262,-0.462735,-0.930237,-0.000422,0.115395,0.0,0.0,0.0,0.0,0.0,0.0,-9999.0,-9999.0,-9999.0,-9999.0,-9999.0,-9999.0,-9999.0,-9999.0,-9999.0,-9999.0,-9999.0,-9999.0,-9999.0,-9999.0
P25_AV0_4_interaction,active_and_state_lat_and_long_zero_last_source_row_continuous_segment,P25,AV0,4,off_ramp,P25_AV0_4,P25_AV0.1.asc,HV4,60,driver_number,19404,1,323400.0,323400.001,4.0,4.0,26.03986,93.743497,170.0,17.100908,-7516.663437,-0.474696,4.919015,0.0,26.026069,-0.416449,0.0,7516.994892,37.691529,0.213876,1.0,0.0,0.0,0.0,7583.084763,35.957724,1021.0,3.0,0.0,149.0,0.087557,37.071732,133.458235,37.070757,0.268834,0.000255,-0.462624,-0.931304,-0.000433,0.115395,0.0,0.0,0.0,0.0,0.0,0.0,-9999.0,-9999.0,-9999.0,-9999.0,-9999.0,-9999.0,-9999.0,-9999.0,-9999.0,-9999.0,-9999.0,-9999.0,-9999.0,-9999.0
P25_AV0_4_interaction,active_and_state_lat_and_long_zero_last_source_row_continuous_segment,P25,AV0,4,off_ramp,P25_AV0_4,P25_AV0.1.asc,HV4,60,driver_number,19405,1,323416.67,323416.6675,4.0,4.0,26.03067,93.710413,170.0,17.537455,-7517.089387,-0.474757,4.936627,0.0,26.016854,-0.419665,0.0,7517.420003,37.777843,0.217154,1.0,0.0,0.0,0.0,7583.701013,36.002208,1021.0,3.0,0.0,149.0,0.098129,37.06391,133.430077,37.062933,0.269183,0.000247,-0.462517,-0.932304,-0.000449,0.115395,0.0,0.0,0.0,0.0,0.0,0.0,-9999.0,-9999.0,-9999.0,-9999.0,-9999.0,-9999.0,-9999.0,-9999.0,-9999.0,-9999.0,-9999.0,-9999.0,-9999.0,-9999.0
P25_AV0_4_interaction,active_and_state_lat_and_long_zero_last_source_row_continuous_segment,P25,AV0,4,off_ramp,P25_AV0_4,P25_AV0.1.asc,HV4,60,driver_number,19406,1,323433.33,323433.3342,4.0,4.0,26.021463,93.677267,170.0,17.974249,-7517.514926,-0.474707,4.950866,0.0,26.007625,-0.422758,0.0,7517.84469,37.865466,0.220438,1.0,0.0,0.0,0.0,7584.317153,36.046427,1021.0,3.0,0.0,149.0,0.108441,37.05609,133.401924,37.05511,0.269505,0.00024,-0.462411,-0.93324,-0.000467,0.115395,0.0,0.002198,0.0,0.0,0.0,0.0,-9999.0,-9999.0,-9999.0,-9999.0,-9999.0,-9999.0,-9999.0,-9999.0,-9999.0,-9999.0,-9999.0,-9999.0,-9999.0,-9999.0
P25_AV0_4_interaction,active_and_state_lat_and_long_zero_last_source_row_continuous_segment,P25,AV0,4,off_ramp,P25_AV0_4,P25_AV0.1.asc,HV4,60,driver_number,19407,1,323450.0,323450.0007,4.0,4.0,26.012241,93.644068,170.0,18.410304,-7517.940049,-0.474526,4.962518,0.0,25.998385,-0.425755,0.0,7518.268948,37.954403,0.223729,1.0,0.0,0.0,0.0,7584.93318,36.090378,1021.0,3.0,0.0,149.0,0.118493,37.048024,133.372888,37.047042,0.2698,0.000232,-0.482285,-0.934049,-0.000506,0.115395,0.0,0.0,0.0,0.0,0.0,0.0,-9999.0,-9999.0,-9999.0,-9999.0,-9999.0,-9999.0,-9999.0,-9999.0,-9999.0,-9999.0,-9999.0,-9999.0,-9999.0,-9999.0
P25_AV0_4_interaction,active_and_state_lat_and_long_zero_last_source_row_continuous_segment,P25,AV0,4,off_ramp,P25_AV0_4,P25_AV0.1.asc,HV4,60,driver_number,19408,1,323466.67,323466.6669,4.0,4.0,26.003006,93.610823,170.0,18.845625,-7518.36475,-0.47425,4.973043,0.0,25.989138,-0.428658,0.0,7518.692771,38.044653,0.227025,1.0,0.0,0.0,0.0,7585.549092,36.134062,1021.0,3.0,0.0,149.0,0.128284,37.040103,133.344369,37.039118,0.270067,0.000223,-0.463714,-0.934921,-0.00055,0.115709,0.0,0.0,0.0,0.0,0.0,0.0,-9999.0,-9999.0,-9999.0,-9999.0,-9999.0,-9999.0,-9999.0,-9999.0,-9999.0,-9999.0,-9999.0,-9999.0,-9999.0,-9999.0
P25_AV0_4_interaction,active_and_state_lat_and_long_zero_last_source_row_continuous_segment,P25,AV0,4,off_ramp,P25_AV0_4,P25_AV0.1.asc,HV4,60,driver_number,19409,1,323483.33,323483.3341,4.0,4.0,25.993762,93.577545,170.0,19.280219,-7518.789024,-0.473962,4.983773,0.0,25.979885,-0.431421,0.0,7519.116156,38.136219,0.230324,1.0,0.0,0.0,0.0,7586.164891,36.177479,1021.0,3.0,0.0,149.0,0.137814,37.032277,133.316196,37.03129,0.270308,0.000213,-0.462427,-0.935665,-0.000577,0.115709,0.0,0.0,0.0,0.0,0.0,0.0,-9999.0,-9999.0,-9999.0,-9999.0,-9999.0,-9999.0,-9999.0,-9999.0,-9999.0,-9999.0,-9999.0,-9999.0,-9999.0,-9999.0
P25_AV0_4_interaction,active_and_state_lat_and_long_zero_last_source_row_continuous_segment,P25,AV0,4,off_ramp,P25_AV0_4,P25_AV0.1.asc,HV4,60,driver_number,19410,1,323500.0,323500.0003,4.0,4.0,25.984512,93.544243,170.0,19.714092,-7519.212867,-0.473659,4.994066,0.0,25.970627,-0.434029,0.0,7519.539096,38.229102,0.233623,1.0,0.0,0.0,0.0,7586.780578,36.220628,1021.0,3.0,0.0,149.0,0.147083,37.02446,133.288055,37.023471,0.270523,0.000204,-0.462096,-0.93635,-0.000563,0.115709,0.0,0.0,0.0,0.0,0.0,0.0,-9999.0,-9999.0,-9999.0,-9999.0,-9999.0,-9999.0,-9999.0,-9999.0,-9999.0,-9999.0,-9999.0,-9999.0,-9999.0,-9999.0
P25_AV0_4_interaction,active_and_state_lat_and_long_zero_last_source_row_continuous_segment,P25,AV0,4,off_ramp,P25_AV0_4,P25_AV0.1.asc,HV4,60,driver_number,19411,1,323516.67,323516.6673,4.0,4.0,25.975256,93.510923,170.0,20.14725,-7519.636273,-0.473367,5.002614,0.0,25.961366,-0.436426,0.0,7519.961587,38.323302,0.236923,1.0,0.0,0.0,0.0,7587.396152,36.26351,1021.0,3.0,0.0,149.0,0.156092,37.016646,133.259927,37.015656,0.270713,0.000195,-0.461917,-0.936977,-0.000528,0.115709,0.0,0.0,0.0,0.0,0.0,0.0,-9999.0,-9999.0,-9999.0,-9999.0,-9999.0,-9999.0,-9999.0,-9999.0,-9999.0,-9999.0,-9999.0,-9999.0,-9999.0,-9999.0
P25_AV0_4_interaction,active_and_state_lat_and_long_zero_last_source_row_continuous_segment,P25,AV0,4,off_ramp,P25_AV0_4,P25_AV0.1.asc,HV4,60,driver_number,19412,1,323533.34,323533.3373,4.0,4.0,25.965997,93.47759,170.0,20.579699,-7520.059238,-0.473187,5.013657,0.0,25.952103,-0.438615,0.0,7520.383625,38.418821,0.240222,1.0,0.0,0.0,0.0,7588.011615,36.306124,1021.0,3.0,0.0,149.0,0.164839,37.008835,133.231807,37.007844,0.270878,0.000186,-0.461787,-0.937547,-0.000487,0.115709,0.0,0.0,0.0,0.0,0.0,0.0,-9999.0,-9999.0,-9999.0,-9999.0,-9999.0,-9999.0,-9999.0,-9999.0,-9999.0,-9999.0,-9999.0,-9999.0,-9999.0,-9999.0
P25_AV0_4_interaction,active_and_state_lat_and_long_zero_last_source_row_continuous_segment,P25,AV0,4,off_ramp,P25_AV0_4,P25_AV0.1.asc,HV4,60,driver_number,19413,1,323550.0,323550.0011,4.0,4.0,25.956735,93.444246,170.0,21.011446,-7520.481758,-0.473106,5.024917,0.0,25.942837,-0.440549,0.0,7520.805204,38.515659,0.243519,1.0,0.0,0.0,0.0,7588.626966,36.34847,1021.0,3.0,0.0,149.0,0.173325,37.001026,133.203693,37.000033,0.27102,0.000178,-0.461673,-0.938058,-0.000448,0.115709,0.0,0.0,0.0,0.0,0.0,0.0,-9999.0,-9999.0,-9999.0,-9999.0,-9999.0,-9999.0,-9999.0,-9999.0,-9999.0,-9999.0,-9999.0,-9999.0,-9999.0,-9999.0
P25_AV0_4_interaction,active_and_state_lat_and_long_zero_last_source_row_continuous_segment,P25,AV0,4,off_ramp,P25_AV0_4,P25_AV0.1.asc,HV4,60,driver_number,19414,1,323566.67,323566.6669,4.0,4.0,25.94747,93.410893,170.0,21.442497,-7520.903827,-0.47303,5.032545,0.0,25.933567,-0.442217,0.0,7521.226319,38.613819,0.246814,1.0,0.0,0.0,0.0,7589.242204,36.390548,1021.0,3.0,0.0,149.0,0.181549,36.993218,133.175585,36.992225,0.271138,0.000171,-0.461565,-0.938513,-0.000413,0.115709,0.0,0.0,0.0,0.0,0.0,0.0,-9999.0,-9999.0,-9999.0,-9999.0,-9999.0,-9999.0,-9999.0,-9999.0,-9999.0,-9999.0,-9999.0,-9999.0,-9999.0,-9999.0
P25_AV0_4_interaction,active_and_state_lat_and_long_zero_last_source_row_continuous_segment,P25,AV0,4,off_ramp,P25_AV0_4,P25_AV0.1.asc,HV4,60,driver_number,19415,1,323583.33,323583.3334,4.0,4.0,25.938202,93.377527,170.0,21.875947,-7521.32544,-0.472927,5.03772,0.0,25.924294,-0.443667,0.0,7521.646966,38.7133,0.250106,1.0,0.0,0.0,0.0,7589.857331,36.432358,1021.0,3.0,0.0,149.0,0.189512,36.985412,133.147484,36.984418,0.271233,0.000165,-0.461458,-0.938912,-0.000386,0.115709,0.0,0.0,0.0,0.0,0.0,0.0,-9999.0,-9999.0,-9999.0,-9999.0,-9999.0,-9999.0,-9999.0,-9999.0,-9999.0,-9999.0,-9999.0,-9999.0,-9999.0,-9999.0
P25_AV0_4_interaction,active_and_state_lat_and_long_zero_last_source_row_continuous_segment,P25,AV0,4,off_ramp,P25_AV0_4,P25_AV0.1.asc,HV4,60,driver_number,19416,1,323600.0,323600.0001,4.0,4.0,25.92893,93.34415,170.0,22.310943,-7521.746593,-0.47282,5.042476,0.0,25.91502,-0.444924,0.0,7522.06714,38.814103,0.253395,1.0,0.0,0.0,0.0,7590.472345,36.4739,1021.0,3.0,0.0,149.0,0.197213,36.977608,133.119389,36.976613,0.271307,0.000158,-0.461352,-0.939259,-0.000363,0.115709,0.0,0.0,0.0,0.0,0.0,0.0,-9999.0,-9999.0,-9999.0,-9999.0,-9999.0,-9999.0,-9999.0,-9999.0,-9999.0,-9999.0,-9999.0,-9999.0,-9999.0,-9999.0
P25_AV0_4_interaction,active_and_state_lat_and_long_zero_last_source_row_continuous_segment,P25,AV0,4,off_ramp,P25_AV0_4,P25_AV0.1.asc,HV4,60,driver_number,19417,1,323616.67,323616.6675,4.0,4.0,25.919657,93.310765,170.0,22.745253,-7522.16728,-0.472717,5.046775,0.0,25.905745,-0.445984,0.0,7522.486835,38.916228,0.256681,1.0,0.0,0.0,0.0,7591.087247,36.515174,1021.0,3.0,0.0,149.0,0.204653,36.969805,133.091299,36.968809,0.27136,0.000153,-0.461247,-0.939554,-0.000345,0.115709,0.0,0.0,0.0,0.0,0.0,0.0,-9999.0,-9999.0,-9999.0,-9999.0,-9999.0,-9999.0,-9999.0,-9999.0,-9999.0,-9999.0,-9999.0,-9999.0,-9999.0,-9999.0
P25_AV0_4_interaction,active_and_state_lat_and_long_zero_last_source_row_continuous_segment,P25,AV0,4,off_ramp,P25_AV0_4,P25_AV0.1.asc,HV4,60,driver_number,19418,1,323633.33,323633.3349,4.0,4.0,25.910382,93.277377,170.0,23.178884,-7522.587498,-0.472527,5.047384,0.0,25.896471,-0.446858,0.0,7522.906048,39.019674,0.259963,1.0,0.0,0.0,0.0,7591.702036,36.556179,1021.0,3.0,0.0,149.0,0.211831,36.962004,133.063216,36.961008,0.271393,0.000147,-0.461141,-0.939801,-0.000329,0.115709,0.0,0.0,0.0,0.0,0.0,0.0,-9999.0,-9999.0,-9999.0,-9999.0,-9999.0,-9999.0,-9999.0,-9999.0,-9999.0,-9999.0,-9999.0,-9999.0,-9999.0,-9999.0
P25_AV0_4_interaction,active_and_state_lat_and_long_zero_last_source_row_continuous_segment,P25,AV0,4,off_ramp,P25_AV0_4,P25_AV0.1.asc,HV4,60,driver_number,19419,1,323650.0,323650.001,4.0,4.0,25.901108,93.243988,170.0,23.611842,-7523.007241,-0.472294,5.047344,0.0,25.887199,-0.447584,0.0,7523.324774,39.12444,0.263241,1.0,0.0,0.0,0.0,7592.316713,36.596917,1021.0,3.0,0.0,149.0,0.218748,36.954205,133.035138,36.953208,0.271408,0.000142,-0.461035,-0.94,-0.000314,0.115709,0.0,0.0,0.0,0.0,0.0,0.0,-9999.0,-9999.0,-9999.0,-9999.0,-9999.0,-9999.0,-9999.0,-9999.0,-9999.0,-9999.0,-9999.0,-9999.0,-9999.0,-9999.0
P25_AV0_4_interaction,active_and_state_lat_and_long_zero_last_source_row_continuous_segment,P25,AV0,4,off_ramp,P25_AV0_4,P25_AV0.1.asc,HV4,60,driver_number,19420,1,323666.67,323666.6735,4.0,4.0,25.891835,93.210605,170.0,24.044133,-7523.426505,-0.471988,5.045976,0.0,25.877931,-0.448179,0.0,7523.743008,39.230525,0.266514,1.0,0.0,0.0,0.0,7592.931278,36.637386,1021.0,3.0,0.0,149.0,0.225403,36.946408,133.007067,36.945411,0.271404,0.000137,-0.460929,-0.940155,-0.000301,0.115709,0.0,0.0,0.0,0.0,0.0,0.0,-9999.0,-9999.0,-9999.0,-9999.0,-9999.0,-9999.0,-9999.0,-9999.0,-9999.0,-9999.0,-9999.0,-9999.0,-9999.0,-9999.0
P25_AV0_4_interaction,active_and_state_lat_and_long_zero_last_source_row_continuous_segment,P25,AV0,4,off_ramp,P25_AV0_4,P25_AV0.1.asc,HV4,60,driver_number,19421,1,323683.33,323683.3344,4.0,4.0,25.882565,93.177232,170.0,24.475763,-7523.845286,-0.471662,5.04377,0.0,25.868669,-0.448621,0.0,7524.160747,39.337927,0.269783,1.0,0.0,0.0,0.0,7593.54573,36.677587,1021.0,3.0,0.0,149.0,0.231796,36.938612,132.979002,36.937615,0.271383,0.000132,-0.460823,-0.940268,-0.000287,0.115709,0.0,0.0,0.0,0.0,0.0,0.0,-9999.0,-9999.0,-9999.0,-9999.0,-9999.0,-9999.0,-9999.0,-9999.0,-9999.0,-9999.0,-9999.0,-9999.0,-9999.0,-9999.0
P25_AV0_4_interaction,active_and_state_lat_and_long_zero_last_source_row_continuous_segment,P25,AV0,4,off_ramp,P25_AV0_4,P25_AV0.1.asc,HV4,60,driver_number,19422,1,323700.0,323700.0011,4.0,4.0,25.8733,93.143878,170.0,24.906739,-7524.26358,-0.471331,5.041973,0.0,25.859413,-0.448935,0.0,7524.577987,39.446644,0.273045,1.0,0.0,0.0,0.0,7594.160069,36.717519,1021.0,3.0,0.0,149.0,0.237928,36.930818,132.950944,36.929821,0.271345,0.000127,-0.460717,-0.940341,-0.000272,0.115709,0.0,0.0,0.0,0.0,0.0,0.0,-9999.0,-9999.0,-9999.0,-9999.0,-9999.0,-9999.0,-9999.0,-9999.0,-9999.0,-9999.0,-9999.0,-9999.0,-9999.0,-9999.0
P25_AV0_4_interaction,active_and_state_lat_and_long_zero_last_source_row_continuous_segment,P25,AV0,4,off_ramp,P25_AV0_4,P25_AV0.1.asc,HV4,60,driver_number,19423,1,323716.67,323716.6668,4.0,4.0,25.86404,93.110545,170.0,25.337068,-7524.681383,-0.470921,5.036796,0.0,25.850165,-0.449104,0.0,7524.994722,39.556673,0.276302,1.0,0.0,0.0,0.0,7594.774295,36.757184,1021.0,3.0,0.0,149.0,0.243798,36.923025,132.922892,36.922029,0.271293,0.000123,-0.46061,-0.940367,-0.000258,0.115395,0.0,0.0,0.0,0.0,0.0,0.0,-9999.0,-9999.0,-9999.0,-9999.0,-9999.0,-9999.0,-9999.0,-9999.0,-9999.0,-9999.0,-9999.0,-9999.0,-9999.0,-9999.0
P25_AV0_4_interaction,active_and_state_lat_and_long_zero_last_source_row_continuous_segment,P25,AV0,4,off_ramp,P25_AV0_4,P25_AV0.1.asc,HV4,60,driver_number,19424,1,323733.39,323733.3878,4.0,4.0,25.854788,93.077238,170.0,25.766755,-7525.09869,-0.470412,5.029008,0.0,25.840927,-0.44917,0.0,7525.410951,39.668012,0.279553,1.0,0.0,0.0,0.0,7595.388409,36.79658,1021.0,3.0,0.0,149.0,0.249406,36.915235,132.894846,36.914239,0.271226,0.000119,-0.460504,-0.940366,-0.000243,0.115395,0.0,0.0,0.0,0.0,0.0,0.0,-9999.0,-9999.0,-9999.0,-9999.0,-9999.0,-9999.0,-9999.0,-9999.0,-9999.0,-9999.0,-9999.0,-9999.0,-9999.0,-9999.0
P25_AV0_4_interaction,active_and_state_lat_and_long_zero_last_source_row_continuous_segment,P25,AV0,4,off_ramp,P25_AV0_4,P25_AV0.1.asc,HV4,60,driver_number,19425,1,323750.05,323750.0498,4.0,4.0,25.845545,93.043961,170.0,26.196591,-7525.515499,-0.469955,5.02455,0.0,25.831699,-0.449143,0.0,7525.826668,39.780657,0.282796,1.0,0.0,0.0,0.0,7596.002409,36.835708,1021.0,3.0,0.0,149.0,0.254753,36.907446,132.866806,36.90645,0.271146,0.000115,-0.460398,-0.940332,-0.000229,0.115395,0.0,0.0,0.0,0.0,0.0,0.0,-9999.0,-9999.0,-9999.0,-9999.0,-9999.0,-9999.0,-9999.0,-9999.0,-9999.0,-9999.0,-9999.0,-9999.0,-9999.0,-9999.0
P25_AV0_4_interaction,active_and_state_lat_and_long_zero_last_source_row_continuous_segment,P25,AV0,4,off_ramp,P25_AV0_4,P25_AV0.1.asc,HV4,60,driver_number,19426,1,323766.67,323766.6677,4.0,4.0,25.836312,93.010722,170.0,26.629861,-7525.931805,-0.469458,5.017743,0.0,25.822484,-0.448978,0.0,7526.24187,39.894605,0.286031,1.0,0.0,0.0,0.0,7596.616297,36.874568,1021.0,3.0,0.0,149.0,0.259839,36.899659,132.838773,36.898664,0.271053,0.000111,-0.460292,-0.940266,-0.000214,0.115395,0.0,0.0,0.0,0.0,0.0,0.0,-9999.0,-9999.0,-9999.0,-9999.0,-9999.0,-9999.0,-9999.0,-9999.0,-9999.0,-9999.0,-9999.0,-9999.0,-9999.0,-9999.0
P25_AV0_4_interaction,active_and_state_lat_and_long_zero_last_source_row_continuous_segment,P25,AV0,4,off_ramp,P25_AV0_4,P25_AV0.1.asc,HV4,60,driver_number,19427,1,323783.33,323783.3343,4.0,4.0,25.82709,92.977524,170.0,27.062502,-7526.347605,-0.468915,5.008386,0.0,25.813281,-0.448683,0.0,7526.656554,40.009853,0.289258,1.0,0.0,0.0,0.0,7597.230071,36.913161,1021.0,3.0,0.0,149.0,0.264663,36.891874,132.810747,36.890879,0.270948,0.000108,-0.460185,-0.940171,-0.0002,0.115395,0.0,0.0,0.0,0.0,0.0,0.0,-9999.0,-9999.0,-9999.0,-9999.0,-9999.0,-9999.0,-9999.0,-9999.0,-9999.0,-9999.0,-9999.0,-9999.0,-9999.0,-9999.0
P25_AV0_4_interaction,active_and_state_lat_and_long_zero_last_source_row_continuous_segment,P25,AV0,4,off_ramp,P25_AV0_4,P25_AV0.1.asc,HV4,60,driver_number,19428,1,323800.0,323800.0003,4.0,4.0,25.817881,92.94437,170.0,27.49452,-7526.762895,-0.468329,4.998648,0.0,25.804092,-0.448302,0.0,7527.070717,40.126396,0.292476,1.0,0.0,0.0,0.0,7597.843732,36.951485,1021.0,3.0,0.0,149.0,0.269226,36.884091,132.782727,36.883096,0.270833,0.000104,-0.460079,-0.940035,-0.000186,0.114924,0.0,0.0,0.0,0.0,0.0,0.0,-9999.0,-9999.0,-9999.0,-9999.0,-9999.0,-9999.0,-9999.0,-9999.0,-9999.0,-9999.0,-9999.0,-9999.0,-9999.0,-9999.0
P25_AV0_4_interaction,active_and_state_lat_and_long_zero_last_source_row_continuous_segment,P25,AV0,4,off_ramp,P25_AV0_4,P25_AV0.1.asc,HV4,60,driver_number,19429,1,323816.67,323816.6668,4.0,4.0,25.808684,92.911263,170.0,27.92592,-7527.177672,-0.467723,4.988214,0.0,25.794918,-0.447811,0.0,7527.484355,40.244231,0.295684,1.0,0.0,0.0,0.0,7598.45728,36.989541,1021.0,3.0,0.0,149.0,0.273528,36.876309,132.754714,36.875316,0.270715,0.000101,-0.459963,-0.939334,-0.000173,0.11461,0.0,0.0,0.0,0.0,0.0,0.0,-9999.0,-9999.0,-9999.0,-9999.0,-9999.0,-9999.0,-9999.0,-9999.0,-9999.0,-9999.0,-9999.0,-9999.0,-9999.0,-9999.0
P25_AV0_4_interaction,active_and_state_lat_and_long_zero_last_source_row_continuous_segment,P25,AV0,4,off_ramp,P25_AV0_4,P25_AV0.1.asc,HV4,60,driver_number,19430,1,323833.33,323833.3334,4.0,4.0,25.799503,92.878211,170.0,28.35671,-7527.591933,-0.467113,4.976092,0.0,25.785761,-0.447179,0.0,7527.897465,40.363352,0.298882,1.0,0.0,0.0,0.0,7599.070714,37.02733,1021.0,3.0,0.0,149.0,0.277568,36.86853,132.72671,36.867537,0.270601,9.9e-05,-0.459833,-0.937819,-0.000161,0.113982,0.0,0.0,0.0,0.0,0.0,0.0,-9999.0,-9999.0,-9999.0,-9999.0,-9999.0,-9999.0,-9999.0,-9999.0,-9999.0,-9999.0,-9999.0,-9999.0,-9999.0,-9999.0
P25_AV0_4_interaction,active_and_state_lat_and_long_zero_last_source_row_continuous_segment,P25,AV0,4,off_ramp,P25_AV0_4,P25_AV0.1.asc,HV4,60,driver_number,19431,1,323850.0,323850.0002,4.0,4.0,25.790337,92.845215,170.0,28.786896,-7528.005675,-0.466432,4.962195,0.0,25.77662,-0.44646,0.0,7528.310043,40.483755,0.30207,1.0,0.0,0.0,0.0,7599.684035,37.064852,1021.0,3.0,0.0,149.0,0.281349,36.860754,132.698715,36.859762,0.270498,9.6e-05,-0.459687,-0.93528,-0.00015,0.112883,0.0,0.0,0.0,0.0,0.0,0.0,-9999.0,-9999.0,-9999.0,-9999.0,-9999.0,-9999.0,-9999.0,-9999.0,-9999.0,-9999.0,-9999.0,-9999.0,-9999.0,-9999.0
P25_AV0_4_interaction,active_and_state_lat_and_long_zero_last_source_row_continuous_segment,P25,AV0,4,off_ramp,P25_AV0_4,P25_AV0.1.asc,HV4,60,driver_number,19432,1,323866.67,323866.6677,4.0,4.0,25.781188,92.812277,170.0,29.216483,-7528.418894,-0.46563,4.94478,0.0,25.767498,-0.445659,0.0,7528.722089,40.605436,0.305245,1.0,0.0,0.0,0.0,7600.297242,37.102107,1021.0,3.0,0.0,149.0,0.284869,36.852981,132.670731,36.851989,0.270411,9.4e-05,-0.459504,-0.930036,-0.00014,0.110528,0.0,0.0,0.0,0.0,0.0,0.0,-9999.0,-9999.0,-9999.0,-9999.0,-9999.0,-9999.0,-9999.0,-9999.0,-9999.0,-9999.0,-9999.0,-9999.0,-9999.0,-9999.0
P25_AV0_4_interaction,active_and_state_lat_and_long_zero_last_source_row_continuous_segment,P25,AV0,4,off_ramp,P25_AV0_4,P25_AV0.1.asc,HV4,60,driver_number,19433,1,323883.33,323883.3334,4.0,4.0,25.772057,92.779404,170.0,29.645479,-7528.831589,-0.464732,4.925562,0.0,25.758398,-0.444794,0.0,7529.133598,40.728387,0.308408,1.0,0.0,0.0,0.0,7600.910336,37.139096,1021.0,3.0,0.0,149.0,0.288129,36.845211,132.642759,36.844219,0.270314,9.1e-05,-0.459336,-0.92579,-0.000131,0.108644,0.0,0.0,0.0,0.0,0.0,0.0,-9999.0,-9999.0,-9999.0,-9999.0,-9999.0,-9999.0,-9999.0,-9999.0,-9999.0,-9999.0,-9999.0,-9999.0,-9999.0,-9999.0
P25_AV0_4_interaction,active_and_state_lat_and_long_zero_last_source_row_continuous_segment,P25,AV0,4,off_ramp,P25_AV0_4,P25_AV0.1.asc,HV4,60,driver_number,19434,1,323900.0,323900.0003,4.0,4.0,25.762946,92.746604,170.0,30.073888,-7529.243756,-0.463585,4.899613,0.0,25.749323,-0.443892,0.0,7529.544568,40.852602,0.311557,1.0,0.0,0.0,0.0,7601.523316,37.175819,1021.0,3.0,0.0,149.0,0.291132,36.837444,132.614797,36.836453,0.270174,8.9e-05,-0.459214,-0.92549,-0.000123,0.108644,0.0,0.0,0.0,0.0,0.0,0.0,-9999.0,-9999.0,-9999.0,-9999.0,-9999.0,-9999.0,-9999.0,-9999.0,-9999.0,-9999.0,-9999.0,-9999.0,-9999.0,-9999.0
P25_AV0_4_interaction,active_and_state_lat_and_long_zero_last_source_row_continuous_segment,P25,AV0,4,off_ramp,P25_AV0_4,P25_AV0.1.asc,HV4,60,driver_number,19435,1,323916.67,323916.6667,4.0,4.0,25.753857,92.713886,170.0,30.501719,-7529.655393,-0.46233,4.873989,0.0,25.740276,-0.442988,0.0,7529.954998,40.978073,0.31469,1.0,0.0,0.0,0.0,7602.136182,37.212279,1021.0,3.0,0.0,149.0,0.293876,36.829681,132.58685,36.828691,0.270038,8.7e-05,-0.458978,-0.91629,-0.000116,0.104562,0.0,0.0,0.0,0.0,0.0,0.0,-9999.0,-9999.0,-9999.0,-9999.0,-9999.0,-9999.0,-9999.0,-9999.0,-9999.0,-9999.0,-9999.0,-9999.0,-9999.0,-9999.0
P25_AV0_4_interaction,active_and_state_lat_and_long_zero_last_source_row_continuous_segment,P25,AV0,4,off_ramp,P25_AV0_4,P25_AV0.1.asc,HV4,60,driver_number,19436,1,323933.33,323933.3335,4.0,4.0,25.744796,92.681264,170.0,30.931511,-7530.066499,-0.461055,4.847816,0.0,25.73126,-0.441987,0.0,7530.364888,41.104792,0.317805,1.0,0.0,0.0,0.0,7602.748934,37.248475,1021.0,3.0,0.0,149.0,0.296364,36.821921,132.558915,36.820932,0.269813,8.5e-05,-0.458859,-0.915773,-0.000109,0.104562,0.0,0.0,0.0,0.0,0.0,0.0,-9999.0,-9999.0,-9999.0,-9999.0,-9999.0,-9999.0,-9999.0,-9999.0,-9999.0,-9999.0,-9999.0,-9999.0,-9999.0,-9999.0
P25_AV0_4_interaction,active_and_state_lat_and_long_zero_last_source_row_continuous_segment,P25,AV0,4,off_ramp,P25_AV0_4,P25_AV0.1.asc,HV4,60,driver_number,19437,1,323950.0,323950.0002,4.0,4.0,25.735764,92.648751,170.0,31.36256,-7530.477073,-0.459858,4.82533,0.0,25.722276,-0.44089,0.0,7530.774234,41.232749,0.3209,1.0,0.0,0.0,0.0,7603.361572,37.284408,1021.0,3.0,0.0,149.0,0.298596,36.814165,132.530993,36.813178,0.269541,8.4e-05,-0.458652,-0.908591,-0.000105,0.101579,0.0,0.0,0.0,0.0,0.0,0.0,-9999.0,-9999.0,-9999.0,-9999.0,-9999.0,-9999.0,-9999.0,-9999.0,-9999.0,-9999.0,-9999.0,-9999.0,-9999.0,-9999.0
P25_AV0_4_interaction,active_and_state_lat_and_long_zero_last_source_row_continuous_segment,P25,AV0,4,off_ramp,P25_AV0_4,P25_AV0.1.asc,HV4,60,driver_number,19438,1,323966.67,323966.6667,4.0,4.0,25.726764,92.616351,170.0,31.793043,-7530.887113,-0.458569,4.796249,0.0,25.713326,-0.439613,0.0,7531.183036,41.361937,0.323974,1.0,0.0,0.0,0.0,7603.974095,37.320081,1021.0,3.0,0.0,149.0,0.300574,36.806413,132.503085,36.805428,0.269179,8.2e-05,-0.458477,-0.903254,-0.000107,0.099538,0.0,0.0,0.0,0.0,0.0,0.0,-9999.0,-9999.0,-9999.0,-9999.0,-9999.0,-9999.0,-9999.0,-9999.0,-9999.0,-9999.0,-9999.0,-9999.0,-9999.0,-9999.0
P25_AV0_4_interaction,active_and_state_lat_and_long_zero_last_source_row_continuous_segment,P25,AV0,4,off_ramp,P25_AV0_4,P25_AV0.1.asc,HV4,60,driver_number,19439,1,323983.34,323983.3411,4.0,4.0,25.717797,92.584069,170.0,32.222966,-7531.296617,-0.457265,4.766567,0.0,25.70441,-0.438214,0.0,7531.591294,41.492347,0.327025,1.0,0.0,0.0,0.0,7604.586504,37.355494,1021.0,3.0,0.0,149.0,0.302298,36.798664,132.475191,36.797683,0.268709,8e-05,-0.458297,-0.897299,-0.000119,0.09734,0.0,0.0,0.0,0.0,0.0,0.0,-9999.0,-9999.0,-9999.0,-9999.0,-9999.0,-9999.0,-9999.0,-9999.0,-9999.0,-9999.0,-9999.0,-9999.0,-9999.0,-9999.0
P25_AV0_4_interaction,active_and_state_lat_and_long_zero_last_source_row_continuous_segment,P25,AV0,4,off_ramp,P25_AV0_4,P25_AV0.1.asc,HV4,60,driver_number,19440,1,324000.0,324000.0003,4.0,4.0,25.708863,92.551908,170.0,32.652334,-7531.705586,-0.456084,4.740609,0.0,25.69553,-0.436644,0.0,7531.999006,41.623969,0.330051,1.0,0.0,0.0,0.0,7605.198799,37.390648,1021.0,3.0,0.0,149.0,0.303771,36.79092,132.447311,36.789943,0.268119,7.8e-05,-0.458119,-0.891034,-0.000133,0.095142,0.0,0.0,0.0,0.0,0.0,0.0,-9999.0,-9999.0,-9999.0,-9999.0,-9999.0,-9999.0,-9999.0,-9999.0,-9999.0,-9999.0,-9999.0,-9999.0,-9999.0,-9999.0
P25_AV0_4_interaction,active_and_state_lat_and_long_zero_last_source_row_continuous_segment,P25,AV0,4,off_ramp,P25_AV0_4,P25_AV0.1.asc,HV4,60,driver_number,19441,1,324016.67,324016.6674,4.0,4.0,25.699965,92.519875,170.0,33.081155,-7532.114018,-0.454992,4.713663,0.0,25.686685,-0.434821,0.0,7532.406172,41.756793,0.333051,1.0,0.0,0.0,0.0,7605.810979,37.425546,1021.0,3.0,0.0,149.0,0.304994,36.783181,132.419452,36.782209,0.26749,7.6e-05,-0.45779,-0.872358,-0.000136,0.087292,0.0,0.0,0.0,0.0,0.0,0.0,-9999.0,-9999.0,-9999.0,-9999.0,-9999.0,-9999.0,-9999.0,-9999.0,-9999.0,-9999.0,-9999.0,-9999.0,-9999.0,-9999.0
P25_AV0_4_interaction,active_and_state_lat_and_long_zero_last_source_row_continuous_segment,P25,AV0,4,off_ramp,P25_AV0_4,P25_AV0.1.asc,HV4,60,driver_number,19442,1,324033.33,324033.3334,4.0,4.0,25.691103,92.487971,170.0,33.509434,-7532.521913,-0.454043,4.6867,0.0,25.677874,-0.432704,0.0,7532.812791,41.890812,0.336025,1.0,0.0,0.0,0.0,7606.423044,37.46019,1021.0,3.0,0.0,149.0,0.30597,36.775449,132.391616,36.774482,0.266732,7.3e-05,-0.457548,-0.860838,-0.000144,0.082896,0.0,0.0,0.0,0.0,0.0,0.0,-9999.0,-9999.0,-9999.0,-9999.0,-9999.0,-9999.0,-9999.0,-9999.0,-9999.0,-9999.0,-9999.0,-9999.0,-9999.0,-9999.0
P25_AV0_4_interaction,active_and_state_lat_and_long_zero_last_source_row_continuous_segment,P25,AV0,4,off_ramp,P25_AV0_4,P25_AV0.1.asc,HV4,60,driver_number,19443,1,324050.0,324050.0007,4.0,4.0,25.682275,92.456191,170.0,33.937176,-7532.929269,-0.453286,4.664235,0.0,25.669096,-0.430333,0.0,7533.218861,42.026016,0.338971,1.0,0.0,0.0,0.0,7607.034995,37.494582,1021.0,3.0,0.0,149.0,0.3067,36.767722,132.3638,36.766761,0.265806,7.1e-05,-0.457303,-0.848194,-0.00016,0.078186,0.0,0.0,0.0,0.0,0.0,0.0,-9999.0,-9999.0,-9999.0,-9999.0,-9999.0,-9999.0,-9999.0,-9999.0,-9999.0,-9999.0,-9999.0,-9999.0,-9999.0,-9999.0
P25_AV0_4_interaction,active_and_state_lat_and_long_zero_last_source_row_continuous_segment,P25,AV0,4,off_ramp,P25_AV0_4,P25_AV0.1.asc,HV4,60,driver_number,19444,1,324066.67,324066.6672,4.0,4.0,25.673481,92.424531,170.0,34.364389,-7533.336087,-0.452658,4.640939,0.0,25.660348,-0.427644,0.0,7533.624383,42.162398,0.341891,1.0,0.0,0.0,0.0,7607.64683,37.528725,1021.0,3.0,0.0,149.0,0.307189,36.760002,132.336006,36.759049,0.264677,6.8e-05,-0.45707,-0.836038,-0.000185,0.073947,0.0,0.0,0.0,0.0,0.0,0.0,-9999.0,-9999.0,-9999.0,-9999.0,-9999.0,-9999.0,-9999.0,-9999.0,-9999.0,-9999.0,-9999.0,-9999.0,-9999.0,-9999.0
P25_AV0_4_interaction,active_and_state_lat_and_long_zero_last_source_row_continuous_segment,P25,AV0,4,off_ramp,P25_AV0_4,P25_AV0.1.asc,HV4,60,driver_number,19445,1,324083.33,324083.3341,4.0,4.0,25.664718,92.392985,170.0,34.791078,-7533.742365,-0.452179,4.61719,0.0,25.651629,-0.424628,0.0,7534.029355,42.29995,0.344785,1.0,0.0,0.0,0.0,7608.25855,37.562623,1021.0,3.0,0.0,149.0,0.307439,36.752286,132.308229,36.751343,0.263249,6.4e-05,-0.456935,-0.832285,-0.000229,0.073947,0.0,0.0,0.0,0.0,0.0,0.0,-9999.0,-9999.0,-9999.0,-9999.0,-9999.0,-9999.0,-9999.0,-9999.0,-9999.0,-9999.0,-9999.0,-9999.0,-9999.0,-9999.0
P25_AV0_4_interaction,active_and_state_lat_and_long_zero_last_source_row_continuous_segment,P25,AV0,4,off_ramp,P25_AV0_4,P25_AV0.1.asc,HV4,60,driver_number,19446,1,324100.0,324100.0001,4.0,4.0,25.655985,92.361546,170.0,35.217249,-7534.148101,-0.451909,4.597285,0.0,25.642935,-0.421325,0.0,7534.433776,42.438664,0.347654,1.0,0.0,0.0,0.0,7608.870154,37.596278,1021.0,3.0,0.0,149.0,0.307452,36.744576,132.280475,36.743645,0.261631,6e-05,-0.456614,-0.808774,-0.000247,0.064998,0.0,0.0,0.0,0.0,0.0,0.0,-9999.0,-9999.0,-9999.0,-9999.0,-9999.0,-9999.0,-9999.0,-9999.0,-9999.0,-9999.0,-9999.0,-9999.0,-9999.0,-9999.0
P25_AV0_4_interaction,active_and_state_lat_and_long_zero_last_source_row_continuous_segment,P25,AV0,4,off_ramp,P25_AV0_4,P25_AV0.1.asc,HV4,60,driver_number,19447,1,324116.67,324116.6667,4.0,4.0,25.647279,92.330205,170.0,35.646194,-7534.553296,-0.451666,4.573933,0.0,25.634265,-0.417764,0.0,7534.837644,42.578534,0.3505,1.0,0.0,0.0,0.0,7609.481643,37.629693,1021.0,3.0,0.0,149.0,0.307232,36.736873,132.252742,36.735955,0.259683,5.6e-05,-0.456475,-0.803693,-0.000284,0.064998,0.0,0.0,0.0,0.0,0.0,0.0,-9999.0,-9999.0,-9999.0,-9999.0,-9999.0,-9999.0,-9999.0,-9999.0,-9999.0,-9999.0,-9999.0,-9999.0,-9999.0,-9999.0
P25_AV0_4_interaction,active_and_state_lat_and_long_zero_last_source_row_continuous_segment,P25,AV0,4,off_ramp,P25_AV0_4,P25_AV0.1.asc,HV4,60,driver_number,19448,1,324133.33,324133.3341,4.0,4.0,25.638597,92.29895,170.0,36.075213,-7534.957947,-0.451551,4.553445,0.0,25.625617,-0.414009,0.0,7535.240959,42.719552,0.353324,1.0,0.0,0.0,0.0,7610.093017,37.662872,1021.0,3.0,0.0,149.0,0.306783,36.729175,132.22503,36.728273,0.25747,5.1e-05,-0.456203,-0.782117,-0.000295,0.057619,0.0,0.0,0.0,0.0,0.0,0.0,-9999.0,-9999.0,-9999.0,-9999.0,-9999.0,-9999.0,-9999.0,-9999.0,-9999.0,-9999.0,-9999.0,-9999.0,-9999.0,-9999.0
P25_AV0_4_interaction,active_and_state_lat_and_long_zero_last_source_row_continuous_segment,P25,AV0,4,off_ramp,P25_AV0_4,P25_AV0.1.asc,HV4,60,driver_number,19449,1,324150.0,324150.0009,4.0,4.0,25.629938,92.267778,170.0,36.503726,-7535.362053,-0.45148,4.531971,0.0,25.616988,-0.41009,0.0,7535.643718,42.861713,0.35613,1.0,0.0,0.0,0.0,7610.704274,37.695818,1021.0,3.0,0.0,149.0,0.306108,36.721483,132.19734,36.720599,0.254915,4.6e-05,-0.456026,-0.770163,-0.000312,0.055107,0.0,0.0,0.0,0.0,0.0,0.0,-9999.0,-9999.0,-9999.0,-9999.0,-9999.0,-9999.0,-9999.0,-9999.0,-9999.0,-9999.0,-9999.0,-9999.0,-9999.0,-9999.0
P25_AV0_4_interaction,active_and_state_lat_and_long_zero_last_source_row_continuous_segment,P25,AV0,4,off_ramp,P25_AV0_4,P25_AV0.1.asc,HV4,60,driver_number,19450,1,324166.67,324166.6694,4.0,4.0,25.6213,92.23668,170.0,36.931739,-7535.765613,-0.451567,4.515351,0.0,25.608377,-0.406041,0.0,7536.045922,43.00501,0.358919,1.0,0.0,0.0,0.0,7611.315415,37.728535,1021.0,3.0,0.0,149.0,0.305211,36.713797,132.169669,36.712932,0.251982,4e-05,-0.455873,-0.758997,-0.000326,0.05338,0.0,0.0,0.0,0.0,0.0,0.0,-9999.0,-9999.0,-9999.0,-9999.0,-9999.0,-9999.0,-9999.0,-9999.0,-9999.0,-9999.0,-9999.0,-9999.0,-9999.0,-9999.0
P25_AV0_4_interaction,active_and_state_lat_and_long_zero_last_source_row_continuous_segment,P25,AV0,4,off_ramp,P25_AV0_4,P25_AV0.1.asc,HV4,60,driver_number,19451,1,324183.33,324183.3335,4.0,4.0,25.612681,92.205651,170.0,37.359258,-7536.168626,-0.451722,4.499218,0.0,25.599782,-0.401891,0.0,7536.447567,43.149436,0.361694,1.0,0.0,0.0,0.0,7611.92644,37.761027,1021.0,3.0,0.0,149.0,0.304095,36.706115,132.142014,36.705273,0.248656,3.5e-05,-0.455757,-0.750598,-0.000339,0.05338,0.0,0.0,0.0,0.0,0.0,0.0,-9999.0,-9999.0,-9999.0,-9999.0,-9999.0,-9999.0,-9999.0,-9999.0,-9999.0,-9999.0,-9999.0,-9999.0,-9999.0,-9999.0
P25_AV0_4_interaction,active_and_state_lat_and_long_zero_last_source_row_continuous_segment,P25,AV0,4,off_ramp,P25_AV0_4,P25_AV0.1.asc,HV4,60,driver_number,19452,1,324200.0,324200.0025,4.0,4.0,25.604078,92.174681,170.0,37.786288,-7536.571091,-0.451903,4.483245,0.0,25.591199,-0.397712,0.0,7536.848653,43.294987,0.364458,1.0,0.0,0.0,0.0,7612.537348,37.793296,1021.0,3.0,0.0,149.0,0.302763,36.698437,132.114375,36.69762,0.244977,2.9e-05,-0.455619,-0.738334,-0.000338,0.051967,0.0,0.0,0.0,0.0,0.0,0.0,-9999.0,-9999.0,-9999.0,-9999.0,-9999.0,-9999.0,-9999.0,-9999.0,-9999.0,-9999.0,-9999.0,-9999.0,-9999.0,-9999.0
P25_AV0_4_interaction,active_and_state_lat_and_long_zero_last_source_row_continuous_segment,P25,AV0,4,off_ramp,P25_AV0_4,P25_AV0.1.asc,HV4,60,driver_number,19453,1,324216.67,324216.6672,4.0,4.0,25.595489,92.14376,170.0,38.212834,-7536.973005,-0.452085,4.46684,0.0,25.582628,-0.393553,0.0,7537.249177,43.441657,0.367214,1.0,0.0,0.0,0.0,7613.14814,37.825346,1021.0,3.0,0.0,149.0,0.301219,36.690764,132.086752,36.689973,0.240954,2.4e-05,-0.455509,-0.728292,-0.000326,0.051967,0.0,0.0,0.0,0.0,0.0,0.0,-9999.0,-9999.0,-9999.0,-9999.0,-9999.0,-9999.0,-9999.0,-9999.0,-9999.0,-9999.0,-9999.0,-9999.0,-9999.0,-9999.0
P25_AV0_4_interaction,active_and_state_lat_and_long_zero_last_source_row_continuous_segment,P25,AV0,4,off_ramp,P25_AV0_4,P25_AV0.1.asc,HV4,60,driver_number,19454,1,324233.33,324233.3343,4.0,4.0,25.586912,92.112884,170.0,38.638903,-7537.374366,-0.452197,4.448818,0.0,25.574068,-0.389491,0.0,7537.649139,43.58944,0.369963,1.0,0.0,0.0,0.0,7613.758814,37.857181,1021.0,3.0,0.0,149.0,0.299466,36.683096,132.059145,36.682333,0.236623,1.8e-05,-0.455401,-0.717519,-0.000301,0.051967,0.0,0.0,0.0,0.0,0.0,0.0,-9999.0,-9999.0,-9999.0,-9999.0,-9999.0,-9999.0,-9999.0,-9999.0,-9999.0,-9999.0,-9999.0,-9999.0,-9999.0,-9999.0
P25_AV0_4_interaction,active_and_state_lat_and_long_zero_last_source_row_continuous_segment,P25,AV0,4,off_ramp,P25_AV0_4,P25_AV0.1.asc,HV4,60,driver_number,19455,1,324250.0,324250.0008,4.0,4.0,25.578347,92.082048,170.0,39.064498,-7537.775174,-0.4523,4.433051,0.0,25.565518,-0.38559,0.0,7538.048536,43.738332,0.372708,1.0,0.0,0.0,0.0,7614.369372,37.888803,1021.0,3.0,0.0,149.0,0.297507,36.675432,132.031554,36.674698,0.232037,1.4e-05,-0.455284,-0.705449,-0.000265,0.051653,0.0,0.0,0.0,0.0,0.0,0.0,-9999.0,-9999.0,-9999.0,-9999.0,-9999.0,-9999.0,-9999.0,-9999.0,-9999.0,-9999.0,-9999.0,-9999.0,-9999.0,-9999.0
P25_AV0_4_interaction,active_and_state_lat_and_long_zero_last_source_row_continuous_segment,P25,AV0,4,off_ramp,P25_AV0_4,P25_AV0.1.asc,HV4,60,driver_number,19456,1,324266.67,324266.6672,4.0,4.0,25.569791,92.051249,170.0,39.489627,-7538.175427,-0.452337,4.417669,0.0,25.556977,-0.381893,0.0,7538.447367,43.888327,0.375451,1.0,0.0,0.0,0.0,7614.979813,37.920217,1021.0,3.0,0.0,149.0,0.295347,36.667772,132.00398,36.667068,0.227234,1e-05,-0.455166,-0.692535,-0.00022,0.051182,0.0,0.0,0.0,0.0,0.0,0.0,-9999.0,-9999.0,-9999.0,-9999.0,-9999.0,-9999.0,-9999.0,-9999.0,-9999.0,-9999.0,-9999.0,-9999.0,-9999.0,-9999.0
P25_AV0_4_interaction,active_and_state_lat_and_long_zero_last_source_row_continuous_segment,P25,AV0,4,off_ramp,P25_AV0_4,P25_AV0.1.asc,HV4,60,driver_number,19457,1,324283.33,324283.3334,4.0,4.0,25.561246,92.020486,170.0,39.914293,-7538.575123,-0.452327,4.402159,0.0,25.548446,-0.378396,0.0,7538.84563,44.039419,0.378194,1.0,0.0,0.0,0.0,7615.590136,37.951426,1021.0,3.0,0.0,149.0,0.292989,36.660118,131.976423,36.659444,0.222253,6e-06,-0.455052,-0.680181,-0.000175,0.051182,0.0,0.0,0.0,0.0,0.0,0.0,-9999.0,-9999.0,-9999.0,-9999.0,-9999.0,-9999.0,-9999.0,-9999.0,-9999.0,-9999.0,-9999.0,-9999.0,-9999.0,-9999.0
P25_AV0_4_interaction,active_and_state_lat_and_long_zero_last_source_row_continuous_segment,P25,AV0,4,off_ramp,P25_AV0_4,P25_AV0.1.asc,HV4,60,driver_number,19458,1,324300.0,324300.0008,4.0,4.0,25.552711,91.989758,170.0,40.341799,-7538.97426,-0.452228,4.386235,0.0,25.539924,-0.375158,0.0,7539.243324,44.191603,0.380937,1.0,0.0,0.0,0.0,7616.200342,37.982434,1021.0,3.0,0.0,149.0,0.290436,36.652468,131.948884,36.651825,0.217132,4e-06,-0.454926,-0.665823,-0.000129,0.050397,0.0,0.0,0.0,0.0,0.0,0.0,-9999.0,-9999.0,-9999.0,-9999.0,-9999.0,-9999.0,-9999.0,-9999.0,-9999.0,-9999.0,-9999.0,-9999.0,-9999.0,-9999.0
P25_AV0_4_interaction,active_and_state_lat_and_long_zero_last_source_row_continuous_segment,P25,AV0,4,off_ramp,P25_AV0_4,P25_AV0.1.asc,HV4,60,driver_number,19459,1,324316.67,324316.6675,4.0,4.0,25.544184,91.959063,170.0,40.768929,-7539.372838,-0.452078,4.371573,0.0,25.531412,-0.372191,0.0,7539.640447,44.344874,0.383682,1.0,0.0,0.0,0.0,7616.81043,38.013245,1021.0,3.0,0.0,149.0,0.287693,36.644823,131.921363,36.64421,0.211902,2e-06,-0.454807,-0.652524,-9e-05,0.05024,0.0,0.0,0.0,0.0,0.0,0.0,-9999.0,-9999.0,-9999.0,-9999.0,-9999.0,-9999.0,-9999.0,-9999.0,-9999.0,-9999.0,-9999.0,-9999.0,-9999.0,-9999.0
P25_AV0_4_interaction,active_and_state_lat_and_long_zero_last_source_row_continuous_segment,P25,AV0,4,off_ramp,P25_AV0_4,P25_AV0.1.asc,HV4,60,driver_number,19460,1,324333.33,324333.3334,4.0,4.0,25.535667,91.928402,170.0,41.195609,-7539.770855,-0.451855,4.356918,0.0,25.522909,-0.369502,0.0,7540.036999,44.499226,0.386429,1.0,0.0,0.0,0.0,7617.4204,38.043863,1021.0,3.0,0.0,149.0,0.284765,36.637183,131.893859,36.636601,0.20658,1e-06,-0.454692,-0.639356,-5.9e-05,0.05024,0.0,0.0,0.0,0.0,0.0,0.0,-9999.0,-9999.0,-9999.0,-9999.0,-9999.0,-9999.0,-9999.0,-9999.0,-9999.0,-9999.0,-9999.0,-9999.0,-9999.0,-9999.0
P25_AV0_4_interaction,active_and_state_lat_and_long_zero_last_source_row_continuous_segment,P25,AV0,4,off_ramp,P25_AV0_4,P25_AV0.1.asc,HV4,60,driver_number,19461,1,324350.0,324350.0009,4.0,4.0,25.52716,91.897775,170.0,41.621844,-7540.168309,-0.451616,4.345392,0.0,25.514417,-0.367105,0.0,7540.432977,44.654655,0.389179,1.0,0.0,0.0,0.0,7618.030252,38.074293,1021.0,3.0,0.0,149.0,0.281654,36.629548,131.866373,36.628995,0.201218,0.0,-0.454558,-0.623712,-3.3e-05,0.049141,0.0,0.002198,0.0,0.0,0.0,0.0,-9999.0,-9999.0,-9999.0,-9999.0,-9999.0,-9999.0,-9999.0,-9999.0,-9999.0,-9999.0,-9999.0,-9999.0,-9999.0,-9999.0
P25_AV0_4_interaction,active_and_state_lat_and_long_zero_last_source_row_continuous_segment,P25,AV0,4,off_ramp,P25_AV0_4,P25_AV0.1.asc,HV4,60,driver_number,19462,1,324366.67,324366.6668,4.0,4.0,25.518662,91.867183,170.0,42.04764,-7540.565199,-0.451329,4.332577,0.0,25.505934,-0.36493,0.0,7540.82838,44.811154,0.391931,1.0,0.0,0.0,0.0,7618.639985,38.104539,1021.0,3.0,0.0,149.0,0.278367,36.62167,131.838012,36.621146,0.19583,-0.0,-0.474457,-0.608983,-3.5e-05,0.048513,0.0,0.0,0.0,0.0,0.0,0.0,-9999.0,-9999.0,-9999.0,-9999.0,-9999.0,-9999.0,-9999.0,-9999.0,-9999.0,-9999.0,-9999.0,-9999.0,-9999.0,-9999.0
P25_AV0_4_interaction,active_and_state_lat_and_long_zero_last_source_row_continuous_segment,P25,AV0,4,off_ramp,P25_AV0_4,P25_AV0.1.asc,HV4,60,driver_number,19463,1,324383.34,324383.3363,4.0,4.0,25.510174,91.836627,170.0,42.473001,-7540.961523,-0.451037,4.321547,0.0,25.49746,-0.362996,0.0,7541.223207,44.96872,0.394685,1.0,0.0,0.0,0.0,7619.249596,38.134604,1021.0,3.0,0.0,149.0,0.274906,36.613941,131.810187,36.613446,0.190428,-1e-06,-0.455792,-0.595594,-5.4e-05,0.048513,0.0,0.0,0.0,0.0,0.0,0.0,-9999.0,-9999.0,-9999.0,-9999.0,-9999.0,-9999.0,-9999.0,-9999.0,-9999.0,-9999.0,-9999.0,-9999.0,-9999.0,-9999.0
P25_AV0_4_interaction,active_and_state_lat_and_long_zero_last_source_row_continuous_segment,P25,AV0,4,off_ramp,P25_AV0_4,P25_AV0.1.asc,HV4,60,driver_number,19464,1,324400.0,324400.0039,4.0,4.0,25.501696,91.806106,170.0,42.897933,-7541.357281,-0.450717,4.310777,0.0,25.488996,-0.361281,0.0,7541.617455,45.127348,0.397441,1.0,0.0,0.0,0.0,7619.859087,38.164494,1021.0,3.0,0.0,149.0,0.271276,36.606311,131.782718,36.605843,0.185049,-2e-06,-0.454505,-0.580197,-6.5e-05,0.047571,0.0,0.0,0.0,0.0,0.0,0.0,-9999.0,-9999.0,-9999.0,-9999.0,-9999.0,-9999.0,-9999.0,-9999.0,-9999.0,-9999.0,-9999.0,-9999.0,-9999.0,-9999.0
P25_AV0_4_interaction,active_and_state_lat_and_long_zero_last_source_row_continuous_segment,P25,AV0,4,off_ramp,P25_AV0_4,P25_AV0.1.asc,HV4,60,driver_number,19465,1,324416.67,324416.6668,4.0,4.0,25.493227,91.775617,170.0,43.322441,-7541.75247,-0.450404,4.300925,0.0,25.480541,-0.359748,0.0,7542.011124,45.287033,0.400199,1.0,0.0,0.0,0.0,7620.468459,38.194213,1021.0,3.0,0.0,149.0,0.267482,36.598692,131.755292,36.598251,0.179716,-3e-06,-0.454138,-0.562898,-4.2e-05,0.045687,0.0,0.0,0.0,0.0,0.0,0.0,-9999.0,-9999.0,-9999.0,-9999.0,-9999.0,-9999.0,-9999.0,-9999.0,-9999.0,-9999.0,-9999.0,-9999.0,-9999.0,-9999.0
P25_AV0_4_interaction,active_and_state_lat_and_long_zero_last_source_row_continuous_segment,P25,AV0,4,off_ramp,P25_AV0_4,P25_AV0.1.asc,HV4,60,driver_number,19466,1,324433.33,324433.3342,4.0,4.0,25.484767,91.745162,170.0,43.746529,-7542.147089,-0.450095,4.291962,0.0,25.472094,-0.358384,0.0,7542.404212,45.447771,0.402959,1.0,0.0,0.0,0.0,7621.077712,38.223764,1021.0,3.0,0.0,149.0,0.263528,36.591081,131.727892,36.590665,0.174439,-3e-06,-0.453928,-0.547037,-1e-05,0.044431,0.0,0.0,0.0,0.0,0.0,0.0,-9999.0,-9999.0,-9999.0,-9999.0,-9999.0,-9999.0,-9999.0,-9999.0,-9999.0,-9999.0,-9999.0,-9999.0,-9999.0,-9999.0
P25_AV0_4_interaction,active_and_state_lat_and_long_zero_last_source_row_continuous_segment,P25,AV0,4,off_ramp,P25_AV0_4,P25_AV0.1.asc,HV4,60,driver_number,19467,1,324450.01,324450.0064,4.0,4.0,25.476316,91.714738,170.0,44.170203,-7542.541136,-0.44979,4.283648,0.0,25.463655,-0.357164,0.0,7542.796716,45.609558,0.405719,1.0,0.0,0.0,0.0,7621.686846,38.253154,1021.0,3.0,0.0,149.0,0.259418,36.583475,131.700512,36.583084,0.169224,-3e-06,-0.453761,-0.53064,2.2e-05,0.042861,0.0,0.0,0.0,0.0,0.0,0.0,-9999.0,-9999.0,-9999.0,-9999.0,-9999.0,-9999.0,-9999.0,-9999.0,-9999.0,-9999.0,-9999.0,-9999.0,-9999.0,-9999.0
P25_AV0_4_interaction,active_and_state_lat_and_long_zero_last_source_row_continuous_segment,P25,AV0,4,off_ramp,P25_AV0_4,P25_AV0.1.asc,HV4,60,driver_number,19468,1,324466.67,324466.6676,4.0,4.0,25.467874,91.684345,170.0,44.593468,-7542.93461,-0.44952,4.277147,0.0,25.455225,-0.356067,0.0,7543.188636,45.77239,0.408479,1.0,0.0,0.0,0.0,7622.29586,38.282386,1021.0,3.0,0.0,149.0,0.255158,36.575875,131.67315,36.575507,0.164085,-3e-06,-0.453607,-0.513722,4.7e-05,0.040977,0.0,0.0,0.0,0.0,0.0,0.0,-9999.0,-9999.0,-9999.0,-9999.0,-9999.0,-9999.0,-9999.0,-9999.0,-9999.0,-9999.0,-9999.0,-9999.0,-9999.0,-9999.0
P25_AV0_4_interaction,active_and_state_lat_and_long_zero_last_source_row_continuous_segment,P25,AV0,4,off_ramp,P25_AV0_4,P25_AV0.1.asc,HV4,60,driver_number,19469,1,324483.33,324483.3334,4.0,4.0,25.459439,91.653981,170.0,45.019139,-7543.327509,-0.44932,4.273147,0.0,25.446802,-0.355054,0.0,7543.579968,45.936264,0.41124,1.0,0.0,0.0,0.0,7622.904754,38.311465,1021.0,3.0,0.0,149.0,0.250751,36.568279,131.645805,36.567933,0.158998,-2e-06,-0.453483,-0.500924,5.5e-05,0.040977,0.0,0.0,0.0,0.0,0.0,0.0,-9999.0,-9999.0,-9999.0,-9999.0,-9999.0,-9999.0,-9999.0,-9999.0,-9999.0,-9999.0,-9999.0,-9999.0,-9999.0,-9999.0
P25_AV0_4_interaction,active_and_state_lat_and_long_zero_last_source_row_continuous_segment,P25,AV0,4,off_ramp,P25_AV0_4,P25_AV0.1.asc,HV4,60,driver_number,19470,1,324500.02,324500.022,4.0,4.0,25.451012,91.623644,170.0,45.444479,-7543.71983,-0.449165,4.268676,0.0,25.438384,-0.354062,0.0,7543.970712,46.101176,0.414,1.0,0.0,0.0,0.0,7623.513529,38.340396,1021.0,3.0,0.0,149.0,0.246203,36.560688,131.618477,36.560364,0.153995,-1e-06,-0.453336,-0.483945,6.1e-05,0.038936,0.0,0.0,0.0,0.0,0.0,0.0,-9999.0,-9999.0,-9999.0,-9999.0,-9999.0,-9999.0,-9999.0,-9999.0,-9999.0,-9999.0,-9999.0,-9999.0,-9999.0,-9999.0
P25_AV0_4_interaction,active_and_state_lat_and_long_zero_last_source_row_continuous_segment,P25,AV0,4,off_ramp,P25_AV0_4,P25_AV0.1.asc,HV4,60,driver_number,19471,1,324516.67,324516.6668,4.0,4.0,25.442592,91.593332,170.0,45.86942,-7544.111572,-0.449098,4.267087,0.0,25.429971,-0.353113,0.0,7544.360863,46.267125,0.41676,1.0,0.0,0.0,0.0,7624.122185,38.369182,1021.0,3.0,0.0,149.0,0.241517,36.553102,131.591166,36.552798,0.14909,0.0,-0.45318,-0.465822,6.3e-05,0.036267,0.0,0.0,0.0,0.0,0.0,0.0,-9999.0,-9999.0,-9999.0,-9999.0,-9999.0,-9999.0,-9999.0,-9999.0,-9999.0,-9999.0,-9999.0,-9999.0,-9999.0,-9999.0
P25_AV0_4_interaction,active_and_state_lat_and_long_zero_last_source_row_continuous_segment,P25,AV0,4,off_ramp,P25_AV0_4,P25_AV0.1.asc,HV4,60,driver_number,19472,1,324533.33,324533.3342,4.0,4.0,25.434177,91.563038,170.0,46.29397,-7544.502733,-0.449092,4.266616,0.0,25.421562,-0.352179,0.0,7544.750421,46.434107,0.41952,1.0,0.0,0.0,0.0,7624.73072,38.397829,1021.0,3.0,0.0,149.0,0.236699,36.545521,131.563875,36.545236,0.144339,2e-06,-0.452974,-0.437662,7.9e-05,0.028731,0.0,0.0,0.0,0.0,0.0,0.0,-9999.0,-9999.0,-9999.0,-9999.0,-9999.0,-9999.0,-9999.0,-9999.0,-9999.0,-9999.0,-9999.0,-9999.0,-9999.0,-9999.0
P25_AV0_4_interaction,active_and_state_lat_and_long_zero_last_source_row_continuous_segment,P25,AV0,4,off_ramp,P25_AV0_4,P25_AV0.1.asc,HV4,60,driver_number,19473,1,324550.0,324550.0007,4.0,4.0,25.425767,91.53276,170.0,46.718132,-7544.893309,-0.449085,4.264095,0.0,25.413156,-0.351241,0.0,7545.139382,46.60212,0.422281,1.0,0.0,0.0,0.0,7625.339135,38.426343,1021.0,3.0,0.0,149.0,0.231754,36.537945,131.536602,36.537678,0.139628,3e-06,-0.452847,-0.425574,6.6e-05,0.028731,0.0,0.0,0.0,0.0,0.0,0.0,-9999.0,-9999.0,-9999.0,-9999.0,-9999.0,-9999.0,-9999.0,-9999.0,-9999.0,-9999.0,-9999.0,-9999.0,-9999.0,-9999.0
P25_AV0_4_interaction,active_and_state_lat_and_long_zero_last_source_row_continuous_segment,P25,AV0,4,off_ramp,P25_AV0_4,P25_AV0.1.asc,HV4,60,driver_number,19474,1,324566.67,324566.6668,4.0,4.0,25.417359,91.502492,170.0,47.141911,-7545.283298,-0.449095,4.262142,0.0,25.404751,-0.350339,0.0,7545.527744,46.771164,0.425043,1.0,0.0,0.0,0.0,7625.947429,38.454728,1021.0,3.0,0.0,149.0,0.226688,36.530374,131.509345,36.530124,0.134969,4e-06,-0.452686,-0.404915,5.6e-05,0.024649,0.0,0.0,0.0,0.0,0.0,0.0,-9999.0,-9999.0,-9999.0,-9999.0,-9999.0,-9999.0,-9999.0,-9999.0,-9999.0,-9999.0,-9999.0,-9999.0,-9999.0,-9999.0
P25_AV0_4_interaction,active_and_state_lat_and_long_zero_last_source_row_continuous_segment,P25,AV0,4,off_ramp,P25_AV0_4,P25_AV0.1.asc,HV4,60,driver_number,19475,1,324583.36,324583.3608,4.0,4.0,25.408953,91.472232,170.0,47.565311,-7545.672699,-0.449188,4.263768,0.0,25.396348,-0.349472,0.0,7545.915503,46.941235,0.427806,1.0,0.0,0.0,0.0,7626.555603,38.48299,1021.0,3.0,0.0,149.0,0.221504,36.522808,131.482108,36.522575,0.130418,5e-06,-0.452486,-0.374126,5.4e-05,0.0157,0.0,0.0,0.0,0.0,0.0,0.0,-9999.0,-9999.0,-9999.0,-9999.0,-9999.0,-9999.0,-9999.0,-9999.0,-9999.0,-9999.0,-9999.0,-9999.0,-9999.0,-9999.0
P25_AV0_4_interaction,active_and_state_lat_and_long_zero_last_source_row_continuous_segment,P25,AV0,4,off_ramp,P25_AV0_4,P25_AV0.1.asc,HV4,60,driver_number,19476,1,324600.0,324600.0001,4.0,4.0,25.40055,91.441978,170.0,47.988338,-7546.061507,-0.449211,4.262019,0.0,25.387946,-0.348631,0.0,7546.302658,47.112332,0.430571,1.0,0.0,0.0,0.0,7627.163656,38.511134,1021.0,3.0,0.0,149.0,0.216211,36.515246,131.454887,36.51503,0.125804,6e-06,-0.452366,-0.36219,2.7e-05,0.0157,0.0,0.0,0.0,0.0,0.0,0.0,-9999.0,-9999.0,-9999.0,-9999.0,-9999.0,-9999.0,-9999.0,-9999.0,-9999.0,-9999.0,-9999.0,-9999.0,-9999.0,-9999.0
P25_AV0_4_interaction,active_and_state_lat_and_long_zero_last_source_row_continuous_segment,P25,AV0,4,off_ramp,P25_AV0_4,P25_AV0.1.asc,HV4,60,driver_number,19477,1,324616.67,324616.6677,4.0,4.0,25.392147,91.411728,170.0,48.410996,-7546.44972,-0.449289,4.26271,0.0,25.379544,-0.347831,0.0,7546.689204,47.284454,0.433338,1.0,0.0,0.0,0.0,7627.771588,38.539166,1021.0,3.0,0.0,149.0,0.210812,36.507689,131.427681,36.507488,0.121167,6e-06,-0.452208,-0.336553,1.3e-05,0.009263,0.0,0.0,0.0,0.0,0.0,0.0,-9999.0,-9999.0,-9999.0,-9999.0,-9999.0,-9999.0,-9999.0,-9999.0,-9999.0,-9999.0,-9999.0,-9999.0,-9999.0,-9999.0
P25_AV0_4_interaction,active_and_state_lat_and_long_zero_last_source_row_continuous_segment,P25,AV0,4,off_ramp,P25_AV0_4,P25_AV0.1.asc,HV4,60,driver_number,19478,1,324633.33,324633.3335,4.0,4.0,25.383745,91.381482,170.0,48.83329,-7546.837335,-0.449293,4.26103,0.0,25.371143,-0.347091,0.0,7547.07514,47.457598,0.436108,1.0,0.0,0.0,0.0,7628.379399,38.567091,1021.0,3.0,0.0,149.0,0.205312,36.500136,131.40049,36.49995,0.11644,6e-06,-0.452082,-0.32,-1.4e-05,0.007222,0.0,0.0,0.0,0.0,0.0,0.0,-9999.0,-9999.0,-9999.0,-9999.0,-9999.0,-9999.0,-9999.0,-9999.0,-9999.0,-9999.0,-9999.0,-9999.0,-9999.0,-9999.0
P25_AV0_4_interaction,active_and_state_lat_and_long_zero_last_source_row_continuous_segment,P25,AV0,4,off_ramp,P25_AV0_4,P25_AV0.1.asc,HV4,60,driver_number,19479,1,324650.0,324650.0003,4.0,4.0,25.375343,91.351236,170.0,49.255224,-7547.224351,-0.449294,4.259632,0.0,25.362742,-0.346403,0.0,7547.460463,47.631762,0.438881,1.0,0.0,0.0,0.0,7628.987089,38.594914,1021.0,3.0,0.0,149.0,0.199718,36.492587,131.373312,36.492416,0.111581,5e-06,-0.451968,-0.305149,-3.8e-05,0.006123,0.0,0.0,0.0,0.0,0.0,0.0,-9999.0,-9999.0,-9999.0,-9999.0,-9999.0,-9999.0,-9999.0,-9999.0,-9999.0,-9999.0,-9999.0,-9999.0,-9999.0,-9999.0
P25_AV0_4_interaction,active_and_state_lat_and_long_zero_last_source_row_continuous_segment,P25,AV0,4,off_ramp,P25_AV0_4,P25_AV0.1.asc,HV4,60,driver_number,19480,1,324666.67,324666.6676,4.0,4.0,25.366943,91.320993,170.0,49.67885,-7547.610763,-0.449317,4.260525,0.0,25.354342,-0.345794,0.0,7547.845169,47.806946,0.441658,1.0,0.0,0.0,0.0,7629.594657,38.62264,1021.0,3.0,0.0,149.0,0.194033,36.48504,131.346145,36.484885,0.106585,4e-06,-0.45186,-0.290988,-5.4e-05,0.005495,0.0,0.0,0.0,0.0,0.0,0.0,-9999.0,-9999.0,-9999.0,-9999.0,-9999.0,-9999.0,-9999.0,-9999.0,-9999.0,-9999.0,-9999.0,-9999.0,-9999.0,-9999.0
P25_AV0_4_interaction,active_and_state_lat_and_long_zero_last_source_row_continuous_segment,P25,AV0,4,off_ramp,P25_AV0_4,P25_AV0.1.asc,HV4,60,driver_number,19481,1,324683.34,324683.3432,4.0,4.0,25.358542,91.290752,170.0,50.102463,-7547.996569,-0.449305,4.260858,0.0,25.345943,-0.345254,0.0,7548.229257,47.983147,0.444438,1.0,0.0,0.0,0.0,7630.202103,38.650273,1021.0,3.0,0.0,149.0,0.188262,36.477497,131.31899,36.477356,0.101466,3e-06,-0.451754,-0.277206,-5.8e-05,0.005181,0.0,0.0,0.0,0.0,0.0,0.0,-9999.0,-9999.0,-9999.0,-9999.0,-9999.0,-9999.0,-9999.0,-9999.0,-9999.0,-9999.0,-9999.0,-9999.0,-9999.0,-9999.0
P25_AV0_4_interaction,active_and_state_lat_and_long_zero_last_source_row_continuous_segment,P25,AV0,4,off_ramp,P25_AV0_4,P25_AV0.1.asc,HV4,60,driver_number,19482,1,324700.0,324700.0007,4.0,4.0,25.350142,91.260512,170.0,50.525729,-7548.381767,-0.449265,4.260248,0.0,25.337544,-0.34477,0.0,7548.612722,48.160364,0.447221,1.0,0.0,0.0,0.0,7630.809427,38.677818,1021.0,3.0,0.0,149.0,0.18241,36.469957,131.291845,36.46983,0.096246,3e-06,-0.45165,-0.263199,-4.6e-05,0.004867,0.0,0.0,0.0,0.0,0.0,0.0,-9999.0,-9999.0,-9999.0,-9999.0,-9999.0,-9999.0,-9999.0,-9999.0,-9999.0,-9999.0,-9999.0,-9999.0,-9999.0,-9999.0
P25_AV0_4_interaction,active_and_state_lat_and_long_zero_last_source_row_continuous_segment,P25,AV0,4,off_ramp,P25_AV0_4,P25_AV0.1.asc,HV4,60,driver_number,19483,1,324716.67,324716.6675,4.0,4.0,25.341743,91.230275,170.0,50.948651,-7548.766353,-0.449161,4.257734,0.0,25.329146,-0.344357,0.0,7548.995563,48.338594,0.450007,1.0,0.0,0.0,0.0,7631.41663,38.705278,1021.0,3.0,0.0,149.0,0.17648,36.46242,131.264711,36.462306,0.090958,2e-06,-0.451546,-0.249032,-1.9e-05,0.004553,0.0,0.0,0.0,0.0,0.0,0.0,-9999.0,-9999.0,-9999.0,-9999.0,-9999.0,-9999.0,-9999.0,-9999.0,-9999.0,-9999.0,-9999.0,-9999.0,-9999.0,-9999.0
P25_AV0_4_interaction,active_and_state_lat_and_long_zero_last_source_row_continuous_segment,P25,AV0,4,off_ramp,P25_AV0_4,P25_AV0.1.asc,HV4,60,driver_number,19484,1,324733.33,324733.3345,4.0,4.0,25.333345,91.20004,170.0,51.371233,-7549.150325,-0.449116,4.259247,0.0,25.320749,-0.344026,0.0,7549.377777,48.517835,0.452797,1.0,0.0,0.0,0.0,7632.02371,38.732658,1021.0,3.0,0.0,149.0,0.170476,36.454886,131.237588,36.454785,0.085624,2e-06,-0.451443,-0.23543,1.8e-05,0.004553,0.0,0.0,0.0,0.0,0.0,0.0,-9999.0,-9999.0,-9999.0,-9999.0,-9999.0,-9999.0,-9999.0,-9999.0,-9999.0,-9999.0,-9999.0,-9999.0,-9999.0,-9999.0
P25_AV0_4_interaction,active_and_state_lat_and_long_zero_last_source_row_continuous_segment,P25,AV0,4,off_ramp,P25_AV0_4,P25_AV0.1.asc,HV4,60,driver_number,19485,1,324750.0,324750.001,4.0,4.0,25.324947,91.16981,170.0,51.793482,-7549.533681,-0.449079,4.261033,0.0,25.312353,-0.343735,0.0,7549.75936,48.698087,0.45559,1.0,0.0,0.0,0.0,7632.630668,38.759962,1021.0,3.0,0.0,149.0,0.164404,36.447354,131.210475,36.447266,0.080274,3e-06,-0.45134,-0.221141,6.1e-05,0.004239,0.0,0.0,0.0,0.0,0.0,0.0,-9999.0,-9999.0,-9999.0,-9999.0,-9999.0,-9999.0,-9999.0,-9999.0,-9999.0,-9999.0,-9999.0,-9999.0,-9999.0,-9999.0
P25_AV0_4_interaction,active_and_state_lat_and_long_zero_last_source_row_continuous_segment,P25,AV0,4,off_ramp,P25_AV0_4,P25_AV0.1.asc,HV4,60,driver_number,19486,1,324766.67,324766.6675,4.0,4.0,25.316551,91.139583,170.0,52.2154,-7549.916417,-0.448986,4.259805,0.0,25.303958,-0.34347,0.0,7550.140311,48.879347,0.458386,1.0,0.0,0.0,0.0,7633.237504,38.787194,1021.0,3.0,0.0,149.0,0.158266,36.439826,131.183372,36.439749,0.07494,4e-06,-0.451234,-0.205904,0.000106,0.003454,0.0,0.0,0.0,0.0,0.0,0.0,-9999.0,-9999.0,-9999.0,-9999.0,-9999.0,-9999.0,-9999.0,-9999.0,-9999.0,-9999.0,-9999.0,-9999.0,-9999.0,-9999.0
P25_AV0_4_interaction,active_and_state_lat_and_long_zero_last_source_row_continuous_segment,P25,AV0,4,off_ramp,P25_AV0_4,P25_AV0.1.asc,HV4,60,driver_number,19487,1,324783.33,324783.3335,4.0,4.0,25.308155,91.109359,170.0,52.636993,-7550.298531,-0.448853,4.258511,0.0,25.295564,-0.343284,0.0,7550.520626,49.061613,0.461185,1.0,0.0,0.0,0.0,7633.844217,38.814359,1021.0,3.0,0.0,149.0,0.152068,36.4323,131.156279,36.432233,0.069632,6e-06,-0.451131,-0.192399,0.000144,0.003454,0.0,0.0,0.0,0.0,0.0,0.0,-9999.0,-9999.0,-9999.0,-9999.0,-9999.0,-9999.0,-9999.0,-9999.0,-9999.0,-9999.0,-9999.0,-9999.0,-9999.0,-9999.0
P25_AV0_4_interaction,active_and_state_lat_and_long_zero_last_source_row_continuous_segment,P25,AV0,4,off_ramp,P25_AV0_4,P25_AV0.1.asc,HV4,60,driver_number,19488,1,324800.01,324800.0115,4.0,4.0,25.29976,91.079138,170.0,53.058264,-7550.68002,-0.448723,4.258342,0.0,25.287172,-0.343152,0.0,7550.900302,49.244884,0.463986,1.0,0.0,0.0,0.0,7634.450807,38.841461,1021.0,3.0,0.0,149.0,0.145814,36.424776,131.129195,36.42472,0.064363,9e-06,-0.451029,-0.179018,0.000177,0.003454,0.0,0.0,0.0,0.0,0.0,0.0,-9999.0,-9999.0,-9999.0,-9999.0,-9999.0,-9999.0,-9999.0,-9999.0,-9999.0,-9999.0,-9999.0,-9999.0,-9999.0,-9999.0
P25_AV0_4_interaction,active_and_state_lat_and_long_zero_last_source_row_continuous_segment,P25,AV0,4,off_ramp,P25_AV0_4,P25_AV0.1.asc,HV4,60,driver_number,19489,1,324816.67,324816.6669,4.0,4.0,25.291367,91.048923,170.0,53.479219,-7551.060881,-0.448601,4.258627,0.0,25.278781,-0.343047,0.0,7551.279338,49.429157,0.46679,1.0,0.0,0.0,0.0,7635.057275,38.868504,1021.0,3.0,0.0,149.0,0.139507,36.417256,131.102121,36.417208,0.059157,1.2e-05,-0.450926,-0.165463,0.0002,0.003454,0.0,0.0,0.0,0.0,0.0,0.0,-9999.0,-9999.0,-9999.0,-9999.0,-9999.0,-9999.0,-9999.0,-9999.0,-9999.0,-9999.0,-9999.0,-9999.0,-9999.0,-9999.0
P25_AV0_4_interaction,active_and_state_lat_and_long_zero_last_source_row_continuous_segment,P25,AV0,4,off_ramp,P25_AV0_4,P25_AV0.1.asc,HV4,60,driver_number,19490,1,324833.35,324833.3531,4.0,4.0,25.282976,91.018714,170.0,53.899861,-7551.441112,-0.448485,4.258984,0.0,25.270393,-0.342958,0.0,7551.657729,49.614431,0.469595,1.0,0.0,0.0,0.0,7635.663619,38.895491,1021.0,3.0,0.0,149.0,0.133153,36.409737,131.075055,36.409697,0.054031,1.6e-05,-0.450824,-0.152445,0.000216,0.003454,0.0,0.0,0.0,0.0,0.0,0.0,-9999.0,-9999.0,-9999.0,-9999.0,-9999.0,-9999.0,-9999.0,-9999.0,-9999.0,-9999.0,-9999.0,-9999.0,-9999.0,-9999.0
P25_AV0_4_interaction,active_and_state_lat_and_long_zero_last_source_row_continuous_segment,P25,AV0,4,off_ramp,P25_AV0_4,P25_AV0.1.asc,HV4,60,driver_number,19491,1,324850.0,324850.001,4.0,4.0,25.274587,90.988512,170.0,54.321401,-7551.820711,-0.448343,4.257937,0.0,25.262006,-0.342876,0.0,7552.035474,49.800704,0.472402,1.0,0.0,0.0,0.0,7636.269841,38.922428,1021.0,3.0,0.0,149.0,0.126754,36.402222,131.047998,36.402189,0.049,2e-05,-0.450721,-0.139668,0.000226,0.003454,0.0,0.0,0.0,0.0,0.0,0.0,-9999.0,-9999.0,-9999.0,-9999.0,-9999.0,-9999.0,-9999.0,-9999.0,-9999.0,-9999.0,-9999.0,-9999.0,-9999.0,-9999.0
P25_AV0_4_interaction,active_and_state_lat_and_long_zero_last_source_row_continuous_segment,P25,AV0,4,off_ramp,P25_AV0_4,P25_AV0.1.asc,HV4,60,driver_number,19492,1,324866.67,324866.6667,4.0,4.0,25.266199,90.958316,170.0,54.743328,-7552.199674,-0.448132,4.255327,0.0,25.253621,-0.342838,0.0,7552.412569,49.987973,0.475209,1.0,0.0,0.0,0.0,7636.875939,38.949317,1021.0,3.0,0.0,149.0,0.120314,36.394708,131.020949,36.394681,0.044082,2.3e-05,-0.450619,-0.12717,0.000231,0.003454,0.0,0.0,0.0,0.0,0.0,0.0,-9999.0,-9999.0,-9999.0,-9999.0,-9999.0,-9999.0,-9999.0,-9999.0,-9999.0,-9999.0,-9999.0,-9999.0,-9999.0,-9999.0
P25_AV0_4_interaction,active_and_state_lat_and_long_zero_last_source_row_continuous_segment,P25,AV0,4,off_ramp,P25_AV0_4,P25_AV0.1.asc,HV4,60,driver_number,19493,1,324883.33,324883.3343,4.0,4.0,25.257813,90.928127,170.0,55.164956,-7552.577998,-0.447993,4.255914,0.0,25.24524,-0.342803,0.0,7552.789013,50.176237,0.478018,1.0,0.0,0.0,0.0,7637.481913,38.976163,1021.0,3.0,0.0,149.0,0.113838,36.387197,130.993908,36.387175,0.03929,2.7e-05,-0.450516,-0.114984,0.000233,0.003454,0.0,0.0,0.0,0.0,0.0,0.0,-9999.0,-9999.0,-9999.0,-9999.0,-9999.0,-9999.0,-9999.0,-9999.0,-9999.0,-9999.0,-9999.0,-9999.0,-9999.0,-9999.0
P25_AV0_4_interaction,active_and_state_lat_and_long_zero_last_source_row_continuous_segment,P25,AV0,4,off_ramp,P25_AV0_4,P25_AV0.1.asc,HV4,60,driver_number,19494,1,324900.02,324900.018,4.0,4.0,25.249431,90.89795,170.0,55.586287,-7552.955682,-0.447797,4.253962,0.0,25.236862,-0.342763,0.0,7553.164803,50.365494,0.480826,1.0,0.0,0.0,0.0,7638.087764,39.002969,1021.0,3.0,0.0,149.0,0.107329,36.379687,130.966875,36.379671,0.034636,3.1e-05,-0.450413,-0.103142,0.000231,0.003297,0.0,0.0,0.0,0.0,0.0,0.0,-9999.0,-9999.0,-9999.0,-9999.0,-9999.0,-9999.0,-9999.0,-9999.0,-9999.0,-9999.0,-9999.0,-9999.0,-9999.0,-9999.0
P25_AV0_4_interaction,active_and_state_lat_and_long_zero_last_source_row_continuous_segment,P25,AV0,4,off_ramp,P25_AV0_4,P25_AV0.1.asc,HV4,60,driver_number,19495,1,324916.68,324916.6795,4.0,4.0,25.24105,90.867782,170.0,56.007327,-7553.332723,-0.447573,4.251085,0.0,25.228487,-0.342724,0.0,7553.539935,50.555741,0.483634,1.0,0.0,0.0,0.0,7638.693492,39.029739,1021.0,3.0,0.0,149.0,0.100791,36.37218,130.939849,36.372168,0.030133,3.5e-05,-0.45031,-0.091669,0.000228,0.003297,0.0,0.0,0.0,0.0,0.0,0.0,-9999.0,-9999.0,-9999.0,-9999.0,-9999.0,-9999.0,-9999.0,-9999.0,-9999.0,-9999.0,-9999.0,-9999.0,-9999.0,-9999.0
P25_AV0_4_interaction,active_and_state_lat_and_long_zero_last_source_row_continuous_segment,P25,AV0,4,off_ramp,P25_AV0_4,P25_AV0.1.asc,HV4,60,driver_number,19496,1,324933.33,324933.3334,4.0,4.0,25.232674,90.837625,170.0,56.428079,-7553.709118,-0.447321,4.247551,0.0,25.220116,-0.342686,0.0,7553.914408,50.746975,0.486441,1.0,0.0,0.0,0.0,7639.299095,39.056476,1021.0,3.0,0.0,149.0,0.094227,36.364675,130.912831,36.364666,0.025789,3.9e-05,-0.450208,-0.080588,0.000224,0.003297,0.0,0.0,0.0,0.0,0.0,0.0,-9999.0,-9999.0,-9999.0,-9999.0,-9999.0,-9999.0,-9999.0,-9999.0,-9999.0,-9999.0,-9999.0,-9999.0,-9999.0,-9999.0
P25_AV0_4_interaction,active_and_state_lat_and_long_zero_last_source_row_continuous_segment,P25,AV0,4,off_ramp,P25_AV0_4,P25_AV0.1.asc,HV4,60,driver_number,19497,1,324950.0,324950.0045,4.0,4.0,25.224301,90.807482,170.0,56.848547,-7554.084865,-0.447107,4.24583,0.0,25.211749,-0.342633,0.0,7554.28822,50.939195,0.489247,1.0,0.0,0.0,0.0,7639.904575,39.083184,1021.0,3.0,0.0,149.0,0.08764,36.357172,130.88582,36.357166,0.021615,4.2e-05,-0.450105,-0.06959,0.000219,0.00314,0.0,0.0,0.0,0.0,0.0,0.0,-9999.0,-9999.0,-9999.0,-9999.0,-9999.0,-9999.0,-9999.0,-9999.0,-9999.0,-9999.0,-9999.0,-9999.0,-9999.0,-9999.0
P25_AV0_4_interaction,active_and_state_lat_and_long_zero_last_source_row_continuous_segment,P25,AV0,4,off_ramp,P25_AV0_4,P25_AV0.1.asc,HV4,60,driver_number,19498,1,324966.67,324966.6676,4.0,4.0,25.215932,90.777355,170.0,57.268737,-7554.459962,-0.446804,4.240461,0.0,25.203387,-0.342564,0.0,7554.661367,51.132397,0.492052,1.0,0.0,0.0,0.0,7640.509931,39.109865,1021.0,3.0,0.0,149.0,0.081033,36.349671,130.858816,36.349667,0.017621,4.6e-05,-0.450002,-0.058695,0.000214,0.002826,0.0,0.0,0.0,0.0,0.0,0.0,-9999.0,-9999.0,-9999.0,-9999.0,-9999.0,-9999.0,-9999.0,-9999.0,-9999.0,-9999.0,-9999.0,-9999.0,-9999.0,-9999.0
P25_AV0_4_interaction,active_and_state_lat_and_long_zero_last_source_row_continuous_segment,P25,AV0,4,off_ramp,P25_AV0_4,P25_AV0.1.asc,HV4,60,driver_number,19499,1,324983.35,324983.3454,4.0,4.0,25.207567,90.747243,170.0,57.688652,-7554.834406,-0.446439,4.233799,0.0,25.195032,-0.342506,0.0,7555.033849,51.326579,0.494853,1.0,0.0,0.0,0.0,7641.115162,39.136523,1021.0,3.0,0.0,149.0,0.074411,36.342172,130.831819,36.342169,0.013827,5e-05,-0.449897,-0.045949,0.000211,0.001413,0.0,0.002198,0.0,0.0,0.0,0.0,-9999.0,-9999.0,-9999.0,-9999.0,-9999.0,-9999.0,-9999.0,-9999.0,-9999.0,-9999.0,-9999.0,-9999.0,-9999.0,-9999.0
P25_AV0_4_interaction,active_and_state_lat_and_long_zero_last_source_row_continuous_segment,P25,AV0,4,off_ramp,P25_AV0_4,P25_AV0.1.asc,HV4,60,driver_number,19500,1,325000.0,325000.0003,4.0,4.0,25.199209,90.717151,170.0,58.108297,-7555.208195,-0.446113,4.229941,0.0,25.186683,-0.342445,0.0,7555.405662,51.521738,0.497652,1.0,0.0,0.0,0.0,7641.720269,39.163161,1021.0,3.0,0.0,149.0,0.067775,36.334426,130.803934,36.334425,0.01023,5.3e-05,-0.469849,-0.033026,0.000189,-0.000314,0.0,0.0,0.0,0.0,0.0,0.0,-9999.0,-9999.0,-9999.0,-9999.0,-9999.0,-9999.0,-9999.0,-9999.0,-9999.0,-9999.0,-9999.0,-9999.0,-9999.0,-9999.0
P25_AV0_4_interaction,active_and_state_lat_and_long_zero_last_source_row_continuous_segment,P25,AV0,4,off_ramp,P25_AV0_4,P25_AV0.1.asc,HV4,60,driver_number,19501,1,325016.67,325016.6677,4.0,4.0,25.190857,90.687084,170.0,58.527676,-7555.581329,-0.44574,4.223841,0.0,25.178342,-0.342347,0.0,7555.776806,51.717869,0.500446,1.0,0.0,0.0,0.0,7642.325248,39.189783,1021.0,3.0,0.0,149.0,0.06113,36.326827,130.776578,36.326826,0.006842,5.6e-05,-0.451145,-0.018905,0.000156,-0.002826,0.0,0.0,0.0,0.0,0.0,0.0,-9999.0,-9999.0,-9999.0,-9999.0,-9999.0,-9999.0,-9999.0,-9999.0,-9999.0,-9999.0,-9999.0,-9999.0,-9999.0,-9999.0
P25_AV0_4_interaction,active_and_state_lat_and_long_zero_last_source_row_continuous_segment,P25,AV0,4,off_ramp,P25_AV0_4,P25_AV0.1.asc,HV4,60,driver_number,19502,1,325033.33,325033.3334,4.0,4.0,25.182512,90.657042,170.0,58.947246,-7555.953804,-0.445384,4.217383,0.0,25.170009,-0.342182,0.0,7556.147279,51.914971,0.503236,1.0,0.0,0.0,0.0,7642.930101,39.216391,1021.0,3.0,0.0,149.0,0.054478,36.319324,130.749565,36.319323,0.00362,5.8e-05,-0.449909,-0.010459,0.000121,-0.002826,0.0,0.0,0.0,0.0,0.0,0.0,-9999.0,-9999.0,-9999.0,-9999.0,-9999.0,-9999.0,-9999.0,-9999.0,-9999.0,-9999.0,-9999.0,-9999.0,-9999.0,-9999.0
P25_AV0_4_interaction,active_and_state_lat_and_long_zero_last_source_row_continuous_segment,P25,AV0,4,off_ramp,P25_AV0_4,P25_AV0.1.asc,HV4,60,driver_number,19503,1,325050.01,325050.0078,4.0,4.0,25.174175,90.627028,170.0,59.367519,-7556.325619,-0.444998,4.210341,0.0,25.161684,-0.341995,0.0,7556.517078,52.113038,0.506021,1.0,0.0,0.0,0.0,7643.534829,39.24299,1021.0,3.0,0.0,149.0,0.047824,36.311829,130.722584,36.311829,0.000654,6e-05,-0.449595,0.014028,0.000135,-0.010676,0.0,0.0,0.0,0.0,0.0,0.0,-9999.0,-9999.0,-9999.0,-9999.0,-9999.0,-9999.0,-9999.0,-9999.0,-9999.0,-9999.0,-9999.0,-9999.0,-9999.0,-9999.0
P25_AV0_4_interaction,active_and_state_lat_and_long_zero_last_source_row_continuous_segment,P25,AV0,4,off_ramp,P25_AV0_4,P25_AV0.1.asc,HV4,60,driver_number,19504,1,325066.67,325066.6671,4.0,4.0,25.165845,90.597042,170.0,59.787539,-7556.696773,-0.444594,4.202138,0.0,25.153367,-0.34175,0.0,7556.886202,52.312069,0.508799,1.0,0.0,0.0,0.0,7644.139433,39.269583,1021.0,3.0,0.0,149.0,0.041171,36.304337,130.695615,36.304337,-0.002131,6.2e-05,-0.449432,0.03116,0.000153,-0.015229,0.0,0.0,0.0,0.0,0.0,0.0,-9999.0,-9999.0,-9999.0,-9999.0,-9999.0,-9999.0,-9999.0,-9999.0,-9999.0,-9999.0,-9999.0,-9999.0,-9999.0,-9999.0
P25_AV0_4_interaction,active_and_state_lat_and_long_zero_last_source_row_continuous_segment,P25,AV0,4,off_ramp,P25_AV0_4,P25_AV0.1.asc,HV4,60,driver_number,19505,1,325083.33,325083.3341,4.0,4.0,25.157524,90.567088,170.0,60.207309,-7557.067263,-0.444266,4.196322,0.0,25.14506,-0.341428,0.0,7557.254649,52.512058,0.511571,1.0,0.0,0.0,0.0,7644.743911,39.296175,1021.0,3.0,0.0,149.0,0.034523,36.296848,130.668654,36.296848,-0.004854,6.5e-05,-0.44931,0.038524,0.000146,-0.015229,0.0,0.0,0.0,0.0,0.0,0.0,-9999.0,-9999.0,-9999.0,-9999.0,-9999.0,-9999.0,-9999.0,-9999.0,-9999.0,-9999.0,-9999.0,-9999.0,-9999.0,-9999.0
P25_AV0_4_interaction,active_and_state_lat_and_long_zero_last_source_row_continuous_segment,P25,AV0,4,off_ramp,P25_AV0_4,P25_AV0.1.asc,HV4,60,driver_number,19506,1,325100.0,325100.0007,4.0,4.0,25.149213,90.537166,170.0,60.626833,-7557.437089,-0.443947,4.18983,0.0,25.136762,-0.341023,0.0,7557.622419,52.713003,0.514336,1.0,0.0,0.0,0.0,7645.348264,39.322768,1021.0,3.0,0.0,149.0,0.027884,36.289361,130.641699,36.28936,-0.007465,6.7e-05,-0.449225,0.061592,0.000145,-0.022765,0.0,0.0,0.0,0.0,0.0,0.0,-9999.0,-9999.0,-9999.0,-9999.0,-9999.0,-9999.0,-9999.0,-9999.0,-9999.0,-9999.0,-9999.0,-9999.0,-9999.0,-9999.0
P25_AV0_4_interaction,active_and_state_lat_and_long_zero_last_source_row_continuous_segment,P25,AV0,4,off_ramp,P25_AV0_4,P25_AV0.1.asc,HV4,60,driver_number,19507,1,325116.67,325116.6667,4.0,4.0,25.14091,90.507276,170.0,61.046117,-7557.806248,-0.443798,4.188331,0.0,25.128472,-0.340494,0.0,7557.989508,52.9149,0.517094,1.0,0.0,0.0,0.0,7645.952492,39.349368,1021.0,3.0,0.0,149.0,0.021258,36.281875,130.614748,36.281873,-0.010053,6.9e-05,-0.449138,0.074981,0.00012,-0.025748,0.0,0.0,0.0,0.0,0.0,0.0,-9999.0,-9999.0,-9999.0,-9999.0,-9999.0,-9999.0,-9999.0,-9999.0,-9999.0,-9999.0,-9999.0,-9999.0,-9999.0,-9999.0
P25_AV0_4_interaction,active_and_state_lat_and_long_zero_last_source_row_continuous_segment,P25,AV0,4,off_ramp,P25_AV0_4,P25_AV0.1.asc,HV4,60,driver_number,19508,1,325133.34,325133.3402,4.0,4.0,25.132616,90.477417,170.0,61.465163,-7558.17474,-0.443717,4.18643,0.0,25.120187,-0.339813,0.0,7558.355916,53.117747,0.519845,1.0,0.0,0.0,0.0,7646.556595,39.375978,1021.0,3.0,0.0,149.0,0.014649,36.27439,130.587803,36.274387,-0.012687,7.1e-05,-0.449049,0.086467,8.4e-05,-0.027789,0.0,0.0,0.0,0.0,0.0,0.0,-9999.0,-9999.0,-9999.0,-9999.0,-9999.0,-9999.0,-9999.0,-9999.0,-9999.0,-9999.0,-9999.0,-9999.0,-9999.0,-9999.0
P25_AV0_4_interaction,active_and_state_lat_and_long_zero_last_source_row_continuous_segment,P25,AV0,4,off_ramp,P25_AV0_4,P25_AV0.1.asc,HV4,60,driver_number,19509,1,325150.0,325150.0011,4.0,4.0,25.124329,90.447584,170.0,61.883977,-7558.542561,-0.44376,4.18649,0.0,25.111908,-0.338979,0.0,7558.72164,53.321541,0.522591,1.0,0.0,0.0,0.0,7647.160572,39.4026,1021.0,3.0,0.0,149.0,0.00806,36.266906,130.560862,36.266903,-0.015404,7.2e-05,-0.448958,0.096462,4.2e-05,-0.029045,0.0,0.0,0.0,0.0,0.0,0.0,-9999.0,-9999.0,-9999.0,-9999.0,-9999.0,-9999.0,-9999.0,-9999.0,-9999.0,-9999.0,-9999.0,-9999.0,-9999.0,-9999.0
P25_AV0_4_interaction,active_and_state_lat_and_long_zero_last_source_row_continuous_segment,P25,AV0,4,off_ramp,P25_AV0_4,P25_AV0.1.asc,HV4,60,driver_number,19510,1,325166.67,325166.667,4.0,4.0,25.116047,90.417771,170.0,62.302562,-7558.909711,-0.443859,4.185286,0.0,25.103632,-0.33799,0.0,7559.086677,53.52628,0.525331,1.0,0.0,0.0,0.0,7647.764424,39.42924,1021.0,3.0,0.0,149.0,0.001495,36.259424,130.533925,36.259419,-0.018219,7.2e-05,-0.448866,0.106003,4e-06,-0.029987,0.0,0.0,0.0,0.0,0.0,0.0,-9999.0,-9999.0,-9999.0,-9999.0,-9999.0,-9999.0,-9999.0,-9999.0,-9999.0,-9999.0,-9999.0,-9999.0,-9999.0,-9999.0
P25_AV0_4_interaction,active_and_state_lat_and_long_zero_last_source_row_continuous_segment,P25,AV0,4,off_ramp,P25_AV0_4,P25_AV0.1.asc,HV4,60,driver_number,19511,1,325183.33,325183.3336,4.0,4.0,25.10777,90.387971,170.0,62.720922,-7559.276185,-0.444062,4.186622,0.0,25.095358,-0.336893,0.0,7559.451024,53.731962,0.528067,1.0,0.0,0.0,0.0,7648.36815,39.455898,1021.0,3.0,0.0,149.0,-0.005045,36.251943,130.506994,36.251937,-0.02113,7.2e-05,-0.448774,0.115431,-2.3e-05,-0.030772,0.0,0.002198,0.0,0.0,0.0,0.0,-9999.0,-9999.0,-9999.0,-9999.0,-9999.0,-9999.0,-9999.0,-9999.0,-9999.0,-9999.0,-9999.0,-9999.0,-9999.0,-9999.0
P25_AV0_4_interaction,active_and_state_lat_and_long_zero_last_source_row_continuous_segment,P25,AV0,4,off_ramp,P25_AV0_4,P25_AV0.1.asc,HV4,60,driver_number,19512,1,325200.0,325200.0003,4.0,4.0,25.099495,90.358181,170.0,63.139061,-7559.641983,-0.444242,4.185625,0.0,25.087084,-0.335717,0.0,7559.814679,53.938587,0.530801,1.0,0.0,0.0,0.0,7648.97175,39.482578,1021.0,3.0,0.0,149.0,-0.011557,36.244214,130.479171,36.244206,-0.024126,7.1e-05,-0.468749,0.125367,-5.6e-05,-0.031714,0.0,0.0,0.0,0.0,0.0,0.0,-9999.0,-9999.0,-9999.0,-9999.0,-9999.0,-9999.0,-9999.0,-9999.0,-9999.0,-9999.0,-9999.0,-9999.0,-9999.0,-9999.0
P25_AV0_4_interaction,active_and_state_lat_and_long_zero_last_source_row_continuous_segment,P25,AV0,4,off_ramp,P25_AV0_4,P25_AV0.1.asc,HV4,60,driver_number,19513,1,325216.67,325216.6676,4.0,4.0,25.091221,90.328394,170.0,63.556984,-7560.0071,-0.444461,4.186338,0.0,25.078811,-0.334513,0.0,7560.177639,54.146151,0.533534,1.0,0.0,0.0,0.0,7649.57522,39.509282,1021.0,3.0,0.0,149.0,-0.018036,36.236632,130.451876,36.236622,-0.027183,7e-05,-0.450045,0.136489,-8.2e-05,-0.033127,0.0,0.0,0.0,0.0,0.0,0.0,-9999.0,-9999.0,-9999.0,-9999.0,-9999.0,-9999.0,-9999.0,-9999.0,-9999.0,-9999.0,-9999.0,-9999.0,-9999.0,-9999.0
P25_AV0_4_interaction,active_and_state_lat_and_long_zero_last_source_row_continuous_segment,P25,AV0,4,off_ramp,P25_AV0_4,P25_AV0.1.asc,HV4,60,driver_number,19514,1,325233.33,325233.3335,4.0,4.0,25.082947,90.298611,170.0,63.97556,-7560.371535,-0.444634,4.184151,0.0,25.070538,-0.33327,0.0,7560.539902,54.354654,0.536267,1.0,0.0,0.0,0.0,7650.178563,39.536014,1021.0,3.0,0.0,149.0,-0.024482,36.229145,130.424922,36.229132,-0.030287,6.8e-05,-0.448831,0.148049,-8.5e-05,-0.034697,0.0,0.0,0.0,0.0,0.0,0.0,-9999.0,-9999.0,-9999.0,-9999.0,-9999.0,-9999.0,-9999.0,-9999.0,-9999.0,-9999.0,-9999.0,-9999.0,-9999.0,-9999.0
P25_AV0_4_interaction,active_and_state_lat_and_long_zero_last_source_row_continuous_segment,P25,AV0,4,off_ramp,P25_AV0_4,P25_AV0.1.asc,HV4,60,driver_number,19515,1,325250.0,325250.0009,4.0,4.0,25.074675,90.268828,170.0,64.393998,-7560.735284,-0.444814,4.183427,0.0,25.062264,-0.332062,0.0,7560.901464,54.564093,0.539002,1.0,0.0,0.0,0.0,7650.78178,39.562777,1021.0,3.0,0.0,149.0,-0.030889,36.221666,130.397997,36.22165,-0.033451,6.7e-05,-0.448522,0.156411,-5.7e-05,-0.034697,0.0,0.0,0.0,0.0,0.0,0.0,-9999.0,-9999.0,-9999.0,-9999.0,-9999.0,-9999.0,-9999.0,-9999.0,-9999.0,-9999.0,-9999.0,-9999.0,-9999.0,-9999.0
P25_AV0_4_interaction,active_and_state_lat_and_long_zero_last_source_row_continuous_segment,P25,AV0,4,off_ramp,P25_AV0_4,P25_AV0.1.asc,HV4,60,driver_number,19516,1,325266.67,325266.6673,4.0,4.0,25.066401,90.239045,170.0,64.81223,-7561.098346,-0.444912,4.180644,0.0,25.053991,-0.330912,0.0,7561.262324,54.774467,0.541738,1.0,0.0,0.0,0.0,7651.38487,39.589573,1021.0,3.0,0.0,149.0,-0.037256,36.21419,130.371082,36.214171,-0.036631,6.7e-05,-0.448379,0.171488,-4e-06,-0.037837,0.0,0.0,0.0,0.0,0.0,0.0,-9999.0,-9999.0,-9999.0,-9999.0,-9999.0,-9999.0,-9999.0,-9999.0,-9999.0,-9999.0,-9999.0,-9999.0,-9999.0,-9999.0
P25_AV0_4_interaction,active_and_state_lat_and_long_zero_last_source_row_continuous_segment,P25,AV0,4,off_ramp,P25_AV0_4,P25_AV0.1.asc,HV4,60,driver_number,19517,1,325283.33,325283.334,4.0,4.0,25.058128,90.20926,170.0,65.230262,-7561.460717,-0.444892,4.176274,0.0,25.045719,-0.329889,0.0,7561.622478,54.985773,0.544478,1.0,0.0,0.0,0.0,7651.987833,39.616406,1021.0,3.0,0.0,149.0,-0.04358,36.206715,130.344173,36.206693,-0.039848,6.7e-05,-0.448272,0.18264,4.1e-05,-0.039093,0.0,0.0,0.0,0.0,0.0,0.0,-9999.0,-9999.0,-9999.0,-9999.0,-9999.0,-9999.0,-9999.0,-9999.0,-9999.0,-9999.0,-9999.0,-9999.0,-9999.0,-9999.0
P25_AV0_4_interaction,active_and_state_lat_and_long_zero_last_source_row_continuous_segment,P25,AV0,4,off_ramp,P25_AV0_4,P25_AV0.1.asc,HV4,60,driver_number,19518,1,325300.0,325300.0003,4.0,4.0,25.049854,90.179476,170.0,65.648096,-7561.822395,-0.444843,4.172278,0.0,25.037448,-0.32896,0.0,7561.981925,55.198008,0.547221,1.0,0.0,0.0,0.0,7652.590671,39.64328,1021.0,3.0,0.0,149.0,-0.049856,36.199241,130.317268,36.199215,-0.043113,6.8e-05,-0.44818,0.193554,7.4e-05,-0.040192,0.0,0.0,0.0,0.0,0.0,0.0,-9999.0,-9999.0,-9999.0,-9999.0,-9999.0,-9999.0,-9999.0,-9999.0,-9999.0,-9999.0,-9999.0,-9999.0,-9999.0,-9999.0
P25_AV0_4_interaction,active_and_state_lat_and_long_zero_last_source_row_continuous_segment,P25,AV0,4,off_ramp,P25_AV0_4,P25_AV0.1.asc,HV4,60,driver_number,19519,1,325316.67,325316.672,4.0,4.0,25.041583,90.149699,170.0,66.065736,-7562.183379,-0.444783,4.171035,0.0,25.029179,-0.328172,0.0,7562.340663,55.41117,0.549967,1.0,0.0,0.0,0.0,7653.193381,39.670197,1021.0,3.0,0.0,149.0,-0.056082,36.191769,130.290367,36.191739,-0.046437,7e-05,-0.448085,0.202257,8.7e-05,-0.040192,0.0,0.0,0.0,0.0,0.0,0.0,-9999.0,-9999.0,-9999.0,-9999.0,-9999.0,-9999.0,-9999.0,-9999.0,-9999.0,-9999.0,-9999.0,-9999.0,-9999.0,-9999.0
P25_AV0_4_interaction,active_and_state_lat_and_long_zero_last_source_row_continuous_segment,P25,AV0,4,off_ramp,P25_AV0_4,P25_AV0.1.asc,HV4,60,driver_number,19520,1,325333.34,325333.3367,4.0,4.0,25.033313,90.119928,170.0,66.483188,-7562.543666,-0.444639,4.166885,0.0,25.020913,-0.327472,0.0,7562.698689,55.625256,0.552717,1.0,0.0,0.0,0.0,7653.795965,39.69716,1021.0,3.0,0.0,149.0,-0.062254,36.184297,130.263469,36.184263,-0.049806,7.1e-05,-0.447995,0.212384,9e-05,-0.04082,0.0,0.0,0.0,0.0,0.0,0.0,-9999.0,-9999.0,-9999.0,-9999.0,-9999.0,-9999.0,-9999.0,-9999.0,-9999.0,-9999.0,-9999.0,-9999.0,-9999.0,-9999.0
P25_AV0_4_interaction,active_and_state_lat_and_long_zero_last_source_row_continuous_segment,P25,AV0,4,off_ramp,P25_AV0_4,P25_AV0.1.asc,HV4,60,driver_number,19521,1,325350.0,325350.0009,4.0,4.0,25.025046,90.090166,170.0,66.900454,-7562.903254,-0.444396,4.161109,0.0,25.012651,-0.326912,0.0,7563.056002,55.840262,0.555469,1.0,0.0,0.0,0.0,7654.398422,39.724172,1021.0,3.0,0.0,149.0,-0.068371,36.176826,130.236575,36.176787,-0.053222,7.2e-05,-0.447901,0.221249,8.5e-05,-0.040349,0.0,0.0,0.0,0.0,0.0,0.0,-9999.0,-9999.0,-9999.0,-9999.0,-9999.0,-9999.0,-9999.0,-9999.0,-9999.0,-9999.0,-9999.0,-9999.0,-9999.0,-9999.0
P25_AV0_4_interaction,active_and_state_lat_and_long_zero_last_source_row_continuous_segment,P25,AV0,4,off_ramp,P25_AV0_4,P25_AV0.1.asc,HV4,60,driver_number,19522,1,325366.67,325366.6675,4.0,4.0,25.016782,90.060414,170.0,67.317539,-7563.262142,-0.444163,4.15749,0.0,25.004393,-0.326464,0.0,7563.4126,56.056187,0.558224,1.0,0.0,0.0,0.0,7655.000752,39.751237,1021.0,3.0,0.0,149.0,-0.074428,36.169357,130.209684,36.169312,-0.056667,7.4e-05,-0.447807,0.23018,7.6e-05,-0.040349,0.0,0.0,0.0,0.0,0.0,0.0,-9999.0,-9999.0,-9999.0,-9999.0,-9999.0,-9999.0,-9999.0,-9999.0,-9999.0,-9999.0,-9999.0,-9999.0,-9999.0,-9999.0
P25_AV0_4_interaction,active_and_state_lat_and_long_zero_last_source_row_continuous_segment,P25,AV0,4,off_ramp,P25_AV0_4,P25_AV0.1.asc,HV4,60,driver_number,19523,1,325383.33,325383.3338,4.0,4.0,25.008522,90.030677,170.0,67.734446,-7563.620327,-0.443875,4.153027,0.0,24.99614,-0.32612,0.0,7563.768481,56.273027,0.560982,1.0,0.0,0.0,0.0,7655.602955,39.778356,1021.0,3.0,0.0,149.0,-0.080424,36.161888,130.182797,36.161838,-0.06012,7.5e-05,-0.447713,0.239122,6.7e-05,-0.040192,0.0,0.0,0.0,0.0,0.0,0.0,-9999.0,-9999.0,-9999.0,-9999.0,-9999.0,-9999.0,-9999.0,-9999.0,-9999.0,-9999.0,-9999.0,-9999.0,-9999.0,-9999.0
P25_AV0_4_interaction,active_and_state_lat_and_long_zero_last_source_row_continuous_segment,P25,AV0,4,off_ramp,P25_AV0_4,P25_AV0.1.asc,HV4,60,driver_number,19524,1,325400.0,325400.0009,4.0,4.0,25.000266,90.000956,170.0,68.15118,-7563.977809,-0.443471,4.145,0.0,24.987892,-0.325875,0.0,7564.123643,56.490779,0.56374,1.0,0.0,0.0,0.0,7656.205031,39.805532,1021.0,3.0,0.0,149.0,-0.086356,36.15442,130.155914,36.154365,-0.06357,7.6e-05,-0.447616,0.247489,6e-05,-0.039564,0.0,0.0,0.0,0.0,0.0,0.0,-9999.0,-9999.0,-9999.0,-9999.0,-9999.0,-9999.0,-9999.0,-9999.0,-9999.0,-9999.0,-9999.0,-9999.0,-9999.0,-9999.0
P25_AV0_4_interaction,active_and_state_lat_and_long_zero_last_source_row_continuous_segment,P25,AV0,4,off_ramp,P25_AV0_4,P25_AV0.1.asc,HV4,60,driver_number,19525,1,325416.67,325416.6745,4.0,4.0,24.992015,89.971254,170.0,68.567961,-7564.334584,-0.443049,4.137747,0.0,24.979651,-0.325719,0.0,7564.478086,56.709439,0.566498,1.0,0.0,0.0,0.0,7656.80698,39.832768,1021.0,3.0,0.0,149.0,-0.092221,36.146954,130.129034,36.146892,-0.067022,7.7e-05,-0.447511,0.254017,5.4e-05,-0.038465,0.0,0.0,0.0,0.0,0.0,0.0,-9999.0,-9999.0,-9999.0,-9999.0,-9999.0,-9999.0,-9999.0,-9999.0,-9999.0,-9999.0,-9999.0,-9999.0,-9999.0,-9999.0
P25_AV0_4_interaction,active_and_state_lat_and_long_zero_last_source_row_continuous_segment,P25,AV0,4,off_ramp,P25_AV0_4,P25_AV0.1.asc,HV4,60,driver_number,19526,1,325433.33,325433.334,4.0,4.0,24.983771,89.941575,170.0,68.984828,-7564.690653,-0.442545,4.128781,0.0,24.971419,-0.325649,0.0,7564.831807,56.929003,0.569256,1.0,0.0,0.0,0.0,7657.408801,39.860067,1021.0,3.0,0.0,149.0,-0.098017,36.139488,130.102159,36.13942,-0.070444,7.8e-05,-0.447407,0.260799,5e-05,-0.037523,0.0,0.0,0.0,0.0,0.0,0.0,-9999.0,-9999.0,-9999.0,-9999.0,-9999.0,-9999.0,-9999.0,-9999.0,-9999.0,-9999.0,-9999.0,-9999.0,-9999.0,-9999.0
P25_AV0_4_interaction,active_and_state_lat_and_long_zero_last_source_row_continuous_segment,P25,AV0,4,off_ramp,P25_AV0_4,P25_AV0.1.asc,HV4,60,driver_number,19527,1,325450.0,325450.0008,4.0,4.0,24.975534,89.911922,170.0,69.401533,-7565.046013,-0.441933,4.116611,0.0,24.963195,-0.325647,0.0,7565.184806,57.149468,0.572011,1.0,0.0,0.0,0.0,7658.010495,39.88743,1021.0,3.0,0.0,149.0,-0.103742,36.132024,130.075287,36.131949,-0.073813,7.9e-05,-0.4473,0.266445,4.8e-05,-0.03611,0.0,0.0,0.0,0.0,0.0,0.0,-9999.0,-9999.0,-9999.0,-9999.0,-9999.0,-9999.0,-9999.0,-9999.0,-9999.0,-9999.0,-9999.0,-9999.0,-9999.0,-9999.0
P25_AV0_4_interaction,active_and_state_lat_and_long_zero_last_source_row_continuous_segment,P25,AV0,4,off_ramp,P25_AV0_4,P25_AV0.1.asc,HV4,60,driver_number,19528,1,325466.67,325466.6673,4.0,4.0,24.967306,89.882301,170.0,69.81808,-7565.400664,-0.441244,4.103409,0.0,24.954983,-0.325719,0.0,7565.537082,57.370829,0.574762,1.0,0.0,0.0,0.0,7658.612061,39.91486,1021.0,3.0,0.0,149.0,-0.109393,36.124561,130.048419,36.124479,-0.077088,7.9e-05,-0.447205,0.27486,5.4e-05,-0.03611,0.0,0.0,0.0,0.0,0.0,0.0,-9999.0,-9999.0,-9999.0,-9999.0,-9999.0,-9999.0,-9999.0,-9999.0,-9999.0,-9999.0,-9999.0,-9999.0,-9999.0,-9999.0
P25_AV0_4_interaction,active_and_state_lat_and_long_zero_last_source_row_continuous_segment,P25,AV0,4,off_ramp,P25_AV0_4,P25_AV0.1.asc,HV4,60,driver_number,19529,1,325483.33,325483.3343,4.0,4.0,24.959088,89.852717,170.0,70.234474,-7565.754605,-0.440452,4.088269,0.0,24.946785,-0.325861,0.0,7565.888634,57.59308,0.577507,1.0,0.0,0.0,0.0,7659.2135,39.942358,1021.0,3.0,0.0,149.0,-0.114968,36.117099,130.021555,36.117009,-0.080259,8e-05,-0.447104,0.28167,6.1e-05,-0.035482,0.0,0.0,0.0,0.0,0.0,0.0,-9999.0,-9999.0,-9999.0,-9999.0,-9999.0,-9999.0,-9999.0,-9999.0,-9999.0,-9999.0,-9999.0,-9999.0,-9999.0,-9999.0
P25_AV0_4_interaction,active_and_state_lat_and_long_zero_last_source_row_continuous_segment,P25,AV0,4,off_ramp,P25_AV0_4,P25_AV0.1.asc,HV4,60,driver_number,19530,1,325500.0,325500.0002,4.0,4.0,24.950882,89.823177,170.0,70.650718,-7566.107836,-0.439597,4.072601,0.0,24.938602,-0.326049,0.0,7566.239464,57.816217,0.580243,1.0,0.0,0.0,0.0,7659.848213,39.971462,1021.0,3.0,0.0,149.0,-0.120768,36.109223,129.993203,36.109126,-0.083498,8.1e-05,-0.446988,0.28629,6.5e-05,-0.033755,0.0,0.0,0.0,0.0,0.0,0.0,-9999.0,-9999.0,-9999.0,-9999.0,-9999.0,-9999.0,-9999.0,-9999.0,-9999.0,-9999.0,-9999.0,-9999.0,-9999.0,-9999.0
P25_AV0_4_interaction,active_and_state_lat_and_long_zero_last_source_row_continuous_segment,P25,AV0,4,off_ramp,P25_AV0_4,P25_AV0.1.asc,HV4,60,driver_number,19531,1,325516.67,325516.6675,4.0,4.0,24.942692,89.79369,170.0,71.066817,-7566.460357,-0.438693,4.054892,0.0,24.930437,-0.326213,0.0,7566.589571,58.040233,0.582969,1.0,0.0,0.0,0.0,7660.415993,39.997571,1021.0,3.0,0.0,149.0,-0.125882,36.102177,129.967839,36.102074,-0.086278,8.3e-05,-0.446889,0.291428,6.8e-05,-0.032813,0.0,0.0,0.0,0.0,0.0,0.0,-9999.0,-9999.0,-9999.0,-9999.0,-9999.0,-9999.0,-9999.0,-9999.0,-9999.0,-9999.0,-9999.0,-9999.0,-9999.0,-9999.0
P25_AV0_4_interaction,active_and_state_lat_and_long_zero_last_source_row_continuous_segment,P25,AV0,4,off_ramp,P25_AV0_4,P25_AV0.1.asc,HV4,60,driver_number,19532,1,325533.33,325533.3342,4.0,4.0,24.934517,89.764262,170.0,71.482774,-7566.81217,-0.437801,4.036992,0.0,24.922289,-0.326312,0.0,7566.938957,58.265121,0.585683,1.0,0.0,0.0,0.0,7661.017048,40.025288,1021.0,3.0,0.0,149.0,-0.131218,36.094719,129.940987,36.094609,-0.089084,8.4e-05,-0.446784,0.29629,6.9e-05,-0.031714,0.0,0.0,0.0,0.0,0.0,0.0,-9999.0,-9999.0,-9999.0,-9999.0,-9999.0,-9999.0,-9999.0,-9999.0,-9999.0,-9999.0,-9999.0,-9999.0,-9999.0,-9999.0
P25_AV0_4_interaction,active_and_state_lat_and_long_zero_last_source_row_continuous_segment,P25,AV0,4,off_ramp,P25_AV0_4,P25_AV0.1.asc,HV4,60,driver_number,19533,1,325550.0,325550.0008,4.0,4.0,24.926361,89.734898,170.0,71.898594,-7567.163273,-0.436976,4.022013,0.0,24.914161,-0.326342,0.0,7567.287621,58.490877,0.588381,1.0,0.0,0.0,0.0,7661.617976,40.053082,1021.0,3.0,0.0,149.0,-0.13647,36.087261,129.914139,36.087144,-0.091725,8.5e-05,-0.446686,0.303066,7.5e-05,-0.031714,0.0,0.0,0.0,0.0,0.0,0.0,-9999.0,-9999.0,-9999.0,-9999.0,-9999.0,-9999.0,-9999.0,-9999.0,-9999.0,-9999.0,-9999.0,-9999.0,-9999.0,-9999.0
P25_AV0_4_interaction,active_and_state_lat_and_long_zero_last_source_row_continuous_segment,P25,AV0,4,off_ramp,P25_AV0_4,P25_AV0.1.asc,HV4,60,driver_number,19534,1,325566.67,325566.6668,4.0,4.0,24.918222,89.705601,170.0,72.314281,-7567.513669,-0.43611,4.001707,0.0,24.906051,-0.326206,0.0,7567.635565,58.717493,0.591064,1.0,0.0,0.0,0.0,7662.218775,40.080954,1021.0,3.0,0.0,149.0,-0.141637,36.079804,129.887296,36.079681,-0.094201,8.6e-05,-0.446581,0.307429,7.7e-05,-0.030772,0.0,0.0,0.0,0.0,0.0,0.0,-9999.0,-9999.0,-9999.0,-9999.0,-9999.0,-9999.0,-9999.0,-9999.0,-9999.0,-9999.0,-9999.0,-9999.0,-9999.0,-9999.0
P25_AV0_4_interaction,active_and_state_lat_and_long_zero_last_source_row_continuous_segment,P25,AV0,4,off_ramp,P25_AV0_4,P25_AV0.1.asc,HV4,60,driver_number,19535,1,325583.33,325583.3343,4.0,4.0,24.910103,89.676372,170.0,72.729838,-7567.863357,-0.43541,3.986156,0.0,24.897961,-0.325901,0.0,7567.98279,58.944964,0.593728,1.0,0.0,0.0,0.0,7662.819446,40.108905,1021.0,3.0,0.0,149.0,-0.146718,36.072349,129.860456,36.07222,-0.096501,8.7e-05,-0.446477,0.311692,7.8e-05,-0.029987,0.0,0.0,0.0,0.0,0.0,0.0,-9999.0,-9999.0,-9999.0,-9999.0,-9999.0,-9999.0,-9999.0,-9999.0,-9999.0,-9999.0,-9999.0,-9999.0,-9999.0,-9999.0
P25_AV0_4_interaction,active_and_state_lat_and_long_zero_last_source_row_continuous_segment,P25,AV0,4,off_ramp,P25_AV0_4,P25_AV0.1.asc,HV4,60,driver_number,19536,1,325600.0,325600.0009,4.0,4.0,24.902004,89.647214,170.0,73.145271,-7568.212339,-0.43482,3.972063,0.0,24.889889,-0.325359,0.0,7568.329295,59.173284,0.596373,1.0,0.0,0.0,0.0,7663.419988,40.136938,1021.0,3.0,0.0,149.0,-0.151711,36.064895,129.833621,36.06476,-0.098609,8.9e-05,-0.446378,0.316494,7.8e-05,-0.029673,0.0,0.0,0.0,0.0,0.0,0.0,-9999.0,-9999.0,-9999.0,-9999.0,-9999.0,-9999.0,-9999.0,-9999.0,-9999.0,-9999.0,-9999.0,-9999.0,-9999.0,-9999.0
P25_AV0_4_interaction,active_and_state_lat_and_long_zero_last_source_row_continuous_segment,P25,AV0,4,off_ramp,P25_AV0_4,P25_AV0.1.asc,HV4,60,driver_number,19537,1,325616.67,325616.6673,4.0,4.0,24.893923,89.618123,170.0,73.56059,-7568.560616,-0.434396,3.96044,0.0,24.881834,-0.324527,0.0,7568.675082,59.402447,0.598999,1.0,0.0,0.0,0.0,7664.020403,40.165053,1021.0,3.0,0.0,149.0,-0.156614,36.057442,129.80679,36.057302,-0.100523,9e-05,-0.446279,0.320813,7.8e-05,-0.029359,0.0,0.0,0.0,0.0,0.0,0.0,-9999.0,-9999.0,-9999.0,-9999.0,-9999.0,-9999.0,-9999.0,-9999.0,-9999.0,-9999.0,-9999.0,-9999.0,-9999.0,-9999.0
P25_AV0_4_interaction,active_and_state_lat_and_long_zero_last_source_row_continuous_segment,P25,AV0,4,off_ramp,P25_AV0_4,P25_AV0.1.asc,HV4,60,driver_number,19538,1,325633.33,325633.3336,4.0,4.0,24.88586,89.589095,170.0,73.975792,-7568.908187,-0.434089,3.949745,0.0,24.873794,-0.323418,0.0,7569.02015,59.632448,0.601605,1.0,0.0,0.0,0.0,7664.620689,40.193252,1021.0,3.0,0.0,149.0,-0.161426,36.04999,129.779963,36.049845,-0.102238,9.1e-05,-0.446183,0.32532,7.7e-05,-0.029359,0.0,0.0,0.0,0.0,0.0,0.0,-9999.0,-9999.0,-9999.0,-9999.0,-9999.0,-9999.0,-9999.0,-9999.0,-9999.0,-9999.0,-9999.0,-9999.0,-9999.0,-9999.0
P25_AV0_4_interaction,active_and_state_lat_and_long_zero_last_source_row_continuous_segment,P25,AV0,4,off_ramp,P25_AV0_4,P25_AV0.1.asc,HV4,60,driver_number,19539,1,325650.0,325650.001,4.0,4.0,24.877812,89.560124,170.0,74.39088,-7569.255053,-0.4339,3.939065,0.0,24.865768,-0.322008,0.0,7569.364499,59.863284,0.604194,1.0,0.0,0.0,0.0,7665.220847,40.221536,1021.0,3.0,0.0,149.0,-0.166147,36.042539,129.75314,36.04239,-0.103762,9.3e-05,-0.446087,0.329351,7.3e-05,-0.029359,0.0,0.0,0.0,0.0,0.0,0.0,-9999.0,-9999.0,-9999.0,-9999.0,-9999.0,-9999.0,-9999.0,-9999.0,-9999.0,-9999.0,-9999.0,-9999.0,-9999.0,-9999.0
P25_AV0_4_interaction,active_and_state_lat_and_long_zero_last_source_row_continuous_segment,P25,AV0,4,off_ramp,P25_AV0_4,P25_AV0.1.asc,HV4,60,driver_number,19540,1,325666.67,325666.6678,4.0,4.0,24.869779,89.531205,170.0,74.80586,-7569.601213,-0.433784,3.927298,0.0,24.857753,-0.320329,0.0,7569.708128,60.09495,0.606765,1.0,0.0,0.0,0.0,7665.820877,40.249907,1021.0,3.0,0.0,149.0,-0.170774,36.035089,129.726321,36.034936,-0.105103,9.4e-05,-0.44599,0.332927,6.8e-05,-0.029359,0.0,0.0,0.0,0.0,0.0,0.0,-9999.0,-9999.0,-9999.0,-9999.0,-9999.0,-9999.0,-9999.0,-9999.0,-9999.0,-9999.0,-9999.0,-9999.0,-9999.0,-9999.0
P25_AV0_4_interaction,active_and_state_lat_and_long_zero_last_source_row_continuous_segment,P25,AV0,4,off_ramp,P25_AV0_4,P25_AV0.1.asc,HV4,60,driver_number,19541,1,325683.35,325683.3477,4.0,4.0,24.861759,89.502332,170.0,75.220733,-7569.946667,-0.433765,3.916651,0.0,24.849749,-0.318419,0.0,7570.051037,60.327443,0.60932,1.0,0.0,0.0,0.0,7666.420778,40.278364,1021.0,3.0,0.0,149.0,-0.175307,36.027641,129.699507,36.027484,-0.106269,9.5e-05,-0.445894,0.336069,6.1e-05,-0.029359,0.0,0.0,0.0,0.0,0.0,0.0,-9999.0,-9999.0,-9999.0,-9999.0,-9999.0,-9999.0,-9999.0,-9999.0,-9999.0,-9999.0,-9999.0,-9999.0,-9999.0,-9999.0
P25_AV0_4_interaction,active_and_state_lat_and_long_zero_last_source_row_continuous_segment,P25,AV0,4,off_ramp,P25_AV0_4,P25_AV0.1.asc,HV4,60,driver_number,19542,1,325700.0,325700.0008,4.0,4.0,24.85375,89.473499,170.0,75.635505,-7570.291415,-0.433868,3.909225,0.0,24.841754,-0.316314,0.0,7570.393226,60.560757,0.611862,1.0,0.0,0.0,0.0,7667.020551,40.30691,1021.0,3.0,0.0,149.0,-0.179746,36.020194,129.672698,36.020034,-0.107272,9.6e-05,-0.445794,0.338139,5.2e-05,-0.029045,0.0,0.0,0.0,0.0,0.0,0.0,-9999.0,-9999.0,-9999.0,-9999.0,-9999.0,-9999.0,-9999.0,-9999.0,-9999.0,-9999.0,-9999.0,-9999.0,-9999.0,-9999.0
P25_AV0_4_interaction,active_and_state_lat_and_long_zero_last_source_row_continuous_segment,P25,AV0,4,off_ramp,P25_AV0_4,P25_AV0.1.asc,HV4,60,driver_number,19543,1,325716.67,325716.6668,4.0,4.0,24.84575,89.444701,170.0,76.050178,-7570.635455,-0.433912,3.896684,0.0,24.833766,-0.314053,0.0,7570.734692,60.79489,0.614392,1.0,0.0,0.0,0.0,7667.620195,40.335544,1021.0,3.0,0.0,149.0,-0.184088,36.012748,129.645894,36.012586,-0.108121,9.7e-05,-0.445696,0.340477,4.5e-05,-0.029045,0.0,0.0,0.0,0.0,0.0,0.0,-9999.0,-9999.0,-9999.0,-9999.0,-9999.0,-9999.0,-9999.0,-9999.0,-9999.0,-9999.0,-9999.0,-9999.0,-9999.0,-9999.0
P25_AV0_4_interaction,active_and_state_lat_and_long_zero_last_source_row_continuous_segment,P25,AV0,4,off_ramp,P25_AV0_4,P25_AV0.1.asc,HV4,60,driver_number,19544,1,325733.33,325733.334,4.0,4.0,24.837759,89.415933,170.0,76.464757,-7570.978788,-0.434092,3.887508,0.0,24.825786,-0.311694,0.0,7571.075437,61.029837,0.616912,1.0,0.0,0.0,0.0,7668.21971,40.364268,1021.0,3.0,0.0,149.0,-0.188334,36.005304,129.619095,36.00514,-0.108817,9.7e-05,-0.445598,0.342445,3.8e-05,-0.029045,0.0,0.0,0.0,0.0,0.0,0.0,-9999.0,-9999.0,-9999.0,-9999.0,-9999.0,-9999.0,-9999.0,-9999.0,-9999.0,-9999.0,-9999.0,-9999.0,-9999.0,-9999.0
P25_AV0_4_interaction,active_and_state_lat_and_long_zero_last_source_row_continuous_segment,P25,AV0,4,off_ramp,P25_AV0_4,P25_AV0.1.asc,HV4,60,driver_number,19545,1,325750.0,325750.0002,4.0,4.0,24.829776,89.387192,170.0,76.879245,-7571.321411,-0.434137,3.874501,0.0,24.817811,-0.309308,0.0,7571.415459,61.265596,0.619424,1.0,0.0,0.0,0.0,7668.819098,40.393082,1021.0,3.0,0.0,149.0,-0.192483,35.997861,129.592301,35.997695,-0.109368,9.8e-05,-0.445501,0.344051,3.4e-05,-0.029045,0.0,0.0,0.0,0.0,0.0,0.0,-9999.0,-9999.0,-9999.0,-9999.0,-9999.0,-9999.0,-9999.0,-9999.0,-9999.0,-9999.0,-9999.0,-9999.0,-9999.0,-9999.0
P25_AV0_4_interaction,active_and_state_lat_and_long_zero_last_source_row_continuous_segment,P25,AV0,4,off_ramp,P25_AV0_4,P25_AV0.1.asc,HV4,60,driver_number,19546,1,325766.67,325766.6675,4.0,4.0,24.821798,89.358472,170.0,77.293646,-7571.663326,-0.434088,3.859297,0.0,24.809844,-0.306964,0.0,7571.754757,61.502161,0.62193,1.0,0.0,0.0,0.0,7669.418356,40.421986,1021.0,3.0,0.0,149.0,-0.196535,35.99042,129.565512,35.990253,-0.109783,9.8e-05,-0.445403,0.345315,3.1e-05,-0.029045,0.0,0.0,0.0,0.0,0.0,0.0,-9999.0,-9999.0,-9999.0,-9999.0,-9999.0,-9999.0,-9999.0,-9999.0,-9999.0,-9999.0,-9999.0,-9999.0,-9999.0,-9999.0
P25_AV0_4_interaction,active_and_state_lat_and_long_zero_last_source_row_continuous_segment,P25,AV0,4,off_ramp,P25_AV0_4,P25_AV0.1.asc,HV4,60,driver_number,19547,1,325783.34,325783.3411,4.0,4.0,24.813827,89.329777,170.0,77.707963,-7572.004531,-0.433957,3.843798,0.0,24.801885,-0.304731,0.0,7572.093332,61.739528,0.624431,1.0,0.0,0.0,0.0,7670.017486,40.450981,1021.0,3.0,0.0,149.0,-0.20049,35.98298,129.538729,35.982812,-0.110084,9.9e-05,-0.445299,0.344938,2.7e-05,-0.028417,0.0,0.0,0.0,0.0,0.0,0.0,-9999.0,-9999.0,-9999.0,-9999.0,-9999.0,-9999.0,-9999.0,-9999.0,-9999.0,-9999.0,-9999.0,-9999.0,-9999.0,-9999.0
P25_AV0_4_interaction,active_and_state_lat_and_long_zero_last_source_row_continuous_segment,P25,AV0,4,off_ramp,P25_AV0_4,P25_AV0.1.asc,HV4,60,driver_number,19548,1,325800.0,325800.0002,4.0,4.0,24.805863,89.301108,170.0,78.122026,-7572.345026,-0.433726,3.827319,0.0,24.793935,-0.302641,0.0,7572.431184,61.977692,0.626928,1.0,0.0,0.0,0.0,7670.616488,40.480067,1021.0,3.0,0.0,149.0,-0.204346,35.975542,129.511952,35.975373,-0.110266,9.9e-05,-0.4452,0.345595,2.7e-05,-0.028417,0.0,0.0,0.0,0.0,0.0,0.0,-9999.0,-9999.0,-9999.0,-9999.0,-9999.0,-9999.0,-9999.0,-9999.0,-9999.0,-9999.0,-9999.0,-9999.0,-9999.0,-9999.0
P25_AV0_4_interaction,active_and_state_lat_and_long_zero_last_source_row_continuous_segment,P25,AV0,4,off_ramp,P25_AV0_4,P25_AV0.1.asc,HV4,60,driver_number,19549,1,325816.67,325816.6672,4.0,4.0,24.797908,89.27247,170.0,78.535746,-7572.684812,-0.433223,3.802137,0.0,24.785995,-0.300741,0.0,7572.768313,62.216648,0.629421,1.0,0.0,0.0,0.0,7671.215361,40.509244,1021.0,3.0,0.0,149.0,-0.208105,35.968106,129.485181,35.967937,-0.110334,0.0001,-0.445099,0.345306,2.5e-05,-0.028103,0.0,0.0,0.0,0.0,0.0,0.0,-9999.0,-9999.0,-9999.0,-9999.0,-9999.0,-9999.0,-9999.0,-9999.0,-9999.0,-9999.0,-9999.0,-9999.0,-9999.0,-9999.0
P25_AV0_4_interaction,active_and_state_lat_and_long_zero_last_source_row_continuous_segment,P25,AV0,4,off_ramp,P25_AV0_4,P25_AV0.1.asc,HV4,60,driver_number,19550,1,325833.33,325833.3339,4.0,4.0,24.789963,89.243868,170.0,78.949394,-7573.02389,-0.432543,3.77592,0.0,24.778071,-0.299127,0.0,7573.104722,62.456389,0.631909,1.0,0.0,0.0,0.0,7671.814105,40.538511,1021.0,3.0,0.0,149.0,-0.211766,35.960671,129.458416,35.960502,-0.110296,0.0001,-0.445,0.345398,2.8e-05,-0.028103,0.0,0.0,0.0,0.0,0.0,0.0,-9999.0,-9999.0,-9999.0,-9999.0,-9999.0,-9999.0,-9999.0,-9999.0,-9999.0,-9999.0,-9999.0,-9999.0,-9999.0,-9999.0
P25_AV0_4_interaction,active_and_state_lat_and_long_zero_last_source_row_continuous_segment,P25,AV0,4,off_ramp,P25_AV0_4,P25_AV0.1.asc,HV4,60,driver_number,19551,1,325850.0,325850.0002,4.0,4.0,24.782031,89.215312,170.0,79.362973,-7573.362261,-0.431594,3.743441,0.0,24.770164,-0.297799,0.0,7573.440413,62.696907,0.63439,1.0,0.0,0.0,0.0,7672.412721,40.567869,1021.0,3.0,0.0,149.0,-0.215329,35.953238,129.431657,35.953069,-0.110153,0.000101,-0.444902,0.345235,3e-05,-0.028103,0.0,0.0,0.0,0.0,0.0,0.0,-9999.0,-9999.0,-9999.0,-9999.0,-9999.0,-9999.0,-9999.0,-9999.0,-9999.0,-9999.0,-9999.0,-9999.0,-9999.0,-9999.0
P25_AV0_4_interaction,active_and_state_lat_and_long_zero_last_source_row_continuous_segment,P25,AV0,4,off_ramp,P25_AV0_4,P25_AV0.1.asc,HV4,60,driver_number,19552,1,325866.67,325866.6676,4.0,4.0,24.774115,89.186813,170.0,79.776487,-7573.699928,-0.430487,3.709572,0.0,24.762278,-0.296754,0.0,7573.77539,62.938193,0.636863,1.0,0.0,0.0,0.0,7673.011208,40.597318,1021.0,3.0,0.0,149.0,-0.218795,35.945807,129.404904,35.945639,-0.109915,0.000101,-0.444803,0.344824,3.2e-05,-0.028103,0.0,0.0,0.0,0.0,0.0,0.0,-9999.0,-9999.0,-9999.0,-9999.0,-9999.0,-9999.0,-9999.0,-9999.0,-9999.0,-9999.0,-9999.0,-9999.0,-9999.0,-9999.0
P25_AV0_4_interaction,active_and_state_lat_and_long_zero_last_source_row_continuous_segment,P25,AV0,4,off_ramp,P25_AV0_4,P25_AV0.1.asc,HV4,60,driver_number,19553,1,325883.33,325883.3335,4.0,4.0,24.766218,89.158385,170.0,80.189941,-7574.036894,-0.429206,3.673582,0.0,24.754417,-0.295994,0.0,7574.109656,63.180239,0.639324,1.0,0.0,0.0,0.0,7673.609567,40.626858,1021.0,3.0,0.0,149.0,-0.222163,35.938377,129.378157,35.93821,-0.109589,0.000102,-0.444705,0.344187,3.3e-05,-0.028103,0.0,0.0,0.0,0.0,0.0,0.0,-9999.0,-9999.0,-9999.0,-9999.0,-9999.0,-9999.0,-9999.0,-9999.0,-9999.0,-9999.0,-9999.0,-9999.0,-9999.0,-9999.0
P25_AV0_4_interaction,active_and_state_lat_and_long_zero_last_source_row_continuous_segment,P25,AV0,4,off_ramp,P25_AV0_4,P25_AV0.1.asc,HV4,60,driver_number,19554,1,325900.0,325900.0011,4.0,4.0,24.758344,89.130039,170.0,80.603338,-7574.373163,-0.427714,3.632053,0.0,24.746585,-0.295477,0.0,7574.443216,63.423034,0.641768,1.0,0.0,0.0,0.0,7674.207798,40.656488,1021.0,3.0,0.0,149.0,-0.225434,35.930949,129.351416,35.930783,-0.109184,0.000102,-0.444606,0.343346,3.2e-05,-0.028103,0.0,0.0,0.0,0.0,0.0,0.0,-9999.0,-9999.0,-9999.0,-9999.0,-9999.0,-9999.0,-9999.0,-9999.0,-9999.0,-9999.0,-9999.0,-9999.0,-9999.0,-9999.0
P25_AV0_4_interaction,active_and_state_lat_and_long_zero_last_source_row_continuous_segment,P25,AV0,4,off_ramp,P25_AV0_4,P25_AV0.1.asc,HV4,60,driver_number,19555,1,325916.67,325916.6675,4.0,4.0,24.750497,89.101789,170.0,81.016683,-7574.708741,-0.426091,3.587197,0.0,24.738784,-0.295144,0.0,7574.776076,63.666567,0.644193,1.0,0.0,0.0,0.0,7674.8059,40.686207,1021.0,3.0,0.0,149.0,-0.228608,35.923523,129.324682,35.923358,-0.108708,0.000103,-0.444507,0.342318,3e-05,-0.028103,0.0,0.0,0.0,0.0,0.0,0.0,-9999.0,-9999.0,-9999.0,-9999.0,-9999.0,-9999.0,-9999.0,-9999.0,-9999.0,-9999.0,-9999.0,-9999.0,-9999.0,-9999.0
P25_AV0_4_interaction,active_and_state_lat_and_long_zero_last_source_row_continuous_segment,P25,AV0,4,off_ramp,P25_AV0_4,P25_AV0.1.asc,HV4,60,driver_number,19556,1,325933.33,325933.3342,4.0,4.0,24.74268,89.073648,170.0,81.429978,-7575.043632,-0.424498,3.541471,0.0,24.731017,-0.294859,0.0,7575.108242,63.910826,0.646592,1.0,0.0,0.0,0.0,7675.403874,40.716017,1021.0,3.0,0.0,149.0,-0.231686,35.916098,129.297954,35.915936,-0.108169,0.000103,-0.444408,0.341125,2.7e-05,-0.028103,0.0,0.0,0.0,0.0,0.0,0.0,-9999.0,-9999.0,-9999.0,-9999.0,-9999.0,-9999.0,-9999.0,-9999.0,-9999.0,-9999.0,-9999.0,-9999.0,-9999.0,-9999.0
P25_AV0_4_interaction,active_and_state_lat_and_long_zero_last_source_row_continuous_segment,P25,AV0,4,off_ramp,P25_AV0_4,P25_AV0.1.asc,HV4,60,driver_number,19557,1,325950.0,325950.001,4.0,4.0,24.734896,89.045626,170.0,81.843229,-7575.377844,-0.423084,3.503344,0.0,24.723284,-0.294593,0.0,7575.439721,64.1558,0.648962,1.0,0.0,0.0,0.0,7676.001719,40.745915,1021.0,3.0,0.0,149.0,-0.234667,35.908676,129.271233,35.908515,-0.107574,0.000104,-0.444309,0.339784,2.2e-05,-0.028103,0.0,0.0,0.0,0.0,0.0,0.0,-9999.0,-9999.0,-9999.0,-9999.0,-9999.0,-9999.0,-9999.0,-9999.0,-9999.0,-9999.0,-9999.0,-9999.0,-9999.0,-9999.0
P25_AV0_4_interaction,active_and_state_lat_and_long_zero_last_source_row_continuous_segment,P25,AV0,4,off_ramp,P25_AV0_4,P25_AV0.1.asc,HV4,60,driver_number,19558,1,325966.68,325966.6767,4.0,4.0,24.727146,89.017726,170.0,82.256439,-7575.711382,-0.421579,3.455629,0.0,24.715584,-0.29413,0.0,7575.770519,64.401476,0.651299,1.0,0.0,0.0,0.0,7676.599436,40.775903,1021.0,3.0,0.0,149.0,-0.237552,35.901255,129.244518,35.901096,-0.10693,0.000104,-0.44421,0.338313,1.7e-05,-0.028103,0.0,0.0,0.0,0.0,0.0,0.0,-9999.0,-9999.0,-9999.0,-9999.0,-9999.0,-9999.0,-9999.0,-9999.0,-9999.0,-9999.0,-9999.0,-9999.0,-9999.0,-9999.0
P25_AV0_4_interaction,active_and_state_lat_and_long_zero_last_source_row_continuous_segment,P25,AV0,4,off_ramp,P25_AV0_4,P25_AV0.1.asc,HV4,60,driver_number,19559,1,325983.33,325983.334,4.0,4.0,24.71943,88.989947,170.0,82.669613,-7576.044252,-0.420254,3.416784,0.0,24.707921,-0.293511,0.0,7576.100642,64.647845,0.653599,1.0,0.0,0.0,0.0,7677.197025,40.805979,1021.0,3.0,0.0,149.0,-0.240343,35.893836,129.21781,35.893679,-0.106251,0.000104,-0.444107,0.336067,1.1e-05,-0.027789,0.0,0.0,0.0,0.0,0.0,0.0,-9999.0,-9999.0,-9999.0,-9999.0,-9999.0,-9999.0,-9999.0,-9999.0,-9999.0,-9999.0,-9999.0,-9999.0,-9999.0,-9999.0
P25_AV0_4_interaction,active_and_state_lat_and_long_zero_last_source_row_continuous_segment,P25,AV0,4,off_ramp,P25_AV0_4,P25_AV0.1.asc,HV4,60,driver_number,19560,1,326000.0,326000.0005,4.0,4.0,24.711748,88.962294,170.0,83.082036,-7576.376461,-0.418904,3.370143,0.0,24.700292,-0.292613,0.0,7576.430097,64.894894,0.655859,1.0,0.0,0.0,0.0,7677.794485,40.836143,1021.0,3.0,0.0,149.0,-0.243038,35.886419,129.191109,35.886264,-0.105534,0.000104,-0.444008,0.334395,5e-06,-0.027789,0.0,0.0,0.0,0.0,0.0,0.0,-9999.0,-9999.0,-9999.0,-9999.0,-9999.0,-9999.0,-9999.0,-9999.0,-9999.0,-9999.0,-9999.0,-9999.0,-9999.0,-9999.0
P25_AV0_4_interaction,active_and_state_lat_and_long_zero_last_source_row_continuous_segment,P25,AV0,4,off_ramp,P25_AV0_4,P25_AV0.1.asc,HV4,60,driver_number,19561,1,326016.67,326016.6674,4.0,4.0,24.704102,88.934767,170.0,83.494269,-7576.708016,-0.417631,3.319606,0.0,24.692699,-0.291357,0.0,7576.75889,65.142611,0.658075,1.0,0.0,0.0,0.0,7678.391818,40.866394,1021.0,3.0,0.0,149.0,-0.24564,35.879004,129.164414,35.878851,-0.104782,0.000104,-0.443908,0.33263,-7e-06,-0.027789,0.0,0.0,0.0,0.0,0.0,0.0,-9999.0,-9999.0,-9999.0,-9999.0,-9999.0,-9999.0,-9999.0,-9999.0,-9999.0,-9999.0,-9999.0,-9999.0,-9999.0,-9999.0
P25_AV0_4_interaction,active_and_state_lat_and_long_zero_last_source_row_continuous_segment,P25,AV0,4,off_ramp,P25_AV0_4,P25_AV0.1.asc,HV4,60,driver_number,19562,1,326033.33,326033.3334,4.0,4.0,24.696492,88.907369,170.0,83.906478,-7577.038922,-0.416612,3.281308,0.0,24.685142,-0.289792,0.0,7577.087028,65.390986,0.660247,1.0,0.0,0.0,0.0,7678.989022,40.896731,1021.0,3.0,0.0,149.0,-0.248148,35.871591,129.137726,35.87144,-0.104002,0.000104,-0.443809,0.330787,-2.3e-05,-0.027789,0.0,0.0,0.0,0.0,0.0,0.0,-9999.0,-9999.0,-9999.0,-9999.0,-9999.0,-9999.0,-9999.0,-9999.0,-9999.0,-9999.0,-9999.0,-9999.0,-9999.0,-9999.0
P25_AV0_4_interaction,active_and_state_lat_and_long_zero_last_source_row_continuous_segment,P25,AV0,4,off_ramp,P25_AV0_4,P25_AV0.1.asc,HV4,60,driver_number,19563,1,326050.0,326050.0008,4.0,4.0,24.688916,88.880099,170.0,84.318665,-7577.369188,-0.415717,3.240447,0.0,24.677617,-0.287738,0.0,7577.414518,65.640007,0.662373,1.0,0.0,0.0,0.0,7679.586098,40.927155,1021.0,3.0,0.0,149.0,-0.250562,35.864179,129.111045,35.864031,-0.1032,0.000103,-0.443709,0.32888,-4.2e-05,-0.027789,0.0,0.0,0.0,0.0,0.0,0.0,-9999.0,-9999.0,-9999.0,-9999.0,-9999.0,-9999.0,-9999.0,-9999.0,-9999.0,-9999.0,-9999.0,-9999.0,-9999.0,-9999.0
P25_AV0_4_interaction,active_and_state_lat_and_long_zero_last_source_row_continuous_segment,P25,AV0,4,off_ramp,P25_AV0_4,P25_AV0.1.asc,HV4,60,driver_number,19564,1,326066.67,326066.6667,4.0,4.0,24.681375,88.852951,170.0,84.730834,-7577.698818,-0.415012,3.201273,0.0,24.670124,-0.285173,0.0,7577.741365,65.889663,0.664451,1.0,0.0,0.0,0.0,7680.183046,40.957664,1021.0,3.0,0.0,149.0,-0.252885,35.85677,129.08437,35.856623,-0.102382,0.000102,-0.443608,0.326594,-6.1e-05,-0.027632,0.0,0.0,0.0,0.0,0.0,0.0,-9999.0,-9999.0,-9999.0,-9999.0,-9999.0,-9999.0,-9999.0,-9999.0,-9999.0,-9999.0,-9999.0,-9999.0,-9999.0,-9999.0
P25_AV0_4_interaction,active_and_state_lat_and_long_zero_last_source_row_continuous_segment,P25,AV0,4,off_ramp,P25_AV0_4,P25_AV0.1.asc,HV4,60,driver_number,19565,1,326083.33,326083.3335,4.0,4.0,24.673867,88.825921,170.0,85.14299,-7578.02782,-0.414542,3.168247,0.0,24.662659,-0.282087,0.0,7578.067576,66.139945,0.666485,1.0,0.0,0.0,0.0,7680.779866,40.988258,1021.0,3.0,0.0,149.0,-0.255116,35.849362,129.057703,35.849218,-0.101554,0.000101,-0.443508,0.3246,-7.8e-05,-0.027632,0.0,0.0,0.0,0.0,0.0,0.0,-9999.0,-9999.0,-9999.0,-9999.0,-9999.0,-9999.0,-9999.0,-9999.0,-9999.0,-9999.0,-9999.0,-9999.0,-9999.0,-9999.0
P25_AV0_4_interaction,active_and_state_lat_and_long_zero_last_source_row_continuous_segment,P25,AV0,4,off_ramp,P25_AV0_4,P25_AV0.1.asc,HV4,60,driver_number,19566,1,326100.0,326100.0009,4.0,4.0,24.666388,88.798998,170.0,85.555134,-7578.356199,-0.414306,3.140493,0.0,24.65522,-0.27846,0.0,7578.393154,66.390844,0.668474,1.0,0.0,0.0,0.0,7681.376558,41.018936,1021.0,3.0,0.0,149.0,-0.257255,35.841956,129.031042,35.841815,-0.10072,0.0001,-0.443407,0.322251,-9.2e-05,-0.027475,0.0,0.0,0.0,0.0,0.0,0.0,-9999.0,-9999.0,-9999.0,-9999.0,-9999.0,-9999.0,-9999.0,-9999.0,-9999.0,-9999.0,-9999.0,-9999.0,-9999.0,-9999.0
P25_AV0_4_interaction,active_and_state_lat_and_long_zero_last_source_row_continuous_segment,P25,AV0,4,off_ramp,P25_AV0_4,P25_AV0.1.asc,HV4,60,driver_number,19567,1,326116.67,326116.6675,4.0,4.0,24.658937,88.772172,170.0,85.967272,-7578.683959,-0.414206,3.1107,0.0,24.647802,-0.274288,0.0,7578.718104,66.642354,0.670423,1.0,0.0,0.0,0.0,7681.973122,41.049698,1021.0,3.0,0.0,149.0,-0.259305,35.834552,129.004389,35.834413,-0.099899,9.8e-05,-0.443299,0.318564,-0.000103,-0.02669,0.0,0.0,0.0,0.0,0.0,0.0,-9999.0,-9999.0,-9999.0,-9999.0,-9999.0,-9999.0,-9999.0,-9999.0,-9999.0,-9999.0,-9999.0,-9999.0,-9999.0,-9999.0
P25_AV0_4_interaction,active_and_state_lat_and_long_zero_last_source_row_continuous_segment,P25,AV0,4,off_ramp,P25_AV0_4,P25_AV0.1.asc,HV4,60,driver_number,19568,1,326133.33,326133.3341,4.0,4.0,24.651508,88.74543,170.0,86.379405,-7579.011104,-0.414349,3.089146,0.0,24.640402,-0.269657,0.0,7579.04243,66.894466,0.672336,1.0,0.0,0.0,0.0,7682.569559,41.080542,1021.0,3.0,0.0,149.0,-0.261264,35.827151,128.977743,35.827014,-0.099083,9.6e-05,-0.443193,0.315221,-0.000111,-0.026062,0.0,0.0,0.0,0.0,0.0,0.0,-9999.0,-9999.0,-9999.0,-9999.0,-9999.0,-9999.0,-9999.0,-9999.0,-9999.0,-9999.0,-9999.0,-9999.0,-9999.0,-9999.0
P25_AV0_4_interaction,active_and_state_lat_and_long_zero_last_source_row_continuous_segment,P25,AV0,4,off_ramp,P25_AV0_4,P25_AV0.1.asc,HV4,60,driver_number,19569,1,326150.0,326150.0002,4.0,4.0,24.6441,88.718761,170.0,86.791537,-7579.337637,-0.41464,3.069517,0.0,24.633017,-0.264609,0.0,7579.366132,67.147176,0.674217,1.0,0.0,0.0,0.0,7683.165867,41.111468,1021.0,3.0,0.0,149.0,-0.263135,35.819751,128.951105,35.819616,-0.098294,9.4e-05,-0.443073,0.308252,-0.000117,-0.023707,0.0,0.0,0.0,0.0,0.0,0.0,-9999.0,-9999.0,-9999.0,-9999.0,-9999.0,-9999.0,-9999.0,-9999.0,-9999.0,-9999.0,-9999.0,-9999.0,-9999.0,-9999.0
P25_AV0_4_interaction,active_and_state_lat_and_long_zero_last_source_row_continuous_segment,P25,AV0,4,off_ramp,P25_AV0_4,P25_AV0.1.asc,HV4,60,driver_number,19570,1,326166.67,326166.6668,4.0,4.0,24.636708,88.69215,170.0,87.20367,-7579.663562,-0.415073,3.052586,0.0,24.625643,-0.259229,0.0,7579.689214,67.400477,0.676072,1.0,0.0,0.0,0.0,7683.762048,41.142475,1021.0,3.0,0.0,149.0,-0.264919,35.812354,128.924475,35.812221,-0.09751,9.2e-05,-0.442962,0.303931,-0.000123,-0.022608,0.0,0.0,0.0,0.0,0.0,0.0,-9999.0,-9999.0,-9999.0,-9999.0,-9999.0,-9999.0,-9999.0,-9999.0,-9999.0,-9999.0,-9999.0,-9999.0,-9999.0,-9999.0
P25_AV0_4_interaction,active_and_state_lat_and_long_zero_last_source_row_continuous_segment,P25,AV0,4,off_ramp,P25_AV0_4,P25_AV0.1.asc,HV4,60,driver_number,19571,1,326183.34,326183.3382,4.0,4.0,24.629329,88.665584,170.0,87.615511,-7579.988879,-0.415579,3.03442,0.0,24.618276,-0.253599,0.0,7580.011678,67.654366,0.677907,1.0,0.0,0.0,0.0,7684.358102,41.173561,1021.0,3.0,0.0,149.0,-0.266617,35.804959,128.897853,35.804828,-0.096698,9e-05,-0.44286,0.301872,-0.000129,-0.022608,0.0,0.0,0.0,0.0,0.0,0.0,-9999.0,-9999.0,-9999.0,-9999.0,-9999.0,-9999.0,-9999.0,-9999.0,-9999.0,-9999.0,-9999.0,-9999.0,-9999.0,-9999.0
P25_AV0_4_interaction,active_and_state_lat_and_long_zero_last_source_row_continuous_segment,P25,AV0,4,off_ramp,P25_AV0_4,P25_AV0.1.asc,HV4,60,driver_number,19572,1,326200.0,326200.0008,4.0,4.0,24.621959,88.639051,170.0,88.026354,-7580.313591,-0.416167,3.020657,0.0,24.610914,-0.2479,0.0,7580.333522,67.908839,0.679728,1.0,0.0,0.0,0.0,7684.954028,41.204725,1021.0,3.0,0.0,149.0,-0.268229,35.797566,128.871238,35.797438,-0.095899,8.8e-05,-0.442737,0.2938,-0.000137,-0.019782,0.0,0.0,0.0,0.0,0.0,0.0,-9999.0,-9999.0,-9999.0,-9999.0,-9999.0,-9999.0,-9999.0,-9999.0,-9999.0,-9999.0,-9999.0,-9999.0,-9999.0,-9999.0
P25_AV0_4_interaction,active_and_state_lat_and_long_zero_last_source_row_continuous_segment,P25,AV0,4,off_ramp,P25_AV0_4,P25_AV0.1.asc,HV4,60,driver_number,19573,1,326216.67,326216.6674,4.0,4.0,24.614594,88.612539,170.0,88.437208,-7580.637699,-0.41678,3.007736,0.0,24.603554,-0.24221,0.0,7580.65475,68.163892,0.68154,1.0,0.0,0.0,0.0,7685.549826,41.235966,1021.0,3.0,0.0,149.0,-0.269757,35.790176,128.844632,35.790049,-0.095066,8.6e-05,-0.442629,0.289333,-0.000147,-0.018683,0.0,0.0,0.0,0.0,0.0,0.0,-9999.0,-9999.0,-9999.0,-9999.0,-9999.0,-9999.0,-9999.0,-9999.0,-9999.0,-9999.0,-9999.0,-9999.0,-9999.0,-9999.0
P25_AV0_4_interaction,active_and_state_lat_and_long_zero_last_source_row_continuous_segment,P25,AV0,4,off_ramp,P25_AV0_4,P25_AV0.1.asc,HV4,60,driver_number,19574,1,326233.33,326233.3343,4.0,4.0,24.607233,88.58604,170.0,88.848075,-7580.961202,-0.417445,2.998363,0.0,24.596194,-0.236618,0.0,7580.97536,68.419522,0.68335,1.0,0.0,0.0,0.0,7686.145497,41.267283,1021.0,3.0,0.0,149.0,-0.271203,35.782787,128.818033,35.782663,-0.09419,8.3e-05,-0.442519,0.284408,-0.000159,-0.017427,0.0,0.0,0.0,0.0,0.0,0.0,-9999.0,-9999.0,-9999.0,-9999.0,-9999.0,-9999.0,-9999.0,-9999.0,-9999.0,-9999.0,-9999.0,-9999.0,-9999.0,-9999.0
P25_AV0_4_interaction,active_and_state_lat_and_long_zero_last_source_row_continuous_segment,P25,AV0,4,off_ramp,P25_AV0_4,P25_AV0.1.asc,HV4,60,driver_number,19575,1,326250.0,326250.0009,4.0,4.0,24.599874,88.559546,170.0,89.258957,-7581.284103,-0.418165,2.993753,0.0,24.588832,-0.231212,0.0,7581.295354,68.675727,0.685162,1.0,0.0,0.0,0.0,7686.741041,41.298674,1021.0,3.0,0.0,149.0,-0.272568,35.775401,128.791442,35.775279,-0.093253,8e-05,-0.442418,0.281973,-0.000176,-0.017427,0.0,0.0,0.0,0.0,0.0,0.0,-9999.0,-9999.0,-9999.0,-9999.0,-9999.0,-9999.0,-9999.0,-9999.0,-9999.0,-9999.0,-9999.0,-9999.0,-9999.0,-9999.0
P25_AV0_4_interaction,active_and_state_lat_and_long_zero_last_source_row_continuous_segment,P25,AV0,4,off_ramp,P25_AV0_4,P25_AV0.1.asc,HV4,60,driver_number,19576,1,326266.67,326266.6716,4.0,4.0,24.592514,88.533049,170.0,89.669857,-7581.6064,-0.418945,2.995378,0.0,24.581466,-0.226082,0.0,7581.61473,68.932503,0.686983,1.0,0.0,0.0,0.0,7687.336458,41.330139,1021.0,3.0,0.0,149.0,-0.273852,35.768016,128.764859,35.767897,-0.092284,7.7e-05,-0.442302,0.274125,-0.000184,-0.014915,0.0,0.0,0.0,0.0,0.0,0.0,-9999.0,-9999.0,-9999.0,-9999.0,-9999.0,-9999.0,-9999.0,-9999.0,-9999.0,-9999.0,-9999.0,-9999.0,-9999.0,-9999.0
P25_AV0_4_interaction,active_and_state_lat_and_long_zero_last_source_row_continuous_segment,P25,AV0,4,off_ramp,P25_AV0_4,P25_AV0.1.asc,HV4,60,driver_number,19577,1,326283.33,326283.3341,4.0,4.0,24.58515,88.506539,170.0,90.080778,-7581.928092,-0.419658,2.992292,0.0,24.574093,-0.221226,0.0,7581.933486,69.189852,0.688817,1.0,0.0,0.0,0.0,7687.931747,41.361676,1021.0,3.0,0.0,149.0,-0.275058,35.760634,128.738284,35.760518,-0.091261,7.4e-05,-0.442194,0.269124,-0.000189,-0.013816,0.0,0.0,0.0,0.0,0.0,0.0,-9999.0,-9999.0,-9999.0,-9999.0,-9999.0,-9999.0,-9999.0,-9999.0,-9999.0,-9999.0,-9999.0,-9999.0,-9999.0,-9999.0
P25_AV0_4_interaction,active_and_state_lat_and_long_zero_last_source_row_continuous_segment,P25,AV0,4,off_ramp,P25_AV0_4,P25_AV0.1.asc,HV4,60,driver_number,19578,1,326300.0,326300.0003,4.0,4.0,24.577781,88.48001,170.0,90.491722,-7582.24918,-0.420455,3.000243,0.0,24.566714,-0.216829,0.0,7582.251622,69.447771,0.690668,1.0,0.0,0.0,0.0,7688.52691,41.393283,1021.0,3.0,0.0,149.0,-0.276186,35.753254,128.711716,35.753141,-0.090171,7.1e-05,-0.442088,0.264284,-0.000192,-0.012874,0.0,0.0,0.0,0.0,0.0,0.0,-9999.0,-9999.0,-9999.0,-9999.0,-9999.0,-9999.0,-9999.0,-9999.0,-9999.0,-9999.0,-9999.0,-9999.0,-9999.0,-9999.0
P25_AV0_4_interaction,active_and_state_lat_and_long_zero_last_source_row_continuous_segment,P25,AV0,4,off_ramp,P25_AV0_4,P25_AV0.1.asc,HV4,60,driver_number,19579,1,326316.67,326316.6675,4.0,4.0,24.570405,88.453456,170.0,90.902692,-7582.56966,-0.421347,3.01481,0.0,24.559324,-0.212804,0.0,7582.569135,69.706261,0.692542,1.0,0.0,0.0,0.0,7689.121946,41.424959,1021.0,3.0,0.0,149.0,-0.277238,35.745877,128.685156,35.745766,-0.089009,6.8e-05,-0.441983,0.259267,-0.000191,-0.011932,0.0,0.0,0.0,0.0,0.0,0.0,-9999.0,-9999.0,-9999.0,-9999.0,-9999.0,-9999.0,-9999.0,-9999.0,-9999.0,-9999.0,-9999.0,-9999.0,-9999.0,-9999.0
P25_AV0_4_interaction,active_and_state_lat_and_long_zero_last_source_row_continuous_segment,P25,AV0,4,off_ramp,P25_AV0_4,P25_AV0.1.asc,HV4,60,driver_number,19580,1,326333.33,326333.3342,4.0,4.0,24.56302,88.426872,170.0,91.313689,-7582.889532,-0.422123,3.022207,0.0,24.551921,-0.20918,0.0,7582.886021,69.965323,0.694442,1.0,0.0,0.0,0.0,7689.716855,41.456704,1021.0,3.0,0.0,149.0,-0.278215,35.738501,128.658603,35.738393,-0.087765,6.5e-05,-0.441884,0.256032,-0.000191,-0.011932,0.0,0.0,0.0,0.0,0.0,0.0,-9999.0,-9999.0,-9999.0,-9999.0,-9999.0,-9999.0,-9999.0,-9999.0,-9999.0,-9999.0,-9999.0,-9999.0,-9999.0,-9999.0
P25_AV0_4_interaction,active_and_state_lat_and_long_zero_last_source_row_continuous_segment,P25,AV0,4,off_ramp,P25_AV0_4,P25_AV0.1.asc,HV4,60,driver_number,19581,1,326350.0,326350.0008,4.0,4.0,24.555624,88.400246,170.0,91.724716,-7583.208791,-0.423083,3.044885,0.0,24.544505,-0.206073,0.0,7583.202277,70.224958,0.696372,1.0,0.0,0.0,0.0,7690.311637,41.488515,1021.0,3.0,0.0,149.0,-0.279118,35.731127,128.632058,35.731023,-0.086454,6.1e-05,-0.441778,0.249982,-0.000184,-0.010676,0.0,0.0,0.0,0.0,0.0,0.0,-9999.0,-9999.0,-9999.0,-9999.0,-9999.0,-9999.0,-9999.0,-9999.0,-9999.0,-9999.0,-9999.0,-9999.0,-9999.0,-9999.0
P25_AV0_4_interaction,active_and_state_lat_and_long_zero_last_source_row_continuous_segment,P25,AV0,4,off_ramp,P25_AV0_4,P25_AV0.1.asc,HV4,60,driver_number,19582,1,326366.67,326366.6669,4.0,4.0,24.548215,88.373575,170.0,92.135776,-7583.527433,-0.42399,3.066311,0.0,24.537074,-0.20345,0.0,7583.517898,70.485171,0.698335,1.0,0.0,0.0,0.0,7690.906293,41.520391,1021.0,3.0,0.0,149.0,-0.27995,35.723756,128.60552,35.723654,-0.085073,5.8e-05,-0.441677,0.245413,-0.000175,-0.010205,0.0,0.0,0.0,0.0,0.0,0.0,-9999.0,-9999.0,-9999.0,-9999.0,-9999.0,-9999.0,-9999.0,-9999.0,-9999.0,-9999.0,-9999.0,-9999.0,-9999.0,-9999.0
P25_AV0_4_interaction,active_and_state_lat_and_long_zero_last_source_row_continuous_segment,P25,AV0,4,off_ramp,P25_AV0_4,P25_AV0.1.asc,HV4,60,driver_number,19583,1,326383.33,326383.3347,4.0,4.0,24.540791,88.346849,170.0,92.545772,-7583.845454,-0.424873,3.08672,0.0,24.529625,-0.201286,0.0,7583.832879,70.745963,0.700334,1.0,0.0,0.0,0.0,7691.500823,41.552331,1021.0,3.0,0.0,149.0,-0.280711,35.716386,128.578989,35.716288,-0.083627,5.6e-05,-0.441575,0.24002,-0.000161,-0.00942,0.0,0.0,0.0,0.0,0.0,0.0,-9999.0,-9999.0,-9999.0,-9999.0,-9999.0,-9999.0,-9999.0,-9999.0,-9999.0,-9999.0,-9999.0,-9999.0,-9999.0,-9999.0
P25_AV0_4_interaction,active_and_state_lat_and_long_zero_last_source_row_continuous_segment,P25,AV0,4,off_ramp,P25_AV0_4,P25_AV0.1.asc,HV4,60,driver_number,19584,1,326400.0,326400.0008,4.0,4.0,24.533352,88.320066,170.0,92.955193,-7584.16285,-0.425832,3.115585,0.0,24.522157,-0.199675,0.0,7584.147214,71.007338,0.702371,1.0,0.0,0.0,0.0,7692.095226,41.584333,1021.0,3.0,0.0,149.0,-0.281403,35.709018,128.552466,35.708924,-0.082122,5.3e-05,-0.441474,0.235129,-0.000148,-0.008949,0.0,0.0,0.0,0.0,0.0,0.0,-9999.0,-9999.0,-9999.0,-9999.0,-9999.0,-9999.0,-9999.0,-9999.0,-9999.0,-9999.0,-9999.0,-9999.0,-9999.0,-9999.0
P25_AV0_4_interaction,active_and_state_lat_and_long_zero_last_source_row_continuous_segment,P25,AV0,4,off_ramp,P25_AV0_4,P25_AV0.1.asc,HV4,60,driver_number,19585,1,326416.67,326416.6673,4.0,4.0,24.525894,88.293217,170.0,93.364652,-7584.479613,-0.42677,3.146767,0.0,24.51467,-0.1986,0.0,7584.460896,71.269302,0.70445,1.0,0.0,0.0,0.0,7692.689502,41.616396,1021.0,3.0,0.0,149.0,-0.282027,35.701653,128.52595,35.701562,-0.080561,5.1e-05,-0.441372,0.229448,-0.000131,-0.008164,0.0,0.0,0.0,0.0,0.0,0.0,-9999.0,-9999.0,-9999.0,-9999.0,-9999.0,-9999.0,-9999.0,-9999.0,-9999.0,-9999.0,-9999.0,-9999.0,-9999.0,-9999.0
P25_AV0_4_interaction,active_and_state_lat_and_long_zero_last_source_row_continuous_segment,P25,AV0,4,off_ramp,P25_AV0_4,P25_AV0.1.asc,HV4,60,driver_number,19586,1,326433.33,326433.3335,4.0,4.0,24.518416,88.266298,170.0,93.774153,-7584.795739,-0.427559,3.171877,0.0,24.507162,-0.198034,0.0,7584.77392,71.531857,0.70657,1.0,0.0,0.0,0.0,7693.283653,41.648519,1021.0,3.0,0.0,149.0,-0.282585,35.69429,128.499442,35.694202,-0.078962,4.9e-05,-0.441267,0.222656,-0.000114,-0.006908,0.0,0.0,0.0,0.0,0.0,0.0,-9999.0,-9999.0,-9999.0,-9999.0,-9999.0,-9999.0,-9999.0,-9999.0,-9999.0,-9999.0,-9999.0,-9999.0,-9999.0,-9999.0
P25_AV0_4_interaction,active_and_state_lat_and_long_zero_last_source_row_continuous_segment,P25,AV0,4,off_ramp,P25_AV0_4,P25_AV0.1.asc,HV4,60,driver_number,19587,1,326450.0,326450.0002,4.0,4.0,24.510918,88.239306,170.0,94.183696,-7585.111221,-0.428449,3.20637,0.0,24.499632,-0.197997,0.0,7585.086279,71.79501,0.708734,1.0,0.0,0.0,0.0,7693.877678,41.6807,1021.0,3.0,0.0,149.0,-0.283078,35.686928,128.472942,35.686845,-0.077325,4.7e-05,-0.441165,0.216741,-9.9e-05,-0.006123,0.0,0.0,0.0,0.0,0.0,0.0,-9999.0,-9999.0,-9999.0,-9999.0,-9999.0,-9999.0,-9999.0,-9999.0,-9999.0,-9999.0,-9999.0,-9999.0,-9999.0,-9999.0
P25_AV0_4_interaction,active_and_state_lat_and_long_zero_last_source_row_continuous_segment,P25,AV0,4,off_ramp,P25_AV0_4,P25_AV0.1.asc,HV4,60,driver_number,19588,1,326466.67,326466.6673,4.0,4.0,24.5034,88.212239,170.0,94.593285,-7585.426051,-0.429306,3.243252,0.0,24.49208,-0.198487,0.0,7585.397964,72.058764,0.710941,1.0,0.0,0.0,0.0,7694.471576,41.712936,1021.0,3.0,0.0,149.0,-0.283508,35.679569,128.446449,35.679489,-0.075633,4.5e-05,-0.441066,0.212361,-8.8e-05,-0.006123,0.0,0.0,0.0,0.0,0.0,0.0,-9999.0,-9999.0,-9999.0,-9999.0,-9999.0,-9999.0,-9999.0,-9999.0,-9999.0,-9999.0,-9999.0,-9999.0,-9999.0,-9999.0
P25_AV0_4_interaction,active_and_state_lat_and_long_zero_last_source_row_continuous_segment,P25,AV0,4,off_ramp,P25_AV0_4,P25_AV0.1.asc,HV4,60,driver_number,19589,1,326483.33,326483.3343,4.0,4.0,24.495859,88.185091,170.0,95.002922,-7585.740223,-0.430053,3.275803,0.0,24.484504,-0.199416,0.0,7585.708969,72.323127,0.713192,1.0,0.0,0.0,0.0,7695.065349,41.745227,1021.0,3.0,0.0,149.0,-0.283877,35.672212,128.419963,35.672135,-0.073907,4.4e-05,-0.440963,0.205558,-7.8e-05,-0.005024,0.0,0.0,0.0,0.0,0.0,0.0,-9999.0,-9999.0,-9999.0,-9999.0,-9999.0,-9999.0,-9999.0,-9999.0,-9999.0,-9999.0,-9999.0,-9999.0,-9999.0,-9999.0
P25_AV0_4_interaction,active_and_state_lat_and_long_zero_last_source_row_continuous_segment,P25,AV0,4,off_ramp,P25_AV0_4,P25_AV0.1.asc,HV4,60,driver_number,19590,1,326500.0,326500.0005,4.0,4.0,24.488295,88.157862,170.0,95.412607,-7586.05373,-0.430862,3.31511,0.0,24.476905,-0.200815,0.0,7586.019285,72.588102,0.715488,1.0,0.0,0.0,0.0,7695.658996,41.777571,1021.0,3.0,0.0,149.0,-0.284187,35.664857,128.393485,35.664784,-0.072148,4.3e-05,-0.440861,0.199003,-6.9e-05,-0.004082,0.0,0.0,0.0,0.0,0.0,0.0,-9999.0,-9999.0,-9999.0,-9999.0,-9999.0,-9999.0,-9999.0,-9999.0,-9999.0,-9999.0,-9999.0,-9999.0,-9999.0,-9999.0
P25_AV0_4_interaction,active_and_state_lat_and_long_zero_last_source_row_continuous_segment,P25,AV0,4,off_ramp,P25_AV0_4,P25_AV0.1.asc,HV4,60,driver_number,19591,1,326516.67,326516.6677,4.0,4.0,24.480708,88.130549,170.0,95.822345,-7586.366563,-0.431685,3.358278,0.0,24.469282,-0.202638,0.0,7586.328904,72.853698,0.717827,1.0,0.0,0.0,0.0,7696.252518,41.809965,1021.0,3.0,0.0,149.0,-0.284438,35.657504,128.367015,35.657435,-0.070346,4.2e-05,-0.44076,0.192365,-6e-05,-0.00314,0.0,0.0,0.0,0.0,0.0,0.0,-9999.0,-9999.0,-9999.0,-9999.0,-9999.0,-9999.0,-9999.0,-9999.0,-9999.0,-9999.0,-9999.0,-9999.0,-9999.0,-9999.0
P25_AV0_4_interaction,active_and_state_lat_and_long_zero_last_source_row_continuous_segment,P25,AV0,4,off_ramp,P25_AV0_4,P25_AV0.1.asc,HV4,60,driver_number,19592,1,326533.33,326533.3342,4.0,4.0,24.473096,88.103147,170.0,96.232136,-7586.678714,-0.432351,3.392124,0.0,24.461633,-0.204815,0.0,7586.637818,73.119919,0.720209,1.0,0.0,0.0,0.0,7696.845914,41.842409,1021.0,3.0,0.0,149.0,-0.284634,35.650153,128.340551,35.650087,-0.068499,4.1e-05,-0.440662,0.187585,-5.6e-05,-0.00314,0.0,0.0,0.0,0.0,0.0,0.0,-9999.0,-9999.0,-9999.0,-9999.0,-9999.0,-9999.0,-9999.0,-9999.0,-9999.0,-9999.0,-9999.0,-9999.0,-9999.0,-9999.0
P25_AV0_4_interaction,active_and_state_lat_and_long_zero_last_source_row_continuous_segment,P25,AV0,4,off_ramp,P25_AV0_4,P25_AV0.1.asc,HV4,60,driver_number,19593,1,326550.0,326550.0007,4.0,4.0,24.46546,88.075656,170.0,96.641983,-7586.990175,-0.433108,3.434027,0.0,24.453958,-0.20736,0.0,7586.946018,73.386771,0.722633,1.0,0.0,0.0,0.0,7697.439185,41.8749,1021.0,3.0,0.0,149.0,-0.284776,35.642804,128.314095,35.642742,-0.06662,4e-05,-0.440563,0.181396,-5.1e-05,-0.002512,0.0,0.0,0.0,0.0,0.0,0.0,-9999.0,-9999.0,-9999.0,-9999.0,-9999.0,-9999.0,-9999.0,-9999.0,-9999.0,-9999.0,-9999.0,-9999.0,-9999.0,-9999.0
P25_AV0_4_interaction,active_and_state_lat_and_long_zero_last_source_row_continuous_segment,P25,AV0,4,off_ramp,P25_AV0_4,P25_AV0.1.asc,HV4,60,driver_number,19594,1,326566.67,326566.6674,4.0,4.0,24.457799,88.048076,170.0,97.051748,-7587.300937,-0.433793,3.475888,0.0,24.446258,-0.210219,0.0,7587.253495,73.654262,0.725098,1.0,0.0,0.0,0.0,7698.032331,41.907437,1021.0,3.0,0.0,149.0,-0.284865,35.635457,128.287646,35.635398,-0.064715,3.9e-05,-0.440463,0.175142,-4.5e-05,-0.001884,0.0,0.0,0.0,0.0,0.0,0.0,-9999.0,-9999.0,-9999.0,-9999.0,-9999.0,-9999.0,-9999.0,-9999.0,-9999.0,-9999.0,-9999.0,-9999.0,-9999.0,-9999.0
P25_AV0_4_interaction,active_and_state_lat_and_long_zero_last_source_row_continuous_segment,P25,AV0,4,off_ramp,P25_AV0_4,P25_AV0.1.asc,HV4,60,driver_number,19595,1,326583.33,326583.3342,4.0,4.0,24.450111,88.0204,170.0,97.459614,-7587.610991,-0.434428,3.51681,0.0,24.438531,-0.213336,0.0,7587.56024,73.922397,0.727603,1.0,0.0,0.0,0.0,7698.625352,41.940018,1021.0,3.0,0.0,149.0,-0.284903,35.628112,128.261204,35.628057,-0.062778,3.9e-05,-0.440366,0.169819,-3.8e-05,-0.001727,0.0,0.0,0.0,0.0,0.0,0.0,-9999.0,-9999.0,-9999.0,-9999.0,-9999.0,-9999.0,-9999.0,-9999.0,-9999.0,-9999.0,-9999.0,-9999.0,-9999.0,-9999.0
P25_AV0_4_interaction,active_and_state_lat_and_long_zero_last_source_row_continuous_segment,P25,AV0,4,off_ramp,P25_AV0_4,P25_AV0.1.asc,HV4,60,driver_number,19596,1,326600.0,326600.001,4.0,4.0,24.442398,87.992631,170.0,97.867541,-7587.920329,-0.435089,3.558955,0.0,24.430778,-0.21665,0.0,7587.866244,74.191183,0.730146,1.0,0.0,0.0,0.0,7699.218247,41.972641,1021.0,3.0,0.0,149.0,-0.284892,35.620769,128.234769,35.620717,-0.060817,3.8e-05,-0.440269,0.164754,-3.2e-05,-0.001727,0.0,0.0,0.0,0.0,0.0,0.0,-9999.0,-9999.0,-9999.0,-9999.0,-9999.0,-9999.0,-9999.0,-9999.0,-9999.0,-9999.0,-9999.0,-9999.0,-9999.0,-9999.0
P25_AV0_4_interaction,active_and_state_lat_and_long_zero_last_source_row_continuous_segment,P25,AV0,4,off_ramp,P25_AV0_4,P25_AV0.1.asc,HV4,60,driver_number,19597,1,326616.67,326616.6674,4.0,4.0,24.434658,87.96477,170.0,98.275533,-7588.228942,-0.435673,3.599872,0.0,24.422999,-0.220192,0.0,7588.171497,74.460626,0.732726,1.0,0.0,0.0,0.0,7699.811018,42.005306,1021.0,3.0,0.0,149.0,-0.284833,35.613428,128.208341,35.613379,-0.058838,3.8e-05,-0.440172,0.159657,-2.4e-05,-0.001884,0.0,0.0,0.0,0.0,0.0,0.0,-9999.0,-9999.0,-9999.0,-9999.0,-9999.0,-9999.0,-9999.0,-9999.0,-9999.0,-9999.0,-9999.0,-9999.0,-9999.0,-9999.0
P25_AV0_4_interaction,active_and_state_lat_and_long_zero_last_source_row_continuous_segment,P25,AV0,4,off_ramp,P25_AV0_4,P25_AV0.1.asc,HV4,60,driver_number,19598,1,326633.33,326633.3343,4.0,4.0,24.426892,87.936811,170.0,98.683592,-7588.536819,-0.436186,3.637943,0.0,24.415194,-0.223881,0.0,7588.475991,74.730733,0.735341,1.0,0.0,0.0,0.0,7700.403665,42.038009,1021.0,3.0,0.0,149.0,-0.284728,35.606089,128.181919,35.606043,-0.056853,3.7e-05,-0.440075,0.154544,-1.5e-05,-0.001884,0.0,0.0,0.0,0.0,0.0,0.0,-9999.0,-9999.0,-9999.0,-9999.0,-9999.0,-9999.0,-9999.0,-9999.0,-9999.0,-9999.0,-9999.0,-9999.0,-9999.0,-9999.0
P25_AV0_4_interaction,active_and_state_lat_and_long_zero_last_source_row_continuous_segment,P25,AV0,4,off_ramp,P25_AV0_4,P25_AV0.1.asc,HV4,60,driver_number,19599,1,326650.0,326650.0009,4.0,4.0,24.4191,87.908761,170.0,99.091719,-7588.843953,-0.436765,3.67942,0.0,24.407364,-0.227692,0.0,7588.779716,75.001509,0.73799,1.0,0.0,0.0,0.0,7700.996186,42.070751,1021.0,3.0,0.0,149.0,-0.284578,35.598751,128.155505,35.598709,-0.054871,3.7e-05,-0.439979,0.149441,-5e-06,-0.001884,0.0,0.0,0.0,0.0,0.0,0.0,-9999.0,-9999.0,-9999.0,-9999.0,-9999.0,-9999.0,-9999.0,-9999.0,-9999.0,-9999.0,-9999.0,-9999.0,-9999.0,-9999.0
P25_AV0_4_interaction,active_and_state_lat_and_long_zero_last_source_row_continuous_segment,P25,AV0,4,off_ramp,P25_AV0_4,P25_AV0.1.asc,HV4,60,driver_number,19600,1,326666.67,326666.6674,4.0,4.0,24.411283,87.880618,170.0,99.499916,-7589.150334,-0.437303,3.719926,0.0,24.399508,-0.231603,0.0,7589.082662,75.27296,0.740671,1.0,0.0,0.0,0.0,7701.588583,42.103528,1021.0,3.0,0.0,149.0,-0.284386,35.591416,128.129097,35.591377,-0.052902,3.7e-05,-0.439882,0.144371,6e-06,-0.001884,0.0,0.0,0.0,0.0,0.0,0.0,-9999.0,-9999.0,-9999.0,-9999.0,-9999.0,-9999.0,-9999.0,-9999.0,-9999.0,-9999.0,-9999.0,-9999.0,-9999.0,-9999.0
P25_AV0_4_interaction,active_and_state_lat_and_long_zero_last_source_row_continuous_segment,P25,AV0,4,off_ramp,P25_AV0_4,P25_AV0.1.asc,HV4,60,driver_number,19601,1,326683.33,326683.3334,4.0,4.0,24.403439,87.852381,170.0,99.908187,-7589.455953,-0.437669,3.75314,0.0,24.391627,-0.235573,0.0,7589.384821,75.545092,0.743381,1.0,0.0,0.0,0.0,7702.180856,42.136341,1021.0,3.0,0.0,149.0,-0.284152,35.584082,128.102696,35.584046,-0.050955,3.7e-05,-0.439785,0.139354,1.8e-05,-0.001884,0.0,0.0,0.0,0.0,0.0,0.0,-9999.0,-9999.0,-9999.0,-9999.0,-9999.0,-9999.0,-9999.0,-9999.0,-9999.0,-9999.0,-9999.0,-9999.0,-9999.0,-9999.0
P25_AV0_4_interaction,active_and_state_lat_and_long_zero_last_source_row_continuous_segment,P25,AV0,4,off_ramp,P25_AV0_4,P25_AV0.1.asc,HV4,60,driver_number,19602,1,326700.0,326700.0007,4.0,4.0,24.39557,87.824053,170.0,100.316533,-7589.760802,-0.438129,3.792893,0.0,24.383722,-0.239635,0.0,7589.686184,75.817911,0.74612,1.0,0.0,0.0,0.0,7702.773005,42.169186,1021.0,3.0,0.0,149.0,-0.283878,35.57675,128.076301,35.576717,-0.049037,3.8e-05,-0.439689,0.13441,2.8e-05,-0.001884,0.0,0.0,0.0,0.0,0.0,0.0,-9999.0,-9999.0,-9999.0,-9999.0,-9999.0,-9999.0,-9999.0,-9999.0,-9999.0,-9999.0,-9999.0,-9999.0,-9999.0,-9999.0
P25_AV0_4_interaction,active_and_state_lat_and_long_zero_last_source_row_continuous_segment,P25,AV0,4,off_ramp,P25_AV0_4,P25_AV0.1.asc,HV4,60,driver_number,19603,1,326716.67,326716.6676,4.0,4.0,24.387677,87.795639,170.0,100.724957,-7590.06487,-0.438525,3.829498,0.0,24.375794,-0.243685,0.0,7589.986743,76.09142,0.748885,1.0,0.0,0.0,0.0,7703.365029,42.202063,1021.0,3.0,0.0,149.0,-0.283566,35.56942,128.049914,35.569389,-0.047153,3.8e-05,-0.439592,0.129555,3.7e-05,-0.002041,0.0,0.0,0.0,0.0,0.0,0.0,-9999.0,-9999.0,-9999.0,-9999.0,-9999.0,-9999.0,-9999.0,-9999.0,-9999.0,-9999.0,-9999.0,-9999.0,-9999.0,-9999.0
P25_AV0_4_interaction,active_and_state_lat_and_long_zero_last_source_row_continuous_segment,P25,AV0,4,off_ramp,P25_AV0_4,P25_AV0.1.asc,HV4,60,driver_number,19604,1,326733.33,326733.3343,4.0,4.0,24.379761,87.76714,170.0,101.133461,-7590.368151,-0.438855,3.862275,0.0,24.367843,-0.247693,0.0,7590.286489,76.365625,0.751675,1.0,0.0,0.0,0.0,7703.956929,42.23497,1021.0,3.0,0.0,149.0,-0.283217,35.562092,128.023533,35.562064,-0.045312,3.9e-05,-0.439496,0.124804,4.5e-05,-0.002041,0.0,0.0,0.0,0.0,0.0,0.0,-9999.0,-9999.0,-9999.0,-9999.0,-9999.0,-9999.0,-9999.0,-9999.0,-9999.0,-9999.0,-9999.0,-9999.0,-9999.0,-9999.0
P25_AV0_4_interaction,active_and_state_lat_and_long_zero_last_source_row_continuous_segment,P25,AV0,4,off_ramp,P25_AV0_4,P25_AV0.1.asc,HV4,60,driver_number,19605,1,326750.0,326750.0006,4.0,4.0,24.371822,87.738558,170.0,101.542047,-7590.670635,-0.439261,3.897742,0.0,24.359871,-0.251663,0.0,7590.585413,76.64053,0.754487,1.0,0.0,0.0,0.0,7704.581579,42.269737,1021.0,3.0,0.0,149.0,-0.28281,35.554359,127.995693,35.554333,-0.043418,4e-05,-0.439394,0.119916,5.2e-05,-0.002041,0.0,0.0,0.0,0.0,0.0,0.0,-9999.0,-9999.0,-9999.0,-9999.0,-9999.0,-9999.0,-9999.0,-9999.0,-9999.0,-9999.0,-9999.0,-9999.0,-9999.0,-9999.0
P25_AV0_4_interaction,active_and_state_lat_and_long_zero_last_source_row_continuous_segment,P25,AV0,4,off_ramp,P25_AV0_4,P25_AV0.1.asc,HV4,60,driver_number,19606,1,326766.67,326766.6675,4.0,4.0,24.36386,87.709896,170.0,101.949457,-7590.972315,-0.439732,3.934793,0.0,24.351875,-0.255544,0.0,7590.883507,76.916141,0.75732,1.0,0.0,0.0,0.0,7705.140358,42.30087,1021.0,3.0,0.0,149.0,-0.282413,35.547442,127.97079,35.547417,-0.041773,4.1e-05,-0.439302,0.115663,5.7e-05,-0.002041,0.0,0.0,0.0,0.0,0.0,0.0,-9999.0,-9999.0,-9999.0,-9999.0,-9999.0,-9999.0,-9999.0,-9999.0,-9999.0,-9999.0,-9999.0,-9999.0,-9999.0,-9999.0
P25_AV0_4_interaction,active_and_state_lat_and_long_zero_last_source_row_continuous_segment,P25,AV0,4,off_ramp,P25_AV0_4,P25_AV0.1.asc,HV4,60,driver_number,19607,1,326783.33,326783.3342,4.0,4.0,24.355876,87.681153,170.0,102.355746,-7591.273181,-0.44022,3.969805,0.0,24.343857,-0.259262,0.0,7591.180762,77.19246,0.760172,1.0,0.0,0.0,0.0,7705.731887,42.333859,1021.0,3.0,0.0,149.0,-0.281962,35.540119,127.944428,35.540096,-0.040085,4.2e-05,-0.439206,0.111296,6.1e-05,-0.002041,0.0,0.0,0.0,0.0,0.0,0.0,-9999.0,-9999.0,-9999.0,-9999.0,-9999.0,-9999.0,-9999.0,-9999.0,-9999.0,-9999.0,-9999.0,-9999.0,-9999.0,-9999.0
P25_AV0_4_interaction,active_and_state_lat_and_long_zero_last_source_row_continuous_segment,P25,AV0,4,off_ramp,P25_AV0_4,P25_AV0.1.asc,HV4,60,driver_number,19608,1,326800.0,326800.0001,4.0,4.0,24.347869,87.652329,170.0,102.762125,-7591.573225,-0.440752,4.004529,0.0,24.335815,-0.26283,0.0,7591.477169,77.469494,0.763044,1.0,0.0,0.0,0.0,7706.323293,42.366873,1021.0,3.0,0.0,149.0,-0.281479,35.532798,127.918073,35.532777,-0.038455,4.3e-05,-0.439109,0.107075,6.4e-05,-0.002041,0.0,0.0,0.0,0.0,0.0,0.0,-9999.0,-9999.0,-9999.0,-9999.0,-9999.0,-9999.0,-9999.0,-9999.0,-9999.0,-9999.0,-9999.0,-9999.0,-9999.0,-9999.0
P25_AV0_4_interaction,active_and_state_lat_and_long_zero_last_source_row_continuous_segment,P25,AV0,4,off_ramp,P25_AV0_4,P25_AV0.1.asc,HV4,60,driver_number,19609,1,326816.67,326816.6698,4.0,4.0,24.339839,87.623421,170.0,103.168594,-7591.872439,-0.441323,4.03995,0.0,24.327751,-0.266272,0.0,7591.77272,77.747247,0.765934,1.0,0.0,0.0,0.0,7706.914575,42.39991,1021.0,3.0,0.0,149.0,-0.280966,35.525479,127.891724,35.52546,-0.036888,4.4e-05,-0.439013,0.103008,6.6e-05,-0.002041,0.0,0.0,0.0,0.0,0.0,0.0,-9999.0,-9999.0,-9999.0,-9999.0,-9999.0,-9999.0,-9999.0,-9999.0,-9999.0,-9999.0,-9999.0,-9999.0,-9999.0,-9999.0
P25_AV0_4_interaction,active_and_state_lat_and_long_zero_last_source_row_continuous_segment,P25,AV0,4,off_ramp,P25_AV0_4,P25_AV0.1.asc,HV4,60,driver_number,19610,1,326833.33,326833.3344,4.0,4.0,24.331786,87.594429,170.0,103.575157,-7592.170813,-0.441866,4.068161,0.0,24.319664,-0.269548,0.0,7592.067405,78.025722,0.768842,1.0,0.0,0.0,0.0,7707.505733,42.43297,1021.0,3.0,0.0,149.0,-0.280423,35.518161,127.865381,35.518144,-0.035384,4.5e-05,-0.438916,0.099101,6.8e-05,-0.002041,0.0,0.0,0.0,0.0,0.0,0.0,-9999.0,-9999.0,-9999.0,-9999.0,-9999.0,-9999.0,-9999.0,-9999.0,-9999.0,-9999.0,-9999.0,-9999.0,-9999.0,-9999.0
P25_AV0_4_interaction,active_and_state_lat_and_long_zero_last_source_row_continuous_segment,P25,AV0,4,off_ramp,P25_AV0_4,P25_AV0.1.asc,HV4,60,driver_number,19611,1,326850.0,326850.0001,4.0,4.0,24.32371,87.565356,170.0,103.981816,-7592.46834,-0.442394,4.098933,0.0,24.311553,-0.272703,0.0,7592.361217,78.304923,0.771767,1.0,0.0,0.0,0.0,7708.096768,42.466051,1021.0,3.0,0.0,149.0,-0.279853,35.510846,127.839044,35.510829,-0.033946,4.6e-05,-0.43882,0.09536,6.9e-05,-0.002041,0.0,0.0,0.0,0.0,0.0,0.0,-9999.0,-9999.0,-9999.0,-9999.0,-9999.0,-9999.0,-9999.0,-9999.0,-9999.0,-9999.0,-9999.0,-9999.0,-9999.0,-9999.0
P25_AV0_4_interaction,active_and_state_lat_and_long_zero_last_source_row_continuous_segment,P25,AV0,4,off_ramp,P25_AV0_4,P25_AV0.1.asc,HV4,60,driver_number,19612,1,326866.67,326866.6671,4.0,4.0,24.315611,87.536201,170.0,104.388572,-7592.765011,-0.442774,4.125425,0.0,24.303423,-0.275779,0.0,7592.654147,78.584854,0.774708,1.0,0.0,0.0,0.0,7708.68768,42.499152,1021.0,3.0,0.0,149.0,-0.279257,35.503532,127.812714,35.503517,-0.032575,4.7e-05,-0.438723,0.091787,7e-05,-0.002041,0.0,0.0,0.0,0.0,0.0,0.0,-9999.0,-9999.0,-9999.0,-9999.0,-9999.0,-9999.0,-9999.0,-9999.0,-9999.0,-9999.0,-9999.0,-9999.0,-9999.0,-9999.0
P25_AV0_4_interaction,active_and_state_lat_and_long_zero_last_source_row_continuous_segment,P25,AV0,4,off_ramp,P25_AV0_4,P25_AV0.1.asc,HV4,60,driver_number,19613,1,326883.33,326883.3342,4.0,4.0,24.30749,87.506964,170.0,104.795429,-7593.060818,-0.443005,4.146451,0.0,24.295273,-0.278767,0.0,7592.946189,78.865517,0.777664,1.0,0.0,0.0,0.0,7709.278468,42.532271,1021.0,3.0,0.0,149.0,-0.278635,35.496219,127.78639,35.496206,-0.031272,4.8e-05,-0.438627,0.088385,7.1e-05,-0.002041,0.0,0.0,0.0,0.0,0.0,0.0,-9999.0,-9999.0,-9999.0,-9999.0,-9999.0,-9999.0,-9999.0,-9999.0,-9999.0,-9999.0,-9999.0,-9999.0,-9999.0,-9999.0
P25_AV0_4_interaction,active_and_state_lat_and_long_zero_last_source_row_continuous_segment,P25,AV0,4,off_ramp,P25_AV0_4,P25_AV0.1.asc,HV4,60,driver_number,19614,1,326900.0,326900.0008,4.0,4.0,24.29935,87.47766,170.0,105.202389,-7593.355753,-0.443115,4.165177,0.0,24.287108,-0.281722,0.0,7593.237335,79.146915,0.780635,1.0,0.0,0.0,0.0,7709.869134,42.565409,1021.0,3.0,0.0,149.0,-0.277988,35.488909,127.760072,35.488896,-0.030038,5e-05,-0.438531,0.085157,7.2e-05,-0.002041,0.0,0.0,0.0,0.0,0.0,0.0,-9999.0,-9999.0,-9999.0,-9999.0,-9999.0,-9999.0,-9999.0,-9999.0,-9999.0,-9999.0,-9999.0,-9999.0,-9999.0,-9999.0
P25_AV0_4_interaction,active_and_state_lat_and_long_zero_last_source_row_continuous_segment,P25,AV0,4,off_ramp,P25_AV0_4,P25_AV0.1.asc,HV4,60,driver_number,19615,1,326916.68,326916.6779,4.0,4.0,24.291192,87.448292,170.0,105.609454,-7593.649811,-0.443074,4.181279,0.0,24.27893,-0.284665,0.0,7593.527579,79.429047,0.783618,1.0,0.0,0.0,0.0,7710.459677,42.598563,1021.0,3.0,0.0,149.0,-0.277317,35.4816,127.73376,35.481588,-0.028873,5.1e-05,-0.438434,0.082102,7.3e-05,-0.002041,0.0,0.0,0.0,0.0,0.0,0.0,-9999.0,-9999.0,-9999.0,-9999.0,-9999.0,-9999.0,-9999.0,-9999.0,-9999.0,-9999.0,-9999.0,-9999.0,-9999.0,-9999.0
P25_AV0_4_interaction,active_and_state_lat_and_long_zero_last_source_row_continuous_segment,P25,AV0,4,off_ramp,P25_AV0_4,P25_AV0.1.asc,HV4,60,driver_number,19616,1,326933.33,326933.3339,4.0,4.0,24.28302,87.418872,170.0,106.016626,-7593.942985,-0.442826,4.192228,0.0,24.270741,-0.287591,0.0,7593.816916,79.711916,0.786612,1.0,0.0,0.0,0.0,7711.050096,42.631733,1021.0,3.0,0.0,149.0,-0.276624,35.474293,127.707455,35.474282,-0.027776,5.2e-05,-0.438338,0.079221,7.3e-05,-0.002041,0.0,0.0,0.0,0.0,0.0,0.0,-9999.0,-9999.0,-9999.0,-9999.0,-9999.0,-9999.0,-9999.0,-9999.0,-9999.0,-9999.0,-9999.0,-9999.0,-9999.0,-9999.0
P25_AV0_4_interaction,active_and_state_lat_and_long_zero_last_source_row_continuous_segment,P25,AV0,4,off_ramp,P25_AV0_4,P25_AV0.1.asc,HV4,60,driver_number,19617,1,326950.0,326950.001,4.0,4.0,24.274836,87.389411,170.0,106.423909,-7594.23527,-0.442479,4.202457,0.0,24.262546,-0.290503,0.0,7594.105341,79.995519,0.789614,1.0,0.0,0.0,0.0,7711.640393,42.664919,1021.0,3.0,0.0,149.0,-0.275909,35.466988,127.681155,35.466977,-0.026748,5.3e-05,-0.438242,0.076513,7.4e-05,-0.002041,0.0,0.0,0.0,0.0,0.0,0.0,-9999.0,-9999.0,-9999.0,-9999.0,-9999.0,-9999.0,-9999.0,-9999.0,-9999.0,-9999.0,-9999.0,-9999.0,-9999.0,-9999.0
P25_AV0_4_interaction,active_and_state_lat_and_long_zero_last_source_row_continuous_segment,P25,AV0,4,off_ramp,P25_AV0_4,P25_AV0.1.asc,HV4,60,driver_number,19618,1,326966.67,326966.6718,4.0,4.0,24.266645,87.359921,170.0,106.828542,-7594.526662,-0.442005,4.210273,0.0,24.254348,-0.29338,0.0,7594.392851,80.279858,0.792622,1.0,0.0,0.0,0.0,7712.230567,42.698118,1021.0,3.0,0.0,149.0,-0.275173,35.459684,127.654861,35.459674,-0.025787,5.5e-05,-0.438146,0.073976,7.4e-05,-0.002041,0.0,0.0,0.0,0.0,0.0,0.0,-9999.0,-9999.0,-9999.0,-9999.0,-9999.0,-9999.0,-9999.0,-9999.0,-9999.0,-9999.0,-9999.0,-9999.0,-9999.0,-9999.0
P25_AV0_4_interaction,active_and_state_lat_and_long_zero_last_source_row_continuous_segment,P25,AV0,4,off_ramp,P25_AV0_4,P25_AV0.1.asc,HV4,60,driver_number,19619,1,326983.33,326983.3342,4.0,4.0,24.258447,87.330411,170.0,107.233242,-7594.817156,-0.441445,4.216288,0.0,24.246148,-0.29619,0.0,7594.679442,80.564929,0.795634,1.0,0.0,0.0,0.0,7712.820619,42.731332,1021.0,3.0,0.0,149.0,-0.274416,35.452382,127.628574,35.452373,-0.024892,5.6e-05,-0.43805,0.071608,7.4e-05,-0.002041,0.0,0.0,0.0,0.0,0.0,0.0,-9999.0,-9999.0,-9999.0,-9999.0,-9999.0,-9999.0,-9999.0,-9999.0,-9999.0,-9999.0,-9999.0,-9999.0,-9999.0,-9999.0
P25_AV0_4_interaction,active_and_state_lat_and_long_zero_last_source_row_continuous_segment,P25,AV0,4,off_ramp,P25_AV0_4,P25_AV0.1.asc,HV4,60,driver_number,19620,1,327000.0,327000.001,4.0,4.0,24.250248,87.300892,170.0,107.63806,-7595.106749,-0.440867,4.222518,0.0,24.237949,-0.298903,0.0,7594.96511,80.850732,0.798646,1.0,0.0,0.0,0.0,7713.410548,42.764558,1021.0,3.0,0.0,149.0,-0.27364,35.445081,127.602292,35.445073,-0.024063,5.7e-05,-0.437954,0.069407,7.3e-05,-0.002041,0.0,0.0,0.0,0.0,0.0,0.0,-9999.0,-9999.0,-9999.0,-9999.0,-9999.0,-9999.0,-9999.0,-9999.0,-9999.0,-9999.0,-9999.0,-9999.0,-9999.0,-9999.0
P25_AV0_4_interaction,active_and_state_lat_and_long_zero_last_source_row_continuous_segment,P25,AV0,4,off_ramp,P25_AV0_4,P25_AV0.1.asc,HV4,60,driver_number,19621,1,327016.67,327016.6675,4.0,4.0,24.242048,87.271374,170.0,108.042998,-7595.395439,-0.440278,4.227106,0.0,24.229753,-0.301449,0.0,7595.249854,81.137265,0.801657,1.0,0.0,0.0,0.0,7714.000354,42.797796,1021.0,3.0,0.0,149.0,-0.272846,35.437782,127.576016,35.437775,-0.023297,5.8e-05,-0.437858,0.067368,7.3e-05,-0.002041,0.0,0.0,0.0,0.0,0.0,0.0,-9999.0,-9999.0,-9999.0,-9999.0,-9999.0,-9999.0,-9999.0,-9999.0,-9999.0,-9999.0,-9999.0,-9999.0,-9999.0,-9999.0
P25_AV0_4_interaction,active_and_state_lat_and_long_zero_last_source_row_continuous_segment,P25,AV0,4,off_ramp,P25_AV0_4,P25_AV0.1.asc,HV4,60,driver_number,19622,1,327033.34,327033.3407,4.0,4.0,24.233851,87.241863,170.0,108.448058,-7595.683221,-0.439701,4.230721,0.0,24.22156,-0.303806,0.0,7595.53367,81.424525,0.804663,1.0,0.0,0.0,0.0,7714.590038,42.831047,1021.0,3.0,0.0,149.0,-0.272032,35.430485,127.549746,35.430478,-0.022593,5.9e-05,-0.437762,0.065488,7.2e-05,-0.002041,0.0,0.0,0.0,0.0,0.0,0.0,-9999.0,-9999.0,-9999.0,-9999.0,-9999.0,-9999.0,-9999.0,-9999.0,-9999.0,-9999.0,-9999.0,-9999.0,-9999.0,-9999.0
P25_AV0_4_interaction,active_and_state_lat_and_long_zero_last_source_row_continuous_segment,P25,AV0,4,off_ramp,P25_AV0_4,P25_AV0.1.asc,HV4,60,driver_number,19623,1,327050.0,327050.0002,4.0,4.0,24.225656,87.212362,170.0,108.853245,-7595.970095,-0.439096,4.23166,0.0,24.213373,-0.305956,0.0,7595.816555,81.712511,0.807664,1.0,0.0,0.0,0.0,7715.179599,42.864308,1021.0,3.0,0.0,149.0,-0.271201,35.42319,127.523482,35.423183,-0.02195,6.1e-05,-0.437666,0.063763,7.1e-05,-0.001884,0.0,0.0,0.0,0.0,0.0,0.0,-9999.0,-9999.0,-9999.0,-9999.0,-9999.0,-9999.0,-9999.0,-9999.0,-9999.0,-9999.0,-9999.0,-9999.0,-9999.0,-9999.0
P25_AV0_4_interaction,active_and_state_lat_and_long_zero_last_source_row_continuous_segment,P25,AV0,4,off_ramp,P25_AV0_4,P25_AV0.1.asc,HV4,60,driver_number,19624,1,327066.67,327066.6668,4.0,4.0,24.217466,87.182877,170.0,109.258559,-7596.256056,-0.438601,4.234198,0.0,24.205191,-0.307849,0.0,7596.098508,82.00122,0.810656,1.0,0.0,0.0,0.0,7715.769038,42.897579,1021.0,3.0,0.0,149.0,-0.270353,35.415896,127.497224,35.415889,-0.021365,6.2e-05,-0.43757,0.062189,7e-05,-0.001884,0.0,0.0,0.0,0.0,0.0,0.0,-9999.0,-9999.0,-9999.0,-9999.0,-9999.0,-9999.0,-9999.0,-9999.0,-9999.0,-9999.0,-9999.0,-9999.0,-9999.0,-9999.0
P25_AV0_4_interaction,active_and_state_lat_and_long_zero_last_source_row_continuous_segment,P25,AV0,4,off_ramp,P25_AV0_4,P25_AV0.1.asc,HV4,60,driver_number,19625,1,327083.33,327083.3347,4.0,4.0,24.209281,87.153412,170.0,109.664003,-7596.541103,-0.438136,4.234634,0.0,24.197015,-0.309457,0.0,7596.379525,82.290649,0.813639,1.0,0.0,0.0,0.0,7716.358355,42.930861,1021.0,3.0,0.0,149.0,-0.269488,35.408603,127.470972,35.408597,-0.020837,6.3e-05,-0.437474,0.060759,6.8e-05,-0.001727,0.0,0.002198,0.0,0.0,0.0,0.0,-9999.0,-9999.0,-9999.0,-9999.0,-9999.0,-9999.0,-9999.0,-9999.0,-9999.0,-9999.0,-9999.0,-9999.0,-9999.0,-9999.0
P25_AV0_4_interaction,active_and_state_lat_and_long_zero_last_source_row_continuous_segment,P25,AV0,4,off_ramp,P25_AV0_4,P25_AV0.1.asc,HV4,60,driver_number,19626,1,327100.02,327100.0203,4.0,4.0,24.201102,87.123967,170.0,110.069581,-7596.825235,-0.437725,4.234526,0.0,24.188845,-0.310787,0.0,7596.659606,82.580797,0.816612,1.0,0.0,0.0,0.0,7716.947549,42.964153,1021.0,3.0,0.0,149.0,-0.268606,35.401061,127.443821,35.401056,-0.020363,6.4e-05,-0.457535,0.059468,4.5e-05,-0.001727,0.0,0.002198,0.0,0.0,0.0,0.0,-9999.0,-9999.0,-9999.0,-9999.0,-9999.0,-9999.0,-9999.0,-9999.0,-9999.0,-9999.0,-9999.0,-9999.0,-9999.0,-9999.0
P25_AV0_4_interaction,active_and_state_lat_and_long_zero_last_source_row_continuous_segment,P25,AV0,4,off_ramp,P25_AV0_4,P25_AV0.1.asc,HV4,60,driver_number,19627,1,327116.67,327116.672,4.0,4.0,24.192929,87.094543,170.0,110.475294,-7597.108447,-0.437396,4.235009,0.0,24.180681,-0.31183,0.0,7596.938748,82.871659,0.819573,1.0,0.0,0.0,0.0,7717.536617,42.997453,1021.0,3.0,0.0,149.0,-0.267709,35.39351,127.416636,35.393504,-0.01994,6.4e-05,-0.442964,0.058314,-1.7e-05,-0.001884,0.0,0.0,0.0,0.0,0.0,0.0,-9999.0,-9999.0,-9999.0,-9999.0,-9999.0,-9999.0,-9999.0,-9999.0,-9999.0,-9999.0,-9999.0,-9999.0,-9999.0,-9999.0
P25_AV0_4_interaction,active_and_state_lat_and_long_zero_last_source_row_continuous_segment,P25,AV0,4,off_ramp,P25_AV0_4,P25_AV0.1.asc,HV4,60,driver_number,19628,1,327133.33,327133.3342,4.0,4.0,24.184762,87.065143,170.0,110.881146,-7597.39074,-0.437216,4.23776,0.0,24.172524,-0.312555,0.0,7597.216949,83.163233,0.822522,1.0,0.0,0.0,0.0,7718.125559,43.030763,1021.0,3.0,0.0,149.0,-0.266796,35.386195,127.390303,35.38619,-0.019568,6.4e-05,-0.437872,0.057288,-3.7e-05,-0.001884,0.0,0.0,0.0,0.0,0.0,0.0,-9999.0,-9999.0,-9999.0,-9999.0,-9999.0,-9999.0,-9999.0,-9999.0,-9999.0,-9999.0,-9999.0,-9999.0,-9999.0,-9999.0
P25_AV0_4_interaction,active_and_state_lat_and_long_zero_last_source_row_continuous_segment,P25,AV0,4,off_ramp,P25_AV0_4,P25_AV0.1.asc,HV4,60,driver_number,19629,1,327150.0,327150.0002,4.0,4.0,24.176602,87.035766,170.0,111.285601,-7597.67211,-0.437117,4.237997,0.0,24.16437,-0.312913,0.0,7597.494207,83.455517,0.82546,1.0,0.0,0.0,0.0,7718.714378,43.06408,1021.0,3.0,0.0,149.0,-0.265867,35.378904,127.364053,35.378898,-0.019243,6.3e-05,-0.4373,0.056386,-3.2e-05,-0.001727,0.0,0.0,0.0,0.0,0.0,0.0,-9999.0,-9999.0,-9999.0,-9999.0,-9999.0,-9999.0,-9999.0,-9999.0,-9999.0,-9999.0,-9999.0,-9999.0,-9999.0,-9999.0
P25_AV0_4_interaction,active_and_state_lat_and_long_zero_last_source_row_continuous_segment,P25,AV0,4,off_ramp,P25_AV0_4,P25_AV0.1.asc,HV4,60,driver_number,19630,1,327166.68,327166.6782,4.0,4.0,24.168447,87.006408,170.0,111.688614,-7597.952556,-0.437171,4.240741,0.0,24.156221,-0.312962,0.0,7597.770519,83.748509,0.828386,1.0,0.0,0.0,0.0,7719.303074,43.097407,1021.0,3.0,0.0,149.0,-0.264924,35.371618,127.337823,35.371612,-0.018963,6.3e-05,-0.437063,0.055601,3e-06,-0.001727,0.0,0.0,0.0,0.0,0.0,0.0,-9999.0,-9999.0,-9999.0,-9999.0,-9999.0,-9999.0,-9999.0,-9999.0,-9999.0,-9999.0,-9999.0,-9999.0,-9999.0,-9999.0
P25_AV0_4_interaction,active_and_state_lat_and_long_zero_last_source_row_continuous_segment,P25,AV0,4,off_ramp,P25_AV0_4,P25_AV0.1.asc,HV4,60,driver_number,19631,1,327183.33,327183.3334,4.0,4.0,24.160295,86.977063,170.0,112.091772,-7598.232076,-0.437382,4.245256,0.0,24.148072,-0.31269,0.0,7598.045883,84.042206,0.831303,1.0,0.0,0.0,0.0,7719.891649,43.130741,1021.0,3.0,0.0,149.0,-0.263965,35.364334,127.311604,35.364329,-0.018725,6.3e-05,-0.436919,0.054927,4.3e-05,-0.001727,0.0,0.0,0.0,0.0,0.0,0.0,-9999.0,-9999.0,-9999.0,-9999.0,-9999.0,-9999.0,-9999.0,-9999.0,-9999.0,-9999.0,-9999.0,-9999.0,-9999.0,-9999.0
P25_AV0_4_interaction,active_and_state_lat_and_long_zero_last_source_row_continuous_segment,P25,AV0,4,off_ramp,P25_AV0_4,P25_AV0.1.asc,HV4,60,driver_number,19632,1,327200.0,327200.0003,4.0,4.0,24.152146,86.947727,170.0,112.495077,-7598.510665,-0.437671,4.249008,0.0,24.139924,-0.312131,0.0,7598.320295,84.336607,0.834212,1.0,0.0,0.0,0.0,7720.480102,43.164084,1021.0,3.0,0.0,149.0,-0.262992,35.357053,127.285392,35.357048,-0.018528,6.4e-05,-0.436807,0.054359,7.6e-05,-0.001727,0.0,0.0,0.0,0.0,0.0,0.0,-9999.0,-9999.0,-9999.0,-9999.0,-9999.0,-9999.0,-9999.0,-9999.0,-9999.0,-9999.0,-9999.0,-9999.0,-9999.0,-9999.0
P25_AV0_4_interaction,active_and_state_lat_and_long_zero_last_source_row_continuous_segment,P25,AV0,4,off_ramp,P25_AV0_4,P25_AV0.1.asc,HV4,60,driver_number,19633,1,327216.67,327216.6669,4.0,4.0,24.143998,86.918394,170.0,112.898531,-7598.788322,-0.437995,4.251878,0.0,24.131775,-0.311352,0.0,7598.593752,84.631709,0.837114,1.0,0.0,0.0,0.0,7721.068432,43.197434,1021.0,3.0,0.0,149.0,-0.262004,35.349774,127.259186,35.349769,-0.018369,6.6e-05,-0.436706,0.05389,9.8e-05,-0.001727,0.0,0.0,0.0,0.0,0.0,0.0,-9999.0,-9999.0,-9999.0,-9999.0,-9999.0,-9999.0,-9999.0,-9999.0,-9999.0,-9999.0,-9999.0,-9999.0,-9999.0,-9999.0
P25_AV0_4_interaction,active_and_state_lat_and_long_zero_last_source_row_continuous_segment,P25,AV0,4,off_ramp,P25_AV0_4,P25_AV0.1.asc,HV4,60,driver_number,19634,1,327233.33,327233.3334,4.0,4.0,24.135849,86.889058,170.0,113.302137,-7599.065043,-0.438328,4.2529,0.0,24.123624,-0.310381,0.0,7598.866252,84.927511,0.840012,1.0,0.0,0.0,0.0,7721.656641,43.230792,1021.0,3.0,0.0,149.0,-0.261003,35.342496,127.232986,35.342491,-0.018245,6.8e-05,-0.436609,0.053514,0.000108,-0.001727,0.0,0.0,0.0,0.0,0.0,0.0,-9999.0,-9999.0,-9999.0,-9999.0,-9999.0,-9999.0,-9999.0,-9999.0,-9999.0,-9999.0,-9999.0,-9999.0,-9999.0,-9999.0
P25_AV0_4_interaction,active_and_state_lat_and_long_zero_last_source_row_continuous_segment,P25,AV0,4,off_ramp,P25_AV0_4,P25_AV0.1.asc,HV4,60,driver_number,19635,1,327250.0,327250.0008,4.0,4.0,24.1277,86.859718,170.0,113.705897,-7599.340826,-0.438695,4.254772,0.0,24.115471,-0.30929,0.0,7599.137791,85.22401,0.842907,1.0,0.0,0.0,0.0,7722.244727,43.264157,1021.0,3.0,0.0,149.0,-0.259986,35.33522,127.206792,35.335215,-0.018155,6.9e-05,-0.436513,0.053226,0.000109,-0.001884,0.0,0.0,0.0,0.0,0.0,0.0,-9999.0,-9999.0,-9999.0,-9999.0,-9999.0,-9999.0,-9999.0,-9999.0,-9999.0,-9999.0,-9999.0,-9999.0,-9999.0,-9999.0
P25_AV0_4_interaction,active_and_state_lat_and_long_zero_last_source_row_continuous_segment,P25,AV0,4,off_ramp,P25_AV0_4,P25_AV0.1.asc,HV4,60,driver_number,19636,1,327266.67,327266.6674,4.0,4.0,24.119548,86.830371,170.0,114.109814,-7599.615668,-0.439029,4.256054,0.0,24.107315,-0.30814,0.0,7599.408366,85.521205,0.845801,1.0,0.0,0.0,0.0,7722.865353,43.299385,1021.0,3.0,0.0,149.0,-0.258898,35.327541,127.179149,35.327537,-0.018093,7.1e-05,-0.436412,0.053011,0.000102,-0.001884,0.0,0.0,0.0,0.0,0.0,0.0,-9999.0,-9999.0,-9999.0,-9999.0,-9999.0,-9999.0,-9999.0,-9999.0,-9999.0,-9999.0,-9999.0,-9999.0,-9999.0,-9999.0
P25_AV0_4_interaction,active_and_state_lat_and_long_zero_last_source_row_continuous_segment,P25,AV0,4,off_ramp,P25_AV0_4,P25_AV0.1.asc,HV4,60,driver_number,19637,1,327283.33,327283.3343,4.0,4.0,24.111393,86.801015,170.0,114.513889,-7599.889565,-0.439374,4.258536,0.0,24.099157,-0.306964,0.0,7599.677976,85.819092,0.848696,1.0,0.0,0.0,0.0,7723.420535,43.330911,1021.0,3.0,0.0,149.0,-0.257911,35.320673,127.154421,35.320668,-0.018064,7.3e-05,-0.436321,0.05289,9.2e-05,-0.001884,0.0,0.0,0.0,0.0,0.0,0.0,-9999.0,-9999.0,-9999.0,-9999.0,-9999.0,-9999.0,-9999.0,-9999.0,-9999.0,-9999.0,-9999.0,-9999.0,-9999.0,-9999.0
P25_AV0_4_interaction,active_and_state_lat_and_long_zero_last_source_row_continuous_segment,P25,AV0,4,off_ramp,P25_AV0_4,P25_AV0.1.asc,HV4,60,driver_number,19638,1,327300.0,327300.0007,4.0,4.0,24.103237,86.771652,170.0,114.918124,-7600.162515,-0.439668,4.259347,0.0,24.090997,-0.30578,0.0,7599.946617,86.11767,0.851594,1.0,0.0,0.0,0.0,7724.008256,43.364299,1021.0,3.0,0.0,149.0,-0.256853,35.313401,127.128245,35.313397,-0.018059,7.4e-05,-0.436226,0.052831,7.9e-05,-0.001884,0.0,0.0,0.0,0.0,0.0,0.0,-9999.0,-9999.0,-9999.0,-9999.0,-9999.0,-9999.0,-9999.0,-9999.0,-9999.0,-9999.0,-9999.0,-9999.0,-9999.0,-9999.0
P25_AV0_4_interaction,active_and_state_lat_and_long_zero_last_source_row_continuous_segment,P25,AV0,4,off_ramp,P25_AV0_4,P25_AV0.1.asc,HV4,60,driver_number,19639,1,327316.67,327316.6668,4.0,4.0,24.095078,86.742279,170.0,115.322522,-7600.434516,-0.439973,4.262179,0.0,24.082834,-0.304645,0.0,7600.214287,86.416936,0.854495,1.0,0.0,0.0,0.0,7724.628496,43.399549,1021.0,3.0,0.0,149.0,-0.25572,35.305621,127.100234,35.305616,-0.018081,7.6e-05,-0.452907,0.052838,6.8e-05,-0.001884,0.0,0.002198,0.0,0.0,0.0,0.0,-9999.0,-9999.0,-9999.0,-9999.0,-9999.0,-9999.0,-9999.0,-9999.0,-9999.0,-9999.0,-9999.0,-9999.0,-9999.0,-9999.0
P25_AV0_4_interaction,active_and_state_lat_and_long_zero_last_source_row_continuous_segment,P25,AV0,4,off_ramp,P25_AV0_4,P25_AV0.1.asc,HV4,60,driver_number,19640,1,327333.33,327333.3343,4.0,4.0,24.086916,86.712897,170.0,115.726923,-7600.705566,-0.440232,4.264189,0.0,24.074668,-0.303568,0.0,7600.480984,86.716887,0.857401,1.0,0.0,0.0,0.0,7725.183331,43.431096,1021.0,3.0,0.0,149.0,-0.254693,35.298438,127.074375,35.298433,-0.018121,7.6e-05,-0.457195,0.0529,8e-06,-0.002041,0.0,0.0,0.0,0.0,0.0,0.0,-9999.0,-9999.0,-9999.0,-9999.0,-9999.0,-9999.0,-9999.0,-9999.0,-9999.0,-9999.0,-9999.0,-9999.0,-9999.0,-9999.0
P25_AV0_4_interaction,active_and_state_lat_and_long_zero_last_source_row_continuous_segment,P25,AV0,4,off_ramp,P25_AV0_4,P25_AV0.1.asc,HV4,60,driver_number,19641,1,327350.0,327350.0012,4.0,4.0,24.078751,86.683504,170.0,116.128253,-7600.975661,-0.440514,4.26796,0.0,24.066499,-0.302563,0.0,7600.746704,87.017521,0.860312,1.0,0.0,0.0,0.0,7725.77068,43.464506,1021.0,3.0,0.0,149.0,-0.253593,35.291063,127.047827,35.291058,-0.018182,7.5e-05,-0.437504,0.053021,-4.7e-05,-0.002041,0.0,0.0,0.0,0.0,0.0,0.0,-9999.0,-9999.0,-9999.0,-9999.0,-9999.0,-9999.0,-9999.0,-9999.0,-9999.0,-9999.0,-9999.0,-9999.0,-9999.0,-9999.0
P25_AV0_4_interaction,active_and_state_lat_and_long_zero_last_source_row_continuous_segment,P25,AV0,4,off_ramp,P25_AV0_4,P25_AV0.1.asc,HV4,60,driver_number,19642,1,327366.67,327366.6678,4.0,4.0,24.070584,86.654102,170.0,116.529749,-7601.2448,-0.44075,4.270949,0.0,24.058326,-0.30165,0.0,7601.011445,87.318837,0.863231,1.0,0.0,0.0,0.0,7726.357906,43.497923,1021.0,3.0,0.0,149.0,-0.252478,35.283696,127.021307,35.283692,-0.018262,7.4e-05,-0.45209,0.05319,-6.5e-05,-0.002041,0.0,0.0,0.0,0.0,0.0,0.0,-9999.0,-9999.0,-9999.0,-9999.0,-9999.0,-9999.0,-9999.0,-9999.0,-9999.0,-9999.0,-9999.0,-9999.0,-9999.0,-9999.0
P25_AV0_4_interaction,active_and_state_lat_and_long_zero_last_source_row_continuous_segment,P25,AV0,4,off_ramp,P25_AV0_4,P25_AV0.1.asc,HV4,60,driver_number,19643,1,327383.33,327383.3335,4.0,4.0,24.062413,86.624686,170.0,116.931416,-7601.512979,-0.441012,4.275789,0.0,24.05015,-0.300836,0.0,7601.275204,87.620831,0.866158,1.0,0.0,0.0,0.0,7726.945008,43.531347,1021.0,3.0,0.0,149.0,-0.251349,35.276346,126.994846,35.276341,-0.018358,7.3e-05,-0.436859,0.053405,-8.1e-05,-0.002041,0.0,0.0,0.0,0.0,0.0,0.0,-9999.0,-9999.0,-9999.0,-9999.0,-9999.0,-9999.0,-9999.0,-9999.0,-9999.0,-9999.0,-9999.0,-9999.0,-9999.0,-9999.0
P25_AV0_4_interaction,active_and_state_lat_and_long_zero_last_source_row_continuous_segment,P25,AV0,4,off_ramp,P25_AV0_4,P25_AV0.1.asc,HV4,60,driver_number,19644,1,327400.0,327400.0004,4.0,4.0,24.054238,86.595258,170.0,117.333254,-7601.780195,-0.441372,4.28427,0.0,24.041968,-0.300098,0.0,7601.537978,87.923502,0.869093,1.0,0.0,0.0,0.0,7727.531986,43.564779,1021.0,3.0,0.0,149.0,-0.250205,35.269077,126.968677,35.269072,-0.018469,7.2e-05,-0.435885,0.053659,-6.3e-05,-0.002512,0.0,0.0,0.0,0.0,0.0,0.0,-9999.0,-9999.0,-9999.0,-9999.0,-9999.0,-9999.0,-9999.0,-9999.0,-9999.0,-9999.0,-9999.0,-9999.0,-9999.0,-9999.0
P25_AV0_4_interaction,active_and_state_lat_and_long_zero_last_source_row_continuous_segment,P25,AV0,4,off_ramp,P25_AV0_4,P25_AV0.1.asc,HV4,60,driver_number,19645,1,327416.67,327416.6676,4.0,4.0,24.04606,86.565815,170.0,117.735266,-7602.046446,-0.441721,4.292361,0.0,24.033781,-0.299451,0.0,7601.799763,88.226848,0.872038,1.0,0.0,0.0,0.0,7728.118843,43.598219,1021.0,3.0,0.0,149.0,-0.249048,35.261815,126.942533,35.26181,-0.01859,7.1e-05,-0.435631,0.054156,-2.7e-05,-0.002826,0.0,0.0,0.0,0.0,0.0,0.0,-9999.0,-9999.0,-9999.0,-9999.0,-9999.0,-9999.0,-9999.0,-9999.0,-9999.0,-9999.0,-9999.0,-9999.0,-9999.0,-9999.0
P25_AV0_4_interaction,active_and_state_lat_and_long_zero_last_source_row_continuous_segment,P25,AV0,4,off_ramp,P25_AV0_4,P25_AV0.1.asc,HV4,60,driver_number,19646,1,327433.33,327433.3341,4.0,4.0,24.037875,86.536351,170.0,118.137454,-7602.311729,-0.44217,4.303027,0.0,24.025586,-0.298862,0.0,7602.060556,88.530868,0.874992,1.0,0.0,0.0,0.0,7728.705578,43.631666,1021.0,3.0,0.0,149.0,-0.247875,35.254555,126.9164,35.25455,-0.018715,7.1e-05,-0.435484,0.05513,1.1e-05,-0.00314,0.0,0.0,0.0,0.0,0.0,0.0,-9999.0,-9999.0,-9999.0,-9999.0,-9999.0,-9999.0,-9999.0,-9999.0,-9999.0,-9999.0,-9999.0,-9999.0,-9999.0,-9999.0
P25_AV0_4_interaction,active_and_state_lat_and_long_zero_last_source_row_continuous_segment,P25,AV0,4,off_ramp,P25_AV0_4,P25_AV0.1.asc,HV4,60,driver_number,19647,1,327450.0,327450.0009,4.0,4.0,24.029685,86.506864,170.0,118.539819,-7602.576038,-0.442816,4.319169,0.0,24.017381,-0.298306,0.0,7602.320352,88.83556,0.877959,1.0,0.0,0.0,0.0,7729.292192,43.665121,1021.0,3.0,0.0,149.0,-0.246689,35.247298,126.890274,35.247293,-0.018845,7.1e-05,-0.435372,0.056123,4e-05,-0.003454,0.0,0.0,0.0,0.0,0.0,0.0,-9999.0,-9999.0,-9999.0,-9999.0,-9999.0,-9999.0,-9999.0,-9999.0,-9999.0,-9999.0,-9999.0,-9999.0,-9999.0,-9999.0
P25_AV0_4_interaction,active_and_state_lat_and_long_zero_last_source_row_continuous_segment,P25,AV0,4,off_ramp,P25_AV0_4,P25_AV0.1.asc,HV4,60,driver_number,19648,1,327466.67,327466.6676,4.0,4.0,24.021485,86.477347,170.0,118.942363,-7602.839371,-0.443613,4.339253,0.0,24.009164,-0.297796,0.0,7602.579146,89.140924,0.880938,1.0,0.0,0.0,0.0,7729.878684,43.698585,1021.0,3.0,0.0,149.0,-0.245487,35.240043,126.864154,35.240038,-0.018991,7.2e-05,-0.435271,0.056484,5.6e-05,-0.003454,0.0,0.0,0.0,0.0,0.0,0.0,-9999.0,-9999.0,-9999.0,-9999.0,-9999.0,-9999.0,-9999.0,-9999.0,-9999.0,-9999.0,-9999.0,-9999.0,-9999.0,-9999.0
P25_AV0_4_interaction,active_and_state_lat_and_long_zero_last_source_row_continuous_segment,P25,AV0,4,off_ramp,P25_AV0_4,P25_AV0.1.asc,HV4,60,driver_number,19649,1,327483.33,327483.3343,4.0,4.0,24.013274,86.447787,170.0,119.345088,-7603.101721,-0.444647,4.363437,0.0,24.00093,-0.297252,0.0,7602.836933,89.44696,0.883932,1.0,0.0,0.0,0.0,7730.465054,43.732057,1021.0,3.0,0.0,149.0,-0.24427,35.232789,126.83804,35.232784,-0.019153,7.3e-05,-0.435174,0.056887,5.8e-05,-0.003454,0.0,0.0,0.0,0.0,0.0,0.0,-9999.0,-9999.0,-9999.0,-9999.0,-9999.0,-9999.0,-9999.0,-9999.0,-9999.0,-9999.0,-9999.0,-9999.0,-9999.0,-9999.0
P25_AV0_4_interaction,active_and_state_lat_and_long_zero_last_source_row_continuous_segment,P25,AV0,4,off_ramp,P25_AV0_4,P25_AV0.1.asc,HV4,60,driver_number,19650,1,327500.0,327500.0001,4.0,4.0,24.005049,86.418177,170.0,119.747996,-7603.363084,-0.445979,4.392665,0.0,23.992675,-0.296652,0.0,7603.093703,89.753669,0.886943,1.0,0.0,0.0,0.0,7731.051303,43.765537,1021.0,3.0,0.0,149.0,-0.243038,35.225537,126.811932,35.225531,-0.019328,7.4e-05,-0.435078,0.057326,4.9e-05,-0.003454,0.0,0.0,0.0,0.0,0.0,0.0,-9999.0,-9999.0,-9999.0,-9999.0,-9999.0,-9999.0,-9999.0,-9999.0,-9999.0,-9999.0,-9999.0,-9999.0,-9999.0,-9999.0
P25_AV0_4_interaction,active_and_state_lat_and_long_zero_last_source_row_continuous_segment,P25,AV0,4,off_ramp,P25_AV0_4,P25_AV0.1.asc,HV4,60,driver_number,19651,1,327516.67,327516.6678,4.0,4.0,23.996805,86.388499,170.0,120.151088,-7603.623451,-0.447623,4.428154,0.0,23.984393,-0.296024,0.0,7603.34945,90.061053,0.889975,1.0,0.0,0.0,0.0,7731.63743,43.799026,1021.0,3.0,0.0,149.0,-0.241791,35.218286,126.785829,35.21828,-0.019514,7.5e-05,-0.434983,0.057796,3.5e-05,-0.003454,0.0,0.0,0.0,0.0,0.0,0.0,-9999.0,-9999.0,-9999.0,-9999.0,-9999.0,-9999.0,-9999.0,-9999.0,-9999.0,-9999.0,-9999.0,-9999.0,-9999.0,-9999.0
P25_AV0_4_interaction,active_and_state_lat_and_long_zero_last_source_row_continuous_segment,P25,AV0,4,off_ramp,P25_AV0_4,P25_AV0.1.asc,HV4,60,driver_number,19652,1,327533.33,327533.3341,4.0,4.0,23.988537,86.358734,170.0,120.551977,-7603.882814,-0.449483,4.465307,0.0,23.976079,-0.295364,0.0,7603.604163,90.369114,0.89303,1.0,0.0,0.0,0.0,7732.223436,43.832524,1021.0,3.0,0.0,149.0,-0.240529,35.211037,126.759732,35.211031,-0.019699,7.5e-05,-0.434889,0.059276,1.7e-05,-0.003925,0.0,0.0,0.0,0.0,0.0,0.0,-9999.0,-9999.0,-9999.0,-9999.0,-9999.0,-9999.0,-9999.0,-9999.0,-9999.0,-9999.0,-9999.0,-9999.0,-9999.0,-9999.0
P25_AV0_4_interaction,active_and_state_lat_and_long_zero_last_source_row_continuous_segment,P25,AV0,4,off_ramp,P25_AV0_4,P25_AV0.1.asc,HV4,60,driver_number,19653,1,327550.0,327550.0001,4.0,4.0,23.98024,86.328863,170.0,120.9518,-7604.141164,-0.451213,4.492314,0.0,23.967728,-0.294721,0.0,7603.857832,90.677856,0.896113,1.0,0.0,0.0,0.0,7732.80932,43.86603,1021.0,3.0,0.0,149.0,-0.239251,35.203789,126.733641,35.203784,-0.019894,7.5e-05,-0.434794,0.059781,-1e-06,-0.003925,0.0,0.0,0.0,0.0,0.0,0.0,-9999.0,-9999.0,-9999.0,-9999.0,-9999.0,-9999.0,-9999.0,-9999.0,-9999.0,-9999.0,-9999.0,-9999.0,-9999.0,-9999.0
P25_AV0_4_interaction,active_and_state_lat_and_long_zero_last_source_row_continuous_segment,P25,AV0,4,off_ramp,P25_AV0_4,P25_AV0.1.asc,HV4,60,driver_number,19654,1,327566.67,327566.6674,4.0,4.0,23.971908,86.298868,170.0,121.35181,-7604.398491,-0.453182,4.529491,0.0,23.95934,-0.294286,0.0,7604.110447,90.987281,0.899227,1.0,0.0,0.0,0.0,7733.395082,43.899546,1021.0,3.0,0.0,149.0,-0.237957,35.196543,126.707556,35.196537,-0.020096,7.5e-05,-0.434699,0.060639,-1.7e-05,-0.004082,0.0,0.0,0.0,0.0,0.0,0.0,-9999.0,-9999.0,-9999.0,-9999.0,-9999.0,-9999.0,-9999.0,-9999.0,-9999.0,-9999.0,-9999.0,-9999.0,-9999.0,-9999.0
P25_AV0_4_interaction,active_and_state_lat_and_long_zero_last_source_row_continuous_segment,P25,AV0,4,off_ramp,P25_AV0_4,P25_AV0.1.asc,HV4,60,driver_number,19655,1,327583.33,327583.3343,4.0,4.0,23.963539,86.268741,170.0,121.752008,-7604.654783,-0.455138,4.567851,0.0,23.950914,-0.294081,0.0,7604.361997,91.297392,0.902376,1.0,0.0,0.0,0.0,7733.980723,43.933072,1021.0,3.0,0.0,149.0,-0.236646,35.189299,126.681476,35.189293,-0.020307,7.5e-05,-0.434605,0.061517,-3.1e-05,-0.004239,0.0,0.0,0.0,0.0,0.0,0.0,-9999.0,-9999.0,-9999.0,-9999.0,-9999.0,-9999.0,-9999.0,-9999.0,-9999.0,-9999.0,-9999.0,-9999.0,-9999.0,-9999.0
P25_AV0_4_interaction,active_and_state_lat_and_long_zero_last_source_row_continuous_segment,P25,AV0,4,off_ramp,P25_AV0_4,P25_AV0.1.asc,HV4,60,driver_number,19656,1,327600.01,327600.009,4.0,4.0,23.955132,86.238474,170.0,122.152394,-7604.910032,-0.456774,4.594705,0.0,23.942445,-0.294092,0.0,7604.612471,91.608191,0.905561,1.0,0.0,0.0,0.0,7734.566243,43.966607,1021.0,3.0,0.0,149.0,-0.23532,35.182056,126.655401,35.18205,-0.020525,7.4e-05,-0.434511,0.06242,-4.2e-05,-0.004396,0.0,0.0,0.0,0.0,0.0,0.0,-9999.0,-9999.0,-9999.0,-9999.0,-9999.0,-9999.0,-9999.0,-9999.0,-9999.0,-9999.0,-9999.0,-9999.0,-9999.0,-9999.0
P25_AV0_4_interaction,active_and_state_lat_and_long_zero_last_source_row_continuous_segment,P25,AV0,4,off_ramp,P25_AV0_4,P25_AV0.1.asc,HV4,60,driver_number,19657,1,327616.67,327616.6726,4.0,4.0,23.946684,86.208063,170.0,122.55297,-7605.164226,-0.45825,4.62529,0.0,23.93394,-0.294575,0.0,7604.86186,91.91968,0.908784,1.0,0.0,0.0,0.0,7735.151641,44.000152,1021.0,3.0,0.0,149.0,-0.233977,35.174815,126.629333,35.174808,-0.020752,7.3e-05,-0.434416,0.063016,-5e-05,-0.004396,0.0,0.0,0.0,0.0,0.0,0.0,-9999.0,-9999.0,-9999.0,-9999.0,-9999.0,-9999.0,-9999.0,-9999.0,-9999.0,-9999.0,-9999.0,-9999.0,-9999.0,-9999.0
P25_AV0_4_interaction,active_and_state_lat_and_long_zero_last_source_row_continuous_segment,P25,AV0,4,off_ramp,P25_AV0_4,P25_AV0.1.asc,HV4,60,driver_number,19658,1,327633.33,327633.3334,4.0,4.0,23.938197,86.177508,170.0,122.953737,-7605.417355,-0.45926,4.646134,0.0,23.925398,-0.295463,0.0,7605.110155,92.23186,0.912047,1.0,0.0,0.0,0.0,7735.736918,44.033707,1021.0,3.0,0.0,136.0,-0.232617,35.167575,126.603269,35.167569,-0.020988,7.2e-05,-0.434322,0.063632,-5.5e-05,-0.004396,0.0,0.0,0.0,0.0,0.0,0.0,-9999.0,-9999.0,-9999.0,-9999.0,-9999.0,-9999.0,-9999.0,-9999.0,-9999.0,-9999.0,-9999.0,-9999.0,-9999.0,-9999.0
P25_AV0_4_interaction,active_and_state_lat_and_long_zero_last_source_row_continuous_segment,P25,AV0,4,off_ramp,P25_AV0_4,P25_AV0.1.asc,HV4,60,driver_number,19659,1,327650.0,327650.0008,4.0,4.0,23.929673,86.146822,170.0,123.354695,-7605.669411,-0.459935,4.666887,0.0,23.916826,-0.296895,0.0,7605.357348,92.544733,0.915349,1.0,0.0,0.0,0.0,7736.322073,44.067272,1021.0,3.0,0.0,136.0,-0.231241,35.160337,126.577212,35.16033,-0.021233,7.1e-05,-0.434227,0.06427,-5.8e-05,-0.004396,0.0,0.0,0.0,0.0,0.0,0.0,-9999.0,-9999.0,-9999.0,-9999.0,-9999.0,-9999.0,-9999.0,-9999.0,-9999.0,-9999.0,-9999.0,-9999.0,-9999.0,-9999.0
P25_AV0_4_interaction,active_and_state_lat_and_long_zero_last_source_row_continuous_segment,P25,AV0,4,off_ramp,P25_AV0_4,P25_AV0.1.asc,HV4,60,driver_number,19660,1,327666.67,327666.6668,4.0,4.0,23.921116,86.116017,170.0,123.755847,-7605.920386,-0.460356,4.688738,0.0,23.908229,-0.298833,0.0,7605.603431,92.858297,0.918688,1.0,0.0,0.0,0.0,7736.907107,44.100848,1021.0,3.0,0.0,136.0,-0.229849,35.1531,126.55116,35.153093,-0.021483,7e-05,-0.434133,0.064925,-5.9e-05,-0.004396,0.0,0.0,0.0,0.0,0.0,0.0,-9999.0,-9999.0,-9999.0,-9999.0,-9999.0,-9999.0,-9999.0,-9999.0,-9999.0,-9999.0,-9999.0,-9999.0,-9999.0,-9999.0
P25_AV0_4_interaction,active_and_state_lat_and_long_zero_last_source_row_continuous_segment,P25,AV0,4,off_ramp,P25_AV0_4,P25_AV0.1.asc,HV4,60,driver_number,19661,1,327683.33,327683.3335,4.0,4.0,23.912531,86.085111,170.0,124.157194,-7606.170273,-0.460424,4.707992,0.0,23.89961,-0.30126,0.0,7605.848398,93.172552,0.922062,1.0,0.0,0.0,0.0,7737.492019,44.134435,1021.0,3.0,0.0,136.0,-0.228438,35.145865,126.525114,35.145858,-0.021736,6.9e-05,-0.434039,0.065918,-5.9e-05,-0.004553,0.0,0.0,0.0,0.0,0.0,0.0,-9999.0,-9999.0,-9999.0,-9999.0,-9999.0,-9999.0,-9999.0,-9999.0,-9999.0,-9999.0,-9999.0,-9999.0,-9999.0,-9999.0
P25_AV0_4_interaction,active_and_state_lat_and_long_zero_last_source_row_continuous_segment,P25,AV0,4,off_ramp,P25_AV0_4,P25_AV0.1.asc,HV4,60,driver_number,19662,1,327700.0,327700.0009,4.0,4.0,23.903922,86.054118,170.0,124.558737,-7606.419064,-0.460218,4.724188,0.0,23.890972,-0.304089,0.0,7606.092243,93.487498,0.925468,1.0,0.0,0.0,0.0,7738.07681,44.168033,1021.0,3.0,0.0,136.0,-0.227011,35.138631,126.499073,35.138625,-0.02199,6.8e-05,-0.433945,0.066591,-5.8e-05,-0.004553,0.0,0.0,0.0,0.0,0.0,0.0,-9999.0,-9999.0,-9999.0,-9999.0,-9999.0,-9999.0,-9999.0,-9999.0,-9999.0,-9999.0,-9999.0,-9999.0,-9999.0,-9999.0
P25_AV0_4_interaction,active_and_state_lat_and_long_zero_last_source_row_continuous_segment,P25,AV0,4,off_ramp,P25_AV0_4,P25_AV0.1.asc,HV4,60,driver_number,19663,1,327716.67,327716.6674,4.0,4.0,23.895293,86.023055,170.0,124.959235,-7606.666755,-0.459896,4.743095,0.0,23.882321,-0.307302,0.0,7606.33496,93.803133,0.928903,1.0,0.0,0.0,0.0,7738.66148,44.201641,1021.0,3.0,0.0,136.0,-0.225565,35.131399,126.473038,35.131392,-0.022244,6.8e-05,-0.433852,0.067919,-5.6e-05,-0.004867,0.0,0.0,0.0,0.0,0.0,0.0,-9999.0,-9999.0,-9999.0,-9999.0,-9999.0,-9999.0,-9999.0,-9999.0,-9999.0,-9999.0,-9999.0,-9999.0,-9999.0,-9999.0
P25_AV0_4_interaction,active_and_state_lat_and_long_zero_last_source_row_continuous_segment,P25,AV0,4,off_ramp,P25_AV0_4,P25_AV0.1.asc,HV4,60,driver_number,19664,1,327733.33,327733.3335,4.0,4.0,23.886648,85.991934,170.0,125.357342,-7606.913339,-0.459454,4.761716,0.0,23.873657,-0.310792,0.0,7606.576542,94.119455,0.932363,1.0,0.0,0.0,0.0,7739.278499,44.23713,1021.0,3.0,0.0,136.0,-0.22402,35.123767,126.445562,35.12376,-0.022509,6.7e-05,-0.433752,0.068634,-5.3e-05,-0.004867,0.0,0.0,0.0,0.0,0.0,0.0,-9999.0,-9999.0,-9999.0,-9999.0,-9999.0,-9999.0,-9999.0,-9999.0,-9999.0,-9999.0,-9999.0,-9999.0,-9999.0,-9999.0
P25_AV0_4_interaction,active_and_state_lat_and_long_zero_last_source_row_continuous_segment,P25,AV0,4,off_ramp,P25_AV0_4,P25_AV0.1.asc,HV4,60,driver_number,19665,1,327750.0,327750.001,4.0,4.0,23.87799,85.960765,170.0,125.755648,-7607.15881,-0.458986,4.779946,0.0,23.864983,-0.314429,0.0,7606.816986,94.436464,0.935844,1.0,0.0,0.0,0.0,7739.830454,44.268893,1021.0,3.0,0.0,136.0,-0.22262,35.11694,126.420984,35.116933,-0.022751,6.6e-05,-0.433664,0.069272,-5.1e-05,-0.004867,0.0,0.0,0.0,0.0,0.0,0.0,-9999.0,-9999.0,-9999.0,-9999.0,-9999.0,-9999.0,-9999.0,-9999.0,-9999.0,-9999.0,-9999.0,-9999.0,-9999.0,-9999.0
P25_AV0_4_interaction,active_and_state_lat_and_long_zero_last_source_row_continuous_segment,P25,AV0,4,off_ramp,P25_AV0_4,P25_AV0.1.asc,HV4,60,driver_number,19666,1,327766.67,327766.6676,4.0,4.0,23.869321,85.929556,170.0,126.154153,-7607.403164,-0.458613,4.800859,0.0,23.856298,-0.318154,0.0,7607.056283,94.754158,0.939343,1.0,0.0,0.0,0.0,7740.41476,44.302537,1021.0,3.0,0.0,136.0,-0.221119,35.109713,126.394966,35.109705,-0.02301,6.5e-05,-0.43357,0.069955,-4.8e-05,-0.004867,0.0,0.0,0.0,0.0,0.0,0.0,-9999.0,-9999.0,-9999.0,-9999.0,-9999.0,-9999.0,-9999.0,-9999.0,-9999.0,-9999.0,-9999.0,-9999.0,-9999.0,-9999.0
P25_AV0_4_interaction,active_and_state_lat_and_long_zero_last_source_row_continuous_segment,P25,AV0,4,off_ramp,P25_AV0_4,P25_AV0.1.asc,HV4,60,driver_number,19667,1,327783.33,327783.3339,4.0,4.0,23.860641,85.898309,170.0,126.552859,-7607.646394,-0.458359,4.822136,0.0,23.847602,-0.321833,0.0,7607.29443,95.072537,0.942856,1.0,0.0,0.0,0.0,7740.998944,44.336193,1021.0,3.0,0.0,136.0,-0.2196,35.102487,126.368953,35.102479,-0.02327,6.4e-05,-0.433476,0.070641,-4.5e-05,-0.004867,0.0,0.0,0.0,0.0,0.0,0.0,-9999.0,-9999.0,-9999.0,-9999.0,-9999.0,-9999.0,-9999.0,-9999.0,-9999.0,-9999.0,-9999.0,-9999.0,-9999.0,-9999.0
P25_AV0_4_interaction,active_and_state_lat_and_long_zero_last_source_row_continuous_segment,P25,AV0,4,off_ramp,P25_AV0_4,P25_AV0.1.asc,HV4,60,driver_number,19668,1,327800.0,327800.0008,4.0,4.0,23.851951,85.867024,170.0,126.951767,-7607.888493,-0.458341,4.847206,0.0,23.838893,-0.325403,0.0,7607.531418,95.391598,0.94638,1.0,0.0,0.0,0.0,7741.583007,44.369861,1021.0,3.0,0.0,136.0,-0.218062,35.095263,126.342946,35.095255,-0.023529,6.3e-05,-0.433382,0.071328,-4.2e-05,-0.004867,0.0,0.0,0.0,0.0,0.0,0.0,-9999.0,-9999.0,-9999.0,-9999.0,-9999.0,-9999.0,-9999.0,-9999.0,-9999.0,-9999.0,-9999.0,-9999.0,-9999.0,-9999.0
P25_AV0_4_interaction,active_and_state_lat_and_long_zero_last_source_row_continuous_segment,P25,AV0,4,off_ramp,P25_AV0_4,P25_AV0.1.asc,HV4,60,driver_number,19669,1,327816.67,327816.6668,4.0,4.0,23.843249,85.835697,170.0,127.350878,-7608.129456,-0.458613,4.874425,0.0,23.830169,-0.328732,0.0,7607.76724,95.711343,0.949915,1.0,0.0,0.0,0.0,7742.166948,44.403542,1021.0,3.0,0.0,136.0,-0.216504,35.08804,126.316944,35.088032,-0.023787,6.3e-05,-0.433288,0.072012,-3.9e-05,-0.004867,0.0,0.0,0.0,0.0,0.0,0.0,-9999.0,-9999.0,-9999.0,-9999.0,-9999.0,-9999.0,-9999.0,-9999.0,-9999.0,-9999.0,-9999.0,-9999.0,-9999.0,-9999.0
P25_AV0_4_interaction,active_and_state_lat_and_long_zero_last_source_row_continuous_segment,P25,AV0,4,off_ramp,P25_AV0_4,P25_AV0.1.asc,HV4,60,driver_number,19670,1,327833.33,327833.3336,4.0,4.0,23.834533,85.80432,170.0,127.750194,-7608.369276,-0.459034,4.899792,0.0,23.821426,-0.3318,0.0,7608.001889,96.03177,0.953458,1.0,0.0,0.0,0.0,7742.750768,44.437236,1021.0,3.0,0.0,136.0,-0.214927,35.080819,126.290948,35.080811,-0.024042,6.2e-05,-0.433194,0.072689,-3.7e-05,-0.004867,0.0,0.0,0.0,0.0,0.0,0.0,-9999.0,-9999.0,-9999.0,-9999.0,-9999.0,-9999.0,-9999.0,-9999.0,-9999.0,-9999.0,-9999.0,-9999.0,-9999.0,-9999.0
P25_AV0_4_interaction,active_and_state_lat_and_long_zero_last_source_row_continuous_segment,P25,AV0,4,off_ramp,P25_AV0_4,P25_AV0.1.asc,HV4,60,driver_number,19671,1,327850.0,327850.0008,4.0,4.0,23.8258,85.772879,170.0,128.149714,-7608.607944,-0.459773,4.928677,0.0,23.812662,-0.33457,0.0,7608.235356,96.352879,0.957009,1.0,0.0,0.0,0.0,7743.334467,44.470942,1021.0,3.0,0.0,136.0,-0.213331,35.073599,126.264957,35.073591,-0.024293,6.2e-05,-0.433101,0.073356,-3.4e-05,-0.004867,0.0,0.0,0.0,0.0,0.0,0.0,-9999.0,-9999.0,-9999.0,-9999.0,-9999.0,-9999.0,-9999.0,-9999.0,-9999.0,-9999.0,-9999.0,-9999.0,-9999.0,-9999.0
P25_AV0_4_interaction,active_and_state_lat_and_long_zero_last_source_row_continuous_segment,P25,AV0,4,off_ramp,P25_AV0_4,P25_AV0.1.asc,HV4,60,driver_number,19672,1,327866.67,327866.6673,4.0,4.0,23.817047,85.741369,170.0,128.549441,-7608.845452,-0.460626,4.956014,0.0,23.803873,-0.337061,0.0,7608.467632,96.674672,0.960569,1.0,0.0,0.0,0.0,7743.918044,44.504661,1021.0,3.0,0.0,136.0,-0.211715,35.066381,126.238972,35.066373,-0.024539,6.1e-05,-0.433007,0.074012,-3.2e-05,-0.004867,0.0,0.0,0.0,0.0,0.0,0.0,-9999.0,-9999.0,-9999.0,-9999.0,-9999.0,-9999.0,-9999.0,-9999.0,-9999.0,-9999.0,-9999.0,-9999.0,-9999.0,-9999.0
P25_AV0_4_interaction,active_and_state_lat_and_long_zero_last_source_row_continuous_segment,P25,AV0,4,off_ramp,P25_AV0_4,P25_AV0.1.asc,HV4,60,driver_number,19673,1,327883.33,327883.3335,4.0,4.0,23.80827,85.709773,170.0,128.949375,-7609.08179,-0.461606,4.981819,0.0,23.795059,-0.339255,0.0,7608.698708,96.997147,0.964137,1.0,0.0,0.0,0.0,7744.501501,44.538394,1021.0,3.0,0.0,136.0,-0.210079,35.059165,126.212993,35.059156,-0.024779,6.1e-05,-0.432913,0.074653,-3e-05,-0.004867,0.0,0.0,0.0,0.0,0.0,0.0,-9999.0,-9999.0,-9999.0,-9999.0,-9999.0,-9999.0,-9999.0,-9999.0,-9999.0,-9999.0,-9999.0,-9999.0,-9999.0,-9999.0
P25_AV0_4_interaction,active_and_state_lat_and_long_zero_last_source_row_continuous_segment,P25,AV0,4,off_ramp,P25_AV0_4,P25_AV0.1.asc,HV4,60,driver_number,19674,1,327900.0,327900.0007,4.0,4.0,23.79947,85.678091,170.0,129.349297,-7609.316952,-0.462784,5.010585,0.0,23.786218,-0.341207,0.0,7608.928575,97.320305,0.967715,1.0,0.0,0.0,0.0,7745.084836,44.572141,1021.0,3.0,0.0,136.0,-0.208422,35.05195,126.187019,35.051941,-0.025013,6e-05,-0.43282,0.075278,-2.8e-05,-0.004867,0.0,0.0,0.0,0.0,0.0,0.0,-9999.0,-9999.0,-9999.0,-9999.0,-9999.0,-9999.0,-9999.0,-9999.0,-9999.0,-9999.0,-9999.0,-9999.0,-9999.0,-9999.0
P25_AV0_4_interaction,active_and_state_lat_and_long_zero_last_source_row_continuous_segment,P25,AV0,4,off_ramp,P25_AV0_4,P25_AV0.1.asc,HV4,60,driver_number,19675,1,327916.67,327916.6667,4.0,4.0,23.790642,85.646311,170.0,129.74568,-7609.550927,-0.464097,5.04024,0.0,23.777347,-0.342923,0.0,7609.157225,97.644145,0.971304,1.0,0.0,0.0,0.0,7745.668049,44.605901,1021.0,3.0,0.0,136.0,-0.206746,35.044736,126.16105,35.044727,-0.02524,6e-05,-0.432726,0.075885,-2.5e-05,-0.004867,0.0,0.0,0.0,0.0,0.0,0.0,-9999.0,-9999.0,-9999.0,-9999.0,-9999.0,-9999.0,-9999.0,-9999.0,-9999.0,-9999.0,-9999.0,-9999.0,-9999.0,-9999.0
P25_AV0_4_interaction,active_and_state_lat_and_long_zero_last_source_row_continuous_segment,P25,AV0,4,off_ramp,P25_AV0_4,P25_AV0.1.asc,HV4,60,driver_number,19676,1,327933.33,327933.3339,4.0,4.0,23.781786,85.614429,170.0,130.14227,-7609.783706,-0.465417,5.066366,0.0,23.768444,-0.344417,0.0,7609.384647,97.968668,0.974906,1.0,0.0,0.0,0.0,7746.251142,44.639675,1021.0,3.0,0.0,136.0,-0.205049,35.037524,126.135088,35.037515,-0.025459,5.9e-05,-0.432632,0.076474,-2.3e-05,-0.004867,0.0,0.0,0.0,0.0,0.0,0.0,-9999.0,-9999.0,-9999.0,-9999.0,-9999.0,-9999.0,-9999.0,-9999.0,-9999.0,-9999.0,-9999.0,-9999.0,-9999.0,-9999.0
P25_AV0_4_interaction,active_and_state_lat_and_long_zero_last_source_row_continuous_segment,P25,AV0,4,off_ramp,P25_AV0_4,P25_AV0.1.asc,HV4,60,driver_number,19677,1,327950.0,327950.0008,4.0,4.0,23.772899,85.582438,170.0,130.539067,-7610.015281,-0.467007,5.098163,0.0,23.759509,-0.345733,0.0,7609.610833,98.293873,0.978521,1.0,0.0,0.0,0.0,7746.834113,44.673463,1021.0,3.0,0.0,136.0,-0.203331,35.030314,126.10913,35.030305,-0.02567,5.9e-05,-0.432539,0.077041,-2.1e-05,-0.004867,0.0,0.0,0.0,0.0,0.0,0.0,-9999.0,-9999.0,-9999.0,-9999.0,-9999.0,-9999.0,-9999.0,-9999.0,-9999.0,-9999.0,-9999.0,-9999.0,-9999.0,-9999.0
P25_AV0_4_interaction,active_and_state_lat_and_long_zero_last_source_row_continuous_segment,P25,AV0,4,off_ramp,P25_AV0_4,P25_AV0.1.asc,HV4,60,driver_number,19678,1,327966.67,327966.6676,4.0,4.0,23.763981,85.550333,170.0,130.936072,-7610.245641,-0.468437,5.123518,0.0,23.750539,-0.346925,0.0,7609.835772,98.61976,0.982153,1.0,0.0,0.0,0.0,7747.416963,44.707265,1021.0,3.0,0.0,136.0,-0.201592,35.023105,126.083179,35.023096,-0.025872,5.8e-05,-0.432445,0.077587,-1.9e-05,-0.004867,0.0,0.0,0.0,0.0,0.0,0.0,-9999.0,-9999.0,-9999.0,-9999.0,-9999.0,-9999.0,-9999.0,-9999.0,-9999.0,-9999.0,-9999.0,-9999.0,-9999.0,-9999.0
P25_AV0_4_interaction,active_and_state_lat_and_long_zero_last_source_row_continuous_segment,P25,AV0,4,off_ramp,P25_AV0_4,P25_AV0.1.asc,HV4,60,driver_number,19679,1,327983.33,327983.3341,4.0,4.0,23.755028,85.518102,170.0,131.333285,-7610.474778,-0.469956,5.150974,0.0,23.741534,-0.348043,0.0,7610.059456,98.946329,0.985803,1.0,0.0,0.0,0.0,7747.999692,44.741082,1021.0,3.0,0.0,136.0,-0.199832,35.015898,126.057233,35.015888,-0.026065,5.8e-05,-0.432352,0.07811,-1.8e-05,-0.004867,0.0,0.0,0.0,0.0,0.0,0.0,-9999.0,-9999.0,-9999.0,-9999.0,-9999.0,-9999.0,-9999.0,-9999.0,-9999.0,-9999.0,-9999.0,-9999.0,-9999.0,-9999.0
P25_AV0_4_interaction,active_and_state_lat_and_long_zero_last_source_row_continuous_segment,P25,AV0,4,off_ramp,P25_AV0_4,P25_AV0.1.asc,HV4,60,driver_number,19680,1,328000.01,328000.0122,4.0,4.0,23.746042,85.485749,170.0,131.730706,-7610.702681,-0.471583,5.182167,0.0,23.732494,-0.34914,0.0,7610.281874,99.27358,0.989472,1.0,0.0,0.0,0.0,7748.5823,44.774913,1021.0,3.0,0.0,136.0,-0.198052,35.008692,126.031292,35.008682,-0.02625,5.8e-05,-0.432259,0.078611,-1.6e-05,-0.004867,0.0,0.0,0.0,0.0,0.0,0.0,-9999.0,-9999.0,-9999.0,-9999.0,-9999.0,-9999.0,-9999.0,-9999.0,-9999.0,-9999.0,-9999.0,-9999.0,-9999.0,-9999.0
P25_AV0_4_interaction,active_and_state_lat_and_long_zero_last_source_row_continuous_segment,P25,AV0,4,off_ramp,P25_AV0_4,P25_AV0.1.asc,HV4,60,driver_number,19681,1,328016.67,328016.6669,4.0,4.0,23.737019,85.453269,170.0,132.128336,-7610.929342,-0.472952,5.205945,0.0,23.723418,-0.350241,0.0,7610.503017,99.601512,0.993163,1.0,0.0,0.0,0.0,7749.164786,44.808759,1021.0,3.0,0.0,136.0,-0.196249,35.001488,126.005357,35.001478,-0.026424,5.8e-05,-0.432165,0.079087,-1.4e-05,-0.004867,0.0,0.002198,0.0,0.0,0.0,0.0,-9999.0,-9999.0,-9999.0,-9999.0,-9999.0,-9999.0,-9999.0,-9999.0,-9999.0,-9999.0,-9999.0,-9999.0,-9999.0,-9999.0
P25_AV0_4_interaction,active_and_state_lat_and_long_zero_last_source_row_continuous_segment,P25,AV0,4,off_ramp,P25_AV0_4,P25_AV0.1.asc,HV4,60,driver_number,19682,1,328033.33,328033.3343,4.0,4.0,23.727961,85.420658,170.0,132.526175,-7611.15475,-0.473983,5.224116,0.0,23.714309,-0.351464,0.0,7610.722876,99.930124,0.996877,1.0,0.0,0.0,0.0,7749.747151,44.842619,1021.0,3.0,0.0,136.0,-0.194426,34.994033,125.978519,34.994023,-0.026589,5.7e-05,-0.452272,0.079538,-3.8e-05,-0.004867,0.0,0.0,0.0,0.0,0.0,0.0,-9999.0,-9999.0,-9999.0,-9999.0,-9999.0,-9999.0,-9999.0,-9999.0,-9999.0,-9999.0,-9999.0,-9999.0,-9999.0,-9999.0
P25_AV0_4_interaction,active_and_state_lat_and_long_zero_last_source_row_continuous_segment,P25,AV0,4,off_ramp,P25_AV0_4,P25_AV0.1.asc,HV4,60,driver_number,19683,1,328050.0,328050.0001,4.0,4.0,23.718867,85.387922,170.0,132.924224,-7611.378898,-0.474804,5.243007,0.0,23.705171,-0.352886,0.0,7610.941443,100.259414,1.000613,1.0,0.0,0.0,0.0,7750.329392,44.876495,1021.0,3.0,0.0,136.0,-0.19258,34.986731,125.952232,34.986721,-0.026745,5.6e-05,-0.433323,0.079967,-7.1e-05,-0.004867,0.0,0.0,0.0,0.0,0.0,0.0,-9999.0,-9999.0,-9999.0,-9999.0,-9999.0,-9999.0,-9999.0,-9999.0,-9999.0,-9999.0,-9999.0,-9999.0,-9999.0,-9999.0
P25_AV0_4_interaction,active_and_state_lat_and_long_zero_last_source_row_continuous_segment,P25,AV0,4,off_ramp,P25_AV0_4,P25_AV0.1.asc,HV4,60,driver_number,19684,1,328066.67,328066.6676,4.0,4.0,23.709743,85.355076,170.0,133.322482,-7611.601776,-0.475296,5.258994,0.0,23.696009,-0.354517,0.0,7611.158712,100.58938,1.004371,1.0,0.0,0.0,0.0,7750.91151,44.910385,1021.0,3.0,0.0,136.0,-0.190714,34.979522,125.926281,34.979512,-0.02689,5.5e-05,-0.432183,0.08037,-8.8e-05,-0.004867,0.0,0.0,0.0,0.0,0.0,0.0,-9999.0,-9999.0,-9999.0,-9999.0,-9999.0,-9999.0,-9999.0,-9999.0,-9999.0,-9999.0,-9999.0,-9999.0,-9999.0,-9999.0
P25_AV0_4_interaction,active_and_state_lat_and_long_zero_last_source_row_continuous_segment,P25,AV0,4,off_ramp,P25_AV0_4,P25_AV0.1.asc,HV4,60,driver_number,19685,1,328083.33,328083.3334,4.0,4.0,23.700593,85.322133,170.0,133.72095,-7611.823379,-0.47549,5.271754,0.0,23.686826,-0.356347,0.0,7611.374675,100.920019,1.008151,1.0,0.0,0.0,0.0,7751.493506,44.944291,1021.0,3.0,0.0,136.0,-0.188825,34.972322,125.900358,34.972311,-0.027027,5.4e-05,-0.431889,0.080749,-7.3e-05,-0.004867,0.0,0.0,0.0,0.0,0.0,0.0,-9999.0,-9999.0,-9999.0,-9999.0,-9999.0,-9999.0,-9999.0,-9999.0,-9999.0,-9999.0,-9999.0,-9999.0,-9999.0,-9999.0
P25_AV0_4_interaction,active_and_state_lat_and_long_zero_last_source_row_continuous_segment,P25,AV0,4,off_ramp,P25_AV0_4,P25_AV0.1.asc,HV4,60,driver_number,19686,1,328100.0,328100.0007,4.0,4.0,23.69142,85.28911,170.0,134.116189,-7612.0437,-0.475729,5.288073,0.0,23.677625,-0.358378,0.0,7611.589328,101.251328,1.011951,1.0,0.0,0.0,0.0,7752.075381,44.978212,1021.0,3.0,0.0,136.0,-0.186914,34.965124,125.874448,34.965114,-0.027153,5.3e-05,-0.43173,0.081103,-4.1e-05,-0.004867,0.0,0.0,0.0,0.0,0.0,0.0,-9999.0,-9999.0,-9999.0,-9999.0,-9999.0,-9999.0,-9999.0,-9999.0,-9999.0,-9999.0,-9999.0,-9999.0,-9999.0,-9999.0
P25_AV0_4_interaction,active_and_state_lat_and_long_zero_last_source_row_continuous_segment,P25,AV0,4,off_ramp,P25_AV0_4,P25_AV0.1.asc,HV4,60,driver_number,19687,1,328116.67,328116.6675,4.0,4.0,23.682228,85.256021,170.0,134.511038,-7612.262734,-0.475782,5.304185,0.0,23.668408,-0.360537,0.0,7611.802664,101.583305,1.015768,1.0,0.0,0.0,0.0,7752.657135,45.012148,1021.0,3.0,0.0,136.0,-0.184981,34.957929,125.848545,34.957919,-0.02727,5.2e-05,-0.431614,0.081434,-8e-06,-0.004867,0.0,0.0,0.0,0.0,0.0,0.0,-9999.0,-9999.0,-9999.0,-9999.0,-9999.0,-9999.0,-9999.0,-9999.0,-9999.0,-9999.0,-9999.0,-9999.0,-9999.0,-9999.0
P25_AV0_4_interaction,active_and_state_lat_and_long_zero_last_source_row_continuous_segment,P25,AV0,4,off_ramp,P25_AV0_4,P25_AV0.1.asc,HV4,60,driver_number,19688,1,328133.33,328133.3342,4.0,4.0,23.673019,85.222867,170.0,134.906095,-7612.480473,-0.475669,5.317419,0.0,23.659177,-0.362806,0.0,7612.014677,101.915946,1.019603,1.0,0.0,0.0,0.0,7753.271077,45.047987,1021.0,3.0,0.0,136.0,-0.182917,34.950336,125.821211,34.950326,-0.027384,5.2e-05,-0.431508,0.081757,2.1e-05,-0.004867,0.0,0.0,0.0,0.0,0.0,0.0,-9999.0,-9999.0,-9999.0,-9999.0,-9999.0,-9999.0,-9999.0,-9999.0,-9999.0,-9999.0,-9999.0,-9999.0,-9999.0,-9999.0
P25_AV0_4_interaction,active_and_state_lat_and_long_zero_last_source_row_continuous_segment,P25,AV0,4,off_ramp,P25_AV0_4,P25_AV0.1.asc,HV4,60,driver_number,19689,1,328150.01,328150.0119,4.0,4.0,23.663794,85.189658,170.0,135.301362,-7612.696913,-0.475501,5.330747,0.0,23.649934,-0.365169,0.0,7612.225361,102.249249,1.023452,1.0,0.0,0.0,0.0,7753.852583,45.081955,1021.0,3.0,0.0,136.0,-0.180939,34.943145,125.79532,34.943134,-0.027482,5.3e-05,-0.431412,0.082038,3.9e-05,-0.004867,0.0,0.0,0.0,0.0,0.0,0.0,-9999.0,-9999.0,-9999.0,-9999.0,-9999.0,-9999.0,-9999.0,-9999.0,-9999.0,-9999.0,-9999.0,-9999.0,-9999.0,-9999.0
P25_AV0_4_interaction,active_and_state_lat_and_long_zero_last_source_row_continuous_segment,P25,AV0,4,off_ramp,P25_AV0_4,P25_AV0.1.asc,HV4,60,driver_number,19690,1,328166.67,328166.6676,4.0,4.0,23.654556,85.156403,170.0,135.696837,-7612.912048,-0.475298,5.34333,0.0,23.64068,-0.367573,0.0,7612.434712,102.58321,1.027315,1.0,0.0,0.0,0.0,7754.401671,45.11405,1021.0,3.0,0.0,136.0,-0.17905,34.936354,125.770874,34.936343,-0.027566,5.4e-05,-0.431323,0.082283,4.8e-05,-0.004867,0.0,0.0,0.0,0.0,0.0,0.0,-9999.0,-9999.0,-9999.0,-9999.0,-9999.0,-9999.0,-9999.0,-9999.0,-9999.0,-9999.0,-9999.0,-9999.0,-9999.0,-9999.0
P25_AV0_4_interaction,active_and_state_lat_and_long_zero_last_source_row_continuous_segment,P25,AV0,4,off_ramp,P25_AV0_4,P25_AV0.1.asc,HV4,60,driver_number,19691,1,328183.33,328183.3335,4.0,4.0,23.645308,85.123109,170.0,136.092522,-7613.125873,-0.475088,5.35569,0.0,23.631417,-0.369989,0.0,7612.642723,102.917825,1.031188,1.0,0.0,0.0,0.0,7754.982941,45.148049,1021.0,3.0,0.0,136.0,-0.177028,34.929165,125.744995,34.929154,-0.027647,5.5e-05,-0.43123,0.082519,5e-05,-0.004867,0.0,0.0,0.0,0.0,0.0,0.0,-9999.0,-9999.0,-9999.0,-9999.0,-9999.0,-9999.0,-9999.0,-9999.0,-9999.0,-9999.0,-9999.0,-9999.0,-9999.0,-9999.0
P25_AV0_4_interaction,active_and_state_lat_and_long_zero_last_source_row_continuous_segment,P25,AV0,4,off_ramp,P25_AV0_4,P25_AV0.1.asc,HV4,60,driver_number,19692,1,328200.0,328200.0008,4.0,4.0,23.63605,85.089779,170.0,136.488417,-7613.338381,-0.474829,5.366786,0.0,23.622145,-0.372395,0.0,7612.84939,103.253092,1.035071,1.0,0.0,0.0,0.0,7755.56409,45.182064,1021.0,3.0,0.0,136.0,-0.174984,34.921978,125.719121,34.921967,-0.027719,5.5e-05,-0.431137,0.082734,4.6e-05,-0.004867,0.0,0.0,0.0,0.0,0.0,0.0,-9999.0,-9999.0,-9999.0,-9999.0,-9999.0,-9999.0,-9999.0,-9999.0,-9999.0,-9999.0,-9999.0,-9999.0,-9999.0,-9999.0
P25_AV0_4_interaction,active_and_state_lat_and_long_zero_last_source_row_continuous_segment,P25,AV0,4,off_ramp,P25_AV0_4,P25_AV0.1.asc,HV4,60,driver_number,19693,1,328216.67,328216.6742,4.0,4.0,23.626782,85.056415,170.0,136.884521,-7613.549568,-0.474629,5.379337,0.0,23.612866,-0.374759,0.0,7613.054707,103.589006,1.038961,1.0,0.0,0.0,0.0,7756.145118,45.216094,1021.0,3.0,0.0,136.0,-0.172918,34.914792,125.693253,34.914781,-0.027783,5.6e-05,-0.431044,0.082927,3.9e-05,-0.004867,0.0,0.0,0.0,0.0,0.0,0.0,-9999.0,-9999.0,-9999.0,-9999.0,-9999.0,-9999.0,-9999.0,-9999.0,-9999.0,-9999.0,-9999.0,-9999.0,-9999.0,-9999.0
P25_AV0_4_interaction,active_and_state_lat_and_long_zero_last_source_row_continuous_segment,P25,AV0,4,off_ramp,P25_AV0_4,P25_AV0.1.asc,HV4,60,driver_number,19694,1,328233.36,328233.3566,4.0,4.0,23.617506,85.023023,170.0,137.280835,-7613.75943,-0.474519,5.391907,0.0,23.603579,-0.377005,0.0,7613.25867,103.925563,1.042856,1.0,0.0,0.0,0.0,7756.726025,45.250141,1021.0,3.0,0.0,136.0,-0.170828,34.907608,125.66739,34.907597,-0.027839,5.7e-05,-0.430951,0.083099,3.1e-05,-0.004867,0.0,0.0,0.0,0.0,0.0,0.0,-9999.0,-9999.0,-9999.0,-9999.0,-9999.0,-9999.0,-9999.0,-9999.0,-9999.0,-9999.0,-9999.0,-9999.0,-9999.0,-9999.0
P25_AV0_4_interaction,active_and_state_lat_and_long_zero_last_source_row_continuous_segment,P25,AV0,4,off_ramp,P25_AV0_4,P25_AV0.1.asc,HV4,60,driver_number,19695,1,328250.0,328250.0001,4.0,4.0,23.608224,84.989605,170.0,137.677359,-7613.967961,-0.474634,5.407345,0.0,23.594283,-0.379092,0.0,7613.461274,104.262761,1.046756,1.0,0.0,0.0,0.0,7757.306812,45.284203,1021.0,3.0,0.0,136.0,-0.168717,34.900426,125.641533,34.900415,-0.027887,5.7e-05,-0.430858,0.083251,2.3e-05,-0.004867,0.0,0.0,0.0,0.0,0.0,0.0,-9999.0,-9999.0,-9999.0,-9999.0,-9999.0,-9999.0,-9999.0,-9999.0,-9999.0,-9999.0,-9999.0,-9999.0,-9999.0,-9999.0
P25_AV0_4_interaction,active_and_state_lat_and_long_zero_last_source_row_continuous_segment,P25,AV0,4,off_ramp,P25_AV0_4,P25_AV0.1.asc,HV4,60,driver_number,19696,1,328266.67,328266.6676,4.0,4.0,23.598933,84.956157,170.0,138.074092,-7614.175155,-0.475013,5.425443,0.0,23.584976,-0.380971,0.0,7613.662512,104.600595,1.05066,1.0,0.0,0.0,0.0,7757.887477,45.318281,1021.0,3.0,0.0,136.0,-0.166582,34.893245,125.615682,34.893234,-0.027928,5.7e-05,-0.430765,0.083384,1.5e-05,-0.004553,0.0,0.0,0.0,0.0,0.0,0.0,-9999.0,-9999.0,-9999.0,-9999.0,-9999.0,-9999.0,-9999.0,-9999.0,-9999.0,-9999.0,-9999.0,-9999.0,-9999.0,-9999.0
P25_AV0_4_interaction,active_and_state_lat_and_long_zero_last_source_row_continuous_segment,P25,AV0,4,off_ramp,P25_AV0_4,P25_AV0.1.asc,HV4,60,driver_number,19697,1,328283.33,328283.3343,4.0,4.0,23.589631,84.922672,170.0,138.468152,-7614.381008,-0.475565,5.442084,0.0,23.575653,-0.382595,0.0,7613.862379,104.939063,1.054568,1.0,0.0,0.0,0.0,7758.468022,45.352376,1021.0,3.0,0.0,136.0,-0.164425,34.886066,125.589836,34.886054,-0.027962,5.8e-05,-0.430672,0.083498,8e-06,-0.004396,0.0,0.0,0.0,0.0,0.0,0.0,-9999.0,-9999.0,-9999.0,-9999.0,-9999.0,-9999.0,-9999.0,-9999.0,-9999.0,-9999.0,-9999.0,-9999.0,-9999.0,-9999.0
P25_AV0_4_interaction,active_and_state_lat_and_long_zero_last_source_row_continuous_segment,P25,AV0,4,off_ramp,P25_AV0_4,P25_AV0.1.asc,HV4,60,driver_number,19698,1,328300.01,328300.0065,4.0,4.0,23.580317,84.88914,170.0,138.861264,-7614.585513,-0.476416,5.462629,0.0,23.566313,-0.383996,0.0,7614.060867,105.278161,1.058479,1.0,0.0,0.0,0.0,7759.048446,45.386487,1021.0,3.0,0.0,136.0,-0.162245,34.878888,125.563996,34.878877,-0.02799,5.8e-05,-0.430579,0.083595,3e-06,-0.004396,0.0,0.0,0.0,0.0,0.0,0.0,-9999.0,-9999.0,-9999.0,-9999.0,-9999.0,-9999.0,-9999.0,-9999.0,-9999.0,-9999.0,-9999.0,-9999.0,-9999.0,-9999.0
P25_AV0_4_interaction,active_and_state_lat_and_long_zero_last_source_row_continuous_segment,P25,AV0,4,off_ramp,P25_AV0_4,P25_AV0.1.asc,HV4,60,driver_number,19699,1,328316.68,328316.6794,4.0,4.0,23.570985,84.855548,170.0,139.254581,-7614.788662,-0.477455,5.482591,0.0,23.556951,-0.38514,0.0,7614.257968,105.617887,1.062396,1.0,0.0,0.0,0.0,7759.628749,45.420613,1021.0,3.0,0.0,136.0,-0.160043,34.871711,125.538161,34.8717,-0.028011,5.8e-05,-0.430486,0.083675,-1e-06,-0.004239,0.0,0.0,0.0,0.0,0.0,0.0,-9999.0,-9999.0,-9999.0,-9999.0,-9999.0,-9999.0,-9999.0,-9999.0,-9999.0,-9999.0,-9999.0,-9999.0,-9999.0,-9999.0
P25_AV0_4_interaction,active_and_state_lat_and_long_zero_last_source_row_continuous_segment,P25,AV0,4,off_ramp,P25_AV0_4,P25_AV0.1.asc,HV4,60,driver_number,19700,1,328333.33,328333.3341,4.0,4.0,23.561635,84.821886,170.0,139.648104,-7614.99045,-0.478649,5.502515,0.0,23.547566,-0.386066,0.0,7614.453677,105.958237,1.06632,1.0,0.0,0.0,0.0,7760.208931,45.454756,1021.0,3.0,0.0,136.0,-0.157818,34.864537,125.512332,34.864525,-0.028027,5.8e-05,-0.430393,0.083534,-4e-06,-0.003768,0.0,0.0,0.0,0.0,0.0,0.0,-9999.0,-9999.0,-9999.0,-9999.0,-9999.0,-9999.0,-9999.0,-9999.0,-9999.0,-9999.0,-9999.0,-9999.0,-9999.0,-9999.0
P25_AV0_4_interaction,active_and_state_lat_and_long_zero_last_source_row_continuous_segment,P25,AV0,4,off_ramp,P25_AV0_4,P25_AV0.1.asc,HV4,60,driver_number,19701,1,328350.0,328350.0009,4.0,4.0,23.552262,84.788142,170.0,140.04183,-7615.190867,-0.480107,5.525323,0.0,23.538153,-0.386783,0.0,7614.647983,106.299209,1.070251,1.0,0.0,0.0,0.0,7760.788993,45.488915,1021.0,3.0,0.0,136.0,-0.15557,34.857363,125.486508,34.857352,-0.028046,5.7e-05,-0.430299,0.082279,-6e-06,-0.00314,0.0,0.0,0.0,0.0,0.0,0.0,-9999.0,-9999.0,-9999.0,-9999.0,-9999.0,-9999.0,-9999.0,-9999.0,-9999.0,-9999.0,-9999.0,-9999.0,-9999.0,-9999.0
P25_AV0_4_interaction,active_and_state_lat_and_long_zero_last_source_row_continuous_segment,P25,AV0,4,off_ramp,P25_AV0_4,P25_AV0.1.asc,HV4,60,driver_number,19702,1,328366.67,328366.6675,4.0,4.0,23.542863,84.754307,170.0,140.435761,-7615.389907,-0.481697,5.548741,0.0,23.52871,-0.387338,0.0,7614.840881,106.640801,1.074192,1.0,0.0,0.0,0.0,7761.368934,45.52309,1021.0,3.0,0.0,136.0,-0.153299,34.850192,125.460691,34.850181,-0.028065,5.7e-05,-0.430206,0.08232,-7e-06,-0.00314,0.0,0.0,0.0,0.0,0.0,0.0,-9999.0,-9999.0,-9999.0,-9999.0,-9999.0,-9999.0,-9999.0,-9999.0,-9999.0,-9999.0,-9999.0,-9999.0,-9999.0,-9999.0
P25_AV0_4_interaction,active_and_state_lat_and_long_zero_last_source_row_continuous_segment,P25,AV0,4,off_ramp,P25_AV0_4,P25_AV0.1.asc,HV4,60,driver_number,19703,1,328383.33,328383.3334,4.0,4.0,23.533435,84.720367,170.0,140.829893,-7615.587561,-0.483347,5.569941,0.0,23.519235,-0.387736,0.0,7615.03236,106.983008,1.078145,1.0,0.0,0.0,0.0,7761.980963,45.559181,1021.0,3.0,0.0,136.0,-0.150878,34.842623,125.433445,34.842612,-0.028078,5.7e-05,-0.430108,0.081697,-8e-06,-0.00314,0.0,0.0,0.0,0.0,0.0,0.0,-9999.0,-9999.0,-9999.0,-9999.0,-9999.0,-9999.0,-9999.0,-9999.0,-9999.0,-9999.0,-9999.0,-9999.0,-9999.0,-9999.0
P25_AV0_4_interaction,active_and_state_lat_and_long_zero_last_source_row_continuous_segment,P25,AV0,4,off_ramp,P25_AV0_4,P25_AV0.1.asc,HV4,60,driver_number,19704,1,328400.0,328400.0002,4.0,4.0,23.523977,84.686316,170.0,141.224226,-7615.783821,-0.485296,5.59685,0.0,23.509724,-0.388038,0.0,7615.222412,107.325829,1.082112,1.0,0.0,0.0,0.0,7762.528454,45.591487,1021.0,3.0,0.0,136.0,-0.148691,34.835853,125.409072,34.835842,-0.028075,5.7e-05,-0.430021,0.081705,-9e-06,-0.00314,0.0,0.0,0.0,0.0,0.0,0.0,-9999.0,-9999.0,-9999.0,-9999.0,-9999.0,-9999.0,-9999.0,-9999.0,-9999.0,-9999.0,-9999.0,-9999.0,-9999.0,-9999.0
P25_AV0_4_interaction,active_and_state_lat_and_long_zero_last_source_row_continuous_segment,P25,AV0,4,off_ramp,P25_AV0_4,P25_AV0.1.asc,HV4,60,driver_number,19705,1,328416.67,328416.6675,4.0,4.0,23.514484,84.652143,170.0,141.618759,-7615.978678,-0.487302,5.623368,0.0,23.500174,-0.38828,0.0,7615.411029,107.669261,1.086095,1.0,0.0,0.0,0.0,7763.108033,45.62571,1021.0,3.0,0.0,136.0,-0.146353,34.828686,125.383271,34.828675,-0.028055,5.7e-05,-0.429928,0.081671,-9e-06,-0.00314,0.0,0.0,0.0,0.0,0.0,0.0,-9999.0,-9999.0,-9999.0,-9999.0,-9999.0,-9999.0,-9999.0,-9999.0,-9999.0,-9999.0,-9999.0,-9999.0,-9999.0,-9999.0
P25_AV0_4_interaction,active_and_state_lat_and_long_zero_last_source_row_continuous_segment,P25,AV0,4,off_ramp,P25_AV0_4,P25_AV0.1.asc,HV4,60,driver_number,19706,1,328433.33,328433.3343,4.0,4.0,23.504954,84.617833,170.0,142.013491,-7616.172123,-0.489277,5.64715,0.0,23.490584,-0.388491,0.0,7615.598201,108.0133,1.090098,1.0,0.0,0.0,0.0,7763.687491,45.659948,1021.0,3.0,0.0,136.0,-0.143993,34.821521,125.357475,34.82151,-0.028021,5.7e-05,-0.429836,0.081599,-9e-06,-0.003454,0.0,0.0,0.0,0.0,0.0,0.0,-9999.0,-9999.0,-9999.0,-9999.0,-9999.0,-9999.0,-9999.0,-9999.0,-9999.0,-9999.0,-9999.0,-9999.0,-9999.0,-9999.0
P25_AV0_4_interaction,active_and_state_lat_and_long_zero_last_source_row_continuous_segment,P25,AV0,4,off_ramp,P25_AV0_4,P25_AV0.1.asc,HV4,60,driver_number,19707,1,328450.0,328450.0007,4.0,4.0,23.495384,84.583382,170.0,142.408419,-7616.364148,-0.491303,5.673362,0.0,23.480952,-0.388772,0.0,7615.783918,108.357945,1.094123,1.0,0.0,0.0,0.0,7764.266829,45.694201,1021.0,3.0,0.0,136.0,-0.14161,34.814357,125.331685,34.814346,-0.027973,5.7e-05,-0.429743,0.081491,-9e-06,-0.003454,0.0,0.0,0.0,0.0,0.0,0.0,-9999.0,-9999.0,-9999.0,-9999.0,-9999.0,-9999.0,-9999.0,-9999.0,-9999.0,-9999.0,-9999.0,-9999.0,-9999.0,-9999.0
P25_AV0_4_interaction,active_and_state_lat_and_long_zero_last_source_row_continuous_segment,P25,AV0,4,off_ramp,P25_AV0_4,P25_AV0.1.asc,HV4,60,driver_number,19708,1,328466.67,328466.6672,4.0,4.0,23.485773,84.548782,170.0,142.801011,-7616.554742,-0.493302,5.698078,0.0,23.471276,-0.389106,0.0,7615.968172,108.703192,1.09817,1.0,0.0,0.0,0.0,7764.846046,45.728471,1021.0,3.0,0.0,136.0,-0.139205,34.807195,125.3059,34.807183,-0.027903,5.6e-05,-0.429652,0.08253,-8e-06,-0.004396,0.0,0.0,0.0,0.0,0.0,0.0,-9999.0,-9999.0,-9999.0,-9999.0,-9999.0,-9999.0,-9999.0,-9999.0,-9999.0,-9999.0,-9999.0,-9999.0,-9999.0,-9999.0
P25_AV0_4_interaction,active_and_state_lat_and_long_zero_last_source_row_continuous_segment,P25,AV0,4,off_ramp,P25_AV0_4,P25_AV0.1.asc,HV4,60,driver_number,19709,1,328483.33,328483.3344,4.0,4.0,23.47612,84.514031,170.0,143.192375,-7616.743896,-0.495512,5.728556,0.0,23.461556,-0.389558,0.0,7616.150953,109.049039,1.102243,1.0,0.0,0.0,0.0,7765.425143,45.762756,1021.0,3.0,0.0,136.0,-0.136778,34.800034,125.280121,34.800023,-0.027821,5.6e-05,-0.42956,0.082361,-8e-06,-0.004396,0.0,0.0,0.0,0.0,0.0,0.0,-9999.0,-9999.0,-9999.0,-9999.0,-9999.0,-9999.0,-9999.0,-9999.0,-9999.0,-9999.0,-9999.0,-9999.0,-9999.0,-9999.0
P25_AV0_4_interaction,active_and_state_lat_and_long_zero_last_source_row_continuous_segment,P25,AV0,4,off_ramp,P25_AV0_4,P25_AV0.1.asc,HV4,60,driver_number,19710,1,328500.0,328500.0006,4.0,4.0,23.466422,84.479121,170.0,143.583928,-7616.931602,-0.49766,5.756593,0.0,23.451788,-0.39012,0.0,7616.33225,109.395482,1.106344,1.0,0.0,0.0,0.0,7766.00412,45.797057,1021.0,3.0,0.0,136.0,-0.134329,34.792874,125.254348,34.792863,-0.027736,5.6e-05,-0.429468,0.082161,-8e-06,-0.004239,0.0,0.0,0.0,0.0,0.0,0.0,-9999.0,-9999.0,-9999.0,-9999.0,-9999.0,-9999.0,-9999.0,-9999.0,-9999.0,-9999.0,-9999.0,-9999.0,-9999.0,-9999.0
P25_AV0_4_interaction,active_and_state_lat_and_long_zero_last_source_row_continuous_segment,P25,AV0,4,off_ramp,P25_AV0_4,P25_AV0.1.asc,HV4,60,driver_number,19711,1,328516.67,328516.6674,4.0,4.0,23.456678,84.444041,170.0,143.975669,-7617.117849,-0.499785,5.786171,0.0,23.441971,-0.390885,0.0,7616.512054,109.742518,1.110474,1.0,0.0,0.0,0.0,7766.582976,45.831374,1021.0,3.0,0.0,136.0,-0.131857,34.785717,125.22858,34.785706,-0.027649,5.6e-05,-0.429376,0.081957,-7e-06,-0.004396,0.0,0.0,0.0,0.0,0.0,0.0,-9999.0,-9999.0,-9999.0,-9999.0,-9999.0,-9999.0,-9999.0,-9999.0,-9999.0,-9999.0,-9999.0,-9999.0,-9999.0,-9999.0
P25_AV0_4_interaction,active_and_state_lat_and_long_zero_last_source_row_continuous_segment,P25,AV0,4,off_ramp,P25_AV0_4,P25_AV0.1.asc,HV4,60,driver_number,19712,1,328533.33,328533.3341,4.0,4.0,23.446885,84.408787,170.0,144.367595,-7617.302626,-0.501617,5.810281,0.0,23.432106,-0.391856,0.0,7616.690355,110.090145,1.114635,1.0,0.0,0.0,0.0,7767.161711,45.865706,1021.0,3.0,0.0,136.0,-0.129363,34.77856,125.202817,34.778549,-0.027561,5.6e-05,-0.429283,0.08175,-7e-06,-0.004396,0.0,0.0,0.0,0.0,0.0,0.0,-9999.0,-9999.0,-9999.0,-9999.0,-9999.0,-9999.0,-9999.0,-9999.0,-9999.0,-9999.0,-9999.0,-9999.0,-9999.0,-9999.0
P25_AV0_4_interaction,active_and_state_lat_and_long_zero_last_source_row_continuous_segment,P25,AV0,4,off_ramp,P25_AV0_4,P25_AV0.1.asc,HV4,60,driver_number,19713,1,328550.0,328550.0008,4.0,4.0,23.437044,84.37336,170.0,144.759705,-7617.485924,-0.503561,5.840523,0.0,23.422194,-0.393095,0.0,7616.867143,110.438359,1.118827,1.0,0.0,0.0,0.0,7767.740326,45.900054,1021.0,3.0,0.0,136.0,-0.126847,34.771406,125.177061,34.771395,-0.02747,5.6e-05,-0.429191,0.081867,-7e-06,-0.004553,0.0,0.0,0.0,0.0,0.0,0.0,-9999.0,-9999.0,-9999.0,-9999.0,-9999.0,-9999.0,-9999.0,-9999.0,-9999.0,-9999.0,-9999.0,-9999.0,-9999.0,-9999.0
P25_AV0_4_interaction,active_and_state_lat_and_long_zero_last_source_row_continuous_segment,P25,AV0,4,off_ramp,P25_AV0_4,P25_AV0.1.asc,HV4,60,driver_number,19714,1,328566.67,328566.6676,4.0,4.0,23.427156,84.337762,170.0,145.151997,-7617.667734,-0.505508,5.871707,0.0,23.412233,-0.394556,0.0,7617.042409,110.787156,1.123052,1.0,0.0,0.0,0.0,7768.318821,45.934417,1021.0,3.0,0.0,136.0,-0.124309,34.764253,125.151309,34.764242,-0.027377,5.6e-05,-0.429099,0.081656,-6e-06,-0.004553,0.0,0.0,0.0,0.0,0.0,0.0,-9999.0,-9999.0,-9999.0,-9999.0,-9999.0,-9999.0,-9999.0,-9999.0,-9999.0,-9999.0,-9999.0,-9999.0,-9999.0,-9999.0
P25_AV0_4_interaction,active_and_state_lat_and_long_zero_last_source_row_continuous_segment,P25,AV0,4,off_ramp,P25_AV0_4,P25_AV0.1.asc,HV4,60,driver_number,19715,1,328583.33,328583.3341,4.0,4.0,23.417219,84.30199,170.0,145.544468,-7617.848046,-0.507299,5.899275,0.0,23.402221,-0.396232,0.0,7617.216142,111.136534,1.127311,1.0,0.0,0.0,0.0,7768.897195,45.968796,1021.0,3.0,0.0,136.0,-0.121749,34.757101,125.125563,34.75709,-0.027282,5.6e-05,-0.429008,0.082094,-6e-06,-0.004867,0.0,0.0,0.0,0.0,0.0,0.0,-9999.0,-9999.0,-9999.0,-9999.0,-9999.0,-9999.0,-9999.0,-9999.0,-9999.0,-9999.0,-9999.0,-9999.0,-9999.0,-9999.0
P25_AV0_4_interaction,active_and_state_lat_and_long_zero_last_source_row_continuous_segment,P25,AV0,4,off_ramp,P25_AV0_4,P25_AV0.1.asc,HV4,60,driver_number,19716,1,328600.0,328600.0009,4.0,4.0,23.407233,84.266039,170.0,145.937116,-7618.02685,-0.509281,5.932342,0.0,23.392158,-0.398156,0.0,7617.388332,111.486488,1.131603,1.0,0.0,0.0,0.0,7769.475449,46.003191,1021.0,3.0,0.0,136.0,-0.119166,34.749951,125.099823,34.74994,-0.027185,5.6e-05,-0.428916,0.081882,-6e-06,-0.004867,0.0,0.0,0.0,0.0,0.0,0.0,-9999.0,-9999.0,-9999.0,-9999.0,-9999.0,-9999.0,-9999.0,-9999.0,-9999.0,-9999.0,-9999.0,-9999.0,-9999.0,-9999.0
P25_AV0_4_interaction,active_and_state_lat_and_long_zero_last_source_row_continuous_segment,P25,AV0,4,off_ramp,P25_AV0_4,P25_AV0.1.asc,HV4,60,driver_number,19717,1,328616.67,328616.6669,4.0,4.0,23.397196,84.229907,170.0,146.329939,-7618.204134,-0.511372,5.967946,0.0,23.382042,-0.400304,0.0,7617.558968,111.837017,1.135929,1.0,0.0,0.0,0.0,7770.053583,46.037601,1021.0,3.0,0.0,136.0,-0.116562,34.742802,125.074088,34.742792,-0.027095,5.5e-05,-0.428824,0.081671,-5e-06,-0.004867,0.0,0.0,0.0,0.0,0.0,0.0,-9999.0,-9999.0,-9999.0,-9999.0,-9999.0,-9999.0,-9999.0,-9999.0,-9999.0,-9999.0,-9999.0,-9999.0,-9999.0,-9999.0
P25_AV0_4_interaction,active_and_state_lat_and_long_zero_last_source_row_continuous_segment,P25,AV0,4,off_ramp,P25_AV0_4,P25_AV0.1.asc,HV4,60,driver_number,19718,1,328633.33,328633.3341,4.0,4.0,23.387107,84.193584,170.0,146.722934,-7618.37989,-0.513421,6.000508,0.0,23.371869,-0.402627,0.0,7617.728039,112.188115,1.14029,1.0,0.0,0.0,0.0,7770.631596,46.072026,1021.0,3.0,0.0,136.0,-0.113935,34.735655,125.048359,34.735645,-0.027011,5.5e-05,-0.428732,0.081475,-5e-06,-0.004867,0.0,0.0,0.0,0.0,0.0,0.0,-9999.0,-9999.0,-9999.0,-9999.0,-9999.0,-9999.0,-9999.0,-9999.0,-9999.0,-9999.0,-9999.0,-9999.0,-9999.0,-9999.0
P25_AV0_4_interaction,active_and_state_lat_and_long_zero_last_source_row_continuous_segment,P25,AV0,4,off_ramp,P25_AV0_4,P25_AV0.1.asc,HV4,60,driver_number,19719,1,328650.0,328650.0008,4.0,4.0,23.376962,84.157064,170.0,147.113733,-7618.554105,-0.515535,6.034534,0.0,23.361637,-0.405171,0.0,7617.895534,112.539781,1.144685,1.0,0.0,0.0,0.0,7771.209489,46.106467,1021.0,3.0,0.0,136.0,-0.111286,34.72851,125.022635,34.728499,-0.026933,5.5e-05,-0.42864,0.081294,-5e-06,-0.004867,0.0,0.0,0.0,0.0,0.0,0.0,-9999.0,-9999.0,-9999.0,-9999.0,-9999.0,-9999.0,-9999.0,-9999.0,-9999.0,-9999.0,-9999.0,-9999.0,-9999.0,-9999.0
P25_AV0_4_interaction,active_and_state_lat_and_long_zero_last_source_row_continuous_segment,P25,AV0,4,off_ramp,P25_AV0_4,P25_AV0.1.asc,HV4,60,driver_number,19720,1,328666.67,328666.6675,4.0,4.0,23.36676,84.120338,170.0,147.503291,-7618.726768,-0.517636,6.069129,0.0,23.351347,-0.407944,0.0,7618.061441,112.89201,1.149117,1.0,0.0,0.0,0.0,7771.787262,46.140923,1021.0,3.0,0.0,136.0,-0.108616,34.721366,124.996917,34.721356,-0.02686,5.5e-05,-0.428548,0.081126,-4e-06,-0.004867,0.0,0.0,0.0,0.0,0.0,0.0,-9999.0,-9999.0,-9999.0,-9999.0,-9999.0,-9999.0,-9999.0,-9999.0,-9999.0,-9999.0,-9999.0,-9999.0,-9999.0,-9999.0
P25_AV0_4_interaction,active_and_state_lat_and_long_zero_last_source_row_continuous_segment,P25,AV0,4,off_ramp,P25_AV0_4,P25_AV0.1.asc,HV4,60,driver_number,19721,1,328683.33,328683.3337,4.0,4.0,23.3565,84.083398,170.0,147.893011,-7618.897869,-0.519631,6.101084,0.0,23.340996,-0.410909,0.0,7618.22575,113.244798,1.153583,1.0,0.0,0.0,0.0,7772.364915,46.175395,1021.0,3.0,0.0,136.0,-0.105924,34.714224,124.971205,34.714213,-0.026793,5.5e-05,-0.428456,0.080971,-4e-06,-0.004867,0.0,0.0,0.0,0.0,0.0,0.0,-9999.0,-9999.0,-9999.0,-9999.0,-9999.0,-9999.0,-9999.0,-9999.0,-9999.0,-9999.0,-9999.0,-9999.0,-9999.0,-9999.0
P25_AV0_4_interaction,active_and_state_lat_and_long_zero_last_source_row_continuous_segment,P25,AV0,4,off_ramp,P25_AV0_4,P25_AV0.1.asc,HV4,60,driver_number,19722,1,328700.0,328700.0008,4.0,4.0,23.346179,84.046245,170.0,148.28289,-7619.067395,-0.521684,6.13633,0.0,23.330585,-0.414117,0.0,7618.388449,113.598142,1.158085,1.0,0.0,0.0,0.0,7772.942447,46.209882,1021.0,3.0,0.0,136.0,-0.10321,34.707083,124.945498,34.707072,-0.026731,5.5e-05,-0.428364,0.080828,-4e-06,-0.004867,0.0,0.0,0.0,0.0,0.0,0.0,-9999.0,-9999.0,-9999.0,-9999.0,-9999.0,-9999.0,-9999.0,-9999.0,-9999.0,-9999.0,-9999.0,-9999.0,-9999.0,-9999.0
P25_AV0_4_interaction,active_and_state_lat_and_long_zero_last_source_row_continuous_segment,P25,AV0,4,off_ramp,P25_AV0_4,P25_AV0.1.asc,HV4,60,driver_number,19723,1,328716.67,328716.6676,4.0,4.0,23.335798,84.008873,170.0,148.672925,-7619.235335,-0.523643,6.169131,0.0,23.320112,-0.417499,0.0,7618.549526,113.952037,1.162621,1.0,0.0,0.0,0.0,7773.51986,46.244383,1021.0,3.0,0.0,136.0,-0.100474,34.699943,124.919796,34.699933,-0.026674,5.5e-05,-0.428273,0.080697,-4e-06,-0.004867,0.0,0.0,0.0,0.0,0.0,0.0,-9999.0,-9999.0,-9999.0,-9999.0,-9999.0,-9999.0,-9999.0,-9999.0,-9999.0,-9999.0,-9999.0,-9999.0,-9999.0,-9999.0
P25_AV0_4_interaction,active_and_state_lat_and_long_zero_last_source_row_continuous_segment,P25,AV0,4,off_ramp,P25_AV0_4,P25_AV0.1.asc,HV4,60,driver_number,19724,1,328733.33,328733.3334,4.0,4.0,23.325356,83.971283,170.0,149.063113,-7619.40168,-0.525745,6.204967,0.0,23.309577,-0.421067,0.0,7618.708971,114.30648,1.167192,1.0,0.0,0.0,0.0,7774.097152,46.2789,1021.0,3.0,0.0,136.0,-0.097716,34.692806,124.8941,34.692795,-0.026621,5.5e-05,-0.428181,0.080578,-3e-06,-0.004867,0.0,0.0,0.0,0.0,0.0,0.0,-9999.0,-9999.0,-9999.0,-9999.0,-9999.0,-9999.0,-9999.0,-9999.0,-9999.0,-9999.0,-9999.0,-9999.0,-9999.0,-9999.0
P25_AV0_4_interaction,active_and_state_lat_and_long_zero_last_source_row_continuous_segment,P25,AV0,4,off_ramp,P25_AV0_4,P25_AV0.1.asc,HV4,60,driver_number,19725,1,328750.0,328750.0008,4.0,4.0,23.314853,83.933471,170.0,149.453451,-7619.566416,-0.527763,6.238846,0.0,23.298978,-0.424798,0.0,7618.866772,114.661466,1.171797,1.0,0.0,0.0,0.0,7774.674325,46.313433,1021.0,3.0,0.0,136.0,-0.094937,34.685669,124.868409,34.685659,-0.026573,5.5e-05,-0.428089,0.080468,-3e-06,-0.004867,0.0,0.0,0.0,0.0,0.0,0.0,-9999.0,-9999.0,-9999.0,-9999.0,-9999.0,-9999.0,-9999.0,-9999.0,-9999.0,-9999.0,-9999.0,-9999.0,-9999.0,-9999.0
P25_AV0_4_interaction,active_and_state_lat_and_long_zero_last_source_row_continuous_segment,P25,AV0,4,off_ramp,P25_AV0_4,P25_AV0.1.asc,HV4,60,driver_number,19726,1,328766.67,328766.6681,4.0,4.0,23.304285,83.895428,170.0,149.843934,-7619.729532,-0.52957,6.270484,0.0,23.288315,-0.42873,0.0,7619.022917,115.016991,1.176436,1.0,0.0,0.0,0.0,7775.251377,46.34798,1021.0,3.0,0.0,136.0,-0.092136,34.678535,124.842724,34.678524,-0.026527,5.5e-05,-0.427998,0.080695,-3e-06,-0.005024,0.0,0.0,0.0,0.0,0.0,0.0,-9999.0,-9999.0,-9999.0,-9999.0,-9999.0,-9999.0,-9999.0,-9999.0,-9999.0,-9999.0,-9999.0,-9999.0,-9999.0,-9999.0
P25_AV0_4_interaction,active_and_state_lat_and_long_zero_last_source_row_continuous_segment,P25,AV0,4,off_ramp,P25_AV0_4,P25_AV0.1.asc,HV4,60,driver_number,19727,1,328783.33,328783.3343,4.0,4.0,23.293654,83.857154,170.0,150.23456,-7619.891018,-0.531067,6.298719,0.0,23.277592,-0.432859,0.0,7619.177396,115.37305,1.181108,1.0,0.0,0.0,0.0,7775.860357,46.384463,1021.0,3.0,0.0,136.0,-0.089155,34.671005,124.815618,34.670995,-0.026481,5.5e-05,-0.427901,0.080599,-3e-06,-0.005024,0.0,0.0,0.0,0.0,0.0,0.0,-9999.0,-9999.0,-9999.0,-9999.0,-9999.0,-9999.0,-9999.0,-9999.0,-9999.0,-9999.0,-9999.0,-9999.0,-9999.0,-9999.0
P25_AV0_4_interaction,active_and_state_lat_and_long_zero_last_source_row_continuous_segment,P25,AV0,4,off_ramp,P25_AV0_4,P25_AV0.1.asc,HV4,60,driver_number,19728,1,328800.0,328800.0007,4.0,4.0,23.282961,83.818659,170.0,150.625326,-7620.050861,-0.532504,6.329253,0.0,23.266813,-0.437192,0.0,7619.330198,115.729638,1.185811,1.0,0.0,0.0,0.0,7776.405121,46.41712,1021.0,3.0,0.0,136.0,-0.086469,34.66427,124.791371,34.66426,-0.026445,5.5e-05,-0.427815,0.080521,-3e-06,-0.005024,0.0,0.0,0.0,0.0,0.0,0.0,-9999.0,-9999.0,-9999.0,-9999.0,-9999.0,-9999.0,-9999.0,-9999.0,-9999.0,-9999.0,-9999.0,-9999.0,-9999.0,-9999.0
P25_AV0_4_interaction,active_and_state_lat_and_long_zero_last_source_row_continuous_segment,P25,AV0,4,off_ramp,P25_AV0_4,P25_AV0.1.asc,HV4,60,driver_number,19729,1,328816.67,328816.6674,4.0,4.0,23.27221,83.779955,170.0,151.016226,-7620.209053,-0.533691,6.356982,0.0,23.255978,-0.441682,0.0,7619.481313,116.08675,1.190545,1.0,0.0,0.0,0.0,7776.981813,46.451712,1021.0,3.0,0.0,136.0,-0.083603,34.657139,124.765702,34.657129,-0.026412,5.5e-05,-0.427723,0.08045,-2e-06,-0.005024,0.0,0.0,0.0,0.0,0.0,0.0,-9999.0,-9999.0,-9999.0,-9999.0,-9999.0,-9999.0,-9999.0,-9999.0,-9999.0,-9999.0,-9999.0,-9999.0,-9999.0,-9999.0
P25_AV0_4_interaction,active_and_state_lat_and_long_zero_last_source_row_continuous_segment,P25,AV0,4,off_ramp,P25_AV0_4,P25_AV0.1.asc,HV4,60,driver_number,19730,1,328833.33,328833.3335,4.0,4.0,23.261402,83.741047,170.0,151.404942,-7620.365583,-0.534571,6.381501,0.0,23.245091,-0.446328,0.0,7619.630733,116.444379,1.195307,1.0,0.0,0.0,0.0,7777.558386,46.48632,1021.0,3.0,0.0,136.0,-0.080715,34.650011,124.740039,34.650001,-0.026384,5.5e-05,-0.427632,0.080393,-2e-06,-0.005024,0.0,0.0,0.0,0.0,0.0,0.0,-9999.0,-9999.0,-9999.0,-9999.0,-9999.0,-9999.0,-9999.0,-9999.0,-9999.0,-9999.0,-9999.0,-9999.0,-9999.0,-9999.0
P25_AV0_4_interaction,active_and_state_lat_and_long_zero_last_source_row_continuous_segment,P25,AV0,4,off_ramp,P25_AV0_4,P25_AV0.1.asc,HV4,60,driver_number,19731,1,328850.0,328850.0009,4.0,4.0,23.25054,83.701945,170.0,151.792617,-7620.520441,-0.535105,6.403595,0.0,23.234157,-0.451142,0.0,7619.778446,116.802521,1.200096,1.0,0.0,0.0,0.0,7778.134838,46.520942,1021.0,3.0,0.0,136.0,-0.077806,34.642884,124.714382,34.642874,-0.026361,5.5e-05,-0.42754,0.080347,-2e-06,-0.005024,0.0,0.0,0.0,0.0,0.0,0.0,-9999.0,-9999.0,-9999.0,-9999.0,-9999.0,-9999.0,-9999.0,-9999.0,-9999.0,-9999.0,-9999.0,-9999.0,-9999.0,-9999.0
P25_AV0_4_interaction,active_and_state_lat_and_long_zero_last_source_row_continuous_segment,P25,AV0,4,off_ramp,P25_AV0_4,P25_AV0.1.asc,HV4,60,driver_number,19732,1,328866.67,328866.667,4.0,4.0,23.239629,83.662665,170.0,152.180415,-7620.673618,-0.535413,6.426258,0.0,23.223182,-0.456115,0.0,7619.924446,117.161169,1.20491,1.0,0.0,0.0,0.0,7778.743186,46.557505,1021.0,3.0,0.0,136.0,-0.074712,34.635362,124.687305,34.635352,-0.026341,5.5e-05,-0.427444,0.08031,-2e-06,-0.005024,0.0,0.0,0.0,0.0,0.0,0.0,-9999.0,-9999.0,-9999.0,-9999.0,-9999.0,-9999.0,-9999.0,-9999.0,-9999.0,-9999.0,-9999.0,-9999.0,-9999.0,-9999.0
P25_AV0_4_interaction,active_and_state_lat_and_long_zero_last_source_row_continuous_segment,P25,AV0,4,off_ramp,P25_AV0_4,P25_AV0.1.asc,HV4,60,driver_number,19733,1,328883.33,328883.3341,4.0,4.0,23.228674,83.623226,170.0,152.568332,-7620.825107,-0.535482,6.446675,0.0,23.21217,-0.461171,0.0,7620.068725,117.520317,1.209746,1.0,0.0,0.0,0.0,7779.287383,46.590233,1021.0,3.0,0.0,136.0,-0.071923,34.628634,124.663083,34.628624,-0.026327,5.5e-05,-0.427357,0.080286,-2e-06,-0.005024,0.0,0.0,0.0,0.0,0.0,0.0,-9999.0,-9999.0,-9999.0,-9999.0,-9999.0,-9999.0,-9999.0,-9999.0,-9999.0,-9999.0,-9999.0,-9999.0,-9999.0,-9999.0
P25_AV0_4_interaction,active_and_state_lat_and_long_zero_last_source_row_continuous_segment,P25,AV0,4,off_ramp,P25_AV0_4,P25_AV0.1.asc,HV4,60,driver_number,19734,1,328900.0,328900.0002,4.0,4.0,23.21768,83.583649,170.0,152.956365,-7620.974898,-0.535395,6.466256,0.0,23.201125,-0.466285,0.0,7620.211275,117.879959,1.2146,1.0,0.0,0.0,0.0,7779.863476,46.6249,1021.0,3.0,0.0,136.0,-0.068949,34.62142,124.637111,34.62141,-0.026315,5.5e-05,-0.443291,0.080267,2e-06,-0.005024,0.0,0.002198,0.0,0.0,0.0,0.0,-9999.0,-9999.0,-9999.0,-9999.0,-9999.0,-9999.0,-9999.0,-9999.0,-9999.0,-9999.0,-9999.0,-9999.0,-9999.0,-9999.0
P25_AV0_4_interaction,active_and_state_lat_and_long_zero_last_source_row_continuous_segment,P25,AV0,4,off_ramp,P25_AV0_4,P25_AV0.1.asc,HV4,60,driver_number,19735,1,328916.67,328916.6673,4.0,4.0,23.206651,83.543944,170.0,153.344509,-7621.122986,-0.535184,6.484517,0.0,23.190049,-0.471406,0.0,7620.352089,118.240087,1.219472,1.0,0.0,0.0,0.0,7780.439447,46.659583,1021.0,3.0,0.0,136.0,-0.065954,34.614054,124.610595,34.614044,-0.026307,5.4e-05,-0.432341,0.080259,-5.3e-05,-0.005024,0.0,0.0,0.0,0.0,0.0,0.0,-9999.0,-9999.0,-9999.0,-9999.0,-9999.0,-9999.0,-9999.0,-9999.0,-9999.0,-9999.0,-9999.0,-9999.0,-9999.0,-9999.0
P25_AV0_4_interaction,active_and_state_lat_and_long_zero_last_source_row_continuous_segment,P25,AV0,4,off_ramp,P25_AV0_4,P25_AV0.1.asc,HV4,60,driver_number,19736,1,328933.33,328933.3344,4.0,4.0,23.195591,83.504126,170.0,153.732761,-7621.269361,-0.534948,6.502913,0.0,23.178947,-0.476498,0.0,7620.49116,118.600695,1.224358,1.0,0.0,0.0,0.0,7781.015295,46.69428,1021.0,3.0,0.0,136.0,-0.062937,34.606912,124.584882,34.606902,-0.026301,5.3e-05,-0.427632,0.080258,-7e-05,-0.005024,0.0,0.0,0.0,0.0,0.0,0.0,-9999.0,-9999.0,-9999.0,-9999.0,-9999.0,-9999.0,-9999.0,-9999.0,-9999.0,-9999.0,-9999.0,-9999.0,-9999.0,-9999.0
P25_AV0_4_interaction,active_and_state_lat_and_long_zero_last_source_row_continuous_segment,P25,AV0,4,off_ramp,P25_AV0_4,P25_AV0.1.asc,HV4,60,driver_number,19737,1,328950.0,328950.0008,4.0,4.0,23.184501,83.464205,170.0,154.121117,-7621.414019,-0.534731,6.520698,0.0,23.167819,-0.481498,0.0,7620.628482,118.961777,1.229255,1.0,0.0,0.0,0.0,7781.623004,46.730921,1021.0,3.0,0.0,136.0,-0.059729,34.599393,124.557816,34.599383,-0.026298,5.2e-05,-0.427144,0.080263,-6.9e-05,-0.005024,0.0,0.0,0.0,0.0,0.0,0.0,-9999.0,-9999.0,-9999.0,-9999.0,-9999.0,-9999.0,-9999.0,-9999.0,-9999.0,-9999.0,-9999.0,-9999.0,-9999.0,-9999.0
P25_AV0_4_interaction,active_and_state_lat_and_long_zero_last_source_row_continuous_segment,P25,AV0,4,off_ramp,P25_AV0_4,P25_AV0.1.asc,HV4,60,driver_number,19738,1,328966.67,328966.6675,4.0,4.0,23.173386,83.42419,170.0,154.509572,-7621.556951,-0.534526,6.537479,0.0,23.156666,-0.48637,0.0,7620.764047,119.323324,1.234162,1.0,0.0,0.0,0.0,7782.198605,46.765649,1021.0,3.0,0.0,136.0,-0.056668,34.592276,124.532192,34.592266,-0.026297,5.1e-05,-0.426947,0.080274,-4.3e-05,-0.005024,0.0,0.0,0.0,0.0,0.0,0.0,-9999.0,-9999.0,-9999.0,-9999.0,-9999.0,-9999.0,-9999.0,-9999.0,-9999.0,-9999.0,-9999.0,-9999.0,-9999.0,-9999.0
P25_AV0_4_interaction,active_and_state_lat_and_long_zero_last_source_row_continuous_segment,P25,AV0,4,off_ramp,P25_AV0_4,P25_AV0.1.asc,HV4,60,driver_number,19739,1,328983.33,328983.3334,4.0,4.0,23.162245,83.384083,170.0,154.898123,-7621.698152,-0.534348,6.552963,0.0,23.14549,-0.491071,0.0,7620.89785,119.685331,1.239075,1.0,0.0,0.0,0.0,7782.774086,46.800392,1021.0,3.0,0.0,136.0,-0.053585,34.58516,124.506577,34.58515,-0.026298,5e-05,-0.42682,0.080291,-1.1e-05,-0.005024,0.0,0.0,0.0,0.0,0.0,0.0,-9999.0,-9999.0,-9999.0,-9999.0,-9999.0,-9999.0,-9999.0,-9999.0,-9999.0,-9999.0,-9999.0,-9999.0,-9999.0,-9999.0
P25_AV0_4_interaction,active_and_state_lat_and_long_zero_last_source_row_continuous_segment,P25,AV0,4,off_ramp,P25_AV0_4,P25_AV0.1.asc,HV4,60,driver_number,19740,1,329000.0,329000.0009,4.0,4.0,23.151081,83.343891,170.0,155.286764,-7621.837615,-0.534157,6.567361,0.0,23.134292,-0.495591,0.0,7621.029885,120.047789,1.243994,1.0,0.0,0.0,0.0,7783.317486,46.833218,1021.0,3.0,0.0,136.0,-0.050654,34.578442,124.482391,34.578432,-0.026301,5.1e-05,-0.426722,0.08031,1.6e-05,-0.005024,0.0,0.0,0.0,0.0,0.0,0.0,-9999.0,-9999.0,-9999.0,-9999.0,-9999.0,-9999.0,-9999.0,-9999.0,-9999.0,-9999.0,-9999.0,-9999.0,-9999.0,-9999.0
P25_AV0_4_interaction,active_and_state_lat_and_long_zero_last_source_row_continuous_segment,P25,AV0,4,off_ramp,P25_AV0_4,P25_AV0.1.asc,HV4,60,driver_number,19741,1,329016.67,329016.6675,4.0,4.0,23.139894,83.303617,170.0,155.673205,-7621.975333,-0.53382,6.578532,0.0,23.123075,-0.499908,0.0,7621.160145,120.410692,1.248917,1.0,0.0,0.0,0.0,7783.924689,46.869923,1021.0,3.0,0.0,136.0,-0.047355,34.570935,124.455366,34.570925,-0.026301,5.1e-05,-0.426622,0.080664,3.7e-05,-0.005181,0.0,0.0,0.0,0.0,0.0,0.0,-9999.0,-9999.0,-9999.0,-9999.0,-9999.0,-9999.0,-9999.0,-9999.0,-9999.0,-9999.0,-9999.0,-9999.0,-9999.0,-9999.0
P25_AV0_4_interaction,active_and_state_lat_and_long_zero_last_source_row_continuous_segment,P25,AV0,4,off_ramp,P25_AV0_4,P25_AV0.1.asc,HV4,60,driver_number,19742,1,329033.33,329033.3344,4.0,4.0,23.128686,83.263269,170.0,156.058932,-7622.111301,-0.533335,6.58757,0.0,23.111844,-0.504021,0.0,7621.288625,120.774032,1.25384,1.0,0.0,0.0,0.0,7784.467863,46.902778,1021.0,3.0,0.0,136.0,-0.044383,34.56422,124.431191,34.56421,-0.026304,5.2e-05,-0.426534,0.080685,4.7e-05,-0.005024,0.0,0.0,0.0,0.0,0.0,0.0,-9999.0,-9999.0,-9999.0,-9999.0,-9999.0,-9999.0,-9999.0,-9999.0,-9999.0,-9999.0,-9999.0,-9999.0,-9999.0,-9999.0
P25_AV0_4_interaction,active_and_state_lat_and_long_zero_last_source_row_continuous_segment,P25,AV0,4,off_ramp,P25_AV0_4,P25_AV0.1.asc,HV4,60,driver_number,19743,1,329050.01,329050.0056,4.0,4.0,23.117461,83.22286,170.0,156.444737,-7622.245514,-0.532728,6.595313,0.0,23.100602,-0.507917,0.0,7621.415322,121.1378,1.258763,1.0,0.0,0.0,0.0,7785.042872,46.93758,1021.0,3.0,0.0,136.0,-0.041215,34.557111,124.4056,34.557101,-0.02631,5.3e-05,-0.426443,0.080714,5e-05,-0.005024,0.0,0.0,0.0,0.0,0.0,0.0,-9999.0,-9999.0,-9999.0,-9999.0,-9999.0,-9999.0,-9999.0,-9999.0,-9999.0,-9999.0,-9999.0,-9999.0,-9999.0,-9999.0
P25_AV0_4_interaction,active_and_state_lat_and_long_zero_last_source_row_continuous_segment,P25,AV0,4,off_ramp,P25_AV0_4,P25_AV0.1.asc,HV4,60,driver_number,19744,1,329066.68,329066.6754,4.0,4.0,23.106224,83.182405,170.0,156.830613,-7622.377967,-0.532018,6.601512,0.0,23.089353,-0.511566,0.0,7621.540231,121.501989,1.263683,1.0,0.0,0.0,0.0,7785.617762,46.972397,1021.0,3.0,0.0,136.0,-0.038026,34.550004,124.380013,34.549994,-0.026319,5.3e-05,-0.426351,0.080751,4.8e-05,-0.005024,0.0,0.0,0.0,0.0,0.0,0.0,-9999.0,-9999.0,-9999.0,-9999.0,-9999.0,-9999.0,-9999.0,-9999.0,-9999.0,-9999.0,-9999.0,-9999.0,-9999.0,-9999.0
P25_AV0_4_interaction,active_and_state_lat_and_long_zero_last_source_row_continuous_segment,P25,AV0,4,off_ramp,P25_AV0_4,P25_AV0.1.asc,HV4,60,driver_number,19745,1,329083.33,329083.3339,4.0,4.0,23.094978,83.14192,170.0,157.216556,-7622.508657,-0.531333,6.608272,0.0,23.078101,-0.514952,0.0,7621.663349,121.866591,1.268598,1.0,0.0,0.0,0.0,7786.192531,47.007229,1021.0,3.0,0.0,136.0,-0.034815,34.542898,124.354433,34.542888,-0.02633,5.4e-05,-0.42626,0.080793,4.1e-05,-0.005024,0.0,0.0,0.0,0.0,0.0,0.0,-9999.0,-9999.0,-9999.0,-9999.0,-9999.0,-9999.0,-9999.0,-9999.0,-9999.0,-9999.0,-9999.0,-9999.0,-9999.0,-9999.0
P25_AV0_4_interaction,active_and_state_lat_and_long_zero_last_source_row_continuous_segment,P25,AV0,4,off_ramp,P25_AV0_4,P25_AV0.1.asc,HV4,60,driver_number,19746,1,329100.0,329100.0011,4.0,4.0,23.083727,83.101418,170.0,157.602561,-7622.63758,-0.530519,6.611474,0.0,23.066849,-0.518033,0.0,7621.784672,122.231597,1.273507,1.0,0.0,0.0,0.0,7786.767182,47.042077,1021.0,3.0,0.0,136.0,-0.031582,34.535794,124.328857,34.535784,-0.026342,5.5e-05,-0.426169,0.080841,3.3e-05,-0.005024,0.0,0.0,0.0,0.0,0.0,0.0,-9999.0,-9999.0,-9999.0,-9999.0,-9999.0,-9999.0,-9999.0,-9999.0,-9999.0,-9999.0,-9999.0,-9999.0,-9999.0,-9999.0
P25_AV0_4_interaction,active_and_state_lat_and_long_zero_last_source_row_continuous_segment,P25,AV0,4,off_ramp,P25_AV0_4,P25_AV0.1.asc,HV4,60,driver_number,19747,1,329116.67,329116.6676,4.0,4.0,23.072475,83.06091,170.0,157.988622,-7622.764732,-0.529565,6.611967,0.0,23.0556,-0.520822,0.0,7621.904198,122.597,1.278407,1.0,0.0,0.0,0.0,7787.341713,47.076939,1021.0,3.0,0.0,136.0,-0.028328,34.528691,124.303287,34.528681,-0.026357,5.5e-05,-0.426078,0.080893,2.5e-05,-0.005181,0.0,0.0,0.0,0.0,0.0,0.0,-9999.0,-9999.0,-9999.0,-9999.0,-9999.0,-9999.0,-9999.0,-9999.0,-9999.0,-9999.0,-9999.0,-9999.0,-9999.0,-9999.0
P25_AV0_4_interaction,active_and_state_lat_and_long_zero_last_source_row_continuous_segment,P25,AV0,4,off_ramp,P25_AV0_4,P25_AV0.1.asc,HV4,60,driver_number,19748,1,329133.33,329133.3336,4.0,4.0,23.061224,83.020406,170.0,158.374736,-7622.89011,-0.52857,6.612579,0.0,23.044359,-0.523328,0.0,7622.021924,122.96279,1.283298,1.0,0.0,0.0,0.0,7787.916124,47.111817,1021.0,3.0,0.0,136.0,-0.025052,34.52159,124.277723,34.52158,-0.026372,5.6e-05,-0.425987,0.080948,1.7e-05,-0.005024,0.0,0.0,0.0,0.0,0.0,0.0,-9999.0,-9999.0,-9999.0,-9999.0,-9999.0,-9999.0,-9999.0,-9999.0,-9999.0,-9999.0,-9999.0,-9999.0,-9999.0,-9999.0
P25_AV0_4_interaction,active_and_state_lat_and_long_zero_last_source_row_continuous_segment,P25,AV0,4,off_ramp,P25_AV0_4,P25_AV0.1.asc,HV4,60,driver_number,19749,1,329150.0,329150.0006,4.0,4.0,23.049978,82.979922,170.0,158.760897,-7623.013713,-0.527329,6.609095,0.0,23.03313,-0.525532,0.0,7622.137849,123.328959,1.288178,1.0,0.0,0.0,0.0,7788.490416,47.14671,1021.0,3.0,0.0,136.0,-0.021754,34.51449,124.252164,34.51448,-0.026389,5.6e-05,-0.425896,0.081006,1e-05,-0.005024,0.0,0.0,0.0,0.0,0.0,0.0,-9999.0,-9999.0,-9999.0,-9999.0,-9999.0,-9999.0,-9999.0,-9999.0,-9999.0,-9999.0,-9999.0,-9999.0,-9999.0,-9999.0
P25_AV0_4_interaction,active_and_state_lat_and_long_zero_last_source_row_continuous_segment,P25,AV0,4,off_ramp,P25_AV0_4,P25_AV0.1.asc,HV4,60,driver_number,19750,1,329166.67,329166.6674,4.0,4.0,23.038743,82.939473,170.0,159.147098,-7623.135538,-0.525898,6.602825,0.0,23.021919,-0.527436,0.0,7622.251972,123.695498,1.293044,1.0,0.0,0.0,0.0,7789.096483,47.183558,1021.0,3.0,0.0,136.0,-0.01825,34.506997,124.225191,34.506987,-0.026408,5.6e-05,-0.425801,0.081069,4e-06,-0.005181,0.0,0.0,0.0,0.0,0.0,0.0,-9999.0,-9999.0,-9999.0,-9999.0,-9999.0,-9999.0,-9999.0,-9999.0,-9999.0,-9999.0,-9999.0,-9999.0,-9999.0,-9999.0
P25_AV0_4_interaction,active_and_state_lat_and_long_zero_last_source_row_continuous_segment,P25,AV0,4,off_ramp,P25_AV0_4,P25_AV0.1.asc,HV4,60,driver_number,19751,1,329183.33,329183.3343,4.0,4.0,23.027522,82.899079,170.0,159.533336,-7623.255584,-0.524451,6.597465,0.0,23.01073,-0.529046,0.0,7622.364293,124.062399,1.297896,1.0,0.0,0.0,0.0,7789.638641,47.216541,1021.0,3.0,0.0,136.0,-0.015094,34.500295,124.201062,34.500285,-0.026425,5.6e-05,-0.425715,0.081127,-0.0,-0.005181,0.0,0.0,0.0,0.0,0.0,0.0,-9999.0,-9999.0,-9999.0,-9999.0,-9999.0,-9999.0,-9999.0,-9999.0,-9999.0,-9999.0,-9999.0,-9999.0,-9999.0,-9999.0
P25_AV0_4_interaction,active_and_state_lat_and_long_zero_last_source_row_continuous_segment,P25,AV0,4,off_ramp,P25_AV0_4,P25_AV0.1.asc,HV4,60,driver_number,19752,1,329200.0,329200.0012,4.0,4.0,23.016321,82.858757,170.0,159.917444,-7623.373852,-0.522854,6.588746,0.0,22.999567,-0.530321,0.0,7622.474811,124.429653,1.302731,1.0,0.0,0.0,0.0,7790.244456,47.253421,1021.0,3.0,0.0,136.0,-0.011544,34.492806,124.174101,34.492796,-0.026444,5.6e-05,-0.425619,0.081193,-3e-06,-0.005181,0.0,0.0,0.0,0.0,0.0,0.0,-9999.0,-9999.0,-9999.0,-9999.0,-9999.0,-9999.0,-9999.0,-9999.0,-9999.0,-9999.0,-9999.0,-9999.0,-9999.0,-9999.0
P25_AV0_4_interaction,active_and_state_lat_and_long_zero_last_source_row_continuous_segment,P25,AV0,4,off_ramp,P25_AV0_4,P25_AV0.1.asc,HV4,60,driver_number,19753,1,329216.67,329216.6668,4.0,4.0,23.005145,82.818522,170.0,160.301183,-7623.490342,-0.521333,6.581435,0.0,22.988434,-0.531272,0.0,7622.583528,124.79725,1.307547,1.0,0.0,0.0,0.0,7790.786389,47.286433,1021.0,3.0,0.0,136.0,-0.008347,34.486106,124.149982,34.486096,-0.026461,5.6e-05,-0.425534,0.081252,-5e-06,-0.005181,0.0,0.0,0.0,0.0,0.0,0.0,-9999.0,-9999.0,-9999.0,-9999.0,-9999.0,-9999.0,-9999.0,-9999.0,-9999.0,-9999.0,-9999.0,-9999.0,-9999.0,-9999.0
P25_AV0_4_interaction,active_and_state_lat_and_long_zero_last_source_row_continuous_segment,P25,AV0,4,off_ramp,P25_AV0_4,P25_AV0.1.asc,HV4,60,driver_number,19754,1,329233.33,329233.3342,4.0,4.0,22.993997,82.778389,170.0,160.684941,-7623.605053,-0.519779,6.571881,0.0,22.977334,-0.531861,0.0,7622.690445,125.165182,1.312345,1.0,0.0,0.0,0.0,7791.360083,47.321401,1021.0,3.0,0.0,136.0,-0.004941,34.479014,124.124451,34.479004,-0.02648,5.6e-05,-0.425443,0.081315,-6e-06,-0.005181,0.0,0.0,0.0,0.0,0.0,0.0,-9999.0,-9999.0,-9999.0,-9999.0,-9999.0,-9999.0,-9999.0,-9999.0,-9999.0,-9999.0,-9999.0,-9999.0,-9999.0,-9999.0
P25_AV0_4_interaction,active_and_state_lat_and_long_zero_last_source_row_continuous_segment,P25,AV0,4,off_ramp,P25_AV0_4,P25_AV0.1.asc,HV4,60,driver_number,19755,1,329250.0,329250.001,4.0,4.0,22.98288,82.738367,170.0,161.068712,-7623.717986,-0.5183,6.561441,0.0,22.966267,-0.532074,0.0,7622.795562,125.533441,1.317121,1.0,0.0,0.0,0.0,7791.933659,47.356385,1021.0,3.0,0.0,136.0,-0.001513,34.471923,124.098924,34.471913,-0.026498,5.6e-05,-0.425352,0.081377,-7e-06,-0.005181,0.0,0.0,0.0,0.0,0.0,0.0,-9999.0,-9999.0,-9999.0,-9999.0,-9999.0,-9999.0,-9999.0,-9999.0,-9999.0,-9999.0,-9999.0,-9999.0,-9999.0,-9999.0
P25_AV0_4_interaction,active_and_state_lat_and_long_zero_last_source_row_continuous_segment,P25,AV0,4,off_ramp,P25_AV0_4,P25_AV0.1.asc,HV4,60,driver_number,19756,1,329266.67,329266.6718,4.0,4.0,22.971796,82.698465,170.0,161.45249,-7623.829144,-0.516822,6.548742,0.0,22.955235,-0.531911,0.0,7622.898881,125.902016,1.321876,1.0,0.0,0.0,0.0,7792.507115,47.391384,1021.0,3.0,0.0,136.0,0.001937,34.464834,124.073403,34.464824,-0.026516,5.5e-05,-0.425262,0.081438,-8e-06,-0.005181,0.0,0.0,0.0,0.0,0.0,0.0,-9999.0,-9999.0,-9999.0,-9999.0,-9999.0,-9999.0,-9999.0,-9999.0,-9999.0,-9999.0,-9999.0,-9999.0,-9999.0,-9999.0
P25_AV0_4_interaction,active_and_state_lat_and_long_zero_last_source_row_continuous_segment,P25,AV0,4,off_ramp,P25_AV0_4,P25_AV0.1.asc,HV4,60,driver_number,19757,1,329283.34,329283.3416,4.0,4.0,22.960746,82.658686,170.0,161.83627,-7623.938527,-0.515514,6.537705,0.0,22.944239,-0.531384,0.0,7623.000403,126.2709,1.326608,1.0,0.0,0.0,0.0,7793.080451,47.426399,1021.0,3.0,0.0,136.0,0.005409,34.457747,124.047888,34.457736,-0.026533,5.5e-05,-0.425171,0.081498,-8e-06,-0.005181,0.0,0.0,0.0,0.0,0.0,0.0,-9999.0,-9999.0,-9999.0,-9999.0,-9999.0,-9999.0,-9999.0,-9999.0,-9999.0,-9999.0,-9999.0,-9999.0,-9999.0,-9999.0
P25_AV0_4_interaction,active_and_state_lat_and_long_zero_last_source_row_continuous_segment,P25,AV0,4,off_ramp,P25_AV0_4,P25_AV0.1.asc,HV4,60,driver_number,19758,1,329300.0,329300.0008,4.0,4.0,22.949732,82.619037,170.0,162.220045,-7624.046136,-0.514262,6.524674,0.0,22.93328,-0.530465,0.0,7623.100131,126.640083,1.331317,1.0,0.0,0.0,0.0,7793.653669,47.461429,1021.0,3.0,0.0,135.0,0.008903,34.45066,124.022378,34.45065,-0.02655,5.5e-05,-0.425081,0.081556,-8e-06,-0.005181,0.0,0.0,0.0,0.0,0.0,0.0,-9999.0,-9999.0,-9999.0,-9999.0,-9999.0,-9999.0,-9999.0,-9999.0,-9999.0,-9999.0,-9999.0,-9999.0,-9999.0,-9999.0
P25_AV0_4_interaction,active_and_state_lat_and_long_zero_last_source_row_continuous_segment,P25,AV0,4,off_ramp,P25_AV0_4,P25_AV0.1.asc,HV4,60,driver_number,19759,1,329316.67,329316.6675,4.0,4.0,22.938755,82.579519,170.0,162.603808,-7624.151974,-0.513104,6.510895,0.0,22.922359,-0.529168,0.0,7623.198067,127.009556,1.336002,1.0,0.0,0.0,0.0,7794.226767,47.496474,1021.0,3.0,0.0,135.0,0.012419,34.443576,123.996873,34.443566,-0.026566,5.5e-05,-0.424991,0.081612,-7e-06,-0.005181,0.0,0.0,0.0,0.0,0.0,0.0,-9999.0,-9999.0,-9999.0,-9999.0,-9999.0,-9999.0,-9999.0,-9999.0,-9999.0,-9999.0,-9999.0,-9999.0,-9999.0,-9999.0
P25_AV0_4_interaction,active_and_state_lat_and_long_zero_last_source_row_continuous_segment,P25,AV0,4,off_ramp,P25_AV0_4,P25_AV0.1.asc,HV4,60,driver_number,19760,1,329333.33,329333.3338,4.0,4.0,22.927815,82.540134,170.0,162.987552,-7624.256043,-0.512092,6.497796,0.0,22.911474,-0.52751,0.0,7623.294213,127.37931,1.340664,1.0,0.0,0.0,0.0,7794.799746,47.531534,1021.0,3.0,0.0,135.0,0.015957,34.436493,123.971374,34.436482,-0.026581,5.5e-05,-0.4249,0.081667,-7e-06,-0.005181,0.0,0.0,0.0,0.0,0.0,0.0,-9999.0,-9999.0,-9999.0,-9999.0,-9999.0,-9999.0,-9999.0,-9999.0,-9999.0,-9999.0,-9999.0,-9999.0,-9999.0,-9999.0
P25_AV0_4_interaction,active_and_state_lat_and_long_zero_last_source_row_continuous_segment,P25,AV0,4,off_ramp,P25_AV0_4,P25_AV0.1.asc,HV4,60,driver_number,19761,1,329350.01,329350.0066,4.0,4.0,22.916912,82.500883,170.0,163.371272,-7624.358344,-0.511181,6.483892,0.0,22.900627,-0.525488,0.0,7623.388572,127.749337,1.345302,1.0,0.0,0.0,0.0,7795.372606,47.56661,1021.0,3.0,0.0,135.0,0.019517,34.429411,123.94588,34.429401,-0.026595,5.5e-05,-0.42481,0.081719,-7e-06,-0.005181,0.0,0.0,0.0,0.0,0.0,0.0,-9999.0,-9999.0,-9999.0,-9999.0,-9999.0,-9999.0,-9999.0,-9999.0,-9999.0,-9999.0,-9999.0,-9999.0,-9999.0,-9999.0
P25_AV0_4_interaction,active_and_state_lat_and_long_zero_last_source_row_continuous_segment,P25,AV0,4,off_ramp,P25_AV0_4,P25_AV0.1.asc,HV4,60,driver_number,19762,1,329366.67,329366.6676,4.0,4.0,22.906046,82.461766,170.0,163.75496,-7624.45888,-0.510441,6.470231,0.0,22.889815,-0.523109,0.0,7623.481145,128.119628,1.349917,1.0,0.0,0.0,0.0,7795.945346,47.601701,1021.0,3.0,0.0,135.0,0.023099,34.422331,123.920392,34.422321,-0.026608,5.5e-05,-0.42472,0.081768,-7e-06,-0.005181,0.0,0.0,0.0,0.0,0.0,0.0,-9999.0,-9999.0,-9999.0,-9999.0,-9999.0,-9999.0,-9999.0,-9999.0,-9999.0,-9999.0,-9999.0,-9999.0,-9999.0,-9999.0
P25_AV0_4_interaction,active_and_state_lat_and_long_zero_last_source_row_continuous_segment,P25,AV0,4,off_ramp,P25_AV0_4,P25_AV0.1.asc,HV4,60,driver_number,19763,1,329383.33,329383.3335,4.0,4.0,22.895217,82.42278,170.0,164.136792,-7624.557653,-0.509893,6.457389,0.0,22.879038,-0.520392,0.0,7623.571936,128.490173,1.354509,1.0,0.0,0.0,0.0,7796.517968,47.636807,1021.0,3.0,0.0,135.0,0.026702,34.415252,123.894908,34.415242,-0.02662,5.5e-05,-0.42463,0.081815,-6e-06,-0.005181,0.0,0.0,0.0,0.0,0.0,0.0,-9999.0,-9999.0,-9999.0,-9999.0,-9999.0,-9999.0,-9999.0,-9999.0,-9999.0,-9999.0,-9999.0,-9999.0,-9999.0,-9999.0
P25_AV0_4_interaction,active_and_state_lat_and_long_zero_last_source_row_continuous_segment,P25,AV0,4,off_ramp,P25_AV0_4,P25_AV0.1.asc,HV4,60,driver_number,19764,1,329400.0,329400.0003,4.0,4.0,22.884422,82.383921,170.0,164.518498,-7624.654667,-0.509326,6.441755,0.0,22.868293,-0.517368,0.0,7623.660946,128.860965,1.35908,1.0,0.0,0.0,0.0,7797.09047,47.671929,1021.0,3.0,0.0,135.0,0.030328,34.408175,123.869431,34.408165,-0.026631,5.5e-05,-0.424539,0.081859,-6e-06,-0.005181,0.0,0.0,0.0,0.0,0.0,0.0,-9999.0,-9999.0,-9999.0,-9999.0,-9999.0,-9999.0,-9999.0,-9999.0,-9999.0,-9999.0,-9999.0,-9999.0,-9999.0,-9999.0
P25_AV0_4_interaction,active_and_state_lat_and_long_zero_last_source_row_continuous_segment,P25,AV0,4,off_ramp,P25_AV0_4,P25_AV0.1.asc,HV4,60,driver_number,19765,1,329416.67,329416.6677,4.0,4.0,22.873661,82.34518,170.0,164.90015,-7624.749922,-0.508711,6.42406,0.0,22.857582,-0.514088,0.0,7623.748179,129.231993,1.36363,1.0,0.0,0.0,0.0,7797.694649,47.709018,1021.0,3.0,0.0,135.0,0.034179,34.400707,123.842544,34.400696,-0.026641,5.4e-05,-0.424444,0.081902,-6e-06,-0.005181,0.0,0.0,0.0,0.0,0.0,0.0,-9999.0,-9999.0,-9999.0,-9999.0,-9999.0,-9999.0,-9999.0,-9999.0,-9999.0,-9999.0,-9999.0,-9999.0,-9999.0,-9999.0
P25_AV0_4_interaction,active_and_state_lat_and_long_zero_last_source_row_continuous_segment,P25,AV0,4,off_ramp,P25_AV0_4,P25_AV0.1.asc,HV4,60,driver_number,19766,1,329433.34,329433.3416,4.0,4.0,22.862934,82.306561,170.0,165.28174,-7624.843422,-0.508002,6.405256,0.0,22.846907,-0.510614,0.0,7623.833638,129.603251,1.368161,1.0,0.0,0.0,0.0,7798.235117,47.742218,1021.0,3.0,0.0,135.0,0.037644,34.394026,123.818492,34.394015,-0.026649,5.4e-05,-0.424359,0.081937,-5e-06,-0.005181,0.0,0.0,0.0,0.0,0.0,0.0,-9999.0,-9999.0,-9999.0,-9999.0,-9999.0,-9999.0,-9999.0,-9999.0,-9999.0,-9999.0,-9999.0,-9999.0,-9999.0,-9999.0
P25_AV0_4_interaction,active_and_state_lat_and_long_zero_last_source_row_continuous_segment,P25,AV0,4,off_ramp,P25_AV0_4,P25_AV0.1.asc,HV4,60,driver_number,19767,1,329450.0,329450.0008,4.0,4.0,22.85224,82.268064,170.0,165.663261,-7624.935169,-0.507045,6.382509,0.0,22.836268,-0.506983,0.0,7623.917326,129.974728,1.372673,1.0,0.0,0.0,0.0,7798.807262,47.777386,1021.0,3.0,0.0,135.0,0.041336,34.386953,123.79303,34.386943,-0.026656,5.4e-05,-0.424269,0.081972,-5e-06,-0.005181,0.0,0.0,0.0,0.0,0.0,0.0,-9999.0,-9999.0,-9999.0,-9999.0,-9999.0,-9999.0,-9999.0,-9999.0,-9999.0,-9999.0,-9999.0,-9999.0,-9999.0,-9999.0
P25_AV0_4_interaction,active_and_state_lat_and_long_zero_last_source_row_continuous_segment,P25,AV0,4,off_ramp,P25_AV0_4,P25_AV0.1.asc,HV4,60,driver_number,19768,1,329466.67,329466.6677,4.0,4.0,22.841583,82.229697,170.0,166.044704,-7625.025168,-0.505843,6.358228,0.0,22.825672,-0.503273,0.0,7623.999248,130.346415,1.377166,1.0,0.0,0.0,0.0,7799.379288,47.812569,1021.0,3.0,0.0,135.0,0.045049,34.379882,123.767574,34.379871,-0.026663,5.4e-05,-0.424179,0.082004,-5e-06,-0.005181,0.0,0.0,0.0,0.0,0.0,0.0,-9999.0,-9999.0,-9999.0,-9999.0,-9999.0,-9999.0,-9999.0,-9999.0,-9999.0,-9999.0,-9999.0,-9999.0,-9999.0,-9999.0
P25_AV0_4_interaction,active_and_state_lat_and_long_zero_last_source_row_continuous_segment,P25,AV0,4,off_ramp,P25_AV0_4,P25_AV0.1.asc,HV4,60,driver_number,19769,1,329483.33,329483.3334,4.0,4.0,22.830964,82.191472,170.0,166.426062,-7625.113423,-0.504374,6.332305,0.0,22.815121,-0.499525,0.0,7624.079409,130.718305,1.381642,1.0,0.0,0.0,0.0,7799.951195,47.847768,1021.0,3.0,0.0,135.0,0.048784,34.372812,123.742124,34.372802,-0.026667,5.4e-05,-0.424089,0.082032,-4e-06,-0.005181,0.0,0.0,0.0,0.0,0.0,0.0,-9999.0,-9999.0,-9999.0,-9999.0,-9999.0,-9999.0,-9999.0,-9999.0,-9999.0,-9999.0,-9999.0,-9999.0,-9999.0,-9999.0
P25_AV0_4_interaction,active_and_state_lat_and_long_zero_last_source_row_continuous_segment,P25,AV0,4,off_ramp,P25_AV0_4,P25_AV0.1.asc,HV4,60,driver_number,19770,1,329500.0,329500.0009,4.0,4.0,22.82039,82.153405,170.0,166.807325,-7625.199939,-0.50267,6.304534,0.0,22.804621,-0.49575,0.0,7624.157816,131.090387,1.386099,1.0,0.0,0.0,0.0,7800.522983,47.882982,1021.0,3.0,0.0,135.0,0.052541,34.365744,123.716679,34.365734,-0.026671,5.4e-05,-0.423999,0.082057,-4e-06,-0.005181,0.0,0.0,0.0,0.0,0.0,0.0,-9999.0,-9999.0,-9999.0,-9999.0,-9999.0,-9999.0,-9999.0,-9999.0,-9999.0,-9999.0,-9999.0,-9999.0,-9999.0,-9999.0
P25_AV0_4_interaction,active_and_state_lat_and_long_zero_last_source_row_continuous_segment,P25,AV0,4,off_ramp,P25_AV0_4,P25_AV0.1.asc,HV4,60,driver_number,19771,1,329516.67,329516.6674,4.0,4.0,22.809865,82.115513,170.0,167.188486,-7625.284722,-0.500898,6.277089,0.0,22.794175,-0.49195,0.0,7624.234476,131.462654,1.390538,1.0,0.0,0.0,0.0,7801.094652,47.918211,1021.0,3.0,0.0,135.0,0.056319,34.358677,123.691239,34.358667,-0.026673,5.4e-05,-0.423909,0.082079,-4e-06,-0.005181,0.0,0.002198,0.0,0.0,0.0,0.0,-9999.0,-9999.0,-9999.0,-9999.0,-9999.0,-9999.0,-9999.0,-9999.0,-9999.0,-9999.0,-9999.0,-9999.0,-9999.0,-9999.0
P25_AV0_4_interaction,active_and_state_lat_and_long_zero_last_source_row_continuous_segment,P25,AV0,4,off_ramp,P25_AV0_4,P25_AV0.1.asc,HV4,60,driver_number,19772,1,329533.33,329533.3334,4.0,4.0,22.799391,82.077809,170.0,167.569536,-7625.367779,-0.499122,6.251058,0.0,22.783783,-0.488143,0.0,7624.309394,131.835097,1.394958,1.0,0.0,0.0,0.0,7801.666202,47.953456,1021.0,3.0,0.0,135.0,0.06012,34.351358,123.66489,34.351348,-0.026674,5.4e-05,-0.444087,0.082095,-2.8e-05,-0.005181,0.0,0.002198,0.0,0.0,0.0,0.0,-9999.0,-9999.0,-9999.0,-9999.0,-9999.0,-9999.0,-9999.0,-9999.0,-9999.0,-9999.0,-9999.0,-9999.0,-9999.0,-9999.0
P25_AV0_4_interaction,active_and_state_lat_and_long_zero_last_source_row_continuous_segment,P25,AV0,4,off_ramp,P25_AV0_4,P25_AV0.1.asc,HV4,60,driver_number,19773,1,329550.0,329550.0007,4.0,4.0,22.788972,82.040299,170.0,167.950402,-7625.449117,-0.497245,6.221981,0.0,22.773447,-0.484292,0.0,7624.382579,132.207707,1.399358,1.0,0.0,0.0,0.0,7802.237628,47.988716,1021.0,3.0,0.0,135.0,0.063943,34.343941,123.638187,34.34393,-0.026674,5.3e-05,-0.44529,0.08211,-8.2e-05,-0.005181,0.0,0.002198,0.0,0.0,0.0,0.0,-9999.0,-9999.0,-9999.0,-9999.0,-9999.0,-9999.0,-9999.0,-9999.0,-9999.0,-9999.0,-9999.0,-9999.0,-9999.0,-9999.0
P25_AV0_4_interaction,active_and_state_lat_and_long_zero_last_source_row_continuous_segment,P25,AV0,4,off_ramp,P25_AV0_4,P25_AV0.1.asc,HV4,60,driver_number,19774,1,329566.67,329566.6673,4.0,4.0,22.778608,82.002989,170.0,168.330097,-7625.528741,-0.495324,6.192237,0.0,22.763167,-0.480436,0.0,7624.454036,132.580475,1.40374,1.0,0.0,0.0,0.0,7802.840666,48.025952,1021.0,3.0,0.0,135.0,0.068002,34.336212,123.610364,34.336202,-0.026673,5.1e-05,-0.428507,0.082124,-0.000158,-0.005181,0.0,0.002198,0.0,0.0,0.0,0.0,-9999.0,-9999.0,-9999.0,-9999.0,-9999.0,-9999.0,-9999.0,-9999.0,-9999.0,-9999.0,-9999.0,-9999.0,-9999.0,-9999.0
P25_AV0_4_interaction,active_and_state_lat_and_long_zero_last_source_row_continuous_segment,P25,AV0,4,off_ramp,P25_AV0_4,P25_AV0.1.asc,HV4,60,driver_number,19775,1,329583.33,329583.3343,4.0,4.0,22.7683,81.965879,170.0,168.709654,-7625.606659,-0.493465,6.164189,0.0,22.752945,-0.476577,0.0,7624.523773,132.953394,1.408101,1.0,0.0,0.0,0.0,7803.38011,48.059282,1021.0,3.0,0.0,135.0,0.071654,34.329284,123.585423,34.329274,-0.026671,4.8e-05,-0.444358,0.08213,-0.000186,-0.005181,0.0,0.002198,0.0,0.0,0.0,0.0,-9999.0,-9999.0,-9999.0,-9999.0,-9999.0,-9999.0,-9999.0,-9999.0,-9999.0,-9999.0,-9999.0,-9999.0,-9999.0,-9999.0
P25_AV0_4_interaction,active_and_state_lat_and_long_zero_last_source_row_continuous_segment,P25,AV0,4,off_ramp,P25_AV0_4,P25_AV0.1.asc,HV4,60,driver_number,19776,1,329600.0,329600.0002,4.0,4.0,22.758049,81.928976,170.0,169.089064,-7625.682879,-0.491515,6.132739,0.0,22.74278,-0.472686,0.0,7624.591798,133.326456,1.412441,1.0,0.0,0.0,0.0,7803.951165,48.094587,1021.0,3.0,0.0,135.0,0.075542,34.321958,123.559049,34.321948,-0.026667,4.5e-05,-0.429131,0.082138,-0.000212,-0.005181,0.0,0.0,0.0,0.0,0.0,0.0,-9999.0,-9999.0,-9999.0,-9999.0,-9999.0,-9999.0,-9999.0,-9999.0,-9999.0,-9999.0,-9999.0,-9999.0,-9999.0,-9999.0
P25_AV0_4_interaction,active_and_state_lat_and_long_zero_last_source_row_continuous_segment,P25,AV0,4,off_ramp,P25_AV0_4,P25_AV0.1.asc,HV4,60,driver_number,19777,1,329616.67,329616.6687,4.0,4.0,22.747855,81.892279,170.0,169.468318,-7625.757407,-0.489515,6.099495,0.0,22.732673,-0.468779,0.0,7624.658119,133.699651,1.41676,1.0,0.0,0.0,0.0,7804.522098,48.129908,1021.0,3.0,0.0,135.0,0.079453,34.314873,123.533542,34.314862,-0.026662,4.2e-05,-0.424077,0.082142,-0.000159,-0.005181,0.0,0.0,0.0,0.0,0.0,0.0,-9999.0,-9999.0,-9999.0,-9999.0,-9999.0,-9999.0,-9999.0,-9999.0,-9999.0,-9999.0,-9999.0,-9999.0,-9999.0,-9999.0
P25_AV0_4_interaction,active_and_state_lat_and_long_zero_last_source_row_continuous_segment,P25,AV0,4,off_ramp,P25_AV0_4,P25_AV0.1.asc,HV4,60,driver_number,19778,1,329633.33,329633.3341,4.0,4.0,22.737719,81.85579,170.0,169.847406,-7625.830252,-0.487376,6.06481,0.0,22.722626,-0.464907,0.0,7624.722744,134.072971,1.421057,1.0,0.0,0.0,0.0,7805.092912,48.165244,1021.0,3.0,0.0,135.0,0.083385,34.307811,123.508118,34.3078,-0.026656,4e-05,-0.423495,0.082144,-8.4e-05,-0.005181,0.0,0.0,0.0,0.0,0.0,0.0,-9999.0,-9999.0,-9999.0,-9999.0,-9999.0,-9999.0,-9999.0,-9999.0,-9999.0,-9999.0,-9999.0,-9999.0,-9999.0,-9999.0
P25_AV0_4_interaction,active_and_state_lat_and_long_zero_last_source_row_continuous_segment,P25,AV0,4,off_ramp,P25_AV0_4,P25_AV0.1.asc,HV4,60,driver_number,19779,1,329650.02,329650.0182,4.0,4.0,22.727642,81.81951,170.0,170.226318,-7625.901421,-0.485098,6.028135,0.0,22.712642,-0.461059,0.0,7624.785682,134.446409,1.425331,1.0,0.0,0.0,0.0,7805.663606,48.200595,1021.0,3.0,0.0,135.0,0.087339,34.300754,123.482715,34.300744,-0.02665,3.9e-05,-0.423256,0.082143,1.3e-05,-0.005181,0.0,0.0,0.0,0.0,0.0,0.0,-9999.0,-9999.0,-9999.0,-9999.0,-9999.0,-9999.0,-9999.0,-9999.0,-9999.0,-9999.0,-9999.0,-9999.0,-9999.0,-9999.0
P25_AV0_4_interaction,active_and_state_lat_and_long_zero_last_source_row_continuous_segment,P25,AV0,4,off_ramp,P25_AV0_4,P25_AV0.1.asc,HV4,60,driver_number,19780,1,329666.67,329666.6669,4.0,4.0,22.717626,81.783453,170.0,170.605045,-7625.970924,-0.482853,5.991815,0.0,22.702721,-0.457201,0.0,7624.846943,134.819957,1.42958,1.0,0.0,0.0,0.0,7806.234181,48.235962,1021.0,3.0,0.0,135.0,0.091315,34.2937,123.457322,34.29369,-0.026642,4e-05,-0.423115,0.082139,9.9e-05,-0.004867,0.0,0.0,0.0,0.0,0.0,0.0,-9999.0,-9999.0,-9999.0,-9999.0,-9999.0,-9999.0,-9999.0,-9999.0,-9999.0,-9999.0,-9999.0,-9999.0,-9999.0,-9999.0
P25_AV0_4_interaction,active_and_state_lat_and_long_zero_last_source_row_continuous_segment,P25,AV0,4,off_ramp,P25_AV0_4,P25_AV0.1.asc,HV4,60,driver_number,19781,1,329683.33,329683.3342,4.0,4.0,22.707674,81.747626,170.0,170.983575,-7626.038771,-0.480757,5.958778,0.0,22.692865,-0.453332,0.0,7624.906537,135.193606,1.433804,1.0,0.0,0.0,0.0,7806.804637,48.271344,1021.0,3.0,0.0,135.0,0.095313,34.286649,123.431936,34.286638,-0.02664,4.3e-05,-0.423007,0.081596,0.000156,-0.003925,0.0,0.0,0.0,0.0,0.0,0.0,-9999.0,-9999.0,-9999.0,-9999.0,-9999.0,-9999.0,-9999.0,-9999.0,-9999.0,-9999.0,-9999.0,-9999.0,-9999.0,-9999.0
P25_AV0_4_interaction,active_and_state_lat_and_long_zero_last_source_row_continuous_segment,P25,AV0,4,off_ramp,P25_AV0_4,P25_AV0.1.asc,HV4,60,driver_number,19782,1,329700.0,329700.0011,4.0,4.0,22.697785,81.712027,170.0,171.361899,-7626.10497,-0.478209,5.911557,0.0,22.683071,-0.449389,0.0,7624.964473,135.567349,1.438002,1.0,0.0,0.0,0.0,7807.374975,48.306741,1021.0,3.0,0.0,135.0,0.099332,34.279599,123.406556,34.279588,-0.026679,4.6e-05,-0.422908,0.077983,0.000183,-0.002198,0.0,0.0,0.0,0.0,0.0,0.0,-9999.0,-9999.0,-9999.0,-9999.0,-9999.0,-9999.0,-9999.0,-9999.0,-9999.0,-9999.0,-9999.0,-9999.0,-9999.0,-9999.0
P25_AV0_4_interaction,active_and_state_lat_and_long_zero_last_source_row_continuous_segment,P25,AV0,4,off_ramp,P25_AV0_4,P25_AV0.1.asc,HV4,60,driver_number,19783,1,329716.67,329716.6672,4.0,4.0,22.68796,81.676656,170.0,171.740006,-7626.169532,-0.474958,5.854911,0.0,22.67335,-0.44562,0.0,7625.020762,135.941178,1.442171,1.0,0.0,0.0,0.0,7807.945194,48.342153,1021.0,3.0,0.0,135.0,0.103373,34.272551,123.381182,34.27254,-0.026759,4.9e-05,-0.422811,0.073113,0.000186,0.000157,0.0,0.0,0.0,0.0,0.0,0.0,-9999.0,-9999.0,-9999.0,-9999.0,-9999.0,-9999.0,-9999.0,-9999.0,-9999.0,-9999.0,-9999.0,-9999.0,-9999.0,-9999.0
P25_AV0_4_interaction,active_and_state_lat_and_long_zero_last_source_row_continuous_segment,P25,AV0,4,off_ramp,P25_AV0_4,P25_AV0.1.asc,HV4,60,driver_number,19784,1,329733.33,329733.3339,4.0,4.0,22.678201,81.641523,170.0,172.117862,-7626.232466,-0.470585,5.782761,0.0,22.663716,-0.442143,0.0,7625.075419,136.315085,1.446309,1.0,0.0,0.0,0.0,7808.515295,48.377579,1021.0,3.0,0.0,135.0,0.107434,34.265504,123.355815,34.265493,-0.026907,5.1e-05,-0.422716,0.060123,0.000159,0.006437,0.0,0.0,0.0,0.0,0.0,0.0,-9999.0,-9999.0,-9999.0,-9999.0,-9999.0,-9999.0,-9999.0,-9999.0,-9999.0,-9999.0,-9999.0,-9999.0,-9999.0,-9999.0
P25_AV0_4_interaction,active_and_state_lat_and_long_zero_last_source_row_continuous_segment,P25,AV0,4,off_ramp,P25_AV0_4,P25_AV0.1.asc,HV4,60,driver_number,19785,1,329750.0,329750.0006,4.0,4.0,22.668521,81.606674,170.0,172.495311,-7626.293788,-0.465571,5.707905,0.0,22.654186,-0.439011,0.0,7625.128462,136.689061,1.45041,1.0,0.0,0.0,0.0,7809.085277,48.413017,1021.0,3.0,0.0,135.0,0.111514,34.258459,123.330453,34.258448,-0.027069,5.4e-05,-0.422624,0.051707,0.000126,0.010519,0.0,0.002198,0.0,0.0,0.0,0.0,-9999.0,-9999.0,-9999.0,-9999.0,-9999.0,-9999.0,-9999.0,-9999.0,-9999.0,-9999.0,-9999.0,-9999.0,-9999.0,-9999.0
P25_AV0_4_interaction,active_and_state_lat_and_long_zero_last_source_row_continuous_segment,P25,AV0,4,off_ramp,P25_AV0_4,P25_AV0.1.asc,HV4,60,driver_number,19786,1,329766.67,329766.6677,4.0,4.0,22.658937,81.572173,170.0,172.87251,-7626.353517,-0.460204,5.627967,0.0,22.644768,-0.436047,0.0,7625.179914,137.0631,1.454467,1.0,0.0,0.0,0.0,7809.655141,48.448466,1021.0,3.0,0.0,135.0,0.115611,34.251162,123.304181,34.251151,-0.027197,5.6e-05,-0.442815,0.043482,6.5e-05,0.014444,0.0,0.0,0.0,0.0,0.0,0.0,-9999.0,-9999.0,-9999.0,-9999.0,-9999.0,-9999.0,-9999.0,-9999.0,-9999.0,-9999.0,-9999.0,-9999.0,-9999.0,-9999.0
P25_AV0_4_interaction,active_and_state_lat_and_long_zero_last_source_row_continuous_segment,P25,AV0,4,off_ramp,P25_AV0_4,P25_AV0.1.asc,HV4,60,driver_number,19787,1,329783.33,329783.3342,4.0,4.0,22.649463,81.538067,170.0,173.249448,-7626.411674,-0.454989,5.556724,0.0,22.635472,-0.433255,0.0,7625.229796,137.437193,1.458475,1.0,0.0,0.0,0.0,7810.224883,48.483923,1021.0,3.0,0.0,135.0,0.119723,34.24402,123.278473,34.244009,-0.027245,5.6e-05,-0.423735,0.034495,-4e-06,0.018683,0.0,0.0,0.0,0.0,0.0,0.0,-9999.0,-9999.0,-9999.0,-9999.0,-9999.0,-9999.0,-9999.0,-9999.0,-9999.0,-9999.0,-9999.0,-9999.0,-9999.0,-9999.0
P25_AV0_4_interaction,active_and_state_lat_and_long_zero_last_source_row_continuous_segment,P25,AV0,4,off_ramp,P25_AV0_4,P25_AV0.1.asc,HV4,60,driver_number,19788,1,329800.0,329800.0007,4.0,4.0,22.640105,81.504378,170.0,173.626113,-7626.46828,-0.449661,5.47369,0.0,22.626296,-0.430342,0.0,7625.27813,137.811333,1.462425,1.0,0.0,0.0,0.0,7810.794505,48.519387,1021.0,3.0,0.0,135.0,0.123849,34.236971,123.253097,34.23696,-0.02719,5.5e-05,-0.422656,0.02536,-5.5e-05,0.022765,0.0,0.0,0.0,0.0,0.0,0.0,-9999.0,-9999.0,-9999.0,-9999.0,-9999.0,-9999.0,-9999.0,-9999.0,-9999.0,-9999.0,-9999.0,-9999.0,-9999.0,-9999.0
P25_AV0_4_interaction,active_and_state_lat_and_long_zero_last_source_row_continuous_segment,P25,AV0,4,off_ramp,P25_AV0_4,P25_AV0.1.asc,HV4,60,driver_number,19789,1,329816.67,329816.6676,4.0,4.0,22.630869,81.471127,170.0,174.002493,-7626.523358,-0.444758,5.397022,0.0,22.617242,-0.427321,0.0,7625.324939,138.185514,1.466313,1.0,0.0,0.0,0.0,7811.364009,48.554857,1021.0,3.0,0.0,135.0,0.127986,34.22993,123.227748,34.229919,-0.02695,5.4e-05,-0.422374,0.024198,-9.7e-05,0.022765,0.0,0.0,0.0,0.0,0.0,0.0,-9999.0,-9999.0,-9999.0,-9999.0,-9999.0,-9999.0,-9999.0,-9999.0,-9999.0,-9999.0,-9999.0,-9999.0,-9999.0,-9999.0
P25_AV0_4_interaction,active_and_state_lat_and_long_zero_last_source_row_continuous_segment,P25,AV0,4,off_ramp,P25_AV0_4,P25_AV0.1.asc,HV4,60,driver_number,19790,1,329833.33,329833.3334,4.0,4.0,22.621754,81.438315,170.0,174.378576,-7626.57693,-0.44066,5.332875,0.0,22.608307,-0.423978,0.0,7625.370245,138.559728,1.470132,1.0,0.0,0.0,0.0,7811.933395,48.59033,1021.0,3.0,0.0,135.0,0.132133,34.222892,123.202411,34.222882,-0.026568,5.2e-05,-0.422238,0.01018,-0.000109,0.028731,0.0,0.0,0.0,0.0,0.0,0.0,-9999.0,-9999.0,-9999.0,-9999.0,-9999.0,-9999.0,-9999.0,-9999.0,-9999.0,-9999.0,-9999.0,-9999.0,-9999.0,-9999.0
P25_AV0_4_interaction,active_and_state_lat_and_long_zero_last_source_row_continuous_segment,P25,AV0,4,off_ramp,P25_AV0_4,P25_AV0.1.asc,HV4,60,driver_number,19791,1,329850.0,329850.001,4.0,4.0,22.61276,81.405937,170.0,174.754351,-7626.629018,-0.436726,5.255775,0.0,22.599482,-0.420126,0.0,7625.41407,138.933968,1.473878,1.0,0.0,0.0,0.0,7812.502663,48.625805,1021.0,3.0,0.0,135.0,0.136289,34.215856,123.177081,34.215846,-0.025951,5e-05,-0.422133,0.004587,-0.000125,0.030458,0.0,0.002198,0.0,0.0,0.0,0.0,-9999.0,-9999.0,-9999.0,-9999.0,-9999.0,-9999.0,-9999.0,-9999.0,-9999.0,-9999.0,-9999.0,-9999.0,-9999.0,-9999.0
P25_AV0_4_interaction,active_and_state_lat_and_long_zero_last_source_row_continuous_segment,P25,AV0,4,off_ramp,P25_AV0_4,P25_AV0.1.asc,HV4,60,driver_number,19792,1,329866.67,329866.6742,4.0,4.0,22.60388,81.373968,170.0,175.129803,-7626.679644,-0.433349,5.180198,0.0,22.590762,-0.415732,0.0,7625.456434,139.308229,1.477549,1.0,0.0,0.0,0.0,7813.071813,48.661279,1021.0,3.0,0.0,135.0,0.140451,34.208567,123.150841,34.208558,-0.025075,4.8e-05,-0.442324,-0.000661,-0.000163,0.031714,0.0,0.0,0.0,0.0,0.0,0.0,-9999.0,-9999.0,-9999.0,-9999.0,-9999.0,-9999.0,-9999.0,-9999.0,-9999.0,-9999.0,-9999.0,-9999.0,-9999.0,-9999.0
P25_AV0_4_interaction,active_and_state_lat_and_long_zero_last_source_row_continuous_segment,P25,AV0,4,off_ramp,P25_AV0_4,P25_AV0.1.asc,HV4,60,driver_number,19793,1,329883.33,329883.3342,4.0,4.0,22.595109,81.342394,170.0,175.50492,-7626.728828,-0.430737,5.117244,0.0,22.582144,-0.410789,0.0,7625.497357,139.682504,1.481141,1.0,0.0,0.0,0.0,7813.640843,48.696751,1021.0,3.0,0.0,135.0,0.144617,34.201435,123.125164,34.201426,-0.02393,4.5e-05,-0.423231,-0.003972,-0.00021,0.031714,0.0,0.0,0.0,0.0,0.0,0.0,-9999.0,-9999.0,-9999.0,-9999.0,-9999.0,-9999.0,-9999.0,-9999.0,-9999.0,-9999.0,-9999.0,-9999.0,-9999.0,-9999.0
P25_AV0_4_interaction,active_and_state_lat_and_long_zero_last_source_row_continuous_segment,P25,AV0,4,off_ramp,P25_AV0_4,P25_AV0.1.asc,HV4,60,driver_number,19794,1,329900.0,329900.0003,4.0,4.0,22.586441,81.311189,170.0,175.879688,-7626.77659,-0.42843,5.046577,0.0,22.573617,-0.405139,0.0,7625.53686,140.056787,1.484654,1.0,0.0,0.0,0.0,7814.209754,48.73222,1021.0,3.0,0.0,135.0,0.148786,34.194394,123.09982,34.194387,-0.022527,4.1e-05,-0.42215,-0.008889,-0.000236,0.032185,0.0,0.0,0.0,0.0,0.0,0.0,-9999.0,-9999.0,-9999.0,-9999.0,-9999.0,-9999.0,-9999.0,-9999.0,-9999.0,-9999.0,-9999.0,-9999.0,-9999.0,-9999.0
P25_AV0_4_interaction,active_and_state_lat_and_long_zero_last_source_row_continuous_segment,P25,AV0,4,off_ramp,P25_AV0_4,P25_AV0.1.asc,HV4,60,driver_number,19795,1,329916.67,329916.6676,4.0,4.0,22.577869,81.280328,170.0,176.254177,-7626.82295,-0.42662,4.977153,0.0,22.565174,-0.398798,0.0,7625.574962,140.431072,1.488089,1.0,0.0,0.0,0.0,7814.810143,48.769655,1021.0,3.0,0.0,135.0,0.153189,34.186971,123.073097,34.186965,-0.020785,3.7e-05,-0.42186,-0.013676,-0.000218,0.032028,0.0,0.0,0.0,0.0,0.0,0.0,-9999.0,-9999.0,-9999.0,-9999.0,-9999.0,-9999.0,-9999.0,-9999.0,-9999.0,-9999.0,-9999.0,-9999.0,-9999.0,-9999.0
P25_AV0_4_interaction,active_and_state_lat_and_long_zero_last_source_row_continuous_segment,P25,AV0,4,off_ramp,P25_AV0_4,P25_AV0.1.asc,HV4,60,driver_number,19796,1,329933.33,329933.3341,4.0,4.0,22.569386,81.249789,170.0,176.62905,-7626.867928,-0.424947,4.902679,0.0,22.556812,-0.391897,0.0,7625.61168,140.805353,1.491448,1.0,0.0,0.0,0.0,7815.347223,48.803143,1021.0,3.0,0.0,135.0,0.157129,34.180333,123.049198,34.180327,-0.019023,3.4e-05,-0.42172,-0.018475,-0.00018,0.031714,0.0,0.0,0.0,0.0,0.0,0.0,-9999.0,-9999.0,-9999.0,-9999.0,-9999.0,-9999.0,-9999.0,-9999.0,-9999.0,-9999.0,-9999.0,-9999.0,-9999.0,-9999.0
P25_AV0_4_interaction,active_and_state_lat_and_long_zero_last_source_row_continuous_segment,P25,AV0,4,off_ramp,P25_AV0_4,P25_AV0.1.asc,HV4,60,driver_number,19797,1,329950.0,329950.0007,4.0,4.0,22.560984,81.219541,170.0,177.003531,-7626.91154,-0.422905,4.808466,0.0,22.548529,-0.38457,0.0,7625.647034,141.179624,1.494732,1.0,0.0,0.0,0.0,7815.947365,48.840562,1021.0,3.0,0.0,135.0,0.161531,34.172915,123.022495,34.172911,-0.016859,3.1e-05,-0.421607,-0.024339,-0.000129,0.031714,0.0,0.0,0.0,0.0,0.0,0.0,-9999.0,-9999.0,-9999.0,-9999.0,-9999.0,-9999.0,-9999.0,-9999.0,-9999.0,-9999.0,-9999.0,-9999.0,-9999.0,-9999.0
P25_AV0_4_interaction,active_and_state_lat_and_long_zero_last_source_row_continuous_segment,P25,AV0,4,off_ramp,P25_AV0_4,P25_AV0.1.asc,HV4,60,driver_number,19798,1,329966.67,329966.6674,4.0,4.0,22.552661,81.189578,170.0,177.377603,-7626.953807,-0.420465,4.707016,0.0,22.540331,-0.377204,0.0,7625.681047,141.55388,1.497942,1.0,0.0,0.0,0.0,7816.484225,48.874033,1021.0,3.0,0.0,135.0,0.165466,34.16628,122.998608,34.166277,-0.014773,2.9e-05,-0.42152,-0.029966,-8.4e-05,0.031714,0.0,0.0,0.0,0.0,0.0,0.0,-9999.0,-9999.0,-9999.0,-9999.0,-9999.0,-9999.0,-9999.0,-9999.0,-9999.0,-9999.0,-9999.0,-9999.0,-9999.0,-9999.0
P25_AV0_4_interaction,active_and_state_lat_and_long_zero_last_source_row_continuous_segment,P25,AV0,4,off_ramp,P25_AV0_4,P25_AV0.1.asc,HV4,60,driver_number,19799,1,329983.33,329983.3335,4.0,4.0,22.544419,81.159908,170.0,177.751252,-7626.994751,-0.417153,4.568571,0.0,22.532225,-0.37,0.0,7625.713747,141.928115,1.501078,1.0,0.0,0.0,0.0,7817.05255,48.909463,1021.0,3.0,0.0,135.0,0.169628,34.159256,122.973322,34.159254,-0.012433,2.8e-05,-0.421432,-0.036254,-4.2e-05,0.031714,0.0,0.0,0.0,0.0,0.0,0.0,-9999.0,-9999.0,-9999.0,-9999.0,-9999.0,-9999.0,-9999.0,-9999.0,-9999.0,-9999.0,-9999.0,-9999.0,-9999.0,-9999.0
P25_AV0_4_interaction,active_and_state_lat_and_long_zero_last_source_row_continuous_segment,P25,AV0,4,off_ramp,P25_AV0_4,P25_AV0.1.asc,HV4,60,driver_number,19800,1,330000.0,330000.0007,4.0,4.0,22.536266,81.130557,170.0,178.124462,-7627.0344,-0.411949,4.389567,0.0,22.52423,-0.363485,0.0,7625.745169,142.302324,1.504135,1.0,0.0,0.0,0.0,7817.62076,48.944879,1021.0,3.0,0.0,135.0,0.173783,34.152233,122.94804,34.152232,-0.009982,2.8e-05,-0.421347,-0.04282,-1e-05,0.0314,0.0,0.0,0.0,0.0,0.0,0.0,-9999.0,-9999.0,-9999.0,-9999.0,-9999.0,-9999.0,-9999.0,-9999.0,-9999.0,-9999.0,-9999.0,-9999.0,-9999.0,-9999.0
P25_AV0_4_interaction,active_and_state_lat_and_long_zero_last_source_row_continuous_segment,P25,AV0,4,off_ramp,P25_AV0_4,P25_AV0.1.asc,HV4,60,driver_number,19801,1,330016.67,330016.6668,4.0,4.0,22.528211,81.101561,170.0,178.497216,-7627.072789,-0.405366,4.172232,0.0,22.516372,-0.357954,0.0,7625.775359,142.6765,1.507103,1.0,0.0,0.0,0.0,7818.188853,48.980279,1021.0,3.0,0.0,135.0,0.177929,34.145212,122.922764,34.145211,-0.007442,2.8e-05,-0.421262,-0.049616,1.3e-05,0.0314,0.0,0.0,0.0,0.0,0.0,0.0,-9999.0,-9999.0,-9999.0,-9999.0,-9999.0,-9999.0,-9999.0,-9999.0,-9999.0,-9999.0,-9999.0,-9999.0,-9999.0,-9999.0
P25_AV0_4_interaction,active_and_state_lat_and_long_zero_last_source_row_continuous_segment,P25,AV0,4,off_ramp,P25_AV0_4,P25_AV0.1.asc,HV4,60,driver_number,19802,1,330033.33,330033.3334,4.0,4.0,22.520283,81.073019,170.0,178.869497,-7627.109964,-0.398884,3.968999,0.0,22.508673,-0.353747,0.0,7625.804372,143.050638,1.509968,1.0,0.0,0.0,0.0,7818.75683,49.015662,1021.0,3.0,0.0,135.0,0.182064,34.138192,122.897493,34.138192,-0.004822,2.8e-05,-0.421175,-0.055716,2.7e-05,0.030772,0.0,0.0,0.0,0.0,0.0,0.0,-9999.0,-9999.0,-9999.0,-9999.0,-9999.0,-9999.0,-9999.0,-9999.0,-9999.0,-9999.0,-9999.0,-9999.0,-9999.0,-9999.0
P25_AV0_4_interaction,active_and_state_lat_and_long_zero_last_source_row_continuous_segment,P25,AV0,4,off_ramp,P25_AV0_4,P25_AV0.1.asc,HV4,60,driver_number,19803,1,330050.01,330050.0063,4.0,4.0,22.512503,81.045011,170.0,179.241288,-7627.14598,-0.392073,3.732065,0.0,22.501131,-0.350155,0.0,7625.832272,143.424733,1.512711,1.0,0.0,0.0,0.0,7819.324691,49.051026,1021.0,3.0,0.0,135.0,0.186186,34.131174,122.872226,34.131174,-0.00214,2.9e-05,-0.421088,-0.061512,3.2e-05,0.030144,0.0,0.0,0.0,0.0,0.0,0.0,-9999.0,-9999.0,-9999.0,-9999.0,-9999.0,-9999.0,-9999.0,-9999.0,-9999.0,-9999.0,-9999.0,-9999.0,-9999.0,-9999.0
P25_AV0_4_interaction,active_and_state_lat_and_long_zero_last_source_row_continuous_segment,P25,AV0,4,off_ramp,P25_AV0_4,P25_AV0.1.asc,HV4,60,driver_number,19804,1,330066.67,330066.6674,4.0,4.0,22.504882,81.017576,170.0,179.61257,-7627.180901,-0.386127,3.50907,0.0,22.493751,-0.347295,0.0,7625.859122,143.79878,1.515314,1.0,0.0,0.0,0.0,7819.892436,49.086368,1021.0,3.0,0.0,135.0,0.190293,34.124157,122.846965,34.124157,0.000585,2.9e-05,-0.420999,-0.067075,3.2e-05,0.029359,0.0,0.0,0.0,0.0,0.0,0.0,-9999.0,-9999.0,-9999.0,-9999.0,-9999.0,-9999.0,-9999.0,-9999.0,-9999.0,-9999.0,-9999.0,-9999.0,-9999.0,-9999.0
P25_AV0_4_interaction,active_and_state_lat_and_long_zero_last_source_row_continuous_segment,P25,AV0,4,off_ramp,P25_AV0_4,P25_AV0.1.asc,HV4,60,driver_number,19805,1,330083.33,330083.3342,4.0,4.0,22.497422,80.99072,170.0,179.983324,-7627.214789,-0.38126,3.32893,0.0,22.486525,-0.344527,0.0,7625.884988,144.172774,1.517761,1.0,0.0,0.0,0.0,7820.460065,49.121687,1021.0,3.0,0.0,135.0,0.194383,34.117141,122.821709,34.117141,0.003332,3e-05,-0.420909,-0.071703,2.7e-05,0.028103,0.0,0.0,0.0,0.0,0.0,0.0,-9999.0,-9999.0,-9999.0,-9999.0,-9999.0,-9999.0,-9999.0,-9999.0,-9999.0,-9999.0,-9999.0,-9999.0,-9999.0,-9999.0
P25_AV0_4_interaction,active_and_state_lat_and_long_zero_last_source_row_continuous_segment,P25,AV0,4,off_ramp,P25_AV0_4,P25_AV0.1.asc,HV4,60,driver_number,19806,1,330100.0,330100.0008,4.0,4.0,22.49012,80.964433,170.0,180.353528,-7627.247711,-0.376802,3.113288,0.0,22.479443,-0.341226,0.0,7625.909932,144.546713,1.520035,1.0,0.0,0.0,0.0,7821.027579,49.156981,1021.0,3.0,0.0,135.0,0.198455,34.110127,122.796457,34.110127,0.00606,3e-05,-0.420824,-0.07894,2.8e-05,0.028103,0.0,0.0,0.0,0.0,0.0,0.0,-9999.0,-9999.0,-9999.0,-9999.0,-9999.0,-9999.0,-9999.0,-9999.0,-9999.0,-9999.0,-9999.0,-9999.0,-9999.0,-9999.0
P25_AV0_4_interaction,active_and_state_lat_and_long_zero_last_source_row_continuous_segment,P25,AV0,4,off_ramp,P25_AV0_4,P25_AV0.1.asc,HV4,60,driver_number,19807,1,330116.67,330116.6674,4.0,4.0,22.482966,80.938677,172.0,0.356998,-7627.279727,-0.37325,2.89128,0.0,22.472495,-0.337089,0.0,7625.934013,144.920591,1.522124,1.0,0.0,0.0,0.0,7821.594977,49.192248,1021.0,3.0,0.0,135.0,0.202505,34.103114,122.771211,34.103113,0.008757,3.1e-05,-0.420736,-0.084771,2.8e-05,0.027475,0.0,0.0,0.0,0.0,0.0,0.0,-9999.0,-9999.0,-9999.0,-9999.0,-9999.0,-9999.0,-9999.0,-9999.0,-9999.0,-9999.0,-9999.0,-9999.0,-9999.0,-9999.0
P25_AV0_4_interaction,active_and_state_lat_and_long_zero_last_source_row_continuous_segment,P25,AV0,4,off_ramp,P25_AV0_4,P25_AV0.1.asc,HV4,60,driver_number,19808,1,330133.33,330133.3341,4.0,4.0,22.475953,80.91343,172.0,0.730643,-7627.310899,-0.37109,2.712477,0.0,22.465673,-0.33221,0.0,7625.957291,145.294405,1.52402,1.0,0.0,0.0,0.0,7822.16226,49.227486,1021.0,3.0,0.0,135.0,0.206534,34.096102,122.745969,34.096101,0.011405,3.1e-05,-0.420649,-0.090814,3e-05,0.027004,0.0,0.0,0.0,0.0,0.0,0.0,-9999.0,-9999.0,-9999.0,-9999.0,-9999.0,-9999.0,-9999.0,-9999.0,-9999.0,-9999.0,-9999.0,-9999.0,-9999.0,-9999.0
P25_AV0_4_interaction,active_and_state_lat_and_long_zero_last_source_row_continuous_segment,P25,AV0,4,off_ramp,P25_AV0_4,P25_AV0.1.asc,HV4,60,driver_number,19809,1,330150.0,330150.0002,4.0,4.0,22.469069,80.888649,172.0,1.104248,-7627.341285,-0.369473,2.51139,0.0,22.458957,-0.326011,0.0,7625.979824,145.668152,1.525713,1.0,0.0,0.0,0.0,7822.729428,49.262693,1021.0,3.0,0.0,135.0,0.210537,34.089092,122.720732,34.089089,0.013994,3.2e-05,-0.420561,-0.096364,3.2e-05,0.026376,0.0,0.0,0.0,0.0,0.0,0.0,-9999.0,-9999.0,-9999.0,-9999.0,-9999.0,-9999.0,-9999.0,-9999.0,-9999.0,-9999.0,-9999.0,-9999.0,-9999.0,-9999.0
P25_AV0_4_interaction,active_and_state_lat_and_long_zero_last_source_row_continuous_segment,P25,AV0,4,off_ramp,P25_AV0_4,P25_AV0.1.asc,HV4,60,driver_number,19810,1,330166.67,330166.6683,4.0,4.0,22.462302,80.864287,172.0,1.477808,-7627.370942,-0.368508,2.317502,0.0,22.452339,-0.318245,0.0,7626.001669,146.041829,1.527201,1.0,0.0,0.0,0.0,7823.32798,49.29982,1021.0,3.0,0.0,135.0,0.214735,34.081694,122.694097,34.08169,0.01663,3.2e-05,-0.420472,-0.103409,3.5e-05,0.026376,0.0,0.0,0.0,0.0,0.0,0.0,-9999.0,-9999.0,-9999.0,-9999.0,-9999.0,-9999.0,-9999.0,-9999.0,-9999.0,-9999.0,-9999.0,-9999.0,-9999.0,-9999.0
P25_AV0_4_interaction,active_and_state_lat_and_long_zero_last_source_row_continuous_segment,P25,AV0,4,off_ramp,P25_AV0_4,P25_AV0.1.asc,HV4,60,driver_number,19811,1,330183.33,330183.3342,4.0,4.0,22.455636,80.840291,172.0,1.851316,-7627.399928,-0.368135,2.163039,0.0,22.445808,-0.309048,0.0,7626.022875,146.415432,1.528484,1.0,0.0,0.0,0.0,7823.863418,49.333007,1021.0,3.0,0.0,135.0,0.218464,34.075075,122.670271,34.07507,0.018905,3.3e-05,-0.42039,-0.108819,3.8e-05,0.026062,0.0,0.0,0.0,0.0,0.0,0.0,-9999.0,-9999.0,-9999.0,-9999.0,-9999.0,-9999.0,-9999.0,-9999.0,-9999.0,-9999.0,-9999.0,-9999.0,-9999.0,-9999.0
P25_AV0_4_interaction,active_and_state_lat_and_long_zero_last_source_row_continuous_segment,P25,AV0,4,off_ramp,P25_AV0_4,P25_AV0.1.asc,HV4,60,driver_number,19812,1,330200.0,330200.0007,4.0,4.0,22.449063,80.816628,172.0,2.224769,-7627.428293,-0.368193,1.98722,0.0,22.439353,-0.297929,0.0,7626.043491,146.788958,1.529567,1.0,0.0,0.0,0.0,7824.461728,49.370059,1021.0,3.0,0.0,135.0,0.222599,34.067679,122.643646,34.067673,0.021339,3.4e-05,-0.420301,-0.115349,4e-05,0.026062,0.0,0.0,0.0,0.0,0.0,0.0,-9999.0,-9999.0,-9999.0,-9999.0,-9999.0,-9999.0,-9999.0,-9999.0,-9999.0,-9999.0,-9999.0,-9999.0,-9999.0,-9999.0
P25_AV0_4_interaction,active_and_state_lat_and_long_zero_last_source_row_continuous_segment,P25,AV0,4,off_ramp,P25_AV0_4,P25_AV0.1.asc,HV4,60,driver_number,19813,1,330216.67,330216.6668,4.0,4.0,22.442572,80.79326,172.0,2.598163,-7627.456085,-0.368521,1.841419,0.0,22.432963,-0.28541,0.0,7626.063562,147.162406,1.530458,1.0,0.0,0.0,0.0,7824.99695,49.403175,1021.0,3.0,0.0,134.0,-0.225092,34.061063,122.619828,34.061055,0.023424,3.4e-05,-0.420219,-0.120274,4.1e-05,0.025748,0.0,0.0,0.0,0.0,0.0,0.0,-9999.0,-9999.0,-9999.0,-9999.0,-9999.0,-9999.0,-9999.0,-9999.0,-9999.0,-9999.0,-9999.0,-9999.0,-9999.0,-9999.0
P25_AV0_4_interaction,active_and_state_lat_and_long_zero_last_source_row_continuous_segment,P25,AV0,4,off_ramp,P25_AV0_4,P25_AV0.1.asc,HV4,60,driver_number,19814,1,330233.33,330233.3336,4.0,4.0,22.436151,80.770142,172.0,2.971493,-7627.483348,-0.369052,1.686618,0.0,22.426626,-0.271407,0.0,7626.083131,147.535772,1.531169,1.0,0.0,0.0,0.0,7825.563544,49.4382,1021.0,3.0,0.0,134.0,-0.169623,34.054059,122.594613,34.05405,0.025525,3.5e-05,-0.420134,-0.125933,4.2e-05,0.025748,0.0,0.0,0.0,0.0,0.0,0.0,-9999.0,-9999.0,-9999.0,-9999.0,-9999.0,-9999.0,-9999.0,-9999.0,-9999.0,-9999.0,-9999.0,-9999.0,-9999.0,-9999.0
P25_AV0_4_interaction,active_and_state_lat_and_long_zero_last_source_row_continuous_segment,P25,AV0,4,off_ramp,P25_AV0_4,P25_AV0.1.asc,HV4,60,driver_number,19815,1,330250.0,330250.0003,4.0,4.0,22.429788,80.747238,172.0,3.344756,-7627.510127,-0.369715,1.54164,0.0,22.420333,-0.256131,0.0,7626.10224,147.909054,1.53171,1.0,0.0,0.0,0.0,7826.130024,49.473184,1021.0,3.0,0.0,134.0,-0.116745,34.047056,122.569403,34.047045,0.027513,3.6e-05,-0.420049,-0.131305,4.3e-05,0.025748,0.0,0.0,0.0,0.0,0.0,0.0,-9999.0,-9999.0,-9999.0,-9999.0,-9999.0,-9999.0,-9999.0,-9999.0,-9999.0,-9999.0,-9999.0,-9999.0,-9999.0,-9999.0
P25_AV0_4_interaction,active_and_state_lat_and_long_zero_last_source_row_continuous_segment,P25,AV0,4,off_ramp,P25_AV0_4,P25_AV0.1.asc,HV4,60,driver_number,19816,1,330266.67,330266.6677,4.0,4.0,22.423475,80.724509,172.0,3.717949,-7627.536461,-0.37046,1.403734,0.0,22.414075,-0.23967,0.0,7626.120927,148.282251,1.532097,1.0,0.0,0.0,0.0,7826.696389,49.508125,1021.0,3.0,0.0,134.0,-0.066582,34.040055,122.544197,34.040042,0.029389,3.6e-05,-0.419964,-0.136388,4.4e-05,0.025748,0.0,0.0,0.0,0.0,0.0,0.0,-9999.0,-9999.0,-9999.0,-9999.0,-9999.0,-9999.0,-9999.0,-9999.0,-9999.0,-9999.0,-9999.0,-9999.0,-9999.0,-9999.0
P25_AV0_4_interaction,active_and_state_lat_and_long_zero_last_source_row_continuous_segment,P25,AV0,4,off_ramp,P25_AV0_4,P25_AV0.1.asc,HV4,60,driver_number,19817,1,330283.35,330283.3495,4.0,4.0,22.4172,80.701921,172.0,4.091068,-7627.562391,-0.371197,1.284944,0.0,22.407841,-0.222375,0.0,7626.139227,148.655361,1.532347,1.0,0.0,0.0,0.0,7827.26264,49.54302,1021.0,3.0,0.0,134.0,-0.019256,34.033054,122.518996,34.03304,0.031161,3.7e-05,-0.419876,-0.140522,4.5e-05,0.025434,0.0,0.0,0.0,0.0,0.0,0.0,-9999.0,-9999.0,-9999.0,-9999.0,-9999.0,-9999.0,-9999.0,-9999.0,-9999.0,-9999.0,-9999.0,-9999.0,-9999.0,-9999.0
P25_AV0_4_interaction,active_and_state_lat_and_long_zero_last_source_row_continuous_segment,P25,AV0,4,off_ramp,P25_AV0_4,P25_AV0.1.asc,HV4,60,driver_number,19818,1,330300.0,330300.0011,4.0,4.0,22.410955,80.679438,172.0,4.46411,-7627.58795,-0.371943,1.160493,0.0,22.401624,-0.204402,0.0,7626.157172,149.028382,1.532478,1.0,0.0,0.0,0.0,7827.860226,49.579805,1021.0,3.0,0.0,134.0,0.027486,34.025667,122.492399,34.025651,0.032916,3.8e-05,-0.419784,-0.144626,4.7e-05,0.02512,0.0,0.0,0.0,0.0,0.0,0.0,-9999.0,-9999.0,-9999.0,-9999.0,-9999.0,-9999.0,-9999.0,-9999.0,-9999.0,-9999.0,-9999.0,-9999.0,-9999.0,-9999.0
P25_AV0_4_interaction,active_and_state_lat_and_long_zero_last_source_row_continuous_segment,P25,AV0,4,off_ramp,P25_AV0_4,P25_AV0.1.asc,HV4,60,driver_number,19819,1,330316.67,330316.6674,4.0,4.0,22.404731,80.657031,172.0,4.837074,-7627.61317,-0.372625,1.053768,0.0,22.395416,-0.186194,0.0,7626.174792,149.401312,1.532509,1.0,0.0,0.0,0.0,7828.3948,49.612673,1021.0,3.0,0.0,134.0,0.066393,34.019057,122.468607,34.01904,0.034378,3.9e-05,-0.419703,-0.1483,4.9e-05,0.024963,0.0,0.0,0.0,0.0,0.0,0.0,-9999.0,-9999.0,-9999.0,-9999.0,-9999.0,-9999.0,-9999.0,-9999.0,-9999.0,-9999.0,-9999.0,-9999.0,-9999.0,-9999.0
P25_AV0_4_interaction,active_and_state_lat_and_long_zero_last_source_row_continuous_segment,P25,AV0,4,off_ramp,P25_AV0_4,P25_AV0.1.asc,HV4,60,driver_number,19820,1,330333.33,330333.3343,4.0,4.0,22.398519,80.634669,172.0,5.209957,-7627.638082,-0.373254,0.957079,0.0,22.389212,-0.16789,0.0,7626.192116,149.77415,1.532457,1.0,0.0,0.0,0.0,7828.96071,49.647428,1021.0,3.0,0.0,134.0,0.104468,34.012061,122.443419,34.012042,0.035816,4e-05,-0.419617,-0.152233,5.5e-05,0.024963,0.0,0.0,0.0,0.0,0.0,0.0,-9999.0,-9999.0,-9999.0,-9999.0,-9999.0,-9999.0,-9999.0,-9999.0,-9999.0,-9999.0,-9999.0,-9999.0,-9999.0,-9999.0
P25_AV0_4_interaction,active_and_state_lat_and_long_zero_last_source_row_continuous_segment,P25,AV0,4,off_ramp,P25_AV0_4,P25_AV0.1.asc,HV4,60,driver_number,19821,1,330350.0,330350.0012,4.0,4.0,22.392314,80.612331,172.0,5.582756,-7627.662715,-0.373823,0.865467,0.0,22.383007,-0.14974,0.0,7626.209169,150.146896,1.532341,1.0,0.0,0.0,0.0,7829.557935,49.68406,1021.0,3.0,0.0,134.0,0.141045,34.004677,122.416837,34.004657,0.037211,4.1e-05,-0.419526,-0.156077,6.2e-05,0.024963,0.0,0.0,0.0,0.0,0.0,0.0,-9999.0,-9999.0,-9999.0,-9999.0,-9999.0,-9999.0,-9999.0,-9999.0,-9999.0,-9999.0,-9999.0,-9999.0,-9999.0,-9999.0
P25_AV0_4_interaction,active_and_state_lat_and_long_zero_last_source_row_continuous_segment,P25,AV0,4,off_ramp,P25_AV0_4,P25_AV0.1.asc,HV4,60,driver_number,19822,1,330366.68,330366.684,4.0,4.0,22.38611,80.589997,172.0,5.95547,-7627.687093,-0.374316,0.782203,0.0,22.376797,-0.132056,0.0,7626.225974,150.519548,1.53218,1.0,0.0,0.0,0.0,7830.092187,49.716788,1021.0,3.0,0.0,134.0,0.170508,33.998072,122.393057,33.99805,0.038353,4.2e-05,-0.419445,-0.159241,6.8e-05,0.024963,0.0,0.0,0.0,0.0,0.0,0.0,-9999.0,-9999.0,-9999.0,-9999.0,-9999.0,-9999.0,-9999.0,-9999.0,-9999.0,-9999.0,-9999.0,-9999.0,-9999.0,-9999.0
P25_AV0_4_interaction,active_and_state_lat_and_long_zero_last_source_row_continuous_segment,P25,AV0,4,off_ramp,P25_AV0_4,P25_AV0.1.asc,HV4,60,driver_number,19823,1,330383.33,330383.3343,4.0,4.0,22.379903,80.567651,172.0,6.328097,-7627.711239,-0.374735,0.691336,0.0,22.37058,-0.1151,0.0,7626.242552,150.892104,1.531988,1.0,0.0,0.0,0.0,7830.657755,49.751391,1021.0,3.0,0.0,134.0,0.198227,33.991079,122.367883,33.991056,0.039463,4.3e-05,-0.419358,-0.161987,7.5e-05,0.024806,0.0,0.0,0.0,0.0,0.0,0.0,-9999.0,-9999.0,-9999.0,-9999.0,-9999.0,-9999.0,-9999.0,-9999.0,-9999.0,-9999.0,-9999.0,-9999.0,-9999.0,-9999.0
P25_AV0_4_interaction,active_and_state_lat_and_long_zero_last_source_row_continuous_segment,P25,AV0,4,off_ramp,P25_AV0_4,P25_AV0.1.asc,HV4,60,driver_number,19824,1,330400.0,330400.0003,4.0,4.0,22.37369,80.545284,172.0,6.700635,-7627.735175,-0.375042,0.60207,0.0,22.364356,-0.099295,0.0,7626.258925,151.264565,1.53178,1.0,0.0,0.0,0.0,7831.254621,49.78786,1021.0,3.0,0.0,134.0,0.223472,33.983699,122.341316,33.983675,0.04052,4.4e-05,-0.419268,-0.164944,8.1e-05,0.024806,0.0,0.0,0.0,0.0,0.0,0.0,-9999.0,-9999.0,-9999.0,-9999.0,-9999.0,-9999.0,-9999.0,-9999.0,-9999.0,-9999.0,-9999.0,-9999.0,-9999.0,-9999.0
P25_AV0_4_interaction,active_and_state_lat_and_long_zero_last_source_row_continuous_segment,P25,AV0,4,off_ramp,P25_AV0_4,P25_AV0.1.asc,HV4,60,driver_number,19825,1,330416.67,330416.6673,4.0,4.0,22.367469,80.522888,172.0,7.073083,-7627.758921,-0.375233,0.515434,0.0,22.358124,-0.08487,0.0,7626.275114,151.636929,1.531567,1.0,0.0,0.0,0.0,7831.819955,49.822355,1021.0,3.0,0.0,134.0,0.243461,33.976709,122.316152,33.976684,0.041419,4.6e-05,-0.419181,-0.167144,8.6e-05,0.024649,0.0,0.0,0.0,0.0,0.0,0.0,-9999.0,-9999.0,-9999.0,-9999.0,-9999.0,-9999.0,-9999.0,-9999.0,-9999.0,-9999.0,-9999.0,-9999.0,-9999.0,-9999.0
P25_AV0_4_interaction,active_and_state_lat_and_long_zero_last_source_row_continuous_segment,P25,AV0,4,off_ramp,P25_AV0_4,P25_AV0.1.asc,HV4,60,driver_number,19826,1,330433.33,330433.3342,4.0,4.0,22.36124,80.500465,172.0,7.445439,-7627.782501,-0.375321,0.440685,0.0,22.351886,-0.07186,0.0,7626.291145,152.009195,1.531356,1.0,0.0,0.0,0.0,7832.385177,49.856796,1021.0,3.0,0.0,134.0,0.259504,33.96972,122.290992,33.969694,0.042222,4.7e-05,-0.419094,-0.169413,9.2e-05,0.024649,0.0,0.0,0.0,0.0,0.0,0.0,-9999.0,-9999.0,-9999.0,-9999.0,-9999.0,-9999.0,-9999.0,-9999.0,-9999.0,-9999.0,-9999.0,-9999.0,-9999.0,-9999.0
P25_AV0_4_interaction,active_and_state_lat_and_long_zero_last_source_row_continuous_segment,P25,AV0,4,off_ramp,P25_AV0_4,P25_AV0.1.asc,HV4,60,driver_number,19827,1,330450.0,330450.0003,4.0,4.0,22.355005,80.478019,172.0,7.817701,-7627.805937,-0.375318,0.373376,0.0,22.345644,-0.060239,0.0,7626.307037,152.381362,1.531152,1.0,0.0,0.0,0.0,7832.950285,49.891183,1021.0,3.0,0.0,134.0,0.271485,33.962733,122.265838,33.962706,0.042931,4.9e-05,-0.419008,-0.171438,9.6e-05,0.024649,0.0,0.0,0.0,0.0,0.0,0.0,-9999.0,-9999.0,-9999.0,-9999.0,-9999.0,-9999.0,-9999.0,-9999.0,-9999.0,-9999.0,-9999.0,-9999.0,-9999.0,-9999.0
P25_AV0_4_interaction,active_and_state_lat_and_long_zero_last_source_row_continuous_segment,P25,AV0,4,off_ramp,P25_AV0_4,P25_AV0.1.asc,HV4,60,driver_number,19828,1,330466.67,330466.6669,4.0,4.0,22.348765,80.455555,172.0,8.189869,-7627.829252,-0.375233,0.321799,0.0,22.3394,-0.04996,0.0,7626.32281,152.75343,1.53096,1.0,0.0,0.0,0.0,7833.515279,49.925515,1021.0,3.0,0.0,134.0,0.279284,33.955747,122.240688,33.955719,0.043549,5e-05,-0.418921,-0.173223,9.9e-05,0.024649,0.0,0.0,0.0,0.0,0.0,0.0,-9999.0,-9999.0,-9999.0,-9999.0,-9999.0,-9999.0,-9999.0,-9999.0,-9999.0,-9999.0,-9999.0,-9999.0,-9999.0,-9999.0
P25_AV0_4_interaction,active_and_state_lat_and_long_zero_last_source_row_continuous_segment,P25,AV0,4,off_ramp,P25_AV0_4,P25_AV0.1.asc,HV4,60,driver_number,19829,1,330483.33,330483.3343,4.0,4.0,22.342522,80.433079,172.0,8.561941,-7627.852464,-0.375085,0.277463,0.0,22.333154,-0.040866,0.0,7626.338479,153.125398,1.530784,1.0,0.0,0.0,0.0,7834.080161,49.959791,1021.0,3.0,0.0,66.0,0.283173,33.948762,122.215543,33.948733,0.044081,5.2e-05,-0.418835,-0.17478,0.000102,0.024649,0.0,0.0,0.0,0.0,0.0,0.0,-9999.0,-9999.0,-9999.0,-9999.0,-9999.0,-9999.0,-9999.0,-9999.0,-9999.0,-9999.0,-9999.0,-9999.0,-9999.0,-9999.0
P25_AV0_4_interaction,active_and_state_lat_and_long_zero_last_source_row_continuous_segment,P25,AV0,4,off_ramp,P25_AV0_4,P25_AV0.1.asc,HV4,60,driver_number,19830,1,330500.0,330500.0006,4.0,4.0,22.336277,80.410597,172.0,8.933916,-7627.875588,-0.374882,0.239225,0.0,22.32691,-0.03291,0.0,7626.354058,153.497265,1.530628,1.0,0.0,0.0,0.0,7834.644929,49.994011,1021.0,3.0,0.0,66.0,0.286322,33.941779,122.190403,33.941749,0.044534,5.4e-05,-0.418747,-0.175792,0.000103,0.024492,0.0,0.0,0.0,0.0,0.0,0.0,-9999.0,-9999.0,-9999.0,-9999.0,-9999.0,-9999.0,-9999.0,-9999.0,-9999.0,-9999.0,-9999.0,-9999.0,-9999.0,-9999.0
P25_AV0_4_interaction,active_and_state_lat_and_long_zero_last_source_row_continuous_segment,P25,AV0,4,off_ramp,P25_AV0_4,P25_AV0.1.asc,HV4,60,driver_number,19831,1,330516.67,330516.6739,4.0,4.0,22.330032,80.388115,172.0,9.305792,-7627.898637,-0.37464,0.212361,0.0,22.320667,-0.026007,0.0,7626.369556,153.869032,1.530492,1.0,0.0,0.0,0.0,7835.209584,50.028175,1021.0,3.0,0.0,66.0,0.289422,33.934797,122.165268,33.934767,0.044912,5.6e-05,-0.41866,-0.176926,0.000104,0.024492,0.0,0.0,0.0,0.0,0.0,0.0,-9999.0,-9999.0,-9999.0,-9999.0,-9999.0,-9999.0,-9999.0,-9999.0,-9999.0,-9999.0,-9999.0,-9999.0,-9999.0,-9999.0
P25_AV0_4_interaction,active_and_state_lat_and_long_zero_last_source_row_continuous_segment,P25,AV0,4,off_ramp,P25_AV0_4,P25_AV0.1.asc,HV4,60,driver_number,19832,1,330533.33,330533.3344,4.0,4.0,22.323788,80.365637,172.0,9.67757,-7627.921623,-0.374365,0.184054,0.0,22.314427,-0.020075,0.0,7626.384984,154.240697,1.530379,1.0,0.0,0.0,0.0,7835.774125,50.062283,1021.0,3.0,0.0,66.0,0.292471,33.927816,122.140138,33.927786,0.045217,5.7e-05,-0.418574,-0.177871,0.000103,0.024492,0.0,0.0,0.0,0.0,0.0,0.0,-9999.0,-9999.0,-9999.0,-9999.0,-9999.0,-9999.0,-9999.0,-9999.0,-9999.0,-9999.0,-9999.0,-9999.0,-9999.0,-9999.0
P25_AV0_4_interaction,active_and_state_lat_and_long_zero_last_source_row_continuous_segment,P25,AV0,4,off_ramp,P25_AV0_4,P25_AV0.1.asc,HV4,60,driver_number,19833,1,330550.0,330550.0006,4.0,4.0,22.317547,80.343168,172.0,10.049248,-7627.944554,-0.374066,0.160725,0.0,22.308191,-0.015091,0.0,7626.400349,154.61226,1.530289,1.0,0.0,0.0,0.0,7836.338554,50.096333,1021.0,3.0,0.0,66.0,0.295469,33.920837,122.115013,33.920807,0.045452,5.9e-05,-0.418487,-0.178628,0.000102,0.024492,0.0,0.0,0.0,0.0,0.0,0.0,-9999.0,-9999.0,-9999.0,-9999.0,-9999.0,-9999.0,-9999.0,-9999.0,-9999.0,-9999.0,-9999.0,-9999.0,-9999.0,-9999.0
P25_AV0_4_interaction,active_and_state_lat_and_long_zero_last_source_row_continuous_segment,P25,AV0,4,off_ramp,P25_AV0_4,P25_AV0.1.asc,HV4,60,driver_number,19834,1,330566.67,330566.6726,4.0,4.0,22.311308,80.32071,172.0,10.420826,-7627.967438,-0.373754,0.142684,0.0,22.301959,-0.010979,0.0,7626.415657,154.983722,1.530221,1.0,0.0,0.0,0.0,7836.90287,50.130327,1021.0,3.0,0.0,66.0,0.298417,33.913859,122.089893,33.913829,0.045623,6.1e-05,-0.4184,-0.17921,0.000101,0.024492,0.0,0.0,0.0,0.0,0.0,0.0,-9999.0,-9999.0,-9999.0,-9999.0,-9999.0,-9999.0,-9999.0,-9999.0,-9999.0,-9999.0,-9999.0,-9999.0,-9999.0,-9999.0
P25_AV0_4_interaction,active_and_state_lat_and_long_zero_last_source_row_continuous_segment,P25,AV0,4,off_ramp,P25_AV0_4,P25_AV0.1.asc,HV4,60,driver_number,19835,1,330583.33,330583.3343,4.0,4.0,22.305074,80.298267,172.0,10.792303,-7627.990281,-0.373436,0.127861,0.0,22.295731,-0.007655,0.0,7626.430915,155.355082,1.530176,1.0,0.0,0.0,0.0,7837.467072,50.164263,1021.0,3.0,0.0,66.0,0.301314,33.906883,122.064779,33.906852,0.045734,6.2e-05,-0.418313,-0.179629,9.9e-05,0.024492,0.0,0.0,0.0,0.0,0.0,0.0,-9999.0,-9999.0,-9999.0,-9999.0,-9999.0,-9999.0,-9999.0,-9999.0,-9999.0,-9999.0,-9999.0,-9999.0,-9999.0,-9999.0
P25_AV0_4_interaction,active_and_state_lat_and_long_zero_last_source_row_continuous_segment,P25,AV0,4,off_ramp,P25_AV0_4,P25_AV0.1.asc,HV4,60,driver_number,19836,1,330600.0,330600.0029,4.0,4.0,22.298844,80.27584,172.0,11.16368,-7628.01309,-0.373118,0.116051,0.0,22.289509,-0.005038,0.0,7626.446127,155.72634,1.530151,1.0,0.0,0.0,0.0,7838.031162,50.198142,1021.0,3.0,0.0,66.0,0.30416,33.899908,122.039669,33.899877,0.04579,6.4e-05,-0.418225,-0.179897,9.5e-05,0.024492,0.0,0.0,0.0,0.0,0.0,0.0,-9999.0,-9999.0,-9999.0,-9999.0,-9999.0,-9999.0,-9999.0,-9999.0,-9999.0,-9999.0,-9999.0,-9999.0,-9999.0,-9999.0
P25_AV0_4_interaction,active_and_state_lat_and_long_zero_last_source_row_continuous_segment,P25,AV0,4,off_ramp,P25_AV0_4,P25_AV0.1.asc,HV4,60,driver_number,19837,1,330616.67,330616.6675,4.0,4.0,22.29262,80.253431,172.0,11.534954,-7628.035869,-0.372811,0.10921,0.0,22.283292,-0.003019,0.0,7626.461298,156.097496,1.530146,1.0,0.0,0.0,0.0,7838.595138,50.231964,1021.0,3.0,0.0,66.0,0.306955,33.892935,122.014565,33.892904,0.045794,6.5e-05,-0.418138,-0.180025,9.1e-05,0.024492,0.0,0.0,0.0,0.0,0.0,0.0,-9999.0,-9999.0,-9999.0,-9999.0,-9999.0,-9999.0,-9999.0,-9999.0,-9999.0,-9999.0,-9999.0,-9999.0,-9999.0,-9999.0
P25_AV0_4_interaction,active_and_state_lat_and_long_zero_last_source_row_continuous_segment,P25,AV0,4,off_ramp,P25_AV0_4,P25_AV0.1.asc,HV4,60,driver_number,19838,1,330633.34,330633.342,4.0,4.0,22.2864,80.23104,172.0,11.906127,-7628.058623,-0.372518,0.104668,0.0,22.27708,-0.001506,0.0,7626.47643,156.46855,1.530159,1.0,0.0,0.0,0.0,7839.159002,50.265728,1021.0,3.0,0.0,66.0,0.309699,33.885963,121.989466,33.885932,0.045751,6.7e-05,-0.418051,-0.180024,8.7e-05,0.024492,0.0,0.0,0.0,0.0,0.0,0.0,-9999.0,-9999.0,-9999.0,-9999.0,-9999.0,-9999.0,-9999.0,-9999.0,-9999.0,-9999.0,-9999.0,-9999.0,-9999.0,-9999.0
P25_AV0_4_interaction,active_and_state_lat_and_long_zero_last_source_row_continuous_segment,P25,AV0,4,off_ramp,P25_AV0_4,P25_AV0.1.asc,HV4,60,driver_number,19839,1,330650.01,330650.0087,4.0,4.0,22.280185,80.208667,172.0,12.277197,-7628.081354,-0.372242,0.102055,0.0,22.270873,-0.000431,0.0,7626.491525,156.839502,1.530189,1.0,0.0,0.0,0.0,7839.722752,50.299436,1021.0,3.0,0.0,66.0,0.312392,33.878992,121.964372,33.878961,0.045666,6.8e-05,-0.417964,-0.179904,8.2e-05,0.024492,0.0,0.0,0.0,0.0,0.0,0.0,-9999.0,-9999.0,-9999.0,-9999.0,-9999.0,-9999.0,-9999.0,-9999.0,-9999.0,-9999.0,-9999.0,-9999.0,-9999.0,-9999.0
P25_AV0_4_interaction,active_and_state_lat_and_long_zero_last_source_row_continuous_segment,P25,AV0,4,off_ramp,P25_AV0_4,P25_AV0.1.asc,HV4,60,driver_number,19840,1,330666.67,330666.6671,4.0,4.0,22.273976,80.186312,172.0,12.648165,-7628.104064,-0.371986,0.101121,0.0,22.26467,0.00027,0.0,7626.506585,157.210352,1.530233,1.0,0.0,0.0,0.0,7840.28639,50.333085,1021.0,3.0,0.0,66.0,0.315034,33.872023,121.939284,33.871993,0.045542,7e-05,-0.417876,-0.179677,7.6e-05,0.024492,0.0,0.0,0.0,0.0,0.0,0.0,-9999.0,-9999.0,-9999.0,-9999.0,-9999.0,-9999.0,-9999.0,-9999.0,-9999.0,-9999.0,-9999.0,-9999.0,-9999.0,-9999.0
P25_AV0_4_interaction,active_and_state_lat_and_long_zero_last_source_row_continuous_segment,P25,AV0,4,off_ramp,P25_AV0_4,P25_AV0.1.asc,HV4,60,driver_number,19841,1,330683.33,330683.3335,4.0,4.0,22.267771,80.163974,172.0,13.01903,-7628.126754,-0.371752,0.101595,0.0,22.258471,0.000657,0.0,7626.521609,157.581099,1.530292,1.0,0.0,0.0,0.0,7840.849914,50.366678,1021.0,3.0,0.0,66.0,0.317625,33.865056,121.9142,33.865025,0.045382,7.1e-05,-0.417789,-0.179352,7e-05,0.024492,0.0,0.0,0.0,0.0,0.0,0.0,-9999.0,-9999.0,-9999.0,-9999.0,-9999.0,-9999.0,-9999.0,-9999.0,-9999.0,-9999.0,-9999.0,-9999.0,-9999.0,-9999.0
P25_AV0_4_interaction,active_and_state_lat_and_long_zero_last_source_row_continuous_segment,P25,AV0,4,off_ramp,P25_AV0_4,P25_AV0.1.asc,HV4,60,driver_number,19842,1,330700.0,330700.0011,4.0,4.0,22.26157,80.141652,172.0,13.389793,-7628.149425,-0.371542,0.104913,0.0,22.252276,0.000786,0.0,7626.536599,157.951745,1.530362,1.0,0.0,0.0,0.0,7841.413326,50.400214,1021.0,3.0,0.0,66.0,0.320165,33.85809,121.889123,33.858059,0.045191,7.2e-05,-0.417701,-0.178938,6.4e-05,0.024492,0.0,0.0,0.0,0.0,0.0,0.0,-9999.0,-9999.0,-9999.0,-9999.0,-9999.0,-9999.0,-9999.0,-9999.0,-9999.0,-9999.0,-9999.0,-9999.0,-9999.0,-9999.0
P25_AV0_4_interaction,active_and_state_lat_and_long_zero_last_source_row_continuous_segment,P25,AV0,4,off_ramp,P25_AV0_4,P25_AV0.1.asc,HV4,60,driver_number,19843,1,330716.67,330716.6673,4.0,4.0,22.255373,80.119343,172.0,13.760452,-7628.172078,-0.371355,0.106577,0.0,22.246085,0.000729,0.0,7626.551554,158.322289,1.530444,1.0,0.0,0.0,0.0,7841.976624,50.433693,1021.0,3.0,0.0,66.0,0.322655,33.851125,121.86405,33.851095,0.044973,7.3e-05,-0.417614,-0.178445,5.7e-05,0.024492,0.0,0.0,0.0,0.0,0.0,0.0,-9999.0,-9999.0,-9999.0,-9999.0,-9999.0,-9999.0,-9999.0,-9999.0,-9999.0,-9999.0,-9999.0,-9999.0,-9999.0,-9999.0
P25_AV0_4_interaction,active_and_state_lat_and_long_zero_last_source_row_continuous_segment,P25,AV0,4,off_ramp,P25_AV0_4,P25_AV0.1.asc,HV4,60,driver_number,19844,1,330733.33,330733.3342,4.0,4.0,22.24918,80.097048,172.0,14.131008,-7628.194711,-0.371189,0.107637,0.0,22.239896,0.000491,0.0,7626.566474,158.692731,1.530535,1.0,0.0,0.0,0.0,7842.53981,50.467115,1021.0,3.0,0.0,66.0,0.325094,33.844162,121.838983,33.844132,0.044731,7.4e-05,-0.417526,-0.177555,5e-05,0.024335,0.0,0.0,0.0,0.0,0.0,0.0,-9999.0,-9999.0,-9999.0,-9999.0,-9999.0,-9999.0,-9999.0,-9999.0,-9999.0,-9999.0,-9999.0,-9999.0,-9999.0,-9999.0
P25_AV0_4_interaction,active_and_state_lat_and_long_zero_last_source_row_continuous_segment,P25,AV0,4,off_ramp,P25_AV0_4,P25_AV0.1.asc,HV4,60,driver_number,19845,1,330750.0,330750.0002,4.0,4.0,22.24299,80.074765,172.0,14.50146,-7628.217326,-0.371047,0.112006,0.0,22.23371,9.6e-05,0.0,7626.581359,159.063071,1.530634,1.0,0.0,0.0,0.0,7843.102883,50.50048,1021.0,3.0,0.0,66.0,0.327483,33.8372,121.813921,33.837171,0.04447,7.5e-05,-0.417438,-0.176931,4.3e-05,0.024335,0.0,0.0,0.0,0.0,0.0,0.0,-9999.0,-9999.0,-9999.0,-9999.0,-9999.0,-9999.0,-9999.0,-9999.0,-9999.0,-9999.0,-9999.0,-9999.0,-9999.0,-9999.0
P25_AV0_4_interaction,active_and_state_lat_and_long_zero_last_source_row_continuous_segment,P25,AV0,4,off_ramp,P25_AV0_4,P25_AV0.1.asc,HV4,60,driver_number,19846,1,330766.67,330766.6676,4.0,4.0,22.236803,80.052491,172.0,14.871808,-7628.23992,-0.370927,0.116364,0.0,22.227527,-0.000379,0.0,7626.596207,159.433309,1.53074,1.0,0.0,0.0,0.0,7843.665843,50.533789,1021.0,3.0,0.0,66.0,0.329822,33.83024,121.788865,33.830211,0.044189,7.5e-05,-0.41735,-0.176257,3.7e-05,0.024492,0.0,0.0,0.0,0.0,0.0,0.0,-9999.0,-9999.0,-9999.0,-9999.0,-9999.0,-9999.0,-9999.0,-9999.0,-9999.0,-9999.0,-9999.0,-9999.0,-9999.0,-9999.0
P25_AV0_4_interaction,active_and_state_lat_and_long_zero_last_source_row_continuous_segment,P25,AV0,4,off_ramp,P25_AV0_4,P25_AV0.1.asc,HV4,60,driver_number,19847,1,330783.33,330783.334,4.0,4.0,22.230618,80.030226,172.0,15.242053,-7628.262495,-0.370826,0.120631,0.0,22.221345,-0.000912,0.0,7626.611019,159.803446,1.530852,1.0,0.0,0.0,0.0,7844.22869,50.567042,1021.0,3.0,0.0,66.0,0.332111,33.823282,121.763814,33.823253,0.04389,7.6e-05,-0.417263,-0.175531,3e-05,0.024492,0.0,0.0,0.0,0.0,0.0,0.0,-9999.0,-9999.0,-9999.0,-9999.0,-9999.0,-9999.0,-9999.0,-9999.0,-9999.0,-9999.0,-9999.0,-9999.0,-9999.0,-9999.0
P25_AV0_4_interaction,active_and_state_lat_and_long_zero_last_source_row_continuous_segment,P25,AV0,4,off_ramp,P25_AV0_4,P25_AV0.1.asc,HV4,60,driver_number,19848,1,330800.0,330800.0009,4.0,4.0,22.224436,80.007968,172.0,15.612194,-7628.285048,-0.370745,0.126538,0.0,22.215165,-0.001486,0.0,7626.625792,160.173481,1.530969,1.0,0.0,0.0,0.0,7844.791425,50.60024,1021.0,3.0,0.0,66.0,0.334351,33.816325,121.738769,33.816297,0.043576,7.6e-05,-0.417176,-0.17476,2.1e-05,0.024335,0.0,0.0,0.0,0.0,0.0,0.0,-9999.0,-9999.0,-9999.0,-9999.0,-9999.0,-9999.0,-9999.0,-9999.0,-9999.0,-9999.0,-9999.0,-9999.0,-9999.0,-9999.0
P25_AV0_4_interaction,active_and_state_lat_and_long_zero_last_source_row_continuous_segment,P25,AV0,4,off_ramp,P25_AV0_4,P25_AV0.1.asc,HV4,60,driver_number,19849,1,330816.67,330816.6674,4.0,4.0,22.218255,79.985717,172.0,15.982231,-7628.307579,-0.370677,0.12812,0.0,22.208986,-0.002059,0.0,7626.640527,160.543415,1.531091,1.0,0.0,0.0,0.0,7845.354046,50.633381,1021.0,3.0,0.0,66.0,0.336541,33.809369,121.713729,33.809341,0.043255,7.6e-05,-0.417086,-0.173301,1e-05,0.024021,0.0,0.0,0.0,0.0,0.0,0.0,-9999.0,-9999.0,-9999.0,-9999.0,-9999.0,-9999.0,-9999.0,-9999.0,-9999.0,-9999.0,-9999.0,-9999.0,-9999.0,-9999.0
P25_AV0_4_interaction,active_and_state_lat_and_long_zero_last_source_row_continuous_segment,P25,AV0,4,off_ramp,P25_AV0_4,P25_AV0.1.asc,HV4,60,driver_number,19850,1,330833.33,330833.3343,4.0,4.0,22.212075,79.96347,172.0,16.352163,-7628.330087,-0.370624,0.132564,0.0,22.202808,-0.002676,0.0,7626.655222,160.913247,1.531215,1.0,0.0,0.0,0.0,7845.916554,50.666468,1021.0,3.0,0.0,66.0,0.338683,33.802415,121.688694,33.802388,0.042931,7.6e-05,-0.416996,-0.171814,-4e-06,0.023707,0.0,0.0,0.0,0.0,0.0,0.0,-9999.0,-9999.0,-9999.0,-9999.0,-9999.0,-9999.0,-9999.0,-9999.0,-9999.0,-9999.0,-9999.0,-9999.0,-9999.0,-9999.0
P25_AV0_4_interaction,active_and_state_lat_and_long_zero_last_source_row_continuous_segment,P25,AV0,4,off_ramp,P25_AV0_4,P25_AV0.1.asc,HV4,60,driver_number,19851,1,330850.0,330850.0016,4.0,4.0,22.205897,79.941227,172.0,16.721991,-7628.352571,-0.370584,0.136698,0.0,22.19663,-0.003277,0.0,7626.669875,161.282978,1.531343,1.0,0.0,0.0,0.0,7846.47895,50.699499,1021.0,3.0,0.0,66.0,0.340775,33.795463,121.663665,33.795436,0.042612,7.6e-05,-0.416903,-0.169005,-1.8e-05,0.022765,0.0,0.0,0.0,0.0,0.0,0.0,-9999.0,-9999.0,-9999.0,-9999.0,-9999.0,-9999.0,-9999.0,-9999.0,-9999.0,-9999.0,-9999.0,-9999.0,-9999.0,-9999.0
P25_AV0_4_interaction,active_and_state_lat_and_long_zero_last_source_row_continuous_segment,P25,AV0,4,off_ramp,P25_AV0_4,P25_AV0.1.asc,HV4,60,driver_number,19852,1,330866.67,330866.6676,4.0,4.0,22.199719,79.918988,172.0,17.091715,-7628.375029,-0.370553,0.140455,0.0,22.190453,-0.003856,0.0,7626.684487,161.652607,1.531472,1.0,0.0,0.0,0.0,7847.041233,50.732476,1021.0,3.0,0.0,66.0,0.34282,33.788512,121.638642,33.788485,0.04229,7.6e-05,-0.416814,-0.168136,-3.1e-05,0.022765,0.0,0.0,0.0,0.0,0.0,0.0,-9999.0,-9999.0,-9999.0,-9999.0,-9999.0,-9999.0,-9999.0,-9999.0,-9999.0,-9999.0,-9999.0,-9999.0,-9999.0,-9999.0
P25_AV0_4_interaction,active_and_state_lat_and_long_zero_last_source_row_continuous_segment,P25,AV0,4,off_ramp,P25_AV0_4,P25_AV0.1.asc,HV4,60,driver_number,19853,1,330883.34,330883.3416,4.0,4.0,22.193542,79.89675,172.0,17.461333,-7628.397462,-0.370531,0.14389,0.0,22.184277,-0.004408,0.0,7626.699056,162.022135,1.531603,1.0,0.0,0.0,0.0,7847.603403,50.7654,1021.0,3.0,0.0,66.0,0.344817,33.781563,121.613626,33.781537,0.042041,7.5e-05,-0.416699,-0.156765,-4.5e-05,0.017741,0.0,0.0,0.0,0.0,0.0,0.0,-9999.0,-9999.0,-9999.0,-9999.0,-9999.0,-9999.0,-9999.0,-9999.0,-9999.0,-9999.0,-9999.0,-9999.0,-9999.0,-9999.0
P25_AV0_4_interaction,active_and_state_lat_and_long_zero_last_source_row_continuous_segment,P25,AV0,4,off_ramp,P25_AV0_4,P25_AV0.1.asc,HV4,60,driver_number,19854,1,330900.0,330900.0002,4.0,4.0,22.187365,79.874515,172.0,17.830847,-7628.419867,-0.370516,0.148743,0.0,22.178101,-0.004928,0.0,7626.713582,162.391562,1.531736,1.0,0.0,0.0,0.0,7848.165459,50.798271,1021.0,3.0,0.0,66.0,0.346768,33.774616,121.588617,33.77459,0.041782,7.4e-05,-0.416608,-0.155931,-5.1e-05,0.017741,0.0,0.0,0.0,0.0,0.0,0.0,-9999.0,-9999.0,-9999.0,-9999.0,-9999.0,-9999.0,-9999.0,-9999.0,-9999.0,-9999.0,-9999.0,-9999.0,-9999.0,-9999.0
P25_AV0_4_interaction,active_and_state_lat_and_long_zero_last_source_row_continuous_segment,P25,AV0,4,off_ramp,P25_AV0_4,P25_AV0.1.asc,HV4,60,driver_number,19855,1,330916.67,330916.6667,4.0,4.0,22.181189,79.85228,172.0,18.200255,-7628.442244,-0.370502,0.149076,0.0,22.171925,-0.005391,0.0,7626.728062,162.760888,1.531869,1.0,0.0,0.0,0.0,7848.727403,50.83109,1021.0,3.0,0.0,66.0,0.348674,33.767671,121.563614,33.767645,0.041594,7.3e-05,-0.416486,-0.138983,-6.4e-05,0.010048,0.0,0.0,0.0,0.0,0.0,0.0,-9999.0,-9999.0,-9999.0,-9999.0,-9999.0,-9999.0,-9999.0,-9999.0,-9999.0,-9999.0,-9999.0,-9999.0,-9999.0,-9999.0
P25_AV0_4_interaction,active_and_state_lat_and_long_zero_last_source_row_continuous_segment,P25,AV0,4,off_ramp,P25_AV0_4,P25_AV0.1.asc,HV4,60,driver_number,19856,1,330933.33,330933.3341,4.0,4.0,22.175013,79.830047,172.0,18.569558,-7628.464593,-0.370492,0.152121,0.0,22.165749,-0.005854,0.0,7626.742497,163.130112,1.532002,1.0,0.0,0.0,0.0,7849.289234,50.863861,1021.0,3.0,0.0,66.0,0.350537,33.760728,121.538619,33.760702,0.041343,7.2e-05,-0.416395,-0.138053,-7.2e-05,0.010048,0.0,0.0,0.0,0.0,0.0,0.0,-9999.0,-9999.0,-9999.0,-9999.0,-9999.0,-9999.0,-9999.0,-9999.0,-9999.0,-9999.0,-9999.0,-9999.0,-9999.0,-9999.0
