window_id,subject_id,condition,scenario_id,scenario_name,event_id,initiator_prefix,sampling_rate_hz,source_row,Messzeitpunkt,TimeMS,JPUMultiDriverDemux.driverNumber,HV4.ID4,HV4.v4,HV4.v_kmh4,HV4.LaneID4,HV4.SLaneInfo4 (Lane position on the current lane [m]),HV4.LateralDistance4 (Abstand zur Idealspur),HV4.ax,HV4.ay,HV4.az,HV4.vx,HV4.vy,HV4.vz,HV4.X,HV4.Y,HV4.yaw,HV4.Active,HV4.IndicatorLeft,HV4.IndicatorRight,HV4.BrakePedal,Ego.Global.X,Ego.Global.Y,Ego.ModuleID,Ego.NodeID,Ego.s,Ego.LaneIdx (Lane ID of Ego),Ego.LateralDistance,Ego.v,Ego.v_kmh,Ego.vx,Ego.vy,Ego.vz,Ego.ax,Ego.ay,Ego.az,Ego.SteeringWheel,Ego.AcceleratorPedal,Ego.Bremspedal,Ego.IndicatorLeft,Ego.IndicatorRight,Ego.StateLatAndLong,Ego.StateLong,Ego.THW,Ego.TTC,Ego.DistanceFront,Ego.TRFIDFront,Ego.DistanceFrontLeft,Ego.TRFIDFrontLeft,Ego.DistanceFrontRight,Ego.TRFIDFrontRight,Ego.DistanceRear,Ego.TRFIDRear,Ego.DistanceRearLeft,Ego.TRFIDRearLeft,Ego.DistanceRearRight,Ego.TRFIDRearRight,time_sec,ego_x_main,ego_y_main,initiator_x_main,initiator_y_main,initiator_y_main_smooth,initiator_v_y_main,initiator_a_y_main,initiator_raw_lane_id
P22_AV0_4_interaction,P22,AV0,4,off_ramp,P22_AV0_4,HV4,60,18334,305566.67,305566.6673,4.0,4.0,28.049905,100.979657,6.0,82.807374,-6981.157274,0.006565,0.035297,0.0,28.050061,-0.004786,0.0,6981.623999,-1.018833,0.054766,1.0,0.0,0.0,0.0,6898.002558,-1.816865,1021.0,2.0,899.735819,7.0,-0.003549,34.6237,124.645321,34.623681,-0.036297,-7.6e-05,0.276128,0.008589,6.1e-05,0.010048,0.0,0.0,0.0,0.0,0.0,0.0,-9999.0,-9999.0,-9999.0,-9999.0,-9999.0,-9999.0,-9999.0,-9999.0,-9999.0,-9999.0,-9999.0,-9999.0,-9999.0,-9999.0,0.0,2.5176772253845554e-13,-0.0035490000000139342,83.53911069533763,-3.7981812907119035,-3.798182448718948,-0.009011583549811812,0.01636419098668328,6.0
P22_AV0_4_interaction,P22,AV0,4,off_ramp,P22_AV0_4,HV4,60,18335,305583.33,305583.3334,4.0,4.0,28.05,100.980001,6.0,83.274874,-6981.624073,0.003735,0.035844,0.0,28.050151,-0.004792,0.0,6982.090803,-0.993315,0.054787,1.0,0.0,0.0,0.0,6898.578732,-1.785256,1021.0,1.0,0.312859,7.0,-0.003633,34.628299,124.661878,34.628281,-0.036198,-7.5e-05,0.275901,0.008562,2.5e-05,0.010048,0.0,0.0,0.0,0.0,0.0,0.0,-9999.0,-9999.0,-9999.0,-9999.0,-9999.0,-9999.0,-9999.0,-9999.0,-9999.0,-9999.0,-9999.0,-9999.0,-9999.0,-9999.0,0.016666100000031294,0.5770403811880658,-0.0036240693231922496,84.00661162554972,-3.7983329169849744,-3.7983326366715477,-0.008738856306408138,0.024544395547952014,6.0
P22_AV0_4_interaction,P22,AV0,4,off_ramp,P22_AV0_4,HV4,60,18336,305600.0,305600.0002,4.0,4.0,28.050116,100.980416,6.0,83.742375,-6982.090874,0.010848,0.036973,0.0,28.050245,-0.004753,0.0,6982.557609,-0.967787,0.054807,1.0,0.0,0.0,0.0,6899.154983,-1.753641,1021.0,1.0,0.889977,7.0,-0.003715,34.632896,124.678426,34.632877,-0.036104,-7.5e-05,0.275758,0.008551,2e-06,0.010519,0.0,0.0,0.0,0.0,0.0,0.0,-9999.0,-9999.0,-9999.0,-9999.0,-9999.0,-9999.0,-9999.0,-9999.0,-9999.0,-9999.0,-9999.0,-9999.0,-9999.0,-9999.0,0.03333290000003763,1.154157975663113,-0.003697375590153163,84.47411510182229,-3.7984746681591215,-3.798473739760498,-0.008193436214924077,0.03271211338224106,6.0
P22_AV0_4_interaction,P22,AV0,4,off_ramp,P22_AV0_4,HV4,60,18337,305616.67,305616.6676,4.0,4.0,28.050182,100.980655,6.0,84.209878,-6982.557676,0.011503,0.034909,0.0,28.050432,-0.004669,0.0,6983.024415,-0.942249,0.054826,1.0,0.0,0.0,0.0,6899.731311,-1.72202,1021.0,1.0,1.467171,7.0,-0.003794,34.63749,124.694965,34.637472,-0.036015,-7.5e-05,0.275611,0.008551,3e-06,0.010362,0.0,0.0,0.0,0.0,0.0,0.0,-9999.0,-9999.0,-9999.0,-9999.0,-9999.0,-9999.0,-9999.0,-9999.0,-9999.0,-9999.0,-9999.0,-9999.0,-9999.0,-9999.0,0.05000030000001425,1.7313527834235778,-0.0037689188007967865,84.9416191271709,-3.798606434418871,-3.7986057579857997,-0.007648424191899039,0.032697315919737735,6.0
P22_AV0_4_interaction,P22,AV0,4,off_ramp,P22_AV0_4,HV4,60,18338,305633.33,305633.334,4.0,4.0,28.050336,100.981209,6.0,84.677383,-6983.024479,-0.001253,0.032382,0.0,28.050493,-0.004572,0.0,6983.491225,-0.916702,0.054843,1.0,0.0,0.0,0.0,6900.307714,-1.690392,1021.0,1.0,2.044442,7.0,-0.003871,34.642082,124.711496,34.642063,-0.035929,-7.5e-05,0.275461,0.00855,2.9e-05,0.010833,0.0,0.0,0.0,0.0,0.0,0.0,-9999.0,-9999.0,-9999.0,-9999.0,-9999.0,-9999.0,-9999.0,-9999.0,-9999.0,-9999.0,-9999.0,-9999.0,-9999.0,-9999.0,0.06666670000000158,2.3086228623963314,-0.0038375906484147413,85.4091276406549,-3.7987294338865043,-3.798728691347452,-0.007103510421586634,0.033075256527320546,6.0
P22_AV0_4_interaction,P22,AV0,4,off_ramp,P22_AV0_4,HV4,60,18339,305650.0,305650.0007,4.0,4.0,28.050528,100.9819,6.0,85.144891,-6983.491285,0.004424,0.033641,0.0,28.050522,-0.004481,0.0,6983.958034,-0.891145,0.054859,1.0,0.0,0.0,0.0,6900.884194,-1.658757,1021.0,1.0,2.621789,7.0,-0.003946,34.646651,124.727944,34.646633,-0.035847,-7.4e-05,0.270994,0.008545,6.7e-05,0.010833,0.353535,0.0,0.0,0.0,0.0,1.0,-9999.0,-9999.0,-9999.0,-9999.0,-9999.0,-9999.0,-9999.0,-9999.0,-9999.0,-9999.0,-9999.0,-9999.0,-9999.0,-9999.0,0.08333340000000317,2.885970209564011,-0.0039035009483808733,85.87663570472499,-3.7988423935321283,-3.7988425398454666,-0.006545923130602205,0.033316620588724866,6.0
P22_AV0_4_interaction,P22,AV0,4,off_ramp,P22_AV0_4,HV4,60,18340,305666.67,305666.6674,4.0,4.0,28.050482,100.981736,6.0,85.612399,-6983.958091,0.011196,0.032409,0.0,28.050627,-0.004357,0.0,6984.424843,-0.865579,0.054875,1.0,0.0,0.0,0.0,6901.46075,-1.627115,1021.0,1.0,3.199213,7.0,-0.004018,34.651056,124.743802,34.651038,-0.035767,-7.2e-05,0.261026,0.00854,9.5e-05,0.01099,0.353535,0.0,0.0,0.0,0.0,1.0,-9999.0,-9999.0,-9999.0,-9999.0,78.217197,4.0,-9999.0,-9999.0,-9999.0,-9999.0,-9999.0,-9999.0,-9999.0,-9999.0,0.10000010000000475,3.4633938264339363,-0.003966594792933196,86.3441442629634,-3.7989463667547896,-3.7989468892215332,-0.005992954180854326,0.03250609536664731,6.0
P22_AV0_4_interaction,P22,AV0,4,off_ramp,P22_AV0_4,HV4,60,18341,305683.33,305683.3343,4.0,4.0,28.050559,100.982014,6.0,86.079908,-6984.424897,0.007777,0.032187,0.0,28.050818,-0.004211,0.0,6984.891655,-0.840005,0.054889,1.0,0.0,0.0,0.0,6902.037379,-1.595468,1021.0,1.0,3.776709,7.0,-0.004088,34.65537,124.759333,34.655352,-0.035688,-7.1e-05,0.257938,0.008538,8.8e-05,0.01099,0.353535,0.0,0.0,0.0,0.0,1.0,-9999.0,-9999.0,-9999.0,-9999.0,78.107328,4.0,-9999.0,-9999.0,-9999.0,-9999.0,-9999.0,-9999.0,-9999.0,-9999.0,0.11666700000001583,4.04089060771722,-0.004028704441906535,86.81165625593867,-3.799042516769108,-3.7990423064757506,-0.005462378218879849,0.031669582007977704,6.0
P22_AV0_4_interaction,P22,AV0,4,off_ramp,P22_AV0_4,HV4,60,18342,305700.0,305700.0022,4.0,4.0,28.05072,100.982593,6.0,86.547419,-6984.891705,0.003655,0.031461,0.0,28.05092,-0.004048,0.0,6985.358468,-0.814421,0.054902,1.0,0.0,0.0,0.0,6902.61408,-1.563813,1021.0,1.0,4.354278,7.0,-0.004155,34.659659,124.774773,34.659641,-0.035611,-7e-05,0.257084,0.008547,5.1e-05,0.01099,0.353535,0.0,0.0,0.0,0.0,1.0,-9999.0,-9999.0,-9999.0,-9999.0,77.997388,4.0,-9999.0,-9999.0,-9999.0,-9999.0,-9999.0,-9999.0,-9999.0,-9999.0,0.13333490000001622,4.618459719645166,-0.0040867795132849055,87.27916979648172,-3.79912873677674,-3.7991289759818145,-0.004937255327604362,0.03135544717769301,6.0
P22_AV0_4_interaction,P22,AV0,4,off_ramp,P22_AV0_4,HV4,60,18343,305716.67,305716.6668,4.0,4.0,28.050883,100.98318,6.0,87.014933,-6985.358516,0.00375,0.031727,0.0,28.050981,-0.003864,0.0,6985.825283,-0.788829,0.054914,1.0,0.0,0.0,0.0,6903.190852,-1.532153,1021.0,1.0,4.931919,7.0,-0.00422,34.66394,124.790185,34.663922,-0.035535,-6.9e-05,0.256777,0.008566,7e-06,0.01099,0.353535,0.0,0.0,0.0,0.0,1.0,-9999.0,-9999.0,-9999.0,-9999.0,77.887381,4.0,-9999.0,-9999.0,-9999.0,-9999.0,-9999.0,-9999.0,-9999.0,-9999.0,0.14999950000003445,5.196099999002924,-0.00414376057366161,87.74668577326898,-3.799207078668268,-3.7992068792714866,-0.004417221788600045,0.031084401658105887,6.0
P22_AV0_4_interaction,P22,AV0,4,off_ramp,P22_AV0_4,HV4,60,18344,305733.33,305733.3335,4.0,4.0,28.050951,100.983422,6.0,87.482449,-6985.825327,0.003984,0.030278,0.0,28.051044,-0.003682,0.0,6986.292098,-0.763228,0.054926,1.0,0.0,0.0,0.0,6903.767691,-1.500486,1021.0,1.0,5.509626,7.0,-0.004283,34.664916,124.793699,34.664898,-0.035459,-7.5e-05,-0.114177,0.008838,-0.000616,0.01099,0.353535,0.0,0.0,0.0,0.0,1.0,-9999.0,-9999.0,-9999.0,-9999.0,77.777308,4.0,-9999.0,-9999.0,-9999.0,-9999.0,-9999.0,-9999.0,-9999.0,-9999.0,0.16666620000003604,5.773807561641514,-0.004197431009470035,88.21420224422546,-3.7992764341368828,-3.7992762066446177,-0.0039011723208659532,0.031012479255715902,6.0
P22_AV0_4_interaction,P22,AV0,4,off_ramp,P22_AV0_4,HV4,60,18345,305750.0,305750.0038,4.0,4.0,28.051012,100.983643,6.0,87.949965,-6986.29214,0.011079,0.029164,0.0,28.051144,-0.003514,0.0,6986.758914,-0.737618,0.054938,1.0,0.0,0.0,0.0,6904.344542,-1.468817,1021.0,1.0,6.087346,7.0,-0.004343,34.660603,124.778169,34.660585,-0.03538,-0.000102,-0.32606,0.009507,-0.002592,0.01099,0.353535,0.0,0.0,0.0,0.0,1.0,-9999.0,-9999.0,-9999.0,-9999.0,77.667224,4.0,-9999.0,-9999.0,-9999.0,-9999.0,-9999.0,-9999.0,-9999.0,-9999.0,0.183336500000034,6.351527215992222,-0.004249763354698065,88.68172020784296,-3.7993368580902964,-3.7993369307920215,-0.003383358410687265,0.030625127344239528,6.0
P22_AV0_4_interaction,P22,AV0,4,off_ramp,P22_AV0_4,HV4,60,18346,305766.67,305766.6674,4.0,4.0,28.051077,100.983879,6.0,88.417483,-6986.758953,0.015462,0.03071,0.0,28.051333,-0.003328,0.0,6987.225731,-0.712,0.05495,1.0,0.0,0.0,0.0,6904.921332,-1.437148,1021.0,1.0,6.665005,7.0,-0.004401,34.654387,124.755791,34.654369,-0.035288,-0.000178,-0.394605,0.010959,-0.006007,0.01099,0.353535,0.0,0.0,0.0,0.0,1.0,-9999.0,-9999.0,-9999.0,-9999.0,77.557201,4.0,-9999.0,-9999.0,-9999.0,-9999.0,-9999.0,-9999.0,-9999.0,-9999.0,0.20000010000000476,6.929185962365678,-0.00429874633067019,89.14923960921377,-3.7993893490199437,-3.7993889906494163,-0.0028803115347244557,0.029649636445150312,6.0
P22_AV0_4_interaction,P22,AV0,4,off_ramp,P22_AV0_4,HV4,60,18347,305783.33,305783.3342,4.0,4.0,28.051236,100.984449,6.0,88.885003,-6987.225767,0.003968,0.028998,0.0,28.051583,-0.003153,0.0,6987.692552,-0.686373,0.054962,1.0,0.0,0.0,0.0,6905.498025,-1.405482,1021.0,1.0,7.242566,7.0,-0.004456,34.647558,124.731209,34.64754,-0.035167,-0.00032,-0.416666,0.013323,-0.010248,0.01099,0.353535,0.0,0.0,0.0,0.0,1.0,-9999.0,-9999.0,-9999.0,-9999.0,77.447278,4.0,-9999.0,-9999.0,-9999.0,-9999.0,-9999.0,-9999.0,-9999.0,-9999.0,0.21666690000001107,7.50674769034679,-0.004345398734723834,89.61676349871908,-3.799433073157425,-3.799432931166778,-0.002395127616324544,0.02869712438114977,6.0
P22_AV0_4_interaction,P22,AV0,4,off_ramp,P22_AV0_4,HV4,60,18348,305800.0,305800.0002,4.0,4.0,28.051462,100.985264,6.0,89.352526,-6987.692585,0.014104,0.02453,0.0,28.051622,-0.003009,0.0,6988.159375,-0.660738,0.054973,1.0,0.0,0.0,0.0,6906.074606,-1.373819,1021.0,1.0,7.820016,7.0,-0.004507,34.640533,124.705918,34.640515,-0.035,-0.000527,-0.42375,0.016433,-0.01366,0.01099,0.353535,0.0,0.0,0.0,0.0,1.0,-9999.0,-9999.0,-9999.0,-9999.0,77.337471,4.0,-9999.0,-9999.0,-9999.0,-9999.0,-9999.0,-9999.0,-9999.0,-9999.0,0.23333290000003762,8.084197422564413,-0.004388896951485837,90.08428982446858,-3.799468919178801,-3.799468827345267,-0.0019237553652828865,0.027735727750764314,6.0
P22_AV0_4_interaction,P22,AV0,4,off_ramp,P22_AV0_4,HV4,60,18349,305816.67,305816.6667,4.0,4.0,28.051616,100.985816,6.0,89.820053,-6988.159406,0.018475,0.025433,0.0,28.051941,-0.002929,0.0,6988.626199,-0.635095,0.054985,1.0,0.0,0.0,0.0,6906.651075,-1.342157,1021.0,1.0,8.397354,7.0,-0.004555,34.636583,124.691698,34.636565,-0.034775,-0.000755,-0.070448,0.019777,-0.014091,0.01099,0.363636,0.0,0.0,0.0,0.0,1.0,-9999.0,-9999.0,-9999.0,-9999.0,77.227778,4.0,-9999.0,-9999.0,-9999.0,-9999.0,-9999.0,-9999.0,-9999.0,-9999.0,0.2499994000000297,8.661535268833028,-0.004427243998036637,90.5518175879714,-3.799496832176411,-3.799497054512386,-0.0014706270188185044,0.026846218961093606,6.0
P22_AV0_4_interaction,P22,AV0,4,off_ramp,P22_AV0_4,HV4,60,18350,305833.33,305833.3341,4.0,4.0,28.05174,100.986263,6.0,90.287581,-6988.626228,0.006371,0.025791,0.0,28.052195,-0.00283,0.0,6989.093029,-0.609444,0.054997,1.0,0.0,0.0,0.0,6907.227482,-1.310495,1021.0,1.0,8.97463,7.0,-0.004598,34.637804,124.696093,34.637786,-0.034485,-0.000966,0.140343,0.022911,-0.011412,0.01099,0.363636,0.0,0.0,0.0,0.0,1.0,-9999.0,-9999.0,-9999.0,-9999.0,77.118149,4.0,-9999.0,-9999.0,-9999.0,-9999.0,-9999.0,-9999.0,-9999.0,-9999.0,0.2666668000000063,9.238811208633525,-0.00446218676766981,91.01935178168367,-3.7995170866886623,-3.7995178486778034,-0.0010288668022297998,0.026149698264790504,6.0
P22_AV0_4_interaction,P22,AV0,4,off_ramp,P22_AV0_4,HV4,60,18351,305850.0,305850.0002,4.0,4.0,28.052095,100.987541,6.0,90.755114,-6989.093055,-0.000775,0.025677,0.0,28.05224,-0.002726,0.0,6989.559861,-0.583787,0.055009,1.0,0.0,0.0,0.0,6907.803899,-1.278825,1021.0,1.0,9.551916,7.0,-0.004634,34.640916,124.707299,34.6409,-0.034124,-0.001113,0.208044,0.025149,-0.00682,0.01099,0.353535,0.0,0.0,0.0,0.0,1.0,-9999.0,-9999.0,-9999.0,-9999.0,77.008516,4.0,-9999.0,-9999.0,-9999.0,-9999.0,-9999.0,-9999.0,-9999.0,-9999.0,0.28333290000003764,9.816097572608752,-0.004489690682691009,91.48688830182564,-3.7995314600677284,-3.799531350812609,-0.0005989651293987208,0.02544573979954258,6.0
P22_AV0_4_interaction,P22,AV0,4,off_ramp,P22_AV0_4,HV4,60,18352,305866.67,305866.6674,4.0,4.0,28.052248,100.988094,6.0,91.222652,-6989.559885,0.002941,0.025351,0.0,28.05225,-0.002629,0.0,6990.026693,-0.558122,0.05502,1.0,0.0,0.0,0.0,6908.380361,-1.247146,1021.0,1.0,10.129248,7.0,-0.004663,34.644624,124.720648,34.644608,-0.0337,-0.001171,0.229083,0.026113,-0.001152,0.01099,0.353535,0.0,0.0,0.0,0.0,1.0,-9999.0,-9999.0,-9999.0,-9999.0,76.89884,4.0,-9999.0,-9999.0,-9999.0,-9999.0,-9999.0,-9999.0,-9999.0,-9999.0,0.30000010000000477,10.39342936286937,-0.004510679021069922,91.95442526122918,-3.7995378455153164,-3.7995378136975164,-0.00018067709211777583,0.025035174616858634,6.0
P22_AV0_4_interaction,P22,AV0,4,off_ramp,P22_AV0_4,HV4,60,18353,305883.34,305883.3382,4.0,4.0,28.052234,100.988041,6.0,91.690189,-6990.026716,0.003463,0.024983,0.0,28.052302,-0.002541,0.0,6990.493526,-0.53245,0.055032,1.0,0.0,0.0,0.0,6908.956882,-1.215455,1021.0,1.0,10.70664,7.0,-0.004685,34.648568,124.734845,34.648552,-0.033224,-0.001138,0.243189,0.025788,0.004072,0.01099,0.353535,0.0,0.0,0.0,0.0,1.0,-9999.0,-9999.0,-9999.0,-9999.0,76.789106,4.0,-9999.0,-9999.0,-9999.0,-9999.0,-9999.0,-9999.0,-9999.0,-9999.0,0.31667090000002646,10.97082072301601,-0.004522925016064682,92.42196360347832,-3.7995372964305725,-3.799537372734343,0.00023565708053752132,0.025137553715785386,6.0
P22_AV0_4_interaction,P22,AV0,4,off_ramp,P22_AV0_4,HV4,60,18354,305900.0,305900.0008,4.0,4.0,28.052274,100.988188,6.0,92.157727,-6990.493546,0.007458,0.024641,0.0,28.05236,-0.002463,0.0,6990.960359,-0.506771,0.055044,1.0,0.0,0.0,0.0,6909.533468,-1.183753,1021.0,1.0,11.284097,7.0,-0.004698,34.652792,124.750049,34.652776,-0.032711,-0.001028,0.2596,0.024363,0.008009,0.01099,0.353535,0.0,0.0,0.0,0.0,1.0,-9999.0,-9999.0,-9999.0,-9999.0,76.679307,4.0,-9999.0,-9999.0,-9999.0,-9999.0,-9999.0,-9999.0,-9999.0,-9999.0,0.33333350000000794,11.548277589089798,-0.004527756605279795,92.8895023300804,-3.799529757905736,-3.79952996187592,0.0006572403569435892,0.025527656501993547,6.0
P22_AV0_4_interaction,P22,AV0,4,off_ramp,P22_AV0_4,HV4,60,18355,305916.67,305916.6673,4.0,4.0,28.052331,100.988391,6.0,92.625265,-6990.960377,0.00733,0.02435,0.0,28.052511,-0.002396,0.0,6991.427192,-0.481085,0.055057,1.0,0.0,0.0,0.0,6910.110123,-1.15204,1021.0,1.0,11.861623,7.0,-0.004704,34.657221,124.765997,34.657207,-0.032179,-0.00087,0.269154,0.022057,0.010178,0.01099,0.353535,0.0,0.0,0.0,0.0,1.0,-9999.0,-9999.0,-9999.0,-9999.0,76.56944,4.0,-9999.0,-9999.0,-9999.0,-9999.0,-9999.0,-9999.0,-9999.0,-9999.0,0.35,12.125803955058734,-0.004525393419610839,93.35704144103724,-3.7995152299409063,-3.799515465847221,0.0010864726636583555,0.025745237726858897,6.0
P22_AV0_4_interaction,P22,AV0,4,off_ramp,P22_AV0_4,HV4,60,18356,305933.33,305933.3336,4.0,4.0,28.052422,100.98872,6.0,93.092805,-6991.427209,-0.012161,0.026504,0.0,28.052606,-0.00231,0.0,6991.894028,-0.455392,0.055069,1.0,0.0,0.0,0.0,6910.686852,-1.120316,1021.0,1.0,12.439223,7.0,-0.004702,34.661756,124.782321,34.661741,-0.031642,-0.000692,0.273596,0.019158,0.010823,0.01099,0.353535,0.0,0.0,0.0,0.0,1.0,-9999.0,-9999.0,-9999.0,-9999.0,76.459501,4.0,-9999.0,-9999.0,-9999.0,-9999.0,-9999.0,-9999.0,-9999.0,-9999.0,0.3666663000000408,12.703404813377144,-0.004516109997366314,93.82458393182145,-3.799493877259068,-3.799493746786597,0.001515401220629542,0.02558027634721511,6.0
P22_AV0_4_interaction,P22,AV0,4,off_ramp,P22_AV0_4,HV4,60,18357,305950.0,305950.0005,4.0,4.0,28.052572,100.989258,6.0,93.560347,-6991.894043,0.011962,0.025289,0.0,28.052461,-0.002237,0.0,6992.360864,-0.429692,0.055082,1.0,0.0,0.0,0.0,6911.263654,-1.08858,1021.0,1.0,13.016898,7.0,-0.004695,34.666336,124.798811,34.666322,-0.031114,-0.000515,0.275485,0.015955,0.010413,0.01099,0.353535,0.0,0.0,0.0,0.0,1.0,-9999.0,-9999.0,-9999.0,-9999.0,76.34949,4.0,-9999.0,-9999.0,-9999.0,-9999.0,-9999.0,-9999.0,-9999.0,-9999.0,0.3833332000000519,13.281079220463669,-0.004498852939549504,94.2921268069604,-3.7994655351372364,-3.799464952420574,0.0019391449439893904,0.025348856970320417,6.0
P22_AV0_4_interaction,P22,AV0,4,off_ramp,P22_AV0_4,HV4,60,18358,305966.67,305966.6674,4.0,4.0,28.052505,100.989017,6.0,94.02789,-6992.360877,0.01188,0.02468,0.0,28.052716,-0.002195,0.0,6992.827699,-0.403984,0.055095,1.0,0.0,0.0,0.0,6911.840533,-1.056836,1021.0,1.0,13.59465,7.0,-0.004681,34.670901,124.815244,34.670888,-0.030607,-0.00035,0.272595,0.01267,0.009492,0.01099,0.353535,0.0,0.0,0.0,0.0,1.0,-9999.0,-9999.0,-9999.0,-9999.0,76.239403,4.0,-9999.0,-9999.0,-9999.0,-9999.0,-9999.0,-9999.0,-9999.0,-9999.0,0.40000010000000474,13.858830950650997,-0.004477835842545881,94.75966912286913,-3.799429150176215,-3.799429107716863,0.0023603749491059034,0.025404399260089014,6.0
P22_AV0_4_interaction,P22,AV0,4,off_ramp,P22_AV0_4,HV4,60,18359,305983.33,305983.3334,4.0,4.0,28.052561,100.98922,6.0,94.495432,-6992.82771,0.002756,0.0245,0.0,28.052891,-0.00217,0.0,6993.294537,-0.378269,0.055109,1.0,0.0,0.0,0.0,6912.417487,-1.025083,1021.0,1.0,14.172477,7.0,-0.004664,34.675409,124.831472,34.675396,-0.030129,-0.000203,0.268327,0.009463,0.008377,0.01099,0.353535,0.0,0.0,0.0,0.0,1.0,-9999.0,-9999.0,-9999.0,-9999.0,76.12924,4.0,-9999.0,-9999.0,-9999.0,-9999.0,-9999.0,-9999.0,-9999.0,-9999.0,0.4166661000000313,14.436658061866,-0.00445195039964729,95.2272148186052,-3.7993859404981856,-3.799386274655924,0.0027859470083768656,0.025619340960571904,6.0
P22_AV0_4_interaction,P22,AV0,4,off_ramp,P22_AV0_4,HV4,60,18360,306000.0,306000.0005,4.0,4.0,28.052815,100.990133,6.0,94.962978,-6993.294547,0.02207,0.024497,0.0,28.05292,-0.002156,0.0,6993.761377,-0.352547,0.055123,1.0,0.0,0.0,0.0,6912.994516,-0.993322,1021.0,1.0,14.75038,7.0,-0.004643,34.679825,124.847371,34.679813,-0.029685,-7.5e-05,0.263037,0.006451,0.007232,0.01099,0.353535,0.0,0.0,0.0,0.0,1.0,-9999.0,-9999.0,-9999.0,-9999.0,76.019006,4.0,-9999.0,-9999.0,-9999.0,-9999.0,-9999.0,-9999.0,-9999.0,-9999.0,0.4333332000000519,15.014560499200078,-0.004422195102238772,95.69476289567869,-3.799335851195536,-3.7993362429917292,0.0032143471880772267,0.025550031574185256,6.0
P22_AV0_4_interaction,P22,AV0,4,off_ramp,P22_AV0_4,HV4,60,18361,306016.67,306016.6682,4.0,4.0,28.052914,100.99049,6.0,95.430526,-6993.761386,0.026007,0.025758,0.0,28.053423,-0.002135,0.0,6994.228219,-0.326818,0.055137,1.0,0.0,0.0,0.0,6913.571619,-0.961554,1021.0,1.0,15.328356,7.0,-0.004619,34.684084,124.862701,34.684071,-0.029279,3.5e-05,0.249595,0.00371,0.006141,0.01099,0.343434,0.0,0.0,0.0,0.0,1.0,-9999.0,-9999.0,-9999.0,-9999.0,75.908701,4.0,-9999.0,-9999.0,-9999.0,-9999.0,-9999.0,-9999.0,-9999.0,-9999.0,0.4500009000000427,15.59253720925467,-0.004389513534093364,96.16231335408865,-3.7992788822682164,-3.799279124780244,0.003637652016919901,0.025341650105442162,6.0
P22_AV0_4_interaction,P22,AV0,4,off_ramp,P22_AV0_4,HV4,60,18362,306033.33,306033.3341,4.0,4.0,28.053104,100.991175,6.0,95.898076,-6994.228227,0.005727,0.025339,0.0,28.053749,-0.002122,0.0,6994.695069,-0.301082,0.055152,1.0,0.0,0.0,0.0,6914.148792,-0.929782,1021.0,1.0,15.906403,7.0,-0.004594,34.68816,124.877375,34.688148,-0.028914,0.000127,0.242153,0.00128,0.00513,0.01099,0.343434,0.0,0.0,0.0,0.0,1.0,-9999.0,-9999.0,-9999.0,-9999.0,75.798327,4.0,-9999.0,-9999.0,-9999.0,-9999.0,-9999.0,-9999.0,-9999.0,-9999.0,0.4666668000000063,16.170584033339612,-0.004356681538669025,96.62987218478483,-3.799215363162446,-3.7992149877131967,0.004059075814254243,0.025428196581098322,6.0
P22_AV0_4_interaction,P22,AV0,4,off_ramp,P22_AV0_4,HV4,60,18363,306050.0,306050.0002,4.0,4.0,28.05364,100.993104,6.0,96.365635,-6994.695075,0.002392,0.025202,0.0,28.053782,-0.002125,0.0,6995.161923,-0.275338,0.055167,1.0,0.0,0.0,0.0,6914.726033,-0.898005,1021.0,1.0,16.484518,7.0,-0.004568,34.692163,124.891785,34.692151,-0.028589,0.000203,0.239141,-0.000821,0.004205,0.01099,0.343434,0.0,0.0,0.0,0.0,1.0,-9999.0,-9999.0,-9999.0,-9999.0,75.687894,4.0,-9999.0,-9999.0,-9999.0,-9999.0,-9999.0,-9999.0,-9999.0,-9999.0,0.48333290000003765,16.74869902938086,-0.0043225908092078885,97.09743544870693,-3.799144075755894,-3.7991438275809326,0.004485224722003522,0.025876118183380897,6.0
P22_AV0_4_interaction,P22,AV0,4,off_ramp,P22_AV0_4,HV4,60,18364,306066.67,306066.6675,4.0,4.0,28.053797,100.993669,6.0,96.833198,-6995.161928,-0.005407,0.026464,0.0,28.053871,-0.002125,0.0,6995.628776,-0.249586,0.055183,1.0,0.0,0.0,0.0,6915.303341,-0.866224,1021.0,1.0,17.0627,7.0,-0.004542,34.696132,124.906077,34.696121,-0.028305,0.000265,0.237691,-0.002602,0.003378,0.01099,0.343434,0.0,0.0,0.0,0.0,1.0,-9999.0,-9999.0,-9999.0,-9999.0,75.577397,4.0,-9999.0,-9999.0,-9999.0,-9999.0,-9999.0,-9999.0,-9999.0,-9999.0,0.5000002000000096,17.32688114397895,-0.004288184929433052,97.5649981533997,-3.7990647455102025,-3.7990654794062975,0.004921615547289093,0.026439969903254007,6.0
P22_AV0_4_interaction,P22,AV0,4,off_ramp,P22_AV0_4,HV4,60,18365,306083.33,306083.3342,4.0,4.0,28.053802,100.993686,6.0,97.300761,-6995.628781,0.011207,0.0261,0.0,28.053842,-0.002133,0.0,6996.09563,-0.223828,0.055199,1.0,0.0,0.0,0.0,6915.880716,-0.83444,1021.0,1.0,17.640949,7.0,-0.004517,34.700086,124.920309,34.700074,-0.02806,0.000314,0.236941,-0.00409,0.002651,0.01099,0.343434,0.0,0.0,0.0,0.0,1.0,-9999.0,-9999.0,-9999.0,-9999.0,75.466835,4.0,-9999.0,-9999.0,-9999.0,-9999.0,-9999.0,-9999.0,-9999.0,-9999.0,0.516666900000011,17.9051303222262,-0.004254462390779381,98.0325621860304,-3.798979479223614,-3.798979770713359,0.005366574369745081,0.027324729588449448,6.0
P22_AV0_4_interaction,P22,AV0,4,off_ramp,P22_AV0_4,HV4,60,18366,306100.0,306100.0007,4.0,4.0,28.053826,100.993775,6.0,97.768326,-6996.095634,0.007971,0.027239,0.0,28.053998,-0.002141,0.0,6996.562485,-0.198062,0.055215,1.0,0.0,0.0,0.0,6916.458156,-0.802653,1021.0,1.0,18.219263,7.0,-0.004493,34.70403,124.934509,34.704019,-0.027853,0.000352,0.23653,-0.005323,0.002017,0.01099,0.343434,0.0,0.0,0.0,0.0,1.0,-9999.0,-9999.0,-9999.0,-9999.0,75.356208,4.0,-9999.0,-9999.0,-9999.0,-9999.0,-9999.0,-9999.0,-9999.0,-9999.0,0.5333334000000032,18.48344456713996,-0.004221313377873384,98.50012765641442,-3.7988862799132592,-3.7988865943991414,0.005832435972706662,0.028642326754268366,6.0
P22_AV0_4_interaction,P22,AV0,4,off_ramp,P22_AV0_4,HV4,60,18367,306116.67,306116.6668,4.0,4.0,28.053936,100.994169,6.0,98.23589,-6996.562487,0.006789,0.029764,0.0,28.05415,-0.002146,0.0,6997.029341,-0.172288,0.055232,1.0,0.0,0.0,0.0,6917.035662,-0.770864,1021.0,1.0,18.797644,7.0,-0.00447,34.70797,124.948693,34.707959,-0.02768,0.00038,0.236361,-0.006336,0.001465,0.01099,0.343434,0.0,0.0,0.0,0.0,1.0,-9999.0,-9999.0,-9999.0,-9999.0,75.245515,4.0,-9999.0,-9999.0,-9999.0,-9999.0,-9999.0,-9999.0,-9999.0,-9999.0,0.5499995000000345,19.06182482230431,-0.004189791289862031,98.96769456455084,-3.798785147579088,-3.7987853606514936,0.006321297038240914,0.030027292270378758,6.0
P22_AV0_4_interaction,P22,AV0,4,off_ramp,P22_AV0_4,HV4,60,18368,306133.33,306133.3347,4.0,4.0,28.054065,100.994633,6.0,98.703458,-6997.029343,-0.000921,0.032566,0.0,28.054237,-0.002117,0.0,6997.496199,-0.146506,0.055249,1.0,0.0,0.0,0.0,6917.613234,-0.739074,1021.0,1.0,19.37609,7.0,-0.004449,34.711909,124.962874,34.711898,-0.02754,0.000399,0.236345,-0.007165,0.000977,0.01099,0.343434,0.0,0.0,0.0,0.0,1.0,-9999.0,-9999.0,-9999.0,-9999.0,75.13476,4.0,-9999.0,-9999.0,-9999.0,-9999.0,-9999.0,-9999.0,-9999.0,-9999.0,0.5666674000000348,19.640271032810652,-0.004160894618129586,99.43526390893145,-3.7986761371288127,-3.7986758793941835,0.006833368234055115,0.0315814476781939,6.0
P22_AV0_4_interaction,P22,AV0,4,off_ramp,P22_AV0_4,HV4,60,18369,306150.0,306150.0008,4.0,4.0,28.054206,100.995142,6.0,99.171027,-6997.496201,0.002563,0.033255,0.0,28.054228,-0.002091,0.0,6997.963058,-0.120715,0.055268,1.0,0.0,0.0,0.0,6918.190871,-0.707282,1021.0,1.0,19.954601,7.0,-0.004431,34.715849,124.977058,34.715839,-0.027432,0.000411,0.236453,-0.007839,0.000552,0.01099,0.343434,0.0,0.0,0.0,0.0,1.0,-9999.0,-9999.0,-9999.0,-9999.0,75.023941,4.0,-9999.0,-9999.0,-9999.0,-9999.0,-9999.0,-9999.0,-9999.0,-9999.0,0.5833335000000079,20.218782255074913,-0.004133569963529853,99.90283474597307,-3.7985581951633356,-3.7985575781086522,0.007374029921294323,0.03308749294540486,6.0
P22_AV0_4_interaction,P22,AV0,4,off_ramp,P22_AV0_4,HV4,60,18370,306166.67,306166.6737,4.0,4.0,28.054229,100.995224,6.0,99.638598,-6997.963059,0.007572,0.034149,0.0,28.054278,-0.002086,0.0,6998.429916,-0.094915,0.055287,1.0,0.0,0.0,0.0,6918.768574,-0.675489,1021.0,1.0,20.533178,7.0,-0.004414,34.719773,124.991181,34.719762,-0.027353,0.000417,0.232437,-0.008379,0.000173,0.01099,0.343434,0.0,0.0,0.0,0.0,1.0,-9999.0,-9999.0,-9999.0,-9999.0,74.913057,4.0,-9999.0,-9999.0,-9999.0,-9999.0,-9999.0,-9999.0,-9999.0,-9999.0,0.6000064000000129,20.797359432682068,-0.004108870725258967,100.37040507869214,-3.7984312118672343,-3.798430032860197,0.00793648095812216,0.033917197522654874,6.0
P22_AV0_4_interaction,P22,AV0,4,off_ramp,P22_AV0_4,HV4,60,18371,306183.33,306183.3345,4.0,4.0,28.054249,100.995297,6.0,100.106168,-6998.429917,0.001298,0.032421,0.0,28.054366,-0.002112,0.0,6998.896775,-0.069104,0.055308,1.0,0.0,0.0,0.0,6919.346342,-0.643694,1021.0,1.0,21.111821,7.0,-0.0044,34.723541,125.004746,34.72353,-0.027301,0.000416,0.222956,-0.008797,-0.000167,0.01099,0.321608,0.0,0.0,0.0,0.0,1.0,-9999.0,-9999.0,-9999.0,-9999.0,74.802108,4.0,-9999.0,-9999.0,-9999.0,-9999.0,-9999.0,-9999.0,-9999.0,-9999.0,0.6166672000000253,21.376001622048047,-0.004085743504170954,100.83797701388762,-3.7982933000730625,-3.798293032767197,0.008504611187362343,0.03363038740517721,6.0
P22_AV0_4_interaction,P22,AV0,4,off_ramp,P22_AV0_4,HV4,60,18372,306200.0,306200.0001,4.0,4.0,28.054341,100.995627,6.0,100.57374,-6998.896775,0.003771,0.030451,0.0,28.054403,-0.002189,0.0,6999.363634,-0.043285,0.05533,1.0,0.0,0.0,0.0,6919.924174,-0.611899,1021.0,1.0,21.690526,7.0,-0.004389,34.72722,125.017993,34.72721,-0.027274,0.00041,0.219809,-0.009101,-0.000473,0.01099,0.321608,0.0,0.0,0.0,0.0,1.0,-9999.0,-9999.0,-9999.0,-9999.0,74.691097,4.0,-9999.0,-9999.0,-9999.0,-9999.0,-9999.0,-9999.0,-9999.0,-9999.0,0.6333328000000329,21.95470771486569,-0.004066130375423334,101.30554938834464,-3.7981474003474127,-3.798146602081106,0.009057256193770513,0.032302810750748534,6.0
P22_AV0_4_interaction,P22,AV0,4,off_ramp,P22_AV0_4,HV4,60,18373,306216.67,306216.6672,4.0,4.0,28.054377,100.995756,6.0,101.041313,-6999.363635,0.004032,0.029989,0.0,28.054467,-0.002308,0.0,6999.830494,-0.017456,0.055353,1.0,0.0,0.0,0.0,6920.502067,-0.580103,1021.0,1.0,22.269293,7.0,-0.00438,34.730873,125.031142,34.730862,-0.027271,0.0004,0.218823,-0.009291,-0.000742,0.01099,0.321608,0.0,0.0,0.0,0.0,1.0,-9999.0,-9999.0,-9999.0,-9999.0,74.580025,4.0,-9999.0,-9999.0,-9999.0,-9999.0,-9999.0,-9999.0,-9999.0,-9999.0,0.6499999000000535,22.533474770569185,-0.004048868124547135,101.77312331036946,-3.7979915706150766,-3.7979911291510726,0.009581348513123089,0.030380578445281303,6.0
P22_AV0_4_interaction,P22,AV0,4,off_ramp,P22_AV0_4,HV4,60,18374,306233.33,306233.3342,4.0,4.0,28.054434,100.995964,6.0,101.508887,-6999.830494,0.010304,0.027762,0.0,28.054599,-0.00247,0.0,7000.297354,0.008381,0.055376,1.0,0.0,0.0,0.0,6921.08002,-0.548306,1021.0,1.0,22.848121,7.0,-0.004374,34.734516,125.044257,34.734505,-0.027288,0.000385,0.218473,-0.009377,-0.000963,0.01099,0.321608,0.0,0.0,0.0,0.0,1.0,-9999.0,-9999.0,-9999.0,-9999.0,74.468893,4.0,-9999.0,-9999.0,-9999.0,-9999.0,-9999.0,-9999.0,-9999.0,-9999.0,0.666666900000011,23.11230179066585,-0.004033901843780205,102.24069767165673,-3.797827752951313,-3.7978272165022777,0.010069965646550827,0.02788828250041897,6.0
P22_AV0_4_interaction,P22,AV0,4,off_ramp,P22_AV0_4,HV4,60,18375,306250.0,306250.0005,4.0,4.0,28.054501,100.996203,6.0,101.976461,-7000.297354,0.010121,0.023793,0.0,28.054794,-0.002671,0.0,7000.764217,0.034227,0.055398,1.0,0.0,0.0,0.0,6921.658035,-0.516509,1021.0,1.0,23.42701,7.0,-0.004371,34.738155,125.057359,34.738145,-0.027325,0.000367,0.218305,-0.009373,-0.001128,0.01099,0.321608,0.0,0.0,0.0,0.0,1.0,-9999.0,-9999.0,-9999.0,-9999.0,74.357701,4.0,-9999.0,-9999.0,-9999.0,-9999.0,-9999.0,-9999.0,-9999.0,-9999.0,0.6833332000000518,23.691190717231542,-0.004022339839981174,102.70827552258673,-3.797655113587672,-3.7976554642947447,0.010510958999574882,0.024956205355907424,6.0
P22_AV0_4_interaction,P22,AV0,4,off_ramp,P22_AV0_4,HV4,60,18376,306266.67,306266.6674,4.0,4.0,28.054685,100.996867,6.0,102.444039,-7000.764217,0.003536,0.022185,0.0,28.054919,-0.002876,0.0,7001.231082,0.060079,0.05542,1.0,0.0,0.0,0.0,6922.236111,-0.484712,1021.0,1.0,24.005959,7.0,-0.00437,34.741793,125.070453,34.741782,-0.027377,0.000347,0.218184,-0.009293,-0.00124,0.01099,0.321608,0.0,0.0,0.0,0.0,1.0,-9999.0,-9999.0,-9999.0,-9999.0,74.246451,4.0,-9999.0,-9999.0,-9999.0,-9999.0,-9999.0,-9999.0,-9999.0,-9999.0,0.7000001000000048,24.270140551774485,-0.004014127205437605,103.17585569994644,-3.797476593090845,-3.797476852357029,0.010901834026114443,0.021863472505019688,6.0
P22_AV0_4_interaction,P22,AV0,4,off_ramp,P22_AV0_4,HV4,60,18377,306283.33,306283.3341,4.0,4.0,28.054878,100.997561,6.0,102.911619,-7001.231083,0.003577,0.020694,0.0,28.054976,-0.003114,0.0,7001.697949,0.085937,0.055441,1.0,0.0,0.0,0.0,6922.814247,-0.452914,1021.0,1.0,24.584969,7.0,-0.004373,34.745428,125.08354,34.745417,-0.027445,0.000326,0.21807,-0.009151,-0.00131,0.01099,0.321608,0.0,0.0,0.0,0.0,1.0,-9999.0,-9999.0,-9999.0,-9999.0,74.135143,4.0,-9999.0,-9999.0,-9999.0,-9999.0,-9999.0,-9999.0,-9999.0,-9999.0,0.7166668000000064,24.849150350711508,-0.004008210541053685,103.64343820373495,-3.797292191460783,-3.7972920669941588,0.011239747882143547,0.018958219494089823,6.0
P22_AV0_4_interaction,P22,AV0,4,off_ramp,P22_AV0_4,HV4,60,18378,306300.0,306300.0006,4.0,4.0,28.054948,100.997813,6.0,103.379201,-7001.69795,0.003124,0.017377,0.0,28.05507,-0.003322,0.0,7002.164816,0.111801,0.055459,1.0,0.0,0.0,0.0,6923.392444,-0.421115,1021.0,1.0,25.16404,7.0,-0.004378,34.749061,125.09662,34.74905,-0.027525,0.000304,0.217953,-0.008959,-0.001342,0.01099,0.321608,0.0,0.0,0.0,0.0,1.0,-9999.0,-9999.0,-9999.0,-9999.0,74.023777,4.0,-9999.0,-9999.0,-9999.0,-9999.0,-9999.0,-9999.0,-9999.0,-9999.0,0.7333333000000566,25.42822111253348,-0.004004644754490806,104.1110210369696,-3.797101798882112,-3.797102195653982,0.011533772674781062,0.016802009183430666,6.0
P22_AV0_4_interaction,P22,AV0,4,off_ramp,P22_AV0_4,HV4,60,18379,306316.67,306316.6668,4.0,4.0,28.055006,100.998023,6.0,103.846785,-7002.164817,0.004151,0.015188,0.0,28.055076,-0.003488,0.0,7002.631685,0.13767,0.055475,1.0,0.0,0.0,0.0,6923.970701,-0.389315,1021.0,1.0,25.743171,7.0,-0.004386,34.752693,125.109694,34.752682,-0.02762,0.000281,0.21787,-0.00897,-0.001345,0.011147,0.321608,0.0,0.0,0.0,0.0,1.0,-9999.0,-9999.0,-9999.0,-9999.0,73.912351,4.0,-9999.0,-9999.0,-9999.0,-9999.0,-9999.0,-9999.0,-9999.0,-9999.0,0.7499995000000345,26.007351838749525,-0.00400337493808802,104.57860614172537,-3.796906523661641,-3.796907615294548,0.01179980471744102,0.015282244454493221,6.0
P22_AV0_4_interaction,P22,AV0,4,off_ramp,P22_AV0_4,HV4,60,18380,306333.33,306333.3336,4.0,4.0,28.055096,100.998345,6.0,104.314369,-7002.631686,0.007991,0.015642,0.0,28.055197,-0.003602,0.0,7003.098553,0.163542,0.055489,1.0,0.0,0.0,0.0,6924.549019,-0.357515,1021.0,1.0,26.322363,7.0,-0.004396,34.756326,125.122774,34.756315,-0.027723,0.000259,0.218099,-0.008699,-0.00132,0.011147,0.321608,0.0,0.0,0.0,0.0,1.0,-9999.0,-9999.0,-9999.0,-9999.0,73.800866,4.0,-9999.0,-9999.0,-9999.0,-9999.0,-9999.0,-9999.0,-9999.0,-9999.0,0.7666663000000408,26.58654347294283,-0.004005454490940697,105.04619041271243,-3.796708198059154,-3.796708872613746,0.012043174913017651,0.014299056244645003,6.0
P22_AV0_4_interaction,P22,AV0,4,off_ramp,P22_AV0_4,HV4,60,18381,306350.0,306350.0006,4.0,4.0,28.05511,100.998398,6.0,104.781954,-7003.098555,0.007208,0.016217,0.0,28.055337,-0.003643,0.0,7003.565424,0.189418,0.0555,1.0,0.0,0.0,0.0,6925.127398,-0.325714,1021.0,1.0,26.901614,7.0,-0.004409,34.759763,125.135147,34.759752,-0.027832,0.000237,0.195793,-0.008391,-0.001292,0.01099,0.321608,0.0,0.0,0.0,0.0,1.0,-9999.0,-9999.0,-9999.0,-9999.0,73.689321,4.0,-9999.0,-9999.0,-9999.0,-9999.0,-9999.0,-9999.0,-9999.0,-9999.0,0.7833333000000566,27.165796070021074,-0.0040098849216146345,105.5137778988056,-3.796506043214063,-3.7965061704631475,0.012276446477272884,0.013771668024047667,6.0
P22_AV0_4_interaction,P22,AV0,4,off_ramp,P22_AV0_4,HV4,60,18382,306366.67,306366.6673,4.0,4.0,28.055264,100.998949,6.0,105.249541,-7003.565427,0.00776,0.015136,0.0,28.055435,-0.003611,0.0,7004.032297,0.215298,0.055508,1.0,0.0,0.0,0.0,6925.705833,-0.293913,1021.0,1.0,27.480923,7.0,-0.004425,34.762881,125.14637,34.762869,-0.027947,0.000216,0.183007,-0.008044,-0.001295,0.01099,0.321608,0.0,0.0,0.0,0.0,1.0,-9999.0,-9999.0,-9999.0,-9999.0,73.577721,4.0,-9999.0,-9999.0,-9999.0,-9999.0,-9999.0,-9999.0,-9999.0,-9999.0,0.8,27.74510458262043,-0.0040173901831363264,105.98136760151125,-3.796300004218556,-3.7962996532985427,0.012502235698036657,0.013668135785956437,6.0
P22_AV0_4_interaction,P22,AV0,4,off_ramp,P22_AV0_4,HV4,60,18383,306383.33,306383.3335,4.0,4.0,28.055397,100.99943,6.0,105.717131,-7004.0323,-0.004801,0.016154,0.0,28.055461,-0.00352,0.0,7004.499171,0.241183,0.055514,1.0,0.0,0.0,0.0,6926.284321,-0.262111,1021.0,1.0,28.060285,7.0,-0.004443,34.765884,125.157183,34.765873,-0.028066,0.000194,0.178927,-0.007639,-0.001356,0.011147,0.321608,0.0,0.0,0.0,0.0,1.0,-9999.0,-9999.0,-9999.0,-9999.0,73.466071,4.0,-9999.0,-9999.0,-9999.0,-9999.0,-9999.0,-9999.0,-9999.0,-9999.0,0.8166662000000361,28.324466070173276,-0.004026807060936925,106.44895857724806,-3.7960890276736365,-3.796089434802078,0.012732044959804512,0.014264898061077835,6.0
P22_AV0_4_interaction,P22,AV0,4,off_ramp,P22_AV0_4,HV4,60,18384,306400.0,306400.0006,4.0,4.0,28.0555,100.999799,6.0,106.184722,-7004.499175,0.014292,0.016791,0.0,28.055503,-0.003348,0.0,7004.966044,0.267071,0.055518,1.0,0.0,0.0,0.0,6926.86286,-0.230308,1021.0,1.0,28.639697,7.0,-0.004463,34.768851,125.167865,34.76884,-0.028186,0.00017,0.1776,-0.007165,-0.001458,0.011147,0.321608,0.0,0.0,0.0,0.0,1.0,-9999.0,-9999.0,-9999.0,-9999.0,73.354373,4.0,-9999.0,-9999.0,-9999.0,-9999.0,-9999.0,-9999.0,-9999.0,-9999.0,0.8333333000000567,28.903878535696972,-0.004038025739642826,106.91654871921527,-3.7958750007466517,-3.795875252010831,0.012977732681321186,0.014860806853339126,6.0
P22_AV0_4_interaction,P22,AV0,4,off_ramp,P22_AV0_4,HV4,60,18385,306416.67,306416.6667,4.0,4.0,28.05542,100.999514,6.0,106.652312,-7004.96605,0.011976,0.0179,0.0,28.055729,-0.003126,0.0,7005.43292,0.292963,0.05552,1.0,0.0,0.0,0.0,6927.441448,-0.198505,1021.0,1.0,29.219159,7.0,-0.004485,34.771806,125.178502,34.771794,-0.028306,0.000145,0.177126,-0.006635,-0.001547,0.011147,0.321608,0.0,0.0,0.0,0.0,1.0,-9999.0,-9999.0,-9999.0,-9999.0,73.242624,4.0,-9999.0,-9999.0,-9999.0,-9999.0,-9999.0,-9999.0,-9999.0,-9999.0,0.8499994000000297,29.48333992730028,-0.004051934895265798,107.38414207628855,-3.795657144577062,-3.795656845697257,0.013227402966961677,0.015016351491479174,6.0
P22_AV0_4_interaction,P22,AV0,4,off_ramp,P22_AV0_4,HV4,60,18386,306433.33,306433.334,4.0,4.0,28.055622,101.00024,6.0,107.119905,-7005.432926,0.011239,0.016631,0.0,28.055925,-0.002876,0.0,7005.899798,0.31886,0.05552,1.0,0.0,0.0,0.0,6928.020086,-0.166701,1021.0,1.0,29.79867,7.0,-0.00451,34.774756,125.189121,34.774744,-0.028425,0.000118,0.176919,-0.00607,-0.001599,0.011147,0.321608,0.0,0.0,0.0,0.0,1.0,-9999.0,-9999.0,-9999.0,-9999.0,73.130829,4.0,-9999.0,-9999.0,-9999.0,-9999.0,-9999.0,-9999.0,-9999.0,-9999.0,0.8666667000000016,30.062851298384476,-0.004067590944182623,107.85173770488296,-3.795434405765673,-3.7954343374025736,0.01347827881762953,0.015156466154842951,6.0
P22_AV0_4_interaction,P22,AV0,4,off_ramp,P22_AV0_4,HV4,60,18387,306450.0,306450.0006,4.0,4.0,28.055829,101.000983,6.0,107.587501,-7005.899806,0.009373,0.015469,0.0,28.056175,-0.002622,0.0,7006.36668,0.344761,0.05552,1.0,0.0,0.0,0.0,6928.598772,-0.134897,1021.0,1.0,30.37823,7.0,-0.004536,34.777703,125.199732,34.777692,-0.02854,9.2e-05,0.176793,-0.005492,-0.001584,0.011147,0.321608,0.0,0.0,0.0,0.0,1.0,-9999.0,-9999.0,-9999.0,-9999.0,73.018988,4.0,-9999.0,-9999.0,-9999.0,-9999.0,-9999.0,-9999.0,-9999.0,-9999.0,0.8833333000000566,30.642410597056514,-0.004085882562304971,108.3193375470734,-3.79520789261929,-3.795207562278577,0.013732626947842164,0.01546522224807978,6.0
P22_AV0_4_interaction,P22,AV0,4,off_ramp,P22_AV0_4,HV4,60,18388,306466.67,306466.6675,4.0,4.0,28.056018,101.001666,6.0,108.055101,-7006.366688,0.00313,0.014543,0.0,28.056237,-0.002369,0.0,7006.833565,0.370667,0.05552,1.0,0.0,0.0,0.0,6929.177508,-0.103091,1021.0,1.0,30.957839,7.0,-0.004563,34.780649,125.210335,34.780637,-0.02865,6.6e-05,0.176692,-0.004919,-0.001499,0.011147,0.321608,0.0,0.0,0.0,0.0,1.0,-9999.0,-9999.0,-9999.0,-9999.0,72.907101,4.0,-9999.0,-9999.0,-9999.0,-9999.0,-9999.0,-9999.0,-9999.0,-9999.0,0.9000002000000095,31.222019930115323,-0.004104922582186205,108.78694065927672,-3.7949765517388183,-3.7949765808065683,0.013993788926001116,0.015668462245207015,6.0
P22_AV0_4_interaction,P22,AV0,4,off_ramp,P22_AV0_4,HV4,60,18389,306483.33,306483.334,4.0,4.0,28.056253,101.002511,6.0,108.522704,-7006.833575,0.007009,0.013806,0.0,28.05634,-0.002119,0.0,7007.300451,0.396577,0.05552,1.0,0.0,0.0,0.0,6929.756293,-0.071284,1021.0,1.0,31.537497,7.0,-0.004593,34.783593,125.220933,34.783581,-0.028754,4.3e-05,0.17659,-0.004368,-0.001357,0.011147,0.321608,0.0,0.0,0.0,0.0,1.0,-9999.0,-9999.0,-9999.0,-9999.0,72.795169,4.0,-9999.0,-9999.0,-9999.0,-9999.0,-9999.0,-9999.0,-9999.0,-9999.0,0.9166667000000016,31.801678244163252,-0.0041256545876497425,109.25454498960258,-3.7947412718003193,-3.794741101822866,0.014254910068075333,0.015165961230552416,6.0
P22_AV0_4_interaction,P22,AV0,4,off_ramp,P22_AV0_4,HV4,60,18390,306500.0,306500.0006,4.0,4.0,28.056263,101.002545,6.0,108.990308,-7007.300462,-0.004324,0.014909,0.0,28.056433,-0.001875,0.0,7007.767339,0.422491,0.05552,1.0,0.0,0.0,0.0,6930.335127,-0.039475,1021.0,1.0,32.117205,7.0,-0.004623,34.786537,125.231535,34.786526,-0.028851,2.2e-05,0.176894,-0.003847,-0.001177,0.011147,0.321608,0.0,0.0,0.0,0.0,1.0,-9999.0,-9999.0,-9999.0,-9999.0,72.683189,4.0,-9999.0,-9999.0,-9999.0,-9999.0,-9999.0,-9999.0,-9999.0,-9999.0,0.9333333000000567,32.38138559410618,-0.004147080087160839,109.72215153654186,-3.794502107711455,-3.7945014204385714,0.014499317328002803,0.014232668079582733,6.0
P22_AV0_4_interaction,P22,AV0,4,off_ramp,P22_AV0_4,HV4,60,18391,306516.67,306516.6673,4.0,4.0,28.056398,101.003033,6.0,109.457914,-7007.767351,-0.003878,0.013674,0.0,28.056308,-0.001621,0.0,7008.234227,0.44841,0.05552,1.0,0.0,0.0,0.0,6930.914011,-0.007665,1021.0,1.0,32.696961,7.0,-0.004655,34.789492,125.242172,34.78948,-0.028941,4e-06,0.17754,-0.003365,-0.000978,0.011147,0.321608,0.0,0.0,0.0,0.0,1.0,-9999.0,-9999.0,-9999.0,-9999.0,72.571162,4.0,-9999.0,-9999.0,-9999.0,-9999.0,-9999.0,-9999.0,-9999.0,-9999.0,0.95,32.96114292352818,-0.004170252479866135,110.18975835801959,-3.7942579511654166,-3.7942577917049016,0.014729331776607069,0.01315523253475831,6.0
P22_AV0_4_interaction,P22,AV0,4,off_ramp,P22_AV0_4,HV4,60,18392,306533.33,306533.3334,4.0,4.0,28.056397,101.003028,6.0,109.925521,-7008.234241,0.004407,0.01123,0.0,28.056298,-0.001397,0.0,7008.701113,0.474332,0.05552,1.0,0.0,0.0,0.0,6931.492943,0.024146,1021.0,1.0,33.276767,7.0,-0.004687,34.792455,125.252839,34.792443,-0.029023,-1e-05,0.177895,-0.002926,-0.000775,0.011147,0.321608,0.0,0.0,0.0,0.0,1.0,-9999.0,-9999.0,-9999.0,-9999.0,72.459087,4.0,-9999.0,-9999.0,-9999.0,-9999.0,-9999.0,-9999.0,-9999.0,-9999.0,0.9666661000000313,33.54094823544753,-0.00419506195044174,110.65736334723778,-3.7940106893297005,-3.7940104507022903,0.014937818837751138,0.01169494670806659,6.0
P22_AV0_4_interaction,P22,AV0,4,off_ramp,P22_AV0_4,HV4,60,18393,306550.0,306550.0005,4.0,4.0,28.056276,101.002594,6.0,110.393126,-7008.701129,0.004568,0.008246,0.0,28.056374,-0.00122,0.0,7009.167999,0.500258,0.05552,1.0,0.0,0.0,0.0,6932.071925,0.05596,1021.0,1.0,33.856622,7.0,-0.004721,34.795421,125.263517,34.795409,-0.029098,-2.1e-05,0.178011,-0.00253,-0.000582,0.011147,0.321608,0.0,0.0,0.0,0.0,1.0,-9999.0,-9999.0,-9999.0,-9999.0,72.34696,4.0,-9999.0,-9999.0,-9999.0,-9999.0,-9999.0,-9999.0,-9999.0,-9999.0,0.9833332000000519,34.12080363666134,-0.00421962133134203,111.12496855608673,-3.793759433528246,-3.793759866208304,0.015119160144763555,0.010140626855137724,6.0
P22_AV0_4_interaction,P22,AV0,4,off_ramp,P22_AV0_4,HV4,60,18394,306566.67,306566.6674,4.0,4.0,28.056335,101.002806,6.0,110.860731,-7009.168016,0.004324,0.00835,0.0,28.056449,-0.001095,0.0,7009.634886,0.526186,0.05552,1.0,0.0,0.0,0.0,6932.650956,0.087776,1021.0,1.0,34.436527,7.0,-0.004755,34.798388,125.274198,34.798376,-0.029165,-2.9e-05,0.178008,-0.002178,-0.000407,0.011147,0.321608,0.0,0.0,0.0,0.0,1.0,-9999.0,-9999.0,-9999.0,-9999.0,72.234785,4.0,-9999.0,-9999.0,-9999.0,-9999.0,-9999.0,-9999.0,-9999.0,-9999.0,1.0000001000000047,34.70070807377106,-0.0042448742063395965,111.59257487324192,-3.7935062356515834,-3.7935064686518167,0.015275846789165826,0.008865324569544197,6.0
P22_AV0_4_interaction,P22,AV0,4,off_ramp,P22_AV0_4,HV4,60,18395,306583.33,306583.3343,4.0,4.0,28.056412,101.003084,6.0,111.328338,-7009.634905,0.008105,0.008346,0.0,28.056521,-0.000975,0.0,7010.101774,0.552117,0.05552,1.0,0.0,0.0,0.0,6933.230036,0.119594,1021.0,1.0,35.016481,7.0,-0.004789,34.801355,125.284877,34.801342,-0.029224,-3.4e-05,0.177953,-0.001867,-0.000258,0.011147,0.321608,0.0,0.0,0.0,0.0,1.0,-9999.0,-9999.0,-9999.0,-9999.0,72.122561,4.0,-9999.0,-9999.0,-9999.0,-9999.0,-9999.0,-9999.0,-9999.0,-9999.0,1.0166670000000158,35.28066154677578,-0.004270820575384945,112.06018235361198,-3.793250097208328,-3.7932506641866035,0.015414675100899444,0.00815689732438929,6.0
P22_AV0_4_interaction,P22,AV0,4,off_ramp,P22_AV0_4,HV4,60,18396,306600.0,306600.0011,4.0,4.0,28.056485,101.003346,6.0,111.795946,-7010.101796,0.011769,0.008166,0.0,28.056681,-0.000865,0.0,7010.568664,0.57805,0.05552,1.0,0.0,0.0,0.0,6933.809166,0.151414,1021.0,1.0,35.596484,7.0,-0.004825,34.80432,125.295551,34.804307,-0.029275,-3.7e-05,0.177879,-0.001594,-0.000137,0.011147,0.321608,0.0,0.0,0.0,0.0,1.0,-9999.0,-9999.0,-9999.0,-9999.0,72.01029,4.0,-9999.0,-9999.0,-9999.0,-9999.0,-9999.0,-9999.0,-9999.0,-9999.0,1.033333800000022,35.86066505416817,-0.004297515346239118,112.52779194078096,-3.7929920715976264,-3.7929926405097305,0.015547746392044814,0.007902954972609066,6.0
P22_AV0_4_interaction,P22,AV0,4,off_ramp,P22_AV0_4,HV4,60,18397,306616.67,306616.6668,4.0,4.0,28.056588,101.003717,6.0,112.263555,-7010.568687,0.000555,0.009106,0.0,28.056844,-0.000755,0.0,7011.035556,0.603985,0.05552,1.0,0.0,0.0,0.0,6934.388345,0.183236,1021.0,1.0,36.176537,7.0,-0.00486,34.807283,125.306221,34.807271,-0.02932,-3.9e-05,0.177797,-0.001357,-4.2e-05,0.011147,0.321608,0.0,0.0,0.0,0.0,1.0,-9999.0,-9999.0,-9999.0,-9999.0,71.897971,4.0,-9999.0,-9999.0,-9999.0,-9999.0,-9999.0,-9999.0,-9999.0,-9999.0,1.0499995000000344,36.44071759745648,-0.004324903611191011,112.99540363474706,-3.7927321588193785,-3.7927324190761746,0.015678100526287153,0.007965060070779906,6.0
P22_AV0_4_interaction,P22,AV0,4,off_ramp,P22_AV0_4,HV4,60,18398,306633.33,306633.3335,4.0,4.0,28.056779,101.004406,6.0,112.731167,-7011.035582,0.003022,0.008344,0.0,28.056853,-0.000663,0.0,7011.50245,0.629922,0.055522,1.0,0.0,0.0,0.0,6934.967574,0.215061,1021.0,1.0,36.756639,7.0,-0.004896,34.810246,125.316885,34.810234,-0.029357,-3.9e-05,0.177713,-0.001151,2.9e-05,0.011147,0.321608,0.0,0.0,0.0,0.0,1.0,-9999.0,-9999.0,-9999.0,-9999.0,71.785606,4.0,-9999.0,-9999.0,-9999.0,-9999.0,-9999.0,-9999.0,-9999.0,-9999.0,1.066666200000036,37.020820230039234,-0.004352041786467145,113.46301743551209,-3.792470358873684,-3.792470051663927,0.015813241247073506,0.008507511029367365,6.0
P22_AV0_4_interaction,P22,AV0,4,off_ramp,P22_AV0_4,HV4,60,18399,306650.0,306650.0002,4.0,4.0,28.056849,101.004656,6.0,113.198781,-7011.502478,0.007969,0.009095,0.0,28.056911,-0.000584,0.0,7011.969345,0.655862,0.055525,1.0,0.0,0.0,0.0,6935.546852,0.246888,1021.0,1.0,37.336791,7.0,-0.004932,34.813207,125.327545,34.813194,-0.029387,-3.8e-05,0.177624,-0.000974,8e-05,0.011147,0.321608,0.0,0.0,0.0,0.0,1.0,-9999.0,-9999.0,-9999.0,-9999.0,71.673194,4.0,-9999.0,-9999.0,-9999.0,-9999.0,-9999.0,-9999.0,-9999.0,-9999.0,1.0833329000000376,37.600971898517905,-0.004379873455840556,113.93063239949197,-3.7922056183613972,-3.7922053099803894,0.015961684794433495,0.009187961497828911,6.0
P22_AV0_4_interaction,P22,AV0,4,off_ramp,P22_AV0_4,HV4,60,18400,306666.67,306666.6673,4.0,4.0,28.056879,101.004763,6.0,113.666395,-7011.969375,0.003973,0.008392,0.0,28.05707,-0.000527,0.0,7012.43624,0.681805,0.055528,1.0,0.0,0.0,0.0,6936.126179,0.278718,1021.0,1.0,37.916992,7.0,-0.004969,34.816166,125.338198,34.816154,-0.029411,-3.6e-05,0.177515,-0.000825,0.000114,0.011147,0.306533,0.0,0.0,0.0,0.0,1.0,-9999.0,-9999.0,-9999.0,-9999.0,71.560733,4.0,-9999.0,-9999.0,-9999.0,-9999.0,-9999.0,-9999.0,-9999.0,-9999.0,1.1,38.18117265779926,-0.004407400127827325,114.39824752819402,-3.7919378823747563,-3.7919379879935535,0.01611951114314536,0.009617475427809052,6.0
P22_AV0_4_interaction,P22,AV0,4,off_ramp,P22_AV0_4,HV4,60,18401,306683.33,306683.3349,4.0,4.0,28.056977,101.005117,6.0,114.134011,-7012.436273,0.010968,0.00929,0.0,28.057116,-0.000481,0.0,7012.903138,0.70775,0.055532,1.0,0.0,0.0,0.0,6936.705555,0.31055,1021.0,1.0,38.497242,7.0,-0.005005,34.819123,125.348845,34.819111,-0.029429,-3.4e-05,0.177404,-0.0007,0.000136,0.011147,0.306533,0.0,0.0,0.0,0.0,1.0,-9999.0,-9999.0,-9999.0,-9999.0,71.448225,4.0,-9999.0,-9999.0,-9999.0,-9999.0,-9999.0,-9999.0,-9999.0,-9999.0,1.1166676000000444,38.761422452976525,-0.0044356202939113696,114.86586576218588,-3.79166831412833,-3.791667970831676,0.0162822806007199,0.009583997775907294,6.0
P22_AV0_4_interaction,P22,AV0,4,off_ramp,P22_AV0_4,HV4,60,18402,306700.0,306700.0001,4.0,4.0,28.057103,101.00557,6.0,114.601629,-7012.903174,0.015242,0.008749,0.0,28.057355,-0.000454,0.0,7013.370037,0.733698,0.055537,1.0,0.0,0.0,0.0,6937.284981,0.342385,1021.0,1.0,39.077541,7.0,-0.005042,34.822079,125.359485,34.822067,-0.029441,-3.1e-05,0.177303,-0.000598,0.000147,0.011147,0.306533,0.0,0.0,0.0,0.0,1.0,-9999.0,-9999.0,-9999.0,-9999.0,71.335669,4.0,-9999.0,-9999.0,-9999.0,-9999.0,-9999.0,-9999.0,-9999.0,-9999.0,1.133332800000033,39.341722337449156,-0.004463590370369816,115.33348515939257,-3.791395805315311,-3.7913952543850753,0.016438973495937148,0.008907620838643882,6.0
P22_AV0_4_interaction,P22,AV0,4,off_ramp,P22_AV0_4,HV4,60,18403,306716.67,306716.6673,4.0,4.0,28.057207,101.005945,6.0,115.069248,-7013.370075,0.003919,0.007408,0.0,28.057549,-0.000465,0.0,7013.83694,0.759649,0.055542,1.0,0.0,0.0,0.0,6937.864456,0.374222,1021.0,1.0,39.65789,7.0,-0.005079,34.825033,125.370119,34.825021,-0.029448,-2.9e-05,0.177209,-0.000518,0.000152,0.011147,0.306533,0.0,0.0,0.0,0.0,1.0,-9999.0,-9999.0,-9999.0,-9999.0,71.223066,4.0,-9999.0,-9999.0,-9999.0,-9999.0,-9999.0,-9999.0,-9999.0,-9999.0,1.15,39.9220712578177,-0.004492253940925983,115.80110871528854,-3.791120520658785,-3.7911200200933157,0.016579191002321636,0.007789313827649913,6.0
P22_AV0_4_interaction,P22,AV0,4,off_ramp,P22_AV0_4,HV4,60,18404,306733.33,306733.3334,4.0,4.0,28.057482,101.006935,6.0,115.536872,-7013.836981,0.00073,0.006817,0.0,28.057543,-0.000502,0.0,7014.303845,0.785603,0.055547,1.0,0.0,0.0,0.0,6938.44398,0.406062,1021.0,1.0,40.238288,7.0,-0.005115,34.827986,125.380748,34.827973,-0.029449,-2.6e-05,0.177121,-0.000457,0.000151,0.011147,0.306533,0.0,0.0,0.0,0.0,1.0,-9999.0,-9999.0,-9999.0,-9999.0,71.110419,4.0,-9999.0,-9999.0,-9999.0,-9999.0,-9999.0,-9999.0,-9999.0,-9999.0,1.1666661000000313,40.502469268988925,-0.0045206125140950645,116.26873443289021,-3.790842350343327,-3.790842615382089,0.01669861840213116,0.006751665282928698,6.0
P22_AV0_4_interaction,P22,AV0,4,off_ramp,P22_AV0_4,HV4,60,18405,306750.0,306750.004,4.0,4.0,28.057582,101.007295,6.0,116.004498,-7014.303889,0.007372,0.003164,0.0,28.057624,-0.000551,0.0,7014.77075,0.811558,0.055552,1.0,0.0,0.0,0.0,6939.023553,0.437905,1021.0,1.0,40.818735,7.0,-0.005152,34.830937,125.391372,34.830924,-0.029446,-2.4e-05,0.177035,-0.000416,0.000147,0.011147,0.306533,0.0,0.0,0.0,0.0,1.0,-9999.0,-9999.0,-9999.0,-9999.0,70.997725,4.0,-9999.0,-9999.0,-9999.0,-9999.0,-9999.0,-9999.0,-9999.0,-9999.0,1.1833367000000434,41.08291637096376,-0.004548666089926998,116.73636020539868,-3.7905631815363847,-3.790563342777235,0.016804265513854943,0.0057169760593021035,6.0
P22_AV0_4_interaction,P22,AV0,4,off_ramp,P22_AV0_4,HV4,60,18406,306766.67,306766.6675,4.0,4.0,28.057549,101.007175,6.0,116.472123,-7014.770797,-0.000132,0.003993,0.0,28.057723,-0.000632,0.0,7015.237657,0.837515,0.055558,1.0,0.0,0.0,0.0,6939.603175,0.46975,1021.0,1.0,41.399232,7.0,-0.005189,34.833886,125.401991,34.833874,-0.029438,-2.2e-05,0.17695,-0.000391,0.000141,0.011147,0.306533,0.0,0.0,0.0,0.0,1.0,-9999.0,-9999.0,-9999.0,-9999.0,70.884982,4.0,-9999.0,-9999.0,-9999.0,-9999.0,-9999.0,-9999.0,-9999.0,-9999.0,1.2000002000000094,41.66341250883449,-0.004577413159855765,117.20398808470607,-3.790282125561996,-3.7902824610513193,0.016889197460955074,0.004434964929928564,6.0
P22_AV0_4_interaction,P22,AV0,4,off_ramp,P22_AV0_4,HV4,60,18407,306783.33,306783.3334,4.0,4.0,28.057686,101.007669,6.0,116.939751,-7015.237707,0.006942,0.004293,0.0,28.057727,-0.00069,0.0,7015.704564,0.863473,0.055562,1.0,0.0,0.0,0.0,6940.182847,0.501598,1021.0,1.0,41.979777,7.0,-0.005226,34.836835,125.412605,34.836822,-0.029426,-1.9e-05,0.176866,-0.000383,0.000133,0.011147,0.306533,0.0,0.0,0.0,0.0,1.0,-9999.0,-9999.0,-9999.0,-9999.0,70.772192,4.0,-9999.0,-9999.0,-9999.0,-9999.0,-9999.0,-9999.0,-9999.0,-9999.0,1.2166661000000314,42.24395873599968,-0.0046059101401094375,117.67161601892116,-3.7900000710961725,-3.7900004358005313,0.016952077056544113,0.0036062940489027806,6.0
P22_AV0_4_interaction,P22,AV0,4,off_ramp,P22_AV0_4,HV4,60,18408,306800.0,306800.0008,4.0,4.0,28.057722,101.007801,6.0,117.40738,-7015.704617,0.007685,0.004634,0.0,28.057874,-0.000749,0.0,7016.171472,0.889432,0.055567,1.0,0.0,0.0,0.0,6940.762567,0.533449,1021.0,1.0,42.560372,7.0,-0.005263,34.839782,125.423213,34.839769,-0.029411,-1.7e-05,0.176782,-0.000389,0.000123,0.011147,0.306533,0.0,0.0,0.0,0.0,1.0,-9999.0,-9999.0,-9999.0,-9999.0,70.659354,4.0,-9999.0,-9999.0,-9999.0,-9999.0,-9999.0,-9999.0,-9999.0,-9999.0,1.2333335000000079,42.824553055476706,-0.004634047215313971,118.13924500653572,-3.789717073046625,-3.789717392291816,0.017009406642387148,0.003385756810943552,6.0
P22_AV0_4_interaction,P22,AV0,4,off_ramp,P22_AV0_4,HV4,60,18409,306816.67,306816.6667,4.0,4.0,28.057784,101.008024,6.0,117.875009,-7016.171529,-0.011875,0.00448,0.0,28.057976,-0.00079,0.0,7016.638383,0.915392,0.055571,1.0,0.0,0.0,0.0,6941.342337,0.565303,1021.0,1.0,43.141016,7.0,-0.0053,34.842697,125.433709,34.842685,-0.029392,-1.5e-05,0.170275,-0.000407,0.000103,0.011147,0.306533,0.0,0.0,0.0,0.0,1.0,-9999.0,-9999.0,-9999.0,-9999.0,70.546468,4.0,-9999.0,-9999.0,-9999.0,-9999.0,-9999.0,-9999.0,-9999.0,-9999.0,1.2499994000000296,43.4051974642491,-0.004661934200892907,118.60687704453237,-3.789433241228729,-3.7894334562287253,0.017064935665644043,0.0034888892317784803,6.0
P22_AV0_4_interaction,P22,AV0,4,off_ramp,P22_AV0_4,HV4,60,18410,306833.33,306833.334,4.0,4.0,28.057939,101.008579,6.0,118.34264,-7016.638443,0.012925,0.00405,0.0,28.057803,-0.00082,0.0,7017.105294,0.941353,0.055574,1.0,0.0,0.0,0.0,6941.922154,0.597159,1021.0,1.0,43.721708,7.0,-0.005337,34.84537,125.44333,34.845357,-0.029371,-1.4e-05,0.155446,-0.000421,5e-05,0.011147,0.306533,0.0,0.0,0.0,0.0,1.0,-9999.0,-9999.0,-9999.0,-9999.0,70.433537,4.0,-9999.0,-9999.0,-9999.0,-9999.0,-9999.0,-9999.0,-9999.0,-9999.0,1.2666667000000016,43.98588891193385,-0.004690404865146464,119.07450913743581,-3.7891484109193474,-3.7891485632999147,0.017125702924531083,0.003955034271852287,6.0
P22_AV0_4_interaction,P22,AV0,4,off_ramp,P22_AV0_4,HV4,60,18411,306850.0,306850.0007,4.0,4.0,28.057877,101.008357,6.0,118.810272,-7017.105357,0.015805,0.004678,0.0,28.05812,-0.000825,0.0,7017.572204,0.967315,0.055577,1.0,0.0,0.0,0.0,6942.502016,0.629017,1021.0,1.0,44.302445,7.0,-0.005374,34.847902,125.452448,34.84789,-0.029346,-1.4e-05,0.150358,-0.000423,-6e-05,0.011147,0.306533,0.0,0.0,0.0,0.0,1.0,-9999.0,-9999.0,-9999.0,-9999.0,70.320561,4.0,-9999.0,-9999.0,-9999.0,-9999.0,-9999.0,-9999.0,-9999.0,-9999.0,1.2833334000000032,44.56662540154923,-0.004719349392750978,119.54214028675608,-3.7888625272108696,-3.7888625880867712,0.017196772407103822,0.004699869995726802,6.0
P22_AV0_4_interaction,P22,AV0,4,off_ramp,P22_AV0_4,HV4,60,18412,306866.67,306866.6678,4.0,4.0,28.057911,101.008479,6.0,119.277903,-7017.57227,0.003446,0.005925,0.0,28.058302,-0.000796,0.0,7018.039119,0.993279,0.055579,1.0,0.0,0.0,0.0,6943.081921,0.660878,1021.0,1.0,44.883224,7.0,-0.005411,34.850389,125.461402,34.850377,-0.029319,-1.7e-05,0.148722,-0.000396,-0.000213,0.011147,0.306533,0.0,0.0,0.0,0.0,1.0,-9999.0,-9999.0,-9999.0,-9999.0,70.207543,4.0,-9999.0,-9999.0,-9999.0,-9999.0,-9999.0,-9999.0,-9999.0,-9999.0,1.3000005000000237,45.14740499101848,-0.004747659476799433,120.00977653834879,-3.78857492105798,-3.788575329497215,0.0172823677995666,0.0057937599474040535,6.0
P22_AV0_4_interaction,P22,AV0,4,off_ramp,P22_AV0_4,HV4,60,18413,306883.33,306883.3335,4.0,4.0,28.058252,101.009706,6.0,119.74554,-7018.039189,0.0109,0.008082,0.0,28.058356,-0.000743,0.0,7018.506036,1.019244,0.055581,1.0,0.0,0.0,0.0,6943.661868,0.692741,1021.0,1.0,45.464045,7.0,-0.005448,34.852862,125.470302,34.852849,-0.029288,-2.2e-05,0.148164,-0.00034,-0.000365,0.011147,0.306533,0.0,0.0,0.0,0.0,1.0,-9999.0,-9999.0,-9999.0,-9999.0,70.094488,4.0,-9999.0,-9999.0,-9999.0,-9999.0,-9999.0,-9999.0,-9999.0,-9999.0,1.316666200000036,45.72822662694396,-0.0047762787011141365,120.47741484183182,-3.7882864262290292,-3.7882865185098167,0.017389892805880436,0.007085403681771241,6.0
P22_AV0_4_interaction,P22,AV0,4,off_ramp,P22_AV0_4,HV4,60,18414,306900.0,306900.0026,4.0,4.0,28.058331,101.009992,6.0,120.213178,-7018.50611,0.010893,0.00748,0.0,28.058591,-0.000662,0.0,7018.972955,1.045211,0.055583,1.0,0.0,0.0,0.0,6944.241855,0.724606,1021.0,1.0,46.044907,7.0,-0.005485,34.855329,125.479183,34.855316,-0.029253,-2.9e-05,0.147941,-0.000266,-0.000478,0.011147,0.306533,0.0,0.0,0.0,0.0,1.0,-9999.0,-9999.0,-9999.0,-9999.0,69.981395,4.0,-9999.0,-9999.0,-9999.0,-9999.0,-9999.0,-9999.0,-9999.0,-9999.0,1.3333353000000352,46.309088312342105,-0.00480509725027199,120.94505525211379,-3.787996044232632,-3.787995640488914,0.017518562622655054,0.008155692532555991,6.0
P22_AV0_4_interaction,P22,AV0,4,off_ramp,P22_AV0_4,HV4,60,18415,306916.67,306916.6674,4.0,4.0,28.058447,101.010409,6.0,120.680818,-7018.973032,0.002993,0.010611,0.0,28.05872,-0.000596,0.0,7019.439877,1.071181,0.055586,1.0,0.0,0.0,0.0,6944.821884,0.756474,1021.0,1.0,46.625811,7.0,-0.005522,34.857793,125.488055,34.857781,-0.029214,-3.8e-05,0.147823,-0.000185,-0.000534,0.011147,0.306533,0.0,0.0,0.0,0.0,1.0,-9999.0,-9999.0,-9999.0,-9999.0,69.868263,4.0,-9999.0,-9999.0,-9999.0,-9999.0,-9999.0,-9999.0,-9999.0,-9999.0,1.3500001000000048,46.88999209910326,-0.004833226448212174,121.41269882259233,-3.787702831484965,-3.7877025570836236,0.017661750090653072,0.008812473867259807,6.0
P22_AV0_4_interaction,P22,AV0,4,off_ramp,P22_AV0_4,HV4,60,18416,306933.33,306933.3335,4.0,4.0,28.058682,101.011256,6.0,121.148462,-7019.439959,-0.024879,0.009667,0.0,28.05864,-0.000511,0.0,7019.906801,1.097153,0.055588,1.0,0.0,0.0,0.0,6945.401954,0.788344,1021.0,1.0,47.206755,7.0,-0.005559,34.860256,125.496921,34.860244,-0.029171,-4.7e-05,0.147737,-0.000108,-0.00053,0.011147,0.306533,0.0,0.0,0.0,0.0,1.0,-9999.0,-9999.0,-9999.0,-9999.0,69.755093,4.0,-9999.0,-9999.0,-9999.0,-9999.0,-9999.0,-9999.0,-9999.0,-9999.0,1.366666200000036,47.47093693382886,-0.004861609878707057,121.8803444998698,-3.7874077315698518,-3.787406958268392,0.01781229088058467,0.009091227693896808,6.0
P22_AV0_4_interaction,P22,AV0,4,off_ramp,P22_AV0_4,HV4,60,18417,306950.0,306950.0034,4.0,4.0,28.058745,101.011482,6.0,121.616107,-7019.906886,-0.006906,0.007728,0.0,28.058369,-0.000456,0.0,7020.373721,1.123128,0.055592,1.0,0.0,0.0,0.0,6945.982064,0.820216,1021.0,1.0,47.787741,7.0,-0.005596,34.862717,125.505782,34.862705,-0.029124,-5.5e-05,0.147659,-4.6e-05,-0.000476,0.011147,0.306533,0.0,0.0,0.0,0.0,1.0,-9999.0,-9999.0,-9999.0,-9999.0,69.641885,4.0,-9999.0,-9999.0,-9999.0,-9999.0,-9999.0,-9999.0,-9999.0,-9999.0,1.383336100000015,48.05192181802713,-0.0048901926340450905,122.34798634790418,-3.7871094165496384,-3.787108765978995,0.017964815701503767,0.008957939305651919,6.0
P22_AV0_4_interaction,P22,AV0,4,off_ramp,P22_AV0_4,HV4,60,18418,306966.67,306966.6674,4.0,4.0,28.058432,101.010356,6.0,122.08375,-7020.373811,0.003673,0.007066,0.0,28.058281,-0.00044,0.0,7020.840638,1.149106,0.055596,1.0,0.0,0.0,0.0,6946.562216,0.85209,1021.0,1.0,48.368768,7.0,-0.005633,34.865178,125.51464,34.865166,-0.029072,-6.2e-05,0.147636,-5e-06,-0.000386,0.011147,0.306533,0.0,0.0,0.0,0.0,1.0,-9999.0,-9999.0,-9999.0,-9999.0,69.528633,4.0,-9999.0,-9999.0,-9999.0,-9999.0,-9999.0,-9999.0,-9999.0,-9999.0,1.4000001000000049,48.632948748681635,-0.004919084529649816,122.81562536518723,-3.786807941332036,-3.786808121803753,0.018110896196148474,0.008159396873832048,6.0
P22_AV0_4_interaction,P22,AV0,4,off_ramp,P22_AV0_4,HV4,60,18419,306983.33,306983.3341,4.0,4.0,28.058312,101.009922,6.0,122.551389,-7020.840732,0.009389,0.007042,0.0,28.058357,-0.00044,0.0,7021.307554,1.175085,0.0556,1.0,0.0,0.0,0.0,6947.142409,0.883967,1021.0,1.0,48.949835,7.0,-0.00567,34.867642,125.523511,34.86763,-0.029016,-6.7e-05,0.148044,9e-06,-0.000276,0.011147,0.306533,0.0,0.0,0.0,0.0,1.0,-9999.0,-9999.0,-9999.0,-9999.0,69.415336,4.0,-9999.0,-9999.0,-9999.0,-9999.0,-9999.0,-9999.0,-9999.0,-9999.0,1.4166668000000064,49.21401678220736,-0.004947232166324435,123.2832634388871,-3.7865054127153366,-3.7865051167565813,0.01823677083370967,0.0068385865432503135,6.0
P22_AV0_4_interaction,P22,AV0,4,off_ramp,P22_AV0_4,HV4,60,18420,307000.0,307000.0006,4.0,4.0,28.058312,101.009922,6.0,123.019027,-7021.307652,0.00558,0.006042,0.0,28.058505,-0.000463,0.0,7021.774472,1.201067,0.055604,1.0,0.0,0.0,0.0,6947.722642,0.915846,1021.0,1.0,49.530944,7.0,-0.005707,34.870113,125.532406,34.870101,-0.028956,-7.1e-05,0.148375,-5e-06,-0.000158,0.011147,0.291457,0.0,0.0,0.0,0.0,1.0,-9999.0,-9999.0,-9999.0,-9999.0,69.301998,4.0,-9999.0,-9999.0,-9999.0,-9999.0,-9999.0,-9999.0,-9999.0,-9999.0,1.4333333000000565,49.795124865205764,-0.004975579127843092,123.75090367429269,-3.786199998439707,-3.7862002318967996,0.01833884845466116,0.005553593608935703,6.0
P22_AV0_4_interaction,P22,AV0,4,off_ramp,P22_AV0_4,HV4,60,18421,307016.67,307016.6678,4.0,4.0,28.058435,101.010366,6.0,123.486667,-7021.774574,0.008344,0.004391,0.0,28.05859,-0.000516,0.0,7022.241391,1.22705,0.055609,1.0,0.0,0.0,0.0,6948.302917,0.947727,1021.0,1.0,50.112094,7.0,-0.005744,34.872587,125.541314,34.872575,-0.028893,-7.2e-05,0.14851,-4.7e-05,-4.3e-05,0.011147,0.291457,0.0,0.0,0.0,0.0,1.0,-9999.0,-9999.0,-9999.0,-9999.0,69.188622,4.0,-9999.0,-9999.0,-9999.0,-9999.0,-9999.0,-9999.0,-9999.0,-9999.0,1.4500005000000238,50.376274994660385,-0.005004235229627997,124.21854496309683,-3.785893640580303,-3.7858938150200427,0.018421891857400396,0.004253702156931549,6.0
P22_AV0_4_interaction,P22,AV0,4,off_ramp,P22_AV0_4,HV4,60,18422,307033.33,307033.3341,4.0,4.0,28.058551,101.010784,6.0,123.954309,-7022.241499,-0.015907,0.002961,0.0,28.058626,-0.000572,0.0,7022.708313,1.253034,0.055613,1.0,0.0,0.0,0.0,6948.883233,0.979611,1021.0,1.0,50.693285,7.0,-0.00578,34.875063,125.550226,34.875051,-0.028826,-7.2e-05,0.148528,-0.000117,6.1e-05,0.011147,0.291457,0.0,0.0,0.0,0.0,1.0,-9999.0,-9999.0,-9999.0,-9999.0,69.075206,4.0,-9999.0,-9999.0,-9999.0,-9999.0,-9999.0,-9999.0,-9999.0,-9999.0,1.4666668000000063,50.95746622698624,-0.0050321470724827965,124.68618930228399,-3.7855864489526003,-3.7855861658320116,0.018480640547210214,0.0031363336558446475,6.0
P22_AV0_4_interaction,P22,AV0,4,off_ramp,P22_AV0_4,HV4,60,18423,307050.0,307050.0008,4.0,4.0,28.05866,101.011176,6.0,124.421952,-7022.708424,-0.006385,0.002023,0.0,28.058341,-0.000639,0.0,7023.175233,1.27902,0.055617,1.0,0.0,0.0,0.0,6949.46359,1.011497,1021.0,1.0,51.274517,7.0,-0.005817,34.877538,125.559136,34.877526,-0.028757,-7e-05,0.148493,-0.000212,0.000149,0.011147,0.291457,0.0,0.0,0.0,0.0,1.0,-9999.0,-9999.0,-9999.0,-9999.0,68.961751,4.0,-9999.0,-9999.0,-9999.0,-9999.0,-9999.0,-9999.0,-9999.0,-9999.0,1.4833335000000079,51.53869850727745,-0.005060313147943121,125.15383175430298,-3.7852771505266043,-3.7852777998116562,0.018526434956214644,0.002263524278329654,6.0
P22_AV0_4_interaction,P22,AV0,4,off_ramp,P22_AV0_4,HV4,60,18424,307066.67,307066.6672,4.0,4.0,28.058493,101.010576,6.0,124.889595,-7023.175349,0.006162,0.001218,0.0,28.058318,-0.000704,0.0,7023.642149,1.305005,0.055621,1.0,0.0,0.0,0.0,6950.043988,1.043386,1021.0,1.0,51.855791,7.0,-0.005854,34.880012,125.568043,34.88,-0.028685,-6.7e-05,0.148436,-0.000328,0.000217,0.011147,0.291457,0.0,0.0,0.0,0.0,1.0,-9999.0,-9999.0,-9999.0,-9999.0,68.848254,4.0,-9999.0,-9999.0,-9999.0,-9999.0,-9999.0,-9999.0,-9999.0,-9999.0,1.4999999000000535,52.11997189043989,-0.005087734964473783,125.62147015744901,-3.7849686309612967,-3.7849686223376775,0.018556091118810514,0.0014418740188385515,6.0
P22_AV0_4_interaction,P22,AV0,4,off_ramp,P22_AV0_4,HV4,60,18425,307083.33,307083.3341,4.0,4.0,28.058288,101.009835,6.0,125.357233,-7023.64227,0.006046,0.001573,0.0,28.058423,-0.000747,0.0,7024.109065,1.330991,0.055623,1.0,0.0,0.0,0.0,6950.624427,1.075276,1021.0,1.0,52.437105,7.0,-0.00589,34.882485,125.576947,34.882474,-0.028612,-6.3e-05,0.148371,-0.000462,0.000265,0.011147,0.291457,0.0,0.0,0.0,0.0,1.0,-9999.0,-9999.0,-9999.0,-9999.0,68.734713,4.0,-9999.0,-9999.0,-9999.0,-9999.0,-9999.0,-9999.0,-9999.0,-9999.0,1.5166668000000063,52.70128626665819,-0.005116409504944073,126.08910861550183,-3.784659112904505,-3.7846592640544197,0.01857449703791758,0.0012446246645669845,6.0
P22_AV0_4_interaction,P22,AV0,4,off_ramp,P22_AV0_4,HV4,60,18426,307100.0,307100.0008,4.0,4.0,28.05837,101.010131,6.0,125.824872,-7024.109191,0.008553,0.003014,0.0,28.058553,-0.000767,0.0,7024.575983,1.356978,0.055625,1.0,0.0,0.0,0.0,6951.204908,1.107169,1021.0,1.0,53.018461,7.0,-0.005927,34.884957,125.585846,34.884946,-0.028537,-5.8e-05,0.148303,-0.000612,0.000294,0.011147,0.291457,0.0,0.0,0.0,0.0,1.0,-9999.0,-9999.0,-9999.0,-9999.0,68.621131,4.0,-9999.0,-9999.0,-9999.0,-9999.0,-9999.0,-9999.0,-9999.0,-9999.0,1.533333500000008,53.28264274424039,-0.005144394694245744,126.55674912544588,-3.784348706171701,-3.7843494674885187,0.018597578883415622,0.0012709014099667737,6.0
P22_AV0_4_interaction,P22,AV0,4,off_ramp,P22_AV0_4,HV4,60,18427,307116.67,307116.6669,4.0,4.0,28.058473,101.010503,6.0,126.292513,-7024.576115,0.005034,0.003348,0.0,28.058673,-0.000752,0.0,7025.042904,1.382964,0.055625,1.0,0.0,0.0,0.0,6951.78543,1.139064,1021.0,1.0,53.599859,7.0,-0.005963,34.887428,125.594742,34.887417,-0.028461,-5.3e-05,0.148235,-0.000773,0.000308,0.011147,0.291457,0.0,0.0,0.0,0.0,1.0,-9999.0,-9999.0,-9999.0,-9999.0,68.50751,4.0,-9999.0,-9999.0,-9999.0,-9999.0,-9999.0,-9999.0,-9999.0,-9999.0,1.5499996000000391,53.86404026978704,-0.005172634116102114,127.02439257595665,-3.784039462653417,-3.7840393546888005,0.018616859877241154,0.00161707055546767,6.0
P22_AV0_4_interaction,P22,AV0,4,off_ramp,P22_AV0_4,HV4,60,18428,307133.33,307133.334,4.0,4.0,28.058624,101.011047,6.0,126.760156,-7025.04304,0.011764,0.004845,0.0,28.058787,-0.00072,0.0,7025.509826,1.408952,0.055625,1.0,0.0,0.0,0.0,6952.365992,1.170961,1021.0,1.0,54.181297,7.0,-0.006,34.889898,125.603633,34.889887,-0.028385,-4.8e-05,0.148156,-0.000944,0.000309,0.011147,0.291457,0.0,0.0,0.0,0.0,1.0,-9999.0,-9999.0,-9999.0,-9999.0,68.393851,4.0,-9999.0,-9999.0,-9999.0,-9999.0,-9999.0,-9999.0,-9999.0,-9999.0,1.5666667000000016,54.44547784480636,-0.005201072862802078,127.49203713477458,-3.7837282770599745,-3.7837289079559397,0.01865148194002586,0.002586571123427861,6.0
P22_AV0_4_interaction,P22,AV0,4,off_ramp,P22_AV0_4,HV4,60,18429,307150.0,307150.0002,4.0,4.0,28.058715,101.011374,6.0,127.227801,-7025.509968,0.008329,0.005409,0.0,28.058988,-0.000659,0.0,7025.976751,1.434939,0.055625,1.0,0.0,0.0,0.0,6952.946596,1.202861,1021.0,1.0,54.762777,7.0,-0.006037,34.892366,125.612519,34.892355,-0.028308,-4.3e-05,0.14807,-0.001122,0.000302,0.011147,0.291457,0.0,0.0,0.0,0.0,1.0,-9999.0,-9999.0,-9999.0,-9999.0,68.280153,4.0,-9999.0,-9999.0,-9999.0,-9999.0,-9999.0,-9999.0,-9999.0,-9999.0,1.5833329000000376,55.02695752118869,-0.005228822258284372,127.95968463415831,-3.783418254681002,-3.78341763929114,0.018703077911752075,0.0031015561374779788,6.0
P22_AV0_4_interaction,P22,AV0,4,off_ramp,P22_AV0_4,HV4,60,18430,307166.67,307166.6674,4.0,4.0,28.058886,101.011988,6.0,127.695448,-7025.976897,0.008003,0.006762,0.0,28.059099,-0.000574,0.0,7026.443679,1.460929,0.055625,1.0,0.0,0.0,0.0,6953.527241,1.234762,1021.0,1.0,55.344297,7.0,-0.006074,34.894696,125.620904,34.894684,-0.028232,-3.8e-05,0.13248,-0.001295,0.000268,0.011147,0.291457,0.0,0.0,0.0,0.0,1.0,-9999.0,-9999.0,-9999.0,-9999.0,68.166416,4.0,-9999.0,-9999.0,-9999.0,-9999.0,-9999.0,-9999.0,-9999.0,-9999.0,1.6000001000000048,55.60847819062778,-0.005257824377756234,128.42733529373953,-3.7831054015508094,-3.783105470725803,0.01875486736280152,0.004119497971838526,6.0
P22_AV0_4_interaction,P22,AV0,4,off_ramp,P22_AV0_4,HV4,60,18431,307183.35,307183.3504,4.0,4.0,28.059058,101.012608,6.0,128.163098,-7026.44383,0.011661,0.006327,0.0,28.059258,-0.000488,0.0,7026.910608,1.486919,0.055625,1.0,0.0,0.0,0.0,6954.107925,1.266665,1021.0,1.0,55.925856,7.0,-0.006112,34.896802,125.628486,34.89679,-0.028156,-3.4e-05,0.123524,-0.001454,0.000185,0.011147,0.291457,0.0,0.0,0.0,0.0,1.0,-9999.0,-9999.0,-9999.0,-9999.0,68.052645,4.0,-9999.0,-9999.0,-9999.0,-9999.0,-9999.0,-9999.0,-9999.0,-9999.0,1.616683100000024,56.19003791104868,-0.005286970914409634,128.89498695181254,-3.782792603328329,-3.7827921599120895,0.01884049599465243,0.004965094729189934,6.0
P22_AV0_4_interaction,P22,AV0,4,off_ramp,P22_AV0_4,HV4,60,18432,307200.0,307200.0001,4.0,4.0,28.059166,101.012997,6.0,128.63075,-7026.910765,0.004418,0.00622,0.0,28.059419,-0.000417,0.0,7027.37754,1.512911,0.055625,1.0,0.0,0.0,0.0,6954.688644,1.29857,1021.0,1.0,56.507451,7.0,-0.006149,34.898828,125.635779,34.898816,-0.02808,-3.3e-05,0.120648,-0.001582,4.4e-05,0.011147,0.291457,0.0,0.0,0.0,0.0,1.0,-9999.0,-9999.0,-9999.0,-9999.0,67.93884,4.0,-9999.0,-9999.0,-9999.0,-9999.0,-9999.0,-9999.0,-9999.0,-9999.0,1.633332800000033,56.77163268848429,-0.005316042237398822,129.36264171517533,-3.7824779728460634,-3.7824774701337276,0.018920378526445347,0.0045876588574883526,6.0
P22_AV0_4_interaction,P22,AV0,4,off_ramp,P22_AV0_4,HV4,60,18433,307216.68,307216.6758,4.0,4.0,28.059355,101.013677,6.0,129.098405,-7027.377703,0.006663,0.004695,0.0,28.059518,-0.000354,0.0,7027.844475,1.538905,0.055625,1.0,0.0,0.0,0.0,6955.269396,1.330477,1021.0,1.0,57.08908,7.0,-0.006188,34.900828,125.64298,34.900816,-0.028005,-3.3e-05,0.119712,-0.001672,-0.000123,0.011147,0.291457,0.0,0.0,0.0,0.0,1.0,-9999.0,-9999.0,-9999.0,-9999.0,67.825005,4.0,-9999.0,-9999.0,-9999.0,-9999.0,-9999.0,-9999.0,-9999.0,-9999.0,1.6500085000000544,57.35326052595289,-0.005344928531399688,129.830299583827,-3.7821615101039634,-3.7821616297016902,0.01899337062339157,0.004578113992590116,6.0
P22_AV0_4_interaction,P22,AV0,4,off_ramp,P22_AV0_4,HV4,60,18434,307233.33,307233.3342,4.0,4.0,28.059456,101.014041,6.0,129.566063,-7027.844643,0.003614,0.005287,0.0,28.059609,-0.000306,0.0,7028.311411,1.5649,0.055625,1.0,0.0,0.0,0.0,6955.850183,1.362384,1021.0,1.0,57.670742,7.0,-0.006226,34.902819,125.650149,34.902808,-0.027929,-3.7e-05,0.119381,-0.001729,-0.00027,0.011147,0.291457,0.0,0.0,0.0,0.0,1.0,-9999.0,-9999.0,-9999.0,-9999.0,67.711138,4.0,-9999.0,-9999.0,-9999.0,-9999.0,-9999.0,-9999.0,-9999.0,-9999.0,1.6666669000000112,57.93492331062174,-0.0053757365946564585,130.29795850587817,-3.78184410377814,-3.7818443450581505,0.01907297888645587,0.004354437776721176,6.0
P22_AV0_4_interaction,P22,AV0,4,off_ramp,P22_AV0_4,HV4,60,18435,307250.0,307250.0001,4.0,4.0,28.059574,101.014466,6.0,130.033722,-7028.311585,-0.002602,0.004655,0.0,28.059604,-0.000274,0.0,7028.778348,1.590896,0.055627,1.0,0.0,0.0,0.0,6956.431002,1.394293,1021.0,1.0,58.252437,7.0,-0.006265,34.904807,125.657306,34.904796,-0.027852,-4.3e-05,0.11924,-0.001765,-0.000367,0.011147,0.291457,0.0,0.0,0.0,0.0,1.0,-9999.0,-9999.0,-9999.0,-9999.0,67.597241,4.0,-9999.0,-9999.0,-9999.0,-9999.0,-9999.0,-9999.0,-9999.0,-9999.0,1.683332800000033,58.516618156832706,-0.005406304721263296,130.76561848132877,-3.7815257538685936,-3.7815260356344975,0.019138472846336185,0.0041661579441719665,6.0
P22_AV0_4_interaction,P22,AV0,4,off_ramp,P22_AV0_4,HV4,60,18436,307266.67,307266.6668,4.0,4.0,28.059639,101.014702,6.0,130.501382,-7028.778528,-0.001473,0.003281,0.0,28.059507,-0.000273,0.0,7029.245285,1.616893,0.055629,1.0,0.0,0.0,0.0,6957.011855,1.426204,1021.0,1.0,58.834166,7.0,-0.006305,34.906794,125.664457,34.906783,-0.027773,-4.9e-05,0.119157,-0.001791,-0.000404,0.011147,0.291457,0.0,0.0,0.0,0.0,1.0,-9999.0,-9999.0,-9999.0,-9999.0,67.483312,4.0,-9999.0,-9999.0,-9999.0,-9999.0,-9999.0,-9999.0,-9999.0,-9999.0,1.6999995000000345,59.09834706156663,-0.005436742726494372,131.23327851168708,-3.781206405467612,-3.7812064099357046,0.01921184814089827,0.004085144622018366,6.0
P22_AV0_4_interaction,P22,AV0,4,off_ramp,P22_AV0_4,HV4,60,18437,307283.33,307283.3341,4.0,4.0,28.059583,101.014497,6.0,130.969042,-7029.245471,0.033013,0.003843,0.0,28.05967,-0.00028,0.0,7029.71222,1.642891,0.055632,1.0,0.0,0.0,0.0,6957.592741,1.458116,1021.0,1.0,59.415928,7.0,-0.006344,34.908779,125.671604,34.908768,-0.027694,-5.6e-05,0.119091,-0.00182,-0.000386,0.011147,0.291457,0.0,0.0,0.0,0.0,1.0,-9999.0,-9999.0,-9999.0,-9999.0,67.36935,4.0,-9999.0,-9999.0,-9999.0,-9999.0,-9999.0,-9999.0,-9999.0,-9999.0,1.7166668000000063,59.68010897142675,-0.0054679941942232645,131.70093659997045,-3.7808859487598228,-3.780885627847355,0.019274646676322504,0.003960086993969547,6.0
P22_AV0_4_interaction,P22,AV0,4,off_ramp,P22_AV0_4,HV4,60,18438,307300.0,307300.0025,4.0,4.0,28.059494,101.014179,6.0,131.4367,-7029.712412,0.013193,0.004199,0.0,28.060139,-0.000282,0.0,7030.17916,1.668891,0.055634,1.0,0.0,0.0,0.0,6958.17366,1.490029,1021.0,1.0,59.997722,7.0,-0.006385,34.910763,125.678747,34.910752,-0.027612,-6.2e-05,0.11903,-0.00186,-0.000324,0.011147,0.291457,0.0,0.0,0.0,0.0,1.0,-9999.0,-9999.0,-9999.0,-9999.0,67.255354,4.0,-9999.0,-9999.0,-9999.0,-9999.0,-9999.0,-9999.0,-9999.0,-9999.0,1.7333352000000304,60.26190388641126,-0.005500059124348763,132.16859979052535,-3.7805637696075722,-3.7805638760338995,0.019343860836016802,0.004276620093578765,6.0
P22_AV0_4_interaction,P22,AV0,4,off_ramp,P22_AV0_4,HV4,60,18439,307316.67,307316.6675,4.0,4.0,28.059945,101.015802,6.0,131.904363,-7030.179358,0.002652,0.004365,0.0,28.060302,-0.000283,0.0,7030.646107,1.694892,0.055637,1.0,0.0,0.0,0.0,6958.754611,1.521944,1021.0,1.0,60.57955,7.0,-0.006425,34.912748,125.685893,34.912737,-0.027529,-6.6e-05,0.119228,-0.001917,-0.000234,0.011147,0.291457,0.0,0.0,0.0,0.0,1.0,-9999.0,-9999.0,-9999.0,-9999.0,67.14133,4.0,-9999.0,-9999.0,-9999.0,-9999.0,-9999.0,-9999.0,-9999.0,-9999.0,1.7500002000000094,60.84373086293699,-0.005531884117774835,132.6362700254285,-3.780240976317767,-3.7802408314737006,0.019417200120059874,0.004374606394273117,6.0
P22_AV0_4_interaction,P22,AV0,4,off_ramp,P22_AV0_4,HV4,60,18440,307333.33,307333.3341,4.0,4.0,28.060249,101.016896,6.0,132.372033,-7030.646311,0.037117,0.004447,0.0,28.060503,-0.000287,0.0,7031.113055,1.720895,0.055639,1.0,0.0,0.0,0.0,6959.335596,1.55386,1021.0,1.0,61.161411,7.0,-0.006467,34.914739,125.693062,34.914729,-0.027445,-6.9e-05,0.119641,-0.001993,-0.000129,0.01099,0.276382,0.0,0.0,0.0,0.0,1.0,-9999.0,-9999.0,-9999.0,-9999.0,67.02728,4.0,-9999.0,-9999.0,-9999.0,-9999.0,-9999.0,-9999.0,-9999.0,-9999.0,1.7666668000000063,61.42559184307888,-0.005564577481309507,133.10394136863886,-3.779916240952805,-3.7799166695820907,0.019489673382693695,0.004563032200216699,6.0
P22_AV0_4_interaction,P22,AV0,4,off_ramp,P22_AV0_4,HV4,60,18441,307350.0,307350.0,4.0,4.0,28.060324,101.017168,6.0,132.839705,-7031.113266,0.012051,0.004506,0.0,28.061019,-0.000294,0.0,7031.580009,1.746899,0.055642,1.0,0.0,0.0,0.0,6959.916614,1.585777,1021.0,1.0,61.743305,7.0,-0.006508,34.916736,125.70025,34.916725,-0.027359,-7e-05,0.119868,-0.002092,-2.2e-05,0.01099,0.276382,0.0,0.0,0.0,0.0,1.0,-9999.0,-9999.0,-9999.0,-9999.0,66.913199,4.0,-9999.0,-9999.0,-9999.0,-9999.0,-9999.0,-9999.0,-9999.0,-9999.0,1.783332700000028,62.00748582834606,-0.005598084307291613,133.5716187577057,-3.779590836542577,-3.7795911919915044,0.01956929709041333,0.004751747041740861,6.0
P22_AV0_4_interaction,P22,AV0,4,off_ramp,P22_AV0_4,HV4,60,18442,307366.67,307366.6669,4.0,4.0,28.060812,101.018924,6.0,133.307382,-7031.580226,0.000377,0.006258,0.0,28.061192,-0.000305,0.0,7032.04697,1.772904,0.055645,1.0,0.0,0.0,0.0,6960.497666,1.617696,1021.0,1.0,62.325232,7.0,-0.006551,34.918735,125.707445,34.918724,-0.027272,-6.9e-05,0.119943,-0.002213,7.8e-05,0.01099,0.276382,0.0,0.0,0.0,0.0,1.0,-9999.0,-9999.0,-9999.0,-9999.0,66.799091,4.0,-9999.0,-9999.0,-9999.0,-9999.0,-9999.0,-9999.0,-9999.0,-9999.0,1.7999996000000391,62.58941387213801,-0.005631461011997833,134.03930319111993,-3.7792648179947457,-3.779264370036546,0.01964806236469485,0.004797805439018088,6.0
P22_AV0_4_interaction,P22,AV0,4,off_ramp,P22_AV0_4,HV4,60,18443,307383.33,307383.3335,4.0,4.0,28.06112,101.020031,6.0,133.775067,-7032.047194,-0.002649,0.005558,0.0,28.061148,-0.000296,0.0,7032.513933,1.798912,0.055649,1.0,0.0,0.0,0.0,6961.07875,1.649616,1021.0,1.0,62.907193,7.0,-0.006593,34.920734,125.714641,34.920723,-0.027184,-6.7e-05,0.119941,-0.002354,0.000165,0.01099,0.276382,0.0,0.0,0.0,0.0,1.0,-9999.0,-9999.0,-9999.0,-9999.0,66.684957,4.0,-9999.0,-9999.0,-9999.0,-9999.0,-9999.0,-9999.0,-9999.0,-9999.0,1.816666200000036,63.17137392256257,-0.00566559627139,134.50698978623984,-3.778935913787983,-3.778936253328082,0.019729224694842173,0.005311418682516278,6.0
P22_AV0_4_interaction,P22,AV0,4,off_ramp,P22_AV0_4,HV4,60,18444,307400.0,307400.0045,4.0,4.0,28.061195,101.020301,6.0,134.242753,-7032.514163,-0.00719,0.005239,0.0,28.061036,-0.000304,0.0,7032.980895,1.82492,0.055652,1.0,0.0,0.0,0.0,6961.659868,1.681537,1021.0,1.0,63.489187,7.0,-0.006637,34.922732,125.721837,34.922722,-0.027096,-6.4e-05,0.119906,-0.002511,0.000235,0.01099,0.276382,0.0,0.0,0.0,0.0,1.0,-9999.0,-9999.0,-9999.0,-9999.0,66.570792,4.0,-9999.0,-9999.0,-9999.0,-9999.0,-9999.0,-9999.0,-9999.0,-9999.0,1.833337200000009,63.75336797660421,-0.005700599900940261,134.974675382868,-3.778606954673509,-3.778606644664449,0.019825136203280636,0.0062850042743117784,6.0
P22_AV0_4_interaction,P22,AV0,4,off_ramp,P22_AV0_4,HV4,60,18445,307416.67,307416.6669,4.0,4.0,28.061126,101.020053,6.0,134.710439,-7032.981132,0.013868,0.00859,0.0,28.061015,-0.000322,0.0,7033.447854,1.850931,0.055656,1.0,0.0,0.0,0.0,6962.241019,1.71346,1021.0,1.0,64.071214,7.0,-0.006681,34.92473,125.729029,34.92472,-0.027008,-5.9e-05,0.119859,-0.002683,0.000284,0.01099,0.276382,0.0,0.0,0.0,0.0,1.0,-9999.0,-9999.0,-9999.0,-9999.0,66.456593,4.0,-9999.0,-9999.0,-9999.0,-9999.0,-9999.0,-9999.0,-9999.0,-9999.0,1.8499996000000392,64.33539509067883,-0.005735418501502644,135.44235814874577,-3.778274835361696,-3.778275415057344,0.019938716111553845,0.007110284936893363,6.0
P22_AV0_4_interaction,P22,AV0,4,off_ramp,P22_AV0_4,HV4,60,18446,307433.33,307433.3334,4.0,4.0,28.060976,101.019515,6.0,135.178122,-7033.448098,0.010658,0.007157,0.0,28.061281,-0.0003,0.0,7033.914815,1.876943,0.05566,1.0,0.0,0.0,0.0,6962.822204,1.745383,1021.0,1.0,64.653275,7.0,-0.006725,34.926727,125.736219,34.926717,-0.02692,-5.4e-05,0.119807,-0.002866,0.000314,0.010833,0.276382,0.0,0.0,0.0,0.0,1.0,-9999.0,-9999.0,-9999.0,-9999.0,66.342359,4.0,-9999.0,-9999.0,-9999.0,-9999.0,-9999.0,-9999.0,-9999.0,-9999.0,1.8666661000000313,64.91745615346193,-0.005772103963608938,135.91004296651383,-3.7779418273738212,-3.777942108698202,0.020062116587922674,0.007653063871658317,6.0
P22_AV0_4_interaction,P22,AV0,4,off_ramp,P22_AV0_4,HV4,60,18447,307450.0,307450.0002,4.0,4.0,28.061131,101.020071,6.0,135.645806,-7033.915065,0.002291,0.007708,0.0,28.061403,-0.000297,0.0,7034.38178,1.902957,0.055664,1.0,0.0,0.0,0.0,6963.403422,1.777308,1021.0,1.0,65.235369,7.0,-0.006771,34.928724,125.743405,34.928713,-0.026833,-4.9e-05,0.119753,-0.003057,0.000328,0.010833,0.276382,0.0,0.0,0.0,0.0,1.0,-9999.0,-9999.0,-9999.0,-9999.0,66.228094,4.0,-9999.0,-9999.0,-9999.0,-9999.0,-9999.0,-9999.0,-9999.0,-9999.0,1.8833329000000376,65.499550276278,-0.005808604396727354,136.37773188806258,-3.7776070420338237,-3.7776066784683615,0.020193818134885078,0.008499649969785139,6.0
P22_AV0_4_interaction,P22,AV0,4,off_ramp,P22_AV0_4,HV4,60,18448,307466.67,307466.6674,4.0,4.0,28.061369,101.02093,6.0,136.113495,-7034.382037,0.005423,0.010007,0.0,28.061472,-0.000298,0.0,7034.848746,1.928974,0.055669,1.0,0.0,0.0,0.0,6963.984673,1.809234,1021.0,1.0,65.817496,7.0,-0.006817,34.930719,125.750588,34.930709,-0.026747,-4.3e-05,0.119696,-0.003254,0.000329,0.010833,0.06475,0.0,0.0,0.0,0.0,0.0,-9999.0,-9999.0,-9999.0,-9999.0,-9999.0,-9999.0,-9999.0,-9999.0,-9999.0,-9999.0,-9999.0,-9999.0,-9999.0,-9999.0,1.9000001000000049,66.08167740421848,-0.005845918292243266,136.84542197282616,-3.7772693161272324,-3.777268967909961,0.02034544439811725,0.009296911241483463,6.0
P22_AV0_4_interaction,P22,AV0,4,off_ramp,P22_AV0_4,HV4,60,18449,307483.33,307483.3335,4.0,4.0,28.061422,101.021118,6.0,136.581185,-7034.84901,0.002652,0.010366,0.0,28.061543,-0.000297,0.0,7035.315713,1.954994,0.055675,1.0,0.0,0.0,0.0,6964.565957,1.84116,1021.0,1.0,66.399656,7.0,-0.006863,34.932713,125.757768,34.932703,-0.026662,-3.8e-05,0.119628,-0.003455,0.000321,0.010833,0.11525,0.0,0.0,0.0,0.0,0.0,-9999.0,-9999.0,-9999.0,-9999.0,-9999.0,-9999.0,-9999.0,-9999.0,-9999.0,-9999.0,-9999.0,-9999.0,-9999.0,-9999.0,1.916666200000036,66.66383748237655,-0.005885044141641034,137.3131132208046,-3.7769286496540495,-3.7769284978502107,0.020503714427206887,0.009702955050709172,6.0
P22_AV0_4_interaction,P22,AV0,4,off_ramp,P22_AV0_4,HV4,60,18450,307500.0,307500.0007,4.0,4.0,28.061517,101.021461,6.0,137.048877,-7035.315985,-0.003344,0.010882,0.0,28.061523,-0.000308,0.0,7035.782681,1.981017,0.055681,1.0,0.0,0.0,0.0,6965.147274,1.873088,1021.0,1.0,66.98185,7.0,-0.006911,34.934569,125.764447,34.934559,-0.026578,-3.3e-05,0.104057,-0.003647,0.000286,0.010833,0.11525,0.0,0.0,0.0,0.0,0.0,-9999.0,-9999.0,-9999.0,-9999.0,-9999.0,-9999.0,-9999.0,-9999.0,-9999.0,-9999.0,-9999.0,-9999.0,-9999.0,-9999.0,1.933333400000003,67.24603062056761,-0.0059239849620509235,137.780805631997,-3.776585042614224,-3.7765855112812443,0.020668876363870936,0.010661108006954856,6.0
P22_AV0_4_interaction,P22,AV0,4,off_ramp,P22_AV0_4,HV4,60,18451,307516.67,307516.6674,4.0,4.0,28.061565,101.021635,6.0,137.516569,-7035.78296,0.003406,0.009866,0.0,28.061511,-0.000328,0.0,7036.249648,2.007042,0.055688,1.0,0.0,0.0,0.0,6965.728622,1.905017,1021.0,1.0,67.564074,7.0,-0.00696,34.936201,125.770323,34.936191,-0.026497,-2.9e-05,0.095099,-0.003822,0.000201,0.010833,0.141,0.0,0.0,0.0,0.0,0.0,-9999.0,-9999.0,-9999.0,-9999.0,-9999.0,-9999.0,-9999.0,-9999.0,-9999.0,-9999.0,-9999.0,-9999.0,-9999.0,-9999.0,1.9500001000000047,67.82825476690043,-0.005963629429484705,138.2484971545139,-3.776239383683867,-3.776239523682725,0.020859089983702006,0.011773971063255173,6.0
P22_AV0_4_interaction,P22,AV0,4,off_ramp,P22_AV0_4,HV4,60,18452,307533.33,307533.3335,4.0,4.0,28.061495,101.021382,6.0,137.984261,-7036.249934,0.003823,0.010903,0.0,28.06157,-0.000365,0.0,7036.716615,2.033071,0.055696,1.0,0.0,0.0,0.0,6966.309998,1.936946,1021.0,1.0,68.146326,7.0,-0.00701,34.937753,125.775911,34.937743,-0.026416,-2.7e-05,0.092227,-0.003963,5.8e-05,0.010833,0.141,0.0,0.0,0.0,0.0,0.0,-9999.0,-9999.0,-9999.0,-9999.0,-9999.0,-9999.0,-9999.0,-9999.0,-9999.0,-9999.0,-9999.0,-9999.0,-9999.0,-9999.0,1.9666662000000361,68.4105068709938,-0.0060048113123429185,138.71618889666158,-3.775889730787771,-3.775890219526483,0.021061335353124377,0.012681073219833361,6.0
P22_AV0_4_interaction,P22,AV0,4,off_ramp,P22_AV0_4,HV4,60,18453,307550.0,307550.0001,4.0,4.0,28.061539,101.021541,6.0,138.451953,-7036.716909,0.010794,0.014767,0.0,28.061666,-0.000388,0.0,7037.183583,2.059103,0.055704,1.0,0.0,0.0,0.0,6966.8914,1.968875,1021.0,1.0,68.728604,7.0,-0.007061,34.93928,125.781407,34.93927,-0.026337,-2.8e-05,0.0913,-0.004063,-0.000111,0.010833,0.1605,0.0,0.0,0.0,0.0,0.0,-9999.0,-9999.0,-9999.0,-9999.0,-9999.0,-9999.0,-9999.0,-9999.0,-9999.0,-9999.0,-9999.0,-9999.0,-9999.0,-9999.0,1.983332800000033,68.99278493586509,-0.00604742079525196,139.1838818020232,-3.7755371373250326,-3.775537492407424,0.02128178493896371,0.014211861657886904,6.0
P22_AV0_4_interaction,P22,AV0,4,off_ramp,P22_AV0_4,HV4,60,18454,307566.67,307566.6674,4.0,4.0,28.061602,101.021768,6.0,138.919646,-7037.183885,0.018276,0.01439,0.0,28.061884,-0.000395,0.0,7037.650553,2.085138,0.055713,1.0,0.0,1.0,0.0,6967.472827,2.000805,1021.0,1.0,69.310907,7.0,-0.007112,34.940798,125.786872,34.940788,-0.026258,-3.1e-05,0.090981,-0.004128,-0.00026,0.010833,0.17225,0.0,0.0,0.0,0.0,0.0,-9999.0,-9999.0,-9999.0,-9999.0,-9999.0,-9999.0,-9999.0,-9999.0,-9999.0,-9999.0,-9999.0,-9999.0,-9999.0,-9999.0,2.0000001000000047,69.57508801792841,-0.00609040447896465,139.65157686909143,-3.7751816582034126,-3.7751808144702013,0.021535073507237712,0.01587624931654974,6.0
P22_AV0_4_interaction,P22,AV0,4,off_ramp,P22_AV0_4,HV4,60,18455,307583.33,307583.3335,4.0,4.0,28.061756,101.022323,6.0,139.387341,-7037.650862,-0.002583,0.019236,0.0,28.062094,-0.000421,0.0,7038.117527,2.111179,0.055724,1.0,0.0,1.0,0.0,6968.05428,2.032735,1021.0,1.0,69.893236,7.0,-0.007165,34.942313,125.792326,34.942303,-0.026179,-3.7e-05,0.090852,-0.004168,-0.00036,0.010833,0.17475,0.0,0.0,0.0,0.0,0.0,-9999.0,-9999.0,-9999.0,-9999.0,-9999.0,-9999.0,-9999.0,-9999.0,-9999.0,-9999.0,-9999.0,-9999.0,-9999.0,-9999.0,2.016666200000036,70.15741706077054,-0.0061348157627789945,140.1192762595711,-3.774820407763931,-3.7748196555126716,0.021810992677160357,0.016555956304517783,6.0
P22_AV0_4_interaction,P22,AV0,4,off_ramp,P22_AV0_4,HV4,60,18456,307600.0,307600.0,4.0,4.0,28.062036,101.023329,6.0,139.85504,-7038.117844,0.009332,0.016755,0.0,28.062098,-0.000439,0.0,7038.584503,2.137225,0.055735,1.0,0.0,1.0,0.0,6968.635758,2.064665,1021.0,1.0,70.47559,7.0,-0.00722,34.943826,125.797774,34.943816,-0.026099,-4.3e-05,0.090782,-0.004198,-0.000399,0.01099,0.174,0.0,0.0,0.0,0.0,0.0,-9999.0,-9999.0,-9999.0,-9999.0,-9999.0,-9999.0,-9999.0,-9999.0,-9999.0,-9999.0,-9999.0,-9999.0,-9999.0,-9999.0,2.0333327000000283,70.73977106589793,-0.00618059973888268,140.58697792157187,-3.7744542746826486,-3.774453797263114,0.02208692657654865,0.016561732444007937,6.0
P22_AV0_4_interaction,P22,AV0,4,off_ramp,P22_AV0_4,HV4,60,18457,307616.67,307616.6667,4.0,4.0,28.062073,101.023462,6.0,140.322741,-7038.584827,0.004267,0.014348,0.0,28.062236,-0.000525,0.0,7039.051479,2.163275,0.055748,1.0,0.0,1.0,0.0,6969.217261,2.096595,1021.0,1.0,71.057969,7.0,-0.007275,34.944921,125.801717,34.944912,-0.026019,-5.1e-05,0.001293,-0.004187,-0.000529,0.01099,0.174,0.0,0.0,0.0,0.0,0.0,-9999.0,-9999.0,-9999.0,-9999.0,-9999.0,-9999.0,-9999.0,-9999.0,-9999.0,-9999.0,-9999.0,-9999.0,-9999.0,-9999.0,2.0499994000000297,71.32215003331054,-0.006227756407275263,141.05467980320344,-3.7740841476356275,-3.7740834275176254,0.022363048219276038,0.016599931294702275,6.0
P22_AV0_4_interaction,P22,AV0,4,off_ramp,P22_AV0_4,HV4,60,18458,307633.33,307633.3337,4.0,4.0,28.062176,101.023834,6.0,140.790443,-7039.051811,-0.002659,0.013777,0.0,28.062236,-0.000663,0.0,7039.518457,2.189331,0.055762,1.0,0.0,1.0,0.0,6969.798776,2.128525,1021.0,1.0,71.64036,7.0,-0.007331,34.942699,125.793716,34.942689,-0.025937,-6.4e-05,-0.194145,-0.003981,-0.001055,0.01099,0.174,0.0,0.0,0.0,0.0,0.0,-9999.0,-9999.0,-9999.0,-9999.0,-9999.0,-9999.0,-9999.0,-9999.0,-9999.0,-9999.0,-9999.0,-9999.0,-9999.0,-9999.0,2.0666664000000456,71.9045409826208,-0.006275571968007568,141.52238401126468,-3.7737081394554206,-3.773708354038141,0.022640263725946852,0.015920482140787007,6.0
P22_AV0_4_interaction,P22,AV0,4,off_ramp,P22_AV0_4,HV4,60,18459,307650.0,307650.0002,4.0,4.0,28.062271,101.024176,6.0,141.258147,-7039.518797,0.007904,0.013293,0.0,28.062235,-0.000845,0.0,7039.985434,2.215391,0.055776,1.0,0.0,1.0,0.0,6970.380261,2.160452,1021.0,1.0,72.22272,7.0,-0.007389,34.939151,125.780944,34.939142,-0.02585,-9.2e-05,-0.215037,-0.003499,-0.002246,0.01099,0.174,0.0,0.0,0.0,0.0,0.0,-9999.0,-9999.0,-9999.0,-9999.0,-9999.0,-9999.0,-9999.0,-9999.0,-9999.0,-9999.0,-9999.0,-9999.0,-9999.0,-9999.0,2.0833329000000376,72.48690181246569,-0.006324735772296378,141.99008744046495,-3.773328082401764,-3.773328748423019,0.022893734322821047,0.014472233731334327,6.0
P22_AV0_4_interaction,P22,AV0,4,off_ramp,P22_AV0_4,HV4,60,18460,307666.67,307666.6667,4.0,4.0,28.062214,101.023971,6.0,141.725851,-7039.985783,0.011958,0.015634,0.0,28.062395,-0.001002,0.0,7040.452412,2.241454,0.05579,1.0,0.0,1.0,0.0,6970.961691,2.192375,1021.0,1.0,72.805026,7.0,-0.007447,34.935629,125.768266,34.93562,-0.025752,-0.000145,-0.203152,-0.002573,-0.003831,0.01099,0.174,0.0,0.0,0.0,0.0,0.0,-9999.0,-9999.0,-9999.0,-9999.0,-9999.0,-9999.0,-9999.0,-9999.0,-9999.0,-9999.0,-9999.0,-9999.0,-9999.0,-9999.0,2.0999994000000295,73.06920750565047,-0.006374873619187339,142.45779203287913,-3.772945084781464,-3.772945237191959,0.023122666692913185,0.013480094451575941,6.0
P22_AV0_4_interaction,P22,AV0,4,off_ramp,P22_AV0_4,HV4,60,18461,307683.33,307683.3341,4.0,4.0,28.062301,101.024283,6.0,142.193555,-7040.452769,0.00066,0.01408,0.0,28.062561,-0.00114,0.0,7040.919392,2.267521,0.055804,1.0,0.0,1.0,0.0,6971.543064,2.224295,1021.0,1.0,73.387275,7.0,-0.007507,34.932529,125.757104,34.932519,-0.025634,-0.000223,-0.177489,-0.001296,-0.00519,0.01099,0.174,0.0,0.0,0.0,0.0,0.0,-9999.0,-9999.0,-9999.0,-9999.0,-9999.0,-9999.0,-9999.0,-9999.0,-9999.0,-9999.0,-9999.0,-9999.0,-9999.0,-9999.0,2.116666800000006,73.65145612010019,-0.0064248772018728716,142.92549884190765,-3.7725582030108487,-3.772557979562567,0.02334307798247437,0.013070666814612109,6.0
P22_AV0_4_interaction,P22,AV0,4,off_ramp,P22_AV0_4,HV4,60,18462,307700.0,307700.0007,4.0,4.0,28.062495,101.024982,6.0,142.661263,-7040.919757,-0.003106,0.013666,0.0,28.062507,-0.001312,0.0,7041.386374,2.293593,0.055817,1.0,0.0,0.0,0.0,6972.124385,2.25621,1021.0,1.0,73.969472,7.0,-0.007567,34.929711,125.746961,34.929702,-0.025491,-0.000318,-0.160344,0.000165,-0.005873,0.01099,0.174,0.0,0.0,0.0,0.0,0.0,-9999.0,-9999.0,-9999.0,-9999.0,-9999.0,-9999.0,-9999.0,-9999.0,-9999.0,-9999.0,-9999.0,-9999.0,-9999.0,-9999.0,2.1333334000000033,74.23365253845652,-0.006477018041681464,143.39320792245726,-3.7721664385984317,-3.7721671192043154,0.02355836454599114,0.013380792784524198,6.0
P22_AV0_4_interaction,P22,AV0,4,off_ramp,P22_AV0_4,HV4,60,18463,307716.67,307716.6673,4.0,4.0,28.062567,101.02524,6.0,143.128972,-7041.386748,0.01992,0.014546,0.0,28.062504,-0.001458,0.0,7041.853355,2.319668,0.055831,1.0,0.0,0.0,0.0,6972.705659,2.288123,1021.0,1.0,74.551621,7.0,-0.007627,34.927307,125.738304,34.927298,-0.025316,-0.000415,-0.133484,0.001615,-0.005742,0.01099,0.174,0.0,0.0,0.0,0.0,0.0,-9999.0,-9999.0,-9999.0,-9999.0,-9999.0,-9999.0,-9999.0,-9999.0,-9999.0,-9999.0,-9999.0,-9999.0,-9999.0,-9999.0,2.15,74.8158019179005,-0.006528575202814991,143.8609161692391,-3.7717716238040495,-3.7717727038854827,0.023789102624519387,0.014688180164366682,6.0
P22_AV0_4_interaction,P22,AV0,4,off_ramp,P22_AV0_4,HV4,60,18464,307733.33,307733.3337,4.0,4.0,28.062481,101.024932,6.0,143.59668,-7041.853737,0.014006,0.01601,0.0,28.062845,-0.001562,0.0,7042.320337,2.345746,0.055843,1.0,0.0,0.0,0.0,6973.286893,2.320034,1021.0,1.0,75.13373,7.0,-0.007687,34.925301,125.731083,34.925292,-0.025108,-0.000503,-0.113386,0.002898,-0.004878,0.011147,0.174,0.0,0.0,0.0,0.0,0.0,-9999.0,-9999.0,-9999.0,-9999.0,-9999.0,-9999.0,-9999.0,-9999.0,-9999.0,-9999.0,-9999.0,-9999.0,-9999.0,-9999.0,2.1666664000000457,75.39791124787179,-0.00657993303910448,144.32862557923488,-3.771373868443025,-3.771374157096166,0.024047965317876674,0.01615422021382551,6.0
P22_AV0_4_interaction,P22,AV0,4,off_ramp,P22_AV0_4,HV4,60,18465,307750.0,307750.0006,4.0,4.0,28.06267,101.025613,6.0,144.06439,-7042.320728,0.007102,0.018259,0.0,28.06306,-0.001633,0.0,7042.787325,2.371829,0.055855,1.0,0.0,0.0,0.0,6973.868093,2.351944,1021.0,1.0,75.715805,7.0,-0.007746,34.92351,125.724636,34.923501,-0.024865,-0.000571,-0.104852,0.003899,-0.003493,0.011147,0.174,0.0,0.0,0.0,0.0,0.0,-9999.0,-9999.0,-9999.0,-9999.0,-9999.0,-9999.0,-9999.0,-9999.0,-9999.0,-9999.0,-9999.0,-9999.0,-9999.0,-9999.0,2.1833333000000565,75.97998657422602,-0.006630422505235874,144.79634125471793,-3.7709714500709963,-3.770971105708374,0.024327576715393207,0.017377449883703155,6.0
P22_AV0_4_interaction,P22,AV0,4,off_ramp,P22_AV0_4,HV4,60,18466,307766.67,307766.6672,4.0,4.0,28.062962,101.026664,6.0,144.532104,-7042.787724,0.003155,0.021707,0.0,28.06315,-0.001636,0.0,7043.254315,2.397917,0.055867,1.0,0.0,0.0,0.0,6974.449262,2.383854,1021.0,1.0,76.29785,7.0,-0.007803,34.921789,125.71844,34.92178,-0.024594,-0.000614,-0.102287,0.004174,-0.001866,0.011304,0.174,0.0,0.0,0.0,0.0,0.0,-9999.0,-9999.0,-9999.0,-9999.0,-9999.0,-9999.0,-9999.0,-9999.0,-9999.0,-9999.0,-9999.0,-9999.0,-9999.0,-9999.0,2.1999999000000536,76.56203094734619,-0.006679209832908511,145.2640592017221,-3.770564149057166,-3.770563233904621,0.024627216182977918,0.01848342687988236,6.0
P22_AV0_4_interaction,P22,AV0,4,off_ramp,P22_AV0_4,HV4,60,18467,307783.33,307783.3336,4.0,4.0,28.063119,101.027227,6.0,144.999822,-7043.254723,0.00346,0.020721,0.0,28.063204,-0.00161,0.0,7043.721306,2.424011,0.055879,1.0,0.0,0.0,0.0,6975.030402,2.415763,1021.0,1.0,76.879866,7.0,-0.00786,34.920128,125.712462,34.92012,-0.024289,-0.000628,-0.097746,0.004493,-0.000256,0.011304,0.174,0.0,0.0,0.0,0.0,0.0,-9999.0,-9999.0,-9999.0,-9999.0,-9999.0,-9999.0,-9999.0,-9999.0,-9999.0,-9999.0,-9999.0,-9999.0,-9999.0,-9999.0,2.216666300000041,77.14404630930724,-0.006727403328930859,145.73177847666418,-3.7701509120024403,-3.7701502067732706,0.024943684581586467,0.019578510753332057,6.0
P22_AV0_4_interaction,P22,AV0,4,off_ramp,P22_AV0_4,HV4,60,18468,307800.01,307800.005,4.0,4.0,28.063177,101.027436,6.0,145.467542,-7043.721723,0.003768,0.019212,0.0,28.063263,-0.001623,0.0,7044.188297,2.450111,0.055892,1.0,0.0,0.0,0.0,6975.611515,2.447673,1021.0,1.0,77.461853,7.0,-0.007915,34.918532,125.706714,34.918523,-0.023964,-0.000618,-0.094865,0.003711,0.001162,0.011618,0.174,0.0,0.0,0.0,0.0,0.0,-9999.0,-9999.0,-9999.0,-9999.0,-9999.0,-9999.0,-9999.0,-9999.0,-9999.0,-9999.0,-9999.0,-9999.0,-9999.0,-9999.0,2.2333377000000327,77.7260347669063,-0.006773115825755519,146.19949808105153,-3.769731683999055,-3.7697316647199335,0.02527992656068534,0.020098229180885663,6.0
P22_AV0_4_interaction,P22,AV0,4,off_ramp,P22_AV0_4,HV4,60,18469,307816.67,307816.6678,4.0,4.0,28.063232,101.027637,6.0,145.935262,-7044.188723,0.007774,0.018775,0.0,28.063326,-0.001659,0.0,7044.655289,2.476216,0.055904,1.0,0.0,0.0,0.0,6976.1926,2.479582,1021.0,1.0,78.043814,7.0,-0.007968,34.916961,125.70106,34.916953,-0.023629,-0.000587,-0.093968,0.001889,0.002266,0.012246,0.174,0.0,0.0,0.0,0.0,0.0,-9999.0,-9999.0,-9999.0,-9999.0,-9999.0,-9999.0,-9999.0,-9999.0,-9999.0,-9999.0,-9999.0,-9999.0,-9999.0,-9999.0,2.2500005000000236,78.30799521183891,-0.0068182893986913785,146.66721895847002,-3.7693075184462588,-3.7693075236465106,0.025613644186094575,0.01973058086543844,6.0
P22_AV0_4_interaction,P22,AV0,4,off_ramp,P22_AV0_4,HV4,60,18470,307833.33,307833.3341,4.0,4.0,28.063294,101.027859,6.0,146.402983,-7044.655725,0.002983,0.018851,0.0,28.063353,-0.001698,0.0,7045.122283,2.502327,0.055917,1.0,0.0,0.0,0.0,6976.77366,2.511491,1021.0,1.0,78.625749,7.0,-0.00802,34.915394,125.695418,34.915386,-0.023278,-0.000541,-0.094154,-0.000152,0.003047,0.012874,0.174,0.0,0.0,0.0,0.0,0.0,-9999.0,-9999.0,-9999.0,-9999.0,-9999.0,-9999.0,-9999.0,-9999.0,-9999.0,-9999.0,-9999.0,-9999.0,-9999.0,-9999.0,2.2666668000000065,78.88993069448449,-0.006862090279236244,147.13494216231638,-3.7688774717601756,-3.768877983896454,0.025937526983327075,0.019646542472899764,6.0
P22_AV0_4_interaction,P22,AV0,4,off_ramp,P22_AV0_4,HV4,60,18471,307850.0,307850.0006,4.0,4.0,28.063391,101.028208,6.0,146.870705,-7045.122727,0.005258,0.019074,0.0,28.063447,-0.001732,0.0,7045.589276,2.528443,0.055929,1.0,0.0,0.0,0.0,6977.354693,2.543399,1021.0,1.0,79.207658,7.0,-0.008072,34.913821,125.689757,34.913814,-0.022908,-0.000486,-0.094501,-0.002387,0.003495,0.013502,0.174,0.0,0.0,0.0,0.0,0.0,-9999.0,-9999.0,-9999.0,-9999.0,-9999.0,-9999.0,-9999.0,-9999.0,-9999.0,-9999.0,-9999.0,-9999.0,-9999.0,-9999.0,2.2833333000000566,79.47183916295448,-0.0069054071435556965,147.60266464221036,-3.768442377709258,-3.7684429531812498,0.026268518542295283,0.019976776356699255,6.0
P22_AV0_4_interaction,P22,AV0,4,off_ramp,P22_AV0_4,HV4,60,18472,307866.67,307866.6667,4.0,4.0,28.063378,101.028159,6.0,147.338428,-7045.589729,0.007871,0.022685,0.0,28.063526,-0.001762,0.0,7046.05627,2.554564,0.055942,1.0,0.0,0.0,0.0,6977.9357,2.575307,1021.0,1.0,79.78954,7.0,-0.008123,34.912241,125.684068,34.912234,-0.022505,-0.000425,-0.095057,-0.004021,0.003683,0.013816,0.174,0.0,0.0,0.0,0.0,0.0,-9999.0,-9999.0,-9999.0,-9999.0,-9999.0,-9999.0,-9999.0,-9999.0,-9999.0,-9999.0,-9999.0,-9999.0,-9999.0,-9999.0,2.2999994000000297,80.05372167064657,-0.006947296407823432,148.07038839513456,-3.768002346108879,-3.7680023860084213,0.026603404785248586,0.02046780741308729,6.0
P22_AV0_4_interaction,P22,AV0,4,off_ramp,P22_AV0_4,HV4,60,18473,307883.33,307883.3334,4.0,4.0,28.063491,101.028566,6.0,147.806152,-7046.056733,0.004537,0.02134,0.0,28.06365,-0.001743,0.0,7046.523266,2.580691,0.055954,1.0,0.0,0.0,0.0,6978.516681,2.607212,1021.0,1.0,80.371396,7.0,-0.008174,34.910651,125.678343,34.910644,-0.022073,-0.000364,-0.095657,-0.00621,0.003679,0.014287,0.174,0.0,0.0,0.0,0.0,0.0,-9999.0,-9999.0,-9999.0,-9999.0,-9999.0,-9999.0,-9999.0,-9999.0,-9999.0,-9999.0,-9999.0,-9999.0,-9999.0,-9999.0,2.3166661000000315,80.63557805283855,-0.006990753546394434,148.53811447448757,-3.7675564333752636,-3.7675561870080503,0.0269507683219814,0.019206059526632235,6.0
P22_AV0_4_interaction,P22,AV0,4,off_ramp,P22_AV0_4,HV4,60,18474,307900.0,307900.0008,4.0,4.0,28.063592,101.02893,6.0,148.273878,-7046.523738,0.003753,0.021895,0.0,28.06372,-0.001738,0.0,7046.990263,2.606824,0.055967,1.0,0.0,0.0,0.0,6979.097635,2.639116,1021.0,1.0,80.953226,7.0,-0.008226,34.909052,125.672588,34.909046,-0.021622,-0.000304,-0.096059,-0.009307,0.003547,0.015072,0.174,0.0,0.0,0.0,0.0,0.0,-9999.0,-9999.0,-9999.0,-9999.0,-9999.0,-9999.0,-9999.0,-9999.0,-9999.0,-9999.0,-9999.0,-9999.0,-9999.0,-9999.0,2.3333335000000077,81.21740742085407,-0.007033726668686532,149.0058418817776,-3.767104584600701,-3.7671040061516603,0.02724361920407148,0.021991789706816922,6.0
P22_AV0_4_interaction,P22,AV0,4,off_ramp,P22_AV0_4,HV4,60,18475,307916.75,307916.7494,4.0,4.0,28.063688,101.029278,6.0,148.741606,-7046.990745,0.003856,0.022466,0.0,28.063783,-0.001735,0.0,7047.457261,2.632964,0.05598,1.0,0.0,0.0,0.0,6979.678562,2.671017,1021.0,1.0,81.535029,7.0,-0.00828,34.90735,125.666459,34.907343,-0.021142,-0.000246,-0.113366,-0.012119,0.003397,0.0157,0.174,0.002198,0.0,0.0,0.0,0.0,-9999.0,-9999.0,-9999.0,-9999.0,-9999.0,-9999.0,-9999.0,-9999.0,-9999.0,-9999.0,-9999.0,-9999.0,-9999.0,-9999.0,2.3500821,81.79920966487772,-0.007078212757572124,149.47357067191325,-3.7666458012938078,-3.7666457956762947,0.027686365769127974,0.02680530608316778,6.0
P22_AV0_4_interaction,P22,AV0,4,off_ramp,P22_AV0_4,HV4,60,18476,307933.33,307933.3343,4.0,4.0,28.063752,101.029506,6.0,149.209334,-7047.457753,0.007041,0.021844,0.0,28.06388,-0.001749,0.0,7047.92426,2.65911,0.055994,1.0,0.0,0.0,0.0,6980.259462,2.702914,1021.0,1.0,82.116803,7.0,-0.008335,34.905501,125.659803,34.905495,-0.020631,-0.000193,-0.10062,-0.015068,0.003045,0.016328,0.174,0.0,0.0,0.0,0.0,0.0,-9999.0,-9999.0,-9999.0,-9999.0,-9999.0,-9999.0,-9999.0,-9999.0,-9999.0,-9999.0,-9999.0,-9999.0,-9999.0,-9999.0,2.3666670000000156,82.38098473000183,-0.007125210304483858,149.94130078998683,-3.766181081946017,-3.7661812296155794,0.028137013176618098,0.02320223040136793,6.0
P22_AV0_4_interaction,P22,AV0,4,off_ramp,P22_AV0_4,HV4,60,18477,307950.0,307950.0006,4.0,4.0,28.063815,101.029735,6.0,149.677064,-7047.924761,0.007728,0.025149,0.0,28.063977,-0.001779,0.0,7048.39126,2.685262,0.056008,1.0,0.0,0.0,0.0,6980.840331,2.734806,1021.0,1.0,82.698547,7.0,-0.008393,34.903877,125.653957,34.903871,-0.02009,-0.000145,-0.096825,-0.018524,0.002766,0.017113,0.174,0.0,0.0,0.0,0.0,0.0,-9999.0,-9999.0,-9999.0,-9999.0,-9999.0,-9999.0,-9999.0,-9999.0,-9999.0,-9999.0,-9999.0,-9999.0,-9999.0,-9999.0,2.3833333000000567,82.9627285673534,-0.007175498170109837,150.40903223599835,-3.7657104265573307,-3.7657101857217063,0.02845721988352068,0.021145576383226228,6.0
P22_AV0_4_interaction,P22,AV0,4,off_ramp,P22_AV0_4,HV4,60,18478,307966.67,307966.667,4.0,4.0,28.063939,101.03018,6.0,150.144796,-7048.391771,0.007446,0.023809,0.0,28.06413,-0.001772,0.0,7048.858261,2.711421,0.056023,1.0,0.0,0.0,0.0,6981.421173,2.766694,1021.0,1.0,83.280264,7.0,-0.008455,34.902266,125.648159,34.902261,-0.019521,-0.000102,-0.096555,-0.022486,0.002432,0.018055,0.174,0.0,0.0,0.0,0.0,0.0,-9999.0,-9999.0,-9999.0,-9999.0,-9999.0,-9999.0,-9999.0,-9999.0,-9999.0,-9999.0,-9999.0,-9999.0,-9999.0,-9999.0,2.399999700000044,83.54444522580451,-0.0072282974937129055,150.8767650648546,-3.7652328366362613,-3.765232673603574,0.028841852717079064,0.0227150001641081,6.0
P22_AV0_4_interaction,P22,AV0,4,off_ramp,P22_AV0_4,HV4,60,18479,307983.33,307983.3342,4.0,4.0,28.064041,101.030548,6.0,150.612529,-7048.858783,0.003491,0.020902,0.0,28.064228,-0.001827,0.0,7049.325265,2.737586,0.056038,1.0,0.0,0.0,0.0,6982.001989,2.798575,1021.0,1.0,83.861954,7.0,-0.008522,34.900659,125.642371,34.900653,-0.01891,-6.4e-05,-0.096454,-0.025799,0.002158,0.018683,0.174,0.0,0.0,0.0,0.0,0.0,-9999.0,-9999.0,-9999.0,-9999.0,-9999.0,-9999.0,-9999.0,-9999.0,-9999.0,-9999.0,-9999.0,-9999.0,-9999.0,-9999.0,2.416666900000011,84.12613553912567,-0.00728665865740776,151.3445012186314,-3.764749420489669,-3.7647487826349026,0.02921439203163345,0.021963428903150728,6.0
P22_AV0_4_interaction,P22,AV0,4,off_ramp,P22_AV0_4,HV4,60,18480,308000.0,308000.0008,4.0,4.0,28.064192,101.031093,6.0,151.080265,-7049.325796,0.011267,0.021952,0.0,28.064286,-0.001894,0.0,7049.792269,2.763758,0.056053,1.0,0.0,0.0,0.0,6982.582778,2.830449,1021.0,1.0,84.443617,7.0,-0.008594,34.899052,125.636587,34.899047,-0.018249,-3.1e-05,-0.096391,-0.028882,0.001929,0.019154,0.174,0.0,0.0,0.0,0.0,0.0,-9999.0,-9999.0,-9999.0,-9999.0,-9999.0,-9999.0,-9999.0,-9999.0,-9999.0,-9999.0,-9999.0,-9999.0,-9999.0,-9999.0,2.433333500000008,84.70779850882329,-0.007350526753383863,151.8122377567611,-3.7642590149029824,-3.7642588471207024,0.029573977729299372,0.02144110261490706,6.0
P22_AV0_4_interaction,P22,AV0,4,off_ramp,P22_AV0_4,HV4,60,18481,308016.67,308016.6673,4.0,4.0,28.064257,101.031325,6.0,151.548002,-7049.792811,0.011051,0.01979,0.0,28.064526,-0.001959,0.0,7050.259275,2.789936,0.056068,1.0,0.0,0.0,0.0,6983.163541,2.862316,1021.0,1.0,85.025253,7.0,-0.008672,34.897446,125.630807,34.897442,-0.017545,-1e-06,-0.096337,-0.032514,0.001728,0.019782,0.174,0.0,0.0,0.0,0.0,0.0,-9999.0,-9999.0,-9999.0,-9999.0,-9999.0,-9999.0,-9999.0,-9999.0,-9999.0,-9999.0,-9999.0,-9999.0,-9999.0,-9999.0,2.45,85.28943513339003,-0.0074199566894027,152.27997662132148,-3.7637627281831616,-3.7637629903134,0.029929090476031206,0.02089073754702475,6.0
P22_AV0_4_interaction,P22,AV0,4,off_ramp,P22_AV0_4,HV4,60,18482,308033.33,308033.3334,4.0,4.0,28.064379,101.031766,6.0,152.01574,-7050.259827,0.003027,0.018065,0.0,28.064657,-0.002036,0.0,7050.726285,2.81612,0.056082,1.0,0.0,1.0,0.0,6983.744277,2.894174,1021.0,1.0,85.606863,7.0,-0.008758,34.895841,125.625029,34.895837,-0.01681,2.6e-05,-0.096285,-0.037066,0.001545,0.020724,0.174,0.0,0.0,0.0,0.0,0.0,-9999.0,-9999.0,-9999.0,-9999.0,-9999.0,-9999.0,-9999.0,-9999.0,-9999.0,-9999.0,-9999.0,-9999.0,-9999.0,-9999.0,2.4666661000000314,85.87104430451878,-0.007496890540620682,152.74771980929233,-3.7632606701454274,-3.7632612328614057,0.030270320660648053,0.020048868629851224,6.0
P22_AV0_4_interaction,P22,AV0,4,off_ramp,P22_AV0_4,HV4,60,18483,308050.0,308050.0006,4.0,4.0,28.064618,101.032624,6.0,152.483483,-7050.726847,0.003011,0.020441,0.0,28.064706,-0.002126,0.0,7051.193295,2.842309,0.056097,1.0,0.0,1.0,0.0,6984.324987,2.926022,1021.0,1.0,86.188446,7.0,-0.008852,34.894238,125.619255,34.894234,-0.01603,5e-05,-0.096235,-0.040972,0.001372,0.021352,0.174,0.0,0.0,0.0,0.0,0.0,-9999.0,-9999.0,-9999.0,-9999.0,-9999.0,-9999.0,-9999.0,-9999.0,-9999.0,-9999.0,-9999.0,-9999.0,-9999.0,-9999.0,2.483333300000057,86.45262696579356,-0.007582381706185556,153.2154632718026,-3.762753619650571,-3.7627539802732386,0.030597384492295987,0.019425520765340765,6.0
P22_AV0_4_interaction,P22,AV0,4,off_ramp,P22_AV0_4,HV4,60,18484,308066.67,308066.6675,4.0,4.0,28.064682,101.032855,6.0,152.951227,-7051.193868,-0.004404,0.020335,0.0,28.064757,-0.002183,0.0,7051.660307,2.868503,0.056111,1.0,0.0,1.0,0.0,6984.905671,2.957859,1021.0,1.0,86.770002,7.0,-0.008956,34.892634,125.613484,34.892631,-0.0152,7.2e-05,-0.096189,-0.044647,0.001206,0.021823,0.174,0.0,0.0,0.0,0.0,0.0,-9999.0,-9999.0,-9999.0,-9999.0,-9999.0,-9999.0,-9999.0,-9999.0,-9999.0,-9999.0,-9999.0,-9999.0,-9999.0,-9999.0,2.5000002000000094,87.03418306230672,-0.007677428677532634,153.68320900583396,-3.762241686513914,-3.7622412966849232,0.030917853030999254,0.018994341322007946,6.0
P22_AV0_4_interaction,P22,AV0,4,off_ramp,P22_AV0_4,HV4,60,18485,308083.33,308083.334,4.0,4.0,28.064731,101.03303,6.0,153.418972,-7051.66089,0.006249,0.01945,0.0,28.064698,-0.002216,0.0,7052.127318,2.894703,0.056124,1.0,0.0,1.0,0.0,6985.486329,2.989684,1021.0,1.0,87.351531,7.0,-0.00907,34.891032,125.607716,34.891029,-0.014315,9e-05,-0.096135,-0.047706,0.001045,0.02198,0.17275,0.0,0.0,0.0,0.0,0.0,-9999.0,-9999.0,-9999.0,-9999.0,-9999.0,-9999.0,-9999.0,-9999.0,-9999.0,-9999.0,-9999.0,-9999.0,-9999.0,-9999.0,2.5166667000000014,87.61571253914964,-0.007783029946045512,154.1509540708197,-3.7617237075209364,-3.7617233832368298,0.03123053065611714,0.018812838244868013,6.0
P22_AV0_4_interaction,P22,AV0,4,off_ramp,P22_AV0_4,HV4,60,18486,308100.0,308100.0007,4.0,4.0,28.064721,101.032994,6.0,153.886718,-7052.127912,0.007788,0.017034,0.0,28.06484,-0.002249,0.0,7052.594329,2.920909,0.056137,1.0,0.0,1.0,0.0,6986.06696,3.021496,1021.0,1.0,87.933033,7.0,-0.009195,34.889431,125.601951,34.889428,-0.013381,0.000106,-0.096091,-0.050925,0.00089,0.022137,0.17225,0.0,0.0,0.0,0.0,0.0,-9999.0,-9999.0,-9999.0,-9999.0,-9999.0,-9999.0,-9999.0,-9999.0,-9999.0,-9999.0,-9999.0,-9999.0,-9999.0,-9999.0,2.533333400000003,88.19721434292379,-0.007900129095497003,154.61869946525158,-3.7611997375793496,-3.761200283098292,0.03154494515158035,0.018779826459729976,6.0
P22_AV0_4_interaction,P22,AV0,4,off_ramp,P22_AV0_4,HV4,60,18487,308116.67,308116.6669,4.0,4.0,28.06475,101.033099,6.0,154.354463,-7052.594933,0.003642,0.018871,0.0,28.064942,-0.0023,0.0,7053.061342,2.947119,0.056149,1.0,0.0,1.0,0.0,6986.647566,3.053294,1021.0,1.0,88.514509,7.0,-0.009333,34.88783,125.596188,34.887828,-0.012403,0.000119,-0.096057,-0.053891,0.000738,0.022137,0.17,0.0,0.0,0.0,0.0,0.0,-9999.0,-9999.0,-9999.0,-9999.0,-9999.0,-9999.0,-9999.0,-9999.0,-9999.0,-9999.0,-9999.0,-9999.0,-9999.0,-9999.0,2.549999600000039,88.77869041570406,-0.008029834432695577,155.0864470762978,-3.7606718834874484,-3.760671898893583,0.03185651681852164,0.01881044991961278,6.0
P22_AV0_4_interaction,P22,AV0,4,off_ramp,P22_AV0_4,HV4,60,18488,308133.34,308133.336,4.0,4.0,28.064905,101.033657,6.0,154.82221,-7053.061957,0.004304,0.019595,0.0,28.06497,-0.002304,0.0,7053.528356,2.973335,0.056161,1.0,0.0,1.0,0.0,6987.228146,3.085078,1021.0,1.0,89.095958,7.0,-0.009485,34.88623,125.590427,34.886228,-0.01139,0.00013,-0.096024,-0.05697,0.000591,0.02198,0.16825,0.0,0.0,0.0,0.0,0.0,-9999.0,-9999.0,-9999.0,-9999.0,-9999.0,-9999.0,-9999.0,-9999.0,-9999.0,-9999.0,-9999.0,-9999.0,-9999.0,-9999.0,2.5666687000000383,89.36013975900055,-0.00817209105003045,155.554196015281,-3.7601380933545996,-3.760138335668168,0.032171997813478015,0.01896287926079332,6.0
P22_AV0_4_interaction,P22,AV0,4,off_ramp,P22_AV0_4,HV4,60,18489,308150.0,308150.0,4.0,4.0,28.064973,101.033902,6.0,155.289959,-7053.528982,-0.00492,0.019627,0.0,28.06496,-0.002284,0.0,7053.99537,2.999556,0.056172,1.0,0.0,1.0,0.0,6987.8087,3.116845,1021.0,1.0,89.677381,7.0,-0.00965,34.88463,125.584668,34.884629,-0.010351,0.000139,-0.095989,-0.060135,0.000446,0.02198,0.16825,0.0,0.0,0.0,0.0,0.0,-9999.0,-9999.0,-9999.0,-9999.0,-9999.0,-9999.0,-9999.0,-9999.0,-9999.0,-9999.0,-9999.0,-9999.0,-9999.0,-9999.0,2.583332700000028,89.94156220808742,-0.008329894421654186,156.0219452288027,-3.759599310764577,-3.7595995081343645,0.032488607994082486,0.019041856711298544,6.0
P22_AV0_4_interaction,P22,AV0,4,off_ramp,P22_AV0_4,HV4,60,18490,308166.67,308166.6675,4.0,4.0,28.065005,101.034019,6.0,155.757709,-7053.996008,0.019626,0.019367,0.0,28.064936,-0.002252,0.0,7054.462383,3.025782,0.056182,1.0,0.0,1.0,0.0,6988.389228,3.148596,1021.0,1.0,90.258777,7.0,-0.009831,34.883031,125.578911,34.88303,-0.009296,0.000145,-0.095954,-0.063356,0.000307,0.02198,0.16775,0.0,0.0,0.0,0.0,0.0,-9999.0,-9999.0,-9999.0,-9999.0,-9999.0,-9999.0,-9999.0,-9999.0,-9999.0,-9999.0,-9999.0,-9999.0,-9999.0,-9999.0,2.6000002000000095,90.52295781787511,-0.00850224605628307,156.48969371837202,-3.7590554808097183,-3.7590554405542242,0.03280669175592266,0.01966034078945711,6.0
P22_AV0_4_interaction,P22,AV0,4,off_ramp,P22_AV0_4,HV4,60,18491,308183.33,308183.3335,4.0,4.0,28.064919,101.033707,6.0,156.225457,-7054.463032,0.009885,0.022427,0.0,28.065273,-0.002214,0.0,7054.929397,3.052014,0.056192,1.0,0.0,1.0,0.0,6988.969731,3.18033,1021.0,1.0,90.840146,7.0,-0.010028,34.881432,125.573157,34.881431,-0.008232,0.000148,-0.095919,-0.066608,0.000181,0.02198,0.1665,0.0,0.0,0.0,0.0,0.0,-9999.0,-9999.0,-9999.0,-9999.0,-9999.0,-9999.0,-9999.0,-9999.0,-9999.0,-9999.0,-9999.0,-9999.0,-9999.0,-9999.0,2.616666200000036,91.10432753194587,-0.008690199352963193,156.95744353587833,-3.7585057148139143,-3.7585059467675035,0.033143954235058004,0.01954257491013489,6.0
P22_AV0_4_interaction,P22,AV0,4,off_ramp,P22_AV0_4,HV4,60,18492,308200.0,308200.0008,4.0,4.0,28.0651,101.034359,6.0,156.693207,-7054.930057,0.022514,0.022258,0.0,28.065392,-0.002126,0.0,7055.396416,3.078251,0.056202,1.0,0.0,1.0,0.0,6989.550207,3.212044,1021.0,1.0,91.421488,7.0,-0.010243,34.879834,125.567404,34.879834,-0.007167,0.00015,-0.095884,-0.069869,6.8e-05,0.02198,0.1665,0.0,0.0,0.0,0.0,0.0,-9999.0,-9999.0,-9999.0,-9999.0,-9999.0,-9999.0,-9999.0,-9999.0,-9999.0,-9999.0,-9999.0,-9999.0,-9999.0,-9999.0,2.633333500000008,91.68566918859398,-0.00889663997062733,157.42519862038017,-3.757951230899393,-3.7579506427346816,0.03345810846374775,0.020826830198852564,6.0
P22_AV0_4_interaction,P22,AV0,4,off_ramp,P22_AV0_4,HV4,60,18493,308216.7,308216.6968,4.0,4.0,28.065355,101.03528,6.0,157.160962,-7055.397088,0.021636,0.022095,0.0,28.065896,-0.002045,0.0,7055.863437,3.104495,0.056212,1.0,0.0,1.0,0.0,6990.130659,3.243739,1021.0,1.0,92.002804,7.0,-0.010475,34.878237,125.561653,34.878236,-0.006107,0.00015,-0.095849,-0.073118,-2.9e-05,0.02198,0.1665,0.0,0.0,0.0,0.0,0.0,-9999.0,-9999.0,-9999.0,-9999.0,-9999.0,-9999.0,-9999.0,-9999.0,-9999.0,-9999.0,-9999.0,-9999.0,-9999.0,-9999.0,2.650029500000004,92.26698583820156,-0.009120734140921327,157.89295608621939,-3.757389867360253,-3.7573896657494137,0.03383891967079933,0.022903653340772268,6.0
P22_AV0_4_interaction,P22,AV0,4,off_ramp,P22_AV0_4,HV4,60,18494,308233.33,308233.3341,4.0,4.0,28.06558,101.036088,6.0,157.62872,-7055.86412,0.00168,0.020425,0.0,28.066124,-0.001971,0.0,7056.330467,3.130745,0.056222,1.0,0.0,1.0,0.0,6990.711084,3.275413,1021.0,1.0,92.584093,7.0,-0.010727,34.876638,125.555895,34.876637,-0.005058,0.000149,-0.096347,-0.076338,-0.000112,0.02198,0.1665,0.0,0.0,0.0,0.0,0.0,-9999.0,-9999.0,-9999.0,-9999.0,-9999.0,-9999.0,-9999.0,-9999.0,-9999.0,-9999.0,-9999.0,-9999.0,-9999.0,-9999.0,2.6666668000000064,92.84827437547789,-0.009364314123584709,158.3607228679271,-3.756823007041708,-3.7568227079339493,0.03422155166373386,0.02086142611102404,6.0
P22_AV0_4_interaction,P22,AV0,4,off_ramp,P22_AV0_4,HV4,60,18495,308250.0,308250.0001,4.0,4.0,28.066076,101.037875,6.0,158.096486,-7056.331161,0.001699,0.019674,0.0,28.066148,-0.001925,0.0,7056.797498,3.157001,0.056233,1.0,0.0,1.0,0.0,6991.291484,3.307066,1021.0,1.0,93.165356,7.0,-0.010999,34.875018,125.550063,34.875017,-0.004026,0.000147,-0.097767,-0.079511,-0.000182,0.02198,0.1665,0.0,0.0,0.0,0.0,0.0,-9999.0,-9999.0,-9999.0,-9999.0,-9999.0,-9999.0,-9999.0,-9999.0,-9999.0,-9999.0,-9999.0,-9999.0,-9999.0,-9999.0,2.683332800000033,93.42953679740835,-0.009627489734136902,158.82849097757276,-3.7562502106822664,-3.756249966872968,0.034533551232442505,0.019557675723938184,6.0
P22_AV0_4_interaction,P22,AV0,4,off_ramp,P22_AV0_4,HV4,60,18496,308266.67,308266.6683,4.0,4.0,28.066138,101.038095,6.0,158.564255,-7056.798204,-0.009083,0.019425,0.0,28.066181,-0.001892,0.0,7057.264529,3.183263,0.056243,1.0,0.0,1.0,0.0,6991.871859,3.338696,1021.0,1.0,93.746591,7.0,-0.011293,34.873374,125.544145,34.873374,-0.003014,0.000143,-0.099619,-0.082623,-0.000242,0.02198,0.1665,0.0,0.0,0.0,0.0,0.0,-9999.0,-9999.0,-9999.0,-9999.0,-9999.0,-9999.0,-9999.0,-9999.0,-9999.0,-9999.0,-9999.0,-9999.0,-9999.0,-9999.0,2.7000010000000474,94.0107729941748,-0.009912257955299599,159.29625941666455,-3.7556714233742157,-3.7556715588924705,0.0348734948206868,0.020172186486740573,6.0
P22_AV0_4_interaction,P22,AV0,4,off_ramp,P22_AV0_4,HV4,60,18497,308283.34,308283.3365,4.0,4.0,28.066162,101.038184,6.0,159.032024,-7057.265247,0.005117,0.019363,0.0,28.066051,-0.001863,0.0,7057.73156,3.20953,0.056254,1.0,0.0,1.0,0.0,6992.452207,3.370302,1021.0,1.0,94.3278,7.0,-0.011608,34.871682,125.538055,34.871682,-0.002028,0.000138,-0.102873,-0.085656,-0.000297,0.02198,0.1665,0.0,0.0,0.0,0.0,0.0,-9999.0,-9999.0,-9999.0,-9999.0,-9999.0,-9999.0,-9999.0,-9999.0,-9999.0,-9999.0,-9999.0,-9999.0,-9999.0,-9999.0,2.716669200000004,94.59198091388875,-0.010219507463233052,159.7640281302948,-3.755087643608992,-3.7550874101002285,0.03520601931003853,0.019293885819641643,6.0
P22_AV0_4_interaction,P22,AV0,4,off_ramp,P22_AV0_4,HV4,60,18498,308300.0,308300.0001,4.0,4.0,28.066105,101.037977,6.0,159.499792,-7057.73229,0.011457,0.017657,0.0,28.06618,-0.001839,0.0,7058.19859,3.235803,0.056264,1.0,0.0,1.0,0.0,6993.032528,3.401884,1021.0,1.0,94.908979,7.0,-0.011947,34.869939,125.531779,34.869939,-0.00107,0.000133,-0.105449,-0.088598,-0.000349,0.02198,0.16675,0.0,0.0,0.0,0.0,0.0,-9999.0,-9999.0,-9999.0,-9999.0,-9999.0,-9999.0,-9999.0,-9999.0,-9999.0,-9999.0,-9999.0,-9999.0,-9999.0,-9999.0,2.7333328000000328,95.17316055654838,-0.010549238257838272,160.23179617487946,-3.754497817987448,-3.754498080372736,0.035516600796100306,0.01810115820871072,6.0
P22_AV0_4_interaction,P22,AV0,4,off_ramp,P22_AV0_4,HV4,60,18499,308316.67,308316.6676,4.0,4.0,28.066093,101.037936,6.0,159.96756,-7058.199332,0.010969,0.016718,0.0,28.06637,-0.001839,0.0,7058.665622,3.26208,0.056275,1.0,0.0,1.0,0.0,6993.612822,3.43344,1021.0,1.0,95.49013,7.0,-0.012309,34.868171,125.525414,34.868171,-0.000143,0.000127,-0.106507,-0.091436,-0.000396,0.02198,0.16675,0.0,0.0,0.0,0.0,0.0,-9999.0,-9999.0,-9999.0,-9999.0,-9999.0,-9999.0,-9999.0,-9999.0,-9999.0,-9999.0,-9999.0,-9999.0,-9999.0,-9999.0,2.750000300000014,95.75431181234012,-0.010903447322083985,160.6995664360784,-3.7539041082155884,-3.7539036015548803,0.03580934663406765,0.017167452815249007,6.0
P22_AV0_4_interaction,P22,AV0,4,off_ramp,P22_AV0_4,HV4,60,18500,308333.34,308333.335,4.0,4.0,28.066276,101.038592,6.0,160.43533,-7058.666375,0.010449,0.015466,0.0,28.06655,-0.001877,0.0,7059.132656,3.288363,0.056285,1.0,0.0,1.0,0.0,6994.193087,3.46497,1021.0,1.0,96.071252,7.0,-0.012696,34.866385,125.518984,34.866385,0.00075,0.00012,-0.10778,-0.094162,-0.000436,0.02198,0.16675,0.0,0.0,0.0,0.0,0.0,-9999.0,-9999.0,-9999.0,-9999.0,-9999.0,-9999.0,-9999.0,-9999.0,-9999.0,-9999.0,-9999.0,-9999.0,-9999.0,-9999.0,2.766667700000049,96.33543268427951,-0.011282024840498037,161.16733902370527,-3.7533045173104433,-3.7533043794121035,0.0360888761982352,0.0162372662843282,6.0
P22_AV0_4_interaction,P22,AV0,4,off_ramp,P22_AV0_4,HV4,60,18501,308350.0,308350.0007,4.0,4.0,28.066461,101.039261,6.0,160.903103,-7059.133422,0.003225,0.015769,0.0,28.066691,-0.001906,0.0,7059.599694,3.314651,0.056295,1.0,0.0,1.0,0.0,6994.773325,3.496473,1021.0,1.0,96.652344,7.0,-0.013109,34.864572,125.512458,34.864572,0.001608,0.000112,-0.109246,-0.096772,-0.000463,0.02198,0.1675,0.0,0.0,0.0,0.0,0.0,-9999.0,-9999.0,-9999.0,-9999.0,-9999.0,-9999.0,-9999.0,-9999.0,-9999.0,-9999.0,-9999.0,-9999.0,-9999.0,-9999.0,2.783333400000003,96.91652511444332,-0.011686079119987005,161.63511587983768,-3.7527001535789704,-3.752700647901894,0.03635058686957393,0.015166368738313452,6.0
P22_AV0_4_interaction,P22,AV0,4,off_ramp,P22_AV0_4,HV4,60,18502,308366.67,308366.6673,4.0,4.0,28.066637,101.039894,6.0,161.370879,-7059.600472,0.006532,0.015119,0.0,28.066739,-0.001902,0.0,7060.066733,3.340942,0.056305,1.0,0.0,0.0,0.0,6995.353533,3.527947,1021.0,1.0,97.233405,7.0,-0.013549,34.862745,125.505884,34.862745,0.00243,0.000104,-0.109724,-0.099264,-0.000477,0.02198,0.16775,0.0,0.0,0.0,0.0,0.0,-9999.0,-9999.0,-9999.0,-9999.0,-9999.0,-9999.0,-9999.0,-9999.0,-9999.0,-9999.0,-9999.0,-9999.0,-9999.0,-9999.0,2.8,97.49758599754082,-0.012117442420286862,162.10289389918313,-3.752092849280805,-3.752092730521116,0.036594405183976164,0.014324390567785228,6.0
P22_AV0_4_interaction,P22,AV0,4,off_ramp,P22_AV0_4,HV4,60,18503,308383.33,308383.3342,4.0,4.0,28.066718,101.040184,6.0,161.838657,-7060.067523,-0.003341,0.013205,0.0,28.066811,-0.001912,0.0,7060.533772,3.367238,0.056314,1.0,0.0,0.0,0.0,6995.933713,3.559393,1021.0,1.0,97.814436,7.0,-0.014015,34.860915,125.499295,34.860915,0.003214,9.6e-05,-0.109848,-0.101636,-0.000479,0.02198,0.16775,0.0,0.0,0.0,0.0,0.0,-9999.0,-9999.0,-9999.0,-9999.0,-9999.0,-9999.0,-9999.0,-9999.0,-9999.0,-9999.0,-9999.0,-9999.0,-9999.0,-9999.0,2.816666900000011,98.07861738546238,-0.012575226065335454,162.57067219306794,-3.751480552525517,-3.751480828225163,0.03682806875970357,0.013390326519149065,6.0
P22_AV0_4_interaction,P22,AV0,4,off_ramp,P22_AV0_4,HV4,60,18504,308400.0,308400.0,4.0,4.0,28.066794,101.040457,6.0,162.306436,-7060.534575,0.010369,0.013493,0.0,28.066778,-0.001933,0.0,7061.000812,3.393537,0.056322,1.0,0.0,0.0,0.0,6996.513864,3.59081,1021.0,1.0,98.395437,7.0,-0.014509,34.859084,125.492703,34.859084,0.003959,8.8e-05,-0.109839,-0.10389,-0.000467,0.02198,0.169,0.0,0.0,0.0,0.0,0.0,-9999.0,-9999.0,-9999.0,-9999.0,-9999.0,-9999.0,-9999.0,-9999.0,-9999.0,-9999.0,-9999.0,-9999.0,-9999.0,-9999.0,2.833332700000028,98.65961822480851,-0.01306037363885566,163.03845165016762,-3.7508653152036358,-3.750865151805339,0.03704074230513754,0.012190794078369649,6.0
P22_AV0_4_interaction,P22,AV0,4,off_ramp,P22_AV0_4,HV4,60,18505,308416.67,308416.6668,4.0,4.0,28.066783,101.040419,6.0,162.774216,-7061.001628,0.012672,0.009865,0.0,28.066946,-0.00193,0.0,7061.467853,3.41984,0.05633,1.0,0.0,0.0,0.0,6997.093986,3.622196,1021.0,1.0,98.976407,7.0,-0.015032,34.857254,125.486114,34.857254,0.004665,8.1e-05,-0.109786,-0.106027,-0.000444,0.02198,0.169,0.0,0.0,0.0,0.0,0.0,-9999.0,-9999.0,-9999.0,-9999.0,-9999.0,-9999.0,-9999.0,-9999.0,-9999.0,-9999.0,-9999.0,-9999.0,-9999.0,-9999.0,2.8499995000000347,99.24058840576565,-0.013574882123817975,163.5062323253889,-3.7502461388236763,-3.7502461637817244,0.03723441848180187,0.010769093919833939,6.0
P22_AV0_4_interaction,P22,AV0,4,off_ramp,P22_AV0_4,HV4,60,18506,308433.33,308433.3342,4.0,4.0,28.066865,101.040713,6.0,163.241996,-7061.468681,0.004433,0.01198,0.0,28.067133,-0.001941,0.0,7061.934896,3.446146,0.056336,1.0,0.0,0.0,0.0,6997.674079,3.653551,1021.0,1.0,99.557347,7.0,-0.015584,34.855425,125.479529,34.855424,0.005333,7.4e-05,-0.109691,-0.108051,-0.000413,0.02198,0.169,0.0,0.0,0.0,0.0,0.0,-9999.0,-9999.0,-9999.0,-9999.0,-9999.0,-9999.0,-9999.0,-9999.0,-9999.0,-9999.0,-9999.0,-9999.0,-9999.0,-9999.0,2.866666900000011,99.82152792833288,-0.014118751520170685,163.97401516231594,-3.7496240767847864,-3.7496239721382603,0.03739972041400108,0.011335963288473527,6.0
P22_AV0_4_interaction,P22,AV0,4,off_ramp,P22_AV0_4,HV4,60,18507,308450.02,308450.0245,4.0,4.0,28.067052,101.041385,6.0,163.709779,-7061.935737,0.006808,0.011461,0.0,28.067195,-0.001911,0.0,7062.401941,3.472456,0.056342,1.0,0.0,0.0,0.0,6998.254143,3.684875,1021.0,1.0,100.138256,7.0,-0.016166,34.853598,125.472953,34.853598,0.005961,6.7e-05,-0.109473,-0.109962,-0.000377,0.02198,0.16925,0.0,0.0,0.0,0.0,0.0,-9999.0,-9999.0,-9999.0,-9999.0,-9999.0,-9999.0,-9999.0,-9999.0,-9999.0,-9999.0,-9999.0,-9999.0,-9999.0,-9999.0,2.883357200000028,100.4024367925093,-0.01469198182786563,164.44180021585726,-3.7489981305955795,-3.748998591926086,0.03761262514640862,0.012403898553985604,6.0
P22_AV0_4_interaction,P22,AV0,4,off_ramp,P22_AV0_4,HV4,60,18508,308466.67,308466.6669,4.0,4.0,28.06717,101.041811,6.0,164.177564,-7062.402795,0.00694,0.010086,0.0,28.067336,-0.001854,0.0,7062.868988,3.498768,0.056347,1.0,0.0,0.0,0.0,6998.834179,3.716167,1021.0,1.0,100.719134,7.0,-0.016778,34.851777,125.466397,34.851776,0.00655,6.1e-05,-0.109137,-0.111763,-0.000338,0.02198,0.17,0.0,0.0,0.0,0.0,0.0,-9999.0,-9999.0,-9999.0,-9999.0,-9999.0,-9999.0,-9999.0,-9999.0,-9999.0,-9999.0,-9999.0,-9999.0,-9999.0,-9999.0,2.899999600000039,100.98331594187991,-0.015295626446098718,164.90958737619664,-3.7483702972388775,-3.748370255462467,0.037813209544964366,0.010135322963922944,6.0
P22_AV0_4_interaction,P22,AV0,4,off_ramp,P22_AV0_4,HV4,60,18509,308483.33,308483.3344,4.0,4.0,28.067252,101.042107,6.0,164.645351,-7062.869854,0.01012,0.010566,0.0,28.067458,-0.001798,0.0,7063.336036,3.525083,0.056351,1.0,0.0,0.0,0.0,6999.414185,3.747426,1021.0,1.0,101.299982,7.0,-0.017421,34.849959,125.459854,34.849959,0.007101,5.6e-05,-0.108978,-0.113455,-0.000299,0.022137,0.1715,0.0,0.0,0.0,0.0,0.0,-9999.0,-9999.0,-9999.0,-9999.0,-9999.0,-9999.0,-9999.0,-9999.0,-9999.0,-9999.0,-9999.0,-9999.0,-9999.0,-9999.0,2.9166671000000206,101.56416332455254,-0.015930574050829562,165.37737569974993,-3.7477395233155333,-3.747739034781146,0.03795013542028869,0.008425318331064302,6.0
P22_AV0_4_interaction,P22,AV0,4,off_ramp,P22_AV0_4,HV4,60,18510,308500.0,308500.0006,4.0,4.0,28.067394,101.042617,6.0,165.11314,-7063.336916,0.010689,0.009215,0.0,28.067631,-0.001731,0.0,7063.803087,3.551401,0.056354,1.0,0.0,0.0,0.0,6999.994164,3.778653,1021.0,1.0,101.8808,7.0,-0.018096,34.848045,125.452964,34.848045,0.007613,5.2e-05,-0.125692,-0.115028,-0.0002,0.02198,0.1715,0.002198,0.0,0.0,0.0,0.0,-9999.0,-9999.0,-9999.0,-9999.0,-9999.0,-9999.0,-9999.0,-9999.0,-9999.0,-9999.0,-9999.0,-9999.0,-9999.0,-9999.0,2.9333333000000565,102.14498199091112,-0.01659599087381187,165.84516718350164,-3.747105918641019,-3.747105237238249,0.03809405603217897,0.007981051472494283,6.0
P22_AV0_4_interaction,P22,AV0,4,off_ramp,P22_AV0_4,HV4,60,18511,308516.67,308516.6672,4.0,4.0,28.067542,101.043153,6.0,165.580931,-7063.80398,0.004263,0.008044,0.0,28.067744,-0.001663,0.0,7064.270141,3.577722,0.056357,1.0,0.0,0.0,0.0,7000.574111,3.809846,1021.0,1.0,102.461586,7.0,-0.018802,34.846001,125.445604,34.846,0.008088,4.8e-05,-0.111901,-0.116515,-0.000243,0.02198,0.1715,0.0,0.0,0.0,0.0,0.0,-9999.0,-9999.0,-9999.0,-9999.0,-9999.0,-9999.0,-9999.0,-9999.0,-9999.0,-9999.0,-9999.0,-9999.0,-9999.0,-9999.0,2.9499999000000536,102.72576683868232,-0.01729359935940314,166.31296182744993,-3.7464694832152343,-3.746469253178124,0.03821616568926345,0.0067373606596585756,6.0
P22_AV0_4_interaction,P22,AV0,4,off_ramp,P22_AV0_4,HV4,60,18512,308533.34,308533.3352,4.0,4.0,28.06772,101.043794,6.0,166.048725,-7064.271047,0.003572,0.005305,0.0,28.067824,-0.001592,0.0,7064.737195,3.604045,0.056358,1.0,0.0,0.0,0.0,7001.154028,3.841005,1021.0,1.0,103.042338,7.0,-0.019541,34.844196,125.439104,34.844195,0.008526,4.5e-05,-0.107477,-0.117891,-0.000209,0.02198,0.1715,0.0,0.0,0.0,0.0,0.0,-9999.0,-9999.0,-9999.0,-9999.0,-9999.0,-9999.0,-9999.0,-9999.0,-9999.0,-9999.0,-9999.0,-9999.0,-9999.0,-9999.0,2.9666679000000005,103.30651986484875,-0.01802350932297919,166.78075658121358,-3.745831050806581,-3.745831316481944,0.038318641604860204,0.005376420357696254,6.0
P22_AV0_4_interaction,P22,AV0,4,off_ramp,P22_AV0_4,HV4,60,18513,308550.0,308550.0027,4.0,4.0,28.06778,101.044006,6.0,166.516521,-7064.738115,0.007093,0.003364,0.0,28.06788,-0.001537,0.0,7065.204252,3.630369,0.056358,1.0,0.0,0.0,0.0,7001.733915,3.872129,1021.0,1.0,103.62306,7.0,-0.020312,34.84241,125.432675,34.842409,0.008929,4.1e-05,-0.106968,-0.119165,-0.000225,0.02198,0.1725,0.0,0.0,0.0,0.0,0.0,-9999.0,-9999.0,-9999.0,-9999.0,-9999.0,-9999.0,-9999.0,-9999.0,-9999.0,-9999.0,-9999.0,-9999.0,-9999.0,-9999.0,2.98333540000004,103.88724101450273,-0.01878671925597355,167.24855438536028,-3.7451917846296285,-3.7451918821464067,0.03839539212172838,0.00353508930674562,6.0
P22_AV0_4_interaction,P22,AV0,4,off_ramp,P22_AV0_4,HV4,60,18514,308566.67,308566.6673,4.0,4.0,28.067854,101.044274,6.0,166.984318,-7065.205184,0.001693,0.001805,0.0,28.067928,-0.001482,0.0,7065.671309,3.656694,0.056358,1.0,0.0,0.0,0.0,7002.313775,3.903219,1021.0,1.0,104.203752,7.0,-0.021117,34.84064,125.426304,34.840639,0.009297,3.7e-05,-0.105492,-0.120341,-0.000204,0.02198,0.17425,0.0,0.0,0.0,0.0,0.0,-9999.0,-9999.0,-9999.0,-9999.0,-9999.0,-9999.0,-9999.0,-9999.0,-9999.0,-9999.0,-9999.0,-9999.0,-9999.0,-9999.0,3.0,104.46793333802638,-0.019582395390037404,167.71635224441374,-3.7445515199611896,-3.7445515176134387,0.0384364797589285,0.0013088480083260912,6.0
P22_AV0_4_interaction,P22,AV0,4,off_ramp,P22_AV0_4,HV4,60,18515,308583.33,308583.3343,4.0,4.0,28.06794,101.044582,6.0,167.452116,-7065.672255,-0.016757,0.000335,0.0,28.06789,-0.001419,0.0,7066.138366,3.683019,0.056357,1.0,0.0,0.0,0.0,7002.893607,3.934274,1021.0,1.0,104.784414,7.0,-0.021954,34.838891,125.420007,34.838889,0.009631,3.4e-05,-0.104654,-0.121421,-0.000164,0.02198,0.17675,0.0,0.0,0.0,0.0,0.0,-9999.0,-9999.0,-9999.0,-9999.0,-9999.0,-9999.0,-9999.0,-9999.0,-9999.0,-9999.0,-9999.0,-9999.0,-9999.0,-9999.0,3.016667000000016,105.04859578202112,-0.020411481308943557,168.1841501034672,-3.7439112552927516,-3.743910732730426,0.03843901256736615,-0.0008279782198552521,6.0
P22_AV0_4_interaction,P22,AV0,4,off_ramp,P22_AV0_4,HV4,60,18516,308600.0,308600.0009,4.0,4.0,28.067943,101.044593,6.0,167.919914,-7066.139326,0.024851,-0.002375,0.0,28.067723,-0.00136,0.0,7066.605422,3.709345,0.056354,1.0,0.0,0.0,0.0,7003.473411,3.965293,1021.0,1.0,105.365047,7.0,-0.022826,34.83715,125.413739,34.837148,0.009932,3.2e-05,-0.104254,-0.12241,-0.00012,0.02198,0.18,0.0,0.0,0.0,0.0,0.0,-9999.0,-9999.0,-9999.0,-9999.0,-9999.0,-9999.0,-9999.0,-9999.0,-9999.0,-9999.0,-9999.0,-9999.0,-9999.0,-9999.0,3.0333336000000126,105.62922829157836,-0.02127497550407561,168.6519470189366,-3.7432699372251674,-3.7432702069382744,0.03840888104808471,-0.002719394459326896,6.0
P22_AV0_4_interaction,P22,AV0,4,off_ramp,P22_AV0_4,HV4,60,18517,308616.67,308616.6674,4.0,4.0,28.067751,101.043902,6.0,168.387711,-7066.606396,0.007976,-0.004651,0.0,28.068105,-0.001302,0.0,7067.072478,3.735669,0.05635,1.0,0.0,0.0,0.0,7004.053189,3.996277,1021.0,1.0,105.945651,7.0,-0.023731,34.835317,125.407142,34.835316,0.010203,3.1e-05,-0.120716,-0.123298,-1.7e-05,0.02198,0.1855,0.002198,0.0,0.0,0.0,0.0,-9999.0,-9999.0,-9999.0,-9999.0,-9999.0,-9999.0,-9999.0,-9999.0,-9999.0,-9999.0,-9999.0,-9999.0,-9999.0,-9999.0,3.0500001000000045,106.20983291858933,-0.022171989299423118,169.1197438245915,-3.7426306161405014,-3.742630445652998,0.03834836690221266,-0.0045364348364829166,6.0
P22_AV0_4_interaction,P22,AV0,4,off_ramp,P22_AV0_4,HV4,60,18518,308633.33,308633.334,4.0,4.0,28.06793,101.044548,6.0,168.855508,-7067.073465,0.003324,-0.005585,0.0,28.068206,-0.001222,0.0,7067.539539,3.761993,0.056345,1.0,0.0,0.0,0.0,7004.632937,4.027225,1021.0,1.0,106.526224,7.0,-0.024671,34.833259,125.399734,34.833258,0.010443,3.1e-05,-0.123459,-0.124107,1e-06,0.021823,0.1855,0.002198,0.0,0.0,0.0,0.0,-9999.0,-9999.0,-9999.0,-9999.0,-9999.0,-9999.0,-9999.0,-9999.0,-9999.0,-9999.0,-9999.0,-9999.0,-9999.0,-9999.0,3.0666667000000016,106.79040561418017,-0.023103301555624255,169.58754562270346,-3.741991569594296,-3.7419919369970263,0.03825766743092629,-0.006514768347779087,6.0
P22_AV0_4_interaction,P22,AV0,4,off_ramp,P22_AV0_4,HV4,60,18519,308650.0,308650.0008,4.0,4.0,28.068171,101.045416,6.0,169.32331,-7067.54054,0.015902,-0.008262,0.0,28.068229,-0.001128,0.0,7068.006602,3.788315,0.056337,1.0,0.0,0.0,0.0,7005.212654,4.058137,1021.0,1.0,107.106763,7.0,-0.025646,34.831316,125.392739,34.831315,0.010654,3e-05,-0.104909,-0.124846,-4.7e-05,0.021666,0.194,0.0,0.0,0.0,0.0,0.0,-9999.0,-9999.0,-9999.0,-9999.0,-9999.0,-9999.0,-9999.0,-9999.0,-9999.0,-9999.0,-9999.0,-9999.0,-9999.0,-9999.0,3.0833335000000077,107.3709453798591,-0.024068857364966584,170.05534930798265,-3.7413546298463305,-3.741355187542658,0.03813120709385487,-0.008394150242446496,6.0
P22_AV0_4_interaction,P22,AV0,4,off_ramp,P22_AV0_4,HV4,60,18520,308666.67,308666.6674,4.0,4.0,28.068233,101.04564,6.0,169.791113,-7068.007617,-0.005397,-0.007875,0.0,28.068491,-0.001016,0.0,7068.473665,3.814634,0.056328,1.0,0.0,0.0,0.0,7005.79234,4.089012,1021.0,1.0,107.687271,7.0,-0.026655,34.829632,125.386674,34.82963,0.010837,3e-05,-0.100109,-0.125497,-6.6e-05,0.021666,0.2045,0.0,0.0,0.0,0.0,0.0,-9999.0,-9999.0,-9999.0,-9999.0,-9999.0,-9999.0,-9999.0,-9999.0,-9999.0,-9999.0,-9999.0,-9999.0,-9999.0,-9999.0,3.100000100000005,107.95145216071931,-0.025069655218937125,170.52315282853877,-3.740720685572671,-3.740720894189103,0.03797786218586907,-0.009402710281548377,6.0
P22_AV0_4_interaction,P22,AV0,4,off_ramp,P22_AV0_4,HV4,60,18521,308683.33,308683.3342,4.0,4.0,28.068361,101.046101,6.0,170.258917,-7068.474695,-0.007845,-0.010875,0.0,28.068301,-0.000844,0.0,7068.940732,3.840951,0.056317,1.0,0.0,0.0,0.0,7006.372,4.11985,1021.0,1.0,108.267749,7.0,-0.027699,34.827969,125.38069,34.827968,0.010995,2.8e-05,-0.099512,-0.126074,-9.7e-05,0.021666,0.2165,0.0,0.0,0.0,0.0,0.0,-9999.0,-9999.0,-9999.0,-9999.0,-9999.0,-9999.0,-9999.0,-9999.0,-9999.0,-9999.0,-9999.0,-9999.0,-9999.0,-9999.0,3.116666900000011,108.53193094921788,-0.026105969655991972,170.9909602332448,-3.7400889579126266,-3.7400892563032277,0.03781778271016378,-0.010057382464441211,6.0
P22_AV0_4_interaction,P22,AV0,4,off_ramp,P22_AV0_4,HV4,60,18522,308700.0,308700.0,4.0,4.0,28.068446,101.046404,6.0,170.726725,-7068.941776,0.008462,-0.010117,0.0,28.068252,-0.000682,0.0,7069.407796,3.867265,0.056305,1.0,0.0,1.0,0.0,7006.951634,4.150653,1021.0,1.0,108.8482,7.0,-0.028778,34.826315,125.374732,34.826313,0.011127,2.7e-05,-0.098889,-0.126578,-7.2e-05,0.021352,0.229,0.0,0.0,0.0,0.0,0.0,-9999.0,-9999.0,-9999.0,-9999.0,-9999.0,-9999.0,-9999.0,-9999.0,-9999.0,-9999.0,-9999.0,-9999.0,-9999.0,-9999.0,3.133332700000028,109.11238185516929,-0.027175803693210567,171.45876447775424,-3.73946006100385,-3.7394603290047677,0.037642624384488954,-0.010783910422140774,6.0
P22_AV0_4_interaction,P22,AV0,4,off_ramp,P22_AV0_4,HV4,60,18523,308716.67,308716.6668,4.0,4.0,28.068236,101.04565,6.0,171.194529,-7069.408854,-0.006883,-0.010562,0.0,28.068261,-0.000476,0.0,7069.874861,3.893576,0.056292,1.0,0.0,1.0,0.0,7007.531242,4.181418,1021.0,1.0,109.428623,7.0,-0.029893,34.824581,125.368492,34.824579,0.011237,2.6e-05,-0.114224,-0.127005,3.6e-05,0.021352,0.24075,0.002198,0.0,0.0,0.0,0.0,-9999.0,-9999.0,-9999.0,-9999.0,-9999.0,-9999.0,-9999.0,-9999.0,-9999.0,-9999.0,-9999.0,-9999.0,-9999.0,-9999.0,3.1499995000000345,109.69280471385134,-0.028282152804949667,171.92656955603147,-3.7388342144770417,-3.738834529951626,0.037458326389881336,-0.010795436776853462,6.0
P22_AV0_4_interaction,P22,AV0,4,off_ramp,P22_AV0_4,HV4,60,18524,308733.33,308733.334,4.0,4.0,28.068323,101.045962,6.0,171.662333,-7069.875933,0.008726,-0.009235,0.0,28.068223,-0.000226,0.0,7070.341924,3.919883,0.056278,1.0,0.0,1.0,0.0,7008.110822,4.212147,1021.0,1.0,110.009016,7.0,-0.031042,34.822647,125.361529,34.822645,0.011326,2.7e-05,-0.115318,-0.127131,6.8e-05,0.021038,0.249,0.002198,0.0,0.0,0.0,0.0,-9999.0,-9999.0,-9999.0,-9999.0,-9999.0,-9999.0,-9999.0,-9999.0,-9999.0,-9999.0,-9999.0,-9999.0,-9999.0,-9999.0,3.1666667000000017,110.2731976380959,-0.02942291019291555,172.39437241769528,-3.738212252100599,-3.7382116932243425,0.03728276950485565,-0.010397002302732883,6.0
P22_AV0_4_interaction,P22,AV0,4,off_ramp,P22_AV0_4,HV4,60,18525,308750.0,308750.0003,4.0,4.0,28.068204,101.045534,6.0,172.130137,-7070.343011,0.012713,-0.011496,0.0,28.068398,2.5e-05,0.0,7070.808988,3.946189,0.056263,1.0,0.0,1.0,0.0,7008.690373,4.242838,1021.0,1.0,110.589378,7.0,-0.032228,34.820862,125.355103,34.82086,0.011404,2.8e-05,-0.093969,-0.126689,3.4e-05,0.020724,0.249,0.0,0.0,0.0,0.0,0.0,-9999.0,-9999.0,-9999.0,-9999.0,-9999.0,-9999.0,-9999.0,-9999.0,-9999.0,-9999.0,-9999.0,-9999.0,-9999.0,-9999.0,3.1833330000000424,110.85355951959761,-0.030600017932365397,172.86217622294225,-3.737591343123252,-3.737591764599111,0.03711175766869701,-0.010289617783007854,6.0
P22_AV0_4_interaction,P22,AV0,4,off_ramp,P22_AV0_4,HV4,60,18526,308766.67,308766.6672,4.0,4.0,28.068296,101.045866,6.0,172.597941,-7070.810089,0.008118,-0.011982,0.0,28.068607,0.000264,0.0,7071.276056,3.972491,0.056248,1.0,0.0,1.0,0.0,7009.269897,4.273493,1021.0,1.0,111.169711,7.0,-0.033448,34.819412,125.349883,34.81941,0.011466,2.9e-05,-0.083115,-0.1262,2.7e-05,0.02041,0.2535,0.0,0.0,0.0,0.0,0.0,-9999.0,-9999.0,-9999.0,-9999.0,-9999.0,-9999.0,-9999.0,-9999.0,-9999.0,-9999.0,-9999.0,-9999.0,-9999.0,-9999.0,3.1999999000000536,111.43389246515268,-0.03181158885570364,173.32998380252465,-3.7369746477424393,-3.736974639685354,0.03693978358295169,-0.01049501923182583,6.0
P22_AV0_4_interaction,P22,AV0,4,off_ramp,P22_AV0_4,HV4,60,18527,308783.33,308783.3335,4.0,4.0,28.068504,101.046614,6.0,173.065748,-7071.277172,0.003858,-0.009107,0.0,28.068714,0.0005,0.0,7071.743127,3.99879,0.056233,1.0,0.0,1.0,0.0,7009.849398,4.30411,1021.0,1.0,111.750019,7.0,-0.034704,34.818108,125.34519,34.818106,0.01151,2.9e-05,-0.075767,-0.125672,1.3e-05,0.020096,0.256,0.0,0.0,0.0,0.0,0.0,-9999.0,-9999.0,-9999.0,-9999.0,-9999.0,-9999.0,-9999.0,-9999.0,-9999.0,-9999.0,-9999.0,-9999.0,-9999.0,-9999.0,3.216666200000036,112.01420035891282,-0.03305983957664621,173.79779421285838,-3.7363611125590164,-3.7363604433003537,0.03676192530569722,-0.01071902341507025,6.0
P22_AV0_4_interaction,P22,AV0,4,off_ramp,P22_AV0_4,HV4,60,18528,308800.0,308800.0006,4.0,4.0,28.068675,101.04723,6.0,173.533558,-7071.744257,0.003906,-0.01063,0.0,28.068778,0.000755,0.0,7072.210199,4.025087,0.056217,1.0,0.0,1.0,0.0,7010.428879,4.334692,1021.0,1.0,112.330305,7.0,-0.035995,34.81679,125.340445,34.816788,0.011532,3e-05,-0.086795,-0.125093,0.00012,0.019782,0.257,0.002198,0.0,0.0,0.0,0.0,-9999.0,-9999.0,-9999.0,-9999.0,-9999.0,-9999.0,-9999.0,-9999.0,-9999.0,-9999.0,-9999.0,-9999.0,-9999.0,-9999.0,3.233333300000057,112.5944863610746,-0.03434193934392283,174.26560551186847,-3.7357496292661745,-3.735749239869442,0.03658248201217873,-0.011211145832347169,6.0
P22_AV0_4_interaction,P22,AV0,4,off_ramp,P22_AV0_4,HV4,60,18529,308816.67,308816.667,4.0,4.0,28.068746,101.047486,6.0,174.00137,-7072.211345,0.004086,-0.013259,0.0,28.068844,0.000973,0.0,7072.677273,4.051381,0.056203,1.0,0.0,1.0,0.0,7011.008339,4.365237,1021.0,1.0,112.910568,7.0,-0.037321,34.815509,125.335831,34.815507,0.01153,3.2e-05,-0.060176,-0.124494,0.00011,0.019468,0.25725,0.0,0.0,0.0,0.0,0.0,-9999.0,-9999.0,-9999.0,-9999.0,-9999.0,-9999.0,-9999.0,-9999.0,-9999.0,-9999.0,-9999.0,-9999.0,-9999.0,-9999.0,3.249999700000044,113.17474936333178,-0.0356598302327434,174.73341864313815,-3.73514125126301,-3.7351410210119247,0.03638821919884094,-0.012241042223668508,6.0
P22_AV0_4_interaction,P22,AV0,4,off_ramp,P22_AV0_4,HV4,60,18530,308833.33,308833.334,4.0,4.0,28.06881,101.047717,6.0,174.469183,-7072.678433,0.001045,-0.014604,0.0,28.06888,0.001141,0.0,7073.144348,4.077672,0.056189,1.0,0.0,1.0,0.0,7011.587781,4.395746,1021.0,1.0,113.490811,7.0,-0.038683,34.814635,125.332687,34.814633,0.011506,3.5e-05,-0.054679,-0.123456,0.000251,0.018997,0.25725,0.002198,0.0,0.0,0.0,0.0,-9999.0,-9999.0,-9999.0,-9999.0,-9999.0,-9999.0,-9999.0,-9999.0,-9999.0,-9999.0,-9999.0,-9999.0,-9999.0,-9999.0,3.2666667000000014,113.75499241606647,-0.03701267847475465,175.20123260817562,-3.7345359236418125,-3.734536296930199,0.036174445753204054,-0.013277897807418393,6.0
P22_AV0_4_interaction,P22,AV0,4,off_ramp,P22_AV0_4,HV4,60,18531,308850.0,308850.0007,4.0,4.0,28.068878,101.04796,6.0,174.936997,-7073.145523,0.007367,-0.015254,0.0,28.068951,0.001278,0.0,7073.611423,4.103958,0.056175,1.0,0.0,1.0,0.0,7012.167209,4.426219,1021.0,1.0,114.071038,7.0,-0.040079,34.81398,125.330326,34.813978,0.011446,3.9e-05,-0.019542,-0.123191,0.000214,0.01884,0.25825,0.0,0.0,0.0,0.0,0.0,-9999.0,-9999.0,-9999.0,-9999.0,-9999.0,-9999.0,-9999.0,-9999.0,-9999.0,-9999.0,-9999.0,-9999.0,-9999.0,-9999.0,3.283333400000003,114.33521951324393,-0.03840070370070558,175.6690462986755,-3.7339355884778365,-3.733935192824559,0.03594561800774443,-0.014751138241567041,6.0
P22_AV0_4_interaction,P22,AV0,4,off_ramp,P22_AV0_4,HV4,60,18532,308866.67,308866.6672,4.0,4.0,28.068889,101.047999,6.0,175.404811,-7073.612614,0.004213,-0.01731,0.0,28.069053,0.001396,0.0,7074.078501,4.130241,0.056162,1.0,0.0,1.0,0.0,7012.746629,4.456657,1021.0,1.0,114.651255,7.0,-0.04151,34.813834,125.329802,34.813832,0.011349,4.4e-05,-0.009648,-0.122887,0.000372,0.018683,0.25975,0.002198,0.0,0.0,0.0,0.0,-9999.0,-9999.0,-9999.0,-9999.0,-9999.0,-9999.0,-9999.0,-9999.0,-9999.0,-9999.0,-9999.0,-9999.0,-9999.0,-9999.0,3.2999999000000533,114.91543670072068,-0.03982323686532938,176.13686281992582,-3.7333384135112015,-3.733338114407799,0.03568274352056733,-0.016579921153247357,6.0
P22_AV0_4_interaction,P22,AV0,4,off_ramp,P22_AV0_4,HV4,60,18533,308883.33,308883.3341,4.0,4.0,28.069012,101.048443,6.0,175.872627,-7074.079707,0.000892,-0.019189,0.0,28.06909,0.001446,0.0,7074.54558,4.15652,0.056149,1.0,0.0,1.0,0.0,7013.326047,4.487061,1021.0,1.0,115.231468,7.0,-0.042976,34.813934,125.330161,34.813932,0.011219,5e-05,0.02485,-0.122211,0.000371,0.018369,0.26025,0.0,0.0,0.0,0.0,0.0,-9999.0,-9999.0,-9999.0,-9999.0,-9999.0,-9999.0,-9999.0,-9999.0,-9999.0,-9999.0,-9999.0,-9999.0,-9999.0,-9999.0,3.3166668000000064,115.49565002435232,-0.041279608923312026,176.60468012003716,-3.7327452874180156,-3.732745765775548,0.03539295221813177,-0.01799673167680904,6.0
P22_AV0_4_interaction,P22,AV0,4,off_ramp,P22_AV0_4,HV4,60,18534,308900.0,308900.0007,4.0,4.0,28.069088,101.048718,6.0,176.340444,-7074.546801,0.010331,-0.020877,0.0,28.06919,0.001485,0.0,7075.01266,4.182793,0.056136,1.0,0.0,1.0,0.0,7013.905468,4.517429,1021.0,1.0,115.811683,7.0,-0.044476,34.814561,125.332418,34.814559,0.011045,5.8e-05,0.042884,-0.122315,0.000498,0.018369,0.2605,0.0,0.0,0.0,0.0,0.0,-9999.0,-9999.0,-9999.0,-9999.0,-9999.0,-9999.0,-9999.0,-9999.0,-9999.0,-9999.0,-9999.0,-9999.0,-9999.0,-9999.0,3.333333400000003,116.07586436678233,-0.042772091396079195,177.0724980891941,-3.7321582071811497,-3.7321583433465575,0.03508284983091414,-0.01925687177739155,6.0
P22_AV0_4_interaction,P22,AV0,4,off_ramp,P22_AV0_4,HV4,60,18535,308916.67,308916.6668,4.0,4.0,28.069097,101.048749,6.0,176.808262,-7075.013896,0.003973,-0.019203,0.0,28.069321,0.001519,0.0,7075.479742,4.209061,0.056122,1.0,0.0,1.0,0.0,7014.484901,4.547764,1021.0,1.0,116.391907,7.0,-0.046011,34.815339,125.335222,34.815338,0.010836,6.7e-05,0.049661,-0.121629,0.000575,0.018055,0.262,0.0,0.0,0.0,0.0,0.0,-9999.0,-9999.0,-9999.0,-9999.0,-9999.0,-9999.0,-9999.0,-9999.0,-9999.0,-9999.0,-9999.0,-9999.0,-9999.0,-9999.0,3.3499995000000347,116.6560888791552,-0.044298182978481884,177.54031778079522,-3.7315762292168317,-3.731576359504354,0.03475106933888128,-0.020352219743243083,6.0
P22_AV0_4_interaction,P22,AV0,4,off_ramp,P22_AV0_4,HV4,60,18536,308933.33,308933.3334,4.0,4.0,28.069276,101.049394,6.0,177.276082,-7075.480994,-0.000212,-0.021056,0.0,28.069385,0.00155,0.0,7075.946827,4.235324,0.056109,1.0,0.0,1.0,0.0,7015.064348,4.578065,1021.0,1.0,116.972144,7.0,-0.04758,34.816237,125.338452,34.816235,0.01059,7.7e-05,0.056512,-0.120928,0.000655,0.017741,0.262,0.0,0.0,0.0,0.0,0.0,-9999.0,-9999.0,-9999.0,-9999.0,-9999.0,-9999.0,-9999.0,-9999.0,-9999.0,-9999.0,-9999.0,-9999.0,-9999.0,-9999.0,3.3666661000000313,117.23632550354681,-0.045858991977378485,178.00814019333137,-3.7309994084327216,-3.730999996546755,0.03440445495115796,-0.021122721588651805,6.0
P22_AV0_4_interaction,P22,AV0,4,off_ramp,P22_AV0_4,HV4,60,18537,308950.0,308950.0,4.0,4.0,28.069354,101.049676,6.0,177.743904,-7075.948095,0.002421,-0.021823,0.0,28.069421,0.001588,0.0,7076.413913,4.26158,0.056095,1.0,0.0,1.0,0.0,7015.643812,4.608333,1021.0,1.0,117.552395,7.0,-0.049184,34.817229,125.342023,34.817227,0.010305,8.9e-05,0.061242,-0.120172,0.000706,0.017427,0.26225,0.0,0.0,0.0,0.0,0.0,-9999.0,-9999.0,-9999.0,-9999.0,-9999.0,-9999.0,-9999.0,-9999.0,-9999.0,-9999.0,-9999.0,-9999.0,-9999.0,-9999.0,3.383332700000028,117.81657729033923,-0.04745368462441753,178.47596322000635,-3.7304296319964165,-3.730429548926576,0.03404698143562257,-0.021567620850478253,6.0
P22_AV0_4_interaction,P22,AV0,4,off_ramp,P22_AV0_4,HV4,60,18538,308966.67,308966.6674,4.0,4.0,28.069383,101.049779,6.0,178.211727,-7076.415196,0.010345,-0.022585,0.0,28.069485,0.001622,0.0,7076.880999,4.287831,0.056081,1.0,0.0,1.0,0.0,7016.223293,4.638567,1021.0,1.0,118.132663,7.0,-0.050822,34.818274,125.345786,34.818273,0.009979,0.000101,0.063482,-0.11932,0.000718,0.017113,0.263,0.0,0.0,0.0,0.0,0.0,-9999.0,-9999.0,-9999.0,-9999.0,-9999.0,-9999.0,-9999.0,-9999.0,-9999.0,-9999.0,-9999.0,-9999.0,-9999.0,-9999.0,3.4000001000000046,118.39684418462386,-0.04908325941098437,178.94378597214194,-3.729864848017235,-3.729865074755608,0.03368551968712552,-0.021879903550348967,6.0
P22_AV0_4_interaction,P22,AV0,4,off_ramp,P22_AV0_4,HV4,60,18539,308983.33,308983.3342,4.0,4.0,28.069441,101.049987,6.0,178.679551,-7076.882298,0.008355,-0.021671,0.0,28.069634,0.001651,0.0,7077.348088,4.314075,0.056067,1.0,0.0,1.0,0.0,7016.802794,4.668768,1021.0,1.0,118.712948,7.0,-0.052493,34.819338,125.349616,34.819337,0.00961,0.000113,0.063956,-0.118336,0.000692,0.016799,0.263,0.0,0.0,0.0,0.0,0.0,-9999.0,-9999.0,-9999.0,-9999.0,-9999.0,-9999.0,-9999.0,-9999.0,-9999.0,-9999.0,-9999.0,-9999.0,-9999.0,-9999.0,3.416666900000011,118.97712923678372,-0.05074688256878013,179.4116113353981,-3.7293072182011815,-3.7293066688584977,0.03331763258647413,-0.02244539825827696,6.0
P22_AV0_4_interaction,P22,AV0,4,off_ramp,P22_AV0_4,HV4,60,18540,309000.0,309000.0002,4.0,4.0,28.069571,101.050456,6.0,179.147376,-7077.349403,0.00794,-0.021513,0.0,28.06976,0.001701,0.0,7077.81518,4.340314,0.056053,1.0,0.0,1.0,0.0,7017.382314,4.698937,1021.0,1.0,119.29325,7.0,-0.054199,34.820402,125.353446,34.820401,0.009198,0.000124,0.063971,-0.117192,0.000632,0.016485,0.26425,0.0,0.0,0.0,0.0,0.0,-9999.0,-9999.0,-9999.0,-9999.0,-9999.0,-9999.0,-9999.0,-9999.0,-9999.0,-9999.0,-9999.0,-9999.0,-9999.0,-9999.0,3.4333329000000377,119.55743150323474,-0.05244350069865705,179.87943941959023,-3.7287547455653858,-3.7287545044738115,0.03293735231180506,-0.022949220883015542,6.0
P22_AV0_4_interaction,P22,AV0,4,off_ramp,P22_AV0_4,HV4,60,18541,309016.67,309016.6673,4.0,4.0,28.069704,101.050934,6.0,179.615203,-7077.81651,0.00391,-0.024132,0.0,28.06988,0.001729,0.0,7078.282273,4.366547,0.056038,1.0,0.0,1.0,0.0,7017.961854,4.729073,1021.0,1.0,119.87357,7.0,-0.055938,34.821474,125.357306,34.821473,0.008737,0.000133,0.064836,-0.116252,0.000548,0.016328,0.26425,0.0,0.0,0.0,0.0,0.0,-9999.0,-9999.0,-9999.0,-9999.0,-9999.0,-9999.0,-9999.0,-9999.0,-9999.0,-9999.0,-9999.0,-9999.0,-9999.0,-9999.0,3.45,120.13775192756007,-0.05417416719971207,180.34726817282797,-3.7282083187859114,-3.728208765226606,0.03255266362256748,-0.023283679108456412,6.0
P22_AV0_4_interaction,P22,AV0,4,off_ramp,P22_AV0_4,HV4,60,18542,309033.33,309033.3341,4.0,4.0,28.069826,101.051374,6.0,180.083033,-7078.28362,-0.005278,-0.023464,0.0,28.069811,0.001761,0.0,7078.749369,4.392773,0.056022,1.0,0.0,0.0,0.0,7018.541413,4.759176,1021.0,1.0,120.453908,7.0,-0.057711,34.822567,125.361241,34.822566,0.00824,0.000141,0.066015,-0.114339,0.000451,0.015857,0.26525,0.0,0.0,0.0,0.0,0.0,-9999.0,-9999.0,-9999.0,-9999.0,-9999.0,-9999.0,-9999.0,-9999.0,-9999.0,-9999.0,-9999.0,-9999.0,-9999.0,-9999.0,3.4666668000000063,120.71808951126887,-0.055938827164282674,180.81509953718623,-3.7276690461695634,-3.7276693971253807,0.032161216602546006,-0.023724511297040674,6.0
P22_AV0_4_interaction,P22,AV0,4,off_ramp,P22_AV0_4,HV4,60,18543,309050.0,309050.0002,4.0,4.0,28.069913,101.051686,6.0,180.550864,-7078.750732,0.021544,-0.023345,0.0,28.069898,0.001813,0.0,7079.216464,4.418992,0.056007,1.0,0.0,0.0,0.0,7019.120992,4.789248,1021.0,1.0,121.034263,7.0,-0.059516,34.823672,125.365218,34.823671,0.007697,0.000148,0.066455,-0.113017,0.000352,0.0157,0.26525,0.0,0.0,0.0,0.0,0.0,-9999.0,-9999.0,-9999.0,-9999.0,-9999.0,-9999.0,-9999.0,-9999.0,-9999.0,-9999.0,-9999.0,-9999.0,-9999.0,-9999.0,3.4833329000000375,121.29844536266829,-0.05773553851721335,181.2829295186989,-3.7271367080855478,-3.7271367383288645,0.03176185719297564,-0.024040867849749015,6.0
P22_AV0_4_interaction,P22,AV0,4,off_ramp,P22_AV0_4,HV4,60,18544,309066.67,309066.6675,4.0,4.0,28.069767,101.051161,6.0,181.018694,-7079.217843,0.011928,-0.023589,0.0,28.070212,0.001872,0.0,7079.683562,4.445205,0.055991,1.0,0.0,0.0,0.0,7019.700591,4.819288,1021.0,1.0,121.614638,7.0,-0.061354,34.824783,125.369221,34.824783,0.007115,0.000153,0.067218,-0.111111,0.000256,0.015386,0.26575,0.0,0.0,0.0,0.0,0.0,-9999.0,-9999.0,-9999.0,-9999.0,-9999.0,-9999.0,-9999.0,-9999.0,-9999.0,-9999.0,-9999.0,-9999.0,-9999.0,-9999.0,3.5000002000000094,121.87881942684972,-0.05956529974988503,181.7507621662398,-3.726610525673225,-3.726610666911858,0.031359852549783795,-0.024284955460410318,6.0
P22_AV0_4_interaction,P22,AV0,4,off_ramp,P22_AV0_4,HV4,60,18545,309083.33,309083.3341,4.0,4.0,28.070078,101.05228,6.0,181.486526,-7079.684958,-0.00067,-0.025139,0.0,28.070368,0.001919,0.0,7080.150665,4.471411,0.055974,1.0,0.0,0.0,0.0,7020.28021,4.849298,1021.0,1.0,122.19503,7.0,-0.063224,34.825818,125.372947,34.825818,0.006498,0.000157,0.051382,-0.109021,0.000229,0.015072,0.2655,0.002198,0.0,0.0,0.0,0.0,-9999.0,-9999.0,-9999.0,-9999.0,-9999.0,-9999.0,-9999.0,-9999.0,-9999.0,-9999.0,-9999.0,-9999.0,-9999.0,-9999.0,3.5166668000000065,122.45921181362947,-0.06142611387948235,182.21859942188394,-3.726091607239404,-3.726091391855436,0.03095234514798051,-0.024357616329806042,6.0
P22_AV0_4_interaction,P22,AV0,4,off_ramp,P22_AV0_4,HV4,60,18546,309100.0,309100.0007,4.0,4.0,28.070312,101.053122,6.0,181.954364,-7080.152077,0.014427,-0.02379,0.0,28.070486,0.001981,0.0,7080.617771,4.497611,0.055958,1.0,0.0,0.0,0.0,7020.859848,4.879277,1021.0,1.0,122.775439,7.0,-0.065126,34.82672,125.376192,34.82672,0.005842,0.000159,0.064647,-0.107166,7e-05,0.014915,0.2665,0.0,0.0,0.0,0.0,0.0,-9999.0,-9999.0,-9999.0,-9999.0,-9999.0,-9999.0,-9999.0,-9999.0,-9999.0,-9999.0,-9999.0,-9999.0,-9999.0,-9999.0,3.533333400000003,123.03962146960805,-0.06331892448972554,182.6864393435563,-3.7255788444772757,-3.725578926200572,0.030547935253139258,-0.023982771210034004,6.0
P22_AV0_4_interaction,P22,AV0,4,off_ramp,P22_AV0_4,HV4,60,18547,309116.67,309116.6689,4.0,4.0,28.070362,101.053303,6.0,182.422203,-7080.619199,0.002754,-0.024397,0.0,28.07065,0.002051,0.0,7081.084879,4.523804,0.055941,1.0,0.0,0.0,0.0,7021.439503,4.909225,1021.0,1.0,123.355865,7.0,-0.067058,34.827855,125.380278,34.827855,0.005166,0.00016,0.069062,-0.103989,-0.0,0.014287,0.26725,0.0,0.0,0.0,0.0,0.0,-9999.0,-9999.0,-9999.0,-9999.0,-9999.0,-9999.0,-9999.0,-9999.0,-9999.0,-9999.0,-9999.0,-9999.0,-9999.0,-9999.0,3.5500016000000176,123.62004639780193,-0.06524362176519237,183.15428087785745,-3.725073180970563,-3.725073083183797,0.03015288516843384,-0.023999030396339105,6.0
P22_AV0_4_interaction,P22,AV0,4,off_ramp,P22_AV0_4,HV4,60,18548,309133.33,309133.3334,4.0,4.0,28.070607,101.054184,6.0,182.890045,-7081.086324,0.005606,-0.024885,0.0,28.070725,0.002113,0.0,7081.55199,4.549991,0.055924,1.0,0.0,0.0,0.0,7022.019179,4.939145,1021.0,1.0,123.936308,7.0,-0.069021,34.829018,125.384465,34.829018,0.004454,0.000158,0.070128,-0.101852,-0.000109,0.01413,0.26725,0.0,0.0,0.0,0.0,0.0,-9999.0,-9999.0,-9999.0,-9999.0,-9999.0,-9999.0,-9999.0,-9999.0,-9999.0,-9999.0,-9999.0,-9999.0,-9999.0,-9999.0,3.5666661000000315,124.20049075690127,-0.06719742986242577,183.62212507818685,-3.724573673135544,-3.7245738476829895,0.029747984979124453,-0.02450341144639856,6.0
P22_AV0_4_interaction,P22,AV0,4,off_ramp,P22_AV0_4,HV4,60,18549,309150.0,309150.0008,4.0,4.0,28.070673,101.054424,6.0,183.357889,-7081.553452,-0.008861,-0.021838,0.0,28.070799,0.002168,0.0,7082.019103,4.576171,0.055908,1.0,0.0,0.0,0.0,7022.598875,4.969036,1021.0,1.0,124.516771,7.0,-0.071013,34.830193,125.388694,34.830193,0.003714,0.000156,0.070992,-0.099187,-0.000169,0.013816,0.268,0.0,0.0,0.0,0.0,0.0,-9999.0,-9999.0,-9999.0,-9999.0,-9999.0,-9999.0,-9999.0,-9999.0,-9999.0,-9999.0,-9999.0,-9999.0,-9999.0,-9999.0,3.5833335000000077,124.78095349350572,-0.06918129236509779,184.08997089114504,-3.7240812645559416,-3.7240815275416073,0.02933613871213936,-0.02419254883713684,6.0
P22_AV0_4_interaction,P22,AV0,4,off_ramp,P22_AV0_4,HV4,60,18550,309166.67,309166.6708,4.0,4.0,28.070772,101.054779,6.0,183.825735,-7082.020581,-0.012003,-0.02362,0.0,28.070574,0.002265,0.0,7082.486216,4.602344,0.055891,1.0,0.0,0.0,0.0,7023.178592,4.998899,1021.0,1.0,125.097253,7.0,-0.073034,34.83139,125.393006,34.83139,0.00295,0.000153,0.072295,-0.096407,-0.0002,0.013502,0.2695,0.0,0.0,0.0,0.0,0.0,-9999.0,-9999.0,-9999.0,-9999.0,-9999.0,-9999.0,-9999.0,-9999.0,-9999.0,-9999.0,-9999.0,-9999.0,-9999.0,-9999.0,3.60000350000005,125.36143566101563,-0.0711942656895355,184.5578163197503,-3.7235958454164324,-3.723595858141573,0.02894147099085842,-0.023269428345101484,6.0
P22_AV0_4_interaction,P22,AV0,4,off_ramp,P22_AV0_4,HV4,60,18551,309183.34,309183.3396,4.0,4.0,28.070725,101.054612,6.0,184.293581,-7082.487711,0.010641,-0.024608,0.0,28.070494,0.002325,0.0,7082.953326,4.628511,0.055874,1.0,0.0,0.0,0.0,7023.75833,5.028736,1021.0,1.0,125.677755,7.0,-0.075084,34.832502,125.397007,34.832502,0.002163,0.00015,0.055963,-0.093518,-0.000168,0.013188,0.27,0.002198,0.0,0.0,0.0,0.0,-9999.0,-9999.0,-9999.0,-9999.0,-9999.0,-9999.0,-9999.0,-9999.0,-9999.0,-9999.0,-9999.0,-9999.0,-9999.0,-9999.0,3.616672300000035,125.94193736924458,-0.07323435285276929,185.02565842343407,-3.7231162525023973,-3.7231166531656745,0.028560362920302396,-0.02280059352312558,6.0
P22_AV0_4_interaction,P22,AV0,4,off_ramp,P22_AV0_4,HV4,60,18552,309200.0,309200.0007,4.0,4.0,28.070474,101.053707,6.0,184.761423,-7082.954838,0.005161,-0.022131,0.0,28.070653,0.00238,0.0,7083.420436,4.654671,0.055858,1.0,0.0,0.0,0.0,7024.338088,5.058546,1021.0,1.0,126.258275,7.0,-0.07716,34.833388,125.400197,34.833388,0.001366,0.000146,0.052755,-0.089773,-0.000201,0.01256,0.2705,0.002198,0.0,0.0,0.0,0.0,-9999.0,-9999.0,-9999.0,-9999.0,-9999.0,-9999.0,-9999.0,-9999.0,-9999.0,-9999.0,-9999.0,-9999.0,-9999.0,-9999.0,3.6333334000000033,126.52245756479584,-0.07530249743867273,185.49350014276487,-3.7226436490284556,-3.722643941203007,0.028181528519368726,-0.022529904965589598,6.0
P22_AV0_4_interaction,P22,AV0,4,off_ramp,P22_AV0_4,HV4,60,18553,309216.67,309216.6667,4.0,4.0,28.070583,101.054099,6.0,185.229265,-7083.421966,0.007667,-0.021146,0.0,28.07073,0.002474,0.0,7083.887549,4.680824,0.055843,1.0,0.0,0.0,0.0,7024.917863,5.08833,1021.0,1.0,126.838811,7.0,-0.079263,34.834367,125.403722,34.834367,0.000561,0.000142,0.070038,-0.085584,-0.000292,0.011775,0.2705,0.0,0.0,0.0,0.0,0.0,-9999.0,-9999.0,-9999.0,-9999.0,-9999.0,-9999.0,-9999.0,-9999.0,-9999.0,-9999.0,-9999.0,-9999.0,-9999.0,-9999.0,3.6499994000000298,127.10299330709994,-0.07739753623257598,185.96134447321538,-3.7221781997175896,-3.722177446415354,0.027809508560807217,-0.0215608840837761,6.0
P22_AV0_4_interaction,P22,AV0,4,off_ramp,P22_AV0_4,HV4,60,18554,309233.33,309233.334,4.0,4.0,28.070696,101.054507,6.0,185.697109,-7083.889096,0.00355,-0.021123,0.0,28.070883,0.00253,0.0,7084.354664,4.706973,0.055828,1.0,0.0,0.0,0.0,7025.497655,5.118091,1021.0,1.0,127.419363,7.0,-0.081391,34.835597,125.40815,34.835597,-0.000264,0.000137,0.074629,-0.082097,-0.000354,0.011304,0.2705,0.0,0.0,0.0,0.0,0.0,-9999.0,-9999.0,-9999.0,-9999.0,-9999.0,-9999.0,-9999.0,-9999.0,-9999.0,-9999.0,-9999.0,-9999.0,-9999.0,-9999.0,3.6666667000000017,127.6835447608827,-0.0795164737603256,186.42919058101862,-3.7217168541878882,-3.7217169589826904,0.027462835081152548,-0.02045620720192487,6.0
P22_AV0_4_interaction,P22,AV0,4,off_ramp,P22_AV0_4,HV4,60,18555,309250.0,309250.0001,4.0,4.0,28.070794,101.054859,6.0,186.164955,-7084.356228,-0.012637,-0.020804,0.0,28.070922,0.002568,0.0,7084.821781,4.733116,0.055814,1.0,0.0,0.0,0.0,7026.077469,5.147828,1021.0,1.0,127.999935,7.0,-0.083544,34.836847,125.412648,34.836847,-0.001107,0.00013,0.075355,-0.078135,-0.000419,0.010676,0.2705,0.0,0.0,0.0,0.0,0.0,-9999.0,-9999.0,-9999.0,-9999.0,-9999.0,-9999.0,-9999.0,-9999.0,-9999.0,-9999.0,-9999.0,-9999.0,-9999.0,-9999.0,3.683332800000033,128.26411686369167,-0.08166058305171399,186.89703835635746,-3.721261609422117,-3.721262016351608,0.027127632799505363,-0.0199554637349878,6.0
P22_AV0_4_interaction,P22,AV0,4,off_ramp,P22_AV0_4,HV4,60,18556,309266.67,309266.6673,4.0,4.0,28.070913,101.055287,6.0,186.632803,-7084.823362,-0.01094,-0.019568,0.0,28.070614,0.00262,0.0,7085.288898,4.759252,0.0558,1.0,0.0,0.0,0.0,7026.657305,5.177543,1021.0,1.0,128.580527,7.0,-0.08572,34.838116,125.417216,34.838116,-0.001967,0.000123,0.076707,-0.074094,-0.00043,0.010048,0.2705,0.0,0.0,0.0,0.0,0.0,-9999.0,-9999.0,-9999.0,-9999.0,-9999.0,-9999.0,-9999.0,-9999.0,-9999.0,-9999.0,-9999.0,-9999.0,-9999.0,-9999.0,3.7,128.8447097253431,-0.08382786712392049,187.36488574734332,-3.72081335409644,-3.7208127058339833,0.02679765396803191,-0.019496456775569437,6.0
P22_AV0_4_interaction,P22,AV0,4,off_ramp,P22_AV0_4,HV4,60,18557,309283.33,309283.3336,4.0,4.0,28.070817,101.054942,6.0,187.10065,-7085.290497,0.009284,-0.019672,0.0,28.07054,0.002648,0.0,7085.756011,4.785384,0.055788,1.0,0.0,0.0,0.0,7027.237163,5.207237,1021.0,1.0,129.161141,7.0,-0.087918,34.839406,125.421861,34.839406,-0.002846,0.000116,0.077743,-0.069972,-0.00042,0.00942,0.2705,0.0,0.0,0.0,0.0,0.0,-9999.0,-9999.0,-9999.0,-9999.0,-9999.0,-9999.0,-9999.0,-9999.0,-9999.0,-9999.0,-9999.0,-9999.0,-9999.0,-9999.0,3.716666300000041,129.42532340074473,-0.08601732748551065,187.83272892473317,-3.7203688731057554,-3.7203687564648664,0.026477747114640238,-0.01922594481599882,6.0
P22_AV0_4_interaction,P22,AV0,4,off_ramp,P22_AV0_4,HV4,60,18558,309300.0,309300.0013,4.0,4.0,28.070523,101.053881,6.0,187.568493,-7085.757627,0.013124,-0.020472,0.0,28.070724,0.002633,0.0,7086.223124,4.81151,0.055776,1.0,0.0,0.0,0.0,7027.817043,5.236911,1021.0,1.0,129.741776,7.0,-0.090137,34.840607,125.426185,34.840607,-0.00375,0.00011,0.061221,-0.066149,-0.000346,0.008949,0.27075,0.002198,0.0,0.0,0.0,0.0,-9999.0,-9999.0,-9999.0,-9999.0,-9999.0,-9999.0,-9999.0,-9999.0,-9999.0,-9999.0,-9999.0,-9999.0,-9999.0,-9999.0,3.7333340000000317,130.00595794480427,-0.08822796564505095,188.30057177267594,-3.7199303830636286,-3.719930097059125,0.026156776236419432,-0.01915984966058082,6.0
P22_AV0_4_interaction,P22,AV0,4,off_ramp,P22_AV0_4,HV4,60,18559,309316.67,309316.6673,4.0,4.0,28.070617,101.054222,6.0,188.036336,-7086.224757,0.004408,-0.020439,0.0,28.070939,0.002588,0.0,7086.69024,4.837632,0.055766,1.0,0.0,0.0,0.0,7028.396944,5.266566,1021.0,1.0,130.32243,7.0,-0.092376,34.841581,125.42969,34.84158,-0.004678,0.000104,0.058354,-0.062239,-0.00034,0.008478,0.2705,0.002198,0.0,0.0,0.0,0.0,-9999.0,-9999.0,-9999.0,-9999.0,-9999.0,-9999.0,-9999.0,-9999.0,-9999.0,-9999.0,-9999.0,-9999.0,-9999.0,-9999.0,3.75,130.58661241393756,-0.09045872820339451,188.76841739646235,-3.719496051710326,-3.719496853784931,0.025839078103516044,-0.018799702056032874,6.0
P22_AV0_4_interaction,P22,AV0,4,off_ramp,P22_AV0_4,HV4,60,18560,309333.33,309333.3342,4.0,4.0,28.070833,101.055,6.0,188.504182,-7086.691891,0.011102,-0.018328,0.0,28.07099,0.002527,0.0,7087.15736,4.863747,0.055756,1.0,0.0,0.0,0.0,7028.976863,5.296203,1021.0,1.0,130.903101,7.0,-0.094635,34.842569,125.433247,34.842568,-0.005637,9.8e-05,0.059849,-0.059018,-0.000333,0.008321,0.2705,0.002198,0.0,0.0,0.0,0.0,-9999.0,-9999.0,-9999.0,-9999.0,-9999.0,-9999.0,-9999.0,-9999.0,-9999.0,-9999.0,-9999.0,-9999.0,-9999.0,-9999.0,3.7666669000000113,131.16728386757794,-0.09270845194602134,189.2362666298611,-3.7190689294278623,-3.7190688059344215,0.025530128121076245,-0.018566991615605488,6.0
P22_AV0_4_interaction,P22,AV0,4,off_ramp,P22_AV0_4,HV4,60,18561,309350.0,309350.0,4.0,4.0,28.070975,101.055512,6.0,188.972031,-7087.159029,0.002261,-0.018577,0.0,28.071135,0.00248,0.0,7087.624482,4.889858,0.055747,1.0,0.0,0.0,0.0,7029.556799,5.325823,1021.0,1.0,131.483789,7.0,-0.096911,34.843677,125.437239,34.843677,-0.006623,9.2e-05,0.078122,-0.055711,-0.000419,0.008164,0.2705,0.0,0.0,0.0,0.0,0.0,-9999.0,-9999.0,-9999.0,-9999.0,-9999.0,-9999.0,-9999.0,-9999.0,-9999.0,-9999.0,-9999.0,-9999.0,-9999.0,-9999.0,3.7833327000000283,131.74797136214224,-0.09497608347383628,189.70411764061168,-3.7186459109265115,-3.718645865348077,0.025220190208642634,-0.01851272316353092,6.0
P22_AV0_4_interaction,P22,AV0,4,off_ramp,P22_AV0_4,HV4,60,18562,309366.67,309366.6673,4.0,4.0,28.071082,101.055895,6.0,189.439882,-7087.626168,0.003944,-0.018451,0.0,28.071182,0.002411,0.0,7088.091605,4.915964,0.055738,1.0,0.0,1.0,0.0,7030.136755,5.355427,1021.0,1.0,132.064496,7.0,-0.099204,34.845047,125.442168,34.845046,-0.007624,8.5e-05,0.083175,-0.051948,-0.000436,0.00785,0.2705,0.0,0.0,0.0,0.0,0.0,-9999.0,-9999.0,-9999.0,-9999.0,-9999.0,-9999.0,-9999.0,-9999.0,-9999.0,-9999.0,-9999.0,-9999.0,-9999.0,-9999.0,3.8,132.32867794801254,-0.09726078901848785,190.1719693753147,-3.718227939789996,-3.718228139284893,0.024913041922161483,-0.018002243421232578,6.0
P22_AV0_4_interaction,P22,AV0,4,off_ramp,P22_AV0_4,HV4,60,18563,309383.33,309383.3336,4.0,4.0,28.071153,101.056152,6.0,189.907734,-7088.09331,0.004189,-0.016881,0.0,28.071249,0.002345,0.0,7088.55873,4.942065,0.05573,1.0,0.0,1.0,0.0,7030.716734,5.385016,1021.0,1.0,132.645224,7.0,-0.101513,34.846441,125.447186,34.846439,-0.008636,7.8e-05,0.083798,-0.048144,-0.000442,0.007536,0.2705,0.0,0.0,0.0,0.0,0.0,-9999.0,-9999.0,-9999.0,-9999.0,-9999.0,-9999.0,-9999.0,-9999.0,-9999.0,-9999.0,-9999.0,-9999.0,-9999.0,-9999.0,3.816666300000041,132.90940667556916,-0.09956173481152643,190.63982283246278,-3.7178150709260764,-3.7178154236747307,0.024620109775455035,-0.016814307897316638,6.0
P22_AV0_4_interaction,P22,AV0,4,off_ramp,P22_AV0_4,HV4,60,18564,309400.0,309400.0007,4.0,4.0,28.071215,101.056374,6.0,190.375587,-7088.560453,0.008083,-0.015222,0.0,28.071319,0.00227,0.0,7089.025856,4.968161,0.055723,1.0,0.0,1.0,0.0,7031.296737,5.414591,1021.0,1.0,133.225976,7.0,-0.103837,34.847839,125.452221,34.847838,-0.009652,7.1e-05,0.083943,-0.043923,-0.000398,0.007065,0.2705,0.0,0.0,0.0,0.0,0.0,-9999.0,-9999.0,-9999.0,-9999.0,-9999.0,-9999.0,-9999.0,-9999.0,-9999.0,-9999.0,-9999.0,-9999.0,-9999.0,-9999.0,3.833333400000003,133.49015859821333,-0.10187797726932994,191.10767701356417,-3.7174072494270427,-3.7174074675471047,0.024352565090538292,-0.015515615683094452,6.0
P22_AV0_4_interaction,P22,AV0,4,off_ramp,P22_AV0_4,HV4,60,18565,309416.67,309416.6673,4.0,4.0,28.071284,101.056624,6.0,190.843441,-7089.027597,0.007859,-0.014034,0.0,28.07148,0.002204,0.0,7089.492984,4.994253,0.055716,1.0,0.0,1.0,0.0,7031.876764,5.444155,1021.0,1.0,133.806751,7.0,-0.106175,34.849138,125.456898,34.849137,-0.010674,6.5e-05,0.066784,-0.040066,-0.000286,0.006751,0.2705,0.002198,0.0,0.0,0.0,0.0,-9999.0,-9999.0,-9999.0,-9999.0,-9999.0,-9999.0,-9999.0,-9999.0,-9999.0,-9999.0,-9999.0,-9999.0,-9999.0,-9999.0,3.85,134.07093388066727,-0.1042065209175425,191.57553297201744,-3.7170035317091212,-3.717003662451609,0.024102916360320137,-0.01448591949233713,6.0
P22_AV0_4_interaction,P22,AV0,4,off_ramp,P22_AV0_4,HV4,60,18566,309433.33,309433.334,4.0,4.0,28.071387,101.056992,6.0,191.311297,-7089.494743,0.007644,-0.013554,0.0,28.071584,0.002152,0.0,7089.960114,5.020341,0.05571,1.0,0.0,1.0,0.0,7032.456812,5.473706,1021.0,1.0,134.387547,7.0,-0.108526,34.850292,125.461053,34.85029,-0.011702,6e-05,0.079585,-0.03619,-0.000307,0.006437,0.2705,0.0,0.0,0.0,0.0,0.0,-9999.0,-9999.0,-9999.0,-9999.0,-9999.0,-9999.0,-9999.0,-9999.0,-9999.0,-9999.0,-9999.0,-9999.0,-9999.0,-9999.0,3.8666667000000015,134.65172941764206,-0.10654919801599995,192.04339070782257,-3.716603917772312,-3.7166040378302894,0.02386970168893754,-0.013024842795289926,6.0
P22_AV0_4_interaction,P22,AV0,4,off_ramp,P22_AV0_4,HV4,60,18567,309450.0,309450.0006,4.0,4.0,28.071545,101.057563,6.0,191.779155,-7089.961892,0.007379,-0.011683,0.0,28.071736,0.002102,0.0,7090.427247,5.046425,0.055704,1.0,0.0,1.0,0.0,7033.036882,5.503248,1021.0,1.0,134.968363,7.0,-0.110888,34.851672,125.466021,34.85167,-0.012723,5.6e-05,0.083496,-0.031521,-0.000272,0.005809,0.2705,0.0,0.0,0.0,0.0,0.0,-9999.0,-9999.0,-9999.0,-9999.0,-9999.0,-9999.0,-9999.0,-9999.0,-9999.0,-9999.0,-9999.0,-9999.0,-9999.0,-9999.0,3.8833333000000567,135.23254642725846,-0.10890206950657451,192.5112512194704,-3.7162084625242766,-3.7162080065027543,0.02366875517436995,-0.011321923378516896,6.0
P22_AV0_4_interaction,P22,AV0,4,off_ramp,P22_AV0_4,HV4,60,18568,309466.67,309466.6675,4.0,4.0,28.071647,101.057931,6.0,192.247015,-7090.429043,-0.004311,-0.011347,0.0,28.071833,0.002041,0.0,7090.894382,5.072507,0.0557,1.0,0.0,1.0,0.0,7033.616974,5.53278,1021.0,1.0,135.549202,7.0,-0.11326,34.853069,125.47105,34.853067,-0.013747,5.1e-05,0.083877,-0.027624,-0.00029,0.005495,0.2705,0.0,0.0,0.0,0.0,0.0,-9999.0,-9999.0,-9999.0,-9999.0,-9999.0,-9999.0,-9999.0,-9999.0,-9999.0,-9999.0,-9999.0,-9999.0,-9999.0,-9999.0,3.9000002000000094,135.81338485460873,-0.11126613388070238,192.97911361828736,-3.715815114074583,-3.7158150754356174,0.023492302796952913,-0.009880939691079504,6.0
P22_AV0_4_interaction,P22,AV0,4,off_ramp,P22_AV0_4,HV4,60,18569,309483.33,309483.334,4.0,4.0,28.071798,101.058471,6.0,192.714878,-7090.896196,0.020895,-0.008925,0.0,28.071805,0.001962,0.0,7091.361518,5.098586,0.055697,1.0,0.0,1.0,0.0,7034.19709,5.562305,1021.0,1.0,136.130064,7.0,-0.115641,34.854466,125.476077,34.854463,-0.014764,4.6e-05,0.083723,-0.022937,-0.000281,0.004867,0.2705,0.0,0.0,0.0,0.0,0.0,-9999.0,-9999.0,-9999.0,-9999.0,-9999.0,-9999.0,-9999.0,-9999.0,-9999.0,-9999.0,-9999.0,-9999.0,-9999.0,-9999.0,3.9166667000000017,136.39424686140046,-0.11363850547954976,193.44697685087115,-3.7154248160068053,-3.715424928110119,0.02333938929443491,-0.008610314548107234,6.0
P22_AV0_4_interaction,P22,AV0,4,off_ramp,P22_AV0_4,HV4,60,18570,309500.0,309500.0006,4.0,4.0,28.071797,101.058468,6.0,193.182741,-7091.363351,0.010163,-0.008216,0.0,28.072119,0.001883,0.0,7091.828656,5.124662,0.055694,1.0,0.0,1.0,0.0,7034.77723,5.591822,1021.0,1.0,136.710949,7.0,-0.118031,34.85576,125.480737,34.855757,-0.01577,4.2e-05,0.066465,-0.017866,-0.000207,0.004082,0.2705,0.002198,0.0,0.0,0.0,0.0,-9999.0,-9999.0,-9999.0,-9999.0,-9999.0,-9999.0,-9999.0,-9999.0,-9999.0,-9999.0,-9999.0,-9999.0,-9999.0,-9999.0,3.9333333000000565,136.975132392725,-0.11602018279450381,193.9148419157154,-3.715037623228756,-3.7150371012522627,0.023205294434006873,-0.007698854094140173,6.0
P22_AV0_4_interaction,P22,AV0,4,off_ramp,P22_AV0_4,HV4,60,18571,309516.67,309516.6673,4.0,4.0,28.07198,101.059127,6.0,193.650606,-7091.830507,0.010332,-0.007283,0.0,28.07229,0.001792,0.0,7092.295798,5.150737,0.055693,1.0,0.0,1.0,0.0,7035.357391,5.621335,1021.0,1.0,137.291855,7.0,-0.120427,34.856809,125.484511,34.856805,-0.016774,3.8e-05,0.062078,-0.013186,-0.000201,0.003454,0.2705,0.002198,0.0,0.0,0.0,0.0,-9999.0,-9999.0,-9999.0,-9999.0,-9999.0,-9999.0,-9999.0,-9999.0,-9999.0,-9999.0,-9999.0,-9999.0,-9999.0,-9999.0,3.95,137.55603867273874,-0.11840700713673857,194.38271091961818,-3.714651648572936,-3.7146514190820437,0.02308276115063279,-0.007222369164310516,6.0
P22_AV0_4_interaction,P22,AV0,4,off_ramp,P22_AV0_4,HV4,60,18572,309533.33,309533.3341,4.0,4.0,28.072204,101.059935,6.0,194.118475,-7092.297668,0.000129,-0.007892,0.0,28.072397,0.001694,0.0,7092.762943,5.17681,0.055693,1.0,0.0,1.0,0.0,7035.93757,5.650843,1021.0,1.0,137.87278,7.0,-0.122828,34.857938,125.488575,34.857933,-0.017778,3.5e-05,0.078724,-0.008491,-0.000258,0.002826,0.2705,0.0,0.0,0.0,0.0,0.0,-9999.0,-9999.0,-9999.0,-9999.0,-9999.0,-9999.0,-9999.0,-9999.0,-9999.0,-9999.0,-9999.0,-9999.0,-9999.0,-9999.0,3.9666668000000063,138.13696265106046,-0.12079981227465636,194.85058280917906,-3.714267835623022,-3.7142676720450742,0.022964547617391418,-0.007046740459712653,6.0
P22_AV0_4_interaction,P22,AV0,4,off_ramp,P22_AV0_4,HV4,60,18573,309550.0,309550.0006,4.0,4.0,28.072376,101.060554,6.0,194.586347,-7092.764832,0.001982,-0.00648,0.0,28.072447,0.001585,0.0,7093.23009,5.202881,0.055693,1.0,0.0,1.0,0.0,7036.517769,5.680348,1021.0,1.0,138.453724,7.0,-0.125233,34.859206,125.493142,34.859201,-0.01877,3.1e-05,0.065684,-0.00262,-0.000236,0.001727,0.2705,0.002198,0.0,0.0,0.0,0.0,-9999.0,-9999.0,-9999.0,-9999.0,-9999.0,-9999.0,-9999.0,-9999.0,-9999.0,-9999.0,-9999.0,-9999.0,-9999.0,-9999.0,3.983333300000057,138.7179064344873,-0.1231967110407089,195.31845658590808,-3.7138861294714007,-3.713885934890894,0.02284787000925803,-0.006774350994952827,6.0
P22_AV0_4_interaction,P22,AV0,4,off_ramp,P22_AV0_4,HV4,60,18574,309566.67,309566.6675,4.0,4.0,28.072398,101.060634,6.0,195.054221,-7093.231998,0.003272,-0.006364,0.0,28.072436,0.001464,0.0,7093.697237,5.228951,0.055693,1.0,0.0,1.0,0.0,7037.097988,5.709852,1021.0,1.0,139.034687,7.0,-0.12764,34.860346,125.497247,34.860341,-0.019747,2.5e-05,0.078882,0.004017,-0.000361,0.000314,0.2705,0.0,0.0,0.0,0.0,0.0,-9999.0,-9999.0,-9999.0,-9999.0,-9999.0,-9999.0,-9999.0,-9999.0,-9999.0,-9999.0,-9999.0,-9999.0,-9999.0,-9999.0,4.000000200000009,139.29887013283556,-0.12559570645207904,195.78633030772943,-3.713505421811212,-3.7135060749001787,0.022738735647038766,-0.00630444063114366,6.0
P22_AV0_4_interaction,P22,AV0,4,off_ramp,P22_AV0_4,HV4,60,18575,309583.33,309583.3337,4.0,4.0,28.072464,101.060869,6.0,195.522095,-7093.699164,0.007903,-0.005855,0.0,28.07251,0.001331,0.0,7094.164384,5.255018,0.055693,1.0,0.0,1.0,0.0,7037.678227,5.739357,1021.0,1.0,139.615671,7.0,-0.130049,34.861716,125.502176,34.861709,-0.020735,2e-05,0.082843,0.009507,-0.000356,-0.000628,0.2705,0.0,0.0,0.0,0.0,0.0,-9999.0,-9999.0,-9999.0,-9999.0,-9999.0,-9999.0,-9999.0,-9999.0,-9999.0,-9999.0,-9999.0,-9999.0,-9999.0,-9999.0,4.016666400000045,139.8798538559197,-0.12799480152584447,196.25420386482676,-3.71312770962528,-3.7131279822681367,0.02263772311832213,-0.005792929112239165,6.0
P22_AV0_4_interaction,P22,AV0,4,off_ramp,P22_AV0_4,HV4,60,18576,309600.0,309600.0009,4.0,4.0,28.072463,101.060867,6.0,195.989969,-7094.166331,-0.008458,-0.003472,0.0,28.072502,0.001196,0.0,7094.631533,5.281084,0.055693,1.0,0.0,1.0,0.0,7038.258489,5.768862,1021.0,1.0,140.196677,7.0,-0.132457,34.8631,125.507159,34.863093,-0.02173,1.3e-05,0.083142,0.015834,-0.000376,-0.001884,0.2705,0.0,0.0,0.0,0.0,0.0,-9999.0,-9999.0,-9999.0,-9999.0,-9999.0,-9999.0,-9999.0,-9999.0,-9999.0,-9999.0,-9999.0,-9999.0,-9999.0,-9999.0,4.033333600000013,140.46086054430643,-0.13039515947652605,196.722079364,-3.7127511057462046,-3.712751482717329,0.02254563815976951,-0.005014245831930775,6.0
P22_AV0_4_interaction,P22,AV0,4,off_ramp,P22_AV0_4,HV4,60,18577,309616.67,309616.6674,4.0,4.0,28.072576,101.061274,6.0,196.457844,-7094.633499,0.003625,-0.001832,0.0,28.072439,0.001086,0.0,7095.098681,5.307148,0.055695,1.0,0.0,1.0,0.0,7038.838773,5.798372,1021.0,1.0,140.777706,7.0,-0.134863,34.864486,125.512149,34.864478,-0.02274,7e-06,0.083186,0.022224,-0.00035,-0.00314,0.2705,0.0,0.0,0.0,0.0,0.0,-9999.0,-9999.0,-9999.0,-9999.0,-9999.0,-9999.0,-9999.0,-9999.0,-9999.0,-9999.0,-9999.0,-9999.0,-9999.0,-9999.0,4.0500001000000045,141.04188947404427,-0.13279173293934007,197.18995375486693,-3.7123764439423375,-3.712376452668356,0.0224705790371047,-0.0037772720105690993,6.0
P22_AV0_4_interaction,P22,AV0,4,off_ramp,P22_AV0_4,HV4,60,18578,309633.33,309633.3344,4.0,4.0,28.072432,101.060753,6.0,196.925719,-7095.100666,0.011135,-0.000626,0.0,28.072537,0.000985,0.0,7095.565829,5.333211,0.055697,1.0,0.0,1.0,0.0,7039.41908,5.827886,1021.0,1.0,141.358758,7.0,-0.137265,34.865872,125.517138,34.865864,-0.023773,2e-06,0.083174,0.028697,-0.000306,-0.004396,0.2705,0.0,0.0,0.0,0.0,0.0,-9999.0,-9999.0,-9999.0,-9999.0,-9999.0,-9999.0,-9999.0,-9999.0,-9999.0,-9999.0,-9999.0,-9999.0,-9999.0,-9999.0,4.0666671000000205,141.62294158871458,-0.13518557531327993,197.6578280908253,-3.7120027806298537,-3.7120024597024455,0.022419729189536497,-0.0023449768068819488,6.0
P22_AV0_4_interaction,P22,AV0,4,off_ramp,P22_AV0_4,HV4,60,18579,309650.0,309650.0009,4.0,4.0,28.072469,101.06089,6.0,197.393593,-7095.567833,0.008259,-0.001284,0.0,28.072694,0.000888,0.0,7096.032979,5.359274,0.0557,1.0,0.0,1.0,0.0,7039.99941,5.857407,1021.0,1.0,141.939834,7.0,-0.139661,34.867157,125.521767,34.867149,-0.02483,-2e-06,0.066004,0.035656,-0.000201,-0.005809,0.2705,0.002198,0.0,0.0,0.0,0.0,-9999.0,-9999.0,-9999.0,-9999.0,-9999.0,-9999.0,-9999.0,-9999.0,-9999.0,-9999.0,-9999.0,-9999.0,-9999.0,-9999.0,4.083333600000013,142.20401705304317,-0.13757369112419315,198.12570442376628,-3.7116292271327445,-3.7116291246060165,0.022392412046770005,-0.0010479001878741512,6.0
P22_AV0_4_interaction,P22,AV0,4,off_ramp,P22_AV0_4,HV4,60,18580,309666.67,309666.6674,4.0,4.0,28.072629,101.061466,6.0,197.861469,-7096.035003,0.010908,0.000477,0.0,28.07285,0.00077,0.0,7096.500131,5.385337,0.055703,1.0,0.0,1.0,0.0,7040.57976,5.886937,1021.0,1.0,142.52093,7.0,-0.14205,34.868198,125.525514,34.868189,-0.025904,-5e-06,0.061703,0.043885,-0.000182,-0.007693,0.2705,0.002198,0.0,0.0,0.0,0.0,-9999.0,-9999.0,-9999.0,-9999.0,-9999.0,-9999.0,-9999.0,-9999.0,-9999.0,-9999.0,-9999.0,-9999.0,-9999.0,-9999.0,4.100000100000004,142.78511298136826,-0.13995391866597542,198.5935827536908,-3.7112557834510587,-3.7112560534316907,0.022384799532574107,4.209370708208038e-05,6.0
P22_AV0_4_interaction,P22,AV0,4,off_ramp,P22_AV0_4,HV4,60,18581,309683.33,309683.3341,4.0,4.0,28.072762,101.061945,6.0,198.329348,-7096.502175,0.006806,0.001868,0.0,28.073031,0.000668,0.0,7096.967286,5.411399,0.055707,1.0,0.0,1.0,0.0,7041.160128,5.916477,1021.0,1.0,143.102044,7.0,-0.14443,34.869321,125.529556,34.86931,-0.027033,-9e-06,0.078419,0.050302,-0.000233,-0.008792,0.2705,0.0,0.0,0.0,0.0,0.0,-9999.0,-9999.0,-9999.0,-9999.0,-9999.0,-9999.0,-9999.0,-9999.0,-9999.0,-9999.0,-9999.0,-9999.0,-9999.0,-9999.0,4.116666800000006,143.36622743161766,-0.14232514963196718,199.06146402418207,-3.7108835029838914,-3.710882967606115,0.022393815364267766,0.0009796327818287764,6.0
P22_AV0_4_interaction,P22,AV0,4,off_ramp,P22_AV0_4,HV4,60,18582,309700.0,309700.0001,4.0,4.0,28.072941,101.062586,6.0,198.797229,-7096.96935,-0.008774,0.002995,0.0,28.073117,0.000575,0.0,7097.434444,5.437463,0.055712,1.0,0.0,0.0,0.0,7041.740515,5.946029,1021.0,1.0,143.683178,7.0,-0.146799,34.870684,125.534462,34.870673,-0.028211,-1.2e-05,0.082543,0.057674,-0.000261,-0.010205,0.2705,0.0,0.0,0.0,0.0,0.0,-9999.0,-9999.0,-9999.0,-9999.0,-9999.0,-9999.0,-9999.0,-9999.0,-9999.0,-9999.0,-9999.0,-9999.0,-9999.0,-9999.0,4.133332800000033,143.94736151209577,-0.14468544194686317,199.52934839996314,-3.71050939025694,-3.710509607114493,0.022417452724056375,0.0020875090502334714,6.0
P22_AV0_4_interaction,P22,AV0,4,off_ramp,P22_AV0_4,HV4,60,18583,309716.67,309716.6727,4.0,4.0,28.073088,101.063115,6.0,199.265113,-7097.436527,-0.004075,0.002313,0.0,28.072894,0.000486,0.0,7097.901602,5.463527,0.055716,1.0,0.0,0.0,0.0,7042.320923,5.975595,1021.0,1.0,144.264334,7.0,-0.149155,34.872063,125.539426,34.87205,-0.029451,-1.7e-05,0.08289,0.064447,-0.000303,-0.011304,0.2705,0.0,0.0,0.0,0.0,0.0,-9999.0,-9999.0,-9999.0,-9999.0,-9999.0,-9999.0,-9999.0,-9999.0,-9999.0,-9999.0,-9999.0,-9999.0,-9999.0,-9999.0,4.1500054000000235,144.52851732960156,-0.1470329084432158,199.99723277574327,-3.710135277529938,-3.710135600919651,0.022463418828820636,0.0030956292953385756,6.0
P22_AV0_4_interaction,P22,AV0,4,off_ramp,P22_AV0_4,HV4,60,18584,309733.33,309733.334,4.0,4.0,28.073044,101.062959,6.0,199.732998,-7097.903705,0.011263,0.005751,0.0,28.072966,0.000377,0.0,7098.368757,5.489591,0.055722,1.0,0.0,0.0,0.0,7042.901353,6.005176,1021.0,1.0,144.845513,7.0,-0.151497,34.873444,125.544399,34.873431,-0.030768,-2.2e-05,0.082959,0.070264,-0.000287,-0.011932,0.2705,0.0,0.0,0.0,0.0,0.0,-9999.0,-9999.0,-9999.0,-9999.0,-9999.0,-9999.0,-9999.0,-9999.0,-9999.0,-9999.0,-9999.0,-9999.0,-9999.0,-9999.0,4.166666700000001,145.1096959375345,-0.14936660553730222,200.4651141560499,-3.7097610000799017,-3.709760814458705,0.022520634470652112,0.004035921365936002,6.0
P22_AV0_4_interaction,P22,AV0,4,off_ramp,P22_AV0_4,HV4,60,18585,309750.01,309750.0054,4.0,4.0,28.07286,101.062295,229.0,0.200881,-7098.37088,0.01583,0.004662,0.0,28.073109,0.000307,0.0,7098.835914,5.515657,0.055727,1.0,0.0,0.0,0.0,7043.481805,6.034776,1021.0,1.0,145.426714,7.0,-0.153821,34.874826,125.549372,34.874811,-0.032166,-2.7e-05,0.082942,0.075529,-0.000246,-0.012246,0.2705,0.0,0.0,0.0,0.0,0.0,-9999.0,-9999.0,-9999.0,-9999.0,-9999.0,-9999.0,-9999.0,-9999.0,-9999.0,-9999.0,-9999.0,-9999.0,-9999.0,-9999.0,4.183338100000052,145.6908975555253,-0.15168253926338204,200.93299764315458,-3.709384835462369,-3.709384926837558,0.022597959146537505,0.005315136315887314,229.0
P22_AV0_4_interaction,P22,AV0,4,off_ramp,P22_AV0_4,HV4,60,18586,309766.67,309766.6674,4.0,4.0,28.07306,101.063015,229.0,0.668764,-7098.838057,0.014722,0.005636,0.0,28.073447,0.000222,0.0,7099.303074,5.541724,0.055733,1.0,0.0,0.0,0.0,7044.062279,6.064395,1021.0,1.0,146.007939,7.0,-0.156128,34.876206,125.554343,34.87619,-0.033642,-3e-05,0.082907,0.080231,-0.000198,-0.012246,0.2705,0.0,0.0,0.0,0.0,0.0,-9999.0,-9999.0,-9999.0,-9999.0,-9999.0,-9999.0,-9999.0,-9999.0,-9999.0,-9999.0,-9999.0,-9999.0,-9999.0,-9999.0,4.200000100000005,146.27212218357312,-0.15398070962140628,201.40088418064136,-3.7090078370764865,-3.7090075486077962,0.0226977933120196,0.006310901984446171,229.0
P22_AV0_4_interaction,P22,AV0,4,off_ramp,P22_AV0_4,HV4,60,18587,309783.33,309783.3335,4.0,4.0,28.073241,101.063667,229.0,1.13665,-7099.305237,0.005723,0.006653,0.0,28.073644,0.000138,0.0,7099.770239,5.567794,0.05574,1.0,0.0,0.0,0.0,7044.642776,6.094035,1021.0,1.0,146.589187,7.0,-0.158416,34.877586,125.559311,34.877569,-0.03518,-3.3e-05,0.082869,0.085117,-0.000152,-0.011932,0.2705,0.0,0.0,0.0,0.0,0.0,-9999.0,-9999.0,-9999.0,-9999.0,-9999.0,-9999.0,-9999.0,-9999.0,-9999.0,-9999.0,-9999.0,-9999.0,-9999.0,-9999.0,4.216666200000036,146.853370929986,-0.1562591745362684,201.86877587530824,-3.708628117754757,-3.7086284521124133,0.02280829213651714,0.007144176914502531,229.0
P22_AV0_4_interaction,P22,AV0,4,off_ramp,P22_AV0_4,HV4,60,18588,309800.0,309800.0007,4.0,4.0,28.073569,101.064849,229.0,1.604542,-7099.772422,0.008686,0.009341,0.0,28.07378,5.6e-05,0.0,7100.237406,5.593865,0.055748,1.0,0.0,0.0,0.0,7045.223294,6.123696,1021.0,1.0,147.170458,7.0,-0.160682,34.878966,125.564276,34.878946,-0.036765,-3.5e-05,0.082831,0.090137,-0.000111,-0.011775,0.2705,0.0,0.0,0.0,0.0,0.0,-9999.0,-9999.0,-9999.0,-9999.0,-9999.0,-9999.0,-9999.0,-9999.0,-9999.0,-9999.0,-9999.0,-9999.0,-9999.0,-9999.0,4.233333400000003,147.4346417977813,-0.1585178241925935,202.33666962186547,-3.708247509756967,-3.7082472728277134,0.022935933435249467,0.008474625102611766,229.0
P22_AV0_4_interaction,P22,AV0,4,off_ramp,P22_AV0_4,HV4,60,18589,309816.68,309816.6765,4.0,4.0,28.073691,101.065289,229.0,2.072436,-7100.23961,0.006518,0.010062,0.0,28.073884,-1.7e-05,0.0,7100.704576,5.619939,0.055756,1.0,0.0,0.0,0.0,7045.803834,6.153382,1021.0,1.0,147.751752,7.0,-0.162926,34.880344,125.569239,34.880323,-0.038381,-3.7e-05,0.082812,0.095246,-7.7e-05,-0.011775,0.2705,0.0,0.0,0.0,0.0,0.0,-9999.0,-9999.0,-9999.0,-9999.0,-9999.0,-9999.0,-9999.0,-9999.0,-9999.0,-9999.0,-9999.0,-9999.0,-9999.0,-9999.0,4.250009200000029,148.01593600507977,-0.16075271953225378,202.80456652862017,-3.7078640710079567,-3.7078636981499686,0.023090875606882832,0.009506369308255658,229.0
P22_AV0_4_interaction,P22,AV0,4,off_ramp,P22_AV0_4,HV4,60,18590,309833.33,309833.3343,4.0,4.0,28.073853,101.06587,229.0,2.540333,-7100.7068,-0.00052,0.009209,0.0,28.073986,-9.8e-05,0.0,7101.171747,5.646016,0.055764,1.0,0.0,0.0,0.0,7046.384395,6.183094,1021.0,1.0,148.33307,7.0,-0.165145,34.881722,125.5742,34.881699,-0.040015,-3.8e-05,0.082797,0.1004,-4.8e-05,-0.011461,0.2705,0.0,0.0,0.0,0.0,0.0,-9999.0,-9999.0,-9999.0,-9999.0,-9999.0,-9999.0,-9999.0,-9999.0,-9999.0,-9999.0,-9999.0,-9999.0,-9999.0,-9999.0,4.266667000000016,148.5972526082982,-0.16296280715615497,203.27246459858975,-3.707477691692354,-3.707477574018853,0.023252807213893334,0.009659590182792166,229.0
P22_AV0_4_interaction,P22,AV0,4,off_ramp,P22_AV0_4,HV4,60,18591,309850.0,309850.0013,4.0,4.0,28.073939,101.06618,229.0,3.008231,-7101.173992,0.005386,0.009244,0.0,28.074012,-0.000204,0.0,7101.63892,5.672096,0.055773,1.0,0.0,0.0,0.0,7046.964979,6.212832,1021.0,1.0,148.91441,7.0,-0.167339,34.8831,125.579159,34.883075,-0.041656,-3.8e-05,0.082755,0.105566,-2.4e-05,-0.011304,0.2705,0.0,0.0,0.0,0.0,0.0,-9999.0,-9999.0,-9999.0,-9999.0,-9999.0,-9999.0,-9999.0,-9999.0,-9999.0,-9999.0,-9999.0,-9999.0,-9999.0,-9999.0,4.283334000000032,149.17859360442014,-0.16514819687971752,203.74036483026504,-3.70708842671782,-3.707088801656046,0.023412778386301625,0.010325792069849737,229.0
P22_AV0_4_interaction,P22,AV0,4,off_ramp,P22_AV0_4,HV4,60,18592,309866.67,309866.6667,4.0,4.0,28.073982,101.066335,229.0,3.476131,-7101.641185,0.007106,0.01092,0.0,28.074088,-0.000304,0.0,7102.106093,5.698178,0.055783,1.0,0.0,0.0,0.0,7047.545584,6.242599,1021.0,1.0,149.495773,7.0,-0.169505,34.884476,125.584115,34.884449,-0.0433,-3.8e-05,0.082703,0.110082,-6e-06,-0.01099,0.2705,0.0,0.0,0.0,0.0,0.0,-9999.0,-9999.0,-9999.0,-9999.0,-9999.0,-9999.0,-9999.0,-9999.0,-9999.0,-9999.0,-9999.0,-9999.0,-9999.0,-9999.0,4.29999940000003,149.75995716118518,-0.16730578341321684,204.2082651717557,-3.706697164760416,-3.706697170202645,0.023596988316910483,0.011435723653572816,229.0
P22_AV0_4_interaction,P22,AV0,4,off_ramp,P22_AV0_4,HV4,60,18593,309883.33,309883.3343,4.0,4.0,28.074057,101.066605,229.0,3.944031,-7102.108379,0.007671,0.011026,0.0,28.074199,-0.000405,0.0,7102.573267,5.724264,0.055793,1.0,0.0,0.0,0.0,7048.12621,6.272396,1021.0,1.0,150.07716,7.0,-0.171642,34.885852,125.589067,34.885823,-0.044935,-3.8e-05,0.082657,0.11442,8e-06,-0.010676,0.2705,0.0,0.0,0.0,0.0,0.0,-9999.0,-9999.0,-9999.0,-9999.0,-9999.0,-9999.0,-9999.0,-9999.0,-9999.0,-9999.0,-9999.0,-9999.0,-9999.0,-9999.0,4.316667000000016,150.34134333350093,-0.16943456826521583,204.676166731368,-3.7063019637449357,-3.706302242816264,0.023793967045023123,0.012099741345525494,229.0
P22_AV0_4_interaction,P22,AV0,4,off_ramp,P22_AV0_4,HV4,60,18594,309900.0,309900.0005,4.0,4.0,28.074147,101.066929,229.0,4.411933,-7102.575574,-0.007968,0.013794,0.0,28.074315,-0.000485,0.0,7103.040443,5.750353,0.055804,1.0,0.0,0.0,0.0,7048.706857,6.302224,1021.0,1.0,150.658569,7.0,-0.173749,34.887127,125.593656,34.887096,-0.046546,-3.8e-05,0.065478,0.119068,8.2e-05,-0.010519,0.2705,0.002198,0.0,0.0,0.0,0.0,-9999.0,-9999.0,-9999.0,-9999.0,-9999.0,-9999.0,-9999.0,-9999.0,-9999.0,-9999.0,-9999.0,-9999.0,-9999.0,-9999.0,4.333333200000052,150.92275217627517,-0.1715335529442827,205.14407045268692,-3.705903877070574,-3.70590402714297,0.024000317886304856,0.01299240329966822,229.0
P22_AV0_4_interaction,P22,AV0,4,off_ramp,P22_AV0_4,HV4,60,18595,309916.67,309916.6673,4.0,4.0,28.074263,101.067347,229.0,4.879837,-7103.042771,-0.008013,0.014494,0.0,28.0741,-0.000554,0.0,7103.50762,5.776445,0.055815,1.0,0.0,0.0,0.0,7049.287524,6.332086,1021.0,1.0,151.239999,7.0,-0.175824,34.888156,125.597362,34.888123,-0.048116,-3.7e-05,0.061152,0.123994,7.6e-05,-0.010519,0.2705,0.002198,0.0,0.0,0.0,0.0,-9999.0,-9999.0,-9999.0,-9999.0,-9999.0,-9999.0,-9999.0,-9999.0,-9999.0,-9999.0,-9999.0,-9999.0,-9999.0,-9999.0,4.35,151.50418285574003,-0.17359968706844645,205.6119753372207,-3.7055028498296196,-3.705502240092107,0.024227043557431216,0.014099891731045977,229.0
P22_AV0_4_interaction,P22,AV0,4,off_ramp,P22_AV0_4,HV4,60,18596,309933.33,309933.3336,4.0,4.0,28.074249,101.067296,229.0,5.347741,-7103.509968,0.013669,0.014065,0.0,28.074145,-0.000645,0.0,7103.974792,5.802542,0.055826,1.0,0.0,0.0,0.0,7049.868207,6.361981,1021.0,1.0,151.821448,7.0,-0.177866,34.889267,125.601361,34.889232,-0.049639,-3.6e-05,0.077839,0.12878,1e-05,-0.010519,0.2705,0.0,0.0,0.0,0.0,0.0,-9999.0,-9999.0,-9999.0,-9999.0,-9999.0,-9999.0,-9999.0,-9999.0,-9999.0,-9999.0,-9999.0,-9999.0,-9999.0,-9999.0,4.366666300000041,152.0856313230217,-0.17563374949835137,206.07987550383498,-3.705096555592984,-3.7050964647973776,0.024470310490912084,0.014854757399488161,229.0
P22_AV0_4_interaction,P22,AV0,4,off_ramp,P22_AV0_4,HV4,60,18597,309950.0,309950.0008,4.0,4.0,28.074033,101.066519,229.0,5.815642,-7103.977162,0.007341,0.015472,0.0,28.074345,-0.000738,0.0,7104.441967,5.828643,0.055839,1.0,0.0,0.0,0.0,7050.448907,6.391912,1021.0,1.0,152.402915,7.0,-0.179874,34.890618,125.606225,34.890581,-0.05111,-3.6e-05,0.081971,0.1334,-2.3e-05,-0.010519,0.2705,0.0,0.0,0.0,0.0,0.0,-9999.0,-9999.0,-9999.0,-9999.0,-9999.0,-9999.0,-9999.0,-9999.0,-9999.0,-9999.0,-9999.0,-9999.0,-9999.0,-9999.0,4.383333500000008,152.6670987413341,-0.17763279966735315,206.54777888555446,-3.704686432113693,-3.70468655877549,0.02472220507837619,0.01545242343045894,229.0
P22_AV0_4_interaction,P22,AV0,4,off_ramp,P22_AV0_4,HV4,60,18598,309966.67,309966.6676,4.0,4.0,28.074258,101.06733,229.0,6.283545,-7104.444358,0.003451,0.015476,0.0,28.074441,-0.000837,0.0,7104.909145,5.854748,0.055851,1.0,0.0,0.0,0.0,7051.029627,6.421881,1021.0,1.0,152.984405,7.0,-0.181845,34.891985,125.611145,34.891945,-0.052531,-3.7e-05,0.082317,0.137466,-6.4e-05,-0.010362,0.2705,0.0,0.0,0.0,0.0,0.0,-9999.0,-9999.0,-9999.0,-9999.0,-9999.0,-9999.0,-9999.0,-9999.0,-9999.0,-9999.0,-9999.0,-9999.0,-9999.0,-9999.0,4.4000003000000145,153.24858821596789,-0.17959500531571407,207.01568548237913,-3.704272479391748,-3.704272374916198,0.024985401302160426,0.016109226191842962,229.0
P22_AV0_4_interaction,P22,AV0,4,off_ramp,P22_AV0_4,HV4,60,18599,309983.34,309983.3397,4.0,4.0,28.074406,101.067862,229.0,6.751452,-7104.911557,0.012774,0.015823,0.0,28.074595,-0.000943,0.0,7105.376323,5.880858,0.055864,1.0,0.0,0.0,0.0,7051.610368,6.451888,1021.0,1.0,153.565917,7.0,-0.183779,34.893354,125.616075,34.893312,-0.05389,-3.8e-05,0.082392,0.141747,-4.5e-05,-0.010362,0.2705,0.0,0.0,0.0,0.0,0.0,-9999.0,-9999.0,-9999.0,-9999.0,-9999.0,-9999.0,-9999.0,-9999.0,-9999.0,-9999.0,-9999.0,-9999.0,-9999.0,-9999.0,4.4166724000000395,153.830100745414,-0.18152042135109753,207.48359235374315,-3.7038535342126795,-3.7038535715533634,0.025259272326337623,0.01686042365065865,229.0
P22_AV0_4_interaction,P22,AV0,4,off_ramp,P22_AV0_4,HV4,60,18600,310000.01,310000.0102,4.0,4.0,28.07447,101.068092,229.0,7.219359,-7105.378757,0.006392,0.019729,0.0,28.074778,-0.00105,0.0,7105.843505,5.906973,0.055878,1.0,0.0,0.0,0.0,7052.19113,6.481935,1021.0,1.0,154.147452,7.0,-0.185674,34.894724,125.621005,34.89468,-0.055187,-3.8e-05,0.08239,0.145836,-0.0,-0.010362,0.2705,0.0,0.0,0.0,0.0,0.0,-9999.0,-9999.0,-9999.0,-9999.0,-9999.0,-9999.0,-9999.0,-9999.0,-9999.0,-9999.0,-9999.0,-9999.0,-9999.0,-9999.0,4.433342900000047,154.4116364394887,-0.18340705079068634,207.95150349361,-3.7034298162071346,-3.703430165548339,0.025547570276586384,0.017741753616942746,229.0
P22_AV0_4_interaction,P22,AV0,4,off_ramp,P22_AV0_4,HV4,60,18601,310016.67,310016.6704,4.0,4.0,28.074701,101.068925,229.0,7.68727,-7105.84596,0.002976,0.01874,0.0,28.074861,-0.00111,0.0,7106.310689,5.933092,0.055891,1.0,0.0,0.0,0.0,7052.771912,6.512023,1021.0,1.0,154.72901,7.0,-0.187529,34.896092,125.625933,34.896047,-0.056422,-3.7e-05,0.082364,0.149341,4.8e-05,-0.010205,0.2705,0.0,0.0,0.0,0.0,0.0,-9999.0,-9999.0,-9999.0,-9999.0,-9999.0,-9999.0,-9999.0,-9999.0,-9999.0,-9999.0,-9999.0,-9999.0,-9999.0,-9999.0,4.450003100000031,154.993194354607,-0.1852538402352802,208.41941685009118,-3.703002214051272,-3.703002056222261,0.025850608170671308,0.018422464890598178,229.0
P22_AV0_4_interaction,P22,AV0,4,off_ramp,P22_AV0_4,HV4,60,18602,310033.33,310033.3341,4.0,4.0,28.074831,101.069393,229.0,8.155183,-7106.313165,-0.005326,0.018464,0.0,28.074943,-0.001196,0.0,7106.777873,5.959217,0.055905,1.0,0.0,1.0,0.0,7053.352715,6.542153,1021.0,1.0,155.310592,7.0,-0.189344,34.897461,125.630859,34.897413,-0.057598,-3.6e-05,0.082332,0.152266,8.8e-05,-0.009891,0.2705,0.0,0.0,0.0,0.0,0.0,-9999.0,-9999.0,-9999.0,-9999.0,-9999.0,-9999.0,-9999.0,-9999.0,-9999.0,-9999.0,-9999.0,-9999.0,-9999.0,-9999.0,4.466666800000007,155.57477554416838,-0.18705984610116064,208.8873305360185,-3.7025686209468023,-3.70256872138806,0.02616148028646137,0.01903918860510312,229.0
P22_AV0_4_interaction,P22,AV0,4,off_ramp,P22_AV0_4,HV4,60,18603,310050.0,310050.0006,4.0,4.0,28.074886,101.069589,229.0,8.623097,-7106.780372,0.00859,0.019888,0.0,28.074886,-0.001279,0.0,7107.245058,5.985347,0.05592,1.0,0.0,1.0,0.0,7053.933538,6.572327,1021.0,1.0,155.892196,7.0,-0.191116,34.898828,125.635782,34.898779,-0.058706,-3.4e-05,0.082297,0.155381,0.000117,-0.009734,0.27025,0.0,0.0,0.0,0.0,0.0,-9999.0,-9999.0,-9999.0,-9999.0,-9999.0,-9999.0,-9999.0,-9999.0,-9999.0,-9999.0,-9999.0,-9999.0,-9999.0,-9999.0,4.483333300000057,156.15637911949733,-0.1888230164977919,209.3552454949761,-3.70213009029287,-3.702130087974079,0.026485190282727444,0.01986811678078504,229.0
P22_AV0_4_interaction,P22,AV0,4,off_ramp,P22_AV0_4,HV4,60,18604,310066.67,310066.6669,4.0,4.0,28.074899,101.069636,229.0,9.091012,-7107.247579,0.007677,0.021513,0.0,28.075052,-0.001364,0.0,7107.712243,6.011482,0.055935,1.0,0.0,1.0,0.0,7054.514383,6.602544,1021.0,1.0,156.473823,7.0,-0.192845,34.900195,125.640703,34.900144,-0.059748,-3.2e-05,0.082281,0.157892,0.000135,-0.00942,0.2705,0.0,0.0,0.0,0.0,0.0,-9999.0,-9999.0,-9999.0,-9999.0,-9999.0,-9999.0,-9999.0,-9999.0,-9999.0,-9999.0,-9999.0,-9999.0,-9999.0,-9999.0,4.499999600000039,156.73800702266792,-0.1905444597319343,209.8231607284712,-3.701686567181714,-3.7016858959041716,0.026823740071364455,0.020491412093977757,229.0
P22_AV0_4_interaction,P22,AV0,4,off_ramp,P22_AV0_4,HV4,60,18605,310083.33,310083.3334,4.0,4.0,28.074958,101.069849,229.0,9.558927,-7107.714785,0.013534,0.020995,0.0,28.075216,-0.001434,0.0,7108.179431,6.037624,0.05595,1.0,0.0,1.0,0.0,7055.095247,6.632807,1021.0,1.0,157.055473,7.0,-0.194531,34.901462,125.645263,34.901409,-0.060715,-2.9e-05,0.065134,0.160568,0.000206,-0.009263,0.2705,0.002198,0.0,0.0,0.0,0.0,-9999.0,-9999.0,-9999.0,-9999.0,-9999.0,-9999.0,-9999.0,-9999.0,-9999.0,-9999.0,-9999.0,-9999.0,-9999.0,-9999.0,4.516666100000031,157.31965642293062,-0.19222101560629704,210.29107934179459,-3.7012362193536,-3.7012359775423764,0.027168226494964642,0.020727059765611178,229.0
P22_AV0_4_interaction,P22,AV0,4,off_ramp,P22_AV0_4,HV4,60,18606,310100.0,310100.0005,4.0,4.0,28.075116,101.070416,229.0,10.026845,-7108.181995,0.007602,0.02102,0.0,28.075392,-0.00152,0.0,7108.646621,6.063772,0.055965,1.0,0.0,1.0,0.0,7055.67613,6.663115,1021.0,1.0,157.637143,7.0,-0.196172,34.902584,125.649301,34.902529,-0.061602,-2.7e-05,0.07794,0.163406,0.00013,-0.009263,0.2705,0.0,0.0,0.0,0.0,0.0,-9999.0,-9999.0,-9999.0,-9999.0,-9999.0,-9999.0,-9999.0,-9999.0,-9999.0,-9999.0,-9999.0,-9999.0,-9999.0,-9999.0,4.533333200000052,157.9013272653759,-0.19385368261221733,210.75900028154769,-3.7007799903922995,-3.700780280902049,0.027514647659970137,0.020923891346508183,229.0
P22_AV0_4_interaction,P22,AV0,4,off_ramp,P22_AV0_4,HV4,60,18607,310116.67,310116.6675,4.0,4.0,28.075329,101.071184,229.0,10.494766,-7108.649207,0.006543,0.021352,0.0,28.075538,-0.00161,0.0,7109.113813,6.089925,0.055981,1.0,0.0,1.0,0.0,7056.25703,6.69347,1021.0,1.0,158.218834,7.0,-0.197767,34.903931,125.654152,34.903875,-0.06241,-2.4e-05,0.081762,0.165996,0.000132,-0.009263,0.2705,0.0,0.0,0.0,0.0,0.0,-9999.0,-9999.0,-9999.0,-9999.0,-9999.0,-9999.0,-9999.0,-9999.0,-9999.0,-9999.0,-9999.0,-9999.0,-9999.0,-9999.0,4.550000200000009,158.48301766283745,-0.19544035395150314,211.22692349282187,-3.7003188787891994,-3.7003188015605275,0.02786570555366552,0.021298428577840034,229.0
P22_AV0_4_interaction,P22,AV0,4,off_ramp,P22_AV0_4,HV4,60,18608,310133.33,310133.334,4.0,4.0,28.075456,101.07164,229.0,10.96269,-7109.116421,0.002835,0.020589,0.0,28.075621,-0.001712,0.0,7109.581007,6.116085,0.055997,1.0,0.0,1.0,0.0,7056.83795,6.723872,1021.0,1.0,158.800547,7.0,-0.199317,34.905292,125.65905,34.905235,-0.063141,-2.3e-05,0.082013,0.168352,8.4e-05,-0.009263,0.2705,0.0,0.0,0.0,0.0,0.0,-9999.0,-9999.0,-9999.0,-9999.0,-9999.0,-9999.0,-9999.0,-9999.0,-9999.0,-9999.0,-9999.0,-9999.0,-9999.0,-9999.0,4.566666700000002,159.06473061078967,-0.19698119434723385,211.69484908543257,-3.69985088756143,-3.6998514195834735,0.02822459859359583,0.021436412615856826,229.0
P22_AV0_4_interaction,P22,AV0,4,off_ramp,P22_AV0_4,HV4,60,18609,310150.0,310150.0,4.0,4.0,28.075592,101.072131,229.0,11.430616,-7109.583638,-7.8e-05,0.021526,0.0,28.075636,-0.001807,0.0,7110.048202,6.14225,0.056013,1.0,0.0,1.0,0.0,7057.41889,6.754322,1021.0,1.0,159.382282,7.0,-0.200819,34.906554,125.663595,34.906496,-0.0638,-2.1e-05,0.064924,0.17048,0.000136,-0.009263,0.2705,0.002198,0.0,0.0,0.0,0.0,-9999.0,-9999.0,-9999.0,-9999.0,-9999.0,-9999.0,-9999.0,-9999.0,-9999.0,-9999.0,-9999.0,-9999.0,-9999.0,-9999.0,4.583332700000028,159.64646616413935,-0.19847520530793125,212.16277595107348,-3.699377958784197,-3.6993780053093026,0.028580234874567623,0.021178026930997018,229.0
P22_AV0_4_interaction,P22,AV0,4,off_ramp,P22_AV0_4,HV4,60,18610,310166.67,310166.6674,4.0,4.0,28.075645,101.072321,229.0,11.898543,-7110.050855,0.011159,0.02334,0.0,28.075657,-0.001872,0.0,7110.515397,6.168421,0.056028,1.0,0.0,1.0,0.0,7057.999848,6.784821,1021.0,1.0,159.964038,7.0,-0.202274,34.907672,125.66762,34.907613,-0.064389,-1.9e-05,0.077757,0.172404,6.8e-05,-0.009263,0.2705,0.0,0.0,0.0,0.0,0.0,-9999.0,-9999.0,-9999.0,-9999.0,-9999.0,-9999.0,-9999.0,-9999.0,-9999.0,-9999.0,-9999.0,-9999.0,-9999.0,-9999.0,4.600000100000004,160.22822238081244,-0.19992127852683333,212.63070314616056,-3.698899039058356,-3.698898742694407,0.0289305337856689,0.022078461420293016,229.0
P22_AV0_4_interaction,P22,AV0,4,off_ramp,P22_AV0_4,HV4,60,18611,310183.35,310183.345,4.0,4.0,28.075636,101.072288,229.0,12.36647,-7110.518073,0.008673,0.023711,0.0,28.075832,-0.001942,0.0,7110.982593,6.194599,0.056044,1.0,0.0,1.0,0.0,7058.580823,6.815369,1021.0,1.0,160.545814,7.0,-0.20368,34.909016,125.672458,34.908956,-0.064911,-1.8e-05,0.081603,0.174116,8.6e-05,-0.009263,0.2705,0.0,0.0,0.0,0.0,0.0,-9999.0,-9999.0,-9999.0,-9999.0,-9999.0,-9999.0,-9999.0,-9999.0,-9999.0,-9999.0,-9999.0,-9999.0,-9999.0,-9999.0,4.6166777,160.80999826231627,-0.20131935909618034,213.09863172409234,-3.698413184800133,-3.6984133130678627,0.029316462830863088,0.02339783682046137,229.0
P22_AV0_4_interaction,P22,AV0,4,off_ramp,P22_AV0_4,HV4,60,18612,310200.0,310200.001,4.0,4.0,28.07575,101.072701,229.0,12.834398,-7110.985291,0.00758,0.023487,0.0,28.075958,-0.001993,0.0,7111.449791,6.220783,0.05606,1.0,0.0,1.0,0.0,7059.161817,6.845967,1021.0,1.0,161.127612,7.0,-0.205038,34.910373,125.677344,34.910312,-0.065369,-1.7e-05,0.08176,0.175633,5.6e-05,-0.009263,0.2705,0.0,0.0,0.0,0.0,0.0,-9999.0,-9999.0,-9999.0,-9999.0,-9999.0,-9999.0,-9999.0,-9999.0,-9999.0,-9999.0,-9999.0,-9999.0,-9999.0,-9999.0,4.633333700000017,161.39179586054206,-0.2026685583399601,213.56656262845385,-3.6979214494087254,-3.6979215285055815,0.02971045681205453,0.023417343881321773,229.0
P22_AV0_4_interaction,P22,AV0,4,off_ramp,P22_AV0_4,HV4,60,18613,310216.67,310216.6674,4.0,4.0,28.075904,101.073255,229.0,13.302329,-7111.452511,0.014458,0.023499,0.0,28.076105,-0.002047,0.0,7111.91699,6.246974,0.056076,1.0,0.0,1.0,0.0,7059.742831,6.876615,1021.0,1.0,161.709432,7.0,-0.206347,34.911729,125.682224,34.911667,-0.065766,-1.6e-05,0.08167,0.176965,6.1e-05,-0.009263,0.2705,0.0,0.0,0.0,0.0,0.0,-9999.0,-9999.0,-9999.0,-9999.0,-9999.0,-9999.0,-9999.0,-9999.0,-9999.0,-9999.0,-9999.0,-9999.0,-9999.0,-9999.0,4.650000100000005,161.9736161739807,-0.20396893116583237,214.03449491566005,-3.6974227794849366,-3.6974232855032723,0.030096779990444134,0.02393308444603892,229.0
P22_AV0_4_interaction,P22,AV0,4,off_ramp,P22_AV0_4,HV4,60,18614,310233.33,310233.3343,4.0,4.0,28.076021,101.073677,229.0,13.770262,-7111.919734,0.007922,0.027029,0.0,28.076307,-0.002099,0.0,7112.384192,6.273171,0.056092,1.0,0.0,1.0,0.0,7060.323866,6.907313,1021.0,1.0,162.291276,7.0,-0.207607,34.913086,125.68711,34.913023,-0.066107,-1.5e-05,0.081823,0.178121,8.1e-05,-0.009263,0.2705,0.0,0.0,0.0,0.0,0.0,-9999.0,-9999.0,-9999.0,-9999.0,-9999.0,-9999.0,-9999.0,-9999.0,-9999.0,-9999.0,-9999.0,-9999.0,-9999.0,-9999.0,4.666667000000015,162.55546020112484,-0.20522053248156405,214.50243052778774,-3.6969182833356746,-3.6969183033074016,0.030508226249153836,0.02533639402655452,229.0
P22_AV0_4_interaction,P22,AV0,4,off_ramp,P22_AV0_4,HV4,60,18615,310250.0,310250.0002,4.0,4.0,28.076225,101.074412,229.0,14.238197,-7112.386959,0.003101,0.026883,0.0,28.076421,-0.00209,0.0,7112.851397,6.299376,0.056108,1.0,0.0,1.0,0.0,7060.90492,6.938063,1021.0,1.0,162.873142,7.0,-0.208816,34.914445,125.692001,34.914382,-0.066399,-1.3e-05,0.081872,0.178726,0.000103,-0.009106,0.2695,0.0,0.0,0.0,0.0,0.0,-9999.0,-9999.0,-9999.0,-9999.0,-9999.0,-9999.0,-9999.0,-9999.0,-9999.0,-9999.0,-9999.0,-9999.0,-9999.0,-9999.0,4.683332900000037,163.13732605480635,-0.20642125548885604,214.97036957465048,-3.696405963977968,-3.696406361318778,0.030941311645364067,0.0267897179690727,229.0
P22_AV0_4_interaction,P22,AV0,4,off_ramp,P22_AV0_4,HV4,60,18616,310266.67,310266.6669,4.0,4.0,28.076373,101.074943,229.0,14.706136,-7112.854187,0.002667,0.028671,0.0,28.076468,-0.002095,0.0,7113.318603,6.325588,0.056124,1.0,0.0,1.0,0.0,7061.485994,6.968864,1021.0,1.0,163.45503,7.0,-0.209976,34.915803,125.696892,34.91574,-0.06664,-1.1e-05,0.081861,0.179567,0.00012,-0.009106,0.268,0.0,0.0,0.0,0.0,0.0,-9999.0,-9999.0,-9999.0,-9999.0,-9999.0,-9999.0,-9999.0,-9999.0,-9999.0,-9999.0,-9999.0,-9999.0,-9999.0,-9999.0,4.699999600000039,163.7192146786084,-0.20757215358680708,215.43831000435793,-3.6958867100878776,-3.695886948585435,0.03140119848779932,0.028449533584895104,229.0
P22_AV0_4_interaction,P22,AV0,4,off_ramp,P22_AV0_4,HV4,60,18617,310283.33,310283.334,4.0,4.0,28.076447,101.075208,229.0,15.174077,-7113.321416,0.006113,0.030002,0.0,28.076547,-0.002089,0.0,7113.785809,6.351808,0.056141,1.0,0.0,1.0,0.0,7062.067088,6.999716,1021.0,1.0,164.036942,7.0,-0.211085,34.917162,125.701782,34.917098,-0.06683,-9e-06,0.081823,0.180255,0.00013,-0.009106,0.26475,0.0,0.0,0.0,0.0,0.0,-9999.0,-9999.0,-9999.0,-9999.0,-9999.0,-9999.0,-9999.0,-9999.0,-9999.0,-9999.0,-9999.0,-9999.0,-9999.0,-9999.0,4.716666700000002,164.3011260725319,-0.20867322677547062,215.90625087332782,-3.6953594682663637,-3.6953596398594266,0.031889643393085976,0.030464268956807317,229.0
P22_AV0_4_interaction,P22,AV0,4,off_ramp,P22_AV0_4,HV4,60,18618,310300.0,310300.0008,4.0,4.0,28.076491,101.075366,229.0,15.642018,-7113.788645,0.010068,0.034032,0.0,28.076661,-0.002067,0.0,7114.253016,6.378036,0.056159,1.0,0.0,1.0,0.0,7062.648202,7.03062,1021.0,1.0,164.618876,7.0,-0.212144,34.918519,125.706669,34.918455,-0.06698,-7e-06,0.081784,0.180412,0.000133,-0.008949,0.2615,0.0,0.0,0.0,0.0,0.0,-9999.0,-9999.0,-9999.0,-9999.0,-9999.0,-9999.0,-9999.0,-9999.0,-9999.0,-9999.0,-9999.0,-9999.0,-9999.0,-9999.0,4.733333500000008,164.8830602914845,-0.2097234765634078,216.37419318005013,-3.6948242934210307,-3.6948239425526994,0.03241669068778208,0.03260158634024757,229.0
P22_AV0_4_interaction,P22,AV0,4,off_ramp,P22_AV0_4,HV4,60,18619,310316.67,310316.6674,4.0,4.0,28.076597,101.075751,229.0,16.10996,-7114.255875,0.007432,0.033892,0.0,28.0768,-0.002032,0.0,7114.720225,6.404274,0.056178,1.0,0.0,1.0,0.0,7063.229336,7.061576,1021.0,1.0,165.200833,7.0,-0.213152,34.919876,125.711554,34.919812,-0.067086,-5e-06,0.081765,0.180829,0.00013,-0.008949,0.25925,0.0,0.0,0.0,0.0,0.0,-9999.0,-9999.0,-9999.0,-9999.0,-9999.0,-9999.0,-9999.0,-9999.0,-9999.0,-9999.0,-9999.0,-9999.0,-9999.0,-9999.0,4.750000100000005,165.46501733546535,-0.21072290295056872,216.8421380328329,-3.6942792434767733,-3.6942790814520974,0.03297636471960175,0.03455725714734936,229.0
P22_AV0_4_interaction,P22,AV0,4,off_ramp,P22_AV0_4,HV4,60,18620,310333.33,310333.334,4.0,4.0,28.076745,101.07628,229.0,16.577905,-7114.723108,0.014998,0.034471,0.0,28.076912,-0.002032,0.0,7115.187436,6.430522,0.056198,1.0,0.0,1.0,0.0,7063.810489,7.092583,1021.0,1.0,165.782812,7.0,-0.21411,34.921133,125.716079,34.921068,-0.067156,-2e-06,0.064603,0.180726,0.000186,-0.008792,0.25925,0.002198,0.0,0.0,0.0,0.0,-9999.0,-9999.0,-9999.0,-9999.0,-9999.0,-9999.0,-9999.0,-9999.0,-9999.0,-9999.0,-9999.0,-9999.0,-9999.0,-9999.0,4.766666700000002,166.04699615107586,-0.2116724495207288,217.31008543167525,-3.6937243184335427,-3.693724734792228,0.0335685946517259,0.03646730526602315,229.0
P22_AV0_4_interaction,P22,AV0,4,off_ramp,P22_AV0_4,HV4,60,18621,310350.0,310350.0005,4.0,4.0,28.076862,101.076705,229.0,17.045852,-7115.190342,0.05642,0.037999,0.0,28.077234,-0.002028,0.0,7115.654648,6.456779,0.056219,1.0,0.0,1.0,0.0,7064.391661,7.123643,1021.0,1.0,166.364812,7.0,-0.215017,34.922245,125.720081,34.92218,-0.067186,0.0,0.077398,0.180906,9.8e-05,-0.008792,0.25675,0.0,0.0,0.0,0.0,0.0,-9999.0,-9999.0,-9999.0,-9999.0,-9999.0,-9999.0,-9999.0,-9999.0,-9999.0,-9999.0,-9999.0,-9999.0,-9999.0,-9999.0,4.783333200000052,166.62899684813053,-0.21257011929096753,217.7780343231777,-3.693160461875061,-3.693160136191243,0.034191932866093566,0.03825845155891572,229.0
P22_AV0_4_interaction,P22,AV0,4,off_ramp,P22_AV0_4,HV4,60,18622,310366.67,310366.6677,4.0,4.0,28.077037,101.077332,229.0,17.513801,-7115.657577,0.023812,0.039629,0.0,28.078025,-0.00203,0.0,7116.121868,6.483048,0.056242,1.0,0.0,0.0,0.0,7064.972849,7.154754,1021.0,1.0,166.946832,7.0,-0.215873,34.923582,125.724896,34.923518,-0.067184,2e-06,0.081239,0.180578,9e-05,-0.008635,0.25425,0.0,0.0,0.0,0.0,0.0,-9999.0,-9999.0,-9999.0,-9999.0,-9999.0,-9999.0,-9999.0,-9999.0,-9999.0,-9999.0,-9999.0,-9999.0,-9999.0,-9999.0,4.800000400000019,167.21101632134133,-0.2134177445211689,218.24599186150485,-3.692585062680954,-3.6925849907176898,0.03484389159937962,0.04009024019890073,229.0
P22_AV0_4_interaction,P22,AV0,4,off_ramp,P22_AV0_4,HV4,60,18623,310383.33,310383.334,4.0,4.0,28.077705,101.079736,229.0,17.981758,-7116.124821,0.008543,0.040746,0.0,28.078362,-0.002084,0.0,7116.589098,6.509329,0.056267,1.0,0.0,0.0,0.0,7065.554057,7.185917,1021.0,1.0,167.528874,7.0,-0.216678,34.924933,125.72976,34.924869,-0.067148,3e-06,0.081497,0.180537,3.5e-05,-0.008635,0.2505,0.0,0.0,0.0,0.0,0.0,-9999.0,-9999.0,-9999.0,-9999.0,-9999.0,-9999.0,-9999.0,-9999.0,-9999.0,-9999.0,-9999.0,-9999.0,-9999.0,-9999.0,4.816666700000002,167.79305861958127,-0.21421454635064394,218.7139600436384,-3.6919982306665475,-3.6919986679358825,0.03552827913466672,0.04178060535931927,229.0
P22_AV0_4_interaction,P22,AV0,4,off_ramp,P22_AV0_4,HV4,60,18624,310400.0,310400.0007,4.0,4.0,28.078223,101.081604,229.0,18.449727,-7116.592075,0.003167,0.04425,0.0,28.078491,-0.002122,0.0,7117.056332,6.535621,0.056294,1.0,0.0,0.0,0.0,7066.135284,7.217131,1021.0,1.0,168.110938,7.0,-0.217433,34.926285,125.734624,34.92622,-0.067079,3e-06,0.081117,0.180396,2e-05,-0.008635,0.24825,0.0,0.0,0.0,0.0,0.0,-9999.0,-9999.0,-9999.0,-9999.0,-9999.0,-9999.0,-9999.0,-9999.0,-9999.0,-9999.0,-9999.0,-9999.0,-9999.0,-9999.0,4.833333400000003,168.37512268945,-0.21496146836307,219.18193282372184,-3.6914006348771045,-3.69140072631078,0.03623656509098794,0.04419752185637238,229.0
P22_AV0_4_interaction,P22,AV0,4,off_ramp,P22_AV0_4,HV4,60,18625,310416.67,310416.6736,4.0,4.0,28.078433,101.082359,229.0,18.9177,-7117.059333,0.019724,0.044351,0.0,28.078521,-0.002178,0.0,7117.523567,6.561926,0.056323,1.0,0.0,0.0,0.0,7066.716531,7.248398,1021.0,1.0,168.693025,7.0,-0.218137,34.927617,125.73942,34.927552,-0.066982,4e-06,0.079486,0.180164,2.3e-05,-0.008635,0.247,0.0,0.0,0.0,0.0,0.0,-9999.0,-9999.0,-9999.0,-9999.0,-9999.0,-9999.0,-9999.0,-9999.0,-9999.0,-9999.0,-9999.0,-9999.0,-9999.0,-9999.0,4.850006300000008,168.95720963925552,-0.21565656848333617,219.64990731609706,-3.690790113606719,-3.6907905508838166,0.0370018279238451,0.04701182842871754,229.0
P22_AV0_4_interaction,P22,AV0,4,off_ramp,P22_AV0_4,HV4,60,18626,310433.33,310433.3335,4.0,4.0,28.078517,101.082661,229.0,19.385674,-7117.526592,0.017223,0.04722,0.0,28.078918,-0.002286,0.0,7117.990804,6.588243,0.056354,1.0,0.0,0.0,0.0,7067.297797,7.279716,1021.0,1.0,169.275134,7.0,-0.218791,34.928809,125.743712,34.928745,-0.06686,5e-06,0.059137,0.179851,8.6e-05,-0.008635,0.247,0.002198,0.0,0.0,0.0,0.0,-9999.0,-9999.0,-9999.0,-9999.0,-9999.0,-9999.0,-9999.0,-9999.0,-9999.0,-9999.0,-9999.0,-9999.0,-9999.0,-9999.0,4.8666662000000365,169.53931836069071,-0.21630178878659798,220.1178844643472,-3.6901677202544936,-3.6901673623065814,0.037803572033084265,0.048852436082836626,229.0
P22_AV0_4_interaction,P22,AV0,4,off_ramp,P22_AV0_4,HV4,60,18627,310450.0,310450.0006,4.0,4.0,28.078686,101.083269,229.0,19.853651,-7117.993853,0.007631,0.050007,0.0,28.079141,-0.002405,0.0,7118.458045,6.614575,0.056387,1.0,0.0,0.0,0.0,7067.87908,7.311085,1021.0,1.0,169.857262,7.0,-0.219394,34.929781,125.747211,34.929717,-0.066721,5e-06,0.066761,0.179099,-1.1e-05,-0.008478,0.24475,0.0,0.0,0.0,0.0,0.0,-9999.0,-9999.0,-9999.0,-9999.0,-9999.0,-9999.0,-9999.0,-9999.0,-9999.0,-9999.0,-9999.0,-9999.0,-9999.0,-9999.0,4.883333300000056,170.12144685677205,-0.2168970194574359,220.58586643017898,-3.689530569161542,-3.6895306655196194,0.03862994355026217,0.05125994779313503,229.0
P22_AV0_4_interaction,P22,AV0,4,off_ramp,P22_AV0_4,HV4,60,18628,310466.67,310466.6675,4.0,4.0,28.079061,101.084621,229.0,20.321633,-7118.461119,0.007627,0.054888,0.0,28.079266,-0.002554,0.0,7118.925289,6.640921,0.056422,1.0,0.0,0.0,0.0,7068.460377,7.342506,1021.0,1.0,170.439408,7.0,-0.219947,34.930886,125.751191,34.930823,-0.066561,5e-06,0.065179,0.178687,-5.7e-05,-0.008635,0.2385,0.0,0.0,0.0,0.0,0.0,-9999.0,-9999.0,-9999.0,-9999.0,-9999.0,-9999.0,-9999.0,-9999.0,-9999.0,-9999.0,-9999.0,-9999.0,-9999.0,-9999.0,4.90000020000001,170.7035921869346,-0.2174410972814262,221.05385216019192,-3.688879603911538,-3.6888796719399286,0.039512270461244725,0.05408516959604692,229.0
P22_AV0_4_interaction,P22,AV0,4,off_ramp,P22_AV0_4,HV4,60,18629,310483.33,310483.3335,4.0,4.0,28.079205,101.085136,229.0,20.789619,-7118.928387,-0.026841,0.057063,0.0,28.079234,-0.002689,0.0,7119.392535,6.667282,0.056459,1.0,0.0,0.0,0.0,7069.04169,7.373977,1021.0,1.0,171.021572,7.0,-0.22045,34.931929,125.754943,34.931866,-0.066381,2e-06,0.061745,0.178233,-0.000179,-0.008478,0.2315,0.0,0.0,0.0,0.0,0.0,-9999.0,-9999.0,-9999.0,-9999.0,-9999.0,-9999.0,-9999.0,-9999.0,-9999.0,-9999.0,-9999.0,-9999.0,-9999.0,-9999.0,4.916666200000036,171.2857562383438,-0.2179361290567181,221.52184071080381,-3.6882137711054344,-3.688213607775305,0.04043275703661209,0.05652867276501472,229.0
P22_AV0_4_interaction,P22,AV0,4,off_ramp,P22_AV0_4,HV4,60,18630,310500.0,310500.0011,4.0,4.0,28.07933,101.085588,229.0,21.257607,-7119.395657,0.002201,0.059488,0.0,28.078925,-0.002854,0.0,7119.859776,6.693659,0.056499,1.0,0.0,0.0,0.0,7069.623017,7.4055,1021.0,1.0,171.603753,7.0,-0.220903,34.932934,125.758562,34.932871,-0.066185,-2e-06,0.059533,0.177753,-0.000276,-0.008478,0.226,0.0,0.0,0.0,0.0,0.0,-9999.0,-9999.0,-9999.0,-9999.0,-9999.0,-9999.0,-9999.0,-9999.0,-9999.0,-9999.0,-9999.0,-9999.0,-9999.0,-9999.0,4.933333800000022,171.86793712383331,-0.21838000798511428,221.98982514748175,-3.687531687897919,-3.687531901094514,0.041396578779185234,0.05897025966505187,229.0
P22_AV0_4_interaction,P22,AV0,4,off_ramp,P22_AV0_4,HV4,60,18631,310516.67,310516.667,4.0,4.0,28.07901,101.084436,229.0,21.725592,-7119.862923,0.004097,0.06051,0.0,28.078939,-0.003046,0.0,7120.327014,6.720052,0.056541,1.0,0.0,0.0,0.0,7070.204359,7.437073,1021.0,1.0,172.185951,7.0,-0.221307,34.933884,125.761982,34.933822,-0.065975,-7e-06,0.055639,0.177253,-0.000351,-0.008478,0.221,0.0,0.0,0.0,0.0,0.0,-9999.0,-9999.0,-9999.0,-9999.0,-9999.0,-9999.0,-9999.0,-9999.0,-9999.0,-9999.0,-9999.0,-9999.0,-9999.0,-9999.0,4.949999700000044,172.4501357320795,-0.21877478595719863,222.45780746720837,-3.686833464104364,-3.686833716604475,0.04239843829709855,0.06143494453879583,229.0
P22_AV0_4_interaction,P22,AV0,4,off_ramp,P22_AV0_4,HV4,60,18632,310533.33,310533.334,4.0,4.0,28.078944,101.084197,229.0,22.193574,-7120.330185,0.010709,0.061981,0.0,28.079053,-0.003266,0.0,7120.79425,6.746462,0.056586,1.0,0.0,0.0,0.0,7070.785713,7.468696,1021.0,1.0,172.768165,7.0,-0.22166,34.93466,125.764776,34.934598,-0.065752,-1.3e-05,0.033478,0.176735,-0.000348,-0.008478,0.21275,0.002198,0.0,0.0,0.0,0.0,-9999.0,-9999.0,-9999.0,-9999.0,-9999.0,-9999.0,-9999.0,-9999.0,-9999.0,-9999.0,-9999.0,-9999.0,-9999.0,-9999.0,4.966666700000002,173.0323490676071,-0.21912029824983295,222.92578872338223,-3.686118156140993,-3.686118637078593,0.04344438654743499,0.06465063818059336,229.0
P22_AV0_4_interaction,P22,AV0,4,off_ramp,P22_AV0_4,HV4,60,18633,310550.0,310550.0007,4.0,4.0,28.078973,101.084303,229.0,22.661556,-7120.797446,0.007301,0.065912,0.0,28.079198,-0.003519,0.0,7121.261488,6.77289,0.056633,1.0,0.0,0.0,0.0,7071.367078,7.50037,1021.0,1.0,173.350392,7.0,-0.221965,34.935095,125.766342,34.935034,-0.065523,-1.9e-05,0.023384,0.175827,-0.000414,-0.008321,0.21275,0.002198,0.0,0.0,0.0,0.0,-9999.0,-9999.0,-9999.0,-9999.0,-9999.0,-9999.0,-9999.0,-9999.0,-9999.0,-9999.0,-9999.0,-9999.0,-9999.0,-9999.0,4.983333400000003,173.6145761868329,-0.21941549146392036,223.39377296487808,-3.6853849851472202,-3.6853855547809022,0.04455348213802779,0.06826625382084672,229.0
P22_AV0_4_interaction,P22,AV0,4,off_ramp,P22_AV0_4,HV4,60,18634,310566.67,310566.6672,4.0,4.0,28.079142,101.08491,229.0,23.12954,-7121.264709,0.010174,0.07401,0.0,28.079339,-0.003755,0.0,7121.728728,6.799337,0.056682,1.0,0.0,0.0,0.0,7071.948448,7.532093,1021.0,1.0,173.932626,7.0,-0.22222,34.935529,125.767903,34.935468,-0.065288,-2.7e-05,0.035744,0.174926,-0.000535,-0.008164,0.1955,0.0,0.0,0.0,0.0,0.0,-9999.0,-9999.0,-9999.0,-9999.0,-9999.0,-9999.0,-9999.0,-9999.0,-9999.0,-9999.0,-9999.0,-9999.0,-9999.0,-9999.0,4.999999900000054,174.1968109889927,-0.21966203313616733,223.86176024660276,-3.684632952631562,-3.6846335271752393,0.04571991855104329,0.07205404761812195,229.0
P22_AV0_4_interaction,P22,AV0,4,off_ramp,P22_AV0_4,HV4,60,18635,310583.33,310583.3341,4.0,4.0,28.079259,101.085332,229.0,23.597527,-7121.731974,0.01018,0.076919,0.0,28.079509,-0.003954,0.0,7122.195968,6.825804,0.056733,1.0,0.0,0.0,0.0,7072.529823,7.563865,1021.0,1.0,174.514869,7.0,-0.222426,34.936148,125.770134,34.936088,-0.065052,-3.7e-05,0.037476,0.173634,-0.000614,-0.00785,0.169,0.0,0.0,0.0,0.0,0.0,-9999.0,-9999.0,-9999.0,-9999.0,-9999.0,-9999.0,-9999.0,-9999.0,-9999.0,-9999.0,-9999.0,-9999.0,-9999.0,-9999.0,5.0166668000000065,174.7790534740865,-0.2198599232665668,224.3297486264813,-3.68386095028721,-3.683861553969618,0.046955290182651765,0.07663886306327083,229.0
P22_AV0_4_interaction,P22,AV0,4,off_ramp,P22_AV0_4,HV4,60,18636,310600.0,310600.0008,4.0,4.0,28.079424,101.085925,229.0,24.065516,-7122.199239,0.003899,0.081199,0.0,28.079613,-0.004171,0.0,7122.663211,6.852292,0.056787,1.0,0.0,0.0,0.0,7073.111205,7.595687,1021.0,1.0,175.097121,7.0,-0.222583,34.93676,125.772335,34.9367,-0.064824,-4.8e-05,0.036226,0.171189,-0.000681,-0.007065,0.14075,0.0,0.0,0.0,0.0,0.0,-9999.0,-9999.0,-9999.0,-9999.0,-9999.0,-9999.0,-9999.0,-9999.0,-9999.0,-9999.0,-9999.0,-9999.0,-9999.0,-9999.0,5.033333500000008,175.36130569400555,-0.22000827317911367,224.7977411548958,-3.68306814434581,-3.6830683385694254,0.04827456674981079,0.08224047150169977,229.0
P22_AV0_4_interaction,P22,AV0,4,off_ramp,P22_AV0_4,HV4,60,18637,310616.67,310616.6674,4.0,4.0,28.079594,101.086537,229.0,24.533508,-7122.666507,0.006461,0.088726,0.0,28.07972,-0.004401,0.0,7123.130453,6.878804,0.056845,1.0,0.0,0.0,0.0,7073.692594,7.627557,1021.0,1.0,175.679384,7.0,-0.222692,34.937321,125.774357,34.937262,-0.064613,-5.9e-05,0.031395,0.167603,-0.000664,-0.005809,0.1115,0.0,0.0,0.0,0.0,0.0,-9999.0,-9999.0,-9999.0,-9999.0,-9999.0,-9999.0,-9999.0,-9999.0,-9999.0,-9999.0,-9999.0,-9999.0,-9999.0,-9999.0,5.0500001000000045,175.94356753893354,-0.2201090798566215,225.26573400260312,-3.6822513197022673,-3.682252403490124,0.04969663587455386,0.08784953464935041,229.0
P22_AV0_4_interaction,P22,AV0,4,off_ramp,P22_AV0_4,HV4,60,18638,310633.33,310633.334,4.0,4.0,28.079646,101.086724,229.0,25.001501,-7123.133774,0.002991,0.093761,0.0,28.079804,-0.004578,0.0,7123.597696,6.90534,0.056905,1.0,0.0,0.0,0.0,7074.27399,7.659475,1021.0,1.0,176.261655,7.0,-0.222754,34.93765,125.77554,34.937591,-0.064394,-6.9e-05,0.004512,0.163647,-0.000547,-0.004396,0.076,0.002198,0.0,0.0,0.0,0.0,-9999.0,-9999.0,-9999.0,-9999.0,-9999.0,-9999.0,-9999.0,-9999.0,-9999.0,-9999.0,-9999.0,-9999.0,-9999.0,-9999.0,5.066666700000002,176.5258390088705,-0.22016234329909384,225.7337291665869,-3.681410586172001,-3.681411790666491,0.05120287285818392,0.09614411445959892,229.0
P22_AV0_4_interaction,P22,AV0,4,off_ramp,P22_AV0_4,HV4,60,18639,310650.02,310650.0206,4.0,4.0,28.079774,101.087185,229.0,25.469496,-7123.601043,0.006293,0.105429,0.0,28.079886,-0.004783,0.0,7124.064938,6.931902,0.05697,1.0,0.0,0.0,0.0,7074.855389,7.69144,1021.0,1.0,176.843932,7.0,-0.222769,34.937548,125.775173,34.937489,-0.06414,-7.8e-05,-0.011257,0.163091,-0.000508,-0.004396,0.076,0.002198,0.0,0.0,0.0,0.0,-9999.0,-9999.0,-9999.0,-9999.0,-9999.0,-9999.0,-9999.0,-9999.0,-9999.0,-9999.0,-9999.0,-9999.0,-9999.0,-9999.0,5.083353300000017,177.1081160549443,-0.22016884236726605,226.2017247596798,-3.680543836956769,-3.68054459317666,0.05290358067277623,0.1062778138452829,229.0
P22_AV0_4_interaction,P22,AV0,4,off_ramp,P22_AV0_4,HV4,60,18640,310666.67,310666.6668,4.0,4.0,28.079828,101.087383,229.0,25.937492,-7124.068311,0.016547,0.114785,0.0,28.080068,-0.004951,0.0,7124.532181,6.958493,0.057039,1.0,0.0,0.0,0.0,7075.436784,7.723451,1021.0,1.0,177.426208,7.0,-0.222738,34.937346,125.774446,34.937288,-0.063839,-8.7e-05,-0.005069,0.161666,-0.000569,-0.004082,0.0245,0.0,0.0,0.0,0.0,0.0,-9999.0,-9999.0,-9999.0,-9999.0,-9999.0,-9999.0,-9999.0,-9999.0,-9999.0,-9999.0,-9999.0,-9999.0,-9999.0,-9999.0,5.099999500000035,177.69039163280584,-0.22012919119864616,226.66972294358575,-3.679648186397542,-3.679648441559367,0.05474505833257126,0.11345367939233975,229.0
P22_AV0_4_interaction,P22,AV0,4,off_ramp,P22_AV0_4,HV4,60,18641,310683.33,310683.3336,4.0,4.0,28.079938,101.087777,229.0,26.40549,-7124.535579,0.006759,0.119979,0.0,28.080306,-0.005093,0.0,7124.999425,6.985116,0.057113,1.0,0.0,0.0,0.0,7076.018174,7.755508,1021.0,1.0,178.008481,7.0,-0.22266,34.937212,125.773962,34.937154,-0.06349,-9.7e-05,-0.012002,0.160523,-0.000643,-0.003925,0.0,0.0,0.0,0.0,0.0,0.0,-9999.0,-9999.0,-9999.0,-9999.0,-9999.0,-9999.0,-9999.0,-9999.0,-9999.0,-9999.0,-9999.0,-9999.0,-9999.0,-9999.0,5.116666300000041,178.27266474396328,-0.22004333488551897,227.13772388303056,-3.678720639020165,-3.6787208335393435,0.05668317972842374,0.12237099276779184,229.0
P22_AV0_4_interaction,P22,AV0,4,off_ramp,P22_AV0_4,HV4,60,18642,310700.0,310700.0,4.0,4.0,28.080205,101.088739,229.0,26.873491,-7125.002849,0.002609,0.133107,0.0,28.080389,-0.005272,0.0,7125.466671,7.011774,0.057194,1.0,0.0,1.0,0.0,7076.599559,7.787611,1021.0,1.0,178.590751,7.0,-0.222537,34.936794,125.772457,34.936737,-0.06309,-0.000108,-0.039243,0.159671,-0.0007,-0.003925,0.0,0.002198,0.0,0.0,0.0,0.0,-9999.0,-9999.0,-9999.0,-9999.0,-9999.0,-9999.0,-9999.0,-9999.0,-9999.0,-9999.0,-9999.0,-9999.0,-9999.0,-9999.0,5.133332700000028,178.85493538841845,-0.2199112734279862,227.60572874122727,-3.677758254257943,-3.6777590106145492,0.058824070241044524,0.13400468500205798,229.0
P22_AV0_4_interaction,P22,AV0,4,off_ramp,P22_AV0_4,HV4,60,18643,310716.67,310716.6674,4.0,4.0,28.080362,101.089302,229.0,27.341496,-7125.470121,0.00298,0.145126,0.0,28.080433,-0.005469,0.0,7125.933916,7.038468,0.057282,1.0,0.0,1.0,0.0,7077.180935,7.819758,1021.0,1.0,179.173015,7.0,-0.222369,34.936104,125.769974,34.936048,-0.062646,-0.000122,-0.037024,0.158738,-0.000863,-0.003925,0.0,0.0,0.0,0.0,0.0,0.0,-9999.0,-9999.0,-9999.0,-9999.0,-9999.0,-9999.0,-9999.0,-9999.0,-9999.0,-9999.0,-9999.0,-9999.0,-9999.0,-9999.0,5.150000100000005,179.4371994623889,-0.21973478417806871,228.07373457760914,-3.676759868896363,-3.6767600015191353,0.06115007619607127,0.14486223349897753,229.0
P22_AV0_4_interaction,P22,AV0,4,off_ramp,P22_AV0_4,HV4,60,18644,310733.33,310733.334,4.0,4.0,28.08041,101.089477,229.0,27.809501,-7125.937392,0.011111,0.152461,0.0,28.080484,-0.005694,0.0,7126.401159,7.065203,0.057377,1.0,0.0,1.0,0.0,7077.762297,7.85195,1021.0,1.0,179.755267,7.0,-0.222156,34.935284,125.767022,34.935229,-0.062161,-0.000137,-0.062267,0.157746,-0.000951,-0.003925,0.0,0.0,0.0,0.0,0.0,0.0,-9999.0,-9999.0,-9999.0,-9999.0,-9999.0,-9999.0,-9999.0,-9999.0,-9999.0,-9999.0,-9999.0,-9999.0,-9999.0,-9999.0,5.166666700000001,180.01945202832522,-0.21951259410587864,228.5417406682238,-3.6757204355705797,-3.675720635914053,0.06365289943987307,0.15580308856604486,229.0
P22_AV0_4_interaction,P22,AV0,4,off_ramp,P22_AV0_4,HV4,60,18645,310750.0,310750.0023,4.0,4.0,28.080457,101.089647,229.0,28.277508,-7126.404661,0.009352,0.164053,0.0,28.080624,-0.006014,0.0,7126.868401,7.091981,0.057481,1.0,0.0,1.0,0.0,7078.343642,7.884185,1021.0,1.0,180.337505,7.0,-0.221898,34.93383,125.761788,34.933776,-0.061641,-0.000155,-0.106,0.156736,-0.001163,-0.004082,0.0,0.0,0.0,0.0,0.0,0.0,-9999.0,-9999.0,-9999.0,-9999.0,-9999.0,-9999.0,-9999.0,-9999.0,-9999.0,-9999.0,-9999.0,-9999.0,-9999.0,-9999.0,5.183335000000021,180.60168998093766,-0.21924653547119657,229.00974812137747,-3.6746380122053965,-3.6746381340929455,0.0663437757266081,0.1673002057958204,229.0
P22_AV0_4_interaction,P22,AV0,4,off_ramp,P22_AV0_4,HV4,60,18646,310766.67,310766.6672,4.0,4.0,28.080576,101.090074,229.0,28.745515,-7126.87193,0.011394,0.175521,0.0,28.080809,-0.006395,0.0,7127.335643,7.118806,0.057594,1.0,0.0,1.0,0.0,7078.92496,7.916464,1021.0,1.0,180.919719,7.0,-0.221595,34.93157,125.753653,34.931517,-0.061088,-0.000177,-0.156756,0.155764,-0.001493,-0.004082,0.0,0.0,0.0,0.0,0.0,0.0,-9999.0,-9999.0,-9999.0,-9999.0,-9999.0,-9999.0,-9999.0,-9999.0,-9999.0,-9999.0,-9999.0,-9999.0,-9999.0,-9999.0,5.199999900000053,181.18390339022073,-0.2189350607057232,229.47775815519364,-3.673508659742827,-3.673509195088239,0.06922951079232575,0.1789988121736148,229.0
P22_AV0_4_interaction,P22,AV0,4,off_ramp,P22_AV0_4,HV4,60,18647,310783.33,310783.334,4.0,4.0,28.080702,101.090527,229.0,29.213525,-7127.339198,0.003511,0.187153,0.0,28.08096,-0.006854,0.0,7127.802885,7.14568,0.057717,1.0,0.0,1.0,0.0,7079.506239,7.948784,1021.0,1.0,181.501896,7.0,-0.221249,34.928487,125.742554,34.928435,-0.060507,-0.000207,-0.198306,0.154891,-0.001986,-0.004239,0.0,0.0,0.0,0.0,0.0,0.0,-9999.0,-9999.0,-9999.0,-9999.0,-9999.0,-9999.0,-9999.0,-9999.0,-9999.0,-9999.0,-9999.0,-9999.0,-9999.0,-9999.0,5.216666700000002,181.7660801095528,-0.21858050639137386,229.94577087948585,-3.672330381199906,-3.6723305911609874,0.07231013261373676,0.1910563389359261,229.0
P22_AV0_4_interaction,P22,AV0,4,off_ramp,P22_AV0_4,HV4,60,18648,310800.0,310800.0001,4.0,4.0,28.080903,101.091252,229.0,29.681538,-7127.806467,0.01211,0.20205,0.0,28.080947,-0.007387,0.0,7128.270126,7.172608,0.057849,1.0,0.0,1.0,0.0,7080.087466,7.981145,1021.0,1.0,182.084023,7.0,-0.220859,34.924698,125.728913,34.924647,-0.059897,-0.000246,-0.2484,0.154168,-0.002632,-0.004553,0.0,0.0,0.0,0.0,0.0,0.0,-9999.0,-9999.0,-9999.0,-9999.0,-9999.0,-9999.0,-9999.0,-9999.0,-9999.0,-9999.0,-9999.0,-9999.0,-9999.0,-9999.0,5.233332800000033,182.34820715854534,-0.21818215872814994,230.4137855703026,-3.6710981292118463,-3.67109889090104,0.0755979639239115,0.20337518403970067,229.0
P22_AV0_4_interaction,P22,AV0,4,off_ramp,P22_AV0_4,HV4,60,18649,310816.67,310816.6668,4.0,4.0,28.080989,101.091561,229.0,30.149552,-7128.273734,0.033596,0.213776,0.0,28.081295,-0.008007,0.0,7128.737364,7.199591,0.057993,1.0,0.0,1.0,0.0,7080.668628,8.013546,1021.0,1.0,182.666087,7.0,-0.220426,34.920163,125.712587,34.920113,-0.059258,-0.000297,-0.295426,0.153619,-0.003354,-0.004867,0.0,0.0,0.0,0.0,0.0,0.0,-9999.0,-9999.0,-9999.0,-9999.0,-9999.0,-9999.0,-9999.0,-9999.0,-9999.0,-9999.0,-9999.0,-9999.0,-9999.0,-9999.0,5.249999500000034,182.93027150190306,-0.21774030240753442,230.88180028556715,-3.6698107954717436,-3.6698106973169424,0.07908920426675081,0.21621895573140204,229.0
P22_AV0_4_interaction,P22,AV0,4,off_ramp,P22_AV0_4,HV4,60,18650,310833.33,310833.334,4.0,4.0,28.081048,101.091772,229.0,30.617567,-7128.741,0.011553,0.226442,0.0,28.081756,-0.008737,0.0,7129.204606,7.226636,0.058147,1.0,0.0,1.0,0.0,7081.249712,8.045985,1021.0,1.0,183.248076,7.0,-0.21995,34.914535,125.692324,34.914485,-0.058587,-0.000364,-0.364177,0.153518,-0.004533,-0.005024,0.0,0.0,0.0,0.0,0.0,0.0,-9999.0,-9999.0,-9999.0,-9999.0,-9999.0,-9999.0,-9999.0,-9999.0,-9999.0,-9999.0,-9999.0,-9999.0,-9999.0,-9999.0,5.266666700000002,183.51226004942026,-0.21725622061229408,231.34982239907575,-3.6684617748935318,-3.668462537477164,0.08280539171741452,0.22991195842745782,229.0
P22_AV0_4_interaction,P22,AV0,4,off_ramp,P22_AV0_4,HV4,60,18651,310850.0,310850.0002,4.0,4.0,28.081574,101.093668,229.0,31.085589,-7129.208269,0.004584,0.241064,0.0,28.081925,-0.009552,0.0,7129.67185,7.253744,0.058313,1.0,0.0,1.0,0.0,7081.830701,8.078463,1021.0,1.0,183.829972,7.0,-0.219431,34.907963,125.668668,34.907915,-0.05788,-0.000452,-0.408443,0.15375,-0.005821,-0.005181,0.0,0.0,0.0,0.0,0.0,0.0,-9999.0,-9999.0,-9999.0,-9999.0,-9999.0,-9999.0,-9999.0,-9999.0,-9999.0,-9999.0,-9999.0,-9999.0,-9999.0,-9999.0,5.283332900000038,184.09415588165177,-0.21672798142029856,231.81784996875075,-3.6670499591702543,-3.667050515909333,0.08675293764652281,0.2440352229109113,229.0
P22_AV0_4_interaction,P22,AV0,4,off_ramp,P22_AV0_4,HV4,60,18652,310866.67,310866.6674,4.0,4.0,28.081851,101.094665,229.0,31.553617,-7129.67554,-0.002603,0.25574,0.0,28.081975,-0.010446,0.0,7130.139093,7.28092,0.05849,1.0,0.0,1.0,0.0,7082.411581,8.110977,1021.0,1.0,184.41176,7.0,-0.218869,34.900981,125.643531,34.900934,-0.057143,-0.000562,-0.423457,0.153775,-0.007073,-0.005024,0.0,0.0,0.0,0.0,0.0,0.0,-9999.0,-9999.0,-9999.0,-9999.0,-9999.0,-9999.0,-9999.0,-9999.0,-9999.0,-9999.0,-9999.0,-9999.0,-9999.0,-9999.0,5.3000001000000045,184.67594485499424,-0.21615781159814354,232.285880273658,-3.6655701911217546,-3.6655707630467527,0.09093992976889353,0.2589703793113922,229.0
P22_AV0_4_interaction,P22,AV0,4,off_ramp,P22_AV0_4,HV4,60,18653,310883.33,310883.3341,4.0,4.0,28.081962,101.095063,229.0,32.021647,-7130.14281,0.004398,0.271799,0.0,28.081971,-0.011413,0.0,7130.606332,7.308168,0.058679,1.0,0.0,1.0,0.0,7082.992343,8.143528,1021.0,1.0,184.993434,7.0,-0.218264,34.893764,125.617552,34.893719,-0.056373,-0.000687,-0.445407,0.153943,-0.007626,-0.004867,0.0,0.002198,0.0,0.0,0.0,0.0,-9999.0,-9999.0,-9999.0,-9999.0,-9999.0,-9999.0,-9999.0,-9999.0,-9999.0,-9999.0,-9999.0,-9999.0,-9999.0,-9999.0,5.316666800000006,185.25761803793122,-0.21554421848508612,232.75391053795386,-3.664018312059205,-3.664019135541979,0.09538542261466887,0.27434975042110343,229.0
P22_AV0_4_interaction,P22,AV0,4,off_ramp,P22_AV0_4,HV4,60,18654,310900.0,310900.0007,4.0,4.0,28.081952,101.095028,229.0,32.489678,-7130.610077,0.002419,0.287712,0.0,28.082029,-0.012455,0.0,7131.073567,7.335491,0.05888,1.0,0.0,1.0,0.0,7083.572983,8.176115,1021.0,1.0,185.574987,7.0,-0.217617,34.886361,125.5909,34.886317,-0.055568,-0.000813,-0.434079,0.15416,-0.007433,-0.004867,0.0,0.0,0.0,0.0,0.0,0.0,-9999.0,-9999.0,-9999.0,-9999.0,-9999.0,-9999.0,-9999.0,-9999.0,-9999.0,-9999.0,-9999.0,-9999.0,-9999.0,-9999.0,5.333333400000003,185.83917138159063,-0.214887980941867,233.22194092636053,-3.6623913265082524,-3.6623912525967017,0.10008491078046688,0.2888505788366835,229.0
P22_AV0_4_interaction,P22,AV0,4,off_ramp,P22_AV0_4,HV4,60,18655,310916.67,310916.6675,4.0,4.0,28.082006,101.095222,229.0,32.957708,-7131.07734,0.006305,0.305453,0.0,28.082066,-0.013579,0.0,7131.540798,7.362896,0.059093,1.0,0.0,1.0,0.0,7084.153498,8.208738,1021.0,1.0,186.156418,7.0,-0.216926,34.879171,125.565015,34.879128,-0.054725,-0.000928,-0.430672,0.154311,-0.006521,-0.004553,0.0,0.0,0.0,0.0,0.0,0.0,-9999.0,-9999.0,-9999.0,-9999.0,-9999.0,-9999.0,-9999.0,-9999.0,-9999.0,-9999.0,-9999.0,-9999.0,-9999.0,-9999.0,5.350000200000009,186.42060189049715,-0.21418893424534977,233.68997182323182,-3.6606822450288554,-3.6606829642123464,0.10501379725134541,0.30708258336092387,229.0
P22_AV0_4_interaction,P22,AV0,4,off_ramp,P22_AV0_4,HV4,60,18656,310933.35,310933.3475,4.0,4.0,28.082048,101.095371,229.0,33.425739,-7131.544599,0.003123,0.319908,0.0,28.082162,-0.014779,0.0,7132.008025,7.390385,0.059319,1.0,0.0,1.0,0.0,7084.733891,8.241397,1021.0,1.0,186.737728,7.0,-0.216193,34.871991,125.539169,34.87195,-0.053845,-0.001024,-0.430484,0.154306,-0.005133,-0.004239,0.0,0.0,0.0,0.0,0.0,0.0,-9999.0,-9999.0,-9999.0,-9999.0,-9999.0,-9999.0,-9999.0,-9999.0,-9999.0,-9999.0,-9999.0,-9999.0,-9999.0,-9999.0,5.366680200000003,187.00191256012613,-0.21344724311867083,234.15800333838405,-3.6588890706381956,-3.65888931201911,0.11032543207645062,0.3268090381257789,229.0
P22_AV0_4_interaction,P22,AV0,4,off_ramp,P22_AV0_4,HV4,60,18657,310950.0,310950.0006,4.0,4.0,28.082117,101.095622,229.0,33.89377,-7132.011854,0.008576,0.339179,0.0,28.08227,-0.016045,0.0,7132.475248,7.417965,0.059558,1.0,0.0,1.0,0.0,7085.314162,8.274093,1021.0,1.0,187.318919,7.0,-0.215416,34.864814,125.51333,34.864774,-0.052935,-0.001093,-0.43039,0.153444,-0.003474,-0.003925,0.0,0.0,0.0,0.0,0.0,0.0,-9999.0,-9999.0,-9999.0,-9999.0,-9999.0,-9999.0,-9999.0,-9999.0,-9999.0,-9999.0,-9999.0,-9999.0,-9999.0,-9999.0,5.383333300000056,187.58310344538432,-0.21266190907034319,234.62603585617015,-3.6570048138961764,-3.6570056256584476,0.11590690588819541,0.3420960566526854,229.0
P22_AV0_4_interaction,P22,AV0,4,off_ramp,P22_AV0_4,HV4,60,18658,310966.67,310966.6694,4.0,4.0,28.082187,101.095872,229.0,34.361803,-7132.479105,0.010004,0.359988,0.0,28.082368,-0.017372,0.0,7132.942468,7.445639,0.05981,1.0,0.0,1.0,0.0,7085.894311,8.306825,1021.0,1.0,187.89999,7.0,-0.214597,34.857638,125.487496,34.857599,-0.052002,-0.001134,-0.430317,0.151795,-0.001745,-0.003454,0.0,0.0,0.0,0.0,0.0,0.0,-9999.0,-9999.0,-9999.0,-9999.0,-9999.0,-9999.0,-9999.0,-9999.0,-9999.0,-9999.0,-9999.0,-9999.0,-9999.0,-9999.0,5.400002100000042,188.16417449136497,-0.21183393059185562,235.0940705398059,-3.6550265342362565,-3.655026985929828,0.12172494052221339,0.3595119137078031,229.0
P22_AV0_4_interaction,P22,AV0,4,off_ramp,P22_AV0_4,HV4,60,18659,310983.33,310983.3336,4.0,4.0,28.08234,101.096423,229.0,34.829837,-7132.946354,0.007209,0.375049,0.0,28.082515,-0.018747,0.0,7133.409683,7.473413,0.060075,1.0,0.0,1.0,0.0,7086.474338,8.339593,1021.0,1.0,188.480941,7.0,-0.213735,34.850463,125.461667,34.850426,-0.051047,-0.001146,-0.430247,0.149481,-9.4e-05,-0.002826,0.0,0.0,0.0,0.0,0.0,0.0,-9999.0,-9999.0,-9999.0,-9999.0,-9999.0,-9999.0,-9999.0,-9999.0,-9999.0,-9999.0,-9999.0,-9999.0,-9999.0,-9999.0,5.416666300000041,188.74512569806717,-0.21096330768315286,235.56210572175297,-3.6529481308943557,-3.6529481960122947,0.1278904201555946,0.37816903994526596,229.0
P22_AV0_4_interaction,P22,AV0,4,off_ramp,P22_AV0_4,HV4,60,18660,311000.0,311000.0009,4.0,4.0,28.082449,101.096816,229.0,35.297873,-7133.413598,0.002503,0.395842,0.0,28.082614,-0.020211,0.0,7133.876894,7.501293,0.060353,1.0,0.0,1.0,0.0,7087.054243,8.372396,1021.0,1.0,189.061773,7.0,-0.212831,34.84319,125.435483,34.843154,-0.050079,-0.001133,-0.44731,0.145721,0.001385,-0.001727,0.0,0.002198,0.0,0.0,0.0,0.0,-9999.0,-9999.0,-9999.0,-9999.0,-9999.0,-9999.0,-9999.0,-9999.0,-9999.0,-9999.0,-9999.0,-9999.0,-9999.0,-9999.0,5.4333336000000125,189.32595701058318,-0.21005103883567552,236.03014272995023,-3.650763667829625,-3.6507641868923137,0.13432993263198512,0.39829862734086197,229.0
P22_AV0_4_interaction,P22,AV0,4,off_ramp,P22_AV0_4,HV4,60,18661,311016.67,311016.6743,4.0,4.0,28.082573,101.097263,229.0,35.76591,-7133.880838,0.001965,0.41481,0.0,28.082645,-0.021725,0.0,7134.3441,7.529283,0.060645,1.0,0.0,1.0,0.0,7087.634025,8.405234,1021.0,1.0,189.642483,7.0,-0.211885,34.835774,125.408786,34.835739,-0.049084,-0.001098,-0.434362,0.142074,0.002571,-0.000785,0.0,0.0,0.0,0.0,0.0,0.0,-9999.0,-9999.0,-9999.0,-9999.0,-9999.0,-9999.0,-9999.0,-9999.0,-9999.0,-9999.0,-9999.0,-9999.0,-9999.0,-9999.0,5.450007000000041,189.90666743042308,-0.20909706914180667,236.49818078553668,-3.6484690961686153,-3.648469501828786,0.14117012092607695,0.4200706021295524,229.0
P22_AV0_4_interaction,P22,AV0,4,off_ramp,P22_AV0_4,HV4,60,18662,311033.33,311033.3335,4.0,4.0,28.082632,101.097474,229.0,36.233949,-7134.348074,0.001467,0.436905,0.0,28.082705,-0.023291,0.0,7134.8113,7.557389,0.060951,1.0,0.0,0.0,0.0,7088.213681,8.438106,1021.0,1.0,190.22307,7.0,-0.210899,34.828586,125.382909,34.828553,-0.048078,-0.001045,-0.430432,0.136198,0.003553,0.000942,0.0,0.0,0.0,0.0,0.0,0.0,-9999.0,-9999.0,-9999.0,-9999.0,-9999.0,-9999.0,-9999.0,-9999.0,-9999.0,-9999.0,-9999.0,-9999.0,-9999.0,-9999.0,5.466666200000036,190.48725390720296,-0.20810223236980052,236.9662192194667,-3.646058370055006,-3.6460587203438095,0.1483316990721164,0.43862982738570455,229.0
P22_AV0_4_interaction,P22,AV0,4,off_ramp,P22_AV0_4,HV4,60,18663,311050.0,311050.0008,4.0,4.0,28.082658,101.097569,229.0,36.701987,-7134.815303,0.00868,0.460721,0.0,28.082741,-0.024914,0.0,7135.278494,7.585617,0.06127,1.0,0.0,0.0,0.0,7088.793216,8.471011,1021.0,1.0,190.803537,7.0,-0.209873,34.821413,125.357088,34.821382,-0.047052,-0.000978,-0.430054,0.129674,0.004302,0.002826,0.0,0.0,0.0,0.0,0.0,0.0,-9999.0,-9999.0,-9999.0,-9999.0,-9999.0,-9999.0,-9999.0,-9999.0,-9999.0,-9999.0,-9999.0,-9999.0,-9999.0,-9999.0,5.483333500000008,191.06772137847307,-0.20706780154959312,237.4342583611864,-3.6435254985401895,-3.643526066801746,0.1557882595321587,0.4589368805840479,229.0
P22_AV0_4_interaction,P22,AV0,4,off_ramp,P22_AV0_4,HV4,60,18664,311066.67,311066.6673,4.0,4.0,28.082714,101.097769,229.0,37.170025,-7135.282526,0.006067,0.477476,0.0,28.082887,-0.026532,0.0,7135.74568,7.613972,0.061604,1.0,0.0,0.0,0.0,7089.372629,8.503947,1021.0,1.0,191.383884,7.0,-0.20881,34.814245,125.331282,34.814215,-0.045974,-0.000901,-0.429881,0.124021,0.004828,0.004239,0.0,0.0,0.0,0.0,0.0,0.0,-9999.0,-9999.0,-9999.0,-9999.0,-9999.0,-9999.0,-9999.0,-9999.0,-9999.0,-9999.0,-9999.0,-9999.0,-9999.0,-9999.0,5.5,191.64806873592715,-0.2059957187564006,237.90229648825166,-3.640865379351616,-3.640865711793789,0.16362979076615147,0.48080106173176596,229.0
P22_AV0_4_interaction,P22,AV0,4,off_ramp,P22_AV0_4,HV4,60,18665,311083.33,311083.3334,4.0,4.0,28.082809,101.098113,229.0,37.638064,-7135.749742,0.002743,0.49971,0.0,28.08292,-0.028227,0.0,7136.212861,7.64246,0.061952,1.0,0.0,0.0,0.0,7089.95192,8.536913,1021.0,1.0,191.964112,7.0,-0.20771,34.807079,125.305485,34.80705,-0.044837,-0.000817,-0.429763,0.11764,0.005163,0.005809,0.0,0.0,0.0,0.0,0.0,0.0,-9999.0,-9999.0,-9999.0,-9999.0,-9999.0,-9999.0,-9999.0,-9999.0,-9999.0,-9999.0,-9999.0,-9999.0,-9999.0,-9999.0,5.516666100000031,192.2282959246566,-0.20488698248160472,238.37033692558308,-3.638072186263765,-3.6380718636435265,0.17181460075896382,0.5017122753227268,229.0
P22_AV0_4_interaction,P22,AV0,4,off_ramp,P22_AV0_4,HV4,60,18666,311100.0,311100.0007,4.0,4.0,28.082934,101.098561,229.0,38.106105,-7136.216954,0.007383,0.522717,0.0,28.082938,-0.029992,0.0,7136.680034,7.671088,0.062315,1.0,0.0,0.0,0.0,7090.53109,8.569907,1021.0,1.0,192.54422,7.0,-0.206574,34.799915,125.279695,34.799888,-0.043667,-0.000729,-0.42966,0.108217,0.005312,0.008478,0.0,0.0,0.0,0.0,0.0,0.0,-9999.0,-9999.0,-9999.0,-9999.0,-9999.0,-9999.0,-9999.0,-9999.0,-9999.0,-9999.0,-9999.0,-9999.0,-9999.0,-9999.0,5.533333400000003,192.80840383333782,-0.2037436446157824,238.83837706206,-3.6351387651135076,-3.63513853695326,0.18035359218205826,0.5232460808805266,229.0
P22_AV0_4_interaction,P22,AV0,4,off_ramp,P22_AV0_4,HV4,60,18667,311116.67,311116.6675,4.0,4.0,28.082938,101.098576,229.0,38.574144,-7136.684157,0.009699,0.540701,0.0,28.083119,-0.031805,0.0,7137.147198,7.699861,0.062693,1.0,0.0,0.0,0.0,7091.110139,8.602928,1021.0,1.0,193.124209,7.0,-0.205406,34.792753,125.253912,34.792728,-0.042438,-0.00064,-0.429563,0.098886,0.00532,0.01099,0.0,0.0,0.0,0.0,0.0,0.0,-9999.0,-9999.0,-9999.0,-9999.0,-9999.0,-9999.0,-9999.0,-9999.0,-9999.0,-9999.0,-9999.0,-9999.0,-9999.0,-9999.0,5.550000200000009,193.3883924070631,-0.202566703650376,239.30641617372922,-3.6320600685359596,-3.6320599433269867,0.18925652701773288,0.5450968884882563,229.0
P22_AV0_4_interaction,P22,AV0,4,off_ramp,P22_AV0_4,HV4,60,18668,311133.33,311133.3342,4.0,4.0,28.082994,101.098778,229.0,39.042184,-7137.151352,0.004864,0.565143,0.0,28.083248,-0.033706,0.0,7137.614357,7.728786,0.063085,1.0,0.0,0.0,0.0,7091.689067,8.635973,1021.0,1.0,193.704078,7.0,-0.204207,34.785593,125.228136,34.785569,-0.04114,-0.000552,-0.429468,0.088424,0.005224,0.013816,0.0,0.0,0.0,0.0,0.0,0.0,-9999.0,-9999.0,-9999.0,-9999.0,-9999.0,-9999.0,-9999.0,-9999.0,-9999.0,-9999.0,-9999.0,-9999.0,-9999.0,-9999.0,5.566666900000011,193.96826148110938,-0.20135915505968258,239.7744586389116,-3.6288293267219216,-3.628829955418388,0.1985235771294782,0.5666966253642478,229.0
P22_AV0_4_interaction,P22,AV0,4,off_ramp,P22_AV0_4,HV4,60,18669,311150.0,311150.0008,4.0,4.0,28.083194,101.099497,229.0,39.510226,-7137.618541,0.004648,0.587494,0.0,28.083326,-0.035628,0.0,7138.081507,7.757867,0.063492,1.0,0.0,0.0,0.0,7092.267875,8.669039,1021.0,1.0,194.283828,7.0,-0.20298,34.778435,125.202367,34.778412,-0.039777,-0.000467,-0.429375,0.075642,0.005053,0.017427,0.0,0.0,0.0,0.0,0.0,0.0,-9999.0,-9999.0,-9999.0,-9999.0,-9999.0,-9999.0,-9999.0,-9999.0,-9999.0,-9999.0,-9999.0,-9999.0,-9999.0,-9999.0,5.583333500000008,194.54801188924444,-0.20012404922567326,240.24250068326995,-3.62544232607476,-3.6254424983183924,0.2081463935050465,0.587880687958223,229.0
P22_AV0_4_interaction,P22,AV0,4,off_ramp,P22_AV0_4,HV4,60,18670,311166.67,311166.6674,4.0,4.0,28.083282,101.099816,229.0,39.978268,-7138.085723,0.001614,0.60697,0.0,28.083368,-0.037606,0.0,7138.548649,7.787111,0.063914,1.0,0.0,0.0,0.0,7092.846561,8.702125,1021.0,1.0,194.863458,7.0,-0.201727,34.771279,125.176604,34.771258,-0.038329,-0.000385,-0.429285,0.061688,0.004821,0.021352,0.0,0.0,0.0,0.0,0.0,0.0,-9999.0,-9999.0,-9999.0,-9999.0,-9999.0,-9999.0,-9999.0,-9999.0,-9999.0,-9999.0,-9999.0,-9999.0,-9999.0,-9999.0,5.600000100000004,195.12764157957977,-0.1988622748245047,240.7105436896517,-3.6218921320622424,-3.6218917700544075,0.2181195216773233,0.6091197857946202,229.0
P22_AV0_4_interaction,P22,AV0,4,off_ramp,P22_AV0_4,HV4,60,18671,311183.33,311183.3342,4.0,4.0,28.083357,101.100086,229.0,40.446311,-7138.552896,0.001724,0.631873,0.0,28.083379,-0.039632,0.0,7139.01578,7.816524,0.06435,1.0,0.0,0.0,0.0,7093.425128,8.735226,1021.0,1.0,195.442969,7.0,-0.200452,34.764124,125.150847,34.764105,-0.036781,-0.000307,-0.4292,0.046112,0.004541,0.025748,0.0,0.0,0.0,0.0,0.0,0.0,-9999.0,-9999.0,-9999.0,-9999.0,-9999.0,-9999.0,-9999.0,-9999.0,-9999.0,-9999.0,-9999.0,-9999.0,-9999.0,-9999.0,5.616666900000011,195.70715327304856,-0.1975789890362884,241.17858499202677,-3.6181725890125773,-3.6181718310245117,0.22845043126476128,0.6306950374356388,229.0
P22_AV0_4_interaction,P22,AV0,4,off_ramp,P22_AV0_4,HV4,60,18672,311200.0,311200.001,4.0,4.0,28.083374,101.100145,229.0,40.914353,-7139.020059,0.008117,0.64887,0.0,28.083456,-0.0417,0.0,7139.482901,7.846113,0.0648,1.0,0.0,0.0,0.0,7094.003574,8.76834,1021.0,1.0,196.022361,7.0,-0.199158,34.756971,125.125096,34.756954,-0.035074,-0.000235,-0.429116,0.031956,0.004217,0.029359,0.0,0.0,0.0,0.0,0.0,0.0,-9999.0,-9999.0,-9999.0,-9999.0,-9999.0,-9999.0,-9999.0,-9999.0,-9999.0,-9999.0,-9999.0,-9999.0,-9999.0,-9999.0,5.633333700000017,196.28654486285467,-0.19627607902862343,241.64662597324264,-3.6142767623935312,-3.6142766947587974,0.23914285777719613,0.6519660020568008,229.0
P22_AV0_4_interaction,P22,AV0,4,off_ramp,P22_AV0_4,HV4,60,18673,311216.67,311216.6673,4.0,4.0,28.083385,101.100186,229.0,41.382394,-7139.487212,0.005615,0.670733,0.0,28.083531,-0.043841,0.0,7139.950012,7.875882,0.065265,1.0,0.0,0.0,0.0,7094.5819,8.801462,1021.0,1.0,196.601633,7.0,-0.197849,34.74982,125.099351,34.749804,-0.033228,-0.000168,-0.429043,0.01366,0.003872,0.034383,0.0,0.0,0.0,0.0,0.0,0.0,-9999.0,-9999.0,-9999.0,-9999.0,-9999.0,-9999.0,-9999.0,-9999.0,-9999.0,-9999.0,-9999.0,-9999.0,-9999.0,-9999.0,5.65,196.8658170729495,-0.1949585921662856,242.11466685292822,-3.610200658239265,-3.610200463668412,0.25018246878252626,0.6724095237078576,229.0
P22_AV0_4_interaction,P22,AV0,4,off_ramp,P22_AV0_4,HV4,60,18674,311233.33,311233.3342,4.0,4.0,28.083515,101.100653,229.0,41.850435,-7139.954356,-0.002517,0.691313,0.0,28.083629,-0.046003,0.0,7140.417112,7.905837,0.065744,1.0,0.0,0.0,0.0,7095.160107,8.834588,1021.0,1.0,197.180786,7.0,-0.196529,34.74267,125.073612,34.742656,-0.031189,-0.000107,-0.428971,-0.003317,0.003524,0.038622,0.0,0.0,0.0,0.0,0.0,0.0,-9999.0,-9999.0,-9999.0,-9999.0,-9999.0,-9999.0,-9999.0,-9999.0,-9999.0,-9999.0,-9999.0,-9999.0,-9999.0,-9999.0,5.666666900000011,197.44497068219414,-0.1936305773227366,242.58270696203883,-3.60593823069351,-3.605937305766389,0.26155643093501624,0.6920840015848446,229.0
P22_AV0_4_interaction,P22,AV0,4,off_ramp,P22_AV0_4,HV4,60,18675,311250.0,311250.0007,4.0,4.0,28.083568,101.100845,229.0,42.318475,-7140.421489,0.018822,0.71171,0.0,28.083584,-0.048228,0.0,7140.884201,7.935985,0.066236,1.0,0.0,0.0,0.0,7095.738194,8.867715,1021.0,1.0,197.75982,7.0,-0.195202,34.735421,125.047517,34.735409,-0.028894,-5.1e-05,-0.446056,-0.01792,0.003199,0.041605,0.0,0.002198,0.0,0.0,0.0,0.0,-9999.0,-9999.0,-9999.0,-9999.0,-9999.0,-9999.0,-9999.0,-9999.0,-9999.0,-9999.0,-9999.0,-9999.0,-9999.0,-9999.0,5.683333400000003,198.0240045273746,-0.19229497506461365,243.05074668492833,-3.601482490316223,-3.6014819031498577,0.27325197391638767,0.7110400644914652,229.0
P22_AV0_4_interaction,P22,AV0,4,off_ramp,P22_AV0_4,HV4,60,18676,311266.67,311266.6674,4.0,4.0,28.083597,101.100949,229.0,42.786515,-7140.888611,0.016544,0.728832,0.0,28.083968,-0.050503,0.0,7141.351278,7.96633,0.066741,1.0,0.0,0.0,0.0,7096.31616,8.900838,1021.0,1.0,198.338733,7.0,-0.193873,34.72803,125.020909,34.72802,-0.026377,-2e-06,-0.433079,-0.036539,0.002799,0.045844,0.0,0.0,0.0,0.0,0.0,0.0,-9999.0,-9999.0,-9999.0,-9999.0,-9999.0,-9999.0,-9999.0,-9999.0,-9999.0,-9999.0,-9999.0,-9999.0,-9999.0,-9999.0,5.700000100000005,198.60291733546154,-0.19095672294142813,243.51878524273658,-3.5968293882340006,-3.5968289406993694,0.2852576753329288,0.7299136702847555,229.0
P22_AV0_4_interaction,P22,AV0,4,off_ramp,P22_AV0_4,HV4,60,18677,311283.33,311283.3341,4.0,4.0,28.083729,101.101426,229.0,43.254553,-7141.355721,0.003363,0.748543,0.0,28.084143,-0.052795,0.0,7141.818348,7.996878,0.067259,1.0,0.0,0.0,0.0,7096.894004,8.933953,1021.0,1.0,198.917524,7.0,-0.192544,34.720836,124.995008,34.720828,-0.023442,5.6e-05,-0.445125,-0.040623,0.003208,0.048042,0.0,0.002198,0.0,0.0,0.0,0.0,-9999.0,-9999.0,-9999.0,-9999.0,-9999.0,-9999.0,-9999.0,-9999.0,-9999.0,-9999.0,-9999.0,-9999.0,-9999.0,-9999.0,5.716666800000007,199.1817078883306,-0.1896197600111116,243.98682795736593,-3.5919732080366464,-3.591973294954914,0.2975824782534602,0.7484758190666678,229.0
P22_AV0_4_interaction,P22,AV0,4,off_ramp,P22_AV0_4,HV4,60,18678,311300.0,311300.0002,4.0,4.0,28.084094,101.102737,229.0,43.722596,-7141.822825,0.012485,0.764512,0.0,28.084116,-0.055111,0.0,7142.285407,8.027633,0.067788,1.0,0.0,0.0,0.0,7097.471728,8.967057,1021.0,1.0,199.496194,7.0,-0.19122,34.713445,124.968402,34.713439,-0.02027,0.000117,-0.433528,-0.056061,0.003857,0.050868,0.0,0.0,0.0,0.0,0.0,0.0,-9999.0,-9999.0,-9999.0,-9999.0,-9999.0,-9999.0,-9999.0,-9999.0,-9999.0,-9999.0,-9999.0,-9999.0,-9999.0,-9999.0,5.733332900000038,199.7603780182441,-0.18828719156348592,244.45487105448277,-3.5869097361277245,-3.586909690961278,0.3102064593279863,0.7655643529426648,229.0
P22_AV0_4_interaction,P22,AV0,4,off_ramp,P22_AV0_4,HV4,60,18679,311316.67,311316.6667,4.0,4.0,28.084158,101.102968,229.0,44.190639,-7142.289918,0.019338,0.783421,0.0,28.084421,-0.057442,0.0,7142.752451,8.0586,0.068327,1.0,0.0,0.0,0.0,7098.04933,9.000146,1021.0,3.0,0.0,158.0,-0.189904,34.706188,124.942276,34.706184,-0.016874,0.000184,-0.445455,-0.070406,0.004051,0.052909,0.0,0.002198,0.0,0.0,0.0,0.0,-9999.0,-9999.0,-9999.0,-9999.0,-9999.0,-9999.0,-9999.0,-9999.0,-9999.0,-9999.0,-9999.0,-9999.0,-9999.0,-9999.0,5.749999400000029,200.3389255085859,-0.18696290174876934,244.92291081465845,-3.581633760419212,-3.5816333020247386,0.323100735084239,0.7825619300264801,229.0
P22_AV0_4_interaction,P22,AV0,4,off_ramp,P22_AV0_4,HV4,60,18680,311333.33,311333.334,4.0,4.0,28.084205,101.10314,229.0,44.658679,-7142.756997,0.007298,0.799684,0.0,28.084634,-0.059754,0.0,7143.219487,8.089785,0.068877,1.0,0.0,0.0,0.0,7098.626811,9.033217,1021.0,3.0,0.0,158.0,-0.1886,34.698798,124.915672,34.698795,-0.013266,0.000249,-0.433398,-0.084709,0.003807,0.054636,0.0,0.0,0.0,0.0,0.0,0.0,-9999.0,-9999.0,-9999.0,-9999.0,-9999.0,-9999.0,-9999.0,-9999.0,-9999.0,-9999.0,-9999.0,-9999.0,-9999.0,-9999.0,5.766666700000002,200.91735119312648,-0.1856499409490792,245.39095455677972,-3.5761396743163822,-3.5761395052551155,0.3362922364276528,0.8006458654391846,229.0
P22_AV0_4_interaction,P22,AV0,4,off_ramp,P22_AV0_4,HV4,60,18681,311350.0,311350.0006,4.0,4.0,28.084567,101.104443,229.0,45.126723,-7143.224068,0.00688,0.820095,0.0,28.08472,-0.062053,0.0,7143.686511,8.121192,0.069436,1.0,0.0,0.0,0.0,7099.204171,9.066265,1021.0,3.0,0.0,158.0,-0.187312,34.691717,124.890181,34.691716,-0.009463,0.000318,-0.42233,-0.098039,0.004181,0.056206,0.343434,0.0,0.0,0.0,0.0,1.0,-9999.0,-9999.0,-9999.0,-9999.0,-9999.0,-9999.0,-9999.0,-9999.0,-9999.0,-9999.0,-9999.0,-9999.0,-9999.0,-9999.0,5.783333300000057,201.4956547973265,-0.18435330162154037,245.85899850651123,-3.5704232642227,-3.5704233795924143,0.34978937143829114,0.8180010892700373,229.0
P22_AV0_4_interaction,P22,AV0,4,off_ramp,P22_AV0_4,HV4,60,18682,311366.67,311366.6667,4.0,4.0,28.084679,101.104846,229.0,45.594767,-7143.691127,-0.008387,0.837664,0.0,28.084802,-0.064266,0.0,7144.153521,8.152826,0.070004,1.0,0.0,1.0,0.0,7099.781413,9.099286,1021.0,3.0,0.0,158.0,-0.186044,34.68462,124.864632,34.68462,-0.005444,0.000389,-0.426978,-0.110327,0.004545,0.056991,0.343434,0.0,0.0,0.0,0.0,1.0,-9999.0,-9999.0,-9999.0,-9999.0,-9999.0,-9999.0,-9999.0,-9999.0,-9999.0,-9999.0,-9999.0,-9999.0,-9999.0,-9999.0,5.79999940000003,202.07383909702864,-0.18307714245491996,246.32704094140965,-3.5644794278656753,-3.5644800878941227,0.3635584131663592,0.8353501215458543,229.0
P22_AV0_4_interaction,P22,AV0,4,off_ramp,P22_AV0_4,HV4,60,18683,311383.33,311383.334,4.0,4.0,28.08476,101.105138,229.0,46.06281,-7144.158173,-0.002074,0.856895,0.0,28.084621,-0.066439,0.0,7144.620516,8.184691,0.070581,1.0,0.0,1.0,0.0,7100.358539,9.132277,1021.0,3.0,0.0,158.0,-0.184801,34.677494,124.838979,34.677494,-0.001229,0.000467,-0.427839,-0.122777,0.004629,0.057619,0.353535,0.0,0.0,0.0,0.0,1.0,-9999.0,-9999.0,-9999.0,-9999.0,-9999.0,-9999.0,-9999.0,-9999.0,-9999.0,-9999.0,-9999.0,-9999.0,-9999.0,-9999.0,5.816666700000002,202.65190592449432,-0.1818245687390023,246.79508108261308,-3.558304116371793,-3.558304724905306,0.3776344532114422,0.8495391319711256,229.0
P22_AV0_4_interaction,P22,AV0,4,off_ramp,P22_AV0_4,HV4,60,18684,311400.0,311400.0,4.0,4.0,28.084714,101.104971,229.0,46.530849,-7144.625204,0.007729,0.876069,0.0,28.0846,-0.068511,0.0,7145.087492,8.216792,0.071166,1.0,0.0,1.0,0.0,7100.935547,9.165234,1021.0,3.0,0.0,158.0,-0.183584,34.670361,124.813299,34.670361,0.003143,0.000539,-0.428065,-0.135337,0.004051,0.05809,0.353535,0.0,0.0,0.0,0.0,1.0,-9999.0,-9999.0,-9999.0,-9999.0,-9999.0,-9999.0,-9999.0,-9999.0,-9999.0,-9999.0,-9999.0,-9999.0,-9999.0,-9999.0,5.833332700000028,203.22985306310923,-0.18059946462409837,247.26311521069474,-3.551892117653149,-3.551892303903726,0.3918763428916634,0.8716601460002558,229.0
P22_AV0_4_interaction,P22,AV0,4,off_ramp,P22_AV0_4,HV4,60,18685,311416.68,311416.6781,4.0,4.0,28.084585,101.104505,229.0,46.998884,-7145.092216,0.004431,0.894014,0.0,28.084695,-0.070496,0.0,7145.554451,8.249135,0.071758,1.0,0.0,1.0,0.0,7101.512439,9.198153,1021.0,3.0,0.0,158.0,-0.182399,34.663226,124.787614,34.663225,0.007651,0.000598,-0.428078,-0.147239,0.00316,0.05809,0.353535,0.0,0.0,0.0,0.0,1.0,-9999.0,-9999.0,-9999.0,-9999.0,-9999.0,-9999.0,-9999.0,-9999.0,-9999.0,-9999.0,-9999.0,-9999.0,-9999.0,-9999.0,5.850010800000048,203.8076822902252,-0.17940593389132264,247.7311456520843,-3.5452375505765463,-3.5452377886780075,0.4066995905605779,0.8991474050028572,229.0
P22_AV0_4_interaction,P22,AV0,4,off_ramp,P22_AV0_4,HV4,60,18686,311433.33,311433.334,4.0,4.0,28.084645,101.104721,229.0,47.466915,-7145.559213,0.000243,0.915211,0.0,28.0847,-0.072384,0.0,7146.021395,8.281725,0.072359,1.0,0.0,1.0,0.0,7102.089215,9.231031,1021.0,3.0,0.0,158.0,-0.181249,34.656091,124.761929,34.656089,0.012272,0.000641,-0.428019,-0.159408,0.0022,0.05809,0.353535,0.0,0.0,0.0,0.0,1.0,-9999.0,-9999.0,-9999.0,-9999.0,-9999.0,-9999.0,-9999.0,-9999.0,-9999.0,-9999.0,-9999.0,-9999.0,-9999.0,-9999.0,5.8666667000000015,204.38539344111916,-0.17824697201497927,248.199174678302,-3.538335532500142,-3.5383357215104603,0.4218480627122432,0.9114548756752718,229.0
P22_AV0_4_interaction,P22,AV0,4,off_ramp,P22_AV0_4,HV4,60,18687,311450.0,311450.0006,4.0,4.0,28.084712,101.104963,229.0,47.934944,-7146.026194,0.000327,0.933049,0.0,28.084662,-0.07418,0.0,7146.488322,8.314567,0.072968,1.0,0.0,1.0,0.0,7102.665873,9.263863,1021.0,3.0,0.0,158.0,-0.180138,34.648958,124.736247,34.648953,0.016975,0.000668,-0.427939,-0.171787,0.001301,0.05809,0.353535,0.0,0.0,0.0,0.0,1.0,-9999.0,-9999.0,-9999.0,-9999.0,-9999.0,-9999.0,-9999.0,-9999.0,-9999.0,-9999.0,-9999.0,-9999.0,-9999.0,-9999.0,5.883333300000056,204.96298424427002,-0.17712746163686627,248.6672005669045,-3.5311809611514318,-3.5311805969914376,0.43707158759160336,0.9264172195821168,229.0
P22_AV0_4_interaction,P22,AV0,4,off_ramp,P22_AV0_4,HV4,60,18688,311466.67,311466.6668,4.0,4.0,28.084681,101.104853,229.0,48.402969,-7146.493158,0.008335,0.94976,0.0,28.084624,-0.07591,0.0,7146.955229,8.347667,0.073586,1.0,0.0,1.0,0.0,7103.242416,9.296647,1021.0,3.0,0.0,158.0,-0.179069,34.641825,124.710569,34.641818,0.021728,0.000682,-0.427853,-0.184301,0.000525,0.05809,0.353535,0.0,0.0,0.0,0.0,1.0,-9999.0,-9999.0,-9999.0,-9999.0,-9999.0,-9999.0,-9999.0,-9999.0,-9999.0,-9999.0,-9999.0,-9999.0,-9999.0,-9999.0,5.8999995000000345,205.5404575853368,-0.17604956446294254,249.13522065186274,-3.5237676808586804,-3.5237669079054186,0.45272813220762487,0.9487189008329349,229.0
P22_AV0_4_interaction,P22,AV0,4,off_ramp,P22_AV0_4,HV4,60,18689,311483.33,311483.3342,4.0,4.0,28.084643,101.104714,229.0,48.87099,-7146.960104,0.006527,0.968558,0.0,28.084673,-0.077567,0.0,7147.422118,8.38103,0.074213,1.0,0.0,1.0,0.0,7103.818842,9.329378,1021.0,3.0,0.0,158.0,-0.178046,34.634693,124.684893,34.634682,0.026505,0.000684,-0.427767,-0.19688,-0.000108,0.05809,0.363636,0.0,0.0,0.0,0.0,1.0,-9999.0,-9999.0,-9999.0,-9999.0,-9999.0,-9999.0,-9999.0,-9999.0,-9999.0,-9999.0,-9999.0,-9999.0,-9999.0,-9999.0,5.916666900000011,206.1178111927975,-0.17501816313495802,249.60323720469864,-3.516090808980131,-3.5160895195766244,0.46869582626497674,0.9675713081131736,229.0
P22_AV0_4_interaction,P22,AV0,4,off_ramp,P22_AV0_4,HV4,60,18690,311500.0,311500.0008,4.0,4.0,28.084671,101.104816,229.0,49.339006,-7147.427031,0.007794,0.984352,0.0,28.084796,-0.079205,0.0,7147.888988,8.414662,0.074849,1.0,0.0,1.0,0.0,7104.395152,9.362052,1021.0,3.0,0.0,158.0,-0.177073,34.628181,124.661452,34.628167,0.03128,0.000684,-0.293759,-0.209515,0.000587,0.05809,0.363636,0.0,0.0,0.0,0.0,1.0,-9999.0,-9999.0,-9999.0,-9999.0,-9999.0,-9999.0,-9999.0,-9999.0,-9999.0,-9999.0,-9999.0,-9999.0,-9999.0,-9999.0,5.933333500000008,206.695045845514,-0.17403730652641008,250.07124955636573,-3.508144299659416,-3.5081434141488743,0.48498113890970274,0.9853040793284844,229.0
P22_AV0_4_interaction,P22,AV0,4,off_ramp,P22_AV0_4,HV4,60,18691,311516.67,311516.6674,4.0,4.0,28.084704,101.104934,229.0,49.807019,-7147.893941,0.003106,0.999255,0.0,28.084857,-0.08084,0.0,7148.35584,8.448567,0.075494,1.0,0.0,1.0,0.0,7104.971368,9.394668,1021.0,3.0,0.0,158.0,-0.176154,34.627103,124.657571,34.627084,0.036016,0.000685,0.055235,-0.223413,0.000433,0.058561,0.363636,0.0,0.0,0.0,0.0,1.0,-9999.0,-9999.0,-9999.0,-9999.0,-9999.0,-9999.0,-9999.0,-9999.0,-9999.0,-9999.0,-9999.0,-9999.0,-9999.0,-9999.0,5.950000100000005,207.27218345538947,-0.17310920109793868,250.53925892498833,-3.4999242138386095,-3.499923546277122,0.5015391642020433,1.0010384566259596,229.0
P22_AV0_4_interaction,P22,AV0,4,off_ramp,P22_AV0_4,HV4,60,18692,311533.33,311533.3341,4.0,4.0,28.084837,101.105411,229.0,50.275029,-7148.360833,-7e-05,1.015794,0.0,28.084836,-0.082493,0.0,7148.822673,8.482749,0.076149,1.0,0.0,1.0,0.0,7105.547562,9.427224,1021.0,3.0,0.0,158.0,-0.175293,34.629535,124.666325,34.629511,0.040684,0.000703,0.188991,-0.238356,0.001472,0.059346,0.363636,0.0,0.0,0.0,0.0,1.0,-9999.0,-9999.0,-9999.0,-9999.0,-9999.0,-9999.0,-9999.0,-9999.0,-9999.0,-9999.0,-9999.0,-9999.0,-9999.0,-9999.0,5.966666800000007,207.84929580399069,-0.17223979718624768,251.00726453170367,-3.4914265026441615,-3.49142545705775,0.5183490556065493,1.015453507256904,229.0
P22_AV0_4_interaction,P22,AV0,4,off_ramp,P22_AV0_4,HV4,60,18693,311550.0,311550.0005,4.0,4.0,28.084858,101.105488,229.0,50.743035,-7148.827706,0.014165,1.030107,0.0,28.084848,-0.084154,0.0,7149.289485,8.517212,0.076812,1.0,0.0,1.0,0.0,7106.123791,9.45972,1021.0,3.0,0.0,158.0,-0.174495,34.633282,124.679815,34.633252,0.045258,0.000736,0.244436,-0.254605,0.002345,0.060445,0.363636,0.0,0.0,0.0,0.0,1.0,-9999.0,-9999.0,-9999.0,-9999.0,-9999.0,-9999.0,-9999.0,-9999.0,-9999.0,-9999.0,-9999.0,-9999.0,-9999.0,-9999.0,5.983333200000052,208.4264398053315,-0.171432224529943,251.47526459916168,-3.4826470622950523,-3.482645370450445,0.5353873733876497,1.027700621565188,229.0
P22_AV0_4_interaction,P22,AV0,4,off_ramp,P22_AV0_4,HV4,60,18694,311566.67,311566.6667,4.0,4.0,28.084809,101.105313,229.0,51.211035,-7149.294559,0.005317,1.039933,0.0,28.084976,-0.085846,0.0,7149.756278,8.551961,0.077485,1.0,0.0,1.0,0.0,7106.700082,9.492152,1021.0,3.0,0.0,158.0,-0.173762,34.637594,124.695338,34.637558,0.049685,0.000781,0.265975,-0.274099,0.002896,0.0628,0.363636,0.0,0.0,0.0,0.0,1.0,-9999.0,-9999.0,-9999.0,-9999.0,-9999.0,-9999.0,-9999.0,-9999.0,-9999.0,-9999.0,-9999.0,-9999.0,-9999.0,-9999.0,5.999999400000029,209.00364219904898,-0.17069195960243372,251.94326139888162,-3.473581010149392,-3.4735796073250365,0.5526049871908896,1.0367197246979245,229.0
P22_AV0_4_interaction,P22,AV0,4,off_ramp,P22_AV0_4,HV4,60,18695,311583.33,311583.3341,4.0,4.0,28.084939,101.105779,229.0,51.679031,-7149.761392,0.000354,1.04966,0.0,28.084989,-0.087602,0.0,7150.22305,8.586999,0.078166,1.0,0.0,1.0,0.0,7107.276447,9.524517,1021.0,3.0,0.0,158.0,-0.173102,34.642101,124.711564,34.642059,0.053956,0.000832,0.273152,-0.293917,0.003062,0.065155,0.353535,0.0,0.0,0.0,0.0,1.0,-9999.0,-9999.0,-9999.0,-9999.0,-9999.0,-9999.0,-9999.0,-9999.0,-9999.0,-9999.0,-9999.0,-9999.0,-9999.0,-9999.0,6.0166668000000065,209.5809148023168,-0.17002265677030756,252.41125309860487,-3.4642252409175462,-3.464225036103172,0.5699449827246355,1.0507535445878453,229.0
P22_AV0_4_interaction,P22,AV0,4,off_ramp,P22_AV0_4,HV4,60,18696,311600.01,311600.005,4.0,4.0,28.084992,101.105973,229.0,52.147023,-7150.228206,-0.00079,1.058904,0.0,28.084966,-0.089397,0.0,7150.6898,8.622327,0.078853,1.0,0.0,1.0,0.0,7107.852891,9.556809,1021.0,3.0,0.0,158.0,-0.172519,34.646672,124.728019,34.646623,0.058065,0.000882,0.275505,-0.31415,0.002886,0.067667,0.353535,0.0,1.0,0.0,0.0,1.0,-9999.0,-9999.0,-9999.0,-9999.0,-9999.0,-9999.0,-9999.0,-9999.0,-9999.0,-9999.0,-9999.0,-9999.0,-9999.0,-9999.0,6.0333377000000326,210.15826227814674,-0.16943058152068244,252.87923875474826,-3.4545787012004214,-3.4545785496332435,0.5876353968911872,1.0651867269424997,229.0
P22_AV0_4_interaction,P22,AV0,4,off_ramp,P22_AV0_4,HV4,60,18697,311616.67,311616.6672,4.0,4.0,28.084963,101.105868,229.0,52.615009,-7150.694998,0.002789,1.069101,0.0,28.084912,-0.091171,0.0,7151.156527,8.657948,0.079547,1.0,0.0,1.0,0.0,7108.429415,9.589022,1021.0,3.0,0.0,158.0,-0.172018,34.651263,124.744545,34.651207,0.062014,0.000926,0.276259,-0.334214,0.00247,0.070179,0.353535,0.0,1.0,0.0,0.0,1.0,-9999.0,-9999.0,-9999.0,-9999.0,-9999.0,-9999.0,-9999.0,-9999.0,-9999.0,-9999.0,-9999.0,-9999.0,-9999.0,-9999.0,6.049999900000054,210.7356852955826,-0.16892177970977473,253.34721753354216,-3.4446383406159513,-3.4446374830955975,0.6054508882842953,1.068715157536996,229.0
P22_AV0_4_interaction,P22,AV0,4,off_ramp,P22_AV0_4,HV4,60,18698,311633.33,311633.3341,4.0,4.0,28.084929,101.105746,229.0,53.082988,-7151.161768,0.004425,1.080032,0.0,28.084883,-0.092964,0.0,7151.623231,8.693866,0.080247,1.0,0.0,1.0,0.0,7109.00602,9.621152,1021.0,3.0,0.0,158.0,-0.171606,34.655878,124.76116,34.655815,0.065807,0.000962,0.280623,-0.353915,0.001923,0.072691,0.353535,0.0,1.0,0.0,0.0,1.0,-9999.0,-9999.0,-9999.0,-9999.0,-9999.0,-9999.0,-9999.0,-9999.0,-9999.0,-9999.0,-9999.0,-9999.0,-9999.0,-9999.0,6.066666800000006,211.31318463348723,-0.16850030021114074,253.8151896546174,-3.4344001651983924,-3.4343993334470344,0.6232547065393277,1.0743255306243285,229.0
P22_AV0_4_interaction,P22,AV0,4,off_ramp,P22_AV0_4,HV4,60,18699,311650.0,311650.0007,4.0,4.0,28.084905,101.105658,229.0,53.550961,-7151.628516,0.012066,1.086459,0.0,28.084919,-0.094711,0.0,7152.089912,8.730082,0.08095,1.0,0.0,1.0,0.0,7109.582708,9.653192,1021.0,3.0,0.0,158.0,-0.171288,34.660651,124.778344,34.660581,0.069452,0.000988,0.289511,-0.373124,0.001353,0.075203,0.353535,0.0,1.0,0.0,0.0,1.0,-9999.0,-9999.0,-9999.0,-9999.0,-9999.0,-9999.0,-9999.0,-9999.0,-9999.0,-9999.0,-9999.0,-9999.0,-9999.0,-9999.0,6.083333400000003,211.89076190448844,-0.1681732422801419,254.28315517288343,-3.4238631764564174,-3.4238622277197477,0.6412619146925067,1.0840459059810428,229.0
P22_AV0_4_interaction,P22,AV0,4,off_ramp,P22_AV0_4,HV4,60,18700,311666.67,311666.6674,4.0,4.0,28.084888,101.105598,229.0,54.018926,-7152.09524,0.008597,1.092847,0.0,28.085049,-0.09644,0.0,7152.556571,8.766599,0.081657,1.0,0.0,1.0,0.0,7110.15948,9.685137,1021.0,3.0,0.0,158.0,-0.171069,34.665371,124.795334,34.665294,0.072975,0.001005,0.278819,-0.390413,0.000809,0.077087,0.353535,0.0,1.0,0.0,0.0,1.0,-9999.0,-9999.0,-9999.0,-9999.0,-9999.0,-9999.0,-9999.0,-9999.0,-9999.0,-9999.0,-9999.0,-9999.0,-9999.0,-9999.0,6.100000100000004,212.46841783253961,-0.1679456532816699,254.75111525155236,-3.413024433823281,-3.413023955859402,0.6593895346589846,1.0907489508814159,229.0
P22_AV0_4_interaction,P22,AV0,4,off_ramp,P22_AV0_4,HV4,60,18701,311683.33,311683.334,4.0,4.0,28.084988,101.105956,229.0,54.486886,-7152.561943,-0.008752,1.099226,0.0,28.084991,-0.098134,0.0,7153.023208,8.803418,0.082367,1.0,0.0,1.0,0.0,7110.736336,9.716982,1021.0,3.0,0.0,158.0,-0.170954,34.669881,124.811571,34.669797,0.07639,0.001014,0.267194,-0.406449,0.000313,0.078657,0.353535,0.0,1.0,0.0,0.0,1.0,-9999.0,-9999.0,-9999.0,-9999.0,-9999.0,-9999.0,-9999.0,-9999.0,-9999.0,-9999.0,-9999.0,-9999.0,-9999.0,-9999.0,6.1166667000000015,213.04615214310132,-0.16782252567284076,255.21906994553288,-3.4018829388075953,-3.401882600363,0.6776201760781362,1.0968660811033182,229.0
P22_AV0_4_interaction,P22,AV0,4,off_ramp,P22_AV0_4,HV4,60,18702,311700.0,311700.0008,4.0,4.0,28.085088,101.106318,229.0,54.954841,-7153.028625,0.019812,1.102854,0.0,28.084997,-0.099768,0.0,7153.489819,8.840541,0.083078,1.0,0.0,0.0,0.0,7111.313274,9.748722,1021.0,3.0,0.0,158.0,-0.170948,34.674245,124.827283,34.674154,0.079719,0.001015,0.260395,-0.420218,-0.000154,0.079442,0.353535,0.0,1.0,0.0,0.0,1.0,-9999.0,-9999.0,-9999.0,-9999.0,-9999.0,-9999.0,-9999.0,-9999.0,-9999.0,-9999.0,-9999.0,-9999.0,-9999.0,-9999.0,6.133333500000008,213.62396256465343,-0.16780874209550595,255.68701537067594,-3.390436474795801,-3.390436567827626,0.6959518116961334,1.101945639887692,229.0
P22_AV0_4_interaction,P22,AV0,4,off_ramp,P22_AV0_4,HV4,60,18703,311716.67,311716.6669,4.0,4.0,28.084884,101.105584,229.0,55.422786,-7153.495281,0.004254,1.111911,0.0,28.085185,-0.101308,0.0,7153.956407,8.877968,0.083788,1.0,0.0,0.0,0.0,7111.89029,9.780354,1021.0,3.0,0.0,158.0,-0.171056,34.67853,124.842707,34.678431,0.082976,0.001008,0.256839,-0.432076,-0.000585,0.079599,0.353535,0.0,1.0,0.0,0.0,1.0,-9999.0,-9999.0,-9999.0,-9999.0,-9999.0,-9999.0,-9999.0,-9999.0,-9999.0,-9999.0,-9999.0,-9999.0,-9999.0,-9999.0,6.149999600000039,214.20184493850658,-0.16790707839318053,256.15495452245324,-3.3786852065108257,-3.3786845210921115,0.7143512170192281,1.106070508272758,229.0
P22_AV0_4_interaction,P22,AV0,4,off_ramp,P22_AV0_4,HV4,60,18704,311733.33,311733.334,4.0,4.0,28.085128,101.106462,229.0,55.890726,-7153.961916,-0.001055,1.116216,0.0,28.085187,-0.102704,0.0,7154.422973,8.915703,0.084498,1.0,0.0,0.0,0.0,7112.467385,9.811872,1021.0,3.0,0.0,158.0,-0.17128,34.682774,124.857986,34.682667,0.086152,0.000994,0.255149,-0.44304,-0.000965,0.079442,0.343434,0.0,1.0,0.0,0.0,1.0,-9999.0,-9999.0,-9999.0,-9999.0,-9999.0,-9999.0,-9999.0,-9999.0,-9999.0,-9999.0,-9999.0,-9999.0,-9999.0,-9999.0,6.166666700000001,214.7797999337056,-0.16812358042212905,256.6228886189891,-3.366625194894745,-3.3666249374310593,0.7328206852999131,1.1116113120171072,229.0
P22_AV0_4_interaction,P22,AV0,4,off_ramp,P22_AV0_4,HV4,60,18705,311750.0,311750.0009,4.0,4.0,28.085186,101.10667,229.0,56.35866,-7154.428529,0.049139,1.118191,0.0,28.085602,-0.104003,0.0,7154.889514,8.953745,0.085207,1.0,0.0,0.0,0.0,7113.044557,9.843274,1021.0,3.0,0.0,158.0,-0.171625,34.686913,124.872888,34.686799,0.089236,0.000975,0.244598,-0.453447,-0.001284,0.079442,0.343434,0.0,1.0,0.0,0.0,1.0,-9999.0,-9999.0,-9999.0,-9999.0,-9999.0,-9999.0,-9999.0,-9999.0,-9999.0,-9999.0,-9999.0,-9999.0,-9999.0,-9999.0,6.1833336000000125,215.35782544345327,-0.16846013534989895,257.09081460990154,-3.3542572737159126,-3.354256680074112,0.7514056671051748,1.1164515394975574,229.0
P22_AV0_4_interaction,P22,AV0,4,off_ramp,P22_AV0_4,HV4,60,18706,311766.67,311766.6668,4.0,4.0,28.085144,101.106517,229.0,56.826586,-7154.895117,-0.001381,1.12486,0.0,28.086021,-0.105207,0.0,7155.35604,8.992097,0.085915,1.0,0.0,0.0,0.0,7113.621804,9.874557,1021.0,3.0,0.0,158.0,-0.172094,34.690896,124.887227,34.690774,0.092216,0.000951,0.238068,-0.463296,-0.001551,0.079128,0.343434,0.0,1.0,0.0,0.0,1.0,-9999.0,-9999.0,-9999.0,-9999.0,-9999.0,-9999.0,-9999.0,-9999.0,-9999.0,-9999.0,-9999.0,-9999.0,-9999.0,-9999.0,6.199999500000034,215.93591930604302,-0.16891962883536774,257.5587426448258,-3.341578996576834,-3.341578501251221,0.7700351384393116,1.1184245352521671,229.0
P22_AV0_4_interaction,P22,AV0,4,off_ramp,P22_AV0_4,HV4,60,18707,311783.33,311783.3335,4.0,4.0,28.085976,101.109515,229.0,57.294515,-7155.36169,0.004214,1.125186,0.0,28.085943,-0.106267,0.0,7155.822544,9.030759,0.086619,1.0,0.0,0.0,0.0,7114.199125,9.905716,1021.0,3.0,0.0,158.0,-0.17269,34.694817,124.90134,34.694686,0.095083,0.000922,0.235717,-0.472611,-0.001782,0.079442,0.343434,0.0,1.0,0.0,0.0,1.0,-9999.0,-9999.0,-9999.0,-9999.0,-9999.0,-9999.0,-9999.0,-9999.0,-9999.0,-9999.0,-9999.0,-9999.0,-9999.0,-9999.0,6.216666200000036,216.51408024844457,-0.16950699842800396,258.02666573432407,-3.3285899791237785,-3.3285893919231295,0.7886856657367076,1.1208179152327347,229.0
P22_AV0_4_interaction,P22,AV0,4,off_ramp,P22_AV0_4,HV4,60,18708,311800.0,311800.0007,4.0,4.0,28.085974,101.109506,229.0,57.762438,-7155.828242,-0.005449,1.13015,0.0,28.085954,-0.107206,0.0,7156.289021,9.069732,0.087321,1.0,0.0,0.0,0.0,7114.776519,9.936749,1021.0,3.0,0.0,158.0,-0.173416,34.69871,124.915356,34.698572,0.09783,0.000891,0.23449,-0.481387,-0.00197,0.079442,0.343434,0.0,1.0,0.0,0.0,1.0,-9999.0,-9999.0,-9999.0,-9999.0,-9999.0,-9999.0,-9999.0,-9999.0,-9999.0,-9999.0,-9999.0,-9999.0,-9999.0,-9999.0,6.233333400000003,217.09230716235174,-0.17022418620301127,258.49457894084605,-3.31528894832681,-3.315288522797341,0.8073963725323949,1.125169563793289,229.0
P22_AV0_4_interaction,P22,AV0,4,off_ramp,P22_AV0_4,HV4,60,18709,311816.67,311816.6679,4.0,4.0,28.085943,101.109394,229.0,58.230351,-7156.294769,-0.004493,1.129901,0.0,28.085716,-0.107978,0.0,7156.755472,9.109016,0.088019,1.0,0.0,0.0,0.0,7115.353984,9.967653,1021.0,3.0,0.0,158.0,-0.174274,34.70259,124.929324,34.702445,0.100452,0.000856,0.234118,-0.489653,-0.002114,0.079599,0.343434,0.0,1.0,0.0,0.0,1.0,-9999.0,-9999.0,-9999.0,-9999.0,-9999.0,-9999.0,-9999.0,-9999.0,-9999.0,-9999.0,-9999.0,-9999.0,-9999.0,-9999.0,6.250000600000028,217.67059788605877,-0.17107407781932252,258.96248326288355,-3.301675959093631,-3.301675318282591,0.8261925180440102,1.127798072274885,229.0
P22_AV0_4_interaction,P22,AV0,4,off_ramp,P22_AV0_4,HV4,60,18710,311833.33,311833.3335,4.0,4.0,28.085872,101.109141,229.0,58.698255,-7156.761269,0.011609,1.131418,0.0,28.08565,-0.108657,0.0,7157.221892,9.148612,0.088714,1.0,0.0,0.0,0.0,7115.931522,9.998426,1021.0,3.0,0.0,158.0,-0.175267,34.706469,124.94329,34.706317,0.102933,0.00082,0.234337,-0.498428,-0.002215,0.08007,0.343434,0.0,1.0,0.0,0.0,1.0,-9999.0,-9999.0,-9999.0,-9999.0,-9999.0,-9999.0,-9999.0,-9999.0,-9999.0,-9999.0,-9999.0,-9999.0,-9999.0,-9999.0,6.266666200000036,218.24895430673197,-0.17205878007512967,259.43037376288623,-3.2877497383943077,-3.2877492429948365,0.8449890399065936,1.126607575164602,229.0
P22_AV0_4_interaction,P22,AV0,4,off_ramp,P22_AV0_4,HV4,60,18711,311850.0,311850.0001,4.0,4.0,28.085642,101.108312,229.0,59.166147,-7157.227739,0.012301,1.131929,0.0,28.085767,-0.109196,0.0,7157.688286,9.18852,0.089406,1.0,0.0,0.0,0.0,7116.509131,10.029065,1021.0,3.0,0.0,158.0,-0.176398,34.710352,124.957269,34.710193,0.105266,0.000783,0.234607,-0.507383,-0.002278,0.080855,0.343434,0.0,1.0,0.0,0.0,1.0,-9999.0,-9999.0,-9999.0,-9999.0,-9999.0,-9999.0,-9999.0,-9999.0,-9999.0,-9999.0,-9999.0,-9999.0,-9999.0,-9999.0,6.283332800000033,218.8273742626666,-0.17318117862941199,259.89825543331216,-3.2735105607673423,-3.273509955863964,0.863744824549002,1.1266813715585506,229.0
P22_AV0_4_interaction,P22,AV0,4,off_ramp,P22_AV0_4,HV4,60,18712,311866.67,311866.6673,4.0,4.0,28.08571,101.108558,229.0,59.634028,-7157.694184,0.010855,1.129666,0.0,28.085918,-0.109654,0.0,7158.154655,9.22874,0.090093,1.0,0.0,0.0,0.0,7117.086812,10.059568,1021.0,3.0,0.0,158.0,-0.17767,34.714238,124.971256,34.714072,0.107456,0.000744,0.234759,-0.515874,-0.002309,0.08164,0.343434,0.0,1.0,0.0,0.0,1.0,-9999.0,-9999.0,-9999.0,-9999.0,-9999.0,-9999.0,-9999.0,-9999.0,-9999.0,-9999.0,-9999.0,-9999.0,-9999.0,-9999.0,6.3,219.4058586425381,-0.17444332537270518,260.36612927265304,-3.2589584811204513,-3.2589573345010985,0.8825456130055898,1.1276232773661867,229.0
P22_AV0_4_interaction,P22,AV0,4,off_ramp,P22_AV0_4,HV4,60,18713,311883.33,311883.3335,4.0,4.0,28.085834,101.109002,229.0,60.101902,-7158.160604,0.00748,1.127494,0.0,28.085967,-0.110017,0.0,7158.621,9.269273,0.090777,1.0,0.0,0.0,0.0,7117.664566,10.089932,1021.0,3.0,0.0,158.0,-0.179083,34.718106,124.985181,34.717933,0.109522,0.000706,0.230913,-0.523268,-0.002314,0.082111,0.343434,0.0,1.0,0.0,0.0,1.0,-9999.0,-9999.0,-9999.0,-9999.0,-9999.0,-9999.0,-9999.0,-9999.0,-9999.0,-9999.0,-9999.0,-9999.0,-9999.0,-9999.0,6.316666200000036,219.9844082801161,-0.17584827068707315,260.8339963343065,-3.2440925558698046,-3.2440917287593782,0.9013323430786073,1.1251706708285987,229.0
P22_AV0_4_interaction,P22,AV0,4,off_ramp,P22_AV0_4,HV4,60,18714,311900.0,311900.0001,4.0,4.0,28.085973,101.109502,229.0,60.569769,-7158.627001,0.01053,1.123932,0.0,28.086066,-0.110295,0.0,7159.087318,9.310117,0.091456,1.0,0.0,0.0,0.0,7118.242391,10.120154,1021.0,3.0,0.0,158.0,-0.180642,34.72182,124.998551,34.721641,0.111465,0.000667,0.221327,-0.530606,-0.00231,0.082739,0.343434,0.0,1.0,0.0,0.0,1.0,-9999.0,-9999.0,-9999.0,-9999.0,-9999.0,-9999.0,-9999.0,-9999.0,-9999.0,-9999.0,-9999.0,-9999.0,-9999.0,-9999.0,6.333332800000033,220.56302101369212,-0.17739890023129176,261.30185351298377,-3.228914617275241,-3.22891339627879,0.9200507002904459,1.1218151719073042,229.0
P22_AV0_4_interaction,P22,AV0,4,off_ramp,P22_AV0_4,HV4,60,18715,311916.67,311916.667,4.0,4.0,28.085994,101.109578,229.0,61.037627,-7159.093371,-0.000947,1.119934,0.0,28.086146,-0.110516,0.0,7159.55361,9.351273,0.092131,1.0,0.0,0.0,0.0,7118.820285,10.150233,1021.0,3.0,0.0,158.0,-0.182348,34.725442,125.01159,34.725257,0.113289,0.000629,0.217999,-0.537569,-0.002305,0.083367,0.321608,0.0,1.0,0.0,0.0,1.0,-9999.0,-9999.0,-9999.0,-9999.0,-9999.0,-9999.0,-9999.0,-9999.0,-9999.0,-9999.0,-9999.0,-9999.0,-9999.0,-9999.0,6.349999700000044,221.14169479137766,-0.17909610268152834,261.76970186208416,-3.2134237217530375,-3.213423213132923,0.9387263683369298,1.118898364028361,229.0
P22_AV0_4_interaction,P22,AV0,4,off_ramp,P22_AV0_4,HV4,60,18716,311933.33,311933.3339,4.0,4.0,28.086119,101.110027,229.0,61.505476,-7159.559717,0.009548,1.116202,0.0,28.086071,-0.110661,0.0,7160.019876,9.392738,0.092801,1.0,0.0,0.0,0.0,7119.398249,10.180167,1021.0,3.0,0.0,158.0,-0.184203,34.729033,125.024517,34.728842,0.114985,0.000591,0.216907,-0.545506,-0.002297,0.084623,0.321608,0.0,1.0,0.0,0.0,1.0,-9999.0,-9999.0,-9999.0,-9999.0,-9999.0,-9999.0,-9999.0,-9999.0,-9999.0,-9999.0,-9999.0,-9999.0,-9999.0,-9999.0,6.366666600000055,221.7204305018482,-0.18094192992831334,262.23754121688467,-3.197622864777498,-3.1976220792618992,0.9573478345773196,1.1142750065217868,229.0
P22_AV0_4_interaction,P22,AV0,4,off_ramp,P22_AV0_4,HV4,60,18717,311950.0,311950.0006,4.0,4.0,28.086102,101.109968,229.0,61.973315,-7160.026036,0.01122,1.111862,0.0,28.086198,-0.110749,0.0,7160.486113,9.434511,0.093465,1.0,0.0,0.0,0.0,7119.976279,10.209953,1021.0,3.0,0.0,158.0,-0.186208,34.732613,125.037405,34.732417,0.116578,0.000553,0.216505,-0.552077,-0.002274,0.085408,0.321608,0.0,1.0,0.0,0.0,1.0,-9999.0,-9999.0,-9999.0,-9999.0,-9999.0,-9999.0,-9999.0,-9999.0,-9999.0,-9999.0,-9999.0,-9999.0,-9999.0,-9999.0,6.383333300000056,222.2992239864154,-0.18293915781520642,262.7053685270023,-3.181512880116919,-3.1815113670714528,0.9758691668932613,1.1077231898147168,229.0
P22_AV0_4_interaction,P22,AV0,4,off_ramp,P22_AV0_4,HV4,60,18718,311966.67,311966.6674,4.0,4.0,28.086116,101.110016,229.0,62.441143,-7160.492328,0.007179,1.10298,0.0,28.086289,-0.110766,0.0,7160.952325,9.476592,0.094124,1.0,0.0,0.0,0.0,7120.554378,10.23959,1021.0,3.0,0.0,158.0,-0.188367,34.736187,125.050273,34.735986,0.118063,0.000515,0.216287,-0.559686,-0.002233,0.086821,0.321608,0.0,1.0,0.0,0.0,1.0,-9999.0,-9999.0,-9999.0,-9999.0,-9999.0,-9999.0,-9999.0,-9999.0,-9999.0,-9999.0,-9999.0,-9999.0,-9999.0,-9999.0,6.400000100000005,222.87807818564417,-0.18508894955662236,263.1731877864041,-3.165093987402154,-3.1650929425416336,0.9942721248140458,1.1003357004983556,229.0
P22_AV0_4_interaction,P22,AV0,4,off_ramp,P22_AV0_4,HV4,60,18719,311983.33,311983.3341,4.0,4.0,28.086257,101.110525,229.0,62.908962,-7160.958596,0.007915,1.093965,0.0,28.086306,-0.11075,0.0,7161.418511,9.518977,0.094777,1.0,0.0,0.0,0.0,7121.132543,10.269076,1021.0,3.0,0.0,158.0,-0.19068,34.739758,125.063128,34.739552,0.119458,0.000478,0.216111,-0.56667,-0.002172,0.088077,0.321608,0.0,1.0,0.0,0.0,1.0,-9999.0,-9999.0,-9999.0,-9999.0,-9999.0,-9999.0,-9999.0,-9999.0,-9999.0,-9999.0,-9999.0,-9999.0,-9999.0,-9999.0,6.416666800000006,223.45698999424647,-0.18739313741244873,263.6409977769667,-3.1483701256911765,-3.148368799033914,1.0125472077323536,1.0923641379066176,229.0
P22_AV0_4_interaction,P22,AV0,4,off_ramp,P22_AV0_4,HV4,60,18720,312000.0,312000.0007,4.0,4.0,28.086314,101.110731,229.0,63.376773,-7161.424837,0.008073,1.081748,0.0,28.086385,-0.110699,0.0,7161.88467,9.561665,0.095423,1.0,0.0,0.0,0.0,7121.710776,10.298408,1021.0,3.0,0.0,158.0,-0.19315,34.743325,125.075969,34.743115,0.120778,0.000443,0.21594,-0.573417,-0.002097,0.089333,0.06175,0.0,1.0,0.0,0.0,0.0,-9999.0,-9999.0,-9999.0,-9999.0,-9999.0,-9999.0,-9999.0,-9999.0,-9999.0,-9999.0,-9999.0,-9999.0,-9999.0,-9999.0,6.433333400000003,224.03596124448194,-0.18985482667236284,264.10879744529234,-3.131342238567809,-3.131341404522246,1.0306842271598526,1.0814080266520811,229.0
P22_AV0_4_interaction,P22,AV0,4,off_ramp,P22_AV0_4,HV4,60,18721,312016.67,312016.6667,4.0,4.0,28.086338,101.110815,229.0,63.844572,-7161.891052,0.003641,1.073873,0.0,28.086448,-0.110637,0.0,7162.350802,9.604652,0.096061,1.0,0.0,0.0,0.0,7122.289077,10.327585,1021.0,3.0,0.0,158.0,-0.195779,34.746888,125.088797,34.746674,0.122022,0.000409,0.215761,-0.580975,-0.002011,0.09106,0.07725,0.0,1.0,0.0,0.0,0.0,-9999.0,-9999.0,-9999.0,-9999.0,-9999.0,-9999.0,-9999.0,-9999.0,-9999.0,-9999.0,-9999.0,-9999.0,-9999.0,-9999.0,6.44999940000003,224.61499188144282,-0.19247501582779647,264.5765865717485,-3.114014319997692,-3.1140134248072293,1.0485933571024049,1.068280516597408,229.0
P22_AV0_4_interaction,P22,AV0,4,off_ramp,P22_AV0_4,HV4,60,18722,312033.33,312033.334,4.0,4.0,28.086418,101.111105,229.0,64.312362,-7162.357242,0.003205,1.060403,0.0,28.086449,-0.110505,0.0,7162.816908,9.647935,0.096691,1.0,0.0,1.0,0.0,7122.867445,10.356605,1021.0,3.0,0.0,158.0,-0.198568,34.750448,125.101611,34.750229,0.123196,0.000376,0.215611,-0.589364,-0.001918,0.093258,0.07725,0.0,1.0,0.0,0.0,0.0,-9999.0,-9999.0,-9999.0,-9999.0,-9999.0,-9999.0,-9999.0,-9999.0,-9999.0,-9999.0,-9999.0,-9999.0,-9999.0,-9999.0,6.466666700000002,225.19408079682105,-0.1952556469538623,265.0443659901048,-3.096389420362887,-3.0963883045012848,1.0662935256964232,1.056800954789864,229.0
P22_AV0_4_interaction,P22,AV0,4,off_ramp,P22_AV0_4,HV4,60,18723,312050.0,312050.0007,4.0,4.0,28.086444,101.1112,229.0,64.780141,-7162.823405,-0.003359,1.047923,0.0,28.086417,-0.110307,0.0,7163.282986,9.691511,0.097311,1.0,0.0,1.0,0.0,7123.44588,10.385466,1021.0,3.0,0.0,158.0,-0.20152,34.754007,125.114424,34.753784,0.124317,0.000346,0.215767,-0.597947,-0.00182,0.095613,0.091,0.0,1.0,0.0,0.0,0.0,-9999.0,-9999.0,-9999.0,-9999.0,-9999.0,-9999.0,-9999.0,-9999.0,-9999.0,-9999.0,-9999.0,-9999.0,-9999.0,-9999.0,6.483333400000003,225.77322788080312,-0.19819871703352726,265.51213353865546,-3.0784704253223323,-3.0784696070132913,1.0838207663317974,1.0437263485788009,229.0
P22_AV0_4_interaction,P22,AV0,4,off_ramp,P22_AV0_4,HV4,60,18724,312066.67,312066.6674,4.0,4.0,28.086442,101.111192,229.0,65.247909,-7163.289542,-0.0027,1.033008,0.0,28.086272,-0.110034,0.0,7163.749036,9.735376,0.09792,1.0,0.0,1.0,0.0,7124.024383,10.414166,1021.0,3.0,0.0,158.0,-0.204636,34.757529,125.127104,34.757303,0.125408,0.000316,0.207491,-0.606437,-0.001713,0.097968,0.1005,0.0,1.0,0.0,0.0,0.0,-9999.0,-9999.0,-9999.0,-9999.0,-9999.0,-9999.0,-9999.0,-9999.0,-9999.0,-9999.0,-9999.0,-9999.0,-9999.0,-9999.0,6.500000100000005,226.35243402206353,-0.2013062779572719,265.9798889977688,-3.0602613288417104,-3.0602608733688372,1.1010844735641427,1.0277721730495202,229.0
P22_AV0_4_interaction,P22,AV0,4,off_ramp,P22_AV0_4,HV4,60,18725,312083.33,312083.3344,4.0,4.0,28.086357,101.110884,229.0,65.715665,-7163.755651,0.00572,1.016126,0.0,28.086193,-0.109699,0.0,7164.215057,9.779525,0.098519,1.0,0.0,1.0,0.0,7124.602951,10.442703,1021.0,3.0,0.0,158.0,-0.207919,34.760718,125.138584,34.760488,0.126477,0.000289,0.186423,-0.616217,-0.001626,0.100951,0.106,0.0,1.0,0.0,0.0,0.0,-9999.0,-9999.0,-9999.0,-9999.0,-9999.0,-9999.0,-9999.0,-9999.0,-9999.0,-9999.0,-9999.0,-9999.0,-9999.0,-9999.0,6.516667100000021,226.93169611531346,-0.20458016198493026,266.44763109441556,-3.041767068470536,-3.041766382359196,1.1180802107876389,1.0141658927220973,229.0
P22_AV0_4_interaction,P22,AV0,4,off_ramp,P22_AV0_4,HV4,60,18726,312100.0,312100.0019,4.0,4.0,28.086218,101.110384,229.0,66.183408,-7164.221732,0.009781,1.001241,0.0,28.086255,-0.10926,0.0,7164.681051,9.823954,0.099104,1.0,0.0,1.0,0.0,7125.181582,10.471074,1021.0,3.0,0.0,158.0,-0.211371,34.763697,125.149309,34.763463,0.127552,0.000262,0.178514,-0.625646,-0.001572,0.103777,0.10825,0.0,1.0,0.0,0.0,0.0,-9999.0,-9999.0,-9999.0,-9999.0,-9999.0,-9999.0,-9999.0,-9999.0,-9999.0,-9999.0,-9999.0,-9999.0,-9999.0,-9999.0,6.533334600000002,227.51101199884712,-0.20802325477543693,266.91536160594666,-3.022991747989872,-3.022990220149271,1.1348911809570552,0.9989362625507567,229.0
P22_AV0_4_interaction,P22,AV0,4,off_ramp,P22_AV0_4,HV4,60,18727,312116.67,312116.6674,4.0,4.0,28.08621,101.110355,229.0,66.651138,-7164.687786,0.001797,0.983907,0.0,28.086357,-0.108728,0.0,7165.14702,9.86866,0.099677,1.0,0.0,1.0,0.0,7125.760271,10.499277,1021.0,3.0,0.0,158.0,-0.214994,34.766602,125.159767,34.766364,0.128666,0.000236,0.175763,-0.634777,-0.001548,0.106446,0.1095,0.0,1.0,0.0,0.0,0.0,-9999.0,-9999.0,-9999.0,-9999.0,-9999.0,-9999.0,-9999.0,-9999.0,-9999.0,-9999.0,-9999.0,-9999.0,-9999.0,-9999.0,6.5500001000000045,228.09037657039121,-0.21163727877314933,267.38308236462433,-3.0039384726895473,-3.0039370881334575,1.1513777919109742,0.9782902517705381,229.0
P22_AV0_4_interaction,P22,AV0,4,off_ramp,P22_AV0_4,HV4,60,18728,312133.33,312133.3342,4.0,4.0,28.086306,101.110703,229.0,67.118859,-7165.153816,0.019816,0.960902,0.0,28.086341,-0.108114,0.0,7165.612963,9.913637,0.100235,1.0,0.0,1.0,0.0,7126.339018,10.527309,1021.0,3.0,0.0,158.0,-0.21879,34.76948,125.170128,34.769238,0.129843,0.000211,0.17474,-0.643673,-0.001526,0.108958,0.1095,0.0,1.0,0.0,0.0,0.0,-9999.0,-9999.0,-9999.0,-9999.0,-9999.0,-9999.0,-9999.0,-9999.0,-9999.0,-9999.0,-9999.0,-9999.0,-9999.0,-9999.0,6.566666900000011,228.66978966522265,-0.21542522945237702,267.85079204250803,-2.9846131786103056,-2.984612129089534,1.1674998165783421,0.9584707520388491,229.0
P22_AV0_4_interaction,P22,AV0,4,off_ramp,P22_AV0_4,HV4,60,18729,312150.0,312150.0007,4.0,4.0,28.086343,101.110835,229.0,67.586569,-7165.619821,0.019304,0.941021,0.0,28.086607,-0.107411,0.0,7166.078882,9.958879,0.100778,1.0,0.0,1.0,0.0,7126.91782,10.555169,1021.0,3.0,0.0,158.0,-0.222762,34.771887,125.178792,34.77164,0.13111,0.000187,0.075198,-0.651982,-0.001447,0.111156,0.1095,0.0,1.0,0.0,0.0,0.0,-9999.0,-9999.0,-9999.0,-9999.0,-9999.0,-9999.0,-9999.0,-9999.0,-9999.0,-9999.0,-9999.0,-9999.0,-9999.0,-9999.0,6.583333400000003,229.24924823296024,-0.21938794058151342,268.31849230713686,-2.9650219665162756,-2.9650204713043946,1.1833267903356557,0.9384580548954204,229.0
P22_AV0_4_interaction,P22,AV0,4,off_ramp,P22_AV0_4,HV4,60,18730,312166.67,312166.6674,4.0,4.0,28.086478,101.11132,229.0,68.05427,-7166.085802,0.016314,0.92242,0.0,28.086908,-0.106606,0.0,7166.54478,10.004382,0.101305,1.0,0.0,1.0,0.0,7127.496664,10.582853,1021.0,3.0,0.0,158.0,-0.226911,34.770393,125.173414,34.77014,0.132469,0.000159,-0.167262,-0.660949,-0.001917,0.113668,0.10925,0.0,1.0,0.0,0.0,0.0,-9999.0,-9999.0,-9999.0,-9999.0,-9999.0,-9999.0,-9999.0,-9999.0,-9999.0,-9999.0,-9999.0,-9999.0,-9999.0,-9999.0,6.600000100000004,229.82873907358473,-0.22352869232630285,268.78618593435357,-2.9451689950962376,-2.945168057395679,1.1987816221458019,0.9156474968116086,229.0
P22_AV0_4_interaction,P22,AV0,4,off_ramp,P22_AV0_4,HV4,60,18731,312183.33,312183.334,4.0,4.0,28.08674,101.112266,229.0,68.521963,-7166.551763,0.024606,0.897374,0.0,28.087042,-0.10567,0.0,7167.010658,10.050138,0.101815,1.0,0.0,1.0,0.0,7128.075497,10.610357,1021.0,3.0,0.0,158.0,-0.231239,34.766668,125.160003,34.76641,0.133945,0.000115,-0.245848,-0.6692,-0.003216,0.115866,0.10925,0.0,1.0,0.0,0.0,0.0,-9999.0,-9999.0,-9999.0,-9999.0,-9999.0,-9999.0,-9999.0,-9999.0,-9999.0,-9999.0,-9999.0,-9999.0,-9999.0,-9999.0,6.6166667000000015,230.40820904741767,-0.22784856854466803,269.25387348338757,-2.9250623071893287,-2.925061125386754,1.2138483453692288,0.8911697126647695,229.0
P22_AV0_4_interaction,P22,AV0,4,off_ramp,P22_AV0_4,HV4,60,18732,312200.0,312200.0006,4.0,4.0,28.087018,101.113264,229.0,68.989651,-7167.017704,0.011489,0.869868,0.0,28.087391,-0.104616,0.0,7167.476514,10.096141,0.102306,1.0,0.0,1.0,0.0,7128.654283,10.637677,1021.0,3.0,0.0,158.0,-0.235749,34.76216,125.143777,34.761896,0.135561,4.1e-05,-0.283062,-0.676771,-0.005322,0.117907,0.109,0.002198,1.0,0.0,0.0,0.0,-9999.0,-9999.0,-9999.0,-9999.0,-9999.0,-9999.0,-9999.0,-9999.0,-9999.0,-9999.0,-9999.0,-9999.0,-9999.0,-9999.0,6.633333300000056,230.98762198913815,-0.23234958652548177,269.72155262780996,-2.904707783928785,-2.9047066077297536,1.228487160412044,0.8655723230478216,229.0
P22_AV0_4_interaction,P22,AV0,4,off_ramp,P22_AV0_4,HV4,60,18733,312216.67,312216.6674,4.0,4.0,28.087222,101.113999,229.0,69.457331,-7167.483625,0.007854,0.846129,0.0,28.087508,-0.103477,0.0,7167.942351,10.142385,0.102777,1.0,0.0,1.0,0.0,7129.233005,10.664811,1021.0,3.0,0.0,158.0,-0.240441,34.757478,125.126922,34.757207,0.137356,-7.1e-05,-0.264595,-0.682597,-0.00761,0.119163,0.10925,0.0,1.0,0.0,0.0,0.0,-9999.0,-9999.0,-9999.0,-9999.0,-9999.0,-9999.0,-9999.0,-9999.0,-9999.0,-9999.0,-9999.0,-9999.0,-9999.0,-9999.0,6.650000100000005,231.56696081457608,-0.23703280982081618,270.189226033649,-2.8841115809862967,-2.884111468589368,1.242700808738249,0.8407364774030057,229.0
P22_AV0_4_interaction,P22,AV0,4,off_ramp,P22_AV0_4,HV4,60,18734,312233.33,312233.3342,4.0,4.0,28.087462,101.114864,229.0,69.925005,-7167.949527,0.004453,0.81928,0.0,28.087596,-0.102183,0.0,7168.408167,10.18886,0.103228,1.0,0.0,1.0,0.0,7129.81166,10.691757,1021.0,3.0,0.0,158.0,-0.245317,34.753219,125.111588,34.75294,0.139333,-0.000214,-0.246686,-0.688821,-0.009138,0.120576,0.10925,0.0,1.0,0.0,0.0,0.0,-9999.0,-9999.0,-9999.0,-9999.0,-9999.0,-9999.0,-9999.0,-9999.0,-9999.0,-9999.0,-9999.0,-9999.0,-9999.0,-9999.0,6.666666900000011,232.14622241844165,-0.24190007069045896,270.65689115484514,-2.8632835734608415,-2.8632829160516526,1.2565119338551654,0.8132338680559386,229.0
P22_AV0_4_interaction,P22,AV0,4,off_ramp,P22_AV0_4,HV4,60,18735,312250.0,312250.0,4.0,4.0,28.087551,101.115184,229.0,70.39267,-7168.415408,-0.00735,0.78967,0.0,28.087475,-0.100702,0.0,7168.873962,10.235561,0.103657,1.0,0.0,1.0,0.0,7130.390251,10.718513,1021.0,3.0,0.0,158.0,-0.250379,34.749176,125.097034,34.748888,0.141499,-0.000373,-0.235851,-0.695002,-0.009691,0.121832,0.10925,0.0,1.0,0.0,0.0,0.0,-9999.0,-9999.0,-9999.0,-9999.0,-9999.0,-9999.0,-9999.0,-9999.0,-9999.0,-9999.0,-9999.0,-9999.0,-9999.0,-9999.0,6.683332700000028,232.725409686393,-0.24695353084031194,271.12454771686,-2.842228753809589,-2.8422286725200685,1.269808038821722,0.7840764383200494,229.0
P22_AV0_4_interaction,P22,AV0,4,off_ramp,P22_AV0_4,HV4,60,18736,312266.67,312266.6673,4.0,4.0,28.087612,101.115403,229.0,70.860327,-7168.881269,0.009782,0.765443,0.0,28.087425,-0.099088,0.0,7169.339731,10.282478,0.104064,1.0,0.0,1.0,0.0,7130.968784,10.745078,1021.0,3.0,0.0,158.0,-0.255629,34.745265,125.082955,34.744967,0.143885,-0.000531,-0.229529,-0.698972,-0.009176,0.121832,0.10925,0.0,1.0,0.0,0.0,0.0,-9999.0,-9999.0,-9999.0,-9999.0,-9999.0,-9999.0,-9999.0,-9999.0,-9999.0,-9999.0,-9999.0,-9999.0,-9999.0,-9999.0,6.7,233.30452855447214,-0.252194518208028,271.59219017815946,-2.820956832408435,-2.82095625824874,1.2826475909854338,0.7561691750422739,229.0
P22_AV0_4_interaction,P22,AV0,4,off_ramp,P22_AV0_4,HV4,60,18737,312283.33,312283.3334,4.0,4.0,28.087394,101.114618,229.0,71.32797,-7169.347105,0.011088,0.735376,0.0,28.087525,-0.097291,0.0,7169.80548,10.329605,0.104449,1.0,0.0,1.0,0.0,7131.54726,10.771451,1021.0,3.0,0.0,158.0,-0.261067,34.741428,125.069141,34.741119,0.146474,-0.000671,-0.226212,-0.703581,-0.007828,0.121675,0.112,0.0,1.0,0.0,0.0,0.0,-9999.0,-9999.0,-9999.0,-9999.0,-9999.0,-9999.0,-9999.0,-9999.0,-9999.0,-9999.0,-9999.0,-9999.0,-9999.0,-9999.0,6.716666100000031,233.88357996626317,-0.25762408619275584,272.0598242002454,-2.7994741296520993,-2.7994736825531223,1.2950137624190887,0.7276457970889183,229.0
P22_AV0_4_interaction,P22,AV0,4,off_ramp,P22_AV0_4,HV4,60,18738,312300.0,312300.0008,4.0,4.0,28.087488,101.114957,229.0,71.795605,-7169.812921,0.006697,0.70477,0.0,28.087689,-0.095285,0.0,7170.271211,10.376934,0.10481,1.0,0.0,1.0,0.0,7132.125681,10.79763,1021.0,3.0,0.0,158.0,-0.266696,34.737623,125.055441,34.737302,0.149241,-0.000784,-0.22474,-0.708845,-0.005967,0.121675,0.1155,0.0,1.0,0.0,0.0,0.0,-9999.0,-9999.0,-9999.0,-9999.0,-9999.0,-9999.0,-9999.0,-9999.0,-9999.0,-9999.0,-9999.0,-9999.0,-9999.0,-9999.0,6.733333500000008,234.46256580893242,-0.2632443415926875,272.5274513408397,-2.7777887432874913,-2.777788901358498,1.3069025348519858,0.6994019896556551,229.0
P22_AV0_4_interaction,P22,AV0,4,off_ramp,P22_AV0_4,HV4,60,18739,312316.67,312316.6672,4.0,4.0,28.0876,101.11536,229.0,72.263231,-7170.278719,0.005972,0.677672,0.0,28.087738,-0.093145,0.0,7170.736923,10.424456,0.105147,1.0,0.0,1.0,0.0,7132.704047,10.823614,1021.0,3.0,0.0,158.0,-0.272516,34.733765,125.041553,34.733431,0.152163,-0.000862,-0.237578,-0.714669,-0.003836,0.121675,0.122,0.002198,1.0,0.0,0.0,0.0,-9999.0,-9999.0,-9999.0,-9999.0,-9999.0,-9999.0,-9999.0,-9999.0,-9999.0,-9999.0,-9999.0,-9999.0,-9999.0,-9999.0,6.749999900000054,235.04148602757223,-0.2690562828992565,272.9950701072815,-2.7559096048298053,-2.7559096665823075,1.3183275162469954,0.6711159412303829,229.0
P22_AV0_4_interaction,P22,AV0,4,off_ramp,P22_AV0_4,HV4,60,18740,312333.33,312333.3344,4.0,4.0,28.087729,101.115823,229.0,72.730851,-7170.744501,-0.003994,0.648429,0.0,28.087771,-0.090802,0.0,7171.202618,10.472164,0.105461,1.0,0.0,1.0,0.0,7133.282357,10.849402,1021.0,3.0,0.0,158.0,-0.27853,34.7298,125.027279,34.729453,0.155216,-0.000906,-0.224349,-0.721155,-0.001875,0.121675,0.122,0.0,1.0,0.0,0.0,0.0,-9999.0,-9999.0,-9999.0,-9999.0,-9999.0,-9999.0,-9999.0,-9999.0,-9999.0,-9999.0,-9999.0,-9999.0,-9999.0,-9999.0,6.766667100000021,235.62033956878398,-0.27506085369623823,273.46268211219945,-2.733843813534463,-2.733844290378818,1.3292732221597845,0.6396319683705514,229.0
P22_AV0_4_interaction,P22,AV0,4,off_ramp,P22_AV0_4,HV4,60,18741,312350.0,312350.0006,4.0,4.0,28.087773,101.115983,229.0,73.198463,-7171.210264,0.001365,0.618281,0.0,28.087735,-0.088266,0.0,7171.668294,10.520049,0.105751,1.0,0.0,1.0,0.0,7133.860611,10.874991,1021.0,3.0,0.0,158.0,-0.284739,34.726083,125.0139,34.725722,0.158375,-0.000919,-0.218482,-0.728087,-2.1e-05,0.121832,0.1305,0.0,1.0,0.0,0.0,0.0,-9999.0,-9999.0,-9999.0,-9999.0,-9999.0,-9999.0,-9999.0,-9999.0,-9999.0,-9999.0,-9999.0,-9999.0,-9999.0,-9999.0,6.783333300000057,236.19912626784463,-0.28126104945793523,273.9302848644417,-2.7116002460089983,-2.7116004813444667,1.3396486586791951,0.6137101917541088,229.0
P22_AV0_4_interaction,P22,AV0,4,off_ramp,P22_AV0_4,HV4,60,18742,312366.67,312366.6699,4.0,4.0,28.087725,101.115809,229.0,73.666066,-7171.67601,0.003489,0.591553,0.0,28.087697,-0.085574,0.0,7172.133952,10.568104,0.106019,1.0,0.0,0.0,0.0,7134.438811,10.900379,1021.0,3.0,0.0,158.0,-0.291145,34.722302,125.000287,34.721926,0.161608,-0.000903,-0.233781,-0.736363,0.001527,0.122303,0.14025,0.002198,1.0,0.0,0.0,0.0,-9999.0,-9999.0,-9999.0,-9999.0,-9999.0,-9999.0,-9999.0,-9999.0,-9999.0,-9999.0,-9999.0,-9999.0,-9999.0,-9999.0,6.800002600000007,236.77784801192146,-0.2876589769825894,274.39787897814625,-2.689185946601174,-2.689186401621539,1.3497315034846338,0.5925482073769146,229.0
P22_AV0_4_interaction,P22,AV0,4,off_ramp,P22_AV0_4,HV4,60,18743,312383.33,312383.3339,4.0,4.0,28.087735,101.115846,229.0,74.133661,-7172.141738,0.014309,0.563837,0.0,28.087819,-0.082709,0.0,7172.599593,10.616321,0.106263,1.0,0.0,0.0,0.0,7135.016956,10.925564,1021.0,3.0,0.0,158.0,-0.297751,34.718372,124.986141,34.717981,0.164863,-0.000866,-0.222716,-0.747757,0.002625,0.12403,0.15025,0.0,1.0,0.0,0.0,0.0,-9999.0,-9999.0,-9999.0,-9999.0,-9999.0,-9999.0,-9999.0,-9999.0,-9999.0,-9999.0,-9999.0,-9999.0,-9999.0,-9999.0,6.816666600000055,237.35650369270815,-0.2942565783454116,274.86546501254236,-2.6666089581501193,-2.666609530261995,1.3594003764846292,0.5585607235530006,229.0
P22_AV0_4_interaction,P22,AV0,4,off_ramp,P22_AV0_4,HV4,60,18744,312400.0,312400.0,4.0,4.0,28.087716,101.115776,229.0,74.601247,-7172.607449,0.007779,0.534096,0.0,28.087987,-0.079706,0.0,7173.06522,10.664692,0.106486,1.0,0.0,0.0,0.0,7135.595046,10.950543,1021.0,3.0,0.0,158.0,-0.30456,34.714663,124.972786,34.714256,0.168143,-0.000813,-0.218139,-0.758969,0.003475,0.1256,0.161,0.0,1.0,0.0,0.0,0.0,-9999.0,-9999.0,-9999.0,-9999.0,-9999.0,-9999.0,-9999.0,-9999.0,-9999.0,-9999.0,-9999.0,-9999.0,-9999.0,-9999.0,6.833332700000028,237.93509314548078,-0.30105684902065066,275.3330455238438,-2.6438774333104553,-2.643877431932478,1.368348297260141,0.5274310467875267,229.0
P22_AV0_4_interaction,P22,AV0,4,off_ramp,P22_AV0_4,HV4,60,18745,312416.67,312416.6674,4.0,4.0,28.08793,101.116547,229.0,75.068828,-7173.073148,0.006591,0.510812,0.0,28.08812,-0.076585,0.0,7173.530835,10.713211,0.106688,1.0,0.0,0.0,0.0,7136.173082,10.975313,1021.0,3.0,0.0,158.0,-0.311575,34.710967,124.959482,34.710544,0.171408,-0.00075,-0.217928,-0.773746,0.00397,0.12874,0.17075,0.0,1.0,0.0,0.0,0.0,-9999.0,-9999.0,-9999.0,-9999.0,-9999.0,-9999.0,-9999.0,-9999.0,-9999.0,-9999.0,-9999.0,-9999.0,-9999.0,-9999.0,6.850000100000004,238.513617204008,-0.30806283939032764,275.8006221795853,-2.620997472846062,-2.620997680917241,1.3769814746793543,0.5060491204703439,229.0
P22_AV0_4_interaction,P22,AV0,4,off_ramp,P22_AV0_4,HV4,60,18746,312433.33,312433.3337,4.0,4.0,28.088044,101.116959,229.0,75.536404,-7173.538834,0.009859,0.482265,0.0,28.088223,-0.073313,0.0,7173.996436,10.761869,0.10687,1.0,0.0,0.0,0.0,7136.751065,10.999871,1021.0,3.0,0.0,158.0,-0.318798,34.707274,124.946187,34.706835,0.174662,-0.000681,-0.216927,-0.789659,0.004273,0.132351,0.17075,0.0,1.0,0.0,0.0,0.0,-9999.0,-9999.0,-9999.0,-9999.0,-9999.0,-9999.0,-9999.0,-9999.0,-9999.0,-9999.0,-9999.0,-9999.0,-9999.0,-9999.0,6.866666400000046,239.0920767020585,-0.31527759983645826,276.26819248861756,-2.597977953364621,-2.597977553914615,1.3852168130475206,0.478675687632105,229.0
P22_AV0_4_interaction,P22,AV0,4,off_ramp,P22_AV0_4,HV4,60,18747,312450.0,312450.0002,4.0,4.0,28.088168,101.117404,229.0,76.003976,-7174.004508,-0.002652,0.454601,0.0,28.088284,-0.070002,0.0,7174.462026,10.810661,0.107034,1.0,0.0,0.0,0.0,7137.328997,11.024212,1021.0,3.0,0.0,158.0,-0.326235,34.703626,124.933052,34.703169,0.177922,-0.000608,-0.212965,-0.806397,0.004412,0.136276,0.1795,0.0,1.0,0.0,0.0,0.0,-9999.0,-9999.0,-9999.0,-9999.0,-9999.0,-9999.0,-9999.0,-9999.0,-9999.0,-9999.0,-9999.0,-9999.0,-9999.0,-9999.0,6.883332900000037,239.6704733620756,-0.3227062326315387,276.73575917187395,-2.5748240320462528,-2.5748245243397134,1.3929370694578438,0.45196945842836556,229.0
P22_AV0_4_interaction,P22,AV0,4,off_ramp,P22_AV0_4,HV4,60,18748,312466.67,312466.6674,4.0,4.0,28.088299,101.117877,229.0,76.471542,-7174.470171,0.007043,0.427323,0.0,28.088267,-0.066647,0.0,7174.927603,10.859577,0.10718,1.0,0.0,0.0,0.0,7137.906876,11.048333,1021.0,3.0,0.0,158.0,-0.333889,34.700066,124.920237,34.699593,0.181231,-0.000534,-0.206059,-0.821975,0.004438,0.139573,0.18875,0.0,1.0,0.0,0.0,0.0,-9999.0,-9999.0,-9999.0,-9999.0,-9999.0,-9999.0,-9999.0,-9999.0,-9999.0,-9999.0,-9999.0,-9999.0,-9999.0,-9999.0,6.900000100000005,240.24880502235533,-0.3303516234345963,277.2033196832958,-2.5515455839899763,-2.5515458022844104,1.4002826116328038,0.4283676509409986,229.0
P22_AV0_4_interaction,P22,AV0,4,off_ramp,P22_AV0_4,HV4,60,18749,312483.33,312483.3334,4.0,4.0,28.088257,101.117725,229.0,76.939103,-7174.935821,-0.003494,0.400103,0.0,28.088373,-0.063299,0.0,7175.393167,10.908611,0.107309,1.0,0.0,0.0,0.0,7138.484706,11.072229,1021.0,3.0,0.0,158.0,-0.341765,34.696554,124.907595,34.696063,0.184586,-0.00046,-0.214109,-0.839816,0.004469,0.143812,0.19775,0.002198,1.0,0.0,0.0,0.0,-9999.0,-9999.0,-9999.0,-9999.0,-9999.0,-9999.0,-9999.0,-9999.0,-9999.0,-9999.0,-9999.0,-9999.0,-9999.0,-9999.0,6.916666100000032,240.82707540232363,-0.338218984333504,277.6708736934369,-2.528148600144397,-2.528148632638888,1.407215963680983,0.40222737019756494,229.0
P22_AV0_4_interaction,P22,AV0,4,off_ramp,P22_AV0_4,HV4,60,18750,312500.0,312500.0009,4.0,4.0,28.088321,101.117956,229.0,77.406658,-7175.401459,0.006188,0.374969,0.0,28.088315,-0.059938,0.0,7175.858721,10.957756,0.107423,1.0,0.0,0.0,0.0,7139.062486,11.095897,1021.0,3.0,0.0,158.0,-0.349866,34.692888,124.894395,34.692378,0.188002,-0.000386,-0.213136,-0.858695,0.00438,0.148365,0.20575,0.002198,1.0,0.0,0.0,0.0,-9999.0,-9999.0,-9999.0,-9999.0,-9999.0,-9999.0,-9999.0,-9999.0,-9999.0,-9999.0,-9999.0,-9999.0,-9999.0,-9999.0,6.9333336000000125,241.40528333876566,-0.34631125589485445,278.13842381341686,-2.504640234672598,-2.504638358969702,1.4136902163042464,0.3727134368409537,229.0
P22_AV0_4_interaction,P22,AV0,4,off_ramp,P22_AV0_4,HV4,60,18751,312516.67,312516.6673,4.0,4.0,28.08834,101.118025,229.0,77.874208,-7175.867087,0.007733,0.349088,0.0,28.088451,-0.056594,0.0,7176.324263,11.007004,0.107522,1.0,0.0,0.0,0.0,7139.640215,11.119332,1021.0,3.0,0.0,158.0,-0.358198,34.689462,124.882062,34.688933,0.191543,-0.000315,-0.184543,-0.874953,0.004214,0.151505,0.21375,0.0,1.0,0.0,0.0,0.0,-9999.0,-9999.0,-9999.0,-9999.0,-9999.0,-9999.0,-9999.0,-9999.0,-9999.0,-9999.0,-9999.0,-9999.0,-9999.0,-9999.0,6.95,241.98342755865298,-0.35463337566821246,278.60596760699343,-2.4810283656907814,-2.481024831254951,1.4196399907011994,0.34058924776262955,229.0
P22_AV0_4_interaction,P22,AV0,4,off_ramp,P22_AV0_4,HV4,60,18752,312533.33,312533.3341,4.0,4.0,28.088364,101.11811,229.0,78.341752,-7176.332704,0.003634,0.320769,0.0,28.088548,-0.053332,0.0,7176.789798,11.056349,0.107608,1.0,0.0,0.0,0.0,7140.217897,11.142528,1021.0,3.0,0.0,158.0,-0.366764,34.686534,124.871521,34.685985,0.195193,-0.000246,-0.162547,-0.894019,0.004085,0.155744,0.2215,0.0,1.0,0.0,0.0,0.0,-9999.0,-9999.0,-9999.0,-9999.0,-9999.0,-9999.0,-9999.0,-9999.0,-9999.0,-9999.0,-9999.0,-9999.0,-9999.0,-9999.0,6.966666800000007,242.56151172650377,-0.36319155423287924,279.0735097371747,-2.4573192586858608,-2.4573172129871153,1.425043132695265,0.30979909497341396,229.0
P22_AV0_4_interaction,P22,AV0,4,off_ramp,P22_AV0_4,HV4,60,18753,312550.0,312550.0005,4.0,4.0,28.088513,101.118645,229.0,78.809294,-7176.798314,0.003536,0.291153,0.0,28.088604,-0.050143,0.0,7177.255324,11.105783,0.107681,1.0,0.0,0.0,0.0,7140.795539,11.165483,1021.0,3.0,0.0,158.0,-0.375569,34.683928,124.86214,34.683357,0.199018,-0.000179,-0.143108,-0.909449,0.003929,0.158099,0.2215,0.0,1.0,0.0,0.0,0.0,-9999.0,-9999.0,-9999.0,-9999.0,-9999.0,-9999.0,-9999.0,-9999.0,-9999.0,-9999.0,-9999.0,-9999.0,-9999.0,-9999.0,6.983333200000052,243.13954272194238,-0.37198817292555464,279.5410477677183,-2.4335207917740482,-2.4335235855820274,1.4299665974031086,0.28120229836030575,229.0
P22_AV0_4_interaction,P22,AV0,4,off_ramp,P22_AV0_4,HV4,60,18754,312566.67,312566.6673,4.0,4.0,28.088576,101.118875,229.0,79.276833,-7177.263916,-0.004142,0.277662,0.0,28.088632,-0.048609,0.0,7177.720842,11.155299,0.107741,1.0,0.0,0.0,0.0,7141.373147,11.188191,1021.0,3.0,0.0,158.0,-0.384619,34.681651,124.853943,34.681057,0.203004,-0.000115,-0.123132,-0.9265,0.003773,0.160925,0.228,0.0,1.0,0.0,0.0,0.0,-9999.0,-9999.0,-9999.0,-9999.0,-9999.0,-9999.0,-9999.0,-9999.0,-9999.0,-9999.0,-9999.0,-9999.0,-9999.0,-9999.0,7.0,243.71752620647328,-0.3810295521411162,280.0085823127613,-2.4096400093030415,-2.409651848541657,1.4344164937785848,0.2562626263251886,229.0
P22_AV0_4_interaction,P22,AV0,4,off_ramp,P22_AV0_4,HV4,60,18755,312583.33,312583.3342,4.0,4.0,28.088632,101.119074,229.0,79.744368,-7177.729511,0.002579,0.248465,0.0,28.088574,-0.045627,0.0,7178.186355,11.204866,0.107796,1.0,0.0,0.0,0.0,7141.950727,11.210649,1021.0,3.0,0.0,158.0,-0.393917,34.679679,124.846845,34.67906,0.207155,-5.4e-05,-0.107563,-0.943417,0.003585,0.163437,0.233,0.0,1.0,0.0,0.0,0.0,-9999.0,-9999.0,-9999.0,-9999.0,-9999.0,-9999.0,-9999.0,-9999.0,-9999.0,-9999.0,-9999.0,-9999.0,-9999.0,-9999.0,7.016666900000011,244.29546800632036,-0.3903190167999413,280.47611466563956,-2.3857080292304067,-2.385709176078671,1.4385087767644222,0.23238703098984814,229.0
P22_AV0_4_interaction,P22,AV0,4,off_ramp,P22_AV0_4,HV4,60,18756,312600.0,312600.0002,4.0,4.0,28.088596,101.118945,229.0,80.211901,-7178.1951,0.011268,0.22244,0.0,28.088659,-0.042796,0.0,7178.65186,11.254503,0.107837,1.0,0.0,0.0,0.0,7142.528283,11.232852,1021.0,3.0,0.0,158.0,-0.403469,34.67787,124.840331,34.677225,0.211474,3e-06,-0.098559,-0.959848,0.00332,0.165478,0.2365,0.0,1.0,0.0,0.0,0.0,-9999.0,-9999.0,-9999.0,-9999.0,-9999.0,-9999.0,-9999.0,-9999.0,-9999.0,-9999.0,-9999.0,-9999.0,-9999.0,-9999.0,7.033332900000038,244.87337184091047,-0.3998617789899509,280.94364287412486,-2.3617057154957966,-2.361702182879869,1.4421626511069547,0.20756524655575248,229.0
P22_AV0_4_interaction,P22,AV0,4,off_ramp,P22_AV0_4,HV4,60,18757,312616.67,312616.6673,4.0,4.0,28.088594,101.118939,229.0,80.679429,-7178.660682,0.00152,0.193152,0.0,28.088786,-0.040023,0.0,7179.11736,11.304202,0.107866,1.0,0.0,0.0,0.0,7143.105819,11.254795,1021.0,3.0,0.0,158.0,-0.413279,34.67626,124.834536,34.675587,0.215964,5.6e-05,-0.084488,-0.975437,0.00301,0.166891,0.239,0.0,1.0,0.0,0.0,0.0,-9999.0,-9999.0,-9999.0,-9999.0,-9999.0,-9999.0,-9999.0,-9999.0,-9999.0,-9999.0,-9999.0,-9999.0,-9999.0,-9999.0,7.05,245.45124142967313,-0.40966305079920895,281.4111694944301,-2.3376412207537727,-2.3376374205049846,1.4454275441963773,0.18788999501190773,229.0
P22_AV0_4_interaction,P22,AV0,4,off_ramp,P22_AV0_4,HV4,60,18758,312633.33,312633.334,4.0,4.0,28.088752,101.119508,229.0,81.146956,-7179.126259,-0.015697,0.166524,0.0,28.088824,-0.037341,0.0,7179.582855,11.353955,0.107882,1.0,0.0,0.0,0.0,7143.683337,11.276474,1021.0,3.0,0.0,158.0,-0.423351,34.674816,124.829337,34.674114,0.220604,0.000103,-0.084132,-0.991432,0.002742,0.168304,0.239,0.002198,1.0,0.0,0.0,0.0,-9999.0,-9999.0,-9999.0,-9999.0,-9999.0,-9999.0,-9999.0,-9999.0,-9999.0,-9999.0,-9999.0,-9999.0,-9999.0,-9999.0,7.066666700000002,246.0290785499584,-0.41972693600872807,281.87869408729284,-2.3135225329357683,-2.313520591470646,1.448425745021396,0.16941187653506518,229.0
P22_AV0_4_interaction,P22,AV0,4,off_ramp,P22_AV0_4,HV4,60,18759,312650.0,312650.0002,4.0,4.0,28.088798,101.119673,229.0,81.614482,-7179.591833,0.001024,0.138221,0.0,28.088596,-0.034769,0.0,7180.048345,11.403755,0.107885,1.0,0.0,0.0,0.0,7144.260841,11.297885,1021.0,3.0,0.0,158.0,-0.43369,34.673494,124.824578,34.672761,0.225386,0.000145,-0.056613,-1.006621,0.002342,0.169089,0.24125,0.0,1.0,0.0,0.0,0.0,-9999.0,-9999.0,-9999.0,-9999.0,-9999.0,-9999.0,-9999.0,-9999.0,-9999.0,-9999.0,-9999.0,-9999.0,-9999.0,-9999.0,7.083332900000038,246.60688697610163,-0.43005764821504944,282.346216268361,-2.289356641481921,-2.2893571914075825,1.4510745438153947,0.14389346457683416,229.0
P22_AV0_4_interaction,P22,AV0,4,off_ramp,P22_AV0_4,HV4,60,18760,312666.67,312666.6667,4.0,4.0,28.088693,101.119295,229.0,82.082004,-7180.057401,0.012131,0.115232,0.0,28.088675,-0.032302,0.0,7180.513829,11.453594,0.107875,1.0,0.0,0.0,0.0,7144.838334,11.319023,1021.0,3.0,0.0,158.0,-0.444302,34.672658,124.821569,34.671893,0.230294,0.000181,-0.036187,-1.0211,0.002049,0.169403,0.243,0.0,1.0,0.0,0.0,0.0,-9999.0,-9999.0,-9999.0,-9999.0,-9999.0,-9999.0,-9999.0,-9999.0,-9999.0,-9999.0,-9999.0,-9999.0,-9999.0,-9999.0,7.09999940000003,247.18466942903885,-0.4406603445984307,282.8137345998803,-2.2651514794159504,-2.265152358285996,1.4532220936846727,0.11551510597085013,229.0
P22_AV0_4_interaction,P22,AV0,4,off_ramp,P22_AV0_4,HV4,60,18761,312683.33,312683.3341,4.0,4.0,28.088605,101.118977,229.0,82.549522,-7180.522963,0.00599,0.087778,0.0,28.088817,-0.02984,0.0,7180.97931,11.503464,0.107851,1.0,0.0,0.0,0.0,7145.415823,11.339884,1021.0,3.0,0.0,158.0,-0.45519,34.672094,124.819539,34.671296,0.235303,0.000212,-0.020608,-1.035185,0.001735,0.169403,0.245,0.0,1.0,0.0,0.0,0.0,-9999.0,-9999.0,-9999.0,-9999.0,-9999.0,-9999.0,-9999.0,-9999.0,-9999.0,-9999.0,-9999.0,-9999.0,-9999.0,-9999.0,7.116666800000006,247.76243267857984,-0.45153940347848687,283.2812516380628,-2.2409151993923686,-2.2409156298072577,1.4549250887951501,0.09129652501489005,229.0
P22_AV0_4_interaction,P22,AV0,4,off_ramp,P22_AV0_4,HV4,60,18762,312700.0,312700.0006,4.0,4.0,28.088776,101.119595,229.0,83.01704,-7180.988524,-0.010877,0.063515,0.0,28.088762,-0.027418,0.0,7181.444791,11.55336,0.107814,1.0,0.0,0.0,0.0,7145.993311,11.360463,1021.0,3.0,0.0,158.0,-0.466359,34.671763,124.818347,34.67093,0.240378,0.000239,-0.008848,-1.049496,0.001493,0.169403,0.2475,0.0,1.0,0.0,0.0,0.0,-9999.0,-9999.0,-9999.0,-9999.0,-9999.0,-9999.0,-9999.0,-9999.0,-9999.0,-9999.0,-9999.0,-9999.0,-9999.0,-9999.0,7.133333300000056,248.34017944565966,-0.4626999820354259,283.74877010384625,-2.216652958591532,-2.2166540322821824,1.4562653825009733,0.06445218118319218,229.0
P22_AV0_4_interaction,P22,AV0,4,off_ramp,P22_AV0_4,HV4,60,18763,312716.67,312716.6668,4.0,4.0,28.088867,101.119922,229.0,83.484559,-7181.454085,0.011486,0.041588,0.0,28.088715,-0.025001,0.0,7181.910269,11.603273,0.107763,1.0,0.0,1.0,0.0,7146.570804,11.380757,1021.0,3.0,0.0,158.0,-0.477813,34.671548,124.817571,34.670679,0.245483,0.000261,-0.002537,-1.063923,0.001295,0.169403,0.25125,0.0,1.0,0.0,0.0,0.0,-9999.0,-9999.0,-9999.0,-9999.0,-9999.0,-9999.0,-9999.0,-9999.0,-9999.0,-9999.0,-9999.0,-9999.0,-9999.0,-9999.0,7.1499995000000345,248.917915556504,-0.4741454051897266,284.21628650758606,-2.1923735787132217,-2.192374373024908,1.45707346359454,0.04052656544653388,229.0
P22_AV0_4_interaction,P22,AV0,4,off_ramp,P22_AV0_4,HV4,60,18764,312733.34,312733.335,4.0,4.0,28.088672,101.11922,229.0,83.952075,-7181.919642,0.012442,0.016973,0.0,28.088918,-0.02259,0.0,7182.375745,11.653197,0.107698,1.0,0.0,1.0,0.0,7147.148303,11.40076,1021.0,3.0,0.0,158.0,-0.489558,34.671467,124.817281,34.670561,0.250585,0.000281,0.006635,-1.078366,0.001118,0.169246,0.255,0.0,1.0,0.0,0.0,0.0,-9999.0,-9999.0,-9999.0,-9999.0,-9999.0,-9999.0,-9999.0,-9999.0,-9999.0,-9999.0,-9999.0,-9999.0,-9999.0,-9999.0,7.166667700000049,249.49564168015854,-0.4858817187977088,284.6838015183278,-2.1680831056137535,-2.1680833616048174,1.457616279403652,0.02106644482523734,229.0
P22_AV0_4_interaction,P22,AV0,4,off_ramp,P22_AV0_4,HV4,60,18765,312750.0,312750.0,4.0,4.0,28.088811,101.11972,229.0,84.419591,-7182.385199,0.000663,-0.004882,0.0,28.08909,-0.020194,0.0,7182.841224,11.703127,0.10762,1.0,0.0,1.0,0.0,7147.725812,11.420469,1021.0,3.0,0.0,158.0,-0.501596,34.671534,124.817522,34.670591,0.255657,0.000298,0.015359,-1.092742,0.000948,0.169246,0.255,0.0,1.0,0.0,0.0,0.0,-9999.0,-9999.0,-9999.0,-9999.0,-9999.0,-9999.0,-9999.0,-9999.0,-9999.0,-9999.0,-9999.0,-9999.0,-9999.0,-9999.0,7.183332700000028,250.07336164586542,-0.4979121379644159,285.15131985398926,-2.143786806288713,-2.143787359913998,1.4577757492029733,-0.0050749590075938045,229.0
P22_AV0_4_interaction,P22,AV0,4,off_ramp,P22_AV0_4,HV4,60,18766,312766.67,312766.6672,4.0,4.0,28.089022,101.120479,229.0,84.88711,-7182.850759,0.016868,-0.026192,0.0,28.089166,-0.017792,0.0,7183.306706,11.753056,0.107528,1.0,0.0,1.0,0.0,7148.303331,11.43988,1021.0,3.0,0.0,158.0,-0.513934,34.671723,124.818202,34.670743,0.260671,0.000312,0.022124,-1.106957,0.000786,0.169089,0.26,0.0,1.0,0.0,0.0,0.0,-9999.0,-9999.0,-9999.0,-9999.0,-9999.0,-9999.0,-9999.0,-9999.0,-9999.0,-9999.0,-9999.0,-9999.0,-9999.0,-9999.0,7.199999900000053,250.65107523399482,-0.5102406566556463,285.61884113021836,-2.119491670178239,-2.119492489349895,1.4574470554167078,-0.02598653367174819,229.0
P22_AV0_4_interaction,P22,AV0,4,off_ramp,P22_AV0_4,HV4,60,18767,312783.33,312783.3341,4.0,4.0,28.089097,101.120748,229.0,85.354631,-7183.316321,0.004769,-0.046319,0.0,28.089401,-0.015355,0.0,7183.772191,11.802978,0.107423,1.0,0.0,1.0,0.0,7148.880863,11.458987,1021.0,3.0,0.0,158.0,-0.526575,34.671906,124.81886,34.670888,0.265605,0.000324,0.010219,-1.120865,0.000694,0.168932,0.26475,0.002198,1.0,0.0,0.0,0.0,-9999.0,-9999.0,-9999.0,-9999.0,-9999.0,-9999.0,-9999.0,-9999.0,-9999.0,-9999.0,-9999.0,-9999.0,-9999.0,-9999.0,7.216666800000007,251.22878511057405,-0.5228734305430358,286.08636501756706,-2.0952036882308476,-2.095204673904943,1.4569095152501959,-0.04435801444439136,229.0
P22_AV0_4_interaction,P22,AV0,4,off_ramp,P22_AV0_4,HV4,60,18768,312800.0,312800.0001,4.0,4.0,28.089308,101.121508,229.0,85.822155,-7183.781887,0.002112,-0.064485,0.0,28.0895,-0.012911,0.0,7184.23768,11.852887,0.107306,1.0,0.0,1.0,0.0,7149.458408,11.477787,1021.0,3.0,0.0,158.0,-0.539524,34.671969,124.81909,34.670915,0.270438,0.000334,0.022977,-1.134621,0.000464,0.168461,0.268,0.0,1.0,0.0,0.0,0.0,-9999.0,-9999.0,-9999.0,-9999.0,-9999.0,-9999.0,-9999.0,-9999.0,-9999.0,-9999.0,-9999.0,-9999.0,-9999.0,-9999.0,7.233332800000033,251.80649111088005,-0.535813455100894,286.55389218508196,-2.0709289063029037,-2.0709294695588394,1.4559684959473458,-0.0665597347120297,229.0
P22_AV0_4_interaction,P22,AV0,4,off_ramp,P22_AV0_4,HV4,60,18769,312816.67,312816.6674,4.0,4.0,28.089441,101.121989,229.0,86.289683,-7184.247458,0.002405,-0.084595,0.0,28.089523,-0.010448,0.0,7184.703172,11.902778,0.107176,1.0,0.0,1.0,0.0,7150.035965,11.496276,1021.0,3.0,0.0,158.0,-0.552784,34.672293,124.820255,34.671201,0.275152,0.00034,0.030419,-1.147781,0.000319,0.168304,0.271,0.0,1.0,0.0,0.0,0.0,-9999.0,-9999.0,-9999.0,-9999.0,-9999.0,-9999.0,-9999.0,-9999.0,-9999.0,-9999.0,-9999.0,-9999.0,-9999.0,-9999.0,7.250000100000005,252.38419201679028,-0.549064669387247,287.0214213597328,-2.0466722619438698,-2.0466724408043167,1.45469083339367,-0.08390933412893276,229.0
P22_AV0_4_interaction,P22,AV0,4,off_ramp,P22_AV0_4,HV4,60,18770,312833.33,312833.334,4.0,4.0,28.089519,101.122268,229.0,86.757213,-7184.713032,0.005596,-0.104652,0.0,28.089635,-0.007983,0.0,7185.168668,11.952646,0.107036,1.0,0.0,1.0,0.0,7150.613537,11.514449,1021.0,3.0,0.0,158.0,-0.56636,34.672678,124.821642,34.67155,0.279747,0.000343,0.033692,-1.159386,0.000124,0.167676,0.271,0.0,1.0,0.0,0.0,0.0,-9999.0,-9999.0,-9999.0,-9999.0,-9999.0,-9999.0,-9999.0,-9999.0,-9999.0,-9999.0,-9999.0,-9999.0,-9999.0,-9999.0,7.266666700000002,252.96189054924156,-0.5626322305823989,287.48895326547193,-2.0224388025185798,-2.0224389498418205,1.4531714807477059,-0.10147685843932663,229.0
P22_AV0_4_interaction,P22,AV0,4,off_ramp,P22_AV0_4,HV4,60,18771,312850.0,312850.0003,4.0,4.0,28.089544,101.122359,229.0,87.224745,-7185.17861,0.002468,-0.122677,0.0,28.089694,-0.005575,0.0,7185.634168,12.002486,0.106885,1.0,0.0,1.0,0.0,7151.191125,11.532302,1021.0,3.0,0.0,158.0,-0.580256,34.673114,124.823211,34.671949,0.284194,0.000344,0.037115,-1.171272,-2.1e-05,0.167362,0.2755,0.0,1.0,0.0,0.0,0.0,-9999.0,-9999.0,-9999.0,-9999.0,-9999.0,-9999.0,-9999.0,-9999.0,-9999.0,-9999.0,-9999.0,-9999.0,-9999.0,-9999.0,7.2833330000000425,253.53958748709402,-0.5765201875597561,287.956487627761,-1.9982335204842092,-1.9982340206473754,1.4513083216081384,-0.12222339725642684,229.0
P22_AV0_4_interaction,P22,AV0,4,off_ramp,P22_AV0_4,HV4,60,18772,312866.67,312866.6668,4.0,4.0,28.089682,101.122856,229.0,87.69228,-7185.644192,0.010015,-0.141422,0.0,28.089772,-0.003191,0.0,7186.099673,12.052292,0.106725,1.0,0.0,1.0,0.0,7151.76873,11.549833,1021.0,3.0,0.0,158.0,-0.594475,34.673613,124.825005,34.672413,0.288482,0.000343,0.041723,-1.182351,-0.000131,0.166891,0.28,0.0,1.0,0.0,0.0,0.0,-9999.0,-9999.0,-9999.0,-9999.0,-9999.0,-9999.0,-9999.0,-9999.0,-9999.0,-9999.0,-9999.0,-9999.0,-9999.0,-9999.0,7.299999500000035,254.11728371902313,-0.5907305922098456,288.42402511564643,-1.9740624616971272,-1.9740627802270279,1.4490974285190532,-0.14230424727784907,229.0
P22_AV0_4_interaction,P22,AV0,4,off_ramp,P22_AV0_4,HV4,60,18773,312883.33,312883.3341,4.0,4.0,28.089715,101.122974,229.0,88.159818,-7186.10978,0.006647,-0.15837,0.0,28.089944,-0.000814,0.0,7186.565184,12.10206,0.106555,1.0,0.0,1.0,0.0,7152.346354,11.567038,1021.0,3.0,0.0,158.0,-0.609021,34.6742,124.82712,34.672965,0.292591,0.00034,0.047755,-1.19328,-0.000214,0.166577,0.28275,0.0,1.0,0.0,0.0,0.0,-9999.0,-9999.0,-9999.0,-9999.0,-9999.0,-9999.0,-9999.0,-9999.0,-9999.0,-9999.0,-9999.0,-9999.0,-9999.0,-9999.0,7.316666800000006,254.6949810223826,-0.6052675483138797,288.8915665079884,-1.9499296750307353,-1.9499300986911043,1.446564764850926,-0.1556615826067329,229.0
P22_AV0_4_interaction,P22,AV0,4,off_ramp,P22_AV0_4,HV4,60,18774,312900.0,312900.0023,4.0,4.0,28.089856,101.12348,229.0,88.627359,-7186.575374,-0.000626,-0.174813,0.0,28.089995,0.001486,0.0,7187.030702,12.151785,0.106376,1.0,0.0,1.0,0.0,7152.923997,11.583913,1021.0,3.0,0.0,158.0,-0.623898,34.674883,124.829578,34.673615,0.296507,0.000335,0.052832,-1.204024,-0.000273,0.16642,0.28575,0.0,1.0,0.0,0.0,0.0,-9999.0,-9999.0,-9999.0,-9999.0,-9999.0,-9999.0,-9999.0,-9999.0,-9999.0,-9999.0,-9999.0,-9999.0,-9999.0,-9999.0,7.333335000000021,255.27267917753977,-0.6201350498375017,289.35911252873916,-1.9258402078498662,-1.9258408229224173,1.4439083651583218,-0.16811192165231148,229.0
P22_AV0_4_interaction,P22,AV0,4,off_ramp,P22_AV0_4,HV4,60,18775,312916.67,312916.6675,4.0,4.0,28.09,101.124,229.0,89.094906,-7187.040975,-0.004333,-0.18996,0.0,28.089972,0.003733,0.0,7187.496226,12.201462,0.106189,1.0,0.0,1.0,0.0,7153.501661,11.600455,1021.0,3.0,0.0,158.0,-0.639108,34.675618,124.832223,34.674318,0.300227,0.00033,0.05639,-1.213876,-0.000319,0.166106,0.28775,0.0,1.0,0.0,0.0,0.0,-9999.0,-9999.0,-9999.0,-9999.0,-9999.0,-9999.0,-9999.0,-9999.0,-9999.0,-9999.0,-9999.0,-9999.0,-9999.0,-9999.0,7.350000200000009,255.85038001675608,-0.6353362020704835,289.8266619048695,-1.9017989977040364,-1.9017997157013196,1.4409610753726128,-0.18769307522784828,229.0
P22_AV0_4_interaction,P22,AV0,4,off_ramp,P22_AV0_4,HV4,60,18776,312933.33,312933.3341,4.0,4.0,28.08999,101.123963,229.0,89.562455,-7187.506582,-0.001392,-0.207925,0.0,28.089929,0.005946,0.0,7187.961754,12.251086,0.105996,1.0,0.0,1.0,0.0,7154.079347,11.616661,1021.0,3.0,0.0,158.0,-0.654654,34.676447,124.83521,34.675117,0.303739,0.000325,0.063483,-1.223523,-0.000356,0.165949,0.28775,0.0,1.0,0.0,0.0,0.0,-9999.0,-9999.0,-9999.0,-9999.0,-9999.0,-9999.0,-9999.0,-9999.0,-9999.0,-9999.0,-9999.0,-9999.0,-9999.0,-9999.0,7.366666800000006,256.42808437379836,-0.6508740553947426,290.29421236485746,-1.8778109272349925,-1.8778110011209832,1.43765218675982,-0.20611976972534052,229.0
P22_AV0_4_interaction,P22,AV0,4,off_ramp,P22_AV0_4,HV4,60,18777,312950.0,312950.0001,4.0,4.0,28.089936,101.123769,229.0,90.030006,-7187.972194,-0.00026,-0.221516,0.0,28.089885,0.008052,0.0,7188.427288,12.300654,0.105795,1.0,0.0,1.0,0.0,7154.657056,11.632528,1021.0,3.0,0.0,158.0,-0.67054,34.677403,124.838651,34.676044,0.307036,0.000318,0.071258,-1.232948,-0.000383,0.165949,0.28975,0.0,1.0,0.0,0.0,0.0,-9999.0,-9999.0,-9999.0,-9999.0,-9999.0,-9999.0,-9999.0,-9999.0,-9999.0,-9999.0,-9999.0,-9999.0,-9999.0,-9999.0,7.383332800000033,257.00579308243624,-0.6667516601923482,290.76176574096337,-1.8538791017324672,-1.853879028409197,1.4340905766388872,-0.22068795891379267,229.0
P22_AV0_4_interaction,P22,AV0,4,off_ramp,P22_AV0_4,HV4,60,18778,312966.67,312966.6674,4.0,4.0,28.089917,101.1237,229.0,90.49756,-7188.437812,0.010603,-0.238609,0.0,28.089938,0.010091,0.0,7188.892828,12.350161,0.105588,1.0,0.0,1.0,0.0,7155.23479,11.648053,1021.0,3.0,0.0,158.0,-0.686769,34.678381,124.842173,34.676995,0.310123,0.000312,0.061837,-1.241379,-0.000336,0.165792,0.29175,0.002198,1.0,0.0,0.0,0.0,-9999.0,-9999.0,-9999.0,-9999.0,-9999.0,-9999.0,-9999.0,-9999.0,-9999.0,-9999.0,-9999.0,-9999.0,-9999.0,-9999.0,7.400000100000005,257.58350797492926,-0.6829721217529724,291.2293217586489,-1.8300085136536277,-1.8300080346044838,1.430295910662963,-0.35491266883204275,229.0
P22_AV0_4_interaction,P22,AV0,4,off_ramp,P22_AV0_4,HV4,60,18779,312983.33,312983.3336,4.0,4.0,28.089883,101.123577,229.0,90.965116,-7188.903436,0.004777,-0.253871,0.0,28.090053,0.012046,0.0,7189.358376,12.399603,0.105375,1.0,0.0,1.0,0.0,7155.812549,11.663234,1021.0,3.0,0.0,158.0,-0.703343,34.679301,124.845484,34.677888,0.313001,0.000306,0.077444,-1.249063,-0.000418,0.165478,0.29375,0.0,1.0,0.0,0.0,0.0,-9999.0,-9999.0,-9999.0,-9999.0,-9999.0,-9999.0,-9999.0,-9999.0,-9999.0,-9999.0,-9999.0,-9999.0,-9999.0,-9999.0,7.416666300000041,258.16122894146116,-0.699537437059441,291.6968821952658,-1.8062032667795906,-1.8062022554707935,1.4222603751141136,-0.24967739111481535,229.0
P22_AV0_4_interaction,P22,AV0,4,off_ramp,P22_AV0_4,HV4,60,18780,313000.1,313000.0953,4.0,4.0,28.090025,101.124091,158.0,91.432677,-7189.369069,-0.004169,-0.271372,0.0,28.090137,0.013893,0.0,7189.823933,12.448977,0.105157,1.0,0.0,1.0,0.0,7156.390333,11.678069,1021.0,3.0,0.0,158.0,-0.720264,34.680492,124.849771,34.679055,0.31567,0.000299,0.08542,-1.256139,-0.000415,0.165164,0.297,0.0,1.0,0.0,0.0,0.0,-9999.0,-9999.0,-9999.0,-9999.0,-9999.0,-9999.0,-9999.0,-9999.0,-9999.0,-9999.0,-9999.0,-9999.0,-9999.0,-9999.0,7.433428000000014,258.73895587221745,-0.716449603094666,292.1644478845819,-1.782466411492318,-1.7824660304999638,1.4219942484483568,-0.025708388898877388,158.0
P22_AV0_4_interaction,P22,AV0,4,off_ramp,P22_AV0_4,HV4,60,18781,313016.67,313016.6674,4.0,4.0,28.090092,101.12433,158.0,91.900243,-7189.834711,-0.005194,-0.289444,0.0,28.09004,0.015587,0.0,7190.289499,12.498276,0.104933,1.0,0.0,1.0,0.0,7156.968145,11.692554,1021.0,3.0,0.0,158.0,-0.737535,34.68179,124.854443,34.68033,0.318134,0.000292,0.09235,-1.262307,-0.000463,0.164693,0.3,0.0,1.0,0.0,0.0,0.0,-9999.0,-9999.0,-9999.0,-9999.0,-9999.0,-9999.0,-9999.0,-9999.0,-9999.0,-9999.0,-9999.0,-9999.0,-9999.0,-9999.0,7.450000100000005,259.31669154304086,-0.7337127785474284,292.6320184422451,-1.7588049372319552,-1.758804006463655,1.4214071237719352,-0.286137095368602,158.0
P22_AV0_4_interaction,P22,AV0,4,off_ramp,P22_AV0_4,HV4,60,18782,313033.33,313033.3342,4.0,4.0,28.090101,101.124363,158.0,92.367814,-7190.300361,0.01933,-0.308258,0.0,28.090119,0.01715,0.0,7190.755071,12.547497,0.104702,1.0,0.0,1.0,0.0,7157.545988,11.706689,1021.0,3.0,0.0,158.0,-0.755158,34.683208,124.859547,34.681728,0.32039,0.000284,0.099514,-1.267934,-0.000467,0.164222,0.3,0.0,1.0,0.0,0.0,0.0,-9999.0,-9999.0,-9999.0,-9999.0,-9999.0,-9999.0,-9999.0,-9999.0,-9999.0,-9999.0,-9999.0,-9999.0,-9999.0,-9999.0,7.466666900000011,259.89443894940666,-0.7513271281408542,293.09959070805536,-1.7352216747495754,-1.7352212398753577,1.412435746269061,-0.44978634447665655,158.0
P22_AV0_4_interaction,P22,AV0,4,off_ramp,P22_AV0_4,HV4,60,18783,313050.0,313050.0007,4.0,4.0,28.089995,101.123983,158.0,92.835387,-7190.766019,0.010158,-0.324871,0.0,28.090418,0.0186,0.0,7191.220656,12.596634,0.104465,1.0,0.0,0.0,0.0,7158.123863,11.720472,1021.0,3.0,0.0,158.0,-0.773135,34.684728,124.865021,34.683229,0.322443,0.000276,0.105384,-1.27267,-0.000444,0.163594,0.3035,0.0,1.0,0.0,0.0,0.0,-9999.0,-9999.0,-9999.0,-9999.0,-9999.0,-9999.0,-9999.0,-9999.0,-9999.0,-9999.0,-9999.0,-9999.0,-9999.0,-9999.0,7.483333400000003,260.4721989799904,-0.7692947037654863,293.56717134200966,-1.711722999347814,-1.7117228604912031,1.4064142075208679,-0.32335066372199606,158.0
P22_AV0_4_interaction,P22,AV0,4,off_ramp,P22_AV0_4,HV4,60,18784,313066.69,313066.6865,4.0,4.0,28.090278,101.125001,158.0,93.302967,-7191.231688,-0.004816,-0.347447,0.0,28.090497,0.019941,0.0,7191.686254,12.645682,0.104221,1.0,0.0,0.0,0.0,7158.701771,11.7339,1021.0,3.0,0.0,158.0,-0.791467,34.68634,124.870824,34.684824,0.324286,0.000269,0.110646,-1.277205,-0.000406,0.163123,0.306,0.0,1.0,0.0,0.0,0.0,-9999.0,-9999.0,-9999.0,-9999.0,-9999.0,-9999.0,-9999.0,-9999.0,-9999.0,-9999.0,-9999.0,-9999.0,-9999.0,-9999.0,7.500019200000039,261.0499724685607,-0.7876185558033295,294.0347600695669,-1.688313903483689,-1.688314226582576,1.4016527234630445,-0.2943626583347836,158.0
P22_AV0_4_interaction,P22,AV0,4,off_ramp,P22_AV0_4,HV4,60,18785,313083.33,313083.3341,4.0,4.0,28.0905,101.125801,158.0,93.770556,-7191.697372,0.020355,-0.365935,0.0,28.090632,0.021188,0.0,7192.151862,12.694635,0.103968,1.0,0.0,0.0,0.0,7159.279714,11.746973,1021.0,3.0,0.0,158.0,-0.810156,34.688022,124.87688,34.686491,0.325924,0.000263,0.114017,-1.280841,-0.000365,0.162495,0.3085,0.0,1.0,0.0,0.0,0.0,-9999.0,-9999.0,-9999.0,-9999.0,-9999.0,-9999.0,-9999.0,-9999.0,-9999.0,-9999.0,-9999.0,-9999.0,-9999.0,-9999.0,7.5166668000000065,261.6277614121003,-0.8062987940697589,294.5023535658075,-1.6650002133827881,-1.6650009138439739,1.396602786190769,-0.3611489278671485,158.0
P22_AV0_4_interaction,P22,AV0,4,off_ramp,P22_AV0_4,HV4,60,18786,313100.0,313100.0006,4.0,4.0,28.090455,101.125636,158.0,94.238151,-7192.163066,0.006116,-0.382121,0.0,28.090848,0.022406,0.0,7192.617485,12.743488,0.103706,1.0,0.0,0.0,0.0,7159.857693,11.759689,1021.0,3.0,0.0,158.0,-0.829204,34.689736,124.883051,34.688192,0.327367,0.000257,0.115756,-1.283245,-0.000332,0.161553,0.3105,0.0,1.0,0.0,0.0,0.0,-9999.0,-9999.0,-9999.0,-9999.0,-9999.0,-9999.0,-9999.0,-9999.0,-9999.0,-9999.0,-9999.0,-9999.0,-9999.0,-9999.0,7.533333300000057,262.2055666992846,-0.8253374704553139,294.9699565486507,-1.6417871960407797,-1.641787805350395,1.3896191856706182,-0.4042848036680411,158.0
P22_AV0_4_interaction,P22,AV0,4,off_ramp,P22_AV0_4,HV4,60,18787,313116.67,313116.6674,4.0,4.0,28.090799,101.126876,158.0,94.705754,-7192.628774,0.002177,-0.397634,0.0,28.090932,0.0236,0.0,7193.083122,12.792236,0.103434,1.0,0.0,0.0,0.0,7160.435708,11.772047,1021.0,3.0,0.0,158.0,-0.84861,34.69149,124.889363,34.689933,0.328609,0.000252,0.118574,-1.285453,-0.00031,0.160768,0.31325,0.0,1.0,0.0,0.0,0.0,-9999.0,-9999.0,-9999.0,-9999.0,-9999.0,-9999.0,-9999.0,-9999.0,-9999.0,-9999.0,-9999.0,-9999.0,-9999.0,-9999.0,7.5500001000000045,262.78338827520685,-0.8447355834514673,295.43756774506653,-1.618679789007134,-1.6186803225510298,1.3831266483859892,-0.39668023945726105,158.0
P22_AV0_4_interaction,P22,AV0,4,off_ramp,P22_AV0_4,HV4,60,18788,313133.33,313133.3341,4.0,4.0,28.090896,101.127227,158.0,95.173365,-7193.094497,-0.016821,-0.413426,0.0,28.090925,0.024851,0.0,7193.548771,12.840874,0.103152,1.0,0.0,0.0,0.0,7161.01376,11.784047,1021.0,3.0,0.0,158.0,-0.868377,34.693295,124.895861,34.691728,0.329648,0.000247,0.121885,-1.287104,-0.0003,0.159983,0.31325,0.0,1.0,0.0,0.0,0.0,-9999.0,-9999.0,-9999.0,-9999.0,-9999.0,-9999.0,-9999.0,-9999.0,-9999.0,-9999.0,-9999.0,-9999.0,-9999.0,-9999.0,7.566666800000006,263.3612271383579,-0.864493187965893,295.9051848835328,-1.5956828749235958,-1.5956833525542469,1.3763964463349083,-0.4141375927643267,158.0
P22_AV0_4_interaction,P22,AV0,4,off_ramp,P22_AV0_4,HV4,60,18789,313150.0,313150.0,4.0,4.0,28.090947,101.127408,158.0,95.640983,-7193.560232,0.003019,-0.43121,0.0,28.090719,0.026116,0.0,7194.014431,12.889397,0.10286,1.0,0.0,0.0,0.0,7161.59185,11.795687,1021.0,3.0,0.0,158.0,-0.888504,34.695067,124.902241,34.693493,0.330487,0.000242,0.109882,-1.288123,-0.000233,0.159198,0.3155,0.002198,1.0,0.0,0.0,0.0,-9999.0,-9999.0,-9999.0,-9999.0,-9999.0,-9999.0,-9999.0,-9999.0,-9999.0,-9999.0,-9999.0,-9999.0,-9999.0,-9999.0,7.583332700000028,263.9390841774141,-0.8846123358891628,296.3728066910203,-1.5728013913396837,-1.5728014448936356,1.36932238218305,-0.4317287221300674,158.0
P22_AV0_4_interaction,P22,AV0,4,off_ramp,P22_AV0_4,HV4,60,18790,313166.67,313166.6675,4.0,4.0,28.090782,101.126815,158.0,96.108605,-7194.025977,0.003352,-0.446205,0.0,28.090766,0.027407,0.0,7194.480101,12.937802,0.102556,1.0,0.0,0.0,0.0,7162.169975,11.806968,1021.0,3.0,0.0,158.0,-0.908992,34.696766,124.908356,34.695186,0.331132,0.000237,0.125852,-1.288399,-0.000307,0.158256,0.317,0.0,1.0,0.0,0.0,0.0,-9999.0,-9999.0,-9999.0,-9999.0,-9999.0,-9999.0,-9999.0,-9999.0,-9999.0,-9999.0,-9999.0,-9999.0,-9999.0,-9999.0,7.600000200000009,264.51695645180877,-0.905091864006758,296.840432004315,-1.5500382788220362,-1.5500391935572937,1.3620054368984285,-0.44708872165065827,158.0
P22_AV0_4_interaction,P22,AV0,4,off_ramp,P22_AV0_4,HV4,60,18791,313183.33,313183.3336,4.0,4.0,28.09074,101.126665,158.0,96.57623,-7194.491734,0.006039,-0.46081,0.0,28.090844,0.028758,0.0,7194.945784,12.986082,0.102241,1.0,0.0,0.0,0.0,7162.748137,11.817889,1021.0,3.0,0.0,158.0,-0.929842,34.698768,124.915564,34.697183,0.331584,0.000233,0.134626,-1.288089,-0.000296,0.157314,0.3195,0.0,1.0,0.0,0.0,0.0,-9999.0,-9999.0,-9999.0,-9999.0,-9999.0,-9999.0,-9999.0,-9999.0,-9999.0,-9999.0,-9999.0,-9999.0,-9999.0,-9999.0,7.616666300000041,265.09484590361683,-0.9259328806254911,297.3080634345357,-1.5274006915336786,-1.5274008902108434,1.3544193282331491,-0.46133050806659526,158.0
P22_AV0_4_interaction,P22,AV0,4,off_ramp,P22_AV0_4,HV4,60,18792,313200.0,313200.0015,4.0,4.0,28.09079,101.126843,158.0,97.043863,-7194.957504,-0.001251,-0.473602,0.0,28.090913,0.030174,0.0,7195.411483,13.034235,0.101915,1.0,0.0,0.0,0.0,7163.326338,11.828448,1021.0,3.0,0.0,158.0,-0.951056,34.700773,124.922784,34.699198,0.33069,0.000205,0.136591,-1.381283,-0.001494,0.156529,0.3205,0.0,1.0,0.0,0.0,0.0,-9999.0,-9999.0,-9999.0,-9999.0,-9999.0,-9999.0,-9999.0,-9999.0,-9999.0,-9999.0,-9999.0,-9999.0,-9999.0,-9999.0,7.633334200000041,265.6727544200065,-0.9471374925436502,297.77570386734317,-1.504890791180673,-1.5048909938008916,1.3466274236066837,-0.47405003441232196,158.0
P22_AV0_4_interaction,P22,AV0,4,off_ramp,P22_AV0_4,HV4,60,18793,313216.67,313216.6668,4.0,4.0,28.09089,101.127203,158.0,97.511503,-7195.423288,-0.001207,-0.49029,0.0,28.090856,0.031674,0.0,7195.877196,13.082257,0.101578,1.0,0.0,0.0,0.0,7163.904579,11.838633,1021.0,3.0,0.0,158.0,-0.972644,34.70288,124.930367,34.70131,0.33003,0.000163,0.141496,-1.378187,-0.003109,0.155744,0.323,0.0,1.0,0.0,0.0,0.0,-9999.0,-9999.0,-9999.0,-9999.0,-9999.0,-9999.0,-9999.0,-9999.0,-9999.0,-9999.0,-9999.0,-9999.0,-9999.0,-9999.0,7.6499995000000345,266.2506823405763,-0.9687177365661154,298.2433510861232,-1.482512461913329,-1.482513468870447,1.3386177577892369,-0.4916295186561186,158.0
P22_AV0_4_interaction,P22,AV0,4,off_ramp,P22_AV0_4,HV4,60,18794,313233.33,313233.3335,4.0,4.0,28.090898,101.127234,158.0,97.97915,-7195.889088,-0.00016,-0.50372,0.0,28.09082,0.033239,0.0,7196.342922,13.130142,0.10123,1.0,0.0,0.0,0.0,7164.482862,11.848441,1021.0,3.0,0.0,158.0,-0.994612,34.705066,124.938236,34.703499,0.329747,0.000102,0.146153,-1.376561,-0.003961,0.155116,0.323,0.0,1.0,0.0,0.0,0.0,-9999.0,-9999.0,-9999.0,-9999.0,-9999.0,-9999.0,-9999.0,-9999.0,-9999.0,-9999.0,-9999.0,-9999.0,-9999.0,-9999.0,7.666666200000036,266.8286314975858,-0.9906767179825675,298.71100376293685,-1.460271639772493,-1.460272198301519,1.3302403976611004,-0.5058996219273126,158.0
P22_AV0_4_interaction,P22,AV0,4,off_ramp,P22_AV0_4,HV4,60,18795,313250.0,313250.0011,4.0,4.0,28.09084,101.127025,158.0,98.446803,-7196.3549,-0.010792,-0.515292,0.0,28.090763,0.034861,0.0,7196.808661,13.177888,0.100872,1.0,0.0,0.0,0.0,7165.061188,11.857871,1021.0,3.0,0.0,158.0,-1.016959,34.707328,124.946382,34.705762,0.329798,3.2e-05,0.150619,-1.37554,-0.004253,0.154331,0.3255,0.0,1.0,0.0,0.0,0.0,-9999.0,-9999.0,-9999.0,-9999.0,-9999.0,-9999.0,-9999.0,-9999.0,-9999.0,-9999.0,-9999.0,-9999.0,-9999.0,-9999.0,7.683333800000022,267.406602834619,-1.0130154901921447,299.1786617879706,-1.4381703217411392,-1.4381708440026162,1.3217539421556381,-0.5149859478109349,158.0
P22_AV0_4_interaction,P22,AV0,4,off_ramp,P22_AV0_4,HV4,60,18796,313266.67,313266.6674,4.0,4.0,28.090813,101.126927,158.0,98.914462,-7196.820726,0.009235,-0.527175,0.0,28.090659,0.036551,0.0,7197.274414,13.22549,0.100504,1.0,0.0,0.0,0.0,7165.639557,11.866924,1021.0,3.0,0.0,158.0,-1.039685,34.709567,124.954442,34.707997,0.330142,-3.8e-05,0.138509,-1.375283,-0.004113,0.153546,0.32725,0.002198,1.0,0.0,0.0,0.0,-9999.0,-9999.0,-9999.0,-9999.0,-9999.0,-9999.0,-9999.0,-9999.0,-9999.0,-9999.0,-9999.0,-9999.0,-9999.0,-9999.0,7.700000100000005,267.98459640658456,-1.0357330547034738,299.64632588517685,-1.4162135551840973,-1.4162129735116156,1.31307392272533,-0.5336222275234164,158.0
P22_AV0_4_interaction,P22,AV0,4,off_ramp,P22_AV0_4,HV4,60,18797,313283.33,313283.334,4.0,4.0,28.090667,101.126403,158.0,99.382126,-7197.286565,0.004425,-0.542441,0.0,28.090785,0.038283,0.0,7197.740181,13.272947,0.100127,1.0,0.0,0.0,0.0,7166.21797,11.875594,1021.0,3.0,0.0,158.0,-1.062796,34.711962,124.963062,34.7104,0.329234,-0.000121,0.159663,-1.45294,-0.004853,0.152918,0.329,0.0,1.0,0.0,0.0,0.0,-9999.0,-9999.0,-9999.0,-9999.0,-9999.0,-9999.0,-9999.0,-9999.0,-9999.0,-9999.0,-9999.0,-9999.0,-9999.0,-9999.0,7.716666700000002,268.5626128825254,-1.0588354573727126,300.113995999647,-1.394402338592759,-1.3944022849002304,1.3039667581220016,-0.5415982635204273,158.0
P22_AV0_4_interaction,P22,AV0,4,off_ramp,P22_AV0_4,HV4,60,18798,313300.0,313300.0049,4.0,4.0,28.09073,101.126626,158.0,99.849797,-7197.752419,0.003119,-0.555037,0.0,28.090837,0.040023,0.0,7198.205965,13.320254,0.099742,1.0,0.0,0.0,0.0,7166.796429,11.883862,1021.0,3.0,0.0,158.0,-1.086311,34.714328,124.971581,34.712781,0.32776,-0.000209,0.145465,-1.445721,-0.005453,0.151505,0.33025,0.002198,1.0,0.0,0.0,0.0,-9999.0,-9999.0,-9999.0,-9999.0,-9999.0,-9999.0,-9999.0,-9999.0,-9999.0,-9999.0,-9999.0,-9999.0,-9999.0,-9999.0,7.733337600000028,269.14065321618074,-1.0823417793526513,300.5816748523179,-1.3727418291474274,-1.3727420219641064,1.2950184321912346,-0.5441794559328201,158.0
P22_AV0_4_interaction,P22,AV0,4,off_ramp,P22_AV0_4,HV4,60,18799,313316.67,313316.6668,4.0,4.0,28.090815,101.126935,158.0,100.317476,-7198.21829,-0.002388,-0.567185,0.0,28.090776,0.041737,0.0,7198.671766,13.367408,0.099349,1.0,0.0,0.0,0.0,7167.374931,11.891723,1021.0,3.0,0.0,158.0,-1.110236,34.71658,124.979688,34.71505,0.325904,-0.000299,0.159629,-1.438999,-0.005333,0.150563,0.33025,0.0,1.0,0.0,0.0,0.0,-9999.0,-9999.0,-9999.0,-9999.0,-9999.0,-9999.0,-9999.0,-9999.0,-9999.0,-9999.0,-9999.0,-9999.0,-9999.0,-9999.0,7.749999500000034,269.71871413753667,-1.1062568483773318,301.04936227846645,-1.3512350223224097,-1.3512356177125215,1.285827866609516,-0.5668865378224979,158.0
P22_AV0_4_interaction,P22,AV0,4,off_ramp,P22_AV0_4,HV4,60,18800,313333.33,313333.3341,4.0,4.0,28.090855,101.127078,158.0,100.785164,-7198.684177,0.014844,-0.58029,0.0,28.090809,0.043461,0.0,7199.137581,13.414404,0.09895,1.0,0.0,0.0,0.0,7167.953478,11.899176,1021.0,3.0,0.0,158.0,-1.134569,34.719102,124.988767,34.717593,0.323704,-0.000381,0.166829,-1.430288,-0.004575,0.14915,0.33025,0.0,1.0,0.0,0.0,0.0,-9999.0,-9999.0,-9999.0,-9999.0,-9999.0,-9999.0,-9999.0,-9999.0,-9999.0,-9999.0,-9999.0,-9999.0,-9999.0,-9999.0,7.7666668000000065,270.2967975886682,-1.1305817727535539,301.5170550080789,-1.3298867458517407,-1.329886461036827,1.276124392183732,-0.5825646643270304,158.0
P22_AV0_4_interaction,P22,AV0,4,off_ramp,P22_AV0_4,HV4,60,18801,313350.0,313350.0002,4.0,4.0,28.090748,101.126693,158.0,101.252857,-7199.150079,0.004485,-0.591688,0.0,28.091003,0.045151,0.0,7199.603414,13.461241,0.098543,1.0,0.0,0.0,0.0,7168.532071,11.906225,1021.0,3.0,0.0,158.0,-1.159308,34.721702,124.998128,34.720217,0.321196,-0.000448,0.170618,-1.420022,-0.003612,0.147423,0.33175,0.0,1.0,0.0,0.0,0.0,-9999.0,-9999.0,-9999.0,-9999.0,-9999.0,-9999.0,-9999.0,-9999.0,-9999.0,-9999.0,-9999.0,-9999.0,-9999.0,-9999.0,7.783332900000038,270.874904787697,-1.1553126134232465,301.98475698021457,-1.3086982178577038,-1.3086980414353109,1.266409006535575,-0.5906039927916709,158.0
P22_AV0_4_interaction,P22,AV0,4,off_ramp,P22_AV0_4,HV4,60,18802,313366.67,313366.6667,4.0,4.0,28.090924,101.127327,158.0,101.720559,-7199.615998,0.002502,-0.605114,0.0,28.091045,0.046817,0.0,7200.069266,13.507915,0.098131,1.0,0.0,0.0,0.0,7169.110712,11.912872,1021.0,3.0,0.0,158.0,-1.184452,34.724357,125.007684,34.722897,0.318397,-0.000498,0.173637,-1.40896,-0.002547,0.145696,0.33225,0.0,1.0,0.0,0.0,0.0,-9999.0,-9999.0,-9999.0,-9999.0,-9999.0,-9999.0,-9999.0,-9999.0,-9999.0,-9999.0,-9999.0,-9999.0,-9999.0,-9999.0,7.79999940000003,271.45303784142294,-1.1804474832190088,302.4524689737337,-1.2876734872136968,-1.287673760137113,1.2564380194046905,-0.6047480020370557,158.0
P22_AV0_4_interaction,P22,AV0,4,off_ramp,P22_AV0_4,HV4,60,18803,313383.33,313383.3334,4.0,4.0,28.091031,101.127712,158.0,102.188271,-7200.081937,-0.015996,-0.617877,0.0,28.091036,0.048417,0.0,7200.535135,13.554421,0.097713,1.0,0.0,1.0,0.0,7169.689401,11.91912,1021.0,3.0,0.0,158.0,-1.209996,34.727071,125.017455,34.725639,0.31532,-0.00053,0.176598,-1.397465,-0.001508,0.144126,0.33275,0.0,1.0,0.0,0.0,0.0,-9999.0,-9999.0,-9999.0,-9999.0,-9999.0,-9999.0,-9999.0,-9999.0,-9999.0,-9999.0,-9999.0,-9999.0,-9999.0,-9999.0,7.816666100000031,272.03119691456806,-1.2059833866664902,302.9201887171141,-1.26681743656148,-1.2668169436595,1.246250817840945,-0.6161066185521946,158.0
P22_AV0_4_interaction,P22,AV0,4,off_ramp,P22_AV0_4,HV4,60,18804,313400.0,313400.0008,4.0,4.0,28.091057,101.127805,158.0,102.655992,-7200.547893,-0.011833,-0.630339,0.0,28.090668,0.049967,0.0,7201.00102,13.600758,0.09729,1.0,0.0,1.0,0.0,7170.26814,11.924972,1021.0,3.0,0.0,158.0,-1.235938,34.729724,125.027006,34.728323,0.311981,-0.000545,0.161886,-1.385468,-0.000508,0.142713,0.33375,0.002198,1.0,0.0,0.0,0.0,-9999.0,-9999.0,-9999.0,-9999.0,-9999.0,-9999.0,-9999.0,-9999.0,-9999.0,-9999.0,-9999.0,-9999.0,-9999.0,-9999.0,7.833333500000008,272.6093841688391,-1.2319174381068076,303.3879151569574,-1.2461310094848164,-1.246131117968235,1.235900652945034,-0.626113602642647,158.0
P22_AV0_4_interaction,P22,AV0,4,off_ramp,P22_AV0_4,HV4,60,18805,313416.67,313416.6673,4.0,4.0,28.090893,101.127216,158.0,103.123718,-7201.013864,0.005263,-0.641097,0.0,28.090527,0.051423,0.0,7201.466916,13.64692,0.096862,1.0,0.0,1.0,0.0,7170.846926,11.930433,1021.0,3.0,0.0,158.0,-1.262275,34.732281,125.036213,34.730912,0.308405,-0.000546,0.177055,-1.372482,0.000216,0.141143,0.33375,0.0,1.0,0.0,0.0,0.0,-9999.0,-9999.0,-9999.0,-9999.0,-9999.0,-9999.0,-9999.0,-9999.0,-9999.0,-9999.0,-9999.0,-9999.0,-9999.0,-9999.0,7.85,273.18759688329914,-1.2582444803596518,303.85564297136114,-1.2256199223939117,-1.2256195455348824,1.225380018857443,-0.640148032894075,158.0
P22_AV0_4_interaction,P22,AV0,4,off_ramp,P22_AV0_4,HV4,60,18806,313433.33,313433.3334,4.0,4.0,28.090559,101.126014,158.0,103.591447,-7201.479847,0.002067,-0.656521,0.0,28.090578,0.052822,0.0,7201.932829,13.692906,0.096429,1.0,0.0,1.0,0.0,7171.425759,11.935504,1021.0,3.0,0.0,158.0,-1.289002,34.735121,125.046437,34.733786,0.304597,-0.000535,0.184541,-1.359829,0.000875,0.140044,0.33375,0.0,1.0,0.0,0.0,0.0,-9999.0,-9999.0,-9999.0,-9999.0,-9999.0,-9999.0,-9999.0,-9999.0,-9999.0,-9999.0,-9999.0,-9999.0,-9999.0,-9999.0,7.866666100000031,273.7658351128559,-1.2849635149335945,304.3233780963647,-1.2052855032262637,-1.2052860116903839,1.2145628617466286,-0.6583890552247453,158.0
P22_AV0_4_interaction,P22,AV0,4,off_ramp,P22_AV0_4,HV4,60,18807,313450.0,313450.0009,4.0,4.0,28.09056,101.126016,158.0,104.059182,-7201.945846,-0.007795,-0.670408,0.0,28.090603,0.054127,0.0,7202.39876,13.73871,0.095991,1.0,0.0,1.0,0.0,7172.004642,11.94019,1021.0,3.0,0.0,158.0,-1.316117,34.738037,125.056934,34.736737,0.300606,-0.000516,0.188049,-1.344656,0.00135,0.13816,0.336,0.0,0.0,0.0,0.0,0.0,-9999.0,-9999.0,-9999.0,-9999.0,-9999.0,-9999.0,-9999.0,-9999.0,-9999.0,-9999.0,-9999.0,-9999.0,-9999.0,-9999.0,7.883333600000013,274.3441021275232,-1.3120697140945887,304.7911212010137,-1.185133797838203,-1.1851338083010163,1.2034335152999276,-0.6654195945820831,158.0
P22_AV0_4_interaction,P22,AV0,4,off_ramp,P22_AV0_4,HV4,60,18808,313466.67,313466.6709,4.0,4.0,28.090584,101.126104,158.0,104.526925,-7202.411864,0.001822,-0.682058,0.0,28.090469,0.055382,0.0,7202.864709,13.78433,0.095548,1.0,0.0,1.0,0.0,7172.583577,11.944495,1021.0,3.0,0.0,158.0,-1.343615,34.741005,125.067619,34.73974,0.296451,-0.000489,0.19027,-1.328936,0.001729,0.136276,0.33775,0.0,0.0,0.0,0.0,0.0,-9999.0,-9999.0,-9999.0,-9999.0,-9999.0,-9999.0,-9999.0,-9999.0,-9999.0,-9999.0,-9999.0,-9999.0,-9999.0,-9999.0,7.900003600000055,274.92240014391433,-1.3395591936922677,305.2588721754937,-1.1651668032126379,-1.165166575067331,1.1923794475521277,-0.6761246765013169,158.0
P22_AV0_4_interaction,P22,AV0,4,off_ramp,P22_AV0_4,HV4,60,18809,313483.33,313483.334,4.0,4.0,28.090527,101.125897,158.0,104.994677,-7202.877899,0.000167,-0.694612,0.0,28.090492,0.056573,0.0,7203.330675,13.829763,0.0951,1.0,0.0,1.0,0.0,7173.162563,11.948424,1021.0,3.0,0.0,158.0,-1.371492,34.743998,125.078392,34.74277,0.292127,-0.000458,0.190926,-1.314175,0.002011,0.13502,0.339,0.0,0.0,0.0,0.0,0.0,-9999.0,-9999.0,-9999.0,-9999.0,-9999.0,-9999.0,-9999.0,-9999.0,-9999.0,-9999.0,-9999.0,-9999.0,-9999.0,-9999.0,7.916666700000001,275.5007284380752,-1.3674269063617046,305.7266298565889,-1.1453874599161196,-1.1453880302264658,1.1808963633911134,-0.6935932092605128,158.0
P22_AV0_4_interaction,P22,AV0,4,off_ramp,P22_AV0_4,HV4,60,18810,313500.01,313500.006,4.0,4.0,28.090472,101.1257,158.0,105.462434,-7203.343951,-1.6e-05,-0.706478,0.0,28.090443,0.057708,0.0,7203.79666,13.875004,0.094647,1.0,0.0,1.0,0.0,7173.741601,11.95198,1021.0,3.0,0.0,158.0,-1.399743,34.747003,125.089211,34.745812,0.287667,-0.000422,0.191639,-1.297812,0.002188,0.133293,0.34275,0.0,0.0,0.0,0.0,0.0,-9999.0,-9999.0,-9999.0,-9999.0,-9999.0,-9999.0,-9999.0,-9999.0,-9999.0,-9999.0,-9999.0,-9999.0,-9999.0,-9999.0,7.933338700000022,276.0790881732216,-1.395669911536351,306.1943959667443,-1.1258008702212405,-1.1258013847849626,1.169258369140728,-0.6953792440290343,158.0
P22_AV0_4_interaction,P22,AV0,4,off_ramp,P22_AV0_4,HV4,60,18811,313516.67,313516.6696,4.0,4.0,28.090481,101.125731,158.0,105.930201,-7203.810022,-0.015679,-0.714271,0.0,28.090443,0.058789,0.0,7204.262662,13.920051,0.094188,1.0,0.0,1.0,0.0,7174.320692,11.955168,1021.0,3.0,0.0,158.0,-1.428365,34.750038,125.100135,34.748884,0.283084,-0.000385,0.193249,-1.281409,0.002285,0.131723,0.34375,0.0,0.0,0.0,0.0,0.0,-9999.0,-9999.0,-9999.0,-9999.0,-9999.0,-9999.0,-9999.0,-9999.0,-9999.0,-9999.0,-9999.0,-9999.0,-9999.0,-9999.0,7.950002300000051,276.6574806223836,-1.4242832716667435,306.662168399162,-1.1064089212954986,-1.1064100074774739,1.157715434101,-0.7093179169281285,158.0
P22_AV0_4_interaction,P22,AV0,4,off_ramp,P22_AV0_4,HV4,60,18812,313533.33,313533.3341,4.0,4.0,28.09043,101.125548,158.0,106.397974,-7204.27611,-0.006318,-0.726806,0.0,28.090155,0.059891,0.0,7204.728683,13.964899,0.093723,1.0,0.0,1.0,0.0,7174.899835,11.957993,1021.0,3.0,0.0,158.0,-1.457353,34.753098,125.111154,34.751983,0.278399,-0.000346,0.194345,-1.264267,0.002324,0.129996,0.34375,0.0,0.0,0.0,0.0,0.0,-9999.0,-9999.0,-9999.0,-9999.0,-9999.0,-9999.0,-9999.0,-9999.0,-9999.0,-9999.0,-9999.0,-9999.0,-9999.0,-9999.0,7.966666800000007,277.23590506160707,-1.4532619393879536,307.12994887628616,-1.0872167154114416,-1.0872169397923934,1.145618120766919,-0.7302029656637856,158.0
P22_AV0_4_interaction,P22,AV0,4,off_ramp,P22_AV0_4,HV4,60,18813,313550.0,313550.0007,4.0,4.0,28.090299,101.125076,158.0,106.865755,-7204.742217,0.007143,-0.733729,0.0,28.09011,0.060943,0.0,7205.194719,14.009547,0.093253,1.0,0.0,1.0,0.0,7175.479031,11.960459,1021.0,3.0,0.0,158.0,-1.486701,34.756182,125.122256,34.755105,0.27363,-0.000307,0.195509,-1.246444,0.002319,0.128112,0.34525,0.0,0.0,0.0,0.0,0.0,-9999.0,-9999.0,-9999.0,-9999.0,-9999.0,-9999.0,-9999.0,-9999.0,-9999.0,-9999.0,-9999.0,-9999.0,-9999.0,-9999.0,7.983333400000003,277.81436270901463,-1.482601975641944,307.5977333492428,-1.0682250314297066,-1.0682253210198498,1.1333769480979328,-0.7374310578363108,158.0
P22_AV0_4_interaction,P22,AV0,4,off_ramp,P22_AV0_4,HV4,60,18814,313566.67,313566.6672,4.0,4.0,28.090089,101.12432,158.0,107.333539,-7205.208339,0.000404,-0.742552,0.0,28.090186,0.062028,0.0,7205.660775,14.053992,0.092777,1.0,0.0,1.0,0.0,7176.058279,11.962571,1021.0,3.0,0.0,158.0,-1.516406,34.759294,125.133458,34.758254,0.268802,-0.000269,0.19671,-1.227255,0.002284,0.125757,0.346,0.0,0.0,0.0,0.0,0.0,-9999.0,-9999.0,-9999.0,-9999.0,-9999.0,-9999.0,-9999.0,-9999.0,-9999.0,-9999.0,-9999.0,-9999.0,-9999.0,-9999.0,7.999999900000054,278.39285284065375,-1.512298333063889,308.0655266457669,-1.0494371393631057,-1.049437971418754,1.1210372581644705,-0.7444421078687995,158.0
P22_AV0_4_interaction,P22,AV0,4,off_ramp,P22_AV0_4,HV4,60,18815,313583.33,313583.3343,4.0,4.0,28.090156,101.124562,158.0,107.801332,-7205.67448,-0.011006,-0.752298,0.0,28.090101,0.063109,0.0,7206.126851,14.098231,0.092296,1.0,0.0,1.0,0.0,7176.63758,11.964336,1021.0,3.0,0.0,158.0,-1.546461,34.762421,125.144717,34.76142,0.263916,-0.000232,0.197046,-1.20822,0.002185,0.123559,0.3475,0.0,0.0,0.0,0.0,0.0,-9999.0,-9999.0,-9999.0,-9999.0,-9999.0,-9999.0,-9999.0,-9999.0,-9999.0,-9999.0,-9999.0,-9999.0,-9999.0,-9999.0,8.016667000000016,278.97137683936927,-1.5423440771214014,308.5333286011345,-1.0308560346858915,-1.0308571209292055,1.108562007787011,-0.7510851727415044,158.0
P22_AV0_4_interaction,P22,AV0,4,off_ramp,P22_AV0_4,HV4,60,18816,313600.0,313600.0011,4.0,4.0,28.090175,101.124629,158.0,108.269135,-7206.140642,-0.000515,-0.759762,0.0,28.089916,0.0642,0.0,7206.592944,14.142261,0.09181,1.0,0.0,1.0,0.0,7177.216934,11.965757,1021.0,3.0,0.0,158.0,-1.576861,34.765561,125.156018,34.764596,0.258985,-0.000197,0.197988,-1.188242,0.002057,0.121047,0.3485,0.0,0.0,0.0,0.0,0.0,-9999.0,-9999.0,-9999.0,-9999.0,-9999.0,-9999.0,-9999.0,-9999.0,-9999.0,-9999.0,-9999.0,-9999.0,-9999.0,-9999.0,8.033333800000023,279.5499348698851,-1.5727362123402289,309.0011360551489,-1.012484548149335,-1.01248527255143,1.0960006616785982,-0.7578792817711459,158.0
P22_AV0_4_interaction,P22,AV0,4,off_ramp,P22_AV0_4,HV4,60,18817,313616.67,313616.6673,4.0,4.0,28.089995,101.123983,158.0,108.736943,-7206.606821,0.001219,-0.76707,0.0,28.089879,0.065308,0.0,7207.059055,14.186081,0.091319,1.0,0.0,1.0,0.0,7177.796342,11.966841,1021.0,3.0,0.0,158.0,-1.607602,34.768744,125.167478,34.767816,0.254038,-0.000164,0.200882,-1.16589,0.001884,0.117593,0.35,0.0,0.0,0.0,0.0,0.0,-9999.0,-9999.0,-9999.0,-9999.0,-9999.0,-9999.0,-9999.0,-9999.0,-9999.0,-9999.0,-9999.0,-9999.0,-9999.0,-9999.0,8.05,280.128528315045,-1.6034678041879409,309.4689499513933,-0.9943237331525331,-0.9943241233119181,1.083299622733108,-0.7699107757020585,158.0
P22_AV0_4_interaction,P22,AV0,4,off_ramp,P22_AV0_4,HV4,60,18818,313633.33,313633.334,4.0,4.0,28.089896,101.123627,158.0,109.204757,-7207.073017,-0.003732,-0.771907,0.0,28.089888,0.06641,0.0,7207.525186,14.229689,0.090823,1.0,0.0,1.0,0.0,7178.375802,11.967593,1021.0,3.0,0.0,158.0,-1.638677,34.771983,125.179138,34.771091,0.24903,-0.000134,0.203836,-1.146342,0.001683,0.115395,0.35,0.0,0.0,0.0,0.0,0.0,-9999.0,-9999.0,-9999.0,-9999.0,-9999.0,-9999.0,-9999.0,-9999.0,-9999.0,-9999.0,-9999.0,-9999.0,-9999.0,-9999.0,8.0666667,280.7071554524058,-1.634533750392036,309.93677217703595,-0.976375696493776,-0.9763757609567927,1.0703372949559977,-0.7722171870144479,158.0
P22_AV0_4_interaction,P22,AV0,4,off_ramp,P22_AV0_4,HV4,60,18819,313650.0,313650.0048,4.0,4.0,28.089873,101.123544,158.0,109.672579,-7207.539232,0.002504,-0.777568,0.0,28.089806,0.067555,0.0,7207.991336,14.273084,0.090324,1.0,0.0,1.0,0.0,7178.955317,11.968018,1021.0,3.0,0.0,158.0,-1.67008,34.775278,125.191001,34.774422,0.244021,-0.000108,0.207511,-1.12183,0.00148,0.111156,0.35075,0.0,0.0,0.0,0.0,0.0,-9999.0,-9999.0,-9999.0,-9999.0,-9999.0,-9999.0,-9999.0,-9999.0,-9999.0,-9999.0,-9999.0,-9999.0,-9999.0,-9999.0,8.083337500000024,281.28581955198035,-1.66592922321843,310.4046016786773,-0.958641381756791,-0.9586418075587158,1.0575558775381424,-0.7694357306856858,158.0
P22_AV0_4_interaction,P22,AV0,4,off_ramp,P22_AV0_4,HV4,60,18820,313666.67,313666.6674,4.0,4.0,28.089841,101.123427,158.0,110.140409,-7208.005468,0.010764,-0.785257,0.0,28.089857,0.068667,0.0,7208.457505,14.316263,0.089823,1.0,0.0,1.0,0.0,7179.534887,11.968124,1021.0,3.0,0.0,158.0,-1.701806,34.77866,125.203175,34.777838,0.238986,-8.5e-05,0.21231,-1.097967,0.001287,0.107231,0.3515,0.0,0.0,0.0,0.0,0.0,-9999.0,-9999.0,-9999.0,-9999.0,-9999.0,-9999.0,-9999.0,-9999.0,-9999.0,-9999.0,-9999.0,-9999.0,-9999.0,-9999.0,8.100000100000004,281.86452105302925,-1.6976462347355932,310.8724382915943,-0.9411237844158823,-0.9411237259263634,1.0446894309092478,-0.7821604198931666,158.0
P22_AV0_4_interaction,P22,AV0,4,off_ramp,P22_AV0_4,HV4,60,18821,313683.33,313683.3343,4.0,4.0,28.08981,101.123317,158.0,110.608246,-7208.471722,0.006971,-0.788038,0.0,28.090007,0.069738,0.0,7208.923696,14.359227,0.089318,1.0,0.0,1.0,0.0,7180.114513,11.967916,1021.0,3.0,0.0,158.0,-1.733848,34.782104,125.215574,34.781317,0.233891,-6.5e-05,0.214807,-1.075409,0.001117,0.103934,0.35225,0.0,0.0,0.0,0.0,0.0,-9999.0,-9999.0,-9999.0,-9999.0,-9999.0,-9999.0,-9999.0,-9999.0,-9999.0,-9999.0,-9999.0,-9999.0,-9999.0,-9999.0,8.116667000000016,282.4432612285837,-1.7296798473941144,311.3402850661681,-0.923822070702644,-0.9238228883857676,1.0314867759394204,-0.7899824744768082,158.0
P22_AV0_4_interaction,P22,AV0,4,off_ramp,P22_AV0_4,HV4,60,18822,313700.0,313700.0008,4.0,4.0,28.08993,101.123749,158.0,111.076093,-7208.937997,-0.003698,-0.794613,0.0,28.089995,0.07078,0.0,7209.389909,14.401972,0.088812,1.0,0.0,1.0,0.0,7180.694196,11.9674,1021.0,3.0,0.0,158.0,-1.766201,34.78558,125.228088,34.784828,0.228765,-4.8e-05,0.21631,-1.049348,0.000972,0.099224,0.3535,0.0,0.0,0.0,0.0,0.0,-9999.0,-9999.0,-9999.0,-9999.0,-9999.0,-9999.0,-9999.0,-9999.0,-9999.0,-9999.0,-9999.0,-9999.0,-9999.0,-9999.0,8.133333500000008,283.0220414065798,-1.7620241251529971,311.80814178276984,-0.9067402345829209,-0.9067407593901678,1.0183566273619533,-0.7909038779177635,158.0
P22_AV0_4_interaction,P22,AV0,4,off_ramp,P22_AV0_4,HV4,60,18823,313716.67,313716.6668,4.0,4.0,28.090048,101.124172,158.0,111.54395,-7209.404294,0.009601,-0.795809,0.0,28.089972,0.071814,0.0,7209.856141,14.444498,0.088304,1.0,0.0,0.0,0.0,7181.273937,11.966584,1021.0,3.0,0.0,158.0,-1.798857,34.789096,125.240744,34.788377,0.223627,-3.2e-05,0.218431,-1.020213,0.000855,0.093258,0.354,0.0,0.0,0.0,0.0,0.0,-9999.0,-9999.0,-9999.0,-9999.0,-9999.0,-9999.0,-9999.0,-9999.0,-9999.0,-9999.0,-9999.0,-9999.0,-9999.0,-9999.0,8.149999500000034,283.60086302477083,-1.7946711349884703,312.2760054459232,-0.8898781113335282,-0.8898785095229444,1.005123975515751,-0.796388247243538,158.0
P22_AV0_4_interaction,P22,AV0,4,off_ramp,P22_AV0_4,HV4,60,18824,313733.33,313733.3336,4.0,4.0,28.089947,101.123809,158.0,112.011814,-7209.870611,0.003321,-0.800969,0.0,28.090072,0.072807,0.0,7210.322394,14.486804,0.087796,1.0,0.0,0.0,0.0,7181.853735,11.965474,1021.0,3.0,0.0,229.0,1.793191,34.792649,125.253535,34.791963,0.218393,-1.9e-05,0.220418,-0.99455,0.000752,0.088862,0.354,0.0,0.0,0.0,0.0,0.0,-9999.0,-9999.0,-9999.0,-9999.0,-9999.0,-9999.0,-9999.0,-9999.0,-9999.0,-9999.0,-9999.0,-9999.0,-9999.0,-9999.0,8.16666630000004,284.1797254141121,-1.827614831044266,312.7438779977041,-0.8732368092613191,-0.8732371735816995,0.9918107733583135,-0.7993552634992298,158.0
P22_AV0_4_interaction,P22,AV0,4,off_ramp,P22_AV0_4,HV4,60,18825,313750.0,313750.0006,4.0,4.0,28.090034,101.124123,158.0,112.479687,-7210.336948,0.00528,-0.802181,0.0,28.090116,0.073718,0.0,7210.788668,14.528889,0.087288,1.0,0.0,0.0,0.0,7182.433592,11.964077,1021.0,3.0,0.0,229.0,1.759949,34.796247,125.26649,34.795594,0.213129,-7e-06,0.222889,-0.961636,0.000658,0.081483,0.35475,0.0,0.0,0.0,0.0,0.0,-9999.0,-9999.0,-9999.0,-9999.0,-9999.0,-9999.0,-9999.0,-9999.0,-9999.0,-9999.0,-9999.0,-9999.0,-9999.0,-9999.0,8.183333300000056,284.75863095594104,-1.8608483336957684,313.21175938320573,-0.8568173268577806,-0.856817690230525,0.9784784268054914,-0.8008370050021902,158.0
P22_AV0_4_interaction,P22,AV0,4,off_ramp,P22_AV0_4,HV4,60,18826,313766.67,313766.6673,4.0,4.0,28.090082,101.124294,158.0,112.947569,-7210.803305,0.00901,-0.80751,0.0,28.090179,0.074594,0.0,7211.254963,14.570752,0.08678,1.0,0.0,0.0,0.0,7183.013508,11.962402,1021.0,3.0,0.0,229.0,1.726426,34.799889,125.279601,34.799269,0.20776,4e-06,0.225171,-0.931025,0.000576,0.075203,0.35575,0.0,0.0,0.0,0.0,0.0,-9999.0,-9999.0,-9999.0,-9999.0,-9999.0,-9999.0,-9999.0,-9999.0,-9999.0,-9999.0,-9999.0,-9999.0,-9999.0,-9999.0,8.2,285.33758014442503,-1.8943626565199605,313.6796495475195,-0.8406206626142998,-0.8406208632436454,0.965115913432026,-0.8030054285290831,158.0
P22_AV0_4_interaction,P22,AV0,4,off_ramp,P22_AV0_4,HV4,60,18827,313783.33,313783.334,4.0,4.0,28.090142,101.124511,158.0,113.415459,-7211.269684,0.006255,-0.807097,0.0,28.090264,0.075376,0.0,7211.72128,14.612393,0.086272,1.0,0.0,0.0,0.0,7183.593484,11.960457,1021.0,3.0,0.0,229.0,1.692629,34.803578,125.292879,34.802989,0.202347,1.3e-05,0.227272,-0.891663,0.000508,0.065312,0.35575,0.0,0.0,0.0,0.0,0.0,-9999.0,-9999.0,-9999.0,-9999.0,-9999.0,-9999.0,-9999.0,-9999.0,-9999.0,-9999.0,-9999.0,-9999.0,-9999.0,-9999.0,8.216666700000001,285.9165744173183,-1.9281498664931316,314.1475494891362,-0.8246468714385349,-0.8246470954417839,0.9517115256542041,-0.8054472041673009,158.0
P22_AV0_4_interaction,P22,AV0,4,off_ramp,P22_AV0_4,HV4,60,18828,313800.0,313800.0006,4.0,4.0,28.090236,101.124849,158.0,113.883359,-7211.736083,0.00284,-0.810521,0.0,28.090286,0.076109,0.0,7212.187617,14.653811,0.085767,1.0,0.0,0.0,0.0,7184.17352,11.958249,1021.0,3.0,0.0,229.0,1.658568,34.807292,125.306253,34.806736,0.196766,2.1e-05,0.228261,-0.856663,0.000446,0.057462,0.357,0.0,0.0,0.0,0.0,0.0,-9999.0,-9999.0,-9999.0,-9999.0,-9999.0,-9999.0,-9999.0,-9999.0,-9999.0,-9999.0,-9999.0,-9999.0,-9999.0,-9999.0,8.233333300000057,286.4956141589747,-1.9622029741752312,314.61545715616654,-0.8088968420065996,-0.808897176102981,0.9382677003784181,-0.8072977627634899,158.0
P22_AV0_4_interaction,P22,AV0,4,off_ramp,P22_AV0_4,HV4,60,18829,313816.67,313816.6674,4.0,4.0,28.090298,101.125073,158.0,114.351267,-7212.202504,-0.004887,-0.812387,0.0,28.090274,0.07677,0.0,7212.653974,14.695005,0.085262,1.0,0.0,0.0,0.0,7184.753617,11.95579,1021.0,3.0,0.0,229.0,1.624252,34.811034,125.319721,34.810509,0.191107,2.9e-05,0.229544,-0.809132,0.000391,0.044431,0.357,0.0,0.0,0.0,0.0,0.0,-9999.0,-9999.0,-9999.0,-9999.0,-9999.0,-9999.0,-9999.0,-9999.0,-9999.0,-9999.0,-9999.0,-9999.0,-9999.0,-9999.0,8.250000100000005,287.07470102677746,-1.996510052576704,315.0833724937027,-0.7933715728099276,-0.7933714455704972,0.9248015461428913,-0.8080930516954155,158.0
P22_AV0_4_interaction,P22,AV0,4,off_ramp,P22_AV0_4,HV4,60,18830,313833.33,313833.3341,4.0,4.0,28.090292,101.12505,158.0,114.819183,-7212.668944,-0.005116,-0.811485,0.0,28.090114,0.077329,0.0,7213.120351,14.735976,0.08476,1.0,0.0,0.0,0.0,7185.333776,11.953089,1021.0,3.0,0.0,229.0,1.589692,34.814802,125.333286,34.814309,0.185158,3.5e-05,0.230828,-0.77081,0.000332,0.035639,0.357,0.0,0.0,0.0,0.0,0.0,-9999.0,-9999.0,-9999.0,-9999.0,-9999.0,-9999.0,-9999.0,-9999.0,-9999.0,-9999.0,-9999.0,-9999.0,-9999.0,-9999.0,8.266666800000007,287.65383651338755,-2.0310621701823566,315.55129555665155,-0.7780700653570318,-0.7780703024177116,0.9113311306658218,-0.8096967846995966,158.0
P22_AV0_4_interaction,P22,AV0,4,off_ramp,P22_AV0_4,HV4,60,18831,313850.0,313850.0001,4.0,4.0,28.090215,101.124773,158.0,115.287105,-7213.135403,-0.000767,-0.815597,0.0,28.090009,0.077821,0.0,7213.586744,14.776722,0.084261,1.0,0.0,0.0,0.0,7185.913995,11.950157,1021.0,3.0,0.0,229.0,1.554897,34.818601,125.346963,34.818141,0.178989,4.1e-05,0.232493,-0.720735,0.000266,0.022137,0.357,0.0,0.0,0.0,0.0,0.0,-9999.0,-9999.0,-9999.0,-9999.0,-9999.0,-9999.0,-9999.0,-9999.0,-9999.0,-9999.0,-9999.0,-9999.0,-9999.0,-9999.0,8.283332800000032,288.233019225806,-2.065848233770975,316.0192222412333,-0.7629940970000935,-0.7629943089616545,0.897812168190331,-0.8120679626096106,158.0
P22_AV0_4_interaction,P22,AV0,4,off_ramp,P22_AV0_4,HV4,60,18832,313866.67,313866.6669,4.0,4.0,28.090053,101.124191,158.0,115.755033,-7213.601879,0.002563,-0.815475,0.0,28.089982,0.078216,0.0,7214.053155,14.817243,0.083763,1.0,0.0,0.0,0.0,7186.494277,11.947005,1021.0,3.0,0.0,229.0,1.519879,34.822436,125.36077,34.822009,0.17239,4.5e-05,0.234237,-0.680158,0.000196,0.013188,0.3575,0.0,0.0,0.0,0.0,0.0,-9999.0,-9999.0,-9999.0,-9999.0,-9999.0,-9999.0,-9999.0,-9999.0,-9999.0,-9999.0,-9999.0,-9999.0,-9999.0,-9999.0,8.299999600000039,288.8122527634928,-2.100857424659917,316.4871545444288,-0.7481437775543824,-0.7481437198318852,0.8842626302452601,-0.8130589360144569,158.0
P22_AV0_4_interaction,P22,AV0,4,off_ramp,P22_AV0_4,HV4,60,18833,313883.33,313883.3335,4.0,4.0,28.089984,101.123942,158.0,116.222966,-7214.068372,0.003186,-0.815863,0.0,28.089955,0.078516,0.0,7214.519586,14.85754,0.083268,1.0,0.0,0.0,0.0,7187.074621,11.943645,1021.0,3.0,0.0,229.0,1.48465,34.826204,125.374333,34.825811,0.165374,4.9e-05,0.218659,-0.633229,0.000182,0.002041,0.3575,0.002198,0.0,0.0,0.0,0.0,-9999.0,-9999.0,-9999.0,-9999.0,-9999.0,-9999.0,-9999.0,-9999.0,-9999.0,-9999.0,-9999.0,-9999.0,-9999.0,-9999.0,8.316666200000036,289.3915367868485,-2.1360777060442553,316.95509451813103,-0.7335182183439775,-0.7335188262964144,0.8707101494898488,-0.8133019212079198,158.0
P22_AV0_4_interaction,P22,AV0,4,off_ramp,P22_AV0_4,HV4,60,18834,313900.0,313900.0006,4.0,4.0,28.089985,101.123945,158.0,116.690906,-7214.534885,-0.006373,-0.814252,0.0,28.089888,0.078745,0.0,7214.986036,14.897611,0.082776,1.0,0.0,0.0,0.0,7187.655027,11.940087,1021.0,3.0,0.0,229.0,1.44922,34.829838,125.387416,34.82948,0.15787,5.1e-05,0.231045,-0.587471,3.5e-05,-0.008007,0.358,0.0,0.0,0.0,0.0,0.0,-9999.0,-9999.0,-9999.0,-9999.0,-9999.0,-9999.0,-9999.0,-9999.0,-9999.0,-9999.0,-9999.0,-9999.0,-9999.0,-9999.0,8.333333300000056,289.97087184495,-2.171499093009639,317.4230410540311,-0.7191193614439484,-0.7191197357088946,0.8571522678444516,-0.8232008226180483,158.0
P22_AV0_4_interaction,P22,AV0,4,off_ramp,P22_AV0_4,HV4,60,18835,313916.67,313916.6673,4.0,4.0,28.089963,101.123867,158.0,117.158852,-7215.001416,0.023434,-0.816131,0.0,28.089899,0.078933,0.0,7215.452503,14.937456,0.082286,1.0,0.0,0.0,0.0,7188.235493,11.936343,1021.0,3.0,0.0,229.0,1.413601,34.833716,125.401378,34.833394,0.149799,5.1e-05,0.236421,-0.543693,-2.4e-05,-0.016485,0.35825,0.0,0.0,0.0,0.0,0.0,-9999.0,-9999.0,-9999.0,-9999.0,-9999.0,-9999.0,-9999.0,-9999.0,-9999.0,-9999.0,-9999.0,-9999.0,-9999.0,-9999.0,8.35,290.55025659970704,-2.2071094938434768,317.8909921551473,-0.7049470970389684,-0.7049466786140717,0.84326974570806,-0.8137580031617659,158.0
P22_AV0_4_interaction,P22,AV0,4,off_ramp,P22_AV0_4,HV4,60,18836,313933.35,313933.3472,4.0,4.0,28.089816,101.123338,158.0,117.626804,-7215.467965,-0.002839,-0.817156,0.0,28.090141,0.079026,0.0,7215.918992,14.977077,0.081798,1.0,0.0,0.0,0.0,7188.816021,11.932426,1021.0,3.0,0.0,229.0,1.377806,34.837637,125.415494,34.837351,0.141156,5e-05,0.237865,-0.498229,-0.000124,-0.024963,0.35825,0.0,0.0,0.0,0.0,0.0,-9999.0,-9999.0,-9999.0,-9999.0,-9999.0,-9999.0,-9999.0,-9999.0,-9999.0,-9999.0,-9999.0,-9999.0,-9999.0,-9999.0,8.366679900000047,291.1296937619013,-2.2428960379724447,318.358952923751,-0.6909997026845749,-0.690999744637278,0.8300167120766666,-0.7942682944445814,158.0
P22_AV0_4_interaction,P22,AV0,4,off_ramp,P22_AV0_4,HV4,60,18837,313950.0,313950.0007,4.0,4.0,28.090076,101.124274,158.0,118.094764,-7215.934535,0.000672,-0.817037,0.0,28.090063,0.079049,0.0,7216.385502,15.016472,0.081312,1.0,0.0,0.0,0.0,7189.396614,11.928347,1021.0,3.0,0.0,229.0,1.341846,34.841578,125.429682,34.841328,0.131988,4.9e-05,0.238774,-0.441144,-0.000133,-0.037837,0.35825,0.0,0.0,0.0,0.0,0.0,-9999.0,-9999.0,-9999.0,-9999.0,-9999.0,-9999.0,-9999.0,-9999.0,-9999.0,-9999.0,-9999.0,-9999.0,-9999.0,-9999.0,8.383333400000003,291.7091869309936,-2.278847906713943,318.82692225153704,-0.6772791204560196,-0.6772790758498286,0.8167940680193659,-0.8158713116351777,158.0
P22_AV0_4_interaction,P22,AV0,4,off_ramp,P22_AV0_4,HV4,60,18838,313966.67,313966.6667,4.0,4.0,28.090099,101.124357,158.0,118.562734,-7216.401126,0.008952,-0.816477,0.0,28.090078,0.079024,0.0,7216.85203,15.055642,0.080828,1.0,0.0,0.0,0.0,7189.977271,11.92412,1021.0,3.0,0.0,229.0,1.305733,34.845546,125.443964,34.845332,0.122097,4.6e-05,0.239974,-0.41176,-0.000165,-0.037837,0.35825,0.0,0.0,0.0,0.0,0.0,-9999.0,-9999.0,-9999.0,-9999.0,-9999.0,-9999.0,-9999.0,-9999.0,-9999.0,-9999.0,-9999.0,-9999.0,-9999.0,-9999.0,8.399999400000029,292.2887358771982,-2.3149510662800745,319.29489719793764,-0.6637841871387486,-0.6637847521778371,0.8028317405678287,-0.8252934142670156,158.0
P22_AV0_4_interaction,P22,AV0,4,off_ramp,P22_AV0_4,HV4,60,18839,313983.34,313983.3357,4.0,4.0,28.09005,101.12418,158.0,119.030709,-7216.867735,-0.000526,-0.815888,0.0,28.090132,0.078961,0.0,7217.318578,15.094586,0.080346,1.0,0.0,0.0,0.0,7190.557994,11.919755,1021.0,3.0,0.0,229.0,1.26948,34.849432,125.457954,34.849253,0.111601,4.4e-05,0.223704,-0.36728,-0.000102,-0.043646,0.35875,0.002198,0.0,0.0,0.0,0.0,-9999.0,-9999.0,-9999.0,-9999.0,-9999.0,-9999.0,-9999.0,-9999.0,-9999.0,-9999.0,-9999.0,-9999.0,-9999.0,-9999.0,8.416668400000024,292.8683431465763,-2.351195641571963,319.7628797050288,-0.6505160110396044,-0.6505167209420923,0.7892829869399591,-0.8119250058086003,158.0
P22_AV0_4_interaction,P22,AV0,4,off_ramp,P22_AV0_4,HV4,60,18840,314000.0,314000.0006,4.0,4.0,28.090134,101.124483,158.0,119.498692,-7217.334363,0.0018,-0.815112,0.0,28.090101,0.078866,0.0,7217.785145,15.133304,0.079866,1.0,0.0,0.0,0.0,7191.138779,11.915265,1021.0,3.0,0.0,229.0,1.233098,34.853174,125.471426,34.853029,0.100513,4.2e-05,0.235474,-0.326292,-0.000167,-0.047257,0.35825,0.0,0.0,0.0,0.0,0.0,-9999.0,-9999.0,-9999.0,-9999.0,-9999.0,-9999.0,-9999.0,-9999.0,-9999.0,-9999.0,-9999.0,-9999.0,-9999.0,-9999.0,8.433333300000056,293.4480054589618,-2.387568432570161,320.23086877431774,-0.6374745372508361,-0.6374748171891012,0.7757671063489475,-0.8128947598150127,158.0
P22_AV0_4_interaction,P22,AV0,4,off_ramp,P22_AV0_4,HV4,60,18841,314016.67,314016.6674,4.0,4.0,28.090109,101.124393,158.0,119.966681,-7217.801009,0.002088,-0.813119,0.0,28.090097,0.078759,0.0,7218.25173,15.171797,0.079386,1.0,0.0,0.0,0.0,7191.719627,11.910661,1021.0,3.0,0.0,229.0,1.1966,34.857143,125.485714,34.857029,0.088905,4e-05,0.239769,-0.283114,-0.000138,-0.051182,0.35925,0.0,0.0,0.0,0.0,0.0,-9999.0,-9999.0,-9999.0,-9999.0,-9999.0,-9999.0,-9999.0,-9999.0,-9999.0,-9999.0,-9999.0,-9999.0,-9999.0,-9999.0,8.450000100000004,294.0277244168311,-2.4240585107766,320.6988634622223,-0.624658712373395,-0.6246591104391764,0.7621878156212212,-0.8132754739804327,158.0
P22_AV0_4_interaction,P22,AV0,4,off_ramp,P22_AV0_4,HV4,60,18842,314033.33,314033.3334,4.0,4.0,28.090098,101.124352,158.0,120.434676,-7218.267674,-0.01334,-0.810498,0.0,28.089934,0.078658,0.0,7218.718333,15.210065,0.078909,1.0,0.0,0.0,0.0,7192.30054,11.905957,1021.0,3.0,0.0,229.0,1.159998,34.86104,125.499745,34.860956,0.076825,3.8e-05,0.223818,-0.240518,-8.6e-05,-0.054322,0.35925,0.002198,0.0,0.0,0.0,0.0,-9999.0,-9999.0,-9999.0,-9999.0,-9999.0,-9999.0,-9999.0,-9999.0,-9999.0,-9999.0,-9999.0,-9999.0,-9999.0,-9999.0,8.466666100000031,294.60750278587363,-2.460652007126512,321.1668637687414,-0.6120685364072239,-0.6120689523713406,0.7486583552692068,-0.8113469987954964,158.0
P22_AV0_4_interaction,P22,AV0,4,off_ramp,P22_AV0_4,HV4,60,18843,314050.0,314050.0005,4.0,4.0,28.090096,101.124345,158.0,120.902677,-7218.734357,0.003611,-0.807381,0.0,28.089749,0.078528,0.0,7219.184951,15.248108,0.078432,1.0,0.0,1.0,0.0,7192.881517,11.901165,1021.0,3.0,0.0,229.0,1.123304,34.864701,125.512924,34.864642,0.064349,3.7e-05,0.219357,-0.196442,-6.7e-05,-0.057619,0.3595,0.002198,0.0,0.0,0.0,0.0,-9999.0,-9999.0,-9999.0,-9999.0,-9999.0,-9999.0,-9999.0,-9999.0,-9999.0,-9999.0,-9999.0,-9999.0,-9999.0,-9999.0,8.483333200000052,295.1873402264909,-2.497336884815026,321.63486669840165,-0.5997038446292953,-0.5997040215365708,0.7351431059724725,-0.8112163527037239,158.0
P22_AV0_4_interaction,P22,AV0,4,off_ramp,P22_AV0_4,HV4,60,18844,314066.67,314066.6676,4.0,4.0,28.089805,101.123298,158.0,121.37068,-7219.201054,0.011068,-0.803459,0.0,28.089826,0.078407,0.0,7219.651586,15.285928,0.077957,1.0,0.0,1.0,0.0,7193.462554,11.896298,1021.0,3.0,0.0,229.0,1.086532,34.868412,125.526281,34.868373,0.051873,2.9e-05,0.235945,-0.124035,-0.000416,-0.061073,0.361,0.0,0.0,0.0,0.0,0.0,-9999.0,-9999.0,-9999.0,-9999.0,-9999.0,-9999.0,-9999.0,-9999.0,-9999.0,-9999.0,-9999.0,-9999.0,-9999.0,-9999.0,8.500000300000014,295.7672334585175,-2.5340999438227394,322.1028743580002,-0.5875627498720617,-0.5875635450482449,0.7216171071249242,-0.8041635276735413,158.0
P22_AV0_4_interaction,P22,AV0,4,off_ramp,P22_AV0_4,HV4,60,18845,314083.34,314083.3387,4.0,4.0,28.089761,101.12314,158.0,121.838687,-7219.667768,-0.000449,-0.800742,0.0,28.08994,0.078302,0.0,7220.11824,15.323524,0.077484,1.0,0.0,1.0,0.0,7194.043654,11.891372,1021.0,3.0,0.0,229.0,1.049699,34.872405,125.540657,34.872383,0.039044,1.8e-05,0.240573,-0.076113,-0.000877,-0.064684,0.362,0.0,0.0,0.0,0.0,0.0,-9999.0,-9999.0,-9999.0,-9999.0,-9999.0,-9999.0,-9999.0,-9999.0,-9999.0,-9999.0,-9999.0,-9999.0,-9999.0,-9999.0,8.51667140000005,296.34718635595107,-2.5709253730097785,322.5708886896128,-0.5756463604423798,-0.5756466604426903,0.708333800463695,-0.7952102534475607,158.0
P22_AV0_4_interaction,P22,AV0,4,off_ramp,P22_AV0_4,HV4,60,18846,314100.0,314100.0006,4.0,4.0,28.0899,101.12364,158.0,122.306702,-7220.1345,0.000966,-0.795491,0.0,28.089928,0.078205,0.0,7220.584913,15.360899,0.077012,1.0,0.0,1.0,0.0,7194.624819,11.886403,1021.0,3.0,0.0,229.0,1.012818,34.876418,125.555103,34.876408,0.02588,0.0,0.240894,-0.026388,-0.001173,-0.068609,0.36325,0.0,0.0,0.0,0.0,0.0,-9999.0,-9999.0,-9999.0,-9999.0,-9999.0,-9999.0,-9999.0,-9999.0,-9999.0,-9999.0,-9999.0,-9999.0,-9999.0,-9999.0,8.533333300000056,296.92720179429637,-2.60779730632852,323.0389098579626,-0.5639516808659454,-0.5639525351102578,0.6951103347526271,-0.7975588539666632,158.0
P22_AV0_4_interaction,P22,AV0,4,off_ramp,P22_AV0_4,HV4,60,18847,314116.67,314116.6669,4.0,4.0,28.089919,101.123709,158.0,122.774723,-7220.601252,0.002013,-0.793208,0.0,28.089901,0.078129,0.0,7221.051603,15.398052,0.076543,1.0,0.0,1.0,0.0,7195.206051,11.881405,1021.0,3.0,0.0,229.0,0.975905,34.880431,125.569553,34.880429,0.012435,-2e-05,0.240785,0.0246,-0.001277,-0.072691,0.36375,0.0,0.0,0.0,0.0,0.0,-9999.0,-9999.0,-9999.0,-9999.0,-9999.0,-9999.0,-9999.0,-9999.0,-9999.0,-9999.0,-9999.0,-9999.0,-9999.0,-9999.0,8.549999600000039,297.5072825392455,-2.644701874714336,323.5069358111592,-0.5524795998188189,-0.5524799434854654,0.6817525649317737,-0.7958432898539272,158.0
P22_AV0_4_interaction,P22,AV0,4,off_ramp,P22_AV0_4,HV4,60,18848,314133.33,314133.3337,4.0,4.0,28.089919,101.123708,158.0,123.24275,-7221.068021,-0.001063,-0.786711,0.0,28.089905,0.078051,0.0,7221.518311,15.434986,0.076075,1.0,0.0,1.0,0.0,7195.787349,11.876392,1021.0,3.0,0.0,229.0,0.938973,34.884345,125.583641,34.884345,-0.001203,-4.1e-05,0.223853,0.079804,-0.001205,-0.078186,0.3645,0.002198,0.0,0.0,0.0,0.0,-9999.0,-9999.0,-9999.0,-9999.0,-9999.0,-9999.0,-9999.0,-9999.0,-9999.0,-9999.0,-9999.0,-9999.0,-9999.0,-9999.0,8.566666400000045,298.0874283610136,-2.681625044379394,323.9749677124167,-0.5412271767343612,-0.5412276153063138,0.6685824164282224,-0.7874824209704521,158.0
P22_AV0_4_interaction,P22,AV0,4,off_ramp,P22_AV0_4,HV4,60,18849,314150.0,314150.0,4.0,4.0,28.0899,101.123641,158.0,123.710781,-7221.534806,0.010024,-0.779805,0.0,28.089859,0.077992,0.0,7221.985036,15.471702,0.075611,1.0,0.0,1.0,0.0,7196.368713,11.87138,1021.0,3.0,0.0,229.0,0.902039,34.888223,125.597602,34.88822,-0.014755,-6.5e-05,0.235212,0.170031,-0.001549,-0.082582,0.3645,0.002198,0.0,0.0,0.0,0.0,-9999.0,-9999.0,-9999.0,-9999.0,-9999.0,-9999.0,-9999.0,-9999.0,-9999.0,-9999.0,-9999.0,-9999.0,-9999.0,-9999.0,8.583332700000028,298.6676401381237,-2.718550839460728,324.44300461815175,-0.5301933582134738,-0.5301940123886536,0.655503331925205,-0.7815313366704331,158.0
P22_AV0_4_interaction,P22,AV0,4,off_ramp,P22_AV0_4,HV4,60,18850,314166.67,314166.6674,4.0,4.0,28.089879,101.123563,158.0,124.178818,-7222.001608,0.004247,-0.77603,0.0,28.089985,0.077941,0.0,7222.451777,15.508201,0.075151,1.0,0.0,1.0,0.0,7196.950142,11.866391,1021.0,3.0,0.0,229.0,0.865124,34.892071,125.611457,34.89206,-0.027746,-9.3e-05,0.239254,0.224708,-0.001923,-0.087606,0.3645,0.0,0.0,0.0,0.0,0.0,-9999.0,-9999.0,-9999.0,-9999.0,-9999.0,-9999.0,-9999.0,-9999.0,-9999.0,-9999.0,-9999.0,-9999.0,-9999.0,-9999.0,8.600000100000004,299.24791808005415,-2.755457238239115,324.91104558478037,-0.5193770908570114,-0.5193772782517163,0.6425310924195138,-0.7742377645452159,158.0
P22_AV0_4_interaction,P22,AV0,4,off_ramp,P22_AV0_4,HV4,60,18851,314183.33,314183.3341,4.0,4.0,28.089926,101.123732,158.0,124.64686,-7222.468427,-0.000561,-0.767306,0.0,28.089977,0.077854,0.0,7222.918538,15.544486,0.074694,1.0,0.0,1.0,0.0,7197.531635,11.861447,1021.0,3.0,0.0,229.0,0.82825,34.896092,125.625931,34.896068,-0.04052,-0.000128,0.241733,0.279624,-0.002216,-0.093258,0.36525,0.0,0.0,0.0,0.0,0.0,-9999.0,-9999.0,-9999.0,-9999.0,-9999.0,-9999.0,-9999.0,-9999.0,-9999.0,-9999.0,-9999.0,-9999.0,-9999.0,-9999.0,8.616666800000006,299.8282623962833,-2.7923222189953303,325.3790947709909,-0.5087755988214163,-0.508775807678875,0.6296948071709103,-0.7670142379533083,158.0
P22_AV0_4_interaction,P22,AV0,4,off_ramp,P22_AV0_4,HV4,60,18852,314200.0,314200.0006,4.0,4.0,28.090003,101.124011,158.0,125.114909,-7222.935264,0.002767,-0.762136,0.0,28.089955,0.07779,0.0,7223.385314,15.580558,0.074242,1.0,0.0,1.0,0.0,7198.113197,11.856565,1021.0,3.0,0.0,229.0,0.791434,34.900111,125.640399,34.900071,-0.053085,-0.000165,0.241539,0.334456,-0.002224,-0.099067,0.3655,0.0,0.0,0.0,0.0,0.0,-9999.0,-9999.0,-9999.0,-9999.0,-9999.0,-9999.0,-9999.0,-9999.0,-9999.0,-9999.0,-9999.0,-9999.0,-9999.0,-9999.0,8.633333300000057,300.4086790126973,-2.8291290819133383,325.8471472392348,-0.49838760907683993,-0.4983875327484477,0.6169640521584014,-0.7608198744084156,158.0
P22_AV0_4_interaction,P22,AV0,4,off_ramp,P22_AV0_4,HV4,60,18853,314216.67,314216.6668,4.0,4.0,28.089956,101.12384,158.0,125.582961,-7223.402117,0.003,-0.754898,0.0,28.08997,0.077664,0.0,7223.852106,15.61642,0.073796,1.0,0.0,1.0,0.0,7198.694825,11.851759,1021.0,3.0,0.0,229.0,0.754691,34.904128,125.654862,34.904067,-0.06549,-0.0002,0.24212,0.386072,-0.002015,-0.103777,0.3655,0.0,0.0,0.0,0.0,0.0,-9999.0,-9999.0,-9999.0,-9999.0,-9999.0,-9999.0,-9999.0,-9999.0,-9999.0,-9999.0,-9999.0,-9999.0,-9999.0,-9999.0,8.649999500000034,300.9891657025311,-2.8658636833900726,326.31520415272615,-0.48821018105665037,-0.48821072621430506,0.6043346247233732,-0.7532915050408242,158.0
P22_AV0_4_interaction,P22,AV0,4,off_ramp,P22_AV0_4,HV4,60,18854,314233.33,314233.3339,4.0,4.0,28.089962,101.123862,158.0,126.051019,-7223.868986,-0.00941,-0.746181,0.0,28.089858,0.077496,0.0,7224.318914,15.652073,0.073355,1.0,0.0,1.0,0.0,7199.276522,11.847045,1021.0,3.0,0.0,229.0,0.718035,34.908165,125.669393,34.908078,-0.077745,-0.000231,0.243747,0.43651,-0.001704,-0.108173,0.3655,0.0,0.0,0.0,0.0,0.0,-9999.0,-9999.0,-9999.0,-9999.0,-9999.0,-9999.0,-9999.0,-9999.0,-9999.0,-9999.0,-9999.0,-9999.0,-9999.0,-9999.0,8.666666600000054,301.56972633978233,-2.9025102122856565,326.7832655663726,-0.478242316269407,-0.47824307672602084,0.5918543685252917,-0.744884353276742,158.0
P22_AV0_4_interaction,P22,AV0,4,off_ramp,P22_AV0_4,HV4,60,18855,314250.0,314250.0,4.0,4.0,28.089978,101.123922,158.0,126.519081,-7224.33587,0.006592,-0.737872,0.0,28.089785,0.077295,0.0,7224.785736,15.687519,0.07292,1.0,0.0,1.0,0.0,7199.858287,11.842436,1021.0,3.0,0.0,229.0,0.681481,34.912224,125.684006,34.912108,-0.08985,-0.000255,0.245416,0.486149,-0.001354,-0.112412,0.3655,0.0,0.0,0.0,0.0,0.0,-9999.0,-9999.0,-9999.0,-9999.0,-9999.0,-9999.0,-9999.0,-9999.0,-9999.0,-9999.0,-9999.0,-9999.0,-9999.0,-9999.0,8.683332700000028,302.1503606397582,-2.93905563330368,327.251329593006,-0.4684819079168125,-0.46848231379964866,0.5795052377758676,-0.7370264211263162,158.0
P22_AV0_4_interaction,P22,AV0,4,off_ramp,P22_AV0_4,HV4,60,18856,314266.67,314266.6673,4.0,4.0,28.089763,101.123147,158.0,126.987144,-7224.802767,-0.003197,-0.730319,0.0,28.089814,0.077054,0.0,7225.252573,15.722761,0.072492,1.0,0.0,1.0,0.0,7200.44012,11.837947,1021.0,3.0,0.0,229.0,0.645044,34.916308,125.698707,34.916159,-0.101858,-0.000274,0.247043,0.530213,-0.000999,-0.11461,0.3655,0.0,0.0,0.0,0.0,0.0,-9999.0,-9999.0,-9999.0,-9999.0,-9999.0,-9999.0,-9999.0,-9999.0,-9999.0,-9999.0,-9999.0,-9999.0,-9999.0,-9999.0,8.7,302.7310694260751,-2.9754849690726703,327.719397395842,-0.45892601543233136,-0.4589262116187879,0.5672867814915818,-0.7276203281432423,158.0
P22_AV0_4_interaction,P22,AV0,4,off_ramp,P22_AV0_4,HV4,60,18857,314283.33,314283.3341,4.0,4.0,28.089824,101.123366,158.0,127.455212,-7225.26968,0.006781,-0.718759,0.0,28.089755,0.076736,0.0,7225.719425,15.757801,0.072072,1.0,0.0,1.0,0.0,7201.022023,11.833592,1021.0,3.0,0.0,229.0,0.608735,34.920406,125.713462,34.920221,-0.113731,-0.000288,0.248115,0.574684,-0.00066,-0.117122,0.3655,0.0,0.0,0.0,0.0,0.0,-9999.0,-9999.0,-9999.0,-9999.0,-9999.0,-9999.0,-9999.0,-9999.0,-9999.0,-9999.0,-9999.0,-9999.0,-9999.0,-9999.0,8.716666800000006,303.3118554644234,-3.0117843505279156,328.18746908469615,-0.44957264183308937,-0.4495723134392715,0.5552506635364143,-0.7182916022237116,158.0
P22_AV0_4_interaction,P22,AV0,4,off_ramp,P22_AV0_4,HV4,60,18858,314300.0,314300.0001,4.0,4.0,28.089772,101.123178,158.0,127.923284,-7225.736607,0.003556,-0.710647,0.0,28.08987,0.076359,0.0,7226.186291,15.792643,0.071659,1.0,0.0,1.0,0.0,7201.603995,11.829382,1021.0,3.0,0.0,229.0,0.572568,34.924516,125.728258,34.924291,-0.125447,-0.000295,0.248914,0.617844,-0.000344,-0.11932,0.3655,0.0,0.0,0.0,0.0,0.0,-9999.0,-9999.0,-9999.0,-9999.0,-9999.0,-9999.0,-9999.0,-9999.0,-9999.0,-9999.0,-9999.0,-9999.0,-9999.0,-9999.0,8.733332800000033,303.8927183602958,-3.0479427393559226,328.65554388070643,-0.44041773824559444,-0.44041814273549246,0.5433441049815873,-0.7096738414103001,158.0
P22_AV0_4_interaction,P22,AV0,4,off_ramp,P22_AV0_4,HV4,60,18859,314316.67,314316.6674,4.0,4.0,28.089796,101.123265,158.0,128.391359,-7226.203548,0.002626,-0.702266,0.0,28.089878,0.075908,0.0,7226.653174,15.827288,0.071254,1.0,0.0,1.0,0.0,7202.186037,11.825331,1021.0,3.0,0.0,229.0,0.536556,34.928627,125.743056,34.928358,-0.136989,-0.000298,0.249163,0.659219,-5.8e-05,-0.121047,0.3655,0.0,0.0,0.0,0.0,0.0,-9999.0,-9999.0,-9999.0,-9999.0,-9999.0,-9999.0,-9999.0,-9999.0,-9999.0,-9999.0,-9999.0,-9999.0,-9999.0,-9999.0,8.750000100000005,304.4736598808919,-3.083946211584316,329.1236248342559,-0.43146047090153705,-0.431460876798371,0.5315949048244608,-0.6995137010561425,158.0
P22_AV0_4_interaction,P22,AV0,4,off_ramp,P22_AV0_4,HV4,60,18860,314333.33,314333.3341,4.0,4.0,28.089884,101.123583,158.0,128.85944,-7226.670506,0.010287,-0.691262,0.0,28.08993,0.07537,0.0,7227.120071,15.861739,0.070858,1.0,0.0,1.0,0.0,7202.768149,11.821452,1021.0,3.0,0.0,229.0,0.500711,34.932734,125.757843,34.932419,-0.14833,-0.000297,0.249449,0.699538,0.000192,-0.122617,0.3655,0.0,0.0,0.0,0.0,0.0,-9999.0,-9999.0,-9999.0,-9999.0,-9999.0,-9999.0,-9999.0,-9999.0,-9999.0,-9999.0,-9999.0,-9999.0,-9999.0,-9999.0,8.766666800000007,305.05468074001163,-3.1197817868244417,329.59170911459324,-0.4226976796035284,-0.4226979511934586,0.5200265087768923,-0.6890923099677391,158.0
P22_AV0_4_interaction,P22,AV0,4,off_ramp,P22_AV0_4,HV4,60,18861,314350.0,314350.0007,4.0,4.0,28.089885,101.123588,158.0,129.327524,-7227.137477,0.014644,-0.680423,0.0,28.090078,0.074777,0.0,7227.586983,15.895999,0.07047,1.0,0.0,1.0,0.0,7203.35033,11.817755,1021.0,3.0,0.0,229.0,0.465045,34.936845,125.77264,34.936481,-0.15942,-0.000291,0.250072,0.740693,0.000406,-0.124815,0.3655,0.0,0.0,0.0,0.0,0.0,-9999.0,-9999.0,-9999.0,-9999.0,-9999.0,-9999.0,-9999.0,-9999.0,-9999.0,-9999.0,-9999.0,-9999.0,-9999.0,-9999.0,8.783333400000004,305.63578048824024,-3.155439425254246,330.0597978849323,-0.4141264237849329,-0.41412667602376696,0.508625183126604,-0.6836679940181369,158.0
P22_AV0_4_interaction,P22,AV0,4,off_ramp,P22_AV0_4,HV4,60,18862,314366.67,314366.6669,4.0,4.0,28.090001,101.124005,158.0,129.795614,-7227.604464,0.010839,-0.67176,0.0,28.090286,0.074133,0.0,7228.053912,15.930071,0.07009,1.0,0.0,1.0,0.0,7203.932582,11.814253,1021.0,3.0,0.0,229.0,0.42957,34.940955,125.787437,34.94054,-0.170238,-0.000282,0.250279,0.780988,0.000585,-0.127013,0.3655,0.0,0.0,0.0,0.0,0.0,-9999.0,-9999.0,-9999.0,-9999.0,-9999.0,-9999.0,-9999.0,-9999.0,-9999.0,-9999.0,-9999.0,-9999.0,-9999.0,-9999.0,8.799999600000039,306.21696183636124,-3.1909062563004924,330.5278933069798,-0.405743817786866,-0.4057440451666672,0.49723793993444154,-0.6688130029637929,158.0
P22_AV0_4_interaction,P22,AV0,4,off_ramp,P22_AV0_4,HV4,60,18863,314383.34,314383.344,4.0,4.0,28.090187,101.124672,158.0,130.263709,-7228.071467,0.001907,-0.661897,0.0,28.090433,0.073388,0.0,7228.520858,15.963958,0.06972,1.0,0.0,0.0,0.0,7204.514903,11.810958,1021.0,3.0,0.0,229.0,0.394298,34.945055,125.8022,34.944588,-0.180727,-0.000271,0.25003,0.82395,0.000732,-0.130624,0.3655,0.0,0.0,0.0,0.0,0.0,-9999.0,-9999.0,-9999.0,-9999.0,-9999.0,-9999.0,-9999.0,-9999.0,-9999.0,-9999.0,-9999.0,-9999.0,-9999.0,-9999.0,8.816676700000011,306.7982234462834,-3.226170188250551,330.9959955454579,-0.3975468661349737,-0.39754724726310764,0.48632506543550846,-0.6487355588222581,158.0
P22_AV0_4_interaction,P22,AV0,4,off_ramp,P22_AV0_4,HV4,60,18864,314400.0,314400.0001,4.0,4.0,28.090364,101.125309,158.0,130.731811,-7228.538486,0.148083,-0.648371,0.0,28.09042,0.072563,0.0,7228.987819,15.997662,0.069359,1.0,0.0,0.0,0.0,7205.097293,11.807883,1021.0,3.0,0.0,229.0,0.35924,34.949142,125.81691,34.948621,-0.190842,-0.000258,0.249576,0.869886,0.000847,-0.135805,0.3655,0.0,0.0,0.0,0.0,0.0,-9999.0,-9999.0,-9999.0,-9999.0,-9999.0,-9999.0,-9999.0,-9999.0,-9999.0,-9999.0,-9999.0,-9999.0,-9999.0,-9999.0,8.833332800000033,307.37956603180663,-3.2612182407157615,331.46410271320025,-0.3895334620310621,-0.38953305727689824,0.47561327160815736,-0.6469141319216387,158.0
P22_AV0_4_interaction,P22,AV0,4,off_ramp,P22_AV0_4,HV4,60,18865,314416.67,314416.6672,4.0,4.0,28.090436,101.125571,158.0,131.199918,-7229.00552,0.024673,-0.639552,0.0,28.092633,0.071725,0.0,7229.454802,16.031188,0.069006,1.0,0.0,0.0,0.0,7205.679754,11.805038,1021.0,3.0,0.0,229.0,0.32441,34.953212,125.831565,34.952636,-0.20066,-0.000242,0.249124,0.911225,0.000926,-0.139573,0.3655,0.0,0.0,0.0,0.0,0.0,-9999.0,-9999.0,-9999.0,-9999.0,-9999.0,-9999.0,-9999.0,-9999.0,-9999.0,-9999.0,-9999.0,-9999.0,-9999.0,-9999.0,8.849999900000054,307.96099213899157,-3.296040538597204,331.93222207418495,-0.3816989973717838,-0.38169841308088004,0.4647677328341562,-0.6407387709434325,158.0
P22_AV0_4_interaction,P22,AV0,4,off_ramp,P22_AV0_4,HV4,60,18866,314433.33,314433.334,4.0,4.0,28.091641,101.129908,158.0,131.668038,-7229.472577,-0.003856,-0.626113,0.0,28.092829,0.07076,0.0,7229.921827,16.06454,0.068662,1.0,0.0,0.0,0.0,7206.262283,11.802437,1021.0,3.0,0.0,229.0,0.289818,34.957266,125.846159,34.956635,-0.210155,-0.000226,0.248605,0.955709,0.000966,-0.144911,0.3655,0.0,0.0,0.0,0.0,0.0,-9999.0,-9999.0,-9999.0,-9999.0,-9999.0,-9999.0,-9999.0,-9999.0,-9999.0,-9999.0,-9999.0,-9999.0,-9999.0,-9999.0,8.866666700000001,308.54249954107144,-3.3306229382917074,332.400373817871,-0.37404057634524335,-0.37404053296820194,0.45425494350549656,-0.6256267791251862,158.0
P22_AV0_4_interaction,P22,AV0,4,off_ramp,P22_AV0_4,HV4,60,18867,314450.0,314450.0006,4.0,4.0,28.092826,101.134175,158.0,132.13619,-7229.939674,-0.001225,-0.617027,0.0,28.092761,0.069741,0.0,7230.388864,16.097718,0.068327,1.0,0.0,0.0,0.0,7206.844881,11.800091,1021.0,3.0,0.0,229.0,0.255478,34.961302,125.860687,34.960614,-0.219323,-0.00021,0.248035,1.002129,0.000977,-0.151348,0.3655,0.0,0.0,0.0,0.0,0.0,-9999.0,-9999.0,-9999.0,-9999.0,-9999.0,-9999.0,-9999.0,-9999.0,-9999.0,-9999.0,-9999.0,-9999.0,-9999.0,-9999.0,8.883333300000057,309.12408984052166,-3.364954511301147,332.86852798951526,-0.36655655172063295,-0.36655654926137093,0.44391346310066204,-0.6152773893100125,158.0
P22_AV0_4_interaction,P22,AV0,4,off_ramp,P22_AV0_4,HV4,60,18868,314466.67,314466.6673,4.0,4.0,28.092785,101.134027,158.0,132.604345,-7230.406784,-0.015927,-0.605955,0.0,28.092645,0.06867,0.0,7230.855913,16.130726,0.068001,1.0,0.0,0.0,0.0,7207.427548,11.798012,1021.0,3.0,0.0,229.0,0.221401,34.965321,125.875156,34.964576,-0.2283,-0.000194,0.247605,1.04098,0.000961,-0.155116,0.3655,0.0,0.0,0.0,0.0,0.0,-9999.0,-9999.0,-9999.0,-9999.0,-9999.0,-9999.0,-9999.0,-9999.0,-9999.0,-9999.0,-9999.0,-9999.0,-9999.0,-9999.0,8.9,309.70576369623467,-3.3990232757283105,333.33668480875025,-0.3592429295323218,-0.35924343335410214,0.43374571874719514,-0.6047290297307892,158.0
P22_AV0_4_interaction,P22,AV0,4,off_ramp,P22_AV0_4,HV4,60,18869,314483.33,314483.3341,4.0,4.0,28.09274,101.133863,158.0,133.072502,-7230.873906,-0.001743,-0.594914,0.0,28.092419,0.067524,0.0,7231.322971,16.163566,0.067683,1.0,0.0,0.0,0.0,7208.010282,11.796212,1021.0,3.0,0.0,229.0,0.187598,34.969324,125.889566,34.96852,-0.237074,-0.000178,0.247133,1.082129,0.000921,-0.159983,0.36575,0.0,0.0,0.0,0.0,0.0,-9999.0,-9999.0,-9999.0,-9999.0,-9999.0,-9999.0,-9999.0,-9999.0,-9999.0,-9999.0,-9999.0,-9999.0,-9999.0,-9999.0,8.916666800000007,310.287519770121,-3.432817139860655,333.8048413899142,-0.3520975480741977,-0.3520982873536084,0.4237557290550473,-0.5942576351022133,158.0
P22_AV0_4_interaction,P22,AV0,4,off_ramp,P22_AV0_4,HV4,60,18870,314500.0,314500.0003,4.0,4.0,28.092501,101.133005,158.0,133.540658,-7231.341036,0.004615,-0.586163,0.0,28.092386,0.066371,0.0,7231.790038,16.19624,0.067373,1.0,0.0,0.0,0.0,7208.593085,11.794702,1021.0,3.0,0.0,229.0,0.154082,34.973309,125.903914,34.972447,-0.245666,-0.000163,0.24664,1.122753,0.000872,-0.16485,0.3655,0.0,0.0,0.0,0.0,0.0,-9999.0,-9999.0,-9999.0,-9999.0,-9999.0,-9999.0,-9999.0,-9999.0,-9999.0,-9999.0,-9999.0,-9999.0,-9999.0,-9999.0,8.933333000000042,310.869360663147,-3.4663252301077265,334.2729978428253,-0.34511841036354696,-0.34511837769807824,0.4139373228320782,-0.5879247754359067,158.0
P22_AV0_4_interaction,P22,AV0,4,off_ramp,P22_AV0_4,HV4,60,18871,314516.67,314516.6669,4.0,4.0,28.092394,101.132618,158.0,134.008814,-7231.808174,-0.005602,-0.572055,0.0,28.092406,0.065182,0.0,7232.257116,16.228753,0.067071,1.0,0.0,0.0,0.0,7209.175954,11.793493,1021.0,3.0,0.0,229.0,0.120862,34.977278,125.918202,34.976355,-0.25414,-0.000149,0.246209,1.15972,0.00082,-0.168461,0.3655,0.0,0.0,0.0,0.0,0.0,-9999.0,-9999.0,-9999.0,-9999.0,-9999.0,-9999.0,-9999.0,-9999.0,-9999.0,-9999.0,-9999.0,-9999.0,-9999.0,-9999.0,8.949999600000039,311.45128398382286,-3.499536398340652,334.74115643900274,-0.33830063375846453,-0.3383006012543308,0.4041585510572645,-0.5721107090650825,158.0
P22_AV0_4_interaction,P22,AV0,4,off_ramp,P22_AV0_4,HV4,60,18872,314533.35,314533.3456,4.0,4.0,28.092415,101.132695,158.0,134.476973,-7232.275324,0.003305,-0.558602,0.0,28.092348,0.063954,0.0,7232.724204,16.261108,0.066776,1.0,0.0,0.0,0.0,7209.758891,11.792596,1021.0,3.0,0.0,229.0,0.087949,34.981231,125.932433,34.980246,-0.26251,-0.000135,0.2458,1.195961,0.00077,-0.171915,0.3655,0.0,0.0,0.0,0.0,0.0,-9999.0,-9999.0,-9999.0,-9999.0,-9999.0,-9999.0,-9999.0,-9999.0,-9999.0,-9999.0,-9999.0,-9999.0,-9999.0,-9999.0,8.966678300000028,312.0332923331168,-3.5324397709690714,335.20931634467973,-0.3316411678770416,-0.33164170842270213,0.3948604734877641,-0.5516867562640932,158.0
P22_AV0_4_interaction,P22,AV0,4,off_ramp,P22_AV0_4,HV4,60,18873,314550.0,314550.0001,4.0,4.0,28.09235,101.13246,158.0,134.945133,-7232.742484,-0.001788,-0.549455,0.0,28.092341,0.06274,0.0,7233.191303,16.293307,0.066488,1.0,0.0,0.0,0.0,7210.341894,11.79202,1021.0,3.0,0.0,229.0,0.055354,34.985169,125.946609,34.984121,-0.270803,-0.000123,0.245442,1.229883,0.000727,-0.174584,0.3655,0.0,0.0,0.0,0.0,0.0,-9999.0,-9999.0,-9999.0,-9999.0,-9999.0,-9999.0,-9999.0,-9999.0,-9999.0,-9999.0,-9999.0,-9999.0,-9999.0,-9999.0,8.983332800000033,312.61538420821444,-3.565026251754654,335.6774786681616,-0.3251380706440123,-0.32513842604711746,0.3857687857797032,-0.5478241835194737,158.0
P22_AV0_4_interaction,P22,AV0,4,off_ramp,P22_AV0_4,HV4,60,18874,314566.67,314566.6672,4.0,4.0,28.092367,101.132522,158.0,135.413295,-7233.209654,0.008533,-0.536103,0.0,28.092347,0.061543,0.0,7233.658411,16.325354,0.066208,1.0,0.0,0.0,0.0,7210.924963,11.791776,1021.0,3.0,0.0,229.0,0.023087,34.989092,125.960732,34.98798,-0.27903,-0.000111,0.245123,1.26192,0.000691,-0.176625,0.3655,0.0,0.0,0.0,0.0,0.0,-9999.0,-9999.0,-9999.0,-9999.0,-9999.0,-9999.0,-9999.0,-9999.0,-9999.0,-9999.0,-9999.0,-9999.0,-9999.0,-9999.0,8.999999900000054,313.1975602131013,-3.5972848572916694,336.1456416320982,-0.318787238278369,-0.3187873940682413,0.37660604666060493,-0.5394537722819113,158.0
P22_AV0_4_interaction,P22,AV0,4,off_ramp,P22_AV0_4,HV4,60,18875,314583.33,314583.3334,4.0,4.0,28.092317,101.132342,158.0,135.881459,-7233.676833,0.003217,-0.520871,0.0,28.092416,0.060334,0.0,7234.125531,16.357253,0.065935,1.0,0.0,0.0,0.0,7211.508097,11.791873,1021.0,3.0,0.0,229.0,-0.008843,34.993001,125.974805,34.991823,-0.287184,-0.0001,0.244823,1.292872,0.000667,-0.178352,0.3655,0.0,0.0,0.0,0.0,0.0,-9999.0,-9999.0,-9999.0,-9999.0,-9999.0,-9999.0,-9999.0,-9999.0,-9999.0,-9999.0,-9999.0,-9999.0,-9999.0,-9999.0,9.016666100000032,313.7798198434541,-3.629206546249437,336.61380845159215,-0.31258484153730554,-0.31258489570944514,0.3677869928192923,-0.5268314051220528,158.0
P22_AV0_4_interaction,P22,AV0,4,off_ramp,P22_AV0_4,HV4,60,18876,314600.0,314600.001,4.0,4.0,28.09241,101.132677,158.0,136.349625,-7234.144024,0.016413,-0.508871,0.0,28.092528,0.059169,0.0,7234.592661,16.389007,0.065669,1.0,0.0,0.0,0.0,7212.091297,11.79232,1021.0,3.0,0.0,229.0,-0.040428,34.996897,125.988828,34.995651,-0.295255,-8.9e-05,0.244527,1.323484,0.000656,-0.180079,0.3655,0.0,0.0,0.0,0.0,0.0,-9999.0,-9999.0,-9999.0,-9999.0,-9999.0,-9999.0,-9999.0,-9999.0,-9999.0,-9999.0,-9999.0,-9999.0,-9999.0,-9999.0,9.033333700000018,314.3621645919346,-3.660782387112809,337.0819772943856,-0.3065277751312479,-0.30652766825285094,0.35904476048343703,-0.5096139626523968,158.0
P22_AV0_4_interaction,P22,AV0,4,off_ramp,P22_AV0_4,HV4,60,18877,314616.68,314616.6799,4.0,4.0,28.092435,101.132766,158.0,136.817794,-7234.611224,0.010037,-0.497992,0.0,28.092761,0.058027,0.0,7235.059803,16.42062,0.06541,1.0,0.0,0.0,0.0,7212.674561,11.793126,1021.0,3.0,0.0,229.0,-0.071657,35.000779,126.002804,34.999465,-0.303247,-7.8e-05,0.244317,1.349322,0.000647,-0.180079,0.3655,0.0,0.0,0.0,0.0,0.0,-9999.0,-9999.0,-9999.0,-9999.0,-9999.0,-9999.0,-9999.0,-9999.0,-9999.0,-9999.0,-9999.0,-9999.0,-9999.0,-9999.0,9.050012600000017,314.9445929557285,-3.6920032836434475,337.55015037709194,-0.30061215490982446,-0.3006121083663655,0.35079348745546746,-0.4887035231980743,158.0
P22_AV0_4_interaction,P22,AV0,4,off_ramp,P22_AV0_4,HV4,60,18878,314633.33,314633.3341,4.0,4.0,28.092657,101.133565,158.0,137.285968,-7235.078437,0.002797,-0.484774,0.0,28.092842,0.056859,0.0,7235.526958,16.452095,0.065158,1.0,0.0,0.0,0.0,7213.25789,11.7943,1021.0,3.0,0.0,229.0,-0.102523,35.004649,126.016735,35.003266,-0.311115,-6.7e-05,0.244174,1.376764,0.000648,-0.180864,0.3655,0.0,0.0,0.0,0.0,0.0,-9999.0,-9999.0,-9999.0,-9999.0,-9999.0,-9999.0,-9999.0,-9999.0,-9999.0,-9999.0,-9999.0,-9999.0,-9999.0,-9999.0,9.066666800000005,315.5271064274969,-3.7228603043261566,338.0183288629252,-0.2948350403063998,-0.29483444233715733,0.3427544604130528,-0.48431151144288975,158.0
P22_AV0_4_interaction,P22,AV0,4,off_ramp,P22_AV0_4,HV4,60,18879,314650.0,314650.0008,4.0,4.0,28.092837,101.134214,158.0,137.754147,-7235.545663,0.00244,-0.472546,0.0,28.092886,0.055675,0.0,7235.994123,16.483437,0.064915,1.0,0.0,0.0,0.0,7213.841282,11.795849,1021.0,3.0,0.0,229.0,-0.133018,35.008509,126.030632,35.007057,-0.318839,-5.6e-05,0.244079,1.402878,0.000654,-0.181335,0.3655,0.0,0.0,0.0,0.0,0.0,-9999.0,-9999.0,-9999.0,-9999.0,-9999.0,-9999.0,-9999.0,-9999.0,-9999.0,-9999.0,-9999.0,-9999.0,-9999.0,-9999.0,9.083333500000007,316.1097033946109,-3.7533463499055144,338.4865100309494,-0.2891912741407109,-0.2891913254303949,0.3346557517780582,-0.47631228666992875,158.0
P22_AV0_4_interaction,P22,AV0,4,off_ramp,P22_AV0_4,HV4,60,18880,314666.67,314666.6667,4.0,4.0,28.092859,101.134291,158.0,138.222328,-7236.012898,0.002366,-0.46024,0.0,28.092912,0.054492,0.0,7236.461298,16.514647,0.064678,1.0,0.0,0.0,0.0,7214.424738,11.797781,1021.0,3.0,0.0,229.0,-0.163134,35.012354,126.044476,35.010833,-0.326385,-4.5e-05,0.243678,1.428813,0.000663,-0.181963,0.3655,0.0,0.0,0.0,0.0,0.0,-9999.0,-9999.0,-9999.0,-9999.0,-9999.0,-9999.0,-9999.0,-9999.0,-9999.0,-9999.0,-9999.0,-9999.0,-9999.0,-9999.0,9.09999940000003,316.6923852948221,-3.7834534873576553,338.9546939360722,-0.2836798579213206,-0.2836794897366462,0.3268777181119411,-0.460945208325775,158.0
P22_AV0_4_interaction,P22,AV0,4,off_ramp,P22_AV0_4,HV4,60,18881,314683.33,314683.3341,4.0,4.0,28.0929,101.134439,158.0,138.690511,-7236.480142,0.007439,-0.447881,0.0,28.092909,0.053312,0.0,7236.928481,16.54573,0.064448,1.0,0.0,0.0,0.0,7215.008256,11.800105,1021.0,3.0,0.0,229.0,-0.192862,35.016185,126.058267,35.014595,-0.333731,-3.4e-05,0.243382,1.454086,0.00067,-0.182591,0.3655,0.0,0.0,0.0,0.0,0.0,-9999.0,-9999.0,-9999.0,-9999.0,-9999.0,-9999.0,-9999.0,-9999.0,-9999.0,-9999.0,-9999.0,-9999.0,-9999.0,-9999.0,9.116666800000006,317.2751506253189,-3.813172620444399,339.42287885584943,-0.27829568937568816,-0.2782954239326842,0.3192909441409899,-0.45208149711776,158.0
P22_AV0_4_interaction,P22,AV0,4,off_ramp,P22_AV0_4,HV4,60,18882,314700.0,314700.0008,4.0,4.0,28.092926,101.134532,158.0,139.158697,-7236.947395,-0.003388,-0.4385,0.0,28.093031,0.052121,0.0,7237.395673,16.576689,0.064226,1.0,0.0,0.0,0.0,7215.591837,11.802827,1021.0,3.0,0.0,229.0,-0.222195,35.020002,126.072009,35.018344,-0.340848,-2.3e-05,0.243105,1.479446,0.000672,-0.183533,0.3655,0.0,0.0,0.0,0.0,0.0,-9999.0,-9999.0,-9999.0,-9999.0,-9999.0,-9999.0,-9999.0,-9999.0,-9999.0,-9999.0,-9999.0,-9999.0,-9999.0,-9999.0,9.133333500000008,317.8580007140373,-3.8424978131247385,339.891065953496,-0.2730358279372138,-0.27303620824136604,0.3118079839320913,-0.4373769145865438,158.0
P22_AV0_4_interaction,P22,AV0,4,off_ramp,P22_AV0_4,HV4,60,18883,314716.68,314716.6784,4.0,4.0,28.092965,101.134674,158.0,139.626884,-7237.414657,0.008865,-0.427565,0.0,28.092999,0.05094,0.0,7237.862874,16.607526,0.064011,1.0,0.0,1.0,0.0,7216.175479,11.805956,1021.0,3.0,0.0,229.0,-0.251126,35.023806,126.0857,35.02208,-0.347704,-1.2e-05,0.242774,1.507231,0.000673,-0.185731,0.3655,0.0,0.0,0.0,0.0,0.0,-9999.0,-9999.0,-9999.0,-9999.0,-9999.0,-9999.0,-9999.0,-9999.0,-9999.0,-9999.0,-9999.0,-9999.0,-9999.0,-9999.0,9.150011100000004,318.440934058165,-3.87141996916045,340.35925533882727,-0.26789827662303406,-0.2678984866270663,0.3047071700462727,-0.4200857703936407,158.0
P22_AV0_4_interaction,P22,AV0,4,off_ramp,P22_AV0_4,HV4,60,18884,314733.33,314733.334,4.0,4.0,28.092997,101.13479,158.0,140.095073,-7237.881927,0.007336,-0.413437,0.0,28.093154,0.04972,0.0,7238.330083,16.638245,0.063802,1.0,0.0,1.0,0.0,7216.759183,11.809499,1021.0,3.0,0.0,229.0,-0.279647,35.027596,126.099344,35.025803,-0.354325,-1e-06,0.242563,1.528582,0.000656,-0.185731,0.3655,0.0,0.0,0.0,0.0,0.0,-9999.0,-9999.0,-9999.0,-9999.0,-9999.0,-9999.0,-9999.0,-9999.0,-9999.0,-9999.0,-9999.0,-9999.0,-9999.0,-9999.0,9.166666700000002,319.0239520405456,-3.8999321540190914,340.8274462329813,-0.26287898655964614,-0.26287919572041785,0.29780493101000705,-0.41405973387538175,158.0
P22_AV0_4_interaction,P22,AV0,4,off_ramp,P22_AV0_4,HV4,60,18885,314750.0,314750.0008,4.0,4.0,28.093068,101.135046,158.0,140.563264,-7238.349206,0.007153,-0.403213,0.0,28.09324,0.048526,0.0,7238.797302,16.66885,0.063601,1.0,0.0,1.0,0.0,7217.342947,11.813463,1021.0,3.0,0.0,229.0,-0.307751,35.031372,126.112939,35.029515,-0.360681,1e-05,0.242267,1.553187,0.000633,-0.187301,0.3655,0.0,0.0,0.0,0.0,0.0,-9999.0,-9999.0,-9999.0,-9999.0,-9999.0,-9999.0,-9999.0,-9999.0,-9999.0,-9999.0,-9999.0,-9999.0,-9999.0,-9999.0,9.183333500000009,319.6070530485514,-3.928027268445301,341.29564085257334,-0.25797407359678903,-0.25797499119952894,0.29090971380780317,-0.40448777244009015,158.0
P22_AV0_4_interaction,P22,AV0,4,off_ramp,P22_AV0_4,HV4,60,18886,314766.67,314766.6667,4.0,4.0,28.093211,101.135559,158.0,141.031459,-7238.816494,0.017903,-0.388773,0.0,28.093408,0.04736,0.0,7239.26453,16.699342,0.063406,1.0,0.0,1.0,0.0,7217.926771,11.817854,1021.0,3.0,0.0,229.0,-0.335432,35.035135,126.126485,35.033215,-0.366767,2e-05,0.241962,1.577364,0.000603,-0.189028,0.3655,0.0,0.0,0.0,0.0,0.0,-9999.0,-9999.0,-9999.0,-9999.0,-9999.0,-9999.0,-9999.0,-9999.0,-9999.0,-9999.0,-9999.0,-9999.0,-9999.0,-9999.0,9.19999940000003,320.19023741162846,-3.95569932149047,341.76383825401933,-0.2531824843353069,-0.2531823834907647,0.28432224483852053,-0.38892848814247927,158.0
P22_AV0_4_interaction,P22,AV0,4,off_ramp,P22_AV0_4,HV4,60,18887,314783.33,314783.3336,4.0,4.0,28.093295,101.135862,158.0,141.499657,-7239.283791,0.00662,-0.373438,0.0,28.093703,0.04622,0.0,7239.731769,16.729728,0.063218,1.0,0.0,1.0,0.0,7218.510655,11.822681,1021.0,3.0,0.0,229.0,-0.362681,35.038784,126.139622,35.036803,-0.372593,3.1e-05,0.224538,1.600629,0.00063,-0.190755,0.3655,0.002198,0.0,0.0,0.0,0.0,-9999.0,-9999.0,-9999.0,-9999.0,-9999.0,-9999.0,-9999.0,-9999.0,-9999.0,-9999.0,-9999.0,-9999.0,-9999.0,-9999.0,9.21666630000004,320.7735056239451,-3.982939326731636,342.23204081865475,-0.24849733915048466,-0.24849774117185294,0.2779456509742797,-0.377711453845885,158.0
P22_AV0_4_interaction,P22,AV0,4,off_ramp,P22_AV0_4,HV4,60,18888,314800.0,314800.0007,4.0,4.0,28.093553,101.13679,158.0,141.967858,-7239.751098,0.023555,-0.360839,0.0,28.093983,0.045111,0.0,7240.199018,16.760009,0.063037,1.0,0.0,1.0,0.0,7219.094595,11.827948,1021.0,3.0,0.0,229.0,-0.389493,35.042274,126.152186,35.040234,-0.378144,4e-05,0.236986,1.625325,0.000512,-0.193267,0.36575,0.0,0.0,0.0,0.0,0.0,-9999.0,-9999.0,-9999.0,-9999.0,-9999.0,-9999.0,-9999.0,-9999.0,-9999.0,-9999.0,-9999.0,-9999.0,-9999.0,-9999.0,9.233333400000003,321.35685391116687,-4.0097430705723145,342.7002476028975,-0.24391758464328075,-0.2439173444127839,0.2717316131875718,-0.36154027008764356,158.0
P22_AV0_4_interaction,P22,AV0,4,off_ramp,P22_AV0_4,HV4,60,18889,314816.68,314816.6763,4.0,4.0,28.093754,101.137514,158.0,142.436066,-7240.218416,0.00903,-0.351228,0.0,28.094258,0.044029,0.0,7240.666279,16.79019,0.062864,1.0,0.0,1.0,0.0,7219.678591,11.833664,1021.0,3.0,0.0,229.0,-0.41586,35.045977,126.165518,35.043879,-0.383464,4.9e-05,0.240579,1.64714,0.000471,-0.194994,0.36675,0.0,0.0,0.0,0.0,0.0,-9999.0,-9999.0,-9999.0,-9999.0,-9999.0,-9999.0,-9999.0,-9999.0,-9999.0,-9999.0,-9999.0,-9999.0,-9999.0,-9999.0,9.25000900000002,321.9402827674639,-4.036101566589641,343.16846087826764,-0.23943833817183643,-0.23943752797200418,0.26589111422894707,-0.34373216546834406,158.0
P22_AV0_4_interaction,P22,AV0,4,off_ramp,P22_AV0_4,HV4,60,18890,314833.33,314833.3336,4.0,4.0,28.094175,101.139031,158.0,142.904279,-7240.685746,0.009186,-0.333981,0.0,28.094402,0.042915,0.0,7241.133551,16.820276,0.062698,1.0,0.0,1.0,0.0,7220.262643,11.839834,1021.0,3.0,0.0,229.0,-0.441777,35.049681,126.178851,35.047527,-0.388552,5.6e-05,0.24054,1.669892,0.000379,-0.197349,0.36675,0.0,0.0,0.0,0.0,0.0,-9999.0,-9999.0,-9999.0,-9999.0,-9999.0,-9999.0,-9999.0,-9999.0,-9999.0,-9999.0,-9999.0,-9999.0,-9999.0,-9999.0,9.266666300000042,322.5237924673737,-4.062009822326391,343.6366799208128,-0.2350545523713189,-0.23505432175464358,0.2602737851524122,-0.3365089702798958,158.0
P22_AV0_4_interaction,P22,AV0,4,off_ramp,P22_AV0_4,HV4,60,18891,314850.0,314850.0007,4.0,4.0,28.09433,101.139589,158.0,143.372498,-7241.153086,-0.03111,-0.322376,0.0,28.094126,0.041816,0.0,7241.60083,16.850268,0.06254,1.0,0.0,1.0,0.0,7220.846751,11.846466,1021.0,3.0,0.0,229.0,-0.467237,35.053374,126.192146,35.051166,-0.393434,6.1e-05,0.240308,1.691183,0.000327,-0.19939,0.36675,0.0,0.0,0.0,0.0,0.0,-9999.0,-9999.0,-9999.0,-9999.0,-9999.0,-9999.0,-9999.0,-9999.0,-9999.0,-9999.0,-9999.0,-9999.0,-9999.0,-9999.0,9.283333400000004,323.1073834501579,-4.08745984985109,344.1049007914755,-0.23076500911955186,-0.2307641164454673,0.2546771688217344,-0.3252754959248332,158.0
P22_AV0_4_interaction,P22,AV0,4,off_ramp,P22_AV0_4,HV4,60,18892,314866.67,314866.6723,4.0,4.0,28.094475,101.14011,158.0,143.840719,-7241.620434,0.004267,-0.311778,0.0,28.093845,0.040693,0.0,7242.068108,16.88017,0.06239,1.0,0.0,1.0,0.0,7221.430916,11.853563,1021.0,3.0,0.0,229.0,-0.492233,35.057054,126.205396,35.054794,-0.398123,6.7e-05,0.240006,1.7123,0.000296,-0.201588,0.367,0.0,0.0,0.0,0.0,0.0,-9999.0,-9999.0,-9999.0,-9999.0,-9999.0,-9999.0,-9999.0,-9999.0,-9999.0,-9999.0,-9999.0,-9999.0,-9999.0,-9999.0,9.300005000000004,323.6910568790313,-4.112448708597144,344.57311572195397,-0.22656527518919797,-0.2265637405858858,0.2494296176039894,-0.3100680292717435,158.0
P22_AV0_4_interaction,P22,AV0,4,off_ramp,P22_AV0_4,HV4,60,18893,314883.33,314883.3335,4.0,4.0,28.093863,101.137908,158.0,144.308934,-7242.087781,0.008201,-0.30469,0.0,28.093952,0.039519,0.0,7242.535389,16.909986,0.062248,1.0,0.0,1.0,0.0,7222.015137,11.861134,1021.0,3.0,0.0,229.0,-0.516761,35.060722,126.218599,35.05841,-0.402635,7.1e-05,0.239685,1.732873,0.000274,-0.203786,0.367,0.0,0.0,0.0,0.0,0.0,-9999.0,-9999.0,-9999.0,-9999.0,-9999.0,-9999.0,-9999.0,-9999.0,-9999.0,-9999.0,-9999.0,-9999.0,-9999.0,-9999.0,9.316666200000036,324.27481224967136,-4.1369673572339245,345.04132892584437,-0.22245157624526588,-0.22244987652229417,0.24434163565505784,-0.3038597831273302,158.0
P22_AV0_4_interaction,P22,AV0,4,off_ramp,P22_AV0_4,HV4,60,18894,314900.0,314900.0006,4.0,4.0,28.093878,101.13796,158.0,144.777148,-7242.55513,0.015081,-0.298364,0.0,28.094091,0.038273,0.0,7243.002678,16.939719,0.062113,1.0,0.0,1.0,0.0,7222.599412,11.869183,1021.0,3.0,0.0,229.0,-0.540814,35.064376,126.231755,35.062015,-0.406983,7.6e-05,0.239346,1.753355,0.000253,-0.206141,0.367,0.0,0.0,0.0,0.0,0.0,-9999.0,-9999.0,-9999.0,-9999.0,-9999.0,-9999.0,-9999.0,-9999.0,-9999.0,-9999.0,-9999.0,-9999.0,-9999.0,-9999.0,9.333333300000056,324.8586477847253,-4.161011691980276,345.50954556032866,-0.21842119135200916,-0.2184202795957501,0.2393025055248632,-0.2975029564932621,158.0
P22_AV0_4_interaction,P22,AV0,4,off_ramp,P22_AV0_4,HV4,60,18895,314916.67,314916.6674,4.0,4.0,28.094018,101.138463,158.0,145.245364,-7243.022487,0.011781,-0.29272,0.0,28.094333,0.036964,0.0,7243.469975,16.969369,0.061984,1.0,0.0,1.0,0.0,7223.183741,11.877716,1021.0,3.0,0.0,229.0,-0.564387,35.068017,126.244862,35.065607,-0.411174,8e-05,0.238982,1.774191,0.000231,-0.20881,0.36775,0.0,0.0,0.0,0.0,0.0,-9999.0,-9999.0,-9999.0,-9999.0,-9999.0,-9999.0,-9999.0,-9999.0,-9999.0,-9999.0,-9999.0,-9999.0,-9999.0,-9999.0,9.350000100000004,325.44256381364113,-4.184575721887688,345.9777656254058,-0.21447412050938144,-0.21447298925318498,0.23442469895144757,-0.2900249010613276,158.0
P22_AV0_4_interaction,P22,AV0,4,off_ramp,P22_AV0_4,HV4,60,18896,314933.33,314933.334,4.0,4.0,28.094215,101.139172,158.0,145.713584,-7243.489852,0.00425,-0.286382,0.0,28.094453,0.035561,0.0,7243.93728,16.99894,0.061861,1.0,0.0,1.0,0.0,7223.768124,11.886738,1021.0,3.0,0.0,229.0,-0.587474,35.071646,126.257924,35.069187,-0.415251,8.4e-05,0.238665,1.792988,0.000206,-0.210851,0.36775,0.0,0.0,0.0,0.0,0.0,-9999.0,-9999.0,-9999.0,-9999.0,-9999.0,-9999.0,-9999.0,-9999.0,-9999.0,-9999.0,-9999.0,-9999.0,-9999.0,-9999.0,9.366666700000001,326.0265606109564,-4.207654454498935,346.4459893407068,-0.2106063697516379,-0.21060610637141008,0.2296349884313873,-0.2850842570810457,158.0
P22_AV0_4_interaction,P22,AV0,4,off_ramp,P22_AV0_4,HV4,60,18897,314950.0,314950.0007,4.0,4.0,28.094429,101.139946,158.0,146.181808,-7243.957225,0.007379,-0.281238,0.0,28.094528,0.034136,0.0,7244.404592,17.028432,0.061743,1.0,0.0,1.0,0.0,7224.352559,11.896256,1021.0,3.0,0.0,229.0,-0.61007,35.075163,126.270586,35.072657,-0.419233,8.7e-05,0.221377,1.810947,0.000239,-0.212735,0.3685,0.002198,0.0,0.0,0.0,0.0,-9999.0,-9999.0,-9999.0,-9999.0,-9999.0,-9999.0,-9999.0,-9999.0,-9999.0,-9999.0,-9999.0,-9999.0,-9999.0,-9999.0,9.383333400000003,326.61063656404133,-4.230240790558551,346.91421570773963,-0.20681788417107413,-0.2068184977690892,0.22492190034479442,-0.2807349512288235,158.0
P22_AV0_4_interaction,P22,AV0,4,off_ramp,P22_AV0_4,HV4,60,18898,314966.67,314966.6667,4.0,4.0,28.094486,101.14015,158.0,146.650034,-7244.424605,0.010683,-0.275749,0.0,28.09467,0.032697,0.0,7244.87191,17.057845,0.061628,1.0,0.0,1.0,0.0,7224.937045,11.906273,1021.0,3.0,0.0,229.0,-0.632169,35.07843,126.282348,35.075878,-0.423139,9.1e-05,0.217454,1.827917,0.000193,-0.214305,0.36925,0.002198,0.0,0.0,0.0,0.0,-9999.0,-9999.0,-9999.0,-9999.0,-9999.0,-9999.0,-9999.0,-9999.0,-9999.0,-9999.0,-9999.0,-9999.0,-9999.0,-9999.0,9.399999400000029,327.19479083912825,-4.25233167968457,347.3824437280135,-0.2031086088600214,-0.2031088488760239,0.22027733165293917,-0.27620816765934464,158.0
P22_AV0_4_interaction,P22,AV0,4,off_ramp,P22_AV0_4,HV4,60,18899,314983.33,314983.3341,4.0,4.0,28.094588,101.140516,158.0,147.118263,-7244.891991,0.003498,-0.269534,0.0,28.094812,0.031291,0.0,7245.339236,17.087182,0.061515,1.0,0.0,1.0,0.0,7225.521577,11.916795,1021.0,3.0,0.0,229.0,-0.653767,35.081787,126.294433,35.079188,-0.426996,9.3e-05,0.234969,1.842735,9e-05,-0.21509,0.36925,0.0,0.0,0.0,0.0,0.0,-9999.0,-9999.0,-9999.0,-9999.0,-9999.0,-9999.0,-9999.0,-9999.0,-9999.0,-9999.0,-9999.0,-9999.0,-9999.0,-9999.0,9.416666800000007,327.77901877320716,-4.273920856389976,347.85067556323423,-0.19947565815955226,-0.1994759118318551,0.2157149499451121,-0.2706799907657942,158.0
P22_AV0_4_interaction,P22,AV0,4,off_ramp,P22_AV0_4,HV4,60,18900,315000.0,315000.001,4.0,4.0,28.094757,101.141126,158.0,147.586494,-7245.359385,0.005832,-0.262272,0.0,28.094893,0.029965,0.0,7245.806568,17.116444,0.061403,1.0,0.0,1.0,0.0,7226.106156,11.927826,1021.0,3.0,0.0,229.0,-0.674859,35.085385,126.307387,35.08274,-0.430819,9.4e-05,0.239338,1.85562,2.7e-05,-0.215247,0.3705,0.0,0.0,0.0,0.0,0.0,-9999.0,-9999.0,-9999.0,-9999.0,-9999.0,-9999.0,-9999.0,-9999.0,-9999.0,-9999.0,-9999.0,-9999.0,-9999.0,-9999.0,9.433333700000018,328.3633215843978,-4.295004381616594,348.31890927132685,-0.1959179237628565,-0.1959181397684226,0.21125440058593625,-0.26494037337602805,158.0
P22_AV0_4_interaction,P22,AV0,4,off_ramp,P22_AV0_4,HV4,60,18901,315016.67,315016.6672,4.0,4.0,28.094839,101.141422,158.0,148.054728,-7245.826785,-0.004114,-0.256105,0.0,28.094935,0.028731,0.0,7246.273906,17.145632,0.061292,1.0,0.0,1.0,0.0,7226.690784,11.939371,1021.0,3.0,0.0,229.0,-0.695441,35.088996,126.320384,35.086304,-0.434598,9.4e-05,0.239777,1.867893,-3.5e-05,-0.21509,0.3705,0.0,0.0,0.0,0.0,0.0,-9999.0,-9999.0,-9999.0,-9999.0,-9999.0,-9999.0,-9999.0,-9999.0,-9999.0,-9999.0,-9999.0,-9999.0,-9999.0,-9999.0,9.449999900000053,328.94770154422406,-4.315577372722772,348.7871449071989,-0.19243440717850405,-0.19243414467923067,0.20688366222102061,-0.25960090803801084,158.0
P22_AV0_4_interaction,P22,AV0,4,off_ramp,P22_AV0_4,HV4,60,18902,315033.33,315033.3335,4.0,4.0,28.09494,101.141784,158.0,148.522964,-7246.294191,0.013318,-0.250761,0.0,28.094923,0.027585,0.0,7246.741249,17.174749,0.061182,1.0,0.0,1.0,0.0,7227.275463,11.951432,1021.0,3.0,0.0,229.0,-0.71551,35.092506,126.333021,35.089769,-0.438315,9.4e-05,0.222895,1.879816,3.6e-05,-0.214776,0.3705,0.002198,0.0,0.0,0.0,0.0,-9999.0,-9999.0,-9999.0,-9999.0,-9999.0,-9999.0,-9999.0,-9999.0,-9999.0,-9999.0,-9999.0,-9999.0,-9999.0,-9999.0,9.466666200000036,329.53216075948217,-4.3356379425409095,349.25538163708103,-0.1890220580244258,-0.18902219052981706,0.20260125384890326,-0.2538097236255785,158.0
P22_AV0_4_interaction,P22,AV0,4,off_ramp,P22_AV0_4,HV4,60,18903,315050.0,315050.0009,4.0,4.0,28.094899,101.141637,158.0,148.9912,-7246.761601,0.008454,-0.244943,0.0,28.095116,0.026543,0.0,7247.208597,17.203795,0.061072,1.0,0.0,0.0,0.0,7227.860188,11.964015,1021.0,3.0,0.0,229.0,-0.735061,35.095867,126.34512,35.093084,-0.441949,9.4e-05,0.235657,1.89167,-0.0,-0.214462,0.3705,0.0,0.0,0.0,0.0,0.0,-9999.0,-9999.0,-9999.0,-9999.0,-9999.0,-9999.0,-9999.0,-9999.0,-9999.0,-9999.0,-9999.0,-9999.0,-9999.0,-9999.0,9.483333600000012,330.1166945671621,-4.355179825583997,349.7236194609748,-0.18568087630072158,-0.18568069992906744,0.19842325194579047,-0.2475598713984919,158.0
P22_AV0_4_interaction,P22,AV0,4,off_ramp,P22_AV0_4,HV4,60,18904,315066.67,315066.6669,4.0,4.0,28.095032,101.142117,158.0,149.459438,-7247.229017,-0.003665,-0.240181,0.0,28.095202,0.025602,0.0,7247.675952,17.232773,0.060961,1.0,0.0,0.0,0.0,7228.444959,11.977121,1021.0,3.0,0.0,229.0,-0.754091,35.099449,126.358016,35.096621,-0.445498,9.5e-05,0.239786,1.902024,5.2e-05,-0.213834,0.372,0.0,0.0,0.0,0.0,0.0,-9999.0,-9999.0,-9999.0,-9999.0,-9999.0,-9999.0,-9999.0,-9999.0,-9999.0,-9999.0,-9999.0,-9999.0,-9999.0,-9999.0,9.49999960000004,330.70130302217245,-4.374202023360645,350.1918605405852,-0.18240797634840691,-0.18240806314303237,0.19434923292619644,-0.2417037027317246,158.0
P22_AV0_4_interaction,P22,AV0,4,off_ramp,P22_AV0_4,HV4,60,18905,315083.33,315083.3341,4.0,4.0,28.095185,101.142665,158.0,149.92768,-7247.696439,0.001426,-0.233204,0.0,28.095193,0.024768,0.0,7248.143312,17.261684,0.06085,1.0,0.0,0.0,0.0,7229.029777,11.990756,1021.0,3.0,0.0,229.0,-0.772597,35.10305,126.370981,35.100179,-0.448942,9.6e-05,0.240692,1.912274,5e-05,-0.21352,0.372,0.0,0.0,0.0,0.0,0.0,-9999.0,-9999.0,-9999.0,-9999.0,-9999.0,-9999.0,-9999.0,-9999.0,-9999.0,-9999.0,-9999.0,-9999.0,-9999.0,-9999.0,9.516666800000007,331.2859874524484,-4.392698599829813,350.66010293383806,-0.1792022498607357,-0.17920242291865643,0.19036650067545136,-0.23604255800028096,158.0
P22_AV0_4_interaction,P22,AV0,4,off_ramp,P22_AV0_4,HV4,60,18906,315100.0,315100.0009,4.0,4.0,28.09517,101.142613,158.0,150.395922,-7248.163867,0.00577,-0.226286,0.0,28.095239,0.024056,0.0,7248.610676,17.290529,0.060738,1.0,0.0,0.0,0.0,7229.614643,12.004922,1021.0,3.0,0.0,229.0,-0.790575,35.106555,126.383598,35.103642,-0.452261,9.7e-05,0.22409,1.922411,0.00014,-0.213363,0.37275,0.002198,0.0,0.0,0.0,0.0,-9999.0,-9999.0,-9999.0,-9999.0,-9999.0,-9999.0,-9999.0,-9999.0,-9999.0,-9999.0,-9999.0,-9999.0,-9999.0,-9999.0,9.533333600000013,331.87074896629906,-4.4106676129164315,351.1283456971485,-0.17606264343849873,-0.1760623846369344,0.18648098796686519,-0.23047641015689901,158.0
P22_AV0_4_interaction,P22,AV0,4,off_ramp,P22_AV0_4,HV4,60,18907,315116.67,315116.667,4.0,4.0,28.095203,101.142732,158.0,150.864165,-7248.631298,0.010241,-0.221129,0.0,28.095349,0.023458,0.0,7249.078045,17.31931,0.060626,1.0,0.0,0.0,0.0,7230.199553,12.019622,1021.0,3.0,0.0,229.0,-0.808022,35.109825,126.39537,35.106871,-0.455447,0.0001,0.220799,1.931789,0.000162,-0.213049,0.373,0.002198,0.0,0.0,0.0,0.0,-9999.0,-9999.0,-9999.0,-9999.0,-9999.0,-9999.0,-9999.0,-9999.0,-9999.0,-9999.0,-9999.0,-9999.0,-9999.0,-9999.0,9.549999700000043,332.4555837344812,-4.428105847515412,351.5965899388237,-0.17298721500654043,-0.17298646810718296,0.18268404982991981,-0.22523046175411565,158.0
P22_AV0_4_interaction,P22,AV0,4,off_ramp,P22_AV0_4,HV4,60,18908,315133.33,315133.3334,4.0,4.0,28.095286,101.14303,158.0,151.33241,-7249.098735,0.010568,-0.220237,0.0,28.095521,0.022942,0.0,7249.545421,17.34803,0.060513,1.0,0.0,0.0,0.0,7230.784505,12.034859,1021.0,3.0,0.0,229.0,-0.824935,35.113189,126.40748,35.110195,-0.458484,0.000102,0.238337,1.941213,0.000121,-0.212892,0.373,0.0,0.0,0.0,0.0,0.0,-9999.0,-9999.0,-9999.0,-9999.0,-9999.0,-9999.0,-9999.0,-9999.0,-9999.0,-9999.0,-9999.0,-9999.0,-9999.0,-9999.0,9.566666100000031,333.04048992473344,-4.445010198336966,352.0648378205692,-0.16997307890593696,-0.1699730696723155,0.17897349515659933,-0.21971371087788416,158.0
P22_AV0_4_interaction,P22,AV0,4,off_ramp,P22_AV0_4,HV4,60,18909,315150.0,315150.0007,4.0,4.0,28.095433,101.14356,158.0,151.800657,-7249.566177,0.003953,-0.213124,0.0,28.095629,0.022446,0.0,7250.012802,17.376689,0.060401,1.0,0.0,0.0,0.0,7231.3695,12.050636,1021.0,3.0,0.0,229.0,-0.841311,35.116798,126.420471,35.113767,-0.46136,0.000104,0.243205,1.950419,0.000105,-0.212892,0.3745,0.0,0.0,0.0,0.0,0.0,-9999.0,-9999.0,-9999.0,-9999.0,-9999.0,-9999.0,-9999.0,-9999.0,-9999.0,-9999.0,-9999.0,-9999.0,-9999.0,-9999.0,9.583333400000003,333.6254687002725,-4.461377724814612,352.53308734540343,-0.16702012532136154,-0.16702062261172468,0.17536018416741772,-0.2155406604528256,158.0
P22_AV0_4_interaction,P22,AV0,4,off_ramp,P22_AV0_4,HV4,60,18910,315166.67,315166.6673,4.0,4.0,28.095608,101.144189,158.0,152.268907,-7250.033626,0.003168,-0.205976,0.0,28.095701,0.022058,0.0,7250.480189,17.405287,0.060289,1.0,0.0,0.0,0.0,7231.954539,12.066957,1021.0,3.0,0.0,229.0,-0.857147,35.120438,126.433578,35.117372,-0.464073,0.000105,0.244715,1.95909,7.1e-05,-0.212892,0.3745,0.0,0.0,0.0,0.0,0.0,-9999.0,-9999.0,-9999.0,-9999.0,-9999.0,-9999.0,-9999.0,-9999.0,-9999.0,-9999.0,-9999.0,-9999.0,-9999.0,-9999.0,9.6,334.21052127922,-4.477204487890268,353.00133951181635,-0.16412840916042226,-0.16412762833748376,0.17178868258550928,-0.2096319965153688,158.0
P22_AV0_4_interaction,P22,AV0,4,off_ramp,P22_AV0_4,HV4,60,18911,315183.34,315183.3427,4.0,4.0,28.09566,101.144377,158.0,152.737159,-7250.50108,0.006629,-0.204005,0.0,28.095748,0.021761,0.0,7250.947581,17.433828,0.060178,1.0,0.0,0.0,0.0,7232.539623,12.083823,1021.0,3.0,0.0,229.0,-0.872441,35.124088,126.446716,35.120988,-0.466634,0.000107,0.245113,1.966433,8.6e-05,-0.212578,0.375,0.0,0.0,0.0,0.0,0.0,-9999.0,-9999.0,-9999.0,-9999.0,-9999.0,-9999.0,-9999.0,-9999.0,-9999.0,-9999.0,-9999.0,-9999.0,-9999.0,-9999.0,9.616675400000007,334.79564871497365,-4.492489543980107,353.46959354094867,-0.16129388154977334,-0.16129287589864288,0.16837071615886678,-0.2032055670291868,158.0
P22_AV0_4_interaction,P22,AV0,4,off_ramp,P22_AV0_4,HV4,60,18912,315200.0,315200.0008,4.0,4.0,28.095726,101.144613,158.0,153.205412,-7250.968539,0.006608,-0.201352,0.0,28.095882,0.021469,0.0,7251.414976,17.462312,0.060068,1.0,0.0,0.0,0.0,7233.124752,12.101237,1021.0,3.0,0.0,229.0,-0.88719,35.127736,126.459849,35.124604,-0.469037,0.000108,0.245169,1.973273,0.000115,-0.212264,0.37525,0.0,0.0,0.0,0.0,0.0,-9999.0,-9999.0,-9999.0,-9999.0,-9999.0,-9999.0,-9999.0,-9999.0,-9999.0,-9999.0,-9999.0,-9999.0,-9999.0,-9999.0,9.633333500000008,335.38085117225825,-4.50722989760993,353.937847435816,-0.15851643267393814,-0.15851518686238533,0.16501506877913474,-0.20303688393437191,158.0
P22_AV0_4_interaction,P22,AV0,4,off_ramp,P22_AV0_4,HV4,60,18913,315216.67,315216.6667,4.0,4.0,28.095802,101.144886,158.0,153.673667,-7251.436002,0.030561,-0.201009,0.0,28.096093,0.021177,0.0,7251.882378,17.490741,0.059958,1.0,0.0,0.0,0.0,7233.709925,12.119201,1021.0,3.0,0.0,229.0,-0.901391,35.131284,126.472621,35.128122,-0.471285,0.000111,0.228641,1.97908,0.0002,-0.211793,0.3755,0.002198,0.0,0.0,0.0,0.0,-9999.0,-9999.0,-9999.0,-9999.0,-9999.0,-9999.0,-9999.0,-9999.0,-9999.0,-9999.0,-9999.0,-9999.0,-9999.0,-9999.0,9.649999400000029,335.96612776239743,-4.521423496889151,354.4061053002008,-0.1557942851808923,-0.15579394077187875,0.16160469015861345,-0.2026706168179162,158.0
P22_AV0_4_interaction,P22,AV0,4,off_ramp,P22_AV0_4,HV4,60,18914,315233.33,315233.334,4.0,4.0,28.095936,101.14537,158.0,154.141925,-7251.903471,0.015357,-0.197545,0.0,28.096522,0.020871,0.0,7252.349788,17.519114,0.05985,1.0,0.0,0.0,0.0,7234.295139,12.137718,1021.0,3.0,0.0,229.0,-0.915044,35.134606,126.484581,35.131417,-0.473374,0.000114,0.225636,1.984476,0.000193,-0.211322,0.3755,0.002198,0.0,0.0,0.0,0.0,-9999.0,-9999.0,-9999.0,-9999.0,-9999.0,-9999.0,-9999.0,-9999.0,-9999.0,-9999.0,-9999.0,-9999.0,-9999.0,-9999.0,9.666666700000002,336.551475654639,-4.535067181620335,354.8743680776863,-0.15312849246973803,-0.1531283901018298,0.1582594140670892,-0.19879588841123663,158.0
P22_AV0_4_interaction,P22,AV0,4,off_ramp,P22_AV0_4,HV4,60,18915,315250.0,315250.0048,4.0,4.0,28.096347,101.146848,158.0,154.610188,-7252.370948,0.008978,-0.198719,0.0,28.096748,0.020581,0.0,7252.817208,17.547432,0.059743,1.0,0.0,0.0,0.0,7234.880392,12.156788,1021.0,3.0,0.0,229.0,-0.928146,35.137725,126.49581,35.134508,-0.475469,0.000114,0.209551,1.965003,-0.00014,-0.21038,0.37675,0.002198,0.0,0.0,0.0,0.0,-9999.0,-9999.0,-9999.0,-9999.0,-9999.0,-9999.0,-9999.0,-9999.0,-9999.0,-9999.0,-9999.0,-9999.0,-9999.0,-9999.0,9.683337500000023,337.1368928520012,-4.548160841988161,355.34263782016274,-0.15051816586440786,-0.15051788427383772,0.15497722634392908,-0.19674044053181827,158.0
P22_AV0_4_interaction,P22,AV0,4,off_ramp,P22_AV0_4,HV4,60,18916,315266.67,315266.6675,4.0,4.0,28.096649,101.147936,158.0,155.078457,-7252.838435,0.00842,-0.198092,0.0,28.09689,0.020258,0.0,7253.284634,17.575696,0.059637,1.0,0.0,0.0,0.0,7235.465679,12.17641,1021.0,3.0,0.0,229.0,-0.9407,35.140978,126.507522,35.137725,-0.478136,9.9e-05,0.225219,1.909008,-0.001474,-0.209595,0.37675,0.002198,0.0,0.0,0.0,0.0,-9999.0,-9999.0,-9999.0,-9999.0,-9999.0,-9999.0,-9999.0,-9999.0,-9999.0,-9999.0,-9999.0,-9999.0,-9999.0,-9999.0,9.700000200000009,337.72237430711834,-4.560705201945547,355.8109105885717,-0.14796208724267557,-0.1479624305823706,0.15170136429284398,-0.1974868688023772,158.0
P22_AV0_4_interaction,P22,AV0,4,off_ramp,P22_AV0_4,HV4,60,18917,315283.33,315283.3341,4.0,4.0,28.096821,101.148557,158.0,155.54673,-7253.305928,-0.047971,-0.196725,0.0,28.096997,0.019938,0.0,7253.752066,17.603904,0.059531,1.0,0.0,0.0,0.0,7236.051002,12.196575,1021.0,3.0,0.0,229.0,-0.952713,35.144401,126.519843,35.141107,-0.481143,7e-05,0.242921,1.913761,-0.002313,-0.208653,0.3775,0.0,0.0,0.0,0.0,0.0,-9999.0,-9999.0,-9999.0,-9999.0,-9999.0,-9999.0,-9999.0,-9999.0,-9999.0,-9999.0,-9999.0,-9999.0,-9999.0,-9999.0,9.716666800000006,338.3079215228048,-4.572709357730839,356.2791862730996,-0.14546225358750806,-0.14546179696082293,0.1483951203175753,-0.1974619934347812,158.0
P22_AV0_4_interaction,P22,AV0,4,off_ramp,P22_AV0_4,HV4,60,18918,315300.0,315300.0007,4.0,4.0,28.096959,101.149053,158.0,156.015005,-7253.773427,0.001796,-0.195007,0.0,28.096275,0.019634,0.0,7254.219498,17.632058,0.059425,1.0,0.0,0.0,0.0,7236.636364,12.217278,1021.0,3.0,0.0,229.0,-0.964191,35.148089,126.533119,35.144759,-0.483782,2.2e-05,0.249184,1.918022,-0.00312,-0.207397,0.37775,0.0,0.0,0.0,0.0,0.0,-9999.0,-9999.0,-9999.0,-9999.0,-9999.0,-9999.0,-9999.0,-9999.0,-9999.0,-9999.0,-9999.0,-9999.0,-9999.0,-9999.0,9.733333400000003,338.8935372199956,-4.584178466524238,356.747458992612,-0.1430163384698154,-0.14301594635780165,0.14511932417328488,-0.196200350256456,158.0
P22_AV0_4_interaction,P22,AV0,4,off_ramp,P22_AV0_4,HV4,60,18919,315316.67,315316.667,4.0,4.0,28.096597,101.147748,158.0,156.483279,-7254.240927,0.00625,-0.196901,0.0,28.096367,0.019354,0.0,7254.686926,17.660158,0.05932,1.0,0.0,0.0,0.0,7237.221766,12.23852,1021.0,3.0,0.0,229.0,-0.975132,35.151825,126.546571,35.148464,-0.486081,-3.1e-05,0.251359,1.919368,-0.003185,-0.205356,0.37775,0.0,0.0,0.0,0.0,0.0,-9999.0,-9999.0,-9999.0,-9999.0,-9999.0,-9999.0,-9999.0,-9999.0,-9999.0,-9999.0,-9999.0,-9999.0,-9999.0,-9999.0,9.749999700000044,339.4792224520902,-4.595111584742028,357.21572475314287,-0.14062412225880486,-0.14062454806071117,0.14185519345358344,-0.19556344090157474,158.0
P22_AV0_4_interaction,P22,AV0,4,off_ramp,P22_AV0_4,HV4,60,18920,315333.33,315333.3341,4.0,4.0,28.096289,101.146642,158.0,156.951545,-7254.708421,0.01094,-0.194084,0.0,28.096489,0.019051,0.0,7255.154359,17.688203,0.059214,1.0,0.0,0.0,0.0,7237.807212,12.260302,1021.0,3.0,0.0,229.0,-0.985538,35.15558,126.560086,35.152192,-0.488026,-8.1e-05,0.25222,1.920842,-0.002828,-0.203786,0.37775,0.0,0.0,0.0,0.0,0.0,-9999.0,-9999.0,-9999.0,-9999.0,-9999.0,-9999.0,-9999.0,-9999.0,-9999.0,-9999.0,-9999.0,-9999.0,-9999.0,-9999.0,9.766666800000007,340.0649812679624,-4.605507933523564,357.6839924862076,-0.13828709761515698,-0.1382874330633756,0.1386005302342843,-0.19463046945310847,158.0
P22_AV0_4_interaction,P22,AV0,4,off_ramp,P22_AV0_4,HV4,60,18921,315350.0,315350.0007,4.0,4.0,28.096418,101.147106,158.0,157.419812,-7255.175921,-0.011616,-0.193918,0.0,28.096477,0.018802,0.0,7255.621797,17.716194,0.059108,1.0,0.0,0.0,0.0,7238.392699,12.282624,1021.0,3.0,0.0,229.0,-0.995405,35.159346,126.573647,35.155937,-0.489627,-0.000123,0.252998,1.920529,-0.002311,-0.201902,0.37875,0.0,0.0,0.0,0.0,0.0,-9999.0,-9999.0,-9999.0,-9999.0,-9999.0,-9999.0,-9999.0,-9999.0,-9999.0,-9999.0,-9999.0,-9999.0,-9999.0,-9999.0,9.783333400000004,340.650810672138,-4.615367348145764,358.15226224671403,-0.13600426604744892,-0.13600447794334694,0.13536743912974547,-0.19363541288332842,158.0
P22_AV0_4_interaction,P22,AV0,4,off_ramp,P22_AV0_4,HV4,60,18922,315366.67,315366.6668,4.0,4.0,28.096579,101.147685,158.0,157.888082,-7255.643426,0.010485,-0.191942,0.0,28.096412,0.018567,0.0,7256.089237,17.744131,0.059002,1.0,0.0,0.0,0.0,7238.978228,12.305488,1021.0,3.0,0.0,229.0,-1.004735,35.163028,126.586899,35.159601,-0.490897,-0.000156,0.237059,1.918365,-0.001714,-0.199704,0.379,0.002198,0.0,0.0,0.0,0.0,-9999.0,-9999.0,-9999.0,-9999.0,-9999.0,-9999.0,-9999.0,-9999.0,-9999.0,-9999.0,-9999.0,-9999.0,-9999.0,-9999.0,9.799999500000034,341.236711772923,-4.624687886533417,358.62053103918856,-0.13377546283263878,-0.1337752692147001,0.13214613875643888,-0.19298345298852482,158.0
P22_AV0_4_interaction,P22,AV0,4,off_ramp,P22_AV0_4,HV4,60,18923,315383.33,315383.3334,4.0,4.0,28.09638,101.146967,158.0,158.356351,-7256.110933,0.008552,-0.190767,0.0,28.096563,0.018376,0.0,7256.55668,17.772015,0.058895,1.0,0.0,1.0,0.0,7239.563797,12.328892,1021.0,3.0,0.0,229.0,-1.013528,35.166567,126.599642,35.163128,-0.491834,-0.000181,0.249156,1.915435,-0.001321,-0.197506,0.379,0.0,0.0,0.0,0.0,0.0,-9999.0,-9999.0,-9999.0,-9999.0,-9999.0,-9999.0,-9999.0,-9999.0,-9999.0,-9999.0,-9999.0,-9999.0,-9999.0,-9999.0,9.816666100000031,341.8226824635195,-4.633471435854026,359.0887999170289,-0.1315997443869047,-0.1315996919549733,0.12893477988745516,-0.19197780067127557,158.0
P22_AV0_4_interaction,P22,AV0,4,off_ramp,P22_AV0_4,HV4,60,18924,315400.0,315400.0002,4.0,4.0,28.096498,101.147394,158.0,158.82462,-7256.578443,0.007948,-0.188371,0.0,28.096689,0.018214,0.0,7257.024129,17.799846,0.058788,1.0,0.0,1.0,0.0,7240.149404,12.352836,1021.0,3.0,0.0,229.0,-1.021783,35.170336,126.613211,35.166889,-0.492431,-0.000198,0.254087,1.911834,-0.000923,-0.195465,0.37975,0.0,0.0,0.0,0.0,0.0,-9999.0,-9999.0,-9999.0,-9999.0,-9999.0,-9999.0,-9999.0,-9999.0,-9999.0,-9999.0,-9999.0,-9999.0,-9999.0,-9999.0,9.833332900000038,342.4087207469449,-4.64171788629221,359.5570718757112,-0.12947727543343127,-0.12947743526295413,0.12574686621734488,-0.19046674479926295,158.0
P22_AV0_4_interaction,P22,AV0,4,off_ramp,P22_AV0_4,HV4,60,18925,315416.67,315416.6672,4.0,4.0,28.096634,101.147881,158.0,159.292892,-7257.045959,0.010846,-0.188664,0.0,28.09684,0.0181,0.0,7257.491584,17.827624,0.05868,1.0,0.0,1.0,0.0,7240.735051,12.377319,1021.0,3.0,0.0,229.0,-1.029501,35.174143,126.626915,35.170692,-0.492708,-0.000211,0.255564,1.906151,-0.000654,-0.192953,0.38025,0.0,0.0,0.0,0.0,0.0,-9999.0,-9999.0,-9999.0,-9999.0,-9999.0,-9999.0,-9999.0,-9999.0,-9999.0,-9999.0,-9999.0,-9999.0,-9999.0,-9999.0,9.849999900000054,342.994828565274,-4.649428346154783,360.0253469152337,-0.12740805597211508,-0.12740807170086527,0.12258579983228124,-0.18887767759858543,158.0
P22_AV0_4_interaction,P22,AV0,4,off_ramp,P22_AV0_4,HV4,60,18926,315433.33,315433.334,4.0,4.0,28.096755,101.148317,158.0,159.761166,-7257.51348,0.010637,-0.185327,0.0,28.097018,0.01799,0.0,7257.959044,17.85535,0.058572,1.0,0.0,1.0,0.0,7241.320738,12.402342,1021.0,3.0,0.0,229.0,-1.036684,35.177965,126.640675,35.174515,-0.492683,-0.000219,0.256296,1.898085,-0.0004,-0.189813,0.38025,0.0,0.0,0.0,0.0,0.0,-9999.0,-9999.0,-9999.0,-9999.0,-9999.0,-9999.0,-9999.0,-9999.0,-9999.0,-9999.0,-9999.0,-9999.0,-9999.0,-9999.0,9.866666700000001,343.5810059734156,-4.656601816950357,360.4936240920132,-0.12539103260386805,-0.12539118409910052,0.1194508551748128,-0.18753641113601782,158.0
P22_AV0_4_interaction,P22,AV0,4,off_ramp,P22_AV0_4,HV4,60,18927,315450.0,315450.0007,4.0,4.0,28.096929,101.148946,158.0,160.229444,-7257.981007,0.002603,-0.186711,0.0,28.097193,0.017936,0.0,7258.42651,17.883024,0.058464,1.0,0.0,1.0,0.0,7241.906466,12.427901,1021.0,3.0,0.0,229.0,-1.043334,35.181711,126.654158,35.178265,-0.492354,-0.000223,0.240732,1.88869,-9.4e-05,-0.186516,0.38025,0.002198,0.0,0.0,0.0,0.0,-9999.0,-9999.0,-9999.0,-9999.0,-9999.0,-9999.0,-9999.0,-9999.0,-9999.0,-9999.0,-9999.0,-9999.0,-9999.0,-9999.0,9.883333400000003,344.1672537502287,-4.663242347552287,360.9619044045415,-0.12342626023639819,-0.1234263563076162,0.11633455475993593,-0.18651481491957833,158.0
P22_AV0_4_interaction,P22,AV0,4,off_ramp,P22_AV0_4,HV4,60,18928,315466.67,315466.6668,4.0,4.0,28.097106,101.149582,158.0,160.697724,-7258.448539,0.009006,-0.184869,0.0,28.097246,0.017894,0.0,7258.893981,17.910646,0.058355,1.0,0.0,1.0,0.0,7242.492232,12.453995,1021.0,3.0,0.0,229.0,-1.049451,35.185318,126.667146,35.181883,-0.491661,-0.000223,0.252833,1.88271,2.9e-05,-0.184946,0.38025,0.0,0.0,0.0,0.0,0.0,-9999.0,-9999.0,-9999.0,-9999.0,-9999.0,-9999.0,-9999.0,-9999.0,-9999.0,-9999.0,-9999.0,-9999.0,-9999.0,-9999.0,9.899999500000034,344.75356884533136,-4.669350771728918,361.4301868543268,-0.12151368396198686,-0.12151342578637613,0.1132337935966623,-0.18532041501865715,158.0
P22_AV0_4_interaction,P22,AV0,4,off_ramp,P22_AV0_4,HV4,60,18929,315483.33,315483.334,4.0,4.0,28.097213,101.149968,158.0,161.166007,-7258.916077,0.013613,-0.182514,0.0,28.097438,0.017849,0.0,7259.361457,17.938217,0.058247,1.0,0.0,1.0,0.0,7243.078036,12.480621,1021.0,3.0,0.0,229.0,-1.055038,35.189158,126.68097,35.185737,-0.49069,-0.00022,0.257472,1.865998,0.000219,-0.179294,0.38025,0.0,0.0,0.0,0.0,0.0,-9999.0,-9999.0,-9999.0,-9999.0,-9999.0,-9999.0,-9999.0,-9999.0,-9999.0,-9999.0,-9999.0,-9999.0,-9999.0,-9999.0,9.916666700000002,345.3399510940022,-4.674930084954653,361.89847149627684,-0.11965230528920763,-0.11965190369670115,0.11015721537952494,-0.183783684076674,158.0
P22_AV0_4_interaction,P22,AV0,4,off_ramp,P22_AV0_4,HV4,60,18930,315500.0,315500.0008,4.0,4.0,28.09732,101.150353,158.0,161.634291,-7259.38362,0.010102,-0.180936,0.0,28.097641,0.017835,0.0,7259.828939,17.965738,0.058139,1.0,0.0,1.0,0.0,7243.663878,12.507779,1021.0,3.0,0.0,229.0,-1.060098,35.193022,126.694879,35.189619,-0.489359,-0.000216,0.258144,1.861819,0.000306,-0.179294,0.38025,0.0,0.0,0.0,0.0,0.0,-9999.0,-9999.0,-9999.0,-9999.0,-9999.0,-9999.0,-9999.0,-9999.0,-9999.0,-9999.0,-9999.0,-9999.0,-9999.0,-9999.0,9.933333500000009,345.9264004962403,-4.679980287229446,362.366759383791,-0.11784118063433495,-0.11784144394450381,0.10710754762758112,-0.18233514022079733,158.0
P22_AV0_4_interaction,P22,AV0,4,off_ramp,P22_AV0_4,HV4,60,18931,315516.67,315516.6673,4.0,4.0,28.09755,101.151181,158.0,162.10258,-7259.851169,0.002755,-0.179722,0.0,28.097773,0.017834,0.0,7260.296428,17.993208,0.058031,1.0,0.0,1.0,0.0,7244.24976,12.535464,1021.0,3.0,0.0,229.0,-1.064633,35.19691,126.708876,35.19353,-0.487745,-0.000209,0.259439,1.84699,0.000407,-0.175212,0.38025,0.0,0.0,0.0,0.0,0.0,-9999.0,-9999.0,-9999.0,-9999.0,-9999.0,-9999.0,-9999.0,-9999.0,-9999.0,-9999.0,-9999.0,-9999.0,-9999.0,-9999.0,9.95,346.51291877448904,-4.684506480825796,362.8350514604526,-0.11608136339646752,-0.11608165476787406,0.10407938306393039,-0.1829886386449684,158.0
P22_AV0_4_interaction,P22,AV0,4,off_ramp,P22_AV0_4,HV4,60,18932,315533.33,315533.3339,4.0,4.0,28.097724,101.151806,158.0,162.570871,-7260.318724,0.006083,-0.181985,0.0,28.097812,0.017836,0.0,7260.763921,18.020627,0.057924,1.0,0.0,1.0,0.0,7244.835682,12.563673,1021.0,3.0,0.0,229.0,-1.068646,35.200818,126.722946,35.197466,-0.485827,-0.000202,0.260159,1.833226,0.0005,-0.171915,0.38025,0.0,0.0,0.0,0.0,0.0,-9999.0,-9999.0,-9999.0,-9999.0,-9999.0,-9999.0,-9999.0,-9999.0,-9999.0,-9999.0,-9999.0,-9999.0,-9999.0,-9999.0,9.966666600000055,347.099505764027,-4.688511661218102,363.30334473078796,-0.11437268885256702,-0.11437215576269648,0.10100796877736551,-0.18046097105809755,158.0
P22_AV0_4_interaction,P22,AV0,4,off_ramp,P22_AV0_4,HV4,60,18933,315550.02,315550.0205,4.0,4.0,28.097795,101.152061,158.0,163.039164,-7260.786283,0.003169,-0.180329,0.0,28.097906,0.01782,0.0,7261.231418,18.047997,0.057818,1.0,0.0,1.0,0.0,7245.421644,12.592404,1021.0,3.0,0.0,229.0,-1.072141,35.204742,126.737071,35.20142,-0.483624,-0.000192,0.26081,1.816729,0.000577,-0.167833,0.3805,0.0,0.0,0.0,0.0,0.0,-9999.0,-9999.0,-9999.0,-9999.0,-9999.0,-9999.0,-9999.0,-9999.0,-9999.0,-9999.0,-9999.0,-9999.0,-9999.0,-9999.0,9.983353200000012,347.68616135503805,-4.691997825389184,363.7716393046125,-0.11271316001976638,-0.1127127783164171,0.09806058528075479,-0.17646573261263088,158.0
P22_AV0_4_interaction,P22,AV0,4,off_ramp,P22_AV0_4,HV4,60,18934,315566.67,315566.6674,4.0,4.0,28.097861,101.152301,158.0,163.507459,-7261.253847,0.016508,-0.17952,0.0,28.098017,0.017784,0.0,7261.698919,18.075317,0.057712,1.0,0.0,1.0,0.0,7246.007645,12.621652,1021.0,3.0,0.0,229.0,-1.075122,35.208688,126.751276,35.2054,-0.481136,-0.000182,0.261911,1.798651,0.000631,-0.163437,0.38025,0.0,0.0,0.0,0.0,0.0,-9999.0,-9999.0,-9999.0,-9999.0,-9999.0,-9999.0,-9999.0,-9999.0,-9999.0,-9999.0,-9999.0,-9999.0,-9999.0,-9999.0,10.000000100000005,348.27288427449184,-4.694969910888507,364.23993512701776,-0.1111037753894492,-0.11110334355361595,0.09512573511258005,-0.17966120850803957,158.0
P22_AV0_4_interaction,P22,AV0,4,off_ramp,P22_AV0_4,HV4,60,18935,315583.33,315583.3337,4.0,4.0,28.097932,101.152555,158.0,163.975755,-7261.721415,-0.004893,-0.180369,0.0,28.098269,0.017744,0.0,7262.166426,18.102588,0.057607,1.0,0.0,1.0,0.0,7246.593686,12.651413,1021.0,3.0,0.0,229.0,-1.077593,35.212563,126.765228,35.209314,-0.478375,-0.00017,0.246336,1.777786,0.00072,-0.158256,0.38125,0.002198,0.0,0.0,0.0,0.0,-9999.0,-9999.0,-9999.0,-9999.0,-9999.0,-9999.0,-9999.0,-9999.0,-9999.0,-9999.0,-9999.0,-9999.0,-9999.0,-9999.0,10.016666400000046,348.8596753012504,-4.697431966589568,364.70823424989396,-0.10954364628554798,-0.10954389604716215,0.09207536502255698,-0.18091096090206538,158.0
P22_AV0_4_interaction,P22,AV0,4,off_ramp,P22_AV0_4,HV4,60,18936,315600.0,315600.0009,4.0,4.0,28.098154,101.153354,158.0,164.444054,-7262.188988,0.007028,-0.179154,0.0,28.098203,0.017692,0.0,7262.633938,18.129809,0.057502,1.0,0.0,1.0,0.0,7247.179765,12.681682,1021.0,3.0,0.0,229.0,-1.079559,35.216306,126.778702,35.213098,-0.475313,-0.000159,0.258442,1.756982,0.000646,-0.153389,0.3815,0.0,0.0,0.0,0.0,0.0,-9999.0,-9999.0,-9999.0,-9999.0,-9999.0,-9999.0,-9999.0,-9999.0,-9999.0,-9999.0,-9999.0,-9999.0,-9999.0,-9999.0,10.033333600000013,349.4465321637906,-4.69938887513407,365.17653561984343,-0.10803371629189526,-0.10803415206208714,0.08909534340493996,-0.17875712864224003,158.0
P22_AV0_4_interaction,P22,AV0,4,off_ramp,P22_AV0_4,HV4,60,18937,315616.67,315616.6668,4.0,4.0,28.098227,101.153617,158.0,164.912356,-7262.656567,0.01027,-0.17758,0.0,28.098341,0.017629,0.0,7263.101453,18.15698,0.057398,1.0,0.0,1.0,0.0,7247.765881,12.712452,1021.0,3.0,0.0,229.0,-1.081026,35.220287,126.793033,35.217124,-0.471967,-0.000147,0.263102,1.732227,0.000638,-0.147266,0.3815,0.0,0.0,0.0,0.0,0.0,-9999.0,-9999.0,-9999.0,-9999.0,-9999.0,-9999.0,-9999.0,-9999.0,-9999.0,-9999.0,-9999.0,-9999.0,-9999.0,-9999.0,10.049999500000034,350.0334534792688,-4.700847571054445,365.6448372398827,-0.10657387559306795,-0.1065740681914305,0.08611683567785633,-0.1786446335751486,158.0
P22_AV0_4_interaction,P22,AV0,4,off_ramp,P22_AV0_4,HV4,60,18938,315633.33,315633.3336,4.0,4.0,28.09826,101.153737,158.0,165.380657,-7263.124148,0.00608,-0.178086,0.0,28.09851,0.017574,0.0,7263.568973,18.184102,0.057294,1.0,0.0,1.0,0.0,7248.352037,12.74372,1021.0,3.0,0.0,229.0,-1.081999,35.224295,126.807463,35.221183,-0.468246,-0.000137,0.263595,1.712122,0.000561,-0.143498,0.3815,0.0,0.0,0.0,0.0,0.0,-9999.0,-9999.0,-9999.0,-9999.0,-9999.0,-9999.0,-9999.0,-9999.0,-9999.0,-9999.0,-9999.0,-9999.0,-9999.0,-9999.0,10.06666630000004,350.6204420784345,-4.701811214547981,366.11314116190204,-0.10516323551299855,-0.10516364809956583,0.08314063556066031,-0.1780027741107335,158.0
P22_AV0_4_interaction,P22,AV0,4,off_ramp,P22_AV0_4,HV4,60,18939,315650.0,315650.0009,4.0,4.0,28.098426,101.154333,158.0,165.848962,-7263.591735,-0.004117,-0.17804,0.0,28.098679,0.017498,0.0,7264.036499,18.211174,0.057192,1.0,0.0,1.0,0.0,7248.938233,12.775478,1021.0,3.0,0.0,229.0,-1.082484,35.228317,126.821942,35.225259,-0.464173,-0.000128,0.263846,1.68911,0.000507,-0.138945,0.38175,0.0,0.0,0.0,0.0,0.0,-9999.0,-9999.0,-9999.0,-9999.0,-9999.0,-9999.0,-9999.0,-9999.0,-9999.0,-9999.0,-9999.0,-9999.0,-9999.0,-9999.0,10.083333600000012,351.20749752202795,-4.702287793546258,366.58144832948466,-0.10380284945078576,-0.10380265141550485,0.08018327397318847,-0.17667907125823445,158.0
P22_AV0_4_interaction,P22,AV0,4,off_ramp,P22_AV0_4,HV4,60,18940,315666.67,315666.6676,4.0,4.0,28.098559,101.154814,158.0,166.317269,-7264.059327,0.006577,-0.174753,0.0,28.098604,0.017426,0.0,7264.50403,18.238198,0.057089,1.0,0.0,1.0,0.0,7249.52447,12.807722,1021.0,3.0,0.0,229.0,-1.082487,35.23235,126.836461,35.229351,-0.459732,-0.00012,0.263958,1.666582,0.000468,-0.13502,0.3815,0.0,0.0,0.0,0.0,0.0,-9999.0,-9999.0,-9999.0,-9999.0,-9999.0,-9999.0,-9999.0,-9999.0,-9999.0,-9999.0,-9999.0,-9999.0,-9999.0,-9999.0,10.100000300000014,351.79462058890925,-4.702281356922673,367.04975785395595,-0.10249066551594375,-0.10249081707686866,0.07725121449230166,-0.17532636551904934,158.0
P22_AV0_4_interaction,P22,AV0,4,off_ramp,P22_AV0_4,HV4,60,18941,315683.33,315683.3339,4.0,4.0,28.098643,101.155116,158.0,166.785578,-7264.526924,0.012674,-0.172153,0.0,28.098802,0.017373,0.0,7264.971563,18.265173,0.056987,1.0,0.0,1.0,0.0,7250.110747,12.840444,1021.0,3.0,0.0,229.0,-1.082013,35.236393,126.851016,35.233456,-0.454928,-0.000112,0.264037,1.643407,0.000436,-0.131252,0.3815,0.0,0.0,0.0,0.0,0.0,-9999.0,-9999.0,-9999.0,-9999.0,-9999.0,-9999.0,-9999.0,-9999.0,-9999.0,-9999.0,-9999.0,-9999.0,-9999.0,-9999.0,10.116666600000055,352.3818098413241,-4.701799837700946,367.51806668493293,-0.10122751747678205,-0.101227635515893,0.07433911975385898,-0.17407904372952343,158.0
P22_AV0_4_interaction,P22,AV0,4,off_ramp,P22_AV0_4,HV4,60,18942,315700.0,315700.001,4.0,4.0,28.098657,101.155167,158.0,167.253887,-7264.994524,0.006083,-0.173825,0.0,28.098943,0.017336,0.0,7265.439103,18.2921,0.056886,1.0,0.0,1.0,0.0,7250.697064,12.87364,1021.0,3.0,0.0,229.0,-1.08107,35.240447,126.86561,35.237577,-0.449779,-0.000105,0.26423,1.618879,0.00041,-0.127327,0.3815,0.0,0.0,0.0,0.0,0.0,-9999.0,-9999.0,-9999.0,-9999.0,-9999.0,-9999.0,-9999.0,-9999.0,-9999.0,-9999.0,-9999.0,-9999.0,-9999.0,-9999.0,10.133333700000017,352.9690650596437,-4.700847229846911,367.98637986978036,-0.1000126813803179,-0.10001284378802684,0.0714485691368476,-0.1725387319995666,158.0
P22_AV0_4_interaction,P22,AV0,4,off_ramp,P22_AV0_4,HV4,60,18943,315716.67,315716.6668,4.0,4.0,28.098907,101.156066,158.0,167.7222,-7265.462129,0.002623,-0.171911,0.0,28.099034,0.017283,0.0,7265.906647,18.318979,0.056786,1.0,0.0,0.0,0.0,7251.283423,12.907302,1021.0,3.0,0.0,229.0,-1.079663,35.244421,126.879916,35.24162,-0.444322,-9.8e-05,0.24799,1.59152,0.000454,-0.122617,0.3815,0.002198,0.0,0.0,0.0,0.0,-9999.0,-9999.0,-9999.0,-9999.0,-9999.0,-9999.0,-9999.0,-9999.0,-9999.0,-9999.0,-9999.0,-9999.0,-9999.0,-9999.0,10.149999500000034,353.55638780158813,-4.699431631107376,368.4546944130247,-0.09884599250352005,-0.09884604376955608,0.06858790114061541,-0.17105367976479013,158.0
P22_AV0_4_interaction,P22,AV0,4,off_ramp,P22_AV0_4,HV4,60,18944,315733.33,315733.3335,4.0,4.0,28.098993,101.156375,158.0,168.190515,-7265.92974,-0.003216,-0.170284,0.0,28.098975,0.017236,0.0,7266.374195,18.345811,0.056686,1.0,0.0,0.0,0.0,7251.869821,12.941423,1021.0,3.0,0.0,229.0,-1.0778,35.248256,126.893723,35.245528,-0.438522,-9.1e-05,0.25995,1.56674,0.000359,-0.11932,0.3815,0.0,0.0,0.0,0.0,0.0,-9999.0,-9999.0,-9999.0,-9999.0,-9999.0,-9999.0,-9999.0,-9999.0,-9999.0,-9999.0,-9999.0,-9999.0,-9999.0,-9999.0,10.166666200000035,354.14377468733,-4.697559866199339,368.92301036957366,-0.0977264523549479,-0.09772664013605825,0.06574692342769994,-0.1694667663942533,158.0
P22_AV0_4_interaction,P22,AV0,4,off_ramp,P22_AV0_4,HV4,60,18945,315750.0,315750.0007,4.0,4.0,28.099055,101.156598,158.0,168.658831,-7266.397354,0.007365,-0.168817,0.0,28.098978,0.017187,0.0,7266.841745,18.372596,0.056588,1.0,0.0,0.0,0.0,7252.456257,12.975995,1021.0,3.0,0.0,229.0,-1.075488,35.252341,126.908427,35.249689,-0.432417,-8.5e-05,0.265387,1.539149,0.000346,-0.115238,0.3815,0.0,0.0,0.0,0.0,0.0,-9999.0,-9999.0,-9999.0,-9999.0,-9999.0,-9999.0,-9999.0,-9999.0,-9999.0,-9999.0,-9999.0,-9999.0,-9999.0,-9999.0,10.183333400000004,354.73122427911517,-4.69523986814653,369.39132574244275,-0.09665395111913196,-0.09665444381589285,0.06293891388788131,-0.16724575020954946,158.0
P22_AV0_4_interaction,P22,AV0,4,off_ramp,P22_AV0_4,HV4,60,18946,315766.67,315766.6675,4.0,4.0,28.098947,101.156211,158.0,169.127146,-7266.86497,0.010738,-0.165682,0.0,28.099123,0.017131,0.0,7267.309298,18.399334,0.05649,1.0,0.0,0.0,0.0,7253.042735,13.011013,1021.0,3.0,0.0,229.0,-1.072735,35.256468,126.923283,35.253893,-0.426037,-7.9e-05,0.266429,1.509644,0.00029,-0.110685,0.3815,0.0,0.0,0.0,0.0,0.0,-9999.0,-9999.0,-9999.0,-9999.0,-9999.0,-9999.0,-9999.0,-9999.0,-9999.0,-9999.0,-9999.0,-9999.0,-9999.0,-9999.0,10.200000200000009,355.31874029637225,-4.692476849036958,369.8596415301256,-0.09562854370388718,-0.09562863326788933,0.060171952606686396,-0.16467161628659643,158.0
P22_AV0_4_interaction,P22,AV0,4,off_ramp,P22_AV0_4,HV4,60,18947,315783.33,315783.3342,4.0,4.0,28.099038,101.156538,158.0,169.595461,-7267.332589,-0.012948,-0.161599,0.0,28.099299,0.017087,0.0,7267.776856,18.426027,0.056394,1.0,0.0,0.0,0.0,7253.629254,13.046467,1021.0,3.0,0.0,229.0,-1.069547,35.26052,126.937872,35.258026,-0.419397,-7.4e-05,0.250342,1.478978,0.000343,-0.105975,0.3815,0.002198,0.0,0.0,0.0,0.0,-9999.0,-9999.0,-9999.0,-9999.0,-9999.0,-9999.0,-9999.0,-9999.0,-9999.0,-9999.0,-9999.0,-9999.0,-9999.0,-9999.0,10.21666690000001,355.90632119153247,-4.689280738877262,370.32795983941935,-0.09464834294165908,-0.0946487017584407,0.05744983229744527,-0.1618300280983851,158.0
P22_AV0_4_interaction,P22,AV0,4,off_ramp,P22_AV0_4,HV4,60,18948,315800.0,315800.0006,4.0,4.0,28.099212,101.157163,158.0,170.06378,-7267.800214,0.002618,-0.158526,0.0,28.099119,0.017061,0.0,7268.244418,18.452675,0.0563,1.0,0.0,0.0,0.0,7254.215815,13.082349,1021.0,3.0,0.0,229.0,-1.065934,35.264345,126.95164,35.261932,-0.412528,-6.8e-05,0.245875,1.445459,0.000343,-0.100323,0.3815,0.002198,0.0,0.0,0.0,0.0,-9999.0,-9999.0,-9999.0,-9999.0,-9999.0,-9999.0,-9999.0,-9999.0,-9999.0,-9999.0,-9999.0,-9999.0,-9999.0,-9999.0,10.233333300000057,356.4939675238243,-4.685659580506534,370.79627967183217,-0.09371329392474677,-0.09371365145537557,0.05477765519896227,-0.15887062178959344,158.0
P22_AV0_4_interaction,P22,AV0,4,off_ramp,P22_AV0_4,HV4,60,18949,315816.67,315816.6667,4.0,4.0,28.09919,101.157086,158.0,170.5321,-7268.267842,0.003734,-0.155909,0.0,28.099169,0.017029,0.0,7268.711981,18.479278,0.056208,1.0,0.0,0.0,0.0,7254.802414,13.118652,1021.0,3.0,0.0,229.0,-1.061905,35.268165,126.965393,35.265835,-0.405379,-6.2e-05,0.245636,1.414924,0.00035,-0.096241,0.3815,0.002198,0.0,0.0,0.0,0.0,-9999.0,-9999.0,-9999.0,-9999.0,-9999.0,-9999.0,-9999.0,-9999.0,-9999.0,-9999.0,-9999.0,-9999.0,-9999.0,-9999.0,10.24999940000003,357.0816749149305,-4.68162014373417,371.26459803189056,-0.0928232319301048,-0.0928228247707708,0.05215427641910653,-0.15571877725000327,158.0
P22_AV0_4_interaction,P22,AV0,4,off_ramp,P22_AV0_4,HV4,60,18950,315833.33,315833.3335,4.0,4.0,28.09914,101.156904,158.0,171.000418,-7268.73547,0.013658,-0.153313,0.0,28.099294,0.016979,0.0,7269.179547,18.505839,0.056117,1.0,0.0,0.0,0.0,7255.389051,13.155365,1021.0,3.0,0.0,229.0,-1.057467,35.272088,126.979515,35.269842,-0.397982,-5.7e-05,0.261961,1.381843,0.000241,-0.091374,0.3815,0.0,0.0,0.0,0.0,0.0,-9999.0,-9999.0,-9999.0,-9999.0,-9999.0,-9999.0,-9999.0,-9999.0,-9999.0,-9999.0,-9999.0,-9999.0,-9999.0,-9999.0,10.266666200000037,357.6694427608654,-4.6771734119659,371.7329170812993,-0.09197527129875581,-0.09197519999096322,0.04958709913384052,-0.15257134111833626,158.0
P22_AV0_4_interaction,P22,AV0,4,off_ramp,P22_AV0_4,HV4,60,18951,315850.0,315850.0007,4.0,4.0,28.0992,101.157119,158.0,171.468737,-7269.203103,0.010809,-0.150601,0.0,28.099504,0.016907,0.0,7269.647118,18.532357,0.056029,1.0,0.0,0.0,0.0,7255.975729,13.192479,1021.0,3.0,0.0,229.0,-1.05263,35.276267,126.994562,35.274107,-0.390397,-5.2e-05,0.266884,1.343662,0.000206,-0.084623,0.3815,0.0,0.0,0.0,0.0,0.0,-9999.0,-9999.0,-9999.0,-9999.0,-9999.0,-9999.0,-9999.0,-9999.0,-9999.0,-9999.0,-9999.0,-9999.0,-9999.0,-9999.0,10.283333400000004,358.2572735629334,-4.672328536347676,372.2012387621353,-0.09117052033760992,-0.09116988942424145,0.04706846450073687,-0.14961241967919348,158.0
P22_AV0_4_interaction,P22,AV0,4,off_ramp,P22_AV0_4,HV4,60,18952,315866.67,315866.6671,4.0,4.0,28.099407,101.157866,158.0,171.937059,-7269.67074,0.010236,-0.146513,0.0,28.099679,0.016825,0.0,7270.114695,18.558835,0.055944,1.0,0.0,0.0,0.0,7256.562451,13.229987,1021.0,3.0,0.0,229.0,-1.047403,35.280481,127.009733,35.278407,-0.382577,-4.9e-05,0.267478,1.307829,0.000181,-0.079128,0.3815,0.0,0.0,0.0,0.0,0.0,-9999.0,-9999.0,-9999.0,-9999.0,-9999.0,-9999.0,-9999.0,-9999.0,-9999.0,-9999.0,-9999.0,-9999.0,-9999.0,-9999.0,10.299999800000048,358.8451699322558,-4.667092671042671,372.66956423761235,-0.09040603848002811,-0.09040623662493169,0.04459997617996203,-0.14692463014518142,158.0
P22_AV0_4_interaction,P22,AV0,4,off_ramp,P22_AV0_4,HV4,60,18953,315883.33,315883.3334,4.0,4.0,28.099593,101.158535,158.0,172.405384,-7270.138383,0.010039,-0.146345,0.0,28.099848,0.016688,0.0,7270.582277,18.585271,0.055861,1.0,0.0,0.0,0.0,7257.149219,13.267877,1021.0,3.0,0.0,229.0,-1.041797,35.284715,127.024975,35.282727,-0.374592,-4.5e-05,0.267864,1.265154,0.000223,-0.070964,0.38175,0.0,0.0,0.0,0.0,0.0,-9999.0,-9999.0,-9999.0,-9999.0,-9999.0,-9999.0,-9999.0,-9999.0,-9999.0,-9999.0,-9999.0,-9999.0,-9999.0,-9999.0,10.316666100000031,359.4331332069231,-4.661477907763476,373.1378923994234,-0.08968376780115883,-0.08968325155424203,0.042171069644085346,-0.14489657929243238,158.0
P22_AV0_4_interaction,P22,AV0,4,off_ramp,P22_AV0_4,HV4,60,18954,315900.0,315900.0007,4.0,4.0,28.099764,101.15915,158.0,172.873712,-7270.606031,0.006814,-0.145723,0.0,28.099981,0.016519,0.0,7271.049864,18.611668,0.055781,1.0,0.0,0.0,0.0,7257.736032,13.306139,1021.0,3.0,0.0,229.0,-1.035822,35.288964,127.040271,35.287063,-0.366342,-4e-05,0.267993,1.227729,0.000285,-0.065312,0.38175,0.0,0.0,0.0,0.0,0.0,-9999.0,-9999.0,-9999.0,-9999.0,-9999.0,-9999.0,-9999.0,-9999.0,-9999.0,-9999.0,-9999.0,-9999.0,-9999.0,-9999.0,10.333333400000003,360.02116183936647,-4.655494176516727,373.6062234122905,-0.08900071282664797,-0.08900052547589599,0.039770053246555026,-0.1430676020304431,158.0
P22_AV0_4_interaction,P22,AV0,4,off_ramp,P22_AV0_4,HV4,60,18955,315916.67,315916.6674,4.0,4.0,28.099931,101.15975,158.0,173.342044,-7271.073684,0.016906,-0.143776,0.0,28.100146,0.016297,0.0,7271.517455,18.638025,0.055703,1.0,0.0,0.0,0.0,7258.322893,13.344763,1021.0,3.0,0.0,229.0,-1.029489,35.293228,127.05562,35.291413,-0.357881,-3.5e-05,0.268128,1.184467,0.000338,-0.057462,0.3815,0.0,0.0,0.0,0.0,0.0,-9999.0,-9999.0,-9999.0,-9999.0,-9999.0,-9999.0,-9999.0,-9999.0,-9999.0,-9999.0,-9999.0,-9999.0,-9999.0,-9999.0,10.350000100000004,360.60925827598345,-4.649151626939855,374.07455622281697,-0.08835781714038153,-0.08835755516900237,0.037402053012538516,-0.14154430864303968,158.0
P22_AV0_4_interaction,P22,AV0,4,off_ramp,P22_AV0_4,HV4,60,18956,315933.33,315933.3334,4.0,4.0,28.100037,101.160133,158.0,173.810377,-7271.541341,0.010375,-0.141258,0.0,28.1004,0.016048,0.0,7271.985052,18.664343,0.055628,1.0,0.0,0.0,0.0,7258.909802,13.383737,1021.0,3.0,0.0,229.0,-1.022808,35.297503,127.071011,35.295777,-0.349105,-2.8e-05,0.268155,1.147411,0.000369,-0.052595,0.3815,0.0,0.0,0.0,0.0,0.0,-9999.0,-9999.0,-9999.0,-9999.0,-9999.0,-9999.0,-9999.0,-9999.0,-9999.0,-9999.0,-9999.0,-9999.0,-9999.0,-9999.0,10.366666100000032,361.19742185788266,-4.642462240930131,374.54289288289135,-0.08775419206618508,-0.08775381241695494,0.03505199852027108,-0.14042751411129895,158.0
P22_AV0_4_interaction,P22,AV0,4,off_ramp,P22_AV0_4,HV4,60,18957,315950.0,315950.0003,4.0,4.0,28.100286,101.161031,158.0,174.278713,-7272.009004,-0.000833,-0.140919,0.0,28.100499,0.015752,0.0,7272.452655,18.690623,0.055555,1.0,0.0,0.0,0.0,7259.496759,13.423051,1021.0,3.0,0.0,229.0,-1.01579,35.301791,127.086448,35.300153,-0.340054,-2.2e-05,0.268245,1.106962,0.000374,-0.046629,0.3815,0.0,0.0,0.0,0.0,0.0,-9999.0,-9999.0,-9999.0,-9999.0,-9999.0,-9999.0,-9999.0,-9999.0,-9999.0,-9999.0,-9999.0,-9999.0,-9999.0,-9999.0,10.383333000000043,361.78565203598527,-4.635436003401804,375.0112334474222,-0.08718883911267854,-0.08718917252080985,0.032721197773953214,-0.13938851062357038,158.0
P22_AV0_4_interaction,P22,AV0,4,off_ramp,P22_AV0_4,HV4,60,18958,315966.67,315966.6674,4.0,4.0,28.100486,101.161748,158.0,174.747054,-7272.476673,-0.005019,-0.139511,0.0,28.100468,0.015418,0.0,7272.920261,18.716863,0.055483,1.0,0.0,0.0,0.0,7260.083765,13.462695,1021.0,3.0,0.0,229.0,-1.008446,35.306092,127.10193,35.304543,-0.330719,-1.5e-05,0.268314,1.067201,0.000365,-0.041291,0.3815,0.0,0.0,0.0,0.0,0.0,-9999.0,-9999.0,-9999.0,-9999.0,-9999.0,-9999.0,-9999.0,-9999.0,-9999.0,-9999.0,-9999.0,-9999.0,-9999.0,-9999.0,10.400000100000005,362.373949259708,-4.628082954177021,375.47957481111973,-0.08666359053964429,-0.08666308447305018,0.030405622090180273,-0.13865678765682177,158.0
P22_AV0_4_interaction,P22,AV0,4,off_ramp,P22_AV0_4,HV4,60,18959,315983.33,315983.334,4.0,4.0,28.100492,101.16177,158.0,175.215395,-7272.944345,0.005195,-0.137642,0.0,28.100446,0.015073,0.0,7273.387868,18.743066,0.055413,1.0,0.0,0.0,0.0,7260.670822,13.502657,1021.0,3.0,0.0,229.0,-1.000788,35.310404,127.117453,35.308944,-0.321089,-9e-06,0.26835,1.028474,0.000348,-0.036738,0.3815,0.0,0.0,0.0,0.0,0.0,-9999.0,-9999.0,-9999.0,-9999.0,-9999.0,-9999.0,-9999.0,-9999.0,-9999.0,-9999.0,-9999.0,-9999.0,-9999.0,-9999.0,10.416666700000002,362.96231486713936,-4.6204151849682855,375.9479151417235,-0.08617534105736217,-0.08617563947692101,0.028099253737105645,-0.13765063371247122,158.0
P22_AV0_4_interaction,P22,AV0,4,off_ramp,P22_AV0_4,HV4,60,18960,316000.0,316000.0031,4.0,4.0,28.100426,101.161533,158.0,175.683736,-7273.412018,0.010833,-0.135739,0.0,28.100519,0.014727,0.0,7273.855478,18.76923,0.055344,1.0,0.0,0.0,0.0,7261.257929,13.542926,1021.0,3.0,0.0,229.0,-0.992825,35.314726,127.133014,35.313355,-0.311171,-3e-06,0.268328,0.99043,0.000326,-0.032813,0.3815,0.0,0.0,0.0,0.0,0.0,-9999.0,-9999.0,-9999.0,-9999.0,-9999.0,-9999.0,-9999.0,-9999.0,-9999.0,-9999.0,-9999.0,-9999.0,-9999.0,-9999.0,10.4333358,363.5507472558047,-4.612443624273763,376.4162563264026,-0.0857261974641652,-0.0857263819184917,0.025816945520311663,-0.13652716780803809,158.0
P22_AV0_4_interaction,P22,AV0,4,off_ramp,P22_AV0_4,HV4,60,18961,316016.67,316016.6672,4.0,4.0,28.100489,101.161761,158.0,176.152077,-7273.879694,0.011053,-0.137339,0.0,28.100717,0.014389,0.0,7274.323091,18.795356,0.055276,1.0,0.0,0.0,0.0,7261.845088,13.583491,1021.0,3.0,0.0,229.0,-0.984569,35.319028,127.1485,35.317746,-0.300921,4e-06,0.266797,0.963354,0.00043,-0.029045,0.38175,0.0,0.0,0.0,0.0,0.0,-9999.0,-9999.0,-9999.0,-9999.0,-9999.0,-9999.0,-9999.0,-9999.0,-9999.0,-9999.0,-9999.0,-9999.0,-9999.0,-9999.0,10.449999900000053,364.1392478187012,-4.604179365314556,376.88459842006284,-0.0853151612685235,-0.08531506672447314,0.023548362434355763,-0.13563338956992887,158.0
P22_AV0_4_interaction,P22,AV0,4,off_ramp,P22_AV0_4,HV4,60,18962,316033.33,316033.3341,4.0,4.0,28.100609,101.162191,158.0,176.620419,-7274.347373,0.003699,-0.134168,0.0,28.100829,0.014015,0.0,7274.79071,18.821445,0.055208,1.0,0.0,0.0,0.0,7262.432299,13.624344,1021.0,3.0,0.0,229.0,-0.976029,35.323365,127.164113,35.322171,-0.290369,1.2e-05,0.268314,0.925179,0.000525,-0.026376,0.38175,0.0,0.0,0.0,0.0,0.0,-9999.0,-9999.0,-9999.0,-9999.0,-9999.0,-9999.0,-9999.0,-9999.0,-9999.0,-9999.0,-9999.0,-9999.0,-9999.0,-9999.0,10.466666800000006,364.7278161165682,-4.595630396022194,377.3529444730873,-0.0849413987021382,-0.08494149780308743,0.02129615182713085,-0.13481308839961315,158.0
P22_AV0_4_interaction,P22,AV0,4,off_ramp,P22_AV0_4,HV4,60,18963,316050.0,316050.0007,4.0,4.0,28.100808,101.16291,158.0,177.088765,-7274.815058,0.009895,-0.135255,0.0,28.10093,0.013687,0.0,7275.258333,18.847496,0.05514,1.0,0.0,1.0,0.0,7263.019563,13.665473,1021.0,3.0,0.0,229.0,-0.967216,35.327717,127.179782,35.32661,-0.279686,2.1e-05,0.268485,0.887162,0.000617,-0.024021,0.38175,0.0,0.0,0.0,0.0,0.0,-9999.0,-9999.0,-9999.0,-9999.0,-9999.0,-9999.0,-9999.0,-9999.0,-9999.0,-9999.0,-9999.0,-9999.0,-9999.0,-9999.0,10.483333400000003,365.3164524890043,-4.586808753201561,377.82129243358463,-0.0846057984410197,-0.08460519077694889,0.019054570161602058,-0.13426521335008101,158.0
P22_AV0_4_interaction,P22,AV0,4,off_ramp,P22_AV0_4,HV4,60,18964,316066.67,316066.6673,4.0,4.0,28.100859,101.163092,158.0,177.557113,-7275.282746,0.009989,-0.13212,0.0,28.101096,0.013347,0.0,7275.725959,18.873511,0.055073,1.0,0.0,1.0,0.0,7263.606881,13.706868,1021.0,3.0,0.0,229.0,-0.95814,35.33208,127.195487,35.331056,-0.268896,3.2e-05,0.268386,0.849646,0.000624,-0.02198,0.3815,0.0,0.0,0.0,0.0,0.0,-9999.0,-9999.0,-9999.0,-9999.0,-9999.0,-9999.0,-9999.0,-9999.0,-9999.0,-9999.0,-9999.0,-9999.0,-9999.0,-9999.0,10.5,365.9051573854242,-4.577724476674708,378.28964141288037,-0.08430630859468576,-0.08430634800497683,0.01682066261749071,-0.1333133271031131,158.0
P22_AV0_4_interaction,P22,AV0,4,off_ramp,P22_AV0_4,HV4,60,18965,316083.33,316083.334,4.0,4.0,28.101012,101.163643,158.0,178.025462,-7275.750438,0.005859,-0.130113,0.0,28.10126,0.013062,0.0,7276.193591,18.899489,0.055005,1.0,0.0,1.0,0.0,7264.194254,13.748519,1021.0,3.0,0.0,229.0,-0.948813,35.336447,127.211209,35.335505,-0.258042,4.2e-05,0.268096,0.811553,0.000583,-0.019782,0.3815,0.0,0.0,0.0,0.0,0.0,-9999.0,-9999.0,-9999.0,-9999.0,-9999.0,-9999.0,-9999.0,-9999.0,-9999.0,-9999.0,-9999.0,-9999.0,-9999.0,-9999.0,10.516666700000002,366.4939312552429,-4.568387606263699,378.7579943515394,-0.08404409237755826,-0.08404450280571707,0.014610797179608781,-0.13217216149988048,158.0
P22_AV0_4_interaction,P22,AV0,4,off_ramp,P22_AV0_4,HV4,60,18966,316100.0,316100.0001,4.0,4.0,28.101178,101.164243,158.0,178.493814,-7276.218136,0.012092,-0.131239,0.0,28.101395,0.012788,0.0,7276.661226,18.92543,0.054937,1.0,0.0,1.0,0.0,7264.781682,13.790413,1021.0,3.0,0.0,229.0,-0.939244,35.340819,127.226948,35.339955,-0.247122,5.1e-05,0.267916,0.776079,0.000511,-0.018683,0.38175,0.0,0.0,0.0,0.0,0.0,-9999.0,-9999.0,-9999.0,-9999.0,-9999.0,-9999.0,-9999.0,-9999.0,-9999.0,-9999.0,-9999.0,-9999.0,-9999.0,-9999.0,10.533332800000032,367.08277338465945,-4.558811122357135,379.2263482540882,-0.08381898506659889,-0.0838193279049117,0.012414993889252823,-0.13126162471994962,158.0
P22_AV0_4_interaction,P22,AV0,4,off_ramp,P22_AV0_4,HV4,60,18967,316116.67,316116.6669,4.0,4.0,28.101309,101.164711,158.0,178.962169,-7276.685837,0.037479,-0.129324,0.0,28.101709,0.012545,0.0,7277.128867,18.951335,0.054868,1.0,0.0,1.0,0.0,7265.369166,13.832542,1021.0,3.0,0.0,229.0,-0.929446,35.345197,127.242709,35.344408,-0.236185,5.9e-05,0.267787,0.740159,0.00042,-0.017427,0.3815,0.0,0.0,0.0,0.0,0.0,-9999.0,-9999.0,-9999.0,-9999.0,-9999.0,-9999.0,-9999.0,-9999.0,-9999.0,-9999.0,-9999.0,-9999.0,-9999.0,-9999.0,10.549999600000039,367.67168433290493,-4.549003067794249,379.69470617090883,-0.08363015289345883,-0.08363067659028106,0.01023546725646396,-0.13014234352524046,158.0
P22_AV0_4_interaction,P22,AV0,4,off_ramp,P22_AV0_4,HV4,60,18968,316133.33,316133.3335,4.0,4.0,28.101495,101.165383,158.0,179.430527,-7277.153544,0.00416,-0.124823,0.0,28.102189,0.01235,0.0,7277.596516,18.977203,0.054798,1.0,0.0,1.0,0.0,7265.956708,13.874894,1021.0,3.0,0.0,229.0,-0.919427,35.349483,127.258139,35.348765,-0.225266,6.5e-05,0.250869,0.704687,0.000386,-0.016328,0.3815,0.002198,0.0,0.0,0.0,0.0,-9999.0,-9999.0,-9999.0,-9999.0,-9999.0,-9999.0,-9999.0,-9999.0,-9999.0,-9999.0,-9999.0,-9999.0,-9999.0,-9999.0,10.566666200000036,368.26066543806786,-4.538975534287543,380.16307004407537,-0.08347870416490194,-0.08347814454725919,0.008076906844306286,-0.1288807945429833,158.0
P22_AV0_4_interaction,P22,AV0,4,off_ramp,P22_AV0_4,HV4,60,18969,316150.0,316150.0009,4.0,4.0,28.102021,101.167275,158.0,179.898891,-7277.621259,0.006899,-0.125689,0.0,28.102257,0.012233,0.0,7278.064174,19.003037,0.054728,1.0,0.0,1.0,0.0,7266.544305,13.917458,1021.0,3.0,0.0,229.0,-0.909199,35.353628,127.273062,35.352978,-0.214404,7e-05,0.263037,0.669404,0.000212,-0.015229,0.3815,0.0,0.0,0.0,0.0,0.0,-9999.0,-9999.0,-9999.0,-9999.0,-9999.0,-9999.0,-9999.0,-9999.0,-9999.0,-9999.0,-9999.0,-9999.0,-9999.0,-9999.0,10.583333600000012,368.84971310069193,-4.528739340519854,380.6314410368045,-0.0833616983144248,-0.08336144269765816,0.005939355864553075,-0.1273196043901847,158.0
P22_AV0_4_interaction,P22,AV0,4,off_ramp,P22_AV0_4,HV4,60,18970,316166.67,316166.6668,4.0,4.0,28.102224,101.168005,158.0,180.367261,-7278.088982,-0.019496,-0.12607,0.0,28.102251,0.012111,0.0,7278.531834,19.028836,0.054658,1.0,0.0,1.0,0.0,7267.131958,13.960225,1021.0,3.0,0.0,229.0,-0.898773,35.357906,127.288461,35.357319,-0.203648,7.4e-05,0.250272,0.633208,0.00019,-0.013659,0.3815,0.002198,0.0,0.0,0.0,0.0,-9999.0,-9999.0,-9999.0,-9999.0,-9999.0,-9999.0,-9999.0,-9999.0,-9999.0,-9999.0,-9999.0,-9999.0,-9999.0,-9999.0,10.599999500000035,369.438827825097,-4.518303527821664,381.09981210474706,-0.08327974947954075,-0.08328016302922173,0.003832921491977892,-0.12557635450398874,158.0
P22_AV0_4_interaction,P22,AV0,4,off_ramp,P22_AV0_4,HV4,60,18971,316183.33,316183.3342,4.0,4.0,28.102314,101.168332,158.0,180.835633,-7278.556708,0.003773,-0.122575,0.0,28.102005,0.011996,0.0,7278.999494,19.054599,0.054587,1.0,0.0,1.0,0.0,7267.719667,14.003183,1021.0,3.0,0.0,229.0,-0.888157,35.362062,127.303422,35.361535,-0.19301,7.4e-05,0.263018,0.59857,-1e-05,-0.01256,0.38175,0.0,0.0,0.0,0.0,0.0,-9999.0,-9999.0,-9999.0,-9999.0,-9999.0,-9999.0,-9999.0,-9999.0,-9999.0,-9999.0,-9999.0,-9999.0,-9999.0,-9999.0,10.616666900000011,370.0280089523925,-4.507680078090282,381.5681811960117,-0.08323374633625308,-0.08323368190807932,0.00175348401364106,-0.1240613148187496,158.0
P22_AV0_4_interaction,P22,AV0,4,off_ramp,P22_AV0_4,HV4,60,18972,316200.0,316200.0006,4.0,4.0,28.102088,101.167519,158.0,181.304002,-7279.024434,0.010753,-0.120453,0.0,28.102116,0.011942,0.0,7279.467154,19.080328,0.054516,1.0,0.0,1.0,0.0,7268.307435,14.046322,1021.0,3.0,0.0,229.0,-0.877365,35.366755,127.320318,35.366282,-0.182939,7e-05,0.274239,0.543441,-0.000287,-0.010205,0.38175,0.0,0.0,0.0,0.0,0.0,-9999.0,-9999.0,-9999.0,-9999.0,-9999.0,-9999.0,-9999.0,-9999.0,-9999.0,-9999.0,-9999.0,-9999.0,-9999.0,-9999.0,10.633333300000057,370.6172589289742,-4.496879140963046,382.0365484204158,-0.08322169190179816,-0.08322171067334894,-0.0003025149627768897,-0.12291714263642692,158.0
P22_AV0_4_interaction,P22,AV0,4,off_ramp,P22_AV0_4,HV4,60,18973,316216.68,316216.6806,4.0,4.0,28.102036,101.167329,158.0,181.772369,-7279.49216,0.010212,-0.122492,0.0,28.102293,0.011918,0.0,7279.934818,19.106023,0.054445,1.0,0.0,1.0,0.0,7268.895266,14.089627,1021.0,3.0,0.0,229.0,-0.866411,35.371225,127.33641,35.370801,-0.173271,6.2e-05,0.269376,0.50807,-0.000615,-0.008164,0.38175,0.0,0.0,0.0,0.0,0.0,-9999.0,-9999.0,-9999.0,-9999.0,-9999.0,-9999.0,-9999.0,-9999.0,-9999.0,-9999.0,-9999.0,-9999.0,-9999.0,-9999.0,10.65001330000005,371.20658092519454,-4.485915913442373,382.5049177719235,-0.08324380580687239,-0.08324379747013724,-0.0023453480889021883,-0.121767681704353,158.0
P22_AV0_4_interaction,P22,AV0,4,off_ramp,P22_AV0_4,HV4,60,18974,316233.33,316233.3335,4.0,4.0,28.102205,101.167938,158.0,182.240739,-7279.95989,0.009676,-0.119189,0.0,28.10246,0.011891,0.0,7280.402487,19.131684,0.054374,1.0,0.0,1.0,0.0,7269.483161,14.133085,1021.0,3.0,0.0,229.0,-0.855307,35.375658,127.35237,35.375278,-0.163981,5.1e-05,0.267799,0.471404,-0.000741,-0.005181,0.3815,0.0,0.0,0.0,0.0,0.0,-9999.0,-9999.0,-9999.0,-9999.0,-9999.0,-9999.0,-9999.0,-9999.0,-9999.0,-9999.0,-9999.0,-9999.0,-9999.0,-9999.0,10.666666200000035,371.7959752257427,-4.474803430824477,382.9732902490276,-0.08330014295923724,-0.0832998326226059,-0.004361423063837577,-0.11986957320404772,158.0
P22_AV0_4_interaction,P22,AV0,4,off_ramp,P22_AV0_4,HV4,60,18975,316250.0,316250.0003,4.0,4.0,28.102378,101.168559,158.0,182.709111,-7280.427624,0.005581,-0.118116,0.0,28.102619,0.011891,0.0,7280.87016,19.157313,0.054304,1.0,0.0,1.0,0.0,7270.07112,14.176688,1021.0,3.0,0.0,229.0,-0.844063,35.380082,127.368295,35.379742,-0.155035,3.8e-05,0.267346,0.437329,-0.000758,-0.002826,0.3815,0.0,0.0,0.0,0.0,0.0,-9999.0,-9999.0,-9999.0,-9999.0,-9999.0,-9999.0,-9999.0,-9999.0,-9999.0,-9999.0,-9999.0,-9999.0,-9999.0,-9999.0,10.683333000000042,372.3854413913581,-4.463549681040881,383.44166496305087,-0.08338865146826059,-0.08338914649341897,-0.0063393330744214715,-0.11850739041422415,158.0
P22_AV0_4_interaction,P22,AV0,4,off_ramp,P22_AV0_4,HV4,60,18976,316266.69,316266.6926,4.0,4.0,28.10254,101.169143,158.0,183.177486,-7280.895364,0.008801,-0.1171,0.0,28.102717,0.011892,0.0,7281.337838,19.182908,0.054234,1.0,0.0,1.0,0.0,7270.659143,14.220424,1021.0,3.0,0.0,229.0,-0.832688,35.384508,127.384228,35.384205,-0.146456,2.6e-05,0.267245,0.401534,-0.000722,0.000628,0.3815,0.0,0.0,0.0,0.0,0.0,-9999.0,-9999.0,-9999.0,-9999.0,-9999.0,-9999.0,-9999.0,-9999.0,-9999.0,-9999.0,-9999.0,-9999.0,-9999.0,-9999.0,10.700025300000037,372.9749787631491,-4.452166645988856,383.9100428026696,-0.08351138322451754,-0.08351135711455292,-0.008314714465615936,-0.11767009982618279,158.0
P22_AV0_4_interaction,P22,AV0,4,off_ramp,P22_AV0_4,HV4,60,18977,316283.33,316283.3334,4.0,4.0,28.102665,101.169594,158.0,183.645863,-7281.363107,0.002623,-0.115506,0.0,28.102836,0.011876,0.0,7281.805519,19.208471,0.054165,1.0,0.0,1.0,0.0,7271.24723,14.264285,1021.0,3.0,0.0,229.0,-0.821193,35.388933,127.400159,35.388663,-0.138206,1.4e-05,0.266933,0.36828,-0.000661,0.003454,0.3815,0.0,0.0,0.0,0.0,0.0,-9999.0,-9999.0,-9999.0,-9999.0,-9999.0,-9999.0,-9999.0,-9999.0,-9999.0,-9999.0,-9999.0,-9999.0,-9999.0,-9999.0,10.716666100000031,373.56458690185343,-4.440662313599829,384.3784218807156,-0.08366623142972499,-0.08366619954624474,-0.01026171126222053,-0.1157139360467864,158.0
P22_AV0_4_interaction,P22,AV0,4,off_ramp,P22_AV0_4,HV4,60,18978,316300.0,316300.0003,4.0,4.0,28.10279,101.170044,158.0,184.114243,-7281.830854,0.009829,-0.114561,0.0,28.102874,0.01188,0.0,7282.273204,19.234002,0.054096,1.0,0.0,1.0,0.0,7271.835383,14.30826,1021.0,3.0,0.0,229.0,-0.809587,35.393358,127.41609,35.393118,-0.130295,4e-06,0.266782,0.333617,-0.00059,0.007222,0.3815,0.0,0.0,0.0,0.0,0.0,-9999.0,-9999.0,-9999.0,-9999.0,-9999.0,-9999.0,-9999.0,-9999.0,-9999.0,-9999.0,-9999.0,-9999.0,-9999.0,-9999.0,10.733333000000043,374.15426720046906,-4.429047777094952,384.8468031956826,-0.08385325099168728,-0.08385320109492013,-0.012168812275275442,-0.11385487478017764,158.0
P22_AV0_4_interaction,P22,AV0,4,off_ramp,P22_AV0_4,HV4,60,18979,316316.67,316316.6667,4.0,4.0,28.102858,101.170289,158.0,184.582623,-7282.298604,0.010605,-0.112254,0.0,28.103058,0.011886,0.0,7282.740891,19.259502,0.054029,1.0,0.0,1.0,0.0,7272.423602,14.35234,1021.0,3.0,0.0,229.0,-0.79788,35.397784,127.432023,35.397572,-0.122638,-5e-06,0.266639,0.304481,-0.000519,0.009106,0.38175,0.0,0.0,0.0,0.0,0.0,-9999.0,-9999.0,-9999.0,-9999.0,-9999.0,-9999.0,-9999.0,-9999.0,-9999.0,-9999.0,-9999.0,-9999.0,-9999.0,-9999.0,10.74999940000003,374.74401916482765,-4.417332022897192,385.3151848054937,-0.08407133360350139,-0.08407182526759792,-0.014056870529306043,-0.11222517732952914,158.0
P22_AV0_4_interaction,P22,AV0,4,off_ramp,P22_AV0_4,HV4,60,18980,316333.33,316333.3336,4.0,4.0,28.102956,101.170641,158.0,185.051005,-7282.766357,0.001917,-0.111505,0.0,28.103229,0.011878,0.0,7283.208583,19.28497,0.053963,1.0,0.0,1.0,0.0,7273.011888,14.396518,1021.0,3.0,0.0,229.0,-0.786079,35.402211,127.447961,35.402024,-0.115257,-1.3e-05,0.266616,0.273769,-0.00045,0.011932,0.38175,0.0,0.0,0.0,0.0,0.0,-9999.0,-9999.0,-9999.0,-9999.0,-9999.0,-9999.0,-9999.0,-9999.0,-9999.0,-9999.0,-9999.0,-9999.0,-9999.0,-9999.0,10.766666300000042,375.3338434090662,-4.405522095354254,385.78356965071475,-0.08432164247963563,-0.08432176391655904,-0.015909646718607284,-0.11020281418020034,158.0
P22_AV0_4_interaction,P22,AV0,4,off_ramp,P22_AV0_4,HV4,60,18981,316350.0,316350.0001,4.0,4.0,28.103146,101.171327,158.0,185.51939,-7283.234115,-0.001725,-0.107956,0.0,28.103207,0.011876,0.0,7283.676279,19.310408,0.053898,1.0,0.0,1.0,0.0,7273.60024,14.440783,1021.0,3.0,0.0,229.0,-0.774195,35.406643,127.463915,35.406478,-0.108146,-1.9e-05,0.266776,0.243455,-0.000379,0.014915,0.3815,0.0,0.0,0.0,0.0,0.0,-9999.0,-9999.0,-9999.0,-9999.0,-9999.0,-9999.0,-9999.0,-9999.0,-9999.0,-9999.0,-9999.0,-9999.0,-9999.0,-9999.0,10.783332800000032,375.92373833070843,-4.393628922964206,386.25195684267214,-0.08460212572966118,-0.08460214715470651,-0.017730305785252032,-0.10832745687974071,158.0
P22_AV0_4_interaction,P22,AV0,4,off_ramp,P22_AV0_4,HV4,60,18982,316366.67,316366.6677,4.0,4.0,28.103244,101.17168,158.0,185.987777,-7283.701877,0.016611,-0.105814,0.0,28.10327,0.011853,0.0,7284.143976,19.335816,0.053835,1.0,0.0,1.0,0.0,7274.188661,14.485128,1021.0,3.0,0.0,229.0,-0.762234,35.411079,127.479886,35.410935,-0.101271,-2.5e-05,0.266894,0.21505,-0.000306,0.017427,0.3815,0.0,0.0,0.0,0.0,0.0,-9999.0,-9999.0,-9999.0,-9999.0,-9999.0,-9999.0,-9999.0,-9999.0,-9999.0,-9999.0,-9999.0,-9999.0,-9999.0,-9999.0,10.80000040000002,376.5137065408756,-4.381659659890227,386.7203433858896,-0.08491261863038636,-0.08491278969841586,-0.019520642989918624,-0.10568360306577651,158.0
P22_AV0_4_interaction,P22,AV0,4,off_ramp,P22_AV0_4,HV4,60,18983,316383.33,316383.3341,4.0,4.0,28.103193,101.171494,158.0,186.456164,-7284.16964,0.007842,-0.105451,0.0,28.103494,0.011815,0.0,7284.611677,19.361195,0.053773,1.0,0.0,0.0,0.0,7274.777151,14.529545,1021.0,3.0,0.0,229.0,-0.750205,35.415518,127.495865,35.415392,-0.094588,-2.9e-05,0.266807,0.190026,-0.000235,0.01884,0.3815,0.0,0.0,0.0,0.0,0.0,-9999.0,-9999.0,-9999.0,-9999.0,-9999.0,-9999.0,-9999.0,-9999.0,-9999.0,-9999.0,-9999.0,-9999.0,-9999.0,-9999.0,10.816666800000005,377.10374760030544,-4.369622294063747,387.18873233074925,-0.08525228741346945,-0.08525284614868647,-0.02125316716316794,-0.10297625659494325,158.0
P22_AV0_4_interaction,P22,AV0,4,off_ramp,P22_AV0_4,HV4,60,18984,316400.01,316400.0118,4.0,4.0,28.103408,101.17227,158.0,186.924553,-7284.637406,0.012825,-0.099637,0.0,28.103669,0.01175,0.0,7285.079383,19.386545,0.053714,1.0,0.0,0.0,0.0,7275.36571,14.574027,1021.0,3.0,0.0,229.0,-0.738116,35.419855,127.511478,35.419745,-0.088083,-3.2e-05,0.249462,0.166768,-0.000106,0.019782,0.3815,0.002198,0.0,0.0,0.0,0.0,-9999.0,-9999.0,-9999.0,-9999.0,-9999.0,-9999.0,-9999.0,-9999.0,-9999.0,-9999.0,-9999.0,-9999.0,-9999.0,-9999.0,10.833344500000006,377.693861124644,-4.357523814924808,387.6571246757437,-0.08562118698666128,-0.08562147663378245,-0.02295427150299112,-0.10038510612688611,158.0
P22_AV0_4_interaction,P22,AV0,4,off_ramp,P22_AV0_4,HV4,60,18985,316416.67,316416.6667,4.0,4.0,28.103559,101.172813,158.0,187.392945,-7285.105178,-0.004346,-0.09538,0.0,28.103797,0.011716,0.0,7285.547093,19.411868,0.053656,1.0,0.0,0.0,0.0,7275.954337,14.618566,1021.0,3.0,0.0,229.0,-0.725974,35.424044,127.526557,35.423949,-0.081768,-3.4e-05,0.261915,0.14409,-0.000118,0.020724,0.3815,0.0,0.0,0.0,0.0,0.0,-9999.0,-9999.0,-9999.0,-9999.0,-9999.0,-9999.0,-9999.0,-9999.0,-9999.0,-9999.0,-9999.0,-9999.0,-9999.0,-9999.0,10.84999940000003,378.28404567613893,-4.345372155497223,388.1255195321958,-0.08601726545934395,-0.08601793291650853,-0.02459933728293695,-0.09630921083235255,158.0
